datetime,elapsed_s,pressure_hpa,Elevation_m
2026/04/02@12:30:02,28172,968.6571,400.0
2026/04/02@12:30:03,28173,968.6203,403.83870967741933
2026/04/02@12:30:04,28174,968.6116,407.6774193548387
2026/04/02@12:30:05,28175,968.63132,411.51612903225805
2026/04/02@12:30:06,28176,968.65736,415.35483870967744
2026/04/02@12:30:07,28177,968.6203,419.19354838709677
2026/04/02@12:30:08,28178,968.65608,423.0322580645161
2026/04/02@12:30:10,28179,968.65608,430.7096774193548
2026/04/02@12:30:11,28181,968.6412,434.5483870967742
2026/04/02@12:30:12,28182,968.651,438.38709677419354
2026/04/02@12:30:13,28183,968.5966,442.2258064516129
2026/04/02@12:30:14,28184,968.6412,446.06451612903226
2026/04/02@12:30:15,28185,968.62,449.9032258064516
2026/04/02@12:30:16,28186,968.5954,453.741935483871
2026/04/02@12:30:17,28187,968.6719,457.5806451612903
2026/04/02@12:30:18,28188,968.622464,461.4193548387097
2026/04/02@12:30:19,28189,968.648464,465.258064516129
2026/04/02@12:30:20,28190,968.64344,469.0967741935484
2026/04/02@12:30:21,28191,968.6238,472.93548387096774
2026/04/02@12:30:22,28192,968.6632,476.7741935483871
2026/04/02@12:30:24,28194,968.6238,484.4516129032258
2026/04/02@12:30:25,28195,968.6511,488.2903225806452
2026/04/02@12:30:26,28196,968.6447,492.1290322580645
2026/04/02@12:30:27,28197,968.6633,495.9677419354839
2026/04/02@12:30:28,28198,968.6584,499.80645161290323
2026/04/02@12:30:29,28199,968.60652,503.64516129032256
2026/04/02@12:30:30,28200,968.61632,507.48387096774195
2026/04/02@12:30:31,28201,968.63732,511.3225806451613
2026/04/02@12:30:32,28202,968.6571,515.1612903225806
2026/04/02@12:30:33,28203,968.63368,519.0
2026/04/02@12:30:34,28204,968.625,522.6666666666666
2026/04/02@12:30:35,28205,968.61632,526.3333333333334
2026/04/02@12:30:37,28207,968.6731,533.6666666666666
2026/04/02@12:30:38,28208,968.64708,537.3333333333334
2026/04/02@12:30:39,28209,968.641,541.0
2026/04/02@12:30:40,28210,968.60264,544.6666666666666
2026/04/02@12:30:41,28211,968.6361,548.3333333333334
2026/04/02@12:30:42,28212,968.62856,552.0
2026/04/02@12:30:43,28213,968.6423,555.6666666666666
2026/04/02@12:30:44,28214,968.631136,559.3333333333334
2026/04/02@12:30:45,28215,968.65096,563.0
2026/04/02@12:30:46,28216,968.61632,566.6666666666666
2026/04/02@12:30:47,28217,968.652064,570.3333333333334
2026/04/02@12:30:48,28218,968.61748,574.0
2026/04/02@12:30:50,28220,968.6336,581.3333333333334
2026/04/02@12:30:51,28221,968.64592,585.0
2026/04/02@12:30:52,28222,968.62,588.6666666666666
2026/04/02@12:30:53,28223,968.6336,592.3333333333334
2026/04/02@12:30:54,28224,968.62856,596.0
2026/04/02@12:30:55,28225,968.65464,599.6666666666666
2026/04/02@12:30:56,28226,968.6287,603.3333333333334
2026/04/02@12:30:57,28227,968.6286,607.0
2026/04/02@12:30:58,28228,968.62136,610.6666666666666
2026/04/02@12:30:59,28229,968.5965,614.3333333333334
2026/04/02@12:31:00,28230,968.6236,618.0
2026/04/02@12:31:01,28231,968.67304,621.6666666666666
2026/04/02@12:31:03,28233,968.66184,629.0
2026/04/02@12:31:04,28234,968.6447,633.1935483870968
2026/04/02@12:31:05,28235,968.6372,637.3870967741935
2026/04/02@12:31:06,28236,968.6088,641.5806451612904
2026/04/02@12:31:07,28237,968.65576,645.7741935483871
2026/04/02@12:31:08,28238,968.6211,649.9677419354839
2026/04/02@12:31:09,28239,968.6322,654.1612903225806
2026/04/02@12:31:10,28240,968.63984,658.3548387096774
2026/04/02@12:31:11,28241,968.6594,662.5483870967741
2026/04/02@12:31:12,28242,968.6286,666.741935483871
2026/04/02@12:31:13,28243,968.651,670.9354838709678
2026/04/02@12:31:14,28244,968.62728,675.1290322580645
2026/04/02@12:31:16,28246,968.650736,683.516129032258
2026/04/02@12:31:17,28247,968.62976,687.7096774193549
2026/04/02@12:31:18,28248,968.6693,691.9032258064516
2026/04/02@12:31:19,28249,968.6311,696.0967741935484
2026/04/02@12:31:20,28250,968.6421,700.2903225806451
2026/04/02@12:31:21,28251,968.613664,704.483870967742
2026/04/02@12:31:22,28252,968.6286,708.6774193548387
2026/04/02@12:31:23,28253,968.642,712.8709677419355
2026/04/02@12:31:24,28254,968.6188,717.0645161290322
2026/04/02@12:31:25,28255,968.650736,721.258064516129
2026/04/02@12:31:26,28256,968.64952,725.4516129032259
2026/04/02@12:31:27,28257,968.615,729.6451612903226
2026/04/02@12:31:29,28259,968.6471,738.0322580645161
2026/04/02@12:31:30,28260,968.6359,742.2258064516129
2026/04/02@12:31:31,28261,968.6334,746.4193548387096
2026/04/02@12:31:32,28262,968.6211,750.6129032258065
2026/04/02@12:31:33,28263,968.6507,754.8064516129032
2026/04/02@12:31:34,28264,968.6669,759.0
2026/04/02@12:31:35,28265,968.6669,763.0333333333333
2026/04/02@12:31:36,28266,968.65592,767.0666666666667
2026/04/02@12:31:37,28267,968.6336,771.1
2026/04/02@12:31:38,28268,968.612336,775.1333333333333
2026/04/02@12:31:39,28269,968.67668,779.1666666666666
2026/04/02@12:31:40,28270,968.6557,783.2
2026/04/02@12:31:42,28272,968.6422,791.2666666666667
2026/04/02@12:31:43,28273,968.6607,795.3
2026/04/02@12:31:44,28274,968.636,799.3333333333334
2026/04/02@12:31:45,28275,968.6298,803.3666666666667
2026/04/02@12:31:46,28276,968.62868,807.4
2026/04/02@12:31:47,28277,968.6496,811.4333333333333
2026/04/02@12:31:48,28278,968.678032,815.4666666666667
2026/04/02@12:31:49,28279,968.6447,819.5
2026/04/02@12:31:50,28280,968.6459,823.5333333333333
2026/04/02@12:31:51,28281,968.64576,827.5666666666666
2026/04/02@12:31:52,28282,968.63837,831.6
2026/04/02@12:31:53,28283,968.65452,835.6333333333333
2026/04/02@12:31:55,28285,968.6063,843.7
2026/04/02@12:31:56,28286,968.6744,847.7333333333333
2026/04/02@12:31:57,28287,968.64088,851.7666666666667
2026/04/02@12:31:58,28288,968.665664,855.8
2026/04/02@12:31:59,28289,968.657,859.8333333333334
2026/04/02@12:32:00,28290,968.6238,863.8666666666667
2026/04/02@12:32:01,28291,968.64708,867.9
2026/04/02@12:32:02,28292,968.61616,871.9333333333334
2026/04/02@12:32:03,28293,968.655632,875.9666666666667
2026/04/02@12:32:04,28294,968.65316,880.0
2026/04/02@12:32:05,28295,968.6459,884.0
2026/04/02@12:32:06,28296,968.63108,888.0
2026/04/02@12:32:08,28298,968.65348,896.0
2026/04/02@12:32:09,28299,968.636,900.0
2026/04/02@12:32:10,28300,968.6471,904.0
2026/04/02@12:32:11,28301,968.6298,908.0
2026/04/02@12:32:12,28302,968.65952,912.0
2026/04/02@12:32:13,28303,968.65348,916.0
2026/04/02@12:32:14,28304,968.657,920.0
2026/04/02@12:32:15,28305,968.6238,924.0
2026/04/02@12:32:16,28306,968.6471,928.0
2026/04/02@12:32:17,28307,968.6534,932.0
2026/04/02@12:32:18,28308,968.6704,936.0
2026/04/02@12:32:19,28309,968.66184,940.0
2026/04/02@12:32:21,28311,968.6793,948.0
2026/04/02@12:32:22,28312,968.657,952.0
2026/04/02@12:32:23,28313,968.63084,956.0
2026/04/02@12:32:24,28314,968.6433,960.0
2026/04/02@12:32:25,28315,968.6532,964.0
2026/04/02@12:32:26,28316,968.663,968.0
2026/04/02@12:32:27,28317,968.6496,972.0
2026/04/02@12:32:28,28318,968.63084,976.0
2026/04/02@12:32:29,28319,968.6781,980.0
2026/04/02@12:32:30,28320,968.6717,984.0
2026/04/02@12:32:31,28321,968.6496,988.0
2026/04/02@12:32:32,28322,968.6496,992.0
2026/04/02@12:32:34,28324,968.6336,1000.0
2026/04/02@12:32:35,28325,968.6704,1004.0
2026/04/02@12:32:36,28326,968.6753,1007.6451612903226
2026/04/02@12:32:37,28327,968.6766,1011.2903225806451
2026/04/02@12:32:38,28328,968.6779,1014.9354838709677
2026/04/02@12:32:39,28329,968.6605,1018.5806451612904
2026/04/02@12:32:40,28330,968.637,1022.2258064516129
2026/04/02@12:32:41,28331,968.657,1025.8709677419354
2026/04/02@12:32:42,28332,968.6496,1029.516129032258
2026/04/02@12:32:43,28333,968.6753,1033.1612903225807
2026/04/02@12:32:44,28334,968.6655,1036.8064516129032
2026/04/02@12:32:45,28335,968.6507,1040.4516129032259
2026/04/02@12:32:46,28336,968.647,1044.0967741935483
2026/04/02@12:32:48,28338,968.6605,1051.3870967741937
2026/04/02@12:32:49,28339,968.6433,1055.032258064516
2026/04/02@12:32:50,28340,968.6717,1058.6774193548388
2026/04/02@12:32:51,28341,968.664368,1062.3225806451612
2026/04/02@12:32:52,28342,968.6753,1065.967741935484
2026/04/02@12:32:53,28343,968.68916,1069.6129032258063
2026/04/02@12:32:54,28344,968.652,1073.258064516129
2026/04/02@12:32:55,28345,968.6778,1076.9032258064517
2026/04/02@12:32:56,28346,968.6407,1080.5483870967741
2026/04/02@12:32:57,28347,968.6717,1084.1935483870968
2026/04/02@12:32:58,28348,968.6568,1087.8387096774193
2026/04/02@12:32:59,28349,968.67416,1091.483870967742
2026/04/02@12:33:01,28351,968.6643,1098.774193548387
2026/04/02@12:33:02,28352,968.6779,1102.4193548387098
2026/04/02@12:33:03,28353,968.673,1106.0645161290322
2026/04/02@12:33:04,28354,968.6395,1109.7096774193549
2026/04/02@12:33:05,28355,968.667968,1113.3548387096773
2026/04/02@12:33:06,28356,968.6891,1117.0
2026/04/02@12:33:07,28357,968.6653,1120.3666666666666
2026/04/02@12:33:08,28358,968.6396,1123.7333333333333
2026/04/02@12:33:09,28359,968.663,1127.1
2026/04/02@12:33:10,28360,968.69272,1130.4666666666667
2026/04/02@12:33:11,28361,968.6753,1133.8333333333333
2026/04/02@12:33:12,28362,968.68268,1137.2
2026/04/02@12:33:14,28364,968.7125,1143.9333333333334
2026/04/02@12:33:15,28365,968.6653,1147.3
2026/04/02@12:33:16,28366,968.6532,1150.6666666666667
2026/04/02@12:33:17,28367,968.6765,1154.0333333333333
2026/04/02@12:33:18,28368,968.6652,1157.4
2026/04/02@12:33:19,28369,968.69,1160.7666666666667
2026/04/02@12:33:20,28370,968.6616,1164.1333333333334
2026/04/02@12:33:21,28371,968.64824,1167.5
2026/04/02@12:33:22,28372,968.6529,1170.8666666666666
2026/04/02@12:33:23,28373,968.69132,1174.2333333333333
2026/04/02@12:33:24,28374,968.683968,1177.6
2026/04/02@12:33:25,28375,968.66296,1180.9666666666667
2026/04/02@12:33:27,28377,968.7112,1187.7
2026/04/02@12:33:28,28378,968.6545,1191.0666666666666
2026/04/02@12:33:29,28379,968.677568,1194.4333333333334
2026/04/02@12:33:30,28380,968.6568,1197.8
2026/04/02@12:33:31,28381,968.67016,1201.1666666666667
2026/04/02@12:33:32,28382,968.669,1204.5333333333333
2026/04/02@12:33:33,28383,968.6926,1207.9
2026/04/02@12:33:34,28384,968.67268,1211.2666666666667
2026/04/02@12:33:35,28385,968.64184,1214.6333333333334
2026/04/02@12:33:36,28386,968.66768,1218.0
2026/04/02@12:33:37,28387,968.692432,1222.0
2026/04/02@12:33:39,28389,968.69496,1230.0
2026/04/02@12:33:40,28390,968.69632,1234.0
2026/04/02@12:33:41,28391,968.6962,1238.0
2026/04/02@12:33:42,28392,968.677568,1242.0
2026/04/02@12:33:43,28393,968.69496,1246.0
2026/04/02@12:33:44,28394,968.6752,1250.0
2026/04/02@12:33:45,28395,968.6816,1254.0
2026/04/02@12:33:46,28396,968.67268,1258.0
2026/04/02@12:33:47,28397,968.68992,1262.0
2026/04/02@12:33:48,28398,968.68252,1266.0
2026/04/02@12:33:49,28399,968.65784,1270.0
2026/04/02@12:33:50,28400,968.69132,1274.0
2026/04/02@12:33:52,28402,968.7049,1282.0
2026/04/02@12:33:53,28403,968.6802,1286.0
2026/04/02@12:33:54,28404,968.68744,1290.0
2026/04/02@12:33:55,28405,968.6989,1294.0
2026/04/02@12:33:56,28406,968.65316,1298.0
2026/04/02@12:33:57,28407,968.675,1302.0
2026/04/02@12:33:58,28408,968.6788,1306.0
2026/04/02@12:33:59,28409,968.6739,1310.0
2026/04/02@12:34:00,28410,968.68136,1314.0
2026/04/02@12:34:01,28411,968.6293,1318.0
2026/04/02@12:34:02,28412,968.7134,1322.0
2026/04/02@12:34:03,28413,968.6898,1326.0
2026/04/02@12:34:04,28414,968.6715,1330.0
2026/04/02@12:34:06,28416,968.6516,1338.0
2026/04/02@12:34:07,28417,968.6765,1342.0
2026/04/02@12:34:08,28418,968.6689,1345.9
2026/04/02@12:34:09,28419,968.6788,1349.8
2026/04/02@12:34:10,28420,968.6565,1353.7
2026/04/02@12:34:11,28421,968.6864,1357.6
2026/04/02@12:34:12,28422,968.6765,1361.5
2026/04/02@12:34:13,28423,968.6976,1365.4
2026/04/02@12:34:14,28424,968.6541,1369.3
2026/04/02@12:34:15,28425,968.6677,1373.2
2026/04/02@12:34:16,28426,968.6689,1377.1
2026/04/02@12:34:17,28427,968.66032,1381.0
2026/04/02@12:34:19,28429,968.6778,1388.8
2026/04/02@12:34:20,28430,968.665136,1392.7
2026/04/02@12:34:21,28431,968.6973,1396.6
2026/04/02@12:34:22,28432,968.682432,1400.5
2026/04/02@12:34:23,28433,968.6788,1404.4
2026/04/02@12:34:24,28434,968.7023,1408.3
2026/04/02@12:34:25,28435,968.6638,1412.2
2026/04/02@12:34:26,28436,968.6825,1416.1
2026/04/02@12:34:27,28437,968.7047,1420.0
2026/04/02@12:34:28,28438,968.665136,1423.9
2026/04/02@12:34:29,28439,968.65408,1427.8
2026/04/02@12:34:30,28440,968.67,1431.7
2026/04/02@12:34:32,28442,968.6615,1439.5
2026/04/02@12:34:33,28443,968.6368,1443.4
2026/04/02@12:34:34,28444,968.67016,1447.3
2026/04/02@12:34:35,28445,968.71952,1451.2
2026/04/02@12:34:36,28446,968.682432,1455.1
2026/04/02@12:34:37,28447,968.67,1459.0
2026/04/02@12:34:38,28448,968.6813,1462.8709677419354
2026/04/02@12:34:39,28449,968.6503,1466.741935483871
2026/04/02@12:34:40,28450,968.6651,1470.6129032258063
2026/04/02@12:34:41,28451,968.69732,1474.483870967742
2026/04/02@12:34:42,28452,968.71592,1478.3548387096773
2026/04/02@12:34:43,28453,968.65532,1482.225806451613
2026/04/02@12:34:45,28455,968.6813,1489.967741935484
2026/04/02@12:34:46,28456,968.6664,1493.8387096774193
2026/04/02@12:34:47,28457,968.7048,1497.7096774193549
2026/04/02@12:34:48,28458,968.675,1501.5806451612902
2026/04/02@12:34:49,28459,968.65672,1505.4516129032259
2026/04/02@12:34:50,28460,968.6665,1509.3225806451612
2026/04/02@12:34:51,28461,968.7023,1513.1935483870968
2026/04/02@12:34:52,28462,968.65152,1517.0645161290322
2026/04/02@12:34:53,28463,968.65152,1520.9354838709678
2026/04/02@12:34:54,28464,968.6848,1524.8064516129032
2026/04/02@12:34:55,28465,968.7294,1528.6774193548388
2026/04/02@12:34:56,28466,968.6629,1532.5483870967741
2026/04/02@12:34:58,28468,968.69748,1540.2903225806451
2026/04/02@12:34:59,28469,968.673664,1544.1612903225807
2026/04/02@12:35:00,28470,968.68492,1548.032258064516
2026/04/02@12:35:01,28471,968.68332,1551.9032258064517
2026/04/02@12:35:02,28472,968.67632,1555.774193548387
2026/04/02@12:35:03,28473,968.6848,1559.6451612903227
2026/04/02@12:35:04,28474,968.669,1563.516129032258
2026/04/02@12:35:05,28475,968.6306,1567.3870967741937
2026/04/02@12:35:06,28476,968.67776,1571.258064516129
2026/04/02@12:35:07,28477,968.691136,1575.1290322580644
2026/04/02@12:35:08,28478,968.685,1579.0
2026/04/02@12:35:09,28479,968.6551,1583.0333333333333
2026/04/02@12:35:11,28481,968.675,1591.1
2026/04/02@12:35:12,28482,968.68136,1595.1333333333334
2026/04/02@12:35:13,28483,968.6886,1599.1666666666667
2026/04/02@12:35:14,28484,968.69368,1603.2
2026/04/02@12:35:15,28485,968.67508,1607.2333333333333
2026/04/02@12:35:16,28486,968.6861,1611.2666666666667
2026/04/02@12:35:17,28487,968.6652,1615.3
2026/04/02@12:35:18,28488,968.69352,1619.3333333333333
2026/04/02@12:35:19,28489,968.6786,1623.3666666666666
2026/04/02@12:35:20,28490,968.6875,1627.4
2026/04/02@12:35:21,28491,968.69256,1631.4333333333334
2026/04/02@12:35:22,28492,968.70232,1635.4666666666667
2026/04/02@12:35:24,28494,968.6602,1643.5333333333333
2026/04/02@12:35:25,28495,968.656464,1647.5666666666666
2026/04/02@12:35:26,28496,968.685,1651.6
2026/04/02@12:35:27,28497,968.6824,1655.6333333333332
2026/04/02@12:35:28,28498,968.68,1659.6666666666667
2026/04/02@12:35:29,28499,968.6925,1663.7
2026/04/02@12:35:30,28500,968.6614,1667.7333333333333
2026/04/02@12:35:31,28501,968.65896,1671.7666666666667
2026/04/02@12:35:32,28502,968.6813,1675.8
2026/04/02@12:35:33,28503,968.6813,1679.8333333333333
2026/04/02@12:35:34,28504,968.656464,1683.8666666666666
2026/04/02@12:35:35,28505,968.6984,1687.9
2026/04/02@12:35:37,28507,968.677568,1695.9666666666667
2026/04/02@12:35:38,28508,968.675,1700.0
2026/04/02@12:35:39,28509,968.6689,1704.7096774193549
2026/04/02@12:35:40,28510,968.665,1709.4193548387098
2026/04/02@12:35:41,28511,968.67736,1714.1290322580646
2026/04/02@12:35:42,28512,968.659,1718.8387096774193
2026/04/02@12:35:43,28513,968.6626,1723.5483870967741
2026/04/02@12:35:44,28514,968.6984,1728.258064516129
2026/04/02@12:35:45,28515,968.6727,1732.967741935484
2026/04/02@12:35:46,28516,968.677568,1737.6774193548388
2026/04/02@12:35:47,28517,968.655168,1742.3870967741937
2026/04/02@12:35:48,28518,968.6563,1747.0967741935483
2026/04/02@12:35:50,28520,968.68616,1756.516129032258
2026/04/02@12:35:51,28521,968.69224,1761.225806451613
2026/04/02@12:35:52,28522,968.6664,1765.9354838709678
2026/04/02@12:35:53,28523,968.6763,1770.6451612903227
2026/04/02@12:35:54,28524,968.67616,1775.3548387096773
2026/04/02@12:35:55,28525,968.6971,1780.0645161290322
2026/04/02@12:35:56,28526,968.6514,1784.774193548387
2026/04/02@12:35:57,28527,968.6861,1789.483870967742
2026/04/02@12:35:58,28528,968.67864,1794.1935483870968
2026/04/02@12:35:59,28529,968.6911,1798.9032258064517
2026/04/02@12:36:00,28530,968.6736,1803.6129032258063
2026/04/02@12:36:01,28531,968.71932,1808.3225806451612
2026/04/02@12:36:03,28533,968.6727,1817.741935483871
2026/04/02@12:36:04,28534,968.67976,1822.4516129032259
2026/04/02@12:36:05,28535,968.6464,1827.1612903225807
2026/04/02@12:36:06,28536,968.6897,1831.8709677419356
2026/04/02@12:36:07,28537,968.67112,1836.5806451612902
2026/04/02@12:36:08,28538,968.6476,1841.2903225806451
2026/04/02@12:36:09,28539,968.681136,1846.0
2026/04/02@12:36:10,28540,968.69216,1850.5806451612902
2026/04/02@12:36:11,28541,968.68976,1855.1612903225807
2026/04/02@12:36:12,28542,968.6822,1859.741935483871
2026/04/02@12:36:13,28543,968.6799,1864.3225806451612
2026/04/02@12:36:14,28544,968.6848,1868.9032258064517
2026/04/02@12:36:16,28546,968.69224,1878.0645161290322
2026/04/02@12:36:17,28547,968.6834,1882.6451612903227
2026/04/02@12:36:18,28548,968.6897,1887.225806451613
2026/04/02@12:36:19,28549,968.6699,1891.8064516129032
2026/04/02@12:36:20,28550,968.6996,1896.3870967741937
2026/04/02@12:36:21,28551,968.68712,1900.967741935484
2026/04/02@12:36:22,28552,968.71688,1905.5483870967741
2026/04/02@12:36:23,28553,968.6909,1910.1290322580646
2026/04/02@12:36:24,28554,968.6414,1914.7096774193549
2026/04/02@12:36:25,28555,968.7008,1919.2903225806451
2026/04/02@12:36:26,28556,968.68368,1923.8709677419356
2026/04/02@12:36:27,28557,968.677264,1928.4516129032259
2026/04/02@12:36:29,28559,968.698336,1937.6129032258063
2026/04/02@12:36:30,28560,968.6489,1942.1935483870968
2026/04/02@12:36:31,28561,968.658736,1946.774193548387
2026/04/02@12:36:32,28562,968.6761,1951.3548387096773
2026/04/02@12:36:33,28563,968.6662,1955.9354838709678
2026/04/02@12:36:34,28564,968.6636,1960.516129032258
2026/04/02@12:36:35,28565,968.63776,1965.0967741935483
2026/04/02@12:36:36,28566,968.71292,1969.6774193548388
2026/04/02@12:36:37,28567,968.676,1974.258064516129
2026/04/02@12:36:38,28568,968.692,1978.8387096774193
2026/04/02@12:36:39,28569,968.676,1983.4193548387098
2026/04/02@12:36:40,28570,968.6651,1988.0
2026/04/02@12:36:42,28572,968.647632,1995.8666666666666
2026/04/02@12:36:43,28573,968.6895,1999.8
2026/04/02@12:36:44,28574,968.69216,2003.7333333333333
2026/04/02@12:36:45,28575,968.66732,2007.6666666666667
2026/04/02@12:36:46,28576,968.6883,2011.6
2026/04/02@12:36:47,28577,968.6526,2015.5333333333333
2026/04/02@12:36:48,28578,968.6785,2019.4666666666667
2026/04/02@12:36:49,28579,968.70936,2023.4
2026/04/02@12:36:50,28580,968.7032,2027.3333333333333
2026/04/02@12:36:51,28581,968.64024,2031.2666666666667
2026/04/02@12:36:52,28582,968.705536,2035.2
2026/04/02@12:36:53,28583,968.655,2039.1333333333334
2026/04/02@12:36:55,28584,968.6575,2047.0
2026/04/02@12:36:56,28586,968.67468,2050.9333333333334
2026/04/02@12:36:57,28587,968.6488,2054.866666666667
2026/04/02@12:36:58,28588,968.6587,2058.8
2026/04/02@12:36:59,28589,968.6485,2062.733333333333
2026/04/02@12:37:00,28590,968.662336,2066.6666666666665
2026/04/02@12:37:01,28591,968.6463,2070.6
2026/04/02@12:37:02,28592,968.67348,2074.5333333333333
2026/04/02@12:37:03,28593,968.7143,2078.4666666666667
2026/04/02@12:37:04,28594,968.675936,2082.4
2026/04/02@12:37:05,28595,968.66984,2086.3333333333335
2026/04/02@12:37:06,28596,968.6599,2090.266666666667
2026/04/02@12:37:08,28597,968.68468,2098.133333333333
2026/04/02@12:37:09,28599,968.647632,2102.0666666666666
2026/04/02@12:37:10,28600,968.6648,2106.0
2026/04/02@12:37:11,28601,968.66,2110.064516129032
2026/04/02@12:37:12,28602,968.6932,2114.1290322580644
2026/04/02@12:37:13,28603,968.639,2118.1935483870966
2026/04/02@12:37:14,28604,968.66976,2122.2580645161293
2026/04/02@12:37:15,28605,968.6732,2126.3225806451615
2026/04/02@12:37:16,28606,968.6424,2130.3870967741937
2026/04/02@12:37:17,28607,968.6623,2134.451612903226
2026/04/02@12:37:18,28608,968.6933,2138.516129032258
2026/04/02@12:37:19,28609,968.6721,2142.5806451612902
2026/04/02@12:37:20,28610,968.6747,2146.6451612903224
2026/04/02@12:37:22,28612,968.651264,2154.7741935483873
2026/04/02@12:37:23,28613,968.68712,2158.8387096774195
2026/04/02@12:37:24,28614,968.67208,2162.9032258064517
2026/04/02@12:37:25,28615,968.6512,2166.967741935484
2026/04/02@12:37:26,28616,968.71408,2171.032258064516
2026/04/02@12:37:27,28617,968.6696,2175.0967741935483
2026/04/02@12:37:28,28618,968.70448,2179.1612903225805
2026/04/02@12:37:29,28619,968.64872,2183.2258064516127
2026/04/02@12:37:30,28620,968.6883,2187.2903225806454
2026/04/02@12:37:31,28621,968.64872,2191.3548387096776
2026/04/02@12:37:32,28622,968.677,2195.4193548387098
2026/04/02@12:37:33,28623,968.6424,2199.483870967742
2026/04/02@12:37:35,28625,968.6979,2207.6129032258063
2026/04/02@12:37:36,28626,968.680864,2211.6774193548385
2026/04/02@12:37:37,28627,968.67584,2215.7419354838707
2026/04/02@12:37:38,28628,968.7018,2219.8064516129034
2026/04/02@12:37:39,28629,968.6979,2223.8709677419356
2026/04/02@12:37:40,28630,968.70792,2227.935483870968
2026/04/02@12:37:41,28631,968.67348,2232.0
2026/04/02@12:37:42,28632,968.6908,2236.4666666666667
2026/04/02@12:37:43,28633,968.6833,2240.9333333333334
2026/04/02@12:37:44,28634,968.67584,2245.4
2026/04/02@12:37:45,28635,968.705536,2249.866666666667
2026/04/02@12:37:46,28636,968.6585,2254.3333333333335
2026/04/02@12:37:48,28638,968.68332,2263.266666666667
2026/04/02@12:37:49,28639,968.6907,2267.733333333333
2026/04/02@12:37:50,28640,968.6968,2272.2
2026/04/02@12:37:51,28641,968.6598,2276.6666666666665
2026/04/02@12:37:52,28642,968.645,2281.133333333333
2026/04/02@12:37:53,28643,968.6415,2285.6
2026/04/02@12:37:54,28644,968.7056,2290.0666666666666
2026/04/02@12:37:55,28645,968.6782,2294.5333333333333
2026/04/02@12:37:56,28646,968.6783,2299.0
2026/04/02@12:37:57,28647,968.6671,2303.4666666666667
2026/04/02@12:37:58,28648,968.66832,2307.9333333333334
2026/04/02@12:37:59,28649,968.68712,2312.4
2026/04/02@12:38:01,28651,968.6956,2321.3333333333335
2026/04/02@12:38:02,28652,968.6612,2325.8
2026/04/02@12:38:03,28653,968.6795,2330.266666666667
2026/04/02@12:38:04,28654,968.66832,2334.733333333333
2026/04/02@12:38:05,28655,968.6661,2339.2
2026/04/02@12:38:06,28656,968.6462,2343.6666666666665
2026/04/02@12:38:07,28657,968.7156,2348.133333333333
2026/04/02@12:38:08,28658,968.66132,2352.6
2026/04/02@12:38:09,28659,968.6783,2357.0666666666666
2026/04/02@12:38:10,28660,968.64984,2361.5333333333333
2026/04/02@12:38:11,28661,968.7042,2366.0
2026/04/02@12:38:12,28662,968.6831,2369.0
2026/04/02@12:38:14,28664,968.65968,2375.0
2026/04/02@12:38:15,28665,968.71532,2378.0
2026/04/02@12:38:16,28666,968.6697,2381.0
2026/04/02@12:38:17,28667,968.651,2384.0
2026/04/02@12:38:18,28668,968.6598,2387.0
2026/04/02@12:38:19,28669,968.69416,2390.0
2026/04/02@12:38:20,28670,968.6733,2393.0
2026/04/02@12:38:21,28671,968.68948,2396.0
2026/04/02@12:38:22,28672,968.6894,2399.0
2026/04/02@12:38:23,28673,968.698,2402.0
2026/04/02@12:38:24,28674,968.6931,2405.0
2026/04/02@12:38:25,28675,968.7141,2408.0
2026/04/02@12:38:27,28677,968.70296,2414.0
2026/04/02@12:38:28,28678,968.66205,2417.0
2026/04/02@12:38:29,28679,968.6708,2420.0
2026/04/02@12:38:30,28680,968.6845,2423.0
2026/04/02@12:38:31,28681,968.6546,2426.0
2026/04/02@12:38:32,28682,968.6818,2429.0
2026/04/02@12:38:33,28683,968.64732,2432.0
2026/04/02@12:38:34,28684,968.6744,2435.0
2026/04/02@12:38:35,28685,968.6819,2438.0
2026/04/02@12:38:36,28686,968.6584,2441.0
2026/04/02@12:38:37,28687,968.66832,2444.0
2026/04/02@12:38:38,28688,968.6473,2447.0
2026/04/02@12:38:40,28690,968.669536,2453.0
2026/04/02@12:38:41,28691,968.6906,2456.0
2026/04/02@12:38:42,28692,968.67192,2459.0
2026/04/02@12:38:43,28693,968.656,2463.3333333333335
2026/04/02@12:38:44,28694,968.70664,2467.6666666666665
2026/04/02@12:38:45,28695,968.6509,2472.0
2026/04/02@12:38:46,28696,968.6523,2476.3333333333335
2026/04/02@12:38:47,28697,968.66708,2480.6666666666665
2026/04/02@12:38:48,28698,968.693,2485.0
2026/04/02@12:38:49,28699,968.6657,2489.3333333333335
2026/04/02@12:38:50,28700,968.669536,2493.6666666666665
2026/04/02@12:38:51,28701,968.665968,2498.0
2026/04/02@12:38:53,28703,968.6794,2506.6666666666665
2026/04/02@12:38:54,28704,968.6758,2511.0
2026/04/02@12:38:55,28705,968.6571,2515.3333333333335
2026/04/02@12:38:56,28706,968.69304,2519.6666666666665
2026/04/02@12:38:57,28707,968.65968,2524.0
2026/04/02@12:38:58,28708,968.6894,2528.3333333333335
2026/04/02@12:38:59,28709,968.6696,2532.6666666666665
2026/04/02@12:39:00,28710,968.65332,2537.0
2026/04/02@12:39:01,28711,968.6942,2541.3333333333335
2026/04/02@12:39:02,28712,968.7065,2545.6666666666665
2026/04/02@12:39:03,28713,968.65464,2550.0
2026/04/02@12:39:04,28714,968.665664,2554.3333333333335
2026/04/02@12:39:06,28716,968.6767,2563.0
2026/04/02@12:39:07,28717,968.64708,2567.3333333333335
2026/04/02@12:39:08,28718,968.64708,2571.6666666666665
2026/04/02@12:39:09,28719,968.64592,2576.0
2026/04/02@12:39:10,28720,968.6717,2580.3333333333335
2026/04/02@12:39:11,28721,968.6805,2584.6666666666665
2026/04/02@12:39:12,28722,968.6534,2589.0
2026/04/02@12:39:13,28723,968.70024,2593.7419354838707
2026/04/02@12:39:14,28724,968.6743,2598.483870967742
2026/04/02@12:39:15,28725,968.6607,2603.2258064516127
2026/04/02@12:39:16,28726,968.6336,2607.967741935484
2026/04/02@12:39:17,28727,968.66312,2612.7096774193546
2026/04/02@12:39:19,28729,968.6867,2622.1935483870966
2026/04/02@12:39:20,28730,968.66696,2626.935483870968
2026/04/02@12:39:21,28731,968.636,2631.6774193548385
2026/04/02@12:39:22,28732,968.6769,2636.4193548387098
2026/04/02@12:39:23,28733,968.66668,2641.1612903225805
2026/04/02@12:39:24,28734,968.6545,2645.9032258064517
2026/04/02@12:39:25,28735,968.6509,2650.6451612903224
2026/04/02@12:39:26,28736,968.683,2655.3870967741937
2026/04/02@12:39:27,28737,968.6434,2660.1290322580644
2026/04/02@12:39:28,28738,968.65688,2664.8709677419356
2026/04/02@12:39:29,28739,968.664368,2669.6129032258063
2026/04/02@12:39:30,28740,968.66816,2674.3548387096776
2026/04/02@12:39:32,28742,968.67064,2683.8387096774195
2026/04/02@12:39:33,28743,968.6594,2688.5806451612902
2026/04/02@12:39:34,28744,968.6818,2693.3225806451615
2026/04/02@12:39:35,28745,968.6447,2698.064516129032
2026/04/02@12:39:36,28746,968.6941,2702.8064516129034
2026/04/02@12:39:37,28747,968.6855,2707.548387096774
2026/04/02@12:39:38,28748,968.6717,2712.2903225806454
2026/04/02@12:39:39,28749,968.6594,2717.032258064516
2026/04/02@12:39:40,28750,968.66312,2721.7741935483873
2026/04/02@12:39:41,28751,968.62728,2726.516129032258
2026/04/02@12:39:42,28752,968.6953,2731.258064516129
2026/04/02@12:39:43,28753,968.65816,2736.0
2026/04/02@12:39:45,28755,968.6496,2745.3548387096776
2026/04/02@12:39:46,28756,968.64684,2750.032258064516
2026/04/02@12:39:47,28757,968.6546,2754.7096774193546
2026/04/02@12:39:48,28758,968.62712,2759.3870967741937
2026/04/02@12:39:49,28759,968.67064,2764.064516129032
2026/04/02@12:39:50,28760,968.65452,2768.7419354838707
2026/04/02@12:39:51,28761,968.65064,2773.4193548387098
2026/04/02@12:39:52,28762,968.673,2778.0967741935483
2026/04/02@12:39:53,28763,968.63084,2782.7741935483873
2026/04/02@12:39:54,28764,968.652,2787.451612903226
2026/04/02@12:39:55,28765,968.681664,2792.1290322580644
2026/04/02@12:39:56,28766,968.67192,2796.8064516129034
2026/04/02@12:39:58,28768,968.66548,2806.1612903225805
2026/04/02@12:39:59,28769,968.663,2810.8387096774195
2026/04/02@12:40:00,28770,968.65452,2815.516129032258
2026/04/02@12:40:01,28771,968.62856,2820.1935483870966
2026/04/02@12:40:02,28772,968.6754,2824.8709677419356
2026/04/02@12:40:03,28773,968.64824,2829.548387096774
2026/04/02@12:40:04,28774,968.6716,2834.2258064516127
2026/04/02@12:40:05,28775,968.6744,2838.9032258064517
2026/04/02@12:40:06,28776,968.63584,2843.5806451612902
2026/04/02@12:40:07,28777,968.6445,2848.2580645161293
2026/04/02@12:40:08,28778,968.634736,2852.935483870968
2026/04/02@12:40:09,28779,968.671632,2857.6129032258063
2026/04/02@12:40:11,28781,968.6322,2866.967741935484
2026/04/02@12:40:12,28782,968.62492,2871.6451612903224
2026/04/02@12:40:13,28783,968.7138,2876.3225806451615
2026/04/02@12:40:14,28784,968.6779,2881.0
2026/04/02@12:40:15,28785,968.6408,2885.5666666666666
2026/04/02@12:40:16,28786,968.667968,2890.133333333333
2026/04/02@12:40:17,28787,968.6705,2894.7
2026/04/02@12:40:18,28788,968.67668,2899.266666666667
2026/04/02@12:40:19,28789,968.652,2903.8333333333335
2026/04/02@12:40:20,28790,968.6445,2908.4
2026/04/02@12:40:21,28791,968.65952,2912.9666666666667
2026/04/02@12:40:22,28792,968.66184,2917.5333333333333
2026/04/02@12:40:24,28794,968.652,2926.6666666666665
2026/04/02@12:40:25,28795,968.6717,2931.233333333333
2026/04/02@12:40:26,28796,968.685264,2935.8
2026/04/02@12:40:27,28797,968.63944,2940.366666666667
2026/04/02@12:40:28,28798,968.6889,2944.9333333333334
2026/04/02@12:40:29,28799,968.62,2949.5
2026/04/02@12:40:30,28800,968.6258,2954.0666666666666
2026/04/02@12:40:31,28801,968.6382,2958.633333333333
2026/04/02@12:40:32,28802,968.6408,2963.2
2026/04/02@12:40:33,28803,968.652,2967.766666666667
2026/04/02@12:40:34,28804,968.6408,2972.3333333333335
2026/04/02@12:40:35,28805,968.637,2976.9
2026/04/02@12:40:37,28806,968.645568,2986.0333333333333
2026/04/02@12:40:38,28808,968.63944,2990.6
2026/04/02@12:40:39,28809,968.65064,2995.1666666666665
2026/04/02@12:40:40,28810,968.6716,2999.733333333333
2026/04/02@12:40:41,28811,968.65816,3004.3
2026/04/02@12:40:42,28812,968.61484,3008.866666666667
2026/04/02@12:40:43,28813,968.6691,3013.4333333333334
2026/04/02@12:40:44,28814,968.605168,3018.0
2026/04/02@12:40:45,28815,968.6666,3022.7741935483873
2026/04/02@12:40:46,28816,968.66312,3027.548387096774
2026/04/02@12:40:47,28817,968.64664,3032.3225806451615
2026/04/02@12:40:48,28818,968.657,3037.0967741935483
2026/04/02@12:40:49,28819,968.6664,3041.8709677419356
2026/04/02@12:40:51,28821,968.6877,3051.4193548387098
2026/04/02@12:40:52,28822,968.62728,3056.1935483870966
2026/04/02@12:40:53,28823,968.673,3060.967741935484
2026/04/02@12:40:54,28824,968.68776,3065.7419354838707
2026/04/02@12:40:55,28825,968.62352,3070.516129032258
2026/04/02@12:40:56,28826,968.6346,3075.2903225806454
2026/04/02@12:40:57,28827,968.6779,3080.064516129032
2026/04/02@12:40:58,28828,968.655632,3084.8387096774195
2026/04/02@12:40:59,28829,968.64664,3089.6129032258063
2026/04/02@12:41:00,28830,968.6259,3094.3870967741937
2026/04/02@12:41:01,28831,968.6678,3099.1612903225805
2026/04/02@12:41:02,28832,968.66548,3103.935483870968
2026/04/02@12:41:04,28834,968.611,3113.483870967742
2026/04/02@12:41:05,28835,968.65176,3118.2580645161293
2026/04/02@12:41:06,28836,968.65176,3123.032258064516
2026/04/02@12:41:07,28837,968.6753,3127.8064516129034
2026/04/02@12:41:08,28838,968.6457,3132.5806451612902
2026/04/02@12:41:09,28839,968.6593,3137.3548387096776
2026/04/02@12:41:10,28840,968.6666,3142.1290322580644
2026/04/02@12:41:11,28841,968.69884,3146.9032258064517
2026/04/02@12:41:12,28842,968.632,3151.6774193548385
2026/04/02@12:41:13,28843,968.6259,3156.451612903226
2026/04/02@12:41:14,28844,968.6664,3161.2258064516127
2026/04/02@12:41:15,28845,968.6878,3166.0
2026/04/02@12:41:17,28847,968.6283,3174.733333333333
2026/04/02@12:41:18,28848,968.6629,3179.1
2026/04/02@12:41:19,28849,968.6593,3183.4666666666667
2026/04/02@12:41:20,28850,968.69272,3187.8333333333335
2026/04/02@12:41:21,28851,968.6332,3192.2
2026/04/02@12:41:22,28852,968.65292,3196.5666666666666
2026/04/02@12:41:23,28853,968.668,3200.9333333333334
2026/04/02@12:41:24,28854,968.66424,3205.3
2026/04/02@12:41:25,28855,968.683968,3209.6666666666665
2026/04/02@12:41:26,28856,968.6308,3214.0333333333333
2026/04/02@12:41:27,28857,968.687536,3218.4
2026/04/02@12:41:28,28858,968.695,3222.766666666667
2026/04/02@12:41:30,28860,968.66548,3231.5
2026/04/02@12:41:31,28861,968.69132,3235.866666666667
2026/04/02@12:41:32,28862,968.66032,3240.233333333333
2026/04/02@12:41:33,28863,968.6962,3244.6
2026/04/02@12:41:34,28864,968.6582,3248.9666666666667
2026/04/02@12:41:35,28865,968.673,3253.3333333333335
2026/04/02@12:41:36,28866,968.6593,3257.7
2026/04/02@12:41:37,28867,968.6433,3262.0666666666666
2026/04/02@12:41:38,28868,968.641968,3266.4333333333334
2026/04/02@12:41:39,28869,968.642,3270.8
2026/04/02@12:41:40,28870,968.65064,3275.1666666666665
2026/04/02@12:41:41,28871,968.65688,3279.5333333333333
2026/04/02@12:41:43,28873,968.6272,3288.2666666666664
2026/04/02@12:41:44,28874,968.68008,3292.633333333333
2026/04/02@12:41:45,28875,968.65688,3297.0
2026/04/02@12:41:46,28876,968.6925,3301.2258064516127
2026/04/02@12:41:47,28877,968.6702,3305.451612903226
2026/04/02@12:41:48,28878,968.6777,3309.6774193548385
2026/04/02@12:41:49,28879,968.67508,3313.9032258064517
2026/04/02@12:41:50,28880,968.6691,3318.1290322580644
2026/04/02@12:41:51,28881,968.61864,3322.3548387096776
2026/04/02@12:41:52,28882,968.6629,3326.5806451612902
2026/04/02@12:41:53,28883,968.6987,3330.8064516129034
2026/04/02@12:41:54,28884,968.65908,3335.032258064516
2026/04/02@12:41:56,28886,968.65292,3343.483870967742
2026/04/02@12:41:57,28887,968.664,3347.7096774193546
2026/04/02@12:41:58,28888,968.62088,3351.935483870968
2026/04/02@12:41:59,28889,968.664,3356.1612903225805
2026/04/02@12:42:00,28890,968.6554,3360.3870967741937
2026/04/02@12:42:01,28891,968.664,3364.6129032258063
2026/04/02@12:42:02,28892,968.671632,3368.8387096774195
2026/04/02@12:42:03,28893,968.6319,3373.064516129032
2026/04/02@12:42:04,28894,968.645568,3377.2903225806454
2026/04/02@12:42:05,28895,968.62712,3381.516129032258
2026/04/02@12:42:06,28896,968.61597,3385.7419354838707
2026/04/02@12:42:07,28897,968.6307,3389.967741935484
2026/04/02@12:42:09,28899,968.6602,3398.4193548387098
2026/04/02@12:42:10,28900,968.63052,3402.6451612903224
2026/04/02@12:42:11,28901,968.66032,3406.8709677419356
2026/04/02@12:42:12,28902,968.645568,3411.0967741935483
2026/04/02@12:42:13,28903,968.669,3415.3225806451615
2026/04/02@12:42:14,28904,968.6816,3419.548387096774
2026/04/02@12:42:15,28905,968.66668,3423.7741935483873
2026/04/02@12:42:16,28906,968.6332,3428.0
2026/04/02@12:42:17,28907,968.6678,3432.5333333333333
2026/04/02@12:42:18,28908,968.66768,3437.0666666666666
2026/04/02@12:42:19,28909,968.67268,3441.6
2026/04/02@12:42:20,28910,968.6554,3446.133333333333
2026/04/02@12:42:22,28912,968.68744,3455.2
2026/04/02@12:42:23,28913,968.62448,3459.733333333333
2026/04/02@12:42:24,28914,968.64684,3464.266666666667
2026/04/02@12:42:25,28915,968.6479,3468.8
2026/04/02@12:42:26,28916,968.68504,3473.3333333333335
2026/04/02@12:42:27,28917,968.6431,3477.866666666667
2026/04/02@12:42:28,28918,968.64684,3482.4
2026/04/02@12:42:29,28919,968.64792,3486.9333333333334
2026/04/02@12:42:30,28920,968.6342,3491.4666666666667
2026/04/02@12:42:31,28921,968.66032,3496.0
2026/04/02@12:42:32,28922,968.6431,3500.5333333333333
2026/04/02@12:42:33,28923,968.68492,3505.0666666666666
2026/04/02@12:42:35,28925,968.60848,3514.133333333333
2026/04/02@12:42:36,28926,968.64548,3518.6666666666665
2026/04/02@12:42:37,28927,968.61944,3523.2
2026/04/02@12:42:38,28928,968.6174,3527.733333333333
2026/04/02@12:42:39,28929,968.681136,3532.266666666667
2026/04/02@12:42:40,28930,968.6715,3536.8
2026/04/02@12:42:41,28931,968.6342,3541.3333333333335
2026/04/02@12:42:42,28932,968.6342,3545.866666666667
2026/04/02@12:42:43,28933,968.6192,3550.4
2026/04/02@12:42:44,28934,968.644,3554.9333333333334
2026/04/02@12:42:45,28935,968.6738,3559.4666666666667
2026/04/02@12:42:46,28936,968.6627,3564.0
2026/04/02@12:42:48,28938,968.6208,3572.451612903226
2026/04/02@12:42:49,28939,968.6442,3576.6774193548385
2026/04/02@12:42:50,28940,968.63792,3580.9032258064517
2026/04/02@12:42:51,28941,968.64548,3585.1290322580644
2026/04/02@12:42:52,28942,968.64664,3589.3548387096776
2026/04/02@12:42:53,28943,968.6602,3593.5806451612902
2026/04/02@12:42:54,28944,968.658736,3597.8064516129034
2026/04/02@12:42:55,28945,968.6687,3602.032258064516
2026/04/02@12:42:56,28946,968.681136,3606.2580645161293
2026/04/02@12:42:57,28947,968.68868,3610.483870967742
2026/04/02@12:42:58,28948,968.6503,3614.7096774193546
2026/04/02@12:42:59,28949,968.6577,3618.935483870968
2026/04/02@12:43:00,28950,968.6602,3623.1612903225805
2026/04/02@12:43:02,28952,968.622,3631.6129032258063
2026/04/02@12:43:03,28953,968.6392,3635.8387096774195
2026/04/02@12:43:04,28954,968.64792,3640.064516129032
2026/04/02@12:43:05,28955,968.6615,3644.2903225806454
2026/04/02@12:43:06,28956,968.66768,3648.516129032258
2026/04/02@12:43:07,28957,968.654,3652.7419354838707
2026/04/02@12:43:08,28958,968.62696,3656.967741935484
2026/04/02@12:43:09,28959,968.6615,3661.1935483870966
2026/04/02@12:43:10,28960,968.698336,3665.4193548387098
2026/04/02@12:43:11,28961,968.6183,3669.6451612903224
2026/04/02@12:43:12,28962,968.63908,3673.8709677419356
2026/04/02@12:43:13,28963,968.6898,3678.0967741935483
2026/04/02@12:43:15,28965,968.6256,3686.548387096774
2026/04/02@12:43:16,28966,968.65784,3690.7741935483873
2026/04/02@12:43:17,28967,968.6701,3695.0
2026/04/02@12:43:18,28968,968.63908,3698.9666666666667
2026/04/02@12:43:19,28969,968.66016,3702.9333333333334
2026/04/02@12:43:20,28970,968.6365,3706.9
2026/04/02@12:43:21,28971,968.6417,3710.866666666667
2026/04/02@12:43:22,28972,968.68492,3714.8333333333335
2026/04/02@12:43:23,28973,968.6934,3718.8
2026/04/02@12:43:24,28974,968.68728,3722.766666666667
2026/04/02@12:43:25,28975,968.6612,3726.733333333333
2026/04/02@12:43:26,28976,968.6636,3730.7
2026/04/02@12:43:28,28978,968.6502,3738.633333333333
2026/04/02@12:43:29,28979,968.65152,3742.6
2026/04/02@12:43:30,28980,968.6389,3746.5666666666666
2026/04/02@12:43:31,28981,968.7095,3750.5333333333333
2026/04/02@12:43:32,28982,968.65268,3754.5
2026/04/02@12:43:33,28983,968.70592,3758.4666666666667
2026/04/02@12:43:34,28984,968.6763,3762.4333333333334
2026/04/02@12:43:35,28985,968.6922,3766.4
2026/04/02@12:43:36,28986,968.65624,3770.366666666667
2026/04/02@12:43:37,28987,968.67484,3774.3333333333335
2026/04/02@12:43:38,28988,968.688368,3778.3
2026/04/02@12:43:39,28989,968.6774,3782.266666666667
2026/04/02@12:43:41,28991,968.6636,3790.2
2026/04/02@12:43:42,28992,968.6612,3794.1666666666665
2026/04/02@12:43:43,28993,968.68332,3798.133333333333
2026/04/02@12:43:44,28994,968.6488,3802.1
2026/04/02@12:43:45,28995,968.6389,3806.0666666666666
2026/04/02@12:43:46,28996,968.68224,3810.0333333333333
2026/04/02@12:43:47,28997,968.67976,3814.0
2026/04/02@12:43:48,28998,968.6551,3818.3870967741937
2026/04/02@12:43:49,28999,968.6477,3822.7741935483873
2026/04/02@12:43:50,29000,968.707,3827.1612903225805
2026/04/02@12:43:51,29001,968.6699,3831.548387096774
2026/04/02@12:43:52,29002,968.6612,3835.935483870968
2026/04/02@12:43:54,29004,968.65624,3844.7096774193546
2026/04/02@12:43:55,29005,968.6612,3849.0967741935483
2026/04/02@12:43:56,29006,968.6676,3853.483870967742
2026/04/02@12:43:57,29007,968.6982,3857.8709677419356
2026/04/02@12:43:58,29008,968.6749,3862.258064516129
2026/04/02@12:43:59,29009,968.68332,3866.6451612903224
2026/04/02@12:44:00,29010,968.658736,3871.032258064516
2026/04/02@12:44:01,29011,968.6699,3875.4193548387098
2026/04/02@12:44:02,29012,968.7193,3879.8064516129034
2026/04/02@12:44:03,29013,968.68976,3884.1935483870966
2026/04/02@12:44:04,29014,968.6465,3888.5806451612902
2026/04/02@12:44:05,29015,968.6959,3892.967741935484
2026/04/02@12:44:07,29017,968.698336,3901.7419354838707
2026/04/02@12:44:08,29018,968.6749,3906.1290322580644
2026/04/02@12:44:09,29019,968.6897,3910.516129032258
2026/04/02@12:44:10,29020,968.69084,3914.9032258064517
2026/04/02@12:44:11,29021,968.66,3919.2903225806454
2026/04/02@12:44:12,29022,968.668736,3923.6774193548385
2026/04/02@12:44:13,29023,968.64904,3928.064516129032
2026/04/02@12:44:14,29024,968.66732,3932.451612903226
2026/04/02@12:44:15,29025,968.65232,3936.8387096774195
2026/04/02@12:44:16,29026,968.6873,3941.2258064516127
2026/04/02@12:44:17,29027,968.6613,3945.6129032258063
2026/04/02@12:44:18,29028,968.68224,3950.0
2026/04/02@12:44:20,29030,968.7009,3959.548387096774
2026/04/02@12:44:21,29031,968.67112,3964.3225806451615
2026/04/02@12:44:22,29032,968.6946,3969.0967741935483
2026/04/02@12:44:23,29033,968.65376,3973.8709677419356
2026/04/02@12:44:24,29034,968.6721,3978.6451612903224
2026/04/02@12:44:25,29035,968.67976,3983.4193548387098
2026/04/02@12:44:26,29036,968.7168,3988.1935483870966
2026/04/02@12:44:27,29037,968.677264,3992.967741935484
2026/04/02@12:44:28,29038,968.64732,3997.7419354838707
2026/04/02@12:44:29,29039,968.6984,4002.516129032258
2026/04/02@12:44:30,29040,968.66132,4007.2903225806454
2026/04/02@12:44:31,29041,968.677,4012.064516129032
2026/04/02@12:44:33,29043,968.7032,4021.6129032258063
2026/04/02@12:44:34,29044,968.6749,4026.3870967741937
2026/04/02@12:44:35,29045,968.7056,4031.1612903225805
2026/04/02@12:44:36,29046,968.6983,4035.935483870968
2026/04/02@12:44:37,29047,968.6995,4040.7096774193546
2026/04/02@12:44:38,29048,968.67976,4045.483870967742
2026/04/02@12:44:39,29049,968.688368,4050.2580645161293
2026/04/02@12:44:40,29050,968.672368,4055.032258064516
2026/04/02@12:44:41,29051,968.66376,4059.8064516129034
2026/04/02@12:44:42,29052,968.6551,4064.5806451612902
2026/04/02@12:44:43,29053,968.6711,4069.3548387096776
2026/04/02@12:44:44,29054,968.6797,4074.1290322580644
2026/04/02@12:44:46,29056,968.7168,4083.6774193548385
2026/04/02@12:44:47,29057,968.688368,4088.451612903226
2026/04/02@12:44:48,29058,968.6549,4093.2258064516127
2026/04/02@12:44:49,29059,968.6736,4098.0
2026/04/02@12:44:50,29060,968.67692,4103.2
2026/04/02@12:44:51,29061,968.6808,4108.4
2026/04/02@12:44:52,29062,968.69448,4113.6
2026/04/02@12:44:53,29063,968.653536,4118.8
2026/04/02@12:44:54,29064,968.6917,4124.0
2026/04/02@12:44:55,29065,968.69448,4129.2
2026/04/02@12:44:56,29066,968.6906,4134.4
2026/04/02@12:44:57,29067,968.66488,4139.6
2026/04/02@12:44:59,29069,968.6747,4150.0
2026/04/02@12:45:00,29070,968.6834,4155.2
2026/04/02@12:45:01,29071,968.667264,4160.4
2026/04/02@12:45:02,29072,968.655,4165.6
2026/04/02@12:45:03,29073,968.6785,4170.8
2026/04/02@12:45:04,29074,968.6858,4176.0
2026/04/02@12:45:05,29075,968.6857,4181.2
2026/04/02@12:45:06,29076,968.6858,4186.4
2026/04/02@12:45:07,29077,968.6524,4191.6
2026/04/02@12:45:08,29078,968.6648,4196.8
2026/04/02@12:45:09,29079,968.66344,4202.0
2026/04/02@12:45:10,29080,968.7019,4207.2
2026/04/02@12:45:12,29082,968.6967,4217.6
2026/04/02@12:45:13,29083,968.6585,4222.8
2026/04/02@12:45:14,29084,968.6585,4228.0
2026/04/02@12:45:15,29085,968.6907,4233.2
2026/04/02@12:45:16,29086,968.6981,4238.4
2026/04/02@12:45:17,29087,968.666,4243.6
2026/04/02@12:45:18,29088,968.6426,4248.8
2026/04/02@12:45:19,29089,968.65216,4254.0
2026/04/02@12:45:20,29090,968.669536,4258.870967741936
2026/04/02@12:45:21,29091,968.6797,4263.741935483871
2026/04/02@12:45:22,29092,968.6769,4268.612903225807
2026/04/02@12:45:23,29093,968.6436,4273.4838709677415
2026/04/02@12:45:24,29094,968.6733,4278.354838709677
2026/04/02@12:45:26,29096,968.6895,4288.096774193548
2026/04/02@12:45:27,29097,968.64984,4292.967741935484
2026/04/02@12:45:28,29098,968.70792,4297.8387096774195
2026/04/02@12:45:29,29099,968.6387,4302.709677419355
2026/04/02@12:45:30,29100,968.6732,4307.580645161291
2026/04/02@12:45:31,29101,968.6633,4312.451612903225
2026/04/02@12:45:32,29102,968.657136,4317.322580645161
2026/04/02@12:45:33,29103,968.6831,4322.193548387097
2026/04/02@12:45:34,29104,968.66092,4327.064516129032
2026/04/02@12:45:35,29105,968.671,4331.935483870968
2026/04/02@12:45:36,29106,968.6978,4336.806451612903
2026/04/02@12:45:37,29107,968.658464,4341.677419354839
2026/04/02@12:45:39,29109,968.69656,4351.419354838709
2026/04/02@12:45:40,29110,968.6858,4356.290322580645
2026/04/02@12:45:41,29111,968.6708,4361.1612903225805
2026/04/02@12:45:42,29112,968.6708,4366.032258064516
2026/04/02@12:45:43,29113,968.7115,4370.903225806452
2026/04/02@12:45:44,29114,968.6867,4375.774193548387
2026/04/02@12:45:45,29115,968.6596,4380.645161290323
2026/04/02@12:45:46,29116,968.688,4385.5161290322585
2026/04/02@12:45:47,29117,968.6892,4390.387096774193
2026/04/02@12:45:48,29118,968.6582,4395.258064516129
2026/04/02@12:45:49,29119,968.69908,4400.129032258064
2026/04/02@12:45:50,29120,968.6584,4405.0
2026/04/02@12:45:52,29122,968.6979,4414.066666666667
2026/04/02@12:45:53,29123,968.6917,4418.6
2026/04/02@12:45:54,29124,968.7275,4423.133333333333
2026/04/02@12:45:55,29125,968.658464,4427.666666666667
2026/04/02@12:45:56,29126,968.68552,4432.2
2026/04/02@12:45:57,29127,968.72148,4436.733333333334
2026/04/02@12:45:58,29128,968.69416,4441.266666666666
2026/04/02@12:45:59,29129,968.7029,4445.8
2026/04/02@12:46:00,29130,968.6843,4450.333333333333
2026/04/02@12:46:01,29131,968.6781,4454.866666666667
2026/04/02@12:46:02,29132,968.6928,4459.4
2026/04/02@12:46:03,29133,968.6905,4463.933333333333
2026/04/02@12:46:05,29135,968.7015,4473.0
2026/04/02@12:46:06,29136,968.7029,4477.533333333334
2026/04/02@12:46:07,29137,968.6485,4482.066666666667
2026/04/02@12:46:08,29138,968.6978,4486.6
2026/04/02@12:46:09,29139,968.7065,4491.133333333333
2026/04/02@12:46:10,29140,968.6657,4495.666666666667
2026/04/02@12:46:11,29141,968.65348,4500.2
2026/04/02@12:46:12,29142,968.69052,4504.733333333334
2026/04/02@12:46:13,29143,968.673,4509.266666666666
2026/04/02@12:46:14,29144,968.6867,4513.8
2026/04/02@12:46:15,29145,968.65096,4518.333333333333
2026/04/02@12:46:16,29146,968.700432,4522.866666666667
2026/04/02@12:46:18,29148,968.6744,4531.933333333333
2026/04/02@12:46:19,29149,968.7064,4536.466666666666
2026/04/02@12:46:20,29150,968.7287,4541.0
2026/04/02@12:46:21,29151,968.7287,4545.806451612903
2026/04/02@12:46:22,29152,968.6817,4550.612903225807
2026/04/02@12:46:23,29153,968.71016,4555.419354838709
2026/04/02@12:46:24,29154,968.6743,4560.225806451613
2026/04/02@12:46:25,29155,968.72132,4565.032258064516
2026/04/02@12:46:26,29156,968.6905,4569.8387096774195
2026/04/02@12:46:27,29157,968.6582,4574.645161290323
2026/04/02@12:46:28,29158,968.71868,4579.451612903225
2026/04/02@12:46:29,29159,968.70532,4584.258064516129
2026/04/02@12:46:31,29161,968.6792,4593.870967741936
2026/04/02@12:46:32,29162,968.6878,4598.677419354839
2026/04/02@12:46:33,29163,968.6869,4603.4838709677415
2026/04/02@12:46:34,29164,968.6546,4608.290322580645
2026/04/02@12:46:35,29165,968.68056,4613.096774193548
2026/04/02@12:46:36,29166,968.67064,4617.903225806452
2026/04/02@12:46:37,29167,968.728768,4622.709677419355
2026/04/02@12:46:38,29168,968.6853,4627.5161290322585
2026/04/02@12:46:39,29169,968.6705,4632.322580645161
2026/04/02@12:46:40,29170,968.7003,4637.129032258064
2026/04/02@12:46:41,29171,968.69272,4641.935483870968
2026/04/02@12:46:42,29172,968.68308,4646.741935483871
2026/04/02@12:46:44,29174,968.6842,4656.354838709677
2026/04/02@12:46:45,29175,968.7001,4661.1612903225805
2026/04/02@12:46:46,29176,968.6951,4665.967741935484
2026/04/02@12:46:47,29177,968.72976,4670.774193548387
2026/04/02@12:46:48,29178,968.6767,4675.580645161291
2026/04/02@12:46:49,29179,968.6682,4680.387096774193
2026/04/02@12:46:50,29180,968.6965,4685.193548387097
2026/04/02@12:46:51,29181,968.7003,4690.0
2026/04/02@12:46:52,29182,968.6682,4694.966666666666
2026/04/02@12:46:53,29183,968.6929,4699.933333333333
2026/04/02@12:46:54,29184,968.6817,4704.9
2026/04/02@12:46:55,29185,968.7053,4709.866666666667
2026/04/02@12:46:57,29187,968.6916,4719.8
2026/04/02@12:46:58,29188,968.6892,4724.766666666666
2026/04/02@12:46:59,29189,968.704,4729.733333333334
2026/04/02@12:47:00,29190,968.74856,4734.7
2026/04/02@12:47:01,29191,968.71624,4739.666666666667
2026/04/02@12:47:02,29192,968.73864,4744.633333333333
2026/04/02@12:47:03,29193,968.73864,4749.6
2026/04/02@12:47:04,29194,968.69764,4754.566666666667
2026/04/02@12:47:05,29195,968.6942,4759.533333333334
2026/04/02@12:47:06,29196,968.7175,4764.5
2026/04/02@12:47:07,29197,968.6767,4769.466666666666
2026/04/02@12:47:08,29198,968.6768,4774.433333333333
2026/04/02@12:47:10,29200,968.709,4784.366666666667
2026/04/02@12:47:11,29201,968.65688,4789.333333333333
2026/04/02@12:47:12,29202,968.6841,4794.3
2026/04/02@12:47:13,29203,968.705,4799.266666666666
2026/04/02@12:47:14,29204,968.70264,4804.233333333334
2026/04/02@12:47:15,29205,968.65464,4809.2
2026/04/02@12:47:16,29206,968.68416,4814.166666666667
2026/04/02@12:47:17,29207,968.75464,4819.133333333333
2026/04/02@12:47:18,29208,968.6532,4824.1
2026/04/02@12:47:19,29209,968.6705,4829.066666666667
2026/04/02@12:47:20,29210,968.6816,4834.033333333334
2026/04/02@12:47:21,29211,968.68024,4839.0
2026/04/02@12:47:23,29212,968.71608,4848.741935483871
2026/04/02@12:47:24,29214,968.7099,4853.612903225807
2026/04/02@12:47:25,29215,968.6816,4858.4838709677415
2026/04/02@12:47:26,29216,968.658,4863.354838709677
2026/04/02@12:47:27,29217,968.68024,4868.225806451613
2026/04/02@12:47:28,29218,968.7125,4873.096774193548
2026/04/02@12:47:29,29219,968.6926,4877.967741935484
2026/04/02@12:47:30,29220,968.64824,4882.8387096774195
2026/04/02@12:47:31,29221,968.6693,4887.709677419355
2026/04/02@12:47:32,29222,968.68148,4892.580645161291
2026/04/02@12:47:33,29223,968.69272,4897.451612903225
2026/04/02@12:47:34,29224,968.685264,4902.322580645161
2026/04/02@12:47:35,29225,968.685264,4907.193548387097
2026/04/02@12:47:37,29227,968.68268,4916.935483870968
2026/04/02@12:47:38,29228,968.6482,4921.806451612903
2026/04/02@12:47:39,29229,968.6618,4926.677419354839
2026/04/02@12:47:40,29230,968.66668,4931.548387096775
2026/04/02@12:47:41,29231,968.67416,4936.419354838709
2026/04/02@12:47:42,29232,968.6545,4941.290322580645
2026/04/02@12:47:43,29233,968.6828,4946.1612903225805
2026/04/02@12:47:44,29234,968.6704,4951.032258064516
2026/04/02@12:47:45,29235,968.6655,4955.903225806452
2026/04/02@12:47:46,29236,968.737232,4960.774193548387
2026/04/02@12:47:47,29237,968.67912,4965.645161290323
2026/04/02@12:47:48,29238,968.68148,4970.5161290322585
2026/04/02@12:47:50,29240,968.7137,4980.258064516129
2026/04/02@12:47:51,29241,968.68776,4985.129032258064
2026/04/02@12:47:52,29242,968.6766,4990.0
2026/04/02@12:47:53,29243,968.7335,4994.4838709677415
2026/04/02@12:47:54,29244,968.705,4998.967741935484
2026/04/02@12:47:55,29245,968.6989,5003.451612903225
2026/04/02@12:47:56,29246,968.694,5007.935483870968
2026/04/02@12:47:57,29247,968.66668,5012.419354838709
2026/04/02@12:47:58,29248,968.68776,5016.903225806452
2026/04/02@12:47:59,29249,968.667968,5021.387096774193
2026/04/02@12:48:00,29250,968.68136,5025.870967741936
2026/04/02@12:48:01,29251,968.7223,5030.354838709677
2026/04/02@12:48:03,29253,968.68504,5039.322580645161
2026/04/02@12:48:04,29254,968.694,5043.806451612903
2026/04/02@12:48:05,29255,968.6407,5048.290322580645
2026/04/02@12:48:06,29256,968.6766,5052.774193548387
2026/04/02@12:48:07,29257,968.6742,5057.258064516129
2026/04/02@12:48:08,29258,968.65176,5061.741935483871
2026/04/02@12:48:09,29259,968.6816,5066.225806451613
2026/04/02@12:48:10,29260,968.70624,5070.709677419355
2026/04/02@12:48:11,29261,968.69008,5075.193548387097
2026/04/02@12:48:12,29262,968.7087,5079.677419354839
2026/04/02@12:48:13,29263,968.70872,5084.1612903225805
2026/04/02@12:48:14,29264,968.6729,5088.645161290323
2026/04/02@12:48:16,29266,968.68268,5097.612903225807
2026/04/02@12:48:17,29267,968.68268,5102.096774193548
2026/04/02@12:48:18,29268,968.71592,5106.580645161291
2026/04/02@12:48:19,29269,968.6912,5111.064516129032
2026/04/02@12:48:20,29270,968.67508,5115.548387096775
2026/04/02@12:48:21,29271,968.68268,5120.032258064516
2026/04/02@12:48:22,29272,968.71968,5124.516129032258
2026/04/02@12:48:23,29273,968.6889,5129.0
2026/04/02@12:48:24,29274,968.6925,5133.266666666666
2026/04/02@12:48:25,29275,968.70376,5137.533333333334
2026/04/02@12:48:26,29276,968.6739,5141.8
2026/04/02@12:48:27,29277,968.70384,5146.066666666667
2026/04/02@12:48:29,29279,968.67632,5154.6
2026/04/02@12:48:30,29280,968.683968,5158.866666666667
2026/04/02@12:48:31,29281,968.66424,5163.133333333333
2026/04/02@12:48:32,29282,968.6714,5167.4
2026/04/02@12:48:33,29283,968.6912,5171.666666666667
2026/04/02@12:48:34,29284,968.6615,5175.933333333333
2026/04/02@12:48:35,29285,968.6431,5180.2
2026/04/02@12:48:36,29286,968.6322,5184.466666666666
2026/04/02@12:48:37,29287,968.68992,5188.733333333334
2026/04/02@12:48:38,29288,968.69616,5193.0
2026/04/02@12:48:39,29289,968.6714,5197.266666666666
2026/04/02@12:48:40,29290,968.65048,5201.533333333334
2026/04/02@12:48:42,29292,968.678864,5210.066666666667
2026/04/02@12:48:43,29293,968.6256,5214.333333333333
2026/04/02@12:48:44,29294,968.67632,5218.6
2026/04/02@12:48:45,29295,968.68252,5222.866666666667
2026/04/02@12:48:46,29296,968.69256,5227.133333333333
2026/04/02@12:48:47,29297,968.6777,5231.4
2026/04/02@12:48:48,29298,968.69748,5235.666666666667
2026/04/02@12:48:49,29299,968.675,5239.933333333333
2026/04/02@12:48:50,29300,968.6985,5244.2
2026/04/02@12:48:51,29301,968.70732,5248.466666666666
2026/04/02@12:48:52,29302,968.6713,5252.733333333334
2026/04/02@12:48:53,29303,968.6677,5257.0
2026/04/02@12:48:55,29305,968.63692,5263.645161290323
2026/04/02@12:48:56,29306,968.7023,5266.967741935484
2026/04/02@12:48:57,29307,968.68616,5270.290322580645
2026/04/02@12:48:58,29308,968.6811,5273.612903225807
2026/04/02@12:48:59,29309,968.6911,5276.935483870968
2026/04/02@12:49:00,29310,968.6604,5280.258064516129
2026/04/02@12:49:01,29311,968.68976,5283.580645161291
2026/04/02@12:49:02,29312,968.6788,5286.903225806452
2026/04/02@12:49:03,29313,968.6515,5290.225806451613
2026/04/02@12:49:04,29314,968.6848,5293.548387096775
2026/04/02@12:49:05,29315,968.6886,5296.870967741936
2026/04/02@12:49:06,29316,968.68492,5300.193548387097
2026/04/02@12:49:08,29318,968.6602,5306.8387096774195
2026/04/02@12:49:09,29319,968.64652,5310.1612903225805
2026/04/02@12:49:10,29320,968.68136,5313.4838709677415
2026/04/02@12:49:11,29321,968.6479,5316.806451612903
2026/04/02@12:49:12,29322,968.6663,5320.129032258064
2026/04/02@12:49:13,29323,968.70332,5323.451612903225
2026/04/02@12:49:14,29324,968.682432,5326.774193548387
2026/04/02@12:49:15,29325,968.6923,5330.096774193548
2026/04/02@12:49:16,29326,968.65048,5333.419354838709
2026/04/02@12:49:17,29327,968.6925,5336.741935483871
2026/04/02@12:49:18,29328,968.6653,5340.064516129032
2026/04/02@12:49:19,29329,968.6962,5343.387096774193
2026/04/02@12:49:21,29331,968.6861,5350.032258064516
2026/04/02@12:49:22,29332,968.7059,5353.354838709677
2026/04/02@12:49:23,29333,968.67128,5356.677419354839
2026/04/02@12:49:24,29334,968.67268,5360.0
2026/04/02@12:49:25,29335,968.7011,5361.333333333333
2026/04/02@12:49:26,29336,968.7011,5362.666666666667
2026/04/02@12:49:27,29337,968.70332,5364.0
2026/04/02@12:49:28,29338,968.6677,5365.333333333333
2026/04/02@12:49:29,29339,968.6652,5366.666666666667
2026/04/02@12:49:30,29340,968.655168,5368.0
2026/04/02@12:49:31,29341,968.6875,5369.333333333333
2026/04/02@12:49:32,29342,968.69496,5370.666666666667
2026/04/02@12:49:34,29344,968.71704,5373.333333333333
2026/04/02@12:49:35,29345,968.65908,5374.666666666667
2026/04/02@12:49:36,29346,968.6811,5376.0
2026/04/02@12:49:37,29347,968.645568,5377.333333333333
2026/04/02@12:49:38,29348,968.6813,5378.666666666667
2026/04/02@12:49:39,29349,968.69352,5380.0
2026/04/02@12:49:40,29350,968.6752,5381.333333333333
2026/04/02@12:49:41,29351,968.692432,5382.666666666667
2026/04/02@12:49:42,29352,968.6601,5384.0
2026/04/02@12:49:43,29353,968.654,5385.333333333333
2026/04/02@12:49:44,29354,968.6554,5386.666666666667
2026/04/02@12:49:45,29355,968.6481,5388.0
2026/04/02@12:49:46,29356,968.7047,5389.333333333333
2026/04/02@12:49:48,29358,968.68616,5392.0
2026/04/02@12:49:49,29359,968.6799,5393.333333333333
2026/04/02@12:49:50,29360,968.6417,5394.666666666667
2026/04/02@12:49:51,29361,968.69748,5396.0
2026/04/02@12:49:52,29362,968.68008,5397.333333333333
2026/04/02@12:49:53,29363,968.62808,5398.666666666667
2026/04/02@12:49:54,29364,968.6615,5400.0
2026/04/02@12:49:55,29365,968.6836,5401.419354838709
2026/04/02@12:49:56,29366,968.701,5402.8387096774195
2026/04/02@12:49:57,29367,968.63304,5404.258064516129
2026/04/02@12:49:58,29368,968.67848,5405.677419354839
2026/04/02@12:49:59,29369,968.6948,5407.096774193548
2026/04/02@12:50:01,29371,968.728,5409.935483870968
2026/04/02@12:50:02,29372,968.6775,5411.354838709677
2026/04/02@12:50:03,29373,968.6699,5412.774193548387
2026/04/02@12:50:04,29374,968.6663,5414.193548387097
2026/04/02@12:50:05,29375,968.67864,5415.612903225807
2026/04/02@12:50:06,29376,968.6566,5417.032258064516
2026/04/02@12:50:07,29377,968.6503,5418.451612903225
2026/04/02@12:50:08,29378,968.7356,5419.870967741936
2026/04/02@12:50:09,29379,968.6735,5421.290322580645
2026/04/02@12:50:10,29380,968.675,5422.709677419355
2026/04/02@12:50:11,29381,968.6404,5424.129032258064
2026/04/02@12:50:12,29382,968.6972,5425.548387096775
2026/04/02@12:50:14,29384,968.71096,5428.387096774193
2026/04/02@12:50:15,29385,968.63792,5429.806451612903
2026/04/02@12:50:16,29386,968.6735,5431.225806451613
2026/04/02@12:50:17,29387,968.6735,5432.645161290323
2026/04/02@12:50:18,29388,968.6355,5434.064516129032
2026/04/02@12:50:19,29389,968.67112,5435.4838709677415
2026/04/02@12:50:20,29390,968.6774,5436.903225806452
2026/04/02@12:50:21,29391,968.6615,5438.322580645161
2026/04/02@12:50:22,29392,968.6675,5439.741935483871
2026/04/02@12:50:23,29393,968.65768,5441.1612903225805
2026/04/02@12:50:24,29394,968.6169,5442.580645161291
2026/04/02@12:50:25,29395,968.6626,5444.0
2026/04/02@12:50:26,29396,968.6576,5445.5
2026/04/02@12:50:28,29398,968.6895,5448.5
2026/04/02@12:50:29,29399,968.6538,5450.0
2026/04/02@12:50:30,29400,968.6613,5451.5
2026/04/02@12:50:31,29401,968.6675,5453.0
2026/04/02@12:50:32,29402,968.69224,5454.5
2026/04/02@12:50:33,29403,968.6587,5456.0
2026/04/02@12:50:34,29404,968.6637,5457.5
2026/04/02@12:50:35,29405,968.677264,5459.0
2026/04/02@12:50:36,29406,968.6774,5460.5
2026/04/02@12:50:37,29407,968.6575,5462.0
2026/04/02@12:50:38,29408,968.6736,5463.5
2026/04/02@12:50:39,29409,968.6686,5465.0
2026/04/02@12:50:41,29411,968.6453,5468.0
2026/04/02@12:50:42,29412,968.681,5469.5
2026/04/02@12:50:43,29413,968.6859,5471.0
2026/04/02@12:50:44,29414,968.6883,5472.5
2026/04/02@12:50:45,29415,968.6834,5474.0
2026/04/02@12:50:46,29416,968.6735,5475.5
2026/04/02@12:50:47,29417,968.61304,5477.0
2026/04/02@12:50:48,29418,968.6945,5478.5
2026/04/02@12:50:49,29419,968.655,5480.0
2026/04/02@12:50:50,29420,968.6661,5481.5
2026/04/02@12:50:51,29421,968.6453,5483.0
2026/04/02@12:50:52,29422,968.667264,5484.5
2026/04/02@12:50:54,29424,968.63512,5487.5
2026/04/02@12:50:55,29425,968.68224,5489.0
2026/04/02@12:50:56,29426,968.655,5490.451612903225
2026/04/02@12:50:57,29427,968.66488,5491.903225806452
2026/04/02@12:50:58,29428,968.68976,5493.354838709677
2026/04/02@12:50:59,29429,968.6055,5494.806451612903
2026/04/02@12:51:00,29430,968.6845,5496.258064516129
2026/04/02@12:51:01,29431,968.6587,5497.709677419355
2026/04/02@12:51:02,29432,968.68824,5499.1612903225805
2026/04/02@12:51:03,29433,968.6487,5500.612903225807
2026/04/02@12:51:04,29434,968.6721,5502.064516129032
2026/04/02@12:51:05,29435,968.632768,5503.5161290322585
2026/04/02@12:51:07,29437,968.6822,5506.419354838709
2026/04/02@12:51:08,29438,968.6761,5507.870967741936
2026/04/02@12:51:09,29439,968.662336,5509.322580645161
2026/04/02@12:51:10,29440,968.6316,5510.774193548387
2026/04/02@12:51:11,29441,968.6463,5512.225806451613
2026/04/02@12:51:12,29442,968.6661,5513.677419354839
2026/04/02@12:51:13,29443,968.68584,5515.129032258064
2026/04/02@12:51:14,29444,968.6796,5516.580645161291
2026/04/02@12:51:15,29445,968.64872,5518.032258064516
2026/04/02@12:51:16,29446,968.6525,5519.4838709677415
2026/04/02@12:51:17,29447,968.7043,5520.935483870968
2026/04/02@12:51:18,29448,968.6414,5522.387096774193
2026/04/02@12:51:20,29449,968.667264,5525.290322580645
2026/04/02@12:51:21,29451,968.6649,5526.741935483871
2026/04/02@12:51:22,29452,968.63656,5528.193548387097
2026/04/02@12:51:23,29453,968.6685,5529.645161290323
2026/04/02@12:51:24,29454,968.6537,5531.096774193548
2026/04/02@12:51:25,29455,968.6747,5532.548387096775
2026/04/02@12:51:26,29456,968.67692,5534.0
2026/04/02@12:51:27,29457,968.69084,5535.741935483871
2026/04/02@12:51:28,29458,968.6994,5537.4838709677415
2026/04/02@12:51:29,29459,968.62892,5539.225806451613
2026/04/02@12:51:30,29460,968.61648,5540.967741935484
2026/04/02@12:51:31,29461,968.64264,5542.709677419355
2026/04/02@12:51:32,29462,968.7019,5544.451612903225
2026/04/02@12:51:34,29464,968.6883,5547.935483870968
2026/04/02@12:51:35,29465,968.6761,5549.677419354839
2026/04/02@12:51:36,29466,968.6819,5551.419354838709
2026/04/02@12:51:37,29467,968.632464,5553.1612903225805
2026/04/02@12:51:38,29468,968.62024,5554.903225806452
2026/04/02@12:51:39,29469,968.6697,5556.645161290323
2026/04/02@12:51:40,29470,968.6622,5558.387096774193
2026/04/02@12:51:41,29471,968.63512,5560.129032258064
2026/04/02@12:51:42,29472,968.676,5561.870967741936
2026/04/02@12:51:43,29473,968.6549,5563.612903225807
2026/04/02@12:51:44,29474,968.64732,5565.354838709677
2026/04/02@12:51:45,29475,968.6847,5567.096774193548
2026/04/02@12:51:47,29477,968.6932,5570.580645161291
2026/04/02@12:51:48,29478,968.6685,5572.322580645161
2026/04/02@12:51:49,29479,968.6414,5574.064516129032
2026/04/02@12:51:50,29480,968.6747,5575.806451612903
2026/04/02@12:51:51,29481,968.6671,5577.548387096775
2026/04/02@12:51:52,29482,968.6214,5579.290322580645
2026/04/02@12:51:53,29483,968.6671,5581.032258064516
2026/04/02@12:51:54,29484,968.651,5582.774193548387
2026/04/02@12:51:55,29485,968.651,5584.5161290322585
2026/04/02@12:51:56,29486,968.69052,5586.258064516129
2026/04/02@12:51:57,29487,968.66584,5588.0
2026/04/02@12:51:58,29488,968.627568,5589.933333333333
2026/04/02@12:52:00,29490,968.677,5593.8
2026/04/02@12:52:01,29491,968.6548,5595.733333333334
2026/04/02@12:52:02,29492,968.6648,5597.666666666667
2026/04/02@12:52:03,29493,968.67192,5599.6
2026/04/02@12:52:04,29494,968.6573,5601.533333333334
2026/04/02@12:52:05,29495,968.6068,5603.466666666666
2026/04/02@12:52:06,29496,968.6414,5605.4
2026/04/02@12:52:07,29497,968.6672,5607.333333333333
2026/04/02@12:52:08,29498,968.6621,5609.266666666666
2026/04/02@12:52:09,29499,968.67208,5611.2
2026/04/02@12:52:10,29500,968.6796,5613.133333333333
2026/04/02@12:52:11,29501,968.6685,5615.066666666667
2026/04/02@12:52:13,29503,968.69052,5618.933333333333
2026/04/02@12:52:14,29504,968.6955,5620.866666666667
2026/04/02@12:52:15,29505,968.68192,5622.8
2026/04/02@12:52:16,29506,968.6967,5624.733333333334
2026/04/02@12:52:17,29507,968.66584,5626.666666666667
2026/04/02@12:52:18,29508,968.6671,5628.6
2026/04/02@12:52:19,29509,968.6425,5630.533333333334
2026/04/02@12:52:20,29510,968.6697,5632.466666666666
2026/04/02@12:52:21,29511,968.654864,5634.4
2026/04/02@12:52:22,29512,968.6807,5636.333333333333
2026/04/02@12:52:23,29513,968.6325,5638.266666666666
2026/04/02@12:52:24,29514,968.677,5640.2
2026/04/02@12:52:26,29516,968.6771,5644.066666666667
2026/04/02@12:52:27,29517,968.6809,5646.0
2026/04/02@12:52:28,29518,968.6414,5648.129032258064
2026/04/02@12:52:29,29519,968.6612,5650.258064516129
2026/04/02@12:52:30,29520,968.628864,5652.387096774193
2026/04/02@12:52:31,29521,968.653536,5654.5161290322585
2026/04/02@12:52:32,29522,968.6746,5656.645161290323
2026/04/02@12:52:33,29523,968.6795,5658.774193548387
2026/04/02@12:52:34,29524,968.653536,5660.903225806452
2026/04/02@12:52:35,29525,968.6623,5663.032258064516
2026/04/02@12:52:36,29526,968.67692,5665.1612903225805
2026/04/02@12:52:37,29527,968.66344,5667.290322580645
2026/04/02@12:52:39,29529,968.68445,5671.548387096775
2026/04/02@12:52:40,29530,968.6449,5673.677419354839
2026/04/02@12:52:41,29531,968.67336,5675.806451612903
2026/04/02@12:52:42,29532,968.6573,5677.935483870968
2026/04/02@12:52:43,29533,968.6487,5680.064516129032
2026/04/02@12:52:44,29534,968.64984,5682.193548387097
2026/04/02@12:52:45,29535,968.62024,5684.322580645161
2026/04/02@12:52:46,29536,968.65348,5686.451612903225
2026/04/02@12:52:47,29537,968.651,5688.580645161291
2026/04/02@12:52:48,29538,968.68192,5690.709677419355
2026/04/02@12:52:49,29539,968.68445,5692.8387096774195
2026/04/02@12:52:50,29540,968.6474,5694.967741935484
2026/04/02@12:52:52,29541,968.6611,5699.225806451613
2026/04/02@12:52:53,29543,968.6746,5701.354838709677
2026/04/02@12:52:54,29544,968.63868,5703.4838709677415
2026/04/02@12:52:55,29545,968.7054,5705.612903225807
2026/04/02@12:52:56,29546,968.635,5707.741935483871
2026/04/02@12:52:57,29547,968.6499,5709.870967741936
2026/04/02@12:52:58,29548,968.656,5712.0
2026/04/02@12:52:59,29549,968.67692,5714.7
2026/04/02@12:53:00,29550,968.6598,5717.4
2026/04/02@12:53:01,29551,968.6537,5720.1
2026/04/02@12:53:02,29552,968.67348,5722.8
2026/04/02@12:53:03,29553,968.67452,5725.5
2026/04/02@12:53:04,29554,968.654864,5728.2
2026/04/02@12:53:06,29556,968.64232,5733.6
2026/04/02@12:53:07,29557,968.677,5736.3
2026/04/02@12:53:08,29558,968.6979,5739.0
2026/04/02@12:53:09,29559,968.64136,5741.7
2026/04/02@12:53:10,29560,968.65464,5744.4
2026/04/02@12:53:11,29561,968.6548,5747.1
2026/04/02@12:53:12,29562,968.64624,5749.8
2026/04/02@12:53:13,29563,968.66584,5752.5
2026/04/02@12:53:14,29564,968.6449,5755.2
2026/04/02@12:53:15,29565,968.64136,5757.9
2026/04/02@12:53:16,29566,968.658464,5760.6
2026/04/02@12:53:17,29567,968.67096,5763.3
2026/04/02@12:53:19,29569,968.66584,5768.7
2026/04/02@12:53:20,29570,968.63496,5771.4
2026/04/02@12:53:21,29571,968.670864,5774.1
2026/04/02@12:53:22,29572,968.64232,5776.8
2026/04/02@12:53:23,29573,968.6633,5779.5
2026/04/02@12:53:24,29574,968.6646,5782.2
2026/04/02@12:53:25,29575,968.6696,5784.9
2026/04/02@12:53:26,29576,968.68445,5787.6
2026/04/02@12:53:27,29577,968.6781,5790.3
2026/04/02@12:53:28,29578,968.67452,5793.0
2026/04/02@12:53:29,29579,968.66077,5797.1612903225805
2026/04/02@12:53:30,29580,968.63496,5801.322580645161
2026/04/02@12:53:32,29582,968.69304,5809.645161290323
2026/04/02@12:53:33,29583,968.6867,5813.806451612903
2026/04/02@12:53:34,29584,968.6831,5817.967741935484
2026/04/02@12:53:35,29585,968.669536,5822.129032258064
2026/04/02@12:53:36,29586,968.6596,5826.290322580645
2026/04/02@12:53:37,29587,968.65824,5830.451612903225
2026/04/02@12:53:38,29588,968.686768,5834.612903225807
2026/04/02@12:53:39,29589,968.6646,5838.774193548387
2026/04/02@12:53:40,29590,968.63732,5842.935483870968
2026/04/02@12:53:41,29591,968.6768,5847.096774193548
2026/04/02@12:53:42,29592,968.6867,5851.258064516129
2026/04/02@12:53:43,29593,968.65968,5855.419354838709
2026/04/02@12:53:45,29595,968.686768,5863.741935483871
2026/04/02@12:53:46,29596,968.6719,5867.903225806452
2026/04/02@12:53:47,29597,968.644864,5872.064516129032
2026/04/02@12:53:48,29598,968.6509,5876.225806451613
2026/04/02@12:53:49,29599,968.6832,5880.387096774193
2026/04/02@12:53:50,29600,968.6943,5884.548387096775
2026/04/02@12:53:51,29601,968.66205,5888.709677419355
2026/04/02@12:53:52,29602,968.6708,5892.870967741936
2026/04/02@12:53:53,29603,968.63008,5897.032258064516
2026/04/02@12:53:54,29604,968.64968,5901.193548387097
2026/04/02@12:53:55,29605,968.65464,5905.354838709677
2026/04/02@12:53:57,29606,968.6596,5913.677419354839
2026/04/02@12:53:58,29608,968.6769,5917.8387096774195
2026/04/02@12:53:59,29609,968.6831,5922.0
2026/04/02@12:54:00,29610,968.7042,5927.433333333333
2026/04/02@12:54:01,29611,968.6807,5932.866666666667
2026/04/02@12:54:02,29612,968.700432,5938.3
2026/04/02@12:54:03,29613,968.70024,5943.733333333334
2026/04/02@12:54:04,29614,968.6657,5949.166666666667
2026/04/02@12:54:05,29615,968.65824,5954.6
2026/04/02@12:54:06,29616,968.6704,5960.033333333334
2026/04/02@12:54:07,29617,968.6841,5965.466666666666
2026/04/02@12:54:08,29618,968.69168,5970.9
2026/04/02@12:54:10,29620,968.64708,5981.766666666666
2026/04/02@12:54:11,29621,968.63984,5987.2
2026/04/02@12:54:12,29622,968.6632,5992.633333333333
2026/04/02@12:54:13,29623,968.6571,5998.066666666667
2026/04/02@12:54:14,29624,968.66548,6003.5
2026/04/02@12:54:15,29625,968.67552,6008.933333333333
2026/04/02@12:54:16,29626,968.64344,6014.366666666667
2026/04/02@12:54:17,29627,968.65464,6019.8
2026/04/02@12:54:18,29628,968.6794,6025.233333333334
2026/04/02@12:54:19,29629,968.7101,6030.666666666667
2026/04/02@12:54:20,29630,968.6719,6036.1
2026/04/02@12:54:21,29631,968.68784,6041.533333333334
2026/04/02@12:54:23,29633,968.7099,6052.4
2026/04/02@12:54:24,29634,968.69272,6057.833333333333
2026/04/02@12:54:25,29635,968.699136,6063.266666666666
2026/04/02@12:54:26,29636,968.64952,6068.7
2026/04/02@12:54:27,29637,968.683,6074.133333333333
2026/04/02@12:54:28,29638,968.69416,6079.566666666667
2026/04/02@12:54:29,29639,968.6928,6085.0
2026/04/02@12:54:30,29640,968.7049,6091.0
2026/04/02@12:54:31,29641,968.71768,6097.0
2026/04/02@12:54:32,29642,968.66048,6103.0
2026/04/02@12:54:33,29643,968.67912,6109.0
2026/04/02@12:54:34,29644,968.636,6115.0
2026/04/02@12:54:36,29646,968.68268,6127.0
2026/04/02@12:54:37,29647,968.67668,6133.0
2026/04/02@12:54:38,29648,968.6753,6139.0
2026/04/02@12:54:39,29649,968.7075,6145.0
2026/04/02@12:54:40,29650,968.68776,6151.0
2026/04/02@12:54:41,29651,968.6779,6157.0
2026/04/02@12:54:42,29652,968.6816,6163.0
2026/04/02@12:54:43,29653,968.6704,6169.0
2026/04/02@12:54:44,29654,968.6989,6175.0
2026/04/02@12:54:45,29655,968.67912,6181.0
2026/04/02@12:54:46,29656,968.66176,6187.0
2026/04/02@12:54:47,29657,968.6693,6193.0
2026/04/02@12:54:49,29658,968.6691,6205.0
2026/04/02@12:54:50,29660,968.70516,6211.0
2026/04/02@12:54:51,29661,968.658,6217.0
2026/04/02@12:54:52,29662,968.6753,6223.0
2026/04/02@12:54:53,29663,968.7099,6229.0
2026/04/02@12:54:54,29664,968.6753,6235.0
2026/04/02@12:54:55,29665,968.68268,6241.0
2026/04/02@12:54:56,29666,968.63837,6247.0
2026/04/02@12:54:57,29667,968.6764,6253.0
2026/04/02@12:54:58,29668,968.69384,6259.0
2026/04/02@12:54:59,29669,968.701264,6265.0
2026/04/02@12:55:00,29670,968.69132,6271.0
2026/04/02@12:55:01,29671,968.72984,6276.8
2026/04/02@12:55:03,29673,968.7075,6288.4
2026/04/02@12:55:04,29674,968.7062,6294.2
2026/04/02@12:55:05,29675,968.7297,6300.0
2026/04/02@12:55:06,29676,968.7483,6305.8
2026/04/02@12:55:07,29677,968.70776,6311.6
2026/04/02@12:55:08,29678,968.71,6317.4
2026/04/02@12:55:09,29679,968.68268,6323.2
2026/04/02@12:55:10,29680,968.7321,6329.0
2026/04/02@12:55:11,29681,968.7026,6334.8
2026/04/02@12:55:12,29682,968.6962,6340.6
2026/04/02@12:55:13,29683,968.704,6346.4
2026/04/02@12:55:14,29684,968.685264,6352.2
2026/04/02@12:55:16,29686,968.68632,6363.8
2026/04/02@12:55:17,29687,968.6653,6369.6
2026/04/02@12:55:18,29688,968.65672,6375.4
2026/04/02@12:55:19,29689,968.701264,6381.2
2026/04/02@12:55:20,29690,968.6864,6387.0
2026/04/02@12:55:21,29691,968.6852,6392.8
2026/04/02@12:55:22,29692,968.6654,6398.6
2026/04/02@12:55:23,29693,968.7024,6404.4
2026/04/02@12:55:24,29694,968.6741,6410.2
2026/04/02@12:55:25,29695,968.6593,6416.0
2026/04/02@12:55:26,29696,968.6741,6421.8
2026/04/02@12:55:27,29697,968.6789,6427.6
2026/04/02@12:55:29,29699,968.692432,6439.2
2026/04/02@12:55:30,29700,968.6764,6445.0
2026/04/02@12:55:31,29701,968.6604,6450.774193548387
2026/04/02@12:55:32,29702,968.6948,6456.548387096775
2026/04/02@12:55:33,29703,968.63944,6462.322580645161
2026/04/02@12:55:34,29704,968.7062,6468.096774193548
2026/04/02@12:55:35,29705,968.68632,6473.870967741936
2026/04/02@12:55:36,29706,968.69616,6479.645161290323
2026/04/02@12:55:37,29707,968.667968,6485.419354838709
2026/04/02@12:55:38,29708,968.72456,6491.193548387097
2026/04/02@12:55:39,29709,968.68024,6496.967741935484
2026/04/02@12:55:40,29710,968.68024,6502.741935483871
2026/04/02@12:55:42,29712,968.6948,6514.290322580645
2026/04/02@12:55:43,29713,968.6678,6520.064516129032
2026/04/02@12:55:44,29714,968.7,6525.8387096774195
2026/04/02@12:55:45,29715,968.6728,6531.612903225807
2026/04/02@12:55:46,29716,968.6902,6537.387096774193
2026/04/02@12:55:47,29717,968.6814,6543.1612903225805
2026/04/02@12:55:48,29718,968.7025,6548.935483870968
2026/04/02@12:55:49,29719,968.69508,6554.709677419355
2026/04/02@12:55:50,29720,968.68992,6560.4838709677415
2026/04/02@12:55:51,29721,968.6948,6566.258064516129
2026/04/02@12:55:52,29722,968.7248,6572.032258064516
2026/04/02@12:55:53,29723,968.68252,6577.806451612903
2026/04/02@12:55:55,29725,968.72848,6589.354838709677
2026/04/02@12:55:56,29726,968.68,6595.129032258064
2026/04/02@12:55:57,29727,968.69616,6600.903225806452
2026/04/02@12:55:58,29728,968.687536,6606.677419354839
2026/04/02@12:55:59,29729,968.68136,6612.451612903225
2026/04/02@12:56:00,29730,968.6925,6618.225806451613
2026/04/02@12:56:01,29731,968.711,6624.0
2026/04/02@12:56:02,29732,968.7184,6629.580645161291
2026/04/02@12:56:03,29733,968.7062,6635.1612903225805
2026/04/02@12:56:04,29734,968.72948,6640.741935483871
2026/04/02@12:56:05,29735,968.7123,6646.322580645161
2026/04/02@12:56:06,29736,968.68252,6651.903225806452
2026/04/02@12:56:08,29738,968.69368,6663.064516129032
2026/04/02@12:56:09,29739,968.6925,6668.645161290323
2026/04/02@12:56:10,29740,968.6836,6674.225806451613
2026/04/02@12:56:11,29741,968.6814,6679.806451612903
2026/04/02@12:56:12,29742,968.662864,6685.387096774193
2026/04/02@12:56:13,29743,968.669,6690.967741935484
2026/04/02@12:56:14,29744,968.6716,6696.548387096775
2026/04/02@12:56:15,29745,968.687536,6702.129032258064
2026/04/02@12:56:16,29746,968.6902,6707.709677419355
2026/04/02@12:56:17,29747,968.6962,6713.290322580645
2026/04/02@12:56:18,29748,968.65896,6718.870967741936
2026/04/02@12:56:19,29749,968.67376,6724.451612903225
2026/04/02@12:56:21,29751,968.6602,6735.612903225807
2026/04/02@12:56:22,29752,968.6714,6741.193548387097
2026/04/02@12:56:23,29753,968.685,6746.774193548387
2026/04/02@12:56:24,29754,968.7173,6752.354838709677
2026/04/02@12:56:25,29755,968.7097,6757.935483870968
2026/04/02@12:56:26,29756,968.68868,6763.5161290322585
2026/04/02@12:56:27,29757,968.6985,6769.096774193548
2026/04/02@12:56:28,29758,968.687536,6774.677419354839
2026/04/02@12:56:29,29759,968.7,6780.258064516129
2026/04/02@12:56:30,29760,968.6887,6785.8387096774195
2026/04/02@12:56:31,29761,968.69616,6791.419354838709
2026/04/02@12:56:32,29762,968.7,6797.0
2026/04/02@12:56:34,29764,968.69748,6808.2
2026/04/02@12:56:35,29765,968.7046,6813.8
2026/04/02@12:56:36,29766,968.70332,6819.4
2026/04/02@12:56:37,29767,968.6775,6825.0
2026/04/02@12:56:38,29768,968.67776,6830.6
2026/04/02@12:56:39,29769,968.7195,6836.2
2026/04/02@12:56:40,29770,968.738,6841.8
2026/04/02@12:56:41,29771,968.72816,6847.4
2026/04/02@12:56:42,29772,968.7046,6853.0
2026/04/02@12:56:43,29773,968.71096,6858.6
2026/04/02@12:56:44,29774,968.6714,6864.2
2026/04/02@12:56:45,29775,968.706,6869.8
2026/04/02@12:56:47,29777,968.6454,6881.0
2026/04/02@12:56:48,29778,968.68352,6886.6
2026/04/02@12:56:49,29779,968.7123,6892.2
2026/04/02@12:56:50,29780,968.7097,6897.8
2026/04/02@12:56:51,29781,968.68992,6903.4
2026/04/02@12:56:52,29782,968.7097,6909.0
2026/04/02@12:56:53,29783,968.7369,6914.6
2026/04/02@12:56:54,29784,968.69224,6920.2
2026/04/02@12:56:55,29785,968.7209,6925.8
2026/04/02@12:56:56,29786,968.692432,6931.4
2026/04/02@12:56:57,29787,968.665136,6937.0
2026/04/02@12:56:58,29788,968.6947,6942.6
2026/04/02@12:57:00,29790,968.7123,6953.8
2026/04/02@12:57:01,29791,968.6975,6959.4
2026/04/02@12:57:02,29792,968.7046,6965.0
2026/04/02@12:57:03,29793,968.7123,6969.903225806452
2026/04/02@12:57:04,29794,968.67848,6974.806451612903
2026/04/02@12:57:05,29795,968.68136,6979.709677419355
2026/04/02@12:57:06,29796,968.7046,6984.612903225807
2026/04/02@12:57:07,29797,968.70332,6989.5161290322585
2026/04/02@12:57:08,29798,968.66768,6994.419354838709
2026/04/02@12:57:09,29799,968.6602,6999.322580645161
2026/04/02@12:57:10,29800,968.68616,7004.225806451613
2026/04/02@12:57:11,29801,968.6825,7009.129032258064
2026/04/02@12:57:13,29802,968.6317,7018.935483870968
2026/04/02@12:57:14,29804,968.6763,7023.8387096774195
2026/04/02@12:57:15,29805,968.6714,7028.741935483871
2026/04/02@12:57:16,29806,968.68976,7033.645161290323
2026/04/02@12:57:17,29807,968.6664,7038.548387096775
2026/04/02@12:57:18,29808,968.74056,7043.451612903225
2026/04/02@12:57:19,29809,968.71704,7048.354838709677
2026/04/02@12:57:20,29810,968.6984,7053.258064516129
2026/04/02@12:57:21,29811,968.73692,7058.1612903225805
2026/04/02@12:57:22,29812,968.71096,7063.064516129032
2026/04/02@12:57:23,29813,968.722064,7067.967741935484
2026/04/02@12:57:24,29814,968.6898,7072.870967741936
2026/04/02@12:57:26,29815,968.67848,7082.677419354839
2026/04/02@12:57:27,29817,968.68468,7087.580645161291
2026/04/02@12:57:28,29818,968.6749,7092.4838709677415
2026/04/02@12:57:29,29819,968.6983,7097.387096774193
2026/04/02@12:57:30,29820,968.7318,7102.290322580645
2026/04/02@12:57:31,29821,968.69584,7107.193548387097
2026/04/02@12:57:32,29822,968.7157,7112.096774193548
2026/04/02@12:57:33,29823,968.6934,7117.0
2026/04/02@12:57:34,29824,968.6612,7122.1
2026/04/02@12:57:35,29825,968.677264,7127.2
2026/04/02@12:57:36,29826,968.69224,7132.3
2026/04/02@12:57:37,29827,968.684736,7137.4
2026/04/02@12:57:39,29828,968.6783,7147.6
2026/04/02@12:57:40,29830,968.712064,7152.7
2026/04/02@12:57:41,29831,968.68728,7157.8
2026/04/02@12:57:42,29832,968.647632,7162.9
2026/04/02@12:57:43,29833,968.697,7168.0
2026/04/02@12:57:44,29834,968.6996,7173.1
2026/04/02@12:57:45,29835,968.6799,7178.2
2026/04/02@12:57:46,29836,968.6859,7183.3
2026/04/02@12:57:47,29837,968.7006,7188.4
2026/04/02@12:57:48,29838,968.6687,7193.5
2026/04/02@12:57:49,29839,968.7107,7198.6
2026/04/02@12:57:50,29840,968.7056,7203.7
2026/04/02@12:57:51,29841,968.6537,7208.8
2026/04/02@12:57:53,29843,968.71184,7219.0
2026/04/02@12:57:54,29844,968.6944,7224.1
2026/04/02@12:57:55,29845,968.6833,7229.2
2026/04/02@12:57:56,29846,968.63792,7234.3
2026/04/02@12:57:57,29847,968.68728,7239.4
2026/04/02@12:57:58,29848,968.6993,7244.5
2026/04/02@12:57:59,29849,968.7006,7249.6
2026/04/02@12:58:00,29850,968.6795,7254.7
2026/04/02@12:58:01,29851,968.70088,7259.8
2026/04/02@12:58:02,29852,968.63024,7264.9
2026/04/02@12:58:03,29853,968.70308,7270.0
2026/04/02@12:58:04,29854,968.6947,7274.967741935484
2026/04/02@12:58:06,29856,968.7046,7284.903225806452
2026/04/02@12:58:07,29857,968.676,7289.870967741936
2026/04/02@12:58:08,29858,968.68728,7294.8387096774195
2026/04/02@12:58:09,29859,968.6934,7299.806451612903
2026/04/02@12:58:10,29860,968.6674,7304.774193548387
2026/04/02@12:58:11,29861,968.72068,7309.741935483871
2026/04/02@12:58:12,29862,968.722832,7314.709677419355
2026/04/02@12:58:13,29863,968.688368,7319.677419354839
2026/04/02@12:58:14,29864,968.7082,7324.645161290323
2026/04/02@12:58:15,29865,968.707,7329.612903225807
2026/04/02@12:58:16,29866,968.7106,7334.580645161291
2026/04/02@12:58:17,29867,968.7068,7339.548387096775
2026/04/02@12:58:19,29869,968.6782,7349.4838709677415
2026/04/02@12:58:20,29870,968.6845,7354.451612903225
2026/04/02@12:58:21,29871,968.7056,7359.419354838709
2026/04/02@12:58:22,29872,968.65736,7364.387096774193
2026/04/02@12:58:23,29873,968.67976,7369.354838709677
2026/04/02@12:58:24,29874,968.675936,7374.322580645161
2026/04/02@12:58:25,29875,968.6847,7379.290322580645
2026/04/02@12:58:26,29876,968.72925,7384.258064516129
2026/04/02@12:58:27,29877,968.682,7389.225806451613
2026/04/02@12:58:28,29878,968.7118,7394.193548387097
2026/04/02@12:58:29,29879,968.72176,7399.1612903225805
2026/04/02@12:58:30,29880,968.6958,7404.129032258064
2026/04/02@12:58:32,29882,968.68824,7414.064516129032
2026/04/02@12:58:33,29883,968.6674,7419.032258064516
2026/04/02@12:58:34,29884,968.6513,7424.0
2026/04/02@12:58:35,29885,968.7166,7429.1
2026/04/02@12:58:36,29886,968.67736,7434.2
2026/04/02@12:58:37,29887,968.7029,7439.3
2026/04/02@12:58:38,29888,968.6897,7444.4
2026/04/02@12:58:39,29889,968.697,7449.5
2026/04/02@12:58:40,29890,968.6957,7454.6
2026/04/02@12:58:41,29891,968.6624,7459.7
2026/04/02@12:58:42,29892,968.68948,7464.8
2026/04/02@12:58:43,29893,968.6908,7469.9
2026/04/02@12:58:45,29895,968.698336,7480.1
2026/04/02@12:58:46,29896,968.6971,7485.2
2026/04/02@12:58:47,29897,968.6945,7490.3
2026/04/02@12:58:48,29898,968.6783,7495.4
2026/04/02@12:58:49,29899,968.71784,7500.5
2026/04/02@12:58:50,29900,968.7154,7505.6
2026/04/02@12:58:51,29901,968.6797,7510.7
2026/04/02@12:58:52,29902,968.6635,7515.8
2026/04/02@12:58:53,29903,968.67348,7520.9
2026/04/02@12:58:54,29904,968.702,7526.0
2026/04/02@12:58:55,29905,968.71784,7531.1
2026/04/02@12:58:56,29906,968.6932,7536.2
2026/04/02@12:58:58,29908,968.6538,7546.4
2026/04/02@12:58:59,29909,968.6796,7551.5
2026/04/02@12:59:00,29910,968.7079,7556.6
2026/04/02@12:59:01,29911,968.72768,7561.7
2026/04/02@12:59:02,29912,968.6833,7566.8
2026/04/02@12:59:03,29913,968.6675,7571.9
2026/04/02@12:59:04,29914,968.68824,7577.0
2026/04/02@12:59:05,29915,968.6957,7582.193548387097
2026/04/02@12:59:06,29916,968.70808,7587.387096774193
2026/04/02@12:59:07,29917,968.69084,7592.580645161291
2026/04/02@12:59:08,29918,968.6906,7597.774193548387
2026/04/02@12:59:09,29919,968.6797,7602.967741935484
2026/04/02@12:59:11,29921,968.7043,7613.354838709677
2026/04/02@12:59:12,29922,968.7033,7618.548387096775
2026/04/02@12:59:13,29923,968.67848,7623.741935483871
2026/04/02@12:59:14,29924,968.68468,7628.935483870968
2026/04/02@12:59:15,29925,968.6932,7634.129032258064
2026/04/02@12:59:16,29926,968.7018,7639.322580645161
2026/04/02@12:59:17,29927,968.67348,7644.5161290322585
2026/04/02@12:59:18,29928,968.682,7649.709677419355
2026/04/02@12:59:19,29929,968.680864,7654.903225806452
2026/04/02@12:59:20,29930,968.70432,7660.096774193548
2026/04/02@12:59:21,29931,968.66976,7665.290322580645
2026/04/02@12:59:22,29932,968.68824,7670.4838709677415
2026/04/02@12:59:24,29934,968.7056,7680.870967741936
2026/04/02@12:59:25,29935,968.7031,7686.064516129032
2026/04/02@12:59:26,29936,968.69944,7691.258064516129
2026/04/02@12:59:27,29937,968.6807,7696.451612903225
2026/04/02@12:59:28,29938,968.69084,7701.645161290323
2026/04/02@12:59:29,29939,968.65852,7706.8387096774195
2026/04/02@12:59:30,29940,968.67348,7712.032258064516
2026/04/02@12:59:31,29941,968.6856,7717.225806451613
2026/04/02@12:59:32,29942,968.6981,7722.419354838709
2026/04/02@12:59:33,29943,968.6856,7727.612903225807
2026/04/02@12:59:34,29944,968.66488,7732.806451612903
2026/04/02@12:59:35,29945,968.70664,7738.0
2026/04/02@12:59:37,29947,968.7202,7748.266666666666
2026/04/02@12:59:38,29948,968.70936,7753.4
2026/04/02@12:59:39,29949,968.67348,7758.533333333334
2026/04/02@12:59:40,29950,968.69944,7763.666666666667
2026/04/02@12:59:41,29951,968.6832,7768.8
2026/04/02@12:59:42,29952,968.7165,7773.933333333333
2026/04/02@12:59:43,29953,968.68824,7779.066666666667
2026/04/02@12:59:44,29954,968.6809,7784.2
2026/04/02@12:59:45,29955,968.6769,7789.333333333333
2026/04/02@12:59:46,29956,968.6362,7794.466666666666
2026/04/02@12:59:47,29957,968.7128,7799.6
2026/04/02@12:59:48,29958,968.6648,7804.733333333334
2026/04/02@12:59:50,29960,968.6473,7815.0
2026/04/02@12:59:51,29961,968.669536,7820.133333333333
2026/04/02@12:59:52,29962,968.7054,7825.266666666666
2026/04/02@12:59:53,29963,968.6955,7830.4
2026/04/02@12:59:54,29964,968.6945,7835.533333333334
2026/04/02@12:59:55,29965,968.68948,7840.666666666667
2026/04/02@12:59:56,29966,968.6979,7845.8
2026/04/02@12:59:57,29967,968.67336,7850.933333333333
2026/04/02@12:59:58,29968,968.68948,7856.066666666667
2026/04/02@12:59:59,29969,968.6917,7861.2
2026/04/02@13:00:00,29970,968.69304,7866.333333333333
2026/04/02@13:00:01,29971,968.6397,7871.466666666666
2026/04/02@13:00:03,29973,968.65096,7881.733333333334
2026/04/02@13:00:04,29974,968.69656,7886.866666666667
2026/04/02@13:00:05,29975,968.6484,7892.0
2026/04/02@13:00:06,29976,968.7079,7896.709677419355
2026/04/02@13:00:07,29977,968.6793,7901.419354838709
2026/04/02@13:00:08,29978,968.6819,7906.129032258064
2026/04/02@13:00:09,29979,968.6757,7910.8387096774195
2026/04/02@13:00:10,29980,968.6843,7915.548387096775
2026/04/02@13:00:11,29981,968.6795,7920.258064516129
2026/04/02@13:00:12,29982,968.65216,7924.967741935484
2026/04/02@13:00:13,29983,968.68552,7929.677419354839
2026/04/02@13:00:14,29984,968.6779,7934.387096774193
2026/04/02@13:00:16,29986,968.6916,7943.806451612903
2026/04/02@13:00:17,29987,968.6758,7948.5161290322585
2026/04/02@13:00:18,29988,968.71016,7953.225806451613
2026/04/02@13:00:19,29989,968.6534,7957.935483870968
2026/04/02@13:00:20,29990,968.70532,7962.645161290323
2026/04/02@13:00:21,29991,968.678032,7967.354838709677
2026/04/02@13:00:22,29992,968.6694,7972.064516129032
2026/04/02@13:00:23,29993,968.64344,7976.774193548387
2026/04/02@13:00:24,29994,968.6648,7981.4838709677415
2026/04/02@13:00:25,29995,968.6743,7986.193548387097
2026/04/02@13:00:26,29996,968.66816,7990.903225806452
2026/04/02@13:00:27,29997,968.7003,7995.612903225807
2026/04/02@13:00:29,29999,968.7103,8005.032258064516
2026/04/02@13:00:30,30000,968.68916,8009.741935483871
2026/04/02@13:00:31,30001,968.6805,8014.451612903225
2026/04/02@13:00:32,30002,968.6607,8019.1612903225805
2026/04/02@13:00:33,30003,968.6717,8023.870967741936
2026/04/02@13:00:34,30004,968.6767,8028.580645161291
2026/04/02@13:00:35,30005,968.6867,8033.290322580645
2026/04/02@13:00:36,30006,968.6719,8038.0
2026/04/02@13:00:37,30007,968.65576,8043.129032258064
2026/04/02@13:00:38,30008,968.6707,8048.258064516129
2026/04/02@13:00:39,30009,968.6793,8053.387096774193
2026/04/02@13:00:40,30010,968.7003,8058.5161290322585
2026/04/02@13:00:42,30011,968.674464,8068.774193548387
2026/04/02@13:00:43,30013,968.70136,8073.903225806452
2026/04/02@13:00:44,30014,968.663,8079.032258064516
2026/04/02@13:00:45,30015,968.6792,8084.1612903225805
2026/04/02@13:00:46,30016,968.6828,8089.290322580645
2026/04/02@13:00:47,30017,968.664368,8094.419354838709
2026/04/02@13:00:48,30018,968.70532,8099.548387096775
2026/04/02@13:00:49,30019,968.6866,8104.677419354839
2026/04/02@13:00:50,30020,968.6657,8109.806451612903
2026/04/02@13:00:51,30021,968.65332,8114.935483870968
2026/04/02@13:00:52,30022,968.6903,8120.064516129032
2026/04/02@13:00:53,30023,968.674464,8125.193548387097
2026/04/02@13:00:55,30025,968.68664,8135.451612903225
2026/04/02@13:00:56,30026,968.66068,8140.580645161291
2026/04/02@13:00:57,30027,968.6669,8145.709677419355
2026/04/02@13:00:58,30028,968.6804,8150.8387096774195
2026/04/02@13:00:59,30029,968.7089,8155.967741935484
2026/04/02@13:01:00,30030,968.67052,8161.096774193548
2026/04/02@13:01:01,30031,968.7162,8166.225806451613
2026/04/02@13:01:02,30032,968.6792,8171.354838709677
2026/04/02@13:01:03,30033,968.71736,8176.4838709677415
2026/04/02@13:01:04,30034,968.66184,8181.612903225807
2026/04/02@13:01:05,30035,968.6954,8186.741935483871
2026/04/02@13:01:06,30036,968.66184,8191.870967741936
2026/04/02@13:01:08,30038,968.659264,8202.4
2026/04/02@13:01:09,30039,968.657,8207.8
2026/04/02@13:01:10,30040,968.6668,8213.2
2026/04/02@13:01:11,30041,968.66068,8218.6
2026/04/02@13:01:12,30042,968.6446,8224.0
2026/04/02@13:01:13,30043,968.68536,8229.4
2026/04/02@13:01:14,30044,968.667968,8234.8
2026/04/02@13:01:15,30045,968.68268,8240.2
2026/04/02@13:01:16,30046,968.6891,8245.6
2026/04/02@13:01:17,30047,968.7039,8251.0
2026/04/02@13:01:18,30048,968.658,8256.4
2026/04/02@13:01:19,30049,968.68024,8261.8
2026/04/02@13:01:21,30051,968.6905,8272.6
2026/04/02@13:01:22,30052,968.6828,8278.0
2026/04/02@13:01:23,30053,968.647,8283.4
2026/04/02@13:01:24,30054,968.6792,8288.8
2026/04/02@13:01:25,30055,968.65452,8294.2
2026/04/02@13:01:26,30056,968.6395,8299.6
2026/04/02@13:01:27,30057,968.68552,8305.0
2026/04/02@13:01:28,30058,968.6717,8310.4
2026/04/02@13:01:29,30059,968.70872,8315.8
2026/04/02@13:01:30,30060,968.678,8321.2
2026/04/02@13:01:31,30061,968.66816,8326.6
2026/04/02@13:01:32,30062,968.6926,8332.0
2026/04/02@13:01:34,30064,968.6852,8342.8
2026/04/02@13:01:35,30065,968.667968,8348.2
2026/04/02@13:01:36,30066,968.667968,8353.6
2026/04/02@13:01:37,30067,968.6804,8359.0
2026/04/02@13:01:38,30068,968.6806,8364.129032258064
2026/04/02@13:01:39,30069,968.699,8369.258064516129
2026/04/02@13:01:40,30070,968.648464,8374.387096774193
2026/04/02@13:01:41,30071,968.6609,8379.516129032258
2026/04/02@13:01:42,30072,968.6778,8384.645161290322
2026/04/02@13:01:43,30073,968.65316,8389.774193548386
2026/04/02@13:01:44,30074,968.673,8394.90322580645
2026/04/02@13:01:45,30075,968.6989,8400.032258064517
2026/04/02@13:01:47,30077,968.7102,8410.290322580646
2026/04/02@13:01:48,30078,968.6756,8415.41935483871
2026/04/02@13:01:49,30079,968.6742,8420.548387096775
2026/04/02@13:01:50,30080,968.66296,8425.677419354839
2026/04/02@13:01:51,30081,968.6816,8430.806451612903
2026/04/02@13:01:52,30082,968.66184,8435.935483870968
2026/04/02@13:01:53,30083,968.68024,8441.064516129032
2026/04/02@13:01:54,30084,968.6559,8446.193548387097
2026/04/02@13:01:55,30085,968.6756,8451.322580645161
2026/04/02@13:01:56,30086,968.6902,8456.451612903225
2026/04/02@13:01:57,30087,968.6643,8461.58064516129
2026/04/02@13:01:58,30088,968.65952,8466.709677419354
2026/04/02@13:02:00,30090,968.71608,8476.967741935483
2026/04/02@13:02:01,30091,968.667968,8482.09677419355
2026/04/02@13:02:02,30092,968.66424,8487.225806451614
2026/04/02@13:02:03,30093,968.7113,8492.354838709678
2026/04/02@13:02:04,30094,968.63336,8497.483870967742
2026/04/02@13:02:05,30095,968.7049,8502.612903225807
2026/04/02@13:02:06,30096,968.66184,8507.741935483871
2026/04/02@13:02:07,30097,968.68268,8512.870967741936
2026/04/02@13:02:08,30098,968.63692,8518.0
2026/04/02@13:02:09,30099,968.6889,8523.7
2026/04/02@13:02:10,30100,968.6704,8529.4
2026/04/02@13:02:11,30101,968.64456,8535.1
2026/04/02@13:02:13,30103,968.68268,8546.5
2026/04/02@13:02:14,30104,968.6197,8552.2
2026/04/02@13:02:15,30105,968.6731,8557.9
2026/04/02@13:02:16,30106,968.659264,8563.6
2026/04/02@13:02:17,30107,968.6543,8569.3
2026/04/02@13:02:18,30108,968.6579,8575.0
2026/04/02@13:02:19,30109,968.6591,8580.7
2026/04/02@13:02:20,30110,968.65048,8586.4
2026/04/02@13:02:21,30111,968.6382,8592.1
2026/04/02@13:02:22,30112,968.62576,8597.8
2026/04/02@13:02:23,30113,968.65316,8603.5
2026/04/02@13:02:24,30114,968.66652,8609.2
2026/04/02@13:02:25,30115,968.6753,8614.9
2026/04/02@13:02:27,30117,968.6445,8626.3
2026/04/02@13:02:28,30118,968.6789,8632.0
2026/04/02@13:02:29,30119,968.683968,8637.7
2026/04/02@13:02:30,30120,968.7087,8643.4
2026/04/02@13:02:31,30121,968.6629,8649.1
2026/04/02@13:02:32,30122,968.6666,8654.8
2026/04/02@13:02:33,30123,968.65424,8660.5
2026/04/02@13:02:34,30124,968.7049,8666.2
2026/04/02@13:02:35,30125,968.657968,8671.9
2026/04/02@13:02:36,30126,968.685,8677.6
2026/04/02@13:02:37,30127,968.6295,8683.3
2026/04/02@13:02:38,30128,968.6716,8689.0
2026/04/02@13:02:40,30130,968.6814,8699.774193548386
2026/04/02@13:02:41,30131,968.65952,8705.161290322581
2026/04/02@13:02:42,30132,968.66296,8710.548387096775
2026/04/02@13:02:43,30133,968.69,8715.935483870968
2026/04/02@13:02:44,30134,968.6431,8721.322580645161
2026/04/02@13:02:45,30135,968.674,8726.709677419354
2026/04/02@13:02:46,30136,968.67896,8732.09677419355
2026/04/02@13:02:47,30137,968.69616,8737.483870967742
2026/04/02@13:02:48,30138,968.6777,8742.870967741936
2026/04/02@13:02:49,30139,968.6765,8748.258064516129
2026/04/02@13:02:50,30140,968.6789,8753.645161290322
2026/04/02@13:02:51,30141,968.6677,8759.032258064517
2026/04/02@13:02:53,30143,968.6481,8769.806451612903
2026/04/02@13:02:54,30144,968.6331,8775.193548387097
2026/04/02@13:02:55,30145,968.65048,8780.58064516129
2026/04/02@13:02:56,30146,968.6727,8785.967741935483
2026/04/02@13:02:57,30147,968.6591,8791.354838709678
2026/04/02@13:02:58,30148,968.65784,8796.741935483871
2026/04/02@13:02:59,30149,968.68504,8802.129032258064
2026/04/02@13:03:00,30150,968.6615,8807.516129032258
2026/04/02@13:03:01,30151,968.68,8812.90322580645
2026/04/02@13:03:02,30152,968.6627,8818.290322580646
2026/04/02@13:03:03,30153,968.6777,8823.677419354839
2026/04/02@13:03:04,30154,968.6627,8829.064516129032
2026/04/02@13:03:06,30156,968.6714,8839.838709677419
2026/04/02@13:03:07,30157,968.6651,8845.225806451614
2026/04/02@13:03:08,30158,968.6739,8850.612903225807
2026/04/02@13:03:09,30159,968.67,8856.0
2026/04/02@13:03:10,30160,968.6825,8861.2
2026/04/02@13:03:11,30161,968.6863,8866.4
2026/04/02@13:03:12,30162,968.664,8871.6
2026/04/02@13:03:13,30163,968.68616,8876.8
2026/04/02@13:03:14,30164,968.669,8882.0
2026/04/02@13:03:15,30165,968.7045,8887.2
2026/04/02@13:03:16,30166,968.6678,8892.4
2026/04/02@13:03:17,30167,968.6678,8897.6
2026/04/02@13:03:19,30169,968.69368,8908.0
2026/04/02@13:03:20,30170,968.66032,8913.2
2026/04/02@13:03:21,30171,968.6677,8918.4
2026/04/02@13:03:22,30172,968.70732,8923.6
2026/04/02@13:03:23,30173,968.6875,8928.8
2026/04/02@13:03:24,30174,968.66624,8934.0
2026/04/02@13:03:25,30175,968.6789,8939.2
2026/04/02@13:03:26,30176,968.68616,8944.4
2026/04/02@13:03:27,30177,968.68616,8949.6
2026/04/02@13:03:28,30178,968.6777,8954.8
2026/04/02@13:03:29,30179,968.6726,8960.0
2026/04/02@13:03:30,30180,968.6986,8965.2
2026/04/02@13:03:32,30182,968.681136,8975.6
2026/04/02@13:03:33,30183,968.66016,8980.8
2026/04/02@13:03:34,30184,968.681,8986.0
2026/04/02@13:03:35,30185,968.69,8991.2
2026/04/02@13:03:36,30186,968.678864,8996.4
2026/04/02@13:03:37,30187,968.6789,9001.6
2026/04/02@13:03:38,30188,968.692432,9006.8
2026/04/02@13:03:39,30189,968.6887,9012.0
2026/04/02@13:03:40,30190,968.6997,9017.806451612903
2026/04/02@13:03:41,30191,968.7134,9023.612903225807
2026/04/02@13:03:42,30192,968.6678,9029.41935483871
2026/04/02@13:03:43,30193,968.6799,9035.225806451614
2026/04/02@13:03:45,30195,968.6749,9046.838709677419
2026/04/02@13:03:46,30196,968.6825,9052.645161290322
2026/04/02@13:03:47,30197,968.67632,9058.451612903225
2026/04/02@13:03:48,30198,968.65268,9064.258064516129
2026/04/02@13:03:49,30199,968.68384,9070.064516129032
2026/04/02@13:03:50,30200,968.6825,9075.870967741936
2026/04/02@13:03:51,30201,968.642736,9081.677419354839
2026/04/02@13:03:52,30202,968.66488,9087.483870967742
2026/04/02@13:03:53,30203,968.65784,9093.290322580646
2026/04/02@13:03:54,30204,968.64516,9099.09677419355
2026/04/02@13:03:55,30205,968.6761,9104.90322580645
2026/04/02@13:03:56,30206,968.68384,9110.709677419354
2026/04/02@13:03:58,30208,968.684736,9122.322580645161
2026/04/02@13:03:59,30209,968.6825,9128.129032258064
2026/04/02@13:04:00,30210,968.6563,9133.935483870968
2026/04/02@13:04:01,30211,968.70952,9139.741935483871
2026/04/02@13:04:02,30212,968.6726,9145.548387096775
2026/04/02@13:04:03,30213,968.59952,9151.354838709678
2026/04/02@13:04:04,30214,968.6465,9157.161290322581
2026/04/02@13:04:05,30215,968.6761,9162.967741935483
2026/04/02@13:04:06,30216,968.6675,9168.774193548386
2026/04/02@13:04:07,30217,968.6872,9174.58064516129
2026/04/02@13:04:08,30218,968.70448,9180.387096774193
2026/04/02@13:04:09,30219,968.6726,9186.193548387097
2026/04/02@13:04:11,30221,968.66376,9197.7
2026/04/02@13:04:12,30222,968.69108,9203.4
2026/04/02@13:04:13,30223,968.6724,9209.1
2026/04/02@13:04:14,30224,968.6515,9214.8
2026/04/02@13:04:15,30225,968.681136,9220.5
2026/04/02@13:04:16,30226,968.6945,9226.2
2026/04/02@13:04:17,30227,968.65268,9231.9
2026/04/02@13:04:18,30228,968.67848,9237.6
2026/04/02@13:04:19,30229,968.6983,9243.3
2026/04/02@13:04:20,30230,968.6465,9249.0
2026/04/02@13:04:21,30231,968.697,9254.7
2026/04/02@13:04:22,30232,968.6983,9260.4
2026/04/02@13:04:24,30233,968.67616,9271.8
2026/04/02@13:04:25,30235,968.6686,9277.5
2026/04/02@13:04:26,30236,968.6626,9283.2
2026/04/02@13:04:27,30237,968.6726,9288.9
2026/04/02@13:04:28,30238,968.69352,9294.6
2026/04/02@13:04:29,30239,968.644032,9300.3
2026/04/02@13:04:30,30240,968.6501,9306.0
2026/04/02@13:04:31,30241,968.68224,9311.7
2026/04/02@13:04:32,30242,968.707,9317.4
2026/04/02@13:04:33,30243,968.6785,9323.1
2026/04/02@13:04:34,30244,968.67736,9328.8
2026/04/02@13:04:35,30245,968.6687,9334.5
2026/04/02@13:04:36,30246,968.6797,9340.2
2026/04/02@13:04:38,30248,968.68728,9351.6
2026/04/02@13:04:39,30249,968.6613,9357.3
2026/04/02@13:04:40,30250,968.65768,9363.0
2026/04/02@13:04:41,30251,968.686032,9367.709677419354
2026/04/02@13:04:42,30252,968.6983,9372.41935483871
2026/04/02@13:04:43,30253,968.6861,9377.129032258064
2026/04/02@13:04:44,30254,968.6945,9381.838709677419
2026/04/02@13:04:45,30255,968.6908,9386.548387096775
2026/04/02@13:04:46,30256,968.6724,9391.258064516129
2026/04/02@13:04:47,30257,968.67468,9395.967741935483
2026/04/02@13:04:48,30258,968.6861,9400.677419354839
2026/04/02@13:04:49,30259,968.6613,9405.387096774193
2026/04/02@13:04:51,30261,968.681,9414.806451612903
2026/04/02@13:04:52,30262,968.668736,9419.516129032258
2026/04/02@13:04:53,30263,968.6675,9424.225806451614
2026/04/02@13:04:54,30264,968.6833,9428.935483870968
2026/04/02@13:04:55,30265,968.6872,9433.645161290322
2026/04/02@13:04:56,30266,968.64532,9438.354838709678
2026/04/02@13:04:57,30267,968.6861,9443.064516129032
2026/04/02@13:04:58,30268,968.6811,9447.774193548386
2026/04/02@13:04:59,30269,968.6811,9452.483870967742
2026/04/02@13:05:00,30270,968.6957,9457.193548387097
2026/04/02@13:05:01,30271,968.6833,9461.90322580645
2026/04/02@13:05:02,30272,968.697,9466.612903225807
2026/04/02@13:05:04,30274,968.6933,9476.032258064517
2026/04/02@13:05:05,30275,968.6931,9480.741935483871
2026/04/02@13:05:06,30276,968.69944,9485.451612903225
2026/04/02@13:05:07,30277,968.67348,9490.161290322581
2026/04/02@13:05:08,30278,968.6959,9494.870967741936
2026/04/02@13:05:09,30279,968.7033,9499.58064516129
2026/04/02@13:05:10,30280,968.6699,9504.290322580646
2026/04/02@13:05:11,30281,968.67348,9509.0
2026/04/02@13:05:12,30282,968.702,9513.129032258064
2026/04/02@13:05:13,30283,968.665,9517.258064516129
2026/04/02@13:05:14,30284,968.6834,9521.387096774193
2026/04/02@13:05:15,30285,968.6945,9525.516129032258
2026/04/02@13:05:17,30287,968.6908,9533.774193548386
2026/04/02@13:05:18,30288,968.665,9537.90322580645
2026/04/02@13:05:19,30289,968.6524,9542.032258064517
2026/04/02@13:05:20,30290,968.6958,9546.161290322581
2026/04/02@13:05:21,30291,968.70296,9550.290322580646
2026/04/02@13:05:22,30292,968.6969,9554.41935483871
2026/04/02@13:05:23,30293,968.671,9558.548387096775
2026/04/02@13:05:24,30294,968.6782,9562.677419354839
2026/04/02@13:05:25,30295,968.6981,9566.806451612903
2026/04/02@13:05:26,30296,968.66,9570.935483870968
2026/04/02@13:05:27,30297,968.6746,9575.064516129032
2026/04/02@13:05:28,30298,968.698,9579.193548387097
2026/04/02@13:05:30,30300,968.6944,9587.451612903225
2026/04/02@13:05:31,30301,968.6782,9591.58064516129
2026/04/02@13:05:32,30302,968.688368,9595.709677419354
2026/04/02@13:05:33,30303,968.6956,9599.838709677419
2026/04/02@13:05:34,30304,968.68948,9603.967741935483
2026/04/02@13:05:35,30305,968.67848,9608.09677419355
2026/04/02@13:05:36,30306,968.688368,9612.225806451614
2026/04/02@13:05:37,30307,968.6795,9616.354838709678
2026/04/02@13:05:38,30308,968.675936,9620.483870967742
2026/04/02@13:05:39,30309,968.6994,9624.612903225807
2026/04/02@13:05:40,30310,968.69052,9628.741935483871
2026/04/02@13:05:41,30311,968.7042,9632.870967741936
2026/04/02@13:05:43,30313,968.7152,9640.333333333334
2026/04/02@13:05:44,30314,968.6919,9643.666666666666
2026/04/02@13:05:45,30315,968.6757,9647.0
2026/04/02@13:05:46,30316,968.69052,9650.333333333334
2026/04/02@13:05:47,30317,968.6881,9653.666666666666
2026/04/02@13:05:48,30318,968.6929,9657.0
2026/04/02@13:05:49,30319,968.7092,9660.333333333334
2026/04/02@13:05:50,30320,968.69052,9663.666666666666
2026/04/02@13:05:51,30321,968.7067,9667.0
2026/04/02@13:05:52,30322,968.68332,9670.333333333334
2026/04/02@13:05:53,30323,968.6856,9673.666666666666
2026/04/02@13:05:54,30324,968.7078,9677.0
2026/04/02@13:05:55,30325,968.7265,9680.333333333334
2026/04/02@13:05:57,30327,968.7028,9687.0
2026/04/02@13:05:58,30328,968.7092,9690.333333333334
2026/04/02@13:05:59,30329,968.70056,9693.666666666666
2026/04/02@13:06:00,30330,968.7327,9697.0
2026/04/02@13:06:01,30331,968.7043,9700.333333333334
2026/04/02@13:06:02,30332,968.7029,9703.666666666666
2026/04/02@13:06:03,30333,968.688,9707.0
2026/04/02@13:06:04,30334,968.66328,9710.333333333334
2026/04/02@13:06:05,30335,968.6955,9713.666666666666
2026/04/02@13:06:06,30336,968.6906,9717.0
2026/04/02@13:06:07,30337,968.6807,9720.333333333334
2026/04/02@13:06:08,30338,968.7054,9723.666666666666
2026/04/02@13:06:10,30340,968.73376,9730.333333333334
2026/04/02@13:06:11,30341,968.6892,9733.666666666666
2026/04/02@13:06:12,30342,968.6979,9737.0
2026/04/02@13:06:13,30343,968.66092,9740.0
2026/04/02@13:06:14,30344,968.6817,9743.0
2026/04/02@13:06:15,30345,968.6955,9746.0
2026/04/02@13:06:16,30346,968.6953,9749.0
2026/04/02@13:06:17,30347,968.6929,9752.0
2026/04/02@13:06:18,30348,968.7152,9755.0
2026/04/02@13:06:19,30349,968.7165,9758.0
2026/04/02@13:06:20,30350,968.6954,9761.0
2026/04/02@13:06:21,30351,968.68696,9764.0
2026/04/02@13:06:23,30353,968.68308,9770.0
2026/04/02@13:06:24,30354,968.7028,9773.0
2026/04/02@13:06:25,30355,968.6978,9776.0
2026/04/02@13:06:26,30356,968.6856,9779.0
2026/04/02@13:06:27,30357,968.7029,9782.0
2026/04/02@13:06:28,30358,968.71268,9785.0
2026/04/02@13:06:29,30359,968.7152,9788.0
2026/04/02@13:06:30,30360,968.699136,9791.0
2026/04/02@13:06:31,30361,968.7314,9794.0
2026/04/02@13:06:32,30362,968.700432,9797.0
2026/04/02@13:06:33,30363,968.6916,9800.0
2026/04/02@13:06:34,30364,968.699136,9803.0
2026/04/02@13:06:36,30366,968.71896,9809.0
2026/04/02@13:06:37,30367,968.6731,9812.0
2026/04/02@13:06:38,30368,968.7029,9815.0
2026/04/02@13:06:39,30369,968.6967,9818.0
2026/04/02@13:06:40,30370,968.71768,9821.0
2026/04/02@13:06:41,30371,968.699136,9824.0
2026/04/02@13:06:42,30372,968.66696,9827.0
2026/04/02@13:06:43,30373,968.7003,9830.0
2026/04/02@13:06:44,30374,968.70652,9832.6
2026/04/02@13:06:45,30375,968.7003,9835.2
2026/04/02@13:06:46,30376,968.70532,9837.8
2026/04/02@13:06:47,30377,968.6989,9840.4
2026/04/02@13:06:49,30379,968.6891,9845.6
2026/04/02@13:06:50,30380,968.6805,9848.2
2026/04/02@13:06:51,30381,968.6731,9850.8
2026/04/02@13:06:52,30382,968.70532,9853.4
2026/04/02@13:06:53,30383,968.6729,9856.0
2026/04/02@13:06:54,30384,968.7236,9858.6
2026/04/02@13:06:55,30385,968.6669,9861.2
2026/04/02@13:06:56,30386,968.6929,9863.8
2026/04/02@13:06:57,30387,968.70532,9866.4
2026/04/02@13:06:58,30388,968.67912,9869.0
2026/04/02@13:06:59,30389,968.72624,9871.6
2026/04/02@13:07:01,30391,968.7272,9876.8
2026/04/02@13:07:02,30392,968.7187,9879.4
2026/04/02@13:07:03,30393,968.7187,9882.0
2026/04/02@13:07:04,30394,968.7113,9884.6
2026/04/02@13:07:05,30395,968.72,9887.2
2026/04/02@13:07:06,30396,968.707664,9889.8
2026/04/02@13:07:07,30397,968.707664,9892.4
2026/04/02@13:07:08,30398,968.7088,9895.0
2026/04/02@13:07:09,30399,968.7187,9897.6
2026/04/02@13:07:10,30400,968.6866,9900.2
2026/04/02@13:07:11,30401,968.7151,9902.8
2026/04/02@13:07:12,30402,968.6719,9905.4
2026/04/02@13:07:14,30404,968.7039,9910.354838709678
2026/04/02@13:07:15,30405,968.71896,9912.709677419354
2026/04/02@13:07:16,30406,968.6951,9915.064516129032
2026/04/02@13:07:17,30407,968.6976,9917.41935483871
2026/04/02@13:07:18,30408,968.7003,9919.774193548386
2026/04/02@13:07:19,30409,968.7099,9922.129032258064
2026/04/02@13:07:20,30410,968.707664,9924.483870967742
2026/04/02@13:07:21,30411,968.71868,9926.838709677419
2026/04/02@13:07:22,30412,968.73736,9929.193548387097
2026/04/02@13:07:23,30413,968.6989,9931.548387096775
2026/04/02@13:07:24,30414,968.7285,9933.90322580645
2026/04/02@13:07:25,30415,968.6954,9936.258064516129
2026/04/02@13:07:27,30417,968.7025,9940.967741935483
2026/04/02@13:07:28,30418,968.6976,9943.322580645161
2026/04/02@13:07:29,30419,968.73736,9945.677419354839
2026/04/02@13:07:30,30420,968.71984,9948.032258064517
2026/04/02@13:07:31,30421,968.7272,9950.387096774193
2026/04/02@13:07:32,30422,968.70136,9952.741935483871
2026/04/02@13:07:33,30423,968.76448,9955.09677419355
2026/04/02@13:07:34,30424,968.7176,9957.451612903225
2026/04/02@13:07:35,30425,968.714832,9959.806451612903
2026/04/02@13:07:36,30426,968.6964,9962.161290322581
2026/04/02@13:07:37,30427,968.7088,9964.516129032258
2026/04/02@13:07:38,30428,968.7099,9966.870967741936
2026/04/02@13:07:39,30429,968.7075,9969.225806451614
2026/04/02@13:07:41,30431,968.70516,9973.935483870968
2026/04/02@13:07:42,30432,968.7299,9976.290322580646
2026/04/02@13:07:43,30433,968.7003,9978.645161290322
2026/04/02@13:07:44,30434,968.7114,9981.0
2026/04/02@13:07:45,30435,968.69168,9983.433333333332
2026/04/02@13:07:46,30436,968.7272,9985.866666666667
2026/04/02@13:07:47,30437,968.69764,9988.3
2026/04/02@13:07:48,30438,968.7126,9990.733333333334
2026/04/02@13:07:49,30439,968.7151,9993.166666666666
2026/04/02@13:07:50,30440,968.7125,9995.6
2026/04/02@13:07:51,30441,968.7225,9998.033333333333
2026/04/02@13:07:52,30442,968.73,10000.466666666667
2026/04/02@13:07:54,30444,968.71736,10005.333333333334
2026/04/02@13:07:55,30445,968.72104,10007.766666666666
2026/04/02@13:07:56,30446,968.7201,10010.2
2026/04/02@13:07:57,30447,968.69668,10012.633333333333
2026/04/02@13:07:58,30448,968.7287,10015.066666666668
2026/04/02@13:07:59,30449,968.711232,10017.5
2026/04/02@13:08:00,30450,968.7014,10019.933333333332
2026/04/02@13:08:01,30451,968.7483,10022.366666666667
2026/04/02@13:08:02,30452,968.7076,10024.8
2026/04/02@13:08:03,30453,968.7151,10027.233333333334
2026/04/02@13:08:04,30454,968.7435,10029.666666666666
2026/04/02@13:08:05,30455,968.73984,10032.1
2026/04/02@13:08:07,30457,968.7283,10036.966666666667
2026/04/02@13:08:08,30458,968.7074,10039.4
2026/04/02@13:08:09,30459,968.69272,10041.833333333334
2026/04/02@13:08:10,30460,968.725936,10044.266666666666
2026/04/02@13:08:11,30461,968.75944,10046.7
2026/04/02@13:08:12,30462,968.7285,10049.133333333333
2026/04/02@13:08:13,30463,968.7299,10051.566666666668
2026/04/02@13:08:14,30464,968.7236,10054.0
2026/04/02@13:08:15,30465,968.71984,10057.58064516129
2026/04/02@13:08:16,30466,968.7075,10061.161290322581
2026/04/02@13:08:17,30467,968.7382,10064.741935483871
2026/04/02@13:08:18,30468,968.711232,10068.322580645161
2026/04/02@13:08:20,30470,968.7458,10075.483870967742
2026/04/02@13:08:21,30471,968.6937,10079.064516129032
2026/04/02@13:08:22,30472,968.7297,10082.645161290322
2026/04/02@13:08:23,30473,968.718464,10086.225806451614
2026/04/02@13:08:24,30474,968.7273,10089.806451612903
2026/04/02@13:08:25,30475,968.7174,10093.387096774193
2026/04/02@13:08:26,30476,968.70136,10096.967741935483
2026/04/02@13:08:27,30477,968.70624,10100.548387096775
2026/04/02@13:08:28,30478,968.705,10104.129032258064
2026/04/02@13:08:29,30479,968.7406,10107.709677419354
2026/04/02@13:08:30,30480,968.72092,10111.290322580646
2026/04/02@13:08:31,30481,968.73848,10114.870967741936
2026/04/02@13:08:33,30483,968.7335,10122.032258064517
2026/04/02@13:08:34,30484,968.68744,10125.612903225807
2026/04/02@13:08:35,30485,968.755568,10129.193548387097
2026/04/02@13:08:36,30486,968.7308,10132.774193548386
2026/04/02@13:08:37,30487,968.71096,10136.354838709678
2026/04/02@13:08:38,30488,968.68504,10139.935483870968
2026/04/02@13:08:39,30489,968.7235,10143.516129032258
2026/04/02@13:08:40,30490,968.7074,10147.09677419355
2026/04/02@13:08:41,30491,968.71968,10150.677419354839
2026/04/02@13:08:42,30492,968.71592,10154.258064516129
2026/04/02@13:08:43,30493,968.72344,10157.838709677419
2026/04/02@13:08:44,30494,968.7394,10161.41935483871
2026/04/02@13:08:46,30496,968.7383,10168.7
2026/04/02@13:08:47,30497,968.7532,10172.4
2026/04/02@13:08:48,30498,968.729536,10176.1
2026/04/02@13:08:49,30499,968.7098,10179.8
2026/04/02@13:08:50,30500,968.74696,10183.5
2026/04/02@13:08:51,30501,968.72832,10187.2
2026/04/02@13:08:52,30502,968.7356,10190.9
2026/04/02@13:08:53,30503,968.7494,10194.6
2026/04/02@13:08:54,30504,968.714832,10198.3
2026/04/02@13:08:55,30505,968.7209,10202.0
2026/04/02@13:08:56,30506,968.7482,10205.7
2026/04/02@13:08:57,30507,968.7098,10209.4
2026/04/02@13:08:59,30509,968.71968,10216.8
2026/04/02@13:09:00,30510,968.7369,10220.5
2026/04/02@13:09:01,30511,968.7184,10224.2
2026/04/02@13:09:02,30512,968.7207,10227.9
2026/04/02@13:09:03,30513,968.7318,10231.6
2026/04/02@13:09:04,30514,968.710768,10235.3
2026/04/02@13:09:05,30515,968.72684,10239.0
2026/04/02@13:09:06,30516,968.72848,10242.7
2026/04/02@13:09:07,30517,968.7405,10246.4
2026/04/02@13:09:08,30518,968.7098,10250.1
2026/04/02@13:09:09,30519,968.7406,10253.8
2026/04/02@13:09:10,30520,968.7109,10257.5
2026/04/02@13:09:12,30522,968.72184,10264.9
2026/04/02@13:09:13,30523,968.75808,10268.6
2026/04/02@13:09:14,30524,968.76384,10272.3
2026/04/02@13:09:15,30525,968.74664,10276.0
2026/04/02@13:09:16,30526,968.77268,10279.90322580645
2026/04/02@13:09:17,30527,968.7516,10283.806451612903
2026/04/02@13:09:18,30528,968.7355,10287.709677419354
2026/04/02@13:09:19,30529,968.6996,10291.612903225807
2026/04/02@13:09:20,30530,968.76376,10295.516129032258
2026/04/02@13:09:21,30531,968.7368,10299.41935483871
2026/04/02@13:09:22,30532,968.7109,10303.322580645161
2026/04/02@13:09:23,30533,968.7232,10307.225806451614
2026/04/02@13:09:25,30535,968.738064,10315.032258064517
2026/04/02@13:09:26,30536,968.7381,10318.935483870968
2026/04/02@13:09:27,30537,968.73064,10322.838709677419
2026/04/02@13:09:28,30538,968.7381,10326.741935483871
2026/04/02@13:09:29,30539,968.71932,10330.645161290322
2026/04/02@13:09:30,30540,968.7318,10334.548387096775
2026/04/02@13:09:31,30541,968.684736,10338.451612903225
2026/04/02@13:09:32,30542,968.7342,10342.354838709678
2026/04/02@13:09:33,30543,968.7123,10346.258064516129
2026/04/02@13:09:34,30544,968.73048,10350.161290322581
2026/04/02@13:09:35,30545,968.7134,10354.064516129032
2026/04/02@13:09:36,30546,968.7491,10357.967741935483
2026/04/02@13:09:38,30548,968.7332,10365.774193548386
2026/04/02@13:09:39,30549,968.71932,10369.677419354839
2026/04/02@13:09:40,30550,968.71576,10373.58064516129
2026/04/02@13:09:41,30551,968.74664,10377.483870967742
2026/04/02@13:09:42,30552,968.7207,10381.387096774193
2026/04/02@13:09:43,30553,968.7453,10385.290322580646
2026/04/02@13:09:44,30554,968.7516,10389.193548387097
2026/04/02@13:09:45,30555,968.76264,10393.09677419355
2026/04/02@13:09:46,30556,968.7268,10397.0
2026/04/02@13:09:47,30557,968.7441,10400.2
2026/04/02@13:09:48,30558,968.7205,10403.4
2026/04/02@13:09:49,30559,968.712,10406.6
2026/04/02@13:09:51,30561,968.70952,10413.0
2026/04/02@13:09:52,30562,968.7452,10416.2
2026/04/02@13:09:53,30563,968.6972,10419.4
2026/04/02@13:09:54,30564,968.6947,10422.6
2026/04/02@13:09:55,30565,968.6947,10425.8
2026/04/02@13:09:56,30566,968.712064,10429.0
2026/04/02@13:09:57,30567,968.71932,10432.2
2026/04/02@13:09:58,30568,968.7391,10435.4
2026/04/02@13:09:59,30569,968.718,10438.6
2026/04/02@13:10:00,30570,968.72068,10441.8
2026/04/02@13:10:01,30571,968.72068,10445.0
2026/04/02@13:10:02,30572,968.7107,10448.2
2026/04/02@13:10:04,30574,968.75632,10454.6
2026/04/02@13:10:05,30575,968.7403,10457.8
2026/04/02@13:10:06,30576,968.73304,10461.0
2026/04/02@13:10:07,30577,968.6897,10464.2
2026/04/02@13:10:08,30578,968.7205,10467.4
2026/04/02@13:10:09,30579,968.7304,10470.6
2026/04/02@13:10:10,30580,968.72548,10473.8
2026/04/02@13:10:11,30581,968.7391,10477.0
2026/04/02@13:10:12,30582,968.7342,10480.2
2026/04/02@13:10:13,30583,968.7243,10483.4
2026/04/02@13:10:14,30584,968.7464,10486.6
2026/04/02@13:10:15,30585,968.6985,10489.8
2026/04/02@13:10:17,30587,968.74536,10497.225806451614
2026/04/02@13:10:18,30588,968.70936,10501.451612903225
2026/04/02@13:10:19,30589,968.718,10505.677419354839
2026/04/02@13:10:20,30590,968.73048,10509.90322580645
2026/04/02@13:10:21,30591,968.738064,10514.129032258064
2026/04/02@13:10:22,30592,968.697,10518.354838709678
2026/04/02@13:10:23,30593,968.7268,10522.58064516129
2026/04/02@13:10:24,30594,968.69216,10526.806451612903
2026/04/02@13:10:25,30595,968.76872,10531.032258064517
2026/04/02@13:10:26,30596,968.72296,10535.258064516129
2026/04/02@13:10:27,30597,968.72068,10539.483870967742
2026/04/02@13:10:28,30598,968.70088,10543.709677419354
2026/04/02@13:10:30,30599,968.718,10552.161290322581
2026/04/02@13:10:31,30601,968.7342,10556.387096774193
2026/04/02@13:10:32,30602,968.7145,10560.612903225807
2026/04/02@13:10:33,30603,968.715664,10564.838709677419
2026/04/02@13:10:34,30604,968.71332,10569.064516129032
2026/04/02@13:10:35,30605,968.725664,10573.290322580646
2026/04/02@13:10:36,30606,968.738064,10577.516129032258
2026/04/02@13:10:37,30607,968.71816,10581.741935483871
2026/04/02@13:10:38,30608,968.69352,10585.967741935483
2026/04/02@13:10:39,30609,968.75272,10590.193548387097
2026/04/02@13:10:40,30610,968.71816,10594.41935483871
2026/04/02@13:10:41,30611,968.718,10598.645161290322
2026/04/02@13:10:43,30612,968.7205,10607.09677419355
2026/04/02@13:10:44,30614,968.7219,10611.322580645161
2026/04/02@13:10:45,30615,968.7045,10615.548387096775
2026/04/02@13:10:46,30616,968.7193,10619.774193548386
2026/04/02@13:10:47,30617,968.7031,10624.0
2026/04/02@13:10:48,30618,968.7342,10627.354838709678
2026/04/02@13:10:49,30619,968.72408,10630.709677419354
2026/04/02@13:10:50,30620,968.68352,10634.064516129032
2026/04/02@13:10:51,30621,968.7279,10637.41935483871
2026/04/02@13:10:52,30622,968.718,10640.774193548386
2026/04/02@13:10:53,30623,968.697,10644.129032258064
2026/04/02@13:10:54,30624,968.72296,10647.483870967742
2026/04/02@13:10:55,30625,968.729,10650.838709677419
2026/04/02@13:10:57,30627,968.7318,10657.548387096775
2026/04/02@13:10:58,30628,968.734,10660.90322580645
2026/04/02@13:10:59,30629,968.70685,10664.258064516129
2026/04/02@13:11:00,30630,968.6799,10667.612903225807
2026/04/02@13:11:01,30631,968.7121,10670.967741935483
2026/04/02@13:11:02,30632,968.7365,10674.322580645161
2026/04/02@13:11:03,30633,968.741664,10677.677419354839
2026/04/02@13:11:04,30634,968.7279,10681.032258064517
2026/04/02@13:11:05,30635,968.688368,10684.387096774193
2026/04/02@13:11:06,30636,968.71176,10687.741935483871
2026/04/02@13:11:07,30637,968.723,10691.09677419355
2026/04/02@13:11:08,30638,968.72296,10694.451612903225
2026/04/02@13:11:10,30640,968.7464,10701.161290322581
2026/04/02@13:11:11,30641,968.7537,10704.516129032258
2026/04/02@13:11:12,30642,968.7031,10707.870967741936
2026/04/02@13:11:13,30643,968.71424,10711.225806451614
2026/04/02@13:11:14,30644,968.7614,10714.58064516129
2026/04/02@13:11:15,30645,968.7565,10717.935483870968
2026/04/02@13:11:16,30646,968.6945,10721.290322580646
2026/04/02@13:11:17,30647,968.7266,10724.645161290322
2026/04/02@13:11:18,30648,968.6797,10728.0
2026/04/02@13:11:19,30649,968.74504,10730.6
2026/04/02@13:11:20,30650,968.7008,10733.2
2026/04/02@13:11:21,30651,968.7241,10735.8
2026/04/02@13:11:23,30653,968.71176,10741.0
2026/04/02@13:11:24,30654,968.70936,10743.6
2026/04/02@13:11:25,30655,968.7525,10746.2
2026/04/02@13:11:26,30656,968.7278,10748.8
2026/04/02@13:11:27,30657,968.70685,10751.4
2026/04/02@13:11:28,30658,968.717936,10754.0
2026/04/02@13:11:29,30659,968.7661,10756.6
2026/04/02@13:11:30,30660,968.7118,10759.2
2026/04/02@13:11:31,30661,968.73268,10761.8
2026/04/02@13:11:32,30662,968.731568,10764.4
2026/04/02@13:11:33,30663,968.71544,10767.0
2026/04/02@13:11:34,30664,968.709168,10769.6
2026/04/02@13:11:36,30666,968.6932,10774.8
2026/04/02@13:11:37,30667,968.71292,10777.4
2026/04/02@13:11:38,30668,968.7179,10780.0
2026/04/02@13:11:39,30669,968.7289,10782.6
2026/04/02@13:11:40,30670,968.72652,10785.2
2026/04/02@13:11:41,30671,968.71544,10787.8
2026/04/02@13:11:42,30672,968.70056,10790.4
2026/04/02@13:11:43,30673,968.709168,10793.0
2026/04/02@13:11:44,30674,968.74252,10795.6
2026/04/02@13:11:45,30675,968.7302,10798.2
2026/04/02@13:11:46,30676,968.6993,10800.8
2026/04/02@13:11:47,30677,968.7289,10803.4
2026/04/02@13:11:49,30679,968.70685,10808.483870967742
2026/04/02@13:11:50,30680,968.7017,10810.967741935483
2026/04/02@13:11:51,30681,968.7166,10813.451612903225
2026/04/02@13:11:52,30682,968.7031,10815.935483870968
2026/04/02@13:11:53,30683,968.70652,10818.41935483871
2026/04/02@13:11:54,30684,968.71408,10820.90322580645
2026/04/02@13:11:55,30685,968.7215,10823.387096774193
2026/04/02@13:11:56,30686,968.6969,10825.870967741936
2026/04/02@13:11:57,30687,968.735,10828.354838709678
2026/04/02@13:11:58,30688,968.716432,10830.838709677419
2026/04/02@13:11:59,30689,968.71868,10833.322580645161
2026/04/02@13:12:00,30690,968.710464,10835.806451612903
2026/04/02@13:12:02,30692,968.6807,10840.774193548386
2026/04/02@13:12:03,30693,968.7213,10843.258064516129
2026/04/02@13:12:04,30694,968.721536,10845.741935483871
2026/04/02@13:12:05,30695,968.7054,10848.225806451614
2026/04/02@13:12:06,30696,968.6768,10850.709677419354
2026/04/02@13:12:07,30697,968.722832,10853.193548387097
2026/04/02@13:12:08,30698,968.70516,10855.677419354839
2026/04/02@13:12:09,30699,968.71016,10858.161290322581
2026/04/02@13:12:10,30700,968.7129,10860.645161290322
2026/04/02@13:12:11,30701,968.7249,10863.129032258064
2026/04/02@13:12:12,30702,968.7363,10865.612903225807
2026/04/02@13:12:13,30703,968.687,10868.09677419355
2026/04/02@13:12:15,30705,968.700432,10873.064516129032
2026/04/02@13:12:16,30706,968.7226,10875.548387096775
2026/04/02@13:12:17,30707,968.691936,10878.032258064517
2026/04/02@13:12:18,30708,968.6992,10880.516129032258
2026/04/02@13:12:19,30709,968.75108,10883.0
2026/04/02@13:12:20,30710,968.71868,10885.533333333333
2026/04/02@13:12:21,30711,968.6867,10888.066666666668
2026/04/02@13:12:22,30712,968.70152,10890.6
2026/04/02@13:12:23,30713,968.7213,10893.133333333333
2026/04/02@13:12:24,30714,968.7288,10895.666666666666
2026/04/02@13:12:25,30715,968.69764,10898.2
2026/04/02@13:12:26,30716,968.7224,10900.733333333334
2026/04/02@13:12:28,30718,968.69776,10905.8
2026/04/02@13:12:29,30719,968.7103,10908.333333333334
2026/04/02@13:12:30,30720,968.7633,10910.866666666667
2026/04/02@13:12:31,30721,968.6917,10913.4
2026/04/02@13:12:32,30722,968.72624,10915.933333333332
2026/04/02@13:12:33,30723,968.7225,10918.466666666667
2026/04/02@13:12:34,30724,968.746064,10921.0
2026/04/02@13:12:35,30725,968.7238,10923.533333333333
2026/04/02@13:12:36,30726,968.7174,10926.066666666668
2026/04/02@13:12:37,30727,968.7287,10928.6
2026/04/02@13:12:38,30728,968.7361,10931.133333333333
2026/04/02@13:12:39,30729,968.7163,10933.666666666666
2026/04/02@13:12:41,30731,968.7263,10938.733333333334
2026/04/02@13:12:42,30732,968.72016,10941.266666666666
2026/04/02@13:12:43,30733,968.6917,10943.8
2026/04/02@13:12:44,30734,968.73224,10946.333333333334
2026/04/02@13:12:45,30735,968.7238,10948.866666666667
2026/04/02@13:12:46,30736,968.7101,10951.4
2026/04/02@13:12:47,30737,968.6969,10953.933333333332
2026/04/02@13:12:48,30738,968.71868,10956.466666666667
2026/04/02@13:12:49,30739,968.6954,10959.0
2026/04/02@13:12:50,30740,968.72624,10961.636363636364
2026/04/02@13:12:51,30741,968.74712,10964.272727272728
2026/04/02@13:12:52,30742,968.70532,10966.90909090909
2026/04/02@13:12:54,30744,968.704064,10972.181818181818
2026/04/02@13:12:55,30745,968.686768,10974.818181818182
2026/04/02@13:12:56,30746,968.70652,10977.454545454546
2026/04/02@13:12:57,30747,968.7285,10980.09090909091
2026/04/02@13:12:58,30748,968.69776,10982.727272727272
2026/04/02@13:12:59,30749,968.70024,10985.363636363636
2026/04/02@13:13:00,30750,968.7385,10988.0
2026/04/02@13:13:01,30751,968.700432,10990.636363636364
2026/04/02@13:13:02,30752,968.6965,10993.272727272728
2026/04/02@13:13:03,30753,968.7483,10995.90909090909
2026/04/02@13:13:04,30754,968.748336,10998.545454545454
2026/04/02@13:13:05,30755,968.7015,11001.181818181818
2026/04/02@13:13:07,30757,968.67912,11006.454545454546
2026/04/02@13:13:08,30758,968.7163,11009.09090909091
2026/04/02@13:13:09,30759,968.7166,11011.727272727272
2026/04/02@13:13:10,30760,968.693,11014.363636363636
2026/04/02@13:13:11,30761,968.7067,11017.0
2026/04/02@13:13:12,30762,968.72,11019.636363636364
2026/04/02@13:13:13,30763,968.704,11022.272727272728
2026/04/02@13:13:14,30764,968.69668,11024.90909090909
2026/04/02@13:13:15,30765,968.6744,11027.545454545454
2026/04/02@13:13:16,30766,968.7138,11030.181818181818
2026/04/02@13:13:17,30767,968.7053,11032.818181818182
2026/04/02@13:13:18,30768,968.72376,11035.454545454546
2026/04/02@13:13:20,30770,968.6989,11040.727272727272
2026/04/02@13:13:21,30771,968.7137,11043.363636363636
2026/04/02@13:13:22,30772,968.7039,11046.0
2026/04/02@13:13:23,30773,968.7287,11048.466666666667
2026/04/02@13:13:24,30774,968.7276,11050.933333333332
2026/04/02@13:13:25,30775,968.7136,11053.4
2026/04/02@13:13:26,30776,968.70152,11055.866666666667
2026/04/02@13:13:27,30777,968.7089,11058.333333333334
2026/04/02@13:13:28,30778,968.70776,11060.8
2026/04/02@13:13:29,30779,968.7176,11063.266666666666
2026/04/02@13:13:30,30780,968.7137,11065.733333333334
2026/04/02@13:13:31,30781,968.7089,11068.2
2026/04/02@13:13:33,30783,968.73616,11073.133333333333
2026/04/02@13:13:34,30784,968.68916,11075.6
2026/04/02@13:13:35,30785,968.70776,11078.066666666668
2026/04/02@13:13:36,30786,968.71852,11080.533333333333
2026/04/02@13:13:37,30787,968.7064,11083.0
2026/04/02@13:13:38,30788,968.6817,11085.466666666667
2026/04/02@13:13:39,30789,968.68284,11087.933333333332
2026/04/02@13:13:40,30790,968.6916,11090.4
2026/04/02@13:13:41,30791,968.686768,11092.866666666667
2026/04/02@13:13:42,30792,968.6804,11095.333333333334
2026/04/02@13:13:43,30793,968.7235,11097.8
2026/04/02@13:13:44,30794,968.68892,11100.266666666666
2026/04/02@13:13:46,30796,968.7124,11105.2
2026/04/02@13:13:47,30797,968.7312,11107.666666666666
2026/04/02@13:13:48,30798,968.7136,11110.133333333333
2026/04/02@13:13:49,30799,968.72848,11112.6
2026/04/02@13:13:50,30800,968.70652,11115.066666666668
2026/04/02@13:13:51,30801,968.7322,11117.533333333333
2026/04/02@13:13:52,30802,968.7531,11120.0
2026/04/02@13:13:53,30803,968.7199,11122.516129032258
2026/04/02@13:13:54,30804,968.68664,11125.032258064517
2026/04/02@13:13:55,30805,968.6878,11127.548387096775
2026/04/02@13:13:56,30806,968.683968,11130.064516129032
2026/04/02@13:13:57,30807,968.70376,11132.58064516129
2026/04/02@13:13:59,30809,968.7236,11137.612903225807
2026/04/02@13:14:00,30810,968.72624,11140.129032258064
2026/04/02@13:14:01,30811,968.7248,11142.645161290322
2026/04/02@13:14:02,30812,968.74092,11145.161290322581
2026/04/02@13:14:03,30813,968.7124,11147.677419354839
2026/04/02@13:14:04,30814,968.665664,11150.193548387097
2026/04/02@13:14:05,30815,968.7212,11152.709677419354
2026/04/02@13:14:06,30816,968.69764,11155.225806451614
2026/04/02@13:14:07,30817,968.6939,11157.741935483871
2026/04/02@13:14:08,30818,968.665664,11160.258064516129
2026/04/02@13:14:09,30819,968.72976,11162.774193548386
2026/04/02@13:14:10,30820,968.6939,11165.290322580646
2026/04/02@13:14:12,30822,968.72488,11170.322580645161
2026/04/02@13:14:13,30823,968.72976,11172.838709677419
2026/04/02@13:14:14,30824,968.705,11175.354838709678
2026/04/02@13:14:15,30825,968.7175,11177.870967741936
2026/04/02@13:14:16,30826,968.72984,11180.387096774193
2026/04/02@13:14:17,30827,968.71852,11182.90322580645
2026/04/02@13:14:18,30828,968.6877,11185.41935483871
2026/04/02@13:14:19,30829,968.70872,11187.935483870968
2026/04/02@13:14:20,30830,968.686768,11190.451612903225
2026/04/02@13:14:21,30831,968.70516,11192.967741935483
2026/04/02@13:14:22,30832,968.7136,11195.483870967742
2026/04/02@13:14:23,30833,968.7495,11198.0
2026/04/02@13:14:24,30834,968.69024,11200.6
2026/04/02@13:14:26,30836,968.7199,11205.8
2026/04/02@13:14:27,30837,968.68664,11208.4
2026/04/02@13:14:28,30838,968.6903,11211.0
2026/04/02@13:14:29,30839,968.72976,11213.6
2026/04/02@13:14:30,30840,968.7111,11216.2
2026/04/02@13:14:31,30841,968.6841,11218.8
2026/04/02@13:14:32,30842,968.71,11221.4
2026/04/02@13:14:33,30843,968.6951,11224.0
2026/04/02@13:14:34,30844,968.6619,11226.6
2026/04/02@13:14:35,30845,968.68384,11229.2
2026/04/02@13:14:36,30846,968.69256,11231.8
2026/04/02@13:14:37,30847,968.7063,11234.4
2026/04/02@13:14:39,30849,968.68776,11239.6
2026/04/02@13:14:40,30850,968.7396,11242.2
2026/04/02@13:14:41,30851,968.7173,11244.8
2026/04/02@13:14:42,30852,968.7111,11247.4
2026/04/02@13:14:43,30853,968.71464,11250.0
2026/04/02@13:14:44,30854,968.68384,11252.6
2026/04/02@13:14:45,30855,968.7149,11255.2
2026/04/02@13:14:46,30856,968.71624,11257.8
2026/04/02@13:14:47,30857,968.7036,11260.4
2026/04/02@13:14:48,30858,968.69368,11263.0
2026/04/02@13:14:49,30859,968.6789,11265.6
2026/04/02@13:14:50,30860,968.71348,11268.2
2026/04/02@13:14:52,30862,968.69256,11273.4
2026/04/02@13:14:53,30863,968.70016,11276.0
2026/04/02@13:14:54,30864,968.6925,11278.548387096775
2026/04/02@13:14:55,30865,968.699968,11281.09677419355
2026/04/02@13:14:56,30866,968.7305,11283.645161290322
2026/04/02@13:14:57,30867,968.704832,11286.193548387097
2026/04/02@13:14:58,30868,968.69864,11288.741935483871
2026/04/02@13:14:59,30869,968.72216,11291.290322580646
2026/04/02@13:15:00,30870,968.69496,11293.838709677419
2026/04/02@13:15:01,30871,968.69008,11296.387096774193
2026/04/02@13:15:02,30872,968.68504,11298.935483870968
2026/04/02@13:15:03,30873,968.73192,11301.483870967742
2026/04/02@13:15:05,30875,968.68504,11306.58064516129
2026/04/02@13:15:06,30876,968.6998,11309.129032258064
2026/04/02@13:15:07,30877,968.7531,11311.677419354839
2026/04/02@13:15:08,30878,968.7023,11314.225806451614
2026/04/02@13:15:09,30879,968.6911,11316.774193548386
2026/04/02@13:15:10,30880,968.7159,11319.322580645161
2026/04/02@13:15:11,30881,968.7037,11321.870967741936
2026/04/02@13:15:12,30882,968.72216,11324.41935483871
2026/04/02@13:15:13,30883,968.70232,11326.967741935483
2026/04/02@13:15:14,30884,968.7072,11329.516129032258
2026/04/02@13:15:15,30885,968.706,11332.064516129032
2026/04/02@13:15:16,30886,968.7171,11334.612903225807
2026/04/02@13:15:18,30888,968.6973,11339.709677419354
2026/04/02@13:15:19,30889,968.6839,11342.258064516129
2026/04/02@13:15:20,30890,968.7232,11344.806451612903
2026/04/02@13:15:21,30891,968.73552,11347.354838709678
2026/04/02@13:15:22,30892,968.6987,11349.90322580645
2026/04/02@13:15:23,30893,968.706,11352.451612903225
2026/04/02@13:15:24,30894,968.75908,11355.0
2026/04/02@13:15:25,30895,968.729536,11357.41935483871
2026/04/02@13:15:26,30896,968.7084,11359.838709677419
2026/04/02@13:15:27,30897,968.73336,11362.258064516129
2026/04/02@13:15:28,30898,968.718464,11364.677419354839
2026/04/02@13:15:29,30899,968.7443,11367.09677419355
2026/04/02@13:15:31,30901,968.7109,11371.935483870968
2026/04/02@13:15:32,30902,968.7109,11374.354838709678
2026/04/02@13:15:33,30903,968.6958,11376.774193548386
2026/04/02@13:15:34,30904,968.733168,11379.193548387097
2026/04/02@13:15:35,30905,968.7269,11381.612903225807
2026/04/02@13:15:36,30906,968.6859,11384.032258064517
2026/04/02@13:15:37,30907,968.69496,11386.451612903225
2026/04/02@13:15:38,30908,968.7171,11388.870967741936
2026/04/02@13:15:39,30909,968.7282,11391.290322580646
2026/04/02@13:15:40,30910,968.696064,11393.709677419354
2026/04/02@13:15:41,30911,968.6626,11396.129032258064
2026/04/02@13:15:42,30912,968.7319,11398.548387096775
2026/04/02@13:15:44,30914,968.733168,11403.387096774193
2026/04/02@13:15:45,30915,968.68492,11405.806451612903
2026/04/02@13:15:46,30916,968.717,11408.225806451614
2026/04/02@13:15:47,30917,968.71576,11410.645161290322
2026/04/02@13:15:48,30918,968.68728,11413.064516129032
2026/04/02@13:15:49,30919,968.685,11415.483870967742
2026/04/02@13:15:50,30920,968.72668,11417.90322580645
2026/04/02@13:15:51,30921,968.67376,11420.322580645161
2026/04/02@13:15:52,30922,968.70708,11422.741935483871
2026/04/02@13:15:53,30923,968.717,11425.161290322581
2026/04/02@13:15:54,30924,968.71464,11427.58064516129
2026/04/02@13:15:55,30925,968.7317,11430.0
2026/04/02@13:15:57,30927,968.7106,11435.266666666666
2026/04/02@13:15:58,30928,968.7232,11437.9
2026/04/02@13:15:59,30929,968.7218,11440.533333333333
2026/04/02@13:16:00,30930,968.6958,11443.166666666666
2026/04/02@13:16:01,30931,968.7352,11445.8
2026/04/02@13:16:02,30932,968.702,11448.433333333332
2026/04/02@13:16:03,30933,968.68492,11451.066666666668
2026/04/02@13:16:04,30934,968.69224,11453.7
2026/04/02@13:16:05,30935,968.71576,11456.333333333334
2026/04/02@13:16:06,30936,968.6774,11458.966666666667
2026/04/02@13:16:07,30937,968.7243,11461.6
2026/04/02@13:16:08,30938,968.69352,11464.233333333334
2026/04/02@13:16:10,30940,968.70332,11469.5
2026/04/02@13:16:11,30941,968.717,11472.133333333333
2026/04/02@13:16:12,30942,968.7048,11474.766666666666
2026/04/02@13:16:13,30943,968.7056,11477.4
2026/04/02@13:16:14,30944,968.6972,11480.033333333333
2026/04/02@13:16:15,30945,968.6788,11482.666666666666
2026/04/02@13:16:16,30946,968.7589,11485.3
2026/04/02@13:16:17,30947,968.6738,11487.933333333332
2026/04/02@13:16:18,30948,968.7048,11490.566666666668
2026/04/02@13:16:19,30949,968.6998,11493.2
2026/04/02@13:16:20,30950,968.7282,11495.833333333334
2026/04/02@13:16:21,30951,968.67484,11498.466666666667
2026/04/02@13:16:23,30953,968.7293,11503.733333333334
2026/04/02@13:16:24,30954,968.72456,11506.366666666667
2026/04/02@13:16:25,30955,968.7205,11509.0
2026/04/02@13:16:26,30956,968.6736,11511.548387096775
2026/04/02@13:16:27,30957,968.7379,11514.09677419355
2026/04/02@13:16:28,30958,968.6811,11516.645161290322
2026/04/02@13:16:29,30959,968.6897,11519.193548387097
2026/04/02@13:16:30,30960,968.6945,11521.741935483871
2026/04/02@13:16:31,30961,968.6772,11524.290322580646
2026/04/02@13:16:32,30962,968.69084,11526.838709677419
2026/04/02@13:16:33,30963,968.67,11529.387096774193
2026/04/02@13:16:34,30964,968.68584,11531.935483870968
2026/04/02@13:16:35,30965,968.73304,11534.483870967742
2026/04/02@13:16:37,30967,968.6775,11539.58064516129
2026/04/02@13:16:38,30968,968.7145,11542.129032258064
2026/04/02@13:16:39,30969,968.6614,11544.677419354839
2026/04/02@13:16:40,30970,968.70952,11547.225806451614
2026/04/02@13:16:41,30971,968.6772,11549.774193548386
2026/04/02@13:16:42,30972,968.72424,11552.322580645161
2026/04/02@13:16:43,30973,968.6551,11554.870967741936
2026/04/02@13:16:44,30974,968.7143,11557.41935483871
2026/04/02@13:16:45,30975,968.6649,11559.967741935483
2026/04/02@13:16:46,30976,968.7007,11562.516129032258
2026/04/02@13:16:47,30977,968.72176,11565.064516129032
2026/04/02@13:16:48,30978,968.6772,11567.612903225807
2026/04/02@13:16:50,30980,968.697,11572.709677419354
2026/04/02@13:16:51,30981,968.6799,11575.258064516129
2026/04/02@13:16:52,30982,968.7082,11577.806451612903
2026/04/02@13:16:53,30983,968.6947,11580.354838709678
2026/04/02@13:16:54,30984,968.6834,11582.90322580645
2026/04/02@13:16:55,30985,968.70685,11585.451612903225
2026/04/02@13:16:56,30986,968.7081,11588.0
2026/04/02@13:16:57,30987,968.68584,11590.466666666667
2026/04/02@13:16:58,30988,968.771,11592.933333333332
2026/04/02@13:16:59,30989,968.69216,11595.4
2026/04/02@13:17:00,30990,968.718,11597.866666666667
2026/04/02@13:17:01,30991,968.70308,11600.333333333334
2026/04/02@13:17:03,30993,968.67848,11605.266666666666
2026/04/02@13:17:04,30994,968.73776,11607.733333333334
2026/04/02@13:17:05,30995,968.71064,11610.2
2026/04/02@13:17:06,30996,968.697,11612.666666666666
2026/04/02@13:17:07,30997,968.7043,11615.133333333333
2026/04/02@13:17:08,30998,968.6932,11617.6
2026/04/02@13:17:09,30999,968.6736,11620.066666666668
2026/04/02@13:17:10,31000,968.701936,11622.533333333333
2026/04/02@13:17:11,31001,968.71784,11625.0
2026/04/02@13:17:12,31002,968.6635,11627.466666666667
2026/04/02@13:17:13,31003,968.6884,11629.933333333332
2026/04/02@13:17:14,31004,968.71152,11632.4
2026/04/02@13:17:16,31006,968.6945,11637.333333333334
2026/04/02@13:17:17,31007,968.71424,11639.8
2026/04/02@13:17:18,31008,968.7031,11642.266666666666
2026/04/02@13:17:19,31009,968.68192,11644.733333333334
2026/04/02@13:17:20,31010,968.7017,11647.2
2026/04/02@13:17:21,31011,968.6697,11649.666666666666
2026/04/02@13:17:22,31012,968.6772,11652.133333333333
2026/04/02@13:17:23,31013,968.6883,11654.6
2026/04/02@13:17:24,31014,968.7033,11657.066666666668
2026/04/02@13:17:25,31015,968.69808,11659.533333333333
2026/04/02@13:17:26,31016,968.63776,11662.0
2026/04/02@13:17:27,31017,968.65984,11664.354838709678
2026/04/02@13:17:29,31019,968.69692,11669.064516129032
2026/04/02@13:17:30,31020,968.6869,11671.41935483871
2026/04/02@13:17:31,31021,968.7056,11673.774193548386
2026/04/02@13:17:32,31022,968.7006,11676.129032258064
2026/04/02@13:17:33,31023,968.71672,11678.483870967742
2026/04/02@13:17:34,31024,968.6907,11680.838709677419
2026/04/02@13:17:35,31025,968.70792,11683.193548387097
2026/04/02@13:17:36,31026,968.6487,11685.548387096775
2026/04/02@13:17:37,31027,968.6908,11687.90322580645
2026/04/02@13:17:38,31028,968.68552,11690.258064516129
2026/04/02@13:17:39,31029,968.6956,11692.612903225807
2026/04/02@13:17:40,31030,968.69692,11694.967741935483
2026/04/02@13:17:42,31032,968.7303,11699.677419354839
2026/04/02@13:17:43,31033,968.70808,11702.032258064517
2026/04/02@13:17:44,31034,968.709168,11704.387096774193
2026/04/02@13:17:45,31035,968.6621,11706.741935483871
2026/04/02@13:17:46,31036,968.6967,11709.09677419355
2026/04/02@13:17:47,31037,968.6967,11711.451612903225
2026/04/02@13:17:48,31038,968.65968,11713.806451612903
2026/04/02@13:17:49,31039,968.7031,11716.161290322581
2026/04/02@13:17:50,31040,968.7227,11718.516129032258
2026/04/02@13:17:51,31041,968.67692,11720.870967741936
2026/04/02@13:17:52,31042,968.6942,11723.225806451614
2026/04/02@13:17:53,31043,968.6967,11725.58064516129
2026/04/02@13:17:55,31045,968.6881,11730.290322580646
2026/04/02@13:17:56,31046,968.7079,11732.645161290322
2026/04/02@13:17:57,31047,968.7288,11735.0
2026/04/02@13:17:58,31048,968.698,11737.233333333334
2026/04/02@13:17:59,31049,968.75108,11739.466666666667
2026/04/02@13:18:00,31050,968.73128,11741.7
2026/04/02@13:18:01,31051,968.7139,11743.933333333332
2026/04/02@13:18:02,31052,968.666,11746.166666666666
2026/04/02@13:18:03,31053,968.698,11748.4
2026/04/02@13:18:04,31054,968.6707,11750.633333333333
2026/04/02@13:18:05,31055,968.6956,11752.866666666667
2026/04/02@13:18:06,31056,968.688064,11755.1
2026/04/02@13:18:08,31058,968.6842,11759.566666666668
2026/04/02@13:18:09,31059,968.699,11761.8
2026/04/02@13:18:10,31060,968.67552,11764.033333333333
2026/04/02@13:18:11,31061,968.6783,11766.266666666666
2026/04/02@13:18:12,31062,968.6956,11768.5
2026/04/02@13:18:13,31063,968.686768,11770.733333333334
2026/04/02@13:18:14,31064,968.688064,11772.966666666667
2026/04/02@13:18:15,31065,968.68696,11775.2
2026/04/02@13:18:16,31066,968.6819,11777.433333333332
2026/04/02@13:18:17,31067,968.7363,11779.666666666666
2026/04/02@13:18:18,31068,968.6894,11781.9
2026/04/02@13:18:19,31069,968.7151,11784.133333333333
2026/04/02@13:18:21,31071,968.7548,11788.6
2026/04/02@13:18:22,31072,968.7138,11790.833333333334
2026/04/02@13:18:23,31073,968.6968,11793.066666666668
2026/04/02@13:18:24,31074,968.7029,11795.3
2026/04/02@13:18:25,31075,968.7609,11797.533333333333
2026/04/02@13:18:26,31076,968.7325,11799.766666666666
2026/04/02@13:18:27,31077,968.6894,11802.0
2026/04/02@13:18:28,31078,968.7127,11804.774193548386
2026/04/02@13:18:29,31079,968.71268,11807.548387096775
2026/04/02@13:18:30,31080,968.7101,11810.322580645161
2026/04/02@13:18:31,31081,968.7115,11813.09677419355
2026/04/02@13:18:32,31082,968.71784,11815.870967741936
2026/04/02@13:18:33,31083,968.748336,11818.645161290322
2026/04/02@13:18:35,31085,968.7188,11824.193548387097
2026/04/02@13:18:36,31086,968.71784,11826.967741935483
2026/04/02@13:18:37,31087,968.6979,11829.741935483871
2026/04/02@13:18:38,31088,968.71868,11832.516129032258
2026/04/02@13:18:39,31089,968.686768,11835.290322580646
2026/04/02@13:18:40,31090,968.7237,11838.064516129032
2026/04/02@13:18:41,31091,968.73484,11840.838709677419
2026/04/02@13:18:42,31092,968.67692,11843.612903225807
2026/04/02@13:18:43,31093,968.7385,11846.387096774193
2026/04/02@13:18:44,31094,968.72148,11849.161290322581
2026/04/02@13:18:45,31095,968.75464,11851.935483870968
2026/04/02@13:18:46,31096,968.7213,11854.709677419354
2026/04/02@13:18:48,31098,968.7361,11860.258064516129
2026/04/02@13:18:49,31099,968.7287,11863.032258064517
2026/04/02@13:18:50,31100,968.7262,11865.806451612903
2026/04/02@13:18:51,31101,968.6929,11868.58064516129
2026/04/02@13:18:52,31102,968.7434,11871.354838709678
2026/04/02@13:18:53,31103,968.7101,11874.129032258064
2026/04/02@13:18:54,31104,968.68916,11876.90322580645
2026/04/02@13:18:55,31105,968.74332,11879.677419354839
2026/04/02@13:18:56,31106,968.7138,11882.451612903225
2026/04/02@13:18:57,31107,968.6916,11885.225806451614
2026/04/02@13:18:58,31108,968.690368,11888.0
2026/04/02@13:18:59,31109,968.7335,11890.533333333333
2026/04/02@13:19:01,31111,968.73,11895.6
2026/04/02@13:19:02,31112,968.6941,11898.133333333333
2026/04/02@13:19:03,31113,968.7029,11900.666666666666
2026/04/02@13:19:04,31114,968.71868,11903.2
2026/04/02@13:19:05,31115,968.7102,11905.733333333334
2026/04/02@13:19:06,31116,968.71152,11908.266666666666
2026/04/02@13:19:07,31117,968.68916,11910.8
2026/04/02@13:19:08,31118,968.7213,11913.333333333334
2026/04/02@13:19:09,31119,968.6853,11915.866666666667
2026/04/02@13:19:10,31120,968.74224,11918.4
2026/04/02@13:19:11,31121,968.73,11920.933333333332
2026/04/02@13:19:12,31122,968.7065,11923.466666666667
2026/04/02@13:19:14,31124,968.7078,11928.533333333333
2026/04/02@13:19:15,31125,968.74116,11931.066666666668
2026/04/02@13:19:16,31126,968.71152,11933.6
2026/04/02@13:19:17,31127,968.70016,11936.133333333333
2026/04/02@13:19:18,31128,968.7237,11938.666666666666
2026/04/02@13:19:19,31129,968.699,11941.2
2026/04/02@13:19:20,31130,968.72148,11943.733333333334
2026/04/02@13:19:21,31131,968.698,11946.266666666666
2026/04/02@13:19:22,31132,968.704,11948.8
2026/04/02@13:19:23,31133,968.6989,11951.333333333334
2026/04/02@13:19:24,31134,968.683,11953.866666666667
2026/04/02@13:19:25,31135,968.6831,11956.4
2026/04/02@13:19:27,31137,968.7299,11961.466666666667
2026/04/02@13:19:28,31138,968.7051,11964.0
2026/04/02@13:19:29,31139,968.7248,11967.451612903225
2026/04/02@13:19:30,31140,968.7248,11970.90322580645
2026/04/02@13:19:31,31141,968.69656,11974.354838709678
2026/04/02@13:19:32,31142,968.7149,11977.806451612903
2026/04/02@13:19:33,31143,968.69668,11981.258064516129
2026/04/02@13:19:34,31144,968.7226,11984.709677419354
2026/04/02@13:19:35,31145,968.72624,11988.161290322581
2026/04/02@13:19:36,31146,968.694,11991.612903225807
2026/04/02@13:19:37,31147,968.7138,11995.064516129032
2026/04/02@13:19:38,31148,968.7039,11998.516129032258
2026/04/02@13:19:40,31150,968.6902,12005.41935483871
2026/04/02@13:19:41,31151,968.6719,12008.870967741936
2026/04/02@13:19:42,31152,968.683968,12012.322580645161
2026/04/02@13:19:43,31153,968.72624,12015.774193548386
2026/04/02@13:19:44,31154,968.7136,12019.225806451614
2026/04/02@13:19:45,31155,968.69764,12022.677419354839
2026/04/02@13:19:46,31156,968.7185,12026.129032258064
2026/04/02@13:19:47,31157,968.6878,12029.58064516129
2026/04/02@13:19:48,31158,968.7112,12033.032258064517
2026/04/02@13:19:49,31159,968.761968,12036.483870967742
2026/04/02@13:19:50,31160,968.67896,12039.935483870968
2026/04/02@13:19:51,31161,968.6741,12043.387096774193
2026/04/02@13:19:53,31163,968.7136,12050.290322580646
2026/04/02@13:19:54,31164,968.7347,12053.741935483871
2026/04/02@13:19:55,31165,968.7223,12057.193548387097
2026/04/02@13:19:56,31166,968.7075,12060.645161290322
2026/04/02@13:19:57,31167,968.70984,12064.09677419355
2026/04/02@13:19:58,31168,968.731,12067.548387096775
2026/04/02@13:19:59,31169,968.7234,12071.0
2026/04/02@13:20:00,31170,968.7063,12074.935483870968
2026/04/02@13:20:01,31171,968.758,12078.870967741936
2026/04/02@13:20:02,31172,968.7432,12082.806451612903
2026/04/02@13:20:03,31173,968.71968,12086.741935483871
2026/04/02@13:20:04,31174,968.72848,12090.677419354839
2026/04/02@13:20:06,31175,968.7322,12098.548387096775
2026/04/02@13:20:07,31177,968.6964,12102.483870967742
2026/04/02@13:20:08,31178,968.72984,12106.41935483871
2026/04/02@13:20:09,31179,968.6925,12110.354838709678
2026/04/02@13:20:10,31180,968.75808,12114.290322580646
2026/04/02@13:20:11,31181,968.7049,12118.225806451614
2026/04/02@13:20:12,31182,968.7382,12122.161290322581
2026/04/02@13:20:13,31183,968.72456,12126.09677419355
2026/04/02@13:20:14,31184,968.7148,12130.032258064517
2026/04/02@13:20:15,31185,968.6987,12133.967741935483
2026/04/02@13:20:16,31186,968.7111,12137.90322580645
2026/04/02@13:20:17,31187,968.73096,12141.838709677419
2026/04/02@13:20:18,31188,968.7086,12145.774193548386
2026/04/02@13:20:20,31190,968.7258,12153.645161290322
2026/04/02@13:20:21,31191,968.718464,12157.58064516129
2026/04/02@13:20:22,31192,968.7344,12161.516129032258
2026/04/02@13:20:23,31193,968.70232,12165.451612903225
2026/04/02@13:20:24,31194,968.721,12169.387096774193
2026/04/02@13:20:25,31195,968.75668,12173.322580645161
2026/04/02@13:20:26,31196,968.7418,12177.258064516129
2026/04/02@13:20:27,31197,968.6948,12181.193548387097
2026/04/02@13:20:28,31198,968.7101,12185.129032258064
2026/04/02@13:20:29,31199,968.6953,12189.064516129032
2026/04/02@13:20:30,31200,968.72832,12193.0
2026/04/02@13:20:31,31201,968.7246,12195.733333333334
2026/04/02@13:20:33,31203,968.688832,12201.2
2026/04/02@13:20:34,31204,968.7148,12203.933333333332
2026/04/02@13:20:35,31205,968.7048,12206.666666666666
2026/04/02@13:20:36,31206,968.699968,12209.4
2026/04/02@13:20:37,31207,968.71592,12212.133333333333
2026/04/02@13:20:38,31208,968.74552,12214.866666666667
2026/04/02@13:20:39,31209,968.66652,12217.6
2026/04/02@13:20:40,31210,968.71216,12220.333333333334
2026/04/02@13:20:41,31211,968.717168,12223.066666666668
2026/04/02@13:20:42,31212,968.7071,12225.8
2026/04/02@13:20:43,31213,968.6959,12228.533333333333
2026/04/02@13:20:44,31214,968.704832,12231.266666666666
2026/04/02@13:20:46,31216,968.7444,12236.733333333334
2026/04/02@13:20:47,31217,968.6986,12239.466666666667
2026/04/02@13:20:48,31218,968.682432,12242.2
2026/04/02@13:20:49,31219,968.7503,12244.933333333332
2026/04/02@13:20:50,31220,968.7034,12247.666666666666
2026/04/02@13:20:51,31221,968.6838,12250.4
2026/04/02@13:20:52,31222,968.728,12253.133333333333
2026/04/02@13:20:53,31223,968.7085,12255.866666666667
2026/04/02@13:20:54,31224,968.7121,12258.6
2026/04/02@13:20:55,31225,968.74932,12261.333333333334
2026/04/02@13:20:56,31226,968.72832,12264.066666666668
2026/04/02@13:20:57,31227,968.70708,12266.8
2026/04/02@13:20:59,31229,968.681136,12272.266666666666
2026/04/02@13:21:00,31230,968.7318,12275.0
2026/04/02@13:21:01,31231,968.7318,12277.451612903225
2026/04/02@13:21:02,31232,968.7146,12279.90322580645
2026/04/02@13:21:03,31233,968.748,12282.354838709678
2026/04/02@13:21:04,31234,968.72456,12284.806451612903
2026/04/02@13:21:05,31235,968.72328,12287.258064516129
2026/04/02@13:21:06,31236,968.72456,12289.709677419354
2026/04/02@13:21:07,31237,968.7344,12292.161290322581
2026/04/02@13:21:08,31238,968.7278,12294.612903225807
2026/04/02@13:21:09,31239,968.76376,12297.064516129032
2026/04/02@13:21:10,31240,968.7553,12299.516129032258
2026/04/02@13:21:12,31242,968.7367,12304.41935483871
2026/04/02@13:21:13,31243,968.7565,12306.870967741936
2026/04/02@13:21:14,31244,968.720736,12309.322580645161
2026/04/02@13:21:15,31245,968.7305,12311.774193548386
2026/04/02@13:21:16,31246,968.73304,12314.225806451614
2026/04/02@13:21:17,31247,968.7109,12316.677419354839
2026/04/02@13:21:18,31248,968.6972,12319.129032258064
2026/04/02@13:21:19,31249,968.75884,12321.58064516129
2026/04/02@13:21:20,31250,968.76516,12324.032258064517
2026/04/02@13:21:21,31251,968.7391,12326.483870967742
2026/04/02@13:21:22,31252,968.7528,12328.935483870968
2026/04/02@13:21:23,31253,968.7266,12331.387096774193
2026/04/02@13:21:25,31255,968.7146,12336.290322580646
2026/04/02@13:21:26,31256,968.733168,12338.741935483871
2026/04/02@13:21:27,31257,968.7344,12341.193548387097
2026/04/02@13:21:28,31258,968.73304,12343.645161290322
2026/04/02@13:21:29,31259,968.7035,12346.09677419355
2026/04/02@13:21:30,31260,968.73776,12348.548387096775
2026/04/02@13:21:31,31261,968.725664,12351.0
2026/04/02@13:21:32,31262,968.74536,12353.666666666666
2026/04/02@13:21:33,31263,968.7266,12356.333333333334
2026/04/02@13:21:34,31264,968.696064,12359.0
2026/04/02@13:21:35,31265,968.7009,12361.666666666666
2026/04/02@13:21:36,31266,968.7157,12364.333333333334
2026/04/02@13:21:38,31268,968.738,12369.666666666666
2026/04/02@13:21:39,31269,968.717,12372.333333333334
2026/04/02@13:21:40,31270,968.7405,12375.0
2026/04/02@13:21:41,31271,968.741664,12377.666666666666
2026/04/02@13:21:42,31272,968.7193,12380.333333333334
2026/04/02@13:21:43,31273,968.7429,12383.0
2026/04/02@13:21:44,31274,968.70936,12385.666666666666
2026/04/02@13:21:45,31275,968.7365,12388.333333333334
2026/04/02@13:21:46,31276,968.7282,12391.0
2026/04/02@13:21:47,31277,968.71952,12393.666666666666
2026/04/02@13:21:48,31278,968.72068,12396.333333333334
2026/04/02@13:21:49,31279,968.738,12399.0
2026/04/02@13:21:51,31281,968.7291,12404.333333333334
2026/04/02@13:21:52,31282,968.6995,12407.0
2026/04/02@13:21:53,31283,968.712064,12409.666666666666
2026/04/02@13:21:54,31284,968.755264,12412.333333333334
2026/04/02@13:21:55,31285,968.7575,12415.0
2026/04/02@13:21:56,31286,968.7266,12417.666666666666
2026/04/02@13:21:57,31287,968.7553,12420.333333333334
2026/04/02@13:21:58,31288,968.7057,12423.0
2026/04/02@13:21:59,31289,968.7367,12425.666666666666
2026/04/02@13:22:00,31290,968.7182,12428.333333333334
2026/04/02@13:22:01,31291,968.75908,12431.0
2026/04/02@13:22:02,31292,968.7328,12433.612903225807
2026/04/02@13:22:04,31294,968.74268,12438.838709677419
2026/04/02@13:22:05,31295,968.72548,12441.451612903225
2026/04/02@13:22:06,31296,968.73048,12444.064516129032
2026/04/02@13:22:07,31297,968.728,12446.677419354839
2026/04/02@13:22:08,31298,968.743936,12449.290322580646
2026/04/02@13:22:09,31299,968.70332,12451.90322580645
2026/04/02@13:22:10,31300,968.74024,12454.516129032258
2026/04/02@13:22:11,31301,968.71704,12457.129032258064
2026/04/02@13:22:12,31302,968.71064,12459.741935483871
2026/04/02@13:22:13,31303,968.723,12462.354838709678
2026/04/02@13:22:14,31304,968.717936,12464.967741935483
2026/04/02@13:22:15,31305,968.75288,12467.58064516129
2026/04/02@13:22:17,31307,968.71952,12472.806451612903
2026/04/02@13:22:18,31308,968.7525,12475.41935483871
2026/04/02@13:22:19,31309,968.7355,12478.032258064517
2026/04/02@13:22:20,31310,968.738,12480.645161290322
2026/04/02@13:22:21,31311,968.7441,12483.258064516129
2026/04/02@13:22:22,31312,968.7393,12485.870967741936
2026/04/02@13:22:23,31313,968.7381,12488.483870967742
2026/04/02@13:22:24,31314,968.72548,12491.09677419355
2026/04/02@13:22:25,31315,968.7184,12493.709677419354
2026/04/02@13:22:26,31316,968.7205,12496.322580645161
2026/04/02@13:22:27,31317,968.71348,12498.935483870968
2026/04/02@13:22:28,31318,968.7379,12501.548387096775
2026/04/02@13:22:30,31320,968.741664,12506.774193548386
2026/04/02@13:22:31,31321,968.7379,12509.387096774193
2026/04/02@13:22:32,31322,968.7404,12512.0
2026/04/02@13:22:33,31323,968.7379,12514.433333333332
2026/04/02@13:22:34,31324,968.72176,12516.866666666667
2026/04/02@13:22:35,31325,968.715664,12519.3
2026/04/02@13:22:36,31326,968.73552,12521.733333333334
2026/04/02@13:22:37,31327,968.71576,12524.166666666666
2026/04/02@13:22:38,31328,968.71184,12526.6
2026/04/02@13:22:39,31329,968.69084,12529.033333333333
2026/04/02@13:22:40,31330,968.7008,12531.466666666667
2026/04/02@13:22:41,31331,968.7143,12533.9
2026/04/02@13:22:43,31333,968.738,12538.766666666666
2026/04/02@13:22:44,31334,968.6933,12541.2
2026/04/02@13:22:45,31335,968.72176,12543.633333333333
2026/04/02@13:22:46,31336,968.7391,12546.066666666668
2026/04/02@13:22:47,31337,968.7329,12548.5
2026/04/02@13:22:48,31338,968.7612,12550.933333333332
2026/04/02@13:22:49,31339,968.7059,12553.366666666667
2026/04/02@13:22:50,31340,968.7107,12555.8
2026/04/02@13:22:51,31341,968.72536,12558.233333333334
2026/04/02@13:22:52,31342,968.7427,12560.666666666666
2026/04/02@13:22:53,31343,968.72536,12563.1
2026/04/02@13:22:54,31344,968.6946,12565.533333333333
2026/04/02@13:22:56,31345,968.7391,12570.4
2026/04/02@13:22:57,31347,968.7489,12572.833333333334
2026/04/02@13:22:58,31348,968.71816,12575.266666666666
2026/04/02@13:22:59,31349,968.7365,12577.7
2026/04/02@13:23:00,31350,968.70685,12580.133333333333
2026/04/02@13:23:01,31351,968.71292,12582.566666666668
2026/04/02@13:23:02,31352,968.7391,12585.0
2026/04/02@13:23:03,31353,968.70685,12588.0
2026/04/02@13:23:04,31354,968.7328,12591.0
2026/04/02@13:23:05,31355,968.7353,12594.0
2026/04/02@13:23:06,31356,968.7414,12597.0
2026/04/02@13:23:07,31357,968.7141,12600.0
2026/04/02@13:23:09,31358,968.7341,12606.0
2026/04/02@13:23:10,31360,968.71544,12609.0
2026/04/02@13:23:11,31361,968.7156,12612.0
2026/04/02@13:23:12,31362,968.729,12615.0
2026/04/02@13:23:13,31363,968.7277,12618.0
2026/04/02@13:23:14,31364,968.71184,12621.0
2026/04/02@13:23:15,31365,968.75496,12624.0
2026/04/02@13:23:16,31366,968.67848,12627.0
2026/04/02@13:23:17,31367,968.74148,12630.0
2026/04/02@13:23:18,31368,968.6983,12633.0
2026/04/02@13:23:19,31369,968.714336,12636.0
2026/04/02@13:23:20,31370,968.7106,12639.0
2026/04/02@13:23:21,31371,968.7427,12642.0
2026/04/02@13:23:23,31373,968.667264,12648.0
2026/04/02@13:23:24,31374,968.7489,12651.0
2026/04/02@13:23:25,31375,968.724,12654.0
2026/04/02@13:23:26,31376,968.75992,12657.0
2026/04/02@13:23:27,31377,968.747568,12660.0
2026/04/02@13:23:28,31378,968.7067,12663.0
2026/04/02@13:23:29,31379,968.6783,12666.0
2026/04/02@13:23:30,31380,968.72536,12669.0
2026/04/02@13:23:31,31381,968.7511,12672.0
2026/04/02@13:23:32,31382,968.7512,12675.0
2026/04/02@13:23:33,31383,968.7078,12678.0
2026/04/02@13:23:34,31384,968.7251,12680.866666666667
2026/04/02@13:23:36,31386,968.7193,12686.6
2026/04/02@13:23:37,31387,968.7029,12689.466666666667
2026/04/02@13:23:38,31388,968.7117,12692.333333333334
2026/04/02@13:23:39,31389,968.73,12695.2
2026/04/02@13:23:40,31390,968.699136,12698.066666666668
2026/04/02@13:23:41,31391,968.70296,12700.933333333332
2026/04/02@13:23:42,31392,968.73376,12703.8
2026/04/02@13:23:43,31393,968.6967,12706.666666666666
2026/04/02@13:23:44,31394,968.7152,12709.533333333333
2026/04/02@13:23:45,31395,968.7103,12712.4
2026/04/02@13:23:46,31396,968.725168,12715.266666666666
2026/04/02@13:23:48,31398,968.7375,12721.0
2026/04/02@13:23:49,31399,968.7227,12723.866666666667
2026/04/02@13:23:50,31400,968.7263,12726.733333333334
2026/04/02@13:23:51,31401,968.72148,12729.6
2026/04/02@13:23:52,31402,968.6918,12732.466666666667
2026/04/02@13:23:53,31403,968.7114,12735.333333333334
2026/04/02@13:23:54,31404,968.7241,12738.2
2026/04/02@13:23:55,31405,968.7439,12741.066666666668
2026/04/02@13:23:56,31406,968.74744,12743.933333333332
2026/04/02@13:23:57,31407,968.69304,12746.8
2026/04/02@13:23:58,31408,968.72264,12749.666666666666
2026/04/02@13:23:59,31409,968.7301,12752.533333333333
2026/04/02@13:24:01,31411,968.7584,12758.266666666666
2026/04/02@13:24:02,31412,968.7227,12761.133333333333
2026/04/02@13:24:03,31413,968.7275,12764.0
2026/04/02@13:24:04,31414,968.72624,12766.41935483871
2026/04/02@13:24:05,31415,968.7102,12768.838709677419
2026/04/02@13:24:06,31416,968.73616,12771.258064516129
2026/04/02@13:24:07,31417,968.7188,12773.677419354839
2026/04/02@13:24:08,31418,968.716432,12776.09677419355
2026/04/02@13:24:09,31419,968.7473,12778.516129032258
2026/04/02@13:24:10,31420,968.7239,12780.935483870968
2026/04/02@13:24:11,31421,968.7239,12783.354838709678
2026/04/02@13:24:12,31422,968.741,12785.774193548386
2026/04/02@13:24:13,31423,968.72984,12788.193548387097
2026/04/02@13:24:15,31425,968.7263,12793.032258064517
2026/04/02@13:24:16,31426,968.7361,12795.451612903225
2026/04/02@13:24:17,31427,968.73984,12797.870967741936
2026/04/02@13:24:18,31428,968.7226,12800.290322580646
2026/04/02@13:24:19,31429,968.7188,12802.709677419354
2026/04/02@13:24:20,31430,968.7411,12805.129032258064
2026/04/02@13:24:21,31431,968.7484,12807.548387096775
2026/04/02@13:24:22,31432,968.762,12809.967741935483
2026/04/02@13:24:23,31433,968.733632,12812.387096774193
2026/04/02@13:24:24,31434,968.73616,12814.806451612903
2026/04/02@13:24:25,31435,968.7461,12817.225806451614
2026/04/02@13:24:26,31436,968.7238,12819.645161290322
2026/04/02@13:24:28,31438,968.7324,12824.483870967742
2026/04/02@13:24:29,31439,968.715,12826.90322580645
2026/04/02@13:24:30,31440,968.733632,12829.322580645161
2026/04/02@13:24:31,31441,968.7238,12831.741935483871
2026/04/02@13:24:32,31442,968.715,12834.161290322581
2026/04/02@13:24:33,31443,968.7262,12836.58064516129
2026/04/02@13:24:34,31444,968.715,12839.0
2026/04/02@13:24:35,31445,968.71896,12841.193548387097
2026/04/02@13:24:36,31446,968.71868,12843.387096774193
2026/04/02@13:24:37,31447,968.6941,12845.58064516129
2026/04/02@13:24:38,31448,968.699136,12847.774193548386
2026/04/02@13:24:39,31449,968.7421,12849.967741935483
2026/04/02@13:24:41,31451,968.741,12854.354838709678
2026/04/02@13:24:42,31452,968.7224,12856.548387096775
2026/04/02@13:24:43,31453,968.7446,12858.741935483871
2026/04/02@13:24:44,31454,968.7583,12860.935483870968
2026/04/02@13:24:45,31455,968.728768,12863.129032258064
2026/04/02@13:24:46,31456,968.7238,12865.322580645161
2026/04/02@13:24:47,31457,968.7225,12867.516129032258
2026/04/02@13:24:48,31458,968.7287,12869.709677419354
2026/04/02@13:24:49,31459,968.7274,12871.90322580645
2026/04/02@13:24:50,31460,968.699136,12874.09677419355
2026/04/02@13:24:51,31461,968.7311,12876.290322580646
2026/04/02@13:24:52,31462,968.7311,12878.483870967742
2026/04/02@13:24:54,31464,968.748336,12882.870967741936
2026/04/02@13:24:55,31465,968.7163,12885.064516129032
2026/04/02@13:24:56,31466,968.7114,12887.258064516129
2026/04/02@13:24:57,31467,968.741,12889.451612903225
2026/04/02@13:24:58,31468,968.71624,12891.645161290322
2026/04/02@13:24:59,31469,968.702768,12893.838709677419
2026/04/02@13:25:00,31470,968.7422,12896.032258064517
2026/04/02@13:25:01,31471,968.70376,12898.225806451614
2026/04/02@13:25:02,31472,968.7558,12900.41935483871
2026/04/02@13:25:03,31473,968.7238,12902.612903225807
2026/04/02@13:25:04,31474,968.72488,12904.806451612903
2026/04/02@13:25:05,31475,968.73468,12907.0
2026/04/02@13:25:07,31477,968.7347,12912.0
2026/04/02@13:25:08,31478,968.7582,12914.5
2026/04/02@13:25:09,31479,968.737232,12917.0
2026/04/02@13:25:10,31480,968.7237,12919.5
2026/04/02@13:25:11,31481,968.7446,12922.0
2026/04/02@13:25:12,31482,968.7433,12924.5
2026/04/02@13:25:13,31483,968.7582,12927.0
2026/04/02@13:25:14,31484,968.72976,12929.5
2026/04/02@13:25:15,31485,968.75584,12932.0
2026/04/02@13:25:16,31486,968.73736,12934.5
2026/04/02@13:25:17,31487,968.742,12937.0
2026/04/02@13:25:18,31488,968.75216,12939.5
2026/04/02@13:25:20,31490,968.7261,12944.5
2026/04/02@13:25:21,31491,968.74856,12947.0
2026/04/02@13:25:22,31492,968.72,12949.5
2026/04/02@13:25:23,31493,968.742,12952.0
2026/04/02@13:25:24,31494,968.72132,12954.5
2026/04/02@13:25:25,31495,968.742,12957.0
2026/04/02@13:25:26,31496,968.7433,12959.5
2026/04/02@13:25:27,31497,968.7137,12962.0
2026/04/02@13:25:28,31498,968.70624,12964.5
2026/04/02@13:25:29,31499,968.7136,12967.0
2026/04/02@13:25:30,31500,968.74932,12969.5
2026/04/02@13:25:31,31501,968.71984,12972.0
2026/04/02@13:25:33,31502,968.7433,12977.0
2026/04/02@13:25:34,31504,968.7606,12979.5
2026/04/02@13:25:35,31505,968.7432,12982.0
2026/04/02@13:25:36,31506,968.7519,12984.516129032258
2026/04/02@13:25:37,31507,968.7444,12987.032258064517
2026/04/02@13:25:38,31508,968.7472,12989.548387096775
2026/04/02@13:25:39,31509,968.718464,12992.064516129032
2026/04/02@13:25:40,31510,968.7557,12994.58064516129
2026/04/02@13:25:41,31511,968.7482,12997.09677419355
2026/04/02@13:25:42,31512,968.7258,12999.612903225807
2026/04/02@13:25:43,31513,968.737232,13002.129032258064
2026/04/02@13:25:44,31514,968.72092,13004.645161290322
2026/04/02@13:25:45,31515,968.73348,13007.161290322581
2026/04/02@13:25:47,31517,968.7061,13012.193548387097
2026/04/02@13:25:48,31518,968.7508,13014.709677419354
2026/04/02@13:25:49,31519,968.7555,13017.225806451614
2026/04/02@13:25:50,31520,968.7196,13019.741935483871
2026/04/02@13:25:51,31521,968.74696,13022.258064516129
2026/04/02@13:25:52,31522,968.7111,13024.774193548386
2026/04/02@13:25:53,31523,968.7198,13027.290322580646
2026/04/02@13:25:54,31524,968.77656,13029.806451612903
2026/04/02@13:25:55,31525,968.7246,13032.322580645161
2026/04/02@13:25:56,31526,968.7246,13034.838709677419
2026/04/02@13:25:57,31527,968.75052,13037.354838709678
2026/04/02@13:25:58,31528,968.73304,13039.870967741936
2026/04/02@13:26:00,31530,968.7579,13044.90322580645
2026/04/02@13:26:01,31531,968.73944,13047.41935483871
2026/04/02@13:26:02,31532,968.7519,13049.935483870968
2026/04/02@13:26:03,31533,968.7209,13052.451612903225
2026/04/02@13:26:04,31534,968.7209,13054.967741935483
2026/04/02@13:26:05,31535,968.7296,13057.483870967742
2026/04/02@13:26:06,31536,968.7519,13060.0
2026/04/02@13:26:07,31537,968.75288,13062.8
2026/04/02@13:26:08,31538,968.748064,13065.6
2026/04/02@13:26:09,31539,968.7579,13068.4
2026/04/02@13:26:10,31540,968.7518,13071.2
2026/04/02@13:26:11,31541,968.7258,13074.0
2026/04/02@13:26:13,31543,968.7232,13079.6
2026/04/02@13:26:14,31544,968.7332,13082.4
2026/04/02@13:26:15,31545,968.716,13085.2
2026/04/02@13:26:16,31546,968.7357,13088.0
2026/04/02@13:26:17,31547,968.72708,13090.8
2026/04/02@13:26:18,31548,968.720736,13093.6
2026/04/02@13:26:19,31549,968.7342,13096.4
2026/04/02@13:26:20,31550,968.701,13099.2
2026/04/02@13:26:21,31551,968.7394,13102.0
2026/04/02@13:26:22,31552,968.7468,13104.8
2026/04/02@13:26:23,31553,968.7221,13107.6
2026/04/02@13:26:24,31554,968.7356,13110.4
2026/04/02@13:26:26,31556,968.7517,13116.0
2026/04/02@13:26:27,31557,968.7469,13118.8
2026/04/02@13:26:28,31558,968.7654,13121.6
2026/04/02@13:26:29,31559,968.7441,13124.4
2026/04/02@13:26:30,31560,968.7628,13127.2
2026/04/02@13:26:31,31561,968.7207,13130.0
2026/04/02@13:26:32,31562,968.7418,13132.8
2026/04/02@13:26:33,31563,968.7419,13135.6
2026/04/02@13:26:34,31564,968.75668,13138.4
2026/04/02@13:26:35,31565,968.7283,13141.2
2026/04/02@13:26:36,31566,968.76024,13144.0
2026/04/02@13:26:37,31567,968.74892,13146.709677419354
2026/04/02@13:26:39,31569,968.738064,13152.129032258064
2026/04/02@13:26:40,31570,968.7491,13154.838709677419
2026/04/02@13:26:41,31571,968.712064,13157.548387096775
2026/04/02@13:26:42,31572,968.75288,13160.258064516129
2026/04/02@13:26:43,31573,968.73668,13162.967741935483
2026/04/02@13:26:44,31574,968.759,13165.677419354839
2026/04/02@13:26:45,31575,968.74648,13168.387096774193
2026/04/02@13:26:46,31576,968.71932,13171.09677419355
2026/04/02@13:26:47,31577,968.7072,13173.806451612903
2026/04/02@13:26:48,31578,968.70952,13176.516129032258
2026/04/02@13:26:49,31579,968.7328,13179.225806451614
2026/04/02@13:26:50,31580,968.72684,13181.935483870968
2026/04/02@13:26:52,31582,968.7143,13187.354838709678
2026/04/02@13:26:53,31583,968.72424,13190.064516129032
2026/04/02@13:26:54,31584,968.7341,13192.774193548386
2026/04/02@13:26:55,31585,968.74536,13195.483870967742
2026/04/02@13:26:56,31586,968.714336,13198.193548387097
2026/04/02@13:26:57,31587,968.738064,13200.90322580645
2026/04/02@13:26:58,31588,968.7109,13203.612903225807
2026/04/02@13:26:59,31589,968.75024,13206.322580645161
2026/04/02@13:27:00,31590,968.715664,13209.032258064517
2026/04/02@13:27:01,31591,968.7328,13211.741935483871
2026/04/02@13:27:02,31592,968.7405,13214.451612903225
2026/04/02@13:27:03,31593,968.738064,13217.161290322581
2026/04/02@13:27:05,31595,968.72312,13222.58064516129
2026/04/02@13:27:06,31596,968.7328,13225.290322580646
2026/04/02@13:27:07,31597,968.7367,13228.0
2026/04/02@13:27:08,31598,968.7328,13230.8
2026/04/02@13:27:09,31599,968.7489,13233.6
2026/04/02@13:27:10,31600,968.7354,13236.4
2026/04/02@13:27:11,31601,968.7417,13239.2
2026/04/02@13:27:12,31602,968.7219,13242.0
2026/04/02@13:27:13,31603,968.7045,13244.8
2026/04/02@13:27:14,31604,968.727936,13247.6
2026/04/02@13:27:15,31605,968.7516,13250.4
2026/04/02@13:27:16,31606,968.7391,13253.2
2026/04/02@13:27:18,31608,968.7378,13258.8
2026/04/02@13:27:19,31609,968.7319,13261.6
2026/04/02@13:27:20,31610,968.71932,13264.4
2026/04/02@13:27:21,31611,968.72548,13267.2
2026/04/02@13:27:22,31612,968.70824,13270.0
2026/04/02@13:27:23,31613,968.7429,13272.8
2026/04/02@13:27:24,31614,968.7553,13275.6
2026/04/02@13:27:25,31615,968.7243,13278.4
2026/04/02@13:27:26,31616,968.7489,13281.2
2026/04/02@13:27:27,31617,968.73048,13284.0
2026/04/02@13:27:28,31618,968.7539,13286.8
2026/04/02@13:27:29,31619,968.7318,13289.6
2026/04/02@13:27:31,31621,968.7318,13295.2
2026/04/02@13:27:32,31622,968.7637,13298.0
2026/04/02@13:27:33,31623,968.7291,13300.8
2026/04/02@13:27:34,31624,968.720736,13303.6
2026/04/02@13:27:35,31625,968.74892,13306.4
2026/04/02@13:27:36,31626,968.74268,13309.2
2026/04/02@13:27:37,31627,968.7291,13312.0
2026/04/02@13:27:38,31628,968.7046,13315.387096774193
2026/04/02@13:27:39,31629,968.7045,13318.774193548386
2026/04/02@13:27:40,31630,968.74776,13322.161290322581
2026/04/02@13:27:41,31631,968.7279,13325.548387096775
2026/04/02@13:27:42,31632,968.7379,13328.935483870968
2026/04/02@13:27:44,31634,968.7701,13335.709677419354
2026/04/02@13:27:45,31635,968.71704,13339.09677419355
2026/04/02@13:27:46,31636,968.73912,13342.483870967742
2026/04/02@13:27:47,31637,968.70936,13345.870967741936
2026/04/02@13:27:48,31638,968.73064,13349.258064516129
2026/04/02@13:27:49,31639,968.7342,13352.645161290322
2026/04/02@13:27:50,31640,968.7477,13356.032258064517
2026/04/02@13:27:51,31641,968.72684,13359.41935483871
2026/04/02@13:27:52,31642,968.714336,13362.806451612903
2026/04/02@13:27:53,31643,968.7391,13366.193548387097
2026/04/02@13:27:54,31644,968.7553,13369.58064516129
2026/04/02@13:27:55,31645,968.7132,13372.967741935483
2026/04/02@13:27:57,31647,968.743936,13379.741935483871
2026/04/02@13:27:58,31648,968.7477,13383.129032258064
2026/04/02@13:27:59,31649,968.7132,13386.516129032258
2026/04/02@13:28:00,31650,968.7575,13389.90322580645
2026/04/02@13:28:01,31651,968.7416,13393.290322580646
2026/04/02@13:28:02,31652,968.7071,13396.677419354839
2026/04/02@13:28:03,31653,968.73064,13400.064516129032
2026/04/02@13:28:04,31654,968.7379,13403.451612903225
2026/04/02@13:28:05,31655,968.7575,13406.838709677419
2026/04/02@13:28:06,31656,968.71932,13410.225806451614
2026/04/02@13:28:07,31657,968.71576,13413.612903225807
2026/04/02@13:28:08,31658,968.71816,13417.0
2026/04/02@13:28:10,31660,968.717,13424.466666666667
2026/04/02@13:28:11,31661,968.728,13428.2
2026/04/02@13:28:12,31662,968.7319,13431.933333333332
2026/04/02@13:28:13,31663,968.733,13435.666666666666
2026/04/02@13:28:14,31664,968.7687,13439.4
2026/04/02@13:28:15,31665,968.7071,13443.133333333333
2026/04/02@13:28:16,31666,968.7367,13446.866666666667
2026/04/02@13:28:17,31667,968.76,13450.6
2026/04/02@13:28:18,31668,968.70592,13454.333333333334
2026/04/02@13:28:19,31669,968.6997,13458.066666666668
2026/04/02@13:28:20,31670,968.701,13461.8
2026/04/02@13:28:21,31671,968.7417,13465.533333333333
2026/04/02@13:28:23,31673,968.73064,13473.0
2026/04/02@13:28:24,31674,968.70708,13476.733333333334
2026/04/02@13:28:25,31675,968.7081,13480.466666666667
2026/04/02@13:28:26,31676,968.72312,13484.2
2026/04/02@13:28:27,31677,968.7625,13487.933333333332
2026/04/02@13:28:28,31678,968.7268,13491.666666666666
2026/04/02@13:28:29,31679,968.68856,13495.4
2026/04/02@13:28:30,31680,968.7205,13499.133333333333
2026/04/02@13:28:31,31681,968.7379,13502.866666666667
2026/04/02@13:28:32,31682,968.7587,13506.6
2026/04/02@13:28:33,31683,968.6959,13510.333333333334
2026/04/02@13:28:34,31684,968.7291,13514.066666666668
2026/04/02@13:28:36,31686,968.7243,13521.533333333333
2026/04/02@13:28:37,31687,968.7489,13525.266666666666
2026/04/02@13:28:38,31688,968.7319,13529.0
2026/04/02@13:28:39,31689,968.72048,13531.870967741936
2026/04/02@13:28:40,31690,968.72048,13534.741935483871
2026/04/02@13:28:41,31691,968.7353,13537.612903225807
2026/04/02@13:28:42,31692,968.73552,13540.483870967742
2026/04/02@13:28:43,31693,968.75508,13543.354838709678
2026/04/02@13:28:44,31694,968.75508,13546.225806451614
2026/04/02@13:28:45,31695,968.714336,13549.09677419355
2026/04/02@13:28:46,31696,968.7427,13551.967741935483
2026/04/02@13:28:47,31697,968.7575,13554.838709677419
2026/04/02@13:28:49,31699,968.76384,13560.58064516129
2026/04/02@13:28:50,31700,968.7342,13563.451612903225
2026/04/02@13:28:51,31701,968.7417,13566.322580645161
2026/04/02@13:28:52,31702,968.71932,13569.193548387097
2026/04/02@13:28:53,31703,968.72048,13572.064516129032
2026/04/02@13:28:54,31704,968.7576,13574.935483870968
2026/04/02@13:28:55,31705,968.7254,13577.806451612903
2026/04/02@13:28:56,31706,968.72548,13580.677419354839
2026/04/02@13:28:57,31707,968.7391,13583.548387096775
2026/04/02@13:28:58,31708,968.71932,13586.41935483871
2026/04/02@13:28:59,31709,968.71672,13589.290322580646
2026/04/02@13:29:00,31710,968.7255,13592.161290322581
2026/04/02@13:29:02,31712,968.70308,13597.90322580645
2026/04/02@13:29:03,31713,968.7132,13600.774193548386
2026/04/02@13:29:04,31714,968.70332,13603.645161290322
2026/04/02@13:29:05,31715,968.714336,13606.516129032258
2026/04/02@13:29:06,31716,968.6983,13609.387096774193
2026/04/02@13:29:07,31717,968.7304,13612.258064516129
2026/04/02@13:29:08,31718,968.72652,13615.129032258064
2026/04/02@13:29:09,31719,968.7427,13618.0
2026/04/02@13:29:10,31720,968.7279,13620.806451612903
2026/04/02@13:29:11,31721,968.72768,13623.612903225807
2026/04/02@13:29:12,31722,968.7391,13626.41935483871
2026/04/02@13:29:13,31723,968.7166,13629.225806451614
2026/04/02@13:29:15,31725,968.6983,13634.838709677419
2026/04/02@13:29:16,31726,968.75368,13637.645161290322
2026/04/02@13:29:17,31727,968.72904,13640.451612903225
2026/04/02@13:29:18,31728,968.718,13643.258064516129
2026/04/02@13:29:19,31729,968.7403,13646.064516129032
2026/04/02@13:29:20,31730,968.7255,13648.870967741936
2026/04/02@13:29:21,31731,968.7092,13651.677419354839
2026/04/02@13:29:22,31732,968.75256,13654.483870967742
2026/04/02@13:29:23,31733,968.7315,13657.290322580646
2026/04/02@13:29:24,31734,968.721536,13660.09677419355
2026/04/02@13:29:25,31735,968.7191,13662.90322580645
2026/04/02@13:29:26,31736,968.7328,13665.709677419354
2026/04/02@13:29:28,31737,968.72408,13671.322580645161
2026/04/02@13:29:29,31739,968.7651,13674.129032258064
2026/04/02@13:29:30,31740,968.72536,13676.935483870968
2026/04/02@13:29:31,31741,968.7512,13679.741935483871
2026/04/02@13:29:32,31742,968.74008,13682.548387096775
2026/04/02@13:29:33,31743,968.710464,13685.354838709678
2026/04/02@13:29:34,31744,968.75,13688.161290322581
2026/04/02@13:29:35,31745,968.7079,13690.967741935483
2026/04/02@13:29:36,31746,968.7364,13693.774193548386
2026/04/02@13:29:37,31747,968.7326,13696.58064516129
2026/04/02@13:29:38,31748,968.72652,13699.387096774193
2026/04/02@13:29:39,31749,968.7229,13702.193548387097
2026/04/02@13:29:40,31750,968.6958,13705.0
2026/04/02@13:29:42,31752,968.69944,13711.066666666668
2026/04/02@13:29:43,31753,968.69692,13714.1
2026/04/02@13:29:44,31754,968.7303,13717.133333333333
2026/04/02@13:29:45,31755,968.718,13720.166666666666
2026/04/02@13:29:46,31756,968.724,13723.2
2026/04/02@13:29:47,31757,968.71784,13726.233333333334
2026/04/02@13:29:48,31758,968.74,13729.266666666666
2026/04/02@13:29:49,31759,968.73376,13732.3
2026/04/02@13:29:50,31760,968.7106,13735.333333333334
2026/04/02@13:29:51,31761,968.72536,13738.366666666667
2026/04/02@13:29:52,31762,968.75852,13741.4
2026/04/02@13:29:54,31763,968.7264,13747.466666666667
2026/04/02@13:29:55,31765,968.7092,13750.5
2026/04/02@13:29:56,31766,968.7213,13753.533333333333
2026/04/02@13:29:57,31767,968.6979,13756.566666666668
2026/04/02@13:29:58,31768,968.70152,13759.6
2026/04/02@13:29:59,31769,968.71768,13762.633333333333
2026/04/02@13:30:00,31770,968.6955,13765.666666666666
2026/04/02@13:30:01,31771,968.74244,13768.7
2026/04/02@13:30:02,31772,968.70168,13771.733333333334
2026/04/02@13:30:03,31773,968.7424,13774.766666666666
2026/04/02@13:30:04,31774,968.7127,13777.8
2026/04/02@13:30:05,31775,968.7065,13780.833333333334
2026/04/02@13:30:06,31776,968.7522,13783.866666666667
2026/04/02@13:30:08,31778,968.73128,13789.933333333332
2026/04/02@13:30:09,31779,968.7239,13792.966666666667
2026/04/02@13:30:10,31780,968.71512,13796.0
2026/04/02@13:30:11,31781,968.7449,13798.806451612903
2026/04/02@13:30:12,31782,968.7326,13801.612903225807
2026/04/02@13:30:13,31783,968.71768,13804.41935483871
2026/04/02@13:30:14,31784,968.71268,13807.225806451614
2026/04/02@13:30:15,31785,968.72624,13810.032258064517
2026/04/02@13:30:16,31786,968.73128,13812.838709677419
2026/04/02@13:30:17,31787,968.7225,13815.645161290322
2026/04/02@13:30:18,31788,968.6955,13818.451612903225
2026/04/02@13:30:19,31789,968.7225,13821.258064516129
2026/04/02@13:30:21,31791,968.73376,13826.870967741936
2026/04/02@13:30:22,31792,968.7139,13829.677419354839
2026/04/02@13:30:23,31793,968.741,13832.483870967742
2026/04/02@13:30:24,31794,968.7126,13835.290322580646
2026/04/02@13:30:25,31795,968.7015,13838.09677419355
2026/04/02@13:30:26,31796,968.72732,13840.90322580645
2026/04/02@13:30:27,31797,968.6757,13843.709677419354
2026/04/02@13:30:28,31798,968.6843,13846.516129032258
2026/04/02@13:30:29,31799,968.6893,13849.322580645161
2026/04/02@13:30:30,31800,968.702768,13852.129032258064
2026/04/02@13:30:31,31801,968.7015,13854.935483870968
2026/04/02@13:30:32,31802,968.688064,13857.741935483871
2026/04/02@13:30:34,31804,968.701264,13863.354838709678
2026/04/02@13:30:35,31805,968.7089,13866.161290322581
2026/04/02@13:30:36,31806,968.7126,13868.967741935483
2026/04/02@13:30:37,31807,968.7349,13871.774193548386
2026/04/02@13:30:38,31808,968.6941,13874.58064516129
2026/04/02@13:30:39,31809,968.7053,13877.387096774193
2026/04/02@13:30:40,31810,968.7151,13880.193548387097
2026/04/02@13:30:41,31811,968.7262,13883.0
2026/04/02@13:30:42,31812,968.7274,13885.866666666667
2026/04/02@13:30:43,31813,968.67304,13888.733333333334
2026/04/02@13:30:44,31814,968.732336,13891.6
2026/04/02@13:30:45,31815,968.725936,13894.466666666667
2026/04/02@13:30:47,31817,968.7089,13900.2
2026/04/02@13:30:48,31818,968.70532,13903.066666666668
2026/04/02@13:30:49,31819,968.716,13905.933333333332
2026/04/02@13:30:50,31820,968.7358,13908.8
2026/04/02@13:30:51,31821,968.7113,13911.666666666666
2026/04/02@13:30:52,31822,968.69776,13914.533333333333
2026/04/02@13:30:53,31823,968.715,13917.4
2026/04/02@13:30:54,31824,968.7199,13920.266666666666
2026/04/02@13:30:55,31825,968.701264,13923.133333333333
2026/04/02@13:30:56,31826,968.7138,13926.0
2026/04/02@13:30:57,31827,968.715,13928.866666666667
2026/04/02@13:30:58,31828,968.72376,13931.733333333334
2026/04/02@13:31:00,31830,968.7249,13937.466666666667
2026/04/02@13:31:01,31831,968.69256,13940.333333333334
2026/04/02@13:31:02,31832,968.7386,13943.2
2026/04/02@13:31:03,31833,968.7028,13946.066666666668
2026/04/02@13:31:04,31834,968.73484,13948.933333333332
2026/04/02@13:31:05,31835,968.70516,13951.8
2026/04/02@13:31:06,31836,968.69776,13954.666666666666
2026/04/02@13:31:07,31837,968.7003,13957.533333333333
2026/04/02@13:31:08,31838,968.7424,13960.4
2026/04/02@13:31:09,31839,968.7336,13963.266666666666
2026/04/02@13:31:10,31840,968.71512,13966.133333333333
2026/04/02@13:31:11,31841,968.7003,13969.0
2026/04/02@13:31:13,31843,968.736,13974.41935483871
2026/04/02@13:31:14,31844,968.7102,13977.129032258064
2026/04/02@13:31:15,31845,968.73484,13979.838709677419
2026/04/02@13:31:16,31846,968.70532,13982.548387096775
2026/04/02@13:31:17,31847,968.7089,13985.258064516129
2026/04/02@13:31:18,31848,968.715,13987.967741935483
2026/04/02@13:31:19,31849,968.69052,13990.677419354839
2026/04/02@13:31:20,31850,968.71268,13993.387096774193
2026/04/02@13:31:21,31851,968.72376,13996.09677419355
2026/04/02@13:31:22,31852,968.68784,13998.806451612903
2026/04/02@13:31:23,31853,968.7064,14001.516129032258
2026/04/02@13:31:24,31854,968.70624,14004.225806451614
2026/04/02@13:31:26,31856,968.71624,14009.645161290322
2026/04/02@13:31:27,31857,968.6864,14012.354838709678
2026/04/02@13:31:28,31858,968.74712,14015.064516129032
2026/04/02@13:31:29,31859,968.7251,14017.774193548386
2026/04/02@13:31:30,31860,968.6791,14020.483870967742
2026/04/02@13:31:31,31861,968.6877,14023.193548387097
2026/04/02@13:31:32,31862,968.7089,14025.90322580645
2026/04/02@13:31:33,31863,968.725936,14028.612903225807
2026/04/02@13:31:34,31864,968.736,14031.322580645161
2026/04/02@13:31:35,31865,968.69528,14034.032258064517
2026/04/02@13:31:36,31866,968.72984,14036.741935483871
2026/04/02@13:31:37,31867,968.704064,14039.451612903225
2026/04/02@13:31:39,31869,968.7004,14044.870967741936
2026/04/02@13:31:40,31870,968.730832,14047.58064516129
2026/04/02@13:31:41,31871,968.7224,14050.290322580646
2026/04/02@13:31:42,31872,968.7447,14053.0
2026/04/02@13:31:43,31873,968.72376,14055.766666666666
2026/04/02@13:31:44,31874,968.69528,14058.533333333333
2026/04/02@13:31:45,31875,968.66668,14061.3
2026/04/02@13:31:46,31876,968.721,14064.066666666668
2026/04/02@13:31:47,31877,968.7089,14066.833333333334
2026/04/02@13:31:48,31878,968.7025,14069.6
2026/04/02@13:31:49,31879,968.70384,14072.366666666667
2026/04/02@13:31:50,31880,968.7126,14075.133333333333
2026/04/02@13:31:52,31882,968.6962,14080.666666666666
2026/04/02@13:31:53,31883,968.7087,14083.433333333332
2026/04/02@13:31:54,31884,968.72376,14086.2
2026/04/02@13:31:55,31885,968.73348,14088.966666666667
2026/04/02@13:31:56,31886,968.6582,14091.733333333334
2026/04/02@13:31:57,31887,968.72848,14094.5
2026/04/02@13:31:58,31888,968.7201,14097.266666666666
2026/04/02@13:31:59,31889,968.7173,14100.033333333333
2026/04/02@13:32:00,31890,968.6939,14102.8
2026/04/02@13:32:01,31891,968.6766,14105.566666666668
2026/04/02@13:32:02,31892,968.7361,14108.333333333334
2026/04/02@13:32:03,31893,968.7251,14111.1
2026/04/02@13:32:05,31895,968.69764,14116.633333333333
2026/04/02@13:32:06,31896,968.7324,14119.4
2026/04/02@13:32:07,31897,968.68648,14122.166666666666
2026/04/02@13:32:08,31898,968.6831,14124.933333333332
2026/04/02@13:32:09,31899,968.69024,14127.7
2026/04/02@13:32:10,31900,968.70624,14130.466666666667
2026/04/02@13:32:11,31901,968.7286,14133.233333333334
2026/04/02@13:32:12,31902,968.6939,14136.0
2026/04/02@13:32:13,31903,968.7124,14138.516129032258
2026/04/02@13:32:14,31904,968.68268,14141.032258064517
2026/04/02@13:32:15,31905,968.69256,14143.548387096775
2026/04/02@13:32:16,31906,968.6768,14146.064516129032
2026/04/02@13:32:18,31908,968.7151,14151.09677419355
2026/04/02@13:32:19,31909,968.693,14153.612903225807
2026/04/02@13:32:20,31910,968.7139,14156.129032258064
2026/04/02@13:32:21,31911,968.6953,14158.645161290322
2026/04/02@13:32:22,31912,968.6903,14161.161290322581
2026/04/02@13:32:23,31913,968.7064,14163.677419354839
2026/04/02@13:32:24,31914,968.7139,14166.193548387097
2026/04/02@13:32:25,31915,968.6805,14168.709677419354
2026/04/02@13:32:26,31916,968.6941,14171.225806451614
2026/04/02@13:32:27,31917,968.7518,14173.741935483871
2026/04/02@13:32:28,31918,968.7371,14176.258064516129
2026/04/02@13:32:29,31919,968.69764,14178.774193548386
2026/04/02@13:32:31,31921,968.6705,14183.806451612903
2026/04/02@13:32:32,31922,968.7235,14186.322580645161
2026/04/02@13:32:33,31923,968.71868,14188.838709677419
2026/04/02@13:32:34,31924,968.7137,14191.354838709678
2026/04/02@13:32:35,31925,968.71232,14193.870967741936
2026/04/02@13:32:36,31926,968.69764,14196.387096774193
2026/04/02@13:32:37,31927,968.7014,14198.90322580645
2026/04/02@13:32:38,31928,968.70016,14201.41935483871
2026/04/02@13:32:39,31929,968.72984,14203.935483870968
2026/04/02@13:32:40,31930,968.7062,14206.451612903225
2026/04/02@13:32:41,31931,968.6766,14208.967741935483
2026/04/02@13:32:42,31932,968.71232,14211.483870967742
2026/04/02@13:32:44,31934,968.72976,14216.58064516129
2026/04/02@13:32:45,31935,968.67912,14219.161290322581
2026/04/02@13:32:46,31936,968.7062,14221.741935483871
2026/04/02@13:32:47,31937,968.699968,14224.322580645161
2026/04/02@13:32:48,31938,968.6926,14226.90322580645
2026/04/02@13:32:49,31939,968.71,14229.483870967742
2026/04/02@13:32:50,31940,968.7174,14232.064516129032
2026/04/02@13:32:51,31941,968.730832,14234.645161290322
2026/04/02@13:32:52,31942,968.6791,14237.225806451614
2026/04/02@13:32:53,31943,968.7124,14239.806451612903
2026/04/02@13:32:54,31944,968.71852,14242.387096774193
2026/04/02@13:32:55,31945,968.683968,14244.967741935483
2026/04/02@13:32:57,31947,968.72344,14250.129032258064
2026/04/02@13:32:58,31948,968.69,14252.709677419354
2026/04/02@13:32:59,31949,968.72976,14255.290322580646
2026/04/02@13:33:00,31950,968.7098,14257.870967741936
2026/04/02@13:33:01,31951,968.7346,14260.451612903225
2026/04/02@13:33:02,31952,968.6877,14263.032258064517
2026/04/02@13:33:03,31953,968.7235,14265.612903225807
2026/04/02@13:33:04,31954,968.7111,14268.193548387097
2026/04/02@13:33:05,31955,968.7071,14270.774193548386
2026/04/02@13:33:06,31956,968.7037,14273.354838709678
2026/04/02@13:33:07,31957,968.69132,14275.935483870968
2026/04/02@13:33:08,31958,968.72216,14278.516129032258
2026/04/02@13:33:10,31960,968.7318,14283.677419354839
2026/04/02@13:33:11,31961,968.7136,14286.258064516129
2026/04/02@13:33:12,31962,968.7282,14288.838709677419
2026/04/02@13:33:13,31963,968.69496,14291.41935483871
2026/04/02@13:33:14,31964,968.677568,14294.0
2026/04/02@13:33:15,31965,968.7011,14296.8
2026/04/02@13:33:16,31966,968.7219,14299.6
2026/04/02@13:33:17,31967,968.6789,14302.4
2026/04/02@13:33:18,31968,968.6912,14305.2
2026/04/02@13:33:19,31969,968.71348,14308.0
2026/04/02@13:33:20,31970,968.70984,14310.8
2026/04/02@13:33:21,31971,968.7011,14313.6
2026/04/02@13:33:23,31972,968.70376,14319.2
2026/04/02@13:33:24,31974,968.6986,14322.0
2026/04/02@13:33:25,31975,968.7058,14324.8
2026/04/02@13:33:26,31976,968.6741,14327.6
2026/04/02@13:33:27,31977,968.6912,14330.4
2026/04/02@13:33:28,31978,968.7332,14333.2
2026/04/02@13:33:29,31979,968.7344,14336.0
2026/04/02@13:33:30,31980,968.7048,14338.8
2026/04/02@13:33:31,31981,968.71348,14341.6
2026/04/02@13:33:32,31982,968.68492,14344.4
2026/04/02@13:33:33,31983,968.66624,14347.2
2026/04/02@13:33:34,31984,968.687536,14350.0
2026/04/02@13:33:35,31985,968.68632,14352.8
2026/04/02@13:33:37,31987,968.6873,14358.4
2026/04/02@13:33:38,31988,968.67268,14361.2
2026/04/02@13:33:39,31989,968.6937,14364.0
2026/04/02@13:33:40,31990,968.72092,14366.8
2026/04/02@13:33:41,31991,968.69352,14369.6
2026/04/02@13:33:42,31992,968.68492,14372.4
2026/04/02@13:33:43,31993,968.71452,14375.2
2026/04/02@13:33:44,31994,968.69732,14378.0
2026/04/02@13:33:45,31995,968.7011,14380.806451612903
2026/04/02@13:33:46,31996,968.720736,14383.612903225807
2026/04/02@13:33:47,31997,968.7392,14386.41935483871
2026/04/02@13:33:48,31998,968.71704,14389.225806451614
2026/04/02@13:33:50,32000,968.6898,14394.838709677419
2026/04/02@13:33:51,32001,968.6923,14397.645161290322
2026/04/02@13:33:52,32002,968.720736,14400.451612903225
2026/04/02@13:33:53,32003,968.694768,14403.258064516129
2026/04/02@13:33:54,32004,968.7011,14406.064516129032
2026/04/02@13:33:55,32005,968.6825,14408.870967741936
2026/04/02@13:33:56,32006,968.7182,14411.677419354839
2026/04/02@13:33:57,32007,968.7037,14414.483870967742
2026/04/02@13:33:58,32008,968.7071,14417.290322580646
2026/04/02@13:33:59,32009,968.7107,14420.09677419355
2026/04/02@13:34:00,32010,968.6774,14422.90322580645
2026/04/02@13:34:01,32011,968.7085,14425.709677419354
2026/04/02@13:34:03,32013,968.7022,14431.322580645161
2026/04/02@13:34:04,32014,968.7046,14434.129032258064
2026/04/02@13:34:05,32015,968.686032,14436.935483870968
2026/04/02@13:34:06,32016,968.66904,14439.741935483871
2026/04/02@13:34:07,32017,968.7008,14442.548387096775
2026/04/02@13:34:08,32018,968.67128,14445.354838709678
2026/04/02@13:34:09,32019,968.7022,14448.161290322581
2026/04/02@13:34:10,32020,968.7182,14450.967741935483
2026/04/02@13:34:11,32021,968.7283,14453.774193548386
2026/04/02@13:34:12,32022,968.706,14456.58064516129
2026/04/02@13:34:13,32023,968.6688,14459.387096774193
2026/04/02@13:34:14,32024,968.7255,14462.193548387097
2026/04/02@13:34:16,32026,968.6824,14468.233333333334
2026/04/02@13:34:17,32027,968.6774,14471.466666666667
2026/04/02@13:34:18,32028,968.7205,14474.7
2026/04/02@13:34:19,32029,968.6811,14477.933333333332
2026/04/02@13:34:20,32030,968.69352,14481.166666666666
2026/04/02@13:34:21,32031,968.7021,14484.4
2026/04/02@13:34:22,32032,968.724336,14487.633333333333
2026/04/02@13:34:23,32033,968.6863,14490.866666666667
2026/04/02@13:34:24,32034,968.69084,14494.1
2026/04/02@13:34:25,32035,968.67736,14497.333333333334
2026/04/02@13:34:26,32036,968.656464,14500.566666666668
2026/04/02@13:34:27,32037,968.7182,14503.8
2026/04/02@13:34:29,32039,968.68368,14510.266666666666
2026/04/02@13:34:30,32040,968.67376,14513.5
2026/04/02@13:34:31,32041,968.655168,14516.733333333334
2026/04/02@13:34:32,32042,968.6946,14519.966666666667
2026/04/02@13:34:33,32043,968.6761,14523.2
2026/04/02@13:34:34,32044,968.698336,14526.433333333332
2026/04/02@13:34:35,32045,968.70448,14529.666666666666
2026/04/02@13:34:36,32046,968.69352,14532.9
2026/04/02@13:34:37,32047,968.6995,14536.133333333333
2026/04/02@13:34:38,32048,968.68856,14539.366666666667
2026/04/02@13:34:39,32049,968.665,14542.6
2026/04/02@13:34:40,32050,968.68224,14545.833333333334
2026/04/02@13:34:42,32052,968.66984,14552.3
2026/04/02@13:34:43,32053,968.6811,14555.533333333333
2026/04/02@13:34:44,32054,968.6699,14558.766666666666
2026/04/02@13:34:45,32055,968.689664,14562.0
2026/04/02@13:34:46,32056,968.655168,14564.967741935483
2026/04/02@13:34:47,32057,968.6613,14567.935483870968
2026/04/02@13:34:48,32058,968.7058,14570.90322580645
2026/04/02@13:34:49,32059,968.6527,14573.870967741936
2026/04/02@13:34:50,32060,968.7033,14576.838709677419
2026/04/02@13:34:51,32061,968.68584,14579.806451612903
2026/04/02@13:34:52,32062,968.7132,14582.774193548386
2026/04/02@13:34:53,32063,968.6725,14585.741935483871
2026/04/02@13:34:55,32065,968.67864,14591.677419354839
2026/04/02@13:34:56,32066,968.68224,14594.645161290322
2026/04/02@13:34:57,32067,968.67468,14597.612903225807
2026/04/02@13:34:58,32068,968.6971,14600.58064516129
2026/04/02@13:34:59,32069,968.6884,14603.548387096775
2026/04/02@13:35:00,32070,968.6973,14606.516129032258
2026/04/02@13:35:01,32071,968.6649,14609.483870967742
2026/04/02@13:35:02,32072,968.684736,14612.451612903225
2026/04/02@13:35:03,32073,968.67484,14615.41935483871
2026/04/02@13:35:04,32074,968.68584,14618.387096774193
2026/04/02@13:35:05,32075,968.6774,14621.354838709678
2026/04/02@13:35:06,32076,968.68368,14624.322580645161
2026/04/02@13:35:08,32078,968.6662,14630.258064516129
2026/04/02@13:35:09,32079,968.6872,14633.225806451614
2026/04/02@13:35:10,32080,968.6873,14636.193548387097
2026/04/02@13:35:11,32081,968.671,14639.161290322581
2026/04/02@13:35:12,32082,968.6945,14642.129032258064
2026/04/02@13:35:13,32083,968.7143,14645.09677419355
2026/04/02@13:35:14,32084,968.7268,14648.064516129032
2026/04/02@13:35:15,32085,968.69944,14651.032258064517
2026/04/02@13:35:16,32086,968.67976,14654.0
2026/04/02@13:35:17,32087,968.6983,14657.066666666668
2026/04/02@13:35:18,32088,968.705536,14660.133333333333
2026/04/02@13:35:19,32089,968.67096,14663.2
2026/04/02@13:35:21,32091,968.7082,14669.333333333334
2026/04/02@13:35:22,32092,968.6995,14672.4
2026/04/02@13:35:23,32093,968.712064,14675.466666666667
2026/04/02@13:35:24,32094,968.69448,14678.533333333333
2026/04/02@13:35:25,32095,968.6675,14681.6
2026/04/02@13:35:26,32096,968.69084,14684.666666666666
2026/04/02@13:35:27,32097,968.665,14687.733333333334
2026/04/02@13:35:28,32098,968.6972,14690.8
2026/04/02@13:35:29,32099,968.6638,14693.866666666667
2026/04/02@13:35:30,32100,968.69584,14696.933333333332
2026/04/02@13:35:31,32101,968.67864,14700.0
2026/04/02@13:35:32,32102,968.6859,14703.066666666668
2026/04/02@13:35:34,32104,968.645,14709.2
2026/04/02@13:35:35,32105,968.6563,14712.266666666666
2026/04/02@13:35:36,32106,968.6661,14715.333333333334
2026/04/02@13:35:37,32107,968.6922,14718.4
2026/04/02@13:35:38,32108,968.66488,14721.466666666667
2026/04/02@13:35:39,32109,968.6922,14724.533333333333
2026/04/02@13:35:40,32110,968.6675,14727.6
2026/04/02@13:35:41,32111,968.6735,14730.666666666666
2026/04/02@13:35:42,32112,968.6415,14733.733333333334
2026/04/02@13:35:43,32113,968.6982,14736.8
2026/04/02@13:35:44,32114,968.66976,14739.866666666667
2026/04/02@13:35:45,32115,968.658736,14742.933333333332
2026/04/02@13:35:47,32117,968.739,14749.064516129032
2026/04/02@13:35:48,32118,968.6797,14752.129032258064
2026/04/02@13:35:49,32119,968.6685,14755.193548387097
2026/04/02@13:35:50,32120,968.6722,14758.258064516129
2026/04/02@13:35:51,32121,968.682432,14761.322580645161
2026/04/02@13:35:52,32122,968.6944,14764.387096774193
2026/04/02@13:35:53,32123,968.6747,14767.451612903225
2026/04/02@13:35:54,32124,968.667264,14770.516129032258
2026/04/02@13:35:55,32125,968.6636,14773.58064516129
2026/04/02@13:35:56,32126,968.6785,14776.645161290322
2026/04/02@13:35:57,32127,968.6797,14779.709677419354
2026/04/02@13:35:58,32128,968.68332,14782.774193548386
2026/04/02@13:36:00,32130,968.6957,14788.90322580645
2026/04/02@13:36:01,32131,968.68445,14791.967741935483
2026/04/02@13:36:02,32132,968.6574,14795.032258064517
2026/04/02@13:36:03,32133,968.6722,14798.09677419355
2026/04/02@13:36:04,32134,968.69808,14801.161290322581
2026/04/02@13:36:05,32135,968.71656,14804.225806451614
2026/04/02@13:36:06,32136,968.6982,14807.290322580646
2026/04/02@13:36:07,32137,968.70296,14810.354838709678
2026/04/02@13:36:08,32138,968.6724,14813.41935483871
2026/04/02@13:36:09,32139,968.66976,14816.483870967742
2026/04/02@13:36:10,32140,968.70308,14819.548387096775
2026/04/02@13:36:11,32141,968.71424,14822.612903225807
2026/04/02@13:36:13,32143,968.677,14828.741935483871
2026/04/02@13:36:14,32144,968.68696,14831.806451612903
2026/04/02@13:36:15,32145,968.671,14834.870967741936
2026/04/02@13:36:16,32146,968.6895,14837.935483870968
2026/04/02@13:36:17,32147,968.697,14841.0
2026/04/02@13:36:18,32148,968.69216,14844.1
2026/04/02@13:36:19,32149,968.67848,14847.2
2026/04/02@13:36:20,32150,968.6957,14850.3
2026/04/02@13:36:21,32151,968.7093,14853.4
2026/04/02@13:36:22,32152,968.6968,14856.5
2026/04/02@13:36:23,32153,968.6733,14859.6
2026/04/02@13:36:24,32154,968.69084,14862.7
2026/04/02@13:36:26,32156,968.6747,14868.9
2026/04/02@13:36:27,32157,968.6807,14872.0
2026/04/02@13:36:28,32158,968.69216,14875.1
2026/04/02@13:36:29,32159,968.6881,14878.2
2026/04/02@13:36:30,32160,968.7129,14881.3
2026/04/02@13:36:31,32161,968.665968,14884.4
2026/04/02@13:36:32,32162,968.6809,14887.5
2026/04/02@13:36:33,32163,968.67348,14890.6
2026/04/02@13:36:34,32164,968.705536,14893.7
2026/04/02@13:36:35,32165,968.6895,14896.8
2026/04/02@13:36:36,32166,968.7043,14899.9
2026/04/02@13:36:37,32167,968.68224,14903.0
2026/04/02@13:36:39,32169,968.677,14909.2
2026/04/02@13:36:40,32170,968.6883,14912.3
2026/04/02@13:36:41,32171,968.7117,14915.4
2026/04/02@13:36:42,32172,968.6623,14918.5
2026/04/02@13:36:43,32173,968.68696,14921.6
2026/04/02@13:36:44,32174,968.6647,14924.7
2026/04/02@13:36:45,32175,968.6783,14927.8
2026/04/02@13:36:46,32176,968.6746,14930.9
2026/04/02@13:36:47,32177,968.69084,14934.0
2026/04/02@13:36:48,32178,968.657136,14936.935483870968
2026/04/02@13:36:49,32179,968.6856,14939.870967741936
2026/04/02@13:36:50,32180,968.6906,14942.806451612903
2026/04/02@13:36:52,32182,968.71152,14948.677419354839
2026/04/02@13:36:53,32183,968.6746,14951.612903225807
2026/04/02@13:36:54,32184,968.70904,14954.548387096775
2026/04/02@13:36:55,32185,968.6831,14957.483870967742
2026/04/02@13:36:56,32186,968.699136,14960.41935483871
2026/04/02@13:36:57,32187,968.66584,14963.354838709678
2026/04/02@13:36:58,32188,968.6807,14966.290322580646
2026/04/02@13:36:59,32189,968.7054,14969.225806451614
2026/04/02@13:37:00,32190,968.6857,14972.161290322581
2026/04/02@13:37:01,32191,968.6596,14975.09677419355
2026/04/02@13:37:02,32192,968.65608,14978.032258064517
2026/04/02@13:37:03,32193,968.68696,14980.967741935483
2026/04/02@13:37:05,32195,968.700432,14986.838709677419
2026/04/02@13:37:06,32196,968.658464,14989.774193548386
2026/04/02@13:37:07,32197,968.67692,14992.709677419354
2026/04/02@13:37:08,32198,968.69052,14995.645161290322
2026/04/02@13:37:09,32199,968.6869,14998.58064516129
2026/04/02@13:37:10,32200,968.68192,15001.516129032258
2026/04/02@13:37:11,32201,968.6807,15004.451612903225
2026/04/02@13:37:12,32202,968.674464,15007.387096774193
2026/04/02@13:37:13,32203,968.66584,15010.322580645161
2026/04/02@13:37:14,32204,968.70904,15013.258064516129
2026/04/02@13:37:15,32205,968.68445,15016.193548387097
2026/04/02@13:37:16,32206,968.6857,15019.129032258064
2026/04/02@13:37:18,32208,968.68696,15025.0
2026/04/02@13:37:19,32209,968.7067,15027.78125
2026/04/02@13:37:20,32210,968.69052,15030.5625
2026/04/02@13:37:21,32211,968.661,15033.34375
2026/04/02@13:37:22,32212,968.68696,15036.125
2026/04/02@13:37:23,32213,968.7029,15038.90625
2026/04/02@13:37:24,32214,968.67096,15041.6875
2026/04/02@13:37:25,32215,968.67944,15044.46875
2026/04/02@13:37:26,32216,968.6535,15047.25
2026/04/02@13:37:27,32217,968.7129,15050.03125
2026/04/02@13:37:28,32218,968.6722,15052.8125
2026/04/02@13:37:29,32219,968.6919,15055.59375
2026/04/02@13:37:31,32221,968.682,15061.15625
2026/04/02@13:37:32,32222,968.70664,15063.9375
2026/04/02@13:37:33,32223,968.6757,15066.71875
2026/04/02@13:37:34,32224,968.657136,15069.5
2026/04/02@13:37:35,32225,968.70532,15072.28125
2026/04/02@13:37:36,32226,968.6806,15075.0625
2026/04/02@13:37:37,32227,968.65348,15077.84375
2026/04/02@13:37:38,32228,968.6917,15080.625
2026/04/02@13:37:39,32229,968.6722,15083.40625
2026/04/02@13:37:40,32230,968.6917,15086.1875
2026/04/02@13:37:41,32231,968.688064,15088.96875
2026/04/02@13:37:42,32232,968.6856,15091.75
2026/04/02@13:37:44,32234,968.69416,15097.3125
2026/04/02@13:37:45,32235,968.65952,15100.09375
2026/04/02@13:37:46,32236,968.7028,15102.875
2026/04/02@13:37:47,32237,968.6844,15105.65625
2026/04/02@13:37:48,32238,968.6892,15108.4375
2026/04/02@13:37:49,32239,968.66328,15111.21875
2026/04/02@13:37:50,32240,968.68784,15114.0
2026/04/02@13:37:51,32241,968.6843,15117.066666666668
2026/04/02@13:37:52,32242,968.6905,15120.133333333333
2026/04/02@13:37:53,32243,968.65952,15123.2
2026/04/02@13:37:54,32244,968.6955,15126.266666666666
2026/04/02@13:37:55,32245,968.693,15129.333333333334
2026/04/02@13:37:57,32247,968.69416,15135.466666666667
2026/04/02@13:37:58,32248,968.686768,15138.533333333333
2026/04/02@13:37:59,32249,968.6917,15141.6
2026/04/02@13:38:00,32250,968.6733,15144.666666666666
2026/04/02@13:38:01,32251,968.65952,15147.733333333334
2026/04/02@13:38:02,32252,968.66077,15150.8
2026/04/02@13:38:03,32253,968.700432,15153.866666666667
2026/04/02@13:38:04,32254,968.6855,15156.933333333332
2026/04/02@13:38:05,32255,968.68056,15160.0
2026/04/02@13:38:06,32256,968.6955,15163.066666666668
2026/04/02@13:38:07,32257,968.68056,15166.133333333333
2026/04/02@13:38:08,32258,968.682,15169.2
2026/04/02@13:38:10,32260,968.6596,15175.333333333334
2026/04/02@13:38:11,32261,968.6708,15178.4
2026/04/02@13:38:12,32262,968.6596,15181.466666666667
2026/04/02@13:38:13,32263,968.6398,15184.533333333333
2026/04/02@13:38:14,32264,968.6682,15187.6
2026/04/02@13:38:15,32265,968.6731,15190.666666666666
2026/04/02@13:38:16,32266,968.6805,15193.733333333334
2026/04/02@13:38:17,32267,968.6878,15196.8
2026/04/02@13:38:18,32268,968.66948,15199.866666666667
2026/04/02@13:38:19,32269,968.6793,15202.933333333332
2026/04/02@13:38:20,32270,968.66948,15206.0
2026/04/02@13:38:21,32271,968.66708,15208.612903225807
2026/04/02@13:38:23,32273,968.6742,15213.838709677419
2026/04/02@13:38:24,32274,968.6742,15216.451612903225
2026/04/02@13:38:25,32275,968.657136,15219.064516129032
2026/04/02@13:38:26,32276,968.6371,15221.677419354839
2026/04/02@13:38:27,32277,968.6471,15224.290322580646
2026/04/02@13:38:28,32278,968.6471,15226.90322580645
2026/04/02@13:38:29,32279,968.6658,15229.516129032258
2026/04/02@13:38:30,32280,968.66816,15232.129032258064
2026/04/02@13:38:31,32281,968.6704,15234.741935483871
2026/04/02@13:38:32,32282,968.6632,15237.354838709678
2026/04/02@13:38:33,32283,968.657136,15239.967741935483
2026/04/02@13:38:34,32284,968.6978,15242.58064516129
2026/04/02@13:38:36,32286,968.678032,15247.806451612903
2026/04/02@13:38:37,32287,968.66708,15250.41935483871
2026/04/02@13:38:38,32288,968.678032,15253.032258064517
2026/04/02@13:38:39,32289,968.6693,15255.645161290322
2026/04/02@13:38:40,32290,968.65932,15258.258064516129
2026/04/02@13:38:41,32291,968.652,15260.870967741936
2026/04/02@13:38:42,32292,968.673,15263.483870967742
2026/04/02@13:38:43,32293,968.6754,15266.09677419355
2026/04/02@13:38:44,32294,968.68784,15268.709677419354
2026/04/02@13:38:45,32295,968.6621,15271.322580645161
2026/04/02@13:38:46,32296,968.654336,15273.935483870968
2026/04/02@13:38:47,32297,968.64952,15276.548387096775
2026/04/02@13:38:49,32298,968.66548,15281.774193548386
2026/04/02@13:38:50,32300,968.66668,15284.387096774193
2026/04/02@13:38:51,32301,968.6767,15287.0
2026/04/02@13:38:52,32302,968.68784,15290.033333333333
2026/04/02@13:38:53,32303,968.65816,15293.066666666668
2026/04/02@13:38:54,32304,968.681664,15296.1
2026/04/02@13:38:55,32305,968.681664,15299.133333333333
2026/04/02@13:38:56,32306,968.671632,15302.166666666666
2026/04/02@13:38:57,32307,968.6803,15305.2
2026/04/02@13:38:58,32308,968.6928,15308.233333333334
2026/04/02@13:38:59,32309,968.68648,15311.266666666666
2026/04/02@13:39:00,32310,968.6705,15314.3
2026/04/02@13:39:02,32312,968.6605,15320.366666666667
2026/04/02@13:39:03,32313,968.6261,15323.4
2026/04/02@13:39:04,32314,968.6571,15326.433333333332
2026/04/02@13:39:05,32315,968.6668,15329.466666666667
2026/04/02@13:39:06,32316,968.6373,15332.5
2026/04/02@13:39:07,32317,968.6619,15335.533333333333
2026/04/02@13:39:08,32318,968.6902,15338.566666666668
2026/04/02@13:39:09,32319,968.64708,15341.6
2026/04/02@13:39:10,32320,968.6718,15344.633333333333
2026/04/02@13:39:11,32321,968.673,15347.666666666666
2026/04/02@13:39:12,32322,968.6482,15350.7
2026/04/02@13:39:13,32323,968.6719,15353.733333333334
2026/04/02@13:39:14,32324,968.678,15356.766666666666
2026/04/02@13:39:16,32326,968.6532,15362.833333333334
2026/04/02@13:39:17,32327,968.6422,15365.866666666667
2026/04/02@13:39:18,32328,968.6643,15368.9
2026/04/02@13:39:19,32329,968.65704,15371.933333333332
2026/04/02@13:39:20,32330,968.659264,15374.966666666667
2026/04/02@13:39:21,32331,968.6559,15378.0
2026/04/02@13:39:22,32332,968.6545,15380.677419354839
2026/04/02@13:39:23,32333,968.66312,15383.354838709678
2026/04/02@13:39:24,32334,968.6521,15386.032258064517
2026/04/02@13:39:25,32335,968.655632,15388.709677419354
2026/04/02@13:39:26,32336,968.6605,15391.387096774193
2026/04/02@13:39:27,32337,968.6976,15394.064516129032
2026/04/02@13:39:29,32339,968.6705,15399.41935483871
2026/04/02@13:39:30,32340,968.66548,15402.09677419355
2026/04/02@13:39:31,32341,968.654336,15404.774193548386
2026/04/02@13:39:32,32342,968.64592,15407.451612903225
2026/04/02@13:39:33,32343,968.66184,15410.129032258064
2026/04/02@13:39:34,32344,968.6432,15412.806451612903
2026/04/02@13:39:35,32345,968.64708,15415.483870967742
2026/04/02@13:39:36,32346,968.674,15418.161290322581
2026/04/02@13:39:37,32347,968.6397,15420.838709677419
2026/04/02@13:39:38,32348,968.64952,15423.516129032258
2026/04/02@13:39:39,32349,968.6571,15426.193548387097
2026/04/02@13:39:41,32350,968.678,15431.548387096775
2026/04/02@13:39:42,32352,968.726,15434.225806451614
2026/04/02@13:39:43,32353,968.6434,15436.90322580645
2026/04/02@13:39:44,32354,968.62616,15439.58064516129
2026/04/02@13:39:45,32355,968.6136,15442.258064516129
2026/04/02@13:39:46,32356,968.63336,15444.935483870968
2026/04/02@13:39:47,32357,968.6728,15447.612903225807
2026/04/02@13:39:48,32358,968.64952,15450.290322580646
2026/04/02@13:39:49,32359,968.6705,15452.967741935483
2026/04/02@13:39:50,32360,968.63224,15455.645161290322
2026/04/02@13:39:51,32361,968.6372,15458.322580645161
2026/04/02@13:39:52,32362,968.6692,15461.0
2026/04/02@13:39:53,32363,968.65316,15463.566666666668
2026/04/02@13:39:55,32365,968.6803,15468.7
2026/04/02@13:39:56,32366,968.6408,15471.266666666666
2026/04/02@13:39:57,32367,968.631136,15473.833333333334
2026/04/02@13:39:58,32368,968.64432,15476.4
2026/04/02@13:39:59,32369,968.63692,15478.966666666667
2026/04/02@13:40:00,32370,968.64936,15481.533333333333
2026/04/02@13:40:01,32371,968.64456,15484.1
2026/04/02@13:40:02,32372,968.60976,15486.666666666666
2026/04/02@13:40:03,32373,968.68056,15489.233333333334
2026/04/02@13:40:04,32374,968.6728,15491.8
2026/04/02@13:40:05,32375,968.6432,15494.366666666667
2026/04/02@13:40:06,32376,968.6629,15496.933333333332
2026/04/02@13:40:08,32378,968.6272,15502.066666666668
2026/04/02@13:40:09,32379,968.6591,15504.633333333333
2026/04/02@13:40:10,32380,968.6457,15507.2
2026/04/02@13:40:11,32381,968.6395,15509.766666666666
2026/04/02@13:40:12,32382,968.6432,15512.333333333334
2026/04/02@13:40:13,32383,968.6432,15514.9
2026/04/02@13:40:14,32384,968.6618,15517.466666666667
2026/04/02@13:40:15,32385,968.652064,15520.033333333333
2026/04/02@13:40:16,32386,968.6432,15522.6
2026/04/02@13:40:17,32387,968.62728,15525.166666666666
2026/04/02@13:40:18,32388,968.66296,15527.733333333334
2026/04/02@13:40:19,32389,968.6568,15530.3
2026/04/02@13:40:21,32391,968.64088,15535.433333333332
2026/04/02@13:40:22,32392,968.65096,15538.0
2026/04/02@13:40:23,32393,968.64432,15541.064516129032
2026/04/02@13:40:24,32394,968.6333,15544.129032258064
2026/04/02@13:40:25,32395,968.63108,15547.193548387097
2026/04/02@13:40:26,32396,968.6668,15550.258064516129
2026/04/02@13:40:27,32397,968.6629,15553.322580645161
2026/04/02@13:40:28,32398,968.64816,15556.387096774193
2026/04/02@13:40:29,32399,968.65096,15559.451612903225
2026/04/02@13:40:30,32400,968.6531,15562.516129032258
2026/04/02@13:40:31,32401,968.62712,15565.58064516129
2026/04/02@13:40:32,32402,968.6408,15568.645161290322
2026/04/02@13:40:33,32403,968.6692,15571.709677419354
2026/04/02@13:40:35,32405,968.65932,15577.838709677419
2026/04/02@13:40:36,32406,968.6495,15580.90322580645
2026/04/02@13:40:37,32407,968.6259,15583.967741935483
2026/04/02@13:40:38,32408,968.6322,15587.032258064517
2026/04/02@13:40:39,32409,968.6629,15590.09677419355
2026/04/02@13:40:40,32410,968.655632,15593.161290322581
2026/04/02@13:40:41,32411,968.6394,15596.225806451614
2026/04/02@13:40:42,32412,968.64432,15599.290322580646
2026/04/02@13:40:43,32413,968.6272,15602.354838709678
2026/04/02@13:40:44,32414,968.655632,15605.41935483871
2026/04/02@13:40:45,32415,968.6408,15608.483870967742
2026/04/02@13:40:46,32416,968.6739,15611.548387096775
2026/04/02@13:40:48,32418,968.6655,15617.677419354839
2026/04/02@13:40:49,32419,968.650736,15620.741935483871
2026/04/02@13:40:50,32420,968.64088,15623.806451612903
2026/04/02@13:40:51,32421,968.65316,15626.870967741936
2026/04/02@13:40:52,32422,968.6679,15629.935483870968
2026/04/02@13:40:53,32423,968.66184,15633.0
2026/04/02@13:40:54,32424,968.6679,15636.0
2026/04/02@13:40:55,32425,968.65688,15639.0
2026/04/02@13:40:56,32426,968.62352,15642.0
2026/04/02@13:40:57,32427,968.63584,15645.0
2026/04/02@13:40:58,32428,968.650736,15648.0
2026/04/02@13:41:00,32429,968.629664,15654.0
2026/04/02@13:41:01,32431,968.6789,15657.0
2026/04/02@13:41:02,32432,968.66068,15660.0
2026/04/02@13:41:03,32433,968.66184,15663.0
2026/04/02@13:41:04,32434,968.649232,15666.0
2026/04/02@13:41:05,32435,968.6467,15669.0
2026/04/02@13:41:06,32436,968.6714,15672.0
2026/04/02@13:41:07,32437,968.627,15675.0
2026/04/02@13:41:08,32438,968.6566,15678.0
2026/04/02@13:41:09,32439,968.6394,15681.0
2026/04/02@13:41:10,32440,968.66768,15684.0
2026/04/02@13:41:11,32441,968.63584,15687.0
2026/04/02@13:41:12,32442,968.6136,15690.0
2026/04/02@13:41:14,32444,968.62584,15696.0
2026/04/02@13:41:15,32445,968.61832,15699.0
2026/04/02@13:41:16,32446,968.65544,15702.0
2026/04/02@13:41:17,32447,968.66068,15705.0
2026/04/02@13:41:18,32448,968.63448,15708.0
2026/04/02@13:41:19,32449,968.6197,15711.0
2026/04/02@13:41:20,32450,968.6369,15714.0
2026/04/02@13:41:21,32451,968.6097,15717.0
2026/04/02@13:41:22,32452,968.6245,15720.0
2026/04/02@13:41:23,32453,968.649232,15723.0
2026/04/02@13:41:24,32454,968.64432,15726.709677419354
2026/04/02@13:41:25,32455,968.65292,15730.41935483871
2026/04/02@13:41:27,32457,968.6158,15737.838709677419
2026/04/02@13:41:28,32458,968.65048,15741.548387096775
2026/04/02@13:41:29,32459,968.6442,15745.258064516129
2026/04/02@13:41:30,32460,968.64152,15748.967741935483
2026/04/02@13:41:31,32461,968.6232,15752.677419354839
2026/04/02@13:41:32,32462,968.6317,15756.387096774193
2026/04/02@13:41:33,32463,968.6604,15760.09677419355
2026/04/02@13:41:34,32464,968.6367,15763.806451612903
2026/04/02@13:41:35,32465,968.6404,15767.516129032258
2026/04/02@13:41:36,32466,968.64652,15771.225806451614
2026/04/02@13:41:37,32467,968.6294,15774.935483870968
2026/04/02@13:41:38,32468,968.64152,15778.645161290322
2026/04/02@13:41:40,32470,968.65176,15786.064516129032
2026/04/02@13:41:41,32471,968.66016,15789.774193548386
2026/04/02@13:41:42,32472,968.62584,15793.483870967742
2026/04/02@13:41:43,32473,968.6367,15797.193548387097
2026/04/02@13:41:44,32474,968.5998,15800.90322580645
2026/04/02@13:41:45,32475,968.6294,15804.612903225807
2026/04/02@13:41:46,32476,968.6515,15808.322580645161
2026/04/02@13:41:47,32477,968.656464,15812.032258064517
2026/04/02@13:41:48,32478,968.6392,15815.741935483871
2026/04/02@13:41:49,32479,968.62584,15819.451612903225
2026/04/02@13:41:50,32480,968.6281,15823.161290322581
2026/04/02@13:41:51,32481,968.65544,15826.870967741936
2026/04/02@13:41:53,32483,968.6195,15834.290322580646
2026/04/02@13:41:54,32484,968.65408,15838.0
2026/04/02@13:41:55,32485,968.66016,15840.870967741936
2026/04/02@13:41:56,32486,968.6318,15843.741935483871
2026/04/02@13:41:57,32487,968.6838,15846.612903225807
2026/04/02@13:41:58,32488,968.65048,15849.483870967742
2026/04/02@13:41:59,32489,968.6392,15852.354838709678
2026/04/02@13:42:00,32490,968.6565,15855.225806451614
2026/04/02@13:42:01,32491,968.6454,15858.09677419355
2026/04/02@13:42:02,32492,968.65268,15860.967741935483
2026/04/02@13:42:03,32493,968.6231,15863.838709677419
2026/04/02@13:42:04,32494,968.64652,15866.709677419354
2026/04/02@13:42:06,32496,968.6515,15872.451612903225
2026/04/02@13:42:07,32497,968.6307,15875.322580645161
2026/04/02@13:42:08,32498,968.6653,15878.193548387097
2026/04/02@13:42:09,32499,968.6231,15881.064516129032
2026/04/02@13:42:10,32500,968.64152,15883.935483870968
2026/04/02@13:42:11,32501,968.6456,15886.806451612903
2026/04/02@13:42:12,32502,968.63792,15889.677419354839
2026/04/02@13:42:13,32503,968.64652,15892.548387096775
2026/04/02@13:42:14,32504,968.67,15895.41935483871
2026/04/02@13:42:15,32505,968.63304,15898.290322580646
2026/04/02@13:42:16,32506,968.6676,15901.161290322581
2026/04/02@13:42:17,32507,968.6527,15904.032258064517
2026/04/02@13:42:19,32509,968.64416,15909.774193548386
2026/04/02@13:42:20,32510,968.6702,15912.645161290322
2026/04/02@13:42:21,32511,968.6454,15915.516129032258
2026/04/02@13:42:22,32512,968.6614,15918.387096774193
2026/04/02@13:42:23,32513,968.6355,15921.258064516129
2026/04/02@13:42:24,32514,968.6613,15924.129032258064
2026/04/02@13:42:25,32515,968.6392,15927.0
2026/04/02@13:42:26,32516,968.6639,15929.866666666667
2026/04/02@13:42:27,32517,968.6357,15932.733333333334
2026/04/02@13:42:28,32518,968.6415,15935.6
2026/04/02@13:42:29,32519,968.62308,15938.466666666667
2026/04/02@13:42:30,32520,968.62308,15941.333333333334
2026/04/02@13:42:32,32522,968.6181,15947.066666666668
2026/04/02@13:42:33,32523,968.66016,15949.933333333332
2026/04/02@13:42:34,32524,968.649,15952.8
2026/04/02@13:42:35,32525,968.6626,15955.666666666666
2026/04/02@13:42:36,32526,968.6479,15958.533333333333
2026/04/02@13:42:37,32527,968.64152,15961.4
2026/04/02@13:42:38,32528,968.6985,15964.266666666666
2026/04/02@13:42:39,32529,968.6316,15967.133333333333
2026/04/02@13:42:40,32530,968.6613,15970.0
2026/04/02@13:42:41,32531,968.65768,15972.866666666667
2026/04/02@13:42:42,32532,968.65392,15975.733333333334
2026/04/02@13:42:43,32533,968.6711,15978.6
2026/04/02@13:42:45,32534,968.6552,15984.333333333334
2026/04/02@13:42:46,32536,968.6701,15987.2
2026/04/02@13:42:47,32537,968.6711,15990.066666666668
2026/04/02@13:42:48,32538,968.6217,15992.933333333332
2026/04/02@13:42:49,32539,968.6294,15995.8
2026/04/02@13:42:50,32540,968.5873,15998.666666666666
2026/04/02@13:42:51,32541,968.65392,16001.533333333333
2026/04/02@13:42:52,32542,968.6294,16004.4
2026/04/02@13:42:53,32543,968.644,16007.266666666666
2026/04/02@13:42:54,32544,968.62916,16010.133333333333
2026/04/02@13:42:55,32545,968.6651,16013.0
2026/04/02@13:42:56,32546,968.61552,16015.806451612903
2026/04/02@13:42:57,32547,968.6317,16018.612903225807
2026/04/02@13:42:59,32549,968.604432,16024.225806451614
2026/04/02@13:43:00,32550,968.6144,16027.032258064517
2026/04/02@13:43:01,32551,968.6415,16029.838709677419
2026/04/02@13:43:02,32552,968.6169,16032.645161290322
2026/04/02@13:43:03,32553,968.642736,16035.451612903225
2026/04/02@13:43:04,32554,968.64152,16038.258064516129
2026/04/02@13:43:05,32555,968.60948,16041.064516129032
2026/04/02@13:43:06,32556,968.60948,16043.870967741936
2026/04/02@13:43:07,32557,968.64652,16046.677419354839
2026/04/02@13:43:08,32558,968.5946,16049.483870967742
2026/04/02@13:43:09,32559,968.62916,16052.290322580646
2026/04/02@13:43:10,32560,968.6353,16055.09677419355
2026/04/02@13:43:12,32562,968.672368,16060.709677419354
2026/04/02@13:43:13,32563,968.62552,16063.516129032258
2026/04/02@13:43:14,32564,968.6701,16066.322580645161
2026/04/02@13:43:15,32565,968.628,16069.129032258064
2026/04/02@13:43:16,32566,968.6305,16071.935483870968
2026/04/02@13:43:17,32567,968.62308,16074.741935483871
2026/04/02@13:43:18,32568,968.64152,16077.548387096775
2026/04/02@13:43:19,32569,968.6513,16080.354838709678
2026/04/02@13:43:20,32570,968.604432,16083.161290322581
2026/04/02@13:43:21,32571,968.62536,16085.967741935483
2026/04/02@13:43:22,32572,968.64152,16088.774193548386
2026/04/02@13:43:24,32574,968.6217,16094.387096774193
2026/04/02@13:43:25,32575,968.6033,16097.193548387097
2026/04/02@13:43:26,32576,968.6428,16100.0
2026/04/02@13:43:27,32577,968.6365,16103.033333333333
2026/04/02@13:43:28,32578,968.64532,16106.066666666668
2026/04/02@13:43:29,32579,968.604432,16109.1
2026/04/02@13:43:30,32580,968.6674,16112.133333333333
2026/04/02@13:43:31,32581,968.6242,16115.166666666666
2026/04/02@13:43:32,32582,968.6329,16118.2
2026/04/02@13:43:33,32583,968.618064,16121.233333333334
2026/04/02@13:43:34,32584,968.6353,16124.266666666666
2026/04/02@13:43:35,32585,968.600768,16127.3
2026/04/02@13:43:37,32587,968.6131,16133.366666666667
2026/04/02@13:43:38,32588,968.6316,16136.4
2026/04/02@13:43:39,32589,968.6304,16139.433333333332
2026/04/02@13:43:40,32590,968.62424,16142.466666666667
2026/04/02@13:43:41,32591,968.61668,16145.5
2026/04/02@13:43:42,32592,968.6661,16148.533333333333
2026/04/02@13:43:43,32593,968.644,16151.566666666668
2026/04/02@13:43:44,32594,968.6328,16154.6
2026/04/02@13:43:45,32595,968.6303,16157.633333333333
2026/04/02@13:43:46,32596,968.62648,16160.666666666666
2026/04/02@13:43:47,32597,968.6007,16163.7
2026/04/02@13:43:48,32598,968.6525,16166.733333333334
2026/04/02@13:43:50,32600,968.6278,16172.8
2026/04/02@13:43:51,32601,968.634064,16175.833333333334
2026/04/02@13:43:52,32602,968.6315,16178.866666666667
2026/04/02@13:43:53,32603,968.61552,16181.9
2026/04/02@13:43:54,32604,968.6328,16184.933333333332
2026/04/02@13:43:55,32605,968.644,16187.966666666667
2026/04/02@13:43:56,32606,968.627568,16191.0
2026/04/02@13:43:57,32607,968.60456,16193.870967741936
2026/04/02@13:43:58,32608,968.62308,16196.741935483871
2026/04/02@13:43:59,32609,968.608,16199.612903225807
2026/04/02@13:44:00,32610,968.6365,16202.483870967742
2026/04/02@13:44:01,32611,968.6315,16205.354838709678
2026/04/02@13:44:03,32613,968.63052,16211.09677419355
2026/04/02@13:44:04,32614,968.6092,16213.967741935483
2026/04/02@13:44:05,32615,968.5847,16216.838709677419
2026/04/02@13:44:06,32616,968.621632,16219.709677419354
2026/04/02@13:44:07,32617,968.6574,16222.58064516129
2026/04/02@13:44:08,32618,968.6463,16225.451612903225
2026/04/02@13:44:09,32619,968.6526,16228.322580645161
2026/04/02@13:44:10,32620,968.64136,16231.193548387097
2026/04/02@13:44:11,32621,968.64376,16234.064516129032
2026/04/02@13:44:12,32622,968.6339,16236.935483870968
2026/04/02@13:44:13,32623,968.6428,16239.806451612903
2026/04/02@13:44:14,32624,968.6355,16242.677419354839
2026/04/02@13:44:16,32626,968.593,16248.41935483871
2026/04/02@13:44:17,32627,968.658736,16251.290322580646
2026/04/02@13:44:18,32628,968.6058,16254.161290322581
2026/04/02@13:44:19,32629,968.6168,16257.032258064517
2026/04/02@13:44:20,32630,968.6128,16259.90322580645
2026/04/02@13:44:21,32631,968.63168,16262.774193548386
2026/04/02@13:44:22,32632,968.6217,16265.645161290322
2026/04/02@13:44:23,32633,968.6007,16268.516129032258
2026/04/02@13:44:24,32634,968.6291,16271.387096774193
2026/04/02@13:44:25,32635,968.63024,16274.258064516129
2026/04/02@13:44:26,32636,968.62552,16277.129032258064
2026/04/02@13:44:27,32637,968.6192,16280.0
2026/04/02@13:44:29,32638,968.658736,16285.4
2026/04/02@13:44:30,32640,968.6489,16288.1
2026/04/02@13:44:31,32641,968.62776,16290.8
2026/04/02@13:44:32,32642,968.60208,16293.5
2026/04/02@13:44:33,32643,968.63052,16296.2
2026/04/02@13:44:34,32644,968.6194,16298.9
2026/04/02@13:44:35,32645,968.62416,16301.6
2026/04/02@13:44:36,32646,968.61416,16304.3
2026/04/02@13:44:37,32647,968.6339,16307.0
2026/04/02@13:44:38,32648,968.6278,16309.7
2026/04/02@13:44:39,32649,968.6291,16312.4
2026/04/02@13:44:40,32650,968.6511,16315.1
2026/04/02@13:44:41,32651,968.60804,16317.8
2026/04/02@13:44:43,32653,968.61416,16323.2
2026/04/02@13:44:44,32654,968.623936,16325.9
2026/04/02@13:44:45,32655,968.6376,16328.6
2026/04/02@13:44:46,32656,968.6053,16331.3
2026/04/02@13:44:47,32657,968.63384,16334.0
2026/04/02@13:44:48,32658,968.6303,16336.7
2026/04/02@13:44:49,32659,968.60424,16339.4
2026/04/02@13:44:50,32660,968.6228,16342.1
2026/04/02@13:44:51,32661,968.6501,16344.8
2026/04/02@13:44:52,32662,968.60176,16347.5
2026/04/02@13:44:53,32663,968.63884,16350.2
2026/04/02@13:44:55,32664,968.63884,16355.6
2026/04/02@13:44:56,32666,968.6166,16358.3
2026/04/02@13:44:57,32667,968.6316,16361.0
2026/04/02@13:44:58,32668,968.62008,16363.838709677419
2026/04/02@13:44:59,32669,968.5932,16366.677419354839
2026/04/02@13:45:00,32670,968.62892,16369.516129032258
2026/04/02@13:45:01,32671,968.62148,16372.354838709678
2026/04/02@13:45:02,32672,968.621632,16375.193548387097
2026/04/02@13:45:03,32673,968.6487,16378.032258064517
2026/04/02@13:45:04,32674,968.62776,16380.870967741936
2026/04/02@13:45:05,32675,968.6326,16383.709677419354
2026/04/02@13:45:06,32676,968.6501,16386.548387096773
2026/04/02@13:45:07,32677,968.62008,16389.387096774193
2026/04/02@13:45:09,32679,968.6168,16395.064516129034
2026/04/02@13:45:10,32680,968.6116,16397.90322580645
2026/04/02@13:45:11,32681,968.63884,16400.74193548387
2026/04/02@13:45:12,32682,968.64376,16403.58064516129
2026/04/02@13:45:13,32683,968.6007,16406.41935483871
2026/04/02@13:45:14,32684,968.65232,16409.25806451613
2026/04/02@13:45:15,32685,968.6487,16412.09677419355
2026/04/02@13:45:16,32686,968.615232,16414.935483870966
2026/04/02@13:45:17,32687,968.6115,16417.774193548386
2026/04/02@13:45:18,32688,968.6362,16420.612903225807
2026/04/02@13:45:19,32689,968.631136,16423.451612903227
2026/04/02@13:45:20,32690,968.62664,16426.290322580644
2026/04/02@13:45:22,32692,968.627568,16431.967741935485
2026/04/02@13:45:23,32693,968.5906,16434.8064516129
2026/04/02@13:45:24,32694,968.6326,16437.645161290322
2026/04/02@13:45:25,32695,968.615232,16440.483870967742
2026/04/02@13:45:26,32696,968.6078,16443.322580645163
2026/04/02@13:45:27,32697,968.6411,16446.16129032258
2026/04/02@13:45:28,32698,968.627568,16449.0
2026/04/02@13:45:29,32699,968.61416,16451.8064516129
2026/04/02@13:45:30,32700,968.618832,16454.612903225807
2026/04/02@13:45:31,32701,968.62008,16457.41935483871
2026/04/02@13:45:32,32702,968.6843,16460.225806451614
2026/04/02@13:45:33,32703,968.6287,16463.032258064515
2026/04/02@13:45:35,32705,968.6348,16468.645161290322
2026/04/02@13:45:36,32706,968.6063,16471.451612903227
2026/04/02@13:45:37,32707,968.648464,16474.25806451613
2026/04/02@13:45:38,32708,968.62384,16477.064516129034
2026/04/02@13:45:39,32709,968.57808,16479.870967741936
2026/04/02@13:45:40,32710,968.63,16482.677419354837
2026/04/02@13:45:41,32711,968.6227,16485.483870967742
2026/04/02@13:45:42,32712,968.6348,16488.290322580644
2026/04/02@13:45:43,32713,968.6485,16491.09677419355
2026/04/02@13:45:44,32714,968.593,16493.90322580645
2026/04/02@13:45:45,32715,968.605168,16496.709677419356
2026/04/02@13:45:46,32716,968.6103,16499.516129032258
2026/04/02@13:45:48,32718,968.5904,16505.129032258064
2026/04/02@13:45:49,32719,968.60768,16507.935483870966
2026/04/02@13:45:50,32720,968.60032,16510.74193548387
2026/04/02@13:45:51,32721,968.62008,16513.548387096773
2026/04/02@13:45:52,32722,968.6362,16516.354838709678
2026/04/02@13:45:53,32723,968.635,16519.16129032258
2026/04/02@13:45:54,32724,968.632464,16521.967741935485
2026/04/02@13:45:55,32725,968.6448,16524.774193548386
2026/04/02@13:45:56,32726,968.60032,16527.58064516129
2026/04/02@13:45:57,32727,968.6584,16530.387096774193
2026/04/02@13:45:58,32728,968.61016,16533.1935483871
2026/04/02@13:45:59,32729,968.634736,16536.0
2026/04/02@13:46:01,32731,968.6375,16541.866666666665
2026/04/02@13:46:02,32732,968.6435,16544.8
2026/04/02@13:46:03,32733,968.6325,16547.733333333334
2026/04/02@13:46:04,32734,968.64732,16550.666666666668
2026/04/02@13:46:05,32735,968.6411,16553.6
2026/04/02@13:46:06,32736,968.6211,16556.533333333333
2026/04/02@13:46:07,32737,968.62504,16559.466666666667
2026/04/02@13:46:08,32738,968.65332,16562.4
2026/04/02@13:46:09,32739,968.65348,16565.333333333332
2026/04/02@13:46:10,32740,968.63616,16568.266666666666
2026/04/02@13:46:11,32741,968.63,16571.2
2026/04/02@13:46:12,32742,968.65216,16574.133333333335
2026/04/02@13:46:14,32744,968.6273,16580.0
2026/04/02@13:46:15,32745,968.6262,16582.933333333334
2026/04/02@13:46:16,32746,968.63616,16585.866666666665
2026/04/02@13:46:17,32747,968.6337,16588.8
2026/04/02@13:46:18,32748,968.6273,16591.733333333334
2026/04/02@13:46:19,32749,968.63584,16594.666666666668
2026/04/02@13:46:20,32750,968.6436,16597.6
2026/04/02@13:46:21,32751,968.6051,16600.533333333333
2026/04/02@13:46:22,32752,968.65452,16603.466666666667
2026/04/02@13:46:23,32753,968.62616,16606.4
2026/04/02@13:46:24,32754,968.6486,16609.333333333332
2026/04/02@13:46:25,32755,968.6309,16612.266666666666
2026/04/02@13:46:27,32757,968.62492,16618.133333333335
2026/04/02@13:46:28,32758,968.6287,16621.066666666666
2026/04/02@13:46:29,32759,968.6781,16624.0
2026/04/02@13:46:30,32760,968.6325,16626.870967741936
2026/04/02@13:46:31,32761,968.6619,16629.74193548387
2026/04/02@13:46:32,32762,968.681664,16632.612903225807
2026/04/02@13:46:33,32763,968.6446,16635.483870967742
2026/04/02@13:46:34,32764,968.631136,16638.354838709678
2026/04/02@13:46:35,32765,968.6387,16641.225806451614
2026/04/02@13:46:36,32766,968.6594,16644.09677419355
2026/04/02@13:46:37,32767,968.6545,16646.967741935485
2026/04/02@13:46:38,32768,968.673,16649.83870967742
2026/04/02@13:46:40,32770,968.6496,16655.58064516129
2026/04/02@13:46:41,32771,968.6707,16658.451612903227
2026/04/02@13:46:42,32772,968.64592,16661.322580645163
2026/04/02@13:46:43,32773,968.6323,16664.1935483871
2026/04/02@13:46:44,32774,968.599232,16667.064516129034
2026/04/02@13:46:45,32775,968.6507,16669.935483870966
2026/04/02@13:46:46,32776,968.64592,16672.8064516129
2026/04/02@13:46:47,32777,968.6411,16675.677419354837
2026/04/02@13:46:48,32778,968.64344,16678.548387096773
2026/04/02@13:46:49,32779,968.6384,16681.41935483871
2026/04/02@13:46:50,32780,968.6471,16684.290322580644
2026/04/02@13:46:51,32781,968.65348,16687.16129032258
2026/04/02@13:46:53,32783,968.634736,16692.90322580645
2026/04/02@13:46:54,32784,968.6236,16695.774193548386
2026/04/02@13:46:55,32785,968.63732,16698.645161290322
2026/04/02@13:46:56,32786,968.61256,16701.516129032258
2026/04/02@13:46:57,32787,968.634736,16704.387096774193
2026/04/02@13:46:58,32788,968.6422,16707.25806451613
2026/04/02@13:46:59,32789,968.6486,16710.129032258064
2026/04/02@13:47:00,32790,968.65096,16713.0
2026/04/02@13:47:01,32791,968.6545,16716.066666666666
2026/04/02@13:47:02,32792,968.6643,16719.133333333335
2026/04/02@13:47:03,32793,968.6309,16722.2
2026/04/02@13:47:04,32794,968.6484,16725.266666666666
2026/04/02@13:47:06,32796,968.65704,16731.4
2026/04/02@13:47:07,32797,968.6446,16734.466666666667
2026/04/02@13:47:08,32798,968.6657,16737.533333333333
2026/04/02@13:47:09,32799,968.6484,16740.6
2026/04/02@13:47:10,32800,968.63732,16743.666666666668
2026/04/02@13:47:11,32801,968.632464,16746.733333333334
2026/04/02@13:47:12,32802,968.66077,16749.8
2026/04/02@13:47:13,32803,968.64936,16752.866666666665
2026/04/02@13:47:14,32804,968.62,16755.933333333334
2026/04/02@13:47:15,32805,968.6408,16759.0
2026/04/02@13:47:16,32806,968.657,16762.066666666666
2026/04/02@13:47:17,32807,968.642,16765.133333333335
2026/04/02@13:47:19,32809,968.63732,16771.266666666666
2026/04/02@13:47:20,32810,968.62224,16774.333333333332
2026/04/02@13:47:21,32811,968.62468,16777.4
2026/04/02@13:47:22,32812,968.642,16780.466666666667
2026/04/02@13:47:23,32813,968.647,16783.533333333333
2026/04/02@13:47:24,32814,968.62136,16786.6
2026/04/02@13:47:25,32815,968.65096,16789.666666666668
2026/04/02@13:47:26,32816,968.64936,16792.733333333334
2026/04/02@13:47:27,32817,968.6357,16795.8
2026/04/02@13:47:28,32818,968.66548,16798.866666666665
2026/04/02@13:47:29,32819,968.65816,16801.933333333334
2026/04/02@13:47:30,32820,968.6506,16805.0
2026/04/02@13:47:32,32822,968.6295,16810.8064516129
2026/04/02@13:47:33,32823,968.65184,16813.709677419356
2026/04/02@13:47:34,32824,968.6641,16816.612903225807
2026/04/02@13:47:35,32825,968.6357,16819.516129032258
2026/04/02@13:47:36,32826,968.62584,16822.41935483871
2026/04/02@13:47:37,32827,968.6196,16825.322580645163
2026/04/02@13:47:38,32828,968.63352,16828.225806451614
2026/04/02@13:47:39,32829,968.6654,16831.129032258064
2026/04/02@13:47:40,32830,968.67896,16834.032258064515
2026/04/02@13:47:41,32831,968.63837,16836.935483870966
2026/04/02@13:47:42,32832,968.63944,16839.83870967742
2026/04/02@13:47:43,32833,968.642,16842.74193548387
2026/04/02@13:47:45,32835,968.6493,16848.548387096773
2026/04/02@13:47:46,32836,968.6184,16851.451612903227
2026/04/02@13:47:47,32837,968.6629,16854.354838709678
2026/04/02@13:47:48,32838,968.6272,16857.25806451613
2026/04/02@13:47:49,32839,968.6641,16860.16129032258
2026/04/02@13:47:50,32840,968.6421,16863.064516129034
2026/04/02@13:47:51,32841,968.62468,16865.967741935485
2026/04/02@13:47:52,32842,968.65064,16868.870967741936
2026/04/02@13:47:53,32843,968.6555,16871.774193548386
2026/04/02@13:47:54,32844,968.6568,16874.677419354837
2026/04/02@13:47:55,32845,968.6481,16877.58064516129
2026/04/02@13:47:56,32846,968.66312,16880.483870967742
2026/04/02@13:47:58,32848,968.6753,16886.290322580644
2026/04/02@13:47:59,32849,968.61864,16889.1935483871
2026/04/02@13:48:00,32850,968.627,16892.09677419355
2026/04/02@13:48:01,32851,968.64936,16895.0
2026/04/02@13:48:02,32852,968.66668,16898.0
2026/04/02@13:48:03,32853,968.62584,16901.0
2026/04/02@13:48:04,32854,968.6728,16904.0
2026/04/02@13:48:05,32855,968.6259,16907.0
2026/04/02@13:48:06,32856,968.6492,16910.0
2026/04/02@13:48:07,32857,968.67304,16913.0
2026/04/02@13:48:08,32858,968.6382,16916.0
2026/04/02@13:48:09,32859,968.6421,16919.0
2026/04/02@13:48:11,32860,968.61597,16925.0
2026/04/02@13:48:12,32862,968.6702,16928.0
2026/04/02@13:48:13,32863,968.6383,16931.0
2026/04/02@13:48:14,32864,968.6421,16934.0
2026/04/02@13:48:15,32865,968.6407,16937.0
2026/04/02@13:48:16,32866,968.6443,16940.0
2026/04/02@13:48:17,32867,968.66176,16943.0
2026/04/02@13:48:18,32868,968.6506,16946.0
2026/04/02@13:48:19,32869,968.6407,16949.0
2026/04/02@13:48:20,32870,968.6541,16952.0
2026/04/02@13:48:21,32871,968.6371,16955.0
2026/04/02@13:48:22,32872,968.6457,16958.0
2026/04/02@13:48:23,32873,968.6371,16961.0
2026/04/02@13:48:25,32875,968.66424,16967.0
2026/04/02@13:48:26,32876,968.652,16970.0
2026/04/02@13:48:27,32877,968.6814,16973.0
2026/04/02@13:48:28,32878,968.6407,16976.0
2026/04/02@13:48:29,32879,968.62584,16979.0
2026/04/02@13:48:30,32880,968.65544,16982.0
2026/04/02@13:48:31,32881,968.64684,16985.0
2026/04/02@13:48:32,32882,968.6272,16988.0
2026/04/02@13:48:33,32883,968.6777,16991.0
2026/04/02@13:48:34,32884,968.669,16994.0
2026/04/02@13:48:35,32885,968.6358,16997.0
2026/04/02@13:48:36,32886,968.613664,17000.0
2026/04/02@13:48:38,32888,968.63336,17006.0
2026/04/02@13:48:39,32889,968.6618,17009.0
2026/04/02@13:48:40,32890,968.6383,17012.0
2026/04/02@13:48:41,32891,968.6407,17015.0
2026/04/02@13:48:42,32892,968.658,17018.0
2026/04/02@13:48:43,32893,968.632,17021.0
2026/04/02@13:48:44,32894,968.664,17024.0
2026/04/02@13:48:45,32895,968.661568,17027.0
2026/04/02@13:48:46,32896,968.6729,17030.0
2026/04/02@13:48:47,32897,968.6457,17033.0
2026/04/02@13:48:48,32898,968.65672,17036.0
2026/04/02@13:48:49,32899,968.6689,17039.0
2026/04/02@13:48:51,32901,968.65424,17045.0
2026/04/02@13:48:52,32902,968.658,17048.0
2026/04/02@13:48:53,32903,968.6468,17051.0
2026/04/02@13:48:54,32904,968.65816,17054.0
2026/04/02@13:48:55,32905,968.6666,17057.0
2026/04/02@13:48:56,32906,968.6555,17060.0
2026/04/02@13:48:57,32907,968.6604,17063.0
2026/04/02@13:48:58,32908,968.6468,17066.0
2026/04/02@13:48:59,32909,968.6394,17069.0
2026/04/02@13:49:00,32910,968.6432,17072.0
2026/04/02@13:49:01,32911,968.6715,17075.0
2026/04/02@13:49:02,32912,968.65544,17078.0
2026/04/02@13:49:04,32914,968.6715,17083.8064516129
2026/04/02@13:49:05,32915,968.678864,17086.709677419356
2026/04/02@13:49:06,32916,968.60984,17089.612903225807
2026/04/02@13:49:07,32917,968.6591,17092.516129032258
2026/04/02@13:49:08,32918,968.6344,17095.41935483871
2026/04/02@13:49:09,32919,968.6616,17098.322580645163
2026/04/02@13:49:10,32920,968.658,17101.225806451614
2026/04/02@13:49:11,32921,968.661568,17104.129032258064
2026/04/02@13:49:12,32922,968.6394,17107.032258064515
2026/04/02@13:49:13,32923,968.63692,17109.935483870966
2026/04/02@13:49:14,32924,968.637,17112.83870967742
2026/04/02@13:49:15,32925,968.6431,17115.74193548387
2026/04/02@13:49:17,32927,968.63944,17121.548387096773
2026/04/02@13:49:18,32928,968.6541,17124.451612903227
2026/04/02@13:49:19,32929,968.6371,17127.354838709678
2026/04/02@13:49:20,32930,968.6765,17130.25806451613
2026/04/02@13:49:21,32931,968.66668,17133.16129032258
2026/04/02@13:49:22,32932,968.6506,17136.064516129034
2026/04/02@13:49:23,32933,968.66408,17138.967741935485
2026/04/02@13:49:24,32934,968.69864,17141.870967741936
2026/04/02@13:49:25,32935,968.68384,17144.774193548386
2026/04/02@13:49:26,32936,968.6814,17147.677419354837
2026/04/02@13:49:27,32937,968.6493,17150.58064516129
2026/04/02@13:49:28,32938,968.64816,17153.483870967742
2026/04/02@13:49:30,32940,968.66408,17159.290322580644
2026/04/02@13:49:31,32941,968.67524,17162.1935483871
2026/04/02@13:49:32,32942,968.6482,17165.09677419355
2026/04/02@13:49:33,32943,968.6506,17168.0
2026/04/02@13:49:34,32944,968.6247,17171.033333333333
2026/04/02@13:49:35,32945,968.641968,17174.066666666666
2026/04/02@13:49:36,32946,968.6678,17177.1
2026/04/02@13:49:37,32947,968.6704,17180.133333333335
2026/04/02@13:49:38,32948,968.6738,17183.166666666668
2026/04/02@13:49:39,32949,968.68776,17186.2
2026/04/02@13:49:40,32950,968.6666,17189.233333333334
2026/04/02@13:49:41,32951,968.65184,17192.266666666666
2026/04/02@13:49:43,32953,968.65292,17198.333333333332
2026/04/02@13:49:44,32954,968.6704,17201.366666666665
2026/04/02@13:49:45,32955,968.66904,17204.4
2026/04/02@13:49:46,32956,968.6615,17207.433333333334
2026/04/02@13:49:47,32957,968.6777,17210.466666666667
2026/04/02@13:49:48,32958,968.6295,17213.5
2026/04/02@13:49:49,32959,968.632,17216.533333333333
2026/04/02@13:49:50,32960,968.674,17219.566666666666
2026/04/02@13:49:51,32961,968.6591,17222.6
2026/04/02@13:49:52,32962,968.6481,17225.633333333335
2026/04/02@13:49:53,32963,968.6678,17228.666666666668
2026/04/02@13:49:54,32964,968.674,17231.7
2026/04/02@13:49:56,32966,968.6456,17237.766666666666
2026/04/02@13:49:57,32967,968.6716,17240.8
2026/04/02@13:49:58,32968,968.66016,17243.833333333332
2026/04/02@13:49:59,32969,968.6664,17246.866666666665
2026/04/02@13:50:00,32970,968.6739,17249.9
2026/04/02@13:50:01,32971,968.6442,17252.933333333334
2026/04/02@13:50:02,32972,968.6726,17255.966666666667
2026/04/02@13:50:03,32973,968.6848,17259.0
2026/04/02@13:50:04,32974,968.6197,17261.935483870966
2026/04/02@13:50:05,32975,968.6664,17264.870967741936
2026/04/02@13:50:06,32976,968.6591,17267.8064516129
2026/04/02@13:50:07,32977,968.6516,17270.74193548387
2026/04/02@13:50:08,32978,968.6554,17273.677419354837
2026/04/02@13:50:10,32980,968.6714,17279.548387096773
2026/04/02@13:50:11,32981,968.6442,17282.483870967742
2026/04/02@13:50:12,32982,968.656464,17285.41935483871
2026/04/02@13:50:13,32983,968.65424,17288.354838709678
2026/04/02@13:50:14,32984,968.6503,17291.290322580644
2026/04/02@13:50:15,32985,968.6591,17294.225806451614
2026/04/02@13:50:16,32986,968.6331,17297.16129032258
2026/04/02@13:50:17,32987,968.6565,17300.09677419355
2026/04/02@13:50:18,32988,968.6575,17303.032258064515
2026/04/02@13:50:19,32989,968.6625,17305.967741935485
2026/04/02@13:50:20,32990,968.6861,17308.90322580645
2026/04/02@13:50:21,32991,968.649232,17311.83870967742
2026/04/02@13:50:23,32993,968.6738,17317.709677419356
2026/04/02@13:50:24,32994,968.6406,17320.645161290322
2026/04/02@13:50:25,32995,968.6588,17323.58064516129
2026/04/02@13:50:26,32996,968.6664,17326.516129032258
2026/04/02@13:50:27,32997,968.71096,17329.451612903227
2026/04/02@13:50:28,32998,968.6873,17332.387096774193
2026/04/02@13:50:29,32999,968.6503,17335.322580645163
2026/04/02@13:50:30,33000,968.66408,17338.25806451613
2026/04/02@13:50:31,33001,968.6393,17341.1935483871
2026/04/02@13:50:32,33002,968.6649,17344.129032258064
2026/04/02@13:50:33,33003,968.6886,17347.064516129034
2026/04/02@13:50:34,33004,968.6355,17350.0
2026/04/02@13:50:36,33006,968.6676,17356.133333333335
2026/04/02@13:50:37,33007,968.63416,17359.2
2026/04/02@13:50:38,33008,968.64296,17362.266666666666
2026/04/02@13:50:39,33009,968.686032,17365.333333333332
2026/04/02@13:50:40,33010,968.6625,17368.4
2026/04/02@13:50:41,33011,968.67128,17371.466666666667
2026/04/02@13:50:42,33012,968.6317,17374.533333333333
2026/04/02@13:50:43,33013,968.655168,17377.6
2026/04/02@13:50:44,33014,968.688368,17380.666666666668
2026/04/02@13:50:45,33015,968.6947,17383.733333333334
2026/04/02@13:50:46,33016,968.67632,17386.8
2026/04/02@13:50:47,33017,968.68712,17389.866666666665
2026/04/02@13:50:49,33019,968.69216,17396.0
2026/04/02@13:50:50,33020,968.682432,17399.066666666666
2026/04/02@13:50:51,33021,968.67484,17402.133333333335
2026/04/02@13:50:52,33022,968.688368,17405.2
2026/04/02@13:50:53,33023,968.67112,17408.266666666666
2026/04/02@13:50:54,33024,968.6651,17411.333333333332
2026/04/02@13:50:55,33025,968.665,17414.4
2026/04/02@13:50:56,33026,968.67864,17417.466666666667
2026/04/02@13:50:57,33027,968.6574,17420.533333333333
2026/04/02@13:50:58,33028,968.655168,17423.6
2026/04/02@13:50:59,33029,968.62552,17426.666666666668
2026/04/02@13:51:00,33030,968.6477,17429.733333333334
2026/04/02@13:51:02,33032,968.6811,17435.866666666665
2026/04/02@13:51:03,33033,968.6577,17438.933333333334
2026/04/02@13:51:04,33034,968.6699,17442.0
2026/04/02@13:51:05,33035,968.67848,17445.0
2026/04/02@13:51:06,33036,968.665,17448.0
2026/04/02@13:51:07,33037,968.6774,17451.0
2026/04/02@13:51:08,33038,968.6639,17454.0
2026/04/02@13:51:09,33039,968.6736,17457.0
2026/04/02@13:51:10,33040,968.6488,17460.0
2026/04/02@13:51:11,33041,968.65968,17463.0
2026/04/02@13:51:12,33042,968.6465,17466.0
2026/04/02@13:51:13,33043,968.66624,17469.0
2026/04/02@13:51:15,33045,968.6675,17475.0
2026/04/02@13:51:16,33046,968.6636,17478.0
2026/04/02@13:51:17,33047,968.6317,17481.0
2026/04/02@13:51:18,33048,968.6897,17484.0
2026/04/02@13:51:19,33049,968.64264,17487.0
2026/04/02@13:51:20,33050,968.6847,17490.0
2026/04/02@13:51:21,33051,968.67096,17493.0
2026/04/02@13:51:22,33052,968.6278,17496.0
2026/04/02@13:51:23,33053,968.6266,17499.0
2026/04/02@13:51:24,33054,968.67224,17502.0
2026/04/02@13:51:25,33055,968.6465,17505.0
2026/04/02@13:51:26,33056,968.6858,17508.0
2026/04/02@13:51:28,33058,968.6488,17514.0
2026/04/02@13:51:29,33059,968.68332,17517.0
2026/04/02@13:51:30,33060,968.6624,17520.0
2026/04/02@13:51:31,33061,968.688368,17523.0
2026/04/02@13:51:32,33062,968.6735,17526.0
2026/04/02@13:51:33,33063,968.6736,17529.0
2026/04/02@13:51:34,33064,968.682,17532.0
2026/04/02@13:51:35,33065,968.67468,17535.0
2026/04/02@13:51:36,33066,968.6476,17538.133333333335
2026/04/02@13:51:37,33067,968.6514,17541.266666666666
2026/04/02@13:51:38,33068,968.666,17544.4
2026/04/02@13:51:39,33069,968.672368,17547.533333333333
2026/04/02@13:51:41,33071,968.72668,17553.8
2026/04/02@13:51:42,33072,968.67584,17556.933333333334
2026/04/02@13:51:43,33073,968.6686,17560.066666666666
2026/04/02@13:51:44,33074,968.6551,17563.2
2026/04/02@13:51:45,33075,968.6661,17566.333333333332
2026/04/02@13:51:46,33076,968.6808,17569.466666666667
2026/04/02@13:51:47,33077,968.67452,17572.6
2026/04/02@13:51:48,33078,968.6696,17575.733333333334
2026/04/02@13:51:49,33079,968.6686,17578.866666666665
2026/04/02@13:51:50,33080,968.639,17582.0
2026/04/02@13:51:51,33081,968.667264,17585.133333333335
2026/04/02@13:51:52,33082,968.6501,17588.266666666666
2026/04/02@13:51:54,33083,968.6637,17594.533333333333
2026/04/02@13:51:55,33085,968.6772,17597.666666666668
2026/04/02@13:51:56,33086,968.6847,17600.8
2026/04/02@13:51:57,33087,968.67348,17603.933333333334
2026/04/02@13:51:58,33088,968.6376,17607.066666666666
2026/04/02@13:51:59,33089,968.6895,17610.2
2026/04/02@13:52:00,33090,968.671,17613.333333333332
2026/04/02@13:52:01,33091,968.67208,17616.466666666667
2026/04/02@13:52:02,33092,968.667264,17619.6
2026/04/02@13:52:03,33093,968.676,17622.733333333334
2026/04/02@13:52:04,33094,968.6647,17625.866666666665
2026/04/02@13:52:05,33095,968.6834,17629.0
2026/04/02@13:52:06,33096,968.6599,17631.870967741936
2026/04/02@13:52:08,33098,968.691936,17637.612903225807
2026/04/02@13:52:09,33099,968.6893,17640.483870967742
2026/04/02@13:52:10,33100,968.6636,17643.354838709678
2026/04/02@13:52:11,33101,968.6722,17646.225806451614
2026/04/02@13:52:12,33102,968.67096,17649.09677419355
2026/04/02@13:52:13,33103,968.6649,17651.967741935485
2026/04/02@13:52:14,33104,968.66984,17654.83870967742
2026/04/02@13:52:15,33105,968.6722,17657.709677419356
2026/04/02@13:52:16,33106,968.6722,17660.58064516129
2026/04/02@13:52:17,33107,968.6475,17663.451612903227
2026/04/02@13:52:18,33108,968.6943,17666.322580645163
2026/04/02@13:52:19,33109,968.67096,17669.1935483871
2026/04/02@13:52:21,33111,968.67848,17674.935483870966
2026/04/02@13:52:22,33112,968.6661,17677.8064516129
2026/04/02@13:52:23,33113,968.6636,17680.677419354837
2026/04/02@13:52:24,33114,968.6474,17683.548387096773
2026/04/02@13:52:25,33115,968.6834,17686.41935483871
2026/04/02@13:52:26,33116,968.66984,17689.290322580644
2026/04/02@13:52:27,33117,968.68584,17692.16129032258
2026/04/02@13:52:28,33118,968.6822,17695.032258064515
2026/04/02@13:52:29,33119,968.6647,17697.90322580645
2026/04/02@13:52:30,33120,968.6266,17700.774193548386
2026/04/02@13:52:31,33121,968.6809,17703.645161290322
2026/04/02@13:52:32,33122,968.6315,17706.516129032258
2026/04/02@13:52:34,33124,968.6573,17712.25806451613
2026/04/02@13:52:35,33125,968.67468,17715.129032258064
2026/04/02@13:52:36,33126,968.6501,17718.0
2026/04/02@13:52:37,33127,968.6315,17721.666666666668
2026/04/02@13:52:38,33128,968.6908,17725.333333333332
2026/04/02@13:52:39,33129,968.6895,17729.0
2026/04/02@13:52:40,33130,968.657136,17732.666666666668
2026/04/02@13:52:41,33131,968.6573,17736.333333333332
2026/04/02@13:52:42,33132,968.6895,17740.0
2026/04/02@13:52:43,33133,968.6929,17743.666666666668
2026/04/02@13:52:44,33134,968.70792,17747.333333333332
2026/04/02@13:52:45,33135,968.67348,17751.0
2026/04/02@13:52:47,33137,968.67848,17758.333333333332
2026/04/02@13:52:48,33138,968.67348,17762.0
2026/04/02@13:52:49,33139,968.66984,17765.666666666668
2026/04/02@13:52:50,33140,968.66328,17769.333333333332
2026/04/02@13:52:51,33141,968.6685,17773.0
2026/04/02@13:52:52,33142,968.68584,17776.666666666668
2026/04/02@13:52:53,33143,968.6499,17780.333333333332
2026/04/02@13:52:54,33144,968.6893,17784.0
2026/04/02@13:52:55,33145,968.6375,17787.666666666668
2026/04/02@13:52:56,33146,968.6683,17791.333333333332
2026/04/02@13:52:57,33147,968.6621,17795.0
2026/04/02@13:52:58,33148,968.6696,17798.666666666668
2026/04/02@13:53:00,33150,968.6731,17806.0
2026/04/02@13:53:01,33151,968.66584,17809.666666666668
2026/04/02@13:53:02,33152,968.70904,17813.333333333332
2026/04/02@13:53:03,33153,968.66584,17817.0
2026/04/02@13:53:04,33154,968.6758,17820.666666666668
2026/04/02@13:53:05,33155,968.677,17824.333333333332
2026/04/02@13:53:06,33156,968.677,17828.0
2026/04/02@13:53:07,33157,968.6387,17831.90322580645
2026/04/02@13:53:08,33158,968.6621,17835.8064516129
2026/04/02@13:53:09,33159,968.66848,17839.709677419356
2026/04/02@13:53:10,33160,968.6474,17843.612903225807
2026/04/02@13:53:11,33161,968.66848,17847.516129032258
2026/04/02@13:53:13,33163,968.64872,17855.322580645163
2026/04/02@13:53:14,33164,968.6942,17859.225806451614
2026/04/02@13:53:15,33165,968.70296,17863.129032258064
2026/04/02@13:53:16,33166,968.7004,17867.032258064515
2026/04/02@13:53:17,33167,968.6671,17870.935483870966
2026/04/02@13:53:18,33168,968.6993,17874.83870967742
2026/04/02@13:53:19,33169,968.72016,17878.74193548387
2026/04/02@13:53:20,33170,968.68948,17882.645161290322
2026/04/02@13:53:21,33171,968.6856,17886.548387096773
2026/04/02@13:53:22,33172,968.677,17890.451612903227
2026/04/02@13:53:23,33173,968.6819,17894.354838709678
2026/04/02@13:53:24,33174,968.688,17898.25806451613
2026/04/02@13:53:25,33175,968.66848,17902.16129032258
2026/04/02@13:53:27,33177,968.6819,17909.967741935485
2026/04/02@13:53:28,33178,968.698,17913.870967741936
2026/04/02@13:53:29,33179,968.70904,17917.774193548386
2026/04/02@13:53:30,33180,968.6832,17921.677419354837
2026/04/02@13:53:31,33181,968.6931,17925.58064516129
2026/04/02@13:53:32,33182,968.68824,17929.483870967742
2026/04/02@13:53:33,33183,968.670864,17933.387096774193
2026/04/02@13:53:34,33184,968.6931,17937.290322580644
2026/04/02@13:53:35,33185,968.66708,17941.1935483871
2026/04/02@13:53:36,33186,968.7065,17945.09677419355
2026/04/02@13:53:37,33187,968.6599,17949.0
2026/04/02@13:53:38,33188,968.68948,17951.645161290322
2026/04/02@13:53:40,33190,968.6895,17956.935483870966
2026/04/02@13:53:41,33191,968.70548,17959.58064516129
2026/04/02@13:53:42,33192,968.6808,17962.225806451614
2026/04/02@13:53:43,33193,968.6942,17964.870967741936
2026/04/02@13:53:44,33194,968.67336,17967.516129032258
2026/04/02@13:53:45,33195,968.688,17970.16129032258
2026/04/02@13:53:46,33196,968.69304,17972.8064516129
2026/04/02@13:53:47,33197,968.7103,17975.451612903227
2026/04/02@13:53:48,33198,968.70416,17978.09677419355
2026/04/02@13:53:49,33199,968.6696,17980.74193548387
2026/04/02@13:53:50,33200,968.73128,17983.387096774193
2026/04/02@13:53:51,33201,968.71268,17986.032258064515
2026/04/02@13:53:53,33203,968.6894,17991.322580645163
2026/04/02@13:53:54,33204,968.70296,17993.967741935485
2026/04/02@13:53:55,33205,968.6797,17996.612903225807
2026/04/02@13:53:56,33206,968.688064,17999.25806451613
2026/04/02@13:53:57,33207,968.67692,18001.90322580645
2026/04/02@13:53:58,33208,968.6917,18004.548387096773
2026/04/02@13:53:59,33209,968.6769,18007.1935483871
2026/04/02@13:54:00,33210,968.6782,18009.83870967742
2026/04/02@13:54:01,33211,968.7103,18012.483870967742
2026/04/02@13:54:02,33212,968.71268,18015.129032258064
2026/04/02@13:54:03,33213,968.6895,18017.774193548386
2026/04/02@13:54:04,33214,968.72016,18020.41935483871
2026/04/02@13:54:06,33216,968.7326,18025.709677419356
2026/04/02@13:54:07,33217,968.6931,18028.354838709678
2026/04/02@13:54:08,33218,968.6931,18031.0
2026/04/02@13:54:09,33219,968.6646,18034.0
2026/04/02@13:54:10,33220,968.70152,18037.0
2026/04/02@13:54:11,33221,968.6979,18040.0
2026/04/02@13:54:12,33222,968.7115,18043.0
2026/04/02@13:54:13,33223,968.6857,18046.0
2026/04/02@13:54:14,33224,968.6979,18049.0
2026/04/02@13:54:15,33225,968.7127,18052.0
2026/04/02@13:54:16,33226,968.7054,18055.0
2026/04/02@13:54:17,33227,968.688064,18058.0
2026/04/02@13:54:19,33229,968.7054,18064.0
2026/04/02@13:54:20,33230,968.7065,18067.0
2026/04/02@13:54:21,33231,968.69304,18070.0
2026/04/02@13:54:22,33232,968.68468,18073.0
2026/04/02@13:54:23,33233,968.6856,18076.0
2026/04/02@13:54:24,33234,968.70152,18079.0
2026/04/02@13:54:25,33235,968.7202,18082.0
2026/04/02@13:54:26,33236,968.707664,18085.0
2026/04/02@13:54:27,33237,968.70652,18088.0
2026/04/02@13:54:28,33238,968.700432,18091.0
2026/04/02@13:54:29,33239,968.70432,18094.0
2026/04/02@13:54:30,33240,968.688,18097.0
2026/04/02@13:54:32,33242,968.6893,18103.0
2026/04/02@13:54:33,33243,968.6979,18106.0
2026/04/02@13:54:34,33244,968.686768,18109.0
2026/04/02@13:54:35,33245,968.6831,18112.0
2026/04/02@13:54:36,33246,968.704,18115.0
2026/04/02@13:54:37,33247,968.7201,18118.0
2026/04/02@13:54:38,33248,968.693,18121.0
2026/04/02@13:54:39,33249,968.6844,18123.8064516129
2026/04/02@13:54:40,33250,968.6718,18126.612903225807
2026/04/02@13:54:41,33251,968.7115,18129.41935483871
2026/04/02@13:54:42,33252,968.678032,18132.225806451614
2026/04/02@13:54:43,33253,968.68916,18135.032258064515
2026/04/02@13:54:45,33254,968.7115,18140.645161290322
2026/04/02@13:54:46,33256,968.71868,18143.451612903227
2026/04/02@13:54:47,33257,968.7103,18146.25806451613
2026/04/02@13:54:48,33258,968.69908,18149.064516129034
2026/04/02@13:54:49,33259,968.71896,18151.870967741936
2026/04/02@13:54:50,33260,968.688,18154.677419354837
2026/04/02@13:54:51,33261,968.709,18157.483870967742
2026/04/02@13:54:52,33262,968.6732,18160.290322580644
2026/04/02@13:54:53,33263,968.688,18163.09677419355
2026/04/02@13:54:54,33264,968.6917,18165.90322580645
2026/04/02@13:54:55,33265,968.73,18168.709677419356
2026/04/02@13:54:56,33266,968.66948,18171.516129032258
2026/04/02@13:54:57,33267,968.6808,18174.322580645163
2026/04/02@13:54:59,33269,968.6905,18179.935483870966
2026/04/02@13:55:00,33270,968.695536,18182.74193548387
2026/04/02@13:55:01,33271,968.7102,18185.548387096773
2026/04/02@13:55:02,33272,968.7028,18188.354838709678
2026/04/02@13:55:03,33273,968.70152,18191.16129032258
2026/04/02@13:55:04,33274,968.67052,18193.967741935485
2026/04/02@13:55:05,33275,968.70016,18196.774193548386
2026/04/02@13:55:06,33276,968.6781,18199.58064516129
2026/04/02@13:55:07,33277,968.704,18202.387096774193
2026/04/02@13:55:08,33278,968.68536,18205.1935483871
2026/04/02@13:55:09,33279,968.6955,18208.0
2026/04/02@13:55:10,33280,968.688,18210.9
2026/04/02@13:55:12,33282,968.69416,18216.7
2026/04/02@13:55:13,33283,968.7089,18219.6
2026/04/02@13:55:14,33284,968.6892,18222.5
2026/04/02@13:55:15,33285,968.70516,18225.4
2026/04/02@13:55:16,33286,968.72976,18228.3
2026/04/02@13:55:17,33287,968.70624,18231.2
2026/04/02@13:55:18,33288,968.707664,18234.1
2026/04/02@13:55:19,33289,968.725168,18237.0
2026/04/02@13:55:20,33290,968.6844,18239.9
2026/04/02@13:55:21,33291,968.699136,18242.8
2026/04/02@13:55:22,33292,968.69024,18245.7
2026/04/02@13:55:23,33293,968.6596,18248.6
2026/04/02@13:55:25,33295,968.65952,18254.4
2026/04/02@13:55:26,33296,968.71376,18257.3
2026/04/02@13:55:27,33297,968.7051,18260.2
2026/04/02@13:55:28,33298,968.6669,18263.1
2026/04/02@13:55:29,33299,968.6965,18266.0
2026/04/02@13:55:30,33300,968.7224,18268.9
2026/04/02@13:55:31,33301,968.69656,18271.8
2026/04/02@13:55:32,33302,968.71,18274.7
2026/04/02@13:55:33,33303,968.7101,18277.6
2026/04/02@13:55:34,33304,968.68268,18280.5
2026/04/02@13:55:35,33305,968.7049,18283.4
2026/04/02@13:55:36,33306,968.7273,18286.3
2026/04/02@13:55:38,33308,968.68664,18292.1
2026/04/02@13:55:39,33309,968.6753,18295.0
2026/04/02@13:55:40,33310,968.6855,18297.90322580645
2026/04/02@13:55:41,33311,968.7101,18300.8064516129
2026/04/02@13:55:42,33312,968.6793,18303.709677419356
2026/04/02@13:55:43,33313,968.7014,18306.612903225807
2026/04/02@13:55:44,33314,968.6632,18309.516129032258
2026/04/02@13:55:45,33315,968.6987,18312.41935483871
2026/04/02@13:55:46,33316,968.6916,18315.322580645163
2026/04/02@13:55:47,33317,968.681664,18318.225806451614
2026/04/02@13:55:48,33318,968.68024,18321.129032258064
2026/04/02@13:55:49,33319,968.65816,18324.032258064515
2026/04/02@13:55:51,33321,968.68024,18329.83870967742
2026/04/02@13:55:52,33322,968.71232,18332.74193548387
2026/04/02@13:55:53,33323,968.6753,18335.645161290322
2026/04/02@13:55:54,33324,968.683968,18338.548387096773
2026/04/02@13:55:55,33325,968.6729,18341.451612903227
2026/04/02@13:55:56,33326,968.6987,18344.354838709678
2026/04/02@13:55:57,33327,968.69272,18347.25806451613
2026/04/02@13:55:58,33328,968.6619,18350.16129032258
2026/04/02@13:55:59,33329,968.69272,18353.064516129034
2026/04/02@13:56:00,33330,968.70516,18355.967741935485
2026/04/02@13:56:01,33331,968.6691,18358.870967741936
2026/04/02@13:56:02,33332,968.6976,18361.774193548386
2026/04/02@13:56:04,33334,968.69632,18367.58064516129
2026/04/02@13:56:05,33335,968.6864,18370.483870967742
2026/04/02@13:56:06,33336,968.7198,18373.387096774193
2026/04/02@13:56:07,33337,968.69508,18376.290322580644
2026/04/02@13:56:08,33338,968.7012,18379.1935483871
2026/04/02@13:56:09,33339,968.663,18382.09677419355
2026/04/02@13:56:10,33340,968.7,18385.0
2026/04/02@13:56:11,33341,968.663,18387.966666666667
2026/04/02@13:56:12,33342,968.673,18390.933333333334
2026/04/02@13:56:13,33343,968.6926,18393.9
2026/04/02@13:56:14,33344,968.73468,18396.866666666665
2026/04/02@13:56:15,33345,968.69632,18399.833333333332
2026/04/02@13:56:17,33347,968.7,18405.766666666666
2026/04/02@13:56:18,33348,968.7062,18408.733333333334
2026/04/02@13:56:19,33349,968.6704,18411.7
2026/04/02@13:56:20,33350,968.683968,18414.666666666668
2026/04/02@13:56:21,33351,968.69132,18417.633333333335
2026/04/02@13:56:22,33352,968.6779,18420.6
2026/04/02@13:56:23,33353,968.6703,18423.566666666666
2026/04/02@13:56:24,33354,968.683968,18426.533333333333
2026/04/02@13:56:25,33355,968.6791,18429.5
2026/04/02@13:56:26,33356,968.6779,18432.466666666667
2026/04/02@13:56:27,33357,968.6864,18435.433333333334
2026/04/02@13:56:28,33358,968.687536,18438.4
2026/04/02@13:56:30,33360,968.6828,18444.333333333332
2026/04/02@13:56:31,33361,968.69008,18447.3
2026/04/02@13:56:32,33362,968.6779,18450.266666666666
2026/04/02@13:56:33,33363,968.6878,18453.233333333334
2026/04/02@13:56:34,33364,968.71464,18456.2
2026/04/02@13:56:35,33365,968.6792,18459.166666666668
2026/04/02@13:56:36,33366,968.71464,18462.133333333335
2026/04/02@13:56:37,33367,968.69008,18465.1
2026/04/02@13:56:38,33368,968.6802,18468.066666666666
2026/04/02@13:56:39,33369,968.6878,18471.033333333333
2026/04/02@13:56:40,33370,968.7087,18474.0
2026/04/02@13:56:41,33371,968.6926,18477.16129032258
2026/04/02@13:56:42,33372,968.7026,18480.322580645163
2026/04/02@13:56:44,33374,968.7111,18486.645161290322
2026/04/02@13:56:45,33375,968.6792,18489.8064516129
2026/04/02@13:56:46,33376,968.7012,18492.967741935485
2026/04/02@13:56:47,33377,968.6925,18496.129032258064
2026/04/02@13:56:48,33378,968.6925,18499.290322580644
2026/04/02@13:56:49,33379,968.687536,18502.451612903227
2026/04/02@13:56:50,33380,968.69632,18505.612903225807
2026/04/02@13:56:51,33381,968.69764,18508.774193548386
2026/04/02@13:56:52,33382,968.68024,18511.935483870966
2026/04/02@13:56:53,33383,968.6434,18515.09677419355
2026/04/02@13:56:54,33384,968.6987,18518.25806451613
2026/04/02@13:56:55,33385,968.72708,18521.41935483871
2026/04/02@13:56:57,33387,968.701264,18527.74193548387
2026/04/02@13:56:58,33388,968.681664,18530.90322580645
2026/04/02@13:56:59,33389,968.7026,18534.064516129034
2026/04/02@13:57:00,33390,968.6691,18537.225806451614
2026/04/02@13:57:01,33391,968.722368,18540.387096774193
2026/04/02@13:57:02,33392,968.69632,18543.548387096773
2026/04/02@13:57:03,33393,968.69508,18546.709677419356
2026/04/02@13:57:04,33394,968.6976,18549.870967741936
2026/04/02@13:57:05,33395,968.67668,18553.032258064515
2026/04/02@13:57:06,33396,968.7372,18556.1935483871
2026/04/02@13:57:07,33397,968.7014,18559.354838709678
2026/04/02@13:57:09,33399,968.701264,18565.677419354837
2026/04/02@13:57:10,33400,968.6864,18568.83870967742
2026/04/02@13:57:11,33401,968.69508,18572.0
2026/04/02@13:57:12,33402,968.6878,18575.354838709678
2026/04/02@13:57:13,33403,968.7089,18578.709677419356
2026/04/02@13:57:14,33404,968.7175,18582.064516129034
2026/04/02@13:57:15,33405,968.69632,18585.41935483871
2026/04/02@13:57:16,33406,968.70624,18588.774193548386
2026/04/02@13:57:17,33407,968.68776,18592.129032258064
2026/04/02@13:57:18,33408,968.6878,18595.483870967742
2026/04/02@13:57:19,33409,968.6543,18598.83870967742
2026/04/02@13:57:20,33410,968.7,18602.1935483871
2026/04/02@13:57:22,33412,968.6976,18608.90322580645
2026/04/02@13:57:23,33413,968.6987,18612.25806451613
2026/04/02@13:57:24,33414,968.7014,18615.612903225807
2026/04/02@13:57:25,33415,968.6828,18618.967741935485
2026/04/02@13:57:26,33416,968.7,18622.322580645163
2026/04/02@13:57:27,33417,968.704,18625.677419354837
2026/04/02@13:57:28,33418,968.6916,18629.032258064515
2026/04/02@13:57:29,33419,968.7087,18632.387096774193
2026/04/02@13:57:30,33420,968.6926,18635.74193548387
2026/04/02@13:57:31,33421,968.6669,18639.09677419355
2026/04/02@13:57:32,33422,968.673,18642.451612903227
2026/04/02@13:57:33,33423,968.699968,18645.8064516129
2026/04/02@13:57:35,33425,968.6729,18652.516129032258
2026/04/02@13:57:36,33426,968.68008,18655.870967741936
2026/04/02@13:57:37,33427,968.6828,18659.225806451614
2026/04/02@13:57:38,33428,968.6916,18662.58064516129
2026/04/02@13:57:39,33429,968.67668,18665.935483870966
2026/04/02@13:57:40,33430,968.68416,18669.290322580644
2026/04/02@13:57:41,33431,968.694,18672.645161290322
2026/04/02@13:57:42,33432,968.69008,18676.0
2026/04/02@13:57:43,33433,968.6926,18679.3
2026/04/02@13:57:44,33434,968.7088,18682.6
2026/04/02@13:57:45,33435,968.6803,18685.9
2026/04/02@13:57:46,33436,968.6779,18689.2
2026/04/02@13:57:48,33438,968.67668,18695.8
2026/04/02@13:57:49,33439,968.6828,18699.1
2026/04/02@13:57:50,33440,968.68648,18702.4
2026/04/02@13:57:51,33441,968.68776,18705.7
2026/04/02@13:57:52,33442,968.7135,18709.0
2026/04/02@13:57:53,33443,968.6987,18712.3
2026/04/02@13:57:54,33444,968.6902,18715.6
2026/04/02@13:57:55,33445,968.68268,18718.9
2026/04/02@13:57:56,33446,968.6828,18722.2
2026/04/02@13:57:57,33447,968.685264,18725.5
2026/04/02@13:57:58,33448,968.6792,18728.8
2026/04/02@13:57:59,33449,968.68916,18732.1
2026/04/02@13:58:01,33451,968.7135,18738.7
2026/04/02@13:58:02,33452,968.68252,18742.0
2026/04/02@13:58:03,33453,968.7088,18745.3
2026/04/02@13:58:04,33454,968.6937,18748.6
2026/04/02@13:58:05,33455,968.7014,18751.9
2026/04/02@13:58:06,33456,968.7223,18755.2
2026/04/02@13:58:07,33457,968.7185,18758.5
2026/04/02@13:58:08,33458,968.7113,18761.8
2026/04/02@13:58:09,33459,968.6803,18765.1
2026/04/02@13:58:10,33460,968.7,18768.4
2026/04/02@13:58:11,33461,968.6766,18771.7
2026/04/02@13:58:12,33462,968.69132,18775.0
2026/04/02@13:58:14,33463,968.685264,18782.677419354837
2026/04/02@13:58:15,33465,968.68268,18786.516129032258
2026/04/02@13:58:16,33466,968.704064,18790.354838709678
2026/04/02@13:58:17,33467,968.7185,18794.1935483871
2026/04/02@13:58:18,33468,968.70732,18798.032258064515
2026/04/02@13:58:19,33469,968.68148,18801.870967741936
2026/04/02@13:58:20,33470,968.6902,18805.709677419356
2026/04/02@13:58:21,33471,968.67896,18809.548387096773
2026/04/02@13:58:22,33472,968.65048,18813.387096774193
2026/04/02@13:58:23,33473,968.671632,18817.225806451614
2026/04/02@13:58:24,33474,968.6828,18821.064516129034
2026/04/02@13:58:25,33475,968.68148,18824.90322580645
2026/04/02@13:58:27,33477,968.71232,18832.58064516129
2026/04/02@13:58:28,33478,968.699,18836.41935483871
2026/04/02@13:58:29,33479,968.6605,18840.25806451613
2026/04/02@13:58:30,33480,968.695,18844.09677419355
2026/04/02@13:58:31,33481,968.70624,18847.935483870966
2026/04/02@13:58:32,33482,968.7076,18851.774193548386
2026/04/02@13:58:33,33483,968.7148,18855.612903225807
2026/04/02@13:58:34,33484,968.725936,18859.451612903227
2026/04/02@13:58:35,33485,968.6828,18863.290322580644
2026/04/02@13:58:36,33486,968.6926,18867.129032258064
2026/04/02@13:58:37,33487,968.6828,18870.967741935485
2026/04/02@13:58:38,33488,968.68148,18874.8064516129
2026/04/02@13:58:39,33489,968.7135,18878.645161290322
2026/04/02@13:58:41,33491,968.6948,18886.322580645163
2026/04/02@13:58:42,33492,968.7113,18890.16129032258
2026/04/02@13:58:43,33493,968.68136,18894.0
2026/04/02@13:58:44,33494,968.6741,18897.2
2026/04/02@13:58:45,33495,968.72092,18900.4
2026/04/02@13:58:46,33496,968.71464,18903.6
2026/04/02@13:58:47,33497,968.6703,18906.8
2026/04/02@13:58:48,33498,968.7099,18910.0
2026/04/02@13:58:49,33499,968.6741,18913.2
2026/04/02@13:58:50,33500,968.71216,18916.4
2026/04/02@13:58:51,33501,968.7037,18919.6
2026/04/02@13:58:52,33502,968.7258,18922.8
2026/04/02@13:58:54,33504,968.71868,18929.2
2026/04/02@13:58:55,33505,968.716,18932.4
2026/04/02@13:58:56,33506,968.69132,18935.6
2026/04/02@13:58:57,33507,968.729536,18938.8
2026/04/02@13:58:58,33508,968.6925,18942.0
2026/04/02@13:58:59,33509,968.6925,18945.2
2026/04/02@13:59:00,33510,968.7146,18948.4
2026/04/02@13:59:01,33511,968.70732,18951.6
2026/04/02@13:59:02,33512,968.7012,18954.8
2026/04/02@13:59:03,33513,968.70592,18958.0
2026/04/02@13:59:04,33514,968.70592,18961.2
2026/04/02@13:59:05,33515,968.6962,18964.4
2026/04/02@13:59:07,33517,968.7123,18970.8
2026/04/02@13:59:08,33518,968.7011,18974.0
2026/04/02@13:59:09,33519,968.7048,18977.2
2026/04/02@13:59:10,33520,968.7368,18980.4
2026/04/02@13:59:11,33521,968.7135,18983.6
2026/04/02@13:59:12,33522,968.7406,18986.8
2026/04/02@13:59:13,33523,968.7037,18990.0
2026/04/02@13:59:14,33524,968.721,18993.16129032258
2026/04/02@13:59:15,33525,968.711,18996.322580645163
2026/04/02@13:59:16,33526,968.69,18999.483870967742
2026/04/02@13:59:17,33527,968.75288,19002.645161290322
2026/04/02@13:59:18,33528,968.6962,19005.8064516129
2026/04/02@13:59:20,33530,968.6911,19012.129032258064
2026/04/02@13:59:21,33531,968.7024,19015.290322580644
2026/04/02@13:59:22,33532,968.6887,19018.451612903227
2026/04/02@13:59:23,33533,968.7036,19021.612903225807
2026/04/02@13:59:24,33534,968.6839,19024.774193548386
2026/04/02@13:59:25,33535,968.6975,19027.935483870966
2026/04/02@13:59:26,33536,968.7024,19031.09677419355
2026/04/02@13:59:27,33537,968.71096,19034.25806451613
2026/04/02@13:59:28,33538,968.7431,19037.41935483871
2026/04/02@13:59:29,33539,968.6961,19040.58064516129
2026/04/02@13:59:30,33540,968.6961,19043.74193548387
2026/04/02@13:59:31,33541,968.7219,19046.90322580645
2026/04/02@13:59:33,33543,968.717168,19053.225806451614
2026/04/02@13:59:34,33544,968.7517,19056.387096774193
2026/04/02@13:59:35,33545,968.7109,19059.548387096773
2026/04/02@13:59:36,33546,968.7146,19062.709677419356
2026/04/02@13:59:37,33547,968.7368,19065.870967741936
2026/04/02@13:59:38,33548,968.7234,19069.032258064515
2026/04/02@13:59:39,33549,968.7344,19072.1935483871
2026/04/02@13:59:40,33550,968.7146,19075.354838709678
2026/04/02@13:59:41,33551,968.74308,19078.516129032258
2026/04/02@13:59:42,33552,968.691136,19081.677419354837
2026/04/02@13:59:43,33553,968.7021,19084.83870967742
2026/04/02@13:59:44,33554,968.7073,19088.0
2026/04/02@13:59:46,33556,968.7318,19093.935483870966
2026/04/02@13:59:47,33557,968.724336,19096.90322580645
2026/04/02@13:59:48,33558,968.7541,19099.870967741936
2026/04/02@13:59:49,33559,968.7196,19102.83870967742
2026/04/02@13:59:50,33560,968.74916,19105.8064516129
2026/04/02@13:59:51,33561,968.759,19108.774193548386
2026/04/02@13:59:52,33562,968.7405,19111.74193548387
2026/04/02@13:59:53,33563,968.7072,19114.709677419356
2026/04/02@13:59:54,33564,968.7318,19117.677419354837
2026/04/02@13:59:55,33565,968.7146,19120.645161290322
2026/04/02@13:59:56,33566,968.7368,19123.612903225807
2026/04/02@13:59:57,33567,968.720736,19126.58064516129
2026/04/02@13:59:58,33568,968.7405,19129.548387096773
2026/04/02@14:00:00,33570,968.7282,19135.483870967742
2026/04/02@14:00:01,33571,968.76024,19138.451612903227
2026/04/02@14:00:02,33572,968.7294,19141.41935483871
2026/04/02@14:00:03,33573,968.7293,19144.387096774193
2026/04/02@14:00:04,33574,968.7317,19147.354838709678
2026/04/02@14:00:05,33575,968.682432,19150.322580645163
2026/04/02@14:00:06,33576,968.7282,19153.290322580644
2026/04/02@14:00:07,33577,968.7244,19156.25806451613
2026/04/02@14:00:08,33578,968.7193,19159.225806451614
2026/04/02@14:00:09,33579,968.76384,19162.1935483871
2026/04/02@14:00:10,33580,968.7936,19165.16129032258
2026/04/02@14:00:11,33581,968.738064,19168.129032258064
2026/04/02@14:00:13,33583,968.7344,19174.064516129034
2026/04/02@14:00:14,33584,968.7416,19177.032258064515
2026/04/02@14:00:15,33585,968.7516,19180.0
2026/04/02@14:00:16,33586,968.7342,19183.3
2026/04/02@14:00:17,33587,968.733168,19186.6
2026/04/02@14:00:18,33588,968.75288,19189.9
2026/04/02@14:00:19,33589,968.728,19193.2
2026/04/02@14:00:20,33590,968.7218,19196.5
2026/04/02@14:00:21,33591,968.712064,19199.8
2026/04/02@14:00:22,33592,968.7342,19203.1
2026/04/02@14:00:23,33593,968.71952,19206.4
2026/04/02@14:00:24,33594,968.73416,19209.7
2026/04/02@14:00:26,33596,968.764,19216.3
2026/04/02@14:00:27,33597,968.7268,19219.6
2026/04/02@14:00:28,33598,968.7553,19222.9
2026/04/02@14:00:29,33599,968.72684,19226.2
2026/04/02@14:00:30,33600,968.72684,19229.5
2026/04/02@14:00:31,33601,968.7514,19232.8
2026/04/02@14:00:32,33602,968.73064,19236.1
2026/04/02@14:00:33,33603,968.76376,19239.4
2026/04/02@14:00:34,33604,968.727936,19242.7
2026/04/02@14:00:35,33605,968.6985,19246.0
2026/04/02@14:00:36,33606,968.7579,19249.3
2026/04/02@14:00:37,33607,968.708432,19252.6
2026/04/02@14:00:39,33609,968.7182,19259.2
2026/04/02@14:00:40,33610,968.7157,19262.5
2026/04/02@14:00:41,33611,968.72684,19265.8
2026/04/02@14:00:42,33612,968.72328,19269.1
2026/04/02@14:00:43,33613,968.7317,19272.4
2026/04/02@14:00:44,33614,968.73552,19275.7
2026/04/02@14:00:45,33615,968.73552,19279.0
2026/04/02@14:00:46,33616,968.733168,19282.354838709678
2026/04/02@14:00:47,33617,968.725664,19285.709677419356
2026/04/02@14:00:48,33618,968.73048,19289.064516129034
2026/04/02@14:00:49,33619,968.72184,19292.41935483871
2026/04/02@14:00:50,33620,968.71576,19295.774193548386
2026/04/02@14:00:52,33622,968.7317,19302.483870967742
2026/04/02@14:00:53,33623,968.708432,19305.83870967742
2026/04/02@14:00:54,33624,968.7146,19309.1935483871
2026/04/02@14:00:55,33625,968.73064,19312.548387096773
2026/04/02@14:00:56,33626,968.738064,19315.90322580645
2026/04/02@14:00:57,33627,968.74416,19319.25806451613
2026/04/02@14:00:58,33628,968.78104,19322.612903225807
2026/04/02@14:00:59,33629,968.753968,19325.967741935485
2026/04/02@14:01:00,33630,968.73064,19329.322580645163
2026/04/02@14:01:01,33631,968.7614,19332.677419354837
2026/04/02@14:01:02,33632,968.7466,19336.032258064515
2026/04/02@14:01:03,33633,968.753968,19339.387096774193
2026/04/02@14:01:05,33635,968.77852,19346.09677419355
2026/04/02@14:01:06,33636,968.738,19349.451612903227
2026/04/02@14:01:07,33637,968.7405,19352.8064516129
2026/04/02@14:01:08,33638,968.75288,19356.16129032258
2026/04/02@14:01:09,33639,968.7404,19359.516129032258
2026/04/02@14:01:10,33640,968.7294,19362.870967741936
2026/04/02@14:01:11,33641,968.7676,19366.225806451614
2026/04/02@14:01:12,33642,968.77376,19369.58064516129
2026/04/02@14:01:13,33643,968.7651,19372.935483870966
2026/04/02@14:01:14,33644,968.775,19376.290322580644
2026/04/02@14:01:15,33645,968.7553,19379.645161290322
2026/04/02@14:01:17,33646,968.7578,19386.133333333335
2026/04/02@14:01:18,33648,968.7268,19389.266666666666
2026/04/02@14:01:19,33649,968.7157,19392.4
2026/04/02@14:01:20,33650,968.75144,19395.533333333333
2026/04/02@14:01:21,33651,968.733168,19398.666666666668
2026/04/02@14:01:22,33652,968.74892,19401.8
2026/04/02@14:01:23,33653,968.7612,19404.933333333334
2026/04/02@14:01:24,33654,968.76016,19408.066666666666
2026/04/02@14:01:25,33655,968.7514,19411.2
2026/04/02@14:01:26,33656,968.755264,19414.333333333332
2026/04/02@14:01:27,33657,968.767632,19417.466666666667
2026/04/02@14:01:28,33658,968.7391,19420.6
2026/04/02@14:01:30,33660,968.725664,19426.866666666665
2026/04/02@14:01:31,33661,968.76264,19430.0
2026/04/02@14:01:32,33662,968.7539,19433.133333333335
2026/04/02@14:01:33,33663,968.7514,19436.266666666666
2026/04/02@14:01:34,33664,968.79096,19439.4
2026/04/02@14:01:35,33665,968.7578,19442.533333333333
2026/04/02@14:01:36,33666,968.759,19445.666666666668
2026/04/02@14:01:37,33667,968.74536,19448.8
2026/04/02@14:01:38,33668,968.76376,19451.933333333334
2026/04/02@14:01:39,33669,968.7576,19455.066666666666
2026/04/02@14:01:40,33670,968.7564,19458.2
2026/04/02@14:01:41,33671,968.77,19461.333333333332
2026/04/02@14:01:42,33672,968.7687,19464.466666666667
2026/04/02@14:01:44,33674,968.74648,19470.733333333334
2026/04/02@14:01:45,33675,968.7737,19473.866666666665
2026/04/02@14:01:46,33676,968.7775,19477.0
2026/04/02@14:01:47,33677,968.7639,19480.032258064515
2026/04/02@14:01:48,33678,968.7391,19483.064516129034
2026/04/02@14:01:49,33679,968.738064,19486.09677419355
2026/04/02@14:01:50,33680,968.7564,19489.129032258064
2026/04/02@14:01:51,33681,968.7439,19492.16129032258
2026/04/02@14:01:52,33682,968.75416,19495.1935483871
2026/04/02@14:01:53,33683,968.72296,19498.225806451614
2026/04/02@14:01:54,33684,968.7466,19501.25806451613
2026/04/02@14:01:55,33685,968.74892,19504.290322580644
2026/04/02@14:01:57,33687,968.75416,19510.354838709678
2026/04/02@14:01:58,33688,968.75632,19513.387096774193
2026/04/02@14:01:59,33689,968.72068,19516.41935483871
2026/04/02@14:02:00,33690,968.73668,19519.451612903227
2026/04/02@14:02:01,33691,968.7441,19522.483870967742
2026/04/02@14:02:02,33692,968.738064,19525.516129032258
2026/04/02@14:02:03,33693,968.7503,19528.548387096773
2026/04/02@14:02:04,33694,968.7329,19531.58064516129
2026/04/02@14:02:05,33695,968.7489,19534.612903225807
2026/04/02@14:02:06,33696,968.70708,19537.645161290322
2026/04/02@14:02:07,33697,968.743,19540.677419354837
2026/04/02@14:02:08,33698,968.725664,19543.709677419356
2026/04/02@14:02:10,33700,968.7378,19549.774193548386
2026/04/02@14:02:11,33701,968.74536,19552.8064516129
2026/04/02@14:02:12,33702,968.7134,19555.83870967742
2026/04/02@14:02:13,33703,968.76624,19558.870967741936
2026/04/02@14:02:14,33704,968.74536,19561.90322580645
2026/04/02@14:02:15,33705,968.7587,19564.935483870966
2026/04/02@14:02:16,33706,968.7687,19567.967741935485
2026/04/02@14:02:17,33707,968.71576,19571.0
2026/04/02@14:02:18,33708,968.79584,19574.133333333335
2026/04/02@14:02:19,33709,968.765,19577.266666666666
2026/04/02@14:02:20,33710,968.7344,19580.4
2026/04/02@14:02:21,33711,968.7701,19583.533333333333
2026/04/02@14:02:23,33713,968.7341,19589.8
2026/04/02@14:02:24,33714,968.74536,19592.933333333334
2026/04/02@14:02:25,33715,968.74536,19596.066666666666
2026/04/02@14:02:26,33716,968.76376,19599.2
2026/04/02@14:02:27,33717,968.7514,19602.333333333332
2026/04/02@14:02:28,33718,968.7145,19605.466666666667
2026/04/02@14:02:29,33719,968.7367,19608.6
2026/04/02@14:02:30,33720,968.73304,19611.733333333334
2026/04/02@14:02:31,33721,968.757568,19614.866666666665
2026/04/02@14:02:32,33722,968.7378,19618.0
2026/04/02@14:02:33,33723,968.75144,19621.133333333335
2026/04/02@14:02:34,33724,968.7416,19624.266666666666
2026/04/02@14:02:36,33726,968.7712,19630.533333333333
2026/04/02@14:02:37,33727,968.72296,19633.666666666668
2026/04/02@14:02:38,33728,968.78344,19636.8
2026/04/02@14:02:39,33729,968.7328,19639.933333333334
2026/04/02@14:02:40,33730,968.757568,19643.066666666666
2026/04/02@14:02:41,33731,968.7365,19646.2
2026/04/02@14:02:42,33732,968.7134,19649.333333333332
2026/04/02@14:02:43,33733,968.77232,19652.466666666667
2026/04/02@14:02:44,33734,968.771,19655.6
2026/04/02@14:02:45,33735,968.7353,19658.733333333334
2026/04/02@14:02:46,33736,968.7637,19661.866666666665
2026/04/02@14:02:47,33737,968.75144,19665.0
2026/04/02@14:02:49,33739,968.7008,19671.322580645163
2026/04/02@14:02:50,33740,968.76484,19674.483870967742
2026/04/02@14:02:51,33741,968.7834,19677.645161290322
2026/04/02@14:02:52,33742,968.76484,19680.8064516129
2026/04/02@14:02:53,33743,968.752464,19683.967741935485
2026/04/02@14:02:54,33744,968.7414,19687.129032258064
2026/04/02@14:02:55,33745,968.7341,19690.290322580644
2026/04/02@14:02:56,33746,968.7785,19693.451612903227
2026/04/02@14:02:57,33747,968.70685,19696.612903225807
2026/04/02@14:02:58,33748,968.74536,19699.774193548386
2026/04/02@14:02:59,33749,968.7994,19702.935483870966
2026/04/02@14:03:01,33750,968.74632,19709.25806451613
2026/04/02@14:03:02,33752,968.7352,19712.41935483871
2026/04/02@14:03:03,33753,968.72408,19715.58064516129
2026/04/02@14:03:04,33754,968.757568,19718.74193548387
2026/04/02@14:03:05,33755,968.7674,19721.90322580645
2026/04/02@14:03:06,33756,968.7241,19725.064516129034
2026/04/02@14:03:07,33757,968.7537,19728.225806451614
2026/04/02@14:03:08,33758,968.76136,19731.387096774193
2026/04/02@14:03:09,33759,968.761136,19734.548387096773
2026/04/02@14:03:10,33760,968.7578,19737.709677419356
2026/04/02@14:03:11,33761,968.7698,19740.870967741936
2026/04/02@14:03:12,33762,968.7414,19744.032258064515
2026/04/02@14:03:14,33763,968.76016,19750.354838709678
2026/04/02@14:03:15,33765,968.755,19753.516129032258
2026/04/02@14:03:16,33766,968.7564,19756.677419354837
2026/04/02@14:03:17,33767,968.762736,19759.83870967742
2026/04/02@14:03:18,33768,968.7651,19763.0
2026/04/02@14:03:19,33769,968.7698,19765.967741935485
2026/04/02@14:03:20,33770,968.7528,19768.935483870966
2026/04/02@14:03:21,33771,968.74268,19771.90322580645
2026/04/02@14:03:22,33772,968.75496,19774.870967741936
2026/04/02@14:03:23,33773,968.75008,19777.83870967742
2026/04/02@14:03:24,33774,968.7625,19780.8064516129
2026/04/02@14:03:25,33775,968.7551,19783.774193548386
2026/04/02@14:03:27,33777,968.74776,19789.709677419356
2026/04/02@14:03:28,33778,968.75008,19792.677419354837
2026/04/02@14:03:29,33779,968.7291,19795.645161290322
2026/04/02@14:03:30,33780,968.794432,19798.612903225807
2026/04/02@14:03:31,33781,968.7303,19801.58064516129
2026/04/02@14:03:32,33782,968.75384,19804.548387096773
2026/04/02@14:03:33,33783,968.7341,19807.516129032258
2026/04/02@14:03:34,33784,968.74892,19810.483870967742
2026/04/02@14:03:35,33785,968.75008,19813.451612903227
2026/04/02@14:03:36,33786,968.7587,19816.41935483871
2026/04/02@14:03:37,33787,968.7834,19819.387096774193
2026/04/02@14:03:38,33788,968.743,19822.354838709678
2026/04/02@14:03:40,33790,968.7367,19828.290322580644
2026/04/02@14:03:41,33791,968.7686,19831.25806451613
2026/04/02@14:03:42,33792,968.78104,19834.225806451614
2026/04/02@14:03:43,33793,968.7464,19837.1935483871
2026/04/02@14:03:44,33794,968.76624,19840.16129032258
2026/04/02@14:03:45,33795,968.7785,19843.129032258064
2026/04/02@14:03:46,33796,968.761136,19846.09677419355
2026/04/02@14:03:47,33797,968.7698,19849.064516129034
2026/04/02@14:03:48,33798,968.73776,19852.032258064515
2026/04/02@14:03:49,33799,968.72684,19855.0
2026/04/02@14:03:50,33800,968.78216,19858.366666666665
2026/04/02@14:03:51,33801,968.75992,19861.733333333334
2026/04/02@14:03:53,33803,968.761136,19868.466666666667
2026/04/02@14:03:54,33804,968.7562,19871.833333333332
2026/04/02@14:03:55,33805,968.74024,19875.2
2026/04/02@14:03:56,33806,968.76484,19878.566666666666
2026/04/02@14:03:57,33807,968.78104,19881.933333333334
2026/04/02@14:03:58,33808,968.7625,19885.3
2026/04/02@14:03:59,33809,968.78732,19888.666666666668
2026/04/02@14:04:00,33810,968.75144,19892.033333333333
2026/04/02@14:04:01,33811,968.7771,19895.4
2026/04/02@14:04:02,33812,968.7525,19898.766666666666
2026/04/02@14:04:03,33813,968.76624,19902.133333333335
2026/04/02@14:04:04,33814,968.7723,19905.5
2026/04/02@14:04:06,33816,968.76624,19912.233333333334
2026/04/02@14:04:07,33817,968.7414,19915.6
2026/04/02@14:04:08,33818,968.766,19918.966666666667
2026/04/02@14:04:09,33819,968.7414,19922.333333333332
2026/04/02@14:04:10,33820,968.75748,19925.7
2026/04/02@14:04:11,33821,968.7475,19929.066666666666
2026/04/02@14:04:12,33822,968.75616,19932.433333333334
2026/04/02@14:04:13,33823,968.77824,19935.8
2026/04/02@14:04:14,33824,968.7711,19939.166666666668
2026/04/02@14:04:15,33825,968.724,19942.533333333333
2026/04/02@14:04:16,33826,968.729,19945.9
2026/04/02@14:04:17,33827,968.7649,19949.266666666666
2026/04/02@14:04:19,33828,968.76,19956.0
2026/04/02@14:04:20,33830,968.7365,19959.129032258064
2026/04/02@14:04:21,33831,968.7141,19962.25806451613
2026/04/02@14:04:22,33832,968.7502,19965.387096774193
2026/04/02@14:04:23,33833,968.7327,19968.516129032258
2026/04/02@14:04:24,33834,968.74616,19971.645161290322
2026/04/02@14:04:25,33835,968.7339,19974.774193548386
2026/04/02@14:04:26,33836,968.7562,19977.90322580645
2026/04/02@14:04:27,33837,968.7179,19981.032258064515
2026/04/02@14:04:28,33838,968.7287,19984.16129032258
2026/04/02@14:04:29,33839,968.75852,19987.290322580644
2026/04/02@14:04:30,33840,968.7548,19990.41935483871
2026/04/02@14:04:31,33841,968.7375,19993.548387096773
2026/04/02@14:04:33,33843,968.7623,19999.8064516129
2026/04/02@14:04:34,33844,968.74868,20002.935483870966
2026/04/02@14:04:35,33845,968.74868,20006.064516129034
2026/04/02@14:04:36,33846,968.7389,20009.1935483871
2026/04/02@14:04:37,33847,968.766,20012.322580645163
2026/04/02@14:04:38,33848,968.761,20015.451612903227
2026/04/02@14:04:39,33849,968.75976,20018.58064516129
2026/04/02@14:04:40,33850,968.7967,20021.709677419356
2026/04/02@14:04:41,33851,968.7252,20024.83870967742
2026/04/02@14:04:42,33852,968.7523,20027.967741935485
2026/04/02@14:04:43,33853,968.7475,20031.09677419355
2026/04/02@14:04:44,33854,968.7869,20034.225806451614
2026/04/02@14:04:46,33856,968.72652,20040.483870967742
2026/04/02@14:04:47,33857,968.75368,20043.612903225807
2026/04/02@14:04:48,33858,968.73752,20046.74193548387
2026/04/02@14:04:49,33859,968.7907,20049.870967741936
2026/04/02@14:04:50,33860,968.7634,20053.0
2026/04/02@14:04:51,33861,968.751168,20055.966666666667
2026/04/02@14:04:52,33862,968.7304,20058.933333333334
2026/04/02@14:04:53,33863,968.7634,20061.9
2026/04/02@14:04:54,33864,968.7438,20064.866666666665
2026/04/02@14:04:55,33865,968.7484,20067.833333333332
2026/04/02@14:04:56,33866,968.7536,20070.8
2026/04/02@14:04:57,33867,968.7562,20073.766666666666
2026/04/02@14:04:59,33869,968.73752,20079.7
2026/04/02@14:05:00,33870,968.7339,20082.666666666668
2026/04/02@14:05:01,33871,968.7216,20085.633333333335
2026/04/02@14:05:02,33872,968.74992,20088.6
2026/04/02@14:05:03,33873,968.73016,20091.566666666666
2026/04/02@14:05:04,33874,968.7821,20094.533333333333
2026/04/02@14:05:05,33875,968.7647,20097.5
2026/04/02@14:05:06,33876,968.7673,20100.466666666667
2026/04/02@14:05:07,33877,968.74384,20103.433333333334
2026/04/02@14:05:08,33878,968.77348,20106.4
2026/04/02@14:05:09,33879,968.793136,20109.366666666665
2026/04/02@14:05:10,33880,968.768464,20112.333333333332
2026/04/02@14:05:12,33882,968.7414,20118.266666666666
2026/04/02@14:05:13,33883,968.738832,20121.233333333334
2026/04/02@14:05:14,33884,968.7338,20124.2
2026/04/02@14:05:15,33885,968.7353,20127.166666666668
2026/04/02@14:05:16,33886,968.74632,20130.133333333335
2026/04/02@14:05:17,33887,968.7166,20133.1
2026/04/02@14:05:18,33888,968.7512,20136.066666666666
2026/04/02@14:05:19,33889,968.7623,20139.033333333333
2026/04/02@14:05:20,33890,968.729,20142.0
2026/04/02@14:05:21,33891,968.738832,20144.90322580645
2026/04/02@14:05:22,33892,968.7339,20147.8064516129
2026/04/02@14:05:23,33893,968.738832,20150.709677419356
2026/04/02@14:05:25,33895,968.7156,20156.516129032258
2026/04/02@14:05:26,33896,968.7586,20159.41935483871
2026/04/02@14:05:27,33897,968.7339,20162.322580645163
2026/04/02@14:05:28,33898,968.7475,20165.225806451614
2026/04/02@14:05:29,33899,968.75852,20168.129032258064
2026/04/02@14:05:30,33900,968.74868,20171.032258064515
2026/04/02@14:05:31,33901,968.74616,20173.935483870966
2026/04/02@14:05:32,33902,968.7414,20176.83870967742
2026/04/02@14:05:33,33903,968.7697,20179.74193548387
2026/04/02@14:05:34,33904,968.77576,20182.645161290322
2026/04/02@14:05:35,33905,968.75368,20185.548387096773
2026/04/02@14:05:36,33906,968.7266,20188.451612903227
2026/04/02@14:05:38,33908,968.7661,20194.25806451613
2026/04/02@14:05:39,33909,968.7364,20197.16129032258
2026/04/02@14:05:40,33910,968.7512,20200.064516129034
2026/04/02@14:05:41,33911,968.7438,20202.967741935485
2026/04/02@14:05:42,33912,968.7512,20205.870967741936
2026/04/02@14:05:43,33913,968.74868,20208.774193548386
2026/04/02@14:05:44,33914,968.7216,20211.677419354837
2026/04/02@14:05:45,33915,968.75732,20214.58064516129
2026/04/02@14:05:46,33916,968.766,20217.483870967742
2026/04/02@14:05:47,33917,968.72652,20220.387096774193
2026/04/02@14:05:48,33918,968.725168,20223.290322580644
2026/04/02@14:05:49,33919,968.7314,20226.1935483871
2026/04/02@14:05:51,33921,968.7435,20232.0
2026/04/02@14:05:52,33922,968.7326,20235.129032258064
2026/04/02@14:05:53,33923,968.7386,20238.25806451613
2026/04/02@14:05:54,33924,968.766,20241.387096774193
2026/04/02@14:05:55,33925,968.7893,20244.516129032258
2026/04/02@14:05:56,33926,968.7315,20247.645161290322
2026/04/02@14:05:57,33927,968.7583,20250.774193548386
2026/04/02@14:05:58,33928,968.793,20253.90322580645
2026/04/02@14:05:59,33929,968.75732,20257.032258064515
2026/04/02@14:06:00,33930,968.74008,20260.16129032258
2026/04/02@14:06:01,33931,968.7365,20263.290322580644
2026/04/02@14:06:02,33932,968.732336,20266.41935483871
2026/04/02@14:06:04,33934,968.768464,20272.677419354837
2026/04/02@14:06:05,33935,968.7782,20275.8064516129
2026/04/02@14:06:06,33936,968.77592,20278.935483870966
2026/04/02@14:06:07,33937,968.752464,20282.064516129034
2026/04/02@14:06:08,33938,968.74868,20285.1935483871
2026/04/02@14:06:09,33939,968.7475,20288.322580645163
2026/04/02@14:06:10,33940,968.7512,20291.451612903227
2026/04/02@14:06:11,33941,968.7671,20294.58064516129
2026/04/02@14:06:12,33942,968.74252,20297.709677419356
2026/04/02@14:06:13,33943,968.7721,20300.83870967742
2026/04/02@14:06:14,33944,968.78328,20303.967741935485
2026/04/02@14:06:15,33945,968.73776,20307.09677419355
2026/04/02@14:06:17,33947,968.77452,20313.354838709678
2026/04/02@14:06:18,33948,968.75368,20316.483870967742
2026/04/02@14:06:19,33949,968.7475,20319.612903225807
2026/04/02@14:06:20,33950,968.7711,20322.74193548387
2026/04/02@14:06:21,33951,968.7647,20325.870967741936
2026/04/02@14:06:22,33952,968.7452,20329.0
2026/04/02@14:06:23,33953,968.78708,20332.2
2026/04/02@14:06:24,33954,968.7933,20335.4
2026/04/02@14:06:25,33955,968.7452,20338.6
2026/04/02@14:06:26,33956,968.7723,20341.8
2026/04/02@14:06:27,33957,968.77736,20345.0
2026/04/02@14:06:28,33958,968.7635,20348.2
2026/04/02@14:06:30,33960,968.7921,20354.6
2026/04/02@14:06:31,33961,968.78708,20357.8
2026/04/02@14:06:32,33962,968.7623,20361.0
2026/04/02@14:06:33,33963,968.705536,20364.2
2026/04/02@14:06:34,33964,968.79192,20367.4
2026/04/02@14:06:35,33965,968.7536,20370.6
2026/04/02@14:06:36,33966,968.7534,20373.8
2026/04/02@14:06:37,33967,968.7748,20377.0
2026/04/02@14:06:38,33968,968.8018,20380.2
2026/04/02@14:06:39,33969,968.74868,20383.4
2026/04/02@14:06:40,33970,968.7697,20386.6
2026/04/02@14:06:41,33971,968.7536,20389.8
2026/04/02@14:06:43,33973,968.7798,20396.2
2026/04/02@14:06:44,33974,968.7463,20399.4
2026/04/02@14:06:45,33975,968.7622,20402.6
2026/04/02@14:06:46,33976,968.7674,20405.8
2026/04/02@14:06:47,33977,968.7795,20409.0
2026/04/02@14:06:48,33978,968.7512,20412.2
2026/04/02@14:06:49,33979,968.78708,20415.4
2026/04/02@14:06:50,33980,968.7671,20418.6
2026/04/02@14:06:51,33981,968.7364,20421.8
2026/04/02@14:06:52,33982,968.7647,20425.0
2026/04/02@14:06:53,33983,968.7748,20427.967741935485
2026/04/02@14:06:54,33984,968.7649,20430.935483870966
2026/04/02@14:06:56,33986,968.7264,20436.870967741936
2026/04/02@14:06:57,33987,968.77672,20439.83870967742
2026/04/02@14:06:58,33988,968.74992,20442.8064516129
2026/04/02@14:06:59,33989,968.8054,20445.774193548386
2026/04/02@14:07:00,33990,968.7671,20448.74193548387
2026/04/02@14:07:01,33991,968.771,20451.709677419356
2026/04/02@14:07:02,33992,968.75976,20454.677419354837
2026/04/02@14:07:03,33993,968.785664,20457.645161290322
2026/04/02@14:07:04,33994,968.7771,20460.612903225807
2026/04/02@14:07:05,33995,968.7177,20463.58064516129
2026/04/02@14:07:06,33996,968.7623,20466.548387096773
2026/04/02@14:07:07,33997,968.7425,20469.516129032258
2026/04/02@14:07:09,33999,968.768464,20475.451612903227
2026/04/02@14:07:10,34000,968.77576,20478.41935483871
2026/04/02@14:07:11,34001,968.787936,20481.387096774193
2026/04/02@14:07:12,34002,968.7844,20484.354838709678
2026/04/02@14:07:13,34003,968.7795,20487.322580645163
2026/04/02@14:07:14,34004,968.78936,20490.290322580644
2026/04/02@14:07:15,34005,968.77824,20493.25806451613
2026/04/02@14:07:16,34006,968.752464,20496.225806451614
2026/04/02@14:07:17,34007,968.782,20499.1935483871
2026/04/02@14:07:18,34008,968.7611,20502.16129032258
2026/04/02@14:07:19,34009,968.7583,20505.129032258064
2026/04/02@14:07:20,34010,968.7339,20508.09677419355
2026/04/02@14:07:22,34012,968.7798,20514.032258064515
2026/04/02@14:07:23,34013,968.78816,20517.0
2026/04/02@14:07:24,34014,968.7635,20520.233333333334
2026/04/02@14:07:25,34015,968.74632,20523.466666666667
2026/04/02@14:07:26,34016,968.75616,20526.7
2026/04/02@14:07:27,34017,968.77348,20529.933333333334
2026/04/02@14:07:28,34018,968.7475,20533.166666666668
2026/04/02@14:07:29,34019,968.8017,20536.4
2026/04/02@14:07:30,34020,968.73752,20539.633333333335
2026/04/02@14:07:31,34021,968.75616,20542.866666666665
2026/04/02@14:07:32,34022,968.7722,20546.1
2026/04/02@14:07:33,34023,968.8166,20549.333333333332
2026/04/02@14:07:35,34025,968.7711,20555.8
2026/04/02@14:07:36,34026,968.7821,20559.033333333333
2026/04/02@14:07:37,34027,968.7869,20562.266666666666
2026/04/02@14:07:38,34028,968.77592,20565.5
2026/04/02@14:07:39,34029,968.768464,20568.733333333334
2026/04/02@14:07:40,34030,968.76484,20571.966666666667
2026/04/02@14:07:41,34031,968.7893,20575.2
2026/04/02@14:07:42,34032,968.81648,20578.433333333334
2026/04/02@14:07:43,34033,968.766,20581.666666666668
2026/04/02@14:07:44,34034,968.7844,20584.9
2026/04/02@14:07:45,34035,968.7795,20588.133333333335
2026/04/02@14:07:46,34036,968.7944,20591.366666666665
2026/04/02@14:07:48,34038,968.77952,20597.833333333332
2026/04/02@14:07:49,34039,968.77576,20601.066666666666
2026/04/02@14:07:50,34040,968.7671,20604.3
2026/04/02@14:07:51,34041,968.7635,20607.533333333333
2026/04/02@14:07:52,34042,968.782032,20610.766666666666
2026/04/02@14:07:53,34043,968.7611,20614.0
2026/04/02@14:07:54,34044,968.7682,20617.09677419355
2026/04/02@14:07:55,34045,968.78468,20620.1935483871
2026/04/02@14:07:56,34046,968.761968,20623.290322580644
2026/04/02@14:07:57,34047,968.77184,20626.387096774193
2026/04/02@14:07:58,34048,968.7844,20629.483870967742
2026/04/02@14:07:59,34049,968.798,20632.58064516129
2026/04/02@14:08:01,34051,968.7809,20638.774193548386
2026/04/02@14:08:02,34052,968.761,20641.870967741936
2026/04/02@14:08:03,34053,968.7622,20644.967741935485
2026/04/02@14:08:04,34054,968.785664,20648.064516129034
2026/04/02@14:08:05,34055,968.697,20651.16129032258
2026/04/02@14:08:06,34056,968.7425,20654.25806451613
2026/04/02@14:08:07,34057,968.777,20657.354838709678
2026/04/02@14:08:08,34058,968.8004,20660.451612903227
2026/04/02@14:08:09,34059,968.7622,20663.548387096773
2026/04/02@14:08:10,34060,968.75732,20666.645161290322
2026/04/02@14:08:11,34061,968.7611,20669.74193548387
2026/04/02@14:08:12,34062,968.777,20672.83870967742
2026/04/02@14:08:14,34064,968.729,20679.032258064515
2026/04/02@14:08:15,34065,968.74856,20682.129032258064
2026/04/02@14:08:16,34066,968.75352,20685.225806451614
2026/04/02@14:08:17,34067,968.783,20688.322580645163
2026/04/02@14:08:18,34068,968.793136,20691.41935483871
2026/04/02@14:08:19,34069,968.79568,20694.516129032258
2026/04/02@14:08:20,34070,968.80916,20697.612903225807
2026/04/02@14:08:21,34071,968.79552,20700.709677419356
2026/04/02@14:08:22,34072,968.75368,20703.8064516129
2026/04/02@14:08:23,34073,968.7943,20706.90322580645
2026/04/02@14:08:24,34074,968.7709,20710.0
2026/04/02@14:08:25,34075,968.8127,20713.166666666668
2026/04/02@14:08:27,34077,968.7866,20719.5
2026/04/02@14:08:28,34078,968.7844,20722.666666666668
2026/04/02@14:08:29,34079,968.7648,20725.833333333332
2026/04/02@14:08:30,34080,968.7463,20729.0
2026/04/02@14:08:31,34081,968.77672,20732.166666666668
2026/04/02@14:08:32,34082,968.761,20735.333333333332
2026/04/02@14:08:33,34083,968.7746,20738.5
2026/04/02@14:08:34,34084,968.7991,20741.666666666668
2026/04/02@14:08:35,34085,968.7992,20744.833333333332
2026/04/02@14:08:36,34086,968.761968,20748.0
2026/04/02@14:08:37,34087,968.7965,20751.166666666668
2026/04/02@14:08:38,34088,968.75216,20754.333333333332
2026/04/02@14:08:40,34090,968.81288,20760.666666666668
2026/04/02@14:08:41,34091,968.7905,20763.833333333332
2026/04/02@14:08:42,34092,968.77672,20767.0
2026/04/02@14:08:43,34093,968.7893,20770.166666666668
2026/04/02@14:08:44,34094,968.83232,20773.333333333332
2026/04/02@14:08:45,34095,968.78936,20776.5
2026/04/02@14:08:46,34096,968.7645,20779.666666666668
2026/04/02@14:08:47,34097,968.7634,20782.833333333332
2026/04/02@14:08:48,34098,968.80268,20786.0
2026/04/02@14:08:49,34099,968.8225,20789.166666666668
2026/04/02@14:08:50,34100,968.782,20792.333333333332
2026/04/02@14:08:51,34101,968.8226,20795.5
2026/04/02@14:08:53,34103,968.7781,20801.833333333332
2026/04/02@14:08:54,34104,968.791536,20805.0
2026/04/02@14:08:55,34105,968.8042,20808.16129032258
2026/04/02@14:08:56,34106,968.7868,20811.322580645163
2026/04/02@14:08:57,34107,968.7683,20814.483870967742
2026/04/02@14:08:58,34108,968.7561,20817.645161290322
2026/04/02@14:08:59,34109,968.79912,20820.8064516129
2026/04/02@14:09:00,34110,968.7696,20823.967741935485
2026/04/02@14:09:01,34111,968.8211,20827.129032258064
2026/04/02@14:09:02,34112,968.80268,20830.290322580644
2026/04/02@14:09:03,34113,968.77816,20833.451612903227
2026/04/02@14:09:04,34114,968.8066,20836.612903225807
2026/04/02@14:09:06,34116,968.8004,20842.935483870966
2026/04/02@14:09:07,34117,968.7386,20846.09677419355
2026/04/02@14:09:08,34118,968.7683,20849.25806451613
2026/04/02@14:09:09,34119,968.77932,20852.41935483871
2026/04/02@14:09:10,34120,968.787936,20855.58064516129
2026/04/02@14:09:11,34121,968.7473,20858.74193548387
2026/04/02@14:09:12,34122,968.7683,20861.90322580645
2026/04/02@14:09:13,34123,968.777,20865.064516129034
2026/04/02@14:09:14,34124,968.75692,20868.225806451614
2026/04/02@14:09:15,34125,968.7484,20871.387096774193
2026/04/02@14:09:16,34126,968.810336,20874.548387096773
2026/04/02@14:09:17,34127,968.8141,20877.709677419356
2026/04/02@14:09:19,34128,968.79568,20884.032258064515
2026/04/02@14:09:20,34130,968.772,20887.1935483871
2026/04/02@14:09:21,34131,968.7707,20890.354838709678
2026/04/02@14:09:22,34132,968.8127,20893.516129032258
2026/04/02@14:09:23,34133,968.7596,20896.677419354837
2026/04/02@14:09:24,34134,968.748336,20899.83870967742
2026/04/02@14:09:25,34135,968.749632,20903.0
2026/04/02@14:09:26,34136,968.783,20905.870967741936
2026/04/02@14:09:27,34137,968.707664,20908.74193548387
2026/04/02@14:09:28,34138,968.76448,20911.612903225807
2026/04/02@14:09:29,34139,968.757,20914.483870967742
2026/04/02@14:09:30,34140,968.80892,20917.354838709678
2026/04/02@14:09:31,34141,968.7891,20920.225806451614
2026/04/02@14:09:33,34143,968.7434,20925.967741935485
2026/04/02@14:09:34,34144,968.749632,20928.83870967742
2026/04/02@14:09:35,34145,968.78652,20931.709677419356
2026/04/02@14:09:36,34146,968.791536,20934.58064516129
2026/04/02@14:09:37,34147,968.7695,20937.451612903227
2026/04/02@14:09:38,34148,968.7449,20940.322580645163
2026/04/02@14:09:39,34149,968.76088,20943.1935483871
2026/04/02@14:09:40,34150,968.78068,20946.064516129034
2026/04/02@14:09:41,34151,968.78424,20948.935483870966
2026/04/02@14:09:42,34152,968.81384,20951.8064516129
2026/04/02@14:09:43,34153,968.7569,20954.677419354837
2026/04/02@14:09:45,34154,968.8064,20960.41935483871
2026/04/02@14:09:46,34156,968.78068,20963.290322580644
2026/04/02@14:09:47,34157,968.805264,20966.16129032258
2026/04/02@14:09:48,34158,968.8028,20969.032258064515
2026/04/02@14:09:49,34159,968.7757,20971.90322580645
2026/04/02@14:09:50,34160,968.79268,20974.774193548386
2026/04/02@14:09:51,34161,968.7519,20977.645161290322
2026/04/02@14:09:52,34162,968.7855,20980.516129032258
2026/04/02@14:09:53,34163,968.7645,20983.387096774193
2026/04/02@14:09:54,34164,968.7461,20986.25806451613
2026/04/02@14:09:55,34165,968.8014,20989.129032258064
2026/04/02@14:09:56,34166,968.77672,20992.0
2026/04/02@14:09:57,34167,968.7955,20995.033333333333
2026/04/02@14:09:59,34169,968.79768,21001.1
2026/04/02@14:10:00,34170,968.766864,21004.133333333335
2026/04/02@14:10:01,34171,968.752,21007.166666666668
2026/04/02@14:10:02,34172,968.7595,21010.2
2026/04/02@14:10:03,34173,968.770736,21013.233333333334
2026/04/02@14:10:04,34174,968.7718,21016.266666666666
2026/04/02@14:10:05,34175,968.79408,21019.3
2026/04/02@14:10:06,34176,968.7595,21022.333333333332
2026/04/02@14:10:07,34177,968.7683,21025.366666666665
2026/04/02@14:10:08,34178,968.8028,21028.4
2026/04/02@14:10:09,34179,968.7891,21031.433333333334
2026/04/02@14:10:11,34181,968.79048,21037.5
2026/04/02@14:10:12,34182,968.76088,21040.533333333333
2026/04/02@14:10:13,34183,968.7695,21043.566666666666
2026/04/02@14:10:14,34184,968.7472,21046.6
2026/04/02@14:10:15,34185,968.777968,21049.633333333335
2026/04/02@14:10:16,34186,968.7866,21052.666666666668
2026/04/02@14:10:17,34187,968.7533,21055.7
2026/04/02@14:10:18,34188,968.7559,21058.733333333334
2026/04/02@14:10:19,34189,968.7891,21061.766666666666
2026/04/02@14:10:20,34190,968.7757,21064.8
2026/04/02@14:10:21,34191,968.7891,21067.833333333332
2026/04/02@14:10:22,34192,968.8014,21070.866666666665
2026/04/02@14:10:24,34193,968.8054,21076.933333333334
2026/04/02@14:10:25,34195,968.8004,21079.966666666667
2026/04/02@14:10:26,34196,968.756032,21083.0
2026/04/02@14:10:27,34197,968.78312,21085.967741935485
2026/04/02@14:10:28,34198,968.7606,21088.935483870966
2026/04/02@14:10:29,34199,968.774336,21091.90322580645
2026/04/02@14:10:30,34200,968.7805,21094.870967741936
2026/04/02@14:10:31,34201,968.777968,21097.83870967742
2026/04/02@14:10:32,34202,968.7523,21100.8064516129
2026/04/02@14:10:33,34203,968.783,21103.774193548386
2026/04/02@14:10:34,34204,968.774336,21106.74193548387
2026/04/02@14:10:35,34205,968.770736,21109.709677419356
2026/04/02@14:10:37,34206,968.8003,21115.645161290322
2026/04/02@14:10:38,34208,968.8004,21118.612903225807
2026/04/02@14:10:39,34209,968.782864,21121.58064516129
2026/04/02@14:10:40,34210,968.7805,21124.548387096773
2026/04/02@14:10:41,34211,968.7805,21127.516129032258
2026/04/02@14:10:42,34212,968.788,21130.483870967742
2026/04/02@14:10:43,34213,968.77672,21133.451612903227
2026/04/02@14:10:44,34214,968.777,21136.41935483871
2026/04/02@14:10:45,34215,968.7905,21139.387096774193
2026/04/02@14:10:46,34216,968.7866,21142.354838709678
2026/04/02@14:10:47,34217,968.7967,21145.322580645163
2026/04/02@14:10:48,34218,968.7619,21148.290322580644
2026/04/02@14:10:49,34219,968.77672,21151.25806451613
2026/04/02@14:10:51,34221,968.758336,21157.1935483871
2026/04/02@14:10:52,34222,968.77932,21160.16129032258
2026/04/02@14:10:53,34223,968.7955,21163.129032258064
2026/04/02@14:10:54,34224,968.7991,21166.09677419355
2026/04/02@14:10:55,34225,968.7658,21169.064516129034
2026/04/02@14:10:56,34226,968.783,21172.032258064515
2026/04/02@14:10:57,34227,968.7695,21175.0
2026/04/02@14:10:58,34228,968.7683,21177.966666666667
2026/04/02@14:10:59,34229,968.75352,21180.933333333334
2026/04/02@14:11:00,34230,968.78068,21183.9
2026/04/02@14:11:01,34231,968.8016,21186.866666666665
2026/04/02@14:11:02,34232,968.81616,21189.833333333332
2026/04/02@14:11:04,34234,968.7768,21195.766666666666
2026/04/02@14:11:05,34235,968.777968,21198.733333333334
2026/04/02@14:11:06,34236,968.8039,21201.7
2026/04/02@14:11:07,34237,968.7436,21204.666666666668
2026/04/02@14:11:08,34238,968.788,21207.633333333335
2026/04/02@14:11:09,34239,968.7991,21210.6
2026/04/02@14:11:10,34240,968.76584,21213.566666666666
2026/04/02@14:11:11,34241,968.78652,21216.533333333333
2026/04/02@14:11:12,34242,968.7631,21219.5
2026/04/02@14:11:13,34243,968.7927,21222.466666666667
2026/04/02@14:11:14,34244,968.7717,21225.433333333334
2026/04/02@14:11:15,34245,968.8089,21228.4
2026/04/02@14:11:17,34247,968.7757,21234.333333333332
2026/04/02@14:11:18,34248,968.76936,21237.3
2026/04/02@14:11:19,34249,968.7695,21240.266666666666
2026/04/02@14:11:20,34250,968.774336,21243.233333333334
2026/04/02@14:11:21,34251,968.78424,21246.2
2026/04/02@14:11:22,34252,968.7779,21249.166666666668
2026/04/02@14:11:23,34253,968.757,21252.133333333335
2026/04/02@14:11:24,34254,968.76808,21255.1
2026/04/02@14:11:25,34255,968.8003,21258.066666666666
2026/04/02@14:11:26,34256,968.79408,21261.033333333333
2026/04/02@14:11:27,34257,968.7683,21264.0
2026/04/02@14:11:28,34258,968.8064,21267.25806451613
2026/04/02@14:11:30,34260,968.774336,21273.774193548386
2026/04/02@14:11:31,34261,968.7695,21277.032258064515
2026/04/02@14:11:32,34262,968.8004,21280.290322580644
2026/04/02@14:11:33,34263,968.7534,21283.548387096773
2026/04/02@14:11:34,34264,968.766864,21286.8064516129
2026/04/02@14:11:35,34265,968.766864,21290.064516129034
2026/04/02@14:11:36,34266,968.816064,21293.322580645163
2026/04/02@14:11:37,34267,968.7757,21296.58064516129
2026/04/02@14:11:38,34268,968.7707,21299.83870967742
2026/04/02@14:11:39,34269,968.75692,21303.09677419355
2026/04/02@14:11:40,34270,968.76696,21306.354838709678
2026/04/02@14:11:41,34271,968.7779,21309.612903225807
2026/04/02@14:11:43,34273,968.7461,21316.129032258064
2026/04/02@14:11:44,34274,968.7449,21319.387096774193
2026/04/02@14:11:45,34275,968.761968,21322.645161290322
2026/04/02@14:11:46,34276,968.7534,21325.90322580645
2026/04/02@14:11:47,34277,968.766864,21329.16129032258
2026/04/02@14:11:48,34278,968.73984,21332.41935483871
2026/04/02@14:11:49,34279,968.7545,21335.677419354837
2026/04/02@14:11:50,34280,968.74224,21338.935483870966
2026/04/02@14:11:51,34281,968.74584,21342.1935483871
2026/04/02@14:11:52,34282,968.761968,21345.451612903227
2026/04/02@14:11:53,34283,968.7495,21348.709677419356
2026/04/02@14:11:54,34284,968.7594,21351.967741935485
2026/04/02@14:11:56,34286,968.7582,21358.483870967742
2026/04/02@14:11:57,34287,968.74092,21361.74193548387
2026/04/02@14:11:58,34288,968.7508,21365.0
2026/04/02@14:11:59,34289,968.73864,21368.451612903227
2026/04/02@14:12:00,34290,968.731,21371.90322580645
2026/04/02@14:12:01,34291,968.7656,21375.354838709678
2026/04/02@14:12:02,34292,968.77544,21378.8064516129
2026/04/02@14:12:03,34293,968.74696,21382.25806451613
2026/04/02@14:12:04,34294,968.8039,21385.709677419356
2026/04/02@14:12:05,34295,968.7584,21389.16129032258
2026/04/02@14:12:06,34296,968.80252,21392.612903225807
2026/04/02@14:12:07,34297,968.7955,21396.064516129034
2026/04/02@14:12:09,34299,968.74856,21402.967741935485
2026/04/02@14:12:10,34300,968.78784,21406.41935483871
2026/04/02@14:12:11,34301,968.7656,21409.870967741936
2026/04/02@14:12:12,34302,968.8102,21413.322580645163
2026/04/02@14:12:13,34303,968.8015,21416.774193548386
2026/04/02@14:12:14,34304,968.8064,21420.225806451614
2026/04/02@14:12:15,34305,968.7633,21423.677419354837
2026/04/02@14:12:16,34306,968.770736,21427.129032258064
2026/04/02@14:12:17,34307,968.73,21430.58064516129
2026/04/02@14:12:18,34308,968.7891,21434.032258064515
2026/04/02@14:12:19,34309,968.73976,21437.483870967742
2026/04/02@14:12:20,34310,968.8089,21440.935483870966
2026/04/02@14:12:22,34312,968.7434,21447.83870967742
2026/04/02@14:12:23,34313,968.761968,21451.290322580644
2026/04/02@14:12:24,34314,968.7695,21454.74193548387
2026/04/02@14:12:25,34315,968.8039,21458.1935483871
2026/04/02@14:12:26,34316,968.73616,21461.645161290322
2026/04/02@14:12:27,34317,968.7965,21465.09677419355
2026/04/02@14:12:28,34318,968.766864,21468.548387096773
2026/04/02@14:12:29,34319,968.7262,21472.0
2026/04/02@14:12:30,34320,968.7547,21475.466666666667
2026/04/02@14:12:31,34321,968.791536,21478.933333333334
2026/04/02@14:12:32,34322,968.73984,21482.4
2026/04/02@14:12:33,34323,968.7558,21485.866666666665
2026/04/02@14:12:35,34325,968.7816,21492.8
2026/04/02@14:12:36,34326,968.73624,21496.266666666666
2026/04/02@14:12:37,34327,968.78424,21499.733333333334
2026/04/02@14:12:38,34328,968.7558,21503.2
2026/04/02@14:12:39,34329,968.7619,21506.666666666668
2026/04/02@14:12:40,34330,968.7336,21510.133333333335
2026/04/02@14:12:41,34331,968.77544,21513.6
2026/04/02@14:12:42,34332,968.7461,21517.066666666666
2026/04/02@14:12:43,34333,968.7596,21520.533333333333
2026/04/02@14:12:44,34334,968.7633,21524.0
2026/04/02@14:12:45,34335,968.807536,21527.466666666667
2026/04/02@14:12:46,34336,968.78176,21530.933333333334
2026/04/02@14:12:48,34338,968.7483,21537.866666666665
2026/04/02@14:12:49,34339,968.73984,21541.333333333332
2026/04/02@14:12:50,34340,968.7558,21544.8
2026/04/02@14:12:51,34341,968.7251,21548.266666666666
2026/04/02@14:12:52,34342,968.78424,21551.733333333334
2026/04/02@14:12:53,34343,968.756032,21555.2
2026/04/02@14:12:54,34344,968.7547,21558.666666666668
2026/04/02@14:12:55,34345,968.7606,21562.133333333335
2026/04/02@14:12:56,34346,968.7768,21565.6
2026/04/02@14:12:57,34347,968.761968,21569.066666666666
2026/04/02@14:12:58,34348,968.78068,21572.533333333333
2026/04/02@14:12:59,34349,968.785664,21576.0
2026/04/02@14:13:01,34351,968.757,21582.25806451613
2026/04/02@14:13:02,34352,968.7088,21585.387096774193
2026/04/02@14:13:03,34353,968.752,21588.516129032258
2026/04/02@14:13:04,34354,968.7866,21591.645161290322
2026/04/02@14:13:05,34355,968.74696,21594.774193548386
2026/04/02@14:13:06,34356,968.77052,21597.90322580645
2026/04/02@14:13:07,34357,968.7582,21601.032258064515
2026/04/02@14:13:08,34358,968.7595,21604.16129032258
2026/04/02@14:13:09,34359,968.783,21607.290322580644
2026/04/02@14:13:10,34360,968.7743,21610.41935483871
2026/04/02@14:13:11,34361,968.7361,21613.548387096773
2026/04/02@14:13:12,34362,968.7569,21616.677419354837
2026/04/02@14:13:13,34363,968.7643,21619.8064516129
2026/04/02@14:13:15,34365,968.7531,21626.064516129034
2026/04/02@14:13:16,34366,968.8024,21629.1935483871
2026/04/02@14:13:17,34367,968.7187,21632.322580645163
2026/04/02@14:13:18,34368,968.7607,21635.451612903227
2026/04/02@14:13:19,34369,968.749632,21638.58064516129
2026/04/02@14:13:20,34370,968.78548,21641.709677419356
2026/04/02@14:13:21,34371,968.78784,21644.83870967742
2026/04/02@14:13:22,34372,968.7446,21647.967741935485
2026/04/02@14:13:23,34373,968.7545,21651.09677419355
2026/04/02@14:13:24,34374,968.7657,21654.225806451614
2026/04/02@14:13:25,34375,968.72132,21657.354838709678
2026/04/02@14:13:26,34376,968.74696,21660.483870967742
2026/04/02@14:13:28,34378,968.782864,21666.74193548387
2026/04/02@14:13:29,34379,968.747,21669.870967741936
2026/04/02@14:13:30,34380,968.73616,21673.0
2026/04/02@14:13:31,34381,968.76296,21676.0
2026/04/02@14:13:32,34382,968.7571,21679.0
2026/04/02@14:13:33,34383,968.7582,21682.0
2026/04/02@14:13:34,34384,968.7618,21685.0
2026/04/02@14:13:35,34385,968.7569,21688.0
2026/04/02@14:13:36,34386,968.75448,21691.0
2026/04/02@14:13:37,34387,968.75084,21694.0
2026/04/02@14:13:38,34388,968.7768,21697.0
2026/04/02@14:13:39,34389,968.74696,21700.0
2026/04/02@14:13:41,34391,968.7732,21706.0
2026/04/02@14:13:42,34392,968.7706,21709.0
2026/04/02@14:13:43,34393,968.76936,21712.0
2026/04/02@14:13:44,34394,968.8064,21715.0
2026/04/02@14:13:45,34395,968.78536,21718.0
2026/04/02@14:13:46,34396,968.7459,21721.0
2026/04/02@14:13:47,34397,968.7532,21724.0
2026/04/02@14:13:48,34398,968.74332,21727.0
2026/04/02@14:13:49,34399,968.77052,21730.0
2026/04/02@14:13:50,34400,968.7163,21733.0
2026/04/02@14:13:51,34401,968.7667,21736.0
2026/04/02@14:13:53,34403,968.78048,21742.0
2026/04/02@14:13:54,34404,968.78536,21745.0
2026/04/02@14:13:55,34405,968.7779,21748.0
2026/04/02@14:13:56,34406,968.75808,21751.0
2026/04/02@14:13:57,34407,968.79624,21754.0
2026/04/02@14:13:58,34408,968.75808,21757.0
2026/04/02@14:13:59,34409,968.7545,21760.0
2026/04/02@14:14:00,34410,968.7581,21763.0
2026/04/02@14:14:01,34411,968.76296,21765.870967741936
2026/04/02@14:14:02,34412,968.751936,21768.74193548387
2026/04/02@14:14:03,34413,968.75084,21771.612903225807
2026/04/02@14:14:04,34414,968.77656,21774.483870967742
2026/04/02@14:14:06,34416,968.7607,21780.225806451614
2026/04/02@14:14:07,34417,968.7445,21783.09677419355
2026/04/02@14:14:08,34418,968.75944,21785.967741935485
2026/04/02@14:14:09,34419,968.76296,21788.83870967742
2026/04/02@14:14:10,34420,968.7729,21791.709677419356
2026/04/02@14:14:11,34421,968.7569,21794.58064516129
2026/04/02@14:14:12,34422,968.7459,21797.451612903227
2026/04/02@14:14:13,34423,968.7483,21800.322580645163
2026/04/02@14:14:14,34424,968.78548,21803.1935483871
2026/04/02@14:14:15,34425,968.76308,21806.064516129034
2026/04/02@14:14:16,34426,968.73616,21808.935483870966
2026/04/02@14:14:17,34427,968.77784,21811.8064516129
2026/04/02@14:14:19,34429,968.77784,21817.548387096773
2026/04/02@14:14:20,34430,968.7581,21820.41935483871
2026/04/02@14:14:21,34431,968.7668,21823.290322580644
2026/04/02@14:14:22,34432,968.73976,21826.16129032258
2026/04/02@14:14:23,34433,968.76936,21829.032258064515
2026/04/02@14:14:24,34434,968.77784,21831.90322580645
2026/04/02@14:14:25,34435,968.7656,21834.774193548386
2026/04/02@14:14:26,34436,968.7717,21837.645161290322
2026/04/02@14:14:27,34437,968.7642,21840.516129032258
2026/04/02@14:14:28,34438,968.7333,21843.387096774193
2026/04/02@14:14:29,34439,968.76936,21846.25806451613
2026/04/02@14:14:30,34440,968.7581,21849.129032258064
2026/04/02@14:14:31,34441,968.781536,21852.0
2026/04/02@14:14:33,34443,968.7779,21858.129032258064
2026/04/02@14:14:34,34444,968.73348,21861.1935483871
2026/04/02@14:14:35,34445,968.7224,21864.25806451613
2026/04/02@14:14:36,34446,968.7568,21867.322580645163
2026/04/02@14:14:37,34447,968.72832,21870.387096774193
2026/04/02@14:14:38,34448,968.7568,21873.451612903227
2026/04/02@14:14:39,34449,968.77656,21876.516129032258
2026/04/02@14:14:40,34450,968.7581,21879.58064516129
2026/04/02@14:14:41,34451,968.74948,21882.645161290322
2026/04/02@14:14:42,34452,968.736,21885.709677419356
2026/04/02@14:14:43,34453,968.73096,21888.774193548386
2026/04/02@14:14:44,34454,968.7568,21891.83870967742
2026/04/02@14:14:46,34456,968.744464,21897.967741935485
2026/04/02@14:14:47,34457,968.6891,21901.032258064515
2026/04/02@14:14:48,34458,968.7346,21904.09677419355
2026/04/02@14:14:49,34459,968.76664,21907.16129032258
2026/04/02@14:14:50,34460,968.7346,21910.225806451614
2026/04/02@14:14:51,34461,968.77544,21913.290322580644
2026/04/02@14:14:52,34462,968.79268,21916.354838709678
2026/04/02@14:14:53,34463,968.73224,21919.41935483871
2026/04/02@14:14:54,34464,968.7642,21922.483870967742
2026/04/02@14:14:55,34465,968.72832,21925.548387096773
2026/04/02@14:14:56,34466,968.76308,21928.612903225807
2026/04/02@14:14:57,34467,968.7113,21931.677419354837
2026/04/02@14:14:59,34469,968.7396,21937.8064516129
2026/04/02@14:15:00,34470,968.7346,21940.870967741936
2026/04/02@14:15:01,34471,968.7459,21943.935483870966
2026/04/02@14:15:02,34472,968.7297,21947.0
2026/04/02@14:15:03,34473,968.7593,21950.333333333332
2026/04/02@14:15:04,34474,968.75084,21953.666666666668
2026/04/02@14:15:05,34475,968.7456,21957.0
2026/04/02@14:15:06,34476,968.7617,21960.333333333332
2026/04/02@14:15:07,34477,968.735936,21963.666666666668
2026/04/02@14:15:08,34478,968.7272,21967.0
2026/04/02@14:15:09,34479,968.7469,21970.333333333332
2026/04/02@14:15:10,34480,968.7469,21973.666666666668
2026/04/02@14:15:12,34482,968.72488,21980.333333333332
2026/04/02@14:15:13,34483,968.72488,21983.666666666668
2026/04/02@14:15:14,34484,968.7607,21987.0
2026/04/02@14:15:15,34485,968.7074,21990.333333333332
2026/04/02@14:15:16,34486,968.734464,21993.666666666668
2026/04/02@14:15:17,34487,968.74332,21997.0
2026/04/02@14:15:18,34488,968.7407,22000.333333333332
2026/04/02@14:15:19,34489,968.7519,22003.666666666668
2026/04/02@14:15:20,34490,968.72832,22007.0
2026/04/02@14:15:21,34491,968.7311,22010.333333333332
2026/04/02@14:15:22,34492,968.7643,22013.666666666668
2026/04/02@14:15:23,34493,968.7566,22017.0
2026/04/02@14:15:25,34495,968.7667,22023.666666666668
2026/04/02@14:15:26,34496,968.73096,22027.0
2026/04/02@14:15:27,34497,968.75052,22030.333333333332
2026/04/02@14:15:28,34498,968.73832,22033.666666666668
2026/04/02@14:15:29,34499,968.7593,22037.0
2026/04/02@14:15:30,34500,968.7579,22040.333333333332
2026/04/02@14:15:31,34501,968.7312,22043.666666666668
2026/04/02@14:15:32,34502,968.7519,22047.0
2026/04/02@14:15:33,34503,968.7285,22050.032258064515
2026/04/02@14:15:34,34504,968.7579,22053.064516129034
2026/04/02@14:15:35,34505,968.77168,22056.09677419355
2026/04/02@14:15:36,34506,968.742,22059.129032258064
2026/04/02@14:15:38,34508,968.747,22065.1935483871
2026/04/02@14:15:39,34509,968.7184,22068.225806451614
2026/04/02@14:15:40,34510,968.7431,22071.25806451613
2026/04/02@14:15:41,34511,968.7643,22074.290322580644
2026/04/02@14:15:42,34512,968.7396,22077.322580645163
2026/04/02@14:15:43,34513,968.7396,22080.354838709678
2026/04/02@14:15:44,34514,968.7544,22083.387096774193
2026/04/02@14:15:45,34515,968.7333,22086.41935483871
2026/04/02@14:15:46,34516,968.7556,22089.451612903227
2026/04/02@14:15:47,34517,968.7593,22092.483870967742
2026/04/02@14:15:48,34518,968.7568,22095.516129032258
2026/04/02@14:15:49,34519,968.7149,22098.548387096773
2026/04/02@14:15:51,34521,968.7036,22104.612903225807
2026/04/02@14:15:52,34522,968.75068,22107.645161290322
2026/04/02@14:15:53,34523,968.734464,22110.677419354837
2026/04/02@14:15:54,34524,968.7519,22113.709677419356
2026/04/02@14:15:55,34525,968.7445,22116.74193548387
2026/04/02@14:15:56,34526,968.74948,22119.774193548386
2026/04/02@14:15:57,34527,968.7654,22122.8064516129
2026/04/02@14:15:58,34528,968.7692,22125.83870967742
2026/04/02@14:15:59,34529,968.7196,22128.870967741936
2026/04/02@14:16:00,34530,968.733168,22131.90322580645
2026/04/02@14:16:01,34531,968.74664,22134.935483870966
2026/04/02@14:16:02,34532,968.7319,22137.967741935485
2026/04/02@14:16:04,34534,968.722064,22144.366666666665
2026/04/02@14:16:05,34535,968.78732,22147.733333333334
2026/04/02@14:16:06,34536,968.7664,22151.1
2026/04/02@14:16:07,34537,968.7272,22154.466666666667
2026/04/02@14:16:08,34538,968.7519,22157.833333333332
2026/04/02@14:16:09,34539,968.7223,22161.2
2026/04/02@14:16:10,34540,968.7269,22164.566666666666
2026/04/02@14:16:11,34541,968.740864,22167.933333333334
2026/04/02@14:16:12,34542,968.725936,22171.3
2026/04/02@14:16:13,34543,968.7457,22174.666666666668
2026/04/02@14:16:14,34544,968.7134,22178.033333333333
2026/04/02@14:16:15,34545,968.74932,22181.4
2026/04/02@14:16:17,34547,968.748,22188.133333333335
2026/04/02@14:16:18,34548,968.72328,22191.5
2026/04/02@14:16:19,34549,968.7318,22194.866666666665
2026/04/02@14:16:20,34550,968.759136,22198.233333333334
2026/04/02@14:16:21,34551,968.7098,22201.6
2026/04/02@14:16:22,34552,968.7643,22204.966666666667
2026/04/02@14:16:23,34553,968.7332,22208.333333333332
2026/04/02@14:16:24,34554,968.7492,22211.7
2026/04/02@14:16:25,34555,968.72816,22215.066666666666
2026/04/02@14:16:26,34556,968.7469,22218.433333333334
2026/04/02@14:16:27,34557,968.7566,22221.8
2026/04/02@14:16:28,34558,968.7443,22225.166666666668
2026/04/02@14:16:30,34560,968.755568,22231.9
2026/04/02@14:16:31,34561,968.762736,22235.266666666666
2026/04/02@14:16:32,34562,968.7355,22238.633333333335
2026/04/02@14:16:33,34563,968.75052,22242.0
2026/04/02@14:16:34,34564,968.7676,22245.483870967742
2026/04/02@14:16:35,34565,968.74784,22248.967741935485
2026/04/02@14:16:36,34566,968.72328,22252.451612903227
2026/04/02@14:16:37,34567,968.7568,22255.935483870966
2026/04/02@14:16:38,34568,968.7157,22259.41935483871
2026/04/02@14:16:39,34569,968.759136,22262.90322580645
2026/04/02@14:16:40,34570,968.74784,22266.387096774193
2026/04/02@14:16:41,34571,968.753,22269.870967741936
2026/04/02@14:16:43,34573,968.77896,22276.83870967742
2026/04/02@14:16:44,34574,968.7393,22280.322580645163
2026/04/02@14:16:45,34575,968.7453,22283.8064516129
2026/04/02@14:16:46,34576,968.73048,22287.290322580644
2026/04/02@14:16:47,34577,968.74784,22290.774193548386
2026/04/02@14:16:48,34578,968.743,22294.25806451613
2026/04/02@14:16:49,34579,968.734464,22297.74193548387
2026/04/02@14:16:50,34580,968.7676,22301.225806451614
2026/04/02@14:16:51,34581,968.7578,22304.709677419356
2026/04/02@14:16:52,34582,968.7703,22308.1935483871
2026/04/02@14:16:53,34583,968.7776,22311.677419354837
2026/04/02@14:16:54,34584,968.7444,22315.16129032258
2026/04/02@14:16:56,34586,968.7393,22322.129032258064
2026/04/02@14:16:57,34587,968.7469,22325.612903225807
2026/04/02@14:16:58,34588,968.74664,22329.09677419355
2026/04/02@14:16:59,34589,968.759136,22332.58064516129
2026/04/02@14:17:00,34590,968.7269,22336.064516129034
2026/04/02@14:17:01,34591,968.75272,22339.548387096773
2026/04/02@14:17:02,34592,968.75272,22343.032258064515
2026/04/02@14:17:03,34593,968.753,22346.516129032258
2026/04/02@14:17:04,34594,968.7317,22350.0
2026/04/02@14:17:05,34595,968.767632,22353.733333333334
2026/04/02@14:17:06,34596,968.76264,22357.466666666667
2026/04/02@14:17:07,34597,968.7428,22361.2
2026/04/02@14:17:09,34599,968.7542,22368.666666666668
2026/04/02@14:17:10,34600,968.7838,22372.4
2026/04/02@14:17:11,34601,968.755264,22376.133333333335
2026/04/02@14:17:12,34602,968.7255,22379.866666666665
2026/04/02@14:17:13,34603,968.7404,22383.6
2026/04/02@14:17:14,34604,968.73048,22387.333333333332
2026/04/02@14:17:15,34605,968.7157,22391.066666666666
2026/04/02@14:17:16,34606,968.7107,22394.8
2026/04/02@14:17:17,34607,968.7022,22398.533333333333
2026/04/02@14:17:18,34608,968.7392,22402.266666666666
2026/04/02@14:17:19,34609,968.7157,22406.0
2026/04/02@14:17:20,34610,968.748,22409.733333333334
2026/04/02@14:17:22,34612,968.73704,22417.2
2026/04/02@14:17:23,34613,968.7664,22420.933333333334
2026/04/02@14:17:24,34614,968.7614,22424.666666666668
2026/04/02@14:17:25,34615,968.692432,22428.4
2026/04/02@14:17:26,34616,968.717,22432.133333333335
2026/04/02@14:17:27,34617,968.7367,22435.866666666665
2026/04/02@14:17:28,34618,968.7343,22439.6
2026/04/02@14:17:29,34619,968.7182,22443.333333333332
2026/04/02@14:17:30,34620,968.7318,22447.066666666666
2026/04/02@14:17:31,34621,968.7317,22450.8
2026/04/02@14:17:32,34622,968.712,22454.533333333333
2026/04/02@14:17:33,34623,968.70708,22458.266666666666
2026/04/02@14:17:35,34625,968.70952,22465.41935483871
2026/04/02@14:17:36,34626,968.7084,22468.83870967742
2026/04/02@14:17:37,34627,968.7589,22472.25806451613
2026/04/02@14:17:38,34628,968.73416,22475.677419354837
2026/04/02@14:17:39,34629,968.7392,22479.09677419355
2026/04/02@14:17:40,34630,968.6922,22482.516129032258
2026/04/02@14:17:41,34631,968.7084,22485.935483870966
2026/04/02@14:17:42,34632,968.7478,22489.354838709678
2026/04/02@14:17:43,34633,968.7157,22492.774193548386
2026/04/02@14:17:44,34634,968.7218,22496.1935483871
2026/04/02@14:17:45,34635,968.72684,22499.612903225807
2026/04/02@14:17:46,34636,968.7084,22503.032258064515
2026/04/02@14:17:48,34638,968.7355,22509.870967741936
2026/04/02@14:17:49,34639,968.7304,22513.290322580644
2026/04/02@14:17:50,34640,968.74504,22516.709677419356
2026/04/02@14:17:51,34641,968.7452,22520.129032258064
2026/04/02@14:17:52,34642,968.71332,22523.548387096773
2026/04/02@14:17:53,34643,968.74504,22526.967741935485
2026/04/02@14:17:54,34644,968.70936,22530.387096774193
2026/04/02@14:17:55,34645,968.6922,22533.8064516129
2026/04/02@14:17:56,34646,968.73912,22537.225806451614
2026/04/02@14:17:57,34647,968.755,22540.645161290322
2026/04/02@14:17:58,34648,968.7366,22544.064516129034
2026/04/02@14:17:59,34649,968.76384,22547.483870967742
2026/04/02@14:18:01,34651,968.74776,22554.322580645163
2026/04/02@14:18:02,34652,968.7241,22557.74193548387
2026/04/02@14:18:03,34653,968.76,22561.16129032258
2026/04/02@14:18:04,34654,968.7675,22564.58064516129
2026/04/02@14:18:05,34655,968.74148,22568.0
2026/04/02@14:18:06,34656,968.734,22571.1935483871
2026/04/02@14:18:07,34657,968.724336,22574.387096774193
2026/04/02@14:18:08,34658,968.70824,22577.58064516129
2026/04/02@14:18:09,34659,968.71332,22580.774193548386
2026/04/02@14:18:10,34660,968.7392,22583.967741935485
2026/04/02@14:18:11,34661,968.76732,22587.16129032258
2026/04/02@14:18:12,34662,968.735168,22590.354838709678
2026/04/02@14:18:13,34663,968.7328,22593.548387096773
2026/04/02@14:18:15,34665,968.7254,22599.935483870966
2026/04/02@14:18:16,34666,968.7527,22603.129032258064
2026/04/02@14:18:17,34667,968.7008,22606.322580645163
2026/04/02@14:18:18,34668,968.7082,22609.516129032258
2026/04/02@14:18:19,34669,968.75,22612.709677419356
2026/04/02@14:18:20,34670,968.735168,22615.90322580645
2026/04/02@14:18:21,34671,968.7032,22619.09677419355
2026/04/02@14:18:22,34672,968.7047,22622.290322580644
2026/04/02@14:18:23,34673,968.74384,22625.483870967742
2026/04/02@14:18:24,34674,968.7241,22628.677419354837
2026/04/02@14:18:25,34675,968.6934,22631.870967741936
2026/04/02@14:18:26,34676,968.74632,22635.064516129034
2026/04/02@14:18:28,34678,968.71544,22641.451612903227
2026/04/02@14:18:29,34679,968.71176,22644.645161290322
2026/04/02@14:18:30,34680,968.74148,22647.83870967742
2026/04/02@14:18:31,34681,968.7428,22651.032258064515
2026/04/02@14:18:32,34682,968.7489,22654.225806451614
2026/04/02@14:18:33,34683,968.75496,22657.41935483871
2026/04/02@14:18:34,34684,968.739,22660.612903225807
2026/04/02@14:18:35,34685,968.71316,22663.8064516129
2026/04/02@14:18:36,34686,968.72536,22667.0
2026/04/02@14:18:37,34687,968.731568,22670.466666666667
2026/04/02@14:18:38,34688,968.7056,22673.933333333334
2026/04/02@14:18:39,34689,968.72408,22677.4
2026/04/02@14:18:41,34691,968.7218,22684.333333333332
2026/04/02@14:18:42,34692,968.7218,22687.8
2026/04/02@14:18:43,34693,968.7378,22691.266666666666
2026/04/02@14:18:44,34694,968.7241,22694.733333333334
2026/04/02@14:18:45,34695,968.7241,22698.2
2026/04/02@14:18:46,34696,968.7007,22701.666666666668
2026/04/02@14:18:47,34697,968.75864,22705.133333333335
2026/04/02@14:18:48,34698,968.727936,22708.6
2026/04/02@14:18:49,34699,968.69448,22712.066666666666
2026/04/02@14:18:50,34700,968.702,22715.533333333333
2026/04/02@14:18:51,34701,968.7193,22719.0
2026/04/02@14:18:52,34702,968.7056,22722.466666666667
2026/04/02@14:18:54,34704,968.74024,22729.4
2026/04/02@14:18:55,34705,968.6981,22732.866666666665
2026/04/02@14:18:56,34706,968.725168,22736.333333333332
2026/04/02@14:18:57,34707,968.7254,22739.8
2026/04/02@14:18:58,34708,968.6932,22743.266666666666
2026/04/02@14:18:59,34709,968.73776,22746.733333333334
2026/04/02@14:19:00,34710,968.7118,22750.2
2026/04/02@14:19:01,34711,968.69084,22753.666666666668
2026/04/02@14:19:02,34712,968.69216,22757.133333333335
2026/04/02@14:19:03,34713,968.6945,22760.6
2026/04/02@14:19:04,34714,968.7056,22764.066666666666
2026/04/02@14:19:05,34715,968.73776,22767.533333333333
2026/04/02@14:19:07,34717,968.722832,22774.225806451614
2026/04/02@14:19:08,34718,968.69448,22777.451612903227
2026/04/02@14:19:09,34719,968.71688,22780.677419354837
2026/04/02@14:19:10,34720,968.67736,22783.90322580645
2026/04/02@14:19:11,34721,968.6796,22787.129032258064
2026/04/02@14:19:12,34722,968.7081,22790.354838709678
2026/04/02@14:19:13,34723,968.6969,22793.58064516129
2026/04/02@14:19:14,34724,968.717936,22796.8064516129
2026/04/02@14:19:15,34725,968.687,22800.032258064515
2026/04/02@14:19:16,34726,968.7033,22803.25806451613
2026/04/02@14:19:17,34727,968.718,22806.483870967742
2026/04/02@14:19:18,34728,968.7131,22809.709677419356
2026/04/02@14:19:20,34730,968.6758,22816.16129032258
2026/04/02@14:19:21,34731,968.7463,22819.387096774193
2026/04/02@14:19:22,34732,968.7202,22822.612903225807
2026/04/02@14:19:23,34733,968.71784,22825.83870967742
2026/04/02@14:19:24,34734,968.7156,22829.064516129034
2026/04/02@14:19:25,34735,968.7525,22832.290322580644
2026/04/02@14:19:26,34736,968.6675,22835.516129032258
2026/04/02@14:19:27,34737,968.6981,22838.74193548387
2026/04/02@14:19:28,34738,968.6623,22841.967741935485
2026/04/02@14:19:29,34739,968.6919,22845.1935483871
2026/04/02@14:19:30,34740,968.6919,22848.41935483871
2026/04/02@14:19:31,34741,968.6932,22851.645161290322
2026/04/02@14:19:33,34743,968.67348,22858.09677419355
2026/04/02@14:19:34,34744,968.6869,22861.322580645163
2026/04/02@14:19:35,34745,968.7093,22864.548387096773
2026/04/02@14:19:36,34746,968.6747,22867.774193548386
2026/04/02@14:19:37,34747,968.722832,22871.0
2026/04/02@14:19:38,34748,968.6845,22874.266666666666
2026/04/02@14:19:39,34749,968.6732,22877.533333333333
2026/04/02@14:19:40,34750,968.721536,22880.8
2026/04/02@14:19:41,34751,968.6894,22884.066666666666
2026/04/02@14:19:42,34752,968.6895,22887.333333333332
2026/04/02@14:19:43,34753,968.7017,22890.6
2026/04/02@14:19:44,34754,968.7264,22893.866666666665
2026/04/02@14:19:46,34756,968.6636,22900.4
2026/04/02@14:19:47,34757,968.7438,22903.666666666668
2026/04/02@14:19:48,34758,968.6747,22906.933333333334
2026/04/02@14:19:49,34759,968.68445,22910.2
2026/04/02@14:19:50,34760,968.68948,22913.466666666667
2026/04/02@14:19:51,34761,968.70296,22916.733333333334
2026/04/02@14:19:52,34762,968.6969,22920.0
2026/04/02@14:19:53,34763,968.6857,22923.266666666666
2026/04/02@14:19:54,34764,968.7054,22926.533333333333
2026/04/02@14:19:55,34765,968.7326,22929.8
2026/04/02@14:19:56,34766,968.688,22933.066666666666
2026/04/02@14:19:57,34767,968.68824,22936.333333333332
2026/04/02@14:19:59,34769,968.6968,22942.866666666665
2026/04/02@14:20:00,34770,968.654864,22946.133333333335
2026/04/02@14:20:01,34771,968.677,22949.4
2026/04/02@14:20:02,34772,968.65984,22952.666666666668
2026/04/02@14:20:03,34773,968.6833,22955.933333333334
2026/04/02@14:20:04,34774,968.722832,22959.2
2026/04/02@14:20:05,34775,968.6807,22962.466666666667
2026/04/02@14:20:06,34776,968.70652,22965.733333333334
2026/04/02@14:20:07,34777,968.6472,22969.0
2026/04/02@14:20:08,34778,968.68056,22972.25806451613
2026/04/02@14:20:09,34779,968.6746,22975.516129032258
2026/04/02@14:20:10,34780,968.6992,22978.774193548386
2026/04/02@14:20:12,34782,968.68308,22985.290322580644
2026/04/02@14:20:13,34783,968.6967,22988.548387096773
2026/04/02@14:20:14,34784,968.6671,22991.8064516129
2026/04/02@14:20:15,34785,968.65852,22995.064516129034
2026/04/02@14:20:16,34786,968.7263,22998.322580645163
2026/04/02@14:20:17,34787,968.67692,23001.58064516129
2026/04/02@14:20:18,34788,968.6869,23004.83870967742
2026/04/02@14:20:19,34789,968.688064,23008.09677419355
2026/04/02@14:20:20,34790,968.67064,23011.354838709678
2026/04/02@14:20:21,34791,968.6943,23014.612903225807
2026/04/02@14:20:22,34792,968.6916,23017.870967741936
2026/04/02@14:20:23,34793,968.6758,23021.129032258064
2026/04/02@14:20:25,34795,968.6819,23027.645161290322
2026/04/02@14:20:26,34796,968.6657,23030.90322580645
2026/04/02@14:20:27,34797,968.6795,23034.16129032258
2026/04/02@14:20:28,34798,968.70792,23037.41935483871
2026/04/02@14:20:29,34799,968.669536,23040.677419354837
2026/04/02@14:20:30,34800,968.69808,23043.935483870966
2026/04/02@14:20:31,34801,968.6953,23047.1935483871
2026/04/02@14:20:32,34802,968.6979,23050.451612903227
2026/04/02@14:20:33,34803,968.6768,23053.709677419356
2026/04/02@14:20:34,34804,968.7053,23056.967741935485
2026/04/02@14:20:35,34805,968.68948,23060.225806451614
2026/04/02@14:20:36,34806,968.6756,23063.483870967742
2026/04/02@14:20:38,34808,968.70776,23070.0
2026/04/02@14:20:39,34809,968.70776,23073.1935483871
2026/04/02@14:20:40,34810,968.6894,23076.387096774193
2026/04/02@14:20:41,34811,968.6598,23079.58064516129
2026/04/02@14:20:42,34812,968.69144,23082.774193548386
2026/04/02@14:20:43,34813,968.69024,23085.967741935485
2026/04/02@14:20:44,34814,968.6917,23089.16129032258
2026/04/02@14:20:45,34815,968.658464,23092.354838709678
2026/04/02@14:20:46,34816,968.658464,23095.548387096773
2026/04/02@14:20:47,34817,968.6929,23098.74193548387
2026/04/02@14:20:48,34818,968.6459,23101.935483870966
2026/04/02@14:20:49,34819,968.6992,23105.129032258064
2026/04/02@14:20:51,34821,968.6633,23111.516129032258
2026/04/02@14:20:52,34822,968.69272,23114.709677419356
2026/04/02@14:20:53,34823,968.650736,23117.90322580645
2026/04/02@14:20:54,34824,968.6732,23121.09677419355
2026/04/02@14:20:55,34825,968.68664,23124.290322580644
2026/04/02@14:20:56,34826,968.67912,23127.483870967742
2026/04/02@14:20:57,34827,968.63984,23130.677419354837
2026/04/02@14:20:58,34828,968.6817,23133.870967741936
2026/04/02@14:20:59,34829,968.678,23137.064516129034
2026/04/02@14:21:00,34830,968.6571,23140.25806451613
2026/04/02@14:21:01,34831,968.63256,23143.451612903227
2026/04/02@14:21:02,34832,968.6754,23146.645161290322
2026/04/02@14:21:04,34834,968.671632,23153.032258064515
2026/04/02@14:21:05,34835,968.69144,23156.225806451614
2026/04/02@14:21:06,34836,968.66948,23159.41935483871
2026/04/02@14:21:07,34837,968.6596,23162.612903225807
2026/04/02@14:21:08,34838,968.70872,23165.8064516129
2026/04/02@14:21:09,34839,968.6436,23169.0
2026/04/02@14:21:10,34840,968.65576,23172.5
2026/04/02@14:21:11,34841,968.6744,23176.0
2026/04/02@14:21:12,34842,968.714832,23179.5
2026/04/02@14:21:13,34843,968.648464,23183.0
2026/04/02@14:21:14,34844,968.69776,23186.5
2026/04/02@14:21:15,34845,968.705,23190.0
2026/04/02@14:21:17,34846,968.704,23197.0
2026/04/02@14:21:18,34848,968.6471,23200.5
2026/04/02@14:21:19,34849,968.698,23204.0
2026/04/02@14:21:20,34850,968.7001,23207.5
2026/04/02@14:21:21,34851,968.68664,23211.0
2026/04/02@14:21:22,34852,968.69908,23214.5
2026/04/02@14:21:23,34853,968.67052,23218.0
2026/04/02@14:21:24,34854,968.711232,23221.5
2026/04/02@14:21:25,34855,968.6705,23225.0
2026/04/02@14:21:26,34856,968.6655,23228.5
2026/04/02@14:21:27,34857,968.66312,23232.0
2026/04/02@14:21:28,34858,968.698,23235.5
2026/04/02@14:21:29,34859,968.671632,23239.0
2026/04/02@14:21:31,34861,968.6744,23246.0
2026/04/02@14:21:32,34862,968.6753,23249.5
2026/04/02@14:21:33,34863,968.64088,23253.0
2026/04/02@14:21:34,34864,968.6457,23256.5
2026/04/02@14:21:35,34865,968.64088,23260.0
2026/04/02@14:21:36,34866,968.63108,23263.5
2026/04/02@14:21:37,34867,968.6459,23267.0
2026/04/02@14:21:38,34868,968.68648,23270.5
2026/04/02@14:21:39,34869,968.68648,23274.0
2026/04/02@14:21:40,34870,968.6839,23277.25806451613
2026/04/02@14:21:41,34871,968.66948,23280.516129032258
2026/04/02@14:21:42,34872,968.65332,23283.774193548386
2026/04/02@14:21:44,34874,968.66205,23290.290322580644
2026/04/02@14:21:45,34875,968.6691,23293.548387096773
2026/04/02@14:21:46,34876,968.6668,23296.8064516129
2026/04/02@14:21:47,34877,968.6841,23300.064516129034
2026/04/02@14:21:48,34878,968.6641,23303.322580645163
2026/04/02@14:21:49,34879,968.66708,23306.58064516129
2026/04/02@14:21:50,34880,968.6853,23309.83870967742
2026/04/02@14:21:51,34881,968.68648,23313.09677419355
2026/04/02@14:21:52,34882,968.6459,23316.354838709678
2026/04/02@14:21:53,34883,968.6571,23319.612903225807
2026/04/02@14:21:54,34884,968.668,23322.870967741936
2026/04/02@14:21:55,34885,968.7015,23326.129032258064
2026/04/02@14:21:57,34887,968.6571,23332.645161290322
2026/04/02@14:21:58,34888,968.6691,23335.90322580645
2026/04/02@14:21:59,34889,968.6543,23339.16129032258
2026/04/02@14:22:00,34890,968.6484,23342.41935483871
2026/04/02@14:22:01,34891,968.66708,23345.677419354837
2026/04/02@14:22:02,34892,968.6744,23348.935483870966
2026/04/02@14:22:03,34893,968.66205,23352.1935483871
2026/04/02@14:22:04,34894,968.6372,23355.451612903227
2026/04/02@14:22:05,34895,968.67776,23358.709677419356
2026/04/02@14:22:06,34896,968.6618,23361.967741935485
2026/04/02@14:22:07,34897,968.6951,23365.225806451614
2026/04/02@14:22:08,34898,968.65216,23368.483870967742
2026/04/02@14:22:10,34900,968.66708,23375.0
2026/04/02@14:22:11,34901,968.648464,23378.266666666666
2026/04/02@14:22:12,34902,968.685264,23381.533333333333
2026/04/02@14:22:13,34903,968.7001,23384.8
2026/04/02@14:22:14,34904,968.6605,23388.066666666666
2026/04/02@14:22:15,34905,968.6641,23391.333333333332
2026/04/02@14:22:16,34906,968.69024,23394.6
2026/04/02@14:22:17,34907,968.678,23397.866666666665
2026/04/02@14:22:18,34908,968.6498,23401.133333333335
2026/04/02@14:22:19,34909,968.6679,23404.4
2026/04/02@14:22:20,34910,968.66176,23407.666666666668
2026/04/02@14:22:21,34911,968.6643,23410.933333333334
2026/04/02@14:22:23,34913,968.6769,23417.466666666667
2026/04/02@14:22:24,34914,968.6395,23420.733333333334
2026/04/02@14:22:25,34915,968.68284,23424.0
2026/04/02@14:22:26,34916,968.629664,23427.266666666666
2026/04/02@14:22:27,34917,968.671632,23430.533333333333
2026/04/02@14:22:28,34918,968.6484,23433.8
2026/04/02@14:22:29,34919,968.6495,23437.066666666666
2026/04/02@14:22:30,34920,968.6802,23440.333333333332
2026/04/02@14:22:31,34921,968.6482,23443.6
2026/04/02@14:22:32,34922,968.66652,23446.866666666665
2026/04/02@14:22:33,34923,968.6827,23450.133333333335
2026/04/02@14:22:34,34924,968.69508,23453.4
2026/04/02@14:22:36,34926,968.637,23459.933333333334
2026/04/02@14:22:37,34927,968.6839,23463.2
2026/04/02@14:22:38,34928,968.66548,23466.466666666667
2026/04/02@14:22:39,34929,968.6308,23469.733333333334
2026/04/02@14:22:40,34930,968.6395,23473.0
2026/04/02@14:22:41,34931,968.6456,23475.967741935485
2026/04/02@14:22:42,34932,968.6582,23478.935483870966
2026/04/02@14:22:43,34933,968.65672,23481.90322580645
2026/04/02@14:22:44,34934,968.63692,23484.870967741936
2026/04/02@14:22:45,34935,968.6433,23487.83870967742
2026/04/02@14:22:46,34936,968.6532,23490.8064516129
2026/04/02@14:22:47,34937,968.63984,23493.774193548386
2026/04/02@14:22:49,34939,968.652,23499.709677419356
2026/04/02@14:22:50,34940,968.6456,23502.677419354837
2026/04/02@14:22:51,34941,968.6902,23505.645161290322
2026/04/02@14:22:52,34942,968.6336,23508.612903225807
2026/04/02@14:22:53,34943,968.6484,23511.58064516129
2026/04/02@14:22:54,34944,968.7015,23514.548387096773
2026/04/02@14:22:55,34945,968.65816,23517.516129032258
2026/04/02@14:22:56,34946,968.66816,23520.483870967742
2026/04/02@14:22:57,34947,968.6357,23523.451612903227
2026/04/02@14:22:58,34948,968.668,23526.41935483871
2026/04/02@14:22:59,34949,968.6791,23529.387096774193
2026/04/02@14:23:00,34950,968.66205,23532.354838709678
2026/04/02@14:23:02,34952,968.67524,23538.290322580644
2026/04/02@14:23:03,34953,968.68024,23541.25806451613
2026/04/02@14:23:04,34954,968.6666,23544.225806451614
2026/04/02@14:23:05,34955,968.6284,23547.1935483871
2026/04/02@14:23:06,34956,968.66904,23550.16129032258
2026/04/02@14:23:07,34957,968.6604,23553.129032258064
2026/04/02@14:23:08,34958,968.6247,23556.09677419355
2026/04/02@14:23:09,34959,968.63352,23559.064516129034
2026/04/02@14:23:10,34960,968.69384,23562.032258064515
2026/04/02@14:23:11,34961,968.659264,23565.0
2026/04/02@14:23:12,34962,968.7135,23568.225806451614
2026/04/02@14:23:13,34963,968.6272,23571.451612903227
2026/04/02@14:23:15,34965,968.65816,23577.90322580645
2026/04/02@14:23:16,34966,968.65316,23581.129032258064
2026/04/02@14:23:17,34967,968.6531,23584.354838709678
2026/04/02@14:23:18,34968,968.6839,23587.58064516129
2026/04/02@14:23:19,34969,968.6828,23590.8064516129
2026/04/02@14:23:20,34970,968.66652,23594.032258064515
2026/04/02@14:23:21,34971,968.65544,23597.25806451613
2026/04/02@14:23:22,34972,968.6653,23600.483870967742
2026/04/02@14:23:23,34973,968.6209,23603.709677419356
2026/04/02@14:23:24,34974,968.671632,23606.935483870966
2026/04/02@14:23:25,34975,968.64816,23610.16129032258
2026/04/02@14:23:26,34976,968.629664,23613.387096774193
2026/04/02@14:23:28,34978,968.6333,23619.83870967742
2026/04/02@14:23:29,34979,968.642,23623.064516129034
2026/04/02@14:23:30,34980,968.6308,23626.290322580644
2026/04/02@14:23:31,34981,968.6111,23629.516129032258
2026/04/02@14:23:32,34982,968.6739,23632.74193548387
2026/04/02@14:23:33,34983,968.6322,23635.967741935485
2026/04/02@14:23:34,34984,968.687536,23639.1935483871
2026/04/02@14:23:35,34985,968.6506,23642.41935483871
2026/04/02@14:23:36,34986,968.64816,23645.645161290322
2026/04/02@14:23:37,34987,968.62584,23648.870967741936
2026/04/02@14:23:38,34988,968.647,23652.09677419355
2026/04/02@14:23:39,34989,968.661568,23655.322580645163
2026/04/02@14:23:40,34990,968.6382,23658.548387096773
2026/04/02@14:23:42,34992,968.6456,23665.0
2026/04/02@14:23:43,34993,968.6777,23668.566666666666
2026/04/02@14:23:44,34994,968.657968,23672.133333333335
2026/04/02@14:23:45,34995,968.66048,23675.7
2026/04/02@14:23:46,34996,968.67776,23679.266666666666
2026/04/02@14:23:47,34997,968.6568,23682.833333333332
2026/04/02@14:23:48,34998,968.6283,23686.4
2026/04/02@14:23:49,34999,968.6852,23689.966666666667
2026/04/02@14:23:50,35000,968.6703,23693.533333333333
2026/04/02@14:23:51,35001,968.61468,23697.1
2026/04/02@14:23:52,35002,968.6653,23700.666666666668
2026/04/02@14:23:53,35003,968.6802,23704.233333333334
2026/04/02@14:23:55,35005,968.67524,23711.366666666665
2026/04/02@14:23:56,35006,968.6766,23714.933333333334
2026/04/02@14:23:57,35007,968.6728,23718.5
2026/04/02@14:23:58,35008,968.64816,23722.066666666666
2026/04/02@14:23:59,35009,968.67632,23725.633333333335
2026/04/02@14:24:00,35010,968.674,23729.2
2026/04/02@14:24:01,35011,968.699968,23732.766666666666
2026/04/02@14:24:02,35012,968.66032,23736.333333333332
2026/04/02@14:24:03,35013,968.6789,23739.9
2026/04/02@14:24:04,35014,968.6543,23743.466666666667
2026/04/02@14:24:05,35015,968.6184,23747.033333333333
2026/04/02@14:24:06,35016,968.66408,23750.6
2026/04/02@14:24:08,35018,968.66668,23757.733333333334
2026/04/02@14:24:09,35019,968.6887,23761.3
2026/04/02@14:24:10,35020,968.6591,23764.866666666665
2026/04/02@14:24:11,35021,968.6852,23768.433333333334
2026/04/02@14:24:12,35022,968.6421,23772.0
2026/04/02@14:24:13,35023,968.647,23775.322580645163
2026/04/02@14:24:14,35024,968.68148,23778.645161290322
2026/04/02@14:24:15,35025,968.6716,23781.967741935485
2026/04/02@14:24:16,35026,968.69132,23785.290322580644
2026/04/02@14:24:17,35027,968.6492,23788.612903225807
2026/04/02@14:24:18,35028,968.65784,23791.935483870966
2026/04/02@14:24:19,35029,968.6713,23795.25806451613
2026/04/02@14:24:21,35031,968.675,23801.90322580645
2026/04/02@14:24:22,35032,968.6381,23805.225806451614
2026/04/02@14:24:23,35033,968.6836,23808.548387096773
2026/04/02@14:24:24,35034,968.6725,23811.870967741936
2026/04/02@14:24:25,35035,968.67632,23815.1935483871
2026/04/02@14:24:26,35036,968.67524,23818.516129032258
2026/04/02@14:24:27,35037,968.69632,23821.83870967742
2026/04/02@14:24:28,35038,968.647,23825.16129032258
2026/04/02@14:24:29,35039,968.682432,23828.483870967742
2026/04/02@14:24:30,35040,968.6864,23831.8064516129
2026/04/02@14:24:31,35041,968.67268,23835.129032258064
2026/04/02@14:24:32,35042,968.6689,23838.451612903227
2026/04/02@14:24:34,35044,968.6492,23845.09677419355
2026/04/02@14:24:35,35045,968.69732,23848.41935483871
2026/04/02@14:24:36,35046,968.6811,23851.74193548387
2026/04/02@14:24:37,35047,968.7009,23855.064516129034
2026/04/02@14:24:38,35048,968.6984,23858.387096774193
2026/04/02@14:24:39,35049,968.6861,23861.709677419356
2026/04/02@14:24:40,35050,968.67992,23865.032258064515
2026/04/02@14:24:41,35051,968.6429,23868.354838709678
2026/04/02@14:24:42,35052,968.6615,23871.677419354837
2026/04/02@14:24:43,35053,968.6788,23875.0
2026/04/02@14:24:44,35054,968.6615,23878.3
2026/04/02@14:24:45,35055,968.6811,23881.6
2026/04/02@14:24:47,35057,968.66376,23888.2
2026/04/02@14:24:48,35058,968.6774,23891.5
2026/04/02@14:24:49,35059,968.6653,23894.8
2026/04/02@14:24:50,35060,968.67268,23898.1
2026/04/02@14:24:51,35061,968.6959,23901.4
2026/04/02@14:24:52,35062,968.67,23904.7
2026/04/02@14:24:53,35063,968.68008,23908.0
2026/04/02@14:24:54,35064,968.6676,23911.3
2026/04/02@14:24:55,35065,968.685,23914.6
2026/04/02@14:24:56,35066,968.6824,23917.9
2026/04/02@14:24:57,35067,968.7121,23921.2
2026/04/02@14:24:58,35068,968.6689,23924.5
2026/04/02@14:25:00,35070,968.6626,23931.1
2026/04/02@14:25:01,35071,968.6725,23934.4
2026/04/02@14:25:02,35072,968.6502,23937.7
2026/04/02@14:25:03,35073,968.6774,23941.0
2026/04/02@14:25:04,35074,968.64792,23944.3
2026/04/02@14:25:05,35075,968.6749,23947.6
2026/04/02@14:25:06,35076,968.6749,23950.9
2026/04/02@14:25:07,35077,968.6834,23954.2
2026/04/02@14:25:08,35078,968.65268,23957.5
2026/04/02@14:25:09,35079,968.684736,23960.8
2026/04/02@14:25:10,35080,968.6873,23964.1
2026/04/02@14:25:11,35081,968.7157,23967.4
2026/04/02@14:25:13,35083,968.6664,23974.0
2026/04/02@14:25:14,35084,968.6834,23977.451612903227
2026/04/02@14:25:15,35085,968.67736,23980.90322580645
2026/04/02@14:25:16,35086,968.6972,23984.354838709678
2026/04/02@14:25:17,35087,968.6414,23987.8064516129
2026/04/02@14:25:18,35088,968.69732,23991.25806451613
2026/04/02@14:25:19,35089,968.6725,23994.709677419356
2026/04/02@14:25:20,35090,968.63908,23998.16129032258
2026/04/02@14:25:21,35091,968.6365,24001.612903225807
2026/04/02@14:25:22,35092,968.665,24005.064516129034
2026/04/02@14:25:23,35093,968.710768,24008.516129032258
2026/04/02@14:25:24,35094,968.69352,24011.967741935485
2026/04/02@14:25:26,35096,968.6626,24018.870967741936
2026/04/02@14:25:27,35097,968.6996,24022.322580645163
2026/04/02@14:25:28,35098,968.6613,24025.774193548386
2026/04/02@14:25:29,35099,968.655168,24029.225806451614
2026/04/02@14:25:30,35100,968.6873,24032.677419354837
2026/04/02@14:25:31,35101,968.6577,24036.129032258064
2026/04/02@14:25:32,35102,968.665,24039.58064516129
2026/04/02@14:25:33,35103,968.6699,24043.032258064515
2026/04/02@14:25:34,35104,968.686032,24046.483870967742
2026/04/02@14:25:35,35105,968.684736,24049.935483870966
2026/04/02@14:25:36,35106,968.67468,24053.387096774193
2026/04/02@14:25:37,35107,968.6588,24056.83870967742
2026/04/02@14:25:38,35108,968.698336,24060.290322580644
2026/04/02@14:25:40,35110,968.6502,24067.1935483871
2026/04/02@14:25:41,35111,968.69224,24070.645161290322
2026/04/02@14:25:42,35112,968.6872,24074.09677419355
2026/04/02@14:25:43,35113,968.689664,24077.548387096773
2026/04/02@14:25:44,35114,968.6563,24081.0
2026/04/02@14:25:45,35115,968.6911,24084.322580645163
2026/04/02@14:25:46,35116,968.65268,24087.645161290322
2026/04/02@14:25:47,35117,968.65268,24090.967741935485
2026/04/02@14:25:48,35118,968.6613,24094.290322580644
2026/04/02@14:25:49,35119,968.67484,24097.612903225807
2026/04/02@14:25:50,35120,968.6736,24100.935483870966
2026/04/02@14:25:51,35121,968.67736,24104.25806451613
2026/04/02@14:25:53,35123,968.6687,24110.90322580645
2026/04/02@14:25:54,35124,968.6847,24114.225806451614
2026/04/02@14:25:55,35125,968.6799,24117.548387096773
2026/04/02@14:25:56,35126,968.655168,24120.870967741936
2026/04/02@14:25:57,35127,968.67736,24124.1935483871
2026/04/02@14:25:58,35128,968.67736,24127.516129032258
2026/04/02@14:25:59,35129,968.67,24130.83870967742
2026/04/02@14:26:00,35130,968.6676,24134.16129032258
2026/04/02@14:26:01,35131,968.6872,24137.483870967742
2026/04/02@14:26:02,35132,968.6563,24140.8064516129
2026/04/02@14:26:03,35133,968.6414,24144.129032258064
2026/04/02@14:26:04,35134,968.67468,24147.451612903227
2026/04/02@14:26:06,35136,968.6824,24154.09677419355
2026/04/02@14:26:07,35137,968.6996,24157.41935483871
2026/04/02@14:26:08,35138,968.684736,24160.74193548387
2026/04/02@14:26:09,35139,968.6799,24164.064516129034
2026/04/02@14:26:10,35140,968.6786,24167.387096774193
2026/04/02@14:26:11,35141,968.69584,24170.709677419356
2026/04/02@14:26:12,35142,968.74268,24174.032258064515
2026/04/02@14:26:13,35143,968.6587,24177.354838709678
2026/04/02@14:26:14,35144,968.6724,24180.677419354837
2026/04/02@14:26:15,35145,968.689664,24184.0
2026/04/02@14:26:16,35146,968.680864,24187.266666666666
2026/04/02@14:26:17,35147,968.655,24190.533333333333
2026/04/02@14:26:19,35149,968.6649,24197.066666666666
2026/04/02@14:26:20,35150,968.63668,24200.333333333332
2026/04/02@14:26:21,35151,968.67224,24203.6
2026/04/02@14:26:22,35152,968.70448,24206.866666666665
2026/04/02@14:26:23,35153,968.67484,24210.133333333335
2026/04/02@14:26:24,35154,968.682,24213.4
2026/04/02@14:26:25,35155,968.69584,24216.666666666668
2026/04/02@14:26:26,35156,968.6252,24219.933333333334
2026/04/02@14:26:27,35157,968.72176,24223.2
2026/04/02@14:26:28,35158,968.687,24226.466666666667
2026/04/02@14:26:29,35159,968.6897,24229.733333333334
2026/04/02@14:26:30,35160,968.6587,24233.0
2026/04/02@14:26:32,35162,968.653536,24239.533333333333
2026/04/02@14:26:33,35163,968.66584,24242.8
2026/04/02@14:26:34,35164,968.7156,24246.066666666666
2026/04/02@14:26:35,35165,968.69216,24249.333333333332
2026/04/02@14:26:36,35166,968.7056,24252.6
2026/04/02@14:26:37,35167,968.6822,24255.866666666665
2026/04/02@14:26:38,35168,968.6477,24259.133333333335
2026/04/02@14:26:39,35169,968.66132,24262.4
2026/04/02@14:26:40,35170,968.64516,24265.666666666668
2026/04/02@14:26:41,35171,968.67224,24268.933333333334
2026/04/02@14:26:42,35172,968.6711,24272.2
2026/04/02@14:26:43,35173,968.6795,24275.466666666667
2026/04/02@14:26:45,35175,968.66832,24282.0
2026/04/02@14:26:46,35176,968.6945,24285.064516129034
2026/04/02@14:26:47,35177,968.66488,24288.129032258064
2026/04/02@14:26:48,35178,968.6661,24291.1935483871
2026/04/02@14:26:49,35179,968.670864,24294.25806451613
2026/04/02@14:26:50,35180,968.6339,24297.322580645163
2026/04/02@14:26:51,35181,968.69584,24300.387096774193
2026/04/02@14:26:52,35182,968.70296,24303.451612903227
2026/04/02@14:26:53,35183,968.6783,24306.516129032258
2026/04/02@14:26:54,35184,968.6906,24309.58064516129
2026/04/02@14:26:55,35185,968.7004,24312.645161290322
2026/04/02@14:26:56,35186,968.7018,24315.709677419356
2026/04/02@14:26:58,35188,968.66328,24321.83870967742
2026/04/02@14:26:59,35189,968.678032,24324.90322580645
2026/04/02@14:27:00,35190,968.6856,24327.967741935485
2026/04/02@14:27:01,35191,968.6931,24331.032258064515
2026/04/02@14:27:02,35192,968.687,24334.09677419355
2026/04/02@14:27:03,35193,968.6907,24337.16129032258
2026/04/02@14:27:04,35194,968.66584,24340.225806451614
2026/04/02@14:27:05,35195,968.67468,24343.290322580644
2026/04/02@14:27:06,35196,968.70416,24346.354838709678
2026/04/02@14:27:07,35197,968.6612,24349.41935483871
2026/04/02@14:27:08,35198,968.6646,24352.483870967742
2026/04/02@14:27:09,35199,968.67452,24355.548387096773
2026/04/02@14:27:11,35201,968.669536,24361.677419354837
2026/04/02@14:27:12,35202,968.6732,24364.74193548387
2026/04/02@14:27:13,35203,968.6682,24367.8064516129
2026/04/02@14:27:14,35204,968.6633,24370.870967741936
2026/04/02@14:27:15,35205,968.6931,24373.935483870966
2026/04/02@14:27:16,35206,968.702768,24377.0
2026/04/02@14:27:17,35207,968.693,24380.3
2026/04/02@14:27:18,35208,968.7053,24383.6
2026/04/02@14:27:19,35209,968.7079,24386.9
2026/04/02@14:27:20,35210,968.6647,24390.2
2026/04/02@14:27:21,35211,968.6795,24393.5
2026/04/02@14:27:22,35212,968.67096,24396.8
2026/04/02@14:27:24,35214,968.6513,24403.4
2026/04/02@14:27:25,35215,968.62252,24406.7
2026/04/02@14:27:26,35216,968.732336,24410.0
2026/04/02@14:27:27,35217,968.7028,24413.3
2026/04/02@14:27:28,35218,968.6718,24416.6
2026/04/02@14:27:29,35219,968.70056,24419.9
2026/04/02@14:27:30,35220,968.6648,24423.2
2026/04/02@14:27:31,35221,968.693,24426.5
2026/04/02@14:27:32,35222,968.6928,24429.8
2026/04/02@14:27:33,35223,968.651264,24433.1
2026/04/02@14:27:34,35224,968.6598,24436.4
2026/04/02@14:27:35,35225,968.6992,24439.7
2026/04/02@14:27:37,35227,968.6956,24446.3
2026/04/02@14:27:38,35228,968.6906,24449.6
2026/04/02@14:27:39,35229,968.6783,24452.9
2026/04/02@14:27:40,35230,968.6499,24456.2
2026/04/02@14:27:41,35231,968.68308,24459.5
2026/04/02@14:27:42,35232,968.7004,24462.8
2026/04/02@14:27:43,35233,968.6696,24466.1
2026/04/02@14:27:44,35234,968.699136,24469.4
2026/04/02@14:27:45,35235,968.6869,24472.7
2026/04/02@14:27:46,35236,968.6956,24476.0
2026/04/02@14:27:47,35237,968.6929,24479.064516129034
2026/04/02@14:27:48,35238,968.702768,24482.129032258064
2026/04/02@14:27:50,35240,968.7126,24488.25806451613
2026/04/02@14:27:51,35241,968.73624,24491.322580645163
2026/04/02@14:27:52,35242,968.70652,24494.387096774193
2026/04/02@14:27:53,35243,968.6816,24497.451612903227
2026/04/02@14:27:54,35244,968.669536,24500.516129032258
2026/04/02@14:27:55,35245,968.6869,24503.58064516129
2026/04/02@14:27:56,35246,968.66328,24506.645161290322
2026/04/02@14:27:57,35247,968.7251,24509.709677419356
2026/04/02@14:27:58,35248,968.6856,24512.774193548386
2026/04/02@14:27:59,35249,968.6717,24515.83870967742
2026/04/02@14:28:00,35250,968.6894,24518.90322580645
2026/04/02@14:28:01,35251,968.6964,24521.967741935485
2026/04/02@14:28:02,35252,968.69144,24525.032258064515
2026/04/02@14:28:04,35254,968.69144,24531.16129032258
2026/04/02@14:28:05,35255,968.6906,24534.225806451614
2026/04/02@14:28:06,35256,968.69144,24537.290322580644
2026/04/02@14:28:07,35257,968.70168,24540.354838709678
2026/04/02@14:28:08,35258,968.709,24543.41935483871
2026/04/02@14:28:09,35259,968.68552,24546.483870967742
2026/04/02@14:28:10,35260,968.683,24549.548387096773
2026/04/02@14:28:11,35261,968.6929,24552.612903225807
2026/04/02@14:28:12,35262,968.714,24555.677419354837
2026/04/02@14:28:13,35263,968.6842,24558.74193548387
2026/04/02@14:28:14,35264,968.700432,24561.8064516129
2026/04/02@14:28:15,35265,968.7139,24564.870967741936
2026/04/02@14:28:17,35267,968.6978,24571.0
2026/04/02@14:28:18,35268,968.6769,24574.066666666666
2026/04/02@14:28:19,35269,968.6682,24577.133333333335
2026/04/02@14:28:20,35270,968.6843,24580.2
2026/04/02@14:28:21,35271,968.6955,24583.266666666666
2026/04/02@14:28:22,35272,968.71896,24586.333333333332
2026/04/02@14:28:23,35273,968.6853,24589.4
2026/04/02@14:28:24,35274,968.6817,24592.466666666667
2026/04/02@14:28:25,35275,968.6828,24595.533333333333
2026/04/02@14:28:26,35276,968.702768,24598.6
2026/04/02@14:28:27,35277,968.70016,24601.666666666668
2026/04/02@14:28:28,35278,968.68308,24604.733333333334
2026/04/02@14:28:30,35280,968.6965,24610.866666666665
2026/04/02@14:28:31,35281,968.6779,24613.933333333334
2026/04/02@14:28:32,35282,968.6978,24617.0
2026/04/02@14:28:33,35283,968.69656,24620.066666666666
2026/04/02@14:28:34,35284,968.6594,24623.133333333335
2026/04/02@14:28:35,35285,968.69908,24626.2
2026/04/02@14:28:36,35286,968.68776,24629.266666666666
2026/04/02@14:28:37,35287,968.7004,24632.333333333332
2026/04/02@14:28:38,35288,968.6756,24635.4
2026/04/02@14:28:39,35289,968.71512,24638.466666666667
2026/04/02@14:28:40,35290,968.7089,24641.533333333333
2026/04/02@14:28:41,35291,968.7089,24644.6
2026/04/02@14:28:43,35293,968.6719,24650.733333333334
2026/04/02@14:28:44,35294,968.6978,24653.8
2026/04/02@14:28:45,35295,968.707664,24656.866666666665
2026/04/02@14:28:46,35296,968.709,24659.933333333334
2026/04/02@14:28:47,35297,968.700432,24663.0
2026/04/02@14:28:48,35298,968.705,24666.16129032258
2026/04/02@14:28:49,35299,968.70152,24669.322580645163
2026/04/02@14:28:50,35300,968.6806,24672.483870967742
2026/04/02@14:28:51,35301,968.6855,24675.645161290322
2026/04/02@14:28:52,35302,968.70384,24678.8064516129
2026/04/02@14:28:53,35303,968.6891,24681.967741935485
2026/04/02@14:28:54,35304,968.6792,24685.129032258064
2026/04/02@14:28:56,35306,968.69132,24691.451612903227
2026/04/02@14:28:57,35307,968.688,24694.612903225807
2026/04/02@14:28:58,35308,968.694,24697.774193548386
2026/04/02@14:28:59,35309,968.6941,24700.935483870966
2026/04/02@14:29:00,35310,968.6792,24704.09677419355
2026/04/02@14:29:01,35311,968.6916,24707.25806451613
2026/04/02@14:29:02,35312,968.68916,24710.41935483871
2026/04/02@14:29:03,35313,968.69024,24713.58064516129
2026/04/02@14:29:04,35314,968.6594,24716.74193548387
2026/04/02@14:29:05,35315,968.67052,24719.90322580645
2026/04/02@14:29:06,35316,968.68552,24723.064516129034
2026/04/02@14:29:07,35317,968.6769,24726.225806451614
2026/04/02@14:29:09,35319,968.7102,24732.548387096773
2026/04/02@14:29:10,35320,968.68916,24735.709677419356
2026/04/02@14:29:11,35321,968.67052,24738.870967741936
2026/04/02@14:29:12,35322,968.688,24742.032258064515
2026/04/02@14:29:13,35323,968.6828,24745.1935483871
2026/04/02@14:29:14,35324,968.65816,24748.354838709678
2026/04/02@14:29:15,35325,968.68632,24751.516129032258
2026/04/02@14:29:16,35326,968.6793,24754.677419354837
2026/04/02@14:29:17,35327,968.7111,24757.83870967742
2026/04/02@14:29:18,35328,968.68916,24761.0
2026/04/02@14:29:19,35329,968.66948,24764.064516129034
2026/04/02@14:29:20,35330,968.7003,24767.129032258064
2026/04/02@14:29:22,35332,968.7112,24773.25806451613
2026/04/02@14:29:23,35333,968.6941,24776.322580645163
2026/04/02@14:29:24,35334,968.68632,24779.387096774193
2026/04/02@14:29:25,35335,968.6828,24782.451612903227
2026/04/02@14:29:26,35336,968.70384,24785.516129032258
2026/04/02@14:29:27,35337,968.6853,24788.58064516129
2026/04/02@14:29:28,35338,968.6866,24791.645161290322
2026/04/02@14:29:29,35339,968.6669,24794.709677419356
2026/04/02@14:29:30,35340,968.714832,24797.774193548386
2026/04/02@14:29:31,35341,968.7074,24800.83870967742
2026/04/02@14:29:32,35342,968.673,24803.90322580645
2026/04/02@14:29:33,35343,968.65184,24806.967741935485
2026/04/02@14:29:35,35345,968.7003,24813.09677419355
2026/04/02@14:29:36,35346,968.714832,24816.16129032258
2026/04/02@14:29:37,35347,968.70872,24819.225806451614
2026/04/02@14:29:38,35348,968.6694,24822.290322580644
2026/04/02@14:29:39,35349,968.6926,24825.354838709678
2026/04/02@14:29:40,35350,968.6716,24828.41935483871
2026/04/02@14:29:41,35351,968.6926,24831.483870967742
2026/04/02@14:29:42,35352,968.7039,24834.548387096773
2026/04/02@14:29:43,35353,968.69908,24837.612903225807
2026/04/02@14:29:44,35354,968.69272,24840.677419354837
2026/04/02@14:29:45,35355,968.6976,24843.74193548387
2026/04/02@14:29:46,35356,968.71376,24846.8064516129
2026/04/02@14:29:48,35358,968.6954,24852.935483870966
2026/04/02@14:29:49,35359,968.66424,24856.0
2026/04/02@14:29:50,35360,968.6976,24859.3
2026/04/02@14:29:51,35361,968.71852,24862.6
2026/04/02@14:29:52,35362,968.7039,24865.9
2026/04/02@14:29:53,35363,968.7026,24869.2
2026/04/02@14:29:54,35364,968.6779,24872.5
2026/04/02@14:29:55,35365,968.7124,24875.8
2026/04/02@14:29:56,35366,968.6828,24879.1
2026/04/02@14:29:57,35367,968.71736,24882.4
2026/04/02@14:29:58,35368,968.7258,24885.7
2026/04/02@14:29:59,35369,968.7124,24889.0
2026/04/02@14:30:01,35371,968.7088,24895.6
2026/04/02@14:30:02,35372,968.6756,24898.9
2026/04/02@14:30:03,35373,968.71736,24902.2
2026/04/02@14:30:04,35374,968.7124,24905.5
2026/04/02@14:30:05,35375,968.7039,24908.8
2026/04/02@14:30:06,35376,968.6866,24912.1
2026/04/02@14:30:07,35377,968.6767,24915.4
2026/04/02@14:30:08,35378,968.7075,24918.7
2026/04/02@14:30:09,35379,968.6889,24922.0
2026/04/02@14:30:10,35380,968.688832,24925.3
2026/04/02@14:30:11,35381,968.6678,24928.6
2026/04/02@14:30:12,35382,968.69384,24931.9
2026/04/02@14:30:13,35383,968.6975,24935.2
2026/04/02@14:30:15,35385,968.7151,24941.8
2026/04/02@14:30:16,35386,968.6855,24945.1
2026/04/02@14:30:17,35387,968.6679,24948.4
2026/04/02@14:30:18,35388,968.7025,24951.7
2026/04/02@14:30:19,35389,968.659264,24955.0
2026/04/02@14:30:20,35390,968.66904,24958.1935483871
2026/04/02@14:30:21,35391,968.6926,24961.387096774193
2026/04/02@14:30:22,35392,968.66904,24964.58064516129
2026/04/02@14:30:23,35393,968.69616,24967.774193548386
2026/04/02@14:30:24,35394,968.7037,24970.967741935485
2026/04/02@14:30:25,35395,968.6802,24974.16129032258
2026/04/02@14:30:26,35396,968.683968,24977.354838709678
2026/04/02@14:30:28,35398,968.688832,24983.74193548387
2026/04/02@14:30:29,35399,968.6789,24986.935483870966
2026/04/02@14:30:30,35400,968.6973,24990.129032258064
2026/04/02@14:30:31,35401,968.683968,24993.322580645163
2026/04/02@14:30:32,35402,968.6765,24996.516129032258
2026/04/02@14:30:33,35403,968.683968,24999.709677419356
2026/04/02@14:30:34,35404,968.687536,25002.90322580645
2026/04/02@14:30:35,35405,968.691136,25006.09677419355
2026/04/02@14:30:36,35406,968.6814,25009.290322580644
2026/04/02@14:30:37,35407,968.6741,25012.483870967742
2026/04/02@14:30:38,35408,968.6839,25015.677419354837
2026/04/02@14:30:39,35409,968.717168,25018.870967741936
2026/04/02@14:30:40,35410,968.6678,25022.064516129034
2026/04/02@14:30:42,35412,968.688832,25028.451612903227
2026/04/02@14:30:43,35413,968.711,25031.645161290322
2026/04/02@14:30:44,35414,968.6678,25034.83870967742
2026/04/02@14:30:45,35415,968.6666,25038.032258064515
2026/04/02@14:30:46,35416,968.68136,25041.225806451614
2026/04/02@14:30:47,35417,968.67632,25044.41935483871
2026/04/02@14:30:48,35418,968.69748,25047.612903225807
2026/04/02@14:30:49,35419,968.70016,25050.8064516129
2026/04/02@14:30:50,35420,968.69528,25054.0
2026/04/02@14:30:51,35421,968.71216,25057.3
2026/04/02@14:30:52,35422,968.677568,25060.6
2026/04/02@14:30:54,35424,968.6777,25067.2
2026/04/02@14:30:55,35425,968.6804,25070.5
2026/04/02@14:30:56,35426,968.69616,25073.8
2026/04/02@14:30:57,35427,968.699968,25077.1
2026/04/02@14:30:58,35428,968.68632,25080.4
2026/04/02@14:30:59,35429,968.691136,25083.7
2026/04/02@14:31:00,35430,968.715,25087.0
2026/04/02@14:31:01,35431,968.69368,25090.3
2026/04/02@14:31:02,35432,968.68992,25093.6
2026/04/02@14:31:03,35433,968.69976,25096.9
2026/04/02@14:31:04,35434,968.6676,25100.2
2026/04/02@14:31:05,35435,968.68252,25103.5
2026/04/02@14:31:07,35437,968.6986,25110.1
2026/04/02@14:31:08,35438,968.6804,25113.4
2026/04/02@14:31:09,35439,968.695,25116.7
2026/04/02@14:31:10,35440,968.6789,25120.0
2026/04/02@14:31:11,35441,968.68728,25123.3
2026/04/02@14:31:12,35442,968.6875,25126.6
2026/04/02@14:31:13,35443,968.68868,25129.9
2026/04/02@14:31:14,35444,968.69368,25133.2
2026/04/02@14:31:15,35445,968.6986,25136.5
2026/04/02@14:31:16,35446,968.71576,25139.8
2026/04/02@14:31:17,35447,968.68252,25143.1
2026/04/02@14:31:18,35448,968.6739,25146.4
2026/04/02@14:31:20,35450,968.6527,25153.0
2026/04/02@14:31:21,35451,968.70708,25155.967741935485
2026/04/02@14:31:22,35452,968.733168,25158.935483870966
2026/04/02@14:31:23,35453,968.6972,25161.90322580645
2026/04/02@14:31:24,35454,968.69368,25164.870967741936
2026/04/02@14:31:25,35455,968.6911,25167.83870967742
2026/04/02@14:31:26,35456,968.67508,25170.8064516129
2026/04/02@14:31:27,35457,968.7059,25173.774193548386
2026/04/02@14:31:28,35458,968.68,25176.74193548387
2026/04/02@14:31:29,35459,968.710768,25179.709677419356
2026/04/02@14:31:30,35460,968.68728,25182.677419354837
2026/04/02@14:31:31,35461,968.6725,25185.645161290322
2026/04/02@14:31:33,35463,968.6845,25191.58064516129
2026/04/02@14:31:34,35464,968.7096,25194.548387096773
2026/04/02@14:31:35,35465,968.7416,25197.516129032258
2026/04/02@14:31:36,35466,968.7207,25200.483870967742
2026/04/02@14:31:37,35467,968.7416,25203.451612903227
2026/04/02@14:31:38,35468,968.67632,25206.41935483871
2026/04/02@14:31:39,35469,968.6501,25209.387096774193
2026/04/02@14:31:40,35470,968.6934,25212.354838709678
2026/04/02@14:31:41,35471,968.7034,25215.322580645163
2026/04/02@14:31:42,35472,968.68616,25218.290322580644
2026/04/02@14:31:43,35473,968.694768,25221.25806451613
2026/04/02@14:31:44,35474,968.6887,25224.225806451614
2026/04/02@14:31:45,35475,968.7009,25227.1935483871
2026/04/02@14:31:47,35477,968.68492,25233.129032258064
2026/04/02@14:31:48,35478,968.7106,25236.09677419355
2026/04/02@14:31:49,35479,968.7218,25239.064516129034
2026/04/02@14:31:50,35480,968.7034,25242.032258064515
2026/04/02@14:31:51,35481,968.71184,25245.0
2026/04/02@14:31:52,35482,968.7157,25248.16129032258
2026/04/02@14:31:53,35483,968.71332,25251.322580645163
2026/04/02@14:31:54,35484,968.71816,25254.483870967742
2026/04/02@14:31:55,35485,968.702,25257.645161290322
2026/04/02@14:31:56,35486,968.67864,25260.8064516129
2026/04/02@14:31:57,35487,968.6911,25263.967741935485
2026/04/02@14:31:58,35488,968.6809,25267.129032258064
2026/04/02@14:32:00,35490,968.7191,25273.451612903227
2026/04/02@14:32:01,35491,968.7305,25276.612903225807
2026/04/02@14:32:02,35492,968.6859,25279.774193548386
2026/04/02@14:32:03,35493,968.692,25282.935483870966
2026/04/02@14:32:04,35494,968.68728,25286.09677419355
2026/04/02@14:32:05,35495,968.6957,25289.25806451613
2026/04/02@14:32:06,35496,968.7216,25292.41935483871
2026/04/02@14:32:07,35497,968.6774,25295.58064516129
2026/04/02@14:32:08,35498,968.7007,25298.74193548387
2026/04/02@14:32:09,35499,968.68728,25301.90322580645
2026/04/02@14:32:10,35500,968.7058,25305.064516129034
2026/04/02@14:32:11,35501,968.6515,25308.225806451614
2026/04/02@14:32:13,35503,968.69108,25314.548387096773
2026/04/02@14:32:14,35504,968.6972,25317.709677419356
2026/04/02@14:32:15,35505,968.6957,25320.870967741936
2026/04/02@14:32:16,35506,968.68492,25324.032258064515
2026/04/02@14:32:17,35507,968.66624,25327.1935483871
2026/04/02@14:32:18,35508,968.6845,25330.354838709678
2026/04/02@14:32:19,35509,968.677264,25333.516129032258
2026/04/02@14:32:20,35510,968.7034,25336.677419354837
2026/04/02@14:32:21,35511,968.6861,25339.83870967742
2026/04/02@14:32:22,35512,968.66376,25343.0
2026/04/02@14:32:23,35513,968.70708,25346.333333333332
2026/04/02@14:32:24,35514,968.694768,25349.666666666668
2026/04/02@14:32:26,35516,968.6811,25356.333333333332
2026/04/02@14:32:27,35517,968.6725,25359.666666666668
2026/04/02@14:32:28,35518,968.7009,25363.0
2026/04/02@14:32:29,35519,968.6797,25366.333333333332
2026/04/02@14:32:30,35520,968.68728,25369.666666666668
2026/04/02@14:32:31,35521,968.70088,25373.0
2026/04/02@14:32:32,35522,968.73304,25376.333333333332
2026/04/02@14:32:33,35523,968.673664,25379.666666666668
2026/04/02@14:32:34,35524,968.69448,25383.0
2026/04/02@14:32:35,35525,968.68948,25386.333333333332
2026/04/02@14:32:36,35526,968.707,25389.666666666668
2026/04/02@14:32:37,35527,968.6699,25393.0
2026/04/02@14:32:39,35529,968.7268,25399.666666666668
2026/04/02@14:32:40,35530,968.707,25403.0
2026/04/02@14:32:41,35531,968.712,25406.333333333332
2026/04/02@14:32:42,35532,968.69084,25409.666666666668
2026/04/02@14:32:43,35533,968.7143,25413.0
2026/04/02@14:32:44,35534,968.6711,25416.333333333332
2026/04/02@14:32:45,35535,968.69216,25419.666666666668
2026/04/02@14:32:46,35536,968.70685,25423.0
2026/04/02@14:32:47,35537,968.71316,25426.333333333332
2026/04/02@14:32:48,35538,968.6934,25429.666666666668
2026/04/02@14:32:49,35539,968.6993,25433.0
2026/04/02@14:32:50,35540,968.702,25436.333333333332
2026/04/02@14:32:52,35542,968.6724,25443.0
2026/04/02@14:32:53,35543,968.6761,25446.225806451614
2026/04/02@14:32:54,35544,968.6797,25449.451612903227
2026/04/02@14:32:55,35545,968.7032,25452.677419354837
2026/04/02@14:32:56,35546,968.67832,25455.90322580645
2026/04/02@14:32:57,35547,968.66488,25459.129032258064
2026/04/02@14:32:58,35548,968.66376,25462.354838709678
2026/04/02@14:32:59,35549,968.68584,25465.58064516129
2026/04/02@14:33:00,35550,968.6983,25468.8064516129
2026/04/02@14:33:01,35551,968.719264,25472.032258064515
2026/04/02@14:33:02,35552,968.6489,25475.25806451613
2026/04/02@14:33:03,35553,968.6747,25478.483870967742
2026/04/02@14:33:05,35555,968.6958,25484.935483870966
2026/04/02@14:33:06,35556,968.7093,25488.16129032258
2026/04/02@14:33:07,35557,968.6845,25491.387096774193
2026/04/02@14:33:08,35558,968.687,25494.612903225807
2026/04/02@14:33:09,35559,968.70808,25497.83870967742
2026/04/02@14:33:10,35560,968.7092,25501.064516129034
2026/04/02@14:33:11,35561,968.6908,25504.290322580644
2026/04/02@14:33:12,35562,968.68468,25507.516129032258
2026/04/02@14:33:13,35563,968.6995,25510.74193548387
2026/04/02@14:33:14,35564,968.6957,25513.967741935485
2026/04/02@14:33:15,35565,968.7279,25517.1935483871
2026/04/02@14:33:16,35566,968.7082,25520.41935483871
2026/04/02@14:33:18,35568,968.67832,25526.870967741936
2026/04/02@14:33:19,35569,968.71672,25530.09677419355
2026/04/02@14:33:20,35570,968.6859,25533.322580645163
2026/04/02@14:33:21,35571,968.692,25536.548387096773
2026/04/02@14:33:22,35572,968.65624,25539.774193548386
2026/04/02@14:33:23,35573,968.6859,25543.0
2026/04/02@14:33:24,35574,968.709168,25546.233333333334
2026/04/02@14:33:25,35575,968.7339,25549.466666666667
2026/04/02@14:33:26,35576,968.7154,25552.7
2026/04/02@14:33:27,35577,968.7339,25555.933333333334
2026/04/02@14:33:28,35578,968.7329,25559.166666666668
2026/04/02@14:33:29,35579,968.67468,25562.4
2026/04/02@14:33:31,35580,968.7166,25568.866666666665
2026/04/02@14:33:32,35582,968.7188,25572.1
2026/04/02@14:33:33,35583,968.7092,25575.333333333332
2026/04/02@14:33:34,35584,968.70056,25578.566666666666
2026/04/02@14:33:35,35585,968.70792,25581.8
2026/04/02@14:33:36,35586,968.69052,25585.033333333333
2026/04/02@14:33:37,35587,968.71176,25588.266666666666
2026/04/02@14:33:38,35588,968.71532,25591.5
2026/04/02@14:33:39,35589,968.6982,25594.733333333334
2026/04/02@14:33:40,35590,968.6772,25597.966666666667
2026/04/02@14:33:41,35591,968.6932,25601.2
2026/04/02@14:33:42,35592,968.74504,25604.433333333334
2026/04/02@14:33:44,35594,968.7018,25610.9
2026/04/02@14:33:45,35595,968.6932,25614.133333333335
2026/04/02@14:33:46,35596,968.70296,25617.366666666665
2026/04/02@14:33:47,35597,968.69692,25620.6
2026/04/02@14:33:48,35598,968.6931,25623.833333333332
2026/04/02@14:33:49,35599,968.704064,25627.066666666666
2026/04/02@14:33:50,35600,968.69808,25630.3
2026/04/02@14:33:51,35601,968.6843,25633.533333333333
2026/04/02@14:33:52,35602,968.7019,25636.766666666666
2026/04/02@14:33:53,35603,968.7215,25640.0
2026/04/02@14:33:54,35604,968.692,25643.354838709678
2026/04/02@14:33:55,35605,968.7177,25646.709677419356
2026/04/02@14:33:57,35606,968.7128,25653.41935483871
2026/04/02@14:33:58,35608,968.725168,25656.774193548386
2026/04/02@14:33:59,35609,968.7128,25660.129032258064
2026/04/02@14:34:00,35610,968.7202,25663.483870967742
2026/04/02@14:34:01,35611,968.6857,25666.83870967742
2026/04/02@14:34:02,35612,968.6857,25670.1935483871
2026/04/02@14:34:03,35613,968.70792,25673.548387096773
2026/04/02@14:34:04,35614,968.7375,25676.90322580645
2026/04/02@14:34:05,35615,968.709168,25680.25806451613
2026/04/02@14:34:06,35616,968.7139,25683.612903225807
2026/04/02@14:34:07,35617,968.69808,25686.967741935485
2026/04/02@14:34:08,35618,968.7176,25690.322580645163
2026/04/02@14:34:10,35620,968.7434,25697.032258064515
2026/04/02@14:34:11,35621,968.7263,25700.387096774193
2026/04/02@14:34:12,35622,968.7126,25703.74193548387
2026/04/02@14:34:13,35623,968.7252,25707.09677419355
2026/04/02@14:34:14,35624,968.6906,25710.451612903227
2026/04/02@14:34:15,35625,968.63616,25713.8064516129
2026/04/02@14:34:16,35626,968.7176,25717.16129032258
2026/04/02@14:34:17,35627,968.70792,25720.516129032258
2026/04/02@14:34:18,35628,968.6968,25723.870967741936
2026/04/02@14:34:19,35629,968.6967,25727.225806451614
2026/04/02@14:34:20,35630,968.7313,25730.58064516129
2026/04/02@14:34:21,35631,968.699136,25733.935483870966
2026/04/02@14:34:22,35632,968.7165,25737.290322580644
2026/04/02@14:34:24,35634,968.7103,25744.0
2026/04/02@14:34:25,35635,968.7411,25747.290322580644
2026/04/02@14:34:26,35636,968.70652,25750.58064516129
2026/04/02@14:34:27,35637,968.70776,25753.870967741936
2026/04/02@14:34:28,35638,968.6989,25757.16129032258
2026/04/02@14:34:29,35639,968.73752,25760.451612903227
2026/04/02@14:34:30,35640,968.7472,25763.74193548387
2026/04/02@14:34:31,35641,968.7275,25767.032258064515
2026/04/02@14:34:32,35642,968.699136,25770.322580645163
2026/04/02@14:34:33,35643,968.71016,25773.612903225807
2026/04/02@14:34:34,35644,968.7274,25776.90322580645
2026/04/02@14:34:36,35646,968.68056,25783.483870967742
2026/04/02@14:34:37,35647,968.702768,25786.774193548386
2026/04/02@14:34:38,35648,968.7225,25790.064516129034
2026/04/02@14:34:39,35649,968.7139,25793.354838709678
2026/04/02@14:34:40,35650,968.70776,25796.645161290322
2026/04/02@14:34:41,35651,968.7088,25799.935483870966
2026/04/02@14:34:42,35652,968.7289,25803.225806451614
2026/04/02@14:34:43,35653,968.71016,25806.516129032258
2026/04/02@14:34:44,35654,968.7078,25809.8064516129
2026/04/02@14:34:45,35655,968.71268,25813.09677419355
2026/04/02@14:34:46,35656,968.70532,25816.387096774193
2026/04/02@14:34:47,35657,968.7483,25819.677419354837
2026/04/02@14:34:49,35659,968.7213,25826.25806451613
2026/04/02@14:34:50,35660,968.7225,25829.548387096773
2026/04/02@14:34:51,35661,968.6916,25832.83870967742
2026/04/02@14:34:52,35662,968.6953,25836.129032258064
2026/04/02@14:34:53,35663,968.7213,25839.41935483871
2026/04/02@14:34:54,35664,968.709,25842.709677419356
2026/04/02@14:34:55,35665,968.7275,25846.0
2026/04/02@14:34:56,35666,968.749632,25849.266666666666
2026/04/02@14:34:57,35667,968.7088,25852.533333333333
2026/04/02@14:34:58,35668,968.72,25855.8
2026/04/02@14:34:59,35669,968.7249,25859.066666666666
2026/04/02@14:35:00,35670,968.6841,25862.333333333332
2026/04/02@14:35:02,35671,968.71768,25868.866666666665
2026/04/02@14:35:03,35673,968.72624,25872.133333333335
2026/04/02@14:35:04,35674,968.7187,25875.4
2026/04/02@14:35:05,35675,968.7347,25878.666666666668
2026/04/02@14:35:06,35676,968.72984,25881.933333333334
2026/04/02@14:35:07,35677,968.7014,25885.2
2026/04/02@14:35:08,35678,968.7421,25888.466666666667
2026/04/02@14:35:09,35679,968.731,25891.733333333334
2026/04/02@14:35:10,35680,968.7187,25895.0
2026/04/02@14:35:11,35681,968.72488,25898.266666666666
2026/04/02@14:35:12,35682,968.7285,25901.533333333333
2026/04/02@14:35:13,35683,968.71736,25904.8
2026/04/02@14:35:15,35684,968.73736,25911.333333333332
2026/04/02@14:35:16,35686,968.7235,25914.6
2026/04/02@14:35:17,35687,968.7275,25917.866666666665
2026/04/02@14:35:18,35688,968.7424,25921.133333333335
2026/04/02@14:35:19,35689,968.7421,25924.4
2026/04/02@14:35:20,35690,968.7297,25927.666666666668
2026/04/02@14:35:21,35691,968.74224,25930.933333333334
2026/04/02@14:35:22,35692,968.7273,25934.2
2026/04/02@14:35:23,35693,968.7235,25937.466666666667
2026/04/02@14:35:24,35694,968.7432,25940.733333333334
2026/04/02@14:35:25,35695,968.7435,25944.0
2026/04/02@14:35:26,35696,968.7346,25947.129032258064
2026/04/02@14:35:27,35697,968.7371,25950.25806451613
2026/04/02@14:35:29,35699,968.72832,25956.516129032258
2026/04/02@14:35:30,35700,968.7148,25959.645161290322
2026/04/02@14:35:31,35701,968.7137,25962.774193548386
2026/04/02@14:35:32,35702,968.7235,25965.90322580645
2026/04/02@14:35:33,35703,968.7137,25969.032258064515
2026/04/02@14:35:34,35704,968.7087,25972.16129032258
2026/04/02@14:35:35,35705,968.7261,25975.290322580644
2026/04/02@14:35:36,35706,968.722368,25978.41935483871
2026/04/02@14:35:37,35707,968.71216,25981.548387096773
2026/04/02@14:35:38,35708,968.7099,25984.677419354837
2026/04/02@14:35:39,35709,968.71624,25987.8064516129
2026/04/02@14:35:40,35710,968.7432,25990.935483870966
2026/04/02@14:35:42,35712,968.71736,25997.1935483871
2026/04/02@14:35:43,35713,968.7421,26000.322580645163
2026/04/02@14:35:44,35714,968.7075,26003.451612903227
2026/04/02@14:35:45,35715,968.7148,26006.58064516129
2026/04/02@14:35:46,35716,968.770464,26009.709677419356
2026/04/02@14:35:47,35717,968.72848,26012.83870967742
2026/04/02@14:35:48,35718,968.7383,26015.967741935485
2026/04/02@14:35:49,35719,968.73944,26019.09677419355
2026/04/02@14:35:50,35720,968.7137,26022.225806451614
2026/04/02@14:35:51,35721,968.7,26025.354838709678
2026/04/02@14:35:52,35722,968.7322,26028.483870967742
2026/04/02@14:35:53,35723,968.7371,26031.612903225807
2026/04/02@14:35:55,35725,968.75304,26037.870967741936
2026/04/02@14:35:56,35726,968.7494,26041.0
2026/04/02@14:35:57,35727,968.74092,26044.433333333334
2026/04/02@14:35:58,35728,968.7322,26047.866666666665
2026/04/02@14:35:59,35729,968.7235,26051.3
2026/04/02@14:36:00,35730,968.7333,26054.733333333334
2026/04/02@14:36:01,35731,968.71608,26058.166666666668
2026/04/02@14:36:02,35732,968.705,26061.6
2026/04/02@14:36:03,35733,968.74696,26065.033333333333
2026/04/02@14:36:04,35734,968.69508,26068.466666666667
2026/04/02@14:36:05,35735,968.730832,26071.9
2026/04/02@14:36:06,35736,968.71216,26075.333333333332
2026/04/02@14:36:08,35738,968.705,26082.2
2026/04/02@14:36:09,35739,968.7457,26085.633333333335
2026/04/02@14:36:10,35740,968.7444,26089.066666666666
2026/04/02@14:36:11,35741,968.7457,26092.5
2026/04/02@14:36:12,35742,968.7198,26095.933333333334
2026/04/02@14:36:13,35743,968.7223,26099.366666666665
2026/04/02@14:36:14,35744,968.7457,26102.8
2026/04/02@14:36:15,35745,968.7444,26106.233333333334
2026/04/02@14:36:16,35746,968.7579,26109.666666666668
2026/04/02@14:36:17,35747,968.7642,26113.1
2026/04/02@14:36:18,35748,968.7171,26116.533333333333
2026/04/02@14:36:19,35749,968.726,26119.966666666667
2026/04/02@14:36:21,35751,968.7578,26126.833333333332
2026/04/02@14:36:22,35752,968.7332,26130.266666666666
2026/04/02@14:36:23,35753,968.7506,26133.7
2026/04/02@14:36:24,35754,968.73452,26137.133333333335
2026/04/02@14:36:25,35755,968.75165,26140.566666666666
2026/04/02@14:36:26,35756,968.7517,26144.0
2026/04/02@14:36:27,35757,968.73192,26147.0
2026/04/02@14:36:28,35758,968.77405,26150.0
2026/04/02@14:36:29,35759,968.74308,26153.0
2026/04/02@14:36:30,35760,968.71452,26156.0
2026/04/02@14:36:31,35761,968.73452,26159.0
2026/04/02@14:36:32,35762,968.7458,26162.0
2026/04/02@14:36:34,35764,968.75052,26168.0
2026/04/02@14:36:35,35765,968.7568,26171.0
2026/04/02@14:36:36,35766,968.74932,26174.0
2026/04/02@14:36:37,35767,968.71968,26177.0
2026/04/02@14:36:38,35768,968.7578,26180.0
2026/04/02@14:36:39,35769,968.73944,26183.0
2026/04/02@14:36:40,35770,968.7432,26186.0
2026/04/02@14:36:41,35771,968.7221,26189.0
2026/04/02@14:36:42,35772,968.729536,26192.0
2026/04/02@14:36:43,35773,968.72328,26195.0
2026/04/02@14:36:44,35774,968.7248,26198.0
2026/04/02@14:36:45,35775,968.7221,26201.0
2026/04/02@14:36:47,35777,968.73692,26207.0
2026/04/02@14:36:48,35778,968.76664,26210.0
2026/04/02@14:36:49,35779,968.7162,26213.0
2026/04/02@14:36:50,35780,968.75304,26216.0
2026/04/02@14:36:51,35781,968.7776,26219.0
2026/04/02@14:36:52,35782,968.7282,26222.0
2026/04/02@14:36:53,35783,968.75668,26225.0
2026/04/02@14:36:54,35784,968.74696,26228.0
2026/04/02@14:36:55,35785,968.76548,26231.0
2026/04/02@14:36:56,35786,968.716,26234.0
2026/04/02@14:36:57,35787,968.71452,26237.0
2026/04/02@14:36:58,35788,968.73452,26239.935483870966
2026/04/02@14:37:00,35790,968.74784,26245.8064516129
2026/04/02@14:37:01,35791,968.755568,26248.74193548387
2026/04/02@14:37:02,35792,968.7036,26251.677419354837
2026/04/02@14:37:03,35793,968.72092,26254.612903225807
2026/04/02@14:37:04,35794,968.76416,26257.548387096773
2026/04/02@14:37:05,35795,968.77868,26260.483870967742
2026/04/02@14:37:06,35796,968.7505,26263.41935483871
2026/04/02@14:37:07,35797,968.7407,26266.354838709678
2026/04/02@14:37:08,35798,968.7419,26269.290322580644
2026/04/02@14:37:09,35799,968.7578,26272.225806451614
2026/04/02@14:37:10,35800,968.7506,26275.16129032258
2026/04/02@14:37:11,35801,968.779,26278.09677419355
2026/04/02@14:37:13,35803,968.767632,26283.967741935485
2026/04/02@14:37:14,35804,968.725936,26286.90322580645
2026/04/02@14:37:15,35805,968.7456,26289.83870967742
2026/04/02@14:37:16,35806,968.74552,26292.774193548386
2026/04/02@14:37:17,35807,968.75668,26295.709677419356
2026/04/02@14:37:18,35808,968.7296,26298.645161290322
2026/04/02@14:37:19,35809,968.7505,26301.58064516129
2026/04/02@14:37:20,35810,968.7369,26304.516129032258
2026/04/02@14:37:21,35811,968.73692,26307.451612903227
2026/04/02@14:37:22,35812,968.6986,26310.387096774193
2026/04/02@14:37:23,35813,968.7603,26313.322580645163
2026/04/02@14:37:24,35814,968.73304,26316.25806451613
2026/04/02@14:37:26,35816,968.76652,26322.129032258064
2026/04/02@14:37:27,35817,968.7567,26325.064516129034
2026/04/02@14:37:28,35818,968.7123,26328.0
2026/04/02@14:37:29,35819,968.71348,26330.966666666667
2026/04/02@14:37:30,35820,968.71452,26333.933333333334
2026/04/02@14:37:31,35821,968.7296,26336.9
2026/04/02@14:37:32,35822,968.71952,26339.866666666665
2026/04/02@14:37:33,35823,968.7296,26342.833333333332
2026/04/02@14:37:34,35824,968.6951,26345.8
2026/04/02@14:37:35,35825,968.7418,26348.766666666666
2026/04/02@14:37:36,35826,968.73304,26351.733333333334
2026/04/02@14:37:37,35827,968.77024,26354.7
2026/04/02@14:37:39,35829,968.7184,26360.633333333335
2026/04/02@14:37:40,35830,968.7198,26363.6
2026/04/02@14:37:41,35831,968.7528,26366.566666666666
2026/04/02@14:37:42,35832,968.7244,26369.533333333333
2026/04/02@14:37:43,35833,968.7307,26372.5
2026/04/02@14:37:44,35834,968.7456,26375.466666666667
2026/04/02@14:37:45,35835,968.722064,26378.433333333334
2026/04/02@14:37:46,35836,968.70732,26381.4
2026/04/02@14:37:47,35837,968.7541,26384.366666666665
2026/04/02@14:37:48,35838,968.74552,26387.333333333332
2026/04/02@14:37:49,35839,968.71824,26390.3
2026/04/02@14:37:50,35840,968.7406,26393.266666666666
2026/04/02@14:37:52,35842,968.7346,26399.2
2026/04/02@14:37:53,35843,968.70732,26402.166666666668
2026/04/02@14:37:54,35844,968.72092,26405.133333333335
2026/04/02@14:37:55,35845,968.71824,26408.1
2026/04/02@14:37:56,35846,968.7615,26411.066666666666
2026/04/02@14:37:57,35847,968.774,26414.033333333333
2026/04/02@14:37:58,35848,968.6962,26417.0
2026/04/02@14:37:59,35849,968.7406,26419.935483870966
2026/04/02@14:38:00,35850,968.72328,26422.870967741936
2026/04/02@14:38:01,35851,968.7244,26425.8064516129
2026/04/02@14:38:02,35852,968.743,26428.74193548387
2026/04/02@14:38:03,35853,968.7381,26431.677419354837
2026/04/02@14:38:05,35855,968.71952,26437.548387096773
2026/04/02@14:38:06,35856,968.7395,26440.483870967742
2026/04/02@14:38:07,35857,968.7258,26443.41935483871
2026/04/02@14:38:08,35858,968.74552,26446.354838709678
2026/04/02@14:38:09,35859,968.74416,26449.290322580644
2026/04/02@14:38:10,35860,968.79616,26452.225806451614
2026/04/02@14:38:11,35861,968.7505,26455.16129032258
2026/04/02@14:38:12,35862,968.7554,26458.09677419355
2026/04/02@14:38:13,35863,968.7343,26461.032258064515
2026/04/02@14:38:14,35864,968.7555,26463.967741935485
2026/04/02@14:38:15,35865,968.7294,26466.90322580645
2026/04/02@14:38:16,35866,968.7184,26469.83870967742
2026/04/02@14:38:18,35868,968.7578,26475.709677419356
2026/04/02@14:38:19,35869,968.71452,26478.645161290322
2026/04/02@14:38:20,35870,968.74416,26481.58064516129
2026/04/02@14:38:21,35871,968.7592,26484.516129032258
2026/04/02@14:38:22,35872,968.74916,26487.451612903227
2026/04/02@14:38:23,35873,968.78,26490.387096774193
2026/04/02@14:38:24,35874,968.7517,26493.322580645163
2026/04/02@14:38:25,35875,968.74552,26496.25806451613
2026/04/02@14:38:26,35876,968.7358,26499.1935483871
2026/04/02@14:38:27,35877,968.7517,26502.129032258064
2026/04/02@14:38:28,35878,968.7505,26505.064516129034
2026/04/02@14:38:29,35879,968.716,26508.0
2026/04/02@14:38:31,35881,968.71452,26513.933333333334
2026/04/02@14:38:32,35882,968.716,26516.9
2026/04/02@14:38:33,35883,968.7198,26519.866666666665
2026/04/02@14:38:34,35884,968.73452,26522.833333333332
2026/04/02@14:38:35,35885,968.7307,26525.8
2026/04/02@14:38:36,35886,968.76532,26528.766666666666
2026/04/02@14:38:37,35887,968.711,26531.733333333334
2026/04/02@14:38:38,35888,968.722064,26534.7
2026/04/02@14:38:39,35889,968.77512,26537.666666666668
2026/04/02@14:38:40,35890,968.7379,26540.633333333335
2026/04/02@14:38:41,35891,968.7257,26543.6
2026/04/02@14:38:42,35892,968.7123,26546.566666666666
2026/04/02@14:38:44,35894,968.7393,26552.5
2026/04/02@14:38:45,35895,968.722064,26555.466666666667
2026/04/02@14:38:46,35896,968.72184,26558.433333333334
2026/04/02@14:38:47,35897,968.74056,26561.4
2026/04/02@14:38:48,35898,968.7047,26564.366666666665
2026/04/02@14:38:49,35899,968.71952,26567.333333333332
2026/04/02@14:38:50,35900,968.71932,26570.3
2026/04/02@14:38:51,35901,968.7553,26573.266666666666
2026/04/02@14:38:52,35902,968.7062,26576.233333333334
2026/04/02@14:38:53,35903,968.7159,26579.2
2026/04/02@14:38:54,35904,968.75144,26582.166666666668
2026/04/02@14:38:55,35905,968.74416,26585.133333333335
2026/04/02@14:38:57,35907,968.7258,26591.066666666666
2026/04/02@14:38:58,35908,968.7011,26594.033333333333
2026/04/02@14:38:59,35909,968.77024,26597.0
2026/04/02@14:39:00,35910,968.71932,26600.064516129034
2026/04/02@14:39:01,35911,968.6911,26603.129032258064
2026/04/02@14:39:02,35912,968.75668,26606.1935483871
2026/04/02@14:39:03,35913,968.753968,26609.25806451613
2026/04/02@14:39:04,35914,968.7046,26612.322580645163
2026/04/02@14:39:05,35915,968.71576,26615.387096774193
2026/04/02@14:39:06,35916,968.7182,26618.451612903227
2026/04/02@14:39:07,35917,968.7379,26621.516129032258
2026/04/02@14:39:08,35918,968.7219,26624.58064516129
2026/04/02@14:39:10,35920,968.7255,26630.709677419356
2026/04/02@14:39:11,35921,968.7551,26633.774193548386
2026/04/02@14:39:12,35922,968.723,26636.83870967742
2026/04/02@14:39:13,35923,968.70332,26639.90322580645
2026/04/02@14:39:14,35924,968.7453,26642.967741935485
2026/04/02@14:39:15,35925,968.7219,26646.032258064515
2026/04/02@14:39:16,35926,968.72068,26649.09677419355
2026/04/02@14:39:17,35927,968.7405,26652.16129032258
2026/04/02@14:39:18,35928,968.7601,26655.225806451614
2026/04/02@14:39:19,35929,968.7516,26658.290322580644
2026/04/02@14:39:20,35930,968.727936,26661.354838709678
2026/04/02@14:39:21,35931,968.7293,26664.41935483871
2026/04/02@14:39:23,35933,968.7255,26670.548387096773
2026/04/02@14:39:24,35934,968.72296,26673.612903225807
2026/04/02@14:39:25,35935,968.7243,26676.677419354837
2026/04/02@14:39:26,35936,968.733,26679.74193548387
2026/04/02@14:39:27,35937,968.725664,26682.8064516129
2026/04/02@14:39:28,35938,968.71544,26685.870967741936
2026/04/02@14:39:29,35939,968.7207,26688.935483870966
2026/04/02@14:39:30,35940,968.7132,26692.0
2026/04/02@14:39:31,35941,968.7059,26695.129032258064
2026/04/02@14:39:32,35942,968.7688,26698.25806451613
2026/04/02@14:39:33,35943,968.7109,26701.387096774193
2026/04/02@14:39:34,35944,968.7219,26704.516129032258
2026/04/02@14:39:36,35946,968.7379,26710.774193548386
2026/04/02@14:39:37,35947,968.72184,26713.90322580645
2026/04/02@14:39:38,35948,968.723,26717.032258064515
2026/04/02@14:39:39,35949,968.72068,26720.16129032258
2026/04/02@14:39:40,35950,968.7096,26723.290322580644
2026/04/02@14:39:41,35951,968.7072,26726.41935483871
2026/04/02@14:39:42,35952,968.7367,26729.548387096773
2026/04/02@14:39:43,35953,968.7059,26732.677419354837
2026/04/02@14:39:44,35954,968.7257,26735.8064516129
2026/04/02@14:39:45,35955,968.76416,26738.935483870966
2026/04/02@14:39:46,35956,968.7243,26742.064516129034
2026/04/02@14:39:47,35957,968.7,26745.1935483871
2026/04/02@14:39:49,35959,968.7268,26751.451612903227
2026/04/02@14:39:50,35960,968.7527,26754.58064516129
2026/04/02@14:39:51,35961,968.7455,26757.709677419356
2026/04/02@14:39:52,35962,968.7317,26760.83870967742
2026/04/02@14:39:53,35963,968.7614,26763.967741935485
2026/04/02@14:39:54,35964,968.7307,26767.09677419355
2026/04/02@14:39:55,35965,968.7468,26770.225806451614
2026/04/02@14:39:56,35966,968.76904,26773.354838709678
2026/04/02@14:39:57,35967,968.7418,26776.483870967742
2026/04/02@14:39:58,35968,968.71452,26779.612903225807
2026/04/02@14:39:59,35969,968.7246,26782.74193548387
2026/04/02@14:40:00,35970,968.7441,26785.870967741936
2026/04/02@14:40:02,35972,968.75052,26792.366666666665
2026/04/02@14:40:03,35973,968.71452,26795.733333333334
2026/04/02@14:40:04,35974,968.72684,26799.1
2026/04/02@14:40:05,35975,968.7207,26802.466666666667
2026/04/02@14:40:06,35976,968.7318,26805.833333333332
2026/04/02@14:40:07,35977,968.711,26809.2
2026/04/02@14:40:08,35978,968.7134,26812.566666666666
2026/04/02@14:40:09,35979,968.7308,26815.933333333334
2026/04/02@14:40:10,35980,968.743,26819.3
2026/04/02@14:40:11,35981,968.7209,26822.666666666668
2026/04/02@14:40:12,35982,968.7296,26826.033333333333
2026/04/02@14:40:13,35983,968.748064,26829.4
2026/04/02@14:40:15,35985,968.75144,26836.133333333335
2026/04/02@14:40:16,35986,968.71096,26839.5
2026/04/02@14:40:17,35987,968.71952,26842.866666666665
2026/04/02@14:40:18,35988,968.7392,26846.233333333334
2026/04/02@14:40:19,35989,968.71576,26849.6
2026/04/02@14:40:20,35990,968.7243,26852.966666666667
2026/04/02@14:40:21,35991,968.7317,26856.333333333332
2026/04/02@14:40:22,35992,968.7579,26859.7
2026/04/02@14:40:23,35993,968.73668,26863.066666666666
2026/04/02@14:40:24,35994,968.7379,26866.433333333334
2026/04/02@14:40:25,35995,968.74916,26869.8
2026/04/02@14:40:26,35996,968.717936,26873.166666666668
2026/04/02@14:40:28,35998,968.72684,26879.9
2026/04/02@14:40:29,35999,968.74916,26883.266666666666
2026/04/02@14:40:30,36000,968.7307,26886.633333333335
2026/04/02@14:40:31,36001,968.741664,26890.0
2026/04/02@14:40:32,36002,968.741664,26893.387096774193
2026/04/02@14:40:33,36003,968.76376,26896.774193548386
2026/04/02@14:40:34,36004,968.72296,26900.16129032258
2026/04/02@14:40:35,36005,968.723,26903.548387096773
2026/04/02@14:40:36,36006,968.7207,26906.935483870966
2026/04/02@14:40:37,36007,968.7551,26910.322580645163
2026/04/02@14:40:38,36008,968.7417,26913.709677419356
2026/04/02@14:40:39,36009,968.717,26917.09677419355
2026/04/02@14:40:41,36011,968.74776,26923.870967741936
2026/04/02@14:40:42,36012,968.75132,26927.25806451613
2026/04/02@14:40:43,36013,968.741664,26930.645161290322
2026/04/02@14:40:44,36014,968.7342,26934.032258064515
2026/04/02@14:40:45,36015,968.7565,26937.41935483871
2026/04/02@14:40:46,36016,968.7835,26940.8064516129
2026/04/02@14:40:47,36017,968.7355,26944.1935483871
2026/04/02@14:40:48,36018,968.7737,26947.58064516129
2026/04/02@14:40:49,36019,968.757568,26950.967741935485
2026/04/02@14:40:50,36020,968.7392,26954.354838709678
2026/04/02@14:40:51,36021,968.74416,26957.74193548387
2026/04/02@14:40:52,36022,968.73912,26961.129032258064
2026/04/02@14:40:54,36024,968.75884,26967.90322580645
2026/04/02@14:40:55,36025,968.7687,26971.290322580644
2026/04/02@14:40:56,36026,968.7305,26974.677419354837
2026/04/02@14:40:57,36027,968.71672,26978.064516129034
2026/04/02@14:40:58,36028,968.7392,26981.451612903227
2026/04/02@14:40:59,36029,968.7527,26984.83870967742
2026/04/02@14:41:00,36030,968.7157,26988.225806451614
2026/04/02@14:41:01,36031,968.74416,26991.612903225807
2026/04/02@14:41:02,36032,968.74632,26995.0
2026/04/02@14:41:03,36033,968.7697,26998.266666666666
2026/04/02@14:41:04,36034,968.77,27001.533333333333
2026/04/02@14:41:05,36035,968.745232,27004.8
2026/04/02@14:41:07,36037,968.7773,27011.333333333332
2026/04/02@14:41:08,36038,968.7391,27014.6
2026/04/02@14:41:09,36039,968.76484,27017.866666666665
2026/04/02@14:41:10,36040,968.7367,27021.133333333335
2026/04/02@14:41:11,36041,968.74416,27024.4
2026/04/02@14:41:12,36042,968.7736,27027.666666666668
2026/04/02@14:41:13,36043,968.74148,27030.933333333334
2026/04/02@14:41:14,36044,968.7404,27034.2
2026/04/02@14:41:15,36045,968.7626,27037.466666666667
2026/04/02@14:41:16,36046,968.7587,27040.733333333334
2026/04/02@14:41:17,36047,968.761136,27044.0
2026/04/02@14:41:18,36048,968.7466,27047.266666666666
2026/04/02@14:41:20,36050,968.76376,27053.8
2026/04/02@14:41:21,36051,968.7328,27057.066666666666
2026/04/02@14:41:22,36052,968.724336,27060.333333333332
2026/04/02@14:41:23,36053,968.710768,27063.6
2026/04/02@14:41:24,36054,968.7379,27066.866666666665
2026/04/02@14:41:25,36055,968.7404,27070.133333333335
2026/04/02@14:41:26,36056,968.7749,27073.4
2026/04/02@14:41:27,36057,968.7711,27076.666666666668
2026/04/02@14:41:28,36058,968.7355,27079.933333333334
2026/04/02@14:41:29,36059,968.74892,27083.2
2026/04/02@14:41:30,36060,968.7736,27086.466666666667
2026/04/02@14:41:31,36061,968.717936,27089.733333333334
2026/04/02@14:41:33,36063,968.755264,27096.032258064515
2026/04/02@14:41:34,36064,968.7737,27099.064516129034
2026/04/02@14:41:35,36065,968.79208,27102.09677419355
2026/04/02@14:41:36,36066,968.7626,27105.129032258064
2026/04/02@14:41:37,36067,968.7365,27108.16129032258
2026/04/02@14:41:38,36068,968.7305,27111.1935483871
2026/04/02@14:41:39,36069,968.79336,27114.225806451614
2026/04/02@14:41:40,36070,968.74892,27117.25806451613
2026/04/02@14:41:41,36071,968.7562,27120.290322580644
2026/04/02@14:41:42,36072,968.7404,27123.322580645163
2026/04/02@14:41:43,36073,968.7377,27126.354838709678
2026/04/02@14:41:44,36074,968.75132,27129.387096774193
2026/04/02@14:41:46,36076,968.7612,27135.451612903227
2026/04/02@14:41:47,36077,968.7204,27138.483870967742
2026/04/02@14:41:48,36078,968.7711,27141.516129032258
2026/04/02@14:41:49,36079,968.77,27144.548387096773
2026/04/02@14:41:50,36080,968.73776,27147.58064516129
2026/04/02@14:41:51,36081,968.761136,27150.612903225807
2026/04/02@14:41:52,36082,968.7475,27153.645161290322
2026/04/02@14:41:53,36083,968.7243,27156.677419354837
2026/04/02@14:41:54,36084,968.745232,27159.709677419356
2026/04/02@14:41:55,36085,968.7428,27162.74193548387
2026/04/02@14:41:56,36086,968.7562,27165.774193548386
2026/04/02@14:41:57,36087,968.7587,27168.8064516129
2026/04/02@14:41:59,36088,968.7699,27174.870967741936
2026/04/02@14:42:00,36090,968.7352,27177.90322580645
2026/04/02@14:42:01,36091,968.7316,27180.935483870966
2026/04/02@14:42:02,36092,968.77592,27183.967741935485
2026/04/02@14:42:03,36093,968.7601,27187.0
2026/04/02@14:42:04,36094,968.7699,27189.939393939392
2026/04/02@14:42:05,36095,968.7243,27192.878787878788
2026/04/02@14:42:06,36096,968.7565,27195.81818181818
2026/04/02@14:42:07,36097,968.75132,27198.757575757576
2026/04/02@14:42:08,36098,968.783536,27201.696969696968
2026/04/02@14:42:09,36099,968.7673,27204.636363636364
2026/04/02@14:42:10,36100,968.741664,27207.575757575756
2026/04/02@14:42:12,36101,968.7453,27213.454545454544
2026/04/02@14:42:13,36103,968.74632,27216.39393939394
2026/04/02@14:42:14,36104,968.7477,27219.333333333332
2026/04/02@14:42:15,36105,968.7576,27222.272727272728
2026/04/02@14:42:16,36106,968.731568,27225.21212121212
2026/04/02@14:42:17,36107,968.7168,27228.151515151516
2026/04/02@14:42:18,36108,968.7771,27231.090909090908
2026/04/02@14:42:19,36109,968.727936,27234.030303030304
2026/04/02@14:42:20,36110,968.7392,27236.969696969696
2026/04/02@14:42:21,36111,968.73776,27239.909090909092
2026/04/02@14:42:22,36112,968.7562,27242.848484848484
2026/04/02@14:42:23,36113,968.72048,27245.78787878788
2026/04/02@14:42:24,36114,968.73912,27248.727272727272
2026/04/02@14:42:26,36116,968.7428,27254.60606060606
2026/04/02@14:42:27,36117,968.7659,27257.545454545456
2026/04/02@14:42:28,36118,968.75884,27260.484848484848
2026/04/02@14:42:29,36119,968.76484,27263.424242424244
2026/04/02@14:42:30,36120,968.7354,27266.363636363636
2026/04/02@14:42:31,36121,968.7762,27269.303030303032
2026/04/02@14:42:32,36122,968.7503,27272.242424242424
2026/04/02@14:42:33,36123,968.791,27275.18181818182
2026/04/02@14:42:34,36124,968.7404,27278.121212121212
2026/04/02@14:42:35,36125,968.7489,27281.060606060608
2026/04/02@14:42:36,36126,968.733,27284.0
2026/04/02@14:42:37,36127,968.7491,27286.9
2026/04/02@14:42:39,36129,968.7674,27292.7
2026/04/02@14:42:40,36130,968.750336,27295.6
2026/04/02@14:42:41,36131,968.69976,27298.5
2026/04/02@14:42:42,36132,968.71932,27301.4
2026/04/02@14:42:43,36133,968.7157,27304.3
2026/04/02@14:42:44,36134,968.774,27307.2
2026/04/02@14:42:45,36135,968.7391,27310.1
2026/04/02@14:42:46,36136,968.7121,27313.0
2026/04/02@14:42:47,36137,968.7564,27315.9
2026/04/02@14:42:48,36138,968.7564,27318.8
2026/04/02@14:42:49,36139,968.74416,27321.7
2026/04/02@14:42:50,36140,968.6985,27324.6
2026/04/02@14:42:52,36142,968.74416,27330.4
2026/04/02@14:42:53,36143,968.7392,27333.3
2026/04/02@14:42:54,36144,968.743936,27336.2
2026/04/02@14:42:55,36145,968.78232,27339.1
2026/04/02@14:42:56,36146,968.71816,27342.0
2026/04/02@14:42:57,36147,968.7749,27344.9
2026/04/02@14:42:58,36148,968.75272,27347.8
2026/04/02@14:42:59,36149,968.74776,27350.7
2026/04/02@14:43:00,36150,968.71452,27353.6
2026/04/02@14:43:01,36151,968.7661,27356.5
2026/04/02@14:43:02,36152,968.7725,27359.4
2026/04/02@14:43:03,36153,968.7946,27362.3
2026/04/02@14:43:05,36155,968.77592,27368.1
2026/04/02@14:43:06,36156,968.82056,27371.0
2026/04/02@14:43:07,36157,968.7438,27373.90322580645
2026/04/02@14:43:08,36158,968.7536,27376.8064516129
2026/04/02@14:43:09,36159,968.7611,27379.709677419356
2026/04/02@14:43:10,36160,968.69336,27382.612903225807
2026/04/02@14:43:11,36161,968.7699,27385.516129032258
2026/04/02@14:43:12,36162,968.75384,27388.41935483871
2026/04/02@14:43:13,36163,968.7366,27391.322580645163
2026/04/02@14:43:14,36164,968.7722,27394.225806451614
2026/04/02@14:43:15,36165,968.7848,27397.129032258064
2026/04/02@14:43:16,36166,968.7651,27400.032258064515
2026/04/02@14:43:18,36168,968.75384,27405.83870967742
2026/04/02@14:43:19,36169,968.7453,27408.74193548387
2026/04/02@14:43:20,36170,968.75,27411.645161290322
2026/04/02@14:43:21,36171,968.76376,27414.548387096773
2026/04/02@14:43:22,36172,968.748864,27417.451612903227
2026/04/02@14:43:23,36173,968.7438,27420.354838709678
2026/04/02@14:43:24,36174,968.75748,27423.25806451613
2026/04/02@14:43:25,36175,968.7278,27426.16129032258
2026/04/02@14:43:26,36176,968.7438,27429.064516129034
2026/04/02@14:43:27,36177,968.7611,27431.967741935485
2026/04/02@14:43:28,36178,968.7662,27434.870967741936
2026/04/02@14:43:29,36179,968.7536,27437.774193548386
2026/04/02@14:43:31,36181,968.7598,27443.58064516129
2026/04/02@14:43:32,36182,968.7612,27446.483870967742
2026/04/02@14:43:33,36183,968.731568,27449.387096774193
2026/04/02@14:43:34,36184,968.7697,27452.290322580644
2026/04/02@14:43:35,36185,968.7635,27455.1935483871
2026/04/02@14:43:36,36186,968.74504,27458.09677419355
2026/04/02@14:43:37,36187,968.74024,27461.0
2026/04/02@14:43:38,36188,968.701936,27463.7
2026/04/02@14:43:39,36189,968.72424,27466.4
2026/04/02@14:43:40,36190,968.7388,27469.1
2026/04/02@14:43:41,36191,968.7587,27471.8
2026/04/02@14:43:42,36192,968.7452,27474.5
2026/04/02@14:43:44,36194,968.747568,27479.9
2026/04/02@14:43:45,36195,968.7377,27482.6
2026/04/02@14:43:46,36196,968.7587,27485.3
2026/04/02@14:43:47,36197,968.7352,27488.0
2026/04/02@14:43:48,36198,968.7684,27490.7
2026/04/02@14:43:49,36199,968.7686,27493.4
2026/04/02@14:43:50,36200,968.7611,27496.1
2026/04/02@14:43:51,36201,968.7536,27498.8
2026/04/02@14:43:52,36202,968.7748,27501.5
2026/04/02@14:43:53,36203,968.7587,27504.2
2026/04/02@14:43:54,36204,968.7525,27506.9
2026/04/02@14:43:55,36205,968.747568,27509.6
2026/04/02@14:43:57,36207,968.7623,27515.0
2026/04/02@14:43:58,36208,968.7512,27517.7
2026/04/02@14:43:59,36209,968.7427,27520.4
2026/04/02@14:44:00,36210,968.71184,27523.1
2026/04/02@14:44:01,36211,968.7168,27525.8
2026/04/02@14:44:02,36212,968.7363,27528.5
2026/04/02@14:44:03,36213,968.75748,27531.2
2026/04/02@14:44:04,36214,968.78576,27533.9
2026/04/02@14:44:05,36215,968.7672,27536.6
2026/04/02@14:44:06,36216,968.72408,27539.3
2026/04/02@14:44:07,36217,968.7289,27542.0
2026/04/02@14:44:08,36218,968.7453,27545.0
2026/04/02@14:44:10,36220,968.7289,27551.0
2026/04/02@14:44:11,36221,968.7612,27554.0
2026/04/02@14:44:12,36222,968.776,27557.0
2026/04/02@14:44:13,36223,968.69216,27560.0
2026/04/02@14:44:14,36224,968.7612,27563.0
2026/04/02@14:44:15,36225,968.7414,27566.0
2026/04/02@14:44:16,36226,968.7131,27569.0
2026/04/02@14:44:17,36227,968.7229,27572.0
2026/04/02@14:44:18,36228,968.71064,27575.0
2026/04/02@14:44:19,36229,968.7611,27578.0
2026/04/02@14:44:20,36230,968.7525,27581.0
2026/04/02@14:44:21,36231,968.7141,27584.0
2026/04/02@14:44:23,36232,968.72536,27590.0
2026/04/02@14:44:24,36234,968.7316,27593.0
2026/04/02@14:44:25,36235,968.7428,27596.0
2026/04/02@14:44:26,36236,968.70808,27599.0
2026/04/02@14:44:27,36237,968.7672,27602.0
2026/04/02@14:44:28,36238,968.798,27605.0
2026/04/02@14:44:29,36239,968.7525,27608.0
2026/04/02@14:44:30,36240,968.7635,27611.0
2026/04/02@14:44:31,36241,968.75,27614.0
2026/04/02@14:44:32,36242,968.7339,27617.0
2026/04/02@14:44:33,36243,968.7363,27620.0
2026/04/02@14:44:34,36244,968.7229,27623.0
2026/04/02@14:44:35,36245,968.75748,27626.0
2026/04/02@14:44:37,36247,968.7438,27632.0
2026/04/02@14:44:38,36248,968.7536,27635.0
2026/04/02@14:44:39,36249,968.7662,27638.032258064515
2026/04/02@14:44:40,36250,968.7598,27641.064516129034
2026/04/02@14:44:41,36251,968.725664,27644.09677419355
2026/04/02@14:44:42,36252,968.7573,27647.129032258064
2026/04/02@14:44:43,36253,968.78576,27650.16129032258
2026/04/02@14:44:44,36254,968.7453,27653.1935483871
2026/04/02@14:44:45,36255,968.7378,27656.225806451614
2026/04/02@14:44:46,36256,968.7612,27659.25806451613
2026/04/02@14:44:47,36257,968.71908,27662.290322580644
2026/04/02@14:44:48,36258,968.7525,27665.322580645163
2026/04/02@14:44:50,36260,968.7366,27671.387096774193
2026/04/02@14:44:51,36261,968.7723,27674.41935483871
2026/04/02@14:44:52,36262,968.7402,27677.451612903227
2026/04/02@14:44:53,36263,968.743936,27680.483870967742
2026/04/02@14:44:54,36264,968.7514,27683.516129032258
2026/04/02@14:44:55,36265,968.725664,27686.548387096773
2026/04/02@14:44:56,36266,968.782032,27689.58064516129
2026/04/02@14:44:57,36267,968.75852,27692.612903225807
2026/04/02@14:44:58,36268,968.7486,27695.645161290322
2026/04/02@14:44:59,36269,968.74868,27698.677419354837
2026/04/02@14:45:00,36270,968.721536,27701.709677419356
2026/04/02@14:45:01,36271,968.7365,27704.74193548387
2026/04/02@14:45:03,36273,968.7388,27710.8064516129
2026/04/02@14:45:04,36274,968.7313,27713.83870967742
2026/04/02@14:45:05,36275,968.6944,27716.870967741936
2026/04/02@14:45:06,36276,968.75,27719.90322580645
2026/04/02@14:45:07,36277,968.7191,27722.935483870966
2026/04/02@14:45:08,36278,968.7254,27725.967741935485
2026/04/02@14:45:09,36279,968.7254,27729.0
2026/04/02@14:45:10,36280,968.75992,27732.466666666667
2026/04/02@14:45:11,36281,968.7239,27735.933333333334
2026/04/02@14:45:12,36282,968.7427,27739.4
2026/04/02@14:45:13,36283,968.7276,27742.866666666665
2026/04/02@14:45:14,36284,968.7427,27746.333333333332
2026/04/02@14:45:16,36286,968.761,27753.266666666666
2026/04/02@14:45:17,36287,968.72148,27756.733333333334
2026/04/02@14:45:18,36288,968.74116,27760.2
2026/04/02@14:45:19,36289,968.71408,27763.666666666668
2026/04/02@14:45:20,36290,968.7265,27767.133333333335
2026/04/02@14:45:21,36291,968.74616,27770.6
2026/04/02@14:45:22,36292,968.7338,27774.066666666666
2026/04/02@14:45:23,36293,968.7486,27777.533333333333
2026/04/02@14:45:24,36294,968.7452,27781.0
2026/04/02@14:45:25,36295,968.7413,27784.466666666667
2026/04/02@14:45:26,36296,968.7561,27787.933333333334
2026/04/02@14:45:27,36297,968.72548,27791.4
2026/04/02@14:45:29,36299,968.7276,27798.333333333332
2026/04/02@14:45:30,36300,968.7534,27801.8
2026/04/02@14:45:31,36301,968.7325,27805.266666666666
2026/04/02@14:45:32,36302,968.72264,27808.733333333334
2026/04/02@14:45:33,36303,968.73016,27812.2
2026/04/02@14:45:34,36304,968.7252,27815.666666666668
2026/04/02@14:45:35,36305,968.7399,27819.133333333335
2026/04/02@14:45:36,36306,968.7265,27822.6
2026/04/02@14:45:37,36307,968.71656,27826.066666666666
2026/04/02@14:45:38,36308,968.7078,27829.533333333333
2026/04/02@14:45:39,36309,968.7177,27833.0
2026/04/02@14:45:40,36310,968.7154,27836.032258064515
2026/04/02@14:45:42,36312,968.71656,27842.09677419355
2026/04/02@14:45:43,36313,968.73376,27845.129032258064
2026/04/02@14:45:44,36314,968.6992,27848.16129032258
2026/04/02@14:45:45,36315,968.72048,27851.1935483871
2026/04/02@14:45:46,36316,968.700432,27854.225806451614
2026/04/02@14:45:47,36317,968.71532,27857.25806451613
2026/04/02@14:45:48,36318,968.72132,27860.290322580644
2026/04/02@14:45:49,36319,968.7067,27863.322580645163
2026/04/02@14:45:50,36320,968.72032,27866.354838709678
2026/04/02@14:45:51,36321,968.7301,27869.387096774193
2026/04/02@14:45:52,36322,968.7103,27872.41935483871
2026/04/02@14:45:53,36323,968.7413,27875.451612903227
2026/04/02@14:45:54,36324,968.7311,27878.483870967742
2026/04/02@14:45:56,36326,968.68948,27884.548387096773
2026/04/02@14:45:57,36327,968.7067,27887.58064516129
2026/04/02@14:45:58,36328,968.700432,27890.612903225807
2026/04/02@14:45:59,36329,968.6942,27893.645161290322
2026/04/02@14:46:00,36330,968.7301,27896.677419354837
2026/04/02@14:46:01,36331,968.7374,27899.709677419356
2026/04/02@14:46:02,36332,968.7522,27902.74193548387
2026/04/02@14:46:03,36333,968.71532,27905.774193548386
2026/04/02@14:46:04,36334,968.71656,27908.8064516129
2026/04/02@14:46:05,36335,968.7436,27911.83870967742
2026/04/02@14:46:06,36336,968.71656,27914.870967741936
2026/04/02@14:46:07,36337,968.719,27917.90322580645
2026/04/02@14:46:09,36339,968.71896,27923.967741935485
2026/04/02@14:46:10,36340,968.725168,27927.0
2026/04/02@14:46:11,36341,968.7191,27930.4
2026/04/02@14:46:12,36342,968.74,27933.8
2026/04/02@14:46:13,36343,968.6808,27937.2
2026/04/02@14:46:14,36344,968.69808,27940.6
2026/04/02@14:46:15,36345,968.73376,27944.0
2026/04/02@14:46:16,36346,968.74244,27947.4
2026/04/02@14:46:17,36347,968.7338,27950.8
2026/04/02@14:46:18,36348,968.72148,27954.2
2026/04/02@14:46:19,36349,968.7325,27957.6
2026/04/02@14:46:20,36350,968.71656,27961.0
2026/04/02@14:46:22,36352,968.71784,27967.8
2026/04/02@14:46:23,36353,968.7264,27971.2
2026/04/02@14:46:24,36354,968.725168,27974.6
2026/04/02@14:46:25,36355,968.72768,27978.0
2026/04/02@14:46:26,36356,968.7092,27981.4
2026/04/02@14:46:27,36357,968.705536,27984.8
2026/04/02@14:46:28,36358,968.6697,27988.2
2026/04/02@14:46:29,36359,968.7238,27991.6
2026/04/02@14:46:30,36360,968.7251,27995.0
2026/04/02@14:46:31,36361,968.7325,27998.4
2026/04/02@14:46:32,36362,968.7115,28001.8
2026/04/02@14:46:33,36363,968.6931,28005.2
2026/04/02@14:46:35,36365,968.7015,28012.0
2026/04/02@14:46:36,36366,968.7103,28015.4
2026/04/02@14:46:37,36367,968.7311,28018.8
2026/04/02@14:46:38,36368,968.6956,28022.2
2026/04/02@14:46:39,36369,968.7017,28025.6
2026/04/02@14:46:40,36370,968.7127,28029.0
2026/04/02@14:46:41,36371,968.72768,28031.83870967742
2026/04/02@14:46:42,36372,968.7152,28034.677419354837
2026/04/02@14:46:43,36373,968.72016,28037.516129032258
2026/04/02@14:46:44,36374,968.6819,28040.354838709678
2026/04/02@14:46:45,36375,968.6584,28043.1935483871
2026/04/02@14:46:46,36376,968.6697,28046.032258064515
2026/04/02@14:46:48,36378,968.75352,28051.709677419356
2026/04/02@14:46:49,36379,968.7239,28054.548387096773
2026/04/02@14:46:50,36380,968.7152,28057.387096774193
2026/04/02@14:46:51,36381,968.71656,28060.225806451614
2026/04/02@14:46:52,36382,968.75108,28063.064516129034
2026/04/02@14:46:53,36383,968.71784,28065.90322580645
2026/04/02@14:46:54,36384,968.71152,28068.74193548387
2026/04/02@14:46:55,36385,968.6918,28071.58064516129
2026/04/02@14:46:56,36386,968.7079,28074.41935483871
2026/04/02@14:46:57,36387,968.700432,28077.25806451613
2026/04/02@14:46:58,36388,968.6819,28080.09677419355
2026/04/02@14:46:59,36389,968.70296,28082.935483870966
2026/04/02@14:47:01,36391,968.6942,28088.612903225807
2026/04/02@14:47:02,36392,968.67944,28091.451612903227
2026/04/02@14:47:03,36393,968.700432,28094.290322580644
2026/04/02@14:47:04,36394,968.7311,28097.129032258064
2026/04/02@14:47:05,36395,968.6858,28099.967741935485
2026/04/02@14:47:06,36396,968.7114,28102.8064516129
2026/04/02@14:47:07,36397,968.7015,28105.645161290322
2026/04/02@14:47:08,36398,968.735,28108.483870967742
2026/04/02@14:47:09,36399,968.68948,28111.322580645163
2026/04/02@14:47:10,36400,968.7202,28114.16129032258
2026/04/02@14:47:11,36401,968.6919,28117.0
2026/04/02@14:47:12,36402,968.7215,28119.870967741936
2026/04/02@14:47:14,36404,968.6857,28125.612903225807
2026/04/02@14:47:15,36405,968.70416,28128.483870967742
2026/04/02@14:47:16,36406,968.72132,28131.354838709678
2026/04/02@14:47:17,36407,968.7128,28134.225806451614
2026/04/02@14:47:18,36408,968.7064,28137.09677419355
2026/04/02@14:47:19,36409,968.733632,28139.967741935485
2026/04/02@14:47:20,36410,968.69052,28142.83870967742
2026/04/02@14:47:21,36411,968.71408,28145.709677419356
2026/04/02@14:47:22,36412,968.71532,28148.58064516129
2026/04/02@14:47:23,36413,968.70296,28151.451612903227
2026/04/02@14:47:24,36414,968.68696,28154.322580645163
2026/04/02@14:47:26,36416,968.7239,28160.064516129034
2026/04/02@14:47:27,36417,968.6831,28162.935483870966
2026/04/02@14:47:28,36418,968.719,28165.8064516129
2026/04/02@14:47:29,36419,968.6992,28168.677419354837
2026/04/02@14:47:30,36420,968.71656,28171.548387096773
2026/04/02@14:47:31,36421,968.67944,28174.41935483871
2026/04/02@14:47:32,36422,968.6696,28177.290322580644
2026/04/02@14:47:33,36423,968.7289,28180.16129032258
2026/04/02@14:47:34,36424,968.7202,28183.032258064515
2026/04/02@14:47:35,36425,968.7017,28185.90322580645
2026/04/02@14:47:36,36426,968.6696,28188.774193548386
2026/04/02@14:47:37,36427,968.6881,28191.645161290322
2026/04/02@14:47:39,36429,968.6942,28197.387096774193
2026/04/02@14:47:40,36430,968.6808,28200.25806451613
2026/04/02@14:47:41,36431,968.7103,28203.129032258064
2026/04/02@14:47:42,36432,968.6869,28206.0
2026/04/02@14:47:43,36433,968.6819,28208.733333333334
2026/04/02@14:47:44,36434,968.6721,28211.466666666667
2026/04/02@14:47:45,36435,968.67832,28214.2
2026/04/02@14:47:46,36436,968.6818,28216.933333333334
2026/04/02@14:47:47,36437,968.69052,28219.666666666668
2026/04/02@14:47:48,36438,968.69024,28222.4
2026/04/02@14:47:49,36439,968.6647,28225.133333333335
2026/04/02@14:47:50,36440,968.6869,28227.866666666665
2026/04/02@14:47:51,36441,968.6881,28230.6
2026/04/02@14:47:53,36443,968.69052,28236.066666666666
2026/04/02@14:47:54,36444,968.653536,28238.8
2026/04/02@14:47:55,36445,968.71908,28241.533333333333
2026/04/02@14:47:56,36446,968.6858,28244.266666666666
2026/04/02@14:47:57,36447,968.68445,28247.0
2026/04/02@14:47:58,36448,968.6893,28249.733333333334
2026/04/02@14:47:59,36449,968.64624,28252.466666666667
2026/04/02@14:48:00,36450,968.70384,28255.2
2026/04/02@14:48:01,36451,968.6893,28257.933333333334
2026/04/02@14:48:02,36452,968.7163,28260.666666666668
2026/04/02@14:48:03,36453,968.70664,28263.4
2026/04/02@14:48:04,36454,968.6856,28266.133333333335
2026/04/02@14:48:06,36456,968.6893,28271.6
2026/04/02@14:48:07,36457,968.7163,28274.333333333332
2026/04/02@14:48:08,36458,968.6843,28277.066666666666
2026/04/02@14:48:09,36459,968.70904,28279.8
2026/04/02@14:48:10,36460,968.6844,28282.533333333333
2026/04/02@14:48:11,36461,968.658464,28285.266666666666
2026/04/02@14:48:12,36462,968.69168,28288.0
2026/04/02@14:48:13,36463,968.6423,28290.516129032258
2026/04/02@14:48:14,36464,968.702768,28293.032258064515
2026/04/02@14:48:15,36465,968.6619,28295.548387096773
2026/04/02@14:48:16,36466,968.6979,28298.064516129034
2026/04/02@14:48:17,36467,968.6795,28300.58064516129
2026/04/02@14:48:19,36469,968.6782,28305.612903225807
2026/04/02@14:48:20,36470,968.6767,28308.129032258064
2026/04/02@14:48:21,36471,968.7078,28310.645161290322
2026/04/02@14:48:22,36472,968.702768,28313.16129032258
2026/04/02@14:48:23,36473,968.6856,28315.677419354837
2026/04/02@14:48:24,36474,968.6746,28318.1935483871
2026/04/02@14:48:25,36475,968.67336,28320.709677419356
2026/04/02@14:48:26,36476,968.6819,28323.225806451614
2026/04/02@14:48:27,36477,968.65348,28325.74193548387
2026/04/02@14:48:28,36478,968.70416,28328.25806451613
2026/04/02@14:48:29,36479,968.6831,28330.774193548386
2026/04/02@14:48:30,36480,968.65216,28333.290322580644
2026/04/02@14:48:32,36482,968.6856,28338.322580645163
2026/04/02@14:48:33,36483,968.72148,28340.83870967742
2026/04/02@14:48:34,36484,968.6918,28343.354838709678
2026/04/02@14:48:35,36485,968.6585,28345.870967741936
2026/04/02@14:48:36,36486,968.686768,28348.387096774193
2026/04/02@14:48:37,36487,968.6807,28350.90322580645
2026/04/02@14:48:38,36488,968.6808,28353.41935483871
2026/04/02@14:48:39,36489,968.6819,28355.935483870966
2026/04/02@14:48:40,36490,968.700432,28358.451612903227
2026/04/02@14:48:41,36491,968.6511,28360.967741935485
2026/04/02@14:48:42,36492,968.6796,28363.483870967742
2026/04/02@14:48:43,36493,968.70416,28366.0
2026/04/02@14:48:45,36495,968.6818,28371.533333333333
2026/04/02@14:48:46,36496,968.6856,28374.3
2026/04/02@14:48:47,36497,968.64624,28377.066666666666
2026/04/02@14:48:48,36498,968.6758,28379.833333333332
2026/04/02@14:48:49,36499,968.63008,28382.6
2026/04/02@14:48:50,36500,968.6867,28385.366666666665
2026/04/02@14:48:51,36501,968.68445,28388.133333333335
2026/04/02@14:48:52,36502,968.6562,28390.9
2026/04/02@14:48:53,36503,968.69052,28393.666666666668
2026/04/02@14:48:54,36504,968.66328,28396.433333333334
2026/04/02@14:48:55,36505,968.6881,28399.2
2026/04/02@14:48:56,36506,968.6535,28401.966666666667
2026/04/02@14:48:58,36508,968.6819,28407.5
2026/04/02@14:48:59,36509,968.704064,28410.266666666666
2026/04/02@14:49:00,36510,968.67192,28413.033333333333
2026/04/02@14:49:01,36511,968.6781,28415.8
2026/04/02@14:49:02,36512,968.6805,28418.566666666666
2026/04/02@14:49:03,36513,968.68308,28421.333333333332
2026/04/02@14:49:04,36514,968.6731,28424.1
2026/04/02@14:49:05,36515,968.6881,28426.866666666665
2026/04/02@14:49:06,36516,968.693,28429.633333333335
2026/04/02@14:49:07,36517,968.71896,28432.4
2026/04/02@14:49:08,36518,968.6754,28435.166666666668
2026/04/02@14:49:09,36519,968.6856,28437.933333333334
2026/04/02@14:49:11,36521,968.6853,28443.466666666667
2026/04/02@14:49:12,36522,968.70904,28446.233333333334
2026/04/02@14:49:13,36523,968.7163,28449.0
2026/04/02@14:49:14,36524,968.6633,28451.709677419356
2026/04/02@14:49:15,36525,968.6696,28454.41935483871
2026/04/02@14:49:16,36526,968.6486,28457.129032258064
2026/04/02@14:49:17,36527,968.68445,28459.83870967742
2026/04/02@14:49:18,36528,968.6548,28462.548387096773
2026/04/02@14:49:19,36529,968.6856,28465.25806451613
2026/04/02@14:49:20,36530,968.6619,28467.967741935485
2026/04/02@14:49:21,36531,968.68308,28470.677419354837
2026/04/02@14:49:22,36532,968.7015,28473.387096774193
2026/04/02@14:49:24,36534,968.65452,28478.8064516129
2026/04/02@14:49:25,36535,968.7063,28481.516129032258
2026/04/02@14:49:26,36536,968.7114,28484.225806451614
2026/04/02@14:49:27,36537,968.66696,28486.935483870966
2026/04/02@14:49:28,36538,968.67192,28489.645161290322
2026/04/02@14:49:29,36539,968.67052,28492.354838709678
2026/04/02@14:49:30,36540,968.6607,28495.064516129034
2026/04/02@14:49:31,36541,968.6942,28497.774193548386
2026/04/02@14:49:32,36542,968.635,28500.483870967742
2026/04/02@14:49:33,36543,968.64232,28503.1935483871
2026/04/02@14:49:34,36544,968.64984,28505.90322580645
2026/04/02@14:49:35,36545,968.70776,28508.612903225807
2026/04/02@14:49:37,36546,968.6694,28514.032258064515
2026/04/02@14:49:38,36548,968.6719,28516.74193548387
2026/04/02@14:49:39,36549,968.704064,28519.451612903227
2026/04/02@14:49:40,36550,968.6718,28522.16129032258
2026/04/02@14:49:41,36551,968.6805,28524.870967741936
2026/04/02@14:49:42,36552,968.6289,28527.58064516129
2026/04/02@14:49:43,36553,968.694,28530.290322580644
2026/04/02@14:49:44,36554,968.65968,28533.0
2026/04/02@14:49:45,36555,968.650736,28535.766666666666
2026/04/02@14:49:46,36556,968.6906,28538.533333333333
2026/04/02@14:49:47,36557,968.6755,28541.3
2026/04/02@14:49:48,36558,968.6486,28544.066666666666
2026/04/02@14:49:50,36559,968.6791,28549.6
2026/04/02@14:49:51,36561,968.6619,28552.366666666665
2026/04/02@14:49:52,36562,968.67052,28555.133333333335
2026/04/02@14:49:53,36563,968.6437,28557.9
2026/04/02@14:49:54,36564,968.6767,28560.666666666668
2026/04/02@14:49:55,36565,968.6754,28563.433333333334
2026/04/02@14:49:56,36566,968.6584,28566.2
2026/04/02@14:49:57,36567,968.6808,28568.966666666667
2026/04/02@14:49:58,36568,968.67096,28571.733333333334
2026/04/02@14:49:59,36569,968.67944,28574.5
2026/04/02@14:50:00,36570,968.6485,28577.266666666666
2026/04/02@14:50:01,36571,968.6655,28580.033333333333
2026/04/02@14:50:02,36572,968.6521,28582.8
2026/04/02@14:50:04,36574,968.6557,28588.333333333332
2026/04/02@14:50:05,36575,968.6594,28591.1
2026/04/02@14:50:06,36576,968.6557,28593.866666666665
2026/04/02@14:50:07,36577,968.67052,28596.633333333335
2026/04/02@14:50:08,36578,968.7176,28599.4
2026/04/02@14:50:09,36579,968.68664,28602.166666666668
2026/04/02@14:50:10,36580,968.6831,28604.933333333334
2026/04/02@14:50:11,36581,968.665664,28607.7
2026/04/02@14:50:12,36582,968.6853,28610.466666666667
2026/04/02@14:50:13,36583,968.66708,28613.233333333334
2026/04/02@14:50:14,36584,968.644864,28616.0
2026/04/02@14:50:16,36586,968.6754,28621.8064516129
2026/04/02@14:50:17,36587,968.6486,28624.709677419356
2026/04/02@14:50:18,36588,968.6731,28627.612903225807
2026/04/02@14:50:19,36589,968.67052,28630.516129032258
2026/04/02@14:50:20,36590,968.6512,28633.41935483871
2026/04/02@14:50:21,36591,968.644864,28636.322580645163
2026/04/02@14:50:22,36592,968.6337,28639.225806451614
2026/04/02@14:50:23,36593,968.65452,28642.129032258064
2026/04/02@14:50:24,36594,968.6818,28645.032258064515
2026/04/02@14:50:25,36595,968.6584,28647.935483870966
2026/04/02@14:50:26,36596,968.6782,28650.83870967742
2026/04/02@14:50:27,36597,968.6782,28653.74193548387
2026/04/02@14:50:29,36598,968.6792,28659.548387096773
2026/04/02@14:50:30,36600,968.6942,28662.451612903227
2026/04/02@14:50:31,36601,968.65348,28665.354838709678
2026/04/02@14:50:32,36602,968.67208,28668.25806451613
2026/04/02@14:50:33,36603,968.6607,28671.16129032258
2026/04/02@14:50:34,36604,968.7076,28674.064516129034
2026/04/02@14:50:35,36605,968.657,28676.967741935485
2026/04/02@14:50:36,36606,968.6768,28679.870967741936
2026/04/02@14:50:37,36607,968.65576,28682.774193548386
2026/04/02@14:50:38,36608,968.6337,28685.677419354837
2026/04/02@14:50:39,36609,968.64984,28688.58064516129
2026/04/02@14:50:40,36610,968.6562,28691.483870967742
2026/04/02@14:50:42,36611,968.63008,28697.290322580644
2026/04/02@14:50:43,36613,968.6485,28700.1935483871
2026/04/02@14:50:44,36614,968.65348,28703.09677419355
2026/04/02@14:50:45,36615,968.69168,28706.0
2026/04/02@14:50:46,36616,968.6584,28708.967741935485
2026/04/02@14:50:47,36617,968.6668,28711.935483870966
2026/04/02@14:50:48,36618,968.66708,28714.90322580645
2026/04/02@14:50:49,36619,968.6782,28717.870967741936
2026/04/02@14:50:50,36620,968.66068,28720.83870967742
2026/04/02@14:50:51,36621,968.669536,28723.8064516129
2026/04/02@14:50:52,36622,968.66832,28726.774193548386
2026/04/02@14:50:53,36623,968.6459,28729.74193548387
2026/04/02@14:50:54,36624,968.6754,28732.709677419356
2026/04/02@14:50:56,36626,968.6584,28738.645161290322
2026/04/02@14:50:57,36627,968.65064,28741.612903225807
2026/04/02@14:50:58,36628,968.64984,28744.58064516129
2026/04/02@14:50:59,36629,968.665664,28747.548387096773
2026/04/02@14:51:00,36630,968.657,28750.516129032258
2026/04/02@14:51:01,36631,968.657,28753.483870967742
2026/04/02@14:51:02,36632,968.6778,28756.451612903227
2026/04/02@14:51:03,36633,968.6668,28759.41935483871
2026/04/02@14:51:04,36634,968.6409,28762.387096774193
2026/04/02@14:51:05,36635,968.617536,28765.354838709678
2026/04/02@14:51:06,36636,968.6323,28768.322580645163
2026/04/02@14:51:07,36637,968.6877,28771.290322580644
2026/04/02@14:51:09,36639,968.6605,28777.225806451614
2026/04/02@14:51:10,36640,968.6717,28780.1935483871
2026/04/02@14:51:11,36641,968.6259,28783.16129032258
2026/04/02@14:51:12,36642,968.69024,28786.129032258064
2026/04/02@14:51:13,36643,968.634736,28789.09677419355
2026/04/02@14:51:14,36644,968.6399,28792.064516129034
2026/04/02@14:51:15,36645,968.6471,28795.032258064515
2026/04/02@14:51:16,36646,968.69384,28798.0
2026/04/02@14:51:17,36647,968.66068,28800.9
2026/04/02@14:51:18,36648,968.63584,28803.8
2026/04/02@14:51:19,36649,968.627568,28806.7
2026/04/02@14:51:20,36650,968.6486,28809.6
2026/04/02@14:51:22,36652,968.63837,28815.4
2026/04/02@14:51:23,36653,968.6607,28818.3
2026/04/02@14:51:24,36654,968.6262,28821.2
2026/04/02@14:51:25,36655,968.6496,28824.1
2026/04/02@14:51:26,36656,968.6496,28827.0
2026/04/02@14:51:27,36657,968.652064,28829.9
2026/04/02@14:51:28,36658,968.6298,28832.8
2026/04/02@14:51:29,36659,968.6534,28835.7
2026/04/02@14:51:30,36660,968.61616,28838.6
2026/04/02@14:51:31,36661,968.6457,28841.5
2026/04/02@14:51:32,36662,968.62728,28844.4
2026/04/02@14:51:33,36663,968.6371,28847.3
2026/04/02@14:51:35,36665,968.62,28853.1
2026/04/02@14:51:36,36666,968.6421,28856.0
2026/04/02@14:51:37,36667,968.64456,28858.9
2026/04/02@14:51:38,36668,968.652,28861.8
2026/04/02@14:51:39,36669,968.64708,28864.7
2026/04/02@14:51:40,36670,968.6878,28867.6
2026/04/02@14:51:41,36671,968.6877,28870.5
2026/04/02@14:51:42,36672,968.652064,28873.4
2026/04/02@14:51:43,36673,968.6346,28876.3
2026/04/02@14:51:44,36674,968.64824,28879.2
2026/04/02@14:51:45,36675,968.6604,28882.1
2026/04/02@14:51:46,36676,968.6668,28885.0
2026/04/02@14:51:48,36678,968.62856,28890.8064516129
2026/04/02@14:51:49,36679,968.6396,28893.709677419356
2026/04/02@14:51:50,36680,968.62976,28896.612903225807
2026/04/02@14:51:51,36681,968.6175,28899.516129032258
2026/04/02@14:51:52,36682,968.62976,28902.41935483871
2026/04/02@14:51:53,36683,968.6534,28905.322580645163
2026/04/02@14:51:54,36684,968.66424,28908.225806451614
2026/04/02@14:51:55,36685,968.65688,28911.129032258064
2026/04/02@14:51:56,36686,968.6852,28914.032258064515
2026/04/02@14:51:57,36687,968.65316,28916.935483870966
2026/04/02@14:51:58,36688,968.654336,28919.83870967742
2026/04/02@14:51:59,36689,968.6139,28922.74193548387
2026/04/02@14:52:01,36691,968.6396,28928.548387096773
2026/04/02@14:52:02,36692,968.68892,28931.451612903227
2026/04/02@14:52:03,36693,968.63837,28934.354838709678
2026/04/02@14:52:04,36694,968.6287,28937.25806451613
2026/04/02@14:52:05,36695,968.6668,28940.16129032258
2026/04/02@14:52:06,36696,968.6717,28943.064516129034
2026/04/02@14:52:07,36697,968.62352,28945.967741935485
2026/04/02@14:52:08,36698,968.6259,28948.870967741936
2026/04/02@14:52:09,36699,968.6632,28951.774193548386
2026/04/02@14:52:10,36700,968.65688,28954.677419354837
2026/04/02@14:52:11,36701,968.6446,28957.58064516129
2026/04/02@14:52:12,36702,968.624736,28960.483870967742
2026/04/02@14:52:14,36704,968.6433,28966.290322580644
2026/04/02@14:52:15,36705,968.63584,28969.1935483871
2026/04/02@14:52:16,36706,968.62856,28972.09677419355
2026/04/02@14:52:17,36707,968.6654,28975.0
2026/04/02@14:52:18,36708,968.6457,28977.9
2026/04/02@14:52:19,36709,968.63692,28980.8
2026/04/02@14:52:20,36710,968.6446,28983.7
2026/04/02@14:52:21,36711,968.6654,28986.6
2026/04/02@14:52:22,36712,968.6421,28989.5
2026/04/02@14:52:23,36713,968.6038,28992.4
2026/04/02@14:52:24,36714,968.6484,28995.3
2026/04/02@14:52:25,36715,968.6238,28998.2
2026/04/02@14:52:27,36717,968.6259,29004.0
2026/04/02@14:52:28,36718,968.6421,29006.9
2026/04/02@14:52:29,36719,968.6298,29009.8
2026/04/02@14:52:30,36720,968.63692,29012.7
2026/04/02@14:52:31,36721,968.6149,29015.6
2026/04/02@14:52:32,36722,968.6422,29018.5
2026/04/02@14:52:33,36723,968.6495,29021.4
2026/04/02@14:52:34,36724,968.62104,29024.3
2026/04/02@14:52:35,36725,968.6336,29027.2
2026/04/02@14:52:36,36726,968.61616,29030.1
2026/04/02@14:52:37,36727,968.6446,29033.0
2026/04/02@14:52:38,36728,968.62712,29035.9
2026/04/02@14:52:40,36730,968.6199,29041.7
2026/04/02@14:52:41,36731,968.6395,29044.6
2026/04/02@14:52:42,36732,968.6396,29047.5
2026/04/02@14:52:43,36733,968.6211,29050.4
2026/04/02@14:52:44,36734,968.613664,29053.3
2026/04/02@14:52:45,36735,968.6199,29056.2
2026/04/02@14:52:46,36736,968.596432,29059.1
2026/04/02@14:52:47,36737,968.6161,29062.0
2026/04/02@14:52:48,36738,968.587664,29064.90322580645
2026/04/02@14:52:49,36739,968.63108,29067.8064516129
2026/04/02@14:52:50,36740,968.6076,29070.709677419356
2026/04/02@14:52:51,36741,968.5926,29073.612903225807
2026/04/02@14:52:53,36743,968.6199,29079.41935483871
2026/04/02@14:52:54,36744,968.6346,29082.322580645163
2026/04/02@14:52:55,36745,968.61112,29085.225806451614
2026/04/02@14:52:56,36746,968.63224,29088.129032258064
2026/04/02@14:52:57,36747,968.61616,29091.032258064515
2026/04/02@14:52:58,36748,968.6199,29093.935483870966
2026/04/02@14:52:59,36749,968.6135,29096.83870967742
2026/04/02@14:53:00,36750,968.59624,29099.74193548387
2026/04/02@14:53:01,36751,968.6283,29102.645161290322
2026/04/02@14:53:02,36752,968.64816,29105.548387096773
2026/04/02@14:53:03,36753,968.6234,29108.451612903227
2026/04/02@14:53:04,36754,968.6234,29111.354838709678
2026/04/02@14:53:06,36756,968.65184,29117.16129032258
2026/04/02@14:53:07,36757,968.632,29120.064516129034
2026/04/02@14:53:08,36758,968.6222,29122.967741935485
2026/04/02@14:53:09,36759,968.6037,29125.870967741936
2026/04/02@14:53:10,36760,968.61112,29128.774193548386
2026/04/02@14:53:11,36761,968.5962,29131.677419354837
2026/04/02@14:53:12,36762,968.61128,29134.58064516129
2026/04/02@14:53:13,36763,968.61484,29137.483870967742
2026/04/02@14:53:14,36764,968.61616,29140.387096774193
2026/04/02@14:53:15,36765,968.6199,29143.290322580644
2026/04/02@14:53:16,36766,968.61096,29146.1935483871
2026/04/02@14:53:17,36767,968.6273,29149.09677419355
2026/04/02@14:53:19,36769,968.5975,29154.612903225807
2026/04/02@14:53:20,36770,968.6442,29157.225806451614
2026/04/02@14:53:21,36771,968.6061,29159.83870967742
2026/04/02@14:53:22,36772,968.60732,29162.451612903227
2026/04/02@14:53:23,36773,968.6135,29165.064516129034
2026/04/02@14:53:24,36774,968.60868,29167.677419354837
2026/04/02@14:53:25,36775,968.587664,29170.290322580644
2026/04/02@14:53:26,36776,968.613664,29172.90322580645
2026/04/02@14:53:27,36777,968.61,29175.516129032258
2026/04/02@14:53:28,36778,968.6184,29178.129032258064
2026/04/02@14:53:29,36779,968.5998,29180.74193548387
2026/04/02@14:53:30,36780,968.6395,29183.354838709678
2026/04/02@14:53:32,36782,968.6136,29188.58064516129
2026/04/02@14:53:33,36783,968.6234,29191.1935483871
2026/04/02@14:53:34,36784,968.60868,29193.8064516129
2026/04/02@14:53:35,36785,968.598768,29196.41935483871
2026/04/02@14:53:36,36786,968.6259,29199.032258064515
2026/04/02@14:53:37,36787,968.6124,29201.645161290322
2026/04/02@14:53:38,36788,968.60472,29204.25806451613
2026/04/02@14:53:39,36789,968.5876,29206.870967741936
2026/04/02@14:53:40,36790,968.6136,29209.483870967742
2026/04/02@14:53:41,36791,968.5951,29212.09677419355
2026/04/02@14:53:42,36792,968.6062,29214.709677419356
2026/04/02@14:53:43,36793,968.598768,29217.322580645163
2026/04/02@14:53:45,36795,968.6199,29222.548387096773
2026/04/02@14:53:46,36796,968.6146,29225.16129032258
2026/04/02@14:53:47,36797,968.591264,29227.774193548386
2026/04/02@14:53:48,36798,968.6234,29230.387096774193
2026/04/02@14:53:49,36799,968.60732,29233.0
2026/04/02@14:53:50,36800,968.61096,29235.666666666668
2026/04/02@14:53:51,36801,968.605,29238.333333333332
2026/04/02@14:53:52,36802,968.5863,29241.0
2026/04/02@14:53:53,36803,968.6195,29243.666666666668
2026/04/02@14:53:54,36804,968.62712,29246.333333333332
2026/04/02@14:53:55,36805,968.598768,29249.0
2026/04/02@14:53:56,36806,968.628336,29251.666666666668
2026/04/02@14:53:57,36807,968.64056,29254.333333333332
2026/04/02@14:53:59,36809,968.6307,29259.666666666668
2026/04/02@14:54:00,36810,968.6307,29262.333333333332
2026/04/02@14:54:01,36811,968.602336,29265.0
2026/04/02@14:54:02,36812,968.606,29267.666666666668
2026/04/02@14:54:03,36813,968.5987,29270.333333333332
2026/04/02@14:54:04,36814,968.61468,29273.0
2026/04/02@14:54:05,36815,968.6135,29275.666666666668
2026/04/02@14:54:06,36816,968.6481,29278.333333333332
2026/04/02@14:54:07,36817,968.5852,29281.0
2026/04/02@14:54:08,36818,968.585,29283.666666666668
2026/04/02@14:54:09,36819,968.606,29286.333333333332
2026/04/02@14:54:10,36820,968.598768,29289.0
2026/04/02@14:54:12,36822,968.584064,29294.333333333332
2026/04/02@14:54:13,36823,968.6294,29297.0
2026/04/02@14:54:14,36824,968.605,29299.666666666668
2026/04/02@14:54:15,36825,968.6025,29302.333333333332
2026/04/02@14:54:16,36826,968.61597,29305.0
2026/04/02@14:54:17,36827,968.6,29307.666666666668
2026/04/02@14:54:18,36828,968.61725,29310.333333333332
2026/04/02@14:54:19,36829,968.609,29313.0
2026/04/02@14:54:20,36830,968.6346,29315.387096774193
2026/04/02@14:54:21,36831,968.6492,29317.774193548386
2026/04/02@14:54:22,36832,968.62352,29320.16129032258
2026/04/02@14:54:23,36833,968.5888,29322.548387096773
2026/04/02@14:54:25,36835,968.6161,29327.322580645163
2026/04/02@14:54:26,36836,968.6086,29329.709677419356
2026/04/02@14:54:27,36837,968.61484,29332.09677419355
2026/04/02@14:54:28,36838,968.61597,29334.483870967742
2026/04/02@14:54:29,36839,968.6097,29336.870967741936
2026/04/02@14:54:30,36840,968.59,29339.25806451613
2026/04/02@14:54:31,36841,968.6024,29341.645161290322
2026/04/02@14:54:32,36842,968.6172,29344.032258064515
2026/04/02@14:54:33,36843,968.6085,29346.41935483871
2026/04/02@14:54:34,36844,968.5888,29348.8064516129
2026/04/02@14:54:35,36845,968.5998,29351.1935483871
2026/04/02@14:54:36,36846,968.640464,29353.58064516129
2026/04/02@14:54:38,36848,968.6025,29358.354838709678
2026/04/02@14:54:39,36849,968.61096,29360.74193548387
2026/04/02@14:54:40,36850,968.61597,29363.129032258064
2026/04/02@14:54:41,36851,968.61484,29365.516129032258
2026/04/02@14:54:42,36852,968.6234,29367.90322580645
2026/04/02@14:54:43,36853,968.5814,29370.290322580644
2026/04/02@14:54:44,36854,968.6086,29372.677419354837
2026/04/02@14:54:45,36855,968.5889,29375.064516129034
2026/04/02@14:54:46,36856,968.6122,29377.451612903227
2026/04/02@14:54:47,36857,968.6011,29379.83870967742
2026/04/02@14:54:48,36858,968.6393,29382.225806451614
2026/04/02@14:54:49,36859,968.605,29384.612903225807
2026/04/02@14:54:51,36861,968.6283,29389.433333333334
2026/04/02@14:54:52,36862,968.5592,29391.866666666665
2026/04/02@14:54:53,36863,968.61597,29394.3
2026/04/02@14:54:54,36864,968.5998,29396.733333333334
2026/04/02@14:54:55,36865,968.6307,29399.166666666668
2026/04/02@14:54:56,36866,968.60376,29401.6
2026/04/02@14:54:57,36867,968.6172,29404.033333333333
2026/04/02@14:54:58,36868,968.6001,29406.466666666667
2026/04/02@14:54:59,36869,968.5839,29408.9
2026/04/02@14:55:00,36870,968.6195,29411.333333333332
2026/04/02@14:55:01,36871,968.5975,29413.766666666666
2026/04/02@14:55:02,36872,968.59736,29416.2
2026/04/02@14:55:04,36874,968.5643,29421.066666666666
2026/04/02@14:55:05,36875,968.62104,29423.5
2026/04/02@14:55:06,36876,968.5605,29425.933333333334
2026/04/02@14:55:07,36877,968.6074,29428.366666666665
2026/04/02@14:55:08,36878,968.5926,29430.8
2026/04/02@14:55:09,36879,968.6344,29433.233333333334
2026/04/02@14:55:10,36880,968.58016,29435.666666666668
2026/04/02@14:55:11,36881,968.598768,29438.1
2026/04/02@14:55:12,36882,968.5852,29440.533333333333
2026/04/02@14:55:13,36883,968.59016,29442.966666666667
2026/04/02@14:55:14,36884,968.6061,29445.4
2026/04/02@14:55:15,36885,968.5951,29447.833333333332
2026/04/02@14:55:17,36886,968.602336,29452.7
2026/04/02@14:55:18,36888,968.5837,29455.133333333335
2026/04/02@14:55:19,36889,968.6022,29457.566666666666
2026/04/02@14:55:20,36890,968.6111,29460.0
2026/04/02@14:55:21,36891,968.6061,29462.483870967742
2026/04/02@14:55:22,36892,968.6083,29464.967741935485
2026/04/02@14:55:23,36893,968.5938,29467.451612903227
2026/04/02@14:55:24,36894,968.5826,29469.935483870966
2026/04/02@14:55:25,36895,968.6417,29472.41935483871
2026/04/02@14:55:26,36896,968.5975,29474.90322580645
2026/04/02@14:55:27,36897,968.62332,29477.387096774193
2026/04/02@14:55:28,36898,968.60732,29479.870967741936
2026/04/02@14:55:29,36899,968.5998,29482.354838709678
2026/04/02@14:55:31,36901,968.5962,29487.322580645163
2026/04/02@14:55:32,36902,968.5962,29489.8064516129
2026/04/02@14:55:33,36903,968.5837,29492.290322580644
2026/04/02@14:55:34,36904,968.60488,29494.774193548386
2026/04/02@14:55:35,36905,968.59,29497.25806451613
2026/04/02@14:55:36,36906,968.6319,29499.74193548387
2026/04/02@14:55:37,36907,968.6172,29502.225806451614
2026/04/02@14:55:38,36908,968.59,29504.709677419356
2026/04/02@14:55:39,36909,968.61096,29507.1935483871
2026/04/02@14:55:40,36910,968.6258,29509.677419354837
2026/04/02@14:55:41,36911,968.591264,29512.16129032258
2026/04/02@14:55:42,36912,968.61208,29514.645161290322
2026/04/02@14:55:44,36914,968.6097,29519.612903225807
2026/04/02@14:55:45,36915,968.5837,29522.09677419355
2026/04/02@14:55:46,36916,968.60984,29524.58064516129
2026/04/02@14:55:47,36917,968.6346,29527.064516129034
2026/04/02@14:55:48,36918,968.6061,29529.548387096773
2026/04/02@14:55:49,36919,968.6356,29532.032258064515
2026/04/02@14:55:50,36920,968.6269,29534.516129032258
2026/04/02@14:55:51,36921,968.5999,29537.0
2026/04/02@14:55:52,36922,968.6008,29539.709677419356
2026/04/02@14:55:53,36923,968.57384,29542.41935483871
2026/04/02@14:55:54,36924,968.602336,29545.129032258064
2026/04/02@14:55:55,36925,968.5938,29547.83870967742
2026/04/02@14:55:57,36927,968.6295,29553.25806451613
2026/04/02@14:55:58,36928,968.595136,29555.967741935485
2026/04/02@14:55:59,36929,968.6107,29558.677419354837
2026/04/02@14:56:00,36930,968.595136,29561.387096774193
2026/04/02@14:56:01,36931,968.6157,29564.09677419355
2026/04/02@14:56:02,36932,968.59984,29566.8064516129
2026/04/02@14:56:03,36933,968.5999,29569.516129032258
2026/04/02@14:56:04,36934,968.6245,29572.225806451614
2026/04/02@14:56:05,36935,968.595,29574.935483870966
2026/04/02@14:56:06,36936,968.6354,29577.645161290322
2026/04/02@14:56:07,36937,968.6122,29580.354838709678
2026/04/02@14:56:08,36938,968.605,29583.064516129034
2026/04/02@14:56:10,36940,968.64056,29588.483870967742
2026/04/02@14:56:11,36941,968.59232,29591.1935483871
2026/04/02@14:56:12,36942,968.59736,29593.90322580645
2026/04/02@14:56:13,36943,968.6258,29596.612903225807
2026/04/02@14:56:14,36944,968.617,29599.322580645163
2026/04/02@14:56:15,36945,968.5998,29602.032258064515
2026/04/02@14:56:16,36946,968.60584,29604.74193548387
2026/04/02@14:56:17,36947,968.5852,29607.451612903227
2026/04/02@14:56:18,36948,968.6122,29610.16129032258
2026/04/02@14:56:19,36949,968.6022,29612.870967741936
2026/04/02@14:56:20,36950,968.6008,29615.58064516129
2026/04/02@14:56:21,36951,968.6086,29618.290322580644
2026/04/02@14:56:23,36953,968.610832,29623.866666666665
2026/04/02@14:56:24,36954,968.6157,29626.733333333334
2026/04/02@14:56:25,36955,968.60584,29629.6
2026/04/02@14:56:26,36956,968.60472,29632.466666666667
2026/04/02@14:56:27,36957,968.59376,29635.333333333332
2026/04/02@14:56:28,36958,968.5973,29638.2
2026/04/02@14:56:29,36959,968.579,29641.066666666666
2026/04/02@14:56:30,36960,968.6219,29643.933333333334
2026/04/02@14:56:31,36961,968.6305,29646.8
2026/04/02@14:56:32,36962,968.6097,29649.666666666668
2026/04/02@14:56:33,36963,968.59376,29652.533333333333
2026/04/02@14:56:34,36964,968.6157,29655.4
2026/04/02@14:56:36,36966,968.61692,29661.133333333335
2026/04/02@14:56:37,36967,968.6184,29664.0
2026/04/02@14:56:38,36968,968.6343,29666.866666666665
2026/04/02@14:56:39,36969,968.59736,29669.733333333334
2026/04/02@14:56:40,36970,968.6047,29672.6
2026/04/02@14:56:41,36971,968.6023,29675.466666666667
2026/04/02@14:56:42,36972,968.6283,29678.333333333332
2026/04/02@14:56:43,36973,968.6097,29681.2
2026/04/02@14:56:44,36974,968.6207,29684.066666666666
2026/04/02@14:56:45,36975,968.6195,29686.933333333334
2026/04/02@14:56:46,36976,968.6355,29689.8
2026/04/02@14:56:47,36977,968.5886,29692.666666666668
2026/04/02@14:56:49,36979,968.6206,29698.4
2026/04/02@14:56:50,36980,968.6231,29701.266666666666
2026/04/02@14:56:51,36981,968.59,29704.133333333335
2026/04/02@14:56:52,36982,968.6047,29707.0
2026/04/02@14:56:53,36983,968.6269,29709.8064516129
2026/04/02@14:56:54,36984,968.61208,29712.612903225807
2026/04/02@14:56:55,36985,968.61208,29715.41935483871
2026/04/02@14:56:56,36986,968.59,29718.225806451614
2026/04/02@14:56:57,36987,968.6146,29721.032258064515
2026/04/02@14:56:58,36988,968.61208,29723.83870967742
2026/04/02@14:56:59,36989,968.61208,29726.645161290322
2026/04/02@14:57:00,36990,968.654,29729.451612903227
2026/04/02@14:57:02,36991,968.6132,29735.064516129034
2026/04/02@14:57:03,36993,968.64308,29737.870967741936
2026/04/02@14:57:04,36994,968.62192,29740.677419354837
2026/04/02@14:57:05,36995,968.59232,29743.483870967742
2026/04/02@14:57:06,36996,968.6244,29746.290322580644
2026/04/02@14:57:07,36997,968.59576,29749.09677419355
2026/04/02@14:57:08,36998,968.617,29751.90322580645
2026/04/02@14:57:09,36999,968.6022,29754.709677419356
2026/04/02@14:57:10,37000,968.6365,29757.516129032258
2026/04/02@14:57:11,37001,968.6156,29760.322580645163
2026/04/02@14:57:12,37002,968.6233,29763.129032258064
2026/04/02@14:57:13,37003,968.6331,29765.935483870966
2026/04/02@14:57:14,37004,968.5664,29768.74193548387
2026/04/02@14:57:16,37006,968.59232,29774.354838709678
2026/04/02@14:57:17,37007,968.65908,29777.16129032258
2026/04/02@14:57:18,37008,968.6354,29779.967741935485
2026/04/02@14:57:19,37009,968.6233,29782.774193548386
2026/04/02@14:57:20,37010,968.6269,29785.58064516129
2026/04/02@14:57:21,37011,968.6182,29788.387096774193
2026/04/02@14:57:22,37012,968.6008,29791.1935483871
2026/04/02@14:57:23,37013,968.59232,29794.0
2026/04/02@14:57:24,37014,968.6206,29797.1
2026/04/02@14:57:25,37015,968.6367,29800.2
2026/04/02@14:57:26,37016,968.585,29803.3
2026/04/02@14:57:27,37017,968.60332,29806.4
2026/04/02@14:57:29,37019,968.6146,29812.6
2026/04/02@14:57:30,37020,968.6121,29815.7
2026/04/02@14:57:31,37021,968.59096,29818.8
2026/04/02@14:57:32,37022,968.6294,29821.9
2026/04/02@14:57:33,37023,968.65424,29825.0
2026/04/02@14:57:34,37024,968.6184,29828.1
2026/04/02@14:57:35,37025,968.61552,29831.2
2026/04/02@14:57:36,37026,968.6269,29834.3
2026/04/02@14:57:37,37027,968.610832,29837.4
2026/04/02@14:57:38,37028,968.6146,29840.5
2026/04/02@14:57:39,37029,968.6023,29843.6
2026/04/02@14:57:40,37030,968.6552,29846.7
2026/04/02@14:57:42,37032,968.6231,29852.9
2026/04/02@14:57:43,37033,968.6403,29856.0
2026/04/02@14:57:44,37034,968.5849,29859.1
2026/04/02@14:57:45,37035,968.59485,29862.2
2026/04/02@14:57:46,37036,968.64308,29865.3
2026/04/02@14:57:47,37037,968.6318,29868.4
2026/04/02@14:57:48,37038,968.610832,29871.5
2026/04/02@14:57:49,37039,968.6515,29874.6
2026/04/02@14:57:50,37040,968.6502,29877.7
2026/04/02@14:57:51,37041,968.6428,29880.8
2026/04/02@14:57:52,37042,968.6453,29883.9
2026/04/02@14:57:53,37043,968.6085,29887.0
2026/04/02@14:57:55,37045,968.6329,29892.935483870966
2026/04/02@14:57:56,37046,968.6343,29895.90322580645
2026/04/02@14:57:57,37047,968.6269,29898.870967741936
2026/04/02@14:57:58,37048,968.6353,29901.83870967742
2026/04/02@14:57:59,37049,968.65908,29904.8064516129
2026/04/02@14:58:00,37050,968.62192,29907.774193548386
2026/04/02@14:58:01,37051,968.6194,29910.74193548387
2026/04/02@14:58:02,37052,968.59348,29913.709677419356
2026/04/02@14:58:03,37053,968.6096,29916.677419354837
2026/04/02@14:58:04,37054,968.64532,29919.645161290322
2026/04/02@14:58:05,37055,968.6551,29922.612903225807
2026/04/02@14:58:06,37056,968.6529,29925.58064516129
2026/04/02@14:58:08,37058,968.6269,29931.516129032258
2026/04/02@14:58:09,37059,968.6207,29934.483870967742
2026/04/02@14:58:10,37060,968.6343,29937.451612903227
2026/04/02@14:58:11,37061,968.5984,29940.41935483871
2026/04/02@14:58:12,37062,968.6283,29943.387096774193
2026/04/02@14:58:13,37063,968.6367,29946.354838709678
2026/04/02@14:58:14,37064,968.6107,29949.322580645163
2026/04/02@14:58:15,37065,968.6489,29952.290322580644
2026/04/02@14:58:16,37066,968.625232,29955.25806451613
2026/04/02@14:58:17,37067,968.62308,29958.225806451614
2026/04/02@14:58:18,37068,968.62056,29961.1935483871
2026/04/02@14:58:19,37069,968.654,29964.16129032258
2026/04/02@14:58:21,37071,968.62308,29970.09677419355
2026/04/02@14:58:22,37072,968.6403,29973.064516129034
2026/04/02@14:58:23,37073,968.6353,29976.032258064515
2026/04/02@14:58:24,37074,968.6342,29979.0
2026/04/02@14:58:25,37075,968.6353,29982.0
2026/04/02@14:58:26,37076,968.6934,29985.0
2026/04/02@14:58:27,37077,968.6083,29988.0
2026/04/02@14:58:28,37078,968.65268,29991.0
2026/04/02@14:58:29,37079,968.6365,29994.0
2026/04/02@14:58:30,37080,968.6392,29997.0
2026/04/02@14:58:31,37081,968.6217,30000.0
2026/04/02@14:58:32,37082,968.6144,30003.0
2026/04/02@14:58:34,37084,968.6329,30009.0
2026/04/02@14:58:35,37085,968.658736,30012.0
2026/04/02@14:58:36,37086,968.66,30015.0
2026/04/02@14:58:37,37087,968.64416,30018.0
2026/04/02@14:58:38,37088,968.63168,30021.0
2026/04/02@14:58:39,37089,968.6514,30024.0
2026/04/02@14:58:40,37090,968.6168,30027.0
2026/04/02@14:58:41,37091,968.62424,30030.0
2026/04/02@14:58:42,37092,968.63908,30033.0
2026/04/02@14:58:43,37093,968.60816,30036.0
2026/04/02@14:58:44,37094,968.63908,30039.0
2026/04/02@14:58:45,37095,968.6033,30042.0
2026/04/02@14:58:47,37097,968.6217,30048.0
2026/04/02@14:58:48,37098,968.62424,30051.0
2026/04/02@14:58:49,37099,968.6119,30054.0
2026/04/02@14:58:50,37100,968.63168,30057.0
2026/04/02@14:58:51,37101,968.6381,30060.0
2026/04/02@14:58:52,37102,968.6168,30063.0
2026/04/02@14:58:53,37103,968.6143,30066.0
2026/04/02@14:58:54,37104,968.6154,30069.0
2026/04/02@14:58:55,37105,968.63168,30072.0
2026/04/02@14:58:56,37106,968.61192,30074.933333333334
2026/04/02@14:58:57,37107,968.6131,30077.866666666665
2026/04/02@14:58:58,37108,968.6255,30080.8
2026/04/02@14:59:00,37110,968.62424,30086.666666666668
2026/04/02@14:59:01,37111,968.6696,30089.6
2026/04/02@14:59:02,37112,968.63656,30092.533333333333
2026/04/02@14:59:03,37113,968.62424,30095.466666666667
2026/04/02@14:59:04,37114,968.647632,30098.4
2026/04/02@14:59:05,37115,968.58576,30101.333333333332
2026/04/02@14:59:06,37116,968.61668,30104.266666666666
2026/04/02@14:59:07,37117,968.6131,30107.2
2026/04/02@14:59:08,37118,968.6267,30110.133333333335
2026/04/02@14:59:09,37119,968.62424,30113.066666666666
2026/04/02@14:59:10,37120,968.62308,30116.0
2026/04/02@14:59:11,37121,968.6033,30118.933333333334
2026/04/02@14:59:12,37122,968.618064,30121.866666666665
2026/04/02@14:59:14,37124,968.6266,30127.733333333334
2026/04/02@14:59:15,37125,968.59932,30130.666666666668
2026/04/02@14:59:16,37126,968.6154,30133.6
2026/04/02@14:59:17,37127,968.62056,30136.533333333333
2026/04/02@14:59:18,37128,968.63776,30139.466666666667
2026/04/02@14:59:19,37129,968.6105,30142.4
2026/04/02@14:59:20,37130,968.6415,30145.333333333332
2026/04/02@14:59:21,37131,968.60208,30148.266666666666
2026/04/02@14:59:22,37132,968.6351,30151.2
2026/04/02@14:59:23,37133,968.6291,30154.133333333335
2026/04/02@14:59:24,37134,968.6227,30157.066666666666
2026/04/02@14:59:25,37135,968.6255,30160.0
2026/04/02@14:59:27,37137,968.64532,30165.290322580644
2026/04/02@14:59:28,37138,968.6464,30167.935483870966
2026/04/02@14:59:29,37139,968.634064,30170.58064516129
2026/04/02@14:59:30,37140,968.6142,30173.225806451614
2026/04/02@14:59:31,37141,968.623,30175.870967741936
2026/04/02@14:59:32,37142,968.64024,30178.516129032258
2026/04/02@14:59:33,37143,968.6218,30181.16129032258
2026/04/02@14:59:34,37144,968.6267,30183.8064516129
2026/04/02@14:59:35,37145,968.655,30186.451612903227
2026/04/02@14:59:36,37146,968.6514,30189.09677419355
2026/04/02@14:59:37,37147,968.6069,30191.74193548387
2026/04/02@14:59:38,37148,968.658736,30194.387096774193
2026/04/02@14:59:40,37150,968.6499,30199.677419354837
2026/04/02@14:59:41,37151,968.6097,30202.322580645163
2026/04/02@14:59:42,37152,968.6513,30204.967741935485
2026/04/02@14:59:43,37153,968.6305,30207.612903225807
2026/04/02@14:59:44,37154,968.6316,30210.25806451613
2026/04/02@14:59:45,37155,968.63512,30212.90322580645
2026/04/02@14:59:46,37156,968.5946,30215.548387096773
2026/04/02@14:59:47,37157,968.63776,30218.1935483871
2026/04/02@14:59:48,37158,968.6513,30220.83870967742
2026/04/02@14:59:49,37159,968.6514,30223.483870967742
2026/04/02@14:59:50,37160,968.6131,30226.129032258064
2026/04/02@14:59:51,37161,968.64264,30228.774193548386
2026/04/02@14:59:53,37163,968.6131,30234.064516129034
2026/04/02@14:59:54,37164,968.62892,30236.709677419356
2026/04/02@14:59:55,37165,968.6538,30239.354838709678
2026/04/02@14:59:56,37166,968.6661,30242.0
2026/04/02@14:59:57,37167,968.6055,30244.733333333334
2026/04/02@14:59:58,37168,968.6192,30247.466666666667
2026/04/02@14:59:59,37169,968.6105,30250.2
2026/04/02@15:00:00,37170,968.6278,30252.933333333334
2026/04/02@15:00:01,37171,968.6438,30255.666666666668
2026/04/02@15:00:02,37172,968.6044,30258.4
2026/04/02@15:00:03,37173,968.625232,30261.133333333335
2026/04/02@15:00:04,37174,968.6102,30263.866666666665
2026/04/02@15:00:06,37176,968.6069,30269.333333333332
2026/04/02@15:00:07,37177,968.6464,30272.066666666666
2026/04/02@15:00:08,37178,968.64,30274.8
2026/04/02@15:00:09,37179,968.6449,30277.533333333333
2026/04/02@15:00:10,37180,968.60184,30280.266666666666
2026/04/02@15:00:11,37181,968.6278,30283.0
2026/04/02@15:00:12,37182,968.6722,30285.733333333334
2026/04/02@15:00:13,37183,968.6513,30288.466666666667
2026/04/02@15:00:14,37184,968.654864,30291.2
2026/04/02@15:00:15,37185,968.6328,30293.933333333334
2026/04/02@15:00:16,37186,968.6018,30296.666666666668
2026/04/02@15:00:17,37187,968.6278,30299.4
2026/04/02@15:00:19,37189,968.6289,30304.866666666665
2026/04/02@15:00:20,37190,968.628864,30307.6
2026/04/02@15:00:21,37191,968.65608,30310.333333333332
2026/04/02@15:00:22,37192,968.62416,30313.066666666666
2026/04/02@15:00:23,37193,968.6499,30315.8
2026/04/02@15:00:24,37194,968.63868,30318.533333333333
2026/04/02@15:00:25,37195,968.6795,30321.266666666666
2026/04/02@15:00:26,37196,968.6451,30324.0
2026/04/02@15:00:27,37197,968.61896,30326.548387096773
2026/04/02@15:00:28,37198,968.597936,30329.09677419355
2026/04/02@15:00:29,37199,968.6361,30331.645161290322
2026/04/02@15:00:30,37200,968.63256,30334.1935483871
2026/04/02@15:00:32,37202,968.6426,30339.290322580644
2026/04/02@15:00:33,37203,968.6278,30341.83870967742
2026/04/02@15:00:34,37204,968.6166,30344.387096774193
2026/04/02@15:00:35,37205,968.60184,30346.935483870966
2026/04/02@15:00:36,37206,968.62648,30349.483870967742
2026/04/02@15:00:37,37207,968.62892,30352.032258064515
2026/04/02@15:00:38,37208,968.6166,30354.58064516129
2026/04/02@15:00:39,37209,968.6227,30357.129032258064
2026/04/02@15:00:40,37210,968.6475,30359.677419354837
2026/04/02@15:00:41,37211,968.6485,30362.225806451614
2026/04/02@15:00:42,37212,968.64264,30364.774193548386
2026/04/02@15:00:43,37213,968.628864,30367.322580645163
2026/04/02@15:00:45,37215,968.657136,30372.41935483871
2026/04/02@15:00:46,37216,968.6264,30374.967741935485
2026/04/02@15:00:47,37217,968.6535,30377.516129032258
2026/04/02@15:00:48,37218,968.5906,30380.064516129034
2026/04/02@15:00:49,37219,968.6166,30382.612903225807
2026/04/02@15:00:50,37220,968.62504,30385.16129032258
2026/04/02@15:00:51,37221,968.6399,30387.709677419356
2026/04/02@15:00:52,37222,968.611664,30390.25806451613
2026/04/02@15:00:53,37223,968.5857,30392.8064516129
2026/04/02@15:00:54,37224,968.6166,30395.354838709678
2026/04/02@15:00:55,37225,968.635,30397.90322580645
2026/04/02@15:00:56,37226,968.59544,30400.451612903227
2026/04/02@15:00:58,37228,968.6262,30405.483870967742
2026/04/02@15:00:59,37229,968.6278,30407.967741935485
2026/04/02@15:01:00,37230,968.6422,30410.451612903227
2026/04/02@15:01:01,37231,968.6262,30412.935483870966
2026/04/02@15:01:02,37232,968.6089,30415.41935483871
2026/04/02@15:01:03,37233,968.6448,30417.90322580645
2026/04/02@15:01:04,37234,968.65576,30420.387096774193
2026/04/02@15:01:05,37235,968.5891,30422.870967741936
2026/04/02@15:01:06,37236,968.58564,30425.354838709678
2026/04/02@15:01:07,37237,968.6286,30427.83870967742
2026/04/02@15:01:08,37238,968.589264,30430.322580645163
2026/04/02@15:01:09,37239,968.6114,30432.8064516129
2026/04/02@15:01:11,37241,968.6361,30437.774193548386
2026/04/02@15:01:12,37242,968.5941,30440.25806451613
2026/04/02@15:01:13,37243,968.6546,30442.74193548387
2026/04/02@15:01:14,37244,968.597936,30445.225806451614
2026/04/02@15:01:15,37245,968.599,30447.709677419356
2026/04/02@15:01:16,37246,968.60652,30450.1935483871
2026/04/02@15:01:17,37247,968.641,30452.677419354837
2026/04/02@15:01:18,37248,968.6582,30455.16129032258
2026/04/02@15:01:19,37249,968.5929,30457.645161290322
2026/04/02@15:01:20,37250,968.59908,30460.129032258064
2026/04/02@15:01:21,37251,968.6188,30462.612903225807
2026/04/02@15:01:22,37252,968.64344,30465.09677419355
2026/04/02@15:01:23,37253,968.64088,30467.58064516129
2026/04/02@15:01:25,37255,968.6262,30472.548387096773
2026/04/02@15:01:26,37256,968.641,30475.032258064515
2026/04/02@15:01:27,37257,968.6027,30477.516129032258
2026/04/02@15:01:28,37258,968.61384,30480.0
2026/04/02@15:01:29,37259,968.60016,30482.8
2026/04/02@15:01:30,37260,968.6373,30485.6
2026/04/02@15:01:31,37261,968.6213,30488.4
2026/04/02@15:01:32,37262,968.6113,30491.2
2026/04/02@15:01:33,37263,968.62616,30494.0
2026/04/02@15:01:34,37264,968.5731,30496.8
2026/04/02@15:01:35,37265,968.61992,30499.6
2026/04/02@15:01:36,37266,968.62616,30502.4
2026/04/02@15:01:38,37268,968.6347,30508.0
2026/04/02@15:01:39,37269,968.6188,30510.8
2026/04/02@15:01:40,37270,968.6188,30513.6
2026/04/02@15:01:41,37271,968.63256,30516.4
2026/04/02@15:01:42,37272,968.5706,30519.2
2026/04/02@15:01:43,37273,968.5854,30522.0
2026/04/02@15:01:44,37274,968.6128,30524.8
2026/04/02@15:01:45,37275,968.63336,30527.6
2026/04/02@15:01:46,37276,968.6014,30530.4
2026/04/02@15:01:47,37277,968.6015,30533.2
2026/04/02@15:01:48,37278,968.6396,30536.0
2026/04/02@15:01:49,37279,968.6211,30538.8
2026/04/02@15:01:51,37281,968.6385,30544.4
2026/04/02@15:01:52,37282,968.6298,30547.2
2026/04/02@15:01:53,37283,968.61,30550.0
2026/04/02@15:01:54,37284,968.594,30552.8
2026/04/02@15:01:55,37285,968.5829,30555.6
2026/04/02@15:01:56,37286,968.6101,30558.4
2026/04/02@15:01:57,37287,968.6236,30561.2
2026/04/02@15:01:58,37288,968.60768,30564.0
2026/04/02@15:01:59,37289,968.5717,30566.58064516129
2026/04/02@15:02:00,37290,968.61992,30569.16129032258
2026/04/02@15:02:01,37291,968.605,30571.74193548387
2026/04/02@15:02:02,37292,968.6101,30574.322580645163
2026/04/02@15:02:04,37294,968.6101,30579.483870967742
2026/04/02@15:02:05,37295,968.6358,30582.064516129034
2026/04/02@15:02:06,37296,968.6408,30584.645161290322
2026/04/02@15:02:07,37297,968.6149,30587.225806451614
2026/04/02@15:02:08,37298,968.624736,30589.8064516129
2026/04/02@15:02:09,37299,968.61992,30592.387096774193
2026/04/02@15:02:10,37300,968.61864,30594.967741935485
2026/04/02@15:02:11,37301,968.5891,30597.548387096773
2026/04/02@15:02:12,37302,968.60016,30600.129032258064
2026/04/02@15:02:13,37303,968.62104,30602.709677419356
2026/04/02@15:02:14,37304,968.63336,30605.290322580644
2026/04/02@15:02:15,37305,968.6222,30607.870967741936
2026/04/02@15:02:17,37307,968.617536,30613.032258064515
2026/04/02@15:02:18,37308,968.6149,30615.612903225807
2026/04/02@15:02:19,37309,968.6015,30618.1935483871
2026/04/02@15:02:20,37310,968.6311,30620.774193548386
2026/04/02@15:02:21,37311,968.59656,30623.354838709678
2026/04/02@15:02:22,37312,968.66296,30625.935483870966
2026/04/02@15:02:23,37313,968.6114,30628.516129032258
2026/04/02@15:02:24,37314,968.5989,30631.09677419355
2026/04/02@15:02:25,37315,968.6372,30633.677419354837
2026/04/02@15:02:26,37316,968.60016,30636.25806451613
2026/04/02@15:02:27,37317,968.63352,30638.83870967742
2026/04/02@15:02:28,37318,968.6382,30641.41935483871
2026/04/02@15:02:30,37320,968.6138,30591.25806451613
2026/04/02@15:02:31,37321,968.63584,30538.516129032258
2026/04/02@15:02:32,37322,968.6101,30485.774193548386
2026/04/02@15:02:33,37323,968.599,30433.032258064515
2026/04/02@15:02:34,37324,968.59032,30380.290322580644
2026/04/02@15:02:35,37325,968.612336,30327.548387096773
2026/04/02@15:02:36,37326,968.6273,30274.8064516129
2026/04/02@15:02:37,37327,968.6175,30222.064516129034
2026/04/02@15:02:38,37328,968.65292,30169.322580645163
2026/04/02@15:02:39,37329,968.60624,30116.58064516129
2026/04/02@15:02:40,37330,968.6039,30063.83870967742
2026/04/02@15:02:41,37331,968.652,30011.09677419355
2026/04/02@15:02:43,37333,968.60976,29905.612903225807
2026/04/02@15:02:44,37334,968.5692,29852.870967741936
2026/04/02@15:02:45,37335,968.62368,29800.129032258064
2026/04/02@15:02:46,37336,968.62368,29747.387096774193
2026/04/02@15:02:47,37337,968.6456,29694.645161290322
2026/04/02@15:02:48,37338,968.6161,29641.90322580645
2026/04/02@15:02:49,37339,968.6347,29589.16129032258
2026/04/02@15:02:50,37340,968.596432,29536.41935483871
2026/04/02@15:02:51,37341,968.63352,29483.677419354837
2026/04/02@15:02:52,37342,968.6089,29430.93548387097
2026/04/02@15:02:53,37343,968.5938,29378.1935483871
2026/04/02@15:02:54,37344,968.6323,29325.451612903227
2026/04/02@15:02:56,37346,968.6333,29219.967741935485
2026/04/02@15:02:57,37347,968.60264,29167.225806451614
2026/04/02@15:02:58,37348,968.6247,29114.483870967742
2026/04/02@15:02:59,37349,968.6185,29061.74193548387
2026/04/02@15:03:00,37350,968.605,29009.0
2026/04/02@15:03:01,37351,968.5865,28958.933333333334
2026/04/02@15:03:02,37352,968.61725,28908.866666666665
2026/04/02@15:03:03,37353,968.6051,28858.8
2026/04/02@15:03:04,37354,968.6309,28808.733333333334
2026/04/02@15:03:05,37355,968.5889,28758.666666666668
2026/04/02@15:03:06,37356,968.6384,28708.6
2026/04/02@15:03:07,37357,968.6273,28658.533333333333
2026/04/02@15:03:09,37358,968.6184,28558.4
2026/04/02@15:03:10,37360,968.58652,28508.333333333332
2026/04/02@15:03:11,37361,968.6234,28458.266666666666
2026/04/02@15:03:12,37362,968.598768,28408.2
2026/04/02@15:03:13,37363,968.628336,28358.133333333335
2026/04/02@15:03:14,37364,968.605,28308.066666666666
2026/04/02@15:03:15,37365,968.6259,28258.0
2026/04/02@15:03:16,37366,968.5852,28207.933333333334
2026/04/02@15:03:17,37367,968.628336,28157.866666666665
2026/04/02@15:03:18,37368,968.591536,28107.8
2026/04/02@15:03:19,37369,968.60376,28057.733333333334
2026/04/02@15:03:20,37370,968.57052,28007.666666666668
2026/04/02@15:03:22,37372,968.5876,27907.533333333333
2026/04/02@15:03:23,37373,968.5889,27857.466666666667
2026/04/02@15:03:24,37374,968.60624,27807.4
2026/04/02@15:03:25,37375,968.6306,27757.333333333332
2026/04/02@15:03:26,37376,968.5678,27707.266666666666
2026/04/02@15:03:27,37377,968.60624,27657.2
2026/04/02@15:03:28,37378,968.6025,27607.13333333333
2026/04/02@15:03:29,37379,968.596432,27557.066666666666
2026/04/02@15:03:30,37380,968.5804,27507.0
2026/04/02@15:03:31,37381,968.63224,27463.064516129034
2026/04/02@15:03:32,37382,968.622464,27419.129032258064
2026/04/02@15:03:33,37383,968.5975,27375.1935483871
2026/04/02@15:03:34,37384,968.6222,27331.25806451613
2026/04/02@15:03:36,37386,968.5804,27243.387096774193
2026/04/02@15:03:37,37387,968.6593,27199.451612903227
2026/04/02@15:03:38,37388,968.6346,27155.516129032258
2026/04/02@15:03:39,37389,968.60624,27111.58064516129
2026/04/02@15:03:40,37390,968.61725,27067.645161290322
2026/04/02@15:03:41,37391,968.6136,27023.709677419356
2026/04/02@15:03:42,37392,968.6013,26979.774193548386
2026/04/02@15:03:43,37393,968.61096,26935.83870967742
2026/04/02@15:03:44,37394,968.6161,26891.90322580645
2026/04/02@15:03:45,37395,968.5838,26847.967741935485
2026/04/02@15:03:46,37396,968.6076,26804.032258064515
2026/04/02@15:03:47,37397,968.63224,26760.09677419355
2026/04/02@15:03:49,37399,968.6184,26672.225806451614
2026/04/02@15:03:50,37400,968.612336,26628.290322580644
2026/04/02@15:03:51,37401,968.63224,26584.354838709678
2026/04/02@15:03:52,37402,968.5888,26540.41935483871
2026/04/02@15:03:53,37403,968.58652,26496.483870967742
2026/04/02@15:03:54,37404,968.61484,26452.548387096773
2026/04/02@15:03:55,37405,968.6273,26408.612903225807
2026/04/02@15:03:56,37406,968.6135,26364.677419354837
2026/04/02@15:03:57,37407,968.60732,26320.74193548387
2026/04/02@15:03:58,37408,968.6085,26276.8064516129
2026/04/02@15:03:59,37409,968.6086,26232.870967741936
2026/04/02@15:04:01,37411,968.5987,26145.0
2026/04/02@15:04:02,37412,968.60488,26103.633333333335
2026/04/02@15:04:03,37413,968.6014,26062.266666666666
2026/04/02@15:04:04,37414,968.6295,26020.9
2026/04/02@15:04:05,37415,968.5999,25979.533333333333
2026/04/02@15:04:06,37416,968.5705,25938.166666666668
2026/04/02@15:04:07,37417,968.60488,25896.8
2026/04/02@15:04:08,37418,968.59376,25855.433333333334
2026/04/02@15:04:09,37419,968.60848,25814.066666666666
2026/04/02@15:04:10,37420,968.62104,25772.7
2026/04/02@15:04:11,37421,968.6372,25731.333333333332
2026/04/02@15:04:12,37422,968.5962,25689.966666666667
2026/04/02@15:04:14,37424,968.64056,25607.233333333334
2026/04/02@15:04:15,37425,968.6381,25565.866666666665
2026/04/02@15:04:16,37426,968.5863,25524.5
2026/04/02@15:04:17,37427,968.66048,25483.133333333335
2026/04/02@15:04:18,37428,968.6147,25441.766666666666
2026/04/02@15:04:19,37429,968.58264,25400.4
2026/04/02@15:04:20,37430,968.6183,25359.033333333333
2026/04/02@15:04:21,37431,968.6283,25317.666666666668
2026/04/02@15:04:22,37432,968.622,25276.3
2026/04/02@15:04:23,37433,968.626064,25234.933333333334
2026/04/02@15:04:24,37434,968.5901,25193.566666666666
2026/04/02@15:04:25,37435,968.6037,25152.2
2026/04/02@15:04:27,37436,968.58024,25069.466666666667
2026/04/02@15:04:28,37438,968.6281,25028.1
2026/04/02@15:04:29,37439,968.61096,24986.733333333334
2026/04/02@15:04:30,37440,968.58872,24945.366666666665
2026/04/02@15:04:31,37441,968.5863,24904.0
2026/04/02@15:04:32,37442,968.6183,24868.548387096773
2026/04/02@15:04:33,37443,968.60848,24833.09677419355
2026/04/02@15:04:34,37444,968.5863,24797.645161290322
2026/04/02@15:04:35,37445,968.61096,24762.1935483871
2026/04/02@15:04:36,37446,968.6297,24726.74193548387
2026/04/02@15:04:37,37447,968.60976,24691.290322580644
2026/04/02@15:04:38,37448,968.6196,24655.83870967742
2026/04/02@15:04:39,37449,968.63692,24620.387096774193
2026/04/02@15:04:41,37451,968.5951,24549.483870967742
2026/04/02@15:04:42,37452,968.6036,24514.032258064515
2026/04/02@15:04:43,37453,968.5863,24478.58064516129
2026/04/02@15:04:44,37454,968.6306,24443.129032258064
2026/04/02@15:04:45,37455,968.60832,24407.677419354837
2026/04/02@15:04:46,37456,968.60488,24372.225806451614
2026/04/02@15:04:47,37457,968.61348,24336.774193548386
2026/04/02@15:04:48,37458,968.635568,24301.322580645163
2026/04/02@15:04:49,37459,968.5998,24265.870967741936
2026/04/02@15:04:50,37460,968.607264,24230.41935483871
2026/04/02@15:04:51,37461,968.609536,24194.967741935485
2026/04/02@15:04:52,37462,968.5951,24159.516129032258
2026/04/02@15:04:54,37464,968.58624,24088.612903225807
2026/04/02@15:04:55,37465,968.5617,24053.16129032258
2026/04/02@15:04:56,37466,968.5974,24017.709677419356
2026/04/02@15:04:57,37467,968.5739,23982.25806451613
2026/04/02@15:04:58,37468,968.61597,23946.8064516129
2026/04/02@15:04:59,37469,968.6232,23911.354838709678
2026/04/02@15:05:00,37470,968.59736,23875.90322580645
2026/04/02@15:05:01,37471,968.59348,23840.451612903227
2026/04/02@15:05:02,37472,968.62468,23805.0
2026/04/02@15:05:03,37473,968.59608,23771.16129032258
2026/04/02@15:05:04,37474,968.58624,23737.322580645163
2026/04/02@15:05:06,37475,968.607264,23669.645161290322
2026/04/02@15:05:07,37477,968.654,23635.8064516129
2026/04/02@15:05:08,37478,968.5714,23601.967741935485
2026/04/02@15:05:09,37479,968.6145,23568.129032258064
2026/04/02@15:05:10,37480,968.63808,23534.290322580644
2026/04/02@15:05:11,37481,968.59608,23500.451612903227
2026/04/02@15:05:12,37482,968.60092,23466.612903225807
2026/04/02@15:05:13,37483,968.6183,23432.774193548386
2026/04/02@15:05:14,37484,968.565264,23398.93548387097
2026/04/02@15:05:15,37485,968.6145,23365.09677419355
2026/04/02@15:05:16,37486,968.5504,23331.25806451613
2026/04/02@15:05:17,37487,968.61208,23297.41935483871
2026/04/02@15:05:19,37489,968.60584,23229.74193548387
2026/04/02@15:05:20,37490,968.6022,23195.90322580645
2026/04/02@15:05:21,37491,968.5912,23162.064516129034
2026/04/02@15:05:22,37492,968.618064,23128.225806451614
2026/04/02@15:05:23,37493,968.6171,23094.387096774193
2026/04/02@15:05:24,37494,968.6117,23060.548387096773
2026/04/02@15:05:25,37495,968.6256,23026.709677419356
2026/04/02@15:05:26,37496,968.60732,22992.870967741936
2026/04/02@15:05:27,37497,968.6132,22959.032258064515
2026/04/02@15:05:28,37498,968.6108,22925.1935483871
2026/04/02@15:05:29,37499,968.62424,22891.354838709678
2026/04/02@15:05:30,37500,968.59736,22857.516129032258
2026/04/02@15:05:32,37501,968.5739,22789.83870967742
2026/04/02@15:05:33,37503,968.609536,22756.0
2026/04/02@15:05:34,37504,968.6096,22723.833333333332
2026/04/02@15:05:35,37505,968.6117,22691.666666666668
2026/04/02@15:05:36,37506,968.6068,22659.5
2026/04/02@15:05:37,37507,968.5934,22627.333333333332
2026/04/02@15:05:38,37508,968.60584,22595.166666666668
2026/04/02@15:05:39,37509,968.6216,22563.0
2026/04/02@15:05:40,37510,968.59592,22530.833333333332
2026/04/02@15:05:41,37511,968.614464,22498.666666666668
2026/04/02@15:05:42,37512,968.61208,22466.5
2026/04/02@15:05:43,37513,968.6181,22434.333333333332
2026/04/02@15:05:44,37514,968.61584,22402.166666666668
2026/04/02@15:05:46,37516,968.5899,22337.833333333332
2026/04/02@15:05:47,37517,968.5726,22305.666666666668
2026/04/02@15:05:48,37518,968.5899,22273.5
2026/04/02@15:05:49,37519,968.6019,22241.333333333332
2026/04/02@15:05:50,37520,968.6156,22209.166666666668
2026/04/02@15:05:51,37521,968.609536,22177.0
2026/04/02@15:05:52,37522,968.6008,22144.833333333332
2026/04/02@15:05:53,37523,968.6156,22112.666666666668
2026/04/02@15:05:54,37524,968.6022,22080.5
2026/04/02@15:05:55,37525,968.6083,22048.333333333332
2026/04/02@15:05:56,37526,968.5698,22016.166666666668
2026/04/02@15:05:57,37527,968.617,21984.0
2026/04/02@15:05:59,37529,968.5846,21919.666666666668
2026/04/02@15:06:00,37530,968.5957,21887.5
2026/04/02@15:06:01,37531,968.59452,21855.333333333332
2026/04/02@15:06:02,37532,968.62192,21823.166666666668
2026/04/02@15:06:03,37533,968.6019,21791.0
2026/04/02@15:06:04,37534,968.603,21762.548387096773
2026/04/02@15:06:05,37535,968.586,21734.09677419355
2026/04/02@15:06:06,37536,968.59592,21705.645161290322
2026/04/02@15:06:07,37537,968.6193,21677.1935483871
2026/04/02@15:06:08,37538,968.6082,21648.74193548387
2026/04/02@15:06:09,37539,968.6354,21620.290322580644
2026/04/02@15:06:10,37540,968.6217,21591.83870967742
2026/04/02@15:06:12,37542,968.5734,21534.935483870966
2026/04/02@15:06:13,37543,968.59452,21506.483870967742
2026/04/02@15:06:14,37544,968.5787,21478.032258064515
2026/04/02@15:06:15,37545,968.58968,21449.58064516129
2026/04/02@15:06:16,37546,968.5772,21421.129032258064
2026/04/02@15:06:17,37547,968.6154,21392.677419354837
2026/04/02@15:06:18,37548,968.5896,21364.225806451614
2026/04/02@15:06:19,37549,968.58328,21335.774193548386
2026/04/02@15:06:20,37550,968.574768,21307.322580645163
2026/04/02@15:06:21,37551,968.5822,21278.870967741936
2026/04/02@15:06:22,37552,968.59816,21250.41935483871
2026/04/02@15:06:23,37553,968.5734,21221.967741935485
2026/04/02@15:06:25,37555,968.604432,21165.06451612903
2026/04/02@15:06:26,37556,968.58824,21136.612903225807
2026/04/02@15:06:27,37557,968.58824,21108.16129032258
2026/04/02@15:06:28,37558,968.59064,21079.709677419356
2026/04/02@15:06:29,37559,968.5748,21051.25806451613
2026/04/02@15:06:30,37560,968.5834,21022.8064516129
2026/04/02@15:06:31,37561,968.6316,20994.354838709678
2026/04/02@15:06:32,37562,968.60048,20965.90322580645
2026/04/02@15:06:33,37563,968.58684,20937.451612903227
2026/04/02@15:06:34,37564,968.6141,20909.0
2026/04/02@15:06:35,37565,968.5932,20881.41935483871
2026/04/02@15:06:36,37566,968.552368,20853.83870967742
2026/04/02@15:06:38,37568,968.5783,20798.677419354837
2026/04/02@15:06:39,37569,968.58684,20771.09677419355
2026/04/02@15:06:40,37570,968.6118,20743.516129032258
2026/04/02@15:06:41,37571,968.5672,20715.935483870966
2026/04/02@15:06:42,37572,968.58684,20688.354838709678
2026/04/02@15:06:43,37573,968.5782,20660.774193548386
2026/04/02@15:06:44,37574,968.55024,20633.1935483871
2026/04/02@15:06:45,37575,968.59184,20605.612903225807
2026/04/02@15:06:46,37576,968.6143,20578.032258064515
2026/04/02@15:06:47,37577,968.597936,20550.451612903227
2026/04/02@15:06:48,37578,968.59576,20522.870967741936
2026/04/02@15:06:49,37579,968.582032,20495.290322580644
2026/04/02@15:06:51,37581,968.60916,20440.129032258064
2026/04/02@15:06:52,37582,968.594368,20412.548387096773
2026/04/02@15:06:53,37583,968.6103,20384.967741935485
2026/04/02@15:06:54,37584,968.5782,20357.387096774193
2026/04/02@15:06:55,37585,968.597936,20329.8064516129
2026/04/02@15:06:56,37586,968.5993,20302.225806451614
2026/04/02@15:06:57,37587,968.6093,20274.645161290322
2026/04/02@15:06:58,37588,968.60424,20247.06451612903
2026/04/02@15:06:59,37589,968.586,20219.483870967742
2026/04/02@15:07:00,37590,968.54868,20191.90322580645
2026/04/02@15:07:01,37591,968.6029,20164.322580645163
2026/04/02@15:07:02,37592,968.56632,20136.74193548387
2026/04/02@15:07:04,37594,968.586,20081.58064516129
2026/04/02@15:07:05,37595,968.564736,20054.0
2026/04/02@15:07:06,37596,968.587,20027.166666666668
2026/04/02@15:07:07,37597,968.59688,20000.333333333332
2026/04/02@15:07:08,37598,968.5845,19973.5
2026/04/02@15:07:09,37599,968.56104,19946.666666666668
2026/04/02@15:07:10,37600,968.5499,19919.833333333332
2026/04/02@15:07:11,37601,968.54616,19893.0
2026/04/02@15:07:12,37602,968.56,19866.166666666668
2026/04/02@15:07:13,37603,968.564736,19839.333333333332
2026/04/02@15:07:14,37604,968.5807,19812.5
2026/04/02@15:07:15,37605,968.5759,19785.666666666668
2026/04/02@15:07:17,37607,968.58684,19732.0
2026/04/02@15:07:18,37608,968.578368,19705.166666666668
2026/04/02@15:07:19,37609,968.5682,19678.333333333332
2026/04/02@15:07:20,37610,968.58308,19651.5
2026/04/02@15:07:21,37611,968.592832,19624.666666666668
2026/04/02@15:07:22,37612,968.58308,19597.833333333332
2026/04/02@15:07:23,37613,968.55468,19571.0
2026/04/02@15:07:24,37614,968.5795,19544.166666666668
2026/04/02@15:07:25,37615,968.57084,19517.333333333332
2026/04/02@15:07:26,37616,968.60048,19490.5
2026/04/02@15:07:27,37617,968.5682,19463.666666666668
2026/04/02@15:07:28,37618,968.577,19436.833333333332
2026/04/02@15:07:30,37620,968.6016,19383.166666666668
2026/04/02@15:07:31,37621,968.5611,19356.333333333332
2026/04/02@15:07:32,37622,968.566032,19329.5
2026/04/02@15:07:33,37623,968.598,19302.666666666668
2026/04/02@15:07:34,37624,968.5955,19275.833333333332
2026/04/02@15:07:35,37625,968.5943,19249.0
2026/04/02@15:07:36,37626,968.5845,19225.09677419355
2026/04/02@15:07:37,37627,968.557,19201.1935483871
2026/04/02@15:07:38,37628,968.5472,19177.290322580644
2026/04/02@15:07:39,37629,968.592832,19153.387096774193
2026/04/02@15:07:40,37630,968.58184,19129.483870967742
2026/04/02@15:07:41,37631,968.5795,19105.58064516129
2026/04/02@15:07:43,37633,968.59064,19057.774193548386
2026/04/02@15:07:44,37634,968.5549,19033.870967741936
2026/04/02@15:07:45,37635,968.594368,19009.967741935485
2026/04/02@15:07:46,37636,968.5758,18986.064516129034
2026/04/02@15:07:47,37637,968.58308,18962.16129032258
2026/04/02@15:07:48,37638,968.5734,18938.25806451613
2026/04/02@15:07:49,37639,968.589264,18914.354838709678
2026/04/02@15:07:50,37640,968.57584,18890.451612903227
2026/04/02@15:07:51,37641,968.5472,18866.548387096773
2026/04/02@15:07:52,37642,968.59176,18842.645161290322
2026/04/02@15:07:53,37643,968.572,18818.74193548387
2026/04/02@15:07:54,37644,968.58684,18794.83870967742
2026/04/02@15:07:56,37646,968.5364,18747.032258064515
2026/04/02@15:07:57,37647,968.56088,18723.129032258064
2026/04/02@15:07:58,37648,968.5745,18699.225806451614
2026/04/02@15:07:59,37649,968.5438,18675.322580645163
2026/04/02@15:08:00,37650,968.56448,18651.41935483871
2026/04/02@15:08:01,37651,968.55616,18627.516129032258
2026/04/02@15:08:02,37652,968.5768,18603.612903225807
2026/04/02@15:08:03,37653,968.5486,18579.709677419356
2026/04/02@15:08:04,37654,968.5586,18555.8064516129
2026/04/02@15:08:05,37655,968.5511,18531.90322580645
2026/04/02@15:08:06,37656,968.5696,18508.0
2026/04/02@15:08:07,37657,968.55616,18484.366666666665
2026/04/02@15:08:09,37659,968.53268,18437.1
2026/04/02@15:08:10,37660,968.59672,18413.466666666667
2026/04/02@15:08:11,37661,968.5535,18389.833333333332
2026/04/02@15:08:12,37662,968.5547,18366.2
2026/04/02@15:08:13,37663,968.56584,18342.566666666666
2026/04/02@15:08:14,37664,968.53736,18318.933333333334
2026/04/02@15:08:15,37665,968.568368,18295.3
2026/04/02@15:08:16,37666,968.5215,18271.666666666668
2026/04/02@15:08:17,37667,968.5609,18248.033333333333
2026/04/02@15:08:18,37668,968.5413,18224.4
2026/04/02@15:08:19,37669,968.5547,18200.766666666666
2026/04/02@15:08:20,37670,968.5757,18177.133333333335
2026/04/02@15:08:22,37672,968.57544,18129.866666666665
2026/04/02@15:08:23,37673,968.5744,18106.233333333334
2026/04/02@15:08:24,37674,968.54732,18082.6
2026/04/02@15:08:25,37675,968.5719,18058.966666666667
2026/04/02@15:08:26,37676,968.5472,18035.333333333332
2026/04/02@15:08:27,37677,968.5547,18011.7
2026/04/02@15:08:28,37678,968.5412,17988.066666666666
2026/04/02@15:08:29,37679,968.562,17964.433333333334
2026/04/02@15:08:30,37680,968.5856,17940.8
2026/04/02@15:08:31,37681,968.5619,17917.166666666668
2026/04/02@15:08:32,37682,968.53736,17893.533333333333
2026/04/02@15:08:33,37683,968.5385,17869.9
2026/04/02@15:08:35,37685,968.5631,17822.633333333335
2026/04/02@15:08:36,37686,968.56448,17799.0
2026/04/02@15:08:37,37687,968.56196,17777.83870967742
2026/04/02@15:08:38,37688,968.5609,17756.677419354837
2026/04/02@15:08:39,37689,968.54616,17735.516129032258
2026/04/02@15:08:40,37690,968.57052,17714.354838709678
2026/04/02@15:08:41,37691,968.5533,17693.1935483871
2026/04/02@15:08:42,37692,968.5582,17672.032258064515
2026/04/02@15:08:43,37693,968.56308,17650.870967741936
2026/04/02@15:08:44,37694,968.5767,17629.709677419356
2026/04/02@15:08:45,37695,968.557,17608.548387096773
2026/04/02@15:08:46,37696,968.54948,17587.387096774193
2026/04/02@15:08:48,37698,968.551,17545.064516129034
2026/04/02@15:08:49,37699,968.5806,17523.90322580645
2026/04/02@15:08:50,37700,968.5262,17502.74193548387
2026/04/02@15:08:51,37701,968.4991,17481.58064516129
2026/04/02@15:08:52,37702,968.5793,17460.41935483871
2026/04/02@15:08:53,37703,968.5594,17439.25806451613
2026/04/02@15:08:54,37704,968.5828,17418.09677419355
2026/04/02@15:08:55,37705,968.5793,17396.935483870966
2026/04/02@15:08:56,37706,968.5412,17375.774193548386
2026/04/02@15:08:57,37707,968.5719,17354.612903225807
2026/04/02@15:08:58,37708,968.5583,17333.451612903227
2026/04/02@15:08:59,37709,968.5273,17312.290322580644
2026/04/02@15:09:01,37710,968.54084,17269.967741935485
2026/04/02@15:09:02,37712,968.5176,17248.8064516129
2026/04/02@15:09:03,37713,968.554432,17227.645161290322
2026/04/02@15:09:04,37714,968.5371,17206.483870967742
2026/04/02@15:09:05,37715,968.5137,17185.322580645163
2026/04/02@15:09:06,37716,968.5681,17164.16129032258
2026/04/02@15:09:07,37717,968.54848,17143.0
2026/04/02@15:09:08,37718,968.5251,17122.16129032258
2026/04/02@15:09:09,37719,968.54092,17101.322580645163
2026/04/02@15:09:10,37720,968.5335,17080.483870967742
2026/04/02@15:09:11,37721,968.535,17059.645161290322
2026/04/02@15:09:12,37722,968.5223,17038.8064516129
2026/04/02@15:09:13,37723,968.547264,17017.967741935485
2026/04/02@15:09:15,37725,968.5149,16976.290322580644
2026/04/02@15:09:16,37726,968.545968,16955.451612903227
2026/04/02@15:09:17,37727,968.52984,16934.612903225807
2026/04/02@15:09:18,37728,968.54848,16913.774193548386
2026/04/02@15:09:19,37729,968.5719,16892.935483870966
2026/04/02@15:09:20,37730,968.54708,16872.09677419355
2026/04/02@15:09:21,37731,968.59392,16851.25806451613
2026/04/02@15:09:22,37732,968.544464,16830.41935483871
2026/04/02@15:09:23,37733,968.5312,16809.58064516129
2026/04/02@15:09:24,37734,968.5569,16788.74193548387
2026/04/02@15:09:25,37735,968.5372,16767.90322580645
2026/04/02@15:09:26,37736,968.5558,16747.064516129034
2026/04/02@15:09:28,37738,968.5408,16705.387096774193
2026/04/02@15:09:29,37739,968.5642,16684.548387096773
2026/04/02@15:09:30,37740,968.5531,16663.709677419356
2026/04/02@15:09:31,37741,968.5457,16642.870967741936
2026/04/02@15:09:32,37742,968.52732,16622.032258064515
2026/04/02@15:09:33,37743,968.5482,16601.1935483871
2026/04/02@15:09:34,37744,968.54948,16580.354838709678
2026/04/02@15:09:35,37745,968.569136,16559.516129032258
2026/04/02@15:09:36,37746,968.5667,16538.677419354837
2026/04/02@15:09:37,37747,968.5284,16517.83870967742
2026/04/02@15:09:38,37748,968.58264,16497.0
2026/04/02@15:09:39,37749,968.5558,16476.333333333332
2026/04/02@15:09:41,37751,968.558,16435.0
2026/04/02@15:09:42,37752,968.5765,16414.333333333332
2026/04/02@15:09:43,37753,968.56176,16393.666666666668
2026/04/02@15:09:44,37754,968.5655,16373.0
2026/04/02@15:09:45,37755,968.58024,16352.333333333334
2026/04/02@15:09:46,37756,968.53704,16331.666666666666
2026/04/02@15:09:47,37757,968.549568,16311.0
2026/04/02@15:09:48,37758,968.5519,16290.333333333334
2026/04/02@15:09:49,37759,968.56056,16269.666666666666
2026/04/02@15:09:50,37760,968.531,16249.0
2026/04/02@15:09:51,37761,968.55096,16228.333333333334
2026/04/02@15:09:52,37762,968.5544,16207.666666666666
2026/04/02@15:09:54,37764,968.5396,16166.333333333334
2026/04/02@15:09:55,37765,968.5173,16145.666666666666
2026/04/02@15:09:56,37766,968.56056,16125.0
2026/04/02@15:09:57,37767,968.53464,16104.333333333334
2026/04/02@15:09:58,37768,968.5469,16083.666666666666
2026/04/02@15:09:59,37769,968.5678,16063.0
2026/04/02@15:10:00,37770,968.52816,16042.333333333334
2026/04/02@15:10:01,37771,968.575536,16021.666666666666
2026/04/02@15:10:02,37772,968.5593,16001.0
2026/04/02@15:10:03,37773,968.5298,15980.333333333334
2026/04/02@15:10:04,37774,968.5396,15959.666666666666
2026/04/02@15:10:05,37775,968.52816,15939.0
2026/04/02@15:10:07,37777,968.5528,15897.666666666666
2026/04/02@15:10:08,37778,968.5359,15877.0
2026/04/02@15:10:09,37779,968.56056,15858.58064516129
2026/04/02@15:10:10,37780,968.53096,15840.161290322581
2026/04/02@15:10:11,37781,968.55668,15821.741935483871
2026/04/02@15:10:12,37782,968.53452,15803.322580645161
2026/04/02@15:10:13,37783,968.5528,15784.90322580645
2026/04/02@15:10:14,37784,968.5492,15766.483870967742
2026/04/02@15:10:15,37785,968.5655,15748.064516129032
2026/04/02@15:10:16,37786,968.5419,15729.645161290322
2026/04/02@15:10:17,37787,968.5764,15711.225806451614
2026/04/02@15:10:18,37788,968.52708,15692.806451612903
2026/04/02@15:10:20,37790,968.54296,15655.967741935485
2026/04/02@15:10:21,37791,968.50492,15637.548387096775
2026/04/02@15:10:22,37792,968.5492,15619.129032258064
2026/04/02@15:10:23,37793,968.5098,15600.709677419354
2026/04/02@15:10:24,37794,968.53932,15582.290322580646
2026/04/02@15:10:25,37795,968.5408,15563.870967741936
2026/04/02@15:10:26,37796,968.54068,15545.451612903225
2026/04/02@15:10:27,37797,968.52952,15527.032258064517
2026/04/02@15:10:28,37798,968.5714,15508.612903225807
2026/04/02@15:10:29,37799,968.52816,15490.193548387097
2026/04/02@15:10:30,37800,968.5418,15471.774193548386
2026/04/02@15:10:31,37801,968.558,15453.354838709678
2026/04/02@15:10:33,37803,968.53096,15416.516129032258
2026/04/02@15:10:34,37804,968.5444,15398.09677419355
2026/04/02@15:10:35,37805,968.51336,15379.677419354839
2026/04/02@15:10:36,37806,968.532032,15361.258064516129
2026/04/02@15:10:37,37807,968.52468,15342.838709677419
2026/04/02@15:10:38,37808,968.4788,15324.41935483871
2026/04/02@15:10:39,37809,968.5444,15306.0
2026/04/02@15:10:40,37810,968.5123,15287.774193548386
2026/04/02@15:10:41,37811,968.54552,15269.548387096775
2026/04/02@15:10:42,37812,968.5173,15251.322580645161
2026/04/02@15:10:43,37813,968.5171,15233.09677419355
2026/04/02@15:10:44,37814,968.55912,15214.870967741936
2026/04/02@15:10:46,37816,968.5295,15178.41935483871
2026/04/02@15:10:47,37817,968.535632,15160.193548387097
2026/04/02@15:10:48,37818,968.5382,15141.967741935483
2026/04/02@15:10:49,37819,968.5344,15123.741935483871
2026/04/02@15:10:50,37820,968.52708,15105.516129032258
2026/04/02@15:10:51,37821,968.5159,15087.290322580646
2026/04/02@15:10:52,37822,968.52328,15069.064516129032
2026/04/02@15:10:53,37823,968.52816,15050.838709677419
2026/04/02@15:10:54,37824,968.52684,15032.612903225807
2026/04/02@15:10:55,37825,968.5097,15014.387096774193
2026/04/02@15:10:56,37826,968.5148,14996.161290322581
2026/04/02@15:10:57,37827,968.53704,14977.935483870968
2026/04/02@15:10:59,37829,968.5368,14941.483870967742
2026/04/02@15:11:00,37830,968.5382,14923.258064516129
2026/04/02@15:11:01,37831,968.5072,14905.032258064515
2026/04/02@15:11:02,37832,968.52312,14886.806451612903
2026/04/02@15:11:03,37833,968.5173,14868.58064516129
2026/04/02@15:11:04,37834,968.4864,14850.354838709678
2026/04/02@15:11:05,37835,968.5109,14832.129032258064
2026/04/02@15:11:06,37836,968.53316,14813.90322580645
2026/04/02@15:11:07,37837,968.5528,14795.677419354839
2026/04/02@15:11:08,37838,968.520768,14777.451612903225
2026/04/02@15:11:09,37839,968.4913,14759.225806451614
2026/04/02@15:11:10,37840,968.5183,14741.0
2026/04/02@15:11:12,37842,968.532032,14704.466666666667
2026/04/02@15:11:13,37843,968.52328,14686.2
2026/04/02@15:11:14,37844,968.53452,14667.933333333332
2026/04/02@15:11:15,37845,968.5357,14649.666666666666
2026/04/02@15:11:16,37846,968.5259,14631.4
2026/04/02@15:11:17,37847,968.534336,14613.133333333333
2026/04/02@15:11:18,37848,968.5196,14594.866666666667
2026/04/02@15:11:19,37849,968.5259,14576.6
2026/04/02@15:11:20,37850,968.5259,14558.333333333334
2026/04/02@15:11:21,37851,968.5071,14540.066666666668
2026/04/02@15:11:22,37852,968.5344,14521.8
2026/04/02@15:11:23,37853,968.5173,14503.533333333333
2026/04/02@15:11:25,37855,968.52576,14467.0
2026/04/02@15:11:26,37856,968.522,14448.733333333334
2026/04/02@15:11:27,37857,968.520768,14430.466666666667
2026/04/02@15:11:28,37858,968.5271,14412.2
2026/04/02@15:11:29,37859,968.53932,14393.933333333332
2026/04/02@15:11:30,37860,968.5443,14375.666666666666
2026/04/02@15:11:31,37861,968.5246,14357.4
2026/04/02@15:11:32,37862,968.5108,14339.133333333333
2026/04/02@15:11:33,37863,968.53316,14320.866666666667
2026/04/02@15:11:34,37864,968.53048,14302.6
2026/04/02@15:11:35,37865,968.49992,14284.333333333334
2026/04/02@15:11:36,37866,968.55648,14266.066666666668
2026/04/02@15:11:38,37868,968.4802,14229.533333333333
2026/04/02@15:11:39,37869,968.50352,14211.266666666666
2026/04/02@15:11:40,37870,968.5259,14193.0
2026/04/02@15:11:41,37871,968.5133,14176.451612903225
2026/04/02@15:11:42,37872,968.4998,14159.90322580645
2026/04/02@15:11:43,37873,968.520768,14143.354838709678
2026/04/02@15:11:44,37874,968.49616,14126.806451612903
2026/04/02@15:11:45,37875,968.512,14110.258064516129
2026/04/02@15:11:46,37876,968.5108,14093.709677419354
2026/04/02@15:11:47,37877,968.532864,14077.161290322581
2026/04/02@15:11:48,37878,968.5108,14060.612903225807
2026/04/02@15:11:49,37879,968.522,14044.064516129032
2026/04/02@15:11:51,37881,968.534336,14010.967741935485
2026/04/02@15:11:52,37882,968.53544,13994.41935483871
2026/04/02@15:11:53,37883,968.5148,13977.870967741936
2026/04/02@15:11:54,37884,968.5196,13961.322580645161
2026/04/02@15:11:55,37885,968.5108,13944.774193548386
2026/04/02@15:11:56,37886,968.5466,13928.225806451614
2026/04/02@15:11:57,37887,968.5034,13911.677419354839
2026/04/02@15:11:58,37888,968.50976,13895.129032258064
2026/04/02@15:11:59,37889,968.511936,13878.58064516129
2026/04/02@15:12:00,37890,968.4739,13862.032258064517
2026/04/02@15:12:01,37891,968.538,13845.483870967742
2026/04/02@15:12:02,37892,968.52312,13828.935483870968
2026/04/02@15:12:04,37894,968.5318,13795.838709677419
2026/04/02@15:12:05,37895,968.524336,13779.290322580646
2026/04/02@15:12:06,37896,968.49496,13762.741935483871
2026/04/02@15:12:07,37897,968.50216,13746.193548387097
2026/04/02@15:12:08,37898,968.4959,13729.645161290322
2026/04/02@15:12:09,37899,968.5145,13713.09677419355
2026/04/02@15:12:10,37900,968.49336,13696.548387096775
2026/04/02@15:12:11,37901,968.5047,13680.0
2026/04/02@15:12:12,37902,968.5171,13663.516129032258
2026/04/02@15:12:13,37903,968.50728,13647.032258064517
2026/04/02@15:12:14,37904,968.5157,13630.548387096775
2026/04/02@15:12:15,37905,968.5403,13614.064516129032
2026/04/02@15:12:17,37907,968.5341,13581.09677419355
2026/04/02@15:12:18,37908,968.53176,13564.612903225807
2026/04/02@15:12:19,37909,968.4799,13548.129032258064
2026/04/02@15:12:20,37910,968.5254,13531.645161290322
2026/04/02@15:12:21,37911,968.53184,13515.161290322581
2026/04/02@15:12:22,37912,968.48752,13498.677419354839
2026/04/02@15:12:23,37913,968.52296,13482.193548387097
2026/04/02@15:12:24,37914,968.50584,13465.709677419354
2026/04/02@15:12:25,37915,968.5305,13449.225806451614
2026/04/02@15:12:26,37916,968.50468,13432.741935483871
2026/04/02@15:12:27,37917,968.498368,13416.258064516129
2026/04/02@15:12:28,37918,968.5316,13399.774193548386
2026/04/02@15:12:30,37920,968.5083,13366.806451612903
2026/04/02@15:12:31,37921,968.50468,13350.322580645161
2026/04/02@15:12:32,37922,968.5171,13333.838709677419
2026/04/02@15:12:33,37923,968.53784,13317.354838709678
2026/04/02@15:12:34,37924,968.53424,13300.870967741936
2026/04/02@15:12:35,37925,968.47016,13284.387096774193
2026/04/02@15:12:36,37926,968.5254,13267.90322580645
2026/04/02@15:12:37,37927,968.5056,13251.41935483871
2026/04/02@15:12:38,37928,968.5044,13234.935483870968
2026/04/02@15:12:39,37929,968.5625,13218.451612903225
2026/04/02@15:12:40,37930,968.5168,13201.967741935483
2026/04/02@15:12:41,37931,968.53688,13185.483870967742
2026/04/02@15:12:43,37933,968.51544,13152.6
2026/04/02@15:12:44,37934,968.5179,13136.2
2026/04/02@15:12:45,37935,968.502,13119.8
2026/04/02@15:12:46,37936,968.51448,13103.4
2026/04/02@15:12:47,37937,968.49476,13087.0
2026/04/02@15:12:48,37938,968.5008,13070.6
2026/04/02@15:12:49,37939,968.5304,13054.2
2026/04/02@15:12:50,37940,968.5118,13037.8
2026/04/02@15:12:51,37941,968.5118,13021.4
2026/04/02@15:12:52,37942,968.4995,13005.0
2026/04/02@15:12:53,37943,968.497,12988.6
2026/04/02@15:12:54,37944,968.5402,12972.2
2026/04/02@15:12:56,37946,968.4957,12939.4
2026/04/02@15:12:57,37947,968.5181,12923.0
2026/04/02@15:12:58,37948,968.52296,12906.6
2026/04/02@15:12:59,37949,968.4921,12890.2
2026/04/02@15:13:00,37950,968.49096,12873.8
2026/04/02@15:13:01,37951,968.535136,12857.4
2026/04/02@15:13:02,37952,968.50696,12841.0
2026/04/02@15:13:03,37953,968.55005,12824.6
2026/04/02@15:13:04,37954,968.52168,12808.2
2026/04/02@15:13:05,37955,968.52296,12791.8
2026/04/02@15:13:06,37956,968.5143,12775.4
2026/04/02@15:13:07,37957,968.5329,12759.0
2026/04/02@15:13:09,37959,968.5364,12726.2
2026/04/02@15:13:10,37960,968.5143,12709.8
2026/04/02@15:13:11,37961,968.47236,12693.4
2026/04/02@15:13:12,37962,968.5119,12677.0
2026/04/02@15:13:13,37963,968.502,12662.032258064517
2026/04/02@15:13:14,37964,968.4871,12647.064516129032
2026/04/02@15:13:15,37965,968.5081,12632.09677419355
2026/04/02@15:13:16,37966,968.5375,12617.129032258064
2026/04/02@15:13:17,37967,968.4783,12602.161290322581
2026/04/02@15:13:18,37968,968.5118,12587.193548387097
2026/04/02@15:13:19,37969,968.503,12572.225806451614
2026/04/02@15:13:20,37970,968.5142,12557.258064516129
2026/04/02@15:13:22,37972,968.51052,12527.322580645161
2026/04/02@15:13:23,37973,968.475968,12512.354838709678
2026/04/02@15:13:24,37974,968.5079,12497.387096774193
2026/04/02@15:13:25,37975,968.5006,12482.41935483871
2026/04/02@15:13:26,37976,968.4931,12467.451612903225
2026/04/02@15:13:27,37977,968.5079,12452.483870967742
2026/04/02@15:13:28,37978,968.498064,12437.516129032258
2026/04/02@15:13:29,37979,968.5017,12422.548387096775
2026/04/02@15:13:30,37980,968.51052,12407.58064516129
2026/04/02@15:13:31,37981,968.5017,12392.612903225807
2026/04/02@15:13:32,37982,968.5066,12377.645161290322
2026/04/02@15:13:33,37983,968.503,12362.677419354839
2026/04/02@15:13:35,37985,968.4906,12332.741935483871
2026/04/02@15:13:36,37986,968.52168,12317.774193548386
2026/04/02@15:13:37,37987,968.4769,12302.806451612903
2026/04/02@15:13:38,37988,968.5079,12287.838709677419
2026/04/02@15:13:39,37989,968.5017,12272.870967741936
2026/04/02@15:13:40,37990,968.5079,12257.90322580645
2026/04/02@15:13:41,37991,968.50056,12242.935483870968
2026/04/02@15:13:42,37992,968.4906,12227.967741935485
2026/04/02@15:13:43,37993,968.5019,12213.0
2026/04/02@15:13:44,37994,968.5017,12197.677419354839
2026/04/02@15:13:45,37995,968.52516,12182.354838709678
2026/04/02@15:13:46,37996,968.5105,12167.032258064517
2026/04/02@15:13:47,37997,968.4882,12151.709677419354
2026/04/02@15:13:49,37999,968.52516,12121.064516129032
2026/04/02@15:13:50,38000,968.49304,12105.741935483871
2026/04/02@15:13:51,38001,968.4906,12090.41935483871
2026/04/02@15:13:52,38002,968.5078,12075.09677419355
2026/04/02@15:13:53,38003,968.50024,12059.774193548386
2026/04/02@15:13:54,38004,968.501664,12044.451612903225
2026/04/02@15:13:55,38005,968.4734,12029.129032258064
2026/04/02@15:13:56,38006,968.4944,12013.806451612903
2026/04/02@15:13:57,38007,968.50904,11998.483870967742
2026/04/02@15:13:58,38008,968.4734,11983.161290322581
2026/04/02@15:13:59,38009,968.468432,11967.838709677419
2026/04/02@15:14:00,38010,968.503,11952.516129032258
2026/04/02@15:14:02,38012,968.4966,11921.870967741936
2026/04/02@15:14:03,38013,968.5213,11906.548387096775
2026/04/02@15:14:04,38014,968.4782,11891.225806451614
2026/04/02@15:14:05,38015,968.5019,11875.90322580645
2026/04/02@15:14:06,38016,968.492,11860.58064516129
2026/04/02@15:14:07,38017,968.51908,11845.258064516129
2026/04/02@15:14:08,38018,968.52516,11829.935483870968
2026/04/02@15:14:09,38019,968.50284,11814.612903225807
2026/04/02@15:14:10,38020,968.51776,11799.290322580646
2026/04/02@15:14:11,38021,968.4918,11783.967741935485
2026/04/02@15:14:12,38022,968.48948,11768.645161290322
2026/04/02@15:14:13,38023,968.4904,11753.322580645161
2026/04/02@15:14:15,38025,968.4783,11723.3
2026/04/02@15:14:16,38026,968.516336,11708.6
2026/04/02@15:14:17,38027,968.51416,11693.9
2026/04/02@15:14:18,38028,968.4707,11679.2
2026/04/02@15:14:19,38029,968.4783,11664.5
2026/04/02@15:14:20,38030,968.4966,11649.8
2026/04/02@15:14:21,38031,968.4943,11635.1
2026/04/02@15:14:22,38032,968.498,11620.4
2026/04/02@15:14:23,38033,968.5068,11605.7
2026/04/02@15:14:24,38034,968.52024,11591.0
2026/04/02@15:14:25,38035,968.4868,11576.3
2026/04/02@15:14:26,38036,968.503,11561.6
2026/04/02@15:14:28,38038,968.51908,11532.2
2026/04/02@15:14:29,38039,968.4782,11517.5
2026/04/02@15:14:30,38040,968.5043,11502.8
2026/04/02@15:14:31,38041,968.49416,11488.1
2026/04/02@15:14:32,38042,968.4707,11473.4
2026/04/02@15:14:33,38043,968.493,11458.7
2026/04/02@15:14:34,38044,968.50904,11444.0
2026/04/02@15:14:35,38045,968.50148,11429.3
2026/04/02@15:14:36,38046,968.521232,11414.6
2026/04/02@15:14:37,38047,968.4719,11399.9
2026/04/02@15:14:38,38048,968.47944,11385.2
2026/04/02@15:14:39,38049,968.4978,11370.5
2026/04/02@15:14:41,38051,968.48052,11341.1
2026/04/02@15:14:42,38052,968.4966,11326.4
2026/04/02@15:14:43,38053,968.4757,11311.7
2026/04/02@15:14:44,38054,968.50525,11297.0
2026/04/02@15:14:45,38055,968.521232,11283.870967741936
2026/04/02@15:14:46,38056,968.5065,11270.741935483871
2026/04/02@15:14:47,38057,968.4991,11257.612903225807
2026/04/02@15:14:48,38058,968.4818,11244.483870967742
2026/04/02@15:14:49,38059,968.4817,11231.354838709678
2026/04/02@15:14:50,38060,968.5594,11218.225806451614
2026/04/02@15:14:51,38061,968.52732,11205.09677419355
2026/04/02@15:14:52,38062,968.4991,11191.967741935483
2026/04/02@15:14:54,38064,968.5212,11165.709677419354
2026/04/02@15:14:55,38065,968.475664,11152.58064516129
2026/04/02@15:14:56,38066,968.51376,11139.451612903225
2026/04/02@15:14:57,38067,968.4746,11126.322580645161
2026/04/02@15:14:58,38068,968.5508,11113.193548387097
2026/04/02@15:14:59,38069,968.4904,11100.064516129032
2026/04/02@15:15:00,38070,968.475664,11086.935483870968
2026/04/02@15:15:01,38071,968.5039,11073.806451612903
2026/04/02@15:15:02,38072,968.5016,11060.677419354839
2026/04/02@15:15:03,38073,968.519,11047.548387096775
2026/04/02@15:15:04,38074,968.51132,11034.41935483871
2026/04/02@15:15:05,38075,968.47688,11021.290322580646
2026/04/02@15:15:07,38077,968.5151,10995.032258064517
2026/04/02@15:15:08,38078,968.47688,10981.90322580645
2026/04/02@15:15:09,38079,968.50268,10968.774193548386
2026/04/02@15:15:10,38080,968.5076,10955.645161290322
2026/04/02@15:15:11,38081,968.4992,10942.516129032258
2026/04/02@15:15:12,38082,968.50776,10929.387096774193
2026/04/02@15:15:13,38083,968.4953,10916.258064516129
2026/04/02@15:15:14,38084,968.5089,10903.129032258064
2026/04/02@15:15:15,38085,968.4978,10890.0
2026/04/02@15:15:16,38086,968.51376,10877.290322580646
2026/04/02@15:15:17,38087,968.48416,10864.58064516129
2026/04/02@15:15:18,38088,968.51268,10851.870967741936
2026/04/02@15:15:20,38090,968.4793,10826.451612903225
2026/04/02@15:15:21,38091,968.47064,10813.741935483871
2026/04/02@15:15:22,38092,968.4867,10801.032258064517
2026/04/02@15:15:23,38093,968.48052,10788.322580645161
2026/04/02@15:15:24,38094,968.4867,10775.612903225807
2026/04/02@15:15:25,38095,968.464368,10762.90322580645
2026/04/02@15:15:26,38096,968.46456,10750.193548387097
2026/04/02@15:15:27,38097,968.488064,10737.483870967742
2026/04/02@15:15:28,38098,968.4868,10724.774193548386
2026/04/02@15:15:29,38099,968.5087,10712.064516129032
2026/04/02@15:15:30,38100,968.47816,10699.354838709678
2026/04/02@15:15:31,38101,968.4804,10686.645161290322
2026/04/02@15:15:33,38103,968.5002,10661.225806451614
2026/04/02@15:15:34,38104,968.4916,10648.516129032258
2026/04/02@15:15:35,38105,968.47424,10635.806451612903
2026/04/02@15:15:36,38106,968.50268,10623.09677419355
2026/04/02@15:15:37,38107,968.5224,10610.387096774193
2026/04/02@15:15:38,38108,968.4815,10597.677419354839
2026/04/02@15:15:39,38109,968.460736,10584.967741935485
2026/04/02@15:15:40,38110,968.4719,10572.258064516129
2026/04/02@15:15:41,38111,968.4966,10559.548387096775
2026/04/02@15:15:42,38112,968.5065,10546.838709677419
2026/04/02@15:15:43,38113,968.46456,10534.129032258064
2026/04/02@15:15:44,38114,968.4902,10521.41935483871
2026/04/02@15:15:46,38116,968.49024,10496.0
2026/04/02@15:15:47,38117,968.47816,10482.9
2026/04/02@15:15:48,38118,968.50268,10469.8
2026/04/02@15:15:49,38119,968.4891,10456.7
2026/04/02@15:15:50,38120,968.4716,10443.6
2026/04/02@15:15:51,38121,968.4864,10430.5
2026/04/02@15:15:52,38122,968.42884,10417.4
2026/04/02@15:15:53,38123,968.47292,10404.3
2026/04/02@15:15:54,38124,968.4868,10391.2
2026/04/02@15:15:55,38125,968.4891,10378.1
2026/04/02@15:15:56,38126,968.5312,10365.0
2026/04/02@15:15:57,38127,968.4593,10351.9
2026/04/02@15:15:59,38129,968.479264,10325.7
2026/04/02@15:16:00,38130,968.5111,10312.6
2026/04/02@15:16:01,38131,968.530736,10299.5
2026/04/02@15:16:02,38132,968.4963,10286.4
2026/04/02@15:16:03,38133,968.4409,10273.3
2026/04/02@15:16:04,38134,968.4988,10260.2
2026/04/02@15:16:05,38135,968.4768,10247.1
2026/04/02@15:16:06,38136,968.5225,10234.0
2026/04/02@15:16:07,38137,968.4828,10220.9
2026/04/02@15:16:08,38138,968.47424,10207.8
2026/04/02@15:16:09,38139,968.4604,10194.7
2026/04/02@15:16:10,38140,968.4789,10181.6
2026/04/02@15:16:12,38142,968.50252,10155.4
2026/04/02@15:16:13,38143,968.4853,10142.3
2026/04/02@15:16:14,38144,968.4656,10129.2
2026/04/02@15:16:15,38145,968.468,10116.1
2026/04/02@15:16:16,38146,968.4458,10103.0
2026/04/02@15:16:17,38147,968.448368,10091.354838709678
2026/04/02@15:16:18,38148,968.48868,10079.709677419354
2026/04/02@15:16:19,38149,968.4729,10068.064516129032
2026/04/02@15:16:20,38150,968.45917,10056.41935483871
2026/04/02@15:16:21,38151,968.4839,10044.774193548386
2026/04/02@15:16:22,38152,968.5137,10033.129032258064
2026/04/02@15:16:23,38153,968.4988,10021.483870967742
2026/04/02@15:16:25,38155,968.49508,9998.193548387097
2026/04/02@15:16:26,38156,968.4815,9986.548387096775
2026/04/02@15:16:27,38157,968.4739,9974.90322580645
2026/04/02@15:16:28,38158,968.4718,9963.258064516129
2026/04/02@15:16:29,38159,968.4866,9951.612903225807
2026/04/02@15:16:30,38160,968.4838,9939.967741935483
2026/04/02@15:16:31,38161,968.4444,9928.322580645161
2026/04/02@15:16:32,38162,968.448368,9916.677419354839
2026/04/02@15:16:33,38163,968.49508,9905.032258064517
2026/04/02@15:16:34,38164,968.4493,9893.387096774193
2026/04/02@15:16:35,38165,968.48776,9881.741935483871
2026/04/02@15:16:36,38166,968.4754,9870.09677419355
2026/04/02@15:16:38,38168,968.47292,9846.806451612903
2026/04/02@15:16:39,38169,968.46068,9835.161290322581
2026/04/02@15:16:40,38170,968.4656,9823.516129032258
2026/04/02@15:16:41,38171,968.4964,9811.870967741936
2026/04/02@15:16:42,38172,968.4852,9800.225806451614
2026/04/02@15:16:43,38173,968.4988,9788.58064516129
2026/04/02@15:16:44,38174,968.48776,9776.935483870968
2026/04/02@15:16:45,38175,968.4778,9765.290322580646
2026/04/02@15:16:46,38176,968.4521,9753.645161290322
2026/04/02@15:16:47,38177,968.4739,9742.0
2026/04/02@15:16:48,38178,968.47292,9730.129032258064
2026/04/02@15:16:49,38179,968.4603,9718.258064516129
2026/04/02@15:16:51,38181,968.45917,9694.516129032258
2026/04/02@15:16:52,38182,968.4407,9682.645161290322
2026/04/02@15:16:53,38183,968.46536,9670.774193548386
2026/04/02@15:16:54,38184,968.4718,9658.90322580645
2026/04/02@15:16:55,38185,968.4631,9647.032258064517
2026/04/02@15:16:56,38186,968.4729,9635.161290322581
2026/04/02@15:16:57,38187,968.4727,9623.290322580646
2026/04/02@15:16:58,38188,968.4998,9611.41935483871
2026/04/02@15:16:59,38189,968.46684,9599.548387096775
2026/04/02@15:17:00,38190,968.4899,9587.677419354839
2026/04/02@15:17:01,38191,968.46784,9575.806451612903
2026/04/02@15:17:02,38192,968.48264,9563.935483870968
2026/04/02@15:17:04,38193,968.474,9540.193548387097
2026/04/02@15:17:05,38195,968.4508,9528.322580645161
2026/04/02@15:17:06,38196,968.4925,9516.451612903225
2026/04/02@15:17:07,38197,968.474,9504.58064516129
2026/04/02@15:17:08,38198,968.459,9492.709677419354
2026/04/02@15:17:09,38199,968.4492,9480.838709677419
2026/04/02@15:17:10,38200,968.45304,9468.967741935483
2026/04/02@15:17:11,38201,968.45668,9457.09677419355
2026/04/02@15:17:12,38202,968.4518,9445.225806451614
2026/04/02@15:17:13,38203,968.46892,9433.354838709678
2026/04/02@15:17:14,38204,968.49616,9421.483870967742
2026/04/02@15:17:15,38205,968.48264,9409.612903225807
2026/04/02@15:17:16,38206,968.44904,9397.741935483871
2026/04/02@15:17:18,38208,968.45292,9374.0
2026/04/02@15:17:19,38209,968.46892,9362.354838709678
2026/04/02@15:17:20,38210,968.4517,9350.709677419354
2026/04/02@15:17:21,38211,968.4629,9339.064516129032
2026/04/02@15:17:22,38212,968.4738,9327.41935483871
2026/04/02@15:17:23,38213,968.459,9315.774193548386
2026/04/02@15:17:24,38214,968.48376,9304.129032258064
2026/04/02@15:17:25,38215,968.4665,9292.483870967742
2026/04/02@15:17:26,38216,968.454032,9280.838709677419
2026/04/02@15:17:27,38217,968.4553,9269.193548387097
2026/04/02@15:17:28,38218,968.43668,9257.548387096775
2026/04/02@15:17:30,38219,968.44308,9234.258064516129
2026/04/02@15:17:31,38221,968.45512,9222.612903225807
2026/04/02@15:17:32,38222,968.4405,9210.967741935483
2026/04/02@15:17:33,38223,968.4369,9199.322580645161
2026/04/02@15:17:34,38224,968.46768,9187.677419354839
2026/04/02@15:17:35,38225,968.4936,9176.032258064517
2026/04/02@15:17:36,38226,968.4776,9164.387096774193
2026/04/02@15:17:37,38227,968.44308,9152.741935483871
2026/04/02@15:17:38,38228,968.4416,9141.09677419355
2026/04/02@15:17:39,38229,968.45024,9129.451612903225
2026/04/02@15:17:40,38230,968.4713,9117.806451612903
2026/04/02@15:17:41,38231,968.4514,9106.161290322581
2026/04/02@15:17:42,38232,968.47,9094.516129032258
2026/04/02@15:17:44,38234,968.46784,9071.225806451614
2026/04/02@15:17:45,38235,968.46768,9059.58064516129
2026/04/02@15:17:46,38236,968.466464,9047.935483870968
2026/04/02@15:17:47,38237,968.4628,9036.290322580646
2026/04/02@15:17:48,38238,968.4578,9024.645161290322
2026/04/02@15:17:49,38239,968.4578,9013.0
2026/04/02@15:17:50,38240,968.4763,9001.3
2026/04/02@15:17:51,38241,968.459,8989.6
2026/04/02@15:17:52,38242,968.46376,8977.9
2026/04/02@15:17:53,38243,968.4489,8966.2
2026/04/02@15:17:54,38244,968.4775,8954.5
2026/04/02@15:17:55,38245,968.46856,8942.8
2026/04/02@15:17:57,38247,968.4402,8919.4
2026/04/02@15:17:58,38248,968.466464,8907.7
2026/04/02@15:17:59,38249,968.47,8896.0
2026/04/02@15:18:00,38250,968.42664,8884.3
2026/04/02@15:18:01,38251,968.4565,8872.6
2026/04/02@15:18:02,38252,968.482368,8860.9
2026/04/02@15:18:03,38253,968.4624,8849.2
2026/04/02@15:18:04,38254,968.4946,8837.5
2026/04/02@15:18:05,38255,968.449,8825.8
2026/04/02@15:18:06,38256,968.46016,8814.1
2026/04/02@15:18:07,38257,968.48456,8802.4
2026/04/02@15:18:08,38258,968.4723,8790.7
2026/04/02@15:18:10,38260,968.46608,8767.3
2026/04/02@15:18:11,38261,968.4775,8755.6
2026/04/02@15:18:12,38262,968.4515,8743.9
2026/04/02@15:18:13,38263,968.4871,8732.2
2026/04/02@15:18:14,38264,968.4698,8720.5
2026/04/02@15:18:15,38265,968.4674,8708.8
2026/04/02@15:18:16,38266,968.4811,8697.1
2026/04/02@15:18:17,38267,968.45868,8685.4
2026/04/02@15:18:18,38268,968.4437,8673.7
2026/04/02@15:18:19,38269,968.4402,8662.0
2026/04/02@15:18:20,38270,968.4698,8651.0
2026/04/02@15:18:21,38271,968.4526,8640.0
2026/04/02@15:18:23,38273,968.4734,8618.0
2026/04/02@15:18:24,38274,968.4588,8607.0
2026/04/02@15:18:25,38275,968.4761,8596.0
2026/04/02@15:18:26,38276,968.4685,8585.0
2026/04/02@15:18:27,38277,968.4625,8574.0
2026/04/02@15:18:28,38278,968.464832,8563.0
2026/04/02@15:18:29,38279,968.4635,8552.0
2026/04/02@15:18:30,38280,968.44652,8541.0
2026/04/02@15:18:31,38281,968.4931,8530.0
2026/04/02@15:18:32,38282,968.455,8519.0
2026/04/02@15:18:33,38283,968.4367,8508.0
2026/04/02@15:18:34,38284,968.48456,8497.0
2026/04/02@15:18:36,38286,968.5056,8475.0
2026/04/02@15:18:37,38287,968.4549,8464.0
2026/04/02@15:18:38,38288,968.44652,8453.0
2026/04/02@15:18:39,38289,968.45376,8442.0
2026/04/02@15:18:40,38290,968.45268,8431.0
2026/04/02@15:18:41,38291,968.4636,8420.0
2026/04/02@15:18:42,38292,968.45624,8409.0
2026/04/02@15:18:43,38293,968.4599,8398.0
2026/04/02@15:18:44,38294,968.46856,8387.0
2026/04/02@15:18:45,38295,968.47736,8376.0
2026/04/02@15:18:46,38296,968.4487,8365.0
2026/04/02@15:18:47,38297,968.46984,8354.0
2026/04/02@15:18:49,38299,968.4416,8332.0
2026/04/02@15:18:50,38300,968.4649,8321.0
2026/04/02@15:18:51,38301,968.43288,8310.032258064517
2026/04/02@15:18:52,38302,968.4723,8299.064516129032
2026/04/02@15:18:53,38303,968.4514,8288.09677419355
2026/04/02@15:18:54,38304,968.46856,8277.129032258064
2026/04/02@15:18:55,38305,968.455,8266.161290322581
2026/04/02@15:18:56,38306,968.45376,8255.193548387097
2026/04/02@15:18:57,38307,968.47736,8244.225806451614
2026/04/02@15:18:58,38308,968.42916,8233.258064516129
2026/04/02@15:18:59,38309,968.4698,8222.290322580646
2026/04/02@15:19:00,38310,968.4549,8211.322580645161
2026/04/02@15:19:02,38312,968.47848,8189.387096774193
2026/04/02@15:19:03,38313,968.4611,8178.419354838709
2026/04/02@15:19:04,38314,968.4637,8167.451612903225
2026/04/02@15:19:05,38315,968.46856,8156.483870967742
2026/04/02@15:19:06,38316,968.4574,8145.5161290322585
2026/04/02@15:19:07,38317,968.4748,8134.548387096775
2026/04/02@15:19:08,38318,968.4636,8123.580645161291
2026/04/02@15:19:09,38319,968.4562,8112.612903225807
2026/04/02@15:19:10,38320,968.4266,8101.645161290323
2026/04/02@15:19:11,38321,968.447632,8090.677419354839
2026/04/02@15:19:12,38322,968.48708,8079.709677419355
2026/04/02@15:19:13,38323,968.48708,8068.741935483871
2026/04/02@15:19:14,38324,968.471,8057.774193548387
2026/04/02@15:19:16,38326,968.47216,8035.8387096774195
2026/04/02@15:19:17,38327,968.45124,8024.870967741936
2026/04/02@15:19:18,38328,968.44868,8013.903225806452
2026/04/02@15:19:19,38329,968.45624,8002.935483870968
2026/04/02@15:19:20,38330,968.4227,7991.967741935484
2026/04/02@15:19:21,38331,968.49192,7981.0
2026/04/02@15:19:22,38332,968.47332,7970.0
2026/04/02@15:19:23,38333,968.46344,7959.0
2026/04/02@15:19:24,38334,968.458432,7948.0
2026/04/02@15:19:25,38335,968.4746,7937.0
2026/04/02@15:19:26,38336,968.46468,7926.0
2026/04/02@15:19:27,38337,968.4612,7915.0
2026/04/02@15:19:29,38339,968.4364,7893.0
2026/04/02@15:19:30,38340,968.4414,7882.0
2026/04/02@15:19:31,38341,968.47108,7871.0
2026/04/02@15:19:32,38342,968.4486,7860.0
2026/04/02@15:19:33,38343,968.4746,7849.0
2026/04/02@15:19:34,38344,968.49668,7838.0
2026/04/02@15:19:35,38345,968.4177,7827.0
2026/04/02@15:19:36,38346,968.46456,7816.0
2026/04/02@15:19:37,38347,968.4536,7805.0
2026/04/02@15:19:38,38348,968.4808,7794.0
2026/04/02@15:19:39,38349,968.4476,7783.0
2026/04/02@15:19:40,38350,968.424,7772.0
2026/04/02@15:19:42,38352,968.49912,7750.0
2026/04/02@15:19:43,38353,968.4673,7739.0
2026/04/02@15:19:44,38354,968.466,7728.0
2026/04/02@15:19:45,38355,968.4782,7717.0
2026/04/02@15:19:46,38356,968.4302,7706.0
2026/04/02@15:19:47,38357,968.4782,7695.0
2026/04/02@15:19:48,38358,968.4302,7684.0
2026/04/02@15:19:49,38359,968.4892,7673.0
2026/04/02@15:19:50,38360,968.4844,7662.0
2026/04/02@15:19:51,38361,968.4437,7651.0
2026/04/02@15:19:52,38362,968.46608,7640.290322580645
2026/04/02@15:19:53,38363,968.458432,7629.580645161291
2026/04/02@15:19:55,38365,968.4868,7608.1612903225805
2026/04/02@15:19:56,38366,968.4843,7597.451612903225
2026/04/02@15:19:57,38367,968.4448,7586.741935483871
2026/04/02@15:19:58,38368,968.4288,7576.032258064516
2026/04/02@15:19:59,38369,968.43008,7565.322580645161
2026/04/02@15:20:00,38370,968.442432,7554.612903225807
2026/04/02@15:20:01,38371,968.44368,7543.903225806452
2026/04/02@15:20:02,38372,968.4561,7533.193548387097
2026/04/02@15:20:03,38373,968.44976,7522.483870967742
2026/04/02@15:20:04,38374,968.43256,7511.774193548387
2026/04/02@15:20:05,38375,968.43632,7501.064516129032
2026/04/02@15:20:06,38376,968.47064,7490.354838709677
2026/04/02@15:20:08,38378,968.4216,7468.935483870968
2026/04/02@15:20:09,38379,968.4596,7458.225806451613
2026/04/02@15:20:10,38380,968.407936,7447.5161290322585
2026/04/02@15:20:11,38381,968.4819,7436.806451612903
2026/04/02@15:20:12,38382,968.438864,7426.096774193548
2026/04/02@15:20:13,38383,968.4832,7415.387096774193
2026/04/02@15:20:14,38384,968.438864,7404.677419354839
2026/04/02@15:20:15,38385,968.4734,7393.967741935484
2026/04/02@15:20:16,38386,968.4241,7383.258064516129
2026/04/02@15:20:17,38387,968.44996,7372.548387096775
2026/04/02@15:20:18,38388,968.4791,7361.8387096774195
2026/04/02@15:20:19,38389,968.46456,7351.129032258064
2026/04/02@15:20:21,38391,968.45,7329.709677419355
2026/04/02@15:20:22,38392,968.4473,7319.0
2026/04/02@15:20:23,38393,968.4523,7309.096774193548
2026/04/02@15:20:24,38394,968.4596,7299.193548387097
2026/04/02@15:20:25,38395,968.43368,7289.290322580645
2026/04/02@15:20:26,38396,968.4559,7279.387096774193
2026/04/02@15:20:27,38397,968.4486,7269.4838709677415
2026/04/02@15:20:28,38398,968.4734,7259.580645161291
2026/04/02@15:20:29,38399,968.435,7249.677419354839
2026/04/02@15:20:30,38400,968.43368,7239.774193548387
2026/04/02@15:20:31,38401,968.46824,7229.870967741936
2026/04/02@15:20:32,38402,968.4657,7219.967741935484
2026/04/02@15:20:34,38404,968.43008,7200.1612903225805
2026/04/02@15:20:35,38405,968.48052,7190.258064516129
2026/04/02@15:20:36,38406,968.4462,7180.354838709677
2026/04/02@15:20:37,38407,968.4412,7170.451612903225
2026/04/02@15:20:38,38408,968.4523,7160.548387096775
2026/04/02@15:20:39,38409,968.43144,7150.645161290323
2026/04/02@15:20:40,38410,968.435,7140.741935483871
2026/04/02@15:20:41,38411,968.4548,7130.8387096774195
2026/04/02@15:20:42,38412,968.47688,7120.935483870968
2026/04/02@15:20:43,38413,968.43384,7111.032258064516
2026/04/02@15:20:44,38414,968.4545,7101.129032258064
2026/04/02@15:20:45,38415,968.4721,7091.225806451613
2026/04/02@15:20:47,38417,968.4584,7071.419354838709
2026/04/02@15:20:48,38418,968.4448,7061.5161290322585
2026/04/02@15:20:49,38419,968.4646,7051.612903225807
2026/04/02@15:20:50,38420,968.4523,7041.709677419355
2026/04/02@15:20:51,38421,968.4462,7031.806451612903
2026/04/02@15:20:52,38422,968.4819,7021.903225806452
2026/04/02@15:20:53,38423,968.46068,7012.0
2026/04/02@15:20:54,38424,968.50252,7001.4838709677415
2026/04/02@15:20:55,38425,968.46092,6990.967741935484
2026/04/02@15:20:56,38426,968.45232,6980.451612903225
2026/04/02@15:20:57,38427,968.45336,6969.935483870968
2026/04/02@15:20:58,38428,968.4607,6959.419354838709
2026/04/02@15:21:00,38430,968.493,6938.387096774193
2026/04/02@15:21:01,38431,968.46816,6927.870967741936
2026/04/02@15:21:02,38432,968.46816,6917.354838709677
2026/04/02@15:21:03,38433,968.4545,6906.8387096774195
2026/04/02@15:21:04,38434,968.4521,6896.322580645161
2026/04/02@15:21:05,38435,968.46708,6885.806451612903
2026/04/02@15:21:06,38436,968.4213,6875.290322580645
2026/04/02@15:21:07,38437,968.4472,6864.774193548387
2026/04/02@15:21:08,38438,968.4744,6854.258064516129
2026/04/02@15:21:09,38439,968.4545,6843.741935483871
2026/04/02@15:21:10,38440,968.4447,6833.225806451613
2026/04/02@15:21:11,38441,968.4545,6822.709677419355
2026/04/02@15:21:13,38443,968.465664,6801.677419354839
2026/04/02@15:21:14,38444,968.448368,6791.1612903225805
2026/04/02@15:21:15,38445,968.46816,6780.645161290323
2026/04/02@15:21:16,38446,968.464368,6770.129032258064
2026/04/02@15:21:17,38447,968.45336,6759.612903225807
2026/04/02@15:21:18,38448,968.4607,6749.096774193548
2026/04/02@15:21:19,38449,968.4373,6738.580645161291
2026/04/02@15:21:20,38450,968.45824,6728.064516129032
2026/04/02@15:21:21,38451,968.44088,6717.548387096775
2026/04/02@15:21:22,38452,968.4693,6707.032258064516
2026/04/02@15:21:23,38453,968.4533,6696.516129032258
2026/04/02@15:21:24,38454,968.4472,6686.0
2026/04/02@15:21:26,38456,968.4199,6664.666666666667
2026/04/02@15:21:27,38457,968.4645,6654.0
2026/04/02@15:21:28,38458,968.4816,6643.333333333333
2026/04/02@15:21:29,38459,968.49648,6632.666666666667
2026/04/02@15:21:30,38460,968.44728,6622.0
2026/04/02@15:21:31,38461,968.4484,6611.333333333333
2026/04/02@15:21:32,38462,968.4557,6600.666666666667
2026/04/02@15:21:33,38463,968.4657,6590.0
2026/04/02@15:21:34,38464,968.44728,6579.333333333333
2026/04/02@15:21:35,38465,968.4495,6568.666666666667
2026/04/02@15:21:36,38466,968.45592,6558.0
2026/04/02@15:21:37,38467,968.4411,6547.333333333333
2026/04/02@15:21:39,38469,968.43368,6526.0
2026/04/02@15:21:40,38470,968.44352,6515.333333333333
2026/04/02@15:21:41,38471,968.4632,6504.666666666667
2026/04/02@15:21:42,38472,968.4275,6494.0
2026/04/02@15:21:43,38473,968.44728,6483.333333333333
2026/04/02@15:21:44,38474,968.4509,6472.666666666667
2026/04/02@15:21:45,38475,968.47544,6462.0
2026/04/02@15:21:46,38476,968.4509,6451.333333333333
2026/04/02@15:21:47,38477,968.4313,6440.666666666667
2026/04/02@15:21:48,38478,968.4903,6430.0
2026/04/02@15:21:49,38479,968.439632,6419.333333333333
2026/04/02@15:21:50,38480,968.4508,6408.666666666667
2026/04/02@15:21:52,38482,968.4373,6387.333333333333
2026/04/02@15:21:53,38483,968.4693,6376.666666666667
2026/04/02@15:21:54,38484,968.462,6366.0
2026/04/02@15:21:55,38485,968.46184,6355.870967741936
2026/04/02@15:21:56,38486,968.46684,6345.741935483871
2026/04/02@15:21:57,38487,968.47048,6335.612903225807
2026/04/02@15:21:58,38488,968.45304,6325.4838709677415
2026/04/02@15:21:59,38489,968.4482,6315.354838709677
2026/04/02@15:22:00,38490,968.4422,6305.225806451613
2026/04/02@15:22:01,38491,968.4386,6295.096774193548
2026/04/02@15:22:02,38492,968.4422,6284.967741935484
2026/04/02@15:22:03,38493,968.43336,6274.8387096774195
2026/04/02@15:22:05,38495,968.4975,6254.580645161291
2026/04/02@15:22:06,38496,968.43464,6244.451612903225
2026/04/02@15:22:07,38497,968.4557,6234.322580645161
2026/04/02@15:22:08,38498,968.4482,6224.193548387097
2026/04/02@15:22:09,38499,968.4707,6214.064516129032
2026/04/02@15:22:10,38500,968.4641,6203.935483870968
2026/04/02@15:22:11,38501,968.4593,6193.806451612903
2026/04/02@15:22:12,38502,968.4222,6183.677419354839
2026/04/02@15:22:13,38503,968.475664,6173.548387096775
2026/04/02@15:22:14,38504,968.4469,6163.419354838709
2026/04/02@15:22:15,38505,968.44088,6153.290322580645
2026/04/02@15:22:16,38506,968.426,6143.1612903225805
2026/04/02@15:22:18,38508,968.4432,6122.903225806452
2026/04/02@15:22:19,38509,968.4419,6112.774193548387
2026/04/02@15:22:20,38510,968.4506,6102.645161290323
2026/04/02@15:22:21,38511,968.42848,6092.516129032258
2026/04/02@15:22:22,38512,968.4606,6082.387096774193
2026/04/02@15:22:23,38513,968.44088,6072.258064516129
2026/04/02@15:22:24,38514,968.45432,6062.129032258064
2026/04/02@15:22:25,38515,968.4509,6052.0
2026/04/02@15:22:26,38516,968.452,6041.935483870968
2026/04/02@15:22:27,38517,968.434464,6031.870967741936
2026/04/02@15:22:28,38518,968.4345,6021.806451612903
2026/04/02@15:22:29,38519,968.45304,6011.741935483871
2026/04/02@15:22:31,38520,968.4482,5991.612903225807
2026/04/02@15:22:32,38522,968.4419,5981.548387096775
2026/04/02@15:22:33,38523,968.4654,5971.4838709677415
2026/04/02@15:22:34,38524,968.43584,5961.419354838709
2026/04/02@15:22:35,38525,968.46152,5951.354838709677
2026/04/02@15:22:36,38526,968.45544,5941.290322580645
2026/04/02@15:22:37,38527,968.43584,5931.225806451613
2026/04/02@15:22:38,38528,968.412336,5921.1612903225805
2026/04/02@15:22:39,38529,968.4272,5911.096774193548
2026/04/02@15:22:40,38530,968.43584,5901.032258064516
2026/04/02@15:22:41,38531,968.4383,5890.967741935484
2026/04/02@15:22:42,38532,968.44948,5880.903225806452
2026/04/02@15:22:44,38533,968.4456,5860.774193548387
2026/04/02@15:22:45,38535,968.4481,5850.709677419355
2026/04/02@15:22:46,38536,968.43692,5840.645161290323
2026/04/02@15:22:47,38537,968.4469,5830.580645161291
2026/04/02@15:22:48,38538,968.4395,5820.5161290322585
2026/04/02@15:22:49,38539,968.4247,5810.451612903225
2026/04/02@15:22:50,38540,968.4518,5800.387096774193
2026/04/02@15:22:51,38541,968.421,5790.322580645161
2026/04/02@15:22:52,38542,968.4395,5780.258064516129
2026/04/02@15:22:53,38543,968.4444,5770.193548387097
2026/04/02@15:22:54,38544,968.4395,5760.129032258064
2026/04/02@15:22:55,38545,968.4271,5750.064516129032
2026/04/02@15:22:56,38546,968.42344,5740.0
2026/04/02@15:22:58,38548,968.4272,5719.1612903225805
2026/04/02@15:22:59,38549,968.4333,5708.741935483871
2026/04/02@15:23:00,38550,968.41976,5698.322580645161
2026/04/02@15:23:01,38551,968.421,5687.903225806452
2026/04/02@15:23:02,38552,968.46548,5677.4838709677415
2026/04/02@15:23:03,38553,968.42192,5667.064516129032
2026/04/02@15:23:04,38554,968.4517,5656.645161290323
2026/04/02@15:23:05,38555,968.4777,5646.225806451613
2026/04/02@15:23:06,38556,968.42332,5635.806451612903
2026/04/02@15:23:07,38557,968.45052,5625.387096774193
2026/04/02@15:23:08,38558,968.4617,5614.967741935484
2026/04/02@15:23:09,38559,968.4333,5604.548387096775
2026/04/02@15:23:11,38561,968.432,5583.709677419355
2026/04/02@15:23:12,38562,968.4654,5573.290322580645
2026/04/02@15:23:13,38563,968.42332,5562.870967741936
2026/04/02@15:23:14,38564,968.4037,5552.451612903225
2026/04/02@15:23:15,38565,968.4628,5542.032258064516
2026/04/02@15:23:16,38566,968.42584,5531.612903225807
2026/04/02@15:23:17,38567,968.40984,5521.193548387097
2026/04/02@15:23:18,38568,968.4394,5510.774193548387
2026/04/02@15:23:19,38569,968.407136,5500.354838709677
2026/04/02@15:23:20,38570,968.44652,5489.935483870968
2026/04/02@15:23:21,38571,968.437,5479.516129032258
2026/04/02@15:23:22,38572,968.44308,5469.096774193548
2026/04/02@15:23:24,38574,968.41484,5448.258064516129
2026/04/02@15:23:25,38575,968.4318,5437.8387096774195
2026/04/02@15:23:26,38576,968.4579,5427.419354838709
2026/04/02@15:23:27,38577,968.4494,5417.0
2026/04/02@15:23:28,38578,968.42948,5406.266666666666
2026/04/02@15:23:29,38579,968.4309,5395.533333333334
2026/04/02@15:23:30,38580,968.4775,5384.8
2026/04/02@15:23:31,38581,968.46536,5374.066666666667
2026/04/02@15:23:32,38582,968.4492,5363.333333333333
2026/04/02@15:23:33,38583,968.4221,5352.6
2026/04/02@15:23:34,38584,968.4442,5341.866666666667
2026/04/02@15:23:35,38585,968.4109,5331.133333333333
2026/04/02@15:23:37,38587,968.4517,5309.666666666667
2026/04/02@15:23:38,38588,968.4468,5298.933333333333
2026/04/02@15:23:39,38589,968.401,5288.2
2026/04/02@15:23:40,38590,968.4369,5277.466666666666
2026/04/02@15:23:41,38591,968.443,5266.733333333334
2026/04/02@15:23:42,38592,968.41832,5256.0
2026/04/02@15:23:43,38593,968.46548,5245.266666666666
2026/04/02@15:23:44,38594,968.4221,5234.533333333334
2026/04/02@15:23:45,38595,968.43805,5223.8
2026/04/02@15:23:46,38596,968.43584,5213.066666666667
2026/04/02@15:23:47,38597,968.391232,5202.333333333333
2026/04/02@15:23:48,38598,968.4309,5191.6
2026/04/02@15:23:50,38600,968.4293,5170.133333333333
2026/04/02@15:23:51,38601,968.45152,5159.4
2026/04/02@15:23:52,38602,968.4172,5148.666666666667
2026/04/02@15:23:53,38603,968.44308,5137.933333333333
2026/04/02@15:23:54,38604,968.4211,5127.2
2026/04/02@15:23:55,38605,968.4369,5116.466666666667
2026/04/02@15:23:56,38606,968.41348,5105.733333333334
2026/04/02@15:23:57,38607,968.4344,5095.0
2026/04/02@15:23:58,38608,968.45776,5084.709677419355
2026/04/02@15:23:59,38609,968.469,5074.419354838709
2026/04/02@15:24:00,38610,968.4258,5064.129032258064
2026/04/02@15:24:01,38611,968.443,5053.8387096774195
2026/04/02@15:24:03,38613,968.44416,5033.258064516129
2026/04/02@15:24:04,38614,968.4392,5022.967741935484
2026/04/02@15:24:05,38615,968.45776,5012.677419354839
2026/04/02@15:24:06,38616,968.4158,5002.387096774193
2026/04/02@15:24:07,38617,968.4356,4992.096774193548
2026/04/02@15:24:08,38618,968.45656,4981.806451612903
2026/04/02@15:24:09,38619,968.42192,4971.516129032258
2026/04/02@15:24:10,38620,968.4457,4961.225806451613
2026/04/02@15:24:11,38621,968.4233,4950.935483870968
2026/04/02@15:24:12,38622,968.4122,4940.645161290323
2026/04/02@15:24:13,38623,968.440368,4930.354838709677
2026/04/02@15:24:14,38624,968.44416,4920.064516129032
2026/04/02@15:24:16,38626,968.4269,4899.4838709677415
2026/04/02@15:24:17,38627,968.4344,4889.193548387097
2026/04/02@15:24:18,38628,968.4258,4878.903225806452
2026/04/02@15:24:19,38629,968.41096,4868.612903225807
2026/04/02@15:24:20,38630,968.4553,4858.322580645161
2026/04/02@15:24:21,38631,968.4121,4848.032258064516
2026/04/02@15:24:22,38632,968.4405,4837.741935483871
2026/04/02@15:24:23,38633,968.4256,4827.451612903225
2026/04/02@15:24:24,38634,968.4344,4817.1612903225805
2026/04/02@15:24:25,38635,968.4503,4806.870967741936
2026/04/02@15:24:26,38636,968.4269,4796.580645161291
2026/04/02@15:24:27,38637,968.4305,4786.290322580645
2026/04/02@15:24:29,38639,968.42208,4766.225806451613
2026/04/02@15:24:30,38640,968.4526,4756.451612903225
2026/04/02@15:24:31,38641,968.433,4746.677419354839
2026/04/02@15:24:32,38642,968.4306,4736.903225806452
2026/04/02@15:24:33,38643,968.4132,4727.129032258064
2026/04/02@15:24:34,38644,968.4701,4717.354838709677
2026/04/02@15:24:35,38645,968.4268,4707.580645161291
2026/04/02@15:24:36,38646,968.410736,4697.806451612903
2026/04/02@15:24:37,38647,968.428,4688.032258064516
2026/04/02@15:24:38,38648,968.4392,4678.258064516129
2026/04/02@15:24:39,38649,968.4624,4668.483870967742
2026/04/02@15:24:40,38650,968.44652,4658.709677419355
2026/04/02@15:24:42,38652,968.4158,4639.1612903225805
2026/04/02@15:24:43,38653,968.4107,4629.387096774193
2026/04/02@15:24:44,38654,968.40952,4619.612903225807
2026/04/02@15:24:45,38655,968.4355,4609.8387096774195
2026/04/02@15:24:46,38656,968.4317,4600.064516129032
2026/04/02@15:24:47,38657,968.4601,4590.290322580645
2026/04/02@15:24:48,38658,968.4107,4580.5161290322585
2026/04/02@15:24:49,38659,968.4343,4570.741935483871
2026/04/02@15:24:50,38660,968.407,4560.967741935484
2026/04/02@15:24:51,38661,968.41565,4551.193548387097
2026/04/02@15:24:52,38662,968.4602,4541.419354838709
2026/04/02@15:24:53,38663,968.44384,4531.645161290323
2026/04/02@15:24:55,38665,968.43784,4512.096774193548
2026/04/02@15:24:56,38666,968.423,4502.322580645161
2026/04/02@15:24:57,38667,968.43532,4492.548387096775
2026/04/02@15:24:58,38668,968.4294,4482.774193548387
2026/04/02@15:24:59,38669,968.45376,4473.0
2026/04/02@15:25:00,38670,968.44148,4462.870967741936
2026/04/02@15:25:01,38671,968.4169,4452.741935483871
2026/04/02@15:25:02,38672,968.43272,4442.612903225807
2026/04/02@15:25:03,38673,968.41316,4432.4838709677415
2026/04/02@15:25:04,38674,968.4304,4422.354838709677
2026/04/02@15:25:05,38675,968.428064,4412.225806451613
2026/04/02@15:25:06,38676,968.42416,4402.096774193548
2026/04/02@15:25:08,38678,968.43668,4381.8387096774195
2026/04/02@15:25:09,38679,968.40708,4371.709677419355
2026/04/02@15:25:10,38680,968.44148,4361.580645161291
2026/04/02@15:25:11,38681,968.4215,4351.451612903225
2026/04/02@15:25:12,38682,968.4636,4341.322580645161
2026/04/02@15:25:13,38683,968.410736,4331.193548387097
2026/04/02@15:25:14,38684,968.4439,4321.064516129032
2026/04/02@15:25:15,38685,968.431632,4310.935483870968
2026/04/02@15:25:16,38686,968.4305,4300.806451612903
2026/04/02@15:25:17,38687,968.43668,4290.677419354839
2026/04/02@15:25:18,38688,968.4031,4280.548387096775
2026/04/02@15:25:19,38689,968.43896,4270.419354838709
2026/04/02@15:25:21,38691,968.4453,4250.1612903225805
2026/04/02@15:25:22,38692,968.4464,4240.032258064516
2026/04/02@15:25:23,38693,968.3858,4229.903225806452
2026/04/02@15:25:24,38694,968.4339,4219.774193548387
2026/04/02@15:25:25,38695,968.41064,4209.645161290323
2026/04/02@15:25:26,38696,968.4278,4199.516129032258
2026/04/02@15:25:27,38697,968.4623,4189.387096774193
2026/04/02@15:25:28,38698,968.41656,4179.258064516129
2026/04/02@15:25:29,38699,968.4304,4169.129032258064
2026/04/02@15:25:30,38700,968.44368,4159.0
2026/04/02@15:25:31,38701,968.428,4149.096774193548
2026/04/02@15:25:32,38702,968.4217,4139.193548387097
2026/04/02@15:25:33,38703,968.437568,4129.290322580645
2026/04/02@15:25:35,38705,968.44024,4109.4838709677415
2026/04/02@15:25:36,38706,968.4425,4099.580645161291
2026/04/02@15:25:37,38707,968.3956,4089.6774193548385
2026/04/02@15:25:38,38708,968.45124,4079.7741935483873
2026/04/02@15:25:39,38709,968.44868,4069.8709677419356
2026/04/02@15:25:40,38710,968.40652,4059.967741935484
2026/04/02@15:25:41,38711,968.46576,4050.064516129032
2026/04/02@15:25:42,38712,968.43368,4040.1612903225805
2026/04/02@15:25:43,38713,968.41908,4030.2580645161293
2026/04/02@15:25:44,38714,968.4043,4020.3548387096776
2026/04/02@15:25:45,38715,968.411568,4010.451612903226
2026/04/02@15:25:46,38716,968.4302,4000.548387096774
2026/04/02@15:25:48,38718,968.45592,3980.741935483871
2026/04/02@15:25:49,38719,968.39576,3970.8387096774195
2026/04/02@15:25:50,38720,968.4043,3960.935483870968
2026/04/02@15:25:51,38721,968.4178,3951.032258064516
2026/04/02@15:25:52,38722,968.437568,3941.1290322580644
2026/04/02@15:25:53,38723,968.4264,3931.2258064516127
2026/04/02@15:25:54,38724,968.4377,3921.3225806451615
2026/04/02@15:25:55,38725,968.44,3911.4193548387098
2026/04/02@15:25:56,38726,968.42892,3901.516129032258
2026/04/02@15:25:57,38727,968.395568,3891.6129032258063
2026/04/02@15:25:58,38728,968.41656,3881.709677419355
2026/04/02@15:25:59,38729,968.4511,3871.8064516129034
2026/04/02@15:26:01,38731,968.387,3852.0
2026/04/02@15:26:02,38732,968.4152,3842.6065573770493
2026/04/02@15:26:03,38733,968.4288,3833.2131147540986
2026/04/02@15:26:04,38734,968.43384,3823.8196721311474
2026/04/02@15:26:05,38735,968.442432,3814.4262295081967
2026/04/02@15:26:06,38736,968.42504,3805.032786885246
2026/04/02@15:26:07,38737,968.437568,3795.6393442622953
2026/04/02@15:26:08,38738,968.43648,3786.245901639344
2026/04/02@15:26:09,38739,968.446032,3776.8524590163934
2026/04/02@15:26:10,38740,968.475664,3767.4590163934427
2026/04/02@15:26:11,38741,968.4313,3758.065573770492
2026/04/02@15:26:12,38742,968.412864,3748.6721311475408
2026/04/02@15:26:14,38744,968.45232,3729.8852459016393
2026/04/02@15:26:15,38745,968.3968,3720.4918032786886
2026/04/02@15:26:16,38746,968.43748,3711.098360655738
2026/04/02@15:26:17,38747,968.4448,3701.7049180327867
2026/04/02@15:26:18,38748,968.4179,3692.311475409836
2026/04/02@15:26:19,38749,968.424,3682.9180327868853
2026/04/02@15:26:20,38750,968.44744,3673.5245901639346
2026/04/02@15:26:21,38751,968.42616,3664.1311475409834
2026/04/02@15:26:22,38752,968.4363,3654.7377049180327
2026/04/02@15:26:23,38753,968.4277,3645.344262295082
2026/04/02@15:26:24,38754,968.3992,3635.9508196721313
2026/04/02@15:26:25,38755,968.4065,3626.55737704918
2026/04/02@15:26:27,38757,968.4325,3607.7704918032787
2026/04/02@15:26:28,38758,968.4213,3598.377049180328
2026/04/02@15:26:29,38759,968.44728,3588.9836065573772
2026/04/02@15:26:30,38760,968.470768,3579.590163934426
2026/04/02@15:26:31,38761,968.40904,3570.1967213114754
2026/04/02@15:26:32,38762,968.4511,3560.8032786885246
2026/04/02@15:26:33,38763,968.43616,3551.409836065574
2026/04/02@15:26:34,38764,968.44504,3542.0163934426228
2026/04/02@15:26:35,38765,968.4006,3532.622950819672
2026/04/02@15:26:36,38766,968.4288,3523.2295081967213
2026/04/02@15:26:37,38767,968.4523,3513.8360655737706
2026/04/02@15:26:38,38768,968.43748,3504.44262295082
2026/04/02@15:26:40,38770,968.4411,3485.655737704918
2026/04/02@15:26:41,38771,968.4277,3476.2622950819673
2026/04/02@15:26:42,38772,968.42892,3466.868852459016
2026/04/02@15:26:43,38773,968.43616,3457.4754098360654
2026/04/02@15:26:44,38774,968.4325,3448.0819672131147
2026/04/02@15:26:45,38775,968.44,3438.688524590164
2026/04/02@15:26:46,38776,968.4213,3429.2950819672133
2026/04/02@15:26:47,38777,968.4214,3419.901639344262
2026/04/02@15:26:48,38778,968.43368,3410.5081967213114
2026/04/02@15:26:49,38779,968.3844,3401.1147540983607
2026/04/02@15:26:50,38780,968.4302,3391.72131147541
2026/04/02@15:26:51,38781,968.4189,3382.327868852459
2026/04/02@15:26:53,38783,968.4302,3363.5409836065573
2026/04/02@15:26:54,38784,968.4558,3354.1475409836066
2026/04/02@15:26:55,38785,968.412864,3344.754098360656
2026/04/02@15:26:56,38786,968.42632,3335.3606557377047
2026/04/02@15:26:57,38787,968.435,3325.967213114754
2026/04/02@15:26:58,38788,968.4093,3316.5737704918033
2026/04/02@15:26:59,38789,968.435264,3307.1803278688526
2026/04/02@15:27:00,38790,968.42376,3297.7868852459014
2026/04/02@15:27:01,38791,968.42504,3288.3934426229507
2026/04/02@15:27:02,38792,968.3931,3279.0
2026/04/02@15:27:03,38793,968.412864,3269.5
2026/04/02@15:27:04,38794,968.4299,3260.0
2026/04/02@15:27:06,38796,968.3571,3241.0
2026/04/02@15:27:07,38797,968.4127,3231.5
2026/04/02@15:27:08,38798,968.41768,3222.0
2026/04/02@15:27:09,38799,968.41984,3212.5
2026/04/02@15:27:10,38800,968.4114,3203.0
2026/04/02@15:27:11,38801,968.40152,3193.5
2026/04/02@15:27:12,38802,968.39792,3184.0
2026/04/02@15:27:13,38803,968.442432,3174.5
2026/04/02@15:27:14,38804,968.42132,3165.0
2026/04/02@15:27:15,38805,968.39168,3155.5
2026/04/02@15:27:16,38806,968.4163,3146.0
2026/04/02@15:27:17,38807,968.44,3136.5
2026/04/02@15:27:19,38809,968.4015,3117.5
2026/04/02@15:27:20,38810,968.40408,3108.0
2026/04/02@15:27:21,38811,968.44332,3098.5
2026/04/02@15:27:22,38812,968.41984,3089.0
2026/04/02@15:27:23,38813,968.38792,3079.5
2026/04/02@15:27:24,38814,968.4336,3070.0
2026/04/02@15:27:25,38815,968.4004,3060.5
2026/04/02@15:27:26,38816,968.39656,3051.0
2026/04/02@15:27:27,38817,968.41376,3041.5
2026/04/02@15:27:28,38818,968.41376,3032.0
2026/04/02@15:27:29,38819,968.4029,3022.5
2026/04/02@15:27:30,38820,968.41976,3013.0
2026/04/02@15:27:32,38822,968.438336,2994.0
2026/04/02@15:27:33,38823,968.405,2985.0967741935483
2026/04/02@15:27:34,38824,968.4297,2976.1935483870966
2026/04/02@15:27:35,38825,968.4225,2967.2903225806454
2026/04/02@15:27:36,38826,968.42132,2958.3870967741937
2026/04/02@15:27:37,38827,968.38904,2949.483870967742
2026/04/02@15:27:38,38828,968.4336,2940.5806451612902
2026/04/02@15:27:39,38829,968.4001,2931.6774193548385
2026/04/02@15:27:40,38830,968.38904,2922.7741935483873
2026/04/02@15:27:41,38831,968.44332,2913.8709677419356
2026/04/02@15:27:42,38832,968.4163,2904.967741935484
2026/04/02@15:27:43,38833,968.4162,2896.064516129032
2026/04/02@15:27:45,38835,968.38448,2878.2580645161293
2026/04/02@15:27:46,38836,968.4285,2869.3548387096776
2026/04/02@15:27:47,38837,968.432464,2860.451612903226
2026/04/02@15:27:48,38838,968.4361,2851.548387096774
2026/04/02@15:27:49,38839,968.39544,2842.6451612903224
2026/04/02@15:27:50,38840,968.4152,2833.741935483871
2026/04/02@15:27:51,38841,968.4336,2824.8387096774195
2026/04/02@15:27:52,38842,968.4175,2815.935483870968
2026/04/02@15:27:53,38843,968.40016,2807.032258064516
2026/04/02@15:27:54,38844,968.38792,2798.1290322580644
2026/04/02@15:27:55,38845,968.42472,2789.2258064516127
2026/04/02@15:27:56,38846,968.3853,2780.3225806451615
2026/04/02@15:27:58,38848,968.4164,2762.516129032258
2026/04/02@15:27:59,38849,968.4213,2753.6129032258063
2026/04/02@15:28:00,38850,968.4077,2744.709677419355
2026/04/02@15:28:01,38851,968.4225,2735.8064516129034
2026/04/02@15:28:02,38852,968.381936,2726.9032258064517
2026/04/02@15:28:03,38853,968.42472,2718.0
2026/04/02@15:28:04,38854,968.40408,2709.6129032258063
2026/04/02@15:28:05,38855,968.4127,2701.2258064516127
2026/04/02@15:28:06,38856,968.41976,2692.8387096774195
2026/04/02@15:28:07,38857,968.405,2684.451612903226
2026/04/02@15:28:08,38858,968.3979,2676.064516129032
2026/04/02@15:28:09,38859,968.4189,2667.6774193548385
2026/04/02@15:28:10,38860,968.4102,2659.2903225806454
2026/04/02@15:28:12,38862,968.4176,2642.516129032258
2026/04/02@15:28:13,38863,968.4114,2634.1290322580644
2026/04/02@15:28:14,38864,968.4004,2625.741935483871
2026/04/02@15:28:15,38865,968.4041,2617.3548387096776
2026/04/02@15:28:16,38866,968.4324,2608.967741935484
2026/04/02@15:28:17,38867,968.3817,2600.5806451612902
2026/04/02@15:28:18,38868,968.381936,2592.1935483870966
2026/04/02@15:28:19,38869,968.45704,2583.8064516129034
2026/04/02@15:28:20,38870,968.3879,2575.4193548387098
2026/04/02@15:28:21,38871,968.4225,2567.032258064516
2026/04/02@15:28:22,38872,968.4274,2558.6451612903224
2026/04/02@15:28:23,38873,968.3965,2550.258064516129
2026/04/02@15:28:25,38875,968.4274,2533.483870967742
2026/04/02@15:28:26,38876,968.4288,2525.0967741935483
2026/04/02@15:28:27,38877,968.418736,2516.7096774193546
2026/04/02@15:28:28,38878,968.39656,2508.3225806451615
2026/04/02@15:28:29,38879,968.4164,2499.935483870968
2026/04/02@15:28:30,38880,968.42616,2491.548387096774
2026/04/02@15:28:31,38881,968.4187,2483.1612903225805
2026/04/02@15:28:32,38882,968.42116,2474.7741935483873
2026/04/02@15:28:33,38883,968.39052,2466.3870967741937
2026/04/02@15:28:34,38884,968.4015,2458.0
2026/04/02@15:28:35,38885,968.39132,2448.8
2026/04/02@15:28:36,38886,968.39528,2439.6
2026/04/02@15:28:38,38888,968.39656,2421.2
2026/04/02@15:28:39,38889,968.4088,2412.0
2026/04/02@15:28:40,38890,968.3854,2402.8
2026/04/02@15:28:41,38891,968.42868,2393.6
2026/04/02@15:28:42,38892,968.3865,2384.4
2026/04/02@15:28:43,38893,968.418736,2375.2
2026/04/02@15:28:44,38894,968.44584,2366.0
2026/04/02@15:28:45,38895,968.3854,2356.8
2026/04/02@15:28:46,38896,968.3793,2347.6
2026/04/02@15:28:47,38897,968.431,2338.4
2026/04/02@15:28:48,38898,968.4124,2329.2
2026/04/02@15:28:49,38899,968.3868,2320.0
2026/04/02@15:28:51,38901,968.3878,2301.6
2026/04/02@15:28:52,38902,968.4102,2292.4
2026/04/02@15:28:53,38903,968.4139,2283.2
2026/04/02@15:28:54,38904,968.4001,2274.0
2026/04/02@15:28:55,38905,968.3607,2264.8
2026/04/02@15:28:56,38906,968.397632,2255.6
2026/04/02@15:28:57,38907,968.3878,2246.4
2026/04/02@15:28:58,38908,968.401232,2237.2
2026/04/02@15:28:59,38909,968.4372,2228.0
2026/04/02@15:29:00,38910,968.42224,2218.8
2026/04/02@15:29:01,38911,968.422336,2209.6
2026/04/02@15:29:02,38912,968.4334,2200.4
2026/04/02@15:29:04,38914,968.43352,2182.0
2026/04/02@15:29:05,38915,968.427,2172.6451612903224
2026/04/02@15:29:06,38916,968.4088,2163.2903225806454
2026/04/02@15:29:07,38917,968.4122,2153.935483870968
2026/04/02@15:29:08,38918,968.4149,2144.5806451612902
2026/04/02@15:29:09,38919,968.418736,2135.2258064516127
2026/04/02@15:29:10,38920,968.38404,2125.8709677419356
2026/04/02@15:29:11,38921,968.4076,2116.516129032258
2026/04/02@15:29:12,38922,968.40732,2107.1612903225805
2026/04/02@15:29:13,38923,968.43192,2097.8064516129034
2026/04/02@15:29:14,38924,968.394,2088.451612903226
2026/04/02@15:29:15,38925,968.4172,2079.0967741935483
2026/04/02@15:29:17,38927,968.4358,2060.3870967741937
2026/04/02@15:29:18,38928,968.3989,2051.032258064516
2026/04/02@15:29:19,38929,968.425968,2041.6774193548388
2026/04/02@15:29:20,38930,968.4098,2032.3225806451612
2026/04/02@15:29:21,38931,968.4185,2022.967741935484
2026/04/02@15:29:22,38932,968.4358,2013.6129032258063
2026/04/02@15:29:23,38933,968.4344,2004.258064516129
2026/04/02@15:29:24,38934,968.3864,1994.9032258064517
2026/04/02@15:29:25,38935,968.3964,1985.5483870967741
2026/04/02@15:29:26,38936,968.416,1976.1935483870968
2026/04/02@15:29:27,38937,968.42092,1966.8387096774193
2026/04/02@15:29:28,38938,968.40376,1957.483870967742
2026/04/02@15:29:30,38940,968.45052,1938.774193548387
2026/04/02@15:29:31,38941,968.4454,1929.4193548387098
2026/04/02@15:29:32,38942,968.4208,1920.0645161290322
2026/04/02@15:29:33,38943,968.42696,1910.7096774193549
2026/04/02@15:29:34,38944,968.417232,1901.3548387096773
2026/04/02@15:29:35,38945,968.42092,1892.0
2026/04/02@15:29:36,38946,968.41944,1883.1290322580646
2026/04/02@15:29:37,38947,968.419568,1874.258064516129
2026/04/02@15:29:38,38948,968.39,1865.3870967741937
2026/04/02@15:29:39,38949,968.438336,1856.516129032258
2026/04/02@15:29:40,38950,968.38616,1847.6451612903227
2026/04/02@15:29:41,38951,968.4222,1838.774193548387
2026/04/02@15:29:43,38953,968.4186,1821.032258064516
2026/04/02@15:29:44,38954,968.3861,1812.1612903225807
2026/04/02@15:29:45,38955,968.4244,1803.2903225806451
2026/04/02@15:29:46,38956,968.4136,1794.4193548387098
2026/04/02@15:29:47,38957,968.417232,1785.5483870967741
2026/04/02@15:29:48,38958,968.3988,1776.6774193548388
2026/04/02@15:29:49,38959,968.40732,1767.8064516129032
2026/04/02@15:29:50,38960,968.4059,1758.9354838709678
2026/04/02@15:29:51,38961,968.412336,1750.0645161290322
2026/04/02@15:29:52,38962,968.3925,1741.1935483870968
2026/04/02@15:29:53,38963,968.4256,1732.3225806451612
2026/04/02@15:29:54,38964,968.4024,1723.4516129032259
2026/04/02@15:29:56,38966,968.3911,1705.7096774193549
2026/04/02@15:29:57,38967,968.40468,1696.8387096774193
2026/04/02@15:29:58,38968,968.3825,1687.967741935484
2026/04/02@15:29:59,38969,968.3936,1679.0967741935483
2026/04/02@15:30:00,38970,968.40468,1670.225806451613
2026/04/02@15:30:01,38971,968.4071,1661.3548387096773
2026/04/02@15:30:02,38972,968.3985,1652.483870967742
2026/04/02@15:30:03,38973,968.41332,1643.6129032258063
2026/04/02@15:30:04,38974,968.43192,1634.741935483871
2026/04/02@15:30:05,38975,968.3912,1625.8709677419356
2026/04/02@15:30:06,38976,968.45512,1617.0
2026/04/02@15:30:07,38977,968.3961,1607.3666666666666
2026/04/02@15:30:09,38979,968.41096,1588.1
2026/04/02@15:30:10,38980,968.4085,1578.4666666666667
2026/04/02@15:30:11,38981,968.41944,1568.8333333333333
2026/04/02@15:30:12,38982,968.43336,1559.2
2026/04/02@15:30:13,38983,968.4504,1549.5666666666666
2026/04/02@15:30:14,38984,968.438,1539.9333333333334
2026/04/02@15:30:15,38985,968.4158,1530.3
2026/04/02@15:30:16,38986,968.40456,1520.6666666666667
2026/04/02@15:30:17,38987,968.41437,1511.0333333333333
2026/04/02@15:30:18,38988,968.36892,1501.4
2026/04/02@15:30:19,38989,968.4294,1491.7666666666667
2026/04/02@15:30:20,38990,968.4034,1482.1333333333332
2026/04/02@15:30:21,38991,968.4046,1472.5
2026/04/02@15:30:23,38993,968.4219,1453.2333333333333
2026/04/02@15:30:24,38994,968.40216,1443.6
2026/04/02@15:30:25,38995,968.4242,1433.9666666666667
2026/04/02@15:30:26,38996,968.4035,1424.3333333333333
2026/04/02@15:30:27,38997,968.3689,1414.7
2026/04/02@15:30:28,38998,968.40216,1405.0666666666666
2026/04/02@15:30:29,38999,968.40456,1395.4333333333334
2026/04/02@15:30:30,39000,968.412064,1385.8
2026/04/02@15:30:31,39001,968.4059,1376.1666666666667
2026/04/02@15:30:32,39002,968.39232,1366.5333333333333
2026/04/02@15:30:33,39003,968.4034,1356.9
2026/04/02@15:30:34,39004,968.400736,1347.2666666666667
2026/04/02@15:30:36,39006,968.42056,1328.0
2026/04/02@15:30:37,39007,968.41908,1319.6129032258063
2026/04/02@15:30:38,39008,968.3945,1311.225806451613
2026/04/02@15:30:39,39009,968.4231,1302.8387096774193
2026/04/02@15:30:40,39010,968.41692,1294.4516129032259
2026/04/02@15:30:41,39011,968.41565,1286.0645161290322
2026/04/02@15:30:42,39012,968.36744,1277.6774193548388
2026/04/02@15:30:43,39013,968.3895,1269.2903225806451
2026/04/02@15:30:44,39014,968.438864,1260.9032258064517
2026/04/02@15:30:45,39015,968.43784,1252.516129032258
2026/04/02@15:30:46,39016,968.41672,1244.1290322580644
2026/04/02@15:30:47,39017,968.3797,1235.741935483871
2026/04/02@15:30:49,39019,968.3921,1218.967741935484
2026/04/02@15:30:50,39020,968.38332,1210.5806451612902
2026/04/02@15:30:51,39021,968.3773,1202.1935483870968
2026/04/02@15:30:52,39022,968.3784,1193.8064516129032
2026/04/02@15:30:53,39023,968.4055,1185.4193548387098
2026/04/02@15:30:54,39024,968.3884,1177.032258064516
2026/04/02@15:30:55,39025,968.372432,1168.6451612903227
2026/04/02@15:30:56,39026,968.425232,1160.258064516129
2026/04/02@15:30:57,39027,968.3907,1151.8709677419356
2026/04/02@15:30:58,39028,968.43144,1143.483870967742
2026/04/02@15:30:59,39029,968.3921,1135.0967741935483
2026/04/02@15:31:00,39030,968.4191,1126.7096774193549
2026/04/02@15:31:02,39032,968.42892,1109.9354838709678
2026/04/02@15:31:03,39033,968.402,1101.5483870967741
2026/04/02@15:31:04,39034,968.4093,1093.1612903225807
2026/04/02@15:31:05,39035,968.4389,1084.774193548387
2026/04/02@15:31:06,39036,968.39452,1076.3870967741937
2026/04/02@15:31:07,39037,968.41565,1068.0
2026/04/02@15:31:08,39038,968.41176,1059.6129032258063
2026/04/02@15:31:09,39039,968.40408,1051.225806451613
2026/04/02@15:31:10,39040,968.4093,1042.8387096774195
2026/04/02@15:31:11,39041,968.3576,1034.4516129032259
2026/04/02@15:31:12,39042,968.40684,1026.0645161290322
2026/04/02@15:31:13,39043,968.4304,1017.6774193548388
2026/04/02@15:31:15,39045,968.402,1000.9032258064517
2026/04/02@15:31:16,39046,968.3847,992.516129032258
2026/04/02@15:31:17,39047,968.386,984.1290322580645
2026/04/02@15:31:18,39048,968.4129,975.741935483871
2026/04/02@15:31:19,39049,968.41176,967.3548387096774
2026/04/02@15:31:20,39050,968.3945,958.9677419354839
2026/04/02@15:31:21,39051,968.43864,950.5806451612904
2026/04/02@15:31:22,39052,968.421664,942.1935483870968
2026/04/02@15:31:23,39053,968.4314,933.8064516129032
2026/04/02@15:31:24,39054,968.4093,925.4193548387098
2026/04/02@15:31:25,39055,968.438864,917.0322580645161
2026/04/02@15:31:26,39056,968.41048,908.6451612903227
2026/04/02@15:31:28,39058,968.4141,891.8709677419355
2026/04/02@15:31:29,39059,968.4227,883.483870967742
2026/04/02@15:31:30,39060,968.368832,875.0967741935484
2026/04/02@15:31:31,39061,968.4141,866.7096774193549
2026/04/02@15:31:32,39062,968.38584,858.3225806451613
2026/04/02@15:31:33,39063,968.4006,849.9354838709678
2026/04/02@15:31:34,39064,968.4179,841.5483870967741
2026/04/02@15:31:35,39065,968.41408,833.1612903225807
2026/04/02@15:31:36,39066,968.38448,824.7741935483871
2026/04/02@15:31:37,39067,968.41908,816.3870967741937
2026/04/02@15:31:38,39068,968.4252,808.0
2026/04/02@15:31:39,39069,968.3984,800.483870967742
2026/04/02@15:31:41,39071,968.3957,785.4516129032259
2026/04/02@15:31:42,39072,968.4118,777.9354838709677
2026/04/02@15:31:43,39073,968.41016,770.4193548387096
2026/04/02@15:31:44,39074,968.387,762.9032258064516
2026/04/02@15:31:45,39075,968.41816,755.3870967741935
2026/04/02@15:31:46,39076,968.37732,747.8709677419355
2026/04/02@15:31:47,39077,968.4129,740.3548387096774
2026/04/02@15:31:48,39078,968.41048,732.8387096774194
2026/04/02@15:31:49,39079,968.4118,725.3225806451612
2026/04/02@15:31:50,39080,968.38584,717.8064516129032
2026/04/02@15:31:51,39081,968.4082,710.2903225806451
2026/04/02@15:31:52,39082,968.4216,702.7741935483871
2026/04/02@15:31:54,39084,968.421664,687.741935483871
2026/04/02@15:31:55,39085,968.4189,680.2258064516129
2026/04/02@15:31:56,39086,968.39816,672.7096774193549
2026/04/02@15:31:57,39087,968.3932,665.1935483870968
2026/04/02@15:31:58,39088,968.4191,657.6774193548387
2026/04/02@15:31:59,39089,968.3844,650.1612903225806
2026/04/02@15:32:00,39090,968.4031,642.6451612903226
2026/04/02@15:32:01,39091,968.4179,635.1290322580645
2026/04/02@15:32:02,39092,968.41316,627.6129032258065
2026/04/02@15:32:03,39093,968.39688,620.0967741935484
2026/04/02@15:32:04,39094,968.3426,612.5806451612902
2026/04/02@15:32:05,39095,968.4216,605.0645161290322
2026/04/02@15:32:07,39097,968.38948,590.0322580645161
2026/04/02@15:32:08,39098,968.4041,582.516129032258
2026/04/02@15:32:09,39099,968.41176,575.0
