datetime,elapsed_s,gas1,Elevation_m
2026/08/01@14:08:01,7,2.802,20638.774193548386
2026/08/01@14:08:02,8,2.8014376,20641.870967741936
2026/08/01@14:08:04,10,2.7997504,20648.064516129034
2026/08/01@14:08:05,11,2.7978752,20651.16129032258
2026/08/01@14:08:06,12,2.796375,20654.25806451613
2026/08/01@14:08:07,13,2.7948752,20657.354838709678
2026/08/01@14:08:08,14,2.794125,20660.451612903227
2026/08/01@14:08:09,15,2.7922502,20663.548387096773
2026/08/01@14:08:10,16,2.791125,20666.645161290322
2026/08/01@14:08:11,17,2.7898126,20669.74193548387
2026/08/01@14:08:12,18,2.7886876,20672.83870967742
2026/08/01@14:08:13,19,2.7873752,20675.935483870966
2026/08/01@14:08:14,20,2.7868128,20679.032258064515
2026/08/01@14:08:16,22,2.7855,20685.225806451614
2026/08/01@14:08:17,23,2.7843752,20688.322580645163
2026/08/01@14:08:18,24,2.7841878,20691.41935483871
2026/08/01@14:08:19,25,2.7826876,20694.516129032258
2026/08/01@14:08:20,26,2.7823126,20697.612903225807
2026/08/01@14:08:21,27,2.7813752,20700.709677419356
2026/08/01@14:08:22,28,2.7804374,20703.8064516129
2026/08/01@14:08:23,29,2.7798752,20706.90322580645
2026/08/01@14:08:24,30,2.7793126,20710.0
2026/08/01@14:08:25,31,2.7787502,20713.166666666668
2026/08/01@14:08:26,32,2.778,20716.333333333332
2026/08/01@14:08:27,33,2.7774376,20719.5
2026/08/01@14:08:29,35,2.776875,20725.833333333332
2026/08/01@14:08:30,36,2.7763128,20729.0
2026/08/01@14:08:31,37,2.7757502,20732.166666666668
2026/08/01@14:08:32,38,2.7753752,20735.333333333332
2026/08/01@14:08:33,39,2.7748128,20738.5
2026/08/01@14:08:34,40,2.77425,20741.666666666668
2026/08/01@14:08:35,41,2.7738752,20744.833333333332
2026/08/01@14:08:36,42,2.7731252,20748.0
2026/08/01@14:08:37,43,2.7727502,20751.166666666668
2026/08/01@14:08:38,44,2.7727502,20754.333333333332
2026/08/01@14:08:39,45,2.772375,20757.5
2026/08/01@14:08:40,46,2.7718126,20760.666666666668
2026/08/01@14:08:42,48,2.771625,20767.0
2026/08/01@14:08:43,49,2.7712502,20770.166666666668
2026/08/01@14:08:44,50,2.7708752,20773.333333333332
2026/08/01@14:08:45,51,2.7703126,20776.5
2026/08/01@14:08:46,52,2.7701252,20779.666666666668
2026/08/01@14:08:47,53,2.7699376,20782.833333333332
2026/08/01@14:08:48,54,2.76975,20786.0
2026/08/01@14:08:49,55,2.7691876,20789.166666666668
2026/08/01@14:08:50,56,2.7691876,20792.333333333332
2026/08/01@14:08:51,57,2.7688126,20795.5
2026/08/01@14:08:52,58,2.7682502,20798.666666666668
2026/08/01@14:08:53,59,2.7678752,20801.833333333332
2026/08/01@14:08:55,61,2.7675,20808.16129032258
2026/08/01@14:08:56,62,2.7673126,20811.322580645163
2026/08/01@14:08:57,63,2.76675,20814.483870967742
2026/08/01@14:08:58,64,2.7671252,20817.645161290322
2026/08/01@14:08:59,65,2.7665628,20820.8064516129
2026/08/01@14:09:00,66,2.766375,20823.967741935485
2026/08/01@14:09:01,67,2.7658126,20827.129032258064
2026/08/01@14:09:02,68,2.7661876,20830.290322580644
2026/08/01@14:09:03,69,2.7656252,20833.451612903227
2026/08/01@14:09:04,70,2.7656252,20836.612903225807
2026/08/01@14:09:05,71,2.7654376,20839.774193548386
2026/08/01@14:09:07,72,2.764875,20846.09677419355
2026/08/01@14:09:08,74,2.764875,20849.25806451613
2026/08/01@14:09:09,75,2.7650626,20852.41935483871
2026/08/01@14:09:10,76,2.764875,20855.58064516129
2026/08/01@14:09:11,77,2.764875,20858.74193548387
2026/08/01@14:09:12,78,2.7643128,20861.90322580645
2026/08/01@14:09:13,79,2.7643128,20865.064516129034
2026/08/01@14:09:14,80,2.7639376,20868.225806451614
2026/08/01@14:09:15,81,2.7639376,20871.387096774193
2026/08/01@14:09:16,82,2.76375,20874.548387096773
2026/08/01@14:09:17,83,2.76375,20877.709677419356
2026/08/01@14:09:18,84,2.7633752,20880.870967741936
2026/08/01@14:09:20,86,2.7633752,20887.1935483871
2026/08/01@14:09:21,87,2.7633752,20890.354838709678
2026/08/01@14:09:22,88,2.7631876,20893.516129032258
2026/08/01@14:09:23,89,2.7630002,20896.677419354837
2026/08/01@14:09:24,90,2.7628126,20899.83870967742
2026/08/01@14:09:25,91,2.7628126,20903.0
2026/08/01@14:09:26,92,2.7631876,20905.870967741936
2026/08/01@14:09:27,93,2.7628126,20908.74193548387
2026/08/01@14:09:28,94,2.7628126,20911.612903225807
2026/08/01@14:09:29,95,2.7624376,20914.483870967742
2026/08/01@14:09:30,96,2.7626252,20917.354838709678
2026/08/01@14:09:31,97,2.7624376,20920.225806451614
2026/08/01@14:09:33,99,2.7626252,20925.967741935485
2026/08/01@14:09:34,100,2.7626252,20928.83870967742
2026/08/01@14:09:35,101,2.7624376,20931.709677419356
2026/08/01@14:09:36,102,2.7620626,20934.58064516129
2026/08/01@14:09:37,103,2.76225,20937.451612903227
2026/08/01@14:09:38,104,2.7620626,20940.322580645163
2026/08/01@14:09:39,105,2.7618752,20943.1935483871
2026/08/01@14:09:40,106,2.7620626,20946.064516129034
2026/08/01@14:09:41,107,2.7618752,20948.935483870966
2026/08/01@14:09:42,108,2.7618752,20951.8064516129
2026/08/01@14:09:43,109,2.7618752,20954.677419354837
2026/08/01@14:09:44,110,2.7620626,20957.548387096773
2026/08/01@14:09:46,112,2.7615002,20963.290322580644
2026/08/01@14:09:47,113,2.7613124,20966.16129032258
2026/08/01@14:09:48,114,2.7613124,20969.032258064515
2026/08/01@14:09:49,115,2.761125,20971.90322580645
2026/08/01@14:09:50,116,2.7609376,20974.774193548386
2026/08/01@14:09:51,117,2.7607504,20977.645161290322
2026/08/01@14:09:52,118,2.7609376,20980.516129032258
2026/08/01@14:09:53,119,2.7609376,20983.387096774193
2026/08/01@14:09:54,120,2.7609376,20986.25806451613
2026/08/01@14:09:55,121,2.7607504,20989.129032258064
2026/08/01@14:09:56,122,2.7607504,20992.0
2026/08/01@14:09:58,123,2.7605626,20998.066666666666
2026/08/01@14:09:59,125,2.7603752,21001.1
2026/08/01@14:10:00,126,2.7605626,21004.133333333335
2026/08/01@14:10:01,127,2.7601876,21007.166666666668
2026/08/01@14:10:02,128,2.7603752,21010.2
2026/08/01@14:10:03,129,2.76,21013.233333333334
2026/08/01@14:10:04,130,2.7603752,21016.266666666666
2026/08/01@14:10:05,131,2.7601876,21019.3
2026/08/01@14:10:06,132,2.7598126,21022.333333333332
2026/08/01@14:10:07,133,2.7601876,21025.366666666665
2026/08/01@14:10:08,134,2.7598126,21028.4
2026/08/01@14:10:09,135,2.76,21031.433333333334
2026/08/01@14:10:11,137,2.759625,21037.5
2026/08/01@14:10:12,138,2.759625,21040.533333333333
2026/08/01@14:10:13,139,2.7594376,21043.566666666666
2026/08/01@14:10:14,140,2.7594376,21046.6
2026/08/01@14:10:15,141,2.759625,21049.633333333335
2026/08/01@14:10:16,142,2.7594376,21052.666666666668
2026/08/01@14:10:17,143,2.7594376,21055.7
2026/08/01@14:10:18,144,2.7594376,21058.733333333334
2026/08/01@14:10:19,145,2.759625,21061.766666666666
2026/08/01@14:10:20,146,2.7590628,21064.8
2026/08/01@14:10:21,147,2.7592502,21067.833333333332
2026/08/01@14:10:22,148,2.7592502,21070.866666666665
2026/08/01@14:10:24,150,2.7590628,21076.933333333334
2026/08/01@14:10:25,151,2.7590628,21079.966666666667
2026/08/01@14:10:26,152,2.7592502,21083.0
2026/08/01@14:10:27,153,2.7590628,21085.967741935485
2026/08/01@14:10:28,154,2.7592502,21088.935483870966
2026/08/01@14:10:29,155,2.7592502,21091.90322580645
2026/08/01@14:10:30,156,2.7588752,21094.870967741936
2026/08/01@14:10:31,157,2.7588752,21097.83870967742
2026/08/01@14:10:32,158,2.7588752,21100.8064516129
2026/08/01@14:10:33,159,2.7586876,21103.774193548386
2026/08/01@14:10:34,160,2.7586876,21106.74193548387
2026/08/01@14:10:35,161,2.7590628,21109.709677419356
2026/08/01@14:10:37,163,2.7586876,21115.645161290322
2026/08/01@14:10:38,164,2.7586876,21118.612903225807
2026/08/01@14:10:39,165,2.7586876,21121.58064516129
2026/08/01@14:10:40,166,2.7586876,21124.548387096773
2026/08/01@14:10:41,167,2.7585,21127.516129032258
2026/08/01@14:10:42,168,2.7588752,21130.483870967742
2026/08/01@14:10:43,169,2.7588752,21133.451612903227
2026/08/01@14:10:44,170,2.7586876,21136.41935483871
2026/08/01@14:10:45,171,2.7588752,21139.387096774193
2026/08/01@14:10:46,172,2.7586876,21142.354838709678
2026/08/01@14:10:47,173,2.7585,21145.322580645163
2026/08/01@14:10:49,175,2.7585,21151.25806451613
2026/08/01@14:10:50,176,2.7585,21154.225806451614
2026/08/01@14:10:51,177,2.7581252,21157.1935483871
2026/08/01@14:10:52,178,2.7581252,21160.16129032258
2026/08/01@14:10:53,179,2.7581252,21163.129032258064
2026/08/01@14:10:54,180,2.7583128,21166.09677419355
2026/08/01@14:10:55,181,2.7585,21169.064516129034
2026/08/01@14:10:56,182,2.7581252,21172.032258064515
2026/08/01@14:10:57,183,2.7585,21175.0
2026/08/01@14:10:58,184,2.7586876,21177.966666666667
2026/08/01@14:10:59,185,2.7583128,21180.933333333334
2026/08/01@14:11:00,186,2.7581252,21183.9
2026/08/01@14:11:02,188,2.7581252,21189.833333333332
2026/08/01@14:11:03,189,2.7581252,21192.8
2026/08/01@14:11:04,190,2.7577502,21195.766666666666
2026/08/01@14:11:05,191,2.7577502,21198.733333333334
2026/08/01@14:11:06,192,2.7579376,21201.7
2026/08/01@14:11:07,193,2.7579376,21204.666666666668
2026/08/01@14:11:08,194,2.7577502,21207.633333333335
2026/08/01@14:11:09,195,2.7579376,21210.6
2026/08/01@14:11:10,196,2.7577502,21213.566666666666
2026/08/01@14:11:11,197,2.7579376,21216.533333333333
2026/08/01@14:11:12,198,2.7575626,21219.5
2026/08/01@14:11:13,199,2.7575626,21222.466666666667
2026/08/01@14:11:15,201,2.757375,21228.4
2026/08/01@14:11:16,202,2.7575626,21231.366666666665
2026/08/01@14:11:17,203,2.7575626,21234.333333333332
2026/08/01@14:11:18,204,2.7577502,21237.3
2026/08/01@14:11:19,205,2.7571876,21240.266666666666
2026/08/01@14:11:20,206,2.757375,21243.233333333334
2026/08/01@14:11:21,207,2.7575626,21246.2
2026/08/01@14:11:22,208,2.757,21249.166666666668
2026/08/01@14:11:23,209,2.7571876,21252.133333333335
2026/08/01@14:11:24,210,2.7568126,21255.1
2026/08/01@14:11:25,211,2.757375,21258.066666666666
2026/08/01@14:11:26,212,2.757375,21261.033333333333
2026/08/01@14:11:28,214,2.7571876,21267.25806451613
2026/08/01@14:11:29,215,2.757,21270.516129032258
2026/08/01@14:11:30,216,2.7571876,21273.774193548386
2026/08/01@14:11:31,217,2.7571876,21277.032258064515
2026/08/01@14:11:32,218,2.7571876,21280.290322580644
2026/08/01@14:11:33,219,2.757375,21283.548387096773
2026/08/01@14:11:34,220,2.7571876,21286.8064516129
2026/08/01@14:11:35,221,2.757375,21290.064516129034
2026/08/01@14:11:45,7,2.7560624,21322.645161290322
2026/08/01@14:11:46,8,2.7566252,21325.90322580645
2026/08/01@14:11:47,9,2.7566252,21329.16129032258
2026/08/01@14:11:49,11,2.7566252,21335.677419354837
2026/08/01@14:11:50,12,2.7566252,21338.935483870966
2026/08/01@14:11:51,13,2.7564378,21342.1935483871
2026/08/01@14:11:52,14,2.7566252,21345.451612903227
2026/08/01@14:11:53,15,2.7568126,21348.709677419356
2026/08/01@14:11:54,16,2.7566252,21351.967741935485
2026/08/01@14:11:55,17,2.7564378,21355.225806451614
2026/08/01@14:11:56,18,2.7564378,21358.483870967742
2026/08/01@14:11:57,19,2.7566252,21361.74193548387
2026/08/01@14:11:58,20,2.7566252,21365.0
2026/08/01@14:11:59,21,2.7564378,21368.451612903227
2026/08/01@14:12:00,22,2.7564378,21371.90322580645
2026/08/01@14:12:02,24,2.7562502,21378.8064516129
2026/08/01@14:12:03,25,2.7562502,21382.25806451613
2026/08/01@14:12:04,26,2.7560624,21385.709677419356
2026/08/01@14:12:05,27,2.7564378,21389.16129032258
2026/08/01@14:12:06,28,2.7564378,21392.612903225807
2026/08/01@14:12:07,29,2.7562502,21396.064516129034
2026/08/01@14:12:08,30,2.7564378,21399.516129032258
2026/08/01@14:12:09,31,2.7566252,21402.967741935485
2026/08/01@14:12:10,32,2.7562502,21406.41935483871
2026/08/01@14:12:11,33,2.7560624,21409.870967741936
2026/08/01@14:12:12,34,2.7562502,21413.322580645163
2026/08/01@14:12:13,35,2.7564378,21416.774193548386
2026/08/01@14:12:15,37,2.7560624,21423.677419354837
2026/08/01@14:12:16,38,2.7560624,21427.129032258064
2026/08/01@14:12:17,39,2.755875,21430.58064516129
2026/08/01@14:12:18,40,2.7562502,21434.032258064515
2026/08/01@14:12:19,41,2.7562502,21437.483870967742
2026/08/01@14:12:20,42,2.7560624,21440.935483870966
2026/08/01@14:12:21,43,2.7556876,21444.387096774193
2026/08/01@14:12:22,44,2.7556876,21447.83870967742
2026/08/01@14:12:23,45,2.755875,21451.290322580644
2026/08/01@14:12:24,46,2.7556876,21454.74193548387
2026/08/01@14:12:25,47,2.755875,21458.1935483871
2026/08/01@14:12:27,49,2.755875,21465.09677419355
2026/08/01@14:12:28,50,2.755875,21468.548387096773
2026/08/01@14:12:29,51,2.7560624,21472.0
2026/08/01@14:12:30,52,2.755875,21475.466666666667
2026/08/01@14:12:31,53,2.7556876,21478.933333333334
2026/08/01@14:12:32,54,2.7555004,21482.4
2026/08/01@14:12:33,55,2.755875,21485.866666666665
2026/08/01@14:12:34,56,2.7560624,21489.333333333332
2026/08/01@14:12:35,57,2.7560624,21492.8
2026/08/01@14:12:36,58,2.7556876,21496.266666666666
2026/08/01@14:12:37,59,2.755875,21499.733333333334
2026/08/01@14:12:38,60,2.7553128,21503.2
2026/08/01@14:12:40,62,2.7555004,21510.133333333335
2026/08/01@14:12:41,63,2.755875,21513.6
2026/08/01@14:12:42,64,2.755875,21517.066666666666
2026/08/01@14:12:43,65,2.7553128,21520.533333333333
2026/08/01@14:12:44,66,2.755875,21524.0
2026/08/01@14:12:45,67,2.7553128,21527.466666666667
2026/08/01@14:12:46,68,2.755125,21530.933333333334
2026/08/01@14:12:47,69,2.755125,21534.4
2026/08/01@14:12:48,70,2.7555004,21537.866666666665
2026/08/01@14:12:49,71,2.7553128,21541.333333333332
2026/08/01@14:12:50,72,2.755125,21544.8
2026/08/01@14:12:51,73,2.75475,21548.266666666666
2026/08/01@14:12:53,75,2.7549376,21555.2
2026/08/01@14:12:54,76,2.7549376,21558.666666666668
2026/08/01@14:12:55,77,2.7549376,21562.133333333335
2026/08/01@14:12:56,78,2.755125,21565.6
2026/08/01@14:12:57,79,2.7549376,21569.066666666666
2026/08/01@14:12:58,80,2.755125,21572.533333333333
2026/08/01@14:12:59,81,2.7553128,21576.0
2026/08/01@14:13:00,82,2.7549376,21579.129032258064
2026/08/01@14:13:01,83,2.7549376,21582.25806451613
2026/08/01@14:13:02,84,2.75475,21585.387096774193
2026/08/01@14:13:03,85,2.7549376,21588.516129032258
2026/08/01@14:13:04,86,2.75475,21591.645161290322
2026/08/01@14:13:06,88,2.75475,21597.90322580645
2026/08/01@14:13:07,89,2.7553128,21601.032258064515
2026/08/01@14:13:08,90,2.75475,21604.16129032258
2026/08/01@14:13:09,91,2.7549376,21607.290322580644
2026/08/01@14:13:10,92,2.7545626,21610.41935483871
2026/08/01@14:13:11,93,2.7549376,21613.548387096773
2026/08/01@14:13:12,94,2.7549376,21616.677419354837
2026/08/01@14:13:13,95,2.755875,21619.8064516129
2026/08/01@14:13:14,96,2.755125,21622.935483870966
2026/08/01@14:13:15,97,2.75475,21626.064516129034
2026/08/01@14:13:16,98,2.7553128,21629.1935483871
2026/08/01@14:13:18,99,2.755125,21635.451612903227
2026/08/01@14:13:19,101,2.7549376,21638.58064516129
2026/08/01@14:13:20,102,2.755125,21641.709677419356
2026/08/01@14:13:21,103,2.7549376,21644.83870967742
2026/08/01@14:13:22,104,2.755125,21647.967741935485
2026/08/01@14:13:23,105,2.7549376,21651.09677419355
2026/08/01@14:13:24,106,2.75475,21654.225806451614
2026/08/01@14:13:25,107,2.7549376,21657.354838709678
2026/08/01@14:13:26,108,2.7549376,21660.483870967742
2026/08/01@14:13:27,109,2.755125,21663.612903225807
2026/08/01@14:13:28,110,2.755125,21666.74193548387
2026/08/01@14:13:29,111,2.7553128,21669.870967741936
2026/08/01@14:13:31,113,2.7545626,21676.0
2026/08/01@14:13:32,114,2.75475,21679.0
2026/08/01@14:13:33,115,2.755125,21682.0
2026/08/01@14:13:34,116,2.754375,21685.0
2026/08/01@14:13:35,117,2.7549376,21688.0
2026/08/01@14:13:36,118,2.7549376,21691.0
2026/08/01@14:13:37,119,2.755125,21694.0
2026/08/01@14:13:38,120,2.75475,21697.0
2026/08/01@14:13:39,121,2.75475,21700.0
2026/08/01@14:13:40,122,2.755125,21703.0
2026/08/01@14:13:41,123,2.755125,21706.0
2026/08/01@14:13:42,124,2.75475,21709.0
2026/08/01@14:13:44,126,2.75475,21715.0
2026/08/01@14:13:45,127,2.7549376,21718.0
2026/08/01@14:13:46,128,2.7549376,21721.0
2026/08/01@14:13:47,129,2.75475,21724.0
2026/08/01@14:13:48,130,2.75475,21727.0
2026/08/01@14:13:49,131,2.75475,21730.0
2026/08/01@14:13:50,132,2.75475,21733.0
2026/08/01@14:13:51,133,2.7545626,21736.0
2026/08/01@14:13:52,134,2.754375,21739.0
2026/08/01@14:13:53,135,2.7549376,21742.0
2026/08/01@14:13:54,136,2.7549376,21745.0
2026/08/01@14:13:55,137,2.7545626,21748.0
2026/08/01@14:13:57,139,2.75475,21754.0
2026/08/01@14:13:58,140,2.75475,21757.0
2026/08/01@14:13:59,141,2.7549376,21760.0
2026/08/01@14:14:00,142,2.7545626,21763.0
2026/08/01@14:14:01,143,2.7545626,21765.870967741936
2026/08/01@14:14:02,144,2.75475,21768.74193548387
2026/08/01@14:14:03,145,2.754375,21771.612903225807
2026/08/01@14:14:04,146,2.7545626,21774.483870967742
2026/08/01@14:14:05,147,2.7545626,21777.354838709678
2026/08/01@14:14:06,148,2.754375,21780.225806451614
2026/08/01@14:14:07,149,2.7545626,21783.09677419355
2026/08/01@14:14:08,150,2.7545626,21785.967741935485
2026/08/01@14:14:10,152,2.75475,21791.709677419356
2026/08/01@14:14:11,153,2.75475,21794.58064516129
2026/08/01@14:14:12,154,2.7541876,21797.451612903227
2026/08/01@14:14:13,155,2.75475,21800.322580645163
2026/08/01@14:14:14,156,2.75475,21803.1935483871
2026/08/01@14:14:15,157,2.75475,21806.064516129034
2026/08/01@14:14:16,158,2.7545626,21808.935483870966
2026/08/01@14:14:17,159,2.7545626,21811.8064516129
2026/08/01@14:14:18,160,2.7545626,21814.677419354837
2026/08/01@14:14:19,161,2.75475,21817.548387096773
2026/08/01@14:14:20,162,2.754375,21820.41935483871
2026/08/01@14:14:21,163,2.7540002,21823.290322580644
2026/08/01@14:14:23,165,2.754375,21829.032258064515
2026/08/01@14:14:24,166,2.75475,21831.90322580645
2026/08/01@14:14:25,167,2.754375,21834.774193548386
2026/08/01@14:14:26,168,2.7541876,21837.645161290322
2026/08/01@14:14:27,169,2.754375,21840.516129032258
2026/08/01@14:14:28,170,2.7545626,21843.387096774193
2026/08/01@14:14:29,171,2.7545626,21846.25806451613
2026/08/01@14:14:30,172,2.7541876,21849.129032258064
2026/08/01@14:14:31,173,2.754375,21852.0
2026/08/01@14:14:32,174,2.7541876,21855.064516129034
2026/08/01@14:14:33,175,2.754375,21858.129032258064
2026/08/01@14:14:34,176,2.754375,21861.1935483871
2026/08/01@14:14:36,178,2.7540002,21867.322580645163
2026/08/01@14:14:37,179,2.754375,21870.387096774193
2026/08/01@14:14:38,180,2.7545626,21873.451612903227
2026/08/01@14:14:39,181,2.7541876,21876.516129032258
2026/08/01@14:14:40,182,2.7541876,21879.58064516129
2026/08/01@14:14:41,183,2.754375,21882.645161290322
2026/08/01@14:14:42,184,2.754375,21885.709677419356
2026/08/01@14:14:43,185,2.7545626,21888.774193548386
2026/08/01@14:14:44,186,2.754375,21891.83870967742
2026/08/01@14:14:45,187,2.754375,21894.90322580645
2026/08/01@14:14:46,188,2.754375,21897.967741935485
2026/08/01@14:14:48,190,2.7541876,21904.09677419355
2026/08/01@14:14:49,191,2.7541876,21907.16129032258
2026/08/01@14:14:50,192,2.7538126,21910.225806451614
2026/08/01@14:14:51,193,2.7541876,21913.290322580644
2026/08/01@14:14:52,194,2.7541876,21916.354838709678
2026/08/01@14:14:53,195,2.754375,21919.41935483871
2026/08/01@14:14:54,196,2.7541876,21922.483870967742
2026/08/01@14:14:55,197,2.754375,21925.548387096773
2026/08/01@14:14:56,198,2.7540002,21928.612903225807
2026/08/01@14:14:57,199,2.7540002,21931.677419354837
2026/08/01@14:14:58,200,2.7540002,21934.74193548387
2026/08/01@14:14:59,201,2.7540002,21937.8064516129
2026/08/01@14:15:01,203,2.75475,21943.935483870966
2026/08/01@14:15:02,204,2.7541876,21947.0
2026/08/01@14:15:03,205,2.7541876,21950.333333333332
2026/08/01@14:15:04,206,2.75475,21953.666666666668
2026/08/01@14:15:05,207,2.7541876,21957.0
2026/08/01@14:15:06,208,2.7545626,21960.333333333332
2026/08/01@14:15:07,209,2.7541876,21963.666666666668
2026/08/01@14:15:08,210,2.7545626,21967.0
2026/08/01@14:15:09,211,2.75475,21970.333333333332
2026/08/01@14:15:10,212,2.7549376,21973.666666666668
2026/08/01@14:15:11,213,2.7549376,21977.0
2026/08/01@14:15:12,214,2.75475,21980.333333333332
2026/08/01@14:15:14,216,2.7549376,21987.0
2026/08/01@14:15:15,217,2.75475,21990.333333333332
2026/08/01@14:15:16,218,2.75475,21993.666666666668
2026/08/01@14:15:17,219,2.75475,21997.0
2026/08/01@14:15:18,220,2.7549376,22000.333333333332
2026/08/01@14:15:19,221,2.7545626,22003.666666666668
2026/08/01@14:15:20,222,2.75475,22007.0
2026/08/01@14:15:21,223,2.7549376,22010.333333333332
2026/08/01@14:15:22,224,2.7549376,22013.666666666668
2026/08/01@14:15:23,225,2.7555004,22017.0
2026/08/01@14:15:24,226,2.7555004,22020.333333333332
2026/08/01@14:15:25,227,2.7555004,22023.666666666668
2026/08/01@14:15:27,229,2.7555004,22030.333333333332
2026/08/01@14:15:28,230,2.7555004,22033.666666666668
2026/08/01@14:15:29,231,2.7556876,22037.0
2026/08/01@14:15:30,232,2.7560624,22040.333333333332
2026/08/01@14:15:31,233,2.7562502,22043.666666666668
2026/08/01@14:15:32,234,2.7560624,22047.0
2026/08/01@14:15:33,235,2.7562502,22050.032258064515
2026/08/01@14:15:34,236,2.7566252,22053.064516129034
2026/08/01@14:15:35,237,2.7577502,22056.09677419355
2026/08/01@14:15:36,238,2.7577502,22059.129032258064
2026/08/01@14:15:37,239,2.7571876,22062.16129032258
2026/08/01@14:15:38,240,2.7583128,22065.1935483871
2026/08/01@14:15:40,242,2.7583128,22071.25806451613
2026/08/01@14:15:41,243,2.7588752,22074.290322580644
2026/08/01@14:15:42,244,2.7590628,22077.322580645163
2026/08/01@14:15:43,245,2.7601876,22080.354838709678
2026/08/01@14:15:44,246,2.7603752,22083.387096774193
2026/08/01@14:15:45,247,2.7609376,22086.41935483871
2026/08/01@14:15:46,248,2.7613124,22089.451612903227
2026/08/01@14:15:47,249,2.761125,22092.483870967742
2026/08/01@14:15:48,250,2.7620626,22095.516129032258
2026/08/01@14:15:49,251,2.76225,22098.548387096773
2026/08/01@14:15:50,252,2.7624376,22101.58064516129
2026/08/01@14:15:52,254,2.7626252,22107.645161290322
2026/08/01@14:15:53,255,2.7628126,22110.677419354837
2026/08/01@14:15:54,256,2.7633752,22113.709677419356
2026/08/01@14:15:55,257,2.7635626,22116.74193548387
2026/08/01@14:15:56,258,2.764125,22119.774193548386
2026/08/01@14:15:57,259,2.7646876,22122.8064516129
2026/08/01@14:15:58,260,2.7650626,22125.83870967742
2026/08/01@14:15:59,261,2.7656252,22128.870967741936
2026/08/01@14:16:00,262,2.7661876,22131.90322580645
2026/08/01@14:16:01,263,2.7671252,22134.935483870966
2026/08/01@14:16:02,264,2.7680626,22137.967741935485
2026/08/01@14:16:03,265,2.769,22141.0
2026/08/01@14:16:05,267,2.7703126,22147.733333333334
2026/08/01@14:16:06,268,2.7705002,22151.1
2026/08/01@14:16:07,269,2.771625,22154.466666666667
2026/08/01@14:16:08,270,2.8700628,22157.833333333332
2026/08/01@14:16:09,271,2.7843752,22161.2
2026/08/01@14:16:10,272,2.9310002,22164.566666666666
2026/08/01@14:16:11,273,2.7735002,22167.933333333334
2026/08/01@14:16:12,274,2.7725624,22171.3
2026/08/01@14:16:13,275,2.884875,22174.666666666668
2026/08/01@14:16:14,276,2.775,22178.033333333333
2026/08/01@14:16:15,277,2.7751876,22181.4
2026/08/01@14:16:16,278,2.7759376,22184.766666666666
2026/08/01@14:16:18,280,3.02325,22191.5
2026/08/01@14:16:19,281,3.0511876,22194.866666666665
2026/08/01@14:16:20,282,3.1224374,22198.233333333334
2026/08/01@14:16:21,283,3.0999376,22201.6
2026/08/01@14:16:22,284,3.1820626,22204.966666666667
2026/08/01@14:16:23,285,3.2848128,22208.333333333332
2026/08/01@14:16:24,286,3.3000002,22211.7
2026/08/01@14:16:25,287,3.3020624,22215.066666666666
2026/08/01@14:16:26,288,3.4717502,22218.433333333334
2026/08/01@14:16:27,289,3.4968752,22221.8
2026/08/01@14:16:28,290,3.66131268,22225.166666666668
2026/08/01@14:16:30,292,3.546,22231.9
2026/08/01@14:16:31,293,3.6345,22235.266666666666
2026/08/01@14:16:32,294,3.322875,22238.633333333335
2026/08/01@14:16:33,295,3.5064376,22242.0
2026/08/01@14:16:34,296,3.7113752,22245.483870967742
2026/08/01@14:16:35,297,3.7061252,22248.967741935485
2026/08/01@14:16:36,298,3.6517504,22252.451612903227
2026/08/01@14:16:37,299,2.9445,22255.935483870966
2026/08/01@14:16:38,300,3.4402504,22259.41935483871
2026/08/01@14:16:39,301,3.1130626,22262.90322580645
2026/08/01@14:16:40,302,3.6015,22266.387096774193
2026/08/01@14:16:41,303,3.76706268,22269.870967741936
2026/08/01@14:16:43,305,3.54656268,22276.83870967742
2026/08/01@14:16:44,306,3.5268752,22280.322580645163
2026/08/01@14:16:45,307,3.3543754,22283.8064516129
2026/08/01@14:16:46,308,3.601688,22287.290322580644
2026/08/01@14:16:47,309,3.7100624,22290.774193548386
2026/08/01@14:16:48,310,3.6088128,22294.25806451613
2026/08/01@14:16:49,311,2.9833126,22297.74193548387
2026/08/01@14:16:50,312,3.248625,22301.225806451614
2026/08/01@14:16:51,313,3.5881876,22304.709677419356
2026/08/01@14:16:52,314,3.692625,22308.1935483871
2026/08/01@14:16:53,315,3.4059376,22311.677419354837
2026/08/01@14:16:54,316,3.67031268,22315.16129032258
2026/08/01@14:16:56,318,3.317813,22322.129032258064
2026/08/01@14:16:57,319,3.6301876,22325.612903225807
2026/08/01@14:16:58,320,3.72337532,22329.09677419355
2026/08/01@14:16:59,321,3.6766876,22332.58064516129
2026/08/01@14:17:00,322,3.6566252,22336.064516129034
2026/08/01@14:17:01,323,3.9676876,22339.548387096773
2026/08/01@14:17:02,324,3.87543768,22343.032258064515
2026/08/01@14:17:03,325,3.8118754,22346.516129032258
2026/08/01@14:17:04,326,3.5308128,22350.0
2026/08/01@14:17:05,327,3.41250016,22353.733333333334
2026/08/01@14:17:06,328,3.81018784,22357.466666666667
2026/08/01@14:17:08,329,3.6712504,22364.933333333334
2026/08/01@14:17:09,331,3.4179376,22368.666666666668
2026/08/01@14:17:10,332,3.593813,22372.4
2026/08/01@14:17:11,333,3.764625,22376.133333333335
2026/08/01@14:17:12,334,3.9885,22379.866666666665
2026/08/01@14:17:13,335,3.7805624,22383.6
2026/08/01@14:17:14,336,3.8251876,22387.333333333332
2026/08/01@14:17:15,337,3.488625,22391.066666666666
2026/08/01@14:17:16,338,3.4621876,22394.8
2026/08/01@14:17:17,339,3.4040628,22398.533333333333
2026/08/01@14:17:18,340,3.8975624,22402.266666666666
2026/08/01@14:17:19,341,3.8250004,22406.0
2026/08/01@14:17:21,343,3.81825032,22413.466666666667
2026/08/01@14:17:22,344,3.80006268,22417.2
2026/08/01@14:17:23,345,3.8340004,22420.933333333334
2026/08/01@14:17:24,346,3.731625,22424.666666666668
2026/08/01@14:17:25,347,3.56625,22428.4
2026/08/01@14:17:26,348,3.8649378,22432.133333333335
2026/08/01@14:17:27,349,3.9097502,22435.866666666665
2026/08/01@14:17:28,350,3.775875,22439.6
2026/08/01@14:17:29,351,2.7984376,22443.333333333332
2026/08/01@14:17:30,352,3.6221252,22447.066666666666
2026/08/01@14:17:31,353,3.9187504,22450.8
2026/08/01@14:17:32,354,3.606938,22454.533333333333
2026/08/01@14:17:34,356,3.8445004,22462.0
2026/08/01@14:17:35,357,3.8985004,22465.41935483871
2026/08/01@14:17:36,358,3.5891252,22468.83870967742
2026/08/01@14:17:37,359,3.54618736,22472.25806451613
2026/08/01@14:17:38,360,3.68625032,22475.677419354837
2026/08/01@14:17:39,361,3.66206268,22479.09677419355
2026/08/01@14:17:40,362,3.9277504,22482.516129032258
2026/08/01@14:17:41,363,3.58612532,22485.935483870966
2026/08/01@14:17:42,364,2.7924376,22489.354838709678
2026/08/01@14:17:43,365,3.3740626,22492.774193548386
2026/08/01@14:17:44,366,3.9744376,22496.1935483871
2026/08/01@14:17:46,368,2.8074376,22503.032258064515
2026/08/01@14:17:47,369,3.9988126,22506.451612903227
2026/08/01@14:17:48,370,3.828188,22509.870967741936
2026/08/01@14:17:49,371,3.97631268,22513.290322580644
2026/08/01@14:17:50,372,3.803625,22516.709677419356
2026/08/01@14:17:51,373,3.8921252,22520.129032258064
2026/08/01@14:17:52,374,3.77475,22523.548387096773
2026/08/01@14:17:53,375,3.86606268,22526.967741935485
2026/08/01@14:17:54,376,4.0363124,22530.387096774193
2026/08/01@14:17:55,377,4.0006876,22533.8064516129
2026/08/01@14:17:56,378,3.85612532,22537.225806451614
2026/08/01@14:17:57,379,3.8296876,22540.645161290322
2026/08/01@14:17:59,381,3.7312504,22547.483870967742
2026/08/01@14:18:00,382,3.70425,22550.90322580645
2026/08/01@14:18:01,383,3.69750032,22554.322580645163
2026/08/01@14:18:02,384,3.6026252,22557.74193548387
2026/08/01@14:18:03,385,3.828,22561.16129032258
2026/08/01@14:18:04,386,4.0665,22564.58064516129
2026/08/01@14:18:05,387,4.0698752,22568.0
2026/08/01@14:18:06,388,4.0276876,22571.1935483871
2026/08/01@14:18:07,389,4.08225,22574.387096774193
2026/08/01@14:18:08,390,3.74943768,22577.58064516129
2026/08/01@14:18:09,391,3.9585004,22580.774193548386
2026/08/01@14:18:10,392,3.0511876,22583.967741935485
2026/08/01@14:18:12,394,3.5701876,22590.354838709678
2026/08/01@14:18:13,395,3.2281876,22593.548387096773
2026/08/01@14:18:14,396,3.7479376,22596.74193548387
2026/08/01@14:18:15,397,3.8340004,22599.935483870966
2026/08/01@14:18:16,398,3.7914376,22603.129032258064
2026/08/01@14:18:17,399,3.8143124,22606.322580645163
2026/08/01@14:18:18,400,3.7558126,22609.516129032258
2026/08/01@14:18:19,401,3.5358754,22612.709677419356
2026/08/01@14:18:20,402,2.8119376,22615.90322580645
2026/08/01@14:18:21,403,3.9830628,22619.09677419355
2026/08/01@14:18:22,404,4.101375,22622.290322580644
2026/08/01@14:18:23,405,3.819375,22625.483870967742
2026/08/01@14:18:25,407,3.88743768,22631.870967741936
2026/08/01@14:18:26,408,3.87168736,22635.064516129034
2026/08/01@14:18:27,409,3.98025,22638.25806451613
2026/08/01@14:18:28,410,3.861,22641.451612903227
2026/08/01@14:18:29,411,3.6541876,22644.645161290322
2026/08/01@14:18:30,412,2.8033128,22647.83870967742
2026/08/01@14:18:31,413,3.978375,22651.032258064515
2026/08/01@14:18:32,414,3.5763752,22654.225806451614
2026/08/01@14:18:33,415,3.85368768,22657.41935483871
2026/08/01@14:18:34,416,3.86025032,22660.612903225807
2026/08/01@14:18:35,417,3.8653128,22663.8064516129
2026/08/01@14:18:37,419,3.9830628,22670.466666666667
2026/08/01@14:18:38,420,4.0963124,22673.933333333334
2026/08/01@14:18:39,421,3.285,22677.4
2026/08/01@14:18:40,422,3.6080624,22680.866666666665
2026/08/01@14:18:41,423,3.59568736,22684.333333333332
2026/08/01@14:18:42,424,3.49143736,22687.8
2026/08/01@14:18:43,425,3.77775,22691.266666666666
2026/08/01@14:18:44,426,3.92175,22694.733333333334
2026/08/01@14:18:45,427,3.943875,22698.2
2026/08/01@14:18:46,428,3.7125,22701.666666666668
2026/08/01@14:18:47,429,3.687375,22705.133333333335
2026/08/01@14:18:48,430,3.91575,22708.6
2026/08/01@14:18:50,432,3.5889378,22715.533333333333
2026/08/01@14:18:51,433,3.97781236,22719.0
2026/08/01@14:18:52,434,3.5510626,22722.466666666667
2026/08/01@14:18:53,435,3.608625,22725.933333333334
2026/08/01@14:18:54,436,4.083563,22729.4
2026/08/01@14:18:55,437,4.017563,22732.866666666665
2026/08/01@14:18:56,438,3.998625,22736.333333333332
2026/08/01@14:18:57,439,3.7520628,22739.8
2026/08/01@14:18:58,440,3.8056876,22743.266666666666
2026/08/01@14:18:59,441,3.5898752,22746.733333333334
2026/08/01@14:19:00,442,2.9634376,22750.2
2026/08/01@14:19:02,444,3.93318768,22757.133333333335
2026/08/01@14:19:03,445,3.4123128,22760.6
2026/08/01@14:19:04,446,3.92325032,22764.066666666666
2026/08/01@14:19:05,447,3.858,22767.533333333333
2026/08/01@14:19:06,448,3.2949376,22771.0
2026/08/01@14:19:07,449,3.95025032,22774.225806451614
2026/08/01@14:19:08,450,3.785625,22777.451612903227
2026/08/01@14:19:09,451,2.81325,22780.677419354837
2026/08/01@14:19:10,452,2.8651876,22783.90322580645
2026/08/01@14:19:11,453,4.160625,22787.129032258064
2026/08/01@14:19:12,454,4.1002504,22790.354838709678
2026/08/01@14:19:13,455,3.9618752,22793.58064516129
2026/08/01@14:19:15,457,3.53343768,22800.032258064515
2026/08/01@14:19:16,458,3.93618784,22803.25806451613
2026/08/01@14:19:17,459,3.7974376,22806.483870967742
2026/08/01@14:19:18,460,3.49237532,22809.709677419356
2026/08/01@14:19:19,461,3.8619376,22812.935483870966
2026/08/01@14:19:20,462,3.9834376,22816.16129032258
2026/08/01@14:19:21,463,3.86306268,22819.387096774193
2026/08/01@14:19:22,464,3.705,22822.612903225807
2026/08/01@14:19:23,465,4.1866876,22825.83870967742
2026/08/01@14:19:24,466,4.158,22829.064516129034
2026/08/01@14:19:25,467,3.978375,22832.290322580644
2026/08/01@14:19:26,468,3.8503128,22835.516129032258
2026/08/01@14:19:28,470,3.4715628,22841.967741935485
2026/08/01@14:19:29,471,3.4201876,22845.1935483871
2026/08/01@14:19:30,472,3.8454376,22848.41935483871
2026/08/01@14:19:31,473,3.9646876,22851.645161290322
2026/08/01@14:19:32,474,3.9363752,22854.870967741936
2026/08/01@14:19:33,475,3.81131268,22858.09677419355
2026/08/01@14:19:34,476,3.8148752,22861.322580645163
2026/08/01@14:19:35,477,2.8066876,22864.548387096773
2026/08/01@14:19:36,478,3.741,22867.774193548386
2026/08/01@14:19:37,479,3.80531268,22871.0
2026/08/01@14:19:38,480,3.7066876,22874.266666666666
2026/08/01@14:19:39,481,3.6744376,22877.533333333333
2026/08/01@14:19:41,483,3.71943768,22884.066666666666
2026/08/01@14:19:42,484,3.52125032,22887.333333333332
2026/08/01@14:19:43,485,3.59756268,22890.6
2026/08/01@14:19:44,486,3.5210628,22893.866666666665
2026/08/01@14:19:45,487,3.593625,22897.133333333335
2026/08/01@14:19:46,488,3.89062536,22900.4
2026/08/01@14:19:47,489,4.1373752,22903.666666666668
2026/08/01@14:19:48,490,3.864375,22906.933333333334
2026/08/01@14:19:49,491,3.7854376,22910.2
2026/08/01@14:19:50,492,4.11075,22913.466666666667
2026/08/01@14:19:51,493,3.9333752,22916.733333333334
2026/08/01@14:19:53,495,4.0815,22923.266666666666
2026/08/01@14:19:54,496,3.74418784,22926.533333333333
2026/08/01@14:19:55,497,3.68081236,22929.8
2026/08/01@14:19:56,498,3.9277504,22933.066666666666
2026/08/01@14:19:57,499,3.82068768,22936.333333333332
2026/08/01@14:19:58,500,3.67556268,22939.6
2026/08/01@14:19:59,501,3.7130628,22942.866666666665
2026/08/01@14:20:00,502,3.666,22946.133333333335
2026/08/01@14:20:01,503,3.8445004,22949.4
2026/08/01@14:20:02,504,3.776063,22952.666666666668
2026/08/01@14:20:03,505,4.086563,22955.933333333334
2026/08/01@14:20:04,506,4.0884376,22959.2
2026/08/01@14:20:06,508,4.006875,22965.733333333334
2026/08/01@14:20:07,509,4.0320004,22969.0
2026/08/01@14:20:08,510,3.86850016,22972.25806451613
2026/08/01@14:20:09,511,3.90843768,22975.516129032258
2026/08/01@14:20:10,512,3.8156252,22978.774193548386
2026/08/01@14:20:11,513,3.364688,22982.032258064515
2026/08/01@14:20:12,514,3.67556268,22985.290322580644
2026/08/01@14:20:13,515,2.8646252,22988.548387096773
2026/08/01@14:20:14,516,3.6729376,22991.8064516129
2026/08/01@14:20:15,517,3.62475016,22995.064516129034
2026/08/01@14:20:16,518,3.81675,22998.322580645163
2026/08/01@14:20:17,519,3.91256268,23001.58064516129
2026/08/01@14:20:19,521,3.94331268,23008.09677419355
2026/08/01@14:20:20,522,3.0463128,23011.354838709678
2026/08/01@14:20:21,523,3.76406268,23014.612903225807
2026/08/01@14:20:22,524,3.2746876,23017.870967741936
2026/08/01@14:20:23,525,3.3243752,23021.129032258064
2026/08/01@14:20:24,526,3.7329376,23024.387096774193
2026/08/01@14:20:25,527,3.98118768,23027.645161290322
2026/08/01@14:20:26,528,3.91256268,23030.90322580645
2026/08/01@14:20:27,529,3.71943768,23034.16129032258
2026/08/01@14:20:28,530,3.61500032,23037.41935483871
2026/08/01@14:20:29,531,4.057875,23040.677419354837
2026/08/01@14:20:31,533,4.056375,23047.1935483871
2026/08/01@14:20:32,534,3.794438,23050.451612903227
2026/08/01@14:20:33,535,3.8641876,23053.709677419356
2026/08/01@14:20:34,536,3.855375,23056.967741935485
2026/08/01@14:20:35,537,3.9624376,23060.225806451614
2026/08/01@14:20:36,538,3.879375,23063.483870967742
2026/08/01@14:20:37,539,3.81375,23066.74193548387
2026/08/01@14:20:38,540,3.700688,23070.0
2026/08/01@14:20:39,541,3.5544376,23073.1935483871
2026/08/01@14:20:40,542,3.90225,23076.387096774193
2026/08/01@14:20:41,543,3.8851876,23079.58064516129
2026/08/01@14:20:42,544,3.6941252,23082.774193548386
2026/08/01@14:20:44,546,3.1695004,23089.16129032258
2026/08/01@14:20:45,547,3.6103128,23092.354838709678
2026/08/01@14:20:46,548,3.84318768,23095.548387096773
2026/08/01@14:20:47,549,3.794438,23098.74193548387
2026/08/01@14:20:48,550,2.8128752,23101.935483870966
2026/08/01@14:20:49,551,3.3811876,23105.129032258064
2026/08/01@14:20:50,552,3.43725032,23108.322580645163
2026/08/01@14:20:51,553,3.80175016,23111.516129032258
2026/08/01@14:20:52,554,3.9151876,23114.709677419356
2026/08/01@14:20:53,555,3.88275,23117.90322580645
2026/08/01@14:20:54,556,3.8510628,23121.09677419355
2026/08/01@14:20:56,558,3.8581876,23127.483870967742
2026/08/01@14:20:57,559,3.2861252,23130.677419354837
2026/08/01@14:20:58,560,3.8356876,23133.870967741936
2026/08/01@14:20:59,561,3.8248124,23137.064516129034
2026/08/01@14:21:00,562,3.87881236,23140.25806451613
2026/08/01@14:21:01,563,3.84843768,23143.451612903227
2026/08/01@14:21:02,564,3.6594376,23146.645161290322
2026/08/01@14:21:03,565,3.86306268,23149.83870967742
2026/08/01@14:21:04,566,3.71568768,23153.032258064515
2026/08/01@14:21:05,567,3.9765,23156.225806451614
2026/08/01@14:21:06,568,3.6909378,23159.41935483871
2026/08/01@14:21:07,569,3.74456268,23162.612903225807
2026/08/01@14:21:09,571,3.64950032,23169.0
2026/08/01@14:21:10,572,3.84675,23172.5
2026/08/01@14:21:11,573,3.2347502,23176.0
2026/08/01@14:21:12,574,3.8690624,23179.5
2026/08/01@14:21:13,575,3.6517504,23183.0
2026/08/01@14:21:14,576,4.0267508,23186.5
2026/08/01@14:21:15,577,4.0548752,23190.0
2026/08/01@14:21:16,578,4.065188,23193.5
2026/08/01@14:21:17,579,4.0486876,23197.0
2026/08/01@14:21:18,580,3.8921252,23200.5
2026/08/01@14:21:19,581,3.8460002,23204.0
2026/08/01@14:21:20,582,3.8385,23207.5
2026/08/01@14:21:22,584,3.8808754,23214.5
2026/08/01@14:21:23,585,2.7834376,23218.0
2026/08/01@14:21:24,586,3.99168768,23221.5
2026/08/01@14:21:25,587,3.996375,23225.0
2026/08/01@14:21:26,588,3.9346876,23228.5
2026/08/01@14:21:27,589,3.597,23232.0
2026/08/01@14:21:28,590,3.007125,23235.5
2026/08/01@14:21:29,591,3.2833128,23239.0
2026/08/01@14:21:30,592,3.8578126,23242.5
2026/08/01@14:21:31,593,3.86325,23246.0
2026/08/01@14:21:32,594,3.86625,23249.5
2026/08/01@14:21:34,596,3.840375,23256.5
2026/08/01@14:21:35,597,3.7850626,23260.0
2026/08/01@14:21:36,598,3.2118752,23263.5
2026/08/01@14:21:37,599,3.9256876,23267.0
2026/08/01@14:21:38,600,3.8340004,23270.5
2026/08/01@14:21:39,601,3.480375,23274.0
2026/08/01@14:21:40,602,3.7831874,23277.25806451613
2026/08/01@14:21:41,603,3.7850626,23280.516129032258
2026/08/01@14:21:42,604,3.929813,23283.774193548386
2026/08/01@14:21:43,605,3.3251252,23287.032258064515
2026/08/01@14:21:44,606,4.05375,23290.290322580644
2026/08/01@14:21:45,607,3.9920626,23293.548387096773
2026/08/01@14:21:47,609,3.66618784,23300.064516129034
2026/08/01@14:21:48,610,3.5926876,23303.322580645163
2026/08/01@14:21:49,611,3.859688,23306.58064516129
2026/08/01@14:21:50,612,3.8128128,23309.83870967742
2026/08/01@14:21:51,613,3.83137532,23313.09677419355
2026/08/01@14:21:52,614,3.6523124,23316.354838709678
2026/08/01@14:21:53,615,2.7997504,23319.612903225807
2026/08/01@14:21:54,616,3.6054376,23322.870967741936
2026/08/01@14:21:55,617,3.53775,23326.129032258064
2026/08/01@14:21:56,618,3.95475,23329.387096774193
2026/08/01@14:21:57,619,3.7141876,23332.645161290322
2026/08/01@14:21:58,620,3.9530626,23335.90322580645
2026/08/01@14:22:00,622,4.1677504,23342.41935483871
2026/08/01@14:22:01,623,4.133813,23345.677419354837
2026/08/01@14:22:02,624,3.8385,23348.935483870966
2026/08/01@14:22:03,625,4.1623124,23352.1935483871
2026/08/01@14:22:04,626,3.82725,23355.451612903227
2026/08/01@14:22:05,627,3.8105628,23358.709677419356
2026/08/01@14:22:06,628,3.897,23361.967741935485
2026/08/01@14:22:07,629,3.91781236,23365.225806451614
2026/08/01@14:22:08,630,3.7950004,23368.483870967742
2026/08/01@14:22:09,631,4.2354376,23371.74193548387
2026/08/01@14:22:10,632,4.1829376,23375.0
2026/08/01@14:22:12,634,4.156125,23381.533333333333
2026/08/01@14:22:13,635,4.1366252,23384.8
2026/08/01@14:22:14,636,3.7201876,23388.066666666666
2026/08/01@14:22:15,637,3.87018784,23391.333333333332
2026/08/01@14:22:16,638,2.9641876,23394.6
2026/08/01@14:22:17,639,2.7885,23397.866666666665
2026/08/01@14:22:18,640,4.166813,23401.133333333335
2026/08/01@14:22:19,641,3.9643128,23404.4
2026/08/01@14:22:20,642,3.9585004,23407.666666666668
2026/08/01@14:22:21,643,3.90506268,23410.933333333334
2026/08/01@14:22:22,644,4.1255628,23414.2
2026/08/01@14:22:23,645,3.3883128,23417.466666666667
2026/08/01@14:22:25,647,3.7650004,23424.0
2026/08/01@14:22:26,648,4.0376252,23427.266666666666
2026/08/01@14:22:27,649,3.569625,23430.533333333333
2026/08/01@14:22:28,650,4.0603128,23433.8
2026/08/01@14:22:29,651,4.0672504,23437.066666666666
2026/08/01@14:22:30,652,3.9877504,23440.333333333332
2026/08/01@14:22:31,653,3.8640004,23443.6
2026/08/01@14:22:32,654,3.0855002,23446.866666666665
2026/08/01@14:22:33,655,3.8930626,23450.133333333335
2026/08/01@14:22:34,656,3.869625,23453.4
2026/08/01@14:22:35,657,3.3391876,23456.666666666668
2026/08/01@14:22:36,658,3.604125,23459.933333333334
2026/08/01@14:22:38,660,3.6534376,23466.466666666667
2026/08/01@14:22:39,661,3.8368128,23469.733333333334
2026/08/01@14:22:40,662,3.6416252,23473.0
2026/08/01@14:22:41,663,3.6461252,23475.967741935485
2026/08/01@14:22:42,664,3.9058128,23478.935483870966
2026/08/01@14:22:43,665,3.468,23481.90322580645
2026/08/01@14:22:44,666,3.5113128,23484.870967741936
2026/08/01@14:22:45,667,3.5454376,23487.83870967742
2026/08/01@14:22:46,668,3.4723128,23490.8064516129
2026/08/01@14:22:47,669,3.35962532,23493.774193548386
2026/08/01@14:22:48,670,3.99243768,23496.74193548387
2026/08/01@14:22:50,672,3.9898128,23502.677419354837
2026/08/01@14:22:51,673,3.87225,23505.645161290322
2026/08/01@14:22:52,674,3.8868752,23508.612903225807
2026/08/01@14:22:53,675,3.8876252,23511.58064516129
2026/08/01@14:22:54,676,3.87318768,23514.548387096773
2026/08/01@14:22:55,677,3.4035,23517.516129032258
2026/08/01@14:22:56,678,3.524625,23520.483870967742
2026/08/01@14:22:57,679,3.8628752,23523.451612903227
2026/08/01@14:22:58,680,3.63675,23526.41935483871
2026/08/01@14:22:59,681,3.86606268,23529.387096774193
2026/08/01@14:23:00,682,3.80625,23532.354838709678
2026/08/01@14:23:01,683,3.7991252,23535.322580645163
2026/08/01@14:23:03,685,3.85743768,23541.25806451613
2026/08/01@14:23:04,686,2.7761252,23544.225806451614
2026/08/01@14:23:05,687,2.782875,23547.1935483871
2026/08/01@14:23:06,688,3.77756268,23550.16129032258
2026/08/01@14:23:07,689,3.72825,23553.129032258064
2026/08/01@14:23:08,690,3.510563,23556.09677419355
2026/08/01@14:23:09,691,3.660375,23559.064516129034
2026/08/01@14:23:10,692,3.645938,23562.032258064515
2026/08/01@14:23:11,693,3.68325032,23565.0
2026/08/01@14:23:12,694,4.098938,23568.225806451614
2026/08/01@14:23:13,695,3.991125,23571.451612903227
2026/08/01@14:23:14,696,3.9286876,23574.677419354837
2026/08/01@14:23:16,698,4.044938,23581.129032258064
2026/08/01@14:23:17,699,3.2137504,23584.354838709678
2026/08/01@14:23:18,700,3.87843768,23587.58064516129
2026/08/01@14:23:19,701,3.83943768,23590.8064516129
2026/08/01@14:23:20,702,3.559875,23594.032258064515
2026/08/01@14:23:21,703,3.897375,23597.25806451613
2026/08/01@14:23:22,704,3.8514376,23600.483870967742
2026/08/01@14:23:23,705,3.67800032,23603.709677419356
2026/08/01@14:23:24,706,4.0734376,23606.935483870966
2026/08/01@14:23:25,707,4.160625,23610.16129032258
2026/08/01@14:23:26,708,4.134375,23613.387096774193
2026/08/01@14:23:28,710,4.149375,23619.83870967742
2026/08/01@14:23:29,711,2.7823126,23623.064516129034
2026/08/01@14:23:30,712,3.61181236,23626.290322580644
2026/08/01@14:23:31,713,3.4468126,23629.516129032258
2026/08/01@14:23:32,714,3.9206252,23632.74193548387
2026/08/01@14:23:33,715,3.8848128,23635.967741935485
2026/08/01@14:23:34,716,3.913875,23639.1935483871
2026/08/01@14:23:35,717,3.9309376,23642.41935483871
2026/08/01@14:23:36,718,3.7218752,23645.645161290322
2026/08/01@14:23:37,719,2.7975002,23648.870967741936
2026/08/01@14:23:38,720,2.9711252,23652.09677419355
2026/08/01@14:23:39,721,4.0215008,23655.322580645163
2026/08/01@14:23:41,723,4.246125,23661.774193548386
2026/08/01@14:23:42,724,4.0850624,23665.0
2026/08/01@14:23:43,725,3.4258128,23668.566666666666
2026/08/01@14:23:44,726,3.393,23672.133333333335
2026/08/01@14:23:45,727,3.90525,23675.7
2026/08/01@14:23:46,728,3.7565628,23679.266666666666
2026/08/01@14:23:47,729,3.6133128,23682.833333333332
2026/08/01@14:23:48,730,3.42825,23686.4
2026/08/01@14:23:49,731,3.78281236,23689.966666666667
2026/08/01@14:23:50,732,4.1715,23693.533333333333
2026/08/01@14:23:51,733,4.132313,23697.1
2026/08/01@14:23:52,734,4.2045,23700.666666666668
2026/08/01@14:23:54,736,4.0837504,23707.8
2026/08/01@14:23:55,737,4.108125,23711.366666666665
2026/08/01@14:23:56,738,3.729938,23714.933333333334
2026/08/01@14:23:57,739,3.9268126,23718.5
2026/08/01@14:23:58,740,4.07175,23722.066666666666
2026/08/01@14:23:59,741,3.9406876,23725.633333333335
2026/08/01@14:24:00,742,3.820125,23729.2
2026/08/01@14:24:01,743,2.8171876,23732.766666666666
2026/08/01@14:24:02,744,3.3774376,23736.333333333332
2026/08/01@14:24:03,745,3.983625,23739.9
2026/08/01@14:24:04,746,4.02,23743.466666666667
2026/08/01@14:24:05,747,3.51731268,23747.033333333333
2026/08/01@14:24:07,749,3.9470624,23754.166666666668
2026/08/01@14:24:08,750,4.071563,23757.733333333334
2026/08/01@14:24:09,751,3.87693736,23761.3
2026/08/01@14:24:10,752,4.1043752,23764.866666666665
2026/08/01@14:24:11,753,3.8994376,23768.433333333334
2026/08/01@14:24:12,754,3.6793128,23772.0
2026/08/01@14:24:13,755,3.21525,23775.322580645163
2026/08/01@14:24:14,756,3.9913124,23778.645161290322
2026/08/01@14:24:15,757,3.91068736,23781.967741935485
2026/08/01@14:24:16,758,3.7455004,23785.290322580644
2026/08/01@14:24:17,759,3.5506876,23788.612903225807
2026/08/01@14:24:19,761,3.96150032,23795.25806451613
2026/08/01@14:24:20,762,3.8266876,23798.58064516129
2026/08/01@14:24:21,763,3.96,23801.90322580645
2026/08/01@14:24:22,764,3.913875,23805.225806451614
2026/08/01@14:24:23,765,3.9247504,23808.548387096773
2026/08/01@14:24:24,766,3.919125,23811.870967741936
2026/08/01@14:24:25,767,2.7894378,23815.1935483871
2026/08/01@14:24:26,768,3.8816252,23818.516129032258
2026/08/01@14:24:27,769,3.9135004,23821.83870967742
2026/08/01@14:24:28,770,2.7950626,23825.16129032258
2026/08/01@14:24:29,771,3.722625,23828.483870967742
2026/08/01@14:24:30,772,3.5613752,23831.8064516129
2026/08/01@14:24:32,774,3.53343768,23838.451612903227
2026/08/01@14:24:33,775,2.796375,23841.774193548386
2026/08/01@14:24:34,776,3.66,23845.09677419355
2026/08/01@14:24:35,777,4.055438,23848.41935483871
2026/08/01@14:24:36,778,4.0250624,23851.74193548387
2026/08/01@14:24:37,779,4.008938,23855.064516129034
2026/08/01@14:24:38,780,3.9701252,23858.387096774193
2026/08/01@14:24:39,781,3.485625,23861.709677419356
2026/08/01@14:24:40,782,3.5315628,23865.032258064515
2026/08/01@14:24:41,783,3.9013128,23868.354838709678
2026/08/01@14:24:42,784,3.66,23871.677419354837
2026/08/01@14:24:43,785,3.46050016,23875.0
2026/08/01@14:24:45,787,3.69131268,23881.6
2026/08/01@14:24:46,788,3.681375,23884.9
2026/08/01@14:24:47,789,3.84075,23888.2
2026/08/01@14:24:48,790,3.8371876,23891.5
2026/08/01@14:24:49,791,3.3444378,23894.8
2026/08/01@14:24:50,792,3.5064376,23898.1
2026/08/01@14:24:51,793,3.2383124,23901.4
2026/08/01@14:24:52,794,3.408,23904.7
2026/08/01@14:24:53,795,3.6474376,23908.0
2026/08/01@14:24:54,796,3.85725032,23911.3
2026/08/01@14:24:55,797,3.1363128,23914.6
2026/08/01@14:24:56,798,3.50193736,23917.9
2026/08/01@14:24:58,800,3.70106268,23924.5
2026/08/01@14:24:59,801,3.7149376,23927.8
2026/08/01@14:25:00,802,3.1014376,23931.1
2026/08/01@14:25:01,803,3.7271252,23934.4
2026/08/01@14:25:02,804,3.306375,23937.7
2026/08/01@14:25:03,805,3.76893784,23941.0
2026/08/01@14:25:04,806,3.6654376,23944.3
2026/08/01@14:25:05,807,3.72412536,23947.6
2026/08/01@14:25:06,808,3.65775016,23950.9
2026/08/01@14:25:07,809,3.59775016,23954.2
2026/08/01@14:25:08,810,3.9161252,23957.5
2026/08/01@14:25:10,812,3.8703752,23964.1
2026/08/01@14:25:11,813,3.2739376,23967.4
2026/08/01@14:25:12,814,2.9381252,23970.7
2026/08/01@14:25:13,815,3.03,23974.0
2026/08/01@14:25:14,816,3.6099376,23977.451612903227
2026/08/01@14:25:15,817,3.5251876,23980.90322580645
2026/08/01@14:25:16,818,3.82706268,23984.354838709678
2026/08/01@14:25:17,819,3.54075,23987.8064516129
2026/08/01@14:25:18,820,3.5645628,23991.25806451613
2026/08/01@14:25:19,821,3.66618784,23994.709677419356
2026/08/01@14:25:20,822,3.712875,23998.16129032258
2026/08/01@14:25:22,823,3.747563,24005.064516129034
2026/08/01@14:25:23,825,3.6176252,24008.516129032258
2026/08/01@14:25:24,826,3.6594376,24011.967741935485
2026/08/01@14:25:25,827,3.734438,24015.41935483871
2026/08/01@14:25:26,828,3.81675,24018.870967741936
2026/08/01@14:25:27,829,3.6956252,24022.322580645163
2026/08/01@14:25:28,830,3.4760628,24025.774193548386
2026/08/01@14:25:29,831,3.0101252,24029.225806451614
2026/08/01@14:25:30,832,3.9318752,24032.677419354837
2026/08/01@14:25:31,833,3.9181876,24036.129032258064
2026/08/01@14:25:32,834,3.85275,24039.58064516129
2026/08/01@14:25:33,835,4.0145624,24043.032258064515
2026/08/01@14:25:35,837,3.94050016,24049.935483870966
2026/08/01@14:25:36,838,3.3521252,24053.387096774193
2026/08/01@14:25:37,839,3.4473752,24056.83870967742
2026/08/01@14:25:38,840,3.822,24060.290322580644
2026/08/01@14:25:39,841,3.76556268,24063.74193548387
2026/08/01@14:25:40,842,3.5638124,24067.1935483871
2026/08/01@14:25:41,843,3.4393124,24070.645161290322
2026/08/01@14:25:42,844,2.8055624,24074.09677419355
2026/08/01@14:25:43,845,3.9028124,24077.548387096773
2026/08/01@14:25:44,846,3.9568126,24081.0
2026/08/01@14:25:45,847,3.7691252,24084.322580645163
2026/08/01@14:25:46,848,3.8503128,24087.645161290322
2026/08/01@14:25:48,850,3.8634376,24094.290322580644
2026/08/01@14:25:49,851,3.9480004,24097.612903225807
2026/08/01@14:25:50,852,3.98756268,24100.935483870966
2026/08/01@14:25:51,853,3.97031268,24104.25806451613
2026/08/01@14:25:52,854,3.87731268,24107.58064516129
2026/08/01@14:25:53,855,3.85256268,24110.90322580645
2026/08/01@14:25:54,856,3.98118768,24114.225806451614
2026/08/01@14:25:55,857,3.79856268,24117.548387096773
2026/08/01@14:25:56,858,3.93075016,24120.870967741936
2026/08/01@14:25:57,859,3.53531268,24124.1935483871
2026/08/01@14:25:58,860,3.8971876,24127.516129032258
2026/08/01@14:26:00,862,3.8133752,24134.16129032258
2026/08/01@14:26:01,863,3.5523752,24137.483870967742
2026/08/01@14:26:02,864,3.5413128,24140.8064516129
2026/08/01@14:26:03,865,2.8134376,24144.129032258064
2026/08/01@14:26:04,866,3.14325,24147.451612903227
2026/08/01@14:26:05,867,3.6298128,24150.774193548386
2026/08/01@14:26:06,868,3.486,24154.09677419355
2026/08/01@14:26:07,869,3.8971876,24157.41935483871
2026/08/01@14:26:08,870,3.91800032,24160.74193548387
2026/08/01@14:26:09,871,3.8859376,24164.064516129034
2026/08/01@14:26:10,872,4.096688,24167.387096774193
2026/08/01@14:26:11,873,3.9354376,24170.709677419356
2026/08/01@14:26:13,875,4.055813,24177.354838709678
2026/08/01@14:26:14,876,3.963375,24180.677419354837
2026/08/01@14:26:15,877,3.83943768,24184.0
2026/08/01@14:26:16,878,3.8278126,24187.266666666666
2026/08/01@14:26:17,879,3.73556268,24190.533333333333
2026/08/01@14:26:18,880,3.79931268,24193.8
2026/08/01@14:26:19,881,3.918375,24197.066666666666
2026/08/01@14:26:20,882,3.9135004,24200.333333333332
2026/08/01@14:26:21,883,3.6671252,24203.6
2026/08/01@14:26:22,884,3.9001876,24206.866666666665
2026/08/01@14:26:23,885,3.6631876,24210.133333333335
2026/08/01@14:26:24,886,3.684,24213.4
2026/08/01@14:26:26,888,3.44175,24219.933333333334
2026/08/01@14:26:27,889,3.7428754,24223.2
2026/08/01@14:26:28,890,3.99375,24226.466666666667
2026/08/01@14:26:29,891,4.0425004,24229.733333333334
2026/08/01@14:26:30,892,4.02525,24233.0
2026/08/01@14:26:31,893,3.9395628,24236.266666666666
2026/08/01@14:26:32,894,3.772125,24239.533333333333
2026/08/01@14:26:33,895,3.5523752,24242.8
2026/08/01@14:26:34,896,3.73856268,24246.066666666666
2026/08/01@14:26:35,897,3.8071876,24249.333333333332
2026/08/01@14:26:36,898,3.8004376,24252.6
2026/08/01@14:26:37,899,3.92625,24255.866666666665
2026/08/01@14:26:39,901,3.7935,24262.4
2026/08/01@14:26:40,902,3.9110628,24265.666666666668
2026/08/01@14:26:41,903,3.5516252,24268.933333333334
2026/08/01@14:26:42,904,2.8155002,24272.2
2026/08/01@14:26:43,905,3.8497502,24275.466666666667
2026/08/01@14:26:44,906,3.3965628,24278.733333333334
2026/08/01@14:26:45,907,3.7897504,24282.0
2026/08/01@14:26:46,908,3.8388752,24285.064516129034
2026/08/01@14:26:47,909,4.0074376,24288.129032258064
2026/08/01@14:26:48,910,3.9176252,24291.1935483871
2026/08/01@14:26:49,911,3.6697502,24294.25806451613
2026/08/01@14:26:51,913,3.7558126,24300.387096774193
2026/08/01@14:26:52,914,3.6605624,24303.451612903227
2026/08/01@14:26:53,915,3.9391876,24306.516129032258
2026/08/01@14:26:54,916,4.1010004,24309.58064516129
2026/08/01@14:26:55,917,4.1994376,24312.645161290322
2026/08/01@14:26:56,918,4.0496252,24315.709677419356
2026/08/01@14:26:57,919,4.0470004,24318.774193548386
2026/08/01@14:26:58,920,4.0395,24321.83870967742
2026/08/01@14:26:59,921,3.9920626,24324.90322580645
2026/08/01@14:27:00,922,3.96975016,24327.967741935485
2026/08/01@14:27:01,923,3.8310004,24331.032258064515
2026/08/01@14:27:02,924,3.1436252,24334.09677419355
2026/08/01@14:27:04,926,3.88612532,24340.225806451614
2026/08/01@14:27:05,927,3.84075,24343.290322580644
2026/08/01@14:27:06,928,3.8720628,24346.354838709678
2026/08/01@14:27:07,929,3.8248124,24349.41935483871
2026/08/01@14:27:08,930,3.87262532,24352.483870967742
2026/08/01@14:27:09,931,3.86212536,24355.548387096773
2026/08/01@14:27:10,932,3.5945628,24358.612903225807
2026/08/01@14:27:11,933,3.8505,24361.677419354837
2026/08/01@14:27:12,934,3.8475,24364.74193548387
2026/08/01@14:27:13,935,3.94012536,24367.8064516129
2026/08/01@14:27:14,936,3.4018128,24370.870967741936
2026/08/01@14:27:16,937,3.785625,24377.0
2026/08/01@14:27:17,939,2.8179376,24380.3
2026/08/01@14:27:18,940,3.5508752,24383.6
2026/08/01@14:27:19,941,3.6429376,24386.9
2026/08/01@14:27:20,942,3.91031268,24390.2
2026/08/01@14:27:21,943,2.84025,24393.5
2026/08/01@14:27:22,944,3.7531876,24396.8
2026/08/01@14:27:23,945,3.69525,24400.1
2026/08/01@14:27:24,946,3.84768768,24403.4
2026/08/01@14:27:25,947,3.8619376,24406.7
2026/08/01@14:27:26,948,3.931688,24410.0
2026/08/01@14:27:27,949,3.9318752,24413.3
2026/08/01@14:27:29,951,3.8833128,24419.9
2026/08/01@14:27:30,952,3.7434376,24423.2
2026/08/01@14:27:31,953,3.7029376,24426.5
2026/08/01@14:27:32,954,3.8008128,24429.8
2026/08/01@14:27:33,955,3.8529376,24433.1
2026/08/01@14:27:34,956,3.80550032,24436.4
2026/08/01@14:27:35,957,3.8647504,24439.7
2026/08/01@14:27:36,958,3.9311252,24443.0
2026/08/01@14:27:37,959,3.4370628,24446.3
2026/08/01@14:27:38,960,3.7950004,24449.6
2026/08/01@14:27:39,961,3.91218784,24452.9
2026/08/01@14:27:40,962,3.8720628,24456.2
2026/08/01@14:27:42,964,3.3759376,24462.8
2026/08/01@14:27:43,965,3.7781252,24466.1
2026/08/01@14:27:44,966,3.9213752,24469.4
2026/08/01@14:27:45,967,3.75225032,24472.7
2026/08/01@14:27:46,968,2.813625,24476.0
2026/08/01@14:27:47,969,3.8450628,24479.064516129034
2026/08/01@14:27:48,970,3.781313,24482.129032258064
2026/08/01@14:27:49,971,3.76593784,24485.1935483871
2026/08/01@14:27:50,972,3.1610628,24488.25806451613
2026/08/01@14:27:51,973,3.7276876,24491.322580645163
2026/08/01@14:27:52,974,3.73425,24494.387096774193
2026/08/01@14:27:53,975,3.8465628,24497.451612903227
2026/08/01@14:27:55,977,3.7436252,24503.58064516129
2026/08/01@14:27:56,978,2.837625,24506.645161290322
2026/08/01@14:27:57,979,3.1168128,24509.709677419356
2026/08/01@14:27:58,980,3.5450628,24512.774193548386
2026/08/01@14:27:59,981,3.5656876,24515.83870967742
2026/08/01@14:28:00,982,4.085625,24518.90322580645
2026/08/01@14:28:01,983,3.99525032,24521.967741935485
2026/08/01@14:28:02,984,4.0528124,24525.032258064515
2026/08/01@14:28:03,985,3.9528752,24528.09677419355
2026/08/01@14:28:04,986,3.8473128,24531.16129032258
2026/08/01@14:28:05,987,3.3493128,24534.225806451614
2026/08/01@14:28:07,988,3.6791252,24540.354838709678
2026/08/01@14:28:08,990,3.7700624,24543.41935483871
2026/08/01@14:28:09,991,3.7130628,24546.483870967742
2026/08/01@14:28:10,992,3.7278752,24549.548387096773
2026/08/01@14:28:11,993,3.6534376,24552.612903225807
2026/08/01@14:28:12,994,3.642375,24555.677419354837
2026/08/01@14:28:13,995,3.566625,24558.74193548387
2026/08/01@14:28:14,996,3.66937536,24561.8064516129
2026/08/01@14:28:15,997,3.7306876,24564.870967741936
2026/08/01@14:28:16,998,3.72750032,24567.935483870966
2026/08/01@14:28:17,999,3.7286252,24571.0
2026/08/01@14:28:18,1000,3.92850016,24574.066666666666
2026/08/01@14:28:20,1002,3.92643768,24580.2
2026/08/01@14:28:21,1003,3.7046252,24583.266666666666
2026/08/01@14:28:22,1004,3.6453752,24586.333333333332
2026/08/01@14:28:23,1005,3.67181236,24589.4
2026/08/01@14:28:24,1006,3.69506268,24592.466666666667
2026/08/01@14:28:25,1007,3.6196876,24595.533333333333
2026/08/01@14:28:26,1008,3.7653752,24598.6
2026/08/01@14:28:27,1009,3.604313,24601.666666666668
2026/08/01@14:28:28,1010,3.799688,24604.733333333334
2026/08/01@14:28:29,1011,3.68568768,24607.8
2026/08/01@14:28:30,1012,3.5214376,24610.866666666665
2026/08/01@14:28:31,1013,3.6498752,24613.933333333334
2026/08/01@14:28:33,1015,3.42375,24620.066666666666
2026/08/01@14:28:34,1016,3.8709376,24623.133333333335
2026/08/01@14:28:35,1017,3.85275,24626.2
2026/08/01@14:28:36,1018,2.840625,24629.266666666666
2026/08/01@14:28:37,1019,3.7376252,24632.333333333332
2026/08/01@14:28:38,1020,3.37518768,24635.4
2026/08/01@14:28:39,1021,3.7520628,24638.466666666667
2026/08/01@14:28:40,1022,3.7743752,24641.533333333333
2026/08/01@14:28:41,1023,3.7100624,24644.6
2026/08/01@14:28:42,1024,3.7014376,24647.666666666668
2026/08/01@14:28:43,1025,3.71156268,24650.733333333334
2026/08/01@14:28:44,1026,3.9043128,24653.8
2026/08/01@14:28:46,1028,3.9300004,24659.933333333334
2026/08/01@14:28:47,1029,3.52331268,24663.0
2026/08/01@14:28:48,1030,3.888,24666.16129032258
2026/08/01@14:28:49,1031,3.7873128,24669.322580645163
2026/08/01@14:28:50,1032,3.73406268,24672.483870967742
2026/08/01@14:28:51,1033,3.376125,24675.645161290322
2026/08/01@14:28:52,1034,3.94743768,24678.8064516129
2026/08/01@14:28:53,1035,2.82975,24681.967741935485
2026/08/01@14:28:54,1036,3.9795004,24685.129032258064
2026/08/01@14:28:55,1037,3.1218752,24688.290322580644
2026/08/01@14:28:56,1038,3.8161876,24691.451612903227
2026/08/01@14:28:58,1040,3.54900032,24697.774193548386
2026/08/01@14:28:59,1041,3.60281236,24700.935483870966
2026/08/01@14:29:00,1042,3.4428752,24704.09677419355
2026/08/01@14:29:01,1043,3.0935626,24707.25806451613
2026/08/01@14:29:02,1044,3.8840626,24710.41935483871
2026/08/01@14:29:03,1045,3.869625,24713.58064516129
2026/08/01@14:29:04,1046,4.083,24716.74193548387
2026/08/01@14:29:05,1047,4.0395,24719.90322580645
2026/08/01@14:29:06,1048,3.72318752,24723.064516129034
2026/08/01@14:29:07,1049,2.8453126,24726.225806451614
2026/08/01@14:29:08,1050,4.0336876,24729.387096774193
2026/08/01@14:29:09,1051,4.121813,24732.548387096773
2026/08/01@14:29:11,1053,4.0123124,24738.870967741936
2026/08/01@14:29:12,1054,3.0596252,24742.032258064515
2026/08/01@14:29:13,1055,3.7376252,24745.1935483871
2026/08/01@14:29:14,1056,3.6663752,24748.354838709678
2026/08/01@14:29:15,1057,2.83275,24751.516129032258
2026/08/01@14:29:16,1058,3.5833124,24754.677419354837
2026/08/01@14:29:17,1059,3.632625,24757.83870967742
2026/08/01@14:29:18,1060,4.0788756,24761.0
2026/08/01@14:29:19,1061,4.0351876,24764.064516129034
2026/08/01@14:29:20,1062,3.9886876,24767.129032258064
2026/08/01@14:29:21,1063,2.8336878,24770.1935483871
2026/08/01@14:29:22,1064,3.7880626,24773.25806451613
2026/08/01@14:29:24,1066,3.8315628,24779.387096774193
2026/08/01@14:29:25,1067,4.1454376,24782.451612903227
2026/08/01@14:29:26,1068,4.1229376,24785.516129032258
2026/08/01@14:29:27,1069,4.12725,24788.58064516129
2026/08/01@14:29:28,1070,3.63131268,24791.645161290322
2026/08/01@14:29:29,1071,3.8651252,24794.709677419356
2026/08/01@14:29:30,1072,4.0046252,24797.774193548386
2026/08/01@14:29:31,1073,3.8390628,24800.83870967742
2026/08/01@14:29:32,1074,3.9408752,24803.90322580645
2026/08/01@14:29:33,1075,4.0693124,24806.967741935485
2026/08/01@14:29:34,1076,3.99731268,24810.032258064515
2026/08/01@14:29:36,1078,3.7065004,24816.16129032258
2026/08/01@14:29:37,1079,3.6335628,24819.225806451614
2026/08/01@14:29:38,1080,3.9241876,24822.290322580644
2026/08/01@14:29:39,1081,4.005,24825.354838709678
2026/08/01@14:29:40,1082,4.023375,24828.41935483871
2026/08/01@14:29:41,1083,4.0758752,24831.483870967742
2026/08/01@14:29:42,1084,4.0807504,24834.548387096773
2026/08/01@14:29:43,1085,3.888563,24837.612903225807
2026/08/01@14:29:44,1086,4.0813128,24840.677419354837
2026/08/01@14:29:45,1087,3.39056268,24843.74193548387
2026/08/01@14:29:46,1088,2.8209376,24846.8064516129
2026/08/01@14:29:47,1089,3.502688,24849.870967741936
2026/08/01@14:29:49,1091,3.2846252,24856.0
2026/08/01@14:29:50,1092,3.83325,24859.3
2026/08/01@14:29:51,1093,3.7702504,24862.6
2026/08/01@14:29:52,1094,3.6350628,24865.9
2026/08/01@14:29:53,1095,3.5373752,24869.2
2026/08/01@14:29:54,1096,3.94293784,24872.5
2026/08/01@14:29:55,1097,3.1338752,24875.8
2026/08/01@14:29:56,1098,3.7235628,24879.1
2026/08/01@14:29:57,1099,3.7380002,24882.4
2026/08/01@14:29:58,1100,3.7963128,24885.7
2026/08/01@14:29:59,1101,3.736875,24889.0
2026/08/01@14:30:00,1102,3.82312532,24892.3
2026/08/01@14:30:02,1104,3.7516876,24898.9
2026/08/01@14:30:03,1105,3.7106252,24902.2
2026/08/01@14:30:04,1106,3.781125,24905.5
2026/08/01@14:30:05,1107,3.7455004,24908.8
2026/08/01@14:30:06,1108,4.117313,24912.1
2026/08/01@14:30:07,1109,4.088813,24915.4
2026/08/01@14:30:08,1110,2.8031252,24918.7
2026/08/01@14:30:09,1111,4.07775,24922.0
2026/08/01@14:30:10,1112,3.8191876,24925.3
2026/08/01@14:30:11,1113,4.232813,24928.6
2026/08/01@14:30:12,1114,4.1514376,24931.9
2026/08/01@14:30:14,1116,3.9765,24938.5
2026/08/01@14:30:15,1117,3.8420628,24941.8
2026/08/01@14:30:16,1118,4.091625,24945.1
2026/08/01@14:30:17,1119,4.0708128,24948.4
2026/08/01@14:30:18,1120,3.91275,24951.7
2026/08/01@14:30:19,1121,2.8036876,24955.0
2026/08/01@14:30:20,1122,3.80456268,24958.1935483871
2026/08/01@14:30:21,1123,3.9969378,24961.387096774193
2026/08/01@14:30:22,1124,4.036125,24964.58064516129
2026/08/01@14:30:23,1125,4.082625,24967.774193548386
2026/08/01@14:30:24,1126,4.0955624,24970.967741935485
2026/08/01@14:30:25,1127,4.212375,24974.16129032258
2026/08/01@14:30:27,1129,3.7663128,24980.548387096773
2026/08/01@14:30:28,1130,3.7531876,24983.74193548387
2026/08/01@14:30:29,1131,3.6789374,24986.935483870966
2026/08/01@14:30:30,1132,3.6273752,24990.129032258064
2026/08/01@14:30:31,1133,3.85125032,24993.322580645163
2026/08/01@14:30:32,1134,3.96018736,24996.516129032258
2026/08/01@14:30:33,1135,4.035,24999.709677419356
2026/08/01@14:30:34,1136,3.7753124,25002.90322580645
2026/08/01@14:30:35,1137,4.127063,25006.09677419355
2026/08/01@14:30:36,1138,3.8257504,25009.290322580644
2026/08/01@14:30:37,1139,3.8889376,25012.483870967742
2026/08/01@14:30:38,1140,4.14225,25015.677419354837
2026/08/01@14:30:40,1142,4.1000624,25022.064516129034
2026/08/01@14:30:41,1143,4.052625,25025.25806451613
2026/08/01@14:30:42,1144,3.616125,25028.451612903227
2026/08/01@14:30:43,1145,4.0224376,25031.645161290322
2026/08/01@14:30:44,1146,3.69431268,25034.83870967742
2026/08/01@14:30:45,1147,3.98175,25038.032258064515
2026/08/01@14:30:46,1148,3.9603752,25041.225806451614
2026/08/01@14:30:47,1149,3.9898128,25044.41935483871
2026/08/01@14:30:48,1150,3.80325,25047.612903225807
2026/08/01@14:30:49,1151,2.9793752,25050.8064516129
2026/08/01@14:30:50,1152,3.80325,25054.0
2026/08/01@14:30:51,1153,3.9382504,25057.3
2026/08/01@14:30:53,1155,3.838688,25063.9
2026/08/01@14:30:54,1156,4.0515004,25067.2
2026/08/01@14:30:55,1157,4.0666876,25070.5
2026/08/01@14:30:56,1158,3.9885,25073.8
2026/08/01@14:30:57,1159,3.49725,25077.1
2026/08/01@14:30:58,1160,3.3849378,25080.4
2026/08/01@14:30:59,1161,3.5859376,25083.7
2026/08/01@14:31:00,1162,3.97031268,25087.0
2026/08/01@14:31:01,1163,3.587625,25090.3
2026/08/01@14:31:02,1164,3.469875,25093.6
2026/08/01@14:31:03,1165,3.489375,25096.9
2026/08/01@14:31:05,1167,3.722625,25103.5
2026/08/01@14:31:06,1168,3.8619376,25106.8
2026/08/01@14:31:07,1169,3.7755004,25110.1
2026/08/01@14:31:08,1170,3.42956268,25113.4
2026/08/01@14:31:09,1171,3.59718768,25116.7
2026/08/01@14:31:10,1172,4.2975008,25120.0
2026/08/01@14:31:11,1173,4.298813,25123.3
2026/08/01@14:31:12,1174,4.286438,25126.6
2026/08/01@14:31:13,1175,4.0837504,25129.9
2026/08/01@14:31:14,1176,3.7629376,25133.2
2026/08/01@14:31:15,1177,4.26525,25136.5
2026/08/01@14:31:16,1178,4.176375,25139.8
2026/08/01@14:31:18,1180,4.260563,25146.4
2026/08/01@14:31:19,1181,4.258875,25149.7
2026/08/01@14:31:20,1182,4.259063,25153.0
2026/08/01@14:31:21,1183,4.2444376,25155.967741935485
2026/08/01@14:31:22,1184,4.0760628,25158.935483870966
2026/08/01@14:31:23,1185,4.1512504,25161.90322580645
2026/08/01@14:31:24,1186,3.8278126,25164.870967741936
2026/08/01@14:31:25,1187,2.845875,25167.83870967742
2026/08/01@14:31:26,1188,3.5887504,25170.8064516129
2026/08/01@14:31:27,1189,3.455625,25173.774193548386
2026/08/01@14:31:28,1190,3.3808126,25176.74193548387
2026/08/01@14:31:29,1191,4.0620004,25179.709677419356
2026/08/01@14:31:31,1193,3.9618752,25185.645161290322
2026/08/01@14:31:32,1194,4.1038128,25188.612903225807
2026/08/01@14:31:33,1195,3.9406876,25191.58064516129
2026/08/01@14:31:34,1196,3.71756268,25194.548387096773
2026/08/01@14:31:35,1197,3.99975016,25197.516129032258
2026/08/01@14:31:36,1198,4.0428752,25200.483870967742
2026/08/01@14:31:37,1199,4.0040628,25203.451612903227
2026/08/01@14:31:38,1200,4.0441876,25206.41935483871
2026/08/01@14:31:39,1201,3.6605624,25209.387096774193
2026/08/01@14:31:40,1202,3.603,25212.354838709678
2026/08/01@14:31:41,1203,3.825938,25215.322580645163
2026/08/01@14:31:43,1205,3.7113752,25221.25806451613
2026/08/01@14:31:44,1206,3.73425,25224.225806451614
2026/08/01@14:31:45,1207,4.0687504,25227.1935483871
2026/08/01@14:31:46,1208,4.051125,25230.16129032258
2026/08/01@14:31:47,1209,3.5118752,25233.129032258064
2026/08/01@14:31:48,1210,3.822938,25236.09677419355
2026/08/01@14:31:49,1211,3.879375,25239.064516129034
2026/08/01@14:31:50,1212,4.1010004,25242.032258064515
2026/08/01@14:31:51,1213,4.0758752,25245.0
2026/08/01@14:31:52,1214,4.0428752,25248.16129032258
2026/08/01@14:31:53,1215,3.52931268,25251.322580645163
2026/08/01@14:31:54,1216,3.83137532,25254.483870967742
2026/08/01@14:31:56,1218,3.9879376,25260.8064516129
2026/08/01@14:31:57,1219,3.8896876,25263.967741935485
2026/08/01@14:31:58,1220,3.7978128,25267.129032258064
2026/08/01@14:31:59,1221,3.8364376,25270.290322580644
2026/08/01@14:32:00,1222,3.8876252,25273.451612903227
2026/08/01@14:32:01,1223,3.82125032,25276.612903225807
2026/08/01@14:32:02,1224,3.3907504,25279.774193548386
2026/08/01@14:32:03,1225,2.8220624,25282.935483870966
2026/08/01@14:32:04,1226,3.90731268,25286.09677419355
2026/08/01@14:32:05,1227,3.86793784,25289.25806451613
2026/08/01@14:32:06,1228,4.268438,25292.41935483871
2026/08/01@14:32:07,1229,4.296188,25295.58064516129
2026/08/01@14:32:09,1231,4.30125,25301.90322580645
2026/08/01@14:32:10,1232,4.304813,25305.064516129034
2026/08/01@14:32:11,1233,4.3340624,25308.225806451614
2026/08/01@14:32:12,1234,4.129125,25311.387096774193
2026/08/01@14:32:13,1235,3.9922504,25314.548387096773
2026/08/01@14:32:14,1236,4.189875,25317.709677419356
2026/08/01@14:32:15,1237,4.101938,25320.870967741936
2026/08/01@14:32:16,1238,4.12875,25324.032258064515
2026/08/01@14:32:17,1239,2.796375,25327.1935483871
2026/08/01@14:32:18,1240,3.8535,25330.354838709678
2026/08/01@14:32:19,1241,2.8563752,25333.516129032258
2026/08/01@14:32:21,1242,3.67462536,25339.83870967742
2026/08/01@14:32:22,1244,4.2337504,25343.0
2026/08/01@14:32:23,1245,3.703125,25346.333333333332
2026/08/01@14:32:24,1246,3.9883128,25349.666666666668
2026/08/01@14:32:25,1247,3.811125,25353.0
2026/08/01@14:32:26,1248,3.6858752,25356.333333333332
2026/08/01@14:32:27,1249,4.07775,25359.666666666668
2026/08/01@14:32:28,1250,4.1555624,25363.0
2026/08/01@14:32:29,1251,4.1011876,25366.333333333332
2026/08/01@14:32:30,1252,4.078313,25369.666666666668
2026/08/01@14:32:31,1253,4.026,25373.0
2026/08/01@14:32:32,1254,4.0899376,25376.333333333332
2026/08/01@14:32:34,1256,3.99731268,25383.0
2026/08/01@14:32:35,1257,3.9082504,25386.333333333332
2026/08/01@14:32:36,1258,3.68043768,25389.666666666668
2026/08/01@14:32:37,1259,3.79725032,25393.0
2026/08/01@14:32:38,1260,3.7207504,25396.333333333332
2026/08/01@14:32:39,1261,3.681375,25399.666666666668
2026/08/01@14:32:40,1262,3.6789374,25403.0
2026/08/01@14:32:41,1263,3.6836252,25406.333333333332
2026/08/01@14:32:42,1264,3.628875,25409.666666666668
2026/08/01@14:32:43,1265,3.6350628,25413.0
2026/08/01@14:32:44,1266,3.8823752,25416.333333333332
2026/08/01@14:32:45,1267,4.2787504,25419.666666666668
2026/08/01@14:32:47,1269,4.1638124,25426.333333333332
2026/08/01@14:32:48,1270,4.112625,25429.666666666668
2026/08/01@14:32:49,1271,3.97125,25433.0
2026/08/01@14:32:50,1272,4.0957504,25436.333333333332
2026/08/01@14:32:51,1273,3.58725,25439.666666666668
2026/08/01@14:32:52,1274,3.9789376,25443.0
2026/08/01@14:32:53,1275,3.9470624,25446.225806451614
2026/08/01@14:32:54,1276,3.9315,25449.451612903227
2026/08/01@14:32:55,1277,2.8252502,25452.677419354837
2026/08/01@14:32:56,1278,3.59775016,25455.90322580645
2026/08/01@14:32:57,1279,3.7584376,25459.129032258064
2026/08/01@14:32:58,1280,3.6579376,25462.354838709678
2026/08/01@14:33:00,1282,3.43050016,25468.8064516129
2026/08/01@14:33:01,1283,4.1465624,25472.032258064515
2026/08/01@14:33:02,1284,3.9110628,25475.25806451613
2026/08/01@14:33:03,1285,3.7685628,25478.483870967742
2026/08/01@14:33:04,1286,4.0886252,25481.709677419356
2026/08/01@14:33:05,1287,4.0027504,25484.935483870966
2026/08/01@14:33:06,1288,3.8737502,25488.16129032258
2026/08/01@14:33:07,1289,4.04325,25491.387096774193
2026/08/01@14:33:08,1290,4.1083124,25494.612903225807
2026/08/01@14:33:09,1291,3.89587552,25497.83870967742
2026/08/01@14:33:10,1292,3.83175016,25501.064516129034
2026/08/01@14:33:12,1294,3.71081236,25507.516129032258
2026/08/01@14:33:13,1295,3.2137504,25510.74193548387
2026/08/01@14:33:14,1296,3.8261252,25513.967741935485
2026/08/01@14:33:15,1297,3.7025628,25517.1935483871
2026/08/01@14:33:16,1298,3.87018784,25520.41935483871
2026/08/01@14:33:17,1299,4.0978128,25523.645161290322
2026/08/01@14:33:18,1300,4.0807504,25526.870967741936
2026/08/01@14:33:19,1301,3.996,25530.09677419355
2026/08/01@14:33:20,1302,3.952125,25533.322580645163
2026/08/01@14:33:21,1303,3.8002504,25536.548387096773
2026/08/01@14:33:22,1304,3.2535002,25539.774193548386
2026/08/01@14:33:23,1305,3.93975016,25543.0
2026/08/01@14:33:25,1307,3.723,25549.466666666667
2026/08/01@14:33:26,1308,3.9988126,25552.7
2026/08/01@14:33:27,1309,4.2264376,25555.933333333334
2026/08/01@14:33:28,1310,4.1034376,25559.166666666668
2026/08/01@14:33:29,1311,3.781125,25562.4
2026/08/01@14:33:30,1312,3.8118754,25565.633333333335
2026/08/01@14:33:31,1313,3.9395628,25568.866666666665
2026/08/01@14:33:32,1314,3.9838128,25572.1
2026/08/01@14:33:33,1315,3.9665628,25575.333333333332
2026/08/01@14:33:34,1316,4.22325,25578.566666666666
2026/08/01@14:33:35,1317,4.1062504,25581.8
2026/08/01@14:33:36,1318,3.684,25585.033333333333
2026/08/01@14:33:38,1320,3.7854376,25591.5
2026/08/01@14:33:39,1321,4.1143128,25594.733333333334
2026/08/01@14:33:40,1322,4.1565004,25597.966666666667
2026/08/01@14:33:41,1323,3.963563,25601.2
2026/08/01@14:33:42,1324,3.8251876,25604.433333333334
2026/08/01@14:33:43,1325,3.8960628,25607.666666666668
2026/08/01@14:33:44,1326,4.1520004,25610.9
2026/08/01@14:33:45,1327,3.8694376,25614.133333333335
2026/08/01@14:33:46,1328,3.98025,25617.366666666665
2026/08/01@14:33:47,1329,3.882938,25620.6
2026/08/01@14:33:48,1330,3.7931252,25623.833333333332
2026/08/01@14:33:50,1332,3.79875,25630.3
2026/08/01@14:33:51,1333,3.77456268,25633.533333333333
2026/08/01@14:33:52,1334,3.867,25636.766666666666
2026/08/01@14:33:53,1335,3.85275,25640.0
2026/08/01@14:33:54,1336,3.85931268,25643.354838709678
2026/08/01@14:33:55,1337,3.7353752,25646.709677419356
2026/08/01@14:33:56,1338,4.2240004,25650.064516129034
2026/08/01@14:33:57,1339,4.1750628,25653.41935483871
2026/08/01@14:33:58,1340,4.1690624,25656.774193548386
2026/08/01@14:33:59,1341,4.1505004,25660.129032258064
2026/08/01@14:34:00,1342,4.201875,25663.483870967742
2026/08/01@14:34:01,1343,4.143938,25666.83870967742
2026/08/01@14:34:03,1345,4.025625,25673.548387096773
2026/08/01@14:34:04,1346,4.03575,25676.90322580645
2026/08/01@14:34:05,1347,4.2459372,25680.25806451613
2026/08/01@14:34:06,1348,4.1986876,25683.612903225807
2026/08/01@14:34:07,1349,4.180688,25686.967741935485
2026/08/01@14:34:08,1350,3.96675016,25690.322580645163
2026/08/01@14:34:09,1351,3.9693752,25693.677419354837
2026/08/01@14:34:10,1352,3.7134376,25697.032258064515
2026/08/01@14:34:11,1353,3.7867504,25700.387096774193
2026/08/01@14:34:12,1354,4.0470004,25703.74193548387
2026/08/01@14:34:13,1355,4.0158752,25707.09677419355
2026/08/01@14:34:14,1356,4.013625,25710.451612903227
2026/08/01@14:34:16,1358,3.988875,25717.16129032258
2026/08/01@14:34:17,1359,3.95100032,25720.516129032258
2026/08/01@14:34:18,1360,3.92831268,25723.870967741936
2026/08/01@14:34:19,1361,4.01475,25727.225806451614
2026/08/01@14:34:20,1362,3.8694376,25730.58064516129
2026/08/01@14:34:21,1363,3.93318768,25733.935483870966
2026/08/01@14:34:22,1364,4.0061256,25737.290322580644
2026/08/01@14:34:23,1365,3.6543752,25740.645161290322
2026/08/01@14:34:24,1366,3.3911252,25744.0
2026/08/01@14:34:25,1367,3.731813,25747.290322580644
2026/08/01@14:34:26,1368,3.627938,25750.58064516129
2026/08/01@14:34:28,1369,3.83756268,25757.16129032258
2026/08/01@14:34:29,1371,4.139625,25760.451612903227
2026/08/01@14:34:30,1372,4.112063,25763.74193548387
2026/08/01@14:34:31,1373,3.7768128,25767.032258064515
2026/08/01@14:34:32,1374,3.81600032,25770.322580645163
2026/08/01@14:34:33,1375,3.8068128,25773.612903225807
2026/08/01@14:34:34,1376,3.7978128,25776.90322580645
2026/08/01@14:34:35,1377,3.9466876,25780.1935483871
2026/08/01@14:34:36,1378,3.913875,25783.483870967742
2026/08/01@14:34:37,1379,3.7228126,25786.774193548386
2026/08/01@14:34:38,1380,4.0213128,25790.064516129034
2026/08/01@14:34:39,1381,4.0485,25793.354838709678
2026/08/01@14:34:41,1383,4.1004376,25799.935483870966
2026/08/01@14:34:42,1384,3.90637536,25803.225806451614
2026/08/01@14:34:43,1385,3.8392504,25806.516129032258
2026/08/01@14:34:44,1386,4.1726256,25809.8064516129
2026/08/01@14:34:45,1387,4.0846876,25813.09677419355
2026/08/01@14:34:46,1388,4.041375,25816.387096774193
2026/08/01@14:34:47,1389,4.0276876,25819.677419354837
2026/08/01@14:34:48,1390,3.83756268,25822.967741935485
2026/08/01@14:34:49,1391,3.9765,25826.25806451613
2026/08/01@14:34:50,1392,3.8238752,25829.548387096773
2026/08/01@14:34:51,1393,3.99168768,25832.83870967742
2026/08/01@14:34:52,1394,3.327375,25836.129032258064
2026/08/01@14:34:54,1396,3.6120004,25842.709677419356
2026/08/01@14:34:55,1397,3.6991876,25846.0
2026/08/01@14:34:56,1398,3.90075016,25849.266666666666
2026/08/01@14:34:57,1399,4.1625004,25852.533333333333
2026/08/01@14:34:58,1400,3.76706268,25855.8
2026/08/01@14:34:59,1401,3.7455004,25859.066666666666
2026/08/01@14:35:00,1402,3.6941252,25862.333333333332
2026/08/01@14:35:01,1403,4.1253752,25865.6
2026/08/01@14:35:02,1404,4.1621256,25868.866666666665
2026/08/01@14:35:03,1405,4.0018124,25872.133333333335
2026/08/01@14:35:04,1406,3.6605624,25875.4
2026/08/01@14:35:06,1407,4.050188,25881.933333333334
2026/08/01@14:35:07,1409,3.76743736,25885.2
2026/08/01@14:35:08,1410,4.12875,25888.466666666667
2026/08/01@14:35:09,1411,4.075688,25891.733333333334
2026/08/01@14:35:10,1412,3.7854376,25895.0
2026/08/01@14:35:11,1413,4.0132504,25898.266666666666
2026/08/01@14:35:12,1414,3.69993784,25901.533333333333
2026/08/01@14:35:13,1415,3.777,25904.8
2026/08/01@14:35:14,1416,4.2196876,25908.066666666666
2026/08/01@14:35:15,1417,4.176563,25911.333333333332
2026/08/01@14:35:16,1418,4.1595,25914.6
2026/08/01@14:35:17,1419,3.9305628,25917.866666666665
2026/08/01@14:35:19,1421,4.2073124,25924.4
2026/08/01@14:35:20,1422,4.2305628,25927.666666666668
2026/08/01@14:35:21,1423,4.149375,25930.933333333334
2026/08/01@14:35:22,1424,4.0059376,25934.2
2026/08/01@14:35:23,1425,4.1176876,25937.466666666667
2026/08/01@14:35:24,1426,4.0959376,25940.733333333334
2026/08/01@14:35:25,1427,4.0376252,25944.0
2026/08/01@14:35:26,1428,3.8538752,25947.129032258064
2026/08/01@14:35:27,1429,4.01025,25950.25806451613
2026/08/01@14:35:28,1430,4.020938,25953.387096774193
2026/08/01@14:35:29,1431,3.3035626,25956.516129032258
2026/08/01@14:35:30,1432,3.8816252,25959.645161290322
2026/08/01@14:35:32,1434,3.0155626,25965.90322580645
2026/08/01@14:35:33,1435,4.066313,25969.032258064515
2026/08/01@14:35:34,1436,3.9718128,25972.16129032258
2026/08/01@14:35:35,1437,4.1310004,25975.290322580644
2026/08/01@14:35:36,1438,4.133063,25978.41935483871
2026/08/01@14:35:37,1439,4.119375,25981.548387096773
2026/08/01@14:35:38,1440,4.085438,25984.677419354837
2026/08/01@14:35:39,1441,3.53025,25987.8064516129
2026/08/01@14:35:40,1442,3.88725,25990.935483870966
2026/08/01@14:35:41,1443,3.7260004,25994.064516129034
2026/08/01@14:35:42,1444,3.607875,25997.1935483871
2026/08/01@14:35:43,1445,3.9198752,26000.322580645163
2026/08/01@14:35:45,1447,3.9800628,26006.58064516129
2026/08/01@14:35:46,1448,3.84768768,26009.709677419356
2026/08/01@14:35:47,1449,4.088813,26012.83870967742
2026/08/01@14:35:48,1450,3.99412532,26015.967741935485
2026/08/01@14:35:49,1451,3.8381252,26019.09677419355
2026/08/01@14:35:50,1452,3.91800032,26022.225806451614
2026/08/01@14:35:51,1453,3.369,26025.354838709678
2026/08/01@14:35:52,1454,3.8925,26028.483870967742
2026/08/01@14:35:53,1455,3.2088752,26031.612903225807
2026/08/01@14:35:54,1456,3.9136876,26034.74193548387
2026/08/01@14:35:55,1457,3.9926252,26037.870967741936
2026/08/01@14:35:57,1459,3.82706268,26044.433333333334
2026/08/01@14:35:58,1460,3.86137532,26047.866666666665
2026/08/01@14:35:59,1461,3.9500628,26051.3
2026/08/01@14:36:00,1462,4.0912504,26054.733333333334
2026/08/01@14:36:01,1463,4.1017504,26058.166666666668
2026/08/01@14:36:02,1464,4.0113752,26061.6
2026/08/01@14:36:03,1465,3.93318768,26065.033333333333
2026/08/01@14:36:04,1466,4.2369376,26068.466666666667
2026/08/01@14:36:05,1467,4.226063,26071.9
2026/08/01@14:36:06,1468,3.6772504,26075.333333333332
2026/08/01@14:36:07,1469,4.222313,26078.766666666666
2026/08/01@14:36:08,1470,4.150125,26082.2
2026/08/01@14:36:10,1472,4.1887504,26089.066666666666
2026/08/01@14:36:11,1473,3.9926252,26092.5
2026/08/01@14:36:12,1474,4.1265,26095.933333333334
2026/08/01@14:36:13,1475,4.1017504,26099.366666666665
2026/08/01@14:36:14,1476,3.801375,26102.8
2026/08/01@14:36:15,1477,3.9789376,26106.233333333334
2026/08/01@14:36:16,1478,2.8155002,26109.666666666668
2026/08/01@14:36:17,1479,3.95868768,26113.1
2026/08/01@14:36:18,1480,4.132125,26116.533333333333
2026/08/01@14:36:19,1481,3.7929376,26119.966666666667
2026/08/01@14:36:20,1482,4.070438,26123.4
2026/08/01@14:36:21,1483,4.0575004,26126.833333333332
2026/08/01@14:36:23,1485,4.118625,26133.7
2026/08/01@14:36:24,1486,3.98625,26137.133333333335
2026/08/01@14:36:25,1487,4.0021876,26140.566666666666
2026/08/01@14:36:26,1488,4.1975628,26144.0
2026/08/01@14:36:27,1489,3.7783128,26147.0
2026/08/01@14:36:28,1490,4.0588124,26150.0
2026/08/01@14:36:29,1491,4.0543128,26153.0
2026/08/01@14:36:30,1492,3.6648752,26156.0
2026/08/01@14:36:31,1493,3.90112536,26159.0
2026/08/01@14:36:32,1494,3.86850016,26162.0
2026/08/01@14:36:33,1495,4.161563,26165.0
2026/08/01@14:36:35,1496,4.1156252,26171.0
2026/08/01@14:36:36,1498,4.0211252,26174.0
2026/08/01@14:36:37,1499,4.3378124,26177.0
2026/08/01@14:36:38,1500,4.2112504,26180.0
2026/08/01@14:36:39,1501,3.2960624,26183.0
2026/08/01@14:36:40,1502,3.92850016,26186.0
2026/08/01@14:36:41,1503,4.0515004,26189.0
2026/08/01@14:36:42,1504,4.2601876,26192.0
2026/08/01@14:36:43,1505,4.2667504,26195.0
2026/08/01@14:36:44,1506,4.2457504,26198.0
2026/08/01@14:36:45,1507,4.243875,26201.0
2026/08/01@14:36:46,1508,3.9328128,26204.0
2026/08/01@14:36:48,1510,4.160625,26210.0
2026/08/01@14:36:49,1511,4.139625,26213.0
2026/08/01@14:36:50,1512,4.1308128,26216.0
2026/08/01@14:36:51,1513,3.8437504,26219.0
2026/08/01@14:36:52,1514,4.0543128,26222.0
2026/08/01@14:36:53,1515,4.08,26225.0
2026/08/01@14:36:54,1516,4.1460004,26228.0
2026/08/01@14:36:55,1517,4.1623124,26231.0
2026/08/01@14:36:56,1518,3.982875,26234.0
2026/08/01@14:36:57,1519,3.95475,26237.0
2026/08/01@14:36:58,1520,3.94818784,26239.935483870966
2026/08/01@14:36:59,1521,3.8518128,26242.870967741936
2026/08/01@14:37:01,1523,3.9444376,26248.74193548387
2026/08/01@14:37:02,1524,4.1122504,26251.677419354837
2026/08/01@14:37:03,1525,4.0171876,26254.612903225807
2026/08/01@14:37:04,1526,3.2962498,26257.548387096773
2026/08/01@14:37:05,1527,3.9690004,26260.483870967742
2026/08/01@14:37:06,1528,3.92831268,26263.41935483871
2026/08/01@14:37:07,1529,4.0151252,26266.354838709678
2026/08/01@14:37:08,1530,3.7850626,26269.290322580644
2026/08/01@14:37:09,1531,3.8598752,26272.225806451614
2026/08/01@14:37:10,1532,2.8303124,26275.16129032258
2026/08/01@14:37:11,1533,3.7483128,26278.09677419355
2026/08/01@14:37:12,1534,4.0528124,26281.032258064515
2026/08/01@14:37:14,1536,3.64275,26286.90322580645
2026/08/01@14:37:15,1537,4.055063,26289.83870967742
2026/08/01@14:37:16,1538,4.024125,26292.774193548386
2026/08/01@14:37:17,1539,3.8437504,26295.709677419356
2026/08/01@14:37:18,1540,4.145625,26298.645161290322
2026/08/01@14:37:19,1541,4.042125,26301.58064516129
2026/08/01@14:37:20,1542,4.090875,26304.516129032258
2026/08/01@14:37:21,1543,4.077563,26307.451612903227
2026/08/01@14:37:22,1544,4.052063,26310.387096774193
2026/08/01@14:37:23,1545,4.3335004,26313.322580645163
2026/08/01@14:37:24,1546,4.1866876,26316.25806451613
2026/08/01@14:37:26,1548,3.998625,26322.129032258064
2026/08/01@14:37:27,1549,3.94256268,26325.064516129034
2026/08/01@14:37:28,1550,3.931688,26328.0
2026/08/01@14:37:29,1551,3.7959376,26330.966666666667
2026/08/01@14:37:30,1552,3.50625032,26333.933333333334
2026/08/01@14:37:31,1553,4.002938,26336.9
2026/08/01@14:37:32,1554,3.8559376,26339.866666666665
2026/08/01@14:37:33,1555,3.77456268,26342.833333333332
2026/08/01@14:37:34,1556,4.2112504,26345.8
2026/08/01@14:37:35,1557,4.035938,26348.766666666666
2026/08/01@14:37:36,1558,4.0998756,26351.733333333334
2026/08/01@14:37:37,1559,4.123125,26354.7
2026/08/01@14:37:39,1561,3.8908128,26360.633333333335
2026/08/01@14:37:40,1562,4.121813,26363.6
2026/08/01@14:37:41,1563,3.8096252,26366.566666666666
2026/08/01@14:37:42,1564,4.0231876,26369.533333333333
2026/08/01@14:37:43,1565,4.2716256,26372.5
2026/08/01@14:37:44,1566,4.1064376,26375.466666666667
2026/08/01@14:37:45,1567,3.793688,26378.433333333334
2026/08/01@14:37:46,1568,4.060688,26381.4
2026/08/01@14:37:47,1569,3.6941252,26384.366666666665
2026/08/01@14:37:48,1570,2.81325,26387.333333333332
2026/08/01@14:37:49,1571,4.28625,26390.3
2026/08/01@14:37:50,1572,2.818875,26393.266666666666
2026/08/01@14:37:52,1574,3.87018784,26399.2
2026/08/01@14:37:53,1575,4.1476876,26402.166666666668
2026/08/01@14:37:54,1576,4.0025624,26405.133333333335
2026/08/01@14:37:55,1577,3.9770628,26408.1
2026/08/01@14:37:56,1578,3.91800032,26411.066666666666
2026/08/01@14:37:57,1579,3.90506268,26414.033333333333
2026/08/01@14:37:58,1580,3.9761252,26417.0
2026/08/01@14:37:59,1581,3.90693784,26419.935483870966
2026/08/01@14:38:00,1582,3.8143124,26422.870967741936
2026/08/01@14:38:01,1583,3.95343768,26425.8064516129
2026/08/01@14:38:02,1584,4.0884376,26428.74193548387
2026/08/01@14:38:04,1586,4.0693124,26434.612903225807
2026/08/01@14:38:05,1587,3.99412532,26437.548387096773
2026/08/01@14:38:06,1588,4.0368752,26440.483870967742
2026/08/01@14:38:07,1589,3.9641252,26443.41935483871
2026/08/01@14:38:08,1590,3.816375,26446.354838709678
2026/08/01@14:38:09,1591,4.3895624,26449.290322580644
2026/08/01@14:38:10,1592,4.3916252,26452.225806451614
2026/08/01@14:38:11,1593,4.3848752,26455.16129032258
2026/08/01@14:38:12,1594,4.3770004,26458.09677419355
2026/08/01@14:38:13,1595,4.3745628,26461.032258064515
2026/08/01@14:38:14,1596,4.3698752,26463.967741935485
2026/08/01@14:38:15,1597,4.33725,26466.90322580645
2026/08/01@14:38:17,1599,4.263938,26472.774193548386
2026/08/01@14:38:18,1600,4.2825004,26475.709677419356
2026/08/01@14:38:19,1601,4.1362504,26478.645161290322
2026/08/01@14:38:20,1602,4.326375,26481.58064516129
2026/08/01@14:38:21,1603,3.6015,26484.516129032258
2026/08/01@14:38:22,1604,3.7696876,26487.451612903227
2026/08/01@14:38:23,1605,4.182,26490.387096774193
2026/08/01@14:38:24,1606,3.99375,26493.322580645163
2026/08/01@14:38:25,1607,3.7513128,26496.25806451613
2026/08/01@14:38:26,1608,4.019063,26499.1935483871
2026/08/01@14:38:27,1609,4.02525,26502.129032258064
2026/08/01@14:38:28,1610,3.84637536,26505.064516129034
2026/08/01@14:38:30,1612,4.1060624,26510.966666666667
2026/08/01@14:38:31,1613,4.2840004,26513.933333333334
2026/08/01@14:38:32,1614,3.963563,26516.9
2026/08/01@14:38:33,1615,4.1407504,26519.866666666665
2026/08/01@14:38:34,1616,4.035938,26522.833333333332
2026/08/01@14:38:35,1617,4.038,26525.8
2026/08/01@14:38:36,1618,3.927188,26528.766666666666
2026/08/01@14:38:37,1619,4.0134376,26531.733333333334
2026/08/01@14:38:38,1620,3.96731268,26534.7
2026/08/01@14:38:39,1621,3.36918768,26537.666666666668
2026/08/01@14:38:40,1622,4.0700624,26540.633333333335
2026/08/01@14:38:42,1623,3.69506268,26546.566666666666
2026/08/01@14:38:43,1625,4.0053752,26549.533333333333
2026/08/01@14:38:44,1626,3.83662532,26552.5
2026/08/01@14:38:45,1627,4.2781876,26555.466666666667
2026/08/01@14:38:46,1628,4.2935624,26558.433333333334
2026/08/01@14:38:47,1629,4.30575,26561.4
2026/08/01@14:38:48,1630,4.22025,26564.366666666665
2026/08/01@14:38:49,1631,3.80493784,26567.333333333332
2026/08/01@14:38:50,1632,3.973875,26570.3
2026/08/01@14:38:51,1633,4.1405624,26573.266666666666
2026/08/01@14:38:52,1634,4.050188,26576.233333333334
2026/08/01@14:38:53,1635,4.1056876,26579.2
2026/08/01@14:38:55,1637,3.6176252,26585.133333333335
2026/08/01@14:38:56,1638,3.9519376,26588.1
2026/08/01@14:38:57,1639,3.8077502,26591.066666666666
2026/08/01@14:38:58,1640,3.8424376,26594.033333333333
2026/08/01@14:38:59,1641,3.7271252,26597.0
2026/08/01@14:39:00,1642,3.9294376,26600.064516129034
2026/08/01@14:39:01,1643,4.018875,26603.129032258064
2026/08/01@14:39:02,1644,3.9086252,26606.1935483871
2026/08/01@14:39:03,1645,4.123313,26609.25806451613
2026/08/01@14:39:04,1646,4.1034376,26612.322580645163
2026/08/01@14:39:05,1647,3.9866252,26615.387096774193
2026/08/01@14:39:06,1648,4.083,26618.451612903227
2026/08/01@14:39:08,1650,3.9922504,26624.58064516129
2026/08/01@14:39:09,1651,4.1670004,26627.645161290322
2026/08/01@14:39:10,1652,4.145625,26630.709677419356
2026/08/01@14:39:11,1653,4.0603128,26633.774193548386
2026/08/01@14:39:12,1654,3.9658128,26636.83870967742
2026/08/01@14:39:13,1655,3.94631268,26639.90322580645
2026/08/01@14:39:14,1656,4.1424376,26642.967741935485
2026/08/01@14:39:15,1657,4.066125,26646.032258064515
2026/08/01@14:39:16,1658,4.063875,26649.09677419355
2026/08/01@14:39:17,1659,4.0335,26652.16129032258
2026/08/01@14:39:18,1660,4.0336876,26655.225806451614
2026/08/01@14:39:19,1661,4.0220624,26658.290322580644
2026/08/01@14:39:21,1663,3.900375,26664.41935483871
2026/08/01@14:39:22,1664,3.93075016,26667.483870967742
2026/08/01@14:39:23,1665,4.1499376,26670.548387096773
2026/08/01@14:39:24,1666,3.7329376,26673.612903225807
2026/08/01@14:39:25,1667,3.4005004,26676.677419354837
2026/08/01@14:39:26,1668,4.070438,26679.74193548387
2026/08/01@14:39:27,1669,4.124625,26682.8064516129
2026/08/01@14:39:28,1670,4.10475,26685.870967741936
2026/08/01@14:39:29,1671,4.194375,26688.935483870966
2026/08/01@14:39:30,1672,4.2026252,26692.0
2026/08/01@14:39:31,1673,4.180313,26695.129032258064
2026/08/01@14:39:32,1674,4.1551876,26698.25806451613
2026/08/01@14:39:34,1676,4.121813,26704.516129032258
2026/08/01@14:39:35,1677,3.56718768,26707.645161290322
2026/08/01@14:39:36,1678,3.981938,26710.774193548386
2026/08/01@14:39:37,1679,4.010438,26713.90322580645
2026/08/01@14:39:38,1680,4.013813,26717.032258064515
2026/08/01@14:39:39,1681,4.0846876,26720.16129032258
2026/08/01@14:39:40,1682,4.123313,26723.290322580644
2026/08/01@14:39:41,1683,4.1716876,26726.41935483871
2026/08/01@14:39:42,1684,4.0488752,26729.548387096773
2026/08/01@14:39:43,1685,3.9075,26732.677419354837
2026/08/01@14:39:44,1686,3.89475,26735.8064516129
2026/08/01@14:39:46,1687,4.300125,26742.064516129034
2026/08/01@14:39:47,1689,4.0792504,26745.1935483871
2026/08/01@14:39:48,1690,3.95868768,26748.322580645163
2026/08/01@14:39:49,1691,2.8335002,26751.451612903227
2026/08/01@14:39:50,1692,4.0245,26754.58064516129
2026/08/01@14:39:51,1693,4.0168124,26757.709677419356
2026/08/01@14:39:52,1694,3.9181876,26760.83870967742
2026/08/01@14:39:53,1695,3.7950004,26763.967741935485
2026/08/01@14:39:54,1696,4.03275,26767.09677419355
2026/08/01@14:39:55,1697,4.1645628,26770.225806451614
2026/08/01@14:39:56,1698,4.1743124,26773.354838709678
2026/08/01@14:39:57,1699,4.145625,26776.483870967742
2026/08/01@14:39:59,1701,4.172063,26782.74193548387
2026/08/01@14:40:00,1702,4.168125,26785.870967741936
2026/08/01@14:40:01,1703,4.139625,26789.0
2026/08/01@14:40:02,1704,4.1088752,26792.366666666665
2026/08/01@14:40:03,1705,3.0530626,26795.733333333334
2026/08/01@14:40:04,1706,4.1116876,26799.1
2026/08/01@14:40:05,1707,3.9630004,26802.466666666667
2026/08/01@14:40:06,1708,4.2603756,26805.833333333332
2026/08/01@14:40:07,1709,4.1619376,26809.2
2026/08/01@14:40:08,1710,4.1030624,26812.566666666666
2026/08/01@14:40:09,1711,3.384,26815.933333333334
2026/08/01@14:40:10,1712,4.1531252,26819.3
2026/08/01@14:40:12,1714,3.7805624,26826.033333333333
2026/08/01@14:40:13,1715,3.72375,26829.4
2026/08/01@14:40:14,1716,3.6322504,26832.766666666666
2026/08/01@14:40:15,1717,4.3494376,26836.133333333335
2026/08/01@14:40:16,1718,4.0149376,26839.5
2026/08/01@14:40:17,1719,3.6470626,26842.866666666665
2026/08/01@14:40:18,1720,4.3413752,26846.233333333334
2026/08/01@14:40:19,1721,4.3344376,26849.6
2026/08/01@14:40:20,1722,4.3076252,26852.966666666667
2026/08/01@14:40:21,1723,4.1810628,26856.333333333332
2026/08/01@14:40:22,1724,3.9579376,26859.7
2026/08/01@14:40:24,1726,4.018875,26866.433333333334
2026/08/01@14:40:25,1727,4.0290004,26869.8
2026/08/01@14:40:26,1728,3.8936252,26873.166666666668
2026/08/01@14:40:27,1729,4.057875,26876.533333333333
2026/08/01@14:40:28,1730,4.3895624,26879.9
2026/08/01@14:40:29,1731,4.3498124,26883.266666666666
2026/08/01@14:40:30,1732,4.3246876,26886.633333333335
2026/08/01@14:40:31,1733,4.0365004,26890.0
2026/08/01@14:40:32,1734,4.08,26893.387096774193
2026/08/01@14:40:33,1735,2.8186876,26896.774193548386
2026/08/01@14:40:34,1736,4.3305,26900.16129032258
2026/08/01@14:40:35,1737,2.8059378,26903.548387096773
2026/08/01@14:40:37,1739,3.9498754,26910.322580645163
2026/08/01@14:40:38,1740,3.9028124,26913.709677419356
2026/08/01@14:40:39,1741,3.9804376,26917.09677419355
2026/08/01@14:40:40,1742,4.13925,26920.483870967742
2026/08/01@14:40:41,1743,2.969625,26923.870967741936
2026/08/01@14:40:42,1744,4.2000004,26927.25806451613
2026/08/01@14:40:43,1745,4.2240004,26930.645161290322
2026/08/01@14:40:44,1746,4.201125,26934.032258064515
2026/08/01@14:40:45,1747,4.1101876,26937.41935483871
2026/08/01@14:40:46,1748,4.1008124,26940.8064516129
2026/08/01@14:40:47,1749,4.0884376,26944.1935483871
2026/08/01@14:40:48,1750,4.0906876,26947.58064516129
2026/08/01@14:40:50,1752,4.09275,26954.354838709678
2026/08/01@14:40:51,1753,4.0531876,26957.74193548387
2026/08/01@14:40:52,1754,3.8261252,26961.129032258064
2026/08/01@14:40:53,1755,2.841,26964.516129032258
2026/08/01@14:40:54,1756,3.8004376,26967.90322580645
2026/08/01@14:40:55,1757,3.7959376,26971.290322580644
2026/08/01@14:40:56,1758,3.4755,26974.677419354837
2026/08/01@14:40:57,1759,3.6401252,26978.064516129034
2026/08/01@14:40:58,1760,3.729,26981.451612903227
2026/08/01@14:40:59,1761,4.0693124,26984.83870967742
2026/08/01@14:41:00,1762,4.0948124,26988.225806451614
2026/08/01@14:41:01,1763,4.0736256,26991.612903225807
2026/08/01@14:41:03,1765,4.0125004,26998.266666666666
2026/08/01@14:41:04,1766,4.0580624,27001.533333333333
2026/08/01@14:41:05,1767,4.2339376,27004.8
2026/08/01@14:41:06,1768,4.20825,27008.066666666666
2026/08/01@14:41:07,1769,3.397125,27011.333333333332
2026/08/01@14:41:08,1770,4.174125,27014.6
2026/08/01@14:41:09,1771,4.1405624,27017.866666666665
2026/08/01@14:41:10,1772,4.107938,27021.133333333335
2026/08/01@14:41:11,1773,4.060688,27024.4
2026/08/01@14:41:12,1774,3.3026252,27027.666666666668
2026/08/01@14:41:13,1775,3.8336252,27030.933333333334
2026/08/01@14:41:14,1776,3.786563,27034.2
2026/08/01@14:41:16,1778,3.40968768,27040.733333333334
2026/08/01@14:41:17,1779,4.27425,27044.0
2026/08/01@14:41:18,1780,4.283625,27047.266666666666
2026/08/01@14:41:19,1781,4.275,27050.533333333333
2026/08/01@14:41:20,1782,4.2219376,27053.8
2026/08/01@14:41:21,1783,4.2435,27057.066666666666
2026/08/01@14:41:22,1784,4.2195004,27060.333333333332
2026/08/01@14:41:23,1785,4.117125,27063.6
2026/08/01@14:41:24,1786,4.0860004,27066.866666666665
2026/08/01@14:41:25,1787,4.0149376,27070.133333333335
2026/08/01@14:41:26,1788,4.1148752,27073.4
2026/08/01@14:41:28,1789,3.96018736,27079.933333333334
2026/08/01@14:41:29,1791,3.9339376,27083.2
2026/08/01@14:41:30,1792,3.9568126,27086.466666666667
2026/08/01@14:41:31,1793,2.8316252,27089.733333333334
2026/08/01@14:41:32,1794,4.3567504,27093.0
2026/08/01@14:41:33,1795,4.132125,27096.032258064515
2026/08/01@14:41:34,1796,4.2361876,27099.064516129034
2026/08/01@14:41:35,1797,3.9525004,27102.09677419355
2026/08/01@14:41:36,1798,3.2737504,27105.129032258064
2026/08/01@14:41:37,1799,3.889125,27108.16129032258
2026/08/01@14:41:38,1800,3.840375,27111.1935483871
2026/08/01@14:41:39,1801,4.081875,27114.225806451614
2026/08/01@14:41:41,1803,4.2099376,27120.290322580644
2026/08/01@14:41:42,1804,4.179,27123.322580645163
2026/08/01@14:41:43,1805,4.4214376,27126.354838709678
2026/08/01@14:41:44,1806,4.4128128,27129.387096774193
2026/08/01@14:41:45,1807,4.399688,27132.41935483871
2026/08/01@14:41:46,1808,4.3440004,27135.451612903227
2026/08/01@14:41:47,1809,3.9399376,27138.483870967742
2026/08/01@14:41:48,1810,4.1866876,27141.516129032258
2026/08/01@14:41:49,1811,3.8019376,27144.548387096773
2026/08/01@14:41:50,1812,3.76593784,27147.58064516129
2026/08/01@14:41:51,1813,3.5081252,27150.612903225807
2026/08/01@14:41:52,1814,4.3305,27153.645161290322
2026/08/01@14:41:54,1816,4.294313,27159.709677419356
2026/08/01@14:41:55,1817,4.2811876,27162.74193548387
2026/08/01@14:41:56,1818,4.3518752,27165.774193548386
2026/08/01@14:41:57,1819,4.3128752,27168.8064516129
2026/08/01@14:41:58,1820,4.3425,27171.83870967742
2026/08/01@14:41:59,1821,4.33575,27174.870967741936
2026/08/01@14:42:00,1822,4.323188,27177.90322580645
2026/08/01@14:42:01,1823,4.294125,27180.935483870966
2026/08/01@14:42:02,1824,2.8098752,27183.967741935485
2026/08/01@14:42:03,1825,3.7271252,27187.0
2026/08/01@14:42:04,1826,3.8589378,27189.939393939392
2026/08/01@14:42:05,1827,3.82368768,27192.878787878788
2026/08/01@14:42:07,1829,3.9723752,27198.757575757576
2026/08/01@14:42:08,1830,4.0905004,27201.696969696968
2026/08/01@14:42:09,1831,4.076438,27204.636363636364
2026/08/01@14:42:10,1832,4.08675,27207.575757575756
2026/08/01@14:42:11,1833,3.9358128,27210.515151515152
2026/08/01@14:42:12,1834,3.8878126,27213.454545454544
2026/08/01@14:42:13,1835,4.111313,27216.39393939394
2026/08/01@14:42:14,1836,4.1518124,27219.333333333332
2026/08/01@14:42:15,1837,3.9523124,27222.272727272728
2026/08/01@14:42:16,1838,4.150125,27225.21212121212
2026/08/01@14:42:17,1839,4.0935,27228.151515151516
2026/08/01@14:42:19,1841,4.2088128,27234.030303030304
2026/08/01@14:42:20,1842,4.1771256,27236.969696969696
2026/08/01@14:42:21,1843,4.0265628,27239.909090909092
2026/08/01@14:42:22,1844,4.265813,27242.848484848484
2026/08/01@14:42:23,1845,3.8092504,27245.78787878788
2026/08/01@14:42:24,1846,4.1253752,27248.727272727272
2026/08/01@14:42:25,1847,4.09725,27251.666666666668
2026/08/01@14:42:26,1848,4.0479376,27254.60606060606
2026/08/01@14:42:27,1849,4.024688,27257.545454545456
2026/08/01@14:42:28,1850,4.0998756,27260.484848484848
2026/08/01@14:42:29,1851,4.0014376,27263.424242424244
2026/08/01@14:42:30,1852,4.1328756,27266.363636363636
2026/08/01@14:42:32,1854,4.129688,27272.242424242424
2026/08/01@14:42:33,1855,3.9776252,27275.18181818182
2026/08/01@14:42:34,1856,3.8521876,27278.121212121212
2026/08/01@14:42:35,1857,3.6817504,27281.060606060608
2026/08/01@14:42:36,1858,2.8205628,27284.0
2026/08/01@14:42:37,1859,3.92550032,27286.9
2026/08/01@14:42:38,1860,3.1535626,27289.8
2026/08/01@14:42:39,1861,4.0166252,27292.7
2026/08/01@14:42:40,1862,3.0448126,27295.6
2026/08/01@14:42:41,1863,3.4320002,27298.5
2026/08/01@14:42:42,1864,4.277625,27301.4
2026/08/01@14:42:43,1865,4.2020624,27304.3
2026/08/01@14:42:45,1867,3.7406252,27310.1
2026/08/01@14:42:46,1868,3.5821876,27313.0
2026/08/01@14:42:47,1869,4.300313,27315.9
2026/08/01@14:42:48,1870,4.2476252,27318.8
2026/08/01@14:42:49,1871,4.243875,27321.7
2026/08/01@14:42:50,1872,4.23675,27324.6
2026/08/01@14:42:51,1873,3.9538128,27327.5
2026/08/01@14:42:52,1874,4.1986876,27330.4
2026/08/01@14:42:53,1875,4.1167504,27333.3
2026/08/01@14:42:54,1876,4.1520004,27336.2
2026/08/01@14:42:55,1877,4.1514376,27339.1
2026/08/01@14:42:56,1878,4.1109376,27342.0
2026/08/01@14:42:58,1880,4.038563,27347.8
2026/08/01@14:42:59,1881,4.044,27350.7
2026/08/01@14:43:00,1882,3.9939376,27353.6
2026/08/01@14:43:01,1883,3.9866252,27356.5
2026/08/01@14:43:02,1884,3.9583124,27359.4
2026/08/01@14:43:03,1885,3.9465,27362.3
2026/08/01@14:43:04,1886,3.7753124,27365.2
2026/08/01@14:43:05,1887,3.85275,27368.1
2026/08/01@14:43:06,1888,3.9326252,27371.0
2026/08/01@14:43:07,1889,4.0046252,27373.90322580645
2026/08/01@14:43:08,1890,4.012125,27376.8064516129
2026/08/01@14:43:10,1892,4.0875,27382.612903225807
2026/08/01@14:43:11,1893,3.87356268,27385.516129032258
2026/08/01@14:43:12,1894,4.419563,27388.41935483871
2026/08/01@14:43:13,1895,4.200375,27391.322580645163
2026/08/01@14:43:14,1896,4.2146252,27394.225806451614
2026/08/01@14:43:15,1897,4.2476252,27397.129032258064
2026/08/01@14:43:16,1898,3.62943736,27400.032258064515
2026/08/01@14:43:17,1899,3.96150032,27402.935483870966
2026/08/01@14:43:18,1900,4.0428752,27405.83870967742
2026/08/01@14:43:19,1901,4.2451876,27408.74193548387
2026/08/01@14:43:20,1902,4.107938,27411.645161290322
2026/08/01@14:43:21,1903,4.119938,27414.548387096773
2026/08/01@14:43:23,1905,3.5139376,27420.354838709678
2026/08/01@14:43:24,1906,3.712125,27423.25806451613
2026/08/01@14:43:25,1907,3.8840626,27426.16129032258
2026/08/01@14:43:26,1908,3.9834376,27429.064516129034
2026/08/01@14:43:27,1909,3.3076878,27431.967741935485
2026/08/01@14:43:28,1910,3.9075,27434.870967741936
2026/08/01@14:43:29,1911,4.3591876,27437.774193548386
2026/08/01@14:43:30,1912,4.276313,27440.677419354837
2026/08/01@14:43:31,1913,4.2620624,27443.58064516129
2026/08/01@14:43:32,1914,4.289438,27446.483870967742
2026/08/01@14:43:33,1915,4.2924376,27449.387096774193
2026/08/01@14:43:34,1916,4.2855,27452.290322580644
2026/08/01@14:43:36,1918,4.262438,27458.09677419355
2026/08/01@14:43:37,1919,4.2061876,27461.0
2026/08/01@14:43:38,1920,4.160625,27463.7
2026/08/01@14:43:39,1921,4.1460004,27466.4
2026/08/01@14:43:40,1922,2.7817502,27469.1
2026/08/01@14:43:41,1923,2.7954376,27471.8
2026/08/01@14:43:42,1924,4.0533752,27474.5
2026/08/01@14:43:43,1925,4.249875,27477.2
2026/08/01@14:43:44,1926,4.262625,27479.9
2026/08/01@14:43:45,1927,4.201125,27482.6
2026/08/01@14:43:46,1928,4.164188,27485.3
2026/08/01@14:43:47,1929,3.9879376,27488.0
2026/08/01@14:43:49,1931,4.0946256,27493.4
2026/08/01@14:43:50,1932,4.1208752,27496.1
2026/08/01@14:43:51,1933,4.1446876,27498.8
2026/08/01@14:43:52,1934,4.070438,27501.5
2026/08/01@14:43:53,1935,4.003875,27504.2
2026/08/01@14:43:54,1936,3.5930624,27506.9
2026/08/01@14:43:55,1937,4.287,27509.6
2026/08/01@14:43:56,1938,4.1062504,27512.3
2026/08/01@14:43:57,1939,3.6136876,27515.0
2026/08/01@14:43:58,1940,3.3935628,27517.7
2026/08/01@14:43:59,1941,3.71887536,27520.4
2026/08/01@14:44:00,1942,3.70631268,27523.1
2026/08/01@14:44:02,1944,3.55143736,27528.5
2026/08/01@14:44:03,1945,2.7939376,27531.2
2026/08/01@14:44:04,1946,3.828188,27533.9
2026/08/01@14:44:05,1947,3.7243128,27536.6
2026/08/01@14:44:06,1948,3.770625,27539.3
2026/08/01@14:44:07,1949,3.4393124,27542.0
2026/08/01@14:44:08,1950,3.7417502,27545.0
2026/08/01@14:44:09,1951,3.9328128,27548.0
2026/08/01@14:44:10,1952,3.9720004,27551.0
2026/08/01@14:44:11,1953,3.770625,27554.0
2026/08/01@14:44:12,1954,4.431,27557.0
2026/08/01@14:44:14,1956,4.497,27563.0
2026/08/01@14:44:15,1957,4.5011252,27566.0
2026/08/01@14:44:16,1958,4.4956876,27569.0
2026/08/01@14:44:17,1959,4.4701876,27572.0
2026/08/01@14:44:18,1960,4.296188,27575.0
2026/08/01@14:44:19,1961,4.2851252,27578.0
2026/08/01@14:44:20,1962,4.2735004,27581.0
2026/08/01@14:44:21,1963,4.239938,27584.0
2026/08/01@14:44:22,1964,4.1722504,27587.0
2026/08/01@14:44:23,1965,4.035375,27590.0
2026/08/01@14:44:24,1966,4.106625,27593.0
2026/08/01@14:44:25,1967,4.0824376,27596.0
2026/08/01@14:44:27,1969,4.083563,27602.0
2026/08/01@14:44:28,1970,3.93131268,27605.0
2026/08/01@14:44:29,1971,4.178625,27608.0
2026/08/01@14:44:30,1972,4.238063,27611.0
2026/08/01@14:44:31,1973,3.8690624,27614.0
2026/08/01@14:44:32,1974,3.7005,27617.0
2026/08/01@14:44:33,1975,4.0363124,27620.0
2026/08/01@14:44:34,1976,3.808875,27623.0
2026/08/01@14:44:35,1977,3.64668768,27626.0
2026/08/01@14:44:36,1978,3.4588128,27629.0
2026/08/01@14:44:37,1979,4.19325,27632.0
2026/08/01@14:44:38,1980,4.15275,27635.0
2026/08/01@14:44:40,1982,4.3299376,27641.064516129034
2026/08/01@14:44:41,1983,4.2026252,27644.09677419355
2026/08/01@14:44:42,1984,4.2238124,27647.129032258064
2026/08/01@14:44:43,1985,3.5400002,27650.16129032258
2026/08/01@14:44:44,1986,3.3616876,27653.1935483871
2026/08/01@14:44:45,1987,2.7918752,27656.225806451614
2026/08/01@14:44:46,1988,4.180688,27659.25806451613
2026/08/01@14:44:47,1989,3.6127504,27662.290322580644
2026/08/01@14:44:48,1990,4.0884376,27665.322580645163
2026/08/01@14:44:49,1991,3.9213752,27668.354838709678
2026/08/01@14:44:50,1992,4.0593752,27671.387096774193
2026/08/01@14:44:52,1994,4.0455,27677.451612903227
2026/08/01@14:44:53,1995,4.2073124,27680.483870967742
2026/08/01@14:44:54,1996,4.196063,27683.516129032258
2026/08/01@14:44:55,1997,4.1293124,27686.548387096773
2026/08/01@14:44:56,1998,4.0845004,27689.58064516129
2026/08/01@14:44:57,1999,4.012125,27692.612903225807
2026/08/01@14:44:58,2000,4.145813,27695.645161290322
2026/08/01@14:44:59,2001,4.095375,27698.677419354837
2026/08/01@14:45:00,2002,4.1143128,27701.709677419356
2026/08/01@14:45:01,2003,3.91781236,27704.74193548387
2026/08/01@14:45:02,2004,4.2313128,27707.774193548386
2026/08/01@14:45:03,2005,4.158188,27710.8064516129
2026/08/01@14:45:05,2007,4.059,27716.870967741936
2026/08/01@14:45:06,2008,2.7988126,27719.90322580645
2026/08/01@14:45:07,2009,3.4730624,27722.935483870966
2026/08/01@14:45:08,2010,3.931688,27725.967741935485
2026/08/01@14:45:09,2011,4.1017504,27729.0
2026/08/01@14:45:10,2012,3.8795628,27732.466666666667
2026/08/01@14:45:11,2013,2.8055624,27735.933333333334
2026/08/01@14:45:12,2014,3.76875016,27739.4
2026/08/01@14:45:13,2015,3.90206268,27742.866666666665
2026/08/01@14:45:14,2016,3.8338128,27746.333333333332
2026/08/01@14:45:15,2017,3.6339376,27749.8
2026/08/01@14:45:16,2018,3.7335,27753.266666666666
2026/08/01@14:45:18,2020,3.7531876,27760.2
2026/08/01@14:45:19,2021,3.6924376,27763.666666666668
2026/08/01@14:45:20,2022,3.6958128,27767.133333333335
2026/08/01@14:45:21,2023,3.63993736,27770.6
2026/08/01@14:45:22,2024,3.70875,27774.066666666666
2026/08/01@14:45:23,2025,3.8831252,27777.533333333333
2026/08/01@14:45:24,2026,3.957375,27781.0
2026/08/01@14:45:25,2027,3.927188,27784.466666666667
2026/08/01@14:45:26,2028,3.6408754,27787.933333333334
2026/08/01@14:45:27,2029,4.189125,27791.4
2026/08/01@14:45:28,2030,4.080938,27794.866666666665
2026/08/01@14:45:30,2031,4.1381252,27801.8
2026/08/01@14:45:31,2033,4.1415004,27805.266666666666
2026/08/01@14:45:32,2034,3.9879376,27808.733333333334
2026/08/01@14:45:33,2035,4.02825,27812.2
2026/08/01@14:45:34,2036,3.8653128,27815.666666666668
2026/08/01@14:45:35,2037,4.0061256,27819.133333333335
2026/08/01@14:45:36,2038,4.106813,27822.6
2026/08/01@14:45:37,2039,4.092375,27826.066666666666
2026/08/01@14:45:38,2040,3.9553128,27829.533333333333
2026/08/01@14:45:39,2041,3.7417502,27833.0
2026/08/01@14:45:40,2042,4.101938,27836.032258064515
2026/08/01@14:45:41,2043,4.0166252,27839.064516129034
2026/08/01@14:45:43,2045,4.062375,27845.129032258064
2026/08/01@14:45:44,2046,3.9213752,27848.16129032258
2026/08/01@14:45:45,2047,4.291688,27851.1935483871
2026/08/01@14:45:46,2048,4.2363752,27854.225806451614
2026/08/01@14:45:47,2049,4.2144376,27857.25806451613
2026/08/01@14:45:48,2050,4.210313,27860.290322580644
2026/08/01@14:45:49,2051,4.1362504,27863.322580645163
2026/08/01@14:45:50,2052,4.116375,27866.354838709678
2026/08/01@14:45:51,2053,3.6860626,27869.387096774193
2026/08/01@14:45:52,2054,4.164,27872.41935483871
2026/08/01@14:45:53,2055,4.0950004,27875.451612903227
2026/08/01@14:45:54,2056,4.1240624,27878.483870967742
2026/08/01@14:45:56,2058,3.89100032,27884.548387096773
2026/08/01@14:45:57,2059,4.088063,27887.58064516129
2026/08/01@14:45:58,2060,4.056,27890.612903225807
2026/08/01@14:45:59,2061,4.148438,27893.645161290322
2026/08/01@14:46:00,2062,3.70350032,27896.677419354837
2026/08/01@14:46:01,2063,3.7496252,27899.709677419356
2026/08/01@14:46:02,2064,3.8362504,27902.74193548387
2026/08/01@14:46:03,2065,4.1152508,27905.774193548386
2026/08/01@14:46:04,2066,4.0886252,27908.8064516129
2026/08/01@14:46:05,2067,4.215563,27911.83870967742
2026/08/01@14:46:06,2068,4.202438,27914.870967741936
2026/08/01@14:46:07,2069,3.822,27917.90322580645
2026/08/01@14:46:09,2071,4.162875,27923.967741935485
2026/08/01@14:46:10,2072,3.9620626,27927.0
2026/08/01@14:46:11,2073,3.6710624,27930.4
2026/08/01@14:46:12,2074,4.30575,27933.8
2026/08/01@14:46:13,2075,4.31625,27937.2
2026/08/01@14:46:14,2076,4.2911252,27940.6
2026/08/01@14:46:15,2077,3.68550032,27944.0
2026/08/01@14:46:16,2078,3.51150032,27947.4
2026/08/01@14:46:17,2079,4.11825,27950.8
2026/08/01@14:46:18,2080,4.01625,27954.2
2026/08/01@14:46:19,2081,4.2733124,27957.6
2026/08/01@14:46:21,2082,4.269,27964.4
2026/08/01@14:46:22,2084,4.2663756,27967.8
2026/08/01@14:46:23,2085,4.190438,27971.2
2026/08/01@14:46:24,2086,4.1840624,27974.6
2026/08/01@14:46:25,2087,4.0263752,27978.0
2026/08/01@14:46:26,2088,3.7053752,27981.4
2026/08/01@14:46:27,2089,3.4779376,27984.8
2026/08/01@14:46:28,2090,4.1158124,27988.2
2026/08/01@14:46:29,2091,3.9146252,27991.6
2026/08/01@14:46:30,2092,3.57975,27995.0
2026/08/01@14:46:31,2093,3.3463126,27998.4
2026/08/01@14:46:32,2094,4.0335,28001.8
2026/08/01@14:46:34,2096,3.8591252,28008.6
2026/08/01@14:46:35,2097,4.2256876,28012.0
2026/08/01@14:46:36,2098,4.2009376,28015.4
2026/08/01@14:46:37,2099,3.757125,28018.8
2026/08/01@14:46:38,2100,4.040063,28022.2
2026/08/01@14:46:39,2101,3.9356252,28025.6
2026/08/01@14:46:40,2102,3.8718752,28029.0
2026/08/01@14:46:41,2103,3.9789376,28031.83870967742
2026/08/01@14:46:42,2104,4.18125,28034.677419354837
2026/08/01@14:46:43,2105,4.1469376,28037.516129032258
2026/08/01@14:46:44,2106,4.1398124,28040.354838709678
2026/08/01@14:46:45,2107,4.188,28043.1935483871
2026/08/01@14:46:47,2109,4.1056876,28048.870967741936
2026/08/01@14:46:48,2110,4.0074376,28051.709677419356
2026/08/01@14:46:49,2111,4.16475,28054.548387096773
2026/08/01@14:46:50,2112,4.1405624,28057.387096774193
2026/08/01@14:46:51,2113,3.9223128,28060.225806451614
2026/08/01@14:46:52,2114,4.079625,28063.064516129034
2026/08/01@14:46:53,2115,4.0899376,28065.90322580645
2026/08/01@14:46:54,2116,4.0267508,28068.74193548387
2026/08/01@14:46:55,2117,4.151625,28071.58064516129
2026/08/01@14:46:56,2118,3.9391876,28074.41935483871
2026/08/01@14:46:57,2119,4.0584372,28077.25806451613
2026/08/01@14:46:58,2120,3.58612532,28080.09677419355
2026/08/01@14:47:00,2122,4.0528124,28085.774193548386
2026/08/01@14:47:01,2123,3.825938,28088.612903225807
2026/08/01@14:47:02,2124,3.5838752,28091.451612903227
2026/08/01@14:47:03,2125,4.368375,28094.290322580644
2026/08/01@14:47:04,2126,4.3653756,28097.129032258064
2026/08/01@14:47:05,2127,4.3183128,28099.967741935485
2026/08/01@14:47:06,2128,4.293375,28102.8064516129
2026/08/01@14:47:07,2129,4.2511872,28105.645161290322
2026/08/01@14:47:08,2130,4.2146252,28108.483870967742
2026/08/01@14:47:09,2131,4.217063,28111.322580645163
2026/08/01@14:47:10,2132,4.2219376,28114.16129032258
2026/08/01@14:47:12,2134,4.213125,28119.870967741936
2026/08/01@14:47:13,2135,4.1555624,28122.74193548387
2026/08/01@14:47:14,2136,4.1821876,28125.612903225807
2026/08/01@14:47:15,2137,2.7804374,28128.483870967742
2026/08/01@14:47:16,2138,3.7880626,28131.354838709678
2026/08/01@14:47:17,2139,4.0230004,28134.225806451614
2026/08/01@14:47:18,2140,4.0363124,28137.09677419355
2026/08/01@14:47:19,2141,3.0644998,28139.967741935485
2026/08/01@14:47:20,2142,3.8460002,28142.83870967742
2026/08/01@14:47:21,2143,3.96506268,28145.709677419356
2026/08/01@14:47:22,2144,3.7955624,28148.58064516129
2026/08/01@14:47:23,2145,3.9796876,28151.451612903227
2026/08/01@14:47:25,2147,3.6725628,28157.1935483871
2026/08/01@14:47:26,2148,3.7925628,28160.064516129034
2026/08/01@14:47:27,2149,3.561,28162.935483870966
2026/08/01@14:47:28,2150,3.4846878,28165.8064516129
2026/08/01@14:47:29,2151,3.8437504,28168.677419354837
2026/08/01@14:47:30,2152,3.8928752,28171.548387096773
2026/08/01@14:47:31,2153,3.89831268,28174.41935483871
2026/08/01@14:47:32,2154,3.8051252,28177.290322580644
2026/08/01@14:47:33,2155,3.86606268,28180.16129032258
2026/08/01@14:47:34,2156,3.8143124,28183.032258064515
2026/08/01@14:47:35,2157,4.0509376,28185.90322580645
2026/08/01@14:47:36,2158,4.1051252,28188.774193548386
2026/08/01@14:47:38,2160,4.10475,28194.516129032258
2026/08/01@14:47:39,2161,4.0781256,28197.387096774193
2026/08/01@14:47:40,2162,4.0305,28200.25806451613
2026/08/01@14:47:41,2163,4.1835004,28203.129032258064
2026/08/01@14:47:42,2164,4.180688,28206.0
2026/08/01@14:47:43,2165,4.08525,28208.733333333334
2026/08/01@14:47:44,2166,4.0811252,28211.466666666667
2026/08/01@14:47:45,2167,4.019063,28214.2
2026/08/01@14:47:46,2168,4.2667504,28216.933333333334
2026/08/01@14:47:47,2169,4.1730004,28219.666666666668
2026/08/01@14:47:48,2170,3.9898128,28222.4
2026/08/01@14:47:49,2171,4.008375,28225.133333333335
2026/08/01@14:47:51,2173,3.9536252,28230.6
2026/08/01@14:47:52,2174,3.9821252,28233.333333333332
2026/08/01@14:47:53,2175,3.86550032,28236.066666666666
2026/08/01@14:47:54,2176,4.082813,28238.8
2026/08/01@14:47:55,2177,4.286813,28241.533333333333
2026/08/01@14:47:56,2178,4.0008756,28244.266666666666
2026/08/01@14:47:57,2179,4.0329376,28247.0
2026/08/01@14:47:58,2180,3.9890628,28249.733333333334
2026/08/01@14:47:59,2181,4.0685624,28252.466666666667
2026/08/01@14:48:00,2182,2.8121252,28255.2
2026/08/01@14:48:01,2183,4.201313,28257.933333333334
2026/08/01@14:48:03,2185,4.2000004,28263.4
2026/08/01@14:48:04,2186,4.168688,28266.133333333335
2026/08/01@14:48:05,2187,4.0925628,28268.866666666665
2026/08/01@14:48:06,2188,3.95400032,28271.6
2026/08/01@14:48:07,2189,4.0983752,28274.333333333332
2026/08/01@14:48:08,2190,4.0905004,28277.066666666666
2026/08/01@14:48:09,2191,4.06425,28279.8
2026/08/01@14:48:10,2192,3.98400032,28282.533333333333
2026/08/01@14:48:11,2193,4.0786876,28285.266666666666
2026/08/01@14:48:12,2194,4.3593756,28288.0
2026/08/01@14:48:13,2195,4.3518752,28290.516129032258
2026/08/01@14:48:14,2196,4.333313,28293.032258064515
2026/08/01@14:48:16,2198,3.924563,28298.064516129034
2026/08/01@14:48:17,2199,3.7110004,28300.58064516129
2026/08/01@14:48:18,2200,3.94781236,28303.09677419355
2026/08/01@14:48:19,2201,3.8205004,28305.612903225807
2026/08/01@14:48:20,2202,3.759375,28308.129032258064
2026/08/01@14:48:21,2203,3.6151876,28310.645161290322
2026/08/01@14:48:22,2204,4.122563,28313.16129032258
2026/08/01@14:48:23,2205,4.0601252,28315.677419354837
2026/08/01@14:48:24,2206,4.0640624,28318.1935483871
2026/08/01@14:48:25,2207,4.0263752,28320.709677419356
2026/08/01@14:48:26,2208,3.7520628,28323.225806451614
2026/08/01@14:48:27,2209,3.7153124,28325.74193548387
2026/08/01@14:48:29,2211,3.95868768,28330.774193548386
2026/08/01@14:48:30,2212,4.372688,28333.290322580644
2026/08/01@14:48:31,2213,3.9457502,28335.8064516129
2026/08/01@14:48:32,2214,4.1730004,28338.322580645163
2026/08/01@14:48:33,2215,4.1842504,28340.83870967742
2026/08/01@14:48:34,2216,4.1208752,28343.354838709678
2026/08/01@14:48:35,2217,3.7955624,28345.870967741936
2026/08/01@14:48:36,2218,3.9058128,28348.387096774193
2026/08/01@14:48:37,2219,3.91968768,28350.90322580645
2026/08/01@14:48:38,2220,3.76875016,28353.41935483871
2026/08/01@14:48:39,2221,3.9161252,28355.935483870966
2026/08/01@14:48:41,2223,3.98437536,28360.967741935485
2026/08/01@14:48:42,2224,2.8419376,28363.483870967742
2026/08/01@14:48:43,2225,4.1881876,28366.0
2026/08/01@14:48:44,2226,3.83025032,28368.766666666666
2026/08/01@14:48:45,2227,3.8533124,28371.533333333333
2026/08/01@14:48:46,2228,3.7036876,28374.3
2026/08/01@14:48:47,2229,3.75056268,28377.066666666666
2026/08/01@14:48:48,2230,3.8086876,28379.833333333332
2026/08/01@14:48:49,2231,3.7162504,28382.6
2026/08/01@14:48:50,2232,3.9189376,28385.366666666665
2026/08/01@14:48:51,2233,3.92325032,28388.133333333335
2026/08/01@14:48:52,2234,4.195313,28390.9
2026/08/01@14:48:54,2236,4.1454376,28396.433333333334
2026/08/01@14:48:55,2237,3.979313,28399.2
2026/08/01@14:48:56,2238,3.873,28401.966666666667
2026/08/01@14:48:57,2239,3.653813,28404.733333333334
2026/08/01@14:48:58,2240,2.79675,28407.5
2026/08/01@14:48:59,2241,4.2365628,28410.266666666666
2026/08/01@14:49:00,2242,4.153688,28413.033333333333
2026/08/01@14:49:01,2243,4.138688,28415.8
2026/08/01@14:49:02,2244,4.119188,28418.566666666666
2026/08/01@14:49:03,2245,4.055063,28421.333333333332
2026/08/01@14:49:04,2246,4.0245,28424.1
2026/08/01@14:49:05,2247,4.0119376,28426.866666666665
2026/08/01@14:49:07,2249,4.0021876,28432.4
2026/08/01@14:49:08,2250,3.97462532,28435.166666666668
2026/08/01@14:49:09,2251,3.99975016,28437.933333333334
2026/08/01@14:49:10,2252,3.9680624,28440.7
2026/08/01@14:49:11,2253,3.979125,28443.466666666667
2026/08/01@14:49:12,2254,3.0789378,28446.233333333334
2026/08/01@14:49:13,2255,3.8668128,28449.0
2026/08/01@14:49:14,2256,3.8761876,28451.709677419356
2026/08/01@14:49:15,2257,3.863625,28454.41935483871
2026/08/01@14:49:16,2258,4.2300004,28457.129032258064
2026/08/01@14:49:17,2259,4.0509376,28459.83870967742
2026/08/01@14:49:19,2260,4.0286256,28465.25806451613
2026/08/01@14:49:20,2262,4.005563,28467.967741935485
2026/08/01@14:49:21,2263,3.6101252,28470.677419354837
2026/08/01@14:49:22,2264,3.9729376,28473.387096774193
2026/08/01@14:49:23,2265,3.8210628,28476.09677419355
2026/08/01@14:49:24,2266,4.0561876,28478.8064516129
2026/08/01@14:49:25,2267,4.3215,28481.516129032258
2026/08/01@14:49:26,2268,4.2298124,28484.225806451614
2026/08/01@14:49:27,2269,4.2406876,28486.935483870966
2026/08/01@14:49:28,2270,4.2318752,28489.645161290322
2026/08/01@14:49:29,2271,4.1375628,28492.354838709678
2026/08/01@14:49:30,2272,4.133813,28495.064516129034
2026/08/01@14:49:32,2274,4.0957504,28500.483870967742
2026/08/01@14:49:33,2275,4.2345004,28503.1935483871
2026/08/01@14:49:34,2276,4.2345004,28505.90322580645
2026/08/01@14:49:35,2277,4.2290624,28508.612903225807
2026/08/01@14:49:36,2278,4.2363752,28511.322580645163
2026/08/01@14:49:37,2279,4.2105004,28514.032258064515
2026/08/01@14:49:38,2280,4.17075,28516.74193548387
2026/08/01@14:49:39,2281,4.2727504,28519.451612903227
2026/08/01@14:49:40,2282,4.127063,28522.16129032258
2026/08/01@14:49:41,2283,4.08,28524.870967741936
2026/08/01@14:49:42,2284,4.128375,28527.58064516129
2026/08/01@14:49:43,2285,4.063125,28530.290322580644
2026/08/01@14:49:45,2287,4.0310624,28535.766666666666
2026/08/01@14:49:46,2288,3.90075016,28538.533333333333
2026/08/01@14:49:47,2289,3.731813,28541.3
2026/08/01@14:49:48,2290,4.057125,28544.066666666666
2026/08/01@14:49:49,2291,4.122,28546.833333333332
2026/08/01@14:49:50,2292,4.11075,28549.6
2026/08/01@14:49:51,2293,4.0946256,28552.366666666665
2026/08/01@14:49:52,2294,4.002938,28555.133333333335
2026/08/01@14:49:53,2295,3.7395,28557.9
2026/08/01@14:49:54,2296,3.840375,28560.666666666668
2026/08/01@14:49:55,2297,3.8244376,28563.433333333334
2026/08/01@14:49:56,2298,3.7708124,28566.2
2026/08/01@14:49:58,2300,3.7117502,28571.733333333334
2026/08/01@14:49:59,2301,3.7353752,28574.5
2026/08/01@14:50:00,2302,3.7458752,28577.266666666666
2026/08/01@14:50:01,2303,3.74325032,28580.033333333333
2026/08/01@14:50:02,2304,3.8595004,28582.8
2026/08/01@14:50:03,2305,4.2088128,28585.566666666666
2026/08/01@14:50:04,2306,4.1083124,28588.333333333332
2026/08/01@14:50:05,2307,4.22625,28591.1
2026/08/01@14:50:06,2308,4.077,28593.866666666665
2026/08/01@14:50:07,2309,3.99000032,28596.633333333335
2026/08/01@14:50:08,2310,4.1750628,28599.4
2026/08/01@14:50:09,2311,4.100625,28602.166666666668
2026/08/01@14:50:11,2313,3.93656268,28607.7
2026/08/01@14:50:12,2314,3.9028124,28610.466666666667
2026/08/01@14:50:13,2315,3.70275,28613.233333333334
2026/08/01@14:50:14,2316,4.0098752,28616.0
2026/08/01@14:50:15,2317,4.17075,28618.90322580645
2026/08/01@14:50:16,2318,4.164938,28621.8064516129
2026/08/01@14:50:17,2319,4.08525,28624.709677419356
2026/08/01@14:50:18,2320,4.137,28627.612903225807
2026/08/01@14:50:19,2321,4.295625,28630.516129032258
2026/08/01@14:50:20,2322,4.2800628,28633.41935483871
2026/08/01@14:50:21,2323,4.2573752,28636.322580645163
2026/08/01@14:50:22,2324,4.1302504,28639.225806451614
2026/08/01@14:50:24,2326,4.221,28645.032258064515
2026/08/01@14:50:25,2327,4.1060624,28647.935483870966
2026/08/01@14:50:26,2328,4.122,28650.83870967742
2026/08/01@14:50:27,2329,4.2217504,28653.74193548387
2026/08/01@14:50:28,2330,4.135125,28656.645161290322
2026/08/01@14:50:29,2331,4.2193128,28659.548387096773
2026/08/01@14:50:30,2332,4.102875,28662.451612903227
2026/08/01@14:50:31,2333,3.7239376,28665.354838709678
2026/08/01@14:50:32,2334,4.076625,28668.25806451613
2026/08/01@14:50:33,2335,4.13175,28671.16129032258
2026/08/01@14:50:34,2336,4.1656876,28674.064516129034
2026/08/01@14:50:36,2338,4.15275,28679.870967741936
2026/08/01@14:50:37,2339,3.6071252,28682.774193548386
2026/08/01@14:50:38,2340,4.080375,28685.677419354837
2026/08/01@14:50:39,2341,3.8692504,28688.58064516129
2026/08/01@14:50:40,2342,3.9885,28691.483870967742
2026/08/01@14:50:41,2343,3.9080624,28694.387096774193
2026/08/01@14:50:42,2344,3.952125,28697.290322580644
2026/08/01@14:50:43,2345,4.0151252,28700.1935483871
2026/08/01@14:50:44,2346,3.8570628,28703.09677419355
2026/08/01@14:50:45,2347,3.98156268,28706.0
2026/08/01@14:50:46,2348,3.89831268,28708.967741935485
2026/08/01@14:50:47,2349,4.1885624,28711.935483870966
2026/08/01@14:50:49,2351,4.2095624,28717.870967741936
2026/08/01@14:50:50,2352,4.19925,28720.83870967742
2026/08/01@14:50:51,2353,4.1718756,28723.8064516129
2026/08/01@14:50:52,2354,4.1611876,28726.774193548386
2026/08/01@14:50:53,2355,4.0706252,28729.74193548387
2026/08/01@14:50:54,2356,4.050375,28732.709677419356
2026/08/01@14:50:55,2357,3.973875,28735.677419354837
2026/08/01@14:50:56,2358,3.9275628,28738.645161290322
2026/08/01@14:50:57,2359,2.7826876,28741.612903225807
2026/08/01@14:50:58,2360,4.155375,28744.58064516129
2026/08/01@14:50:59,2361,3.8795628,28747.548387096773
2026/08/01@14:51:00,2362,4.1771256,28750.516129032258
2026/08/01@14:51:02,2364,4.144875,28756.451612903227
2026/08/01@14:51:03,2365,4.232063,28759.41935483871
2026/08/01@14:51:04,2366,4.2095624,28762.387096774193
2026/08/01@14:51:05,2367,3.9630004,28765.354838709678
2026/08/01@14:51:06,2368,4.1724376,28768.322580645163
2026/08/01@14:51:07,2369,4.1253752,28771.290322580644
2026/08/01@14:51:08,2370,4.0665,28774.25806451613
2026/08/01@14:51:09,2371,2.7856874,28777.225806451614
2026/08/01@14:51:10,2372,2.7825002,28780.1935483871
2026/08/01@14:51:11,2373,3.59531268,28783.16129032258
2026/08/01@14:51:12,2374,3.7528128,28786.129032258064
2026/08/01@14:51:14,2376,3.79856268,28792.064516129034
2026/08/01@14:51:15,2377,3.4620002,28795.032258064515
2026/08/01@14:51:16,2378,2.7795,28798.0
2026/08/01@14:51:17,2379,3.1389376,28800.9
2026/08/01@14:51:18,2380,2.782125,28803.8
2026/08/01@14:51:19,2381,4.3413752,28806.7
2026/08/01@14:51:20,2382,4.3393124,28809.6
2026/08/01@14:51:21,2383,4.346438,28812.5
2026/08/01@14:51:22,2384,4.3248752,28815.4
2026/08/01@14:51:23,2385,4.3299376,28818.3
2026/08/01@14:51:24,2386,4.274438,28821.2
2026/08/01@14:51:25,2387,4.259625,28824.1
2026/08/01@14:51:27,2389,3.9841876,28829.9
2026/08/01@14:51:28,2390,3.63562532,28832.8
2026/08/01@14:51:29,2391,4.238063,28835.7
2026/08/01@14:51:30,2392,4.1934376,28838.6
2026/08/01@14:51:31,2393,4.1025,28841.5
2026/08/01@14:51:32,2394,4.140375,28844.4
2026/08/01@14:51:33,2395,4.0944376,28847.3
2026/08/01@14:51:34,2396,4.151625,28850.2
2026/08/01@14:51:35,2397,4.1559376,28853.1
2026/08/01@14:51:36,2398,4.143563,28856.0
2026/08/01@14:51:37,2399,4.1265,28858.9
2026/08/01@14:51:38,2400,3.9339376,28861.8
2026/08/01@14:51:40,2402,3.84637536,28867.6
2026/08/01@14:51:41,2403,3.78168768,28870.5
2026/08/01@14:51:42,2404,4.129125,28873.4
2026/08/01@14:51:43,2405,4.1735624,28876.3
2026/08/01@14:51:44,2406,4.220813,28879.2
2026/08/01@14:51:45,2407,4.215,28882.1
2026/08/01@14:51:46,2408,4.2298124,28885.0
2026/08/01@14:51:47,2409,4.232063,28887.90322580645
2026/08/01@14:51:48,2410,4.1842504,28890.8064516129
2026/08/01@14:51:49,2411,4.1836876,28893.709677419356
2026/08/01@14:51:50,2412,4.0906876,28896.612903225807
2026/08/01@14:51:51,2413,4.005563,28899.516129032258
2026/08/01@14:51:53,2415,4.1743124,28905.322580645163
2026/08/01@14:51:54,2416,4.185375,28908.225806451614
2026/08/01@14:51:55,2417,4.1454376,28911.129032258064
2026/08/01@14:51:56,2418,4.0098752,28914.032258064515
2026/08/01@14:51:57,2419,4.001625,28916.935483870966
2026/08/01@14:51:58,2420,4.0299376,28919.83870967742
2026/08/01@14:51:59,2421,4.1638124,28922.74193548387
2026/08/01@14:52:00,2422,3.9665628,28925.645161290322
2026/08/01@14:52:01,2423,4.17375,28928.548387096773
2026/08/01@14:52:02,2424,4.0738124,28931.451612903227
2026/08/01@14:52:03,2425,4.042125,28934.354838709678
2026/08/01@14:52:04,2426,4.088813,28937.25806451613
2026/08/01@14:52:06,2428,3.81600032,28943.064516129034
2026/08/01@14:52:07,2429,2.778,28945.967741935485
2026/08/01@14:52:08,2430,4.19625,28948.870967741936
2026/08/01@14:52:09,2431,4.117313,28951.774193548386
2026/08/01@14:52:10,2432,4.1085,28954.677419354837
2026/08/01@14:52:11,2433,4.071,28957.58064516129
2026/08/01@14:52:12,2434,4.19325,28960.483870967742
2026/08/01@14:52:13,2435,4.0321876,28963.387096774193
2026/08/01@14:52:14,2436,3.92400032,28966.290322580644
2026/08/01@14:52:15,2437,4.0318128,28969.1935483871
2026/08/01@14:52:16,2438,4.0336876,28972.09677419355
2026/08/01@14:52:18,2440,4.212188,28977.9
2026/08/01@14:52:19,2441,2.7873752,28980.8
2026/08/01@14:52:20,2442,3.3826876,28983.7
2026/08/01@14:52:21,2443,4.1049376,28986.6
2026/08/01@14:52:22,2444,4.1782504,28989.5
2026/08/01@14:52:23,2445,4.1418752,28992.4
2026/08/01@14:52:24,2446,4.059938,28995.3
2026/08/01@14:52:25,2447,3.9268126,28998.2
2026/08/01@14:52:26,2448,3.6618752,29001.1
2026/08/01@14:52:27,2449,3.86025032,29004.0
2026/08/01@14:52:28,2450,4.0841256,29006.9
2026/08/01@14:52:29,2451,4.177313,29009.8
2026/08/01@14:52:31,2453,4.082625,29015.6
2026/08/01@14:52:32,2454,4.0381876,29018.5
2026/08/01@14:52:33,2455,3.9926252,29021.4
2026/08/01@14:52:34,2456,3.96731268,29024.3
2026/08/01@14:52:35,2457,4.0072504,29027.2
2026/08/01@14:52:36,2458,3.99731268,29030.1
2026/08/01@14:52:37,2459,3.99731268,29033.0
2026/08/01@14:52:38,2460,4.007625,29035.9
2026/08/01@14:52:39,2461,4.0070624,29038.8
2026/08/01@14:52:40,2462,4.013063,29041.7
2026/08/01@14:52:41,2463,4.04475,29044.6
2026/08/01@14:52:42,2464,3.962625,29047.5
2026/08/01@14:52:44,2466,3.98025,29053.3
2026/08/01@14:52:45,2467,3.9920626,29056.2
2026/08/01@14:52:46,2468,3.687563,29059.1
2026/08/01@14:52:47,2469,4.0276876,29062.0
2026/08/01@14:52:48,2470,4.0008756,29064.90322580645
2026/08/01@14:52:49,2471,4.002938,29067.8064516129
2026/08/01@14:52:50,2472,4.039313,29070.709677419356
2026/08/01@14:52:51,2473,3.7648124,29073.612903225807
2026/08/01@14:52:52,2474,3.8859376,29076.516129032258
2026/08/01@14:52:53,2475,3.8771252,29079.41935483871
2026/08/01@14:52:54,2476,4.091625,29082.322580645163
2026/08/01@14:52:55,2477,4.0065004,29085.225806451614
2026/08/01@14:52:57,2479,3.9136876,29091.032258064515
2026/08/01@14:52:58,2480,3.9637504,29093.935483870966
2026/08/01@14:52:59,2481,3.98081236,29096.83870967742
2026/08/01@14:53:00,2482,4.0010624,29099.74193548387
2026/08/01@14:53:01,2483,3.9043128,29102.645161290322
2026/08/01@14:53:02,2484,4.220625,29105.548387096773
2026/08/01@14:53:03,2485,4.249313,29108.451612903227
2026/08/01@14:53:04,2486,4.248,29111.354838709678
2026/08/01@14:53:05,2487,4.2541876,29114.25806451613
2026/08/01@14:53:06,2488,4.2247504,29117.16129032258
2026/08/01@14:53:07,2489,4.2240004,29120.064516129034
2026/08/01@14:53:09,2491,4.2095624,29125.870967741936
2026/08/01@14:53:10,2492,4.215375,29128.774193548386
2026/08/01@14:53:11,2493,4.201875,29131.677419354837
2026/08/01@14:53:12,2494,4.243125,29134.58064516129
2026/08/01@14:53:13,2495,4.243875,29137.483870967742
2026/08/01@14:53:14,2496,4.2444376,29140.387096774193
2026/08/01@14:53:15,2497,4.24275,29143.290322580644
2026/08/01@14:53:16,2498,4.238063,29146.1935483871
2026/08/01@14:53:17,2499,4.2292504,29149.09677419355
2026/08/01@14:53:18,2500,4.210125,29152.0
2026/08/01@14:53:19,2501,4.1685,29154.612903225807
2026/08/01@14:53:20,2502,4.1675624,29157.225806451614
2026/08/01@14:53:22,2504,4.150125,29162.451612903227
2026/08/01@14:53:23,2505,3.7886252,29165.064516129034
2026/08/01@14:53:24,2506,4.0753124,29167.677419354837
2026/08/01@14:53:25,2507,4.1925,29170.290322580644
2026/08/01@14:53:26,2508,4.1611876,29172.90322580645
2026/08/01@14:53:27,2509,4.119,29175.516129032258
2026/08/01@14:53:28,2510,3.71793736,29178.129032258064
2026/08/01@14:53:29,2511,3.65250016,29180.74193548387
2026/08/01@14:53:30,2512,3.8587504,29183.354838709678
2026/08/01@14:53:31,2513,2.826375,29185.967741935485
2026/08/01@14:53:32,2514,3.7143752,29188.58064516129
2026/08/01@14:53:33,2515,3.8911876,29191.1935483871
2026/08/01@14:53:35,2517,3.9598126,29196.41935483871
2026/08/01@14:53:36,2518,2.7826876,29199.032258064515
2026/08/01@14:53:37,2519,3.8975624,29201.645161290322
2026/08/01@14:53:38,2520,4.092188,29204.25806451613
2026/08/01@14:53:39,2521,4.0741872,29206.870967741936
2026/08/01@14:53:40,2522,4.0179376,29209.483870967742
2026/08/01@14:53:41,2523,2.7817502,29212.09677419355
2026/08/01@14:53:42,2524,3.8096252,29214.709677419356
2026/08/01@14:53:43,2525,3.8105628,29217.322580645163
2026/08/01@14:53:44,2526,3.776063,29219.935483870966
2026/08/01@14:53:45,2527,3.9253128,29222.548387096773
2026/08/01@14:53:47,2529,3.9168754,29227.774193548386
2026/08/01@14:53:48,2530,4.34775,29230.387096774193
2026/08/01@14:53:49,2531,4.3290004,29233.0
2026/08/01@14:53:50,2532,3.9620626,29235.666666666668
2026/08/01@14:53:51,2533,3.5028754,29238.333333333332
2026/08/01@14:53:52,2534,4.1797504,29241.0
2026/08/01@14:53:53,2535,4.1450624,29243.666666666668
2026/08/01@14:53:54,2536,4.13325,29246.333333333332
2026/08/01@14:53:55,2537,4.0933128,29249.0
2026/08/01@14:53:56,2538,4.0378128,29251.666666666668
2026/08/01@14:53:57,2539,3.3163126,29254.333333333332
2026/08/01@14:53:58,2540,4.0335,29257.0
2026/08/01@14:54:00,2542,4.024875,29262.333333333332
2026/08/01@14:54:01,2543,3.998625,29265.0
2026/08/01@14:54:02,2544,4.0185004,29267.666666666668
2026/08/01@14:54:03,2545,4.0020004,29270.333333333332
2026/08/01@14:54:04,2546,3.96,29273.0
2026/08/01@14:54:05,2547,3.91968768,29275.666666666668
2026/08/01@14:54:06,2548,3.90525,29278.333333333332
2026/08/01@14:54:07,2549,3.921938,29281.0
2026/08/01@14:54:08,2550,3.924375,29283.666666666668
2026/08/01@14:54:09,2551,3.9301876,29286.333333333332
2026/08/01@14:54:10,2552,4.4175004,29289.0
2026/08/01@14:54:11,2553,4.211063,29291.666666666668
2026/08/01@14:54:13,2555,4.222313,29297.0
2026/08/01@14:54:14,2556,4.221,29299.666666666668
2026/08/01@14:54:15,2557,4.2144376,29302.333333333332
2026/08/01@14:54:16,2558,4.1568756,29305.0
2026/08/01@14:54:17,2559,3.9658128,29307.666666666668
2026/08/01@14:54:18,2560,3.7788754,29310.333333333332
2026/08/01@14:54:19,2561,4.0070624,29313.0
2026/08/01@14:54:20,2562,3.2355,29315.387096774193
2026/08/01@14:54:21,2563,2.8483126,29317.774193548386
2026/08/01@14:54:22,2564,3.3555,29320.16129032258
2026/08/01@14:54:23,2565,3.82218736,29322.548387096773
2026/08/01@14:54:24,2566,3.97256268,29324.935483870966
2026/08/01@14:54:26,2568,3.7963128,29329.709677419356
2026/08/01@14:54:27,2569,3.99000032,29332.09677419355
2026/08/01@14:54:28,2570,4.2226876,29334.483870967742
2026/08/01@14:54:29,2571,4.0051876,29336.870967741936
2026/08/01@14:54:30,2572,3.954375,29339.25806451613
2026/08/01@14:54:31,2573,3.91162536,29341.645161290322
2026/08/01@14:54:32,2574,3.913125,29344.032258064515
2026/08/01@14:54:33,2575,3.8940004,29346.41935483871
2026/08/01@14:54:34,2576,4.09875,29348.8064516129
2026/08/01@14:54:35,2577,4.1591252,29351.1935483871
2026/08/01@14:54:36,2578,4.2748128,29353.58064516129
2026/08/01@14:54:38,2580,4.0378128,29358.354838709678
2026/08/01@14:54:39,2581,3.8563128,29360.74193548387
2026/08/01@14:54:40,2582,3.7488752,29363.129032258064
2026/08/01@14:54:41,2583,3.7531876,29365.516129032258
2026/08/01@14:54:42,2584,3.8960628,29367.90322580645
2026/08/01@14:54:43,2585,3.55143736,29370.290322580644
2026/08/01@14:54:44,2586,2.7783752,29372.677419354837
2026/08/01@14:54:45,2587,4.002375,29375.064516129034
2026/08/01@14:54:46,2588,3.991125,29377.451612903227
2026/08/01@14:54:47,2589,4.002375,29379.83870967742
2026/08/01@14:54:48,2590,3.8675628,29382.225806451614
2026/08/01@14:54:49,2591,3.7561876,29384.612903225807
2026/08/01@14:54:51,2593,4.01625,29389.433333333334
2026/08/01@14:54:52,2594,3.952125,29391.866666666665
2026/08/01@14:54:53,2595,3.84431268,29394.3
2026/08/01@14:54:54,2596,3.0873752,29396.733333333334
2026/08/01@14:54:55,2597,4.1780624,29399.166666666668
2026/08/01@14:54:56,2598,4.17075,29401.6
2026/08/01@14:54:57,2599,4.1716876,29404.033333333333
2026/08/01@14:54:58,2600,4.1883756,29406.466666666667
2026/08/01@14:54:59,2601,4.188,29408.9
2026/08/01@14:55:00,2602,4.164938,29411.333333333332
2026/08/01@14:55:01,2603,4.1148752,29413.766666666666
2026/08/01@14:55:02,2604,4.0843124,29416.2
2026/08/01@14:55:04,2606,4.040625,29421.066666666666
2026/08/01@14:55:05,2607,4.0198124,29423.5
2026/08/01@14:55:06,2608,4.0569376,29425.933333333334
2026/08/01@14:55:07,2609,4.045125,29428.366666666665
2026/08/01@14:55:08,2610,3.4278752,29430.8
2026/08/01@14:55:09,2611,3.9708752,29433.233333333334
2026/08/01@14:55:10,2612,3.0459376,29435.666666666668
2026/08/01@14:55:11,2613,3.9706878,29438.1
2026/08/01@14:55:12,2614,4.0513124,29440.533333333333
2026/08/01@14:55:13,2615,4.071,29442.966666666667
2026/08/01@14:55:14,2616,4.0496252,29445.4
2026/08/01@14:55:15,2617,3.996375,29447.833333333332
2026/08/01@14:55:17,2619,3.952125,29452.7
2026/08/01@14:55:18,2620,3.73368736,29455.133333333335
2026/08/01@14:55:19,2621,2.7770626,29457.566666666666
2026/08/01@14:55:20,2622,3.94331268,29460.0
2026/08/01@14:55:21,2623,3.8223752,29462.483870967742
2026/08/01@14:55:22,2624,2.7761252,29464.967741935485
2026/08/01@14:55:23,2625,3.5715,29467.451612903227
2026/08/01@14:55:24,2626,4.1895004,29469.935483870966
2026/08/01@14:55:25,2627,4.1467504,29472.41935483871
2026/08/01@14:55:26,2628,4.0771876,29474.90322580645
2026/08/01@14:55:27,2629,4.13325,29477.387096774193
2026/08/01@14:55:29,2631,4.107375,29482.354838709678
2026/08/01@14:55:30,2632,4.1049376,29484.83870967742
2026/08/01@14:55:31,2633,4.1086876,29487.322580645163
2026/08/01@14:55:32,2634,4.1143128,29489.8064516129
2026/08/01@14:55:33,2635,4.0959376,29492.290322580644
2026/08/01@14:55:34,2636,4.061063,29494.774193548386
2026/08/01@14:55:35,2637,4.062563,29497.25806451613
2026/08/01@14:55:36,2638,3.921,29499.74193548387
2026/08/01@14:55:37,2639,3.825563,29502.225806451614
2026/08/01@14:55:38,2640,3.54525032,29504.709677419356
2026/08/01@14:55:39,2641,4.1955004,29507.1935483871
2026/08/01@14:55:40,2642,4.1227504,29509.677419354837
2026/08/01@14:55:42,2644,4.112063,29514.645161290322
2026/08/01@14:55:43,2645,4.086938,29517.129032258064
2026/08/01@14:55:44,2646,4.097438,29519.612903225807
2026/08/01@14:55:45,2647,3.97631268,29522.09677419355
2026/08/01@14:55:46,2648,4.057125,29524.58064516129
2026/08/01@14:55:47,2649,4.0569376,29527.064516129034
2026/08/01@14:55:48,2650,3.8956876,29529.548387096773
2026/08/01@14:55:49,2651,3.9909376,29532.032258064515
2026/08/01@14:55:50,2652,3.98325032,29534.516129032258
2026/08/01@14:55:51,2653,4.1025,29537.0
2026/08/01@14:55:52,2654,3.7788754,29539.709677419356
2026/08/01@14:55:53,2655,3.6178126,29542.41935483871
2026/08/01@14:55:55,2657,3.62943736,29547.83870967742
2026/08/01@14:55:56,2658,3.5321252,29550.548387096773
2026/08/01@14:55:57,2659,3.9695628,29553.25806451613
2026/08/01@14:55:58,2660,3.873,29555.967741935485
2026/08/01@14:55:59,2661,3.9286876,29558.677419354837
2026/08/01@14:56:00,2662,3.63975,29561.387096774193
2026/08/01@14:56:01,2663,2.7948752,29564.09677419355
2026/08/01@14:56:02,2664,3.8103752,29566.8064516129
2026/08/01@14:56:03,2665,3.86850016,29569.516129032258
2026/08/01@14:56:04,2666,3.7158752,29572.225806451614
2026/08/01@14:56:05,2667,3.85931268,29574.935483870966
2026/08/01@14:56:06,2668,3.9097502,29577.645161290322
2026/08/01@14:56:08,2670,3.90543736,29583.064516129034
2026/08/01@14:56:09,2671,3.8458128,29585.774193548386
2026/08/01@14:56:10,2672,3.8250004,29588.483870967742
2026/08/01@14:56:11,2673,3.786375,29591.1935483871
2026/08/01@14:56:12,2674,3.6330004,29593.90322580645
2026/08/01@14:56:13,2675,4.0481252,29596.612903225807
2026/08/01@14:56:14,2676,4.1431876,29599.322580645163
2026/08/01@14:56:15,2677,4.180875,29602.032258064515
2026/08/01@14:56:16,2678,4.200375,29604.74193548387
2026/08/01@14:56:17,2679,4.2468752,29607.451612903227
2026/08/01@14:56:18,2680,4.252688,29610.16129032258
2026/08/01@14:56:20,2682,4.259625,29615.58064516129
2026/08/01@14:56:21,2683,4.2555004,29618.290322580644
2026/08/01@14:56:22,2684,4.2435,29621.0
2026/08/01@14:56:23,2685,4.1381252,29623.866666666665
2026/08/01@14:56:24,2686,4.145813,29626.733333333334
2026/08/01@14:56:25,2687,4.1400004,29629.6
2026/08/01@14:56:26,2688,4.1460004,29632.466666666667
2026/08/01@14:56:27,2689,4.055438,29635.333333333332
2026/08/01@14:56:28,2690,4.0614376,29638.2
2026/08/01@14:56:29,2691,4.0415624,29641.066666666666
2026/08/01@14:56:30,2692,4.0335,29643.933333333334
2026/08/01@14:56:31,2693,4.030125,29646.8
2026/08/01@14:56:33,2695,4.0426876,29652.533333333333
2026/08/01@14:56:34,2696,4.0601252,29655.4
2026/08/01@14:56:35,2697,3.97275016,29658.266666666666
2026/08/01@14:56:36,2698,3.9530626,29661.133333333335
2026/08/01@14:56:37,2699,3.99450016,29664.0
2026/08/01@14:56:38,2700,3.9795004,29666.866666666665
2026/08/01@14:56:39,2701,3.9485628,29669.733333333334
2026/08/01@14:56:40,2702,3.7935,29672.6
2026/08/01@14:56:41,2703,3.90075016,29675.466666666667
2026/08/01@14:56:42,2704,4.052063,29678.333333333332
2026/08/01@14:56:43,2705,4.014375,29681.2
2026/08/01@14:56:44,2706,3.9352504,29684.066666666666
2026/08/01@14:56:46,2708,4.0415624,29689.8
2026/08/01@14:56:47,2709,4.0132504,29692.666666666668
2026/08/01@14:56:48,2710,3.9354376,29695.533333333333
2026/08/01@14:56:49,2711,4.05975,29698.4
2026/08/01@14:56:50,2712,4.1486252,29701.266666666666
2026/08/01@14:56:51,2713,4.1236876,29704.133333333335
2026/08/01@14:56:52,2714,4.097625,29707.0
2026/08/01@14:56:53,2715,3.7906876,29709.8064516129
2026/08/01@14:56:54,2716,4.01175,29712.612903225807
2026/08/01@14:56:55,2717,3.9165,29715.41935483871
2026/08/01@14:56:56,2718,4.1718756,29718.225806451614
2026/08/01@14:56:57,2719,3.9105,29721.032258064515
2026/08/01@14:56:59,2721,4.08675,29726.645161290322
2026/08/01@14:57:00,2722,4.2830624,29729.451612903227
2026/08/01@14:57:01,2723,4.333313,29732.25806451613
2026/08/01@14:57:02,2724,3.8932504,29735.064516129034
2026/08/01@14:57:03,2725,4.0522504,29737.870967741936
2026/08/01@14:57:04,2726,3.89475,29740.677419354837
2026/08/01@14:57:05,2727,3.3815628,29743.483870967742
2026/08/01@14:57:06,2728,4.1835004,29746.290322580644
2026/08/01@14:57:07,2729,4.161563,29749.09677419355
2026/08/01@14:57:08,2730,3.6770624,29751.90322580645
2026/08/01@14:57:09,2731,3.544125,29754.709677419356
2026/08/01@14:57:11,2733,3.83456268,29760.322580645163
2026/08/01@14:57:12,2734,3.6571876,29763.129032258064
2026/08/01@14:57:13,2735,3.8705628,29765.935483870966
2026/08/01@14:57:14,2736,3.89625032,29768.74193548387
2026/08/01@14:57:15,2737,3.7854376,29771.548387096773
2026/08/01@14:57:16,2738,3.69956268,29774.354838709678
2026/08/01@14:57:17,2739,4.205625,29777.16129032258
2026/08/01@14:57:18,2740,4.2673124,29779.967741935485
2026/08/01@14:57:19,2741,4.2699376,29782.774193548386
2026/08/01@14:57:20,2742,4.1036252,29785.58064516129
2026/08/01@14:57:21,2743,4.2667504,29788.387096774193
2026/08/01@14:57:22,2744,4.2352504,29791.1935483871
2026/08/01@14:57:24,2746,3.923625,29797.1
2026/08/01@14:57:25,2747,4.11825,29800.2
2026/08/01@14:57:26,2748,4.0995,29803.3
2026/08/01@14:57:27,2749,3.8806876,29806.4
2026/08/01@14:57:28,2750,4.0149376,29809.5
2026/08/01@14:57:29,2751,4.0820628,29812.6
2026/08/01@14:57:30,2752,3.9886876,29815.7
2026/08/01@14:57:31,2753,4.1167504,29818.8
2026/08/01@14:57:32,2754,4.1030624,29821.9
2026/08/01@14:57:33,2755,4.0376252,29825.0
2026/08/01@14:57:34,2756,2.7765002,29828.1
2026/08/01@14:57:36,2757,3.98025,29834.3
2026/08/01@14:57:37,2759,3.9765,29837.4
2026/08/01@14:57:38,2760,3.8971876,29840.5
2026/08/01@14:57:39,2761,3.868875,29843.6
2026/08/01@14:57:40,2762,3.9590628,29846.7
2026/08/01@14:57:41,2763,4.347375,29849.8
2026/08/01@14:57:42,2764,4.1407504,29852.9
2026/08/01@14:57:43,2765,3.8480624,29856.0
2026/08/01@14:57:44,2766,3.789188,29859.1
2026/08/01@14:57:45,2767,4.1928752,29862.2
2026/08/01@14:57:46,2768,4.2046876,29865.3
2026/08/01@14:57:47,2769,4.1655,29868.4
2026/08/01@14:57:49,2771,3.8936252,29874.6
2026/08/01@14:57:50,2772,4.09725,29877.7
2026/08/01@14:57:51,2773,3.8780628,29880.8
2026/08/01@14:57:52,2774,4.2073124,29883.9
2026/08/01@14:57:53,2775,4.4071876,29887.0
2026/08/01@14:57:54,2776,4.3895624,29889.967741935485
2026/08/01@14:57:55,2777,4.3128752,29892.935483870966
2026/08/01@14:57:56,2778,3.9080624,29895.90322580645
2026/08/01@14:57:57,2779,3.789938,29898.870967741936
2026/08/01@14:57:58,2780,3.7258124,29901.83870967742
2026/08/01@14:57:59,2781,3.60618784,29904.8064516129
2026/08/01@14:58:00,2782,3.63525,29907.774193548386
2026/08/01@14:58:02,2784,3.531,29913.709677419356
2026/08/01@14:58:03,2785,3.5501252,29916.677419354837
2026/08/01@14:58:04,2786,3.5107504,29919.645161290322
2026/08/01@14:58:05,2787,3.5355,29922.612903225807
2026/08/01@14:58:06,2788,3.1676252,29925.58064516129
2026/08/01@14:58:07,2789,4.1973752,29928.548387096773
2026/08/01@14:58:08,2790,4.0726876,29931.516129032258
2026/08/01@14:58:09,2791,4.0603128,29934.483870967742
2026/08/01@14:58:10,2792,4.0468124,29937.451612903227
2026/08/01@14:58:11,2793,3.9918752,29940.41935483871
2026/08/01@14:58:12,2794,4.104,29943.387096774193
2026/08/01@14:58:13,2795,4.0093124,29946.354838709678
2026/08/01@14:58:15,2797,3.8038124,29952.290322580644
2026/08/01@14:58:16,2798,4.0494376,29955.25806451613
2026/08/01@14:58:17,2799,4.0708128,29958.225806451614
2026/08/01@14:58:18,2800,4.0533752,29961.1935483871
2026/08/01@14:58:19,2801,4.0629376,29964.16129032258
2026/08/01@14:58:20,2802,4.0291876,29967.129032258064
2026/08/01@14:58:21,2803,3.858,29970.09677419355
2026/08/01@14:58:22,2804,4.0618124,29973.064516129034
2026/08/01@14:58:23,2805,4.0672504,29976.032258064515
2026/08/01@14:58:24,2806,4.1000624,29979.0
2026/08/01@14:58:25,2807,3.8628752,29982.0
2026/08/01@14:58:26,2808,3.82275,29985.0
2026/08/01@14:58:28,2810,3.853125,29991.0
2026/08/01@14:58:29,2811,3.54750032,29994.0
2026/08/01@14:58:30,2812,4.0906876,29997.0
2026/08/01@14:58:31,2813,4.1000624,30000.0
2026/08/01@14:58:32,2814,4.109438,30003.0
2026/08/01@14:58:33,2815,4.1105624,30006.0
2026/08/01@14:58:34,2816,4.1154376,30009.0
2026/08/01@14:58:35,2817,4.112063,30012.0
2026/08/01@14:58:36,2818,4.116563,30015.0
2026/08/01@14:58:37,2819,4.1295,30018.0
2026/08/01@14:58:38,2820,4.1368128,30021.0
2026/08/01@14:58:40,2822,4.144875,30027.0
2026/08/01@14:58:41,2823,4.1486252,30030.0
2026/08/01@14:58:42,2824,4.1158124,30033.0
2026/08/01@14:58:43,2825,4.1400004,30036.0
2026/08/01@14:58:44,2826,4.1405624,30039.0
2026/08/01@14:58:45,2827,4.3575,30042.0
2026/08/01@14:58:46,2828,4.075125,30045.0
2026/08/01@14:58:47,2829,4.100625,30048.0
2026/08/01@14:58:48,2830,4.0996876,30051.0
2026/08/01@14:58:49,2831,4.0734376,30054.0
2026/08/01@14:58:50,2832,3.8838752,30057.0
2026/08/01@14:58:51,2833,4.0745624,30060.0
2026/08/01@14:58:53,2835,4.028063,30066.0
2026/08/01@14:58:54,2836,3.96525,30069.0
2026/08/01@14:58:55,2837,3.9258752,30072.0
2026/08/01@14:58:56,2838,4.0374376,30074.933333333334
2026/08/01@14:58:57,2839,4.208438,30077.866666666665
2026/08/01@14:58:58,2840,3.9110628,30080.8
2026/08/01@14:58:59,2841,3.675,30083.733333333334
2026/08/01@14:59:00,2842,4.295063,30086.666666666668
2026/08/01@14:59:01,2843,4.2991876,30089.6
2026/08/01@14:59:02,2844,4.3111876,30092.533333333333
2026/08/01@14:59:03,2845,4.31475,30095.466666666667
2026/08/01@14:59:04,2846,4.3102504,30098.4
2026/08/01@14:59:06,2848,4.28625,30104.266666666666
2026/08/01@14:59:07,2849,4.2873756,30107.2
2026/08/01@14:59:08,2850,4.2913128,30110.133333333335
2026/08/01@14:59:09,2851,4.2924376,30113.066666666666
2026/08/01@14:59:10,2852,4.284188,30116.0
2026/08/01@14:59:11,2853,4.254,30118.933333333334
2026/08/01@14:59:12,2854,4.16325,30121.866666666665
2026/08/01@14:59:13,2855,4.1685,30124.8
2026/08/01@14:59:14,2856,4.1368128,30127.733333333334
2026/08/01@14:59:15,2857,4.0316252,30130.666666666668
2026/08/01@14:59:16,2858,3.77118768,30133.6
2026/08/01@14:59:17,2859,4.138688,30136.533333333333
2026/08/01@14:59:19,2861,3.67856268,30142.4
2026/08/01@14:59:20,2862,4.0983752,30145.333333333332
2026/08/01@14:59:21,2863,3.9873752,30148.266666666666
2026/08/01@14:59:22,2864,4.055438,30151.2
2026/08/01@14:59:23,2865,4.1874376,30154.133333333335
2026/08/01@14:59:24,2866,4.119,30157.066666666666
2026/08/01@14:59:25,2867,4.0438128,30160.0
2026/08/01@14:59:26,2868,3.604313,30162.645161290322
2026/08/01@14:59:27,2869,3.54768768,30165.290322580644
2026/08/01@14:59:28,2870,3.9693752,30167.935483870966
2026/08/01@14:59:29,2871,3.996,30170.58064516129
2026/08/01@14:59:31,2873,3.8004376,30175.870967741936
2026/08/01@14:59:32,2874,3.5634376,30178.516129032258
2026/08/01@14:59:33,2875,3.98175,30181.16129032258
2026/08/01@14:59:34,2876,3.9585004,30183.8064516129
2026/08/01@14:59:35,2877,3.9943128,30186.451612903227
2026/08/01@14:59:36,2878,4.0171876,30189.09677419355
2026/08/01@14:59:37,2879,3.87881236,30191.74193548387
2026/08/01@14:59:38,2880,3.91031268,30194.387096774193
2026/08/01@14:59:39,2881,3.95156268,30197.032258064515
2026/08/01@14:59:40,2882,3.94050016,30199.677419354837
2026/08/01@14:59:41,2883,3.92156268,30202.322580645163
2026/08/01@14:59:42,2884,4.11075,30204.967741935485
2026/08/01@14:59:44,2886,3.9671252,30210.25806451613
2026/08/01@14:59:45,2887,3.725625,30212.90322580645
2026/08/01@14:59:46,2888,3.8038124,30215.548387096773
2026/08/01@14:59:47,2889,4.00575,30218.1935483871
2026/08/01@14:59:48,2890,3.8304376,30220.83870967742
2026/08/01@14:59:49,2891,3.8490004,30223.483870967742
2026/08/01@14:59:50,2892,3.8077502,30226.129032258064
2026/08/01@14:59:51,2893,3.8071876,30228.774193548386
2026/08/01@14:59:52,2894,3.7788754,30231.41935483871
2026/08/01@14:59:53,2895,3.7653752,30234.064516129034
2026/08/01@14:59:54,2896,3.7820628,30236.709677419356
2026/08/01@14:59:55,2897,3.7925628,30239.354838709678
2026/08/01@14:59:57,2899,3.7550626,30244.733333333334
2026/08/01@14:59:58,2900,3.7854376,30247.466666666667
2026/08/01@14:59:59,2901,3.7614376,30250.2
2026/08/01@15:00:00,2902,3.8115,30252.933333333334
2026/08/01@15:00:01,2903,3.7989378,30255.666666666668
2026/08/01@15:00:02,2904,3.79125032,30258.4
2026/08/01@15:00:03,2905,3.79650016,30261.133333333335
2026/08/01@15:00:04,2906,3.7848752,30263.866666666665
2026/08/01@15:00:05,2907,3.7771876,30266.6
2026/08/01@15:00:06,2908,3.8015628,30269.333333333332
2026/08/01@15:00:07,2909,3.7685628,30272.066666666666
2026/08/01@15:00:09,2911,2.7675,30277.533333333333
2026/08/01@15:00:10,2912,3.8782504,30280.266666666666
2026/08/01@15:00:11,2913,4.203188,30283.0
2026/08/01@15:00:12,2914,4.218938,30285.733333333334
2026/08/01@15:00:13,2915,4.2088128,30288.466666666667
2026/08/01@15:00:14,2916,4.1265,30291.2
2026/08/01@15:00:15,2917,4.0213128,30293.933333333334
2026/08/01@15:00:16,2918,3.77362532,30296.666666666668
2026/08/01@15:00:17,2919,3.97875,30299.4
2026/08/01@15:00:18,2920,3.8700004,30302.133333333335
2026/08/01@15:00:19,2921,4.1100008,30304.866666666665
2026/08/01@15:00:20,2922,3.94781236,30307.6
2026/08/01@15:00:22,2924,4.2525,30313.066666666666
2026/08/01@15:00:23,2925,4.237875,30315.8
2026/08/01@15:00:24,2926,4.24875,30318.533333333333
2026/08/01@15:00:25,2927,4.2251252,30321.266666666666
2026/08/01@15:00:26,2928,4.2564372,30324.0
2026/08/01@15:00:27,2929,4.250063,30326.548387096773
2026/08/01@15:00:28,2930,4.1921252,30329.09677419355
2026/08/01@15:00:29,2931,3.8276252,30331.645161290322
2026/08/01@15:00:30,2932,4.182,30334.1935483871
2026/08/01@15:00:31,2933,4.1636252,30336.74193548387
2026/08/01@15:00:32,2934,4.0790624,30339.290322580644
2026/08/01@15:00:33,2935,4.122,30341.83870967742
2026/08/01@15:00:35,2937,4.0905004,30346.935483870966
2026/08/01@15:00:36,2938,4.0593752,30349.483870967742
2026/08/01@15:00:37,2939,3.885563,30352.032258064515
2026/08/01@15:00:38,2940,4.080188,30354.58064516129
2026/08/01@15:00:39,2941,3.996,30357.129032258064
2026/08/01@15:00:40,2942,3.91781236,30359.677419354837
2026/08/01@15:00:41,2943,4.108125,30362.225806451614
2026/08/01@15:00:42,2944,4.023375,30364.774193548386
2026/08/01@15:00:43,2945,4.0595628,30367.322580645163
2026/08/01@15:00:44,2946,4.050188,30369.870967741936
2026/08/01@15:00:45,2947,4.0370628,30372.41935483871
2026/08/01@15:00:46,2948,4.02525,30374.967741935485
2026/08/01@15:00:48,2950,3.96112532,30380.064516129034
2026/08/01@15:00:49,2951,3.65025,30382.612903225807
2026/08/01@15:00:50,2952,3.9099376,30385.16129032258
2026/08/01@15:00:51,2953,3.83418784,30387.709677419356
2026/08/01@15:00:52,2954,3.675,30390.25806451613
2026/08/01@15:00:53,2955,3.9656252,30392.8064516129
2026/08/01@15:00:54,2956,3.95062536,30395.354838709678
2026/08/01@15:00:55,2957,4.024313,30397.90322580645
2026/08/01@15:00:56,2958,4.006875,30400.451612903227
2026/08/01@15:00:57,2959,3.9656252,30403.0
2026/08/01@15:00:58,2960,3.58425032,30405.483870967742
2026/08/01@15:00:59,2961,3.44812532,30407.967741935485
2026/08/01@15:01:01,2963,3.86306268,30412.935483870966
2026/08/01@15:01:02,2964,4.2478128,30415.41935483871
2026/08/01@15:01:03,2965,4.232438,30417.90322580645
2026/08/01@15:01:04,2966,4.1070004,30420.387096774193
2026/08/01@15:01:05,2967,3.6444376,30422.870967741936
2026/08/01@15:01:06,2968,3.546,30425.354838709678
2026/08/01@15:01:07,2969,4.3531876,30427.83870967742
2026/08/01@15:01:08,2970,4.3344376,30430.322580645163
2026/08/01@15:01:09,2971,4.2575624,30432.8064516129
2026/08/01@15:01:10,2972,4.3130628,30435.290322580644
2026/08/01@15:01:11,2973,4.1936256,30437.774193548386
2026/08/01@15:01:12,2974,4.1265,30440.25806451613
2026/08/01@15:01:14,2976,4.0342504,30445.225806451614
2026/08/01@15:01:15,2977,3.97462532,30447.709677419356
2026/08/01@15:01:16,2978,3.81543768,30450.1935483871
2026/08/01@15:01:17,2979,4.28625,30452.677419354837
2026/08/01@15:01:18,2980,4.2258752,30455.16129032258
2026/08/01@15:01:19,2981,4.2440624,30457.645161290322
2026/08/01@15:01:20,2982,4.2112504,30460.129032258064
2026/08/01@15:01:21,2983,4.2045,30462.612903225807
2026/08/01@15:01:22,2984,4.201313,30465.09677419355
2026/08/01@15:01:23,2985,4.158188,30467.58064516129
2026/08/01@15:01:24,2986,4.1578124,30470.064516129034
2026/08/01@15:01:26,2988,4.0567504,30475.032258064515
2026/08/01@15:01:27,2989,4.057313,30477.516129032258
2026/08/01@15:01:28,2990,4.091438,30480.0
2026/08/01@15:01:29,2991,3.5945628,30482.8
2026/08/01@15:01:30,2992,3.9118128,30485.6
2026/08/01@15:01:31,2993,4.156125,30488.4
2026/08/01@15:01:32,2994,3.6185628,30491.2
2026/08/01@15:01:33,2995,3.57843768,30494.0
2026/08/01@15:01:34,2996,3.9465,30496.8
2026/08/01@15:01:35,2997,3.8733752,30499.6
2026/08/01@15:01:36,2998,3.907875,30502.4
2026/08/01@15:01:37,2999,3.8857504,30505.2
2026/08/01@15:01:39,3001,3.8533124,30510.8
2026/08/01@15:01:40,3002,3.79425,30513.6
2026/08/01@15:01:41,3003,3.919125,30516.4
2026/08/01@15:01:42,3004,4.102688,30519.2
2026/08/01@15:01:43,3005,3.7738128,30522.0
2026/08/01@15:01:44,3006,4.084875,30524.8
2026/08/01@15:01:45,3007,4.170188,30527.6
2026/08/01@15:01:46,3008,4.10475,30530.4
2026/08/01@15:01:47,3009,4.1060624,30533.2
2026/08/01@15:01:48,3010,4.1289376,30536.0
2026/08/01@15:01:49,3011,4.1240624,30538.8
2026/08/01@15:01:50,3012,4.0475624,30541.6
2026/08/01@15:01:52,3014,4.060875,30547.2
2026/08/01@15:01:53,3015,4.0404376,30550.0
2026/08/01@15:01:54,3016,3.98118768,30552.8
2026/08/01@15:01:55,3017,3.5278124,30555.6
2026/08/01@15:01:56,3018,4.0434376,30558.4
2026/08/01@15:01:57,3019,4.024875,30561.2
2026/08/01@15:01:58,3020,4.0436252,30564.0
2026/08/01@15:01:59,3021,3.90075016,30566.58064516129
2026/08/01@15:02:00,3022,4.0338756,30569.16129032258
2026/08/01@15:02:01,3023,4.02,30571.74193548387
2026/08/01@15:02:02,3024,4.0824376,30574.322580645163
2026/08/01@15:02:04,3025,3.726375,30579.483870967742
2026/08/01@15:02:05,3027,3.6654376,30582.064516129034
2026/08/01@15:02:06,3028,3.93375016,30584.645161290322
2026/08/01@15:02:07,3029,3.900375,30587.225806451614
2026/08/01@15:02:08,3030,3.929625,30589.8064516129
2026/08/01@15:02:09,3031,3.69975,30592.387096774193
2026/08/01@15:02:10,3032,3.8945628,30594.967741935485
2026/08/01@15:02:11,3033,3.8651252,30597.548387096773
2026/08/01@15:02:12,3034,3.9273752,30600.129032258064
2026/08/01@15:02:13,3035,3.9605628,30602.709677419356
2026/08/01@15:02:14,3036,3.8720628,30605.290322580644
2026/08/01@15:02:15,3037,3.8619376,30607.870967741936
2026/08/01@15:02:17,3039,3.8928752,30613.032258064515
2026/08/01@15:02:18,3040,3.87450016,30615.612903225807
2026/08/01@15:02:19,3041,3.8956876,30618.1935483871
2026/08/01@15:02:20,3042,3.69225032,30620.774193548386
2026/08/01@15:02:21,3043,2.7684376,30623.354838709678
2026/08/01@15:02:22,3044,4.3134376,30625.935483870966
2026/08/01@15:02:23,3045,4.31625,30628.516129032258
2026/08/01@15:02:24,3046,4.3168124,30631.09677419355
2026/08/01@15:02:25,3047,4.2695628,30633.677419354837
2026/08/01@15:02:26,3048,4.2712504,30636.25806451613
2026/08/01@15:02:27,3049,4.212938,30638.83870967742
2026/08/01@15:02:28,3050,4.2675,30641.41935483871
2026/08/01@15:02:30,3052,4.227,30591.25806451613
2026/08/01@15:02:31,3053,4.215563,30538.516129032258
2026/08/01@15:02:32,3054,3.9579376,30485.774193548386
2026/08/01@15:02:33,3055,4.237313,30433.032258064515
2026/08/01@15:02:34,3056,3.74325032,30380.290322580644
2026/08/01@15:02:35,3057,3.941625,30327.548387096773
2026/08/01@15:02:36,3058,4.0991252,30274.8064516129
2026/08/01@15:02:37,3059,4.092375,30222.064516129034
2026/08/01@15:02:38,3060,4.1034376,30169.322580645163
2026/08/01@15:02:39,3061,4.086375,30116.58064516129
2026/08/01@15:02:40,3062,3.97631268,30063.83870967742
2026/08/01@15:02:41,3063,3.9496876,30011.09677419355
2026/08/01@15:02:43,3065,4.0111876,29905.612903225807
2026/08/01@15:02:44,3066,3.961688,29852.870967741936
2026/08/01@15:02:45,3067,3.9556876,29800.129032258064
2026/08/01@15:02:46,3068,3.8805004,29747.387096774193
2026/08/01@15:02:47,3069,3.96506268,29694.645161290322
2026/08/01@15:02:48,3070,3.8075628,29641.90322580645
2026/08/01@15:02:49,3071,3.7586252,29589.16129032258
2026/08/01@15:02:50,3072,4.003875,29536.41935483871
2026/08/01@15:02:51,3073,4.042125,29483.677419354837
2026/08/01@15:02:52,3074,3.9476252,29430.93548387097
2026/08/01@15:02:53,3075,2.76975,29378.1935483871
2026/08/01@15:02:54,3076,4.091813,29325.451612903227
2026/08/01@15:02:56,3078,4.0858124,29219.967741935485
2026/08/01@15:02:57,3079,4.041375,29167.225806451614
2026/08/01@15:02:58,3080,4.0513124,29114.483870967742
2026/08/01@15:02:59,3081,4.0321876,29061.74193548387
2026/08/01@15:03:00,3082,3.9118128,29009.0
2026/08/01@15:03:01,3083,4.00875,28958.933333333334
2026/08/01@15:03:02,3084,4.1780624,28908.866666666665
2026/08/01@15:03:03,3085,3.9853128,28858.8
2026/08/01@15:03:04,3086,3.90675,28808.733333333334
2026/08/01@15:03:05,3087,4.04475,28758.666666666668
2026/08/01@15:03:06,3088,3.9328128,28708.6
2026/08/01@15:03:08,3090,3.9901876,28608.466666666667
2026/08/01@15:03:09,3091,4.3155004,28558.4
2026/08/01@15:03:10,3092,4.1103752,28508.333333333332
2026/08/01@15:03:11,3093,4.0978128,28458.266666666666
2026/08/01@15:03:12,3094,4.0781256,28408.2
2026/08/01@15:03:13,3095,4.042125,28358.133333333335
2026/08/01@15:03:14,3096,4.0627504,28308.066666666666
2026/08/01@15:03:15,3097,4.0522504,28258.0
2026/08/01@15:03:16,3098,3.931688,28207.933333333334
2026/08/01@15:03:17,3099,3.97275016,28157.866666666665
2026/08/01@15:03:18,3100,3.95512532,28107.8
2026/08/01@15:03:19,3101,3.86625,28057.733333333334
2026/08/01@15:03:21,3103,3.8771252,27957.6
2026/08/01@15:03:22,3104,3.9268126,27907.533333333333
2026/08/01@15:03:23,3105,3.8566876,27857.466666666667
2026/08/01@15:03:24,3106,3.80250016,27807.4
2026/08/01@15:03:25,3107,3.87731268,27757.333333333332
2026/08/01@15:03:26,3108,3.87693736,27707.266666666666
2026/08/01@15:03:27,3109,3.793688,27657.2
2026/08/01@15:03:28,3110,3.700688,27607.13333333333
2026/08/01@15:03:29,3111,3.8936252,27557.066666666666
2026/08/01@15:03:30,3112,3.80531268,27507.0
2026/08/01@15:03:31,3113,3.958125,27463.064516129034
2026/08/01@15:03:32,3114,3.941625,27419.129032258064
2026/08/01@15:03:34,3116,3.9082504,27331.25806451613
2026/08/01@15:03:35,3117,3.8848128,27287.322580645163
2026/08/01@15:03:36,3118,4.0933128,27243.387096774193
2026/08/01@15:03:37,3119,4.1306252,27199.451612903227
2026/08/01@15:03:38,3120,4.121813,27155.516129032258
2026/08/01@15:03:39,3121,4.0845004,27111.58064516129
2026/08/01@15:03:40,3122,4.0833756,27067.645161290322
2026/08/01@15:03:41,3123,4.0700624,27023.709677419356
2026/08/01@15:03:42,3124,4.0693124,26979.774193548386
2026/08/01@15:03:43,3125,4.0635004,26935.83870967742
2026/08/01@15:03:44,3126,4.018875,26891.90322580645
2026/08/01@15:03:46,3128,4.002375,26804.032258064515
2026/08/01@15:03:47,3129,3.9605628,26760.09677419355
2026/08/01@15:03:48,3130,3.9851252,26716.16129032258
2026/08/01@15:03:49,3131,3.9459376,26672.225806451614
2026/08/01@15:03:50,3132,3.9541876,26628.290322580644
2026/08/01@15:03:51,3133,3.9030004,26584.354838709678
2026/08/01@15:03:52,3134,3.9028124,26540.41935483871
2026/08/01@15:03:53,3135,3.937688,26496.483870967742
2026/08/01@15:03:54,3136,3.9163128,26452.548387096773
2026/08/01@15:03:55,3137,3.8915628,26408.612903225807
2026/08/01@15:03:56,3138,3.89775,26364.677419354837
2026/08/01@15:03:57,3139,3.8760002,26320.74193548387
2026/08/01@15:03:59,3141,3.838688,26232.870967741936
2026/08/01@15:04:00,3142,3.6817504,26188.93548387097
2026/08/01@15:04:01,3143,4.1503124,26145.0
2026/08/01@15:04:02,3144,4.1475,26103.633333333335
2026/08/01@15:04:03,3145,4.137,26062.266666666666
2026/08/01@15:04:04,3146,4.083563,26020.9
2026/08/01@15:04:05,3147,4.0318128,25979.533333333333
2026/08/01@15:04:06,3148,3.974063,25938.166666666668
2026/08/01@15:04:07,3149,3.98925032,25896.8
2026/08/01@15:04:08,3150,3.97743768,25855.433333333334
2026/08/01@15:04:09,3151,3.9451876,25814.066666666666
2026/08/01@15:04:10,3152,3.8490004,25772.7
2026/08/01@15:04:12,3154,3.769875,25689.966666666667
2026/08/01@15:04:13,3155,3.8023128,25648.6
2026/08/01@15:04:14,3156,2.7808124,25607.233333333334
2026/08/01@15:04:15,3157,3.924375,25565.866666666665
2026/08/01@15:04:16,3158,3.9356252,25524.5
2026/08/01@15:04:17,3159,3.9455628,25483.133333333335
2026/08/01@15:04:18,3160,3.7614376,25441.766666666666
2026/08/01@15:04:19,3161,3.741,25400.4
2026/08/01@15:04:20,3162,3.73331268,25359.033333333333
2026/08/01@15:04:21,3163,3.93131268,25317.666666666668
2026/08/01@15:04:22,3164,3.96637532,25276.3
2026/08/01@15:04:24,3166,3.87131268,25193.566666666666
2026/08/01@15:04:25,3167,3.8806876,25152.2
2026/08/01@15:04:26,3168,3.8559376,25110.833333333332
2026/08/01@15:04:27,3169,3.6615004,25069.466666666667
2026/08/01@15:04:28,3170,3.8240626,25028.1
2026/08/01@15:04:29,3171,3.87675,24986.733333333334
2026/08/01@15:04:30,3172,3.90525,24945.366666666665
2026/08/01@15:04:31,3173,3.92250016,24904.0
2026/08/01@15:04:32,3174,3.9315,24868.548387096773
2026/08/01@15:04:33,3175,3.92268768,24833.09677419355
2026/08/01@15:04:34,3176,3.943875,24797.645161290322
2026/08/01@15:04:35,3177,3.9195004,24762.1935483871
2026/08/01@15:04:37,3179,3.91162536,24691.290322580644
2026/08/01@15:04:38,3180,3.88181236,24655.83870967742
2026/08/01@15:04:39,3181,4.0936876,24620.387096774193
2026/08/01@15:04:40,3182,4.164,24584.935483870966
2026/08/01@15:04:41,3183,3.9247504,24549.483870967742
2026/08/01@15:04:42,3184,3.94818784,24514.032258064515
2026/08/01@15:04:43,3185,3.9493128,24478.58064516129
2026/08/01@15:04:44,3186,3.8945628,24443.129032258064
2026/08/01@15:04:45,3187,3.790875,24407.677419354837
2026/08/01@15:04:46,3188,3.90881236,24372.225806451614
2026/08/01@15:04:47,3189,3.9075,24336.774193548386
2026/08/01@15:04:48,3190,3.94143768,24301.322580645163
2026/08/01@15:04:50,3192,3.94293784,24230.41935483871
2026/08/01@15:04:51,3193,3.93075016,24194.967741935485
2026/08/01@15:04:52,3194,3.8015628,24159.516129032258
2026/08/01@15:04:53,3195,3.7046252,24124.06451612903
2026/08/01@15:04:54,3196,3.819375,24088.612903225807
2026/08/01@15:04:55,3197,3.7141876,24053.16129032258
2026/08/01@15:04:56,3198,2.7613124,24017.709677419356
2026/08/01@15:04:57,3199,4.0878752,23982.25806451613
2026/08/01@15:04:58,3200,4.0886252,23946.8064516129
2026/08/01@15:04:59,3201,3.8120628,23911.354838709678
2026/08/01@15:05:00,3202,4.027875,23875.90322580645
2026/08/01@15:05:01,3203,4.051875,23840.451612903227
2026/08/01@15:05:03,3205,4.060688,23771.16129032258
2026/08/01@15:05:04,3206,4.0391256,23737.322580645163
2026/08/01@15:05:05,3207,4.0365004,23703.483870967742
2026/08/01@15:05:06,3208,4.0408124,23669.645161290322
2026/08/01@15:05:07,3209,3.99825032,23635.8064516129
2026/08/01@15:05:08,3210,4.0185004,23601.967741935485
2026/08/01@15:05:09,3211,3.82368768,23568.129032258064
2026/08/01@15:05:10,3212,3.0525002,23534.290322580644
2026/08/01@15:05:11,3213,4.02,23500.451612903227
2026/08/01@15:05:12,3214,4.0640624,23466.612903225807
2026/08/01@15:05:13,3215,4.07175,23432.774193548386
2026/08/01@15:05:15,3217,3.65775016,23365.09677419355
2026/08/01@15:05:16,3218,4.1848124,23331.25806451613
2026/08/01@15:05:17,3219,4.2187504,23297.41935483871
2026/08/01@15:05:18,3220,4.2256876,23263.58064516129
2026/08/01@15:05:19,3221,4.253813,23229.74193548387
2026/08/01@15:05:20,3222,4.316625,23195.90322580645
2026/08/01@15:05:21,3223,4.3216876,23162.064516129034
2026/08/01@15:05:22,3224,4.331063,23128.225806451614
2026/08/01@15:05:23,3225,4.3269376,23094.387096774193
2026/08/01@15:05:24,3226,4.311375,23060.548387096773
2026/08/01@15:05:25,3227,4.2607504,23026.709677419356
2026/08/01@15:05:26,3228,4.305563,22992.870967741936
2026/08/01@15:05:28,3230,4.381875,22925.1935483871
2026/08/01@15:05:29,3231,4.4122504,22891.354838709678
2026/08/01@15:05:30,3232,4.367625,22857.516129032258
2026/08/01@15:05:31,3233,4.3843124,22823.677419354837
2026/08/01@15:05:32,3234,4.383563,22789.83870967742
2026/08/01@15:05:33,3235,4.419,22756.0
2026/08/01@15:05:34,3236,4.4015628,22723.833333333332
2026/08/01@15:05:35,3237,4.151063,22691.666666666668
2026/08/01@15:05:36,3238,4.080375,22659.5
2026/08/01@15:05:37,3239,4.1415004,22627.333333333332
2026/08/01@15:05:38,3240,4.14975,22595.166666666668
2026/08/01@15:05:39,3241,4.1788124,22563.0
2026/08/01@15:05:41,3243,4.1876252,22498.666666666668
2026/08/01@15:05:42,3244,4.1250004,22466.5
2026/08/01@15:05:43,3245,4.1591252,22434.333333333332
2026/08/01@15:05:44,3246,4.1208752,22402.166666666668
2026/08/01@15:05:45,3247,4.1475,22370.0
2026/08/01@15:05:46,3248,4.111125,22337.833333333332
2026/08/01@15:05:47,3249,4.1049376,22305.666666666668
2026/08/01@15:05:48,3250,4.1848124,22273.5
2026/08/01@15:05:49,3251,4.1673756,22241.333333333332
2026/08/01@15:05:50,3252,4.183875,22209.166666666668
2026/08/01@15:05:51,3253,4.1101876,22177.0
2026/08/01@15:05:52,3254,3.510563,22144.833333333332
2026/08/01@15:05:54,3256,4.092,22080.5
2026/08/01@15:05:55,3257,4.0831876,22048.333333333332
2026/08/01@15:05:56,3258,4.0824376,22016.166666666668
2026/08/01@15:05:57,3259,4.0779376,21984.0
2026/08/01@15:05:58,3260,4.123875,21951.833333333332
2026/08/01@15:05:59,3261,4.1227504,21919.666666666668
2026/08/01@15:06:00,3262,4.106813,21887.5
2026/08/01@15:06:01,3263,3.6868124,21855.333333333332
2026/08/01@15:06:02,3264,3.8806876,21823.166666666668
2026/08/01@15:06:03,3265,3.934875,21791.0
2026/08/01@15:06:04,3266,3.9590628,21762.548387096773
2026/08/01@15:06:06,3268,2.788875,21705.645161290322
2026/08/01@15:06:07,3269,4.180125,21677.1935483871
2026/08/01@15:06:08,3270,3.9630004,21648.74193548387
2026/08/01@15:06:09,3271,4.099313,21620.290322580644
2026/08/01@15:06:10,3272,3.9358128,21591.83870967742
2026/08/01@15:06:11,3273,4.182,21563.387096774193
2026/08/01@15:06:12,3274,4.1949376,21534.935483870966
2026/08/01@15:06:13,3275,4.1915628,21506.483870967742
2026/08/01@15:06:14,3276,4.1921252,21478.032258064515
2026/08/01@15:06:15,3277,4.101563,21449.58064516129
2026/08/01@15:06:16,3278,4.100625,21421.129032258064
2026/08/01@15:06:17,3279,3.954375,21392.677419354837
2026/08/01@15:06:19,3281,4.1034376,21335.774193548386
2026/08/01@15:06:20,3282,4.030688,21307.322580645163
2026/08/01@15:06:21,3283,3.86212536,21278.870967741936
2026/08/01@15:06:22,3284,4.1259376,21250.41935483871
2026/08/01@15:06:23,3285,3.98437536,21221.967741935485
2026/08/01@15:06:24,3286,4.106813,21193.516129032258
2026/08/01@15:06:25,3287,3.9978752,21165.06451612903
2026/08/01@15:06:26,3288,3.95118768,21136.612903225807
2026/08/01@15:06:27,3289,3.653813,21108.16129032258
2026/08/01@15:06:28,3290,4.0541252,21079.709677419356
2026/08/01@15:06:29,3291,3.6420002,21051.25806451613
2026/08/01@15:06:30,3292,4.0878752,21022.8064516129
2026/08/01@15:06:32,3294,4.1060624,20965.90322580645
2026/08/01@15:06:33,3295,4.0633124,20937.451612903227
2026/08/01@15:06:34,3296,3.5833124,20909.0
2026/08/01@15:06:35,3297,3.975,20881.41935483871
2026/08/01@15:06:36,3298,4.01475,20853.83870967742
2026/08/01@15:06:37,3299,4.0018124,20826.25806451613
2026/08/01@15:06:38,3300,4.0070624,20798.677419354837
2026/08/01@15:06:39,3301,4.0018124,20771.09677419355
2026/08/01@15:06:40,3302,4.002375,20743.516129032258
2026/08/01@15:06:41,3303,3.988875,20715.935483870966
2026/08/01@15:06:42,3304,3.97462532,20688.354838709678
2026/08/01@15:06:43,3305,3.9853128,20660.774193548386
2026/08/01@15:06:45,3307,3.9780002,20605.612903225807
2026/08/01@15:06:46,3308,3.9693752,20578.032258064515
2026/08/01@15:06:47,3309,3.9605628,20550.451612903227
2026/08/01@15:06:48,3310,2.7532502,20522.870967741936
2026/08/01@15:06:49,3311,3.7901252,20495.290322580644
2026/08/01@15:06:50,3312,3.89550032,20467.709677419356
2026/08/01@15:06:51,3313,2.7519376,20440.129032258064
2026/08/01@15:06:52,3314,3.8694376,20412.548387096773
2026/08/01@15:06:53,3315,3.4655628,20384.967741935485
2026/08/01@15:06:54,3316,3.72,20357.387096774193
2026/08/01@15:06:55,3317,3.9556876,20329.8064516129
2026/08/01@15:06:57,3318,3.9718128,20274.645161290322
2026/08/01@15:06:58,3320,2.7530628,20247.06451612903
2026/08/01@15:06:59,3321,3.9161252,20219.483870967742
2026/08/01@15:07:00,3322,3.9885,20191.90322580645
2026/08/01@15:07:01,3323,3.9624376,20164.322580645163
2026/08/01@15:07:02,3324,3.935063,20136.74193548387
2026/08/01@15:07:03,3325,3.92250016,20109.16129032258
2026/08/01@15:07:04,3326,2.7549376,20081.58064516129
2026/08/01@15:07:05,3327,3.7443752,20054.0
2026/08/01@15:07:06,3328,3.7743752,20027.166666666668
2026/08/01@15:07:07,3329,3.7524376,20000.333333333332
2026/08/01@15:07:08,3330,3.83831268,19973.5
2026/08/01@15:07:10,3332,3.825563,19919.833333333332
2026/08/01@15:07:11,3333,3.7376252,19893.0
2026/08/01@15:07:12,3334,3.747563,19866.166666666668
2026/08/01@15:07:13,3335,3.75543768,19839.333333333332
2026/08/01@15:07:14,3336,3.6817504,19812.5
2026/08/01@15:07:15,3337,4.0263752,19785.666666666668
2026/08/01@15:07:16,3338,4.02975,19758.833333333332
2026/08/01@15:07:17,3339,4.013813,19732.0
2026/08/01@15:07:18,3340,4.0561876,19705.166666666668
2026/08/01@15:07:19,3341,4.055625,19678.333333333332
2026/08/01@15:07:20,3342,3.7790628,19651.5
2026/08/01@15:07:21,3343,3.9459376,19624.666666666668
2026/08/01@15:07:23,3345,3.9579376,19571.0
2026/08/01@15:07:24,3346,4.024125,19544.166666666668
2026/08/01@15:07:25,3347,4.045875,19517.333333333332
2026/08/01@15:07:26,3348,4.0481252,19490.5
2026/08/01@15:07:27,3349,4.0273124,19463.666666666668
2026/08/01@15:07:28,3350,4.0323752,19436.833333333332
2026/08/01@15:07:29,3351,4.0417504,19410.0
2026/08/01@15:07:30,3352,4.0363124,19383.166666666668
2026/08/01@15:07:31,3353,4.0164376,19356.333333333332
2026/08/01@15:07:32,3354,4.0153128,19329.5
2026/08/01@15:07:33,3355,4.0479376,19302.666666666668
2026/08/01@15:07:34,3356,4.0342504,19275.833333333332
2026/08/01@15:07:36,3358,4.0468124,19225.09677419355
2026/08/01@15:07:37,3359,4.029375,19201.1935483871
2026/08/01@15:07:38,3360,4.0198124,19177.290322580644
2026/08/01@15:07:39,3361,4.05,19153.387096774193
2026/08/01@15:07:40,3362,4.042125,19129.483870967742
2026/08/01@15:07:41,3363,4.013625,19105.58064516129
2026/08/01@15:07:42,3364,4.0108128,19081.677419354837
2026/08/01@15:07:43,3365,4.019625,19057.774193548386
2026/08/01@15:07:44,3366,4.0168124,19033.870967741936
2026/08/01@15:07:45,3367,4.007625,19009.967741935485
2026/08/01@15:07:46,3368,3.7119376,18986.064516129034
2026/08/01@15:07:47,3369,3.70518768,18962.16129032258
2026/08/01@15:07:49,3371,3.9436876,18914.354838709678
2026/08/01@15:07:50,3372,3.795375,18890.451612903227
2026/08/01@15:07:51,3373,3.9061876,18866.548387096773
2026/08/01@15:07:52,3374,2.7489376,18842.645161290322
2026/08/01@15:07:53,3375,3.8986878,18818.74193548387
2026/08/01@15:07:54,3376,3.2604376,18794.83870967742
2026/08/01@15:07:55,3377,3.7186876,18770.935483870966
2026/08/01@15:07:56,3378,3.66750032,18747.032258064515
2026/08/01@15:07:57,3379,4.0355624,18723.129032258064
2026/08/01@15:07:58,3380,3.9901876,18699.225806451614
2026/08/01@15:07:59,3381,4.065188,18675.322580645163
2026/08/01@15:08:01,3383,4.0061256,18627.516129032258
2026/08/01@15:08:02,3384,3.98175,18603.612903225807
2026/08/01@15:08:03,3385,3.9566252,18579.709677419356
2026/08/01@15:08:04,3386,4.0839376,18555.8064516129
2026/08/01@15:08:05,3387,4.1154376,18531.90322580645
2026/08/01@15:08:06,3388,4.113375,18508.0
2026/08/01@15:08:07,3389,4.121813,18484.366666666665
2026/08/01@15:08:08,3390,4.0876876,18460.733333333334
2026/08/01@15:08:09,3391,3.9838128,18437.1
2026/08/01@15:08:10,3392,4.0938752,18413.466666666667
2026/08/01@15:08:11,3393,4.1266876,18389.833333333332
2026/08/01@15:08:12,3394,4.13775,18366.2
2026/08/01@15:08:14,3396,4.085625,18318.933333333334
2026/08/01@15:08:15,3397,4.0627504,18295.3
2026/08/01@15:08:16,3398,4.0665,18271.666666666668
2026/08/01@15:08:17,3399,4.0653752,18248.033333333333
2026/08/01@15:08:18,3400,4.0666876,18224.4
2026/08/01@15:08:19,3401,4.040625,18200.766666666666
2026/08/01@15:08:20,3402,4.026,18177.133333333335
2026/08/01@15:08:21,3403,2.752125,18153.5
2026/08/01@15:08:22,3404,4.052625,18129.866666666665
2026/08/01@15:08:23,3405,4.0370628,18106.233333333334
2026/08/01@15:08:24,3406,4.0738124,18082.6
2026/08/01@15:08:25,3407,4.0425004,18058.966666666667
2026/08/01@15:08:27,3409,3.999,18011.7
2026/08/01@15:08:28,3410,2.7506252,17988.066666666666
2026/08/01@15:08:29,3411,2.75025,17964.433333333334
2026/08/01@15:08:30,3412,3.78843768,17940.8
2026/08/01@15:08:31,3413,3.73462532,17917.166666666668
2026/08/01@15:08:32,3414,3.81018784,17893.533333333333
2026/08/01@15:08:33,3415,3.7897504,17869.9
2026/08/01@15:08:34,3416,4.0845004,17846.266666666666
2026/08/01@15:08:35,3417,4.033125,17822.633333333335
2026/08/01@15:08:36,3418,4.050188,17799.0
2026/08/01@15:08:37,3419,3.9483752,17777.83870967742
2026/08/01@15:08:38,3420,4.11075,17756.677419354837
2026/08/01@15:08:40,3422,4.1379376,17714.354838709678
2026/08/01@15:08:41,3423,4.1203128,17693.1935483871
2026/08/01@15:08:42,3424,4.0335,17672.032258064515
2026/08/01@15:08:43,3425,4.145813,17650.870967741936
2026/08/01@15:08:44,3426,4.1520004,17629.709677419356
2026/08/01@15:08:45,3427,4.1056876,17608.548387096773
2026/08/01@15:08:46,3428,3.86625,17587.387096774193
2026/08/01@15:08:47,3429,3.9200628,17566.225806451614
2026/08/01@15:08:48,3430,3.93656268,17545.064516129034
2026/08/01@15:08:49,3431,3.928875,17523.90322580645
2026/08/01@15:08:50,3432,3.8994376,17502.74193548387
2026/08/01@15:08:51,3433,3.92156268,17481.58064516129
2026/08/01@15:08:53,3435,3.931688,17439.25806451613
2026/08/01@15:08:54,3436,4.089,17418.09677419355
2026/08/01@15:08:55,3437,4.036125,17396.935483870966
2026/08/01@15:08:56,3438,4.0265628,17375.774193548386
2026/08/01@15:08:57,3439,3.98025,17354.612903225807
2026/08/01@15:08:58,3440,4.0166252,17333.451612903227
2026/08/01@15:08:59,3441,3.97593784,17312.290322580644
2026/08/01@15:09:00,3442,3.93675,17291.129032258064
2026/08/01@15:09:01,3443,3.93675,17269.967741935485
2026/08/01@15:09:02,3444,3.9444376,17248.8064516129
2026/08/01@15:09:03,3445,3.9538128,17227.645161290322
2026/08/01@15:09:05,3447,3.91443768,17185.322580645163
2026/08/01@15:09:06,3448,3.9294376,17164.16129032258
2026/08/01@15:09:07,3449,3.90356268,17143.0
2026/08/01@15:09:08,3450,3.889125,17122.16129032258
2026/08/01@15:09:09,3451,3.838688,17101.322580645163
2026/08/01@15:09:10,3452,3.7824376,17080.483870967742
2026/08/01@15:09:11,3453,3.7951876,17059.645161290322
2026/08/01@15:09:12,3454,3.8081252,17038.8064516129
2026/08/01@15:09:13,3455,3.8176876,17017.967741935485
2026/08/01@15:09:14,3456,3.807,16997.129032258064
2026/08/01@15:09:15,3457,3.6416252,16976.290322580644
2026/08/01@15:09:16,3458,4.0875,16955.451612903227
2026/08/01@15:09:18,3460,4.073063,16913.774193548386
2026/08/01@15:09:19,3461,4.0786876,16892.935483870966
2026/08/01@15:09:20,3462,3.6935628,16872.09677419355
2026/08/01@15:09:21,3463,4.07175,16851.25806451613
2026/08/01@15:09:22,3464,4.014188,16830.41935483871
2026/08/01@15:09:23,3465,4.0216876,16809.58064516129
2026/08/01@15:09:24,3466,4.024688,16788.74193548387
2026/08/01@15:09:25,3467,4.0218752,16767.90322580645
2026/08/01@15:09:26,3468,3.9826876,16747.064516129034
2026/08/01@15:09:27,3469,3.92325032,16726.225806451614
2026/08/01@15:09:28,3470,3.9187504,16705.387096774193
2026/08/01@15:09:29,3471,3.9142504,16684.548387096773
2026/08/01@15:09:31,3473,3.9281252,16642.870967741936
2026/08/01@15:09:32,3474,3.99731268,16622.032258064515
2026/08/01@15:09:33,3475,3.8705628,16601.1935483871
2026/08/01@15:09:34,3476,3.9493128,16580.354838709678
2026/08/01@15:09:35,3477,3.8034376,16559.516129032258
2026/08/01@15:09:36,3478,3.604125,16538.677419354837
2026/08/01@15:09:37,3479,4.127813,16517.83870967742
2026/08/01@15:09:38,3480,3.7963128,16497.0
2026/08/01@15:09:39,3481,3.853125,16476.333333333332
2026/08/01@15:09:40,3482,3.858375,16455.666666666668
2026/08/01@15:09:41,3483,3.8668128,16435.0
2026/08/01@15:09:42,3484,3.63037536,16414.333333333332
2026/08/01@15:09:44,3486,3.8743124,16373.0
2026/08/01@15:09:45,3487,3.8887504,16352.333333333334
2026/08/01@15:09:46,3488,3.8778754,16331.666666666666
2026/08/01@15:09:47,3489,3.8718752,16311.0
2026/08/01@15:09:48,3490,3.7824376,16290.333333333334
2026/08/01@15:09:49,3491,4.1473128,16269.666666666666
2026/08/01@15:09:50,3492,4.1188124,16249.0
2026/08/01@15:09:51,3493,3.9189376,16228.333333333334
2026/08/01@15:09:52,3494,3.92512532,16207.666666666666
2026/08/01@15:09:53,3495,3.873,16187.0
2026/08/01@15:09:54,3496,3.93975016,16166.333333333334
2026/08/01@15:09:56,3498,3.92831268,16125.0
2026/08/01@15:09:57,3499,3.921938,16104.333333333334
2026/08/01@15:09:58,3500,3.54675,16083.666666666666
2026/08/01@15:09:59,3501,3.8542504,16063.0
2026/08/01@15:10:00,3502,3.927938,16042.333333333334
2026/08/01@15:10:01,3503,3.86643736,16021.666666666666
2026/08/01@15:10:02,3504,3.93131268,16001.0
2026/08/01@15:10:03,3505,3.75750032,15980.333333333334
2026/08/01@15:10:04,3506,3.90318768,15959.666666666666
2026/08/01@15:10:05,3507,3.78412532,15939.0
2026/08/01@15:10:06,3508,3.596438,15918.333333333334
2026/08/01@15:10:07,3509,3.7618128,15897.666666666666
2026/08/01@15:10:09,3511,3.6506252,15858.58064516129
2026/08/01@15:10:10,3512,3.9076876,15840.161290322581
2026/08/01@15:10:11,3513,3.9105,15821.741935483871
2026/08/01@15:10:12,3514,3.8998128,15803.322580645161
2026/08/01@15:10:13,3515,3.8433752,15784.90322580645
2026/08/01@15:10:14,3516,3.4498124,15766.483870967742
2026/08/01@15:10:15,3517,3.5409374,15748.064516129032
2026/08/01@15:10:16,3518,3.6646876,15729.645161290322
2026/08/01@15:10:17,3519,3.80006268,15711.225806451614
2026/08/01@15:10:18,3520,3.71700032,15692.806451612903
2026/08/01@15:10:19,3521,3.7246878,15674.387096774193
2026/08/01@15:10:21,3523,2.74725,15637.548387096775
2026/08/01@15:10:22,3524,3.867,15619.129032258064
2026/08/01@15:10:23,3525,3.87356268,15600.709677419354
2026/08/01@15:10:24,3526,3.84525032,15582.290322580646
2026/08/01@15:10:25,3527,3.8263128,15563.870967741936
2026/08/01@15:10:26,3528,4.0905004,15545.451612903225
2026/08/01@15:10:27,3529,4.0621876,15527.032258064517
2026/08/01@15:10:28,3530,3.8758128,15508.612903225807
2026/08/01@15:10:29,3531,4.03275,15490.193548387097
2026/08/01@15:10:30,3532,4.0683756,15471.774193548386
2026/08/01@15:10:31,3533,4.0695,15453.354838709678
2026/08/01@15:10:32,3534,4.0674376,15434.935483870968
2026/08/01@15:10:34,3536,4.063125,15398.09677419355
2026/08/01@15:10:35,3537,4.0535628,15379.677419354839
2026/08/01@15:10:36,3538,4.050188,15361.258064516129
2026/08/01@15:10:37,3539,4.02225,15342.838709677419
2026/08/01@15:10:38,3540,3.8353128,15324.41935483871
2026/08/01@15:10:39,3541,4.020188,15306.0
2026/08/01@15:10:40,3542,3.84431268,15287.774193548386
2026/08/01@15:10:41,3543,4.0111876,15269.548387096775
2026/08/01@15:10:42,3544,3.96,15251.322580645161
2026/08/01@15:10:43,3545,3.94125,15233.09677419355
2026/08/01@15:10:44,3546,3.9423752,15214.870967741936
2026/08/01@15:10:45,3547,3.9391876,15196.645161290322
2026/08/01@15:10:47,3549,3.92268768,15160.193548387097
2026/08/01@15:10:48,3550,3.9135004,15141.967741935483
2026/08/01@15:10:49,3551,3.9701252,15123.741935483871
2026/08/01@15:10:50,3552,3.8304376,15105.516129032258
2026/08/01@15:10:51,3553,3.9384376,15087.290322580646
2026/08/01@15:10:52,3554,3.923625,15069.064516129032
2026/08/01@15:10:53,3555,3.8461876,15050.838709677419
2026/08/01@15:10:54,3556,3.9466876,15032.612903225807
2026/08/01@15:10:55,3557,3.9168754,15014.387096774193
2026/08/01@15:10:56,3558,3.9431252,14996.161290322581
2026/08/01@15:10:57,3559,3.9136876,14977.935483870968
2026/08/01@15:10:58,3560,3.921,14959.709677419354
2026/08/01@15:11:00,3562,4.0035,14923.258064516129
2026/08/01@15:11:01,3563,4.00575,14905.032258064515
2026/08/01@15:11:02,3564,4.008938,14886.806451612903
2026/08/01@15:11:03,3565,3.9873752,14868.58064516129
2026/08/01@15:11:04,3566,3.9870004,14850.354838709678
2026/08/01@15:11:05,3567,3.9260626,14832.129032258064
2026/08/01@15:11:06,3568,3.90525,14813.90322580645
2026/08/01@15:11:07,3569,3.92643768,14795.677419354839
2026/08/01@15:11:08,3570,3.9204376,14777.451612903225
2026/08/01@15:11:09,3571,3.9275628,14759.225806451614
2026/08/01@15:11:10,3572,3.80531268,14741.0
2026/08/01@15:11:11,3573,3.7471876,14722.733333333334
2026/08/01@15:11:13,3575,3.8100004,14686.2
2026/08/01@15:11:14,3576,3.55575016,14667.933333333332
2026/08/01@15:11:15,3577,3.61743768,14649.666666666666
2026/08/01@15:11:16,3578,3.80531268,14631.4
2026/08/01@15:11:17,3579,3.7820628,14613.133333333333
2026/08/01@15:11:18,3580,3.7876876,14594.866666666667
2026/08/01@15:11:19,3581,3.786375,14576.6
2026/08/01@15:11:20,3582,2.7487502,14558.333333333334
2026/08/01@15:11:21,3583,3.9866252,14540.066666666668
2026/08/01@15:11:22,3584,3.99000032,14521.8
2026/08/01@15:11:23,3585,3.97781236,14503.533333333333
2026/08/01@15:11:25,3586,3.927,14467.0
2026/08/01@15:11:26,3588,3.865875,14448.733333333334
2026/08/01@15:11:27,3589,3.87018784,14430.466666666667
2026/08/01@15:11:28,3590,3.7925628,14412.2
2026/08/01@15:11:29,3591,4.008563,14393.933333333332
2026/08/01@15:11:30,3592,4.035938,14375.666666666666
2026/08/01@15:11:31,3593,4.029375,14357.4
2026/08/01@15:11:32,3594,3.9946876,14339.133333333333
2026/08/01@15:11:33,3595,4.018875,14320.866666666667
2026/08/01@15:11:34,3596,3.99543768,14302.6
2026/08/01@15:11:35,3597,4.029375,14284.333333333334
2026/08/01@15:11:36,3598,2.7485626,14266.066666666668
2026/08/01@15:11:38,3600,2.8910628,14229.533333333333
2026/08/01@15:11:39,3601,3.7198126,14211.266666666666
2026/08/01@15:11:40,3602,3.7966876,14193.0
2026/08/01@15:11:41,3603,3.8866876,14176.451612903225
2026/08/01@15:11:42,3604,3.93225,14159.90322580645
2026/08/01@15:11:43,3605,3.99543768,14143.354838709678
2026/08/01@15:11:44,3606,3.96918768,14126.806451612903
2026/08/01@15:11:45,3607,3.76931268,14110.258064516129
2026/08/01@15:11:46,3608,3.88125032,14093.709677419354
2026/08/01@15:11:47,3609,4.045313,14077.161290322581
2026/08/01@15:11:48,3610,4.0374376,14060.612903225807
2026/08/01@15:11:49,3611,4.002938,14044.064516129032
2026/08/01@15:11:51,3613,3.9513752,14010.967741935485
2026/08/01@15:11:52,3614,3.999,13994.41935483871
2026/08/01@15:11:53,3615,2.7489376,13977.870967741936
2026/08/01@15:11:54,3616,3.9909376,13961.322580645161
2026/08/01@15:11:55,3617,3.8180628,13944.774193548386
2026/08/01@15:11:56,3618,3.44193736,13928.225806451614
2026/08/01@15:11:57,3619,2.7671252,13911.677419354839
2026/08/01@15:11:58,3620,4.066125,13895.129032258064
2026/08/01@15:11:59,3621,3.902625,13878.58064516129
2026/08/01@15:12:00,3622,4.082813,13862.032258064517
2026/08/01@15:12:01,3623,4.046625,13845.483870967742
2026/08/01@15:12:02,3624,4.035375,13828.935483870968
2026/08/01@15:12:04,3626,4.0265628,13795.838709677419
2026/08/01@15:12:05,3627,3.863625,13779.290322580646
2026/08/01@15:12:06,3628,4.018875,13762.741935483871
2026/08/01@15:12:07,3629,4.0080004,13746.193548387097
2026/08/01@15:12:08,3630,4.0095,13729.645161290322
2026/08/01@15:12:09,3631,4.0132504,13713.09677419355
2026/08/01@15:12:10,3632,4.0286256,13696.548387096775
2026/08/01@15:12:11,3633,4.0213128,13680.0
2026/08/01@15:12:12,3634,4.0096876,13663.516129032258
2026/08/01@15:12:13,3635,3.6858752,13647.032258064517
2026/08/01@15:12:14,3636,3.6551252,13630.548387096775
2026/08/01@15:12:15,3637,3.709875,13614.064516129032
2026/08/01@15:12:17,3639,3.6765004,13581.09677419355
2026/08/01@15:12:18,3640,3.6091876,13564.612903225807
2026/08/01@15:12:19,3641,3.9142504,13548.129032258064
2026/08/01@15:12:20,3642,3.7338752,13531.645161290322
2026/08/01@15:12:21,3643,3.8966252,13515.161290322581
2026/08/01@15:12:22,3644,4.045125,13498.677419354839
2026/08/01@15:12:23,3645,4.0535628,13482.193548387097
2026/08/01@15:12:24,3646,3.9495,13465.709677419354
2026/08/01@15:12:25,3647,3.9618752,13449.225806451614
2026/08/01@15:12:26,3648,3.9765,13432.741935483871
2026/08/01@15:12:27,3649,3.95156268,13416.258064516129
2026/08/01@15:12:29,3651,3.868875,13383.290322580646
2026/08/01@15:12:30,3652,3.9356252,13366.806451612903
2026/08/01@15:12:31,3653,3.9504376,13350.322580645161
2026/08/01@15:12:32,3654,3.9403128,13333.838709677419
2026/08/01@15:12:33,3655,3.92175,13317.354838709678
2026/08/01@15:12:34,3656,3.808875,13300.870967741936
2026/08/01@15:12:35,3657,3.8268752,13284.387096774193
2026/08/01@15:12:36,3658,3.8148752,13267.90322580645
2026/08/01@15:12:37,3659,3.653625,13251.41935483871
2026/08/01@15:12:38,3660,3.0733128,13234.935483870968
2026/08/01@15:12:39,3661,3.924375,13218.451612903225
2026/08/01@15:12:40,3662,3.8516254,13201.967741935483
2026/08/01@15:12:42,3664,3.9,13169.0
2026/08/01@15:12:43,3665,3.9956252,13152.6
2026/08/01@15:12:44,3666,3.9915,13136.2
2026/08/01@15:12:45,3667,3.82706268,13119.8
2026/08/01@15:12:46,3668,4.2975008,13103.4
2026/08/01@15:12:47,3669,4.2991876,13087.0
2026/08/01@15:12:48,3670,4.304063,13070.6
2026/08/01@15:12:49,3671,4.302188,13054.2
2026/08/01@15:12:50,3672,4.1521872,13037.8
2026/08/01@15:12:51,3673,4.154438,13021.4
2026/08/01@15:12:52,3674,4.1512504,13005.0
2026/08/01@15:12:53,3675,4.1465624,12988.6
2026/08/01@15:12:55,3677,4.1405624,12955.8
2026/08/01@15:12:56,3678,4.1302504,12939.4
2026/08/01@15:12:57,3679,4.0436252,12923.0
2026/08/01@15:12:58,3680,4.0792504,12906.6
2026/08/01@15:12:59,3681,3.830625,12890.2
2026/08/01@15:13:00,3682,4.0490628,12873.8
2026/08/01@15:13:01,3683,4.0513124,12857.4
2026/08/01@15:13:02,3684,4.0627504,12841.0
2026/08/01@15:13:03,3685,3.1674378,12824.6
2026/08/01@15:13:04,3686,4.0318128,12808.2
2026/08/01@15:13:05,3687,4.1060624,12791.8
2026/08/01@15:13:06,3688,3.998625,12775.4
2026/08/01@15:13:08,3690,3.96150032,12742.6
2026/08/01@15:13:09,3691,3.764625,12726.2
2026/08/01@15:13:10,3692,4.161375,12709.8
2026/08/01@15:13:11,3693,4.0593752,12693.4
2026/08/01@15:13:12,3694,4.133438,12677.0
2026/08/01@15:13:13,3695,4.15275,12662.032258064517
2026/08/01@15:13:14,3696,4.1557504,12647.064516129032
2026/08/01@15:13:15,3697,4.1645628,12632.09677419355
2026/08/01@15:13:16,3698,4.119375,12617.129032258064
2026/08/01@15:13:17,3699,3.9931876,12602.161290322581
2026/08/01@15:13:18,3700,4.0132504,12587.193548387097
2026/08/01@15:13:19,3701,4.0108128,12572.225806451614
2026/08/01@15:13:21,3703,4.052063,12542.290322580646
2026/08/01@15:13:22,3704,3.9965624,12527.322580645161
2026/08/01@15:13:23,3705,4.1428128,12512.354838709678
2026/08/01@15:13:24,3706,4.146188,12497.387096774193
2026/08/01@15:13:25,3707,4.1450624,12482.41935483871
2026/08/01@15:13:26,3708,4.135688,12467.451612903225
2026/08/01@15:13:27,3709,4.0983752,12452.483870967742
2026/08/01@15:13:28,3710,4.0111876,12437.516129032258
2026/08/01@15:13:29,3711,3.98325032,12422.548387096775
2026/08/01@15:13:30,3712,4.0620004,12407.58064516129
2026/08/01@15:13:31,3713,4.067813,12392.612903225807
2026/08/01@15:13:32,3714,4.008938,12377.645161290322
2026/08/01@15:13:34,3716,4.080375,12347.709677419354
2026/08/01@15:13:35,3717,4.044563,12332.741935483871
2026/08/01@15:13:36,3718,4.00425,12317.774193548386
2026/08/01@15:13:37,3719,4.002938,12302.806451612903
2026/08/01@15:13:38,3720,4.0666876,12287.838709677419
2026/08/01@15:13:39,3721,4.047375,12272.870967741936
2026/08/01@15:13:40,3722,4.0807504,12257.90322580645
2026/08/01@15:13:41,3723,4.0860004,12242.935483870968
2026/08/01@15:13:42,3724,4.0843124,12227.967741935485
2026/08/01@15:13:43,3725,4.072313,12213.0
2026/08/01@15:13:44,3726,4.0726876,12197.677419354839
2026/08/01@15:13:46,3727,4.105875,12167.032258064517
2026/08/01@15:13:47,3729,4.1055,12151.709677419354
2026/08/01@15:13:48,3730,4.1071876,12136.387096774193
2026/08/01@15:13:49,3731,4.1071876,12121.064516129032
2026/08/01@15:13:50,3732,4.107938,12105.741935483871
2026/08/01@15:13:51,3733,4.09875,12090.41935483871
2026/08/01@15:13:52,3734,4.076438,12075.09677419355
2026/08/01@15:13:53,3735,4.077375,12059.774193548386
2026/08/01@15:13:54,3736,4.0981876,12044.451612903225
2026/08/01@15:13:55,3737,4.1064376,12029.129032258064
2026/08/01@15:13:56,3738,4.09875,12013.806451612903
2026/08/01@15:13:57,3739,4.0957504,11998.483870967742
2026/08/01@15:13:59,3741,3.72825,11967.838709677419
2026/08/01@15:14:00,3742,4.1150628,11952.516129032258
2026/08/01@15:14:01,3743,4.1353124,11937.193548387097
2026/08/01@15:14:02,3744,4.1325,11921.870967741936
2026/08/01@15:14:03,3745,4.127813,11906.548387096775
2026/08/01@15:14:04,3746,4.106813,11891.225806451614
2026/08/01@15:14:05,3747,3.98643768,11875.90322580645
2026/08/01@15:14:06,3748,3.9980628,11860.58064516129
2026/08/01@15:14:07,3749,3.9744376,11845.258064516129
2026/08/01@15:14:08,3750,3.8441252,11829.935483870968
2026/08/01@15:14:09,3751,2.7418128,11814.612903225807
2026/08/01@15:14:10,3752,4.0798124,11799.290322580646
2026/08/01@15:14:12,3754,3.806625,11768.645161290322
2026/08/01@15:14:13,3755,4.008375,11753.322580645161
2026/08/01@15:14:14,3756,3.9733128,11738.0
2026/08/01@15:14:15,3757,3.8835004,11723.3
2026/08/01@15:14:16,3758,3.9628124,11708.6
2026/08/01@15:14:17,3759,3.97031268,11693.9
2026/08/01@15:14:18,3760,3.983625,11679.2
2026/08/01@15:14:19,3761,3.9877504,11664.5
2026/08/01@15:14:20,3762,3.98025,11649.8
2026/08/01@15:14:21,3763,3.981938,11635.1
2026/08/01@15:14:22,3764,3.9866252,11620.4
2026/08/01@15:14:23,3765,3.9870004,11605.7
2026/08/01@15:14:25,3767,3.9849376,11576.3
2026/08/01@15:14:26,3768,3.971438,11561.6
2026/08/01@15:14:27,3769,3.9658128,11546.9
2026/08/01@15:14:28,3770,3.9290628,11532.2
2026/08/01@15:14:29,3771,3.91162536,11517.5
2026/08/01@15:14:30,3772,3.9571876,11502.8
2026/08/01@15:14:31,3773,3.9658128,11488.1
2026/08/01@15:14:32,3774,3.9965624,11473.4
2026/08/01@15:14:33,3775,3.9804376,11458.7
2026/08/01@15:14:34,3776,3.9596252,11444.0
2026/08/01@15:14:35,3777,3.95400032,11429.3
2026/08/01@15:14:37,3779,3.958125,11399.9
2026/08/01@15:14:38,3780,2.74425,11385.2
2026/08/01@15:14:39,3781,3.4428752,11370.5
2026/08/01@15:14:40,3782,3.57956268,11355.8
2026/08/01@15:14:41,3783,4.0991252,11341.1
2026/08/01@15:14:42,3784,4.0460624,11326.4
2026/08/01@15:14:43,3785,3.66825,11311.7
2026/08/01@15:14:44,3786,4.092375,11297.0
2026/08/01@15:14:45,3787,4.083,11283.870967741936
2026/08/01@15:14:46,3788,4.0963124,11270.741935483871
2026/08/01@15:14:47,3789,4.086188,11257.612903225807
2026/08/01@15:14:48,3790,4.0893756,11244.483870967742
2026/08/01@15:14:50,3792,4.105875,11218.225806451614
2026/08/01@15:14:51,3793,4.0873128,11205.09677419355
2026/08/01@15:14:52,3794,4.0567504,11191.967741935483
2026/08/01@15:14:53,3795,3.8250004,11178.838709677419
2026/08/01@15:14:54,3796,4.1043752,11165.709677419354
2026/08/01@15:14:55,3797,2.7463126,11152.58064516129
2026/08/01@15:14:56,3798,3.8349376,11139.451612903225
2026/08/01@15:14:57,3799,3.6796876,11126.322580645161
2026/08/01@15:14:58,3800,3.57900032,11113.193548387097
2026/08/01@15:14:59,3801,3.544125,11100.064516129032
2026/08/01@15:15:00,3802,3.87225,11086.935483870968
2026/08/01@15:15:01,3803,3.7771876,11073.806451612903
2026/08/01@15:15:03,3805,3.80737536,11047.548387096775
2026/08/01@15:15:04,3806,4.01475,11034.41935483871
2026/08/01@15:15:05,3807,4.017,11021.290322580646
2026/08/01@15:15:06,3808,4.007813,11008.161290322581
2026/08/01@15:15:07,3809,3.9984376,10995.032258064517
2026/08/01@15:15:08,3810,3.96,10981.90322580645
2026/08/01@15:15:09,3811,3.9185624,10968.774193548386
2026/08/01@15:15:10,3812,3.7323752,10955.645161290322
2026/08/01@15:15:11,3813,3.872438,10942.516129032258
2026/08/01@15:15:12,3814,3.7573128,10929.387096774193
2026/08/01@15:15:13,3815,3.1747504,10916.258064516129
2026/08/01@15:15:14,3816,3.895125,10903.129032258064
2026/08/01@15:15:16,3818,3.79575016,10877.290322580646
2026/08/01@15:15:17,3819,3.608625,10864.58064516129
2026/08/01@15:15:18,3820,3.62606268,10851.870967741936
2026/08/01@15:15:19,3821,3.6740628,10839.161290322581
2026/08/01@15:15:20,3822,3.4038754,10826.451612903225
2026/08/01@15:15:21,3823,3.591,10813.741935483871
2026/08/01@15:15:22,3824,3.8497502,10801.032258064517
2026/08/01@15:15:23,3825,3.87450016,10788.322580645161
2026/08/01@15:15:24,3826,3.90112536,10775.612903225807
2026/08/01@15:15:25,3827,3.8426252,10762.90322580645
2026/08/01@15:15:26,3828,3.8600628,10750.193548387097
2026/08/01@15:15:27,3829,3.8711252,10737.483870967742
2026/08/01@15:15:29,3831,3.8782504,10712.064516129032
2026/08/01@15:15:30,3832,3.9918752,10699.354838709678
2026/08/01@15:15:31,3833,3.8362504,10686.645161290322
2026/08/01@15:15:32,3834,3.8180628,10673.935483870968
2026/08/01@15:15:33,3835,3.6046876,10661.225806451614
2026/08/01@15:15:34,3836,4.086938,10648.516129032258
2026/08/01@15:15:35,3837,4.0456876,10635.806451612903
2026/08/01@15:15:36,3838,4.0515004,10623.09677419355
2026/08/01@15:15:37,3839,3.820313,10610.387096774193
2026/08/01@15:15:38,3840,3.82125032,10597.677419354839
2026/08/01@15:15:39,3841,4.017563,10584.967741935485
2026/08/01@15:15:41,3843,4.0441876,10559.548387096775
2026/08/01@15:15:42,3844,4.0516876,10546.838709677419
2026/08/01@15:15:43,3845,4.0486876,10534.129032258064
2026/08/01@15:15:44,3846,4.035,10521.41935483871
2026/08/01@15:15:45,3847,3.7848752,10508.709677419354
2026/08/01@15:15:46,3848,3.9253128,10496.0
2026/08/01@15:15:47,3849,3.968625,10482.9
2026/08/01@15:15:48,3850,3.9553128,10469.8
2026/08/01@15:15:49,3851,3.8589378,10456.7
2026/08/01@15:15:50,3852,3.95268768,10443.6
2026/08/01@15:15:51,3853,3.77325,10430.5
2026/08/01@15:15:52,3854,3.7893752,10417.4
2026/08/01@15:15:54,3856,3.7411876,10391.2
2026/08/01@15:15:55,3857,3.82312532,10378.1
2026/08/01@15:15:56,3858,4.1405624,10365.0
2026/08/01@15:15:57,3859,4.1503124,10351.9
2026/08/01@15:15:58,3860,3.87225,10338.8
2026/08/01@15:15:59,3861,3.9399376,10325.7
2026/08/01@15:16:00,3862,4.151625,10312.6
2026/08/01@15:16:01,3863,4.1555624,10299.5
2026/08/01@15:16:02,3864,3.8518128,10286.4
2026/08/01@15:16:03,3865,3.9105,10273.3
2026/08/01@15:16:04,3866,4.1529376,10260.2
2026/08/01@15:16:05,3867,4.141125,10247.1
2026/08/01@15:16:07,3869,4.072125,10220.9
2026/08/01@15:16:08,3870,4.1559376,10207.8
2026/08/01@15:16:09,3871,4.0132504,10194.7
2026/08/01@15:16:10,3872,3.83418784,10181.6
2026/08/01@15:16:11,3873,4.0012504,10168.5
2026/08/01@15:16:12,3874,4.150875,10155.4
2026/08/01@15:16:13,3875,4.107375,10142.3
2026/08/01@15:16:14,3876,4.111125,10129.2
2026/08/01@15:16:15,3877,4.10325,10116.1
2026/08/01@15:16:16,3878,3.4104376,10103.0
2026/08/01@15:16:17,3879,3.39768736,10091.354838709678
2026/08/01@15:16:18,3880,3.74700032,10079.709677419354
2026/08/01@15:16:20,3882,3.8857504,10056.41935483871
2026/08/01@15:16:21,3883,3.8925,10044.774193548386
2026/08/01@15:16:22,3884,3.6920624,10033.129032258064
2026/08/01@15:16:23,3885,3.707625,10021.483870967742
2026/08/01@15:16:24,3886,4.1135624,10009.838709677419
2026/08/01@15:16:25,3887,4.114688,9998.193548387097
2026/08/01@15:16:26,3888,3.9133124,9986.548387096775
2026/08/01@15:16:27,3889,3.8516254,9974.90322580645
2026/08/01@15:16:28,3890,4.0948124,9963.258064516129
2026/08/01@15:16:29,3891,3.74475,9951.612903225807
2026/08/01@15:16:30,3892,3.504375,9939.967741935483
2026/08/01@15:16:31,3893,3.8823752,9928.322580645161
2026/08/01@15:16:33,3895,3.79406268,9905.032258064517
2026/08/01@15:16:34,3896,4.0040628,9893.387096774193
2026/08/01@15:16:35,3897,4.020188,9881.741935483871
2026/08/01@15:16:36,3898,3.9110628,9870.09677419355
2026/08/01@15:16:37,3899,3.897375,9858.451612903225
2026/08/01@15:16:38,3900,3.8868752,9846.806451612903
2026/08/01@15:16:39,3901,4.0093124,9835.161290322581
2026/08/01@15:16:40,3902,3.9971252,9823.516129032258
2026/08/01@15:16:41,3903,4.0095,9811.870967741936
2026/08/01@15:16:42,3904,4.0018124,9800.225806451614
2026/08/01@15:16:43,3905,3.9958126,9788.58064516129
2026/08/01@15:16:45,3907,3.9618752,9765.290322580646
2026/08/01@15:16:46,3908,4.0006876,9753.645161290322
2026/08/01@15:16:47,3909,3.997688,9742.0
2026/08/01@15:16:48,3910,4.0025624,9730.129032258064
2026/08/01@15:16:49,3911,3.9918752,9718.258064516129
2026/08/01@15:16:50,3912,2.9296878,9706.387096774193
2026/08/01@15:16:51,3913,3.9785628,9694.516129032258
2026/08/01@15:16:52,3914,3.9744376,9682.645161290322
2026/08/01@15:16:53,3915,3.942,9670.774193548386
2026/08/01@15:16:54,3916,3.91162536,9658.90322580645
2026/08/01@15:16:55,3917,3.9097502,9647.032258064517
2026/08/01@15:16:56,3918,3.91068736,9635.161290322581
2026/08/01@15:16:58,3920,3.5949376,9611.41935483871
2026/08/01@15:16:59,3921,3.9095628,9599.548387096775
2026/08/01@15:17:00,3922,3.9080624,9587.677419354839
2026/08/01@15:17:01,3923,3.9058128,9575.806451612903
2026/08/01@15:17:02,3924,3.8949376,9563.935483870968
2026/08/01@15:17:03,3925,3.8904376,9552.064516129032
2026/08/01@15:17:04,3926,3.87675,9540.193548387097
2026/08/01@15:17:05,3927,3.86643736,9528.322580645161
2026/08/01@15:17:06,3928,3.88181236,9516.451612903225
2026/08/01@15:17:07,3929,3.3358126,9504.58064516129
2026/08/01@15:17:08,3930,3.3729376,9492.709677419354
2026/08/01@15:17:10,3931,3.4012504,9468.967741935483
2026/08/01@15:17:11,3933,3.6461252,9457.09677419355
2026/08/01@15:17:12,3934,3.8210628,9445.225806451614
2026/08/01@15:17:13,3935,3.4021876,9433.354838709678
2026/08/01@15:17:14,3936,4.049813,9421.483870967742
2026/08/01@15:17:15,3937,4.14225,9409.612903225807
2026/08/01@15:17:16,3938,4.1499376,9397.741935483871
2026/08/01@15:17:17,3939,4.148813,9385.870967741936
2026/08/01@15:17:18,3940,4.1531252,9374.0
2026/08/01@15:17:19,3941,4.012125,9362.354838709678
2026/08/01@15:17:20,3942,4.0145624,9350.709677419354
2026/08/01@15:17:21,3943,4.0231876,9339.064516129032
2026/08/01@15:17:23,3945,4.0070624,9315.774193548386
2026/08/01@15:17:24,3946,4.005,9304.129032258064
2026/08/01@15:17:25,3947,3.9585004,9292.483870967742
2026/08/01@15:17:26,3948,3.8700004,9280.838709677419
2026/08/01@15:17:27,3949,3.8321252,9269.193548387097
2026/08/01@15:17:28,3950,3.9204376,9257.548387096775
2026/08/01@15:17:29,3951,3.8666252,9245.90322580645
2026/08/01@15:17:30,3952,3.9165,9234.258064516129
2026/08/01@15:17:31,3953,3.9391876,9222.612903225807
2026/08/01@15:17:32,3954,3.699,9210.967741935483
2026/08/01@15:17:33,3955,3.6566252,9199.322580645161
2026/08/01@15:17:34,3956,3.8176876,9187.677419354839
2026/08/01@15:17:36,3958,3.95156268,9164.387096774193
2026/08/01@15:17:37,3959,3.729,9152.741935483871
2026/08/01@15:17:38,3960,3.99731268,9141.09677419355
2026/08/01@15:17:39,3961,3.937688,9129.451612903225
2026/08/01@15:17:40,3962,3.97106268,9117.806451612903
2026/08/01@15:17:41,3963,3.99731268,9106.161290322581
2026/08/01@15:17:42,3964,3.97106268,9094.516129032258
2026/08/01@15:17:43,3965,3.814125,9082.870967741936
2026/08/01@15:17:44,3966,3.9695628,9071.225806451614
2026/08/01@15:17:45,3967,3.9943128,9059.58064516129
2026/08/01@15:17:46,3968,3.9943128,9047.935483870968
2026/08/01@15:17:47,3969,3.97275016,9036.290322580646
2026/08/01@15:17:49,3971,3.9849376,9013.0
2026/08/01@15:17:50,3972,3.77475,9001.3
2026/08/01@15:17:51,3973,3.9290628,8989.6
2026/08/01@15:17:52,3974,3.94743768,8977.9
2026/08/01@15:17:53,3975,3.95456268,8966.2
2026/08/01@15:17:54,3976,3.9496876,8954.5
2026/08/01@15:17:55,3977,3.9435004,8942.8
2026/08/01@15:17:56,3978,3.9406876,8931.1
2026/08/01@15:17:57,3979,3.9148128,8919.4
2026/08/01@15:17:58,3980,3.9129376,8907.7
2026/08/01@15:17:59,3981,3.9060002,8896.0
2026/08/01@15:18:01,3983,3.90450016,8872.6
2026/08/01@15:18:02,3984,3.89175,8860.9
2026/08/01@15:18:03,3985,4.0344376,8849.2
2026/08/01@15:18:04,3986,4.041188,8837.5
2026/08/01@15:18:05,3987,4.1010004,8825.8
2026/08/01@15:18:06,3988,4.1109376,8814.1
2026/08/01@15:18:07,3989,4.1353124,8802.4
2026/08/01@15:18:08,3990,4.154813,8790.7
2026/08/01@15:18:09,3991,4.1570624,8779.0
2026/08/01@15:18:10,3992,4.1570624,8767.3
2026/08/01@15:18:11,3993,4.1574372,8755.6
2026/08/01@15:18:12,3994,4.1570624,8743.9
2026/08/01@15:18:14,3996,4.1559376,8720.5
2026/08/01@15:18:15,3997,4.1551876,8708.8
2026/08/01@15:18:16,3998,4.15275,8697.1
2026/08/01@15:18:17,3999,4.152375,8685.4
2026/08/01@15:18:18,4000,4.1480628,8673.7
2026/08/01@15:18:19,4001,4.144125,8662.0
2026/08/01@15:18:20,4002,4.1371876,8651.0
2026/08/01@15:18:21,4003,4.127813,8640.0
2026/08/01@15:18:22,4004,4.1043752,8629.0
2026/08/01@15:18:23,4005,4.0434376,8618.0
2026/08/01@15:18:24,4006,3.944625,8607.0
2026/08/01@15:18:25,4007,4.195313,8596.0
2026/08/01@15:18:27,4009,3.882,8574.0
2026/08/01@15:18:28,4010,3.910125,8563.0
2026/08/01@15:18:29,4011,3.87693736,8552.0
2026/08/01@15:18:30,4012,3.88743768,8541.0
2026/08/01@15:18:31,4013,3.9082504,8530.0
2026/08/01@15:18:32,4014,4.0220624,8519.0
2026/08/01@15:18:33,4015,4.0462504,8508.0
2026/08/01@15:18:34,4016,4.0464376,8497.0
2026/08/01@15:18:35,4017,4.044,8486.0
2026/08/01@15:18:36,4018,4.055813,8475.0
2026/08/01@15:18:37,4019,4.04025,8464.0
2026/08/01@15:18:38,4020,4.0267508,8453.0
2026/08/01@15:18:40,4022,4.0179376,8431.0
2026/08/01@15:18:41,4023,3.996375,8420.0
2026/08/01@15:18:42,4024,3.934875,8409.0
2026/08/01@15:18:43,4025,3.837,8398.0
2026/08/01@15:18:44,4026,3.6798754,8387.0
2026/08/01@15:18:45,4027,4.091625,8376.0
2026/08/01@15:18:46,4028,4.079625,8365.0
2026/08/01@15:18:47,4029,4.0635004,8354.0
2026/08/01@15:18:48,4030,4.066875,8343.0
2026/08/01@15:18:49,4031,4.05975,8332.0
2026/08/01@15:18:50,4032,4.0496252,8321.0
2026/08/01@15:18:52,4034,4.0355624,8299.064516129032
2026/08/01@15:18:53,4035,4.0040628,8288.09677419355
2026/08/01@15:18:54,4036,4.173375,8277.129032258064
2026/08/01@15:18:55,4037,4.3132504,8266.161290322581
2026/08/01@15:18:56,4038,4.1525624,8255.193548387097
2026/08/01@15:18:57,4039,4.1476876,8244.225806451614
2026/08/01@15:18:58,4040,4.1400004,8233.258064516129
2026/08/01@15:18:59,4041,4.119938,8222.290322580646
2026/08/01@15:19:00,4042,4.1176876,8211.322580645161
2026/08/01@15:19:01,4043,4.0391256,8200.354838709678
2026/08/01@15:19:02,4044,4.173375,8189.387096774193
2026/08/01@15:19:03,4045,4.076625,8178.419354838709
2026/08/01@15:19:05,4047,4.058625,8156.483870967742
2026/08/01@15:19:06,4048,4.047375,8145.5161290322585
2026/08/01@15:19:07,4049,4.0391256,8134.548387096775
2026/08/01@15:19:08,4050,4.0061256,8123.580645161291
2026/08/01@15:19:09,4051,3.86118752,8112.612903225807
2026/08/01@15:19:10,4052,3.807,8101.645161290323
2026/08/01@15:19:11,4053,3.957375,8090.677419354839
2026/08/01@15:19:12,4054,3.90206268,8079.709677419355
2026/08/01@15:19:13,4055,3.8486252,8068.741935483871
2026/08/01@15:19:14,4056,3.408,8057.774193548387
2026/08/01@15:19:15,4057,4.078313,8046.806451612903
2026/08/01@15:19:16,4058,4.098,8035.8387096774195
2026/08/01@15:19:18,4060,4.057875,8013.903225806452
2026/08/01@15:19:19,4061,3.98025,8002.935483870968
2026/08/01@15:19:20,4062,3.98625,7991.967741935484
2026/08/01@15:19:21,4063,3.9886876,7981.0
2026/08/01@15:19:22,4064,3.9926252,7970.0
2026/08/01@15:19:23,4065,3.9519376,7959.0
2026/08/01@15:19:24,4066,3.98081236,7948.0
2026/08/01@15:19:25,4067,3.93206268,7937.0
2026/08/01@15:19:26,4068,3.6725628,7926.0
2026/08/01@15:19:27,4069,3.7119376,7915.0
2026/08/01@15:19:28,4070,3.64368768,7904.0
2026/08/01@15:19:29,4071,4.1518124,7893.0
2026/08/01@15:19:31,4073,4.0211252,7871.0
2026/08/01@15:19:32,4074,3.960938,7860.0
2026/08/01@15:19:33,4075,3.885375,7849.0
2026/08/01@15:19:34,4076,3.88500032,7838.0
2026/08/01@15:19:35,4077,3.9896254,7827.0
2026/08/01@15:19:36,4078,3.939,7816.0
2026/08/01@15:19:37,4079,3.9391876,7805.0
2026/08/01@15:19:38,4080,3.939,7794.0
2026/08/01@15:19:39,4081,4.157625,7783.0
2026/08/01@15:19:40,4082,4.017375,7772.0
2026/08/01@15:19:41,4083,4.04475,7761.0
2026/08/01@15:19:43,4085,4.0132504,7739.0
2026/08/01@15:19:44,4086,4.1645628,7728.0
2026/08/01@15:19:45,4087,4.2187504,7717.0
2026/08/01@15:19:46,4088,4.1771256,7706.0
2026/08/01@15:19:47,4089,4.133625,7695.0
2026/08/01@15:19:48,4090,4.1355004,7684.0
2026/08/01@15:19:49,4091,4.263188,7673.0
2026/08/01@15:19:50,4092,4.26525,7662.0
2026/08/01@15:19:51,4093,4.260563,7651.0
2026/08/01@15:19:52,4094,4.2875624,7640.290322580645
2026/08/01@15:19:53,4095,4.284375,7629.580645161291
2026/08/01@15:19:54,4096,4.2886876,7618.870967741936
2026/08/01@15:19:56,4098,4.2913128,7597.451612903225
2026/08/01@15:19:57,4099,4.29525,7586.741935483871
2026/08/01@15:19:58,4100,4.296188,7576.032258064516
2026/08/01@15:19:59,4101,4.2928124,7565.322580645161
2026/08/01@15:20:00,4102,4.2191252,7554.612903225807
2026/08/01@15:20:01,4103,4.242,7543.903225806452
2026/08/01@15:20:02,4104,4.2541876,7533.193548387097
2026/08/01@15:20:03,4105,4.2406876,7522.483870967742
2026/08/01@15:20:04,4106,4.210875,7511.774193548387
2026/08/01@15:20:05,4107,4.2675,7501.064516129032
2026/08/01@15:20:06,4108,4.2455624,7490.354838709677
2026/08/01@15:20:07,4109,4.227375,7479.645161290323
2026/08/01@15:20:09,4111,4.2305628,7458.225806451613
2026/08/01@15:20:10,4112,4.220813,7447.5161290322585
2026/08/01@15:20:11,4113,4.23075,7436.806451612903
2026/08/01@15:20:12,4114,4.166063,7426.096774193548
2026/08/01@15:20:13,4115,4.179188,7415.387096774193
2026/08/01@15:20:14,4116,4.172063,7404.677419354839
2026/08/01@15:20:15,4117,4.310063,7393.967741935484
2026/08/01@15:20:16,4118,4.15425,7383.258064516129
2026/08/01@15:20:17,4119,4.138688,7372.548387096775
2026/08/01@15:20:18,4120,4.0805624,7361.8387096774195
2026/08/01@15:20:19,4121,3.9967504,7351.129032258064
2026/08/01@15:20:20,4122,4.1469376,7340.419354838709
2026/08/01@15:20:22,4124,4.0912504,7319.0
2026/08/01@15:20:23,4125,4.1743124,7309.096774193548
2026/08/01@15:20:24,4126,4.1671876,7299.193548387097
2026/08/01@15:20:25,4127,4.07625,7289.290322580645
2026/08/01@15:20:26,4128,4.1670004,7279.387096774193
2026/08/01@15:20:27,4129,4.1844376,7269.4838709677415
2026/08/01@15:20:28,4130,4.212188,7259.580645161291
2026/08/01@15:20:29,4131,4.179,7249.677419354839
2026/08/01@15:20:30,4132,4.1591252,7239.774193548387
2026/08/01@15:20:31,4133,4.064438,7229.870967741936
2026/08/01@15:20:32,4134,4.1692504,7219.967741935484
2026/08/01@15:20:33,4135,4.1525624,7210.064516129032
2026/08/01@15:20:35,4137,4.1416876,7190.258064516129
2026/08/01@15:20:36,4138,4.122,7180.354838709677
2026/08/01@15:20:37,4139,4.1293124,7170.451612903225
2026/08/01@15:20:38,4140,4.074375,7160.548387096775
2026/08/01@15:20:39,4141,4.0738124,7150.645161290323
2026/08/01@15:20:40,4142,4.066125,7140.741935483871
2026/08/01@15:20:41,4143,4.0417504,7130.8387096774195
2026/08/01@15:20:42,4144,3.8315628,7120.935483870968
2026/08/01@15:20:43,4145,3.9879376,7111.032258064516
2026/08/01@15:20:44,4146,4.01175,7101.129032258064
2026/08/01@15:20:45,4147,3.9676876,7091.225806451613
2026/08/01@15:20:46,4148,3.98156268,7081.322580645161
2026/08/01@15:20:48,4150,3.95268768,7061.5161290322585
2026/08/01@15:20:49,4151,3.66412536,7051.612903225807
2026/08/01@15:20:50,4152,3.9399376,7041.709677419355
2026/08/01@15:20:51,4153,4.1049376,7031.806451612903
2026/08/01@15:20:52,4154,4.009125,7021.903225806452
2026/08/01@15:20:53,4155,4.0021876,7012.0
2026/08/01@15:20:54,4156,4.086938,7001.4838709677415
2026/08/01@15:20:55,4157,3.979313,6990.967741935484
2026/08/01@15:20:56,4158,3.9883128,6980.451612903225
2026/08/01@15:20:57,4159,4.1981252,6969.935483870968
2026/08/01@15:20:58,4160,4.2354376,6959.419354838709
2026/08/01@15:21:00,4162,3.939375,6938.387096774193
2026/08/01@15:21:01,4163,4.2403124,6927.870967741936
2026/08/01@15:21:02,4164,3.83793784,6917.354838709677
2026/08/01@15:21:03,4165,3.84918768,6906.8387096774195
2026/08/01@15:21:04,4166,3.5625,6896.322580645161
2026/08/01@15:21:05,4167,3.7198126,6885.806451612903
2026/08/01@15:21:06,4168,3.4518752,6875.290322580645
2026/08/01@15:21:07,4169,3.61575,6864.774193548387
2026/08/01@15:21:08,4170,3.9495,6854.258064516129
2026/08/01@15:21:09,4171,3.7558126,6843.741935483871
2026/08/01@15:21:10,4172,4.1551876,6833.225806451613
2026/08/01@15:21:11,4173,4.1656876,6822.709677419355
2026/08/01@15:21:13,4175,4.164938,6801.677419354839
2026/08/01@15:21:14,4176,4.16475,6791.1612903225805
2026/08/01@15:21:15,4177,4.1626872,6780.645161290323
2026/08/01@15:21:16,4178,4.1619376,6770.129032258064
2026/08/01@15:21:17,4179,4.16025,6759.612903225807
2026/08/01@15:21:18,4180,4.157625,6749.096774193548
2026/08/01@15:21:19,4181,4.1525624,6738.580645161291
2026/08/01@15:21:20,4182,4.145625,6728.064516129032
2026/08/01@15:21:21,4183,4.133813,6717.548387096775
2026/08/01@15:21:22,4184,4.0719376,6707.032258064516
2026/08/01@15:21:23,4185,3.7314376,6696.516129032258
2026/08/01@15:21:24,4186,3.982875,6686.0
2026/08/01@15:21:26,4188,3.8506876,6664.666666666667
2026/08/01@15:21:27,4189,3.5383124,6654.0
2026/08/01@15:21:28,4190,3.997688,6643.333333333333
2026/08/01@15:21:29,4191,2.743875,6632.666666666667
2026/08/01@15:21:30,4192,3.8945628,6622.0
2026/08/01@15:21:31,4193,4.143,6611.333333333333
2026/08/01@15:21:32,4194,4.1480628,6600.666666666667
2026/08/01@15:21:33,4195,4.1274376,6590.0
2026/08/01@15:21:34,4196,3.1033124,6579.333333333333
2026/08/01@15:21:35,4197,3.949125,6568.666666666667
2026/08/01@15:21:36,4198,3.99525032,6558.0
2026/08/01@15:21:37,4199,3.98925032,6547.333333333333
2026/08/01@15:21:39,4201,2.7470628,6526.0
2026/08/01@15:21:40,4202,4.0725,6515.333333333333
2026/08/01@15:21:41,4203,4.0995,6504.666666666667
2026/08/01@15:21:42,4204,4.0965004,6494.0
2026/08/01@15:21:43,4205,4.116563,6483.333333333333
2026/08/01@15:21:44,4206,4.113188,6472.666666666667
2026/08/01@15:21:45,4207,4.1167504,6462.0
2026/08/01@15:21:46,4208,4.095375,6451.333333333333
2026/08/01@15:21:47,4209,3.9553128,6440.666666666667
2026/08/01@15:21:48,4210,4.075125,6430.0
2026/08/01@15:21:49,4211,4.0726876,6419.333333333333
2026/08/01@15:21:50,4212,4.0561876,6408.666666666667
2026/08/01@15:21:52,4214,3.9693752,6387.333333333333
2026/08/01@15:21:53,4215,4.3125004,6376.666666666667
2026/08/01@15:21:54,4216,4.0006876,6366.0
2026/08/01@15:21:55,4217,4.0541252,6355.870967741936
2026/08/01@15:21:56,4218,4.035375,6345.741935483871
2026/08/01@15:21:57,4219,4.0513124,6335.612903225807
2026/08/01@15:21:58,4220,4.0646252,6325.4838709677415
2026/08/01@15:21:59,4221,3.9643128,6315.354838709677
2026/08/01@15:22:00,4222,4.075125,6305.225806451613
2026/08/01@15:22:01,4223,4.070438,6295.096774193548
2026/08/01@15:22:02,4224,4.0897504,6284.967741935484
2026/08/01@15:22:04,4225,4.0843124,6264.709677419355
2026/08/01@15:22:05,4227,4.075125,6254.580645161291
2026/08/01@15:22:06,4228,3.83231268,6244.451612903225
2026/08/01@15:22:07,4229,3.132938,6234.322580645161
2026/08/01@15:22:08,4230,4.055625,6224.193548387097
2026/08/01@15:22:09,4231,4.0845004,6214.064516129032
2026/08/01@15:22:10,4232,4.085438,6203.935483870968
2026/08/01@15:22:11,4233,4.084875,6193.806451612903
2026/08/01@15:22:12,4234,3.84881236,6183.677419354839
2026/08/01@15:22:13,4235,4.0530004,6173.548387096775
2026/08/01@15:22:14,4236,4.0841256,6163.419354838709
2026/08/01@15:22:15,4237,4.0858124,6153.290322580645
2026/08/01@15:22:17,4239,4.08675,6133.032258064516
2026/08/01@15:22:18,4240,4.085625,6122.903225806452
2026/08/01@15:22:19,4241,4.0839376,6112.774193548387
2026/08/01@15:22:20,4242,4.0813128,6102.645161290323
2026/08/01@15:22:21,4243,4.076438,6092.516129032258
2026/08/01@15:22:22,4244,4.069688,6082.387096774193
2026/08/01@15:22:23,4245,4.0620004,6072.258064516129
2026/08/01@15:22:24,4246,4.052063,6062.129032258064
2026/08/01@15:22:25,4247,4.0344376,6052.0
2026/08/01@15:22:26,4248,3.7650004,6041.935483870968
2026/08/01@15:22:27,4249,4.029563,6031.870967741936
2026/08/01@15:22:28,4250,3.95868768,6021.806451612903
2026/08/01@15:22:30,4252,3.2473126,6001.677419354839
2026/08/01@15:22:31,4253,3.75375,5991.612903225807
2026/08/01@15:22:32,4254,3.99056268,5981.548387096775
2026/08/01@15:22:33,4255,3.9723752,5971.4838709677415
2026/08/01@15:22:34,4256,3.8566876,5961.419354838709
2026/08/01@15:22:35,4257,3.7267504,5951.354838709677
2026/08/01@15:22:36,4258,4.030125,5941.290322580645
2026/08/01@15:22:37,4259,4.0271252,5931.225806451613
2026/08/01@15:22:38,4260,4.001625,5921.1612903225805
2026/08/01@15:22:39,4261,3.895125,5911.096774193548
2026/08/01@15:22:40,4262,3.8938126,5901.032258064516
2026/08/01@15:22:41,4263,3.793688,5890.967741935484
2026/08/01@15:22:43,4265,3.535125,5870.8387096774195
2026/08/01@15:22:44,4266,3.84075,5860.774193548387
2026/08/01@15:22:45,4267,3.77981236,5850.709677419355
2026/08/01@15:22:46,4268,3.1852504,5840.645161290323
2026/08/01@15:22:47,4269,4.036688,5830.580645161291
2026/08/01@15:22:48,4270,4.055438,5820.5161290322585
2026/08/01@15:22:49,4271,3.665625,5810.451612903225
2026/08/01@15:22:50,4272,4.0635004,5800.387096774193
2026/08/01@15:22:51,4273,4.0681876,5790.322580645161
2026/08/01@15:22:52,4274,4.042125,5780.258064516129
2026/08/01@15:22:53,4275,4.0027504,5770.193548387097
2026/08/01@15:22:54,4276,3.715125,5760.129032258064
2026/08/01@15:22:56,4278,4.3914376,5740.0
2026/08/01@15:22:57,4279,4.2562504,5729.580645161291
2026/08/01@15:22:58,4280,4.2654376,5719.1612903225805
2026/08/01@15:22:59,4281,4.2633752,5708.741935483871
2026/08/01@15:23:00,4282,4.2661876,5698.322580645161
2026/08/01@15:23:01,4283,4.2615004,5687.903225806452
2026/08/01@15:23:02,4284,4.246125,5677.4838709677415
2026/08/01@15:23:03,4285,4.1887504,5667.064516129032
2026/08/01@15:23:04,4286,4.1467504,5656.645161290323
2026/08/01@15:23:05,4287,4.1265,5646.225806451613
2026/08/01@15:23:06,4288,3.64031268,5635.806451612903
2026/08/01@15:23:08,4290,3.99300032,5614.967741935484
2026/08/01@15:23:09,4291,2.7474376,5604.548387096775
2026/08/01@15:23:10,4292,4.1364376,5594.129032258064
2026/08/01@15:23:11,4293,2.747625,5583.709677419355
2026/08/01@15:23:12,4294,3.38925,5573.290322580645
2026/08/01@15:23:13,4295,3.91743768,5562.870967741936
2026/08/01@15:23:14,4296,3.9776252,5552.451612903225
2026/08/01@15:23:15,4297,4.045313,5542.032258064516
2026/08/01@15:23:16,4298,4.0475624,5531.612903225807
2026/08/01@15:23:17,4299,4.0395,5521.193548387097
2026/08/01@15:23:18,4300,4.01475,5510.774193548387
2026/08/01@15:23:19,4301,3.6858752,5500.354838709677
2026/08/01@15:23:21,4303,3.97781236,5479.516129032258
2026/08/01@15:23:22,4304,4.0155,5469.096774193548
2026/08/01@15:23:23,4305,4.0098752,5458.677419354839
2026/08/01@15:23:24,4306,3.9999376,5448.258064516129
2026/08/01@15:23:25,4307,3.8949376,5437.8387096774195
2026/08/01@15:23:26,4308,3.7938752,5427.419354838709
2026/08/01@15:23:27,4309,3.918375,5417.0
2026/08/01@15:23:28,4310,3.7790628,5406.266666666666
2026/08/01@15:23:29,4311,3.2844376,5395.533333333334
2026/08/01@15:23:30,4312,4.112625,5384.8
2026/08/01@15:23:31,4313,2.746875,5374.066666666667
2026/08/01@15:23:32,4314,4.0635004,5363.333333333333
2026/08/01@15:23:34,4316,4.1805,5341.866666666667
2026/08/01@15:23:35,4317,4.192688,5331.133333333333
2026/08/01@15:23:36,4318,4.2035628,5320.4
2026/08/01@15:23:37,4319,4.1400004,5309.666666666667
2026/08/01@15:23:38,4320,4.1480628,5298.933333333333
2026/08/01@15:23:39,4321,4.1325,5288.2
2026/08/01@15:23:40,4322,4.1758128,5277.466666666666
2026/08/01@15:23:41,4323,4.1698128,5266.733333333334
2026/08/01@15:23:42,4324,4.1745004,5256.0
2026/08/01@15:23:43,4325,4.1724376,5245.266666666666
2026/08/01@15:23:44,4326,4.1874376,5234.533333333334
2026/08/01@15:23:45,4327,4.1821876,5223.8
2026/08/01@15:23:47,4329,4.1810628,5202.333333333333
2026/08/01@15:23:48,4330,4.18275,5191.6
2026/08/01@15:23:49,4331,4.1722504,5180.866666666667
2026/08/01@15:23:50,4332,4.168875,5170.133333333333
2026/08/01@15:23:51,4333,4.10775,5159.4
2026/08/01@15:23:52,4334,4.1315628,5148.666666666667
2026/08/01@15:23:53,4335,4.0185004,5137.933333333333
2026/08/01@15:23:54,4336,4.113938,5127.2
2026/08/01@15:23:55,4337,3.8585624,5116.466666666667
2026/08/01@15:23:56,4338,4.059,5105.733333333334
2026/08/01@15:23:57,4339,4.0410004,5095.0
2026/08/01@15:23:58,4340,4.055813,5084.709677419355
2026/08/01@15:24:00,4342,4.0734376,5064.129032258064
2026/08/01@15:24:01,4343,4.0755004,5053.8387096774195
2026/08/01@15:24:02,4344,4.0734376,5043.548387096775
2026/08/01@15:24:03,4345,4.0665,5033.258064516129
2026/08/01@15:24:04,4346,4.0464376,5022.967741935484
2026/08/01@15:24:05,4347,3.9286876,5012.677419354839
2026/08/01@15:24:06,4348,4.0938752,5002.387096774193
2026/08/01@15:24:07,4349,4.0741872,4992.096774193548
2026/08/01@15:24:08,4350,4.054688,4981.806451612903
2026/08/01@15:24:09,4351,4.092188,4971.516129032258
2026/08/01@15:24:10,4352,4.0468124,4961.225806451613
2026/08/01@15:24:12,4354,4.1319376,4940.645161290323
2026/08/01@15:24:13,4355,4.020938,4930.354838709677
2026/08/01@15:24:14,4356,3.2664378,4920.064516129032
2026/08/01@15:24:15,4357,4.1205008,4909.774193548387
2026/08/01@15:24:16,4358,4.1203128,4899.4838709677415
2026/08/01@15:24:17,4359,4.1135624,4889.193548387097
2026/08/01@15:24:18,4360,4.0944376,4878.903225806452
2026/08/01@15:24:19,4361,4.0115624,4868.612903225807
2026/08/01@15:24:20,4362,4.0286256,4858.322580645161
2026/08/01@15:24:21,4363,4.0515004,4848.032258064516
2026/08/01@15:24:22,4364,4.0273124,4837.741935483871
2026/08/01@15:24:23,4365,3.988125,4827.451612903225
2026/08/01@15:24:25,4367,3.9120002,4806.870967741936
2026/08/01@15:24:26,4368,3.49293784,4796.580645161291
2026/08/01@15:24:27,4369,4.13325,4786.290322580645
2026/08/01@15:24:28,4370,3.9879376,4776.0
2026/08/01@15:24:29,4371,3.8319376,4766.225806451613
2026/08/01@15:24:30,4372,3.9328128,4756.451612903225
2026/08/01@15:24:31,4373,3.92512532,4746.677419354839
2026/08/01@15:24:32,4374,3.8808754,4736.903225806452
2026/08/01@15:24:33,4375,3.895125,4727.129032258064
2026/08/01@15:24:34,4376,2.747625,4717.354838709677
2026/08/01@15:24:35,4377,4.1446876,4707.580645161291
2026/08/01@15:24:36,4378,4.1696252,4697.806451612903
2026/08/01@15:24:38,4380,4.154813,4678.258064516129
2026/08/01@15:24:39,4381,3.9669378,4668.483870967742
2026/08/01@15:24:40,4382,4.0875,4658.709677419355
2026/08/01@15:24:41,4383,4.0790624,4648.935483870968
2026/08/01@15:24:42,4384,3.9995628,4639.1612903225805
2026/08/01@15:24:43,4385,2.74725,4629.387096774193
2026/08/01@15:24:44,4386,3.5782504,4619.612903225807
2026/08/01@15:24:45,4387,2.8520628,4609.8387096774195
2026/08/01@15:24:46,4388,3.99243768,4600.064516129032
2026/08/01@15:24:47,4389,3.96112532,4590.290322580645
2026/08/01@15:24:48,4390,4.1034376,4580.5161290322585
2026/08/01@15:24:49,4391,4.1446876,4570.741935483871
2026/08/01@15:24:51,4393,4.106625,4551.193548387097
2026/08/01@15:24:52,4394,4.107563,4541.419354838709
2026/08/01@15:24:53,4395,4.090875,4531.645161290323
2026/08/01@15:24:54,4396,3.9358128,4521.870967741936
2026/08/01@15:24:55,4397,3.9825004,4512.096774193548
2026/08/01@15:24:56,4398,3.957375,4502.322580645161
2026/08/01@15:24:57,4399,4.1499376,4492.548387096775
2026/08/01@15:24:58,4400,4.0876876,4482.774193548387
2026/08/01@15:24:59,4401,3.9583124,4473.0
2026/08/01@15:25:00,4402,4.071375,4462.870967741936
2026/08/01@15:25:01,4403,4.1938124,4452.741935483871
2026/08/01@15:25:02,4404,3.81225032,4442.612903225807
2026/08/01@15:25:04,4406,4.1161876,4422.354838709677
2026/08/01@15:25:05,4407,4.1823752,4412.225806451613
2026/08/01@15:25:06,4408,4.192688,4402.096774193548
2026/08/01@15:25:07,4409,3.6080624,4391.967741935484
2026/08/01@15:25:08,4410,4.165313,4381.8387096774195
2026/08/01@15:25:09,4411,4.1782504,4371.709677419355
2026/08/01@15:25:10,4412,3.588563,4361.580645161291
2026/08/01@15:25:11,4413,3.8868752,4351.451612903225
2026/08/01@15:25:12,4414,3.9301876,4341.322580645161
2026/08/01@15:25:13,4415,3.9658128,4331.193548387097
2026/08/01@15:25:14,4416,3.93656268,4321.064516129032
2026/08/01@15:25:16,4418,3.8225628,4300.806451612903
2026/08/01@15:25:17,4419,4.0310624,4290.677419354839
2026/08/01@15:25:18,4420,4.025625,4280.548387096775
2026/08/01@15:25:19,4421,3.981938,4270.419354838709
2026/08/01@15:25:20,4422,4.0070624,4260.290322580645
2026/08/01@15:25:21,4423,4.0185004,4250.1612903225805
2026/08/01@15:25:22,4424,4.007813,4240.032258064516
2026/08/01@15:25:23,4425,4.0113752,4229.903225806452
2026/08/01@15:25:24,4426,4.0323752,4219.774193548387
2026/08/01@15:25:25,4427,4.023375,4209.645161290323
2026/08/01@15:25:26,4428,3.8998128,4199.516129032258
2026/08/01@15:25:27,4429,4.0012504,4189.387096774193
2026/08/01@15:25:29,4431,3.98400032,4169.129032258064
2026/08/01@15:25:30,4432,3.993375,4159.0
2026/08/01@15:25:31,4433,4.0098752,4149.096774193548
2026/08/01@15:25:32,4434,4.0053752,4139.193548387097
2026/08/01@15:25:33,4435,3.2113128,4129.290322580645
2026/08/01@15:25:34,4436,2.746875,4119.387096774193
2026/08/01@15:25:35,4437,3.967875,4109.4838709677415
2026/08/01@15:25:36,4438,4.1643752,4099.580645161291
2026/08/01@15:25:37,4439,4.0462504,4089.6774193548385
2026/08/01@15:25:38,4440,4.2187504,4079.7741935483873
2026/08/01@15:25:39,4441,4.2251252,4069.8709677419356
2026/08/01@15:25:40,4442,4.217063,4059.967741935484
2026/08/01@15:25:42,4444,4.121625,4040.1612903225805
2026/08/01@15:25:43,4445,4.1836876,4030.2580645161293
2026/08/01@15:25:44,4446,4.1145,4020.3548387096776
2026/08/01@15:25:45,4447,4.14225,4010.451612903226
2026/08/01@15:25:46,4448,4.1315628,4000.548387096774
2026/08/01@15:25:47,4449,4.100625,3990.6451612903224
2026/08/01@15:25:48,4450,4.1420628,3980.741935483871
2026/08/01@15:25:49,4451,4.1229376,3970.8387096774195
2026/08/01@15:25:50,4452,3.8441252,3960.935483870968
2026/08/01@15:25:51,4453,4.1034376,3951.032258064516
2026/08/01@15:25:52,4454,4.0843124,3941.1290322580644
2026/08/01@15:25:54,4455,4.0415624,3921.3225806451615
2026/08/01@15:25:55,4457,3.99543768,3911.4193548387098
2026/08/01@15:25:56,4458,3.85256268,3901.516129032258
2026/08/01@15:25:57,4459,3.843,3891.6129032258063
2026/08/01@15:25:58,4460,3.888188,3881.709677419355
2026/08/01@15:25:59,4461,3.88743768,3871.8064516129034
2026/08/01@15:26:00,4462,3.89475,3861.9032258064517
2026/08/01@15:26:01,4463,3.8915628,3852.0
2026/08/01@15:26:02,4464,3.8840626,3842.6065573770493
2026/08/01@15:26:03,4465,3.9136876,3833.2131147540986
2026/08/01@15:26:04,4466,3.9086252,3823.8196721311474
2026/08/01@15:26:05,4467,4.1881876,3814.4262295081967
2026/08/01@15:26:07,4469,3.91068736,3795.6393442622953
2026/08/01@15:26:08,4470,4.211625,3786.245901639344
2026/08/01@15:26:09,4471,4.2000004,3776.8524590163934
2026/08/01@15:26:10,4472,4.1940004,3767.4590163934427
2026/08/01@15:26:11,4473,3.8705628,3758.065573770492
2026/08/01@15:26:12,4474,3.8668128,3748.6721311475408
2026/08/01@15:26:13,4475,3.83775,3739.27868852459
2026/08/01@15:26:14,4476,3.97743768,3729.8852459016393
2026/08/01@15:26:15,4477,3.8100004,3720.4918032786886
2026/08/01@15:26:16,4478,3.9075,3711.098360655738
2026/08/01@15:26:17,4479,3.8715,3701.7049180327867
2026/08/01@15:26:18,4480,3.9536252,3692.311475409836
2026/08/01@15:26:20,4482,3.9388128,3673.5245901639346
2026/08/01@15:26:21,4483,3.89550032,3664.1311475409834
2026/08/01@15:26:22,4484,3.94293784,3654.7377049180327
2026/08/01@15:26:23,4485,4.12425,3645.344262295082
2026/08/01@15:26:24,4486,3.8883752,3635.9508196721313
2026/08/01@15:26:25,4487,3.98643768,3626.55737704918
2026/08/01@15:26:26,4488,3.8844376,3617.1639344262294
2026/08/01@15:26:27,4489,3.83831268,3607.7704918032787
2026/08/01@15:26:28,4490,3.8424376,3598.377049180328
2026/08/01@15:26:29,4491,3.81375,3588.9836065573772
2026/08/01@15:26:30,4492,3.968813,3579.590163934426
2026/08/01@15:26:31,4493,3.3361878,3570.1967213114754
2026/08/01@15:26:33,4495,4.132125,3551.409836065574
2026/08/01@15:26:34,4496,4.158188,3542.0163934426228
2026/08/01@15:26:35,4497,4.18275,3532.622950819672
2026/08/01@15:26:36,4498,4.2037508,3523.2295081967213
2026/08/01@15:26:37,4499,4.20675,3513.8360655737706
2026/08/01@15:26:38,4500,4.2073124,3504.44262295082
2026/08/01@15:26:39,4501,4.2052504,3495.0491803278687
2026/08/01@15:26:40,4502,4.208438,3485.655737704918
2026/08/01@15:26:41,4503,4.2052504,3476.2622950819673
2026/08/01@15:26:42,4504,4.2001876,3466.868852459016
2026/08/01@15:26:43,4505,4.1955004,3457.4754098360654
2026/08/01@15:26:44,4506,4.183875,3448.0819672131147
2026/08/01@15:26:46,4508,4.17,3429.2950819672133
2026/08/01@15:26:47,4509,4.135875,3419.901639344262
2026/08/01@15:26:48,4510,4.019063,3410.5081967213114
2026/08/01@15:26:49,4511,4.0931252,3401.1147540983607
2026/08/01@15:26:50,4512,3.99243768,3391.72131147541
2026/08/01@15:26:51,4513,3.927188,3382.327868852459
2026/08/01@15:26:52,4514,4.3151256,3372.934426229508
2026/08/01@15:26:53,4515,4.0929376,3363.5409836065573
2026/08/01@15:26:54,4516,4.113375,3354.1475409836066
2026/08/01@15:26:55,4517,4.1098128,3344.754098360656
2026/08/01@15:26:56,4518,4.0998756,3335.3606557377047
2026/08/01@15:26:57,4519,4.1778756,3325.967213114754
2026/08/01@15:26:59,4521,4.1769376,3307.1803278688526
2026/08/01@15:27:00,4522,4.170375,3297.7868852459014
2026/08/01@15:27:01,4523,4.1520004,3288.3934426229507
2026/08/01@15:27:02,4524,4.113188,3279.0
2026/08/01@15:27:03,4525,4.0738124,3269.5
2026/08/01@15:27:04,4526,4.10775,3260.0
2026/08/01@15:27:05,4527,4.080938,3250.5
2026/08/01@15:27:06,4528,3.75262536,3241.0
2026/08/01@15:27:07,4529,4.0833756,3231.5
2026/08/01@15:27:08,4530,4.0674376,3222.0
2026/08/01@15:27:09,4531,2.7478128,3212.5
2026/08/01@15:27:11,4533,3.888188,3193.5
2026/08/01@15:27:12,4534,3.9133124,3184.0
2026/08/01@15:27:13,4535,4.0151252,3174.5
2026/08/01@15:27:14,4536,4.0053752,3165.0
2026/08/01@15:27:15,4537,4.0185004,3155.5
2026/08/01@15:27:16,4538,4.019063,3146.0
2026/08/01@15:27:17,4539,4.01175,3136.5
2026/08/01@15:27:18,4540,3.7963128,3127.0
2026/08/01@15:27:19,4541,4.007813,3117.5
2026/08/01@15:27:20,4542,3.98081236,3108.0
2026/08/01@15:27:21,4543,4.1833124,3098.5
2026/08/01@15:27:22,4544,4.1833124,3089.0
2026/08/01@15:27:24,4546,4.18125,3070.0
2026/08/01@15:27:25,4547,4.158188,3060.5
2026/08/01@15:27:26,4548,4.1116876,3051.0
2026/08/01@15:27:27,4549,4.118063,3041.5
2026/08/01@15:27:28,4550,4.02075,3032.0
2026/08/01@15:27:29,4551,4.0539376,3022.5
2026/08/01@15:27:30,4552,3.882938,3013.0
2026/08/01@15:27:31,4553,4.0815,3003.5
2026/08/01@15:27:32,4554,4.055625,2994.0
2026/08/01@15:27:33,4555,4.071,2985.0967741935483
2026/08/01@15:27:34,4556,3.95025032,2976.1935483870966
2026/08/01@15:27:35,4557,3.9838128,2967.2903225806454
2026/08/01@15:27:37,4559,3.96918768,2949.483870967742
2026/08/01@15:27:38,4560,3.97875,2940.5806451612902
2026/08/01@15:27:39,4561,3.9483752,2931.6774193548385
2026/08/01@15:27:40,4562,3.9898128,2922.7741935483873
2026/08/01@15:27:41,4563,4.024688,2913.8709677419356
2026/08/01@15:27:42,4564,4.0378128,2904.967741935484
2026/08/01@15:27:43,4565,4.0528124,2896.064516129032
2026/08/01@15:27:44,4566,4.005,2887.1612903225805
2026/08/01@15:27:45,4567,4.0531876,2878.2580645161293
2026/08/01@15:27:46,4568,4.05525,2869.3548387096776
2026/08/01@15:27:47,4569,4.0548752,2860.451612903226
2026/08/01@15:27:48,4570,4.0530004,2851.548387096774
2026/08/01@15:27:50,4572,4.0576876,2833.741935483871
2026/08/01@15:27:51,4573,4.055438,2824.8387096774195
2026/08/01@15:27:52,4574,4.0535628,2815.935483870968
2026/08/01@15:27:53,4575,4.047188,2807.032258064516
2026/08/01@15:27:54,4576,4.0376252,2798.1290322580644
2026/08/01@15:27:55,4577,4.0312504,2789.2258064516127
2026/08/01@15:27:56,4578,3.9984376,2780.3225806451615
2026/08/01@15:27:57,4579,2.7453752,2771.4193548387098
2026/08/01@15:27:58,4580,4.1310004,2762.516129032258
2026/08/01@15:27:59,4581,4.102875,2753.6129032258063
2026/08/01@15:28:00,4582,4.05075,2744.709677419355
2026/08/01@15:28:02,4584,4.0873128,2726.9032258064517
2026/08/01@15:28:03,4585,2.7453752,2718.0
2026/08/01@15:28:04,4586,3.4310628,2709.6129032258063
2026/08/01@15:28:05,4587,4.161563,2701.2258064516127
2026/08/01@15:28:06,4588,4.1049376,2692.8387096774195
2026/08/01@15:28:07,4589,4.0149376,2684.451612903226
2026/08/01@15:28:08,4590,4.0239376,2676.064516129032
2026/08/01@15:28:09,4591,3.8883752,2667.6774193548385
2026/08/01@15:28:10,4592,3.89925032,2659.2903225806454
2026/08/01@15:28:11,4593,3.9870004,2650.9032258064517
2026/08/01@15:28:12,4594,3.958125,2642.516129032258
2026/08/01@15:28:13,4595,3.588375,2634.1290322580644
2026/08/01@15:28:15,4597,3.79237532,2617.3548387096776
2026/08/01@15:28:16,4598,3.822,2608.967741935484
2026/08/01@15:28:17,4599,3.84225,2600.5806451612902
2026/08/01@15:28:18,4600,3.7483128,2592.1935483870966
2026/08/01@15:28:19,4601,3.7657504,2583.8064516129034
2026/08/01@15:28:20,4602,3.81600032,2575.4193548387098
2026/08/01@15:28:21,4603,2.7961876,2567.032258064516
2026/08/01@15:28:22,4604,3.92025032,2558.6451612903224
2026/08/01@15:28:23,4605,3.92400032,2550.258064516129
2026/08/01@15:28:24,4606,3.915,2541.8709677419356
2026/08/01@15:28:25,4607,3.87731268,2533.483870967742
2026/08/01@15:28:26,4608,4.129125,2525.0967741935483
2026/08/01@15:28:28,4610,3.929813,2508.3225806451615
2026/08/01@15:28:29,4611,3.37650016,2499.935483870968
2026/08/01@15:28:30,4612,3.0451876,2491.548387096774
2026/08/01@15:28:31,4613,3.647625,2483.1612903225805
2026/08/01@15:28:32,4614,4.1150628,2474.7741935483873
2026/08/01@15:28:33,4615,4.0224376,2466.3870967741937
2026/08/01@15:28:34,4616,4.0884376,2458.0
2026/08/01@15:28:35,4617,4.0496252,2448.8
2026/08/01@15:28:36,4618,4.1062504,2439.6
2026/08/01@15:28:37,4619,4.0215008,2430.4
2026/08/01@15:28:38,4620,3.98231268,2421.2
2026/08/01@15:28:39,4621,4.033313,2412.0
2026/08/01@15:28:41,4623,3.98437536,2393.6
2026/08/01@15:28:42,4624,4.0905004,2384.4
2026/08/01@15:28:43,4625,4.1008124,2375.2
2026/08/01@15:28:44,4626,4.0906876,2366.0
2026/08/01@15:28:45,4627,4.111313,2356.8
2026/08/01@15:28:46,4628,4.1060624,2347.6
2026/08/01@15:28:47,4629,4.1011876,2338.4
2026/08/01@15:28:48,4630,4.0938752,2329.2
2026/08/01@15:28:49,4631,4.0895624,2320.0
2026/08/01@15:28:50,4632,4.0271252,2310.8
2026/08/01@15:28:51,4633,3.9558754,2301.6
2026/08/01@15:28:53,4635,3.9883128,2283.2
2026/08/01@15:28:54,4636,4.1355004,2274.0
2026/08/01@15:28:55,4637,4.180875,2264.8
2026/08/01@15:28:56,4638,4.190625,2255.6
2026/08/01@15:28:57,4639,4.2358128,2246.4
2026/08/01@15:28:58,4640,4.2356252,2237.2
2026/08/01@15:28:59,4641,4.239375,2228.0
2026/08/01@15:29:00,4642,4.259625,2218.8
2026/08/01@15:29:01,4643,4.2883124,2209.6
2026/08/01@15:29:02,4644,4.290188,2200.4
2026/08/01@15:29:03,4645,4.290375,2191.2
2026/08/01@15:29:04,4646,4.2909376,2182.0
2026/08/01@15:29:06,4648,4.29075,2163.2903225806454
2026/08/01@15:29:07,4649,4.2885004,2153.935483870968
2026/08/01@15:29:08,4650,4.2877504,2144.5806451612902
2026/08/01@15:29:09,4651,4.2858752,2135.2258064516127
2026/08/01@15:29:10,4652,4.284938,2125.8709677419356
2026/08/01@15:29:11,4653,4.2825004,2116.516129032258
2026/08/01@15:29:12,4654,4.2781876,2107.1612903225805
2026/08/01@15:29:13,4655,4.2416252,2097.8064516129034
2026/08/01@15:29:14,4656,4.2350624,2088.451612903226
2026/08/01@15:29:15,4657,4.228688,2079.0967741935483
2026/08/01@15:29:16,4658,4.2403124,2069.7419354838707
2026/08/01@15:29:17,4659,4.23675,2060.3870967741937
2026/08/01@15:29:19,4661,4.2337504,2041.6774193548388
2026/08/01@15:29:20,4662,4.341938,2032.3225806451612
2026/08/01@15:29:21,4663,4.343813,2022.967741935484
2026/08/01@15:29:22,4664,4.3440004,2013.6129032258063
2026/08/01@15:29:23,4665,4.343063,2004.258064516129
2026/08/01@15:29:24,4666,4.3406252,1994.9032258064517
2026/08/01@15:29:25,4667,4.236,1985.5483870967741
2026/08/01@15:29:26,4668,4.232813,1976.1935483870968
2026/08/01@15:29:27,4669,4.237875,1966.8387096774193
2026/08/01@15:29:28,4670,4.226813,1957.483870967742
2026/08/01@15:29:29,4671,4.28175,1948.1290322580644
2026/08/01@15:29:31,4672,4.123313,1929.4193548387098
2026/08/01@15:29:32,4674,4.1938124,1920.0645161290322
2026/08/01@15:29:33,4675,4.1940004,1910.7096774193549
2026/08/01@15:29:34,4676,4.222313,1901.3548387096773
2026/08/01@15:29:35,4677,4.2091876,1892.0
2026/08/01@15:29:36,4678,4.2247504,1883.1290322580646
2026/08/01@15:29:37,4679,4.2238124,1874.258064516129
2026/08/01@15:29:38,4680,4.218375,1865.3870967741937
2026/08/01@15:29:39,4681,4.196625,1856.516129032258
2026/08/01@15:29:40,4682,4.163438,1847.6451612903227
2026/08/01@15:29:41,4683,4.1981252,1838.774193548387
2026/08/01@15:29:42,4684,4.1795624,1829.9032258064517
2026/08/01@15:29:44,4686,4.1868752,1812.1612903225807
2026/08/01@15:29:45,4687,4.1823752,1803.2903225806451
2026/08/01@15:29:46,4688,4.1780624,1794.4193548387098
2026/08/01@15:29:47,4689,4.1696252,1785.5483870967741
2026/08/01@15:29:48,4690,4.170188,1776.6774193548388
2026/08/01@15:29:49,4691,4.154813,1767.8064516129032
2026/08/01@15:29:50,4692,4.14975,1758.9354838709678
2026/08/01@15:29:51,4693,4.100625,1750.0645161290322
2026/08/01@15:29:52,4694,4.1096252,1741.1935483870968
2026/08/01@15:29:53,4695,4.06425,1732.3225806451612
2026/08/01@15:29:54,4696,3.9744376,1723.4516129032259
2026/08/01@15:29:55,4697,3.98475,1714.5806451612902
2026/08/01@15:29:57,4699,3.962625,1696.8387096774193
2026/08/01@15:29:58,4700,4.0846876,1687.967741935484
2026/08/01@15:29:59,4701,4.1610004,1679.0967741935483
2026/08/01@15:30:00,4702,4.138313,1670.225806451613
2026/08/01@15:30:01,4703,4.140938,1661.3548387096773
2026/08/01@15:30:02,4704,4.179375,1652.483870967742
2026/08/01@15:30:03,4705,4.185563,1643.6129032258063
2026/08/01@15:30:04,4706,4.153688,1634.741935483871
2026/08/01@15:30:05,4707,4.144875,1625.8709677419356
2026/08/01@15:30:06,4708,4.155,1617.0
2026/08/01@15:30:07,4709,4.1355004,1607.3666666666666
2026/08/01@15:30:08,4710,4.1420628,1597.7333333333333
2026/08/01@15:30:10,4712,4.1371876,1578.4666666666667
2026/08/01@15:30:11,4713,4.1265,1568.8333333333333
2026/08/01@15:30:12,4714,4.0963124,1559.2
2026/08/01@15:30:13,4715,4.0860004,1549.5666666666666
2026/08/01@15:30:14,4716,4.0674376,1539.9333333333334
2026/08/01@15:30:15,4717,4.040625,1530.3
2026/08/01@15:30:16,4718,4.03575,1520.6666666666667
2026/08/01@15:30:17,4719,4.0203752,1511.0333333333333
2026/08/01@15:30:18,4720,3.9920626,1501.4
2026/08/01@15:30:19,4721,3.9858752,1491.7666666666667
2026/08/01@15:30:20,4722,3.981,1482.1333333333332
2026/08/01@15:30:21,4723,4.003125,1472.5
2026/08/01@15:30:23,4725,3.9780002,1453.2333333333333
2026/08/01@15:30:24,4726,3.7888126,1443.6
2026/08/01@15:30:25,4727,4.1709376,1433.9666666666667
2026/08/01@15:30:26,4728,4.168125,1424.3333333333333
2026/08/01@15:30:27,4729,4.1919376,1414.7
2026/08/01@15:30:28,4730,3.7288128,1405.0666666666666
2026/08/01@15:30:29,4731,4.3134376,1395.4333333333334
2026/08/01@15:30:30,4732,4.326,1385.8
2026/08/01@15:30:31,4733,4.326375,1376.1666666666667
2026/08/01@15:30:32,4734,4.32525,1366.5333333333333
2026/08/01@15:30:33,4735,4.3222504,1356.9
2026/08/01@15:30:34,4736,4.3168124,1347.2666666666667
2026/08/01@15:30:36,4738,4.3177504,1328.0
2026/08/01@15:30:37,4739,4.3096876,1319.6129032258063
2026/08/01@15:30:38,4740,4.310813,1311.225806451613
2026/08/01@15:30:39,4741,4.3111876,1302.8387096774193
2026/08/01@15:30:40,4742,4.3098756,1294.4516129032259
2026/08/01@15:30:41,4743,4.3070624,1286.0645161290322
2026/08/01@15:30:42,4744,4.3031252,1277.6774193548388
2026/08/01@15:30:43,4745,4.298625,1269.2903225806451
2026/08/01@15:30:44,4746,4.2331876,1260.9032258064517
2026/08/01@15:30:45,4747,4.24275,1252.516129032258
2026/08/01@15:30:46,4748,4.2309376,1244.1290322580644
2026/08/01@15:30:47,4749,4.2290624,1235.741935483871
2026/08/01@15:30:49,4751,4.2785624,1218.967741935484
2026/08/01@15:30:50,4752,4.274625,1210.5806451612902
2026/08/01@15:30:51,4753,4.2716256,1202.1935483870968
2026/08/01@15:30:52,4754,4.2645,1193.8064516129032
2026/08/01@15:30:53,4755,4.268438,1185.4193548387098
2026/08/01@15:30:54,4756,4.2646876,1177.032258064516
2026/08/01@15:30:55,4757,4.26375,1168.6451612903227
2026/08/01@15:30:56,4758,4.2601876,1160.258064516129
2026/08/01@15:30:57,4759,4.254563,1151.8709677419356
2026/08/01@15:30:58,4760,4.2470628,1143.483870967742
2026/08/01@15:30:59,4761,4.206375,1135.0967741935483
2026/08/01@15:31:01,4763,4.2316876,1118.3225806451612
2026/08/01@15:31:02,4764,4.2440624,1109.9354838709678
2026/08/01@15:31:03,4765,4.228875,1101.5483870967741
2026/08/01@15:31:04,4766,4.1836876,1093.1612903225807
2026/08/01@15:31:05,4767,4.195125,1084.774193548387
2026/08/01@15:31:06,4768,4.1895004,1076.3870967741937
2026/08/01@15:31:07,4769,4.1735624,1068.0
2026/08/01@15:31:08,4770,4.155,1059.6129032258063
2026/08/01@15:31:09,4771,4.04325,1051.225806451613
2026/08/01@15:31:10,4772,4.101375,1042.8387096774195
2026/08/01@15:31:11,4773,4.0876876,1034.4516129032259
2026/08/01@15:31:12,4774,4.0005,1026.0645161290322
2026/08/01@15:31:14,4776,3.69525,1009.2903225806451
2026/08/01@15:31:15,4777,3.687375,1000.9032258064517
2026/08/01@15:31:16,4778,3.64368768,992.516129032258
2026/08/01@15:31:17,4779,3.64800032,984.1290322580645
2026/08/01@15:31:18,4780,3.76725,975.741935483871
2026/08/01@15:31:19,4781,3.9513752,967.3548387096774
2026/08/01@15:31:20,4782,3.9133124,958.9677419354839
2026/08/01@15:31:21,4783,3.9343128,950.5806451612904
2026/08/01@15:31:22,4784,3.8415004,942.1935483870968
2026/08/01@15:31:23,4785,3.8640004,933.8064516129032
2026/08/01@15:31:24,4786,4.166813,925.4193548387098
2026/08/01@15:31:25,4787,3.8356876,917.0322580645161
2026/08/01@15:31:27,4789,3.858,900.258064516129
2026/08/01@15:31:28,4790,3.60618784,891.8709677419355
2026/08/01@15:31:29,4791,4.029563,883.483870967742
2026/08/01@15:31:30,4792,3.93675,875.0967741935484
2026/08/01@15:31:31,4793,3.2208752,866.7096774193549
2026/08/01@15:31:32,4794,3.9549374,858.3225806451613
2026/08/01@15:31:33,4795,3.907875,849.9354838709678
2026/08/01@15:31:34,4796,3.9105,841.5483870967741
2026/08/01@15:31:35,4797,3.973875,833.1612903225807
2026/08/01@15:31:36,4798,2.7395628,824.7741935483871
2026/08/01@15:31:37,4799,4.056,816.3870967741937
2026/08/01@15:31:38,4800,4.045313,808.0
2026/08/01@15:31:40,4802,3.9776252,792.9677419354839
2026/08/01@15:31:41,4803,4.2946876,785.4516129032259
2026/08/01@15:31:42,4804,3.9909376,777.9354838709677
2026/08/01@15:31:43,4805,4.069688,770.4193548387096
2026/08/01@15:31:44,4806,4.0470004,762.9032258064516
2026/08/01@15:31:45,4807,4.0153128,755.3870967741935
2026/08/01@15:31:46,4808,4.024688,747.8709677419355
2026/08/01@15:31:47,4809,4.0211252,740.3548387096774
2026/08/01@15:31:48,4810,4.012125,732.8387096774194
2026/08/01@15:31:49,4811,3.9890628,725.3225806451612
2026/08/01@15:31:50,4812,3.6324376,717.8064516129032
2026/08/01@15:31:51,4813,3.9339376,710.2903225806451
2026/08/01@15:31:53,4815,3.966,695.258064516129
2026/08/01@15:31:54,4816,4.0096876,687.741935483871
2026/08/01@15:31:55,4817,4.0059376,680.2258064516129
2026/08/01@15:31:56,4818,4.006875,672.7096774193549
2026/08/01@15:31:57,4819,4.0072504,665.1935483870968
2026/08/01@15:31:58,4820,3.566625,657.6774193548387
2026/08/01@15:31:59,4821,3.91031268,650.1612903225806
2026/08/01@15:32:00,4822,3.8994376,642.6451612903226
2026/08/01@15:32:01,4823,2.7418128,635.1290322580645
2026/08/01@15:32:02,4824,4.014,627.6129032258065
2026/08/01@15:32:03,4825,3.9796876,620.0967741935484
2026/08/01@15:32:05,4827,3.9796876,605.0645161290322
2026/08/01@15:32:06,4828,3.95868768,597.5483870967741
2026/08/01@15:32:07,4829,2.74125,590.0322580645161
2026/08/01@15:32:08,4830,3.7948126,582.516129032258
2026/08/01@15:32:09,4831,3.968625,575.0
