datetime,elapsed_s,uvindex
2026/08/01@14:11:46,7,0.2126087
2026/08/01@14:11:47,8,0.20913044
2026/08/01@14:11:48,9,0.182173908
2026/08/01@14:11:49,10,0.18347826
2026/08/01@14:11:50,11,0.1852174
2026/08/01@14:11:51,12,0.170434784
2026/08/01@14:11:52,13,0.25695652
2026/08/01@14:11:54,15,0.22217392
2026/08/01@14:11:55,16,0.20913044
2026/08/01@14:11:56,17,0.201739132
2026/08/01@14:11:57,18,0.20913044
2026/08/01@14:11:58,19,0.21043478
2026/08/01@14:11:59,20,0.2552174
2026/08/01@14:12:00,21,0.19347826
2026/08/01@14:12:01,22,0.29173914
2026/08/01@14:12:02,23,0.31391304
2026/08/01@14:12:03,24,0.26826088
2026/08/01@14:12:04,25,0.38434784
2026/08/01@14:12:05,26,0.36739132
2026/08/01@14:12:07,28,0.32086956
2026/08/01@14:12:08,29,0.32608696
2026/08/01@14:12:09,30,0.33
2026/08/01@14:12:10,31,0.33
2026/08/01@14:12:11,32,0.33347828
2026/08/01@14:12:12,33,0.33086956
2026/08/01@14:12:13,34,0.3195652
2026/08/01@14:12:14,35,0.32130436
2026/08/01@14:12:15,36,0.04478261
2026/08/01@14:12:16,37,0.08695652
2026/08/01@14:12:17,38,0.112173912
2026/08/01@14:12:18,39,0.14608696
2026/08/01@14:12:20,41,0.115652176
2026/08/01@14:12:21,42,0.2826087
2026/08/01@14:12:22,43,0.23826086
2026/08/01@14:12:23,44,0.11260869
2026/08/01@14:12:24,45,0.11347826
2026/08/01@14:12:25,46,0.11347826
2026/08/01@14:12:26,47,0.17347826
2026/08/01@14:12:27,48,0.110434784
2026/08/01@14:12:28,49,0.110434784
2026/08/01@14:12:29,50,0.110434784
2026/08/01@14:12:30,51,0.27913044
2026/08/01@14:12:31,52,0.237391316
2026/08/01@14:12:33,54,0.229130432
2026/08/01@14:12:34,55,0.3104348
2026/08/01@14:12:35,56,0.33
2026/08/01@14:12:36,57,0.30130434
2026/08/01@14:12:37,58,0.09521739
2026/08/01@14:12:38,59,0.33347828
2026/08/01@14:12:39,60,0.32956524
2026/08/01@14:12:40,61,0.33
2026/08/01@14:12:41,62,0.39652176
2026/08/01@14:12:42,63,0.4
2026/08/01@14:12:43,64,0.399565216
2026/08/01@14:12:44,65,0.398260868
2026/08/01@14:12:46,67,0.398260868
2026/08/01@14:12:47,68,0.177826092
2026/08/01@14:12:48,69,0.17956522
2026/08/01@14:12:49,70,0.336521736
2026/08/01@14:12:50,71,0.30304348
2026/08/01@14:12:51,72,0.29086956
2026/08/01@14:12:52,73,0.30391306
2026/08/01@14:12:53,74,0.33782608
2026/08/01@14:12:54,75,0.06
2026/08/01@14:12:55,76,0.06
2026/08/01@14:12:56,77,0.056086956
2026/08/01@14:12:57,78,0.27913044
2026/08/01@14:12:59,80,0.12739131
2026/08/01@14:13:00,81,0.08869565
2026/08/01@14:13:01,82,0.3021739
2026/08/01@14:13:02,83,0.31652172
2026/08/01@14:13:03,84,0.30043476
2026/08/01@14:13:04,85,0.3121739
2026/08/01@14:13:05,86,0.375217368
2026/08/01@14:13:06,87,0.38217392
2026/08/01@14:13:07,88,0.40391304
2026/08/01@14:13:08,89,0.39391304
2026/08/01@14:13:09,90,0.42608696
2026/08/01@14:13:10,91,0.43173912
2026/08/01@14:13:12,93,0.44130436
2026/08/01@14:13:13,94,0.43
2026/08/01@14:13:14,95,0.10173913
2026/08/01@14:13:15,96,0.074347824
2026/08/01@14:13:16,97,0.440434784
2026/08/01@14:13:17,98,0.36347828
2026/08/01@14:13:18,99,0.42608696
2026/08/01@14:13:19,100,0.45217392
2026/08/01@14:13:20,101,0.44695652
2026/08/01@14:13:21,102,0.4226087
2026/08/01@14:13:22,103,0.44695652
2026/08/01@14:13:23,104,0.4573913
2026/08/01@14:13:25,106,0.42347828
2026/08/01@14:13:26,107,0.4452174
2026/08/01@14:13:27,108,0.46173912
2026/08/01@14:13:28,109,0.458260868
2026/08/01@14:13:29,110,0.456956536
2026/08/01@14:13:30,111,0.4626087
2026/08/01@14:13:31,112,0.4421739
2026/08/01@14:13:32,113,0.3552174
2026/08/01@14:13:33,114,0.3704348
2026/08/01@14:13:34,115,0.34608696
2026/08/01@14:13:35,116,0.42695652
2026/08/01@14:13:36,117,0.1926087
2026/08/01@14:13:38,119,0.3178261
2026/08/01@14:13:39,120,0.400869568
2026/08/01@14:13:40,121,0.2504348
2026/08/01@14:13:41,122,0.20956522
2026/08/01@14:13:42,123,0.10478261
2026/08/01@14:13:43,124,0.08695652
2026/08/01@14:13:44,125,0.10217391
2026/08/01@14:13:45,126,0.072608696
2026/08/01@14:13:46,127,0.07173913
2026/08/01@14:13:47,128,0.09652174
2026/08/01@14:13:48,129,0.231304352
2026/08/01@14:13:49,130,0.28
2026/08/01@14:13:51,132,0.2630435
2026/08/01@14:13:52,133,0.09869565
2026/08/01@14:13:53,134,0.39043476
2026/08/01@14:13:54,135,0.3569565
2026/08/01@14:13:55,136,0.3552174
2026/08/01@14:13:56,137,0.36173912
2026/08/01@14:13:57,138,0.39043476
2026/08/01@14:13:58,139,0.368260868
2026/08/01@14:13:59,140,0.4
2026/08/01@14:14:00,141,0.42130436
2026/08/01@14:14:01,142,0.4026087
2026/08/01@14:14:02,143,0.5008696
2026/08/01@14:14:03,144,0.4395652
2026/08/01@14:14:05,146,0.424347816
2026/08/01@14:14:06,147,0.41826088
2026/08/01@14:14:07,148,0.4226087
2026/08/01@14:14:08,149,0.42130436
2026/08/01@14:14:09,150,0.435217368
2026/08/01@14:14:10,151,0.42695652
2026/08/01@14:14:11,152,0.43130434
2026/08/01@14:14:12,153,0.43173912
2026/08/01@14:14:13,154,0.435217368
2026/08/01@14:14:14,155,0.42130436
2026/08/01@14:14:15,156,0.42782608
2026/08/01@14:14:16,157,0.43565216
2026/08/01@14:14:18,159,0.15478261
2026/08/01@14:14:19,160,0.42695652
2026/08/01@14:14:20,161,0.4226087
2026/08/01@14:14:21,162,0.42173912
2026/08/01@14:14:22,163,0.4230435
2026/08/01@14:14:23,164,0.424347816
2026/08/01@14:14:24,165,0.42782608
2026/08/01@14:14:25,166,0.42652176
2026/08/01@14:14:26,167,0.43565216
2026/08/01@14:14:27,168,0.4
2026/08/01@14:14:28,169,0.39913044
2026/08/01@14:14:29,170,0.404782632
2026/08/01@14:14:31,172,0.40434784
2026/08/01@14:14:32,173,0.41130436
2026/08/01@14:14:33,174,0.41130436
2026/08/01@14:14:34,175,0.41956524
2026/08/01@14:14:35,176,0.4147826
2026/08/01@14:14:36,177,0.3926087
2026/08/01@14:14:37,178,0.4021739
2026/08/01@14:14:38,179,0.3726087
2026/08/01@14:14:39,180,0.08608696
2026/08/01@14:14:40,181,0.08652174
2026/08/01@14:14:41,182,0.08608696
2026/08/01@14:14:42,183,0.067391304
2026/08/01@14:14:44,185,0.02
2026/08/01@14:14:45,186,0.03521739
2026/08/01@14:14:46,187,0.09
2026/08/01@14:14:47,188,0.09739131
2026/08/01@14:14:48,189,0.09565217
2026/08/01@14:14:49,190,0.09739131
2026/08/01@14:14:50,191,0.08434783
2026/08/01@14:14:51,192,0.08304348
2026/08/01@14:14:52,193,0.08434783
2026/08/01@14:14:53,194,0.078695656
2026/08/01@14:14:54,195,0.04695652
2026/08/01@14:14:55,196,0.0539130432
2026/08/01@14:14:57,198,0.06
2026/08/01@14:14:58,199,0.07521739
2026/08/01@14:14:59,200,0.07826087
2026/08/01@14:15:00,201,0.39086956
2026/08/01@14:15:01,202,0.113913048
2026/08/01@14:15:02,203,0.109130432
2026/08/01@14:15:03,204,0.11
2026/08/01@14:15:04,205,0.11260869
2026/08/01@14:15:05,206,0.100869568
2026/08/01@14:15:06,207,0.08608696
2026/08/01@14:15:07,208,0.09695652
2026/08/01@14:15:08,209,0.08869565
2026/08/01@14:15:10,211,0.09391304
2026/08/01@14:15:11,212,0.094782608
2026/08/01@14:15:12,213,0.09
2026/08/01@14:15:13,214,0.08608696
2026/08/01@14:15:14,215,0.076956532
2026/08/01@14:15:15,216,0.085217392
2026/08/01@14:15:16,217,0.07347826
2026/08/01@14:15:17,218,0.09521739
2026/08/01@14:15:18,219,0.08782609
2026/08/01@14:15:19,220,0.10347826
2026/08/01@14:15:20,221,0.112173912
2026/08/01@14:15:21,222,0.09739131
2026/08/01@14:15:22,223,0.09869565
2026/08/01@14:15:24,225,0.09
2026/08/01@14:15:25,226,0.2426087
2026/08/01@14:15:26,227,0.26130436
2026/08/01@14:15:27,228,0.31565216
2026/08/01@14:15:28,229,0.350434784
2026/08/01@14:15:29,230,0.34391304
2026/08/01@14:15:30,231,0.33130434
2026/08/01@14:15:31,232,0.32826088
2026/08/01@14:15:32,233,0.3330435
2026/08/01@14:15:33,234,0.36
2026/08/01@14:15:34,235,0.355652184
2026/08/01@14:15:35,236,0.33608696
2026/08/01@14:15:37,238,0.27652174
2026/08/01@14:15:38,239,0.083478264
2026/08/01@14:15:39,240,0.08217391
2026/08/01@14:15:40,241,0.09391304
2026/08/01@14:15:41,242,0.09521739
2026/08/01@14:15:42,243,0.31391304
2026/08/01@14:15:43,244,0.3043478
2026/08/01@14:15:44,245,0.2721739
2026/08/01@14:15:45,246,0.233913052
2026/08/01@14:15:46,247,0.22130434
2026/08/01@14:15:47,248,0.2078261
2026/08/01@14:15:48,249,0.17130434
2026/08/01@14:15:50,251,0.14304348
2026/08/01@14:15:51,252,0.13652174
2026/08/01@14:15:52,253,0.13304348
2026/08/01@14:15:53,254,0.13043478
2026/08/01@14:15:54,255,0.11
2026/08/01@14:15:55,256,0.08782609
2026/08/01@14:15:56,257,0.07652174
2026/08/01@14:15:57,258,0.07652174
2026/08/01@14:15:58,259,0.07608695
2026/08/01@14:15:59,260,0.07608695
2026/08/01@14:16:00,261,0.07956522
2026/08/01@14:16:01,262,0.07347826
2026/08/01@14:16:03,264,0.063043476
2026/08/01@14:16:04,265,0.070869568
2026/08/01@14:16:05,266,0.07
2026/08/01@14:16:06,267,0.070869568
2026/08/01@14:16:07,268,0.07130435
2026/08/01@14:16:08,269,0.07130435
2026/08/01@14:16:09,270,0.07478261
2026/08/01@14:16:10,271,0.07130435
2026/08/01@14:16:11,272,0.07304348
2026/08/01@14:16:12,273,0.072608696
2026/08/01@14:16:13,274,0.066086952
2026/08/01@14:16:14,275,0.06565218
2026/08/01@14:16:16,277,0.064347824
2026/08/01@14:16:17,278,0.069130432
2026/08/01@14:16:18,279,0.069130432
2026/08/01@14:16:19,280,0.059565216
2026/08/01@14:16:20,281,0.050434784
2026/08/01@14:16:21,282,0.048695652
2026/08/01@14:16:22,283,0.050869564
2026/08/01@14:16:23,284,0.053043476
2026/08/01@14:16:24,285,0.037826088
2026/08/01@14:16:25,286,0.0013043479
2026/08/01@14:16:26,287,0.00173913036
2026/08/01@14:16:27,288,0.00173913036
2026/08/01@14:16:29,290,0.000434782632
2026/08/01@14:16:30,291,0.0013043479
2026/08/01@14:16:31,292,0.000434782632
2026/08/01@14:16:32,293,0.0013043479
2026/08/01@14:16:33,294,0.00173913036
2026/08/01@14:16:34,295,0.00173913036
2026/08/01@14:16:35,296,0.064347824
2026/08/01@14:16:36,297,0.074347824
2026/08/01@14:16:37,298,0.080434784
2026/08/01@14:16:38,299,0.076956532
2026/08/01@14:16:39,300,0.07478261
2026/08/01@14:16:40,301,0.051304348
2026/08/01@14:16:42,303,0.049130436
2026/08/01@14:16:43,304,0.04478261
2026/08/01@14:16:44,305,0.049130436
2026/08/01@14:16:45,306,0.050434784
2026/08/01@14:16:46,307,0.049130436
2026/08/01@14:16:47,308,0.050869564
2026/08/01@14:16:48,309,0.051304348
2026/08/01@14:16:49,310,0.048695652
2026/08/01@14:16:50,311,0.050434784
2026/08/01@14:16:51,312,0.050434784
2026/08/01@14:16:52,313,0.04956522
2026/08/01@14:16:53,314,0.050434784
2026/08/01@14:16:55,316,0.051304348
2026/08/01@14:16:56,317,0.05478261
2026/08/01@14:16:57,318,0.054347824
2026/08/01@14:16:58,319,0.055652176
2026/08/01@14:16:59,320,0.050434784
2026/08/01@14:17:00,321,0.048695652
2026/08/01@14:17:01,322,0.047826084
2026/08/01@14:17:02,323,0.049130436
2026/08/01@14:17:03,324,0.048695652
2026/08/01@14:17:04,325,0.052173912
2026/08/01@14:17:05,326,0.05478261
2026/08/01@14:17:06,327,0.052173912
2026/08/01@14:17:08,329,0.0539130432
2026/08/01@14:17:09,330,0.051304348
2026/08/01@14:17:10,331,0.051304348
2026/08/01@14:17:11,332,0.052608696
2026/08/01@14:17:12,333,0.052173912
2026/08/01@14:17:13,334,0.053043476
2026/08/01@14:17:14,335,0.054347824
2026/08/01@14:17:15,336,0.06347826
2026/08/01@14:17:16,337,0.05478261
2026/08/01@14:17:17,338,0.0539130432
2026/08/01@14:17:18,339,0.054347824
2026/08/01@14:17:19,340,0.054347824
2026/08/01@14:17:21,342,0.08608696
2026/08/01@14:17:22,343,0.10173913
2026/08/01@14:17:23,344,0.094782608
2026/08/01@14:17:24,345,0.10521739
2026/08/01@14:17:25,346,0.10695652
2026/08/01@14:17:26,347,0.10652174
2026/08/01@14:17:27,348,0.10652174
2026/08/01@14:17:28,349,0.107391304
2026/08/01@14:17:29,350,0.107391304
2026/08/01@14:17:30,351,0.10826087
2026/08/01@14:17:31,352,0.07782609
2026/08/01@14:17:32,353,0.07478261
2026/08/01@14:17:34,355,0.083478264
2026/08/01@14:17:35,356,0.09913044
2026/08/01@14:17:36,357,0.07521739
2026/08/01@14:17:37,358,0.09521739
2026/08/01@14:17:38,359,0.09869565
2026/08/01@14:17:39,360,0.09739131
2026/08/01@14:17:40,361,0.10043478
2026/08/01@14:17:41,362,0.100869568
2026/08/01@14:17:42,363,0.1
2026/08/01@14:17:43,364,0.09739131
2026/08/01@14:17:44,365,0.09217391
2026/08/01@14:17:45,366,0.094782608
2026/08/01@14:17:46,367,0.09695652
2026/08/01@14:17:48,369,0.09391304
2026/08/01@14:17:49,370,0.10869565
2026/08/01@14:17:50,371,0.110434784
2026/08/01@14:17:51,372,0.11173913
2026/08/01@14:17:52,373,0.08869565
2026/08/01@14:17:53,374,0.085217392
2026/08/01@14:17:54,375,0.09521739
2026/08/01@14:17:55,376,0.10304348
2026/08/01@14:17:56,377,0.107391304
2026/08/01@14:17:57,378,0.10869565
2026/08/01@14:17:58,379,0.11521739
2026/08/01@14:17:59,380,0.14565218
2026/08/01@14:18:01,382,0.12434783
2026/08/01@14:18:02,383,0.09130435
2026/08/01@14:18:03,384,0.09217391
2026/08/01@14:18:04,385,0.09
2026/08/01@14:18:05,386,0.07173913
2026/08/01@14:18:06,387,0.069565216
2026/08/01@14:18:07,388,0.074347824
2026/08/01@14:18:08,389,0.10826087
2026/08/01@14:18:09,390,0.10652174
2026/08/01@14:18:10,391,0.07130435
2026/08/01@14:18:11,392,0.1747826
2026/08/01@14:18:12,393,0.1973913
2026/08/01@14:18:14,395,0.1526087
2026/08/01@14:18:15,396,0.12695652
2026/08/01@14:18:16,397,0.055652176
2026/08/01@14:18:17,398,0.16608696
2026/08/01@14:18:18,399,0.23304348
2026/08/01@14:18:19,400,0.2878261
2026/08/01@14:18:20,401,0.10826087
2026/08/01@14:18:21,402,0.2873913
2026/08/01@14:18:22,403,0.11521739
2026/08/01@14:18:23,404,0.29434782
2026/08/01@14:18:24,405,0.455652184
2026/08/01@14:18:25,406,0.3569565
2026/08/01@14:18:27,408,0.3652174
2026/08/01@14:18:28,409,0.094782608
2026/08/01@14:18:29,410,0.1373913
2026/08/01@14:18:30,411,0.12608695
2026/08/01@14:18:31,412,0.1226087
2026/08/01@14:18:32,413,0.09652174
2026/08/01@14:18:33,414,0.15173914
2026/08/01@14:18:34,415,0.11913043
2026/08/01@14:18:35,416,0.09130435
2026/08/01@14:18:36,417,0.110434784
2026/08/01@14:18:37,418,0.11347826
2026/08/01@14:18:38,419,0.13043478
2026/08/01@14:18:40,421,0.116956532
2026/08/01@14:18:41,422,0.12086956
2026/08/01@14:18:42,423,0.115652176
2026/08/01@14:18:43,424,0.116956532
2026/08/01@14:18:44,425,0.12434783
2026/08/01@14:18:45,426,0.12043478
2026/08/01@14:18:46,427,0.11913043
2026/08/01@14:18:47,428,0.12086956
2026/08/01@14:18:48,429,0.118695656
2026/08/01@14:18:49,430,0.09
2026/08/01@14:18:50,431,0.08652174
2026/08/01@14:18:51,432,0.08869565
2026/08/01@14:18:53,434,0.072608696
2026/08/01@14:18:54,435,0.063043476
2026/08/01@14:18:55,436,0.1
2026/08/01@14:18:56,437,0.11260869
2026/08/01@14:18:57,438,0.09695652
2026/08/01@14:18:58,439,0.085217392
2026/08/01@14:18:59,440,0.054347824
2026/08/01@14:19:00,441,0.08826087
2026/08/01@14:19:01,442,0.12434783
2026/08/01@14:19:02,443,0.15173914
2026/08/01@14:19:03,444,0.14782609
2026/08/01@14:19:04,445,0.043913044
2026/08/01@14:19:06,447,0.04043478
2026/08/01@14:19:07,448,0.14782609
2026/08/01@14:19:08,449,0.13652174
2026/08/01@14:19:09,450,0.13652174
2026/08/01@14:19:10,451,0.14391304
2026/08/01@14:19:11,452,0.12869565
2026/08/01@14:19:12,453,0.13086956
2026/08/01@14:19:13,454,0.1447826
2026/08/01@14:19:14,455,0.14043478
2026/08/01@14:19:15,456,0.14043478
2026/08/01@14:19:16,457,0.13565217
2026/08/01@14:19:17,458,0.06478261
2026/08/01@14:19:19,460,0.13652174
2026/08/01@14:19:20,461,0.12608695
2026/08/01@14:19:21,462,0.12217391
2026/08/01@14:19:22,463,0.12217391
2026/08/01@14:19:23,464,0.12565218
2026/08/01@14:19:24,465,0.118695656
2026/08/01@14:19:25,466,0.12043478
2026/08/01@14:19:26,467,0.1173913
2026/08/01@14:19:27,468,0.13130436
2026/08/01@14:19:28,469,0.14217392
2026/08/01@14:19:29,470,0.14782609
2026/08/01@14:19:30,471,0.13826087
2026/08/01@14:19:32,473,0.14043478
2026/08/01@14:19:33,474,0.1373913
2026/08/01@14:19:34,475,0.13304348
2026/08/01@14:19:35,476,0.11608696
2026/08/01@14:19:36,477,0.10869565
2026/08/01@14:19:37,478,0.11608696
2026/08/01@14:19:38,479,0.11260869
2026/08/01@14:19:39,480,0.12173913
2026/08/01@14:19:40,481,0.14217392
2026/08/01@14:19:41,482,0.12913044
2026/08/01@14:19:42,483,0.13608696
2026/08/01@14:19:43,484,0.113913048
2026/08/01@14:19:45,486,0.067826088
2026/08/01@14:19:46,487,0.03521739
2026/08/01@14:19:47,488,0.018695652
2026/08/01@14:19:48,489,0.02347826
2026/08/01@14:19:49,490,0.069565216
2026/08/01@14:19:50,491,0.11086956
2026/08/01@14:19:51,492,0.11913043
2026/08/01@14:19:52,493,0.118695656
2026/08/01@14:19:53,494,0.12086956
2026/08/01@14:19:54,495,0.12217391
2026/08/01@14:19:55,496,0.12173913
2026/08/01@14:19:56,497,0.12565218
2026/08/01@14:19:58,499,0.12434783
2026/08/01@14:19:59,500,0.1226087
2026/08/01@14:20:00,501,0.12956522
2026/08/01@14:20:01,502,0.12913044
2026/08/01@14:20:02,503,0.12782608
2026/08/01@14:20:03,504,0.12434783
2026/08/01@14:20:04,505,0.12608695
2026/08/01@14:20:05,506,0.11608696
2026/08/01@14:20:06,507,0.11782609
2026/08/01@14:20:07,508,0.12086956
2026/08/01@14:20:08,509,0.1226087
2026/08/01@14:20:09,510,0.12391304
2026/08/01@14:20:11,512,0.1326087
2026/08/01@14:20:12,513,0.12869565
2026/08/01@14:20:13,514,0.13913043
2026/08/01@14:20:14,515,0.15826086
2026/08/01@14:20:15,516,0.14608696
2026/08/01@14:20:16,517,0.34695652
2026/08/01@14:20:17,518,0.14826088
2026/08/01@14:20:18,519,0.25
2026/08/01@14:20:19,520,0.31130436
2026/08/01@14:20:20,521,0.32434782
2026/08/01@14:20:21,522,0.15782608
2026/08/01@14:20:22,523,0.16
2026/08/01@14:20:23,524,0.16521738
2026/08/01@14:20:25,526,0.16478262
2026/08/01@14:20:26,527,0.16478262
2026/08/01@14:20:27,528,0.15434782
2026/08/01@14:20:28,529,0.15913044
2026/08/01@14:20:29,530,0.42347828
2026/08/01@14:20:30,531,0.391304352
2026/08/01@14:20:31,532,0.36217392
2026/08/01@14:20:32,533,0.3647826
2026/08/01@14:20:33,534,0.36
2026/08/01@14:20:34,535,0.38434784
2026/08/01@14:20:35,536,0.31130436
2026/08/01@14:20:36,537,0.34304348
2026/08/01@14:20:38,539,0.31826088
2026/08/01@14:20:39,540,0.31608696
2026/08/01@14:20:40,541,0.3047826
2026/08/01@14:20:41,542,0.35347824
2026/08/01@14:20:42,543,0.3352174
2026/08/01@14:20:43,544,0.3330435
2026/08/01@14:20:44,545,0.3352174
2026/08/01@14:20:45,546,0.33608696
2026/08/01@14:20:46,547,0.38086956
2026/08/01@14:20:47,548,0.38391304
2026/08/01@14:20:48,549,0.380434784
2026/08/01@14:20:49,550,0.35347824
2026/08/01@14:20:51,552,0.39043476
2026/08/01@14:20:52,553,0.32304348
2026/08/01@14:20:53,554,0.43565216
2026/08/01@14:20:54,555,0.4452174
2026/08/01@14:20:55,556,0.48782608
2026/08/01@14:20:56,557,0.32608696
2026/08/01@14:20:57,558,0.358695636
2026/08/01@14:20:58,559,0.37391304
2026/08/01@14:20:59,560,0.3652174
2026/08/01@14:21:00,561,0.32173914
2026/08/01@14:21:01,562,0.454347816
2026/08/01@14:21:02,563,0.39608696
2026/08/01@14:21:04,565,0.338260868
2026/08/01@14:21:05,566,0.368260868
2026/08/01@14:21:06,567,0.3652174
2026/08/01@14:21:07,568,0.32956524
2026/08/01@14:21:08,569,0.32608696
2026/08/01@14:21:09,570,0.32
2026/08/01@14:21:10,571,0.358695636
2026/08/01@14:21:11,572,0.3226087
2026/08/01@14:21:12,573,0.41434784
2026/08/01@14:21:13,574,0.39565218
2026/08/01@14:21:14,575,0.35
2026/08/01@14:21:15,576,0.1526087
2026/08/01@14:21:17,578,0.416086936
2026/08/01@14:21:18,579,0.41086956
2026/08/01@14:21:19,580,0.404782632
2026/08/01@14:21:20,581,0.15
2026/08/01@14:21:21,582,0.404782632
2026/08/01@14:21:22,583,0.3795652
2026/08/01@14:21:23,584,0.39652176
2026/08/01@14:21:24,585,0.394347816
2026/08/01@14:21:25,586,0.404782632
2026/08/01@14:21:26,587,0.37695652
2026/08/01@14:21:27,588,0.39913044
2026/08/01@14:21:28,589,0.399565216
2026/08/01@14:21:30,591,0.15478261
2026/08/01@14:21:31,592,0.4252174
2026/08/01@14:21:32,593,0.4026087
2026/08/01@14:21:33,594,0.400869568
2026/08/01@14:21:34,595,0.248260868
2026/08/01@14:21:35,596,0.38391304
2026/08/01@14:21:36,597,0.4095652
2026/08/01@14:21:37,598,0.39086956
2026/08/01@14:21:38,599,0.19217392
2026/08/01@14:21:39,600,0.3552174
2026/08/01@14:21:40,601,0.1373913
2026/08/01@14:21:41,602,0.12565218
2026/08/01@14:21:43,604,0.12565218
2026/08/01@14:21:44,605,0.11521739
2026/08/01@14:21:45,606,0.34869568
2026/08/01@14:21:46,607,0.11086956
2026/08/01@14:21:47,608,0.13826087
2026/08/01@14:21:48,609,0.15652174
2026/08/01@14:21:49,610,0.12217391
2026/08/01@14:21:50,611,0.25608696
2026/08/01@14:21:51,612,0.26
2026/08/01@14:21:52,613,0.25652172
2026/08/01@14:21:53,614,0.24086956
2026/08/01@14:21:54,615,0.28173912
2026/08/01@14:21:56,617,0.29913044
2026/08/01@14:21:57,618,0.30608696
2026/08/01@14:21:58,619,0.25
2026/08/01@14:21:59,620,0.10695652
2026/08/01@14:22:00,621,0.21782608
2026/08/01@14:22:01,622,0.19173912
2026/08/01@14:22:02,623,0.12217391
2026/08/01@14:22:03,624,0.11
2026/08/01@14:22:04,625,0.13086956
2026/08/01@14:22:05,626,0.16521738
2026/08/01@14:22:06,627,0.1747826
2026/08/01@14:22:07,628,0.11260869
2026/08/01@14:22:09,630,0.07782609
2026/08/01@14:22:10,631,0.21304348
2026/08/01@14:22:11,632,0.23913044
2026/08/01@14:22:12,633,0.18043478
2026/08/01@14:22:13,634,0.14391304
2026/08/01@14:22:14,635,0.14130434
2026/08/01@14:22:15,636,0.12086956
2026/08/01@14:22:16,637,0.06826087
2026/08/01@14:22:17,638,0.116956532
2026/08/01@14:22:18,639,0.11521739
2026/08/01@14:22:19,640,0.07173913
2026/08/01@14:22:20,641,0.105652176
2026/08/01@14:22:22,643,0.11782609
2026/08/01@14:22:23,644,0.1
2026/08/01@14:22:24,645,0.09217391
2026/08/01@14:22:25,646,0.12347826
2026/08/01@14:22:26,647,0.13086956
2026/08/01@14:22:27,648,0.1226087
2026/08/01@14:22:28,649,0.12695652
2026/08/01@14:22:29,650,0.12913044
2026/08/01@14:22:30,651,0.12434783
2026/08/01@14:22:31,652,0.1252174
2026/08/01@14:22:32,653,0.11782609
2026/08/01@14:22:33,654,0.11260869
2026/08/01@14:22:35,656,0.11608696
2026/08/01@14:22:36,657,0.118695656
2026/08/01@14:22:37,658,0.115652176
2026/08/01@14:22:38,659,0.1173913
2026/08/01@14:22:39,660,0.12173913
2026/08/01@14:22:40,661,0.12086956
2026/08/01@14:22:41,662,0.11347826
2026/08/01@14:22:42,663,0.11434782
2026/08/01@14:22:43,664,0.12173913
2026/08/01@14:22:44,665,0.11956522
2026/08/01@14:22:45,666,0.12434783
2026/08/01@14:22:46,667,0.11782609
2026/08/01@14:22:48,669,0.11260869
2026/08/01@14:22:49,670,0.12086956
2026/08/01@14:22:50,671,0.12086956
2026/08/01@14:22:51,672,0.116956532
2026/08/01@14:22:52,673,0.1
2026/08/01@14:22:53,674,0.11086956
2026/08/01@14:22:54,675,0.11347826
2026/08/01@14:22:55,676,0.110434784
2026/08/01@14:22:56,677,0.112173912
2026/08/01@14:22:57,678,0.11086956
2026/08/01@14:22:58,679,0.109130432
2026/08/01@14:22:59,680,0.109130432
2026/08/01@14:23:01,682,0.10304348
2026/08/01@14:23:02,683,0.10043478
2026/08/01@14:23:03,684,0.109130432
2026/08/01@14:23:04,685,0.09913044
2026/08/01@14:23:05,686,0.08173913
2026/08/01@14:23:06,687,0.08173913
2026/08/01@14:23:07,688,0.09217391
2026/08/01@14:23:08,689,0.09391304
2026/08/01@14:23:09,690,0.08695652
2026/08/01@14:23:10,691,0.070869568
2026/08/01@14:23:11,692,0.105652176
2026/08/01@14:23:12,693,0.10521739
2026/08/01@14:23:14,695,0.094782608
2026/08/01@14:23:15,696,0.10391305
2026/08/01@14:23:16,697,0.10347826
2026/08/01@14:23:17,698,0.10043478
2026/08/01@14:23:18,699,0.10521739
2026/08/01@14:23:19,700,0.10304348
2026/08/01@14:23:20,701,0.100869568
2026/08/01@14:23:21,702,0.10391305
2026/08/01@14:23:22,703,0.10304348
2026/08/01@14:23:23,704,0.100869568
2026/08/01@14:23:24,705,0.10304348
2026/08/01@14:23:25,706,0.105652176
2026/08/01@14:23:27,708,0.10304348
2026/08/01@14:23:28,709,0.10391305
2026/08/01@14:23:29,710,0.10391305
2026/08/01@14:23:30,711,0.10347826
2026/08/01@14:23:31,712,0.10521739
2026/08/01@14:23:32,713,0.10347826
2026/08/01@14:23:33,714,0.10869565
2026/08/01@14:23:34,715,0.10521739
2026/08/01@14:23:35,716,0.10391305
2026/08/01@14:23:36,717,0.10391305
2026/08/01@14:23:37,718,0.10217391
2026/08/01@14:23:38,719,0.10217391
2026/08/01@14:23:40,721,0.10521739
2026/08/01@14:23:41,722,0.107391304
2026/08/01@14:23:42,723,0.100869568
2026/08/01@14:23:43,724,0.10391305
2026/08/01@14:23:44,725,0.09347826
2026/08/01@14:23:45,726,0.1
2026/08/01@14:23:46,727,0.1
2026/08/01@14:23:47,728,0.105652176
2026/08/01@14:23:48,729,0.105652176
2026/08/01@14:23:49,730,0.10652174
2026/08/01@14:23:50,731,0.10521739
2026/08/01@14:23:51,732,0.10391305
2026/08/01@14:23:52,733,0.10347826
2026/08/01@14:23:54,735,0.09826087
2026/08/01@14:23:55,736,0.10173913
2026/08/01@14:23:56,737,0.10695652
2026/08/01@14:23:57,738,0.105652176
2026/08/01@14:23:58,739,0.10391305
2026/08/01@14:23:59,740,0.11608696
2026/08/01@14:24:00,741,0.11782609
2026/08/01@14:24:01,742,0.11782609
2026/08/01@14:24:02,743,0.11086956
2026/08/01@14:24:03,744,0.11260869
2026/08/01@14:24:04,745,0.11608696
2026/08/01@14:24:06,746,0.12086956
2026/08/01@14:24:07,748,0.11
2026/08/01@14:24:08,749,0.09043478
2026/08/01@14:24:09,750,0.09826087
2026/08/01@14:24:10,751,0.1
2026/08/01@14:24:11,752,0.1
2026/08/01@14:24:12,753,0.08608696
2026/08/01@14:24:13,754,0.12043478
2026/08/01@14:24:14,755,0.12782608
2026/08/01@14:24:15,756,0.17826086
2026/08/01@14:24:16,757,0.17391304
2026/08/01@14:24:17,758,0.22478262
2026/08/01@14:24:18,759,0.21304348
2026/08/01@14:24:20,761,0.208695652
2026/08/01@14:24:21,762,0.201739132
2026/08/01@14:24:22,763,0.19217392
2026/08/01@14:24:23,764,0.19
2026/08/01@14:24:24,765,0.17652174
2026/08/01@14:24:25,766,0.18913044
2026/08/01@14:24:26,767,0.212173908
2026/08/01@14:24:27,768,0.21086956
2026/08/01@14:24:28,769,0.2669565
2026/08/01@14:24:29,770,0.3021739
2026/08/01@14:24:30,771,0.3973913
2026/08/01@14:24:31,772,0.24086956
2026/08/01@14:24:33,774,0.23565218
2026/08/01@14:24:34,775,0.27913044
2026/08/01@14:24:35,776,0.2595652
2026/08/01@14:24:36,777,0.25304348
2026/08/01@14:24:37,778,0.37695652
2026/08/01@14:24:38,779,0.36739132
2026/08/01@14:24:39,780,0.351739136
2026/08/01@14:24:40,781,0.38956524
2026/08/01@14:24:41,782,0.34608696
2026/08/01@14:24:42,783,0.36043476
2026/08/01@14:24:43,784,0.3647826
2026/08/01@14:24:44,785,0.37565216
2026/08/01@14:24:46,787,0.355652184
2026/08/01@14:24:47,788,0.3726087
2026/08/01@14:24:48,789,0.14086956
2026/08/01@14:24:49,790,0.22565218
2026/08/01@14:24:50,791,0.16869566
2026/08/01@14:24:51,792,0.13913043
2026/08/01@14:24:52,793,0.13652174
2026/08/01@14:24:53,794,0.2673913
2026/08/01@14:24:54,795,0.37391304
2026/08/01@14:24:55,796,0.46913044
2026/08/01@14:24:56,797,0.40391304
2026/08/01@14:24:57,798,0.45391304
2026/08/01@14:24:59,800,0.391304352
2026/08/01@14:25:00,801,0.33130434
2026/08/01@14:25:01,802,0.28
2026/08/01@14:25:02,803,0.28608696
2026/08/01@14:25:03,804,0.23304348
2026/08/01@14:25:04,805,0.28
2026/08/01@14:25:05,806,0.27
2026/08/01@14:25:06,807,0.28
2026/08/01@14:25:07,808,0.23826086
2026/08/01@14:25:08,809,0.27521738
2026/08/01@14:25:09,810,0.40565216
2026/08/01@14:25:10,811,0.41
2026/08/01@14:25:12,813,0.41304348
2026/08/01@14:25:13,814,0.3404348
2026/08/01@14:25:14,815,0.32434782
2026/08/01@14:25:15,816,0.35
2026/08/01@14:25:16,817,0.37869568
2026/08/01@14:25:17,818,0.32304348
2026/08/01@14:25:18,819,0.35391304
2026/08/01@14:25:19,820,0.40304348
2026/08/01@14:25:20,821,0.36652176
2026/08/01@14:25:21,822,0.3252174
2026/08/01@14:25:22,823,0.355652184
2026/08/01@14:25:23,824,0.39391304
2026/08/01@14:25:25,826,0.478695636
2026/08/01@14:25:26,827,0.35304348
2026/08/01@14:25:27,828,0.13434782
2026/08/01@14:25:28,829,0.14391304
2026/08/01@14:25:29,830,0.31130436
2026/08/01@14:25:30,831,0.13913043
2026/08/01@14:25:31,832,0.23
2026/08/01@14:25:32,833,0.3195652
2026/08/01@14:25:33,834,0.28913044
2026/08/01@14:25:34,835,0.28173912
2026/08/01@14:25:35,836,0.26869564
2026/08/01@14:25:36,837,0.3226087
2026/08/01@14:25:38,839,0.2673913
2026/08/01@14:25:39,840,0.064347824
2026/08/01@14:25:40,841,0.30304348
2026/08/01@14:25:41,842,0.27913044
2026/08/01@14:25:42,843,0.23086956
2026/08/01@14:25:43,844,0.19043478
2026/08/01@14:25:44,845,0.15826086
2026/08/01@14:25:45,846,0.24869566
2026/08/01@14:25:46,847,0.17565218
2026/08/01@14:25:47,848,0.23173914
2026/08/01@14:25:48,849,0.10869565
2026/08/01@14:25:49,850,0.21086956
2026/08/01@14:25:51,851,0.19695652
2026/08/01@14:25:52,853,0.177826092
2026/08/01@14:25:53,854,0.13391304
2026/08/01@14:25:54,855,0.12869565
2026/08/01@14:25:55,856,0.29347824
2026/08/01@14:25:56,857,0.28695652
2026/08/01@14:25:57,858,0.36913044
2026/08/01@14:25:58,859,0.36
2026/08/01@14:25:59,860,0.27391306
2026/08/01@14:26:00,861,0.28173912
2026/08/01@14:26:01,862,0.2878261
2026/08/01@14:26:02,863,0.41304348
2026/08/01@14:26:04,864,0.31565216
2026/08/01@14:26:05,866,0.31478262
2026/08/01@14:26:06,867,0.20956522
2026/08/01@14:26:07,868,0.14434783
2026/08/01@14:26:08,869,0.248260868
2026/08/01@14:26:09,870,0.232608684
2026/08/01@14:26:10,871,0.20217392
2026/08/01@14:26:11,872,0.18043478
2026/08/01@14:26:12,873,0.17130434
2026/08/01@14:26:13,874,0.188260868
2026/08/01@14:26:14,875,0.199130432
2026/08/01@14:26:15,876,0.19217392
2026/08/01@14:26:17,878,0.113913048
2026/08/01@14:26:18,879,0.047826084
2026/08/01@14:26:19,880,0.12782608
2026/08/01@14:26:20,881,0.06826087
2026/08/01@14:26:21,882,0.1473913
2026/08/01@14:26:22,883,0.16173912
2026/08/01@14:26:23,884,0.15173914
2026/08/01@14:26:24,885,0.24956522
2026/08/01@14:26:25,886,0.21782608
2026/08/01@14:26:26,887,0.13782608
2026/08/01@14:26:27,888,0.15608695
2026/08/01@14:26:28,889,0.13391304
2026/08/01@14:26:30,891,0.13217391
2026/08/01@14:26:31,892,0.1252174
2026/08/01@14:26:32,893,0.14391304
2026/08/01@14:26:33,894,0.1373913
2026/08/01@14:26:34,895,0.21391304
2026/08/01@14:26:35,896,0.18695652
2026/08/01@14:26:36,897,0.12434783
2026/08/01@14:26:37,898,0.115652176
2026/08/01@14:26:38,899,0.13434782
2026/08/01@14:26:39,900,0.19347826
2026/08/01@14:26:40,901,0.15913044
2026/08/01@14:26:41,902,0.187391316
2026/08/01@14:26:42,903,0.16434782
2026/08/01@14:26:44,905,0.30086956
2026/08/01@14:26:45,906,0.13782608
2026/08/01@14:26:46,907,0.1426087
2026/08/01@14:26:47,908,0.11956522
2026/08/01@14:26:48,909,0.12565218
2026/08/01@14:26:49,910,0.18913044
2026/08/01@14:26:50,911,0.2152174
2026/08/01@14:26:51,912,0.17391304
2026/08/01@14:26:52,913,0.1526087
2026/08/01@14:26:53,914,0.13956522
2026/08/01@14:26:54,915,0.3026087
2026/08/01@14:26:55,916,0.36739132
2026/08/01@14:26:57,918,0.33782608
2026/08/01@14:26:58,919,0.26130436
2026/08/01@14:26:59,920,0.2973913
2026/08/01@14:27:00,921,0.27695652
2026/08/01@14:27:01,922,0.28347826
2026/08/01@14:27:02,923,0.29608696
2026/08/01@14:27:03,924,0.22826088
2026/08/01@14:27:04,925,0.23
2026/08/01@14:27:05,926,0.16956522
2026/08/01@14:27:06,927,0.25695652
2026/08/01@14:27:07,928,0.208695652
2026/08/01@14:27:08,929,0.16695653
2026/08/01@14:27:10,931,0.2578261
2026/08/01@14:27:11,932,0.17347826
2026/08/01@14:27:12,933,0.13782608
2026/08/01@14:27:13,934,0.12347826
2026/08/01@14:27:14,935,0.12217391
2026/08/01@14:27:15,936,0.380434784
2026/08/01@14:27:16,937,0.3404348
2026/08/01@14:27:17,938,0.3478261
2026/08/01@14:27:18,939,0.12608695
2026/08/01@14:27:19,940,0.12608695
2026/08/01@14:27:20,941,0.12739131
2026/08/01@14:27:21,942,0.13391304
2026/08/01@14:27:23,944,0.13217391
2026/08/01@14:27:24,945,0.13565217
2026/08/01@14:27:25,946,0.13130436
2026/08/01@14:27:26,947,0.13217391
2026/08/01@14:27:27,948,0.12565218
2026/08/01@14:27:28,949,0.12695652
2026/08/01@14:27:29,950,0.12739131
2026/08/01@14:27:30,951,0.12434783
2026/08/01@14:27:31,952,0.12739131
2026/08/01@14:27:32,953,0.12565218
2026/08/01@14:27:33,954,0.13956522
2026/08/01@14:27:34,955,0.34304348
2026/08/01@14:27:36,957,0.32173914
2026/08/01@14:27:37,958,0.223043468
2026/08/01@14:27:38,959,0.36173912
2026/08/01@14:27:39,960,0.23434782
2026/08/01@14:27:40,961,0.248260868
2026/08/01@14:27:41,962,0.32652172
2026/08/01@14:27:42,963,0.32347824
2026/08/01@14:27:43,964,0.48217392
2026/08/01@14:27:44,965,0.35304348
2026/08/01@14:27:45,966,0.35391304
2026/08/01@14:27:46,967,0.40826088
2026/08/01@14:27:47,968,0.3726087
2026/08/01@14:27:49,970,0.3973913
2026/08/01@14:27:50,971,0.34304348
2026/08/01@14:27:51,972,0.3652174
2026/08/01@14:27:52,973,0.38217392
2026/08/01@14:27:53,974,0.351739136
2026/08/01@14:27:54,975,0.3647826
2026/08/01@14:27:55,976,0.41434784
2026/08/01@14:27:56,977,0.40826088
2026/08/01@14:27:57,978,0.35826088
2026/08/01@14:27:58,979,0.435217368
2026/08/01@14:27:59,980,0.118695656
2026/08/01@14:28:00,981,0.118695656
2026/08/01@14:28:02,983,0.3347826
2026/08/01@14:28:03,984,0.3326087
2026/08/01@14:28:04,985,0.38913044
2026/08/01@14:28:05,986,0.37608696
2026/08/01@14:28:06,987,0.40826088
2026/08/01@14:28:07,988,0.39391304
2026/08/01@14:28:08,989,0.34130436
2026/08/01@14:28:09,990,0.34130436
2026/08/01@14:28:10,991,0.338260868
2026/08/01@14:28:11,992,0.3495652
2026/08/01@14:28:12,993,0.36
2026/08/01@14:28:13,994,0.34608696
2026/08/01@14:28:15,996,0.35826088
2026/08/01@14:28:16,997,0.33086956
2026/08/01@14:28:17,998,0.345217368
2026/08/01@14:28:18,999,0.3343478
2026/08/01@14:28:19,1000,0.36695652
2026/08/01@14:28:20,1001,0.33695652
2026/08/01@14:28:21,1002,0.2804348
2026/08/01@14:28:22,1003,0.33347828
2026/08/01@14:28:23,1004,0.30739132
2026/08/01@14:28:24,1005,0.29043478
2026/08/01@14:28:25,1006,0.12086956
2026/08/01@14:28:26,1007,0.10652174
2026/08/01@14:28:28,1009,0.31478262
2026/08/01@14:28:29,1010,0.11521739
2026/08/01@14:28:30,1011,0.29391304
2026/08/01@14:28:31,1012,0.29217392
2026/08/01@14:28:32,1013,0.32173914
2026/08/01@14:28:33,1014,0.32130436
2026/08/01@14:28:34,1015,0.36086956
2026/08/01@14:28:35,1016,0.35826088
2026/08/01@14:28:36,1017,0.36043476
2026/08/01@14:28:37,1018,0.3573913
2026/08/01@14:28:38,1019,0.23086956
2026/08/01@14:28:39,1020,0.33608696
2026/08/01@14:28:41,1022,0.32304348
2026/08/01@14:28:42,1023,0.36695652
2026/08/01@14:28:43,1024,0.35
2026/08/01@14:28:44,1025,0.237391316
2026/08/01@14:28:45,1026,0.13608696
2026/08/01@14:28:46,1027,0.203913036
2026/08/01@14:28:47,1028,0.31608696
2026/08/01@14:28:48,1029,0.13652174
2026/08/01@14:28:49,1030,0.18695652
2026/08/01@14:28:50,1031,0.31478262
2026/08/01@14:28:51,1032,0.201739132
2026/08/01@14:28:52,1033,0.30043476
2026/08/01@14:28:54,1035,0.2821739
2026/08/01@14:28:55,1036,0.22652174
2026/08/01@14:28:56,1037,0.394347816
2026/08/01@14:28:57,1038,0.51521736
2026/08/01@14:28:58,1039,0.11956522
2026/08/01@14:28:59,1040,0.12217391
2026/08/01@14:29:00,1041,0.12739131
2026/08/01@14:29:01,1042,0.12782608
2026/08/01@14:29:02,1043,0.12434783
2026/08/01@14:29:03,1044,0.12782608
2026/08/01@14:29:04,1045,0.13130436
2026/08/01@14:29:05,1046,0.13782608
2026/08/01@14:29:07,1048,0.11
2026/08/01@14:29:08,1049,0.1326087
2026/08/01@14:29:09,1050,0.12739131
2026/08/01@14:29:10,1051,0.45391304
2026/08/01@14:29:11,1052,0.35826088
2026/08/01@14:29:12,1053,0.14217392
2026/08/01@14:29:13,1054,0.2673913
2026/08/01@14:29:14,1055,0.12913044
2026/08/01@14:29:15,1056,0.08695652
2026/08/01@14:29:16,1057,0.11
2026/08/01@14:29:17,1058,0.1252174
2026/08/01@14:29:18,1059,0.12565218
2026/08/01@14:29:20,1061,0.29391304
2026/08/01@14:29:21,1062,0.4147826
2026/08/01@14:29:22,1063,0.4778261
2026/08/01@14:29:23,1064,0.31086956
2026/08/01@14:29:24,1065,0.21869566
2026/08/01@14:29:25,1066,0.43391304
2026/08/01@14:29:26,1067,0.38130436
2026/08/01@14:29:27,1068,0.36086956
2026/08/01@14:29:28,1069,0.3647826
2026/08/01@14:29:29,1070,0.229130432
2026/08/01@14:29:30,1071,0.23434782
2026/08/01@14:29:31,1072,0.37
2026/08/01@14:29:33,1074,0.3704348
2026/08/01@14:29:34,1075,0.346521732
2026/08/01@14:29:35,1076,0.21869566
2026/08/01@14:29:36,1077,0.42130436
2026/08/01@14:29:37,1078,0.3869565
2026/08/01@14:29:38,1079,0.31826088
2026/08/01@14:29:39,1080,0.16608696
2026/08/01@14:29:40,1081,0.3421739
2026/08/01@14:29:41,1082,0.49434784
2026/08/01@14:29:42,1083,0.39086956
2026/08/01@14:29:43,1084,0.3869565
2026/08/01@14:29:44,1085,0.08304348
2026/08/01@14:29:46,1086,0.33695652
2026/08/01@14:29:47,1088,0.35
2026/08/01@14:29:48,1089,0.3704348
2026/08/01@14:29:49,1090,0.380434784
2026/08/01@14:29:50,1091,0.29956524
2026/08/01@14:29:51,1092,0.178695652
2026/08/01@14:29:52,1093,0.12869565
2026/08/01@14:29:53,1094,0.14043478
2026/08/01@14:29:54,1095,0.16304348
2026/08/01@14:29:55,1096,0.25869566
2026/08/01@14:29:56,1097,0.24304348
2026/08/01@14:29:57,1098,0.20565218
2026/08/01@14:29:58,1099,0.24434782
2026/08/01@14:30:00,1101,0.11086956
2026/08/01@14:30:01,1102,0.2426087
2026/08/01@14:30:02,1103,0.25608696
2026/08/01@14:30:03,1104,0.30956522
2026/08/01@14:30:04,1105,0.406521736
2026/08/01@14:30:05,1106,0.385652184
2026/08/01@14:30:06,1107,0.39913044
2026/08/01@14:30:07,1108,0.41434784
2026/08/01@14:30:08,1109,0.350434784
2026/08/01@14:30:09,1110,0.373478268
2026/08/01@14:30:10,1111,0.30304348
2026/08/01@14:30:11,1112,0.339565216
2026/08/01@14:30:13,1114,0.248260868
2026/08/01@14:30:14,1115,0.248260868
2026/08/01@14:30:15,1116,0.4073913
2026/08/01@14:30:16,1117,0.43173912
2026/08/01@14:30:17,1118,0.42173912
2026/08/01@14:30:18,1119,0.3252174
2026/08/01@14:30:19,1120,0.18652174
2026/08/01@14:30:20,1121,0.31478262
2026/08/01@14:30:21,1122,0.33130434
2026/08/01@14:30:22,1123,0.29565218
2026/08/01@14:30:23,1124,0.36913044
2026/08/01@14:30:24,1125,0.2926087
2026/08/01@14:30:26,1127,0.17347826
2026/08/01@14:30:27,1128,0.38217392
2026/08/01@14:30:28,1129,0.34
2026/08/01@14:30:29,1130,0.44652172
2026/08/01@14:30:30,1131,0.40565216
2026/08/01@14:30:31,1132,0.18869566
2026/08/01@14:30:32,1133,0.345217368
2026/08/01@14:30:33,1134,0.375217368
2026/08/01@14:30:34,1135,0.23086956
2026/08/01@14:30:35,1136,0.338260868
2026/08/01@14:30:36,1137,0.3647826
2026/08/01@14:30:37,1138,0.37434784
2026/08/01@14:30:39,1140,0.4247826
2026/08/01@14:30:40,1141,0.344782632
2026/08/01@14:30:41,1142,0.2704348
2026/08/01@14:30:42,1143,0.18391304
2026/08/01@14:30:43,1144,0.1973913
2026/08/01@14:30:44,1145,0.107391304
2026/08/01@14:30:45,1146,0.2173913
2026/08/01@14:30:46,1147,0.14826088
2026/08/01@14:30:47,1148,0.17347826
2026/08/01@14:30:48,1149,0.21434782
2026/08/01@14:30:49,1150,0.14782609
2026/08/01@14:30:50,1151,0.30565216
2026/08/01@14:30:52,1153,0.16086957
2026/08/01@14:30:53,1154,0.175217392
2026/08/01@14:30:54,1155,0.2669565
2026/08/01@14:30:55,1156,0.2673913
2026/08/01@14:30:56,1157,0.391304352
2026/08/01@14:30:57,1158,0.380434784
2026/08/01@14:30:58,1159,0.358695636
2026/08/01@14:30:59,1160,0.32
2026/08/01@14:31:00,1161,0.21869566
2026/08/01@14:31:01,1162,0.3195652
2026/08/01@14:31:02,1163,0.25608696
2026/08/01@14:31:03,1164,0.41304348
2026/08/01@14:31:05,1166,0.32
2026/08/01@14:31:06,1167,0.36347828
2026/08/01@14:31:07,1168,0.339565216
2026/08/01@14:31:08,1169,0.409130432
2026/08/01@14:31:09,1170,0.36739132
2026/08/01@14:31:10,1171,0.25695652
2026/08/01@14:31:11,1172,0.38434784
2026/08/01@14:31:12,1173,0.39391304
2026/08/01@14:31:13,1174,0.3726087
2026/08/01@14:31:14,1175,0.32
2026/08/01@14:31:15,1176,0.33695652
2026/08/01@14:31:16,1177,0.3495652
2026/08/01@14:31:18,1179,0.45913044
2026/08/01@14:31:19,1180,0.38956524
2026/08/01@14:31:20,1181,0.29565218
2026/08/01@14:31:21,1182,0.14956522
2026/08/01@14:31:22,1183,0.11782609
2026/08/01@14:31:23,1184,0.3195652
2026/08/01@14:31:24,1185,0.338260868
2026/08/01@14:31:25,1186,0.38260868
2026/08/01@14:31:26,1187,0.38913044
2026/08/01@14:31:27,1188,0.38608696
2026/08/01@14:31:28,1189,0.480434784
2026/08/01@14:31:29,1190,0.44826088
2026/08/01@14:31:31,1192,0.40130432
2026/08/01@14:31:32,1193,0.3247826
2026/08/01@14:31:33,1194,0.15608695
2026/08/01@14:31:34,1195,0.358695636
2026/08/01@14:31:35,1196,0.373478268
2026/08/01@14:31:36,1197,0.441739136
2026/08/01@14:31:37,1198,0.3873913
2026/08/01@14:31:38,1199,0.30739132
2026/08/01@14:31:39,1200,0.17391304
2026/08/01@14:31:40,1201,0.2873913
2026/08/01@14:31:41,1202,0.3869565
2026/08/01@14:31:42,1203,0.36739132
2026/08/01@14:31:44,1205,0.35304348
2026/08/01@14:31:45,1206,0.36086956
2026/08/01@14:31:46,1207,0.29086956
2026/08/01@14:31:47,1208,0.14304348
2026/08/01@14:31:48,1209,0.24782608
2026/08/01@14:31:49,1210,0.26913044
2026/08/01@14:31:50,1211,0.31608696
2026/08/01@14:31:51,1212,0.38391304
2026/08/01@14:31:52,1213,0.37869568
2026/08/01@14:31:53,1214,0.391304352
2026/08/01@14:31:54,1215,0.3552174
2026/08/01@14:31:55,1216,0.36652176
2026/08/01@14:31:57,1218,0.31565216
2026/08/01@14:31:58,1219,0.32608696
2026/08/01@14:31:59,1220,0.4252174
2026/08/01@14:32:00,1221,0.4795652
2026/08/01@14:32:01,1222,0.4526087
2026/08/01@14:32:02,1223,0.42347828
2026/08/01@14:32:03,1224,0.45869564
2026/08/01@14:32:04,1225,0.41652172
2026/08/01@14:32:05,1226,0.40565216
2026/08/01@14:32:06,1227,0.3273913
2026/08/01@14:32:07,1228,0.3347826
2026/08/01@14:32:08,1229,0.3330435
2026/08/01@14:32:10,1230,0.36391304
2026/08/01@14:32:11,1232,0.36913044
2026/08/01@14:32:12,1233,0.42173912
2026/08/01@14:32:13,1234,0.41
2026/08/01@14:32:14,1235,0.22478262
2026/08/01@14:32:15,1236,0.30956522
2026/08/01@14:32:16,1237,0.33347828
2026/08/01@14:32:17,1238,0.38608696
2026/08/01@14:32:18,1239,0.26130436
2026/08/01@14:32:19,1240,0.26391304
2026/08/01@14:32:20,1241,0.379130432
2026/08/01@14:32:21,1242,0.4452174
2026/08/01@14:32:22,1243,0.424347816
2026/08/01@14:32:24,1245,0.38391304
2026/08/01@14:32:25,1246,0.3773913
2026/08/01@14:32:26,1247,0.3795652
2026/08/01@14:32:27,1248,0.24304348
2026/08/01@14:32:28,1249,0.168260868
2026/08/01@14:32:29,1250,0.35
2026/08/01@14:32:30,1251,0.35347824
2026/08/01@14:32:31,1252,0.3930435
2026/08/01@14:32:32,1253,0.375217368
2026/08/01@14:32:33,1254,0.404782632
2026/08/01@14:32:34,1255,0.42173912
2026/08/01@14:32:35,1256,0.388695636
2026/08/01@14:32:37,1258,0.39391304
2026/08/01@14:32:38,1259,0.38913044
2026/08/01@14:32:39,1260,0.30608696
2026/08/01@14:32:40,1261,0.14217392
2026/08/01@14:32:41,1262,0.168260868
2026/08/01@14:32:42,1263,0.24652174
2026/08/01@14:32:43,1264,0.29869564
2026/08/01@14:32:44,1265,0.31086956
2026/08/01@14:32:45,1266,0.20565218
2026/08/01@14:32:46,1267,0.2873913
2026/08/01@14:32:47,1268,0.22956522
2026/08/01@14:32:48,1269,0.34173912
2026/08/01@14:32:50,1271,0.32826088
2026/08/01@14:32:51,1272,0.38608696
2026/08/01@14:32:52,1273,0.34173912
2026/08/01@14:32:53,1274,0.32608696
2026/08/01@14:32:54,1275,0.36086956
2026/08/01@14:32:55,1276,0.448695636
2026/08/01@14:32:56,1277,0.42130436
2026/08/01@14:32:57,1278,0.3347826
2026/08/01@14:32:58,1279,0.26826088
2026/08/01@14:32:59,1280,0.2452174
2026/08/01@14:33:00,1281,0.19
2026/08/01@14:33:01,1282,0.19869564
2026/08/01@14:33:03,1284,0.21869566
2026/08/01@14:33:04,1285,0.31913042
2026/08/01@14:33:05,1286,0.4169565
2026/08/01@14:33:06,1287,0.4147826
2026/08/01@14:33:07,1288,0.4456522
2026/08/01@14:33:08,1289,0.34
2026/08/01@14:33:09,1290,0.4247826
2026/08/01@14:33:10,1291,0.33782608
2026/08/01@14:33:11,1292,0.31478262
2026/08/01@14:33:12,1293,0.3226087
2026/08/01@14:33:13,1294,0.18304348
2026/08/01@14:33:14,1295,0.33608696
2026/08/01@14:33:16,1297,0.336521736
2026/08/01@14:33:17,1298,0.424347816
2026/08/01@14:33:18,1299,0.44695652
2026/08/01@14:33:19,1300,0.40608696
2026/08/01@14:33:20,1301,0.31652172
2026/08/01@14:33:21,1302,0.36391304
2026/08/01@14:33:22,1303,0.43391304
2026/08/01@14:33:23,1304,0.44913044
2026/08/01@14:33:24,1305,0.4452174
2026/08/01@14:33:25,1306,0.4226087
2026/08/01@14:33:26,1307,0.3647826
2026/08/01@14:33:27,1308,0.345217368
2026/08/01@14:33:29,1310,0.40304348
2026/08/01@14:33:30,1311,0.3973913
2026/08/01@14:33:31,1312,0.3552174
2026/08/01@14:33:32,1313,0.13913043
2026/08/01@14:33:33,1314,0.22565218
2026/08/01@14:33:34,1315,0.4152174
2026/08/01@14:33:35,1316,0.53217392
2026/08/01@14:33:36,1317,0.42347828
2026/08/01@14:33:37,1318,0.39652176
2026/08/01@14:33:38,1319,0.3021739
2026/08/01@14:33:39,1320,0.223043468
2026/08/01@14:33:40,1321,0.36086956
2026/08/01@14:33:42,1323,0.5134783
2026/08/01@14:33:43,1324,0.44304348
2026/08/01@14:33:44,1325,0.4252174
2026/08/01@14:33:45,1326,0.3252174
2026/08/01@14:33:46,1327,0.4552174
2026/08/01@14:33:47,1328,0.4078261
2026/08/01@14:33:48,1329,0.4626087
2026/08/01@14:33:49,1330,0.49565216
2026/08/01@14:33:50,1331,0.38913044
2026/08/01@14:33:51,1332,0.42869564
2026/08/01@14:33:52,1333,0.4078261
2026/08/01@14:33:53,1334,0.404782632
2026/08/01@14:33:55,1336,0.3721739
2026/08/01@14:33:56,1337,0.24434782
2026/08/01@14:33:57,1338,0.35652172
2026/08/01@14:33:58,1339,0.47086956
2026/08/01@14:33:59,1340,0.43391304
2026/08/01@14:34:00,1341,0.4473913
2026/08/01@14:34:01,1342,0.458260868
2026/08/01@14:34:02,1343,0.43826088
2026/08/01@14:34:03,1344,0.46913044
2026/08/01@14:34:04,1345,0.3778261
2026/08/01@14:34:05,1346,0.18304348
2026/08/01@14:34:06,1347,0.43173912
2026/08/01@14:34:08,1349,0.436521736
2026/08/01@14:34:09,1350,0.43869564
2026/08/01@14:34:10,1351,0.36695652
2026/08/01@14:34:11,1352,0.40304348
2026/08/01@14:34:12,1353,0.45869564
2026/08/01@14:34:13,1354,0.4473913
2026/08/01@14:34:14,1355,0.41434784
2026/08/01@14:34:15,1356,0.38434784
2026/08/01@14:34:16,1357,0.3247826
2026/08/01@14:34:17,1358,0.24304348
2026/08/01@14:34:18,1359,0.30304348
2026/08/01@14:34:19,1360,0.351739136
2026/08/01@14:34:21,1361,0.42695652
2026/08/01@14:34:22,1363,0.344782632
2026/08/01@14:34:23,1364,0.28391304
2026/08/01@14:34:24,1365,0.440434784
2026/08/01@14:34:25,1366,0.400869568
2026/08/01@14:34:26,1367,0.31304348
2026/08/01@14:34:27,1368,0.34869568
2026/08/01@14:34:28,1369,0.385652184
2026/08/01@14:34:29,1370,0.40608696
2026/08/01@14:34:30,1371,0.38913044
2026/08/01@14:34:31,1372,0.3347826
2026/08/01@14:34:32,1373,0.16782608
2026/08/01@14:34:34,1374,0.18304348
2026/08/01@14:34:35,1376,0.12913044
2026/08/01@14:34:36,1377,0.11086956
2026/08/01@14:34:37,1378,0.32826088
2026/08/01@14:34:38,1379,0.37391304
2026/08/01@14:34:39,1380,0.40826088
2026/08/01@14:34:40,1381,0.3478261
2026/08/01@14:34:41,1382,0.18
2026/08/01@14:34:42,1383,0.223043468
2026/08/01@14:34:43,1384,0.32347824
2026/08/01@14:34:44,1385,0.31086956
2026/08/01@14:34:45,1386,0.39391304
2026/08/01@14:34:46,1387,0.40391304
2026/08/01@14:34:48,1389,0.38782608
2026/08/01@14:34:49,1390,0.45086956
2026/08/01@14:34:50,1391,0.3552174
2026/08/01@14:34:51,1392,0.38130436
2026/08/01@14:34:52,1393,0.4252174
2026/08/01@14:34:53,1394,0.398260868
2026/08/01@14:34:54,1395,0.31391304
2026/08/01@14:34:55,1396,0.21608696
2026/08/01@14:34:56,1397,0.32652172
2026/08/01@14:34:57,1398,0.30043476
2026/08/01@14:34:58,1399,0.3926087
2026/08/01@14:34:59,1400,0.2804348
2026/08/01@14:35:01,1402,0.36913044
2026/08/01@14:35:02,1403,0.418695636
2026/08/01@14:35:03,1404,0.3569565
2026/08/01@14:35:04,1405,0.38782608
2026/08/01@14:35:05,1406,0.37391304
2026/08/01@14:35:06,1407,0.39217392
2026/08/01@14:35:07,1408,0.33130434
2026/08/01@14:35:08,1409,0.380434784
2026/08/01@14:35:09,1410,0.29782608
2026/08/01@14:35:10,1411,0.27913044
2026/08/01@14:35:11,1412,0.23173914
2026/08/01@14:35:12,1413,0.37434784
2026/08/01@14:35:14,1415,0.4247826
2026/08/01@14:35:15,1416,0.400869568
2026/08/01@14:35:16,1417,0.4452174
2026/08/01@14:35:17,1418,0.32782608
2026/08/01@14:35:18,1419,0.18695652
2026/08/01@14:35:19,1420,0.30652174
2026/08/01@14:35:20,1421,0.394347816
2026/08/01@14:35:21,1422,0.45217392
2026/08/01@14:35:22,1423,0.42130436
2026/08/01@14:35:23,1424,0.351739136
2026/08/01@14:35:24,1425,0.4
2026/08/01@14:35:25,1426,0.424347816
2026/08/01@14:35:27,1428,0.50608692
2026/08/01@14:35:28,1429,0.379130432
2026/08/01@14:35:29,1430,0.21304348
2026/08/01@14:35:30,1431,0.3178261
2026/08/01@14:35:31,1432,0.398260868
2026/08/01@14:35:32,1433,0.43826088
2026/08/01@14:35:33,1434,0.39608696
2026/08/01@14:35:34,1435,0.448695636
2026/08/01@14:35:35,1436,0.42652176
2026/08/01@14:35:36,1437,0.4395652
2026/08/01@14:35:37,1438,0.28869566
2026/08/01@14:35:38,1439,0.14130434
2026/08/01@14:35:40,1441,0.15782608
2026/08/01@14:35:41,1442,0.220869568
2026/08/01@14:35:42,1443,0.30956522
2026/08/01@14:35:43,1444,0.41
2026/08/01@14:35:44,1445,0.44304348
2026/08/01@14:35:45,1446,0.35347824
2026/08/01@14:35:46,1447,0.37434784
2026/08/01@14:35:47,1448,0.37391304
2026/08/01@14:35:48,1449,0.3721739
2026/08/01@14:35:49,1450,0.406521736
2026/08/01@14:35:50,1451,0.4152174
2026/08/01@14:35:51,1452,0.416086936
2026/08/01@14:35:53,1454,0.31565216
2026/08/01@14:35:54,1455,0.33173912
2026/08/01@14:35:55,1456,0.36086956
2026/08/01@14:35:56,1457,0.40391304
2026/08/01@14:35:57,1458,0.40826088
2026/08/01@14:35:58,1459,0.43304348
2026/08/01@14:35:59,1460,0.416086936
2026/08/01@14:36:00,1461,0.375217368
2026/08/01@14:36:01,1462,0.3047826
2026/08/01@14:36:02,1463,0.19869564
2026/08/01@14:36:03,1464,0.13652174
2026/08/01@14:36:04,1465,0.30043476
2026/08/01@14:36:06,1467,0.35913044
2026/08/01@14:36:07,1468,0.42
2026/08/01@14:36:08,1469,0.38608696
2026/08/01@14:36:09,1470,0.41086956
2026/08/01@14:36:10,1471,0.4252174
2026/08/01@14:36:11,1472,0.379130432
2026/08/01@14:36:12,1473,0.3421739
2026/08/01@14:36:13,1474,0.36391304
2026/08/01@14:36:14,1475,0.3330435
2026/08/01@14:36:15,1476,0.33086956
2026/08/01@14:36:16,1477,0.2952174
2026/08/01@14:36:17,1478,0.485652184
2026/08/01@14:36:19,1480,0.4169565
2026/08/01@14:36:20,1481,0.435217368
2026/08/01@14:36:21,1482,0.3947826
2026/08/01@14:36:22,1483,0.2669565
2026/08/01@14:36:23,1484,0.1852174
2026/08/01@14:36:24,1485,0.12347826
2026/08/01@14:36:25,1486,0.373478268
2026/08/01@14:36:26,1487,0.3173913
2026/08/01@14:36:27,1488,0.491304352
2026/08/01@14:36:28,1489,0.4995652
2026/08/01@14:36:29,1490,0.3778261
2026/08/01@14:36:30,1491,0.343478268
2026/08/01@14:36:32,1493,0.2669565
2026/08/01@14:36:33,1494,0.13608696
2026/08/01@14:36:34,1495,0.22652174
2026/08/01@14:36:35,1496,0.380434784
2026/08/01@14:36:36,1497,0.44826088
2026/08/01@14:36:37,1498,0.4152174
2026/08/01@14:36:38,1499,0.3226087
2026/08/01@14:36:39,1500,0.29608696
2026/08/01@14:36:40,1501,0.4178261
2026/08/01@14:36:41,1502,0.39391304
2026/08/01@14:36:42,1503,0.4095652
2026/08/01@14:36:43,1504,0.3873913
2026/08/01@14:36:45,1506,0.4
2026/08/01@14:36:46,1507,0.41260868
2026/08/01@14:36:47,1508,0.47086956
2026/08/01@14:36:48,1509,0.31304348
2026/08/01@14:36:49,1510,0.32347824
2026/08/01@14:36:50,1511,0.34826088
2026/08/01@14:36:51,1512,0.47304348
2026/08/01@14:36:52,1513,0.533913
2026/08/01@14:36:53,1514,0.42347828
2026/08/01@14:36:54,1515,0.3347826
2026/08/01@14:36:55,1516,0.3104348
2026/08/01@14:36:56,1517,0.40608696
2026/08/01@14:36:57,1518,0.37608696
2026/08/01@14:36:59,1520,0.21434782
2026/08/01@14:37:00,1521,0.37565216
2026/08/01@14:37:01,1522,0.39391304
2026/08/01@14:37:02,1523,0.20695652
2026/08/01@14:37:03,1524,0.12608695
2026/08/01@14:37:04,1525,0.34826088
2026/08/01@14:37:05,1526,0.42652176
2026/08/01@14:37:06,1527,0.33347828
2026/08/01@14:37:07,1528,0.33347828
2026/08/01@14:37:08,1529,0.31565216
2026/08/01@14:37:09,1530,0.30608696
2026/08/01@14:37:11,1531,0.3247826
2026/08/01@14:37:12,1533,0.27652174
2026/08/01@14:37:13,1534,0.14391304
2026/08/01@14:37:14,1535,0.25478262
2026/08/01@14:37:15,1536,0.35391304
2026/08/01@14:37:16,1537,0.36
2026/08/01@14:37:17,1538,0.36391304
2026/08/01@14:37:18,1539,0.37
2026/08/01@14:37:19,1540,0.38217392
2026/08/01@14:37:20,1541,0.3273913
2026/08/01@14:37:21,1542,0.3926087
2026/08/01@14:37:22,1543,0.3352174
2026/08/01@14:37:23,1544,0.201739132
2026/08/01@14:37:25,1546,0.33086956
2026/08/01@14:37:26,1547,0.42782608
2026/08/01@14:37:27,1548,0.2873913
2026/08/01@14:37:28,1549,0.22826088
2026/08/01@14:37:29,1550,0.03
2026/08/01@14:37:30,1551,0.08826087
2026/08/01@14:37:31,1552,0.2721739
2026/08/01@14:37:32,1553,0.2673913
2026/08/01@14:37:33,1554,0.26173912
2026/08/01@14:37:34,1555,0.25652172
2026/08/01@14:37:35,1556,0.14826088
2026/08/01@14:37:36,1557,0.2073913
2026/08/01@14:37:38,1559,0.399565216
2026/08/01@14:37:39,1560,0.31565216
2026/08/01@14:37:40,1561,0.5426087
2026/08/01@14:37:41,1562,0.338260868
2026/08/01@14:37:42,1563,0.37173912
2026/08/01@14:37:43,1564,0.38391304
2026/08/01@14:37:44,1565,0.36565216
2026/08/01@14:37:45,1566,0.3252174
2026/08/01@14:37:46,1567,0.42782608
2026/08/01@14:37:47,1568,0.3795652
2026/08/01@14:37:48,1569,0.3947826
2026/08/01@14:37:49,1570,0.38913044
2026/08/01@14:37:51,1572,0.4473913
2026/08/01@14:37:52,1573,0.36043476
2026/08/01@14:37:53,1574,0.31565216
2026/08/01@14:37:54,1575,0.14956522
2026/08/01@14:37:55,1576,0.05652174
2026/08/01@14:37:56,1577,0.11173913
2026/08/01@14:37:57,1578,0.12739131
2026/08/01@14:37:58,1579,0.32434782
2026/08/01@14:37:59,1580,0.373478268
2026/08/01@14:38:00,1581,0.5273913
2026/08/01@14:38:01,1582,0.409130432
2026/08/01@14:38:02,1583,0.37391304
2026/08/01@14:38:04,1585,0.13434782
2026/08/01@14:38:05,1586,0.2852174
2026/08/01@14:38:06,1587,0.380434784
2026/08/01@14:38:07,1588,0.44
2026/08/01@14:38:08,1589,0.39782608
2026/08/01@14:38:09,1590,0.31086956
2026/08/01@14:38:10,1591,0.29434782
2026/08/01@14:38:11,1592,0.10826087
2026/08/01@14:38:12,1593,0.233913052
2026/08/01@14:38:13,1594,0.36173912
2026/08/01@14:38:14,1595,0.31086956
2026/08/01@14:38:15,1596,0.45913044
2026/08/01@14:38:17,1598,0.43304348
2026/08/01@14:38:18,1599,0.36739132
2026/08/01@14:38:19,1600,0.43347828
2026/08/01@14:38:20,1601,0.31086956
2026/08/01@14:38:21,1602,0.059130436
2026/08/01@14:38:22,1603,0.36043476
2026/08/01@14:38:23,1604,0.39652176
2026/08/01@14:38:24,1605,0.43173912
2026/08/01@14:38:25,1606,0.46869564
2026/08/01@14:38:26,1607,0.429565216
2026/08/01@14:38:27,1608,0.4552174
2026/08/01@14:38:28,1609,0.53086952
2026/08/01@14:38:30,1611,0.5147826
2026/08/01@14:38:31,1612,0.53
2026/08/01@14:38:32,1613,0.5756522
2026/08/01@14:38:33,1614,0.4526087
2026/08/01@14:38:34,1615,0.37173912
2026/08/01@14:38:35,1616,0.36565216
2026/08/01@14:38:36,1617,0.43869564
2026/08/01@14:38:37,1618,0.4178261
2026/08/01@14:38:38,1619,0.424347816
2026/08/01@14:38:39,1620,0.4373913
2026/08/01@14:38:40,1621,0.4373913
2026/08/01@14:38:41,1622,0.26347824
2026/08/01@14:38:43,1624,0.13652174
2026/08/01@14:38:44,1625,0.16782608
2026/08/01@14:38:45,1626,0.14956522
2026/08/01@14:38:46,1627,0.14130434
2026/08/01@14:38:47,1628,0.11
2026/08/01@14:38:48,1629,0.15608695
2026/08/01@14:38:49,1630,0.12043478
2026/08/01@14:38:50,1631,0.09521739
2026/08/01@14:38:51,1632,0.22826088
2026/08/01@14:38:52,1633,0.31391304
2026/08/01@14:38:53,1634,0.3421739
2026/08/01@14:38:54,1635,0.16608696
2026/08/01@14:38:55,1636,0.24304348
2026/08/01@14:38:57,1638,0.27695652
2026/08/01@14:38:58,1639,0.32130436
2026/08/01@14:38:59,1640,0.3352174
2026/08/01@14:39:00,1641,0.36043476
2026/08/01@14:39:01,1642,0.26565218
2026/08/01@14:39:02,1643,0.21086956
2026/08/01@14:39:03,1644,0.3247826
2026/08/01@14:39:04,1645,0.28565216
2026/08/01@14:39:05,1646,0.3352174
2026/08/01@14:39:06,1647,0.38434784
2026/08/01@14:39:07,1648,0.35347824
2026/08/01@14:39:08,1649,0.3652174
2026/08/01@14:39:10,1651,0.3647826
2026/08/01@14:39:11,1652,0.34695652
2026/08/01@14:39:12,1653,0.5282609
2026/08/01@14:39:13,1654,0.5030435
2026/08/01@14:39:14,1655,0.35391304
2026/08/01@14:39:15,1656,0.3721739
2026/08/01@14:39:16,1657,0.28434784
2026/08/01@14:39:17,1658,0.1226087
2026/08/01@14:39:18,1659,0.25304348
2026/08/01@14:39:19,1660,0.28434784
2026/08/01@14:39:20,1661,0.28
2026/08/01@14:39:21,1662,0.12782608
2026/08/01@14:39:23,1664,0.14043478
2026/08/01@14:39:24,1665,0.31652172
2026/08/01@14:39:25,1666,0.38608696
2026/08/01@14:39:26,1667,0.45086956
2026/08/01@14:39:27,1668,0.4095652
2026/08/01@14:39:28,1669,0.35347824
2026/08/01@14:39:29,1670,0.31608696
2026/08/01@14:39:30,1671,0.28608696
2026/08/01@14:39:31,1672,0.32347824
2026/08/01@14:39:32,1673,0.3778261
2026/08/01@14:39:33,1674,0.375217368
2026/08/01@14:39:34,1675,0.4073913
2026/08/01@14:39:36,1677,0.4552174
2026/08/01@14:39:37,1678,0.36739132
2026/08/01@14:39:38,1679,0.39913044
2026/08/01@14:39:39,1680,0.54347824
2026/08/01@14:39:40,1681,0.5078261
2026/08/01@14:39:41,1682,0.3478261
2026/08/01@14:39:42,1683,0.3973913
2026/08/01@14:39:43,1684,0.37391304
2026/08/01@14:39:44,1685,0.13391304
2026/08/01@14:39:45,1686,0.16478262
2026/08/01@14:39:46,1687,0.16173912
2026/08/01@14:39:47,1688,0.27652174
2026/08/01@14:39:49,1690,0.10521739
2026/08/01@14:39:50,1691,0.33130434
2026/08/01@14:39:51,1692,0.3973913
2026/08/01@14:39:52,1693,0.34826088
2026/08/01@14:39:53,1694,0.3252174
2026/08/01@14:39:54,1695,0.29173914
2026/08/01@14:39:55,1696,0.380434784
2026/08/01@14:39:56,1697,0.30652174
2026/08/01@14:39:57,1698,0.11260869
2026/08/01@14:39:58,1699,0.3104348
2026/08/01@14:39:59,1700,0.3647826
2026/08/01@14:40:00,1701,0.39608696
2026/08/01@14:40:02,1702,0.4021739
2026/08/01@14:40:03,1704,0.27652174
2026/08/01@14:40:04,1705,0.30391306
2026/08/01@14:40:05,1706,0.14913044
2026/08/01@14:40:06,1707,0.208695652
2026/08/01@14:40:07,1708,0.22956522
2026/08/01@14:40:08,1709,0.21956522
2026/08/01@14:40:09,1710,0.10869565
2026/08/01@14:40:10,1711,0.20608696
2026/08/01@14:40:11,1712,0.09521739
2026/08/01@14:40:12,1713,0.2595652
2026/08/01@14:40:13,1714,0.29869564
2026/08/01@14:40:14,1715,0.27913044
2026/08/01@14:40:16,1717,0.15782608
2026/08/01@14:40:17,1718,0.112173912
2026/08/01@14:40:18,1719,0.2952174
2026/08/01@14:40:19,1720,0.448695636
2026/08/01@14:40:20,1721,0.51608692
2026/08/01@14:40:21,1722,0.45608696
2026/08/01@14:40:22,1723,0.5030435
2026/08/01@14:40:23,1724,0.49913044
2026/08/01@14:40:24,1725,0.47391304
2026/08/01@14:40:25,1726,0.50956524
2026/08/01@14:40:26,1727,0.3347826
2026/08/01@14:40:27,1728,0.3773913
2026/08/01@14:40:29,1730,0.3930435
2026/08/01@14:40:30,1731,0.32913044
2026/08/01@14:40:31,1732,0.38391304
2026/08/01@14:40:32,1733,0.37608696
2026/08/01@14:40:33,1734,0.404782632
2026/08/01@14:40:34,1735,0.36913044
2026/08/01@14:40:35,1736,0.30913044
2026/08/01@14:40:36,1737,0.12347826
2026/08/01@14:40:37,1738,0.10391305
2026/08/01@14:40:38,1739,0.14086956
2026/08/01@14:40:39,1740,0.19652174
2026/08/01@14:40:40,1741,0.2773913
2026/08/01@14:40:42,1743,0.29217392
2026/08/01@14:40:43,1744,0.37434784
2026/08/01@14:40:44,1745,0.4395652
2026/08/01@14:40:45,1746,0.43391304
2026/08/01@14:40:46,1747,0.44913044
2026/08/01@14:40:47,1748,0.43130434
2026/08/01@14:40:48,1749,0.440434784
2026/08/01@14:40:49,1750,0.3773913
2026/08/01@14:40:50,1751,0.43130434
2026/08/01@14:40:51,1752,0.53
2026/08/01@14:40:52,1753,0.336521736
2026/08/01@14:40:53,1754,0.355652184
2026/08/01@14:40:55,1756,0.484347816
2026/08/01@14:40:56,1757,0.38782608
2026/08/01@14:40:57,1758,0.27913044
2026/08/01@14:40:58,1759,0.25652172
2026/08/01@14:40:59,1760,0.33130434
2026/08/01@14:41:00,1761,0.38434784
2026/08/01@14:41:01,1762,0.45391304
2026/08/01@14:41:02,1763,0.411739136
2026/08/01@14:41:03,1764,0.3930435
2026/08/01@14:41:04,1765,0.38217392
2026/08/01@14:41:05,1766,0.27695652
2026/08/01@14:41:06,1767,0.236086936
2026/08/01@14:41:08,1769,0.16304348
2026/08/01@14:41:09,1770,0.4
2026/08/01@14:41:10,1771,0.5643478
2026/08/01@14:41:11,1772,0.44391304
2026/08/01@14:41:12,1773,0.42347828
2026/08/01@14:41:13,1774,0.4078261
2026/08/01@14:41:14,1775,0.44826088
2026/08/01@14:41:15,1776,0.4452174
2026/08/01@14:41:16,1777,0.5626087
2026/08/01@14:41:17,1778,0.4152174
2026/08/01@14:41:18,1779,0.32782608
2026/08/01@14:41:19,1780,0.10347826
2026/08/01@14:41:21,1782,0.10521739
2026/08/01@14:41:22,1783,0.23956522
2026/08/01@14:41:23,1784,0.30130434
2026/08/01@14:41:24,1785,0.42608696
2026/08/01@14:41:25,1786,0.343478268
2026/08/01@14:41:26,1787,0.46391304
2026/08/01@14:41:27,1788,0.38913044
2026/08/01@14:41:28,1789,0.3043478
2026/08/01@14:41:29,1790,0.14913044
2026/08/01@14:41:30,1791,0.33695652
2026/08/01@14:41:31,1792,0.31391304
2026/08/01@14:41:32,1793,0.3773913
2026/08/01@14:41:34,1795,0.4095652
2026/08/01@14:41:35,1796,0.38130436
2026/08/01@14:41:36,1797,0.429565216
2026/08/01@14:41:37,1798,0.43391304
2026/08/01@14:41:38,1799,0.4721739
2026/08/01@14:41:39,1800,0.3926087
2026/08/01@14:41:40,1801,0.42086956
2026/08/01@14:41:41,1802,0.35
2026/08/01@14:41:42,1803,0.14217392
2026/08/01@14:41:43,1804,0.336521736
2026/08/01@14:41:44,1805,0.39086956
2026/08/01@14:41:45,1806,0.406521736
2026/08/01@14:41:47,1808,0.4252174
2026/08/01@14:41:48,1809,0.370869568
2026/08/01@14:41:49,1810,0.39608696
2026/08/01@14:41:50,1811,0.18304348
2026/08/01@14:41:51,1812,0.16869566
2026/08/01@14:41:52,1813,0.339565216
2026/08/01@14:41:53,1814,0.3573913
2026/08/01@14:41:54,1815,0.51869568
2026/08/01@14:41:55,1816,0.47695652
2026/08/01@14:41:56,1817,0.3195652
2026/08/01@14:41:57,1818,0.424347816
2026/08/01@14:41:58,1819,0.195652176
2026/08/01@14:42:00,1821,0.2630435
2026/08/01@14:42:01,1822,0.406521736
2026/08/01@14:42:02,1823,0.34
2026/08/01@14:42:03,1824,0.394347816
2026/08/01@14:42:04,1825,0.39782608
2026/08/01@14:42:05,1826,0.40391304
2026/08/01@14:42:06,1827,0.44391304
2026/08/01@14:42:07,1828,0.3421739
2026/08/01@14:42:08,1829,0.351739136
2026/08/01@14:42:09,1830,0.212173908
2026/08/01@14:42:10,1831,0.27
2026/08/01@14:42:11,1832,0.3121739
2026/08/01@14:42:13,1834,0.34130436
2026/08/01@14:42:14,1835,0.43347828
2026/08/01@14:42:15,1836,0.355652184
2026/08/01@14:42:16,1837,0.30130434
2026/08/01@14:42:17,1838,0.339565216
2026/08/01@14:42:18,1839,0.28391304
2026/08/01@14:42:19,1840,0.16130436
2026/08/01@14:42:20,1841,0.244782608
2026/08/01@14:42:21,1842,0.38913044
2026/08/01@14:42:22,1843,0.4347826
2026/08/01@14:42:23,1844,0.43695652
2026/08/01@14:42:24,1845,0.17391304
2026/08/01@14:42:26,1847,0.14043478
2026/08/01@14:42:27,1848,0.12869565
2026/08/01@14:42:28,1849,0.11
2026/08/01@14:42:29,1850,0.27869564
2026/08/01@14:42:30,1851,0.27391306
2026/08/01@14:42:31,1852,0.41347826
2026/08/01@14:42:32,1853,0.43
2026/08/01@14:42:33,1854,0.440434784
2026/08/01@14:42:34,1855,0.399565216
2026/08/01@14:42:35,1856,0.39217392
2026/08/01@14:42:36,1857,0.27
2026/08/01@14:42:37,1858,0.25434784
2026/08/01@14:42:39,1859,0.38434784
2026/08/01@14:42:40,1861,0.456956536
2026/08/01@14:42:41,1862,0.40565216
2026/08/01@14:42:42,1863,0.42086956
2026/08/01@14:42:43,1864,0.38130436
2026/08/01@14:42:44,1865,0.31478262
2026/08/01@14:42:45,1866,0.3043478
2026/08/01@14:42:46,1867,0.32913044
2026/08/01@14:42:47,1868,0.368260868
2026/08/01@14:42:48,1869,0.45
2026/08/01@14:42:49,1870,0.37434784
2026/08/01@14:42:50,1871,0.35130436
2026/08/01@14:42:52,1872,0.358695636
2026/08/01@14:42:53,1874,0.3173913
2026/08/01@14:42:54,1875,0.32347824
2026/08/01@14:42:55,1876,0.29347824
2026/08/01@14:42:56,1877,0.21695652
2026/08/01@14:42:57,1878,0.15652174
2026/08/01@14:42:58,1879,0.13043478
2026/08/01@14:42:59,1880,0.2426087
2026/08/01@14:43:00,1881,0.3404348
2026/08/01@14:43:01,1882,0.3573913
2026/08/01@14:43:02,1883,0.3026087
2026/08/01@14:43:03,1884,0.21695652
2026/08/01@14:43:04,1885,0.15608695
2026/08/01@14:43:06,1887,0.10347826
2026/08/01@14:43:07,1888,0.3347826
2026/08/01@14:43:08,1889,0.33608696
2026/08/01@14:43:09,1890,0.40434784
2026/08/01@14:43:10,1891,0.23434782
2026/08/01@14:43:11,1892,0.23086956
2026/08/01@14:43:12,1893,0.4373913
2026/08/01@14:43:13,1894,0.43826088
2026/08/01@14:43:14,1895,0.4095652
2026/08/01@14:43:15,1896,0.2652174
2026/08/01@14:43:16,1897,0.12869565
2026/08/01@14:43:17,1898,0.3926087
2026/08/01@14:43:19,1900,0.476086936
2026/08/01@14:43:20,1901,0.3873913
2026/08/01@14:43:21,1902,0.3778261
2026/08/01@14:43:22,1903,0.34608696
2026/08/01@14:43:23,1904,0.38391304
2026/08/01@14:43:24,1905,0.26913044
2026/08/01@14:43:25,1906,0.10478261
2026/08/01@14:43:26,1907,0.25826088
2026/08/01@14:43:27,1908,0.4
2026/08/01@14:43:28,1909,0.5247826
2026/08/01@14:43:29,1910,0.4026087
2026/08/01@14:43:30,1911,0.42347828
2026/08/01@14:43:32,1913,0.4169565
2026/08/01@14:43:33,1914,0.3947826
2026/08/01@14:43:34,1915,0.4678261
2026/08/01@14:43:35,1916,0.38130436
2026/08/01@14:43:36,1917,0.31652172
2026/08/01@14:43:37,1918,0.28565216
2026/08/01@14:43:38,1919,0.36913044
2026/08/01@14:43:39,1920,0.29869564
2026/08/01@14:43:40,1921,0.4021739
2026/08/01@14:43:41,1922,0.435217368
2026/08/01@14:43:42,1923,0.31913042
2026/08/01@14:43:43,1924,0.39391304
2026/08/01@14:43:45,1926,0.41652172
2026/08/01@14:43:46,1927,0.36347828
2026/08/01@14:43:47,1928,0.34304348
2026/08/01@14:43:48,1929,0.2804348
2026/08/01@14:43:49,1930,0.12043478
2026/08/01@14:43:50,1931,0.175217392
2026/08/01@14:43:51,1932,0.3973913
2026/08/01@14:43:52,1933,0.3726087
2026/08/01@14:43:53,1934,0.40826088
2026/08/01@14:43:54,1935,0.4
2026/08/01@14:43:55,1936,0.40304348
2026/08/01@14:43:56,1937,0.31391304
2026/08/01@14:43:58,1939,0.2673913
2026/08/01@14:43:59,1940,0.2821739
2026/08/01@14:44:00,1941,0.18695652
2026/08/01@14:44:01,1942,0.28869566
2026/08/01@14:44:02,1943,0.43565216
2026/08/01@14:44:03,1944,0.45086956
2026/08/01@14:44:04,1945,0.375217368
2026/08/01@14:44:05,1946,0.25304348
2026/08/01@14:44:06,1947,0.09826087
2026/08/01@14:44:07,1948,0.3330435
2026/08/01@14:44:08,1949,0.32173914
2026/08/01@14:44:09,1950,0.404782632
2026/08/01@14:44:11,1952,0.37
2026/08/01@14:44:12,1953,0.46913044
2026/08/01@14:44:13,1954,0.38217392
2026/08/01@14:44:14,1955,0.39391304
2026/08/01@14:44:15,1956,0.38782608
2026/08/01@14:44:16,1957,0.30608696
2026/08/01@14:44:17,1958,0.20086956
2026/08/01@14:44:18,1959,0.10478261
2026/08/01@14:44:19,1960,0.14565218
2026/08/01@14:44:20,1961,0.11956522
2026/08/01@14:44:21,1962,0.187391316
2026/08/01@14:44:22,1963,0.116956532
2026/08/01@14:44:24,1965,0.12956522
2026/08/01@14:44:25,1966,0.28608696
2026/08/01@14:44:26,1967,0.094782608
2026/08/01@14:44:27,1968,0.19043478
2026/08/01@14:44:28,1969,0.08869565
2026/08/01@14:44:29,1970,0.32826088
2026/08/01@14:44:30,1971,0.25
2026/08/01@14:44:31,1972,0.3795652
2026/08/01@14:44:32,1973,0.34869568
2026/08/01@14:44:33,1974,0.32304348
2026/08/01@14:44:34,1975,0.22478262
2026/08/01@14:44:35,1976,0.09217391
2026/08/01@14:44:37,1978,0.09913044
2026/08/01@14:44:38,1979,0.26565218
2026/08/01@14:44:39,1980,0.100869568
2026/08/01@14:44:40,1981,0.25608696
2026/08/01@14:44:41,1982,0.10391305
2026/08/01@14:44:42,1983,0.27565216
2026/08/01@14:44:43,1984,0.09652174
2026/08/01@14:44:44,1985,0.10652174
2026/08/01@14:44:45,1986,0.29608696
2026/08/01@14:44:46,1987,0.25869566
2026/08/01@14:44:47,1988,0.18391304
2026/08/01@14:44:48,1989,0.18043478
2026/08/01@14:44:50,1990,0.1173913
2026/08/01@14:44:51,1992,0.16347826
2026/08/01@14:44:52,1993,0.10695652
2026/08/01@14:44:53,1994,0.30086956
2026/08/01@14:44:54,1995,0.11086956
2026/08/01@14:44:55,1996,0.09826087
2026/08/01@14:44:56,1997,0.23173914
2026/08/01@14:44:57,1998,0.34869568
2026/08/01@14:44:58,1999,0.398260868
2026/08/01@14:44:59,2000,0.47304348
2026/08/01@14:45:00,2001,0.40565216
2026/08/01@14:45:01,2002,0.3195652
2026/08/01@14:45:02,2003,0.12217391
2026/08/01@14:45:04,2005,0.33869564
2026/08/01@14:45:05,2006,0.42652176
2026/08/01@14:45:06,2007,0.4452174
2026/08/01@14:45:07,2008,0.29956524
2026/08/01@14:45:08,2009,0.16086957
2026/08/01@14:45:09,2010,0.418695636
2026/08/01@14:45:10,2011,0.4226087
2026/08/01@14:45:11,2012,0.3926087
2026/08/01@14:45:12,2013,0.3421739
2026/08/01@14:45:13,2014,0.18565216
2026/08/01@14:45:14,2015,0.29217392
2026/08/01@14:45:15,2016,0.3195652
2026/08/01@14:45:17,2018,0.409130432
2026/08/01@14:45:18,2019,0.3795652
2026/08/01@14:45:19,2020,0.36739132
2026/08/01@14:45:20,2021,0.30608696
2026/08/01@14:45:21,2022,0.38608696
2026/08/01@14:45:22,2023,0.40565216
2026/08/01@14:45:23,2024,0.4147826
2026/08/01@14:45:24,2025,0.4247826
2026/08/01@14:45:25,2026,0.34173912
2026/08/01@14:45:26,2027,0.107391304
2026/08/01@14:45:27,2028,0.09739131
2026/08/01@14:45:29,2030,0.2078261
2026/08/01@14:45:30,2031,0.3043478
2026/08/01@14:45:31,2032,0.39652176
2026/08/01@14:45:32,2033,0.406521736
2026/08/01@14:45:33,2034,0.3178261
2026/08/01@14:45:34,2035,0.43130434
2026/08/01@14:45:35,2036,0.3930435
2026/08/01@14:45:36,2037,0.27
2026/08/01@14:45:37,2038,0.2073913
2026/08/01@14:45:38,2039,0.115652176
2026/08/01@14:45:39,2040,0.411739136
2026/08/01@14:45:40,2041,0.5373913
2026/08/01@14:45:42,2042,0.40304348
2026/08/01@14:45:43,2044,0.2504348
2026/08/01@14:45:44,2045,0.13913043
2026/08/01@14:45:45,2046,0.2504348
2026/08/01@14:45:46,2047,0.34695652
2026/08/01@14:45:47,2048,0.36695652
2026/08/01@14:45:48,2049,0.33869564
2026/08/01@14:45:49,2050,0.33
2026/08/01@14:45:50,2051,0.09304348
2026/08/01@14:45:51,2052,0.10347826
2026/08/01@14:45:52,2053,0.391304352
2026/08/01@14:45:53,2054,0.39565218
2026/08/01@14:45:54,2055,0.40434784
2026/08/01@14:45:56,2057,0.33173912
2026/08/01@14:45:57,2058,0.35
2026/08/01@14:45:58,2059,0.3569565
2026/08/01@14:45:59,2060,0.51869568
2026/08/01@14:46:00,2061,0.424347816
2026/08/01@14:46:01,2062,0.31130436
2026/08/01@14:46:02,2063,0.2647826
2026/08/01@14:46:03,2064,0.10869565
2026/08/01@14:46:04,2065,0.25434784
2026/08/01@14:46:05,2066,0.23173914
2026/08/01@14:46:06,2067,0.3126087
2026/08/01@14:46:07,2068,0.14956522
2026/08/01@14:46:09,2070,0.227826092
2026/08/01@14:46:10,2071,0.339565216
2026/08/01@14:46:11,2072,0.398260868
2026/08/01@14:46:12,2073,0.4552174
2026/08/01@14:46:13,2074,0.4152174
2026/08/01@14:46:14,2075,0.418695636
2026/08/01@14:46:15,2076,0.44130436
2026/08/01@14:46:16,2077,0.458260868
2026/08/01@14:46:17,2078,0.54913044
2026/08/01@14:46:18,2079,0.36
2026/08/01@14:46:19,2080,0.3873913
2026/08/01@14:46:20,2081,0.25434784
2026/08/01@14:46:22,2083,0.11173913
2026/08/01@14:46:23,2084,0.09521739
2026/08/01@14:46:24,2085,0.31304348
2026/08/01@14:46:25,2086,0.44826088
2026/08/01@14:46:26,2087,0.41086956
2026/08/01@14:46:27,2088,0.4304348
2026/08/01@14:46:28,2089,0.44826088
2026/08/01@14:46:29,2090,0.38260868
2026/08/01@14:46:30,2091,0.37434784
2026/08/01@14:46:31,2092,0.24347826
2026/08/01@14:46:32,2093,0.08869565
2026/08/01@14:46:33,2094,0.09391304
2026/08/01@14:46:35,2096,0.11173913
2026/08/01@14:46:36,2097,0.2826087
2026/08/01@14:46:37,2098,0.3721739
2026/08/01@14:46:38,2099,0.36391304
2026/08/01@14:46:39,2100,0.45043476
2026/08/01@14:46:40,2101,0.448695636
2026/08/01@14:46:41,2102,0.45913044
2026/08/01@14:46:42,2103,0.42086956
2026/08/01@14:46:43,2104,0.39782608
2026/08/01@14:46:44,2105,0.39086956
2026/08/01@14:46:45,2106,0.4230435
2026/08/01@14:46:46,2107,0.26869564
2026/08/01@14:46:48,2109,0.32347824
2026/08/01@14:46:49,2110,0.24652174
2026/08/01@14:46:50,2111,0.11608696
2026/08/01@14:46:51,2112,0.11173913
2026/08/01@14:46:52,2113,0.15173914
2026/08/01@14:46:53,2114,0.13956522
2026/08/01@14:46:54,2115,0.3021739
2026/08/01@14:46:55,2116,0.3126087
2026/08/01@14:46:56,2117,0.23434782
2026/08/01@14:46:57,2118,0.1626087
2026/08/01@14:46:58,2119,0.07521739
2026/08/01@14:46:59,2120,0.14826088
2026/08/01@14:47:01,2122,0.09043478
2026/08/01@14:47:02,2123,0.32652172
2026/08/01@14:47:03,2124,0.42173912
2026/08/01@14:47:04,2125,0.47086956
2026/08/01@14:47:05,2126,0.398260868
2026/08/01@14:47:06,2127,0.32608696
2026/08/01@14:47:07,2128,0.20565218
2026/08/01@14:47:08,2129,0.28173912
2026/08/01@14:47:09,2130,0.3869565
2026/08/01@14:47:10,2131,0.4773913
2026/08/01@14:47:11,2132,0.42695652
2026/08/01@14:47:12,2133,0.31652172
2026/08/01@14:47:14,2135,0.194347824
2026/08/01@14:47:15,2136,0.31608696
2026/08/01@14:47:16,2137,0.34173912
2026/08/01@14:47:17,2138,0.3721739
2026/08/01@14:47:18,2139,0.4321739
2026/08/01@14:47:19,2140,0.42173912
2026/08/01@14:47:20,2141,0.4778261
2026/08/01@14:47:21,2142,0.45913044
2026/08/01@14:47:22,2143,0.4604348
2026/08/01@14:47:23,2144,0.355652184
2026/08/01@14:47:24,2145,0.380434784
2026/08/01@14:47:25,2146,0.344782632
2026/08/01@14:47:27,2148,0.32652172
2026/08/01@14:47:28,2149,0.3552174
2026/08/01@14:47:29,2150,0.385652184
2026/08/01@14:47:30,2151,0.474782632
2026/08/01@14:47:31,2152,0.43304348
2026/08/01@14:47:32,2153,0.40565216
2026/08/01@14:47:33,2154,0.2595652
2026/08/01@14:47:34,2155,0.15652174
2026/08/01@14:47:35,2156,0.28391304
2026/08/01@14:47:36,2157,0.1373913
2026/08/01@14:47:37,2158,0.11086956
2026/08/01@14:47:38,2159,0.2526087
2026/08/01@14:47:40,2161,0.31652172
2026/08/01@14:47:41,2162,0.32434782
2026/08/01@14:47:42,2163,0.3852174
2026/08/01@14:47:43,2164,0.409130432
2026/08/01@14:47:44,2165,0.4321739
2026/08/01@14:47:45,2166,0.4152174
2026/08/01@14:47:46,2167,0.3926087
2026/08/01@14:47:47,2168,0.44130436
2026/08/01@14:47:48,2169,0.4178261
2026/08/01@14:47:49,2170,0.385652184
2026/08/01@14:47:50,2171,0.40130432
2026/08/01@14:47:51,2172,0.399565216
2026/08/01@14:47:53,2174,0.4152174
2026/08/01@14:47:54,2175,0.41
2026/08/01@14:47:55,2176,0.3930435
2026/08/01@14:47:56,2177,0.26130436
2026/08/01@14:47:57,2178,0.42
2026/08/01@14:47:58,2179,0.3173913
2026/08/01@14:47:59,2180,0.2773913
2026/08/01@14:48:00,2181,0.10652174
2026/08/01@14:48:01,2182,0.20347826
2026/08/01@14:48:02,2183,0.3043478
2026/08/01@14:48:03,2184,0.375217368
2026/08/01@14:48:04,2185,0.3404348
2026/08/01@14:48:05,2186,0.4021739
2026/08/01@14:48:07,2188,0.43869564
2026/08/01@14:48:08,2189,0.44
2026/08/01@14:48:09,2190,0.39565218
2026/08/01@14:48:10,2191,0.411739136
2026/08/01@14:48:11,2192,0.34695652
2026/08/01@14:48:12,2193,0.3247826
2026/08/01@14:48:13,2194,0.14782609
2026/08/01@14:48:14,2195,0.31391304
2026/08/01@14:48:15,2196,0.46173912
2026/08/01@14:48:16,2197,0.400869568
2026/08/01@14:48:17,2198,0.41956524
2026/08/01@14:48:18,2199,0.32
2026/08/01@14:48:20,2201,0.09521739
2026/08/01@14:48:21,2202,0.29043478
2026/08/01@14:48:22,2203,0.375217368
2026/08/01@14:48:23,2204,0.4073913
2026/08/01@14:48:24,2205,0.45217392
2026/08/01@14:48:25,2206,0.46173912
2026/08/01@14:48:26,2207,0.35347824
2026/08/01@14:48:27,2208,0.36043476
2026/08/01@14:48:28,2209,0.3178261
2026/08/01@14:48:29,2210,0.12695652
2026/08/01@14:48:30,2211,0.09347826
2026/08/01@14:48:31,2212,0.37
2026/08/01@14:48:33,2214,0.45086956
2026/08/01@14:48:34,2215,0.32652172
2026/08/01@14:48:35,2216,0.29173914
2026/08/01@14:48:36,2217,0.190869568
2026/08/01@14:48:37,2218,0.233913052
2026/08/01@14:48:38,2219,0.38391304
2026/08/01@14:48:39,2220,0.3326087
2026/08/01@14:48:40,2221,0.43304348
2026/08/01@14:48:41,2222,0.38434784
2026/08/01@14:48:42,2223,0.48217392
2026/08/01@14:48:43,2224,0.4026087
2026/08/01@14:48:44,2225,0.40565216
2026/08/01@14:48:46,2227,0.42130436
2026/08/01@14:48:47,2228,0.45043476
2026/08/01@14:48:48,2229,0.4178261
2026/08/01@14:48:49,2230,0.47086956
2026/08/01@14:48:50,2231,0.416086936
2026/08/01@14:48:51,2232,0.358695636
2026/08/01@14:48:52,2233,0.3043478
2026/08/01@14:48:53,2234,0.110434784
2026/08/01@14:48:54,2235,0.2647826
2026/08/01@14:48:55,2236,0.24347826
2026/08/01@14:48:56,2237,0.29782608
2026/08/01@14:48:57,2238,0.32347824
2026/08/01@14:48:59,2240,0.30391306
2026/08/01@14:49:00,2241,0.13043478
2026/08/01@14:49:01,2242,0.26347824
2026/08/01@14:49:02,2243,0.27869564
2026/08/01@14:49:03,2244,0.3704348
2026/08/01@14:49:04,2245,0.3021739
2026/08/01@14:49:05,2246,0.33782608
2026/08/01@14:49:06,2247,0.32782608
2026/08/01@14:49:07,2248,0.2426087
2026/08/01@14:49:08,2249,0.11086956
2026/08/01@14:49:09,2250,0.10695652
2026/08/01@14:49:10,2251,0.09043478
2026/08/01@14:49:12,2253,0.25652172
2026/08/01@14:49:13,2254,0.39217392
2026/08/01@14:49:14,2255,0.43347828
2026/08/01@14:49:15,2256,0.33782608
2026/08/01@14:49:16,2257,0.36086956
2026/08/01@14:49:17,2258,0.11173913
2026/08/01@14:49:18,2259,0.08608696
2026/08/01@14:49:19,2260,0.27913044
2026/08/01@14:49:20,2261,0.3195652
2026/08/01@14:49:21,2262,0.4026087
2026/08/01@14:49:22,2263,0.59652176
2026/08/01@14:49:23,2264,0.40304348
2026/08/01@14:49:25,2266,0.208695652
2026/08/01@14:49:26,2267,0.12565218
2026/08/01@14:49:27,2268,0.28
2026/08/01@14:49:28,2269,0.43347828
2026/08/01@14:49:29,2270,0.45347824
2026/08/01@14:49:30,2271,0.35652172
2026/08/01@14:49:31,2272,0.30391306
2026/08/01@14:49:32,2273,0.15782608
2026/08/01@14:49:33,2274,0.27391306
2026/08/01@14:49:34,2275,0.41130436
2026/08/01@14:49:35,2276,0.4673913
2026/08/01@14:49:36,2277,0.54913044
2026/08/01@14:49:38,2278,0.39043476
2026/08/01@14:49:39,2280,0.32086956
2026/08/01@14:49:40,2281,0.17347826
2026/08/01@14:49:41,2282,0.10695652
2026/08/01@14:49:42,2283,0.32
2026/08/01@14:49:43,2284,0.3047826
2026/08/01@14:49:44,2285,0.35304348
2026/08/01@14:49:45,2286,0.411739136
2026/08/01@14:49:46,2287,0.4169565
2026/08/01@14:49:47,2288,0.38086956
2026/08/01@14:49:48,2289,0.3947826
2026/08/01@14:49:49,2290,0.29608696
2026/08/01@14:49:50,2291,0.21565217
2026/08/01@14:49:52,2293,0.11782609
2026/08/01@14:49:53,2294,0.13391304
2026/08/01@14:49:54,2295,0.16130436
2026/08/01@14:49:55,2296,0.2926087
2026/08/01@14:49:56,2297,0.3178261
2026/08/01@14:49:57,2298,0.26043478
2026/08/01@14:49:58,2299,0.32347824
2026/08/01@14:49:59,2300,0.36217392
2026/08/01@14:50:00,2301,0.32304348
2026/08/01@14:50:01,2302,0.32608696
2026/08/01@14:50:02,2303,0.380434784
2026/08/01@14:50:03,2304,0.28869566
2026/08/01@14:50:05,2306,0.32652172
2026/08/01@14:50:06,2307,0.26391304
2026/08/01@14:50:07,2308,0.16869566
2026/08/01@14:50:08,2309,0.13478261
2026/08/01@14:50:09,2310,0.338260868
2026/08/01@14:50:10,2311,0.2952174
2026/08/01@14:50:11,2312,0.4447826
2026/08/01@14:50:12,2313,0.29608696
2026/08/01@14:50:13,2314,0.38217392
2026/08/01@14:50:14,2315,0.4026087
2026/08/01@14:50:15,2316,0.3647826
2026/08/01@14:50:16,2317,0.24173912
2026/08/01@14:50:18,2319,0.3343478
2026/08/01@14:50:19,2320,0.14304348
2026/08/01@14:50:20,2321,0.08956522
2026/08/01@14:50:21,2322,0.30913044
2026/08/01@14:50:22,2323,0.31652172
2026/08/01@14:50:23,2324,0.39782608
2026/08/01@14:50:24,2325,0.3195652
2026/08/01@14:50:25,2326,0.32608696
2026/08/01@14:50:26,2327,0.53
2026/08/01@14:50:27,2328,0.48826088
2026/08/01@14:50:28,2329,0.4073913
2026/08/01@14:50:29,2330,0.4421739
2026/08/01@14:50:31,2332,0.4178261
2026/08/01@14:50:32,2333,0.38956524
2026/08/01@14:50:33,2334,0.39608696
2026/08/01@14:50:34,2335,0.391304352
2026/08/01@14:50:35,2336,0.448695636
2026/08/01@14:50:36,2337,0.3178261
2026/08/01@14:50:37,2338,0.31304348
2026/08/01@14:50:38,2339,0.3343478
2026/08/01@14:50:39,2340,0.2878261
2026/08/01@14:50:40,2341,0.3773913
2026/08/01@14:50:41,2342,0.38130436
2026/08/01@14:50:42,2343,0.4230435
2026/08/01@14:50:44,2345,0.42869564
2026/08/01@14:50:45,2346,0.4152174
2026/08/01@14:50:46,2347,0.5847826
2026/08/01@14:50:47,2348,0.32913044
2026/08/01@14:50:48,2349,0.38086956
2026/08/01@14:50:49,2350,0.39217392
2026/08/01@14:50:50,2351,0.3569565
2026/08/01@14:50:51,2352,0.3178261
2026/08/01@14:50:52,2353,0.39652176
2026/08/01@14:50:53,2354,0.4621739
2026/08/01@14:50:54,2355,0.4373913
2026/08/01@14:50:55,2356,0.373478268
2026/08/01@14:50:57,2358,0.39652176
2026/08/01@14:50:58,2359,0.31391304
2026/08/01@14:50:59,2360,0.2673913
2026/08/01@14:51:00,2361,0.14434783
2026/08/01@14:51:01,2362,0.19217392
2026/08/01@14:51:02,2363,0.3495652
2026/08/01@14:51:03,2364,0.3195652
2026/08/01@14:51:04,2365,0.3795652
2026/08/01@14:51:05,2366,0.358695636
2026/08/01@14:51:06,2367,0.3852174
2026/08/01@14:51:07,2368,0.3973913
2026/08/01@14:51:08,2369,0.4152174
2026/08/01@14:51:10,2371,0.4452174
2026/08/01@14:51:11,2372,0.47130436
2026/08/01@14:51:12,2373,0.345217368
2026/08/01@14:51:13,2374,0.3547826
2026/08/01@14:51:14,2375,0.44695652
2026/08/01@14:51:15,2376,0.32086956
2026/08/01@14:51:16,2377,0.27391306
2026/08/01@14:51:17,2378,0.23565218
2026/08/01@14:51:18,2379,0.09565217
2026/08/01@14:51:19,2380,0.13217391
2026/08/01@14:51:20,2381,0.08695652
2026/08/01@14:51:21,2382,0.10304348
2026/08/01@14:51:23,2384,0.08956522
2026/08/01@14:51:24,2385,0.08826087
2026/08/01@14:51:25,2386,0.29434782
2026/08/01@14:51:26,2387,0.418695636
2026/08/01@14:51:27,2388,0.3726087
2026/08/01@14:51:28,2389,0.418695636
2026/08/01@14:51:29,2390,0.5721739
2026/08/01@14:51:30,2391,0.44695652
2026/08/01@14:51:31,2392,0.44391304
2026/08/01@14:51:32,2393,0.45913044
2026/08/01@14:51:33,2394,0.400869568
2026/08/01@14:51:34,2395,0.42086956
2026/08/01@14:51:36,2396,0.380434784
2026/08/01@14:51:37,2398,0.4421739
2026/08/01@14:51:38,2399,0.3869565
2026/08/01@14:51:39,2400,0.409130432
2026/08/01@14:51:40,2401,0.42347828
2026/08/01@14:51:41,2402,0.41130436
2026/08/01@14:51:42,2403,0.379130432
2026/08/01@14:51:43,2404,0.33
2026/08/01@14:51:44,2405,0.55608696
2026/08/01@14:51:45,2406,0.55043476
2026/08/01@14:51:46,2407,0.4726087
2026/08/01@14:51:47,2408,0.33695652
2026/08/01@14:51:48,2409,0.37608696
2026/08/01@14:51:50,2411,0.3947826
2026/08/01@14:51:51,2412,0.379130432
2026/08/01@14:51:52,2413,0.33347828
2026/08/01@14:51:53,2414,0.38434784
2026/08/01@14:51:54,2415,0.3926087
2026/08/01@14:51:55,2416,0.3704348
2026/08/01@14:51:56,2417,0.406521736
2026/08/01@14:51:57,2418,0.3926087
2026/08/01@14:51:58,2419,0.38130436
2026/08/01@14:51:59,2420,0.440434784
2026/08/01@14:52:00,2421,0.40304348
2026/08/01@14:52:01,2422,0.40565216
2026/08/01@14:52:03,2424,0.46565216
2026/08/01@14:52:04,2425,0.3947826
2026/08/01@14:52:05,2426,0.41826088
2026/08/01@14:52:06,2427,0.237391316
2026/08/01@14:52:07,2428,0.2952174
2026/08/01@14:52:08,2429,0.2347826
2026/08/01@14:52:09,2430,0.27565216
2026/08/01@14:52:10,2431,0.29391304
2026/08/01@14:52:11,2432,0.26869564
2026/08/01@14:52:12,2433,0.2647826
2026/08/01@14:52:13,2434,0.08782609
2026/08/01@14:52:14,2435,0.2126087
2026/08/01@14:52:16,2437,0.16695653
2026/08/01@14:52:17,2438,0.1447826
2026/08/01@14:52:18,2439,0.16869566
2026/08/01@14:52:19,2440,0.24
2026/08/01@14:52:20,2441,0.368260868
2026/08/01@14:52:21,2442,0.38434784
2026/08/01@14:52:22,2443,0.4347826
2026/08/01@14:52:23,2444,0.34130436
2026/08/01@14:52:24,2445,0.368260868
2026/08/01@14:52:25,2446,0.379130432
2026/08/01@14:52:26,2447,0.39565218
2026/08/01@14:52:27,2448,0.428260868
2026/08/01@14:52:29,2450,0.45608696
2026/08/01@14:52:30,2451,0.41130436
2026/08/01@14:52:31,2452,0.41
2026/08/01@14:52:32,2453,0.4026087
2026/08/01@14:52:33,2454,0.39608696
2026/08/01@14:52:34,2455,0.40434784
2026/08/01@14:52:35,2456,0.3852174
2026/08/01@14:52:36,2457,0.40130432
2026/08/01@14:52:37,2458,0.368260868
2026/08/01@14:52:38,2459,0.409130432
2026/08/01@14:52:39,2460,0.41652172
2026/08/01@14:52:40,2461,0.42782608
2026/08/01@14:52:42,2463,0.42086956
2026/08/01@14:52:43,2464,0.40434784
2026/08/01@14:52:44,2465,0.42173912
2026/08/01@14:52:45,2466,0.44391304
2026/08/01@14:52:46,2467,0.43
2026/08/01@14:52:47,2468,0.50652176
2026/08/01@14:52:48,2469,0.46086956
2026/08/01@14:52:49,2470,0.440434784
2026/08/01@14:52:50,2471,0.44391304
2026/08/01@14:52:51,2472,0.43869564
2026/08/01@14:52:52,2473,0.5408696
2026/08/01@14:52:53,2474,0.5869565
2026/08/01@14:52:55,2476,0.54
2026/08/01@14:52:56,2477,0.40565216
2026/08/01@14:52:57,2478,0.38956524
2026/08/01@14:52:58,2479,0.41652172
2026/08/01@14:52:59,2480,0.39043476
2026/08/01@14:53:00,2481,0.338260868
2026/08/01@14:53:01,2482,0.30130434
2026/08/01@14:53:02,2483,0.11956522
2026/08/01@14:53:03,2484,0.24347826
2026/08/01@14:53:04,2485,0.31478262
2026/08/01@14:53:05,2486,0.3569565
2026/08/01@14:53:06,2487,0.5404348
2026/08/01@14:53:08,2489,0.4147826
2026/08/01@14:53:09,2490,0.406521736
2026/08/01@14:53:10,2491,0.3795652
2026/08/01@14:53:11,2492,0.30130434
2026/08/01@14:53:12,2493,0.2969565
2026/08/01@14:53:13,2494,0.32826088
2026/08/01@14:53:14,2495,0.29086956
2026/08/01@14:53:15,2496,0.2378261
2026/08/01@14:53:16,2497,0.2552174
2026/08/01@14:53:17,2498,0.2973913
2026/08/01@14:53:18,2499,0.2878261
2026/08/01@14:53:19,2500,0.30956522
2026/08/01@14:53:21,2502,0.27304348
2026/08/01@14:53:22,2503,0.118695656
2026/08/01@14:53:23,2504,0.080434784
2026/08/01@14:53:24,2505,0.12565218
2026/08/01@14:53:25,2506,0.21391304
2026/08/01@14:53:26,2507,0.30043476
2026/08/01@14:53:27,2508,0.3421739
2026/08/01@14:53:28,2509,0.25478262
2026/08/01@14:53:29,2510,0.22652174
2026/08/01@14:53:30,2511,0.3226087
2026/08/01@14:53:31,2512,0.08434783
2026/08/01@14:53:32,2513,0.208695652
2026/08/01@14:53:34,2515,0.19347826
2026/08/01@14:53:35,2516,0.24173912
2026/08/01@14:53:36,2517,0.35913044
2026/08/01@14:53:37,2518,0.346521732
2026/08/01@14:53:38,2519,0.4421739
2026/08/01@14:53:39,2520,0.38913044
2026/08/01@14:53:40,2521,0.36869564
2026/08/01@14:53:41,2522,0.34826088
2026/08/01@14:53:42,2523,0.20956522
2026/08/01@14:53:43,2524,0.13391304
2026/08/01@14:53:44,2525,0.25
2026/08/01@14:53:45,2526,0.2926087
2026/08/01@14:53:47,2527,0.4095652
2026/08/01@14:53:48,2529,0.4926087
2026/08/01@14:53:49,2530,0.32782608
2026/08/01@14:53:50,2531,0.380434784
2026/08/01@14:53:51,2532,0.43304348
2026/08/01@14:53:52,2533,0.32956524
2026/08/01@14:53:53,2534,0.55391308
2026/08/01@14:53:54,2535,0.4456522
2026/08/01@14:53:55,2536,0.409130432
2026/08/01@14:53:56,2537,0.34304348
2026/08/01@14:53:57,2538,0.19
2026/08/01@14:53:58,2539,0.08434783
2026/08/01@14:54:00,2540,0.32347824
2026/08/01@14:54:01,2542,0.3573913
2026/08/01@14:54:02,2543,0.46434784
2026/08/01@14:54:03,2544,0.375217368
2026/08/01@14:54:04,2545,0.3021739
2026/08/01@14:54:05,2546,0.12869565
2026/08/01@14:54:06,2547,0.29608696
2026/08/01@14:54:07,2548,0.42652176
2026/08/01@14:54:08,2549,0.42347828
2026/08/01@14:54:09,2550,0.398260868
2026/08/01@14:54:10,2551,0.26913044
2026/08/01@14:54:11,2552,0.11173913
2026/08/01@14:54:13,2553,0.31086956
2026/08/01@14:54:14,2555,0.37869568
2026/08/01@14:54:15,2556,0.35913044
2026/08/01@14:54:16,2557,0.33130434
2026/08/01@14:54:17,2558,0.338260868
2026/08/01@14:54:18,2559,0.3026087
2026/08/01@14:54:19,2560,0.38913044
2026/08/01@14:54:20,2561,0.3495652
2026/08/01@14:54:21,2562,0.36173912
2026/08/01@14:54:22,2563,0.23826086
2026/08/01@14:54:23,2564,0.17826086
2026/08/01@14:54:24,2565,0.18913044
2026/08/01@14:54:25,2566,0.18652174
2026/08/01@14:54:27,2568,0.400869568
2026/08/01@14:54:28,2569,0.53652176
2026/08/01@14:54:29,2570,0.40608696
2026/08/01@14:54:30,2571,0.3573913
2026/08/01@14:54:31,2572,0.31652172
2026/08/01@14:54:32,2573,0.32130436
2026/08/01@14:54:33,2574,0.409130432
2026/08/01@14:54:34,2575,0.400869568
2026/08/01@14:54:35,2576,0.44652172
2026/08/01@14:54:36,2577,0.37608696
2026/08/01@14:54:37,2578,0.411739136
2026/08/01@14:54:38,2579,0.368260868
2026/08/01@14:54:40,2581,0.53217392
2026/08/01@14:54:41,2582,0.47695652
2026/08/01@14:54:42,2583,0.4395652
2026/08/01@14:54:43,2584,0.36043476
2026/08/01@14:54:44,2585,0.30304348
2026/08/01@14:54:45,2586,0.14434783
2026/08/01@14:54:46,2587,0.35826088
2026/08/01@14:54:47,2588,0.458260868
2026/08/01@14:54:48,2589,0.3973913
2026/08/01@14:54:49,2590,0.34173912
2026/08/01@14:54:50,2591,0.30130434
2026/08/01@14:54:51,2592,0.358695636
2026/08/01@14:54:53,2594,0.20956522
2026/08/01@14:54:54,2595,0.10521739
2026/08/01@14:54:55,2596,0.30391306
2026/08/01@14:54:56,2597,0.370869568
2026/08/01@14:54:57,2598,0.49565216
2026/08/01@14:54:58,2599,0.4226087
2026/08/01@14:54:59,2600,0.39608696
2026/08/01@14:55:00,2601,0.3352174
2026/08/01@14:55:01,2602,0.09739131
2026/08/01@14:55:02,2603,0.3043478
2026/08/01@14:55:03,2604,0.37434784
2026/08/01@14:55:04,2605,0.4421739
2026/08/01@14:55:06,2607,0.36
2026/08/01@14:55:07,2608,0.3647826
2026/08/01@14:55:08,2609,0.370869568
2026/08/01@14:55:09,2610,0.496521736
2026/08/01@14:55:10,2611,0.5573913
2026/08/01@14:55:11,2612,0.4152174
2026/08/01@14:55:12,2613,0.41347826
2026/08/01@14:55:13,2614,0.5443478
2026/08/01@14:55:14,2615,0.31652172
2026/08/01@14:55:15,2616,0.31565216
2026/08/01@14:55:16,2617,0.30130434
2026/08/01@14:55:17,2618,0.07826087
2026/08/01@14:55:19,2620,0.107391304
2026/08/01@14:55:20,2621,0.208695652
2026/08/01@14:55:21,2622,0.17347826
2026/08/01@14:55:22,2623,0.17956522
2026/08/01@14:55:23,2624,0.3547826
2026/08/01@14:55:24,2625,0.343478268
2026/08/01@14:55:25,2626,0.406521736
2026/08/01@14:55:26,2627,0.440434784
2026/08/01@14:55:27,2628,0.45217392
2026/08/01@14:55:28,2629,0.34
2026/08/01@14:55:29,2630,0.1747826
2026/08/01@14:55:30,2631,0.28869566
2026/08/01@14:55:32,2633,0.3930435
2026/08/01@14:55:33,2634,0.32782608
2026/08/01@14:55:34,2635,0.37869568
2026/08/01@14:55:35,2636,0.39782608
2026/08/01@14:55:36,2637,0.36869564
2026/08/01@14:55:37,2638,0.4456522
2026/08/01@14:55:38,2639,0.375217368
2026/08/01@14:55:39,2640,0.31130436
2026/08/01@14:55:40,2641,0.16478262
2026/08/01@14:55:41,2642,0.16304348
2026/08/01@14:55:42,2643,0.336521736
2026/08/01@14:55:43,2644,0.28086956
2026/08/01@14:55:45,2646,0.38260868
2026/08/01@14:55:46,2647,0.4169565
2026/08/01@14:55:47,2648,0.41652172
2026/08/01@14:55:48,2649,0.43347828
2026/08/01@14:55:49,2650,0.38260868
2026/08/01@14:55:50,2651,0.31565216
2026/08/01@14:55:51,2652,0.17130434
2026/08/01@14:55:52,2653,0.18565216
2026/08/01@14:55:53,2654,0.31826088
2026/08/01@14:55:54,2655,0.38913044
2026/08/01@14:55:55,2656,0.30739132
2026/08/01@14:55:56,2657,0.17391304
2026/08/01@14:55:58,2659,0.2630435
2026/08/01@14:55:59,2660,0.35652172
2026/08/01@14:56:00,2661,0.454347816
2026/08/01@14:56:01,2662,0.3121739
2026/08/01@14:56:02,2663,0.39217392
2026/08/01@14:56:03,2664,0.48391304
2026/08/01@14:56:04,2665,0.3573913
2026/08/01@14:56:05,2666,0.38956524
2026/08/01@14:56:06,2667,0.4395652
2026/08/01@14:56:07,2668,0.31826088
2026/08/01@14:56:08,2669,0.48826088
2026/08/01@14:56:09,2670,0.42695652
2026/08/01@14:56:11,2672,0.2552174
2026/08/01@14:56:12,2673,0.08130435
2026/08/01@14:56:13,2674,0.3573913
2026/08/01@14:56:14,2675,0.355652184
2026/08/01@14:56:15,2676,0.406521736
2026/08/01@14:56:16,2677,0.38782608
2026/08/01@14:56:17,2678,0.32304348
2026/08/01@14:56:18,2679,0.12913044
2026/08/01@14:56:19,2680,0.3778261
2026/08/01@14:56:20,2681,0.46434784
2026/08/01@14:56:21,2682,0.370869568
2026/08/01@14:56:22,2683,0.107391304
2026/08/01@14:56:24,2685,0.29956524
2026/08/01@14:56:25,2686,0.5043478
2026/08/01@14:56:26,2687,0.38347824
2026/08/01@14:56:27,2688,0.17304348
2026/08/01@14:56:28,2689,0.18043478
2026/08/01@14:56:29,2690,0.28913044
2026/08/01@14:56:30,2691,0.34869568
2026/08/01@14:56:31,2692,0.394347816
2026/08/01@14:56:32,2693,0.394347816
2026/08/01@14:56:33,2694,0.35913044
2026/08/01@14:56:34,2695,0.28869566
2026/08/01@14:56:35,2696,0.08652174
2026/08/01@14:56:37,2697,0.43391304
2026/08/01@14:56:38,2699,0.456956536
2026/08/01@14:56:39,2700,0.41956524
2026/08/01@14:56:40,2701,0.42
2026/08/01@14:56:41,2702,0.35391304
2026/08/01@14:56:42,2703,0.3273913
2026/08/01@14:56:43,2704,0.345217368
2026/08/01@14:56:44,2705,0.18695652
2026/08/01@14:56:45,2706,0.4026087
2026/08/01@14:56:46,2707,0.4395652
2026/08/01@14:56:47,2708,0.48391304
2026/08/01@14:56:48,2709,0.4226087
2026/08/01@14:56:49,2710,0.429565216
2026/08/01@14:56:51,2712,0.39217392
2026/08/01@14:56:52,2713,0.379130432
2026/08/01@14:56:53,2714,0.38956524
2026/08/01@14:56:54,2715,0.2652174
2026/08/01@14:56:55,2716,0.115652176
2026/08/01@14:56:56,2717,0.25695652
2026/08/01@14:56:57,2718,0.2526087
2026/08/01@14:56:58,2719,0.18869566
2026/08/01@14:56:59,2720,0.08217391
2026/08/01@14:57:00,2721,0.083478264
2026/08/01@14:57:01,2722,0.07521739
2026/08/01@14:57:02,2723,0.31913042
2026/08/01@14:57:04,2725,0.35217392
2026/08/01@14:57:05,2726,0.34391304
2026/08/01@14:57:06,2727,0.36652176
2026/08/01@14:57:07,2728,0.406521736
2026/08/01@14:57:08,2729,0.227826092
2026/08/01@14:57:09,2730,0.18913044
2026/08/01@14:57:10,2731,0.09304348
2026/08/01@14:57:11,2732,0.10521739
2026/08/01@14:57:12,2733,0.2173913
2026/08/01@14:57:13,2734,0.38782608
2026/08/01@14:57:14,2735,0.5330435
2026/08/01@14:57:15,2736,0.43695652
2026/08/01@14:57:17,2738,0.39913044
2026/08/01@14:57:18,2739,0.4021739
2026/08/01@14:57:19,2740,0.385652184
2026/08/01@14:57:20,2741,0.4073913
2026/08/01@14:57:21,2742,0.3926087
2026/08/01@14:57:22,2743,0.484347816
2026/08/01@14:57:23,2744,0.37173912
2026/08/01@14:57:24,2745,0.11608696
2026/08/01@14:57:25,2746,0.2595652
2026/08/01@14:57:26,2747,0.33782608
2026/08/01@14:57:27,2748,0.36913044
2026/08/01@14:57:28,2749,0.399565216
2026/08/01@14:57:30,2751,0.5147826
2026/08/01@14:57:31,2752,0.3930435
2026/08/01@14:57:32,2753,0.20086956
2026/08/01@14:57:33,2754,0.08434783
2026/08/01@14:57:34,2755,0.2273913
2026/08/01@14:57:35,2756,0.30304348
2026/08/01@14:57:36,2757,0.43391304
2026/08/01@14:57:37,2758,0.428260868
2026/08/01@14:57:38,2759,0.35913044
2026/08/01@14:57:39,2760,0.3773913
2026/08/01@14:57:40,2761,0.41434784
2026/08/01@14:57:41,2762,0.418695636
2026/08/01@14:57:43,2764,0.39043476
2026/08/01@14:57:44,2765,0.18304348
2026/08/01@14:57:45,2766,0.08782609
2026/08/01@14:57:46,2767,0.32782608
2026/08/01@14:57:47,2768,0.4347826
2026/08/01@14:57:48,2769,0.339565216
2026/08/01@14:57:49,2770,0.3626087
2026/08/01@14:57:50,2771,0.41347826
2026/08/01@14:57:51,2772,0.36695652
2026/08/01@14:57:52,2773,0.34
2026/08/01@14:57:53,2774,0.13217391
2026/08/01@14:57:54,2775,0.2873913
2026/08/01@14:57:56,2777,0.32956524
2026/08/01@14:57:57,2778,0.33173912
2026/08/01@14:57:58,2779,0.23652174
2026/08/01@14:57:59,2780,0.07826087
2026/08/01@14:58:00,2781,0.043913044
2026/08/01@14:58:01,2782,0.2852174
2026/08/01@14:58:02,2783,0.24869566
2026/08/01@14:58:03,2784,0.10478261
2026/08/01@14:58:04,2785,0.09869565
2026/08/01@14:58:05,2786,0.232608684
2026/08/01@14:58:06,2787,0.394347816
2026/08/01@14:58:07,2788,0.458260868
2026/08/01@14:58:09,2790,0.4473913
2026/08/01@14:58:10,2791,0.406521736
2026/08/01@14:58:11,2792,0.35217392
2026/08/01@14:58:12,2793,0.3930435
2026/08/01@14:58:13,2794,0.39086956
2026/08/01@14:58:14,2795,0.480434784
2026/08/01@14:58:15,2796,0.42695652
2026/08/01@14:58:16,2797,0.40434784
2026/08/01@14:58:17,2798,0.31652172
2026/08/01@14:58:18,2799,0.339565216
2026/08/01@14:58:19,2800,0.19695652
2026/08/01@14:58:20,2801,0.15347826
2026/08/01@14:58:22,2803,0.32608696
2026/08/01@14:58:23,2804,0.4169565
2026/08/01@14:58:24,2805,0.44304348
2026/08/01@14:58:25,2806,0.391304352
2026/08/01@14:58:26,2807,0.2952174
2026/08/01@14:58:27,2808,0.07608695
2026/08/01@14:58:28,2809,0.16652174
2026/08/01@14:58:29,2810,0.2552174
2026/08/01@14:58:30,2811,0.29956524
2026/08/01@14:58:31,2812,0.368260868
2026/08/01@14:58:32,2813,0.47434784
2026/08/01@14:58:33,2814,0.39086956
2026/08/01@14:58:35,2816,0.404782632
2026/08/01@14:58:36,2817,0.36
2026/08/01@14:58:37,2818,0.41130436
2026/08/01@14:58:38,2819,0.41652172
2026/08/01@14:58:39,2820,0.55347824
2026/08/01@14:58:40,2821,0.345217368
2026/08/01@14:58:41,2822,0.29913044
2026/08/01@14:58:42,2823,0.4678261
2026/08/01@14:58:43,2824,0.4178261
2026/08/01@14:58:44,2825,0.40434784
2026/08/01@14:58:45,2826,0.29956524
2026/08/01@14:58:46,2827,0.08608696
2026/08/01@14:58:48,2829,0.31826088
2026/08/01@14:58:49,2830,0.34695652
2026/08/01@14:58:50,2831,0.41956524
2026/08/01@14:58:51,2832,0.32
2026/08/01@14:58:52,2833,0.076956532
2026/08/01@14:58:53,2834,0.30739132
2026/08/01@14:58:54,2835,0.36173912
2026/08/01@14:58:55,2836,0.46434784
2026/08/01@14:58:56,2837,0.41304348
2026/08/01@14:58:57,2838,0.244782608
2026/08/01@14:58:58,2839,0.15652174
2026/08/01@14:58:59,2840,0.23565218
2026/08/01@14:59:01,2842,0.35826088
2026/08/01@14:59:02,2843,0.4926087
2026/08/01@14:59:03,2844,0.37869568
2026/08/01@14:59:04,2845,0.37869568
2026/08/01@14:59:05,2846,0.23086956
2026/08/01@14:59:06,2847,0.13130436
2026/08/01@14:59:07,2848,0.1852174
2026/08/01@14:59:08,2849,0.29608696
2026/08/01@14:59:09,2850,0.44130436
2026/08/01@14:59:10,2851,0.3126087
2026/08/01@14:59:11,2852,0.351739136
2026/08/01@14:59:12,2853,0.35130436
2026/08/01@14:59:13,2854,0.38347824
2026/08/01@14:59:15,2856,0.38130436
2026/08/01@14:59:16,2857,0.34391304
2026/08/01@14:59:17,2858,0.31913042
2026/08/01@14:59:18,2859,0.385652184
2026/08/01@14:59:19,2860,0.5178261
2026/08/01@14:59:20,2861,0.406521736
2026/08/01@14:59:21,2862,0.404782632
2026/08/01@14:59:22,2863,0.46695652
2026/08/01@14:59:23,2864,0.50173916
2026/08/01@14:59:24,2865,0.4452174
2026/08/01@14:59:25,2866,0.201739132
2026/08/01@14:59:27,2867,0.0269565216
2026/08/01@14:59:28,2869,0.3047826
2026/08/01@14:59:29,2870,0.4073913
2026/08/01@14:59:30,2871,0.41
2026/08/01@14:59:31,2872,0.343478268
2026/08/01@14:59:32,2873,0.27521738
2026/08/01@14:59:33,2874,0.19391304
2026/08/01@14:59:34,2875,0.24956522
2026/08/01@14:59:35,2876,0.050434784
2026/08/01@14:59:36,2877,0.29173914
2026/08/01@14:59:37,2878,0.3704348
2026/08/01@14:59:38,2879,0.4095652
2026/08/01@14:59:39,2880,0.4973913
2026/08/01@14:59:41,2882,0.4178261
2026/08/01@14:59:42,2883,0.29869564
2026/08/01@14:59:43,2884,0.03173913
2026/08/01@14:59:44,2885,0.18695652
2026/08/01@14:59:45,2886,0.33173912
2026/08/01@14:59:46,2887,0.28565216
2026/08/01@14:59:47,2888,0.2826087
2026/08/01@14:59:48,2889,0.07521739
2026/08/01@14:59:49,2890,0.072608696
2026/08/01@14:59:50,2891,0.36043476
2026/08/01@14:59:51,2892,0.42086956
2026/08/01@14:59:52,2893,0.22043478
2026/08/01@14:59:54,2895,0.04043478
2026/08/01@14:59:55,2896,0.34608696
2026/08/01@14:59:56,2897,0.40826088
2026/08/01@14:59:57,2898,0.338260868
2026/08/01@14:59:58,2899,0.21913044
2026/08/01@14:59:59,2900,0.1226087
2026/08/01@15:00:00,2901,0.39391304
2026/08/01@15:00:01,2902,0.38391304
2026/08/01@15:00:02,2903,0.3773913
2026/08/01@15:00:03,2904,0.39913044
2026/08/01@15:00:04,2905,0.26347824
2026/08/01@15:00:05,2906,0.07304348
2026/08/01@15:00:07,2908,0.07
2026/08/01@15:00:08,2909,0.34826088
2026/08/01@15:00:09,2910,0.409130432
2026/08/01@15:00:10,2911,0.3043478
2026/08/01@15:00:11,2912,0.44695652
2026/08/01@15:00:12,2913,0.3647826
2026/08/01@15:00:13,2914,0.38260868
2026/08/01@15:00:14,2915,0.336521736
2026/08/01@15:00:15,2916,0.27521738
2026/08/01@15:00:16,2917,0.18173914
2026/08/01@15:00:17,2918,0.17217392
2026/08/01@15:00:18,2919,0.28695652
2026/08/01@15:00:20,2921,0.28608696
2026/08/01@15:00:21,2922,0.32086956
2026/08/01@15:00:22,2923,0.22478262
2026/08/01@15:00:23,2924,0.076956532
2026/08/01@15:00:24,2925,0.237391316
2026/08/01@15:00:25,2926,0.30130434
2026/08/01@15:00:26,2927,0.25478262
2026/08/01@15:00:27,2928,0.3195652
2026/08/01@15:00:28,2929,0.38782608
2026/08/01@15:00:29,2930,0.46608696
2026/08/01@15:00:30,2931,0.4695652
2026/08/01@15:00:31,2932,0.54391308
2026/08/01@15:00:33,2934,0.41130436
2026/08/01@15:00:34,2935,0.4847826
2026/08/01@15:00:35,2936,0.36913044
2026/08/01@15:00:36,2937,0.406521736
2026/08/01@15:00:37,2938,0.39608696
2026/08/01@15:00:38,2939,0.29869564
2026/08/01@15:00:39,2940,0.06826087
2026/08/01@15:00:40,2941,0.07652174
2026/08/01@15:00:41,2942,0.10478261
2026/08/01@15:00:42,2943,0.074347824
2026/08/01@15:00:43,2944,0.041304348
2026/08/01@15:00:44,2945,0.1173913
2026/08/01@15:00:46,2947,0.17217392
2026/08/01@15:00:47,2948,0.069565216
2026/08/01@15:00:48,2949,0.26652176
2026/08/01@15:00:49,2950,0.2878261
2026/08/01@15:00:50,2951,0.30956522
2026/08/01@15:00:51,2952,0.38434784
2026/08/01@15:00:52,2953,0.39652176
2026/08/01@15:00:53,2954,0.3869565
2026/08/01@15:00:54,2955,0.27347828
2026/08/01@15:00:55,2956,0.23956522
2026/08/01@15:00:56,2957,0.40434784
2026/08/01@15:00:57,2958,0.424347816
2026/08/01@15:00:59,2960,0.30869564
2026/08/01@15:01:00,2961,0.067826088
2026/08/01@15:01:01,2962,0.1747826
2026/08/01@15:01:02,2963,0.29782608
2026/08/01@15:01:03,2964,0.38260868
2026/08/01@15:01:04,2965,0.3421739
2026/08/01@15:01:05,2966,0.27173912
2026/08/01@15:01:06,2967,0.14304348
2026/08/01@15:01:07,2968,0.043913044
2026/08/01@15:01:08,2969,0.2578261
2026/08/01@15:01:09,2970,0.3126087
2026/08/01@15:01:10,2971,0.3852174
2026/08/01@15:01:12,2972,0.37608696
2026/08/01@15:01:13,2974,0.43695652
2026/08/01@15:01:14,2975,0.4026087
2026/08/01@15:01:15,2976,0.38391304
2026/08/01@15:01:16,2977,0.37
2026/08/01@15:01:17,2978,0.26391304
2026/08/01@15:01:18,2979,0.3495652
2026/08/01@15:01:19,2980,0.2073913
2026/08/01@15:01:20,2981,0.28695652
2026/08/01@15:01:21,2982,0.27391306
2026/08/01@15:01:22,2983,0.343478268
2026/08/01@15:01:23,2984,0.34695652
2026/08/01@15:01:24,2985,0.29782608
2026/08/01@15:01:26,2987,0.15695652
2026/08/01@15:01:27,2988,0.10217391
2026/08/01@15:01:28,2989,0.36739132
2026/08/01@15:01:29,2990,0.36565216
2026/08/01@15:01:30,2991,0.27695652
2026/08/01@15:01:31,2992,0.31478262
2026/08/01@15:01:32,2993,0.40565216
2026/08/01@15:01:33,2994,0.27826086
2026/08/01@15:01:34,2995,0.085217392
2026/08/01@15:01:35,2996,0.34608696
2026/08/01@15:01:36,2997,0.46
2026/08/01@15:01:37,2998,0.53695652
2026/08/01@15:01:39,3000,0.33695652
2026/08/01@15:01:40,3001,0.31913042
2026/08/01@15:01:41,3002,0.3421739
2026/08/01@15:01:42,3003,0.51
2026/08/01@15:01:43,3004,0.39782608
2026/08/01@15:01:44,3005,0.2826087
2026/08/01@15:01:45,3006,0.19652174
2026/08/01@15:01:46,3007,0.07478261
2026/08/01@15:01:47,3008,0.24652174
2026/08/01@15:01:48,3009,0.3873913
2026/08/01@15:01:49,3010,0.5486956
2026/08/01@15:01:50,3011,0.49608696
2026/08/01@15:01:52,3013,0.44652172
2026/08/01@15:01:53,3014,0.429565216
2026/08/01@15:01:54,3015,0.2704348
2026/08/01@15:01:55,3016,0.231304352
2026/08/01@15:01:56,3017,0.2426087
2026/08/01@15:01:57,3018,0.2821739
2026/08/01@15:01:58,3019,0.4152174
2026/08/01@15:01:59,3020,0.4673913
2026/08/01@15:02:00,3021,0.49
2026/08/01@15:02:01,3022,0.35347824
2026/08/01@15:02:02,3023,0.2704348
2026/08/01@15:02:03,3024,0.1973913
2026/08/01@15:02:05,3026,0.063043476
2026/08/01@15:02:06,3027,0.07173913
2026/08/01@15:02:07,3028,0.199130432
2026/08/01@15:02:08,3029,0.27521738
2026/08/01@15:02:09,3030,0.38913044
2026/08/01@15:02:10,3031,0.53
2026/08/01@15:02:11,3032,0.3852174
2026/08/01@15:02:12,3033,0.38913044
2026/08/01@15:02:13,3034,0.3104348
2026/08/01@15:02:14,3035,0.03173913
2026/08/01@15:02:15,3036,0.069565216
2026/08/01@15:02:16,3037,0.2226087
2026/08/01@15:02:18,3039,0.24434782
2026/08/01@15:02:19,3040,0.33608696
2026/08/01@15:02:20,3041,0.411739136
2026/08/01@15:02:21,3042,0.32173914
2026/08/01@15:02:22,3043,0.36
2026/08/01@15:02:23,3044,0.38434784
2026/08/01@15:02:24,3045,0.3047826
2026/08/01@15:02:25,3046,0.037391304
2026/08/01@15:02:26,3047,0.067826088
2026/08/01@15:02:27,3048,0.36086956
2026/08/01@15:02:28,3049,0.339565216
2026/08/01@15:02:29,3050,0.5895652
2026/08/01@15:02:31,3052,0.4726087
2026/08/01@15:02:32,3053,0.38782608
2026/08/01@15:02:33,3054,0.31608696
2026/08/01@15:02:34,3055,0.27652174
2026/08/01@15:02:35,3056,0.1226087
2026/08/01@15:02:36,3057,0.2378261
2026/08/01@15:02:37,3058,0.3252174
2026/08/01@15:02:38,3059,0.35304348
2026/08/01@15:02:39,3060,0.44391304
2026/08/01@15:02:40,3061,0.400869568
2026/08/01@15:02:41,3062,0.2773913
2026/08/01@15:02:42,3063,0.19173912
2026/08/01@15:02:44,3065,0.220869568
2026/08/01@15:02:45,3066,0.32347824
2026/08/01@15:02:46,3067,0.345217368
2026/08/01@15:02:47,3068,0.35652172
2026/08/01@15:02:48,3069,0.4778261
2026/08/01@15:02:49,3070,0.5304348
2026/08/01@15:02:50,3071,0.32826088
2026/08/01@15:02:51,3072,0.2552174
2026/08/01@15:02:52,3073,0.29217392
2026/08/01@15:02:53,3074,0.3026087
2026/08/01@15:02:54,3075,0.32826088
2026/08/01@15:02:55,3076,0.32956524
2026/08/01@15:02:56,3077,0.350434784
2026/08/01@15:02:58,3079,0.08782609
2026/08/01@15:02:59,3080,0.085217392
2026/08/01@15:03:00,3081,0.181304352
2026/08/01@15:03:01,3082,0.27304348
2026/08/01@15:03:02,3083,0.33173912
2026/08/01@15:03:03,3084,0.37695652
2026/08/01@15:03:04,3085,0.40434784
2026/08/01@15:03:05,3086,0.49
2026/08/01@15:03:06,3087,0.43695652
2026/08/01@15:03:07,3088,0.32173914
2026/08/01@15:03:08,3089,0.12913044
2026/08/01@15:03:09,3090,0.074347824
2026/08/01@15:03:11,3092,0.069130432
2026/08/01@15:03:12,3093,0.15608695
2026/08/01@15:03:13,3094,0.3104348
2026/08/01@15:03:14,3095,0.41260868
2026/08/01@15:03:15,3096,0.59695656
2026/08/01@15:03:16,3097,0.37434784
2026/08/01@15:03:17,3098,0.35913044
2026/08/01@15:03:18,3099,0.53347824
2026/08/01@15:03:19,3100,0.30913044
2026/08/01@15:03:20,3101,0.3104348
2026/08/01@15:03:21,3102,0.20434782
2026/08/01@15:03:22,3103,0.18565216
2026/08/01@15:03:24,3105,0.17304348
2026/08/01@15:03:25,3106,0.07956522
2026/08/01@15:03:26,3107,0.1926087
2026/08/01@15:03:27,3108,0.32782608
2026/08/01@15:03:28,3109,0.38913044
2026/08/01@15:03:29,3110,0.46913044
2026/08/01@15:03:30,3111,0.36347828
2026/08/01@15:03:31,3112,0.30391306
2026/08/01@15:03:32,3113,0.16347826
2026/08/01@15:03:33,3114,0.11347826
2026/08/01@15:03:34,3115,0.066086952
2026/08/01@15:03:35,3116,0.15478261
2026/08/01@15:03:37,3118,0.16
2026/08/01@15:03:38,3119,0.06652174
2026/08/01@15:03:39,3120,0.04304348
2026/08/01@15:03:40,3121,0.17565218
2026/08/01@15:03:41,3122,0.188260868
2026/08/01@15:03:42,3123,0.11956522
2026/08/01@15:03:43,3124,0.2273913
2026/08/01@15:03:44,3125,0.26913044
2026/08/01@15:03:45,3126,0.3852174
2026/08/01@15:03:46,3127,0.4073913
2026/08/01@15:03:47,3128,0.33782608
2026/08/01@15:03:48,3129,0.205217392
2026/08/01@15:03:50,3131,0.26565218
2026/08/01@15:03:51,3132,0.36695652
2026/08/01@15:03:52,3133,0.394347816
2026/08/01@15:03:53,3134,0.345217368
2026/08/01@15:03:54,3135,0.29043478
2026/08/01@15:03:55,3136,0.0539130432
2026/08/01@15:03:56,3137,0.110434784
2026/08/01@15:03:57,3138,0.34304348
2026/08/01@15:03:58,3139,0.36043476
2026/08/01@15:03:59,3140,0.31826088
2026/08/01@15:04:00,3141,0.4773913
2026/08/01@15:04:01,3142,0.3404348
2026/08/01@15:04:03,3144,0.34869568
2026/08/01@15:04:04,3145,0.21608696
2026/08/01@15:04:05,3146,0.047826084
2026/08/01@15:04:06,3147,0.187391316
2026/08/01@15:04:07,3148,0.3026087
2026/08/01@15:04:08,3149,0.33086956
2026/08/01@15:04:09,3150,0.23956522
2026/08/01@15:04:10,3151,0.35347824
2026/08/01@15:04:11,3152,0.33130434
2026/08/01@15:04:12,3153,0.2747826
2026/08/01@15:04:13,3154,0.08478261
2026/08/01@15:04:14,3155,0.064347824
2026/08/01@15:04:16,3157,0.05826087
2026/08/01@15:04:17,3158,0.067826088
2026/08/01@15:04:18,3159,0.2747826
2026/08/01@15:04:19,3160,0.29782608
2026/08/01@15:04:20,3161,0.470434784
2026/08/01@15:04:21,3162,0.380434784
2026/08/01@15:04:22,3163,0.27
2026/08/01@15:04:23,3164,0.008260869
2026/08/01@15:04:24,3165,0.211304352
2026/08/01@15:04:25,3166,0.28913044
2026/08/01@15:04:26,3167,0.35130436
2026/08/01@15:04:27,3168,0.36391304
2026/08/01@15:04:29,3170,0.3869565
2026/08/01@15:04:30,3171,0.27173912
2026/08/01@15:04:31,3172,0.03173913
2026/08/01@15:04:32,3173,0.1326087
2026/08/01@15:04:33,3174,0.06
2026/08/01@15:04:34,3175,0.21086956
2026/08/01@15:04:35,3176,0.16608696
2026/08/01@15:04:36,3177,0.11782609
2026/08/01@15:04:37,3178,0.12086956
2026/08/01@15:04:38,3179,0.29434782
2026/08/01@15:04:39,3180,0.37391304
2026/08/01@15:04:40,3181,0.34695652
2026/08/01@15:04:41,3182,0.30086956
2026/08/01@15:04:43,3184,0.083478264
2026/08/01@15:04:44,3185,0.27521738
2026/08/01@15:04:45,3186,0.3773913
2026/08/01@15:04:46,3187,0.35
2026/08/01@15:04:47,3188,0.2747826
2026/08/01@15:04:48,3189,0.07956522
2026/08/01@15:04:49,3190,0.27391306
2026/08/01@15:04:50,3191,0.248260868
2026/08/01@15:04:51,3192,0.27304348
2026/08/01@15:04:52,3193,0.339565216
2026/08/01@15:04:53,3194,0.38913044
2026/08/01@15:04:54,3195,0.4347826
2026/08/01@15:04:56,3197,0.4147826
2026/08/01@15:04:57,3198,0.3573913
2026/08/01@15:04:58,3199,0.20565218
2026/08/01@15:04:59,3200,0.22043478
2026/08/01@15:05:00,3201,0.27347828
2026/08/01@15:05:01,3202,0.2595652
2026/08/01@15:05:02,3203,0.224347824
2026/08/01@15:05:03,3204,0.30565216
2026/08/01@15:05:04,3205,0.3778261
2026/08/01@15:05:05,3206,0.4078261
2026/08/01@15:05:06,3207,0.37869568
2026/08/01@15:05:07,3208,0.3947826
2026/08/01@15:05:09,3210,0.32608696
2026/08/01@15:05:10,3211,0.3421739
2026/08/01@15:05:11,3212,0.36913044
2026/08/01@15:05:12,3213,0.26347824
2026/08/01@15:05:13,3214,0.27391306
2026/08/01@15:05:14,3215,0.3973913
2026/08/01@15:05:15,3216,0.36043476
2026/08/01@15:05:16,3217,0.3873913
2026/08/01@15:05:17,3218,0.375217368
2026/08/01@15:05:18,3219,0.38391304
2026/08/01@15:05:19,3220,0.399565216
2026/08/01@15:05:20,3221,0.28565216
2026/08/01@15:05:22,3223,0.0
2026/08/01@15:05:23,3224,0.05478261
2026/08/01@15:05:24,3225,0.059130436
2026/08/01@15:05:25,3226,0.047391304
2026/08/01@15:05:26,3227,0.2378261
2026/08/01@15:05:27,3228,0.31304348
2026/08/01@15:05:28,3229,0.3495652
2026/08/01@15:05:29,3230,0.3930435
2026/08/01@15:05:30,3231,0.428260868
2026/08/01@15:05:31,3232,0.4226087
2026/08/01@15:05:32,3233,0.36391304
2026/08/01@15:05:33,3234,0.3930435
2026/08/01@15:05:34,3235,0.4447826
2026/08/01@15:05:36,3237,0.41956524
2026/08/01@15:05:37,3238,0.4169565
2026/08/01@15:05:38,3239,0.3726087
2026/08/01@15:05:39,3240,0.47434784
2026/08/01@15:05:40,3241,0.38347824
2026/08/01@15:05:41,3242,0.496521736
2026/08/01@15:05:42,3243,0.51521736
2026/08/01@15:05:43,3244,0.29956524
2026/08/01@15:05:44,3245,0.3195652
2026/08/01@15:05:45,3246,0.32826088
2026/08/01@15:05:46,3247,0.3478261
2026/08/01@15:05:47,3248,0.38956524
2026/08/01@15:05:49,3250,0.31565216
2026/08/01@15:05:50,3251,0.1973913
2026/08/01@15:05:51,3252,0.054347824
2026/08/01@15:05:52,3253,0.1326087
2026/08/01@15:05:53,3254,0.29217392
2026/08/01@15:05:54,3255,0.3852174
2026/08/01@15:05:55,3256,0.49
2026/08/01@15:05:56,3257,0.50652176
2026/08/01@15:05:57,3258,0.6130435
2026/08/01@15:05:58,3259,0.3247826
2026/08/01@15:05:59,3260,0.4
2026/08/01@15:06:00,3261,0.41130436
2026/08/01@15:06:02,3263,0.36565216
2026/08/01@15:06:03,3264,0.41260868
2026/08/01@15:06:04,3265,0.4395652
2026/08/01@15:06:05,3266,0.37173912
2026/08/01@15:06:06,3267,0.3421739
2026/08/01@15:06:07,3268,0.36391304
2026/08/01@15:06:08,3269,0.50652176
2026/08/01@15:06:09,3270,0.36869564
2026/08/01@15:06:10,3271,0.41
2026/08/01@15:06:11,3272,0.37391304
2026/08/01@15:06:12,3273,0.39391304
2026/08/01@15:06:13,3274,0.38608696
2026/08/01@15:06:15,3276,0.26652176
2026/08/01@15:06:16,3277,0.21695652
2026/08/01@15:06:17,3278,0.32956524
2026/08/01@15:06:18,3279,0.2347826
2026/08/01@15:06:19,3280,0.211304352
2026/08/01@15:06:20,3281,0.24956522
2026/08/01@15:06:21,3282,0.060869564
2026/08/01@15:06:22,3283,0.12608695
2026/08/01@15:06:23,3284,0.23565218
2026/08/01@15:06:24,3285,0.16347826
2026/08/01@15:06:25,3286,0.2973913
2026/08/01@15:06:26,3287,0.25347826
2026/08/01@15:06:28,3289,0.23086956
2026/08/01@15:06:29,3290,0.25826088
2026/08/01@15:06:30,3291,0.30086956
2026/08/01@15:06:31,3292,0.29217392
2026/08/01@15:06:32,3293,0.20347826
2026/08/01@15:06:33,3294,0.2926087
2026/08/01@15:06:34,3295,0.25608696
2026/08/01@15:06:35,3296,0.23304348
2026/08/01@15:06:36,3297,0.22652174
2026/08/01@15:06:37,3298,0.3852174
2026/08/01@15:06:38,3299,0.31565216
2026/08/01@15:06:39,3300,0.33
2026/08/01@15:06:41,3302,0.37608696
2026/08/01@15:06:42,3303,0.39565218
2026/08/01@15:06:43,3304,0.40434784
2026/08/01@15:06:44,3305,0.47913044
2026/08/01@15:06:45,3306,0.5508696
2026/08/01@15:06:46,3307,0.27
2026/08/01@15:06:47,3308,0.38782608
2026/08/01@15:06:48,3309,0.28608696
2026/08/01@15:06:49,3310,0.069130432
2026/08/01@15:06:50,3311,0.055652176
2026/08/01@15:06:51,3312,0.07347826
2026/08/01@15:06:52,3313,0.2926087
2026/08/01@15:06:53,3314,0.25347826
2026/08/01@15:06:55,3316,0.23913044
2026/08/01@15:06:56,3317,0.35217392
2026/08/01@15:06:57,3318,0.385652184
2026/08/01@15:06:58,3319,0.42
2026/08/01@15:06:59,3320,0.33869564
2026/08/01@15:07:00,3321,0.406521736
2026/08/01@15:07:01,3322,0.51652176
2026/08/01@15:07:02,3323,0.3569565
2026/08/01@15:07:03,3324,0.3421739
2026/08/01@15:07:04,3325,0.38217392
2026/08/01@15:07:05,3326,0.27130434
2026/08/01@15:07:06,3327,0.053043476
2026/08/01@15:07:08,3329,0.13434782
2026/08/01@15:07:09,3330,0.076956532
2026/08/01@15:07:10,3331,0.040869564
2026/08/01@15:07:11,3332,0.21913044
2026/08/01@15:07:12,3333,0.31565216
2026/08/01@15:07:13,3334,0.30913044
2026/08/01@15:07:14,3335,0.3773913
2026/08/01@15:07:15,3336,0.388695636
2026/08/01@15:07:16,3337,0.41
2026/08/01@15:07:17,3338,0.4526087
2026/08/01@15:07:18,3339,0.39391304
2026/08/01@15:07:19,3340,0.44
2026/08/01@15:07:21,3342,0.409130432
2026/08/01@15:07:22,3343,0.3869565
2026/08/01@15:07:23,3344,0.35347824
2026/08/01@15:07:24,3345,0.351739136
2026/08/01@15:07:25,3346,0.3552174
2026/08/01@15:07:26,3347,0.4226087
2026/08/01@15:07:27,3348,0.30130434
2026/08/01@15:07:28,3349,0.27173912
2026/08/01@15:07:29,3350,0.33782608
2026/08/01@15:07:30,3351,0.07826087
2026/08/01@15:07:31,3352,0.054347824
2026/08/01@15:07:32,3353,0.074347824
2026/08/01@15:07:34,3355,0.000434782632
2026/08/01@15:07:35,3356,0.0
2026/08/01@15:07:36,3357,0.0
2026/08/01@15:07:37,3358,0.0
2026/08/01@15:07:38,3359,0.08217391
2026/08/01@15:07:39,3360,0.094782608
2026/08/01@15:07:40,3361,0.15434782
2026/08/01@15:07:41,3362,0.0626087
2026/08/01@15:07:42,3363,0.15478261
2026/08/01@15:07:43,3364,0.07304348
2026/08/01@15:07:44,3365,0.067391304
2026/08/01@15:07:45,3366,0.231304352
2026/08/01@15:07:47,3368,0.20565218
2026/08/01@15:07:48,3369,0.20608696
2026/08/01@15:07:49,3370,0.17217392
2026/08/01@15:07:50,3371,0.28391304
2026/08/01@15:07:51,3372,0.25347826
2026/08/01@15:07:52,3373,0.29347824
2026/08/01@15:07:53,3374,0.31434784
2026/08/01@15:07:54,3375,0.2826087
2026/08/01@15:07:55,3376,0.2804348
2026/08/01@15:07:56,3377,0.2873913
2026/08/01@15:07:57,3378,0.2852174
2026/08/01@15:07:58,3379,0.29869564
2026/08/01@15:08:00,3381,0.11608696
2026/08/01@15:08:01,3382,0.026086956
2026/08/01@15:08:02,3383,0.047391304
2026/08/01@15:08:03,3384,0.15695652
2026/08/01@15:08:04,3385,0.205217392
2026/08/01@15:08:05,3386,0.28173912
2026/08/01@15:08:06,3387,0.26173912
2026/08/01@15:08:07,3388,0.3104348
2026/08/01@15:08:08,3389,0.3947826
2026/08/01@15:08:09,3390,0.4230435
2026/08/01@15:08:10,3391,0.4726087
2026/08/01@15:08:11,3392,0.36695652
2026/08/01@15:08:13,3394,0.3178261
2026/08/01@15:08:14,3395,0.36913044
2026/08/01@15:08:15,3396,0.36347828
2026/08/01@15:08:16,3397,0.33608696
2026/08/01@15:08:17,3398,0.33173912
2026/08/01@15:08:18,3399,0.36695652
2026/08/01@15:08:19,3400,0.3273913
2026/08/01@15:08:20,3401,0.35130436
2026/08/01@15:08:21,3402,0.41086956
2026/08/01@15:08:22,3403,0.35347824
2026/08/01@15:08:23,3404,0.36913044
2026/08/01@15:08:24,3405,0.43173912
2026/08/01@15:08:25,3406,0.43130434
2026/08/01@15:08:27,3408,0.38260868
2026/08/01@15:08:28,3409,0.3352174
2026/08/01@15:08:29,3410,0.53217392
2026/08/01@15:08:30,3411,0.41652172
2026/08/01@15:08:31,3412,0.370869568
2026/08/01@15:08:32,3413,0.3404348
2026/08/01@15:08:33,3414,0.33608696
2026/08/01@15:08:34,3415,0.32347824
2026/08/01@15:08:35,3416,0.27695652
2026/08/01@15:08:36,3417,0.14782609
2026/08/01@15:08:37,3418,0.0
2026/08/01@15:08:38,3419,0.0
2026/08/01@15:08:40,3421,0.083478264
2026/08/01@15:08:41,3422,0.205217392
2026/08/01@15:08:42,3423,0.09043478
2026/08/01@15:08:43,3424,0.047826084
2026/08/01@15:08:44,3425,0.056086956
2026/08/01@15:08:45,3426,0.059565216
2026/08/01@15:08:46,3427,0.059565216
2026/08/01@15:08:47,3428,0.054347824
2026/08/01@15:08:48,3429,0.03521739
2026/08/01@15:08:49,3430,0.08478261
2026/08/01@15:08:50,3431,0.0134782608
2026/08/01@15:08:51,3432,0.0
2026/08/01@15:08:53,3434,0.18391304
2026/08/01@15:08:54,3435,0.2526087
2026/08/01@15:08:55,3436,0.33086956
2026/08/01@15:08:56,3437,0.338260868
2026/08/01@15:08:57,3438,0.3478261
2026/08/01@15:08:58,3439,0.37173912
2026/08/01@15:08:59,3440,0.4152174
2026/08/01@15:09:00,3441,0.5878261
2026/08/01@15:09:01,3442,0.33173912
2026/08/01@15:09:02,3443,0.32782608
2026/08/01@15:09:03,3444,0.30130434
2026/08/01@15:09:04,3445,0.46434784
2026/08/01@15:09:06,3447,0.47130436
2026/08/01@15:09:07,3448,0.4552174
2026/08/01@15:09:08,3449,0.3726087
2026/08/01@15:09:09,3450,0.3930435
2026/08/01@15:09:10,3451,0.37565216
2026/08/01@15:09:11,3452,0.46173912
2026/08/01@15:09:12,3453,0.30565216
2026/08/01@15:09:13,3454,0.2595652
2026/08/01@15:09:14,3455,0.15434782
2026/08/01@15:09:15,3456,0.0
2026/08/01@15:09:16,3457,0.053043476
2026/08/01@15:09:17,3458,0.194347824
2026/08/01@15:09:19,3460,0.37434784
2026/08/01@15:09:20,3461,0.29086956
2026/08/01@15:09:21,3462,0.220869568
2026/08/01@15:09:22,3463,0.1326087
2026/08/01@15:09:23,3464,0.11260869
2026/08/01@15:09:24,3465,0.25608696
2026/08/01@15:09:25,3466,0.30565216
2026/08/01@15:09:26,3467,0.3552174
2026/08/01@15:09:27,3468,0.350434784
2026/08/01@15:09:28,3469,0.38347824
2026/08/01@15:09:29,3470,0.3626087
2026/08/01@15:09:30,3471,0.3347826
2026/08/01@15:09:32,3472,0.28
2026/08/01@15:09:33,3474,0.24869566
2026/08/01@15:09:34,3475,0.048695652
2026/08/01@15:09:35,3476,0.27913044
2026/08/01@15:09:36,3477,0.06565218
2026/08/01@15:09:37,3478,0.054347824
2026/08/01@15:09:38,3479,0.08782609
2026/08/01@15:09:39,3480,0.027391306
2026/08/01@15:09:40,3481,0.09347826
2026/08/01@15:09:41,3482,0.184782608
2026/08/01@15:09:42,3483,0.26173912
2026/08/01@15:09:43,3484,0.24173912
2026/08/01@15:09:44,3485,0.23652174
2026/08/01@15:09:46,3487,0.29
2026/08/01@15:09:47,3488,0.36173912
2026/08/01@15:09:48,3489,0.30739132
2026/08/01@15:09:49,3490,0.4247826
2026/08/01@15:09:50,3491,0.44913044
2026/08/01@15:09:51,3492,0.489565216
2026/08/01@15:09:52,3493,0.4347826
2026/08/01@15:09:53,3494,0.36565216
2026/08/01@15:09:54,3495,0.440434784
2026/08/01@15:09:55,3496,0.31913042
2026/08/01@15:09:56,3497,0.25608696
2026/08/01@15:09:57,3498,0.1626087
2026/08/01@15:09:59,3500,0.15347826
2026/08/01@15:10:00,3501,0.0
2026/08/01@15:10:01,3502,0.055652176
2026/08/01@15:10:02,3503,0.063043476
2026/08/01@15:10:03,3504,0.16130436
2026/08/01@15:10:04,3505,0.205217392
2026/08/01@15:10:05,3506,0.21565217
2026/08/01@15:10:06,3507,0.110434784
2026/08/01@15:10:07,3508,0.2173913
2026/08/01@15:10:08,3509,0.194347824
2026/08/01@15:10:09,3510,0.237391316
2026/08/01@15:10:10,3511,0.232608684
2026/08/01@15:10:12,3513,0.30130434
2026/08/01@15:10:13,3514,0.24
2026/08/01@15:10:14,3515,0.220869568
2026/08/01@15:10:15,3516,0.26130436
2026/08/01@15:10:16,3517,0.31434784
2026/08/01@15:10:17,3518,0.29
2026/08/01@15:10:18,3519,0.23956522
2026/08/01@15:10:19,3520,0.2652174
2026/08/01@15:10:20,3521,0.35826088
2026/08/01@15:10:21,3522,0.29217392
2026/08/01@15:10:22,3523,0.19391304
2026/08/01@15:10:23,3524,0.25304348
2026/08/01@15:10:25,3526,0.19652174
2026/08/01@15:10:26,3527,0.35
2026/08/01@15:10:27,3528,0.336521736
2026/08/01@15:10:28,3529,0.32913044
2026/08/01@15:10:29,3530,0.25130436
2026/08/01@15:10:30,3531,0.24347826
2026/08/01@15:10:31,3532,0.23956522
2026/08/01@15:10:32,3533,0.42
2026/08/01@15:10:33,3534,0.40826088
2026/08/01@15:10:34,3535,0.31130436
2026/08/01@15:10:35,3536,0.27521738
2026/08/01@15:10:36,3537,0.33130434
2026/08/01@15:10:38,3539,0.411739136
2026/08/01@15:10:39,3540,0.47086956
2026/08/01@15:10:40,3541,0.429565216
2026/08/01@15:10:41,3542,0.43130434
2026/08/01@15:10:42,3543,0.338260868
2026/08/01@15:10:43,3544,0.51304348
2026/08/01@15:10:44,3545,0.343478268
2026/08/01@15:10:45,3546,0.32956524
2026/08/01@15:10:46,3547,0.14956522
2026/08/01@15:10:47,3548,0.181304352
2026/08/01@15:10:48,3549,0.31391304
2026/08/01@15:10:49,3550,0.3795652
2026/08/01@15:10:51,3552,0.46565216
2026/08/01@15:10:52,3553,0.48217392
2026/08/01@15:10:53,3554,0.41
2026/08/01@15:10:54,3555,0.400869568
2026/08/01@15:10:55,3556,0.41956524
2026/08/01@15:10:56,3557,0.4021739
2026/08/01@15:10:57,3558,0.32956524
2026/08/01@15:10:58,3559,0.38608696
2026/08/01@15:10:59,3560,0.35913044
2026/08/01@15:11:00,3561,0.2969565
2026/08/01@15:11:01,3562,0.053043476
2026/08/01@15:11:02,3563,0.2173913
2026/08/01@15:11:04,3565,0.06
2026/08/01@15:11:05,3566,0.15826086
2026/08/01@15:11:06,3567,0.04956522
2026/08/01@15:11:07,3568,0.08695652
2026/08/01@15:11:08,3569,0.110434784
2026/08/01@15:11:09,3570,0.201739132
2026/08/01@15:11:10,3571,0.107391304
2026/08/01@15:11:11,3572,0.07956522
2026/08/01@15:11:12,3573,0.10347826
2026/08/01@15:11:13,3574,0.190869568
2026/08/01@15:11:14,3575,0.29434782
2026/08/01@15:11:15,3576,0.336521736
2026/08/01@15:11:17,3578,0.31391304
2026/08/01@15:11:18,3579,0.454347816
2026/08/01@15:11:19,3580,0.346521732
2026/08/01@15:11:20,3581,0.44
2026/08/01@15:11:21,3582,0.41347826
2026/08/01@15:11:22,3583,0.36913044
2026/08/01@15:11:23,3584,0.2826087
2026/08/01@15:11:24,3585,0.35347824
2026/08/01@15:11:25,3586,0.23434782
2026/08/01@15:11:26,3587,0.20565218
2026/08/01@15:11:27,3588,0.34
2026/08/01@15:11:28,3589,0.14130434
2026/08/01@15:11:30,3590,0.170434784
2026/08/01@15:11:31,3592,0.14086956
2026/08/01@15:11:32,3593,0.178695652
2026/08/01@15:11:33,3594,0.12739131
2026/08/01@15:11:34,3595,0.10391305
2026/08/01@15:11:35,3596,0.15782608
2026/08/01@15:11:36,3597,0.109130432
2026/08/01@15:11:37,3598,0.13913043
2026/08/01@15:11:38,3599,0.27304348
2026/08/01@15:11:39,3600,0.22565218
2026/08/01@15:11:40,3601,0.27
2026/08/01@15:11:41,3602,0.29782608
2026/08/01@15:11:42,3603,0.30739132
2026/08/01@15:11:44,3605,0.2578261
2026/08/01@15:11:45,3606,0.38782608
2026/08/01@15:11:46,3607,0.404782632
2026/08/01@15:11:47,3608,0.4169565
2026/08/01@15:11:48,3609,0.3647826
2026/08/01@15:11:49,3610,0.35130436
2026/08/01@15:11:50,3611,0.5947826
2026/08/01@15:11:51,3612,0.47130436
2026/08/01@15:11:52,3613,0.37
2026/08/01@15:11:53,3614,0.26
2026/08/01@15:11:54,3615,0.3478261
2026/08/01@15:11:55,3616,0.32782608
2026/08/01@15:11:57,3618,0.368260868
2026/08/01@15:11:58,3619,0.29913044
2026/08/01@15:11:59,3620,0.25608696
2026/08/01@15:12:00,3621,0.27
2026/08/01@15:12:01,3622,0.200434784
2026/08/01@15:12:02,3623,0.17695652
2026/08/01@15:12:03,3624,0.3021739
2026/08/01@15:12:04,3625,0.04956522
2026/08/01@15:12:05,3626,0.12913044
2026/08/01@15:12:06,3627,0.0
2026/08/01@15:12:07,3628,0.19826088
2026/08/01@15:12:08,3629,0.23
2026/08/01@15:12:10,3631,0.29782608
2026/08/01@15:12:11,3632,0.2426087
2026/08/01@15:12:12,3633,0.23652174
2026/08/01@15:12:13,3634,0.22608696
2026/08/01@15:12:14,3635,0.2852174
2026/08/01@15:12:15,3636,0.30913044
2026/08/01@15:12:16,3637,0.24652174
2026/08/01@15:12:17,3638,0.23956522
2026/08/01@15:12:18,3639,0.37
2026/08/01@15:12:19,3640,0.2
2026/08/01@15:12:20,3641,0.24304348
2026/08/01@15:12:21,3642,0.31391304
2026/08/01@15:12:23,3644,0.27565216
2026/08/01@15:12:24,3645,0.2773913
2026/08/01@15:12:25,3646,0.29391304
2026/08/01@15:12:26,3647,0.40565216
2026/08/01@15:12:27,3648,0.46695652
2026/08/01@15:12:28,3649,0.41086956
2026/08/01@15:12:29,3650,0.3778261
2026/08/01@15:12:30,3651,0.3873913
2026/08/01@15:12:31,3652,0.47913044
2026/08/01@15:12:32,3653,0.5569565
2026/08/01@15:12:33,3654,0.4695652
2026/08/01@15:12:34,3655,0.41652172
2026/08/01@15:12:36,3657,0.394347816
2026/08/01@15:12:37,3658,0.41652172
2026/08/01@15:12:38,3659,0.50608692
2026/08/01@15:12:39,3660,0.58652176
2026/08/01@15:12:40,3661,0.38913044
2026/08/01@15:12:41,3662,0.38913044
2026/08/01@15:12:42,3663,0.36695652
2026/08/01@15:12:43,3664,0.38913044
2026/08/01@15:12:44,3665,0.345217368
2026/08/01@15:12:45,3666,0.44695652
2026/08/01@15:12:46,3667,0.40608696
2026/08/01@15:12:47,3668,0.37565216
2026/08/01@15:12:49,3670,0.34304348
2026/08/01@15:12:50,3671,0.37173912
2026/08/01@15:12:51,3672,0.39043476
2026/08/01@15:12:52,3673,0.4152174
2026/08/01@15:12:53,3674,0.3973913
2026/08/01@15:12:54,3675,0.39782608
2026/08/01@15:12:55,3676,0.4
2026/08/01@15:12:56,3677,0.370869568
2026/08/01@15:12:57,3678,0.4178261
2026/08/01@15:12:58,3679,0.44304348
2026/08/01@15:12:59,3680,0.2878261
2026/08/01@15:13:00,3681,0.458260868
2026/08/01@15:13:02,3682,0.26043478
2026/08/01@15:13:03,3684,0.18913044
2026/08/01@15:13:04,3685,0.04478261
2026/08/01@15:13:05,3686,0.25434784
2026/08/01@15:13:06,3687,0.2804348
2026/08/01@15:13:07,3688,0.3873913
2026/08/01@15:13:08,3689,0.36217392
2026/08/01@15:13:09,3690,0.43695652
2026/08/01@15:13:10,3691,0.406521736
2026/08/01@15:13:11,3692,0.3652174
2026/08/01@15:13:12,3693,0.41652172
2026/08/01@15:13:13,3694,0.25347826
2026/08/01@15:13:14,3695,0.051304348
2026/08/01@15:13:16,3697,0.10304348
2026/08/01@15:13:17,3698,0.063043476
2026/08/01@15:13:18,3699,0.25869566
2026/08/01@15:13:19,3700,0.2747826
2026/08/01@15:13:20,3701,0.32
2026/08/01@15:13:21,3702,0.355652184
2026/08/01@15:13:22,3703,0.4604348
2026/08/01@15:13:23,3704,0.38956524
2026/08/01@15:13:24,3705,0.5008696
2026/08/01@15:13:25,3706,0.33173912
2026/08/01@15:13:26,3707,0.33086956
2026/08/01@15:13:27,3708,0.385652184
2026/08/01@15:13:29,3710,0.3773913
2026/08/01@15:13:30,3711,0.28869566
2026/08/01@15:13:31,3712,0.32
2026/08/01@15:13:32,3713,0.27173912
2026/08/01@15:13:33,3714,0.07826087
2026/08/01@15:13:34,3715,0.20956522
2026/08/01@15:13:35,3716,0.1973913
2026/08/01@15:13:36,3717,0.05652174
2026/08/01@15:13:37,3718,0.112173912
2026/08/01@15:13:38,3719,0.078695656
2026/08/01@15:13:39,3720,0.10521739
2026/08/01@15:13:40,3721,0.000434782632
2026/08/01@15:13:42,3723,0.05478261
2026/08/01@15:13:43,3724,0.2652174
2026/08/01@15:13:44,3725,0.18695652
2026/08/01@15:13:45,3726,0.2852174
2026/08/01@15:13:46,3727,0.26652176
2026/08/01@15:13:47,3728,0.35347824
2026/08/01@15:13:48,3729,0.40391304
2026/08/01@15:13:49,3730,0.4078261
2026/08/01@15:13:50,3731,0.441739136
2026/08/01@15:13:51,3732,0.50173916
2026/08/01@15:13:52,3733,0.30913044
2026/08/01@15:13:53,3734,0.36565216
2026/08/01@15:13:55,3736,0.04956522
2026/08/01@15:13:56,3737,0.18
2026/08/01@15:13:57,3738,0.069565216
2026/08/01@15:13:58,3739,0.18043478
2026/08/01@15:13:59,3740,0.2669565
2026/08/01@15:14:00,3741,0.35304348
2026/08/01@15:14:01,3742,0.39086956
2026/08/01@15:14:02,3743,0.36391304
2026/08/01@15:14:03,3744,0.404782632
2026/08/01@15:14:04,3745,0.36739132
2026/08/01@15:14:05,3746,0.41826088
2026/08/01@15:14:06,3747,0.26565218
2026/08/01@15:14:08,3749,0.1852174
2026/08/01@15:14:09,3750,0.053043476
2026/08/01@15:14:10,3751,0.0030434784
2026/08/01@15:14:11,3752,0.21695652
2026/08/01@15:14:12,3753,0.27869564
2026/08/01@15:14:13,3754,0.24652174
2026/08/01@15:14:14,3755,0.3873913
2026/08/01@15:14:15,3756,0.4078261
2026/08/01@15:14:16,3757,0.40565216
2026/08/01@15:14:17,3758,0.4230435
2026/08/01@15:14:18,3759,0.31608696
2026/08/01@15:14:19,3760,0.32434782
2026/08/01@15:14:21,3762,0.379130432
2026/08/01@15:14:22,3763,0.26217392
2026/08/01@15:14:23,3764,0.19695652
2026/08/01@15:14:24,3765,0.051304348
2026/08/01@15:14:25,3766,0.08
2026/08/01@15:14:26,3767,0.0
2026/08/01@15:14:27,3768,0.0
2026/08/01@15:14:28,3769,0.19391304
2026/08/01@15:14:29,3770,0.28695652
2026/08/01@15:14:30,3771,0.2152174
2026/08/01@15:14:31,3772,0.33782608
2026/08/01@15:14:32,3773,0.343478268
2026/08/01@15:14:33,3774,0.43391304
2026/08/01@15:14:35,3776,0.344782632
2026/08/01@15:14:36,3777,0.37869568
2026/08/01@15:14:37,3778,0.36347828
2026/08/01@15:14:38,3779,0.3647826
2026/08/01@15:14:39,3780,0.047391304
2026/08/01@15:14:40,3781,0.187391316
2026/08/01@15:14:41,3782,0.080434784
2026/08/01@15:14:42,3783,0.2721739
2026/08/01@15:14:43,3784,0.060869564
2026/08/01@15:14:44,3785,0.31086956
2026/08/01@15:14:45,3786,0.18304348
2026/08/01@15:14:46,3787,0.36652176
2026/08/01@15:14:48,3789,0.38086956
2026/08/01@15:14:49,3790,0.394347816
2026/08/01@15:14:50,3791,0.38434784
2026/08/01@15:14:51,3792,0.4321739
2026/08/01@15:14:52,3793,0.38956524
2026/08/01@15:14:53,3794,0.45608696
2026/08/01@15:14:54,3795,0.44391304
2026/08/01@15:14:55,3796,0.398260868
2026/08/01@15:14:56,3797,0.35652172
2026/08/01@15:14:57,3798,0.37869568
2026/08/01@15:14:58,3799,0.58913048
2026/08/01@15:14:59,3800,0.6173913
2026/08/01@15:15:01,3802,0.54347824
2026/08/01@15:15:02,3803,0.3773913
2026/08/01@15:15:03,3804,0.2821739
2026/08/01@15:15:04,3805,0.380434784
2026/08/01@15:15:05,3806,0.36043476
2026/08/01@15:15:06,3807,0.373478268
2026/08/01@15:15:07,3808,0.385652184
2026/08/01@15:15:08,3809,0.3773913
2026/08/01@15:15:09,3810,0.35652172
2026/08/01@15:15:10,3811,0.31478262
2026/08/01@15:15:11,3812,0.24869566
2026/08/01@15:15:12,3813,0.08304348
2026/08/01@15:15:14,3815,0.047391304
2026/08/01@15:15:15,3816,0.27130434
2026/08/01@15:15:16,3817,0.33086956
2026/08/01@15:15:17,3818,0.38913044
2026/08/01@15:15:18,3819,0.44130436
2026/08/01@15:15:19,3820,0.5273913
2026/08/01@15:15:20,3821,0.40565216
2026/08/01@15:15:21,3822,0.2878261
2026/08/01@15:15:22,3823,0.1526087
2026/08/01@15:15:23,3824,0.05826087
2026/08/01@15:15:24,3825,0.113913048
2026/08/01@15:15:25,3826,0.231304352
2026/08/01@15:15:27,3828,0.28391304
2026/08/01@15:15:28,3829,0.3343478
2026/08/01@15:15:29,3830,0.29565218
2026/08/01@15:15:30,3831,0.30304348
2026/08/01@15:15:31,3832,0.3573913
2026/08/01@15:15:32,3833,0.4021739
2026/08/01@15:15:33,3834,0.43304348
2026/08/01@15:15:34,3835,0.368260868
2026/08/01@15:15:35,3836,0.4795652
2026/08/01@15:15:36,3837,0.480434784
2026/08/01@15:15:37,3838,0.29434782
2026/08/01@15:15:38,3839,0.38086956
2026/08/01@15:15:40,3841,0.3178261
2026/08/01@15:15:41,3842,0.21086956
2026/08/01@15:15:42,3843,0.26217392
2026/08/01@15:15:43,3844,0.113913048
2026/08/01@15:15:44,3845,0.052608696
2026/08/01@15:15:45,3846,0.0
2026/08/01@15:15:46,3847,0.10391305
2026/08/01@15:15:47,3848,0.25
2026/08/01@15:15:48,3849,0.2630435
2026/08/01@15:15:49,3850,0.2273913
2026/08/01@15:15:50,3851,0.25130436
2026/08/01@15:15:51,3852,0.399565216
2026/08/01@15:15:53,3854,0.4073913
2026/08/01@15:15:54,3855,0.478695636
2026/08/01@15:15:55,3856,0.41652172
2026/08/01@15:15:56,3857,0.47913044
2026/08/01@15:15:57,3858,0.476086936
2026/08/01@15:15:58,3859,0.49565216
2026/08/01@15:15:59,3860,0.40826088
2026/08/01@15:16:00,3861,0.373478268
2026/08/01@15:16:01,3862,0.404782632
2026/08/01@15:16:02,3863,0.37173912
2026/08/01@15:16:03,3864,0.3026087
2026/08/01@15:16:04,3865,0.052608696
2026/08/01@15:16:06,3867,0.20565218
2026/08/01@15:16:07,3868,0.06
2026/08/01@15:16:08,3869,0.09565217
2026/08/01@15:16:09,3870,0.14652173
2026/08/01@15:16:10,3871,0.18913044
2026/08/01@15:16:11,3872,0.23
2026/08/01@15:16:12,3873,0.38956524
2026/08/01@15:16:13,3874,0.435217368
2026/08/01@15:16:14,3875,0.38608696
2026/08/01@15:16:15,3876,0.5008696
2026/08/01@15:16:16,3877,0.3478261
2026/08/01@15:16:17,3878,0.27304348
2026/08/01@15:16:18,3879,0.21391304
2026/08/01@15:16:20,3881,0.06130435
2026/08/01@15:16:21,3882,0.1226087
2026/08/01@15:16:22,3883,0.2226087
2026/08/01@15:16:23,3884,0.21782608
2026/08/01@15:16:24,3885,0.3852174
2026/08/01@15:16:25,3886,0.40826088
2026/08/01@15:16:26,3887,0.50173916
2026/08/01@15:16:27,3888,0.4526087
2026/08/01@15:16:28,3889,0.40391304
2026/08/01@15:16:29,3890,0.34391304
2026/08/01@15:16:30,3891,0.3569565
2026/08/01@15:16:31,3892,0.29391304
2026/08/01@15:16:33,3894,0.21086956
2026/08/01@15:16:34,3895,0.20217392
2026/08/01@15:16:35,3896,0.12782608
2026/08/01@15:16:36,3897,0.0
2026/08/01@15:16:37,3898,0.16173912
2026/08/01@15:16:38,3899,0.2773913
2026/08/01@15:16:39,3900,0.22391304
2026/08/01@15:16:40,3901,0.29
2026/08/01@15:16:41,3902,0.1926087
2026/08/01@15:16:42,3903,0.351739136
2026/08/01@15:16:43,3904,0.391304352
2026/08/01@15:16:44,3905,0.440434784
2026/08/01@15:16:46,3907,0.3973913
2026/08/01@15:16:47,3908,0.39086956
2026/08/01@15:16:48,3909,0.28434784
2026/08/01@15:16:49,3910,0.17695652
2026/08/01@15:16:50,3911,0.052608696
2026/08/01@15:16:51,3912,0.24130436
2026/08/01@15:16:52,3913,0.27173912
2026/08/01@15:16:53,3914,0.32956524
2026/08/01@15:16:54,3915,0.39565218
2026/08/01@15:16:55,3916,0.406521736
2026/08/01@15:16:56,3917,0.46
2026/08/01@15:16:57,3918,0.5747826
2026/08/01@15:16:59,3919,0.3547826
2026/08/01@15:17:00,3921,0.3647826
2026/08/01@15:17:01,3922,0.37565216
2026/08/01@15:17:02,3923,0.3330435
2026/08/01@15:17:03,3924,0.32304348
2026/08/01@15:17:04,3925,0.2969565
2026/08/01@15:17:05,3926,0.30391306
2026/08/01@15:17:06,3927,0.17826086
2026/08/01@15:17:07,3928,0.12869565
2026/08/01@15:17:08,3929,0.0
2026/08/01@15:17:09,3930,0.18391304
2026/08/01@15:17:10,3931,0.2804348
2026/08/01@15:17:11,3932,0.29347824
2026/08/01@15:17:13,3934,0.3926087
2026/08/01@15:17:14,3935,0.43
2026/08/01@15:17:15,3936,0.48782608
2026/08/01@15:17:16,3937,0.3421739
2026/08/01@15:17:17,3938,0.41347826
2026/08/01@15:17:18,3939,0.19826088
2026/08/01@15:17:19,3940,0.19173912
2026/08/01@15:17:20,3941,0.0
2026/08/01@15:17:21,3942,0.20956522
2026/08/01@15:17:22,3943,0.32826088
2026/08/01@15:17:23,3944,0.26391304
2026/08/01@15:17:24,3945,0.39086956
2026/08/01@15:17:26,3947,0.4347826
2026/08/01@15:17:27,3948,0.448695636
2026/08/01@15:17:28,3949,0.496521736
2026/08/01@15:17:29,3950,0.29173914
2026/08/01@15:17:30,3951,0.43173912
2026/08/01@15:17:31,3952,0.36565216
2026/08/01@15:17:32,3953,0.12956522
2026/08/01@15:17:33,3954,0.15695652
2026/08/01@15:17:34,3955,0.05652174
2026/08/01@15:17:35,3956,0.048695652
2026/08/01@15:17:36,3957,0.09
2026/08/01@15:17:37,3958,0.08608696
2026/08/01@15:17:39,3960,0.3078261
2026/08/01@15:17:40,3961,0.26347824
2026/08/01@15:17:41,3962,0.27
2026/08/01@15:17:42,3963,0.39217392
2026/08/01@15:17:43,3964,0.3247826
2026/08/01@15:17:44,3965,0.43695652
2026/08/01@15:17:45,3966,0.29782608
2026/08/01@15:17:46,3967,0.3726087
2026/08/01@15:17:47,3968,0.41434784
2026/08/01@15:17:48,3969,0.40391304
2026/08/01@15:17:49,3970,0.4721739
2026/08/01@15:17:50,3971,0.36086956
2026/08/01@15:17:52,3973,0.388695636
2026/08/01@15:17:53,3974,0.27347828
2026/08/01@15:17:54,3975,0.187391316
2026/08/01@15:17:55,3976,0.067391304
2026/08/01@15:17:56,3977,0.000434782632
2026/08/01@15:17:57,3978,0.13565217
2026/08/01@15:17:58,3979,0.33695652
2026/08/01@15:17:59,3980,0.33695652
2026/08/01@15:18:00,3981,0.416086936
2026/08/01@15:18:01,3982,0.43347828
2026/08/01@15:18:02,3983,0.4456522
2026/08/01@15:18:03,3984,0.45173912
2026/08/01@15:18:05,3986,0.35304348
2026/08/01@15:18:06,3987,0.37695652
2026/08/01@15:18:07,3988,0.42695652
2026/08/01@15:18:08,3989,0.339565216
2026/08/01@15:18:09,3990,0.26173912
2026/08/01@15:18:10,3991,0.21869566
2026/08/01@15:18:11,3992,0.09391304
2026/08/01@15:18:12,3993,0.2595652
2026/08/01@15:18:13,3994,0.336521736
2026/08/01@15:18:14,3995,0.3721739
2026/08/01@15:18:15,3996,0.42130436
2026/08/01@15:18:16,3997,0.41826088
2026/08/01@15:18:18,3999,0.4
2026/08/01@15:18:19,4000,0.3078261
2026/08/01@15:18:20,4001,0.26913044
2026/08/01@15:18:21,4002,0.069565216
2026/08/01@15:18:22,4003,0.14652173
2026/08/01@15:18:23,4004,0.27913044
2026/08/01@15:18:24,4005,0.45086956
2026/08/01@15:18:25,4006,0.409130432
2026/08/01@15:18:26,4007,0.4226087
2026/08/01@15:18:27,4008,0.380434784
2026/08/01@15:18:28,4009,0.37869568
2026/08/01@15:18:29,4010,0.45043476
2026/08/01@15:18:31,4012,0.33347828
2026/08/01@15:18:32,4013,0.33
2026/08/01@15:18:33,4014,0.38086956
2026/08/01@15:18:34,4015,0.3404348
2026/08/01@15:18:35,4016,0.2969565
2026/08/01@15:18:36,4017,0.236086936
2026/08/01@15:18:37,4018,0.10521739
2026/08/01@15:18:38,4019,0.02
2026/08/01@15:18:39,4020,0.2926087
2026/08/01@15:18:40,4021,0.345217368
2026/08/01@15:18:41,4022,0.36913044
2026/08/01@15:18:42,4023,0.33782608
2026/08/01@15:18:44,4025,0.37434784
2026/08/01@15:18:45,4026,0.3778261
2026/08/01@15:18:46,4027,0.4226087
2026/08/01@15:18:47,4028,0.4321739
2026/08/01@15:18:48,4029,0.46
2026/08/01@15:18:49,4030,0.45086956
2026/08/01@15:18:50,4031,0.51521736
2026/08/01@15:18:51,4032,0.38347824
2026/08/01@15:18:52,4033,0.28173912
2026/08/01@15:18:53,4034,0.36869564
2026/08/01@15:18:54,4035,0.36043476
2026/08/01@15:18:55,4036,0.35217392
2026/08/01@15:18:57,4038,0.26652176
2026/08/01@15:18:58,4039,0.14086956
2026/08/01@15:18:59,4040,0.178695652
2026/08/01@15:19:00,4041,0.030434782
2026/08/01@15:19:01,4042,0.199130432
2026/08/01@15:19:02,4043,0.25434784
2026/08/01@15:19:03,4044,0.224347824
2026/08/01@15:19:04,4045,0.31304348
2026/08/01@15:19:05,4046,0.38782608
2026/08/01@15:19:06,4047,0.37565216
2026/08/01@15:19:07,4048,0.406521736
2026/08/01@15:19:08,4049,0.44695652
2026/08/01@15:19:10,4051,0.4073913
2026/08/01@15:19:11,4052,0.351739136
2026/08/01@15:19:12,4053,0.39652176
2026/08/01@15:19:13,4054,0.5169565
2026/08/01@15:19:14,4055,0.44347826
2026/08/01@15:19:15,4056,0.55608696
2026/08/01@15:19:16,4057,0.39217392
2026/08/01@15:19:17,4058,0.38130436
2026/08/01@15:19:18,4059,0.32086956
2026/08/01@15:19:19,4060,0.41304348
2026/08/01@15:19:20,4061,0.380434784
2026/08/01@15:19:21,4062,0.2852174
2026/08/01@15:19:23,4064,0.28173912
2026/08/01@15:19:24,4065,0.237391316
2026/08/01@15:19:25,4066,0.21086956
2026/08/01@15:19:26,4067,0.2273913
2026/08/01@15:19:27,4068,0.08130435
2026/08/01@15:19:28,4069,0.060869564
2026/08/01@15:19:29,4070,0.16521738
2026/08/01@15:19:30,4071,0.15304348
2026/08/01@15:19:31,4072,0.31130436
2026/08/01@15:19:32,4073,0.31608696
2026/08/01@15:19:33,4074,0.4230435
2026/08/01@15:19:34,4075,0.399565216
2026/08/01@15:19:36,4077,0.5182609
2026/08/01@15:19:37,4078,0.34173912
2026/08/01@15:19:38,4079,0.38347824
2026/08/01@15:19:39,4080,0.12782608
2026/08/01@15:19:40,4081,0.17347826
2026/08/01@15:19:41,4082,0.025652174
2026/08/01@15:19:42,4083,0.23304348
2026/08/01@15:19:43,4084,0.27913044
2026/08/01@15:19:44,4085,0.2078261
2026/08/01@15:19:45,4086,0.2926087
2026/08/01@15:19:46,4087,0.4073913
2026/08/01@15:19:47,4088,0.41304348
2026/08/01@15:19:49,4090,0.44130436
2026/08/01@15:19:50,4091,0.38260868
2026/08/01@15:19:51,4092,0.4026087
2026/08/01@15:19:52,4093,0.375217368
2026/08/01@15:19:53,4094,0.3778261
2026/08/01@15:19:54,4095,0.37565216
2026/08/01@15:19:55,4096,0.24695652
2026/08/01@15:19:56,4097,0.23
2026/08/01@15:19:57,4098,0.045652172
2026/08/01@15:19:58,4099,0.3569565
2026/08/01@15:19:59,4100,0.37608696
2026/08/01@15:20:00,4101,0.32652172
2026/08/01@15:20:02,4102,0.36217392
2026/08/01@15:20:03,4104,0.25695652
2026/08/01@15:20:04,4105,0.29173914
2026/08/01@15:20:05,4106,0.2747826
2026/08/01@15:20:06,4107,0.3552174
2026/08/01@15:20:07,4108,0.2526087
2026/08/01@15:20:08,4109,0.18565216
2026/08/01@15:20:09,4110,0.11782609
2026/08/01@15:20:10,4111,0.067826088
2026/08/01@15:20:11,4112,0.0
2026/08/01@15:20:12,4113,0.04695652
2026/08/01@15:20:13,4114,0.04478261
2026/08/01@15:20:14,4115,0.017391304
2026/08/01@15:20:16,4117,0.10391305
2026/08/01@15:20:17,4118,0.047826084
2026/08/01@15:20:18,4119,0.113913048
2026/08/01@15:20:19,4120,0.074347824
2026/08/01@15:20:20,4121,0.19347826
2026/08/01@15:20:21,4122,0.33
2026/08/01@15:20:22,4123,0.2504348
2026/08/01@15:20:23,4124,0.21304348
2026/08/01@15:20:24,4125,0.26
2026/08/01@15:20:25,4126,0.43869564
2026/08/01@15:20:26,4127,0.400869568
2026/08/01@15:20:27,4128,0.441739136
2026/08/01@15:20:29,4130,0.42173912
2026/08/01@15:20:30,4131,0.4795652
2026/08/01@15:20:31,4132,0.38391304
2026/08/01@15:20:32,4133,0.47130436
2026/08/01@15:20:33,4134,0.4078261
2026/08/01@15:20:34,4135,0.38260868
2026/08/01@15:20:35,4136,0.4147826
2026/08/01@15:20:36,4137,0.39782608
2026/08/01@15:20:37,4138,0.338260868
2026/08/01@15:20:38,4139,0.26217392
2026/08/01@15:20:39,4140,0.22956522
2026/08/01@15:20:40,4141,0.21695652
2026/08/01@15:20:42,4143,0.248260868
2026/08/01@15:20:43,4144,0.16652174
2026/08/01@15:20:44,4145,0.043913044
2026/08/01@15:20:45,4146,0.02826087
2026/08/01@15:20:46,4147,0.3043478
2026/08/01@15:20:47,4148,0.3047826
2026/08/01@15:20:48,4149,0.17217392
2026/08/01@15:20:49,4150,0.398260868
2026/08/01@15:20:50,4151,0.394347816
2026/08/01@15:20:51,4152,0.35391304
2026/08/01@15:20:52,4153,0.373478268
2026/08/01@15:20:53,4154,0.36347828
2026/08/01@15:20:55,4156,0.3573913
2026/08/01@15:20:56,4157,0.42086956
2026/08/01@15:20:57,4158,0.36217392
2026/08/01@15:20:58,4159,0.23434782
2026/08/01@15:20:59,4160,0.25434784
2026/08/01@15:21:00,4161,0.100869568
2026/08/01@15:21:01,4162,0.17
2026/08/01@15:21:02,4163,0.08173913
2026/08/01@15:21:03,4164,0.03173913
2026/08/01@15:21:04,4165,0.015652174
2026/08/01@15:21:05,4166,0.24869566
2026/08/01@15:21:06,4167,0.338260868
2026/08/01@15:21:08,4169,0.31826088
2026/08/01@15:21:09,4170,0.399565216
2026/08/01@15:21:10,4171,0.3726087
2026/08/01@15:21:11,4172,0.3930435
2026/08/01@15:21:12,4173,0.40130432
2026/08/01@15:21:13,4174,0.44652172
2026/08/01@15:21:14,4175,0.48608696
2026/08/01@15:21:15,4176,0.5521739
2026/08/01@15:21:16,4177,0.32434782
2026/08/01@15:21:17,4178,0.3973913
2026/08/01@15:21:18,4179,0.3247826
2026/08/01@15:21:19,4180,0.29782608
2026/08/01@15:21:21,4182,0.07826087
2026/08/01@15:21:22,4183,0.072608696
2026/08/01@15:21:23,4184,0.053043476
2026/08/01@15:21:24,4185,0.0
2026/08/01@15:21:25,4186,0.14434783
2026/08/01@15:21:26,4187,0.19652174
2026/08/01@15:21:27,4188,0.22391304
2026/08/01@15:21:28,4189,0.35304348
2026/08/01@15:21:29,4190,0.19173912
2026/08/01@15:21:30,4191,0.33086956
2026/08/01@15:21:31,4192,0.4678261
2026/08/01@15:21:32,4193,0.27565216
2026/08/01@15:21:34,4194,0.33173912
2026/08/01@15:21:35,4196,0.30304348
2026/08/01@15:21:36,4197,0.350434784
2026/08/01@15:21:37,4198,0.3930435
2026/08/01@15:21:38,4199,0.37173912
2026/08/01@15:21:39,4200,0.3947826
2026/08/01@15:21:40,4201,0.3869565
2026/08/01@15:21:41,4202,0.4078261
2026/08/01@15:21:42,4203,0.41304348
2026/08/01@15:21:43,4204,0.3573913
2026/08/01@15:21:44,4205,0.18173914
2026/08/01@15:21:45,4206,0.34391304
2026/08/01@15:21:46,4207,0.30956522
2026/08/01@15:21:48,4209,0.21304348
2026/08/01@15:21:49,4210,0.195652176
2026/08/01@15:21:50,4211,0.21782608
2026/08/01@15:21:51,4212,0.20347826
2026/08/01@15:21:52,4213,0.236086936
2026/08/01@15:21:53,4214,0.28565216
2026/08/01@15:21:54,4215,0.2073913
2026/08/01@15:21:55,4216,0.15304348
2026/08/01@15:21:56,4217,0.10521739
2026/08/01@15:21:57,4218,0.0
2026/08/01@15:21:58,4219,0.10478261
2026/08/01@15:21:59,4220,0.10304348
2026/08/01@15:22:01,4222,0.040869564
2026/08/01@15:22:02,4223,0.24869566
2026/08/01@15:22:03,4224,0.28565216
2026/08/01@15:22:04,4225,0.27130434
2026/08/01@15:22:05,4226,0.3926087
2026/08/01@15:22:06,4227,0.3795652
2026/08/01@15:22:07,4228,0.370869568
2026/08/01@15:22:08,4229,0.35130436
2026/08/01@15:22:09,4230,0.38391304
2026/08/01@15:22:10,4231,0.3347826
2026/08/01@15:22:11,4232,0.3330435
2026/08/01@15:22:12,4233,0.28695652
2026/08/01@15:22:14,4235,0.231304352
2026/08/01@15:22:15,4236,0.23565218
2026/08/01@15:22:16,4237,0.17826086
2026/08/01@15:22:17,4238,0.25695652
2026/08/01@15:22:18,4239,0.07782609
2026/08/01@15:22:19,4240,0.0
2026/08/01@15:22:20,4241,0.048695652
2026/08/01@15:22:21,4242,0.109130432
2026/08/01@15:22:22,4243,0.2878261
2026/08/01@15:22:23,4244,0.14086956
2026/08/01@15:22:24,4245,0.25869566
2026/08/01@15:22:25,4246,0.0052173916
2026/08/01@15:22:27,4248,0.0
2026/08/01@15:22:28,4249,0.15
2026/08/01@15:22:29,4250,0.04043478
2026/08/01@15:22:30,4251,0.053043476
2026/08/01@15:22:31,4252,0.201739132
2026/08/01@15:22:32,4253,0.27652174
2026/08/01@15:22:33,4254,0.31826088
2026/08/01@15:22:34,4255,0.36086956
2026/08/01@15:22:35,4256,0.3873913
2026/08/01@15:22:36,4257,0.3026087
2026/08/01@15:22:37,4258,0.455652184
2026/08/01@15:22:38,4259,0.398260868
2026/08/01@15:22:40,4261,0.3926087
2026/08/01@15:22:41,4262,0.39782608
2026/08/01@15:22:42,4263,0.5747826
2026/08/01@15:22:43,4264,0.55347824
2026/08/01@15:22:44,4265,0.3330435
2026/08/01@15:22:45,4266,0.358695636
2026/08/01@15:22:46,4267,0.35913044
2026/08/01@15:22:47,4268,0.40565216
2026/08/01@15:22:48,4269,0.44391304
2026/08/01@15:22:49,4270,0.4078261
2026/08/01@15:22:50,4271,0.399565216
2026/08/01@15:22:51,4272,0.339565216
2026/08/01@15:22:53,4274,0.370869568
2026/08/01@15:22:54,4275,0.40434784
2026/08/01@15:22:55,4276,0.5252174
2026/08/01@15:22:56,4277,0.44304348
2026/08/01@15:22:57,4278,0.4573913
2026/08/01@15:22:58,4279,0.3652174
2026/08/01@15:22:59,4280,0.37
2026/08/01@15:23:00,4281,0.385652184
2026/08/01@15:23:01,4282,0.394347816
2026/08/01@15:23:02,4283,0.385652184
2026/08/01@15:23:03,4284,0.3947826
2026/08/01@15:23:04,4285,0.4826087
2026/08/01@15:23:06,4286,0.346521732
2026/08/01@15:23:07,4288,0.388695636
2026/08/01@15:23:08,4289,0.41304348
2026/08/01@15:23:09,4290,0.5134783
2026/08/01@15:23:10,4291,0.46391304
2026/08/01@15:23:11,4292,0.478695636
2026/08/01@15:23:12,4293,0.470434784
2026/08/01@15:23:13,4294,0.394347816
2026/08/01@15:23:14,4295,0.38391304
2026/08/01@15:23:15,4296,0.380434784
2026/08/01@15:23:16,4297,0.40434784
2026/08/01@15:23:17,4298,0.338260868
2026/08/01@15:23:19,4300,0.38913044
2026/08/01@15:23:20,4301,0.3547826
2026/08/01@15:23:21,4302,0.4147826
2026/08/01@15:23:22,4303,0.4347826
2026/08/01@15:23:23,4304,0.455652184
2026/08/01@15:23:24,4305,0.38217392
2026/08/01@15:23:25,4306,0.351739136
2026/08/01@15:23:26,4307,0.35913044
2026/08/01@15:23:27,4308,0.37
2026/08/01@15:23:28,4309,0.4152174
2026/08/01@15:23:29,4310,0.47130436
2026/08/01@15:23:30,4311,0.436521736
2026/08/01@15:23:32,4313,0.44913044
2026/08/01@15:23:33,4314,0.46565216
2026/08/01@15:23:34,4315,0.51608692
2026/08/01@15:23:35,4316,0.36652176
2026/08/01@15:23:36,4317,0.4304348
2026/08/01@15:23:37,4318,0.3043478
2026/08/01@15:23:38,4319,0.22826088
2026/08/01@15:23:39,4320,0.25304348
2026/08/01@15:23:40,4321,0.19043478
2026/08/01@15:23:41,4322,0.08869565
2026/08/01@15:23:42,4323,0.10173913
2026/08/01@15:23:43,4324,0.23565218
2026/08/01@15:23:45,4325,0.3173913
2026/08/01@15:23:46,4327,0.32956524
2026/08/01@15:23:47,4328,0.31478262
2026/08/01@15:23:48,4329,0.3569565
2026/08/01@15:23:49,4330,0.3547826
2026/08/01@15:23:50,4331,0.3478261
2026/08/01@15:23:51,4332,0.391304352
2026/08/01@15:23:52,4333,0.39391304
2026/08/01@15:23:53,4334,0.56826084
2026/08/01@15:23:54,4335,0.350434784
2026/08/01@15:23:55,4336,0.36173912
2026/08/01@15:23:56,4337,0.3495652
2026/08/01@15:23:57,4338,0.355652184
2026/08/01@15:23:59,4340,0.36
2026/08/01@15:24:00,4341,0.32652172
2026/08/01@15:24:01,4342,0.59652176
2026/08/01@15:24:02,4343,0.47130436
2026/08/01@15:24:03,4344,0.42
2026/08/01@15:24:04,4345,0.36913044
2026/08/01@15:24:05,4346,0.3778261
2026/08/01@15:24:06,4347,0.4304348
2026/08/01@15:24:07,4348,0.26217392
2026/08/01@15:24:08,4349,0.24608696
2026/08/01@15:24:09,4350,0.10173913
2026/08/01@15:24:10,4351,0.29217392
2026/08/01@15:24:12,4353,0.0
2026/08/01@15:24:13,4354,0.09695652
2026/08/01@15:24:14,4355,0.06826087
2026/08/01@15:24:15,4356,0.13956522
2026/08/01@15:24:16,4357,0.0
2026/08/01@15:24:17,4358,0.25347826
2026/08/01@15:24:18,4359,0.27652174
2026/08/01@15:24:19,4360,0.28565216
2026/08/01@15:24:20,4361,0.336521736
2026/08/01@15:24:21,4362,0.2873913
2026/08/01@15:24:22,4363,0.2126087
2026/08/01@15:24:23,4364,0.3252174
2026/08/01@15:24:25,4366,0.38260868
2026/08/01@15:24:26,4367,0.4373913
2026/08/01@15:24:27,4368,0.3778261
2026/08/01@15:24:28,4369,0.42695652
2026/08/01@15:24:29,4370,0.33782608
2026/08/01@15:24:30,4371,0.3573913
2026/08/01@15:24:31,4372,0.38260868
2026/08/01@15:24:32,4373,0.29913044
2026/08/01@15:24:33,4374,0.30130434
2026/08/01@15:24:34,4375,0.12391304
2026/08/01@15:24:35,4376,0.18652174
2026/08/01@15:24:36,4377,0.14086956
2026/08/01@15:24:38,4379,0.10521739
2026/08/01@15:24:39,4380,0.0539130432
2026/08/01@15:24:40,4381,0.07521739
2026/08/01@15:24:41,4382,0.194347824
2026/08/01@15:24:42,4383,0.21391304
2026/08/01@15:24:43,4384,0.08478261
2026/08/01@15:24:44,4385,0.33347828
2026/08/01@15:24:45,4386,0.39782608
2026/08/01@15:24:46,4387,0.2969565
2026/08/01@15:24:47,4388,0.5282609
2026/08/01@15:24:48,4389,0.47391304
2026/08/01@15:24:49,4390,0.39086956
2026/08/01@15:24:51,4392,0.37608696
2026/08/01@15:24:52,4393,0.236086936
2026/08/01@15:24:53,4394,0.2595652
2026/08/01@15:24:54,4395,0.0360869568
2026/08/01@15:24:55,4396,0.115652176
2026/08/01@15:24:56,4397,0.20608696
2026/08/01@15:24:57,4398,0.30304348
2026/08/01@15:24:58,4399,0.36739132
2026/08/01@15:24:59,4400,0.36391304
2026/08/01@15:25:00,4401,0.4095652
2026/08/01@15:25:01,4402,0.45217392
2026/08/01@15:25:02,4403,0.448695636
2026/08/01@15:25:04,4405,0.45608696
2026/08/01@15:25:05,4406,0.38782608
2026/08/01@15:25:06,4407,0.379130432
2026/08/01@15:25:07,4408,0.37
2026/08/01@15:25:08,4409,0.19869564
2026/08/01@15:25:09,4410,0.38130436
2026/08/01@15:25:10,4411,0.2595652
2026/08/01@15:25:11,4412,0.23086956
2026/08/01@15:25:12,4413,0.202608684
2026/08/01@15:25:13,4414,0.21434782
2026/08/01@15:25:14,4415,0.1852174
2026/08/01@15:25:15,4416,0.27913044
2026/08/01@15:25:17,4418,0.30086956
2026/08/01@15:25:18,4419,0.2504348
2026/08/01@15:25:19,4420,0.3773913
2026/08/01@15:25:20,4421,0.34608696
2026/08/01@15:25:21,4422,0.37608696
2026/08/01@15:25:22,4423,0.346521732
2026/08/01@15:25:23,4424,0.34173912
2026/08/01@15:25:24,4425,0.29391304
2026/08/01@15:25:25,4426,0.2126087
2026/08/01@15:25:26,4427,0.25
2026/08/01@15:25:27,4428,0.08695652
2026/08/01@15:25:28,4429,0.049130436
2026/08/01@15:25:30,4431,0.178695652
2026/08/01@15:25:31,4432,0.26913044
2026/08/01@15:25:32,4433,0.36695652
2026/08/01@15:25:33,4434,0.3478261
2026/08/01@15:25:34,4435,0.5195652
2026/08/01@15:25:35,4436,0.40304348
2026/08/01@15:25:36,4437,0.3973913
2026/08/01@15:25:37,4438,0.4447826
2026/08/01@15:25:38,4439,0.39782608
2026/08/01@15:25:39,4440,0.2173913
2026/08/01@15:25:40,4441,0.30086956
2026/08/01@15:25:41,4442,0.05652174
2026/08/01@15:25:43,4443,0.06826087
2026/08/01@15:25:44,4445,0.17956522
2026/08/01@15:25:45,4446,0.27565216
2026/08/01@15:25:46,4447,0.4073913
2026/08/01@15:25:47,4448,0.38391304
2026/08/01@15:25:48,4449,0.49173912
2026/08/01@15:25:49,4450,0.38086956
2026/08/01@15:25:50,4451,0.45391304
2026/08/01@15:25:51,4452,0.411739136
2026/08/01@15:25:52,4453,0.40608696
2026/08/01@15:25:53,4454,0.28173912
2026/08/01@15:25:54,4455,0.25347826
2026/08/01@15:25:56,4456,0.2226087
2026/08/01@15:25:57,4458,0.19826088
2026/08/01@15:25:58,4459,0.181304352
2026/08/01@15:25:59,4460,0.064347824
2026/08/01@15:26:00,4461,0.000434782632
2026/08/01@15:26:01,4462,0.054347824
2026/08/01@15:26:02,4463,0.04478261
2026/08/01@15:26:03,4464,0.16869566
2026/08/01@15:26:04,4465,0.18043478
2026/08/01@15:26:05,4466,0.06130435
2026/08/01@15:26:06,4467,0.22217392
2026/08/01@15:26:07,4468,0.2578261
2026/08/01@15:26:08,4469,0.050869564
2026/08/01@15:26:10,4471,0.038695652
2026/08/01@15:26:11,4472,0.039130436
2026/08/01@15:26:12,4473,0.11086956
2026/08/01@15:26:13,4474,0.12956522
2026/08/01@15:26:14,4475,0.076956532
2026/08/01@15:26:15,4476,0.0
2026/08/01@15:26:16,4477,0.15826086
2026/08/01@15:26:17,4478,0.056086956
2026/08/01@15:26:18,4479,0.26391304
2026/08/01@15:26:19,4480,0.31391304
2026/08/01@15:26:20,4481,0.2595652
2026/08/01@15:26:21,4482,0.33086956
2026/08/01@15:26:23,4484,0.23913044
2026/08/01@15:26:24,4485,0.212173908
2026/08/01@15:26:25,4486,0.22956522
2026/08/01@15:26:26,4487,0.28913044
2026/08/01@15:26:27,4488,0.30652174
2026/08/01@15:26:28,4489,0.32652172
2026/08/01@15:26:29,4490,0.31130436
2026/08/01@15:26:30,4491,0.2273913
2026/08/01@15:26:31,4492,0.2173913
2026/08/01@15:26:32,4493,0.28434784
2026/08/01@15:26:33,4494,0.2673913
2026/08/01@15:26:34,4495,0.006521739
2026/08/01@15:26:36,4497,0.10217391
2026/08/01@15:26:37,4498,0.042608696
2026/08/01@15:26:38,4499,0.16130436
2026/08/01@15:26:39,4500,0.20565218
2026/08/01@15:26:40,4501,0.28086956
2026/08/01@15:26:41,4502,0.229130432
2026/08/01@15:26:42,4503,0.27869564
2026/08/01@15:26:43,4504,0.37
2026/08/01@15:26:44,4505,0.22652174
2026/08/01@15:26:45,4506,0.26391304
2026/08/01@15:26:46,4507,0.232608684
2026/08/01@15:26:47,4508,0.17956522
2026/08/01@15:26:49,4510,0.184782608
2026/08/01@15:26:50,4511,0.17565218
2026/08/01@15:26:51,4512,0.024347826
2026/08/01@15:26:52,4513,0.09826087
2026/08/01@15:26:53,4514,0.013043478
2026/08/01@15:26:54,4515,0.1
2026/08/01@15:26:55,4516,0.039565216
2026/08/01@15:26:56,4517,0.013913044
2026/08/01@15:26:57,4518,0.094782608
2026/08/01@15:26:58,4519,0.072608696
2026/08/01@15:26:59,4520,0.15086956
2026/08/01@15:27:00,4521,0.12086956
2026/08/01@15:27:02,4523,0.2
2026/08/01@15:27:03,4524,0.25347826
2026/08/01@15:27:04,4525,0.18391304
2026/08/01@15:27:05,4526,0.27304348
2026/08/01@15:27:06,4527,0.33608696
2026/08/01@15:27:07,4528,0.25652172
2026/08/01@15:27:08,4529,0.30391306
2026/08/01@15:27:09,4530,0.29043478
2026/08/01@15:27:10,4531,0.28434784
2026/08/01@15:27:11,4532,0.2578261
2026/08/01@15:27:12,4533,0.2852174
2026/08/01@15:27:13,4534,0.24869566
2026/08/01@15:27:15,4536,0.20913044
2026/08/01@15:27:16,4537,0.194347824
2026/08/01@15:27:17,4538,0.26173912
2026/08/01@15:27:18,4539,0.27521738
2026/08/01@15:27:19,4540,0.2452174
2026/08/01@15:27:20,4541,0.27347828
2026/08/01@15:27:21,4542,0.29
2026/08/01@15:27:22,4543,0.3273913
2026/08/01@15:27:23,4544,0.339565216
2026/08/01@15:27:24,4545,0.20565218
2026/08/01@15:27:25,4546,0.21695652
2026/08/01@15:27:26,4547,0.3330435
2026/08/01@15:27:28,4549,0.18347826
2026/08/01@15:27:29,4550,0.2673913
2026/08/01@15:27:30,4551,0.31608696
2026/08/01@15:27:31,4552,0.35130436
2026/08/01@15:27:32,4553,0.202608684
2026/08/01@15:27:33,4554,0.25652172
2026/08/01@15:27:34,4555,0.33130434
2026/08/01@15:27:35,4556,0.29391304
2026/08/01@15:27:36,4557,0.25869566
2026/08/01@15:27:37,4558,0.18
2026/08/01@15:27:38,4559,0.09913044
2026/08/01@15:27:39,4560,0.23652174
2026/08/01@15:27:41,4562,0.24086956
2026/08/01@15:27:42,4563,0.15956521
2026/08/01@15:27:43,4564,0.3226087
2026/08/01@15:27:44,4565,0.15608695
2026/08/01@15:27:45,4566,0.118695656
2026/08/01@15:27:46,4567,0.17826086
2026/08/01@15:27:47,4568,0.08304348
2026/08/01@15:27:48,4569,0.08652174
2026/08/01@15:27:49,4570,0.067391304
2026/08/01@15:27:50,4571,0.25434784
2026/08/01@15:27:51,4572,0.21086956
2026/08/01@15:27:52,4573,0.06347826
2026/08/01@15:27:54,4575,0.27173912
2026/08/01@15:27:55,4576,0.37565216
2026/08/01@15:27:56,4577,0.4178261
2026/08/01@15:27:57,4578,0.3930435
2026/08/01@15:27:58,4579,0.38608696
2026/08/01@15:27:59,4580,0.29608696
2026/08/01@15:28:00,4581,0.2647826
2026/08/01@15:28:01,4582,0.27304348
2026/08/01@15:28:02,4583,0.2952174
2026/08/01@15:28:03,4584,0.36
2026/08/01@15:28:04,4585,0.39086956
2026/08/01@15:28:05,4586,0.3947826
2026/08/01@15:28:07,4588,0.41304348
2026/08/01@15:28:08,4589,0.30391306
2026/08/01@15:28:09,4590,0.41304348
2026/08/01@15:28:10,4591,0.3252174
2026/08/01@15:28:11,4592,0.36565216
2026/08/01@15:28:12,4593,0.5586957
2026/08/01@15:28:13,4594,0.39608696
2026/08/01@15:28:14,4595,0.34130436
2026/08/01@15:28:15,4596,0.39217392
2026/08/01@15:28:16,4597,0.4026087
2026/08/01@15:28:17,4598,0.441739136
2026/08/01@15:28:18,4599,0.4021739
2026/08/01@15:28:20,4601,0.35826088
2026/08/01@15:28:21,4602,0.31652172
2026/08/01@15:28:22,4603,0.39043476
2026/08/01@15:28:23,4604,0.35652172
2026/08/01@15:28:24,4605,0.351739136
2026/08/01@15:28:25,4606,0.35217392
2026/08/01@15:28:26,4607,0.39652176
2026/08/01@15:28:27,4608,0.37565216
2026/08/01@15:28:28,4609,0.4304348
2026/08/01@15:28:29,4610,0.3852174
2026/08/01@15:28:30,4611,0.3326087
2026/08/01@15:28:31,4612,0.36391304
2026/08/01@15:28:33,4613,0.36913044
2026/08/01@15:28:34,4615,0.37869568
2026/08/01@15:28:35,4616,0.31434784
2026/08/01@15:28:36,4617,0.3926087
2026/08/01@15:28:37,4618,0.3704348
2026/08/01@15:28:38,4619,0.3926087
2026/08/01@15:28:39,4620,0.4373913
2026/08/01@15:28:40,4621,0.38347824
2026/08/01@15:28:41,4622,0.3778261
2026/08/01@15:28:42,4623,0.2078261
2026/08/01@15:28:43,4624,0.190869568
2026/08/01@15:28:44,4625,0.066086952
2026/08/01@15:28:45,4626,0.231304352
2026/08/01@15:28:47,4628,0.175217392
2026/08/01@15:28:48,4629,0.195652176
2026/08/01@15:28:49,4630,0.3121739
2026/08/01@15:28:50,4631,0.4321739
2026/08/01@15:28:51,4632,0.2452174
2026/08/01@15:28:52,4633,0.27391306
2026/08/01@15:28:53,4634,0.338260868
2026/08/01@15:28:54,4635,0.36565216
2026/08/01@15:28:55,4636,0.38956524
2026/08/01@15:28:56,4637,0.4421739
2026/08/01@15:28:57,4638,0.41130436
2026/08/01@15:28:58,4639,0.54
2026/08/01@15:29:00,4641,0.5817391
2026/08/01@15:29:01,4642,0.32086956
2026/08/01@15:29:02,4643,0.36565216
2026/08/01@15:29:03,4644,0.36869564
2026/08/01@15:29:04,4645,0.38913044
2026/08/01@15:29:05,4646,0.435217368
2026/08/01@15:29:06,4647,0.33173912
2026/08/01@15:29:07,4648,0.36565216
2026/08/01@15:29:08,4649,0.38217392
2026/08/01@15:29:09,4650,0.350434784
2026/08/01@15:29:10,4651,0.32304348
2026/08/01@15:29:11,4652,0.2952174
2026/08/01@15:29:13,4654,0.26173912
2026/08/01@15:29:14,4655,0.20434782
2026/08/01@15:29:15,4656,0.09652174
2026/08/01@15:29:16,4657,0.112173912
2026/08/01@15:29:17,4658,0.04956522
2026/08/01@15:29:18,4659,0.2852174
2026/08/01@15:29:19,4660,0.23304348
2026/08/01@15:29:20,4661,0.3778261
2026/08/01@15:29:21,4662,0.435217368
2026/08/01@15:29:22,4663,0.416086936
2026/08/01@15:29:23,4664,0.4152174
2026/08/01@15:29:24,4665,0.33086956
2026/08/01@15:29:26,4667,0.36173912
2026/08/01@15:29:27,4668,0.3104348
2026/08/01@15:29:28,4669,0.25478262
2026/08/01@15:29:29,4670,0.035652176
2026/08/01@15:29:30,4671,0.20913044
2026/08/01@15:29:31,4672,0.05826087
2026/08/01@15:29:32,4673,0.038695652
2026/08/01@15:29:33,4674,0.1526087
2026/08/01@15:29:34,4675,0.28086956
2026/08/01@15:29:35,4676,0.3047826
2026/08/01@15:29:36,4677,0.39565218
2026/08/01@15:29:37,4678,0.409130432
2026/08/01@15:29:39,4680,0.4073913
2026/08/01@15:29:40,4681,0.4073913
2026/08/01@15:29:41,4682,0.32086956
2026/08/01@15:29:42,4683,0.339565216
2026/08/01@15:29:43,4684,0.44695652
2026/08/01@15:29:44,4685,0.38086956
2026/08/01@15:29:45,4686,0.31913042
2026/08/01@15:29:46,4687,0.2878261
2026/08/01@15:29:47,4688,0.27173912
2026/08/01@15:29:48,4689,0.28391304
2026/08/01@15:29:49,4690,0.28869566
2026/08/01@15:29:50,4691,0.21086956
2026/08/01@15:29:52,4693,0.037391304
2026/08/01@15:29:53,4694,0.21434782
2026/08/01@15:29:54,4695,0.047391304
2026/08/01@15:29:55,4696,0.0
2026/08/01@15:29:56,4697,0.072608696
2026/08/01@15:29:57,4698,0.21565217
2026/08/01@15:29:58,4699,0.21913044
2026/08/01@15:29:59,4700,0.388695636
2026/08/01@15:30:00,4701,0.4604348
2026/08/01@15:30:01,4702,0.428260868
2026/08/01@15:30:02,4703,0.3121739
2026/08/01@15:30:03,4704,0.34130436
2026/08/01@15:30:05,4706,0.0360869568
2026/08/01@15:30:06,4707,0.038695652
2026/08/01@15:30:07,4708,0.211304352
2026/08/01@15:30:08,4709,0.31826088
2026/08/01@15:30:09,4710,0.32434782
2026/08/01@15:30:10,4711,0.404782632
2026/08/01@15:30:11,4712,0.46434784
2026/08/01@15:30:12,4713,0.52347824
2026/08/01@15:30:13,4714,0.3404348
2026/08/01@15:30:14,4715,0.3647826
2026/08/01@15:30:15,4716,0.039565216
2026/08/01@15:30:16,4717,0.23826086
2026/08/01@15:30:18,4719,0.17217392
2026/08/01@15:30:19,4720,0.0360869568
2026/08/01@15:30:20,4721,0.0
2026/08/01@15:30:21,4722,0.29869564
2026/08/01@15:30:22,4723,0.27173912
2026/08/01@15:30:23,4724,0.24173912
2026/08/01@15:30:24,4725,0.345217368
2026/08/01@15:30:25,4726,0.3647826
2026/08/01@15:30:26,4727,0.40608696
2026/08/01@15:30:27,4728,0.4247826
2026/08/01@15:30:28,4729,0.41304348
2026/08/01@15:30:29,4730,0.43
2026/08/01@15:30:31,4732,0.4621739
2026/08/01@15:30:32,4733,0.29782608
2026/08/01@15:30:33,4734,0.14043478
2026/08/01@15:30:34,4735,0.035652176
2026/08/01@15:30:35,4736,0.35913044
2026/08/01@15:30:36,4737,0.223043468
2026/08/01@15:30:37,4738,0.42130436
2026/08/01@15:30:38,4739,0.41304348
2026/08/01@15:30:39,4740,0.394347816
2026/08/01@15:30:40,4741,0.40565216
2026/08/01@15:30:41,4742,0.41086956
2026/08/01@15:30:42,4743,0.3778261
2026/08/01@15:30:44,4745,0.46913044
2026/08/01@15:30:45,4746,0.35347824
2026/08/01@15:30:46,4747,0.12739131
2026/08/01@15:30:47,4748,0.21565217
2026/08/01@15:30:48,4749,0.04043478
2026/08/01@15:30:49,4750,0.10043478
2026/08/01@15:30:50,4751,0.30130434
2026/08/01@15:30:51,4752,0.2652174
2026/08/01@15:30:52,4753,0.3352174
2026/08/01@15:30:53,4754,0.375217368
2026/08/01@15:30:54,4755,0.38130436
2026/08/01@15:30:55,4756,0.4252174
2026/08/01@15:30:57,4758,0.42782608
2026/08/01@15:30:58,4759,0.379130432
2026/08/01@15:30:59,4760,0.36
2026/08/01@15:31:00,4761,0.2704348
2026/08/01@15:31:01,4762,0.16304348
2026/08/01@15:31:02,4763,0.1
2026/08/01@15:31:03,4764,0.000434782632
2026/08/01@15:31:04,4765,0.14391304
2026/08/01@15:31:05,4766,0.27521738
2026/08/01@15:31:06,4767,0.21565217
2026/08/01@15:31:07,4768,0.34
2026/08/01@15:31:08,4769,0.3973913
2026/08/01@15:31:09,4770,0.40391304
2026/08/01@15:31:11,4772,0.4247826
2026/08/01@15:31:12,4773,0.40434784
2026/08/01@15:31:13,4774,0.44304348
2026/08/01@15:31:14,4775,0.4421739
2026/08/01@15:31:15,4776,0.44
2026/08/01@15:31:16,4777,0.388695636
2026/08/01@15:31:17,4778,0.38782608
2026/08/01@15:31:18,4779,0.27304348
2026/08/01@15:31:19,4780,0.19826088
2026/08/01@15:31:20,4781,0.0
2026/08/01@15:31:21,4782,0.25869566
2026/08/01@15:31:22,4783,0.23304348
2026/08/01@15:31:24,4785,0.36869564
2026/08/01@15:31:25,4786,0.4321739
2026/08/01@15:31:26,4787,0.41826088
2026/08/01@15:31:27,4788,0.39565218
2026/08/01@15:31:28,4789,0.4169565
2026/08/01@15:31:29,4790,0.2747826
2026/08/01@15:31:30,4791,0.109130432
2026/08/01@15:31:31,4792,0.013913044
2026/08/01@15:31:32,4793,0.18
2026/08/01@15:31:33,4794,0.2747826
2026/08/01@15:31:34,4795,0.15782608
2026/08/01@15:31:35,4796,0.37391304
2026/08/01@15:31:37,4798,0.38782608
2026/08/01@15:31:38,4799,0.45913044
2026/08/01@15:31:39,4800,0.4726087
2026/08/01@15:31:40,4801,0.394347816
2026/08/01@15:31:41,4802,0.52565216
2026/08/01@15:31:42,4803,0.32
2026/08/01@15:31:43,4804,0.38391304
2026/08/01@15:31:44,4805,0.28869566
2026/08/01@15:31:45,4806,0.190869568
2026/08/01@15:31:46,4807,0.12043478
2026/08/01@15:31:47,4808,0.12086956
2026/08/01@15:31:48,4809,0.22826088
2026/08/01@15:31:50,4811,0.34304348
2026/08/01@15:31:51,4812,0.42608696
2026/08/01@15:31:52,4813,0.4995652
2026/08/01@15:31:53,4814,0.43130434
2026/08/01@15:31:54,4815,0.53
2026/08/01@15:31:55,4816,0.36
2026/08/01@15:31:56,4817,0.385652184
2026/08/01@15:31:57,4818,0.30043476
2026/08/01@15:31:58,4819,0.03521739
2026/08/01@15:31:59,4820,0.14086956
2026/08/01@15:32:00,4821,0.06
2026/08/01@15:32:01,4822,0.118695656
2026/08/01@15:32:03,4824,0.11913043
2026/08/01@15:32:04,4825,0.27652174
2026/08/01@15:32:05,4826,0.23434782
2026/08/01@15:32:06,4827,0.3652174
2026/08/01@15:32:07,4828,0.40826088
2026/08/01@15:32:08,4829,0.4778261
2026/08/01@15:32:09,4830,0.46434784
2026/08/01@15:32:10,4831,0.42130436
2026/08/01@15:32:11,4832,0.429565216
2026/08/01@15:32:12,4833,0.35
2026/08/01@15:32:13,4834,0.3421739
2026/08/01@15:32:14,4835,0.26347824
2026/08/01@15:32:16,4837,0.24304348
2026/08/01@15:32:17,4838,0.15434782
2026/08/01@15:32:18,4839,0.08
2026/08/01@15:32:19,4840,0.0
2026/08/01@15:32:20,4841,0.25347826
2026/08/01@15:32:21,4842,0.21869566
2026/08/01@15:32:22,4843,0.26130436
2026/08/01@15:32:23,4844,0.36347828
2026/08/01@15:32:24,4845,0.41652172
2026/08/01@15:32:25,4846,0.44913044
2026/08/01@15:32:26,4847,0.3947826
2026/08/01@15:32:27,4848,0.4252174
2026/08/01@15:32:29,4850,0.34608696
2026/08/01@15:32:30,4851,0.3778261
2026/08/01@15:32:31,4852,0.27695652
2026/08/01@15:32:32,4853,0.170434784
2026/08/01@15:32:33,4854,0.07
2026/08/01@15:32:34,4855,0.16
2026/08/01@15:32:35,4856,0.14782609
2026/08/01@15:32:36,4857,0.28086956
2026/08/01@15:32:37,4858,0.38913044
2026/08/01@15:32:38,4859,0.3930435
2026/08/01@15:32:39,4860,0.41826088
2026/08/01@15:32:40,4861,0.406521736
2026/08/01@15:32:42,4863,0.46347828
2026/08/01@15:32:43,4864,0.411739136
2026/08/01@15:32:44,4865,0.4073913
2026/08/01@15:32:45,4866,0.2826087
2026/08/01@15:32:46,4867,0.15
2026/08/01@15:32:47,4868,0.2347826
2026/08/01@15:32:48,4869,0.03173913
2026/08/01@15:32:49,4870,0.013913044
2026/08/01@15:32:50,4871,0.12565218
2026/08/01@15:32:51,4872,0.20608696
2026/08/01@15:32:52,4873,0.2273913
2026/08/01@15:32:53,4874,0.28434784
2026/08/01@15:32:55,4876,0.39086956
2026/08/01@15:32:56,4877,0.436521736
2026/08/01@15:32:57,4878,0.39782608
2026/08/01@15:32:58,4879,0.39043476
2026/08/01@15:32:59,4880,0.33173912
2026/08/01@15:33:00,4881,0.41434784
2026/08/01@15:33:01,4882,0.27304348
2026/08/01@15:33:02,4883,0.23304348
2026/08/01@15:33:03,4884,0.042173916
2026/08/01@15:33:04,4885,0.0
2026/08/01@15:33:05,4886,0.23173914
2026/08/01@15:33:06,4887,0.25173914
2026/08/01@15:33:08,4888,0.33695652
2026/08/01@15:33:09,4890,0.3704348
2026/08/01@15:33:10,4891,0.44
2026/08/01@15:33:11,4892,0.39086956
2026/08/01@15:33:12,4893,0.4247826
2026/08/01@15:33:13,4894,0.394347816
2026/08/01@15:33:14,4895,0.5317391
2026/08/01@15:33:15,4896,0.2969565
2026/08/01@15:33:16,4897,0.40826088
2026/08/01@15:33:17,4898,0.29608696
2026/08/01@15:33:18,4899,0.032608696
2026/08/01@15:33:19,4900,0.050434784
2026/08/01@15:33:20,4901,0.0
2026/08/01@15:33:22,4903,0.18347826
2026/08/01@15:33:23,4904,0.200434784
2026/08/01@15:33:24,4905,0.37565216
2026/08/01@15:33:25,4906,0.4473913
2026/08/01@15:33:26,4907,0.3973913
2026/08/01@15:33:27,4908,0.406521736
2026/08/01@15:33:28,4909,0.41130436
2026/08/01@15:33:29,4910,0.3347826
2026/08/01@15:33:30,4911,0.07130435
2026/08/01@15:33:31,4912,0.10391305
2026/08/01@15:33:32,4913,0.06826087
2026/08/01@15:33:33,4914,0.17217392
2026/08/01@15:33:35,4916,0.21608696
2026/08/01@15:33:36,4917,0.351739136
2026/08/01@15:33:37,4918,0.3552174
2026/08/01@15:33:38,4919,0.231304352
2026/08/01@15:33:39,4920,0.336521736
2026/08/01@15:33:40,4921,0.375217368
2026/08/01@15:33:41,4922,0.418695636
2026/08/01@15:33:42,4923,0.43826088
2026/08/01@15:33:43,4924,0.32826088
2026/08/01@15:33:44,4925,0.29782608
2026/08/01@15:33:45,4926,0.38347824
2026/08/01@15:33:46,4927,0.2804348
2026/08/01@15:33:48,4929,0.32304348
2026/08/01@15:33:49,4930,0.033913044
2026/08/01@15:33:50,4931,0.20086956
2026/08/01@15:33:51,4932,0.2452174
2026/08/01@15:33:52,4933,0.40304348
2026/08/01@15:33:53,4934,0.4395652
2026/08/01@15:33:54,4935,0.404782632
2026/08/01@15:33:55,4936,0.36695652
2026/08/01@15:33:56,4937,0.35304348
2026/08/01@15:33:57,4938,0.375217368
2026/08/01@15:33:58,4939,0.2878261
2026/08/01@15:33:59,4940,0.21913044
2026/08/01@15:34:01,4942,0.14086956
2026/08/01@15:34:02,4943,0.037826088
2026/08/01@15:34:03,4944,0.012173913
2026/08/01@15:34:04,4945,0.184782608
2026/08/01@15:34:05,4946,0.2721739
2026/08/01@15:34:06,4947,0.25695652
2026/08/01@15:34:07,4948,0.32826088
2026/08/01@15:34:08,4949,0.391304352
2026/08/01@15:34:09,4950,0.409130432
2026/08/01@15:34:10,4951,0.43
2026/08/01@15:34:11,4952,0.37869568
2026/08/01@15:34:12,4953,0.40565216
2026/08/01@15:34:14,4955,0.48086956
2026/08/01@15:34:15,4956,0.343478268
2026/08/01@15:34:16,4957,0.350434784
2026/08/01@15:34:17,4958,0.41130436
2026/08/01@15:34:18,4959,0.336521736
2026/08/01@15:34:19,4960,0.3178261
2026/08/01@15:34:20,4961,0.28434784
2026/08/01@15:34:21,4962,0.034347824
2026/08/01@15:34:22,4963,0.054347824
2026/08/01@15:34:23,4964,0.0047826088
2026/08/01@15:34:24,4965,0.29086956
2026/08/01@15:34:25,4966,0.22956522
2026/08/01@15:34:27,4968,0.400869568
2026/08/01@15:34:28,4969,0.476086936
2026/08/01@15:34:29,4970,0.44652172
2026/08/01@15:34:30,4971,0.4073913
2026/08/01@15:34:31,4972,0.34130436
2026/08/01@15:34:32,4973,0.39782608
2026/08/01@15:34:33,4974,0.35304348
2026/08/01@15:34:34,4975,0.34304348
2026/08/01@15:34:35,4976,0.27304348
2026/08/01@15:34:36,4977,0.22956522
2026/08/01@15:34:37,4978,0.035652176
2026/08/01@15:34:38,4979,0.03347826
2026/08/01@15:34:40,4981,0.06565218
2026/08/01@15:34:41,4982,0.25347826
2026/08/01@15:34:42,4983,0.18565216
2026/08/01@15:34:43,4984,0.08869565
2026/08/01@15:34:44,4985,0.09695652
2026/08/01@15:34:45,4986,0.2804348
2026/08/01@15:34:46,4987,0.3573913
2026/08/01@15:34:47,4988,0.32956524
2026/08/01@15:34:48,4989,0.385652184
2026/08/01@15:34:49,4990,0.38913044
2026/08/01@15:34:50,4991,0.41260868
2026/08/01@15:34:51,4992,0.49608696
2026/08/01@15:34:53,4994,0.34173912
2026/08/01@15:34:54,4995,0.38260868
2026/08/01@15:34:55,4996,0.3026087
2026/08/01@15:34:56,4997,0.032608696
2026/08/01@15:34:57,4998,0.15608695
2026/08/01@15:34:58,4999,0.057391304
2026/08/01@15:34:59,5000,0.15608695
2026/08/01@15:35:00,5001,0.24652174
2026/08/01@15:35:01,5002,0.2669565
2026/08/01@15:35:02,5003,0.29217392
2026/08/01@15:35:03,5004,0.24695652
2026/08/01@15:35:04,5005,0.29173914
2026/08/01@15:35:06,5007,0.399565216
2026/08/01@15:35:07,5008,0.35652172
2026/08/01@15:35:08,5009,0.38608696
2026/08/01@15:35:09,5010,0.4304348
2026/08/01@15:35:10,5011,0.42652176
2026/08/01@15:35:11,5012,0.40130432
2026/08/01@15:35:12,5013,0.33
2026/08/01@15:35:13,5014,0.373478268
2026/08/01@15:35:14,5015,0.27565216
2026/08/01@15:35:15,5016,0.112173912
2026/08/01@15:35:16,5017,0.0052173916
2026/08/01@15:35:17,5018,0.20347826
2026/08/01@15:35:19,5020,0.27347828
2026/08/01@15:35:20,5021,0.351739136
2026/08/01@15:35:21,5022,0.40391304
2026/08/01@15:35:22,5023,0.448695636
2026/08/01@15:35:23,5024,0.428260868
2026/08/01@15:35:24,5025,0.52130436
2026/08/01@15:35:25,5026,0.37
2026/08/01@15:35:26,5027,0.418695636
2026/08/01@15:35:27,5028,0.2647826
2026/08/01@15:35:28,5029,0.08652174
2026/08/01@15:35:29,5030,0.032173912
2026/08/01@15:35:30,5031,0.1747826
2026/08/01@15:35:32,5033,0.2821739
2026/08/01@15:35:33,5034,0.29434782
2026/08/01@15:35:34,5035,0.4226087
2026/08/01@15:35:35,5036,0.4321739
2026/08/01@15:35:36,5037,0.41347826
2026/08/01@15:35:37,5038,0.36565216
2026/08/01@15:35:38,5039,0.4226087
2026/08/01@15:35:39,5040,0.36565216
2026/08/01@15:35:40,5041,0.27869564
2026/08/01@15:35:41,5042,0.2152174
2026/08/01@15:35:42,5043,0.190869568
2026/08/01@15:35:43,5044,0.232608684
2026/08/01@15:35:45,5046,0.15130435
2026/08/01@15:35:46,5047,0.002173913
2026/08/01@15:35:47,5048,0.14434783
2026/08/01@15:35:48,5049,0.28173912
2026/08/01@15:35:49,5050,0.27347828
2026/08/01@15:35:50,5051,0.35
2026/08/01@15:35:51,5052,0.409130432
2026/08/01@15:35:52,5053,0.39217392
2026/08/01@15:35:53,5054,0.44391304
2026/08/01@15:35:54,5055,0.38260868
2026/08/01@15:35:55,5056,0.350434784
2026/08/01@15:35:56,5057,0.41347826
2026/08/01@15:35:58,5059,0.42086956
2026/08/01@15:35:59,5060,0.37695652
2026/08/01@15:36:00,5061,0.3547826
2026/08/01@15:36:01,5062,0.31130436
2026/08/01@15:36:02,5063,0.03173913
2026/08/01@15:36:03,5064,0.18391304
2026/08/01@15:36:04,5065,0.02173913
2026/08/01@15:36:05,5066,0.15913044
2026/08/01@15:36:06,5067,0.24956522
2026/08/01@15:36:07,5068,0.30608696
2026/08/01@15:36:08,5069,0.27695652
2026/08/01@15:36:09,5070,0.37565216
2026/08/01@15:36:11,5072,0.385652184
2026/08/01@15:36:12,5073,0.42608696
2026/08/01@15:36:13,5074,0.43347828
2026/08/01@15:36:14,5075,0.44652172
2026/08/01@15:36:15,5076,0.3930435
2026/08/01@15:36:16,5077,0.3726087
2026/08/01@15:36:17,5078,0.3573913
2026/08/01@15:36:18,5079,0.44304348
2026/08/01@15:36:19,5080,0.379130432
2026/08/01@15:36:20,5081,0.36043476
2026/08/01@15:36:21,5082,0.27347828
2026/08/01@15:36:22,5083,0.032608696
2026/08/01@15:36:24,5085,0.036956524
2026/08/01@15:36:25,5086,0.03173913
2026/08/01@15:36:26,5087,0.030434782
2026/08/01@15:36:27,5088,0.26347824
2026/08/01@15:36:28,5089,0.227826092
2026/08/01@15:36:29,5090,0.22043478
2026/08/01@15:36:30,5091,0.2426087
2026/08/01@15:36:31,5092,0.2378261
2026/08/01@15:36:32,5093,0.07826087
2026/08/01@15:36:33,5094,0.0
2026/08/01@15:36:34,5095,0.07782609
2026/08/01@15:36:35,5096,0.2630435
2026/08/01@15:36:37,5098,0.2721739
2026/08/01@15:36:38,5099,0.22478262
2026/08/01@15:36:39,5100,0.33782608
2026/08/01@15:36:40,5101,0.37608696
2026/08/01@15:36:41,5102,0.39217392
2026/08/01@15:36:42,5103,0.4473913
2026/08/01@15:36:43,5104,0.39608696
2026/08/01@15:36:44,5105,0.5030435
2026/08/01@15:36:45,5106,0.38956524
2026/08/01@15:36:46,5107,0.35913044
2026/08/01@15:36:47,5108,0.38434784
2026/08/01@15:36:48,5109,0.3569565
2026/08/01@15:36:50,5111,0.30565216
2026/08/01@15:36:51,5112,0.2952174
2026/08/01@15:36:52,5113,0.27826086
2026/08/01@15:36:53,5114,0.03347826
2026/08/01@15:36:54,5115,0.11956522
2026/08/01@15:36:55,5116,0.029130434
2026/08/01@15:36:56,5117,0.06652174
2026/08/01@15:36:57,5118,0.0360869568
2026/08/01@15:36:58,5119,0.25
2026/08/01@15:36:59,5120,0.094782608
2026/08/01@15:37:00,5121,0.27391306
2026/08/01@15:37:01,5122,0.31478262
2026/08/01@15:37:03,5124,0.21913044
2026/08/01@15:37:04,5125,0.26217392
2026/08/01@15:37:05,5126,0.045652172
2026/08/01@15:37:06,5127,0.003478261
2026/08/01@15:37:07,5128,0.069130432
2026/08/01@15:37:08,5129,0.115652176
2026/08/01@15:37:09,5130,0.19826088
2026/08/01@15:37:10,5131,0.2926087
2026/08/01@15:37:11,5132,0.202608684
2026/08/01@15:37:12,5133,0.28565216
2026/08/01@15:37:13,5134,0.29173914
2026/08/01@15:37:14,5135,0.26913044
2026/08/01@15:37:16,5137,0.3795652
2026/08/01@15:37:17,5138,0.3404348
2026/08/01@15:37:18,5139,0.375217368
2026/08/01@15:37:19,5140,0.40130432
2026/08/01@15:37:20,5141,0.46
2026/08/01@15:37:21,5142,0.46695652
2026/08/01@15:37:22,5143,0.4773913
2026/08/01@15:37:23,5144,0.41826088
2026/08/01@15:37:24,5145,0.43869564
2026/08/01@15:37:25,5146,0.5134783
2026/08/01@15:37:26,5147,0.474782632
2026/08/01@15:37:27,5148,0.4621739
2026/08/01@15:37:29,5150,0.37565216
2026/08/01@15:37:30,5151,0.38956524
2026/08/01@15:37:31,5152,0.44652172
2026/08/01@15:37:32,5153,0.448695636
2026/08/01@15:37:33,5154,0.45347824
2026/08/01@15:37:34,5155,0.4373913
2026/08/01@15:37:35,5156,0.39086956
2026/08/01@15:37:36,5157,0.465217368
2026/08/01@15:37:37,5158,0.31434784
2026/08/01@15:37:38,5159,0.4147826
2026/08/01@15:37:39,5160,0.370869568
2026/08/01@15:37:40,5161,0.24956522
2026/08/01@15:37:42,5162,0.229130432
2026/08/01@15:37:43,5164,0.24956522
2026/08/01@15:37:44,5165,0.052173912
2026/08/01@15:37:45,5166,0.03173913
2026/08/01@15:37:46,5167,0.013043478
2026/08/01@15:37:47,5168,0.0
2026/08/01@15:37:48,5169,0.085217392
2026/08/01@15:37:49,5170,0.17826086
2026/08/01@15:37:50,5171,0.21565217
2026/08/01@15:37:51,5172,0.27826086
2026/08/01@15:37:52,5173,0.23826086
2026/08/01@15:37:53,5174,0.29043478
2026/08/01@15:37:55,5175,0.27173912
2026/08/01@15:37:56,5177,0.3547826
2026/08/01@15:37:57,5178,0.34
2026/08/01@15:37:58,5179,0.344782632
2026/08/01@15:37:59,5180,0.38086956
2026/08/01@15:38:00,5181,0.379130432
2026/08/01@15:38:01,5182,0.399565216
2026/08/01@15:38:02,5183,0.3930435
2026/08/01@15:38:03,5184,0.418695636
2026/08/01@15:38:04,5185,0.478695636
2026/08/01@15:38:05,5186,0.441739136
2026/08/01@15:38:06,5187,0.400869568
2026/08/01@15:38:07,5188,0.41826088
2026/08/01@15:38:09,5190,0.456956536
2026/08/01@15:38:10,5191,0.27173912
2026/08/01@15:38:11,5192,0.14434783
2026/08/01@15:38:12,5193,0.08434783
2026/08/01@15:38:13,5194,0.07
2026/08/01@15:38:14,5195,0.16652174
2026/08/01@15:38:15,5196,0.336521736
2026/08/01@15:38:16,5197,0.34695652
2026/08/01@15:38:17,5198,0.25304348
2026/08/01@15:38:18,5199,0.2126087
2026/08/01@15:38:19,5200,0.2969565
2026/08/01@15:38:20,5201,0.2878261
2026/08/01@15:38:22,5203,0.3273913
2026/08/01@15:38:23,5204,0.3973913
2026/08/01@15:38:24,5205,0.379130432
2026/08/01@15:38:25,5206,0.3873913
2026/08/01@15:38:26,5207,0.44347826
2026/08/01@15:38:27,5208,0.47086956
2026/08/01@15:38:28,5209,0.49173912
2026/08/01@15:38:29,5210,0.47913044
2026/08/01@15:38:30,5211,0.40391304
2026/08/01@15:38:31,5212,0.3495652
2026/08/01@15:38:32,5213,0.4147826
2026/08/01@15:38:33,5214,0.4078261
2026/08/01@15:38:35,5216,0.42
2026/08/01@15:38:36,5217,0.5182609
2026/08/01@15:38:37,5218,0.4621739
2026/08/01@15:38:38,5219,0.3704348
2026/08/01@15:38:39,5220,0.36652176
2026/08/01@15:38:40,5221,0.4026087
2026/08/01@15:38:41,5222,0.28869566
2026/08/01@15:38:42,5223,0.21086956
2026/08/01@15:38:43,5224,0.16956522
2026/08/01@15:38:44,5225,0.17347826
2026/08/01@15:38:45,5226,0.06130435
2026/08/01@15:38:46,5227,0.080434784
2026/08/01@15:38:48,5229,0.107391304
2026/08/01@15:38:49,5230,0.35913044
2026/08/01@15:38:50,5231,0.35217392
2026/08/01@15:38:51,5232,0.30565216
2026/08/01@15:38:52,5233,0.25652172
2026/08/01@15:38:53,5234,0.195652176
2026/08/01@15:38:54,5235,0.3773913
2026/08/01@15:38:55,5236,0.33869564
2026/08/01@15:38:56,5237,0.2852174
2026/08/01@15:38:57,5238,0.35217392
2026/08/01@15:38:58,5239,0.3173913
2026/08/01@15:38:59,5240,0.36086956
2026/08/01@15:39:01,5242,0.4095652
2026/08/01@15:39:02,5243,0.39043476
2026/08/01@15:39:03,5244,0.38130436
2026/08/01@15:39:04,5245,0.3926087
2026/08/01@15:39:05,5246,0.4321739
2026/08/01@15:39:06,5247,0.498260868
2026/08/01@15:39:07,5248,0.47304348
2026/08/01@15:39:08,5249,0.41434784
2026/08/01@15:39:09,5250,0.39608696
2026/08/01@15:39:10,5251,0.476086936
2026/08/01@15:39:11,5252,0.35
2026/08/01@15:39:12,5253,0.40565216
2026/08/01@15:39:14,5255,0.350434784
2026/08/01@15:39:15,5256,0.32173914
2026/08/01@15:39:16,5257,0.11956522
2026/08/01@15:39:17,5258,0.032173912
2026/08/01@15:39:18,5259,0.02826087
2026/08/01@15:39:19,5260,0.1926087
2026/08/01@15:39:20,5261,0.1747826
2026/08/01@15:39:21,5262,0.0
2026/08/01@15:39:22,5263,0.14130434
2026/08/01@15:39:23,5264,0.17130434
2026/08/01@15:39:24,5265,0.29608696
2026/08/01@15:39:25,5266,0.2273913
2026/08/01@15:39:27,5268,0.19695652
2026/08/01@15:39:28,5269,0.190869568
2026/08/01@15:39:29,5270,0.067391304
2026/08/01@15:39:30,5271,0.12739131
2026/08/01@15:39:31,5272,0.05652174
2026/08/01@15:39:32,5273,0.03347826
2026/08/01@15:39:33,5274,0.032608696
2026/08/01@15:39:34,5275,0.057826088
2026/08/01@15:39:35,5276,0.200434784
2026/08/01@15:39:36,5277,0.29173914
2026/08/01@15:39:37,5278,0.31086956
2026/08/01@15:39:38,5279,0.27304348
2026/08/01@15:39:40,5281,0.36913044
2026/08/01@15:39:41,5282,0.40565216
2026/08/01@15:39:42,5283,0.400869568
2026/08/01@15:39:43,5284,0.4078261
2026/08/01@15:39:44,5285,0.34826088
2026/08/01@15:39:45,5286,0.39913044
2026/08/01@15:39:46,5287,0.34608696
2026/08/01@15:39:47,5288,0.3869565
2026/08/01@15:39:48,5289,0.35913044
2026/08/01@15:39:49,5290,0.32826088
2026/08/01@15:39:50,5291,0.29173914
2026/08/01@15:39:51,5292,0.3778261
2026/08/01@15:39:53,5294,0.21304348
2026/08/01@15:39:54,5295,0.12869565
2026/08/01@15:39:55,5296,0.2878261
2026/08/01@15:39:56,5297,0.29956524
2026/08/01@15:39:57,5298,0.23913044
2026/08/01@15:39:58,5299,0.18565216
2026/08/01@15:39:59,5300,0.27173912
2026/08/01@15:40:00,5301,0.19173912
2026/08/01@15:40:01,5302,0.223043468
2026/08/01@15:40:02,5303,0.32
2026/08/01@15:40:03,5304,0.30652174
2026/08/01@15:40:04,5305,0.346521732
2026/08/01@15:40:06,5306,0.30043476
2026/08/01@15:40:07,5308,0.32086956
2026/08/01@15:40:08,5309,0.30043476
2026/08/01@15:40:09,5310,0.29869564
2026/08/01@15:40:10,5311,0.29391304
2026/08/01@15:40:11,5312,0.27869564
2026/08/01@15:40:12,5313,0.12086956
2026/08/01@15:40:13,5314,0.04043478
2026/08/01@15:40:14,5315,0.0
2026/08/01@15:40:15,5316,0.17130434
2026/08/01@15:40:16,5317,0.2504348
2026/08/01@15:40:17,5318,0.2630435
2026/08/01@15:40:18,5319,0.36
2026/08/01@15:40:20,5321,0.39086956
2026/08/01@15:40:21,5322,0.4526087
2026/08/01@15:40:22,5323,0.418695636
2026/08/01@15:40:23,5324,0.36173912
2026/08/01@15:40:24,5325,0.37391304
2026/08/01@15:40:25,5326,0.36695652
2026/08/01@15:40:26,5327,0.033913044
2026/08/01@15:40:27,5328,0.23913044
2026/08/01@15:40:28,5329,0.15608695
2026/08/01@15:40:29,5330,0.178695652
2026/08/01@15:40:30,5331,0.21391304
2026/08/01@15:40:31,5332,0.23304348
2026/08/01@15:40:33,5334,0.38130436
2026/08/01@15:40:34,5335,0.394347816
2026/08/01@15:40:35,5336,0.4230435
2026/08/01@15:40:36,5337,0.41130436
2026/08/01@15:40:37,5338,0.48608696
2026/08/01@15:40:38,5339,0.436521736
2026/08/01@15:40:39,5340,0.31478262
2026/08/01@15:40:40,5341,0.485652184
2026/08/01@15:40:41,5342,0.3178261
2026/08/01@15:40:42,5343,0.42782608
2026/08/01@15:40:43,5344,0.38391304
2026/08/01@15:40:44,5345,0.29391304
2026/08/01@15:40:46,5347,0.2926087
2026/08/01@15:40:47,5348,0.11434782
2026/08/01@15:40:48,5349,0.09173913
2026/08/01@15:40:49,5350,0.30130434
2026/08/01@15:40:50,5351,0.24608696
2026/08/01@15:40:51,5352,0.22043478
2026/08/01@15:40:52,5353,0.32826088
2026/08/01@15:40:53,5354,0.41260868
2026/08/01@15:40:54,5355,0.41826088
2026/08/01@15:40:55,5356,0.42695652
2026/08/01@15:40:56,5357,0.3926087
2026/08/01@15:40:57,5358,0.3773913
2026/08/01@15:40:59,5360,0.24304348
2026/08/01@15:41:00,5361,0.416086936
2026/08/01@15:41:01,5362,0.29347824
2026/08/01@15:41:02,5363,0.13826087
2026/08/01@15:41:03,5364,0.17652174
2026/08/01@15:41:04,5365,0.11434782
2026/08/01@15:41:05,5366,0.3347826
2026/08/01@15:41:06,5367,0.2578261
2026/08/01@15:41:07,5368,0.25
2026/08/01@15:41:08,5369,0.16347826
2026/08/01@15:41:09,5370,0.3121739
2026/08/01@15:41:10,5371,0.31086956
2026/08/01@15:41:12,5373,0.3547826
2026/08/01@15:41:13,5374,0.428260868
2026/08/01@15:41:14,5375,0.4152174
2026/08/01@15:41:15,5376,0.43695652
2026/08/01@15:41:16,5377,0.39565218
2026/08/01@15:41:17,5378,0.38086956
2026/08/01@15:41:18,5379,0.41130436
2026/08/01@15:41:19,5380,0.48391304
2026/08/01@15:41:20,5381,0.39913044
2026/08/01@15:41:21,5382,0.45608696
2026/08/01@15:41:22,5383,0.484347816
2026/08/01@15:41:23,5384,0.39217392
2026/08/01@15:41:25,5386,0.2873913
2026/08/01@15:41:26,5387,0.44695652
2026/08/01@15:41:27,5388,0.5552174
2026/08/01@15:41:28,5389,0.5408696
2026/08/01@15:41:29,5390,0.5034783
2026/08/01@15:41:30,5391,0.49913044
2026/08/01@15:41:31,5392,0.4721739
2026/08/01@15:41:32,5393,0.46695652
2026/08/01@15:41:33,5394,0.52652176
2026/08/01@15:41:34,5395,0.5113043
2026/08/01@15:41:35,5396,0.5169565
2026/08/01@15:41:36,5397,0.48086956
2026/08/01@15:41:38,5399,0.24347826
2026/08/01@15:41:39,5400,0.38956524
2026/08/01@15:41:40,5401,0.34304348
2026/08/01@15:41:41,5402,0.28347826
2026/08/01@15:41:42,5403,0.14826088
2026/08/01@15:41:43,5404,0.057391304
2026/08/01@15:41:44,5405,0.0
2026/08/01@15:41:45,5406,0.1973913
2026/08/01@15:41:46,5407,0.202608684
2026/08/01@15:41:47,5408,0.33782608
2026/08/01@15:41:48,5409,0.355652184
2026/08/01@15:41:49,5410,0.39217392
2026/08/01@15:41:51,5412,0.3721739
2026/08/01@15:41:52,5413,0.368260868
2026/08/01@15:41:53,5414,0.368260868
2026/08/01@15:41:54,5415,0.46086956
2026/08/01@15:41:55,5416,0.32173914
2026/08/01@15:41:56,5417,0.2630435
2026/08/01@15:41:57,5418,0.32782608
2026/08/01@15:41:58,5419,0.29869564
2026/08/01@15:41:59,5420,0.15695652
2026/08/01@15:42:00,5421,0.15782608
2026/08/01@15:42:01,5422,0.09391304
2026/08/01@15:42:02,5423,0.025652174
2026/08/01@15:42:04,5425,0.0
2026/08/01@15:42:05,5426,0.0
2026/08/01@15:42:06,5427,0.045652172
2026/08/01@15:42:07,5428,0.16695653
2026/08/01@15:42:08,5429,0.26565218
2026/08/01@15:42:09,5430,0.033913044
2026/08/01@15:42:10,5431,0.16956522
2026/08/01@15:42:11,5432,0.0
2026/08/01@15:42:12,5433,0.1252174
2026/08/01@15:42:13,5434,0.0
2026/08/01@15:42:14,5435,0.016521738
2026/08/01@15:42:15,5436,0.067826088
2026/08/01@15:42:17,5437,0.178695652
2026/08/01@15:42:18,5439,0.345217368
2026/08/01@15:42:19,5440,0.14086956
2026/08/01@15:42:20,5441,0.113913048
2026/08/01@15:42:21,5442,0.10869565
2026/08/01@15:42:22,5443,0.2747826
2026/08/01@15:42:23,5444,0.2647826
2026/08/01@15:42:24,5445,0.32956524
2026/08/01@15:42:25,5446,0.25478262
2026/08/01@15:42:26,5447,0.336521736
2026/08/01@15:42:27,5448,0.34826088
2026/08/01@15:42:28,5449,0.37565216
2026/08/01@15:42:30,5451,0.3778261
2026/08/01@15:42:31,5452,0.394347816
2026/08/01@15:42:32,5453,0.4321739
2026/08/01@15:42:33,5454,0.476086936
2026/08/01@15:42:34,5455,0.45
2026/08/01@15:42:35,5456,0.435217368
2026/08/01@15:42:36,5457,0.45086956
2026/08/01@15:42:37,5458,0.38782608
2026/08/01@15:42:38,5459,0.38086956
2026/08/01@15:42:39,5460,0.36869564
2026/08/01@15:42:40,5461,0.38260868
2026/08/01@15:42:41,5462,0.28695652
2026/08/01@15:42:42,5463,0.1226087
2026/08/01@15:42:44,5465,0.223043468
2026/08/01@15:42:45,5466,0.14130434
2026/08/01@15:42:46,5467,0.24782608
2026/08/01@15:42:47,5468,0.043913044
2026/08/01@15:42:48,5469,0.0
2026/08/01@15:42:49,5470,0.074347824
2026/08/01@15:42:50,5471,0.33173912
2026/08/01@15:42:51,5472,0.24652174
2026/08/01@15:42:52,5473,0.26869564
2026/08/01@15:42:53,5474,0.3352174
2026/08/01@15:42:54,5475,0.35913044
2026/08/01@15:42:55,5476,0.380434784
2026/08/01@15:42:57,5478,0.454347816
2026/08/01@15:42:58,5479,0.36086956
2026/08/01@15:42:59,5480,0.385652184
2026/08/01@15:43:00,5481,0.45
2026/08/01@15:43:01,5482,0.31130436
2026/08/01@15:43:02,5483,0.2378261
2026/08/01@15:43:03,5484,0.074347824
2026/08/01@15:43:04,5485,0.002173913
2026/08/01@15:43:05,5486,0.22826088
2026/08/01@15:43:06,5487,0.2878261
2026/08/01@15:43:07,5488,0.336521736
2026/08/01@15:43:08,5489,0.33
2026/08/01@15:43:10,5491,0.43304348
2026/08/01@15:43:11,5492,0.43130434
2026/08/01@15:43:12,5493,0.44826088
2026/08/01@15:43:13,5494,0.42652176
2026/08/01@15:43:14,5495,0.375217368
2026/08/01@15:43:15,5496,0.54695652
2026/08/01@15:43:16,5497,0.35652172
2026/08/01@15:43:17,5498,0.41130436
2026/08/01@15:43:18,5499,0.40304348
2026/08/01@15:43:19,5500,0.30739132
2026/08/01@15:43:20,5501,0.28608696
2026/08/01@15:43:21,5502,0.08130435
2026/08/01@15:43:23,5504,0.074347824
2026/08/01@15:43:24,5505,0.25869566
2026/08/01@15:43:25,5506,0.3569565
2026/08/01@15:43:26,5507,0.336521736
2026/08/01@15:43:27,5508,0.42869564
2026/08/01@15:43:28,5509,0.53695652
2026/08/01@15:43:29,5510,0.42086956
2026/08/01@15:43:30,5511,0.41652172
2026/08/01@15:43:31,5512,0.2804348
2026/08/01@15:43:32,5513,0.2704348
2026/08/01@15:43:33,5514,0.0539130432
2026/08/01@15:43:34,5515,0.12956522
2026/08/01@15:43:36,5517,0.18869566
2026/08/01@15:43:37,5518,0.18695652
2026/08/01@15:43:38,5519,0.28086956
2026/08/01@15:43:39,5520,0.33608696
2026/08/01@15:43:40,5521,0.3247826
2026/08/01@15:43:41,5522,0.33695652
2026/08/01@15:43:42,5523,0.25608696
2026/08/01@15:43:43,5524,0.24304348
2026/08/01@15:43:44,5525,0.26043478
2026/08/01@15:43:45,5526,0.3352174
2026/08/01@15:43:46,5527,0.346521732
2026/08/01@15:43:47,5528,0.4078261
2026/08/01@15:43:49,5530,0.36913044
2026/08/01@15:43:50,5531,0.39217392
2026/08/01@15:43:51,5532,0.3947826
2026/08/01@15:43:52,5533,0.4147826
2026/08/01@15:43:53,5534,0.4726087
2026/08/01@15:43:54,5535,0.38217392
2026/08/01@15:43:55,5536,0.343478268
2026/08/01@15:43:56,5537,0.4078261
2026/08/01@15:43:57,5538,0.38260868
2026/08/01@15:43:58,5539,0.30913044
2026/08/01@15:43:59,5540,0.27826086
2026/08/01@15:44:00,5541,0.30043476
2026/08/01@15:44:02,5543,0.27565216
2026/08/01@15:44:03,5544,0.29086956
2026/08/01@15:44:04,5545,0.28913044
2026/08/01@15:44:05,5546,0.33608696
2026/08/01@15:44:06,5547,0.3721739
2026/08/01@15:44:07,5548,0.35304348
2026/08/01@15:44:08,5549,0.3778261
2026/08/01@15:44:09,5550,0.3873913
2026/08/01@15:44:10,5551,0.3869565
2026/08/01@15:44:11,5552,0.42347828
2026/08/01@15:44:12,5553,0.3930435
2026/08/01@15:44:13,5554,0.398260868
2026/08/01@15:44:15,5556,0.27
2026/08/01@15:44:16,5557,0.21695652
2026/08/01@15:44:17,5558,0.12695652
2026/08/01@15:44:18,5559,0.038695652
2026/08/01@15:44:19,5560,0.0
2026/08/01@15:44:20,5561,0.2652174
2026/08/01@15:44:21,5562,0.2526087
2026/08/01@15:44:22,5563,0.30130434
2026/08/01@15:44:23,5564,0.355652184
2026/08/01@15:44:24,5565,0.35913044
2026/08/01@15:44:25,5566,0.391304352
2026/08/01@15:44:26,5567,0.41347826
2026/08/01@15:44:28,5569,0.4226087
2026/08/01@15:44:29,5570,0.41086956
2026/08/01@15:44:30,5571,0.4721739
2026/08/01@15:44:31,5572,0.45913044
2026/08/01@15:44:32,5573,0.45869564
2026/08/01@15:44:33,5574,0.45217392
2026/08/01@15:44:34,5575,0.455652184
2026/08/01@15:44:35,5576,0.4395652
2026/08/01@15:44:36,5577,0.43
2026/08/01@15:44:37,5578,0.440434784
2026/08/01@15:44:38,5579,0.41434784
2026/08/01@15:44:39,5580,0.3852174
2026/08/01@15:44:41,5582,0.42086956
2026/08/01@15:44:42,5583,0.4178261
2026/08/01@15:44:43,5584,0.4421739
2026/08/01@15:44:44,5585,0.435217368
2026/08/01@15:44:45,5586,0.48086956
2026/08/01@15:44:46,5587,0.3926087
2026/08/01@15:44:47,5588,0.5252174
2026/08/01@15:44:48,5589,0.39565218
2026/08/01@15:44:49,5590,0.45043476
2026/08/01@15:44:50,5591,0.39043476
2026/08/01@15:44:51,5592,0.30652174
2026/08/01@15:44:52,5593,0.03173913
2026/08/01@15:44:54,5594,0.24347826
2026/08/01@15:44:55,5596,0.16347826
2026/08/01@15:44:56,5597,0.030434782
2026/08/01@15:44:57,5598,0.049130436
2026/08/01@15:44:58,5599,0.14782609
2026/08/01@15:44:59,5600,0.16086957
2026/08/01@15:45:00,5601,0.2630435
2026/08/01@15:45:01,5602,0.2952174
2026/08/01@15:45:02,5603,0.22565218
2026/08/01@15:45:03,5604,0.27521738
2026/08/01@15:45:04,5605,0.30652174
2026/08/01@15:45:05,5606,0.2673913
2026/08/01@15:45:07,5607,0.28608696
2026/08/01@15:45:08,5609,0.338260868
2026/08/01@15:45:09,5610,0.3478261
2026/08/01@15:45:10,5611,0.30913044
2026/08/01@15:45:11,5612,0.373478268
2026/08/01@15:45:12,5613,0.38608696
2026/08/01@15:45:13,5614,0.47130436
2026/08/01@15:45:14,5615,0.441739136
2026/08/01@15:45:15,5616,0.39565218
2026/08/01@15:45:16,5617,0.5047826
2026/08/01@15:45:17,5618,0.36347828
2026/08/01@15:45:18,5619,0.35130436
2026/08/01@15:45:20,5620,0.375217368
2026/08/01@15:45:21,5622,0.3569565
2026/08/01@15:45:22,5623,0.3721739
2026/08/01@15:45:23,5624,0.29956524
2026/08/01@15:45:24,5625,0.2873913
2026/08/01@15:45:25,5626,0.3173913
2026/08/01@15:45:26,5627,0.2721739
2026/08/01@15:45:27,5628,0.25652172
2026/08/01@15:45:28,5629,0.3173913
2026/08/01@15:45:29,5630,0.045652172
2026/08/01@15:45:30,5631,0.26130436
2026/08/01@15:45:31,5632,0.22217392
2026/08/01@15:45:32,5633,0.208695652
2026/08/01@15:45:34,5635,0.12434783
2026/08/01@15:45:35,5636,0.09347826
2026/08/01@15:45:36,5637,0.03
2026/08/01@15:45:37,5638,0.0
2026/08/01@15:45:38,5639,0.10695652
2026/08/01@15:45:39,5640,0.2578261
2026/08/01@15:45:40,5641,0.29347824
2026/08/01@15:45:41,5642,0.3195652
2026/08/01@15:45:42,5643,0.23826086
2026/08/01@15:45:43,5644,0.30043476
2026/08/01@15:45:44,5645,0.36391304
2026/08/01@15:45:45,5646,0.34391304
2026/08/01@15:45:47,5648,0.373478268
2026/08/01@15:45:48,5649,0.373478268
2026/08/01@15:45:49,5650,0.38260868
2026/08/01@15:45:50,5651,0.39391304
2026/08/01@15:45:51,5652,0.373478268
2026/08/01@15:45:52,5653,0.398260868
2026/08/01@15:45:53,5654,0.4152174
2026/08/01@15:45:54,5655,0.41347826
2026/08/01@15:45:55,5656,0.4230435
2026/08/01@15:45:56,5657,0.4073913
2026/08/01@15:45:57,5658,0.41652172
2026/08/01@15:45:58,5659,0.424347816
2026/08/01@15:46:00,5661,0.4178261
2026/08/01@15:46:01,5662,0.48130436
2026/08/01@15:46:02,5663,0.388695636
2026/08/01@15:46:03,5664,0.4152174
2026/08/01@15:46:04,5665,0.424347816
2026/08/01@15:46:05,5666,0.35
2026/08/01@15:46:06,5667,0.39565218
2026/08/01@15:46:07,5668,0.33086956
2026/08/01@15:46:08,5669,0.2804348
2026/08/01@15:46:09,5670,0.15
2026/08/01@15:46:10,5671,0.041304348
2026/08/01@15:46:11,5672,0.08434783
2026/08/01@15:46:13,5674,0.0
2026/08/01@15:46:14,5675,0.175217392
2026/08/01@15:46:15,5676,0.29565218
2026/08/01@15:46:16,5677,0.32173914
2026/08/01@15:46:17,5678,0.3773913
2026/08/01@15:46:18,5679,0.30652174
2026/08/01@15:46:19,5680,0.227826092
2026/08/01@15:46:20,5681,0.25347826
2026/08/01@15:46:21,5682,0.2504348
2026/08/01@15:46:22,5683,0.27
2026/08/01@15:46:23,5684,0.3026087
2026/08/01@15:46:24,5685,0.200434784
2026/08/01@15:46:26,5687,0.12043478
2026/08/01@15:46:27,5688,0.12391304
2026/08/01@15:46:28,5689,0.13478261
2026/08/01@15:46:29,5690,0.107391304
2026/08/01@15:46:30,5691,0.08956522
2026/08/01@15:46:31,5692,0.232608684
2026/08/01@15:46:32,5693,0.22043478
2026/08/01@15:46:33,5694,0.2926087
2026/08/01@15:46:34,5695,0.33347828
2026/08/01@15:46:35,5696,0.30130434
2026/08/01@15:46:36,5697,0.4073913
2026/08/01@15:46:37,5698,0.43347828
2026/08/01@15:46:39,5700,0.46913044
2026/08/01@15:46:40,5701,0.38782608
2026/08/01@15:46:41,5702,0.41
2026/08/01@15:46:42,5703,0.5052174
2026/08/01@15:46:43,5704,0.39652176
2026/08/01@15:46:44,5705,0.36695652
2026/08/01@15:46:45,5706,0.41347826
2026/08/01@15:46:46,5707,0.35913044
2026/08/01@15:46:47,5708,0.31565216
2026/08/01@15:46:48,5709,0.31478262
2026/08/01@15:46:49,5710,0.34173912
2026/08/01@15:46:50,5711,0.23652174
2026/08/01@15:46:52,5713,0.2878261
2026/08/01@15:46:53,5714,0.29608696
2026/08/01@15:46:54,5715,0.2826087
2026/08/01@15:46:55,5716,0.34608696
2026/08/01@15:46:56,5717,0.3347826
2026/08/01@15:46:57,5718,0.429565216
2026/08/01@15:46:58,5719,0.35347824
2026/08/01@15:46:59,5720,0.26217392
2026/08/01@15:47:00,5721,0.48826088
2026/08/01@15:47:01,5722,0.41652172
2026/08/01@15:47:02,5723,0.455652184
2026/08/01@15:47:03,5724,0.45217392
2026/08/01@15:47:05,5726,0.398260868
2026/08/01@15:47:06,5727,0.3573913
2026/08/01@15:47:07,5728,0.33130434
2026/08/01@15:47:08,5729,0.23652174
2026/08/01@15:47:09,5730,0.370869568
2026/08/01@15:47:10,5731,0.26173912
2026/08/01@15:47:11,5732,0.2747826
2026/08/01@15:47:12,5733,0.07608695
2026/08/01@15:47:13,5734,0.190869568
2026/08/01@15:47:14,5735,0.109130432
2026/08/01@15:47:15,5736,0.12782608
2026/08/01@15:47:16,5737,0.12739131
2026/08/01@15:47:18,5739,0.26130436
2026/08/01@15:47:19,5740,0.34304348
2026/08/01@15:47:20,5741,0.22608696
2026/08/01@15:47:21,5742,0.24956522
2026/08/01@15:47:22,5743,0.3852174
2026/08/01@15:47:23,5744,0.4026087
2026/08/01@15:47:24,5745,0.42130436
2026/08/01@15:47:25,5746,0.4
2026/08/01@15:47:26,5747,0.37695652
2026/08/01@15:47:27,5748,0.54347824
2026/08/01@15:47:28,5749,0.399565216
2026/08/01@15:47:29,5750,0.4673913
2026/08/01@15:47:31,5751,0.3726087
2026/08/01@15:47:32,5753,0.069565216
2026/08/01@15:47:33,5754,0.23565218
2026/08/01@15:47:34,5755,0.110434784
2026/08/01@15:47:35,5756,0.13652174
2026/08/01@15:47:36,5757,0.1173913
2026/08/01@15:47:37,5758,0.4026087
2026/08/01@15:47:38,5759,0.2552174
2026/08/01@15:47:39,5760,0.29173914
2026/08/01@15:47:40,5761,0.358695636
2026/08/01@15:47:41,5762,0.3721739
2026/08/01@15:47:42,5763,0.39086956
2026/08/01@15:47:44,5764,0.39391304
2026/08/01@15:47:45,5766,0.4678261
2026/08/01@15:47:46,5767,0.46913044
2026/08/01@15:47:47,5768,0.458260868
2026/08/01@15:47:48,5769,0.4621739
2026/08/01@15:47:49,5770,0.31478262
2026/08/01@15:47:50,5771,0.46695652
2026/08/01@15:47:51,5772,0.46347828
2026/08/01@15:47:52,5773,0.3330435
2026/08/01@15:47:53,5774,0.3778261
2026/08/01@15:47:54,5775,0.4421739
2026/08/01@15:47:55,5776,0.37608696
2026/08/01@15:47:57,5777,0.33173912
2026/08/01@15:47:58,5779,0.28391304
2026/08/01@15:47:59,5780,0.227826092
2026/08/01@15:48:00,5781,0.22826088
2026/08/01@15:48:01,5782,0.2073913
2026/08/01@15:48:02,5783,0.06478261
2026/08/01@15:48:03,5784,0.09391304
2026/08/01@15:48:04,5785,0.0
2026/08/01@15:48:05,5786,0.20434782
2026/08/01@15:48:06,5787,0.2552174
2026/08/01@15:48:07,5788,0.4078261
2026/08/01@15:48:08,5789,0.3173913
2026/08/01@15:48:09,5790,0.34826088
2026/08/01@15:48:11,5792,0.370869568
2026/08/01@15:48:12,5793,0.39565218
2026/08/01@15:48:13,5794,0.4169565
2026/08/01@15:48:14,5795,0.4247826
2026/08/01@15:48:15,5796,0.470434784
2026/08/01@15:48:16,5797,0.46869564
2026/08/01@15:48:17,5798,0.39608696
2026/08/01@15:48:18,5799,0.379130432
2026/08/01@15:48:19,5800,0.4573913
2026/08/01@15:48:20,5801,0.3047826
2026/08/01@15:48:21,5802,0.0626087
2026/08/01@15:48:22,5803,0.28086956
2026/08/01@15:48:24,5805,0.10347826
2026/08/01@15:48:25,5806,0.0269565216
2026/08/01@15:48:26,5807,0.18391304
2026/08/01@15:48:27,5808,0.0
2026/08/01@15:48:28,5809,0.069565216
2026/08/01@15:48:29,5810,0.15913044
2026/08/01@15:48:30,5811,0.168260868
2026/08/01@15:48:31,5812,0.345217368
2026/08/01@15:48:32,5813,0.22391304
2026/08/01@15:48:33,5814,0.17565218
2026/08/01@15:48:34,5815,0.36173912
2026/08/01@15:48:35,5816,0.21086956
2026/08/01@15:48:37,5818,0.23826086
2026/08/01@15:48:38,5819,0.30652174
2026/08/01@15:48:39,5820,0.26217392
2026/08/01@15:48:40,5821,0.29434782
2026/08/01@15:48:41,5822,0.23652174
2026/08/01@15:48:42,5823,0.3626087
2026/08/01@15:48:43,5824,0.41304348
2026/08/01@15:48:44,5825,0.4026087
2026/08/01@15:48:45,5826,0.38956524
2026/08/01@15:48:46,5827,0.46173912
2026/08/01@15:48:47,5828,0.44826088
2026/08/01@15:48:48,5829,0.5382609
2026/08/01@15:48:50,5831,0.428260868
2026/08/01@15:48:51,5832,0.25478262
2026/08/01@15:48:52,5833,0.29043478
2026/08/01@15:48:53,5834,0.38782608
2026/08/01@15:48:54,5835,0.40434784
2026/08/01@15:48:55,5836,0.3552174
2026/08/01@15:48:56,5837,0.37695652
2026/08/01@15:48:57,5838,0.32347824
2026/08/01@15:48:58,5839,0.27913044
2026/08/01@15:48:59,5840,0.27869564
2026/08/01@15:49:00,5841,0.36739132
2026/08/01@15:49:01,5842,0.30913044
2026/08/01@15:49:03,5844,0.10347826
2026/08/01@15:49:04,5845,0.29217392
2026/08/01@15:49:05,5846,0.057391304
2026/08/01@15:49:06,5847,0.29608696
2026/08/01@15:49:07,5848,0.24956522
2026/08/01@15:49:08,5849,0.028695652
2026/08/01@15:49:09,5850,0.029130434
2026/08/01@15:49:10,5851,0.20347826
2026/08/01@15:49:11,5852,0.3126087
2026/08/01@15:49:12,5853,0.22391304
2026/08/01@15:49:13,5854,0.21043478
2026/08/01@15:49:14,5855,0.23956522
2026/08/01@15:49:16,5857,0.211304352
2026/08/01@15:49:17,5858,0.19695652
2026/08/01@15:49:18,5859,0.07608695
2026/08/01@15:49:19,5860,0.003478261
2026/08/01@15:49:20,5861,0.0360869568
2026/08/01@15:49:21,5862,0.1173913
2026/08/01@15:49:22,5863,0.14565218
2026/08/01@15:49:23,5864,0.0
2026/08/01@15:49:24,5865,0.19217392
2026/08/01@15:49:25,5866,0.3104348
2026/08/01@15:49:26,5867,0.19652174
2026/08/01@15:49:27,5868,0.17217392
2026/08/01@15:49:29,5870,0.2821739
2026/08/01@15:49:30,5871,0.36869564
2026/08/01@15:49:31,5872,0.24130436
2026/08/01@15:49:32,5873,0.24304348
2026/08/01@15:49:33,5874,0.37695652
2026/08/01@15:49:34,5875,0.34869568
2026/08/01@15:49:35,5876,0.3947826
2026/08/01@15:49:36,5877,0.3721739
2026/08/01@15:49:37,5878,0.411739136
2026/08/01@15:49:38,5879,0.4226087
2026/08/01@15:49:39,5880,0.4573913
2026/08/01@15:49:40,5881,0.39782608
2026/08/01@15:49:42,5883,0.4830435
2026/08/01@15:49:43,5884,0.42086956
2026/08/01@15:49:44,5885,0.41434784
2026/08/01@15:49:45,5886,0.45043476
2026/08/01@15:49:46,5887,0.38347824
2026/08/01@15:49:47,5888,0.46173912
2026/08/01@15:49:48,5889,0.523913
2026/08/01@15:49:49,5890,0.435217368
2026/08/01@15:49:50,5891,0.404782632
2026/08/01@15:49:51,5892,0.36695652
2026/08/01@15:49:52,5893,0.3652174
2026/08/01@15:49:53,5894,0.3873913
2026/08/01@15:49:55,5896,0.344782632
2026/08/01@15:49:56,5897,0.38260868
2026/08/01@15:49:57,5898,0.41086956
2026/08/01@15:49:58,5899,0.3852174
2026/08/01@15:49:59,5900,0.34869568
2026/08/01@15:50:00,5901,0.346521732
2026/08/01@15:50:01,5902,0.36739132
2026/08/01@15:50:02,5903,0.4247826
2026/08/01@15:50:03,5904,0.3973913
2026/08/01@15:50:04,5905,0.38608696
2026/08/01@15:50:05,5906,0.345217368
2026/08/01@15:50:06,5907,0.24173912
2026/08/01@15:50:08,5909,0.2704348
2026/08/01@15:50:09,5910,0.39086956
2026/08/01@15:50:10,5911,0.3873913
2026/08/01@15:50:11,5912,0.400869568
2026/08/01@15:50:12,5913,0.35652172
2026/08/01@15:50:13,5914,0.25304348
2026/08/01@15:50:14,5915,0.46391304
2026/08/01@15:50:15,5916,0.54608696
2026/08/01@15:50:16,5917,0.48391304
2026/08/01@15:50:17,5918,0.41434784
2026/08/01@15:50:18,5919,0.5408696
2026/08/01@15:50:19,5920,0.44
2026/08/01@15:50:20,5921,0.46086956
2026/08/01@15:50:22,5923,0.404782632
2026/08/01@15:50:23,5924,0.41956524
2026/08/01@15:50:24,5925,0.42782608
2026/08/01@15:50:25,5926,0.42782608
2026/08/01@15:50:26,5927,0.424347816
2026/08/01@15:50:27,5928,0.44913044
2026/08/01@15:50:28,5929,0.454347816
2026/08/01@15:50:29,5930,0.45913044
2026/08/01@15:50:30,5931,0.43347828
2026/08/01@15:50:31,5932,0.4152174
2026/08/01@15:50:32,5933,0.3852174
2026/08/01@15:50:33,5934,0.37869568
2026/08/01@15:50:35,5936,0.3778261
2026/08/01@15:50:36,5937,0.43173912
2026/08/01@15:50:37,5938,0.34304348
2026/08/01@15:50:38,5939,0.38130436
2026/08/01@15:50:39,5940,0.39652176
2026/08/01@15:50:40,5941,0.424347816
2026/08/01@15:50:41,5942,0.39608696
2026/08/01@15:50:42,5943,0.38086956
2026/08/01@15:50:43,5944,0.37608696
2026/08/01@15:50:44,5945,0.37173912
2026/08/01@15:50:45,5946,0.4026087
2026/08/01@15:50:46,5947,0.489565216
2026/08/01@15:50:48,5949,0.4778261
2026/08/01@15:50:49,5950,0.424347816
2026/08/01@15:50:50,5951,0.418695636
2026/08/01@15:50:51,5952,0.44391304
2026/08/01@15:50:52,5953,0.48652176
2026/08/01@15:50:53,5954,0.47086956
2026/08/01@15:50:54,5955,0.4678261
2026/08/01@15:50:55,5956,0.4252174
2026/08/01@15:50:56,5957,0.45913044
2026/08/01@15:50:57,5958,0.4147826
2026/08/01@15:50:58,5959,0.50173916
2026/08/01@15:50:59,5960,0.4421739
2026/08/01@15:51:01,5962,0.5104348
2026/08/01@15:51:02,5963,0.52652176
2026/08/01@15:51:03,5964,0.40608696
2026/08/01@15:51:04,5965,0.48782608
2026/08/01@15:51:05,5966,0.44347826
2026/08/01@15:51:06,5967,0.41
2026/08/01@15:51:07,5968,0.41652172
2026/08/01@15:51:08,5969,0.31304348
2026/08/01@15:51:09,5970,0.26173912
2026/08/01@15:51:10,5971,0.379130432
2026/08/01@15:51:11,5972,0.44695652
2026/08/01@15:51:12,5973,0.40304348
2026/08/01@15:51:14,5975,0.3704348
2026/08/01@15:51:15,5976,0.336521736
2026/08/01@15:51:16,5977,0.32304348
2026/08/01@15:51:17,5978,0.030434782
2026/08/01@15:51:18,5979,0.3104348
2026/08/01@15:51:19,5980,0.21869566
2026/08/01@15:51:20,5981,0.14304348
2026/08/01@15:51:21,5982,0.043913044
2026/08/01@15:51:22,5983,0.08
2026/08/01@15:51:23,5984,0.11086956
2026/08/01@15:51:24,5985,0.31130436
2026/08/01@15:51:25,5986,0.2578261
2026/08/01@15:51:27,5988,0.22826088
2026/08/01@15:51:28,5989,0.34695652
2026/08/01@15:51:29,5990,0.19173912
2026/08/01@15:51:30,5991,0.32304348
2026/08/01@15:51:31,5992,0.4073913
2026/08/01@15:51:32,5993,0.38608696
2026/08/01@15:51:33,5994,0.3869565
2026/08/01@15:51:34,5995,0.465217368
2026/08/01@15:51:35,5996,0.42086956
2026/08/01@15:51:36,5997,0.4347826
2026/08/01@15:51:37,5998,0.42130436
2026/08/01@15:51:38,5999,0.4926087
2026/08/01@15:51:40,6001,0.43304348
2026/08/01@15:51:41,6002,0.38782608
2026/08/01@15:51:42,6003,0.42130436
2026/08/01@15:51:43,6004,0.36086956
2026/08/01@15:51:44,6005,0.3478261
2026/08/01@15:51:45,6006,0.31608696
2026/08/01@15:51:46,6007,0.3021739
2026/08/01@15:51:47,6008,0.29869564
2026/08/01@15:51:48,6009,0.04956522
2026/08/01@15:51:49,6010,0.25434784
2026/08/01@15:51:50,6011,0.220869568
2026/08/01@15:51:51,6012,0.3778261
2026/08/01@15:51:53,6014,0.15652174
2026/08/01@15:51:54,6015,0.02826087
2026/08/01@15:51:55,6016,0.170434784
2026/08/01@15:51:56,6017,0.12173913
2026/08/01@15:51:57,6018,0.30608696
2026/08/01@15:51:58,6019,0.36173912
2026/08/01@15:51:59,6020,0.38086956
2026/08/01@15:52:00,6021,0.24652174
2026/08/01@15:52:01,6022,0.3421739
2026/08/01@15:52:02,6023,0.30608696
2026/08/01@15:52:03,6024,0.36043476
2026/08/01@15:52:04,6025,0.41304348
2026/08/01@15:52:06,6027,0.38608696
2026/08/01@15:52:07,6028,0.41260868
2026/08/01@15:52:08,6029,0.42
2026/08/01@15:52:09,6030,0.47304348
2026/08/01@15:52:10,6031,0.48086956
2026/08/01@15:52:11,6032,0.46565216
2026/08/01@15:52:12,6033,0.4252174
2026/08/01@15:52:13,6034,0.43565216
2026/08/01@15:52:14,6035,0.3947826
2026/08/01@15:52:15,6036,0.4395652
2026/08/01@15:52:16,6037,0.5347826
2026/08/01@15:52:17,6038,0.3726087
2026/08/01@15:52:19,6040,0.42782608
2026/08/01@15:52:20,6041,0.31608696
2026/08/01@15:52:21,6042,0.2721739
2026/08/01@15:52:22,6043,0.3721739
2026/08/01@15:52:23,6044,0.49434784
2026/08/01@15:52:24,6045,0.37
2026/08/01@15:52:25,6046,0.31608696
2026/08/01@15:52:26,6047,0.3252174
2026/08/01@15:52:27,6048,0.31304348
2026/08/01@15:52:28,6049,0.28608696
2026/08/01@15:52:29,6050,0.2878261
2026/08/01@15:52:30,6051,0.29347824
2026/08/01@15:52:32,6053,0.32434782
2026/08/01@15:52:33,6054,0.31434784
2026/08/01@15:52:34,6055,0.336521736
2026/08/01@15:52:35,6056,0.3778261
2026/08/01@15:52:36,6057,0.3873913
2026/08/01@15:52:37,6058,0.3569565
2026/08/01@15:52:38,6059,0.33695652
2026/08/01@15:52:39,6060,0.02826087
2026/08/01@15:52:40,6061,0.26652176
2026/08/01@15:52:41,6062,0.3252174
2026/08/01@15:52:42,6063,0.32826088
2026/08/01@15:52:43,6064,0.023913042
2026/08/01@15:52:45,6066,0.27521738
2026/08/01@15:52:46,6067,0.3195652
2026/08/01@15:52:47,6068,0.22565218
2026/08/01@15:52:48,6069,0.28173912
2026/08/01@15:52:49,6070,0.28347826
2026/08/01@15:52:50,6071,0.29347824
2026/08/01@15:52:51,6072,0.345217368
2026/08/01@15:52:52,6073,0.398260868
2026/08/01@15:52:53,6074,0.36869564
2026/08/01@15:52:54,6075,0.380434784
2026/08/01@15:52:55,6076,0.5556522
2026/08/01@15:52:56,6077,0.41826088
2026/08/01@15:52:58,6079,0.409130432
2026/08/01@15:52:59,6080,0.4373913
2026/08/01@15:53:00,6081,0.4304348
2026/08/01@15:53:01,6082,0.4673913
2026/08/01@15:53:02,6083,0.44
2026/08/01@15:53:03,6084,0.38956524
2026/08/01@15:53:04,6085,0.39782608
2026/08/01@15:53:05,6086,0.4078261
2026/08/01@15:53:06,6087,0.429565216
2026/08/01@15:53:07,6088,0.4678261
2026/08/01@15:53:08,6089,0.4526087
2026/08/01@15:53:09,6090,0.43565216
2026/08/01@15:53:11,6092,0.3873913
2026/08/01@15:53:12,6093,0.37608696
2026/08/01@15:53:13,6094,0.31565216
2026/08/01@15:53:14,6095,0.38260868
2026/08/01@15:53:15,6096,0.3347826
2026/08/01@15:53:16,6097,0.0
2026/08/01@15:53:17,6098,0.20434782
2026/08/01@15:53:18,6099,0.0
2026/08/01@15:53:19,6100,0.17130434
2026/08/01@15:53:20,6101,0.18913044
2026/08/01@15:53:21,6102,0.195652176
2026/08/01@15:53:22,6103,0.32304348
2026/08/01@15:53:24,6104,0.346521732
2026/08/01@15:53:25,6106,0.38130436
2026/08/01@15:53:26,6107,0.3852174
2026/08/01@15:53:27,6108,0.37695652
2026/08/01@15:53:28,6109,0.36217392
2026/08/01@15:53:29,6110,0.40304348
2026/08/01@15:53:30,6111,0.339565216
2026/08/01@15:53:31,6112,0.23304348
2026/08/01@15:53:32,6113,0.2452174
2026/08/01@15:53:33,6114,0.21695652
2026/08/01@15:53:34,6115,0.035652176
2026/08/01@15:53:35,6116,0.024347826
2026/08/01@15:53:36,6117,0.07478261
2026/08/01@15:53:38,6119,0.12347826
2026/08/01@15:53:39,6120,0.17391304
2026/08/01@15:53:40,6121,0.20086956
2026/08/01@15:53:41,6122,0.21782608
2026/08/01@15:53:42,6123,0.25652172
2026/08/01@15:53:43,6124,0.2952174
2026/08/01@15:53:44,6125,0.19869564
2026/08/01@15:53:45,6126,0.25608696
2026/08/01@15:53:46,6127,0.27826086
2026/08/01@15:53:47,6128,0.32913044
2026/08/01@15:53:48,6129,0.38217392
2026/08/01@15:53:49,6130,0.38608696
2026/08/01@15:53:51,6132,0.43391304
2026/08/01@15:53:52,6133,0.42347828
2026/08/01@15:53:53,6134,0.3947826
2026/08/01@15:53:54,6135,0.4973913
2026/08/01@15:53:55,6136,0.41347826
2026/08/01@15:53:56,6137,0.47130436
2026/08/01@15:53:57,6138,0.379130432
2026/08/01@15:53:58,6139,0.3552174
2026/08/01@15:53:59,6140,0.36173912
2026/08/01@15:54:00,6141,0.41347826
2026/08/01@15:54:01,6142,0.350434784
2026/08/01@15:54:02,6143,0.13608696
2026/08/01@15:54:04,6145,0.24
2026/08/01@15:54:05,6146,0.18304348
2026/08/01@15:54:06,6147,0.0360869568
2026/08/01@15:54:07,6148,0.09304348
2026/08/01@15:54:08,6149,0.5495652
2026/08/01@15:54:09,6150,0.33782608
2026/08/01@15:54:10,6151,0.25826088
2026/08/01@15:54:11,6152,0.32173914
2026/08/01@15:54:12,6153,0.38956524
2026/08/01@15:54:13,6154,0.39086956
2026/08/01@15:54:14,6155,0.41434784
2026/08/01@15:54:15,6156,0.448695636
2026/08/01@15:54:17,6158,0.4421739
2026/08/01@15:54:18,6159,0.44130436
2026/08/01@15:54:19,6160,0.56130432
2026/08/01@15:54:20,6161,0.409130432
2026/08/01@15:54:21,6162,0.31565216
2026/08/01@15:54:22,6163,0.39652176
2026/08/01@15:54:23,6164,0.29173914
2026/08/01@15:54:24,6165,0.26652176
2026/08/01@15:54:25,6166,0.0360869568
2026/08/01@15:54:26,6167,0.0
2026/08/01@15:54:27,6168,0.22043478
2026/08/01@15:54:28,6169,0.24782608
2026/08/01@15:54:30,6171,0.29608696
2026/08/01@15:54:31,6172,0.4026087
2026/08/01@15:54:32,6173,0.39043476
2026/08/01@15:54:33,6174,0.43
2026/08/01@15:54:34,6175,0.46173912
2026/08/01@15:54:35,6176,0.358695636
2026/08/01@15:54:36,6177,0.34304348
2026/08/01@15:54:37,6178,0.34869568
2026/08/01@15:54:38,6179,0.023913042
2026/08/01@15:54:39,6180,0.110434784
2026/08/01@15:54:40,6181,0.07521739
2026/08/01@15:54:41,6182,0.170434784
2026/08/01@15:54:43,6184,0.3495652
2026/08/01@15:54:44,6185,0.23
2026/08/01@15:54:45,6186,0.32304348
2026/08/01@15:54:46,6187,0.28869566
2026/08/01@15:54:47,6188,0.24782608
2026/08/01@15:54:48,6189,0.27521738
2026/08/01@15:54:49,6190,0.24782608
2026/08/01@15:54:50,6191,0.38260868
2026/08/01@15:54:51,6192,0.39391304
2026/08/01@15:54:52,6193,0.3869565
2026/08/01@15:54:53,6194,0.3947826
2026/08/01@15:54:54,6195,0.4526087
2026/08/01@15:54:56,6197,0.4373913
2026/08/01@15:54:57,6198,0.48782608
2026/08/01@15:54:58,6199,0.44
2026/08/01@15:54:59,6200,0.45869564
2026/08/01@15:55:00,6201,0.2226087
2026/08/01@15:55:01,6202,0.36043476
2026/08/01@15:55:02,6203,0.29782608
2026/08/01@15:55:03,6204,0.023913042
2026/08/01@15:55:04,6205,0.23086956
2026/08/01@15:55:05,6206,0.066086952
2026/08/01@15:55:06,6207,0.0
2026/08/01@15:55:07,6208,0.17695652
2026/08/01@15:55:09,6210,0.22608696
2026/08/01@15:55:10,6211,0.236086936
2026/08/01@15:55:11,6212,0.29913044
2026/08/01@15:55:12,6213,0.3078261
2026/08/01@15:55:13,6214,0.4021739
2026/08/01@15:55:14,6215,0.38608696
2026/08/01@15:55:15,6216,0.43565216
2026/08/01@15:55:16,6217,0.4678261
2026/08/01@15:55:17,6218,0.429565216
2026/08/01@15:55:18,6219,0.42652176
2026/08/01@15:55:19,6220,0.4147826
2026/08/01@15:55:20,6221,0.533913
2026/08/01@15:55:22,6223,0.4
2026/08/01@15:55:23,6224,0.23304348
2026/08/01@15:55:24,6225,0.41086956
2026/08/01@15:55:25,6226,0.36695652
2026/08/01@15:55:26,6227,0.32826088
2026/08/01@15:55:27,6228,0.2973913
2026/08/01@15:55:28,6229,0.3252174
2026/08/01@15:55:29,6230,0.2426087
2026/08/01@15:55:30,6231,0.223043468
2026/08/01@15:55:31,6232,0.11913043
2026/08/01@15:55:32,6233,0.27913044
2026/08/01@15:55:33,6234,0.08826087
2026/08/01@15:55:35,6236,0.11347826
2026/08/01@15:55:36,6237,0.02826087
2026/08/01@15:55:37,6238,0.051304348
2026/08/01@15:55:38,6239,0.0
2026/08/01@15:55:39,6240,0.0360869568
2026/08/01@15:55:40,6241,0.027391306
2026/08/01@15:55:41,6242,0.0
2026/08/01@15:55:42,6243,0.033913044
2026/08/01@15:55:43,6244,0.2821739
2026/08/01@15:55:44,6245,0.2821739
2026/08/01@15:55:45,6246,0.32304348
2026/08/01@15:55:46,6247,0.27
2026/08/01@15:55:47,6248,0.31086956
2026/08/01@15:55:49,6250,0.30565216
2026/08/01@15:55:50,6251,0.36565216
2026/08/01@15:55:51,6252,0.3704348
2026/08/01@15:55:52,6253,0.418695636
2026/08/01@15:55:53,6254,0.41130436
2026/08/01@15:55:54,6255,0.455652184
2026/08/01@15:55:55,6256,0.4756522
2026/08/01@15:55:56,6257,0.411739136
2026/08/01@15:55:57,6258,0.41434784
2026/08/01@15:55:58,6259,0.4626087
2026/08/01@15:55:59,6260,0.4673913
2026/08/01@15:56:00,6261,0.4756522
2026/08/01@15:56:02,6263,0.4321739
2026/08/01@15:56:03,6264,0.41260868
2026/08/01@15:56:04,6265,0.39217392
2026/08/01@15:56:05,6266,0.40565216
2026/08/01@15:56:06,6267,0.388695636
2026/08/01@15:56:07,6268,0.411739136
2026/08/01@15:56:08,6269,0.38086956
2026/08/01@15:56:09,6270,0.385652184
2026/08/01@15:56:10,6271,0.3930435
2026/08/01@15:56:11,6272,0.42
2026/08/01@15:56:12,6273,0.4152174
2026/08/01@15:56:13,6274,0.4604348
2026/08/01@15:56:15,6276,0.4252174
2026/08/01@15:56:16,6277,0.47391304
2026/08/01@15:56:17,6278,0.4252174
2026/08/01@15:56:18,6279,0.4830435
2026/08/01@15:56:19,6280,0.49086956
2026/08/01@15:56:20,6281,0.44
2026/08/01@15:56:21,6282,0.4573913
2026/08/01@15:56:22,6283,0.45043476
2026/08/01@15:56:23,6284,0.5543478
2026/08/01@15:56:24,6285,0.5478261
2026/08/01@15:56:25,6286,0.46086956
2026/08/01@15:56:26,6287,0.45347824
2026/08/01@15:56:28,6289,0.58913048
2026/08/01@15:56:29,6290,0.36565216
2026/08/01@15:56:30,6291,0.30869564
2026/08/01@15:56:31,6292,0.32913044
2026/08/01@15:56:32,6293,0.39565218
2026/08/01@15:56:33,6294,0.4073913
2026/08/01@15:56:34,6295,0.38130436
2026/08/01@15:56:35,6296,0.32956524
2026/08/01@15:56:36,6297,0.3121739
2026/08/01@15:56:37,6298,0.3078261
2026/08/01@15:56:38,6299,0.30608696
2026/08/01@15:56:39,6300,0.3021739
2026/08/01@15:56:41,6302,0.30869564
2026/08/01@15:56:42,6303,0.29913044
2026/08/01@15:56:43,6304,0.28173912
2026/08/01@15:56:44,6305,0.35391304
2026/08/01@15:56:45,6306,0.418695636
2026/08/01@15:56:46,6307,0.36913044
2026/08/01@15:56:47,6308,0.39913044
2026/08/01@15:56:48,6309,0.36913044
2026/08/01@15:56:49,6310,0.399565216
2026/08/01@15:56:50,6311,0.37391304
2026/08/01@15:56:51,6312,0.42086956
2026/08/01@15:56:52,6313,0.41956524
2026/08/01@15:56:54,6315,0.3352174
2026/08/01@15:56:55,6316,0.38391304
2026/08/01@15:56:56,6317,0.440434784
2026/08/01@15:56:57,6318,0.4926087
2026/08/01@15:56:58,6319,0.44
2026/08/01@15:56:59,6320,0.43565216
2026/08/01@15:57:00,6321,0.43304348
2026/08/01@15:57:01,6322,0.41826088
2026/08/01@15:57:02,6323,0.48086956
2026/08/01@15:57:03,6324,0.4778261
2026/08/01@15:57:04,6325,0.4178261
2026/08/01@15:57:05,6326,0.46913044
2026/08/01@15:57:07,6328,0.398260868
2026/08/01@15:57:08,6329,0.4252174
2026/08/01@15:57:09,6330,0.48826088
2026/08/01@15:57:10,6331,0.43565216
2026/08/01@15:57:11,6332,0.409130432
2026/08/01@15:57:12,6333,0.4147826
2026/08/01@15:57:13,6334,0.4304348
2026/08/01@15:57:14,6335,0.43
2026/08/01@15:57:15,6336,0.46
2026/08/01@15:57:16,6337,0.41086956
2026/08/01@15:57:17,6338,0.43826088
2026/08/01@15:57:18,6339,0.42608696
2026/08/01@15:57:20,6340,0.4773913
2026/08/01@15:57:21,6342,0.47130436
2026/08/01@15:57:22,6343,0.45913044
2026/08/01@15:57:23,6344,0.4095652
2026/08/01@15:57:24,6345,0.40391304
2026/08/01@15:57:25,6346,0.4073913
2026/08/01@15:57:26,6347,0.400869568
2026/08/01@15:57:27,6348,0.38086956
2026/08/01@15:57:28,6349,0.379130432
2026/08/01@15:57:29,6350,0.22652174
2026/08/01@15:57:30,6351,0.35347824
2026/08/01@15:57:31,6352,0.36652176
2026/08/01@15:57:32,6353,0.36086956
2026/08/01@15:57:34,6355,0.2926087
2026/08/01@15:57:35,6356,0.27565216
2026/08/01@15:57:36,6357,0.3495652
2026/08/01@15:57:37,6358,0.29086956
2026/08/01@15:57:38,6359,0.33782608
2026/08/01@15:57:39,6360,0.26391304
2026/08/01@15:57:40,6361,0.27695652
2026/08/01@15:57:41,6362,0.3047826
2026/08/01@15:57:42,6363,0.40565216
2026/08/01@15:57:43,6364,0.4021739
2026/08/01@15:57:44,6365,0.379130432
2026/08/01@15:57:45,6366,0.43304348
2026/08/01@15:57:47,6368,0.42869564
2026/08/01@15:57:48,6369,0.5204348
2026/08/01@15:57:49,6370,0.44652172
2026/08/01@15:57:50,6371,0.41086956
2026/08/01@15:57:51,6372,0.45086956
2026/08/01@15:57:52,6373,0.49565216
2026/08/01@15:57:53,6374,0.35347824
2026/08/01@15:57:54,6375,0.36565216
2026/08/01@15:57:55,6376,0.34695652
2026/08/01@15:57:56,6377,0.33608696
2026/08/01@15:57:57,6378,0.34130436
2026/08/01@15:57:58,6379,0.22608696
2026/08/01@15:58:00,6381,0.24869566
2026/08/01@15:58:01,6382,0.2973913
2026/08/01@15:58:02,6383,0.373478268
2026/08/01@15:58:03,6384,0.42086956
2026/08/01@15:58:04,6385,0.45391304
2026/08/01@15:58:05,6386,0.39608696
2026/08/01@15:58:06,6387,0.26391304
2026/08/01@15:58:07,6388,0.26347824
2026/08/01@15:58:08,6389,0.39782608
2026/08/01@15:58:09,6390,0.428260868
2026/08/01@15:58:10,6391,0.46565216
2026/08/01@15:58:11,6392,0.3495652
2026/08/01@15:58:13,6394,0.33173912
2026/08/01@15:58:14,6395,0.33086956
2026/08/01@15:58:15,6396,0.3926087
2026/08/01@15:58:16,6397,0.41652172
2026/08/01@15:58:17,6398,0.391304352
2026/08/01@15:58:18,6399,0.39043476
2026/08/01@15:58:19,6400,0.39608696
2026/08/01@15:58:20,6401,0.398260868
2026/08/01@15:58:21,6402,0.3652174
2026/08/01@15:58:22,6403,0.45173912
2026/08/01@15:58:23,6404,0.5586957
2026/08/01@15:58:24,6405,0.398260868
2026/08/01@15:58:26,6407,0.43391304
2026/08/01@15:58:27,6408,0.4826087
2026/08/01@15:58:28,6409,0.51652176
2026/08/01@15:58:29,6410,0.45173912
2026/08/01@15:58:30,6411,0.45043476
2026/08/01@15:58:31,6412,0.38956524
2026/08/01@15:58:32,6413,0.416086936
2026/08/01@15:58:33,6414,0.3973913
2026/08/01@15:58:34,6415,0.3778261
2026/08/01@15:58:35,6416,0.32782608
2026/08/01@15:58:36,6417,0.358695636
2026/08/01@15:58:37,6418,0.29347824
2026/08/01@15:58:39,6420,0.41086956
2026/08/01@15:58:40,6421,0.36217392
2026/08/01@15:58:41,6422,0.36739132
2026/08/01@15:58:42,6423,0.43304348
2026/08/01@15:58:43,6424,0.4304348
2026/08/01@15:58:44,6425,0.39086956
2026/08/01@15:58:45,6426,0.38782608
2026/08/01@15:58:46,6427,0.448695636
2026/08/01@15:58:47,6428,0.355652184
2026/08/01@15:58:48,6429,0.244782608
2026/08/01@15:58:49,6430,0.36391304
2026/08/01@15:58:50,6431,0.30652174
2026/08/01@15:58:52,6433,0.3573913
2026/08/01@15:58:53,6434,0.32130436
2026/08/01@15:58:54,6435,0.0
2026/08/01@15:58:55,6436,0.0
2026/08/01@15:58:56,6437,0.04695652
2026/08/01@15:58:57,6438,0.053043476
2026/08/01@15:58:58,6439,0.23304348
2026/08/01@15:58:59,6440,0.236086936
2026/08/01@15:59:00,6441,0.55391308
2026/08/01@15:59:01,6442,0.24347826
2026/08/01@15:59:02,6443,0.32347824
2026/08/01@15:59:03,6444,0.24695652
2026/08/01@15:59:05,6446,0.26347824
2026/08/01@15:59:06,6447,0.32304348
2026/08/01@15:59:07,6448,0.32
2026/08/01@15:59:08,6449,0.375217368
2026/08/01@15:59:09,6450,0.31434784
2026/08/01@15:59:10,6451,0.41
2026/08/01@15:59:11,6452,0.44
2026/08/01@15:59:12,6453,0.41826088
2026/08/01@15:59:13,6454,0.3726087
2026/08/01@15:59:14,6455,0.368260868
2026/08/01@15:59:15,6456,0.429565216
2026/08/01@15:59:16,6457,0.404782632
2026/08/01@15:59:18,6459,0.394347816
2026/08/01@15:59:19,6460,0.435217368
2026/08/01@15:59:20,6461,0.43173912
2026/08/01@15:59:21,6462,0.5078261
2026/08/01@15:59:22,6463,0.46695652
2026/08/01@15:59:23,6464,0.44695652
2026/08/01@15:59:24,6465,0.45
2026/08/01@15:59:25,6466,0.42869564
2026/08/01@15:59:26,6467,0.5034783
2026/08/01@15:59:27,6468,0.48391304
2026/08/01@15:59:28,6469,0.47913044
2026/08/01@15:59:29,6470,0.435217368
2026/08/01@15:59:31,6472,0.465217368
2026/08/01@15:59:32,6473,0.474782632
2026/08/01@15:59:33,6474,0.476086936
2026/08/01@15:59:34,6475,0.45391304
2026/08/01@15:59:35,6476,0.45
2026/08/01@15:59:36,6477,0.39652176
2026/08/01@15:59:37,6478,0.351739136
2026/08/01@15:59:38,6479,0.41956524
2026/08/01@15:59:39,6480,0.5178261
2026/08/01@15:59:40,6481,0.5678261
2026/08/01@15:59:41,6482,0.3626087
2026/08/01@15:59:42,6483,0.37391304
2026/08/01@15:59:44,6485,0.375217368
2026/08/01@15:59:45,6486,0.4252174
2026/08/01@15:59:46,6487,0.41956524
2026/08/01@15:59:47,6488,0.26347824
2026/08/01@15:59:48,6489,0.28434784
2026/08/01@15:59:49,6490,0.28173912
2026/08/01@15:59:50,6491,0.3721739
2026/08/01@15:59:51,6492,0.380434784
2026/08/01@15:59:52,6493,0.380434784
2026/08/01@15:59:53,6494,0.385652184
2026/08/01@15:59:54,6495,0.368260868
2026/08/01@15:59:55,6496,0.4152174
2026/08/01@15:59:57,6497,0.38956524
2026/08/01@15:59:58,6499,0.3626087
2026/08/01@15:59:59,6500,0.28913044
2026/08/01@16:00:00,6501,0.12913044
2026/08/01@16:00:01,6502,0.24956522
2026/08/01@16:00:02,6503,0.29173914
2026/08/01@16:00:03,6504,0.1747826
2026/08/01@16:00:04,6505,0.19826088
2026/08/01@16:00:05,6506,0.227826092
2026/08/01@16:00:06,6507,0.023913042
2026/08/01@16:00:07,6508,0.11434782
2026/08/01@16:00:08,6509,0.02826087
2026/08/01@16:00:10,6510,0.027391306
2026/08/01@16:00:11,6512,0.14565218
2026/08/01@16:00:12,6513,0.38913044
2026/08/01@16:00:13,6514,0.15652174
2026/08/01@16:00:14,6515,0.4947826
2026/08/01@16:00:15,6516,0.370869568
2026/08/01@16:00:16,6517,0.24869566
2026/08/01@16:00:17,6518,0.26391304
2026/08/01@16:00:18,6519,0.4078261
2026/08/01@16:00:19,6520,0.31130436
2026/08/01@16:00:20,6521,0.32173914
2026/08/01@16:00:21,6522,0.22565218
2026/08/01@16:00:23,6523,0.31826088
2026/08/01@16:00:24,6525,0.32608696
2026/08/01@16:00:25,6526,0.27173912
2026/08/01@16:00:26,6527,0.29434782
2026/08/01@16:00:27,6528,0.3173913
2026/08/01@16:00:28,6529,0.3852174
2026/08/01@16:00:29,6530,0.4026087
2026/08/01@16:00:30,6531,0.411739136
2026/08/01@16:00:31,6532,0.39217392
2026/08/01@16:00:32,6533,0.416086936
2026/08/01@16:00:33,6534,0.43695652
2026/08/01@16:00:34,6535,0.4452174
2026/08/01@16:00:36,6536,0.3973913
2026/08/01@16:00:37,6538,0.3869565
2026/08/01@16:00:38,6539,0.38347824
2026/08/01@16:00:39,6540,0.42173912
2026/08/01@16:00:40,6541,0.46608696
2026/08/01@16:00:41,6542,0.46565216
2026/08/01@16:00:42,6543,0.42086956
2026/08/01@16:00:43,6544,0.3852174
2026/08/01@16:00:44,6545,0.4095652
2026/08/01@16:00:45,6546,0.43347828
2026/08/01@16:00:46,6547,0.47130436
2026/08/01@16:00:47,6548,0.44130436
2026/08/01@16:00:48,6549,0.458260868
2026/08/01@16:00:50,6551,0.346521732
2026/08/01@16:00:51,6552,0.440434784
2026/08/01@16:00:52,6553,0.46869564
2026/08/01@16:00:53,6554,0.4947826
2026/08/01@16:00:54,6555,0.4978261
2026/08/01@16:00:55,6556,0.47913044
2026/08/01@16:00:56,6557,0.4073913
2026/08/01@16:00:57,6558,0.37695652
2026/08/01@16:00:58,6559,0.485652184
2026/08/01@16:00:59,6560,0.50826084
2026/08/01@16:01:00,6561,0.56608692
2026/08/01@16:01:01,6562,0.45
2026/08/01@16:01:03,6564,0.416086936
2026/08/01@16:01:04,6565,0.41434784
2026/08/01@16:01:05,6566,0.35652172
2026/08/01@16:01:06,6567,0.40391304
2026/08/01@16:01:07,6568,0.48130436
2026/08/01@16:01:08,6569,0.37391304
2026/08/01@16:01:09,6570,0.32826088
2026/08/01@16:01:10,6571,0.16956522
2026/08/01@16:01:11,6572,0.055652176
2026/08/01@16:01:12,6573,0.2878261
2026/08/01@16:01:13,6574,0.022173914
2026/08/01@16:01:14,6575,0.2630435
2026/08/01@16:01:16,6577,0.21565217
2026/08/01@16:01:17,6578,0.19869564
2026/08/01@16:01:18,6579,0.051304348
2026/08/01@16:01:19,6580,0.22478262
2026/08/01@16:01:20,6581,0.31130436
2026/08/01@16:01:21,6582,0.2926087
2026/08/01@16:01:22,6583,0.23565218
2026/08/01@16:01:23,6584,0.030869566
2026/08/01@16:01:24,6585,0.3026087
2026/08/01@16:01:25,6586,0.375217368
2026/08/01@16:01:26,6587,0.3043478
2026/08/01@16:01:27,6588,0.25173914
2026/08/01@16:01:29,6590,0.18391304
2026/08/01@16:01:30,6591,0.11956522
2026/08/01@16:01:31,6592,0.18869566
2026/08/01@16:01:32,6593,0.041304348
2026/08/01@16:01:33,6594,0.0626087
2026/08/01@16:01:34,6595,0.0134782608
2026/08/01@16:01:35,6596,0.24
2026/08/01@16:01:36,6597,0.4526087
2026/08/01@16:01:37,6598,0.31391304
2026/08/01@16:01:38,6599,0.3495652
2026/08/01@16:01:39,6600,0.35652172
2026/08/01@16:01:40,6601,0.26391304
2026/08/01@16:01:42,6603,0.3047826
2026/08/01@16:01:43,6604,0.27
2026/08/01@16:01:44,6605,0.3626087
2026/08/01@16:01:45,6606,0.41086956
2026/08/01@16:01:46,6607,0.37608696
2026/08/01@16:01:47,6608,0.39782608
2026/08/01@16:01:48,6609,0.39565218
2026/08/01@16:01:49,6610,0.4226087
2026/08/01@16:01:50,6611,0.49304348
2026/08/01@16:01:51,6612,0.49
2026/08/01@16:01:52,6613,0.3947826
2026/08/01@16:01:53,6614,0.44347826
2026/08/01@16:01:55,6616,0.5352174
2026/08/01@16:01:56,6617,0.4395652
2026/08/01@16:01:57,6618,0.5630435
2026/08/01@16:01:58,6619,0.41
2026/08/01@16:01:59,6620,0.28173912
2026/08/01@16:02:00,6621,0.34695652
2026/08/01@16:02:01,6622,0.404782632
2026/08/01@16:02:02,6623,0.4695652
2026/08/01@16:02:03,6624,0.394347816
2026/08/01@16:02:04,6625,0.36391304
2026/08/01@16:02:05,6626,0.32434782
2026/08/01@16:02:06,6627,0.31391304
2026/08/01@16:02:08,6629,0.30652174
2026/08/01@16:02:09,6630,0.33695652
2026/08/01@16:02:10,6631,0.025217392
2026/08/01@16:02:11,6632,0.17695652
2026/08/01@16:02:12,6633,0.3043478
2026/08/01@16:02:13,6634,0.29217392
2026/08/01@16:02:14,6635,0.30086956
2026/08/01@16:02:15,6636,0.02347826
2026/08/01@16:02:16,6637,0.2578261
2026/08/01@16:02:17,6638,0.237391316
2026/08/01@16:02:18,6639,0.2173913
2026/08/01@16:02:19,6640,0.22130434
2026/08/01@16:02:21,6642,0.25173914
2026/08/01@16:02:22,6643,0.0
2026/08/01@16:02:23,6644,0.398260868
2026/08/01@16:02:24,6645,0.0
2026/08/01@16:02:25,6646,0.19043478
2026/08/01@16:02:26,6647,0.16782608
2026/08/01@16:02:27,6648,0.28086956
2026/08/01@16:02:28,6649,0.2952174
2026/08/01@16:02:29,6650,0.2078261
2026/08/01@16:02:30,6651,0.2
2026/08/01@16:02:31,6652,0.23956522
2026/08/01@16:02:32,6653,0.25434784
2026/08/01@16:02:33,6654,0.27565216
2026/08/01@16:02:35,6656,0.25173914
2026/08/01@16:02:36,6657,0.1447826
2026/08/01@16:02:37,6658,0.09652174
2026/08/01@16:02:38,6659,0.27173912
2026/08/01@16:02:39,6660,0.26826088
2026/08/01@16:02:40,6661,0.28347826
2026/08/01@16:02:41,6662,0.248260868
2026/08/01@16:02:42,6663,0.17956522
2026/08/01@16:02:43,6664,0.30739132
2026/08/01@16:02:44,6665,0.3573913
2026/08/01@16:02:45,6666,0.37173912
2026/08/01@16:02:46,6667,0.3778261
2026/08/01@16:02:48,6669,0.41652172
2026/08/01@16:02:49,6670,0.4152174
2026/08/01@16:02:50,6671,0.40826088
2026/08/01@16:02:51,6672,0.27
2026/08/01@16:02:52,6673,0.2273913
2026/08/01@16:02:53,6674,0.21695652
2026/08/01@16:02:54,6675,0.400869568
2026/08/01@16:02:55,6676,0.4621739
2026/08/01@16:02:56,6677,0.49
2026/08/01@16:02:57,6678,0.47130436
2026/08/01@16:02:58,6679,0.3652174
2026/08/01@16:02:59,6680,0.3495652
2026/08/01@16:03:01,6682,0.39086956
2026/08/01@16:03:02,6683,0.3726087
2026/08/01@16:03:03,6684,0.212173908
2026/08/01@16:03:04,6685,0.30130434
2026/08/01@16:03:05,6686,0.406521736
2026/08/01@16:03:06,6687,0.4695652
2026/08/01@16:03:07,6688,0.46086956
2026/08/01@16:03:08,6689,0.5947826
2026/08/01@16:03:09,6690,0.45347824
2026/08/01@16:03:10,6691,0.5047826
2026/08/01@16:03:11,6692,0.5817391
2026/08/01@16:03:12,6693,0.6156522
2026/08/01@16:03:14,6695,0.4778261
2026/08/01@16:03:15,6696,0.5421739
2026/08/01@16:03:16,6697,0.4073913
2026/08/01@16:03:17,6698,0.40565216
2026/08/01@16:03:18,6699,0.52130436
2026/08/01@16:03:19,6700,0.4795652
2026/08/01@16:03:20,6701,0.4147826
2026/08/01@16:03:21,6702,0.43304348
2026/08/01@16:03:22,6703,0.358695636
2026/08/01@16:03:23,6704,0.36695652
2026/08/01@16:03:24,6705,0.45086956
2026/08/01@16:03:25,6706,0.5052174
2026/08/01@16:03:27,6708,0.4473913
2026/08/01@16:03:28,6709,0.358695636
2026/08/01@16:03:29,6710,0.36347828
2026/08/01@16:03:30,6711,0.5543478
2026/08/01@16:03:31,6712,0.5408696
2026/08/01@16:03:32,6713,0.3704348
2026/08/01@16:03:33,6714,0.29565218
2026/08/01@16:03:34,6715,0.2652174
2026/08/01@16:03:35,6716,0.25826088
2026/08/01@16:03:36,6717,0.35304348
2026/08/01@16:03:37,6718,0.36695652
2026/08/01@16:03:38,6719,0.43304348
2026/08/01@16:03:40,6721,0.22652174
2026/08/01@16:03:41,6722,0.248260868
2026/08/01@16:03:42,6723,0.4226087
2026/08/01@16:03:43,6724,0.4452174
2026/08/01@16:03:44,6725,0.49173912
2026/08/01@16:03:45,6726,0.4456522
2026/08/01@16:03:46,6727,0.37695652
2026/08/01@16:03:47,6728,0.4147826
2026/08/01@16:03:48,6729,0.48217392
2026/08/01@16:03:49,6730,0.55913044
2026/08/01@16:03:50,6731,0.41086956
2026/08/01@16:03:51,6732,0.2926087
2026/08/01@16:03:53,6734,0.39565218
2026/08/01@16:03:54,6735,0.39086956
2026/08/01@16:03:55,6736,0.5782609
2026/08/01@16:03:56,6737,0.5578261
2026/08/01@16:03:57,6738,0.5030435
2026/08/01@16:03:58,6739,0.46173912
2026/08/01@16:03:59,6740,0.5930435
2026/08/01@16:04:00,6741,0.33869564
2026/08/01@16:04:01,6742,0.429565216
2026/08/01@16:04:02,6743,0.478695636
2026/08/01@16:04:03,6744,0.54695652
2026/08/01@16:04:04,6745,0.5147826
2026/08/01@16:04:06,6746,0.4573913
2026/08/01@16:04:07,6748,0.41956524
2026/08/01@16:04:08,6749,0.42130436
2026/08/01@16:04:09,6750,0.49565216
2026/08/01@16:04:10,6751,0.4626087
2026/08/01@16:04:11,6752,0.5030435
2026/08/01@16:04:12,6753,0.4178261
2026/08/01@16:04:13,6754,0.388695636
2026/08/01@16:04:14,6755,0.3930435
2026/08/01@16:04:15,6756,0.43
2026/08/01@16:04:16,6757,0.42
2026/08/01@16:04:17,6758,0.3347826
2026/08/01@16:04:18,6759,0.338260868
2026/08/01@16:04:20,6761,0.32086956
2026/08/01@16:04:21,6762,0.32304348
2026/08/01@16:04:22,6763,0.2873913
2026/08/01@16:04:23,6764,0.29956524
2026/08/01@16:04:24,6765,0.32608696
2026/08/01@16:04:25,6766,0.29869564
2026/08/01@16:04:26,6767,0.30608696
2026/08/01@16:04:27,6768,0.26652176
2026/08/01@16:04:28,6769,0.24347826
2026/08/01@16:04:29,6770,0.34173912
2026/08/01@16:04:30,6771,0.26391304
2026/08/01@16:04:31,6772,0.26217392
2026/08/01@16:04:33,6774,0.28
2026/08/01@16:04:34,6775,0.26652176
2026/08/01@16:04:35,6776,0.2273913
2026/08/01@16:04:36,6777,0.29347824
2026/08/01@16:04:37,6778,0.2821739
2026/08/01@16:04:38,6779,0.32304348
2026/08/01@16:04:39,6780,0.3178261
2026/08/01@16:04:40,6781,0.4147826
2026/08/01@16:04:41,6782,0.454347816
2026/08/01@16:04:42,6783,0.3973913
2026/08/01@16:04:43,6784,0.3947826
2026/08/01@16:04:44,6785,0.3947826
2026/08/01@16:04:46,6787,0.41434784
2026/08/01@16:04:47,6788,0.44652172
2026/08/01@16:04:48,6789,0.465217368
2026/08/01@16:04:49,6790,0.4373913
2026/08/01@16:04:50,6791,0.4604348
2026/08/01@16:04:51,6792,0.4456522
2026/08/01@16:04:52,6793,0.46434784
2026/08/01@16:04:53,6794,0.46173912
2026/08/01@16:04:54,6795,0.429565216
2026/08/01@16:04:55,6796,0.470434784
2026/08/01@16:04:56,6797,0.44347826
2026/08/01@16:04:57,6798,0.48608696
2026/08/01@16:04:59,6800,0.49565216
2026/08/01@16:05:00,6801,0.49608696
2026/08/01@16:05:01,6802,0.4947826
2026/08/01@16:05:02,6803,0.480434784
2026/08/01@16:05:03,6804,0.44652172
2026/08/01@16:05:04,6805,0.4226087
2026/08/01@16:05:05,6806,0.4026087
2026/08/01@16:05:06,6807,0.4552174
2026/08/01@16:05:07,6808,0.42
2026/08/01@16:05:08,6809,0.38217392
2026/08/01@16:05:09,6810,0.3947826
2026/08/01@16:05:10,6811,0.46086956
2026/08/01@16:05:12,6813,0.40391304
2026/08/01@16:05:13,6814,0.38347824
2026/08/01@16:05:14,6815,0.32
2026/08/01@16:05:15,6816,0.32
2026/08/01@16:05:16,6817,0.02347826
2026/08/01@16:05:17,6818,0.28347826
2026/08/01@16:05:18,6819,0.24304348
2026/08/01@16:05:19,6820,0.25347826
2026/08/01@16:05:20,6821,0.20217392
2026/08/01@16:05:21,6822,0.25608696
2026/08/01@16:05:22,6823,0.31434784
2026/08/01@16:05:23,6824,0.1552174
2026/08/01@16:05:25,6826,0.20086956
2026/08/01@16:05:26,6827,0.19869564
2026/08/01@16:05:27,6828,0.22043478
2026/08/01@16:05:28,6829,0.20086956
2026/08/01@16:05:29,6830,0.08
2026/08/01@16:05:30,6831,0.039565216
2026/08/01@16:05:31,6832,0.29869564
2026/08/01@16:05:32,6833,0.14304348
2026/08/01@16:05:33,6834,0.12608695
2026/08/01@16:05:34,6835,0.2747826
2026/08/01@16:05:35,6836,0.31434784
2026/08/01@16:05:36,6837,0.3273913
2026/08/01@16:05:38,6839,0.491304352
2026/08/01@16:05:39,6840,0.26869564
2026/08/01@16:05:40,6841,0.35391304
2026/08/01@16:05:41,6842,0.2747826
2026/08/01@16:05:42,6843,0.29782608
2026/08/01@16:05:43,6844,0.399565216
2026/08/01@16:05:44,6845,0.45913044
2026/08/01@16:05:45,6846,0.2673913
2026/08/01@16:05:46,6847,0.24652174
2026/08/01@16:05:47,6848,0.22956522
2026/08/01@16:05:48,6849,0.23565218
2026/08/01@16:05:49,6850,0.30913044
2026/08/01@16:05:51,6852,0.24695652
2026/08/01@16:05:52,6853,0.25869566
2026/08/01@16:05:53,6854,0.36043476
2026/08/01@16:05:54,6855,0.29782608
2026/08/01@16:05:55,6856,0.28565216
2026/08/01@16:05:56,6857,0.16
2026/08/01@16:05:57,6858,0.24304348
2026/08/01@16:05:58,6859,0.2852174
2026/08/01@16:05:59,6860,0.3104348
2026/08/01@16:06:00,6861,0.22217392
2026/08/01@16:06:01,6862,0.36913044
2026/08/01@16:06:02,6863,0.32130436
2026/08/01@16:06:04,6865,0.28565216
2026/08/01@16:06:05,6866,0.29782608
2026/08/01@16:06:06,6867,0.23913044
2026/08/01@16:06:07,6868,0.31478262
2026/08/01@16:06:08,6869,0.3326087
2026/08/01@16:06:09,6870,0.36173912
2026/08/01@16:06:10,6871,0.404782632
2026/08/01@16:06:11,6872,0.39652176
2026/08/01@16:06:12,6873,0.3852174
2026/08/01@16:06:13,6874,0.2526087
2026/08/01@16:06:14,6875,0.36913044
2026/08/01@16:06:15,6876,0.27826086
2026/08/01@16:06:17,6877,0.2647826
2026/08/01@16:06:18,6879,0.2747826
2026/08/01@16:06:19,6880,0.2652174
2026/08/01@16:06:20,6881,0.17217392
2026/08/01@16:06:21,6882,0.1
2026/08/01@16:06:22,6883,0.002173913
2026/08/01@16:06:23,6884,0.09913044
2026/08/01@16:06:24,6885,0.07826087
2026/08/01@16:06:25,6886,0.0
2026/08/01@16:06:26,6887,0.025217392
2026/08/01@16:06:27,6888,0.02826087
2026/08/01@16:06:28,6889,0.0
2026/08/01@16:06:29,6890,0.15478261
2026/08/01@16:06:31,6892,0.14782609
2026/08/01@16:06:32,6893,0.016521738
2026/08/01@16:06:33,6894,0.1373913
2026/08/01@16:06:34,6895,0.13217391
2026/08/01@16:06:35,6896,0.23434782
2026/08/01@16:06:36,6897,0.355652184
2026/08/01@16:06:37,6898,0.27652174
2026/08/01@16:06:38,6899,0.27521738
2026/08/01@16:06:39,6900,0.29434782
2026/08/01@16:06:40,6901,0.42130436
2026/08/01@16:06:41,6902,0.41086956
2026/08/01@16:06:42,6903,0.385652184
2026/08/01@16:06:44,6905,0.38260868
2026/08/01@16:06:45,6906,0.44304348
2026/08/01@16:06:46,6907,0.4373913
2026/08/01@16:06:47,6908,0.43565216
2026/08/01@16:06:48,6909,0.48217392
2026/08/01@16:06:49,6910,0.49
2026/08/01@16:06:50,6911,0.4795652
2026/08/01@16:06:51,6912,0.4321739
2026/08/01@16:06:52,6913,0.42869564
2026/08/01@16:06:53,6914,0.42
2026/08/01@16:06:54,6915,0.45391304
2026/08/01@16:06:55,6916,0.47434784
2026/08/01@16:06:57,6918,0.45086956
2026/08/01@16:06:58,6919,0.45347824
2026/08/01@16:06:59,6920,0.436521736
2026/08/01@16:07:00,6921,0.404782632
2026/08/01@16:07:01,6922,0.33782608
2026/08/01@16:07:02,6923,0.54913044
2026/08/01@16:07:03,6924,0.33173912
2026/08/01@16:07:04,6925,0.22217392
2026/08/01@16:07:05,6926,0.26826088
2026/08/01@16:07:06,6927,0.39608696
2026/08/01@16:07:07,6928,0.36347828
2026/08/01@16:07:08,6929,0.30391306
2026/08/01@16:07:10,6931,0.29869564
2026/08/01@16:07:11,6932,0.2526087
2026/08/01@16:07:12,6933,0.2821739
2026/08/01@16:07:13,6934,0.17304348
2026/08/01@16:07:14,6935,0.069130432
2026/08/01@16:07:15,6936,0.022173914
2026/08/01@16:07:16,6937,0.02173913
2026/08/01@16:07:17,6938,0.02
2026/08/01@16:07:18,6939,0.19652174
2026/08/01@16:07:19,6940,0.0
2026/08/01@16:07:20,6941,0.047391304
2026/08/01@16:07:21,6942,0.21304348
2026/08/01@16:07:23,6944,0.18347826
2026/08/01@16:07:24,6945,0.0
2026/08/01@16:07:25,6946,0.09739131
2026/08/01@16:07:26,6947,0.020434782
2026/08/01@16:07:27,6948,0.211304352
2026/08/01@16:07:28,6949,0.23304348
2026/08/01@16:07:29,6950,0.23086956
2026/08/01@16:07:30,6951,0.07782609
2026/08/01@16:07:31,6952,0.0269565216
2026/08/01@16:07:32,6953,0.034347824
2026/08/01@16:07:33,6954,0.1173913
2026/08/01@16:07:34,6955,0.0
2026/08/01@16:07:36,6957,0.0
2026/08/01@16:07:37,6958,0.46608696
2026/08/01@16:07:38,6959,0.4147826
2026/08/01@16:07:39,6960,0.3104348
2026/08/01@16:07:40,6961,0.388695636
2026/08/01@16:07:41,6962,0.31434784
2026/08/01@16:07:42,6963,0.27521738
2026/08/01@16:07:43,6964,0.2821739
2026/08/01@16:07:44,6965,0.2669565
2026/08/01@16:07:45,6966,0.25695652
2026/08/01@16:07:46,6967,0.35652172
2026/08/01@16:07:47,6968,0.36086956
2026/08/01@16:07:48,6969,0.36043476
2026/08/01@16:07:50,6971,0.27304348
2026/08/01@16:07:51,6972,0.36695652
2026/08/01@16:07:52,6973,0.26826088
2026/08/01@16:07:53,6974,0.2721739
2026/08/01@16:07:54,6975,0.27130434
2026/08/01@16:07:55,6976,0.28695652
2026/08/01@16:07:56,6977,0.35
2026/08/01@16:07:57,6978,0.3195652
2026/08/01@16:07:58,6979,0.3347826
2026/08/01@16:07:59,6980,0.36347828
2026/08/01@16:08:00,6981,0.358695636
2026/08/01@16:08:01,6982,0.32347824
2026/08/01@16:08:03,6984,0.32173914
2026/08/01@16:08:04,6985,0.375217368
2026/08/01@16:08:05,6986,0.336521736
2026/08/01@16:08:06,6987,0.28347826
2026/08/01@16:08:07,6988,0.41260868
2026/08/01@16:08:08,6989,0.3778261
2026/08/01@16:08:09,6990,0.38913044
2026/08/01@16:08:10,6991,0.4230435
2026/08/01@16:08:11,6992,0.440434784
2026/08/01@16:08:12,6993,0.388695636
2026/08/01@16:08:13,6994,0.38956524
2026/08/01@16:08:14,6995,0.36695652
2026/08/01@16:08:16,6997,0.50826084
2026/08/01@16:08:17,6998,0.51521736
2026/08/01@16:08:18,6999,0.4673913
2026/08/01@16:08:19,7000,0.50652176
2026/08/01@16:08:20,7001,0.50652176
2026/08/01@16:08:21,7002,0.440434784
2026/08/01@16:08:22,7003,0.47434784
2026/08/01@16:08:23,7004,0.436521736
2026/08/01@16:08:24,7005,0.485652184
2026/08/01@16:08:25,7006,0.4678261
2026/08/01@16:08:26,7007,0.424347816
2026/08/01@16:08:28,7009,0.4373913
2026/08/01@16:08:29,7010,0.46434784
2026/08/01@16:08:30,7011,0.42608696
2026/08/01@16:08:31,7012,0.39565218
2026/08/01@16:08:32,7013,0.3930435
2026/08/01@16:08:33,7014,0.50652176
2026/08/01@16:08:34,7015,0.50652176
2026/08/01@16:08:35,7016,0.45913044
2026/08/01@16:08:36,7017,0.4826087
2026/08/01@16:08:37,7018,0.46
2026/08/01@16:08:38,7019,0.5104348
2026/08/01@16:08:39,7020,0.42130436
2026/08/01@16:08:41,7022,0.5008696
2026/08/01@16:08:42,7023,0.5521739
2026/08/01@16:08:43,7024,0.4347826
2026/08/01@16:08:44,7025,0.42086956
2026/08/01@16:08:45,7026,0.41956524
2026/08/01@16:08:46,7027,0.49434784
2026/08/01@16:08:47,7028,0.51521736
2026/08/01@16:08:48,7029,0.4178261
2026/08/01@16:08:49,7030,0.38913044
2026/08/01@16:08:50,7031,0.373478268
2026/08/01@16:08:51,7032,0.4830435
2026/08/01@16:08:52,7033,0.428260868
2026/08/01@16:08:54,7034,0.44130436
2026/08/01@16:08:55,7036,0.45043476
2026/08/01@16:08:56,7037,0.38782608
2026/08/01@16:08:57,7038,0.38913044
2026/08/01@16:08:58,7039,0.455652184
2026/08/01@16:08:59,7040,0.5556522
2026/08/01@16:09:00,7041,0.5630435
2026/08/01@16:09:01,7042,0.51304348
2026/08/01@16:09:02,7043,0.44
2026/08/01@16:09:03,7044,0.35347824
2026/08/01@16:09:04,7045,0.43565216
2026/08/01@16:09:05,7046,0.5713043
2026/08/01@16:09:06,7047,0.46434784
2026/08/01@16:09:08,7049,0.4778261
2026/08/01@16:09:09,7050,0.478695636
2026/08/01@16:09:10,7051,0.4452174
2026/08/01@16:09:11,7052,0.46173912
2026/08/01@16:09:12,7053,0.43869564
2026/08/01@16:09:13,7054,0.40304348
2026/08/01@16:09:14,7055,0.41130436
2026/08/01@16:09:15,7056,0.34130436
2026/08/01@16:09:16,7057,0.31608696
2026/08/01@16:09:17,7058,0.36652176
2026/08/01@16:09:18,7059,0.339565216
2026/08/01@16:09:19,7060,0.26043478
2026/08/01@16:09:21,7062,0.30043476
2026/08/01@16:09:22,7063,0.1973913
2026/08/01@16:09:23,7064,0.0
2026/08/01@16:09:24,7065,0.16782608
2026/08/01@16:09:25,7066,0.12739131
2026/08/01@16:09:26,7067,0.0
2026/08/01@16:09:27,7068,0.050434784
2026/08/01@16:09:28,7069,0.188260868
2026/08/01@16:09:29,7070,0.22826088
2026/08/01@16:09:30,7071,0.1973913
2026/08/01@16:09:31,7072,0.18
2026/08/01@16:09:32,7073,0.22130434
2026/08/01@16:09:34,7075,0.29565218
2026/08/01@16:09:35,7076,0.24869566
2026/08/01@16:09:36,7077,0.28434784
2026/08/01@16:09:37,7078,0.30130434
2026/08/01@16:09:38,7079,0.29782608
2026/08/01@16:09:39,7080,0.30086956
2026/08/01@16:09:40,7081,0.36217392
2026/08/01@16:09:41,7082,0.3773913
2026/08/01@16:09:42,7083,0.37
2026/08/01@16:09:43,7084,0.34304348
2026/08/01@16:09:44,7085,0.27652174
2026/08/01@16:09:45,7086,0.4304348
2026/08/01@16:09:47,7088,0.375217368
2026/08/01@16:09:48,7089,0.465217368
2026/08/01@16:09:49,7090,0.39391304
2026/08/01@16:09:50,7091,0.45217392
2026/08/01@16:09:51,7092,0.45608696
2026/08/01@16:09:52,7093,0.4304348
2026/08/01@16:09:53,7094,0.40434784
2026/08/01@16:09:54,7095,0.44652172
2026/08/01@16:09:55,7096,0.5382609
2026/08/01@16:09:56,7097,0.5013043
2026/08/01@16:09:57,7098,0.41130436
2026/08/01@16:09:58,7099,0.385652184
2026/08/01@16:10:00,7101,0.37434784
2026/08/01@16:10:01,7102,0.4456522
2026/08/01@16:10:02,7103,0.43826088
2026/08/01@16:10:03,7104,0.44391304
2026/08/01@16:10:04,7105,0.35826088
2026/08/01@16:10:05,7106,0.38956524
2026/08/01@16:10:06,7107,0.45173912
2026/08/01@16:10:07,7108,0.4552174
2026/08/01@16:10:08,7109,0.51521736
2026/08/01@16:10:09,7110,0.4421739
2026/08/01@16:10:10,7111,0.38391304
2026/08/01@16:10:11,7112,0.41304348
2026/08/01@16:10:13,7114,0.4626087
2026/08/01@16:10:14,7115,0.46
2026/08/01@16:10:15,7116,0.34826088
2026/08/01@16:10:16,7117,0.345217368
2026/08/01@16:10:17,7118,0.39782608
2026/08/01@16:10:18,7119,0.351739136
2026/08/01@16:10:19,7120,0.25347826
2026/08/01@16:10:20,7121,0.30739132
2026/08/01@16:10:21,7122,0.2826087
2026/08/01@16:10:22,7123,0.370869568
2026/08/01@16:10:23,7124,0.3721739
2026/08/01@16:10:24,7125,0.4169565
2026/08/01@16:10:26,7127,0.20695652
2026/08/01@16:10:27,7128,0.032173912
2026/08/01@16:10:28,7129,0.0
2026/08/01@16:10:29,7130,0.2926087
2026/08/01@16:10:30,7131,0.0
2026/08/01@16:10:31,7132,0.03
2026/08/01@16:10:32,7133,0.1473913
2026/08/01@16:10:33,7134,0.2673913
2026/08/01@16:10:34,7135,0.3326087
2026/08/01@16:10:35,7136,0.20086956
2026/08/01@16:10:36,7137,0.29391304
2026/08/01@16:10:37,7138,0.227826092
2026/08/01@16:10:39,7139,0.017391304
2026/08/01@16:10:40,7141,0.01826087
2026/08/01@16:10:41,7142,0.30869564
2026/08/01@16:10:42,7143,0.29565218
2026/08/01@16:10:43,7144,0.060869564
2026/08/01@16:10:44,7145,0.18695652
2026/08/01@16:10:45,7146,0.29608696
2026/08/01@16:10:46,7147,0.019130434
2026/08/01@16:10:47,7148,0.29608696
2026/08/01@16:10:48,7149,0.28434784
2026/08/01@16:10:49,7150,0.020869566
2026/08/01@16:10:50,7151,0.32173914
2026/08/01@16:10:51,7152,0.3326087
2026/08/01@16:10:53,7154,0.36043476
2026/08/01@16:10:54,7155,0.373478268
2026/08/01@16:10:55,7156,0.42130436
2026/08/01@16:10:56,7157,0.17956522
2026/08/01@16:10:57,7158,0.24869566
2026/08/01@16:10:58,7159,0.27869564
2026/08/01@16:10:59,7160,0.38260868
2026/08/01@16:11:00,7161,0.29434782
2026/08/01@16:11:01,7162,0.38782608
2026/08/01@16:11:02,7163,0.37695652
2026/08/01@16:11:03,7164,0.394347816
2026/08/01@16:11:04,7165,0.4169565
2026/08/01@16:11:06,7167,0.424347816
2026/08/01@16:11:07,7168,0.35913044
2026/08/01@16:11:08,7169,0.4147826
2026/08/01@16:11:09,7170,0.4169565
2026/08/01@16:11:10,7171,0.45043476
2026/08/01@16:11:11,7172,0.36217392
2026/08/01@16:11:12,7173,0.39565218
2026/08/01@16:11:13,7174,0.3647826
2026/08/01@16:11:14,7175,0.351739136
2026/08/01@16:11:15,7176,0.34608696
2026/08/01@16:11:16,7177,0.3043478
2026/08/01@16:11:17,7178,0.30652174
2026/08/01@16:11:19,7180,0.020869566
2026/08/01@16:11:20,7181,0.26826088
2026/08/01@16:11:21,7182,0.3126087
2026/08/01@16:11:22,7183,0.30608696
2026/08/01@16:11:23,7184,0.29391304
2026/08/01@16:11:24,7185,0.202608684
2026/08/01@16:11:25,7186,0.030869566
2026/08/01@16:11:26,7187,0.0
2026/08/01@16:11:27,7188,0.0
2026/08/01@16:11:28,7189,0.18
2026/08/01@16:11:29,7190,0.182173908
2026/08/01@16:11:30,7191,0.18652174
2026/08/01@16:11:32,7193,0.0
2026/08/01@16:11:33,7194,0.015217391
2026/08/01@16:11:34,7195,0.023913042
2026/08/01@16:11:35,7196,0.175217392
2026/08/01@16:11:36,7197,0.0
2026/08/01@16:11:37,7198,0.1426087
2026/08/01@16:11:38,7199,0.0
2026/08/01@16:11:39,7200,0.28434784
2026/08/01@16:11:40,7201,0.2873913
2026/08/01@16:11:41,7202,0.26913044
2026/08/01@16:11:42,7203,0.33695652
2026/08/01@16:11:43,7204,0.237391316
2026/08/01@16:11:45,7206,0.35130436
2026/08/01@16:11:46,7207,0.4147826
2026/08/01@16:11:47,7208,0.39043476
2026/08/01@16:11:48,7209,0.465217368
2026/08/01@16:11:49,7210,0.4621739
2026/08/01@16:11:50,7211,0.4073913
2026/08/01@16:11:51,7212,0.43695652
2026/08/01@16:11:52,7213,0.4421739
2026/08/01@16:11:53,7214,0.49913044
2026/08/01@16:11:54,7215,0.44304348
2026/08/01@16:11:55,7216,0.44826088
2026/08/01@16:11:56,7217,0.38130436
2026/08/01@16:11:58,7219,0.441739136
2026/08/01@16:11:59,7220,0.42782608
2026/08/01@16:12:00,7221,0.3947826
2026/08/01@16:12:01,7222,0.3778261
2026/08/01@16:12:02,7223,0.38347824
2026/08/01@16:12:03,7224,0.27304348
2026/08/01@16:12:04,7225,0.24652174
2026/08/01@16:12:05,7226,0.36652176
2026/08/01@16:12:06,7227,0.3869565
2026/08/01@16:12:07,7228,0.400869568
2026/08/01@16:12:08,7229,0.3421739
2026/08/01@16:12:09,7230,0.29434782
2026/08/01@16:12:10,7231,0.23826086
2026/08/01@16:12:12,7233,0.17304348
2026/08/01@16:12:13,7234,0.25347826
2026/08/01@16:12:14,7235,0.020434782
2026/08/01@16:12:15,7236,0.12086956
2026/08/01@16:12:16,7237,0.07478261
2026/08/01@16:12:17,7238,0.037826088
2026/08/01@16:12:18,7239,0.28565216
2026/08/01@16:12:19,7240,0.4169565
2026/08/01@16:12:20,7241,0.29217392
2026/08/01@16:12:21,7242,0.29608696
2026/08/01@16:12:22,7243,0.29782608
2026/08/01@16:12:23,7244,0.27913044
2026/08/01@16:12:25,7246,0.3652174
2026/08/01@16:12:26,7247,0.399565216
2026/08/01@16:12:27,7248,0.336521736
2026/08/01@16:12:28,7249,0.42347828
2026/08/01@16:12:29,7250,0.37869568
2026/08/01@16:12:30,7251,0.43565216
2026/08/01@16:12:31,7252,0.345217368
2026/08/01@16:12:32,7253,0.41956524
2026/08/01@16:12:33,7254,0.32956524
2026/08/01@16:12:34,7255,0.368260868
2026/08/01@16:12:35,7256,0.32
2026/08/01@16:12:36,7257,0.35826088
2026/08/01@16:12:38,7259,0.339565216
2026/08/01@16:12:39,7260,0.31652172
2026/08/01@16:12:40,7261,0.39217392
2026/08/01@16:12:41,7262,0.27173912
2026/08/01@16:12:42,7263,0.3078261
2026/08/01@16:12:43,7264,0.30391306
2026/08/01@16:12:44,7265,0.37695652
2026/08/01@16:12:45,7266,0.36565216
2026/08/01@16:12:46,7267,0.4373913
2026/08/01@16:12:47,7268,0.45217392
2026/08/01@16:12:48,7269,0.42086956
2026/08/01@16:12:49,7270,0.38913044
2026/08/01@16:12:51,7272,0.39913044
2026/08/01@16:12:52,7273,0.38608696
2026/08/01@16:12:53,7274,0.391304352
2026/08/01@16:12:54,7275,0.4152174
2026/08/01@16:12:55,7276,0.42347828
2026/08/01@16:12:56,7277,0.3704348
2026/08/01@16:12:57,7278,0.350434784
2026/08/01@16:12:58,7279,0.32173914
2026/08/01@16:12:59,7280,0.27130434
2026/08/01@16:13:00,7281,0.345217368
2026/08/01@16:13:01,7282,0.42695652
2026/08/01@16:13:02,7283,0.37869568
2026/08/01@16:13:04,7285,0.2173913
2026/08/01@16:13:05,7286,0.0
2026/08/01@16:13:06,7287,0.07608695
2026/08/01@16:13:07,7288,0.1473913
2026/08/01@16:13:08,7289,0.08869565
2026/08/01@16:13:09,7290,0.046086956
2026/08/01@16:13:10,7291,0.15086956
2026/08/01@16:13:11,7292,0.27347828
2026/08/01@16:13:12,7293,0.019130434
2026/08/01@16:13:13,7294,0.3330435
2026/08/01@16:13:14,7295,0.38086956
2026/08/01@16:13:15,7296,0.38217392
2026/08/01@16:13:17,7298,0.37608696
2026/08/01@16:13:18,7299,0.36565216
2026/08/01@16:13:19,7300,0.244782608
2026/08/01@16:13:20,7301,0.32304348
2026/08/01@16:13:21,7302,0.41347826
2026/08/01@16:13:22,7303,0.4147826
2026/08/01@16:13:23,7304,0.454347816
2026/08/01@16:13:24,7305,0.49565216
2026/08/01@16:13:25,7306,0.5113043
2026/08/01@16:13:26,7307,0.3078261
2026/08/01@16:13:27,7308,0.44130436
2026/08/01@16:13:28,7309,0.45043476
2026/08/01@16:13:30,7311,0.49608696
2026/08/01@16:13:31,7312,0.44347826
2026/08/01@16:13:32,7313,0.4552174
2026/08/01@16:13:33,7314,0.43826088
2026/08/01@16:13:34,7315,0.50956524
2026/08/01@16:13:35,7316,0.4678261
2026/08/01@16:13:36,7317,0.42695652
2026/08/01@16:13:37,7318,0.37608696
2026/08/01@16:13:38,7319,0.3652174
2026/08/01@16:13:39,7320,0.4
2026/08/01@16:13:40,7321,0.4230435
2026/08/01@16:13:41,7322,0.42130436
2026/08/01@16:13:43,7324,0.42347828
2026/08/01@16:13:44,7325,0.2973913
2026/08/01@16:13:45,7326,0.3226087
2026/08/01@16:13:46,7327,0.3852174
2026/08/01@16:13:47,7328,0.25130436
2026/08/01@16:13:48,7329,0.32434782
2026/08/01@16:13:49,7330,0.38260868
2026/08/01@16:13:50,7331,0.30608696
2026/08/01@16:13:51,7332,0.41434784
2026/08/01@16:13:52,7333,0.23652174
2026/08/01@16:13:53,7334,0.24608696
2026/08/01@16:13:54,7335,0.22956522
2026/08/01@16:13:56,7337,0.03521739
2026/08/01@16:13:57,7338,0.07652174
2026/08/01@16:13:58,7339,0.0269565216
2026/08/01@16:13:59,7340,0.07652174
2026/08/01@16:14:00,7341,0.09913044
2026/08/01@16:14:01,7342,0.14130434
2026/08/01@16:14:02,7343,0.034347824
2026/08/01@16:14:03,7344,0.0
2026/08/01@16:14:04,7345,0.057826088
2026/08/01@16:14:05,7346,0.14434783
2026/08/01@16:14:06,7347,0.030434782
2026/08/01@16:14:07,7348,0.30739132
2026/08/01@16:14:09,7350,0.028695652
2026/08/01@16:14:10,7351,0.13391304
2026/08/01@16:14:11,7352,0.022173914
2026/08/01@16:14:12,7353,0.09521739
2026/08/01@16:14:13,7354,0.036956524
2026/08/01@16:14:14,7355,0.16086957
2026/08/01@16:14:15,7356,0.069565216
2026/08/01@16:14:16,7357,0.17565218
2026/08/01@16:14:17,7358,0.16434782
2026/08/01@16:14:18,7359,0.17565218
2026/08/01@16:14:19,7360,0.0
2026/08/01@16:14:20,7361,0.14130434
2026/08/01@16:14:22,7363,0.24869566
2026/08/01@16:14:23,7364,0.025652174
2026/08/01@16:14:24,7365,0.020869566
2026/08/01@16:14:25,7366,0.0
2026/08/01@16:14:26,7367,0.30739132
2026/08/01@16:14:27,7368,0.1926087
2026/08/01@16:14:28,7369,0.064347824
2026/08/01@16:14:29,7370,0.030869566
2026/08/01@16:14:30,7371,0.025652174
2026/08/01@16:14:31,7372,0.23173914
2026/08/01@16:14:32,7373,0.205217392
2026/08/01@16:14:33,7374,0.0
2026/08/01@16:14:35,7375,0.17130434
2026/08/01@16:14:36,7377,0.22391304
2026/08/01@16:14:37,7378,0.24173912
2026/08/01@16:14:38,7379,0.26913044
2026/08/01@16:14:39,7380,0.07130435
2026/08/01@16:14:40,7381,0.04695652
2026/08/01@16:14:41,7382,0.047391304
2026/08/01@16:14:42,7383,0.11
2026/08/01@16:14:43,7384,0.024347826
2026/08/01@16:14:44,7385,0.25826088
2026/08/01@16:14:45,7386,0.0360869568
2026/08/01@16:14:46,7387,0.32173914
2026/08/01@16:14:48,7388,0.30608696
2026/08/01@16:14:49,7390,0.4304348
2026/08/01@16:14:50,7391,0.16521738
2026/08/01@16:14:51,7392,0.31130436
2026/08/01@16:14:52,7393,0.344782632
2026/08/01@16:14:53,7394,0.3195652
2026/08/01@16:14:54,7395,0.25695652
2026/08/01@16:14:55,7396,0.3121739
2026/08/01@16:14:56,7397,0.3247826
2026/08/01@16:14:57,7398,0.40391304
2026/08/01@16:14:58,7399,0.39782608
2026/08/01@16:14:59,7400,0.4178261
2026/08/01@16:15:00,7401,0.42652176
2026/08/01@16:15:02,7403,0.4421739
2026/08/01@16:15:03,7404,0.47086956
2026/08/01@16:15:04,7405,0.4721739
2026/08/01@16:15:05,7406,0.4147826
2026/08/01@16:15:06,7407,0.39608696
2026/08/01@16:15:07,7408,0.35826088
2026/08/01@16:15:08,7409,0.429565216
2026/08/01@16:15:09,7410,0.46608696
2026/08/01@16:15:10,7411,0.5443478
2026/08/01@16:15:11,7412,0.4230435
2026/08/01@16:15:12,7413,0.36
2026/08/01@16:15:13,7414,0.31478262
2026/08/01@16:15:15,7416,0.38608696
2026/08/01@16:15:16,7417,0.404782632
2026/08/01@16:15:17,7418,0.47391304
2026/08/01@16:15:18,7419,0.4095652
2026/08/01@16:15:19,7420,0.3569565
2026/08/01@16:15:20,7421,0.33782608
2026/08/01@16:15:21,7422,0.3173913
2026/08/01@16:15:22,7423,0.29217392
2026/08/01@16:15:23,7424,0.28869566
2026/08/01@16:15:24,7425,0.113913048
2026/08/01@16:15:25,7426,0.22608696
2026/08/01@16:15:26,7427,0.26652176
2026/08/01@16:15:28,7429,0.2652174
2026/08/01@16:15:29,7430,0.248260868
2026/08/01@16:15:30,7431,0.016521738
2026/08/01@16:15:31,7432,0.018695652
2026/08/01@16:15:32,7433,0.28565216
2026/08/01@16:15:33,7434,0.2969565
2026/08/01@16:15:34,7435,0.029130434
2026/08/01@16:15:35,7436,0.017391304
2026/08/01@16:15:36,7437,0.016956522
2026/08/01@16:15:37,7438,0.29782608
2026/08/01@16:15:38,7439,0.2378261
2026/08/01@16:15:39,7440,0.31304348
2026/08/01@16:15:41,7442,0.31826088
2026/08/01@16:15:42,7443,0.20608696
2026/08/01@16:15:43,7444,0.17826086
2026/08/01@16:15:44,7445,0.22391304
2026/08/01@16:15:45,7446,0.06652174
2026/08/01@16:15:46,7447,0.03173913
2026/08/01@16:15:47,7448,0.12434783
2026/08/01@16:15:48,7449,0.23086956
2026/08/01@16:15:49,7450,0.32434782
2026/08/01@16:15:50,7451,0.33130434
2026/08/01@16:15:51,7452,0.1447826
2026/08/01@16:15:52,7453,0.3495652
2026/08/01@16:15:54,7455,0.231304352
2026/08/01@16:15:55,7456,0.19826088
2026/08/01@16:15:56,7457,0.2504348
2026/08/01@16:15:57,7458,0.2126087
2026/08/01@16:15:58,7459,0.19217392
2026/08/01@16:15:59,7460,0.2647826
2026/08/01@16:16:00,7461,0.2926087
2026/08/01@16:16:01,7462,0.24304348
2026/08/01@16:16:02,7463,0.24869566
2026/08/01@16:16:03,7464,0.2173913
2026/08/01@16:16:04,7465,0.20086956
2026/08/01@16:16:05,7466,0.016521738
2026/08/01@16:16:07,7468,0.017391304
2026/08/01@16:16:08,7469,0.017391304
2026/08/01@16:16:09,7470,0.039565216
2026/08/01@16:16:10,7471,0.15826086
2026/08/01@16:16:11,7472,0.29347824
2026/08/01@16:16:12,7473,0.2552174
2026/08/01@16:16:13,7474,0.2426087
2026/08/01@16:16:14,7475,0.2969565
2026/08/01@16:16:15,7476,0.2078261
2026/08/01@16:16:16,7477,0.30565216
2026/08/01@16:16:17,7478,0.3173913
2026/08/01@16:16:18,7479,0.33347828
2026/08/01@16:16:20,7481,0.346521732
2026/08/01@16:16:21,7482,0.34391304
2026/08/01@16:16:22,7483,0.29086956
2026/08/01@16:16:23,7484,0.02347826
2026/08/01@16:16:24,7485,0.27521738
2026/08/01@16:16:25,7486,0.232608684
2026/08/01@16:16:26,7487,0.2647826
2026/08/01@16:16:27,7488,0.25434784
2026/08/01@16:16:28,7489,0.27173912
2026/08/01@16:16:29,7490,0.29
2026/08/01@16:16:30,7491,0.32173914
2026/08/01@16:16:31,7492,0.36217392
2026/08/01@16:16:33,7494,0.44347826
2026/08/01@16:16:34,7495,0.17695652
2026/08/01@16:16:35,7496,0.188260868
2026/08/01@16:16:36,7497,0.194347824
2026/08/01@16:16:37,7498,0.15086956
2026/08/01@16:16:38,7499,0.07
2026/08/01@16:16:39,7500,0.2630435
2026/08/01@16:16:40,7501,0.28173912
2026/08/01@16:16:41,7502,0.22608696
2026/08/01@16:16:42,7503,0.19695652
2026/08/01@16:16:43,7504,0.13304348
2026/08/01@16:16:44,7505,0.23565218
2026/08/01@16:16:45,7506,0.29956524
2026/08/01@16:16:47,7508,0.22217392
2026/08/01@16:16:48,7509,0.13043478
2026/08/01@16:16:49,7510,0.26869564
2026/08/01@16:16:50,7511,0.203913036
2026/08/01@16:16:51,7512,0.044347828
2026/08/01@16:16:52,7513,0.019130434
2026/08/01@16:16:53,7514,0.052173912
2026/08/01@16:16:54,7515,0.0
2026/08/01@16:16:55,7516,0.0
2026/08/01@16:16:56,7517,0.0
2026/08/01@16:16:57,7518,0.0
2026/08/01@16:16:58,7519,0.0269565216
2026/08/01@16:17:00,7521,0.0
2026/08/01@16:17:01,7522,0.0
2026/08/01@16:17:02,7523,0.0
2026/08/01@16:17:03,7524,0.0
2026/08/01@16:17:04,7525,0.0
2026/08/01@16:17:05,7526,0.0
2026/08/01@16:17:06,7527,0.0
2026/08/01@16:17:07,7528,0.18
2026/08/01@16:17:08,7529,0.0
2026/08/01@16:17:09,7530,0.0
2026/08/01@16:17:10,7531,0.0
2026/08/01@16:17:11,7532,0.0
2026/08/01@16:17:13,7534,0.0
2026/08/01@16:17:14,7535,0.14304348
2026/08/01@16:17:15,7536,0.0
2026/08/01@16:17:16,7537,0.013043478
2026/08/01@16:17:17,7538,0.0
2026/08/01@16:17:18,7539,0.09217391
2026/08/01@16:17:19,7540,0.27695652
2026/08/01@16:17:20,7541,0.14217392
2026/08/01@16:17:21,7542,0.0
2026/08/01@16:17:22,7543,0.018695652
2026/08/01@16:17:23,7544,0.0
2026/08/01@16:17:24,7545,0.0
2026/08/01@16:17:25,7546,0.0
2026/08/01@16:17:27,7548,0.0
2026/08/01@16:17:28,7549,0.0
2026/08/01@16:17:29,7550,0.0
2026/08/01@16:17:30,7551,0.07652174
2026/08/01@16:17:31,7552,0.26913044
2026/08/01@16:17:32,7553,0.25478262
2026/08/01@16:17:33,7554,0.26130436
2026/08/01@16:17:34,7555,0.36086956
2026/08/01@16:17:35,7556,0.0
2026/08/01@16:17:36,7557,0.0
2026/08/01@16:17:37,7558,0.02
2026/08/01@16:17:38,7559,0.116956532
2026/08/01@16:17:40,7561,0.017391304
2026/08/01@16:17:41,7562,0.3047826
2026/08/01@16:17:42,7563,0.0
2026/08/01@16:17:43,7564,0.33608696
2026/08/01@16:17:44,7565,0.3021739
2026/08/01@16:17:45,7566,0.181304352
2026/08/01@16:17:46,7567,0.10478261
2026/08/01@16:17:47,7568,0.26391304
2026/08/01@16:17:48,7569,0.037826088
2026/08/01@16:17:49,7570,0.02173913
2026/08/01@16:17:50,7571,0.29347824
2026/08/01@16:17:51,7572,0.23652174
2026/08/01@16:17:53,7574,0.18565216
2026/08/01@16:17:54,7575,0.10173913
2026/08/01@16:17:55,7576,0.18173914
2026/08/01@16:17:56,7577,0.26869564
2026/08/01@16:17:57,7578,0.34173912
2026/08/01@16:17:58,7579,0.020869566
2026/08/01@16:17:59,7580,0.10043478
2026/08/01@16:18:00,7581,0.019130434
2026/08/01@16:18:01,7582,0.1747826
2026/08/01@16:18:02,7583,0.0
2026/08/01@16:18:03,7584,0.21304348
2026/08/01@16:18:04,7585,0.35826088
2026/08/01@16:18:06,7587,0.20913044
2026/08/01@16:18:07,7588,0.05652174
2026/08/01@16:18:08,7589,0.1526087
2026/08/01@16:18:09,7590,0.09304348
2026/08/01@16:18:10,7591,0.00739130432
2026/08/01@16:18:11,7592,0.11913043
2026/08/01@16:18:12,7593,0.19826088
2026/08/01@16:18:13,7594,0.27565216
2026/08/01@16:18:14,7595,0.2173913
2026/08/01@16:18:15,7596,0.11347826
2026/08/01@16:18:16,7597,0.27130434
2026/08/01@16:18:17,7598,0.411739136
2026/08/01@16:18:19,7599,0.28565216
2026/08/01@16:18:20,7601,0.17565218
2026/08/01@16:18:21,7602,0.15304348
2026/08/01@16:18:22,7603,0.388695636
2026/08/01@16:18:23,7604,0.07478261
2026/08/01@16:18:24,7605,0.03347826
2026/08/01@16:18:25,7606,0.030869566
2026/08/01@16:18:26,7607,0.12695652
2026/08/01@16:18:27,7608,0.060869564
2026/08/01@16:18:28,7609,0.1552174
2026/08/01@16:18:29,7610,0.0
2026/08/01@16:18:30,7611,0.0269565216
2026/08/01@16:18:31,7612,0.0360869568
2026/08/01@16:18:33,7614,0.0
2026/08/01@16:18:34,7615,0.083478264
2026/08/01@16:18:35,7616,0.019130434
2026/08/01@16:18:36,7617,0.0
2026/08/01@16:18:37,7618,0.0030434784
2026/08/01@16:18:38,7619,0.18565216
2026/08/01@16:18:39,7620,0.24695652
2026/08/01@16:18:40,7621,0.25173914
2026/08/01@16:18:41,7622,0.28173912
2026/08/01@16:18:42,7623,0.25869566
2026/08/01@16:18:43,7624,0.29086956
2026/08/01@16:18:44,7625,0.23652174
2026/08/01@16:18:46,7627,0.38130436
2026/08/01@16:18:47,7628,0.22217392
2026/08/01@16:18:48,7629,0.24304348
2026/08/01@16:18:49,7630,0.35913044
2026/08/01@16:18:50,7631,0.4247826
2026/08/01@16:18:51,7632,0.26869564
2026/08/01@16:18:52,7633,0.33
2026/08/01@16:18:53,7634,0.26173912
2026/08/01@16:18:54,7635,0.39652176
2026/08/01@16:18:55,7636,0.29173914
2026/08/01@16:18:56,7637,0.32304348
2026/08/01@16:18:57,7638,0.35304348
2026/08/01@16:18:59,7640,0.34304348
2026/08/01@16:19:00,7641,0.32826088
2026/08/01@16:19:01,7642,0.355652184
2026/08/01@16:19:02,7643,0.388695636
2026/08/01@16:19:03,7644,0.40130432
2026/08/01@16:19:04,7645,0.37173912
2026/08/01@16:19:05,7646,0.30304348
2026/08/01@16:19:06,7647,0.4247826
2026/08/01@16:19:07,7648,0.34391304
2026/08/01@16:19:08,7649,0.40826088
2026/08/01@16:19:09,7650,0.398260868
2026/08/01@16:19:10,7651,0.429565216
2026/08/01@16:19:12,7653,0.4604348
2026/08/01@16:19:13,7654,0.406521736
2026/08/01@16:19:14,7655,0.37
2026/08/01@16:19:15,7656,0.38782608
2026/08/01@16:19:16,7657,0.4095652
2026/08/01@16:19:17,7658,0.41260868
2026/08/01@16:19:18,7659,0.43869564
2026/08/01@16:19:19,7660,0.42086956
2026/08/01@16:19:20,7661,0.456956536
2026/08/01@16:19:21,7662,0.44695652
2026/08/01@16:19:22,7663,0.50173916
2026/08/01@16:19:23,7664,0.51434784
2026/08/01@16:19:25,7666,0.5982609
2026/08/01@16:19:26,7667,0.44347826
2026/08/01@16:19:27,7668,0.3873913
2026/08/01@16:19:28,7669,0.43
2026/08/01@16:19:29,7670,0.5330435
2026/08/01@16:19:30,7671,0.47391304
2026/08/01@16:19:31,7672,0.4078261
2026/08/01@16:19:32,7673,0.48391304
2026/08/01@16:19:33,7674,0.399565216
2026/08/01@16:19:34,7675,0.4321739
2026/08/01@16:19:35,7676,0.5121739
2026/08/01@16:19:36,7677,0.4995652
2026/08/01@16:19:38,7679,0.44391304
2026/08/01@16:19:39,7680,0.42347828
2026/08/01@16:19:40,7681,0.4226087
2026/08/01@16:19:41,7682,0.48913044
2026/08/01@16:19:42,7683,0.5026087
2026/08/01@16:19:43,7684,0.45086956
2026/08/01@16:19:44,7685,0.465217368
2026/08/01@16:19:45,7686,0.4095652
2026/08/01@16:19:46,7687,0.51173916
2026/08/01@16:19:47,7688,0.51608692
2026/08/01@16:19:48,7689,0.45608696
2026/08/01@16:19:49,7690,0.355652184
2026/08/01@16:19:51,7692,0.44391304
2026/08/01@16:19:52,7693,0.4373913
2026/08/01@16:19:53,7694,0.4169565
2026/08/01@16:19:54,7695,0.4826087
2026/08/01@16:19:55,7696,0.440434784
2026/08/01@16:19:56,7697,0.41652172
2026/08/01@16:19:57,7698,0.5347826
2026/08/01@16:19:58,7699,0.474782632
2026/08/01@16:19:59,7700,0.44695652
2026/08/01@16:20:00,7701,0.478695636
2026/08/01@16:20:01,7702,0.4778261
2026/08/01@16:20:02,7703,0.47695652
2026/08/01@16:20:04,7705,0.47695652
2026/08/01@16:20:05,7706,0.46391304
2026/08/01@16:20:06,7707,0.56391304
2026/08/01@16:20:07,7708,0.498260868
2026/08/01@16:20:08,7709,0.45347824
2026/08/01@16:20:09,7710,0.416086936
2026/08/01@16:20:10,7711,0.458260868
2026/08/01@16:20:11,7712,0.489565216
2026/08/01@16:20:12,7713,0.489565216
2026/08/01@16:20:13,7714,0.4026087
2026/08/01@16:20:14,7715,0.42782608
2026/08/01@16:20:15,7716,0.3721739
2026/08/01@16:20:17,7718,0.4252174
2026/08/01@16:20:18,7719,0.4830435
2026/08/01@16:20:19,7720,0.5382609
2026/08/01@16:20:20,7721,0.429565216
2026/08/01@16:20:21,7722,0.480434784
2026/08/01@16:20:22,7723,0.4456522
2026/08/01@16:20:23,7724,0.46434784
2026/08/01@16:20:24,7725,0.53652176
2026/08/01@16:20:25,7726,0.4621739
2026/08/01@16:20:26,7727,0.48217392
2026/08/01@16:20:27,7728,0.480434784
2026/08/01@16:20:28,7729,0.47434784
2026/08/01@16:20:30,7731,0.46608696
2026/08/01@16:20:31,7732,0.47391304
2026/08/01@16:20:32,7733,0.4347826
2026/08/01@16:20:33,7734,0.37869568
2026/08/01@16:20:34,7735,0.39565218
2026/08/01@16:20:35,7736,0.5195652
2026/08/01@16:20:36,7737,0.5713043
2026/08/01@16:20:37,7738,0.5
2026/08/01@16:20:38,7739,0.42
2026/08/01@16:20:39,7740,0.394347816
2026/08/01@16:20:40,7741,0.30304348
2026/08/01@16:20:41,7742,0.368260868
2026/08/01@16:20:43,7744,0.41956524
2026/08/01@16:20:44,7745,0.2552174
2026/08/01@16:20:45,7746,0.21913044
2026/08/01@16:20:46,7747,0.21434782
2026/08/01@16:20:47,7748,0.2804348
2026/08/01@16:20:48,7749,0.3252174
2026/08/01@16:20:49,7750,0.2804348
2026/08/01@16:20:50,7751,0.33608696
2026/08/01@16:20:51,7752,0.370869568
2026/08/01@16:20:52,7753,0.38782608
2026/08/01@16:20:53,7754,0.4673913
2026/08/01@16:20:54,7755,0.44304348
2026/08/01@16:20:55,7756,0.41652172
2026/08/01@16:20:57,7758,0.428260868
2026/08/01@16:20:58,7759,0.4021739
2026/08/01@16:20:59,7760,0.4095652
2026/08/01@16:21:00,7761,0.448695636
2026/08/01@16:21:01,7762,0.46913044
2026/08/01@16:21:02,7763,0.41260868
2026/08/01@16:21:03,7764,0.22478262
2026/08/01@16:21:04,7765,0.2704348
2026/08/01@16:21:05,7766,0.2630435
2026/08/01@16:21:06,7767,0.411739136
2026/08/01@16:21:07,7768,0.456956536
2026/08/01@16:21:08,7769,0.3647826
2026/08/01@16:21:10,7771,0.28869566
2026/08/01@16:21:11,7772,0.27652174
2026/08/01@16:21:12,7773,0.41434784
2026/08/01@16:21:13,7774,0.4373913
2026/08/01@16:21:14,7775,0.498260868
2026/08/01@16:21:15,7776,0.57434784
2026/08/01@16:21:16,7777,0.4226087
2026/08/01@16:21:17,7778,0.46347828
2026/08/01@16:21:18,7779,0.47434784
2026/08/01@16:21:19,7780,0.51521736
2026/08/01@16:21:20,7781,0.5317391
2026/08/01@16:21:21,7782,0.45086956
2026/08/01@16:21:23,7784,0.41826088
2026/08/01@16:21:24,7785,0.394347816
2026/08/01@16:21:25,7786,0.4447826
2026/08/01@16:21:26,7787,0.41
2026/08/01@16:21:27,7788,0.40826088
2026/08/01@16:21:28,7789,0.2452174
2026/08/01@16:21:29,7790,0.26
2026/08/01@16:21:30,7791,0.237391316
2026/08/01@16:21:31,7792,0.30608696
2026/08/01@16:21:32,7793,0.338260868
2026/08/01@16:21:33,7794,0.30739132
2026/08/01@16:21:34,7795,0.28434784
2026/08/01@16:21:36,7797,0.350434784
2026/08/01@16:21:37,7798,0.16956522
2026/08/01@16:21:38,7799,0.12565218
2026/08/01@16:21:39,7800,0.32652172
2026/08/01@16:21:40,7801,0.2
2026/08/01@16:21:41,7802,0.052608696
2026/08/01@16:21:42,7803,0.07826087
2026/08/01@16:21:43,7804,0.036956524
2026/08/01@16:21:44,7805,0.039130436
2026/08/01@16:21:45,7806,0.11173913
2026/08/01@16:21:46,7807,0.025652174
2026/08/01@16:21:47,7808,0.02173913
2026/08/01@16:21:49,7810,0.0
2026/08/01@16:21:50,7811,0.0
2026/08/01@16:21:51,7812,0.24652174
2026/08/01@16:21:52,7813,0.16521738
2026/08/01@16:21:53,7814,0.17130434
2026/08/01@16:21:54,7815,0.2526087
2026/08/01@16:21:55,7816,0.10478261
2026/08/01@16:21:56,7817,0.21608696
2026/08/01@16:21:57,7818,0.012173913
2026/08/01@16:21:58,7819,0.21608696
2026/08/01@16:21:59,7820,0.12956522
2026/08/01@16:22:00,7821,0.25869566
2026/08/01@16:22:02,7823,0.23173914
2026/08/01@16:22:03,7824,0.01826087
2026/08/01@16:22:04,7825,0.009565217
2026/08/01@16:22:05,7826,0.181304352
2026/08/01@16:22:06,7827,0.29173914
2026/08/01@16:22:07,7828,0.21956522
2026/08/01@16:22:08,7829,0.010434783
2026/08/01@16:22:09,7830,0.107391304
2026/08/01@16:22:10,7831,0.01826087
2026/08/01@16:22:11,7832,0.019130434
2026/08/01@16:22:12,7833,0.01826087
2026/08/01@16:22:13,7834,0.23913044
2026/08/01@16:22:15,7836,0.08608696
2026/08/01@16:22:16,7837,0.0
2026/08/01@16:22:17,7838,0.0269565216
2026/08/01@16:22:18,7839,0.116956532
2026/08/01@16:22:19,7840,0.028695652
2026/08/01@16:22:20,7841,0.19391304
2026/08/01@16:22:21,7842,0.42
2026/08/01@16:22:22,7843,0.229130432
2026/08/01@16:22:23,7844,0.028695652
2026/08/01@16:22:24,7845,0.18652174
2026/08/01@16:22:25,7846,0.0
2026/08/01@16:22:26,7847,0.16
2026/08/01@16:22:28,7849,0.16173912
2026/08/01@16:22:29,7850,0.0
2026/08/01@16:22:30,7851,0.20217392
2026/08/01@16:22:31,7852,0.4147826
2026/08/01@16:22:32,7853,0.23
2026/08/01@16:22:33,7854,0.44391304
2026/08/01@16:22:34,7855,0.25695652
2026/08/01@16:22:35,7856,0.27652174
2026/08/01@16:22:36,7857,0.2673913
2026/08/01@16:22:37,7858,0.227826092
2026/08/01@16:22:38,7859,0.24
2026/08/01@16:22:39,7860,0.58304348
2026/08/01@16:22:40,7861,0.52217392
2026/08/01@16:22:42,7863,0.34304348
2026/08/01@16:22:43,7864,0.358695636
2026/08/01@16:22:44,7865,0.400869568
2026/08/01@16:22:45,7866,0.39913044
2026/08/01@16:22:46,7867,0.35304348
2026/08/01@16:22:47,7868,0.36695652
2026/08/01@16:22:48,7869,0.4178261
2026/08/01@16:22:49,7870,0.45391304
2026/08/01@16:22:50,7871,0.47130436
2026/08/01@16:22:51,7872,0.4169565
2026/08/01@16:22:52,7873,0.40565216
2026/08/01@16:22:53,7874,0.40434784
2026/08/01@16:22:55,7876,0.45913044
2026/08/01@16:22:56,7877,0.52217392
2026/08/01@16:22:57,7878,0.4552174
2026/08/01@16:22:58,7879,0.51608692
2026/08/01@16:22:59,7880,0.45869564
2026/08/01@16:23:00,7881,0.44652172
2026/08/01@16:23:01,7882,0.5078261
2026/08/01@16:23:02,7883,0.4726087
2026/08/01@16:23:03,7884,0.52347824
2026/08/01@16:23:04,7885,0.38782608
2026/08/01@16:23:05,7886,0.38956524
2026/08/01@16:23:06,7887,0.42782608
2026/08/01@16:23:08,7889,0.46869564
2026/08/01@16:23:09,7890,0.60565216
2026/08/01@16:23:10,7891,0.60391308
2026/08/01@16:23:11,7892,0.41652172
2026/08/01@16:23:12,7893,0.3852174
2026/08/01@16:23:13,7894,0.46086956
2026/08/01@16:23:14,7895,0.4169565
2026/08/01@16:23:15,7896,0.56826084
2026/08/01@16:23:16,7897,0.5847826
2026/08/01@16:23:17,7898,0.43
2026/08/01@16:23:18,7899,0.456956536
2026/08/01@16:23:19,7900,0.47695652
2026/08/01@16:23:21,7902,0.4147826
2026/08/01@16:23:22,7903,0.44391304
2026/08/01@16:23:23,7904,0.346521732
2026/08/01@16:23:24,7905,0.2426087
2026/08/01@16:23:25,7906,0.2926087
2026/08/01@16:23:26,7907,0.41
2026/08/01@16:23:27,7908,0.37695652
2026/08/01@16:23:28,7909,0.36913044
2026/08/01@16:23:29,7910,0.3178261
2026/08/01@16:23:30,7911,0.32304348
2026/08/01@16:23:31,7912,0.3195652
2026/08/01@16:23:32,7913,0.3330435
2026/08/01@16:23:34,7915,0.26347824
2026/08/01@16:23:35,7916,0.26391304
2026/08/01@16:23:36,7917,0.01826087
2026/08/01@16:23:37,7918,0.26217392
2026/08/01@16:23:38,7919,0.26391304
2026/08/01@16:23:39,7920,0.02173913
2026/08/01@16:23:40,7921,0.03173913
2026/08/01@16:23:41,7922,0.08304348
2026/08/01@16:23:42,7923,0.067391304
2026/08/01@16:23:43,7924,0.25608696
2026/08/01@16:23:44,7925,0.237391316
2026/08/01@16:23:45,7926,0.2852174
2026/08/01@16:23:47,7928,0.23956522
2026/08/01@16:23:48,7929,0.27826086
2026/08/01@16:23:49,7930,0.3326087
2026/08/01@16:23:50,7931,0.21869566
2026/08/01@16:23:51,7932,0.3547826
2026/08/01@16:23:52,7933,0.22391304
2026/08/01@16:23:53,7934,0.32304348
2026/08/01@16:23:54,7935,0.19826088
2026/08/01@16:23:55,7936,0.11608696
2026/08/01@16:23:56,7937,0.22565218
2026/08/01@16:23:57,7938,0.26347824
2026/08/01@16:23:58,7939,0.2804348
2026/08/01@16:24:00,7941,0.30956522
2026/08/01@16:24:01,7942,0.32826088
2026/08/01@16:24:02,7943,0.35130436
2026/08/01@16:24:03,7944,0.24304348
2026/08/01@16:24:04,7945,0.368260868
2026/08/01@16:24:05,7946,0.429565216
2026/08/01@16:24:06,7947,0.46086956
2026/08/01@16:24:07,7948,0.2926087
2026/08/01@16:24:08,7949,0.404782632
2026/08/01@16:24:09,7950,0.404782632
2026/08/01@16:24:10,7951,0.4421739
2026/08/01@16:24:11,7952,0.478695636
2026/08/01@16:24:13,7954,0.53565216
2026/08/01@16:24:14,7955,0.42608696
2026/08/01@16:24:15,7956,0.5178261
2026/08/01@16:24:16,7957,0.440434784
2026/08/01@16:24:17,7958,0.43
2026/08/01@16:24:18,7959,0.42086956
2026/08/01@16:24:19,7960,0.4
2026/08/01@16:24:20,7961,0.41130436
2026/08/01@16:24:21,7962,0.42
2026/08/01@16:24:22,7963,0.358695636
2026/08/01@16:24:23,7964,0.3252174
2026/08/01@16:24:24,7965,0.31913042
2026/08/01@16:24:26,7967,0.32
2026/08/01@16:24:27,7968,0.33869564
2026/08/01@16:24:28,7969,0.29434782
2026/08/01@16:24:29,7970,0.346521732
2026/08/01@16:24:30,7971,0.36043476
2026/08/01@16:24:31,7972,0.26173912
2026/08/01@16:24:32,7973,0.3547826
2026/08/01@16:24:33,7974,0.3947826
2026/08/01@16:24:34,7975,0.36913044
2026/08/01@16:24:35,7976,0.2969565
2026/08/01@16:24:36,7977,0.32086956
2026/08/01@16:24:37,7978,0.41956524
2026/08/01@16:24:39,7980,0.42869564
2026/08/01@16:24:40,7981,0.40391304
2026/08/01@16:24:41,7982,0.29217392
2026/08/01@16:24:42,7983,0.3495652
2026/08/01@16:24:43,7984,0.3647826
2026/08/01@16:24:44,7985,0.22956522
2026/08/01@16:24:45,7986,0.26913044
2026/08/01@16:24:46,7987,0.2526087
2026/08/01@16:24:47,7988,0.41956524
2026/08/01@16:24:48,7989,0.44
2026/08/01@16:24:49,7990,0.42130436
2026/08/01@16:24:50,7991,0.45217392
2026/08/01@16:24:52,7992,0.4147826
2026/08/01@16:24:53,7994,0.38086956
2026/08/01@16:24:54,7995,0.358695636
2026/08/01@16:24:55,7996,0.34695652
2026/08/01@16:24:56,7997,0.34826088
2026/08/01@16:24:57,7998,0.38217392
2026/08/01@16:24:58,7999,0.391304352
2026/08/01@16:24:59,8000,0.351739136
2026/08/01@16:25:00,8001,0.3252174
2026/08/01@16:25:01,8002,0.34391304
2026/08/01@16:25:02,8003,0.32956524
2026/08/01@16:25:03,8004,0.358695636
2026/08/01@16:25:05,8006,0.3973913
2026/08/01@16:25:06,8007,0.3569565
2026/08/01@16:25:07,8008,0.3421739
2026/08/01@16:25:08,8009,0.345217368
2026/08/01@16:25:09,8010,0.3704348
2026/08/01@16:25:10,8011,0.40608696
2026/08/01@16:25:11,8012,0.40565216
2026/08/01@16:25:12,8013,0.38391304
2026/08/01@16:25:13,8014,0.39608696
2026/08/01@16:25:14,8015,0.379130432
2026/08/01@16:25:15,8016,0.42347828
2026/08/01@16:25:16,8017,0.379130432
2026/08/01@16:25:18,8019,0.388695636
2026/08/01@16:25:19,8020,0.47086956
2026/08/01@16:25:20,8021,0.440434784
2026/08/01@16:25:21,8022,0.448695636
2026/08/01@16:25:22,8023,0.3947826
2026/08/01@16:25:23,8024,0.32826088
2026/08/01@16:25:24,8025,0.26
2026/08/01@16:25:25,8026,0.3573913
2026/08/01@16:25:26,8027,0.4247826
2026/08/01@16:25:27,8028,0.31391304
2026/08/01@16:25:28,8029,0.28565216
2026/08/01@16:25:29,8030,0.3569565
2026/08/01@16:25:31,8032,0.32652172
2026/08/01@16:25:32,8033,0.30739132
2026/08/01@16:25:33,8034,0.30130434
2026/08/01@16:25:34,8035,0.4695652
2026/08/01@16:25:35,8036,0.46695652
2026/08/01@16:25:36,8037,0.43826088
2026/08/01@16:25:37,8038,0.45913044
2026/08/01@16:25:38,8039,0.43391304
2026/08/01@16:25:39,8040,0.38956524
2026/08/01@16:25:40,8041,0.44304348
2026/08/01@16:25:41,8042,0.4095652
2026/08/01@16:25:42,8043,0.4756522
2026/08/01@16:25:44,8045,0.43391304
2026/08/01@16:25:45,8046,0.48217392
2026/08/01@16:25:46,8047,0.45608696
2026/08/01@16:25:47,8048,0.47434784
2026/08/01@16:25:48,8049,0.40608696
2026/08/01@16:25:49,8050,0.418695636
2026/08/01@16:25:50,8051,0.428260868
2026/08/01@16:25:51,8052,0.4147826
2026/08/01@16:25:52,8053,0.43130434
2026/08/01@16:25:53,8054,0.41347826
2026/08/01@16:25:54,8055,0.3930435
2026/08/01@16:25:55,8056,0.36565216
2026/08/01@16:25:57,8058,0.4147826
2026/08/01@16:25:58,8059,0.46086956
2026/08/01@16:25:59,8060,0.3926087
2026/08/01@16:26:00,8061,0.38782608
2026/08/01@16:26:01,8062,0.41652172
2026/08/01@16:26:02,8063,0.39043476
2026/08/01@16:26:03,8064,0.36391304
2026/08/01@16:26:04,8065,0.40434784
2026/08/01@16:26:05,8066,0.3495652
2026/08/01@16:26:06,8067,0.34608696
2026/08/01@16:26:07,8068,0.33695652
2026/08/01@16:26:08,8069,0.34130436
2026/08/01@16:26:10,8070,0.3626087
2026/08/01@16:26:11,8072,0.41956524
2026/08/01@16:26:12,8073,0.248260868
2026/08/01@16:26:13,8074,0.30652174
2026/08/01@16:26:14,8075,0.33347828
2026/08/01@16:26:15,8076,0.373478268
2026/08/01@16:26:16,8077,0.3569565
2026/08/01@16:26:17,8078,0.350434784
2026/08/01@16:26:18,8079,0.399565216
2026/08/01@16:26:19,8080,0.3547826
2026/08/01@16:26:20,8081,0.38391304
2026/08/01@16:26:21,8082,0.4021739
2026/08/01@16:26:23,8083,0.406521736
2026/08/01@16:26:24,8085,0.4452174
2026/08/01@16:26:25,8086,0.45
2026/08/01@16:26:26,8087,0.440434784
2026/08/01@16:26:27,8088,0.42608696
2026/08/01@16:26:28,8089,0.42347828
2026/08/01@16:26:29,8090,0.4926087
2026/08/01@16:26:30,8091,0.4947826
2026/08/01@16:26:31,8092,0.4604348
2026/08/01@16:26:32,8093,0.398260868
2026/08/01@16:26:33,8094,0.394347816
2026/08/01@16:26:34,8095,0.4778261
2026/08/01@16:26:35,8096,0.4621739
2026/08/01@16:26:37,8098,0.46173912
2026/08/01@16:26:38,8099,0.45217392
2026/08/01@16:26:39,8100,0.39782608
2026/08/01@16:26:40,8101,0.42782608
2026/08/01@16:26:41,8102,0.4721739
2026/08/01@16:26:42,8103,0.53086952
2026/08/01@16:26:43,8104,0.5217391
2026/08/01@16:26:44,8105,0.4604348
2026/08/01@16:26:45,8106,0.5052174
2026/08/01@16:26:46,8107,0.4178261
2026/08/01@16:26:47,8108,0.5421739
2026/08/01@16:26:48,8109,0.6086956
2026/08/01@16:26:50,8111,0.491304352
2026/08/01@16:26:51,8112,0.27347828
2026/08/01@16:26:52,8113,0.2804348
2026/08/01@16:26:53,8114,0.18652174
2026/08/01@16:26:54,8115,0.42173912
2026/08/01@16:26:55,8116,0.40391304
2026/08/01@16:26:56,8117,0.42130436
2026/08/01@16:26:57,8118,0.42086956
2026/08/01@16:26:58,8119,0.40434784
2026/08/01@16:26:59,8120,0.30608696
2026/08/01@16:27:00,8121,0.39608696
2026/08/01@16:27:01,8122,0.42347828
2026/08/01@16:27:03,8124,0.30913044
2026/08/01@16:27:04,8125,0.26565218
2026/08/01@16:27:05,8126,0.25
2026/08/01@16:27:06,8127,0.2926087
2026/08/01@16:27:07,8128,0.30956522
2026/08/01@16:27:08,8129,0.35
2026/08/01@16:27:09,8130,0.4152174
2026/08/01@16:27:10,8131,0.43347828
2026/08/01@16:27:11,8132,0.44913044
2026/08/01@16:27:12,8133,0.38130436
2026/08/01@16:27:13,8134,0.4456522
2026/08/01@16:27:14,8135,0.41347826
2026/08/01@16:27:16,8137,0.45347824
2026/08/01@16:27:17,8138,0.35652172
2026/08/01@16:27:18,8139,0.37173912
2026/08/01@16:27:19,8140,0.40608696
2026/08/01@16:27:20,8141,0.406521736
2026/08/01@16:27:21,8142,0.4321739
2026/08/01@16:27:22,8143,0.40826088
2026/08/01@16:27:23,8144,0.43130434
2026/08/01@16:27:24,8145,0.19695652
2026/08/01@16:27:25,8146,0.24
2026/08/01@16:27:26,8147,0.3021739
2026/08/01@16:27:27,8148,0.30086956
2026/08/01@16:27:29,8150,0.21304348
2026/08/01@16:27:30,8151,0.28695652
2026/08/01@16:27:31,8152,0.32130436
2026/08/01@16:27:32,8153,0.4347826
2026/08/01@16:27:33,8154,0.4721739
2026/08/01@16:27:34,8155,0.4447826
2026/08/01@16:27:35,8156,0.42086956
2026/08/01@16:27:36,8157,0.448695636
2026/08/01@16:27:37,8158,0.40565216
2026/08/01@16:27:38,8159,0.484347816
2026/08/01@16:27:39,8160,0.5182609
2026/08/01@16:27:40,8161,0.54
2026/08/01@16:27:42,8163,0.4078261
2026/08/01@16:27:43,8164,0.43826088
2026/08/01@16:27:44,8165,0.5608696
2026/08/01@16:27:45,8166,0.47130436
2026/08/01@16:27:46,8167,0.46608696
2026/08/01@16:27:47,8168,0.5204348
2026/08/01@16:27:48,8169,0.5026087
2026/08/01@16:27:49,8170,0.44347826
2026/08/01@16:27:50,8171,0.428260868
2026/08/01@16:27:51,8172,0.43695652
2026/08/01@16:27:52,8173,0.43130434
2026/08/01@16:27:53,8174,0.3926087
2026/08/01@16:27:55,8176,0.3873913
2026/08/01@16:27:56,8177,0.4247826
2026/08/01@16:27:57,8178,0.36869564
2026/08/01@16:27:58,8179,0.35217392
2026/08/01@16:27:59,8180,0.3721739
2026/08/01@16:28:00,8181,0.35826088
2026/08/01@16:28:01,8182,0.379130432
2026/08/01@16:28:02,8183,0.3573913
2026/08/01@16:28:03,8184,0.27173912
2026/08/01@16:28:04,8185,0.29
2026/08/01@16:28:05,8186,0.343478268
2026/08/01@16:28:06,8187,0.34391304
2026/08/01@16:28:08,8189,0.380434784
2026/08/01@16:28:09,8190,0.398260868
2026/08/01@16:28:10,8191,0.45347824
2026/08/01@16:28:11,8192,0.46173912
2026/08/01@16:28:12,8193,0.38782608
2026/08/01@16:28:13,8194,0.38782608
2026/08/01@16:28:14,8195,0.429565216
2026/08/01@16:28:15,8196,0.5330435
2026/08/01@16:28:16,8197,0.5269565
2026/08/01@16:28:17,8198,0.55391308
2026/08/01@16:28:18,8199,0.4456522
2026/08/01@16:28:19,8200,0.51173916
2026/08/01@16:28:21,8202,0.48130436
2026/08/01@16:28:22,8203,0.6121739
2026/08/01@16:28:23,8204,0.49913044
2026/08/01@16:28:24,8205,0.4147826
2026/08/01@16:28:25,8206,0.455652184
2026/08/01@16:28:26,8207,0.5047826
2026/08/01@16:28:27,8208,0.60826088
2026/08/01@16:28:28,8209,0.6017391
2026/08/01@16:28:29,8210,0.49086956
2026/08/01@16:28:30,8211,0.3947826
2026/08/01@16:28:31,8212,0.375217368
2026/08/01@16:28:32,8213,0.39086956
2026/08/01@16:28:34,8215,0.5917391
2026/08/01@16:28:35,8216,0.58086956
2026/08/01@16:28:36,8217,0.5578261
2026/08/01@16:28:37,8218,0.41826088
2026/08/01@16:28:38,8219,0.35347824
2026/08/01@16:28:39,8220,0.416086936
2026/08/01@16:28:40,8221,0.400869568
2026/08/01@16:28:41,8222,0.480434784
2026/08/01@16:28:42,8223,0.2595652
2026/08/01@16:28:43,8224,0.3347826
2026/08/01@16:28:44,8225,0.429565216
2026/08/01@16:28:45,8226,0.38956524
2026/08/01@16:28:47,8228,0.43869564
2026/08/01@16:28:48,8229,0.441739136
2026/08/01@16:28:49,8230,0.31434784
2026/08/01@16:28:50,8231,0.2747826
2026/08/01@16:28:51,8232,0.35652172
2026/08/01@16:28:52,8233,0.43869564
2026/08/01@16:28:53,8234,0.4847826
2026/08/01@16:28:54,8235,0.38086956
2026/08/01@16:28:55,8236,0.4095652
2026/08/01@16:28:56,8237,0.380434784
2026/08/01@16:28:57,8238,0.43173912
2026/08/01@16:28:58,8239,0.41086956
2026/08/01@16:28:59,8240,0.4373913
2026/08/01@16:29:01,8242,0.3930435
2026/08/01@16:29:02,8243,0.3178261
2026/08/01@16:29:03,8244,0.36391304
2026/08/01@16:29:04,8245,0.39391304
2026/08/01@16:29:05,8246,0.4169565
2026/08/01@16:29:06,8247,0.40130432
2026/08/01@16:29:07,8248,0.34173912
2026/08/01@16:29:08,8249,0.3247826
2026/08/01@16:29:09,8250,0.379130432
2026/08/01@16:29:10,8251,0.42608696
2026/08/01@16:29:11,8252,0.4178261
2026/08/01@16:29:12,8253,0.36739132
2026/08/01@16:29:14,8255,0.3326087
2026/08/01@16:29:15,8256,0.13217391
2026/08/01@16:29:16,8257,0.060869564
2026/08/01@16:29:17,8258,0.31565216
2026/08/01@16:29:18,8259,0.28173912
2026/08/01@16:29:19,8260,0.27695652
2026/08/01@16:29:20,8261,0.25608696
2026/08/01@16:29:21,8262,0.201739132
2026/08/01@16:29:22,8263,0.3726087
2026/08/01@16:29:23,8264,0.30130434
2026/08/01@16:29:24,8265,0.231304352
2026/08/01@16:29:25,8266,0.37434784
2026/08/01@16:29:27,8268,0.26347824
2026/08/01@16:29:28,8269,0.43
2026/08/01@16:29:29,8270,0.0
2026/08/01@16:29:30,8271,0.26913044
2026/08/01@16:29:31,8272,0.02826087
2026/08/01@16:29:32,8273,0.046086956
2026/08/01@16:29:33,8274,0.19347826
2026/08/01@16:29:34,8275,0.08
2026/08/01@16:29:35,8276,0.0
2026/08/01@16:29:36,8277,0.03521739
2026/08/01@16:29:37,8278,0.028695652
2026/08/01@16:29:38,8279,0.20217392
2026/08/01@16:29:40,8281,0.11434782
2026/08/01@16:29:41,8282,0.170434784
2026/08/01@16:29:42,8283,0.0
2026/08/01@16:29:43,8284,0.24304348
2026/08/01@16:29:44,8285,0.4573913
2026/08/01@16:29:45,8286,0.30652174
2026/08/01@16:29:46,8287,0.4573913
2026/08/01@16:29:47,8288,0.26173912
2026/08/01@16:29:48,8289,0.3173913
2026/08/01@16:29:49,8290,0.35
2026/08/01@16:29:50,8291,0.29565218
2026/08/01@16:29:51,8292,0.36913044
2026/08/01@16:29:53,8294,0.34695652
2026/08/01@16:29:54,8295,0.339565216
2026/08/01@16:29:55,8296,0.375217368
2026/08/01@16:29:56,8297,0.3104348
2026/08/01@16:29:57,8298,0.34304348
2026/08/01@16:29:58,8299,0.39217392
2026/08/01@16:29:59,8300,0.39086956
2026/08/01@16:30:00,8301,0.41130436
2026/08/01@16:30:01,8302,0.3352174
2026/08/01@16:30:02,8303,0.3495652
2026/08/01@16:30:03,8304,0.36043476
2026/08/01@16:30:04,8305,0.41130436
2026/08/01@16:30:06,8307,0.3973913
2026/08/01@16:30:07,8308,0.42608696
2026/08/01@16:30:08,8309,0.355652184
2026/08/01@16:30:09,8310,0.39565218
2026/08/01@16:30:10,8311,0.38391304
2026/08/01@16:30:11,8312,0.37608696
2026/08/01@16:30:12,8313,0.42
2026/08/01@16:30:13,8314,0.418695636
2026/08/01@16:30:14,8315,0.4304348
2026/08/01@16:30:15,8316,0.448695636
2026/08/01@16:30:16,8317,0.42608696
2026/08/01@16:30:17,8318,0.400869568
2026/08/01@16:30:19,8320,0.4621739
2026/08/01@16:30:20,8321,0.52217392
2026/08/01@16:30:21,8322,0.5304348
2026/08/01@16:30:22,8323,0.5047826
2026/08/01@16:30:23,8324,0.46913044
2026/08/01@16:30:24,8325,0.4721739
2026/08/01@16:30:25,8326,0.46869564
2026/08/01@16:30:26,8327,0.448695636
2026/08/01@16:30:27,8328,0.46565216
2026/08/01@16:30:28,8329,0.4452174
2026/08/01@16:30:29,8330,0.4321739
2026/08/01@16:30:30,8331,0.46869564
2026/08/01@16:30:32,8333,0.53695652
2026/08/01@16:30:33,8334,0.5047826
2026/08/01@16:30:34,8335,0.5134783
2026/08/01@16:30:35,8336,0.46347828
2026/08/01@16:30:36,8337,0.3973913
2026/08/01@16:30:37,8338,0.43695652
2026/08/01@16:30:38,8339,0.37608696
2026/08/01@16:30:39,8340,0.42
2026/08/01@16:30:40,8341,0.5756522
2026/08/01@16:30:41,8342,0.45347824
2026/08/01@16:30:42,8343,0.4347826
2026/08/01@16:30:43,8344,0.4373913
2026/08/01@16:30:44,8345,0.43869564
2026/08/01@16:30:46,8347,0.5556522
2026/08/01@16:30:47,8348,0.57391304
2026/08/01@16:30:48,8349,0.40826088
2026/08/01@16:30:49,8350,0.46565216
2026/08/01@16:30:50,8351,0.39913044
2026/08/01@16:30:51,8352,0.41956524
2026/08/01@16:30:52,8353,0.44695652
2026/08/01@16:30:53,8354,0.474782632
2026/08/01@16:30:54,8355,0.4452174
2026/08/01@16:30:55,8356,0.45086956
2026/08/01@16:30:56,8357,0.480434784
2026/08/01@16:30:58,8358,0.485652184
2026/08/01@16:30:59,8360,0.523913
2026/08/01@16:31:00,8361,0.49
2026/08/01@16:31:01,8362,0.4926087
2026/08/01@16:31:02,8363,0.55043476
2026/08/01@16:31:03,8364,0.46
2026/08/01@16:31:04,8365,0.4230435
2026/08/01@16:31:05,8366,0.4621739
2026/08/01@16:31:06,8367,0.436521736
2026/08/01@16:31:07,8368,0.43347828
2026/08/01@16:31:08,8369,0.44304348
2026/08/01@16:31:09,8370,0.45173912
2026/08/01@16:31:10,8371,0.440434784
2026/08/01@16:31:12,8373,0.41956524
2026/08/01@16:31:13,8374,0.43695652
2026/08/01@16:31:14,8375,0.43130434
2026/08/01@16:31:15,8376,0.40391304
2026/08/01@16:31:16,8377,0.37608696
2026/08/01@16:31:17,8378,0.38913044
2026/08/01@16:31:18,8379,0.39913044
2026/08/01@16:31:19,8380,0.39043476
2026/08/01@16:31:20,8381,0.3226087
2026/08/01@16:31:21,8382,0.370869568
2026/08/01@16:31:22,8383,0.29869564
2026/08/01@16:31:23,8384,0.2973913
2026/08/01@16:31:25,8386,0.34304348
2026/08/01@16:31:26,8387,0.33130434
2026/08/01@16:31:27,8388,0.4178261
2026/08/01@16:31:28,8389,0.21869566
2026/08/01@16:31:29,8390,0.2669565
2026/08/01@16:31:30,8391,0.2669565
2026/08/01@16:31:31,8392,0.2647826
2026/08/01@16:31:32,8393,0.38913044
2026/08/01@16:31:33,8394,0.41347826
2026/08/01@16:31:34,8395,0.32652172
2026/08/01@16:31:35,8396,0.42782608
2026/08/01@16:31:36,8397,0.34391304
2026/08/01@16:31:38,8399,0.29173914
2026/08/01@16:31:39,8400,0.4321739
2026/08/01@16:31:40,8401,0.3195652
2026/08/01@16:31:41,8402,0.3721739
2026/08/01@16:31:42,8403,0.404782632
2026/08/01@16:31:43,8404,0.28
2026/08/01@16:31:44,8405,0.448695636
2026/08/01@16:31:45,8406,0.40130432
2026/08/01@16:31:46,8407,0.31565216
2026/08/01@16:31:47,8408,0.16304348
2026/08/01@16:31:48,8409,0.27521738
2026/08/01@16:31:49,8410,0.2173913
2026/08/01@16:31:51,8412,0.2126087
2026/08/01@16:31:52,8413,0.2226087
2026/08/01@16:31:53,8414,0.03347826
2026/08/01@16:31:54,8415,0.0
2026/08/01@16:31:55,8416,0.022608696
2026/08/01@16:31:56,8417,0.019130434
2026/08/01@16:31:57,8418,0.12869565
2026/08/01@16:31:58,8419,0.0
2026/08/01@16:31:59,8420,0.0
2026/08/01@16:32:00,8421,0.028695652
2026/08/01@16:32:01,8422,0.0
2026/08/01@16:32:02,8423,0.0
2026/08/01@16:32:04,8425,0.23913044
2026/08/01@16:32:05,8426,0.09173913
2026/08/01@16:32:06,8427,0.009565217
2026/08/01@16:32:07,8428,0.41347826
2026/08/01@16:32:08,8429,0.26565218
2026/08/01@16:32:09,8430,0.24652174
2026/08/01@16:32:10,8431,0.3795652
2026/08/01@16:32:11,8432,0.36173912
2026/08/01@16:32:12,8433,0.28913044
2026/08/01@16:32:13,8434,0.29608696
2026/08/01@16:32:14,8435,0.27347828
2026/08/01@16:32:15,8436,0.27826086
2026/08/01@16:32:17,8438,0.27
2026/08/01@16:32:18,8439,0.2647826
2026/08/01@16:32:19,8440,0.27391306
2026/08/01@16:32:20,8441,0.2973913
2026/08/01@16:32:21,8442,0.3330435
2026/08/01@16:32:22,8443,0.10521739
2026/08/01@16:32:23,8444,0.0
2026/08/01@16:32:24,8445,0.2504348
2026/08/01@16:32:25,8446,0.44
2026/08/01@16:32:26,8447,0.17652174
2026/08/01@16:32:27,8448,0.018695652
2026/08/01@16:32:28,8449,0.0
2026/08/01@16:32:29,8450,0.11913043
2026/08/01@16:32:31,8452,0.38130436
2026/08/01@16:32:32,8453,0.113913048
2026/08/01@16:32:33,8454,0.1173913
2026/08/01@16:32:34,8455,0.14130434
2026/08/01@16:32:35,8456,0.10043478
2026/08/01@16:32:36,8457,0.0
2026/08/01@16:32:37,8458,0.0
2026/08/01@16:32:38,8459,0.0
2026/08/01@16:32:39,8460,0.0
2026/08/01@16:32:40,8461,0.0
2026/08/01@16:32:41,8462,0.0
2026/08/01@16:32:42,8463,0.11086956
2026/08/01@16:32:44,8465,0.0
2026/08/01@16:32:45,8466,0.0
2026/08/01@16:32:46,8467,0.21565217
2026/08/01@16:32:47,8468,0.36217392
2026/08/01@16:32:48,8469,0.4178261
2026/08/01@16:32:49,8470,0.2873913
2026/08/01@16:32:50,8471,0.2821739
2026/08/01@16:32:51,8472,0.2504348
2026/08/01@16:32:52,8473,0.49565216
2026/08/01@16:32:53,8474,0.3873913
2026/08/01@16:32:54,8475,0.29043478
2026/08/01@16:32:55,8476,0.31478262
2026/08/01@16:32:57,8478,0.29391304
2026/08/01@16:32:58,8479,0.37608696
2026/08/01@16:32:59,8480,0.63521736
2026/08/01@16:33:00,8481,0.39391304
2026/08/01@16:33:01,8482,0.2804348
2026/08/01@16:33:02,8483,0.39608696
2026/08/01@16:33:03,8484,0.38913044
2026/08/01@16:33:04,8485,0.35
2026/08/01@16:33:05,8486,0.170434784
2026/08/01@16:33:06,8487,0.3326087
2026/08/01@16:33:07,8488,0.29347824
2026/08/01@16:33:08,8489,0.26652176
2026/08/01@16:33:10,8491,0.370869568
2026/08/01@16:33:11,8492,0.30565216
2026/08/01@16:33:12,8493,0.24695652
2026/08/01@16:33:13,8494,0.39217392
2026/08/01@16:33:14,8495,0.3478261
2026/08/01@16:33:15,8496,0.3326087
2026/08/01@16:33:16,8497,0.41434784
2026/08/01@16:33:17,8498,0.31130436
2026/08/01@16:33:18,8499,0.398260868
2026/08/01@16:33:19,8500,0.44
2026/08/01@16:33:20,8501,0.41956524
2026/08/01@16:33:21,8502,0.418695636
2026/08/01@16:33:23,8504,0.4147826
2026/08/01@16:33:24,8505,0.38782608
2026/08/01@16:33:25,8506,0.404782632
2026/08/01@16:33:26,8507,0.428260868
2026/08/01@16:33:27,8508,0.47913044
2026/08/01@16:33:28,8509,0.455652184
2026/08/01@16:33:29,8510,0.4395652
2026/08/01@16:33:30,8511,0.41434784
2026/08/01@16:33:31,8512,0.42652176
2026/08/01@16:33:32,8513,0.45
2026/08/01@16:33:33,8514,0.48782608
2026/08/01@16:33:34,8515,0.48608696
2026/08/01@16:33:36,8517,0.4452174
2026/08/01@16:33:37,8518,0.41130436
2026/08/01@16:33:38,8519,0.43347828
2026/08/01@16:33:39,8520,0.48608696
2026/08/01@16:33:40,8521,0.52
2026/08/01@16:33:41,8522,0.53
2026/08/01@16:33:42,8523,0.5404348
2026/08/01@16:33:43,8524,0.5069565
2026/08/01@16:33:44,8525,0.5052174
2026/08/01@16:33:45,8526,0.533913
2026/08/01@16:33:46,8527,0.5204348
2026/08/01@16:33:47,8528,0.51608692
2026/08/01@16:33:49,8530,0.4778261
2026/08/01@16:33:50,8531,0.42
2026/08/01@16:33:51,8532,0.42
2026/08/01@16:33:52,8533,0.4552174
2026/08/01@16:33:53,8534,0.4778261
2026/08/01@16:33:54,8535,0.435217368
2026/08/01@16:33:55,8536,0.4452174
2026/08/01@16:33:56,8537,0.404782632
2026/08/01@16:33:57,8538,0.40304348
2026/08/01@16:33:58,8539,0.454347816
2026/08/01@16:33:59,8540,0.44652172
2026/08/01@16:34:00,8541,0.43869564
2026/08/01@16:34:01,8542,0.40434784
2026/08/01@16:34:03,8544,0.43130434
2026/08/01@16:34:04,8545,0.4447826
2026/08/01@16:34:05,8546,0.4473913
2026/08/01@16:34:06,8547,0.441739136
2026/08/01@16:34:07,8548,0.40826088
2026/08/01@16:34:08,8549,0.42608696
2026/08/01@16:34:09,8550,0.435217368
2026/08/01@16:34:10,8551,0.42347828
2026/08/01@16:34:11,8552,0.34695652
2026/08/01@16:34:12,8553,0.4021739
2026/08/01@16:34:13,8554,0.32304348
2026/08/01@16:34:14,8555,0.4973913
2026/08/01@16:34:16,8557,0.355652184
2026/08/01@16:34:17,8558,0.32173914
2026/08/01@16:34:18,8559,0.40304348
2026/08/01@16:34:19,8560,0.496521736
2026/08/01@16:34:20,8561,0.6478261
2026/08/01@16:34:21,8562,0.24130436
2026/08/01@16:34:22,8563,0.4247826
2026/08/01@16:34:23,8564,0.35
2026/08/01@16:34:24,8565,0.350434784
2026/08/01@16:34:25,8566,0.3495652
2026/08/01@16:34:26,8567,0.28565216
2026/08/01@16:34:27,8568,0.69
2026/08/01@16:34:29,8570,0.3078261
2026/08/01@16:34:30,8571,0.32782608
2026/08/01@16:34:31,8572,0.20913044
2026/08/01@16:34:32,8573,0.69652176
2026/08/01@16:34:33,8574,0.06652174
2026/08/01@16:34:34,8575,0.13956522
2026/08/01@16:34:35,8576,0.0
2026/08/01@16:34:36,8577,0.0
2026/08/01@16:34:37,8578,0.035652176
2026/08/01@16:34:38,8579,0.27130434
2026/08/01@16:34:39,8580,0.1926087
2026/08/01@16:34:40,8581,0.09695652
2026/08/01@16:34:42,8583,0.14434783
2026/08/01@16:34:43,8584,0.0
2026/08/01@16:34:44,8585,0.0
2026/08/01@16:34:45,8586,0.24608696
2026/08/01@16:34:46,8587,0.23913044
2026/08/01@16:34:47,8588,0.4
2026/08/01@16:34:48,8589,0.3195652
2026/08/01@16:34:49,8590,0.29608696
2026/08/01@16:34:50,8591,0.4447826
2026/08/01@16:34:51,8592,0.46086956
2026/08/01@16:34:52,8593,0.12173913
2026/08/01@16:34:53,8594,0.27565216
2026/08/01@16:34:55,8596,0.35913044
2026/08/01@16:34:56,8597,0.194347824
2026/08/01@16:34:57,8598,0.12695652
2026/08/01@16:34:58,8599,0.43695652
2026/08/01@16:34:59,8600,0.42608696
2026/08/01@16:35:00,8601,0.21086956
2026/08/01@16:35:01,8602,0.203913036
2026/08/01@16:35:02,8603,0.34695652
2026/08/01@16:35:03,8604,0.002173913
2026/08/01@16:35:04,8605,0.008260869
2026/08/01@16:35:05,8606,0.08782609
2026/08/01@16:35:06,8607,0.0360869568
2026/08/01@16:35:08,8609,0.100869568
2026/08/01@16:35:09,8610,0.0360869568
2026/08/01@16:35:10,8611,0.047826084
2026/08/01@16:35:11,8612,0.19521738
2026/08/01@16:35:12,8613,0.15434782
2026/08/01@16:35:13,8614,0.16304348
2026/08/01@16:35:14,8615,0.4456522
2026/08/01@16:35:15,8616,0.27347828
2026/08/01@16:35:16,8617,0.39913044
2026/08/01@16:35:17,8618,0.3178261
2026/08/01@16:35:18,8619,0.30739132
2026/08/01@16:35:19,8620,0.227826092
2026/08/01@16:35:21,8622,0.42695652
2026/08/01@16:35:22,8623,0.30043476
2026/08/01@16:35:23,8624,0.27869564
2026/08/01@16:35:24,8625,0.3330435
2026/08/01@16:35:25,8626,0.406521736
2026/08/01@16:35:26,8627,0.5508696
2026/08/01@16:35:27,8628,0.38217392
2026/08/01@16:35:28,8629,0.32608696
2026/08/01@16:35:29,8630,0.38608696
2026/08/01@16:35:30,8631,0.3626087
2026/08/01@16:35:31,8632,0.35826088
2026/08/01@16:35:32,8633,0.33869564
2026/08/01@16:35:34,8635,0.39217392
2026/08/01@16:35:35,8636,0.45217392
2026/08/01@16:35:36,8637,0.4721739
2026/08/01@16:35:37,8638,0.42869564
2026/08/01@16:35:38,8639,0.3547826
2026/08/01@16:35:39,8640,0.399565216
2026/08/01@16:35:40,8641,0.43130434
2026/08/01@16:35:41,8642,0.456956536
2026/08/01@16:35:42,8643,0.456956536
2026/08/01@16:35:43,8644,0.4447826
2026/08/01@16:35:44,8645,0.39565218
2026/08/01@16:35:45,8646,0.4252174
2026/08/01@16:35:47,8648,0.480434784
2026/08/01@16:35:48,8649,0.498260868
2026/08/01@16:35:49,8650,0.45086956
2026/08/01@16:35:50,8651,0.4095652
2026/08/01@16:35:51,8652,0.37869568
2026/08/01@16:35:52,8653,0.39913044
2026/08/01@16:35:53,8654,0.456956536
2026/08/01@16:35:54,8655,0.46913044
2026/08/01@16:35:55,8656,0.45913044
2026/08/01@16:35:56,8657,0.39391304
2026/08/01@16:35:57,8658,0.368260868
2026/08/01@16:35:58,8659,0.38391304
2026/08/01@16:35:59,8660,0.441739136
2026/08/01@16:36:01,8662,0.4552174
2026/08/01@16:36:02,8663,0.43391304
2026/08/01@16:36:03,8664,0.4373913
2026/08/01@16:36:04,8665,0.398260868
2026/08/01@16:36:05,8666,0.37
2026/08/01@16:36:06,8667,0.3930435
2026/08/01@16:36:07,8668,0.418695636
2026/08/01@16:36:08,8669,0.385652184
2026/08/01@16:36:09,8670,0.32304348
2026/08/01@16:36:10,8671,0.3247826
2026/08/01@16:36:11,8672,0.338260868
2026/08/01@16:36:12,8673,0.3347826
2026/08/01@16:36:14,8675,0.32913044
2026/08/01@16:36:15,8676,0.41826088
2026/08/01@16:36:16,8677,0.3547826
2026/08/01@16:36:17,8678,0.470434784
2026/08/01@16:36:18,8679,0.370869568
2026/08/01@16:36:19,8680,0.40130432
2026/08/01@16:36:20,8681,0.3652174
2026/08/01@16:36:21,8682,0.3795652
2026/08/01@16:36:22,8683,0.34391304
2026/08/01@16:36:23,8684,0.375217368
2026/08/01@16:36:24,8685,0.3778261
2026/08/01@16:36:25,8686,0.40130432
2026/08/01@16:36:27,8688,0.41260868
2026/08/01@16:36:28,8689,0.3869565
2026/08/01@16:36:29,8690,0.31913042
2026/08/01@16:36:30,8691,0.39782608
2026/08/01@16:36:31,8692,0.45608696
2026/08/01@16:36:32,8693,0.40608696
2026/08/01@16:36:33,8694,0.4773913
2026/08/01@16:36:34,8695,0.42608696
2026/08/01@16:36:35,8696,0.40130432
2026/08/01@16:36:36,8697,0.39043476
2026/08/01@16:36:37,8698,0.43695652
2026/08/01@16:36:38,8699,0.4826087
2026/08/01@16:36:40,8701,0.43826088
2026/08/01@16:36:41,8702,0.388695636
2026/08/01@16:36:42,8703,0.37434784
2026/08/01@16:36:43,8704,0.4073913
2026/08/01@16:36:44,8705,0.49304348
2026/08/01@16:36:45,8706,0.5147826
2026/08/01@16:36:46,8707,0.47304348
2026/08/01@16:36:47,8708,0.38913044
2026/08/01@16:36:48,8709,0.3478261
2026/08/01@16:36:49,8710,0.4178261
2026/08/01@16:36:50,8711,0.4995652
2026/08/01@16:36:51,8712,0.5352174
2026/08/01@16:36:53,8714,0.48086956
2026/08/01@16:36:54,8715,0.35
2026/08/01@16:36:55,8716,0.3778261
2026/08/01@16:36:56,8717,0.39391304
2026/08/01@16:36:57,8718,0.53695652
2026/08/01@16:36:58,8719,0.48913044
2026/08/01@16:36:59,8720,0.5178261
2026/08/01@16:37:00,8721,0.43869564
2026/08/01@16:37:01,8722,0.448695636
2026/08/01@16:37:02,8723,0.454347816
2026/08/01@16:37:03,8724,0.4995652
2026/08/01@16:37:04,8725,0.52130436
2026/08/01@16:37:06,8727,0.53086952
2026/08/01@16:37:07,8728,0.4726087
2026/08/01@16:37:08,8729,0.53217392
2026/08/01@16:37:09,8730,0.5178261
2026/08/01@16:37:10,8731,0.5043478
2026/08/01@16:37:11,8732,0.54565216
2026/08/01@16:37:12,8733,0.5721739
2026/08/01@16:37:13,8734,0.394347816
2026/08/01@16:37:14,8735,0.30304348
2026/08/01@16:37:15,8736,0.32608696
2026/08/01@16:37:16,8737,0.4626087
2026/08/01@16:37:17,8738,0.5204348
2026/08/01@16:37:19,8740,0.53652176
2026/08/01@16:37:20,8741,0.43826088
2026/08/01@16:37:21,8742,0.37565216
2026/08/01@16:37:22,8743,0.45869564
2026/08/01@16:37:23,8744,0.5330435
2026/08/01@16:37:24,8745,0.6273913
2026/08/01@16:37:25,8746,0.56826084
2026/08/01@16:37:26,8747,0.5026087
2026/08/01@16:37:27,8748,0.4421739
2026/08/01@16:37:28,8749,0.391304352
2026/08/01@16:37:29,8750,0.448695636
2026/08/01@16:37:30,8751,0.5047826
2026/08/01@16:37:32,8753,0.31913042
2026/08/01@16:37:33,8754,0.351739136
2026/08/01@16:37:34,8755,0.12434783
2026/08/01@16:37:35,8756,0.28434784
2026/08/01@16:37:36,8757,0.411739136
2026/08/01@16:37:37,8758,0.46391304
2026/08/01@16:37:38,8759,0.4230435
2026/08/01@16:37:39,8760,0.3552174
2026/08/01@16:37:40,8761,0.31565216
2026/08/01@16:37:41,8762,0.016956522
2026/08/01@16:37:42,8763,0.016521738
2026/08/01@16:37:43,8764,0.020869566
2026/08/01@16:37:45,8766,0.23956522
2026/08/01@16:37:46,8767,0.09913044
2026/08/01@16:37:47,8768,0.016521738
2026/08/01@16:37:48,8769,0.208695652
2026/08/01@16:37:49,8770,0.14782609
2026/08/01@16:37:50,8771,0.038695652
2026/08/01@16:37:51,8772,0.0
2026/08/01@16:37:52,8773,0.09521739
2026/08/01@16:37:53,8774,0.04695652
2026/08/01@16:37:54,8775,0.28869566
2026/08/01@16:37:55,8776,0.029130434
2026/08/01@16:37:56,8777,0.19391304
2026/08/01@16:37:58,8779,0.0
2026/08/01@16:37:59,8780,0.21565217
2026/08/01@16:38:00,8781,0.39608696
2026/08/01@16:38:01,8782,0.3352174
2026/08/01@16:38:02,8783,0.24956522
2026/08/01@16:38:03,8784,0.10695652
2026/08/01@16:38:04,8785,0.020869566
2026/08/01@16:38:05,8786,0.080434784
2026/08/01@16:38:06,8787,0.14913044
2026/08/01@16:38:07,8788,0.15173914
2026/08/01@16:38:08,8789,0.0
2026/08/01@16:38:09,8790,0.13652174
2026/08/01@16:38:10,8791,0.21608696
2026/08/01@16:38:12,8793,0.0
2026/08/01@16:38:13,8794,0.11956522
2026/08/01@16:38:14,8795,0.11956522
2026/08/01@16:38:15,8796,0.03347826
2026/08/01@16:38:16,8797,0.3178261
2026/08/01@16:38:17,8798,0.30565216
2026/08/01@16:38:18,8799,0.07782609
2026/08/01@16:38:19,8800,0.035652176
2026/08/01@16:38:20,8801,0.0013043479
2026/08/01@16:38:21,8802,0.29913044
2026/08/01@16:38:22,8803,0.0030434784
2026/08/01@16:38:23,8804,0.0
2026/08/01@16:38:25,8806,0.20217392
2026/08/01@16:38:26,8807,0.10869565
2026/08/01@16:38:27,8808,0.14652173
2026/08/01@16:38:28,8809,0.40565216
2026/08/01@16:38:29,8810,0.27347828
2026/08/01@16:38:30,8811,0.28173912
2026/08/01@16:38:31,8812,0.27
2026/08/01@16:38:32,8813,0.3178261
2026/08/01@16:38:33,8814,0.069565216
2026/08/01@16:38:34,8815,0.32826088
2026/08/01@16:38:35,8816,0.36695652
2026/08/01@16:38:36,8817,0.37608696
2026/08/01@16:38:38,8819,0.4169565
2026/08/01@16:38:39,8820,0.3421739
2026/08/01@16:38:40,8821,0.4078261
2026/08/01@16:38:41,8822,0.44695652
2026/08/01@16:38:42,8823,0.44304348
2026/08/01@16:38:43,8824,0.24695652
2026/08/01@16:38:44,8825,0.24652174
2026/08/01@16:38:45,8826,0.34695652
2026/08/01@16:38:46,8827,0.370869568
2026/08/01@16:38:47,8828,0.440434784
2026/08/01@16:38:48,8829,0.6104348
2026/08/01@16:38:49,8830,0.63
2026/08/01@16:38:51,8832,0.40391304
2026/08/01@16:38:52,8833,0.52913048
2026/08/01@16:38:53,8834,0.5347826
2026/08/01@16:38:54,8835,0.61913044
2026/08/01@16:38:55,8836,0.5656522
2026/08/01@16:38:56,8837,0.4926087
2026/08/01@16:38:57,8838,0.51173916
2026/08/01@16:38:58,8839,0.4304348
2026/08/01@16:38:59,8840,0.43391304
2026/08/01@16:39:00,8841,0.47913044
2026/08/01@16:39:01,8842,0.46565216
2026/08/01@16:39:02,8843,0.480434784
2026/08/01@16:39:04,8845,0.4552174
2026/08/01@16:39:05,8846,0.39608696
2026/08/01@16:39:06,8847,0.3869565
2026/08/01@16:39:07,8848,0.4321739
2026/08/01@16:39:08,8849,0.43695652
2026/08/01@16:39:09,8850,0.440434784
2026/08/01@16:39:10,8851,0.400869568
2026/08/01@16:39:11,8852,0.38913044
2026/08/01@16:39:12,8853,0.4452174
2026/08/01@16:39:13,8854,0.485652184
2026/08/01@16:39:14,8855,0.44391304
2026/08/01@16:39:15,8856,0.3926087
2026/08/01@16:39:17,8858,0.4573913
2026/08/01@16:39:18,8859,0.39913044
2026/08/01@16:39:19,8860,0.38434784
2026/08/01@16:39:20,8861,0.36739132
2026/08/01@16:39:21,8862,0.35304348
2026/08/01@16:39:22,8863,0.3773913
2026/08/01@16:39:23,8864,0.37434784
2026/08/01@16:39:24,8865,0.41347826
2026/08/01@16:39:25,8866,0.398260868
2026/08/01@16:39:26,8867,0.38913044
2026/08/01@16:39:27,8868,0.36043476
2026/08/01@16:39:28,8869,0.43695652
2026/08/01@16:39:30,8871,0.4152174
2026/08/01@16:39:31,8872,0.39608696
2026/08/01@16:39:32,8873,0.38130436
2026/08/01@16:39:33,8874,0.36739132
2026/08/01@16:39:34,8875,0.429565216
2026/08/01@16:39:35,8876,0.43391304
2026/08/01@16:39:36,8877,0.4021739
2026/08/01@16:39:37,8878,0.4073913
2026/08/01@16:39:38,8879,0.37434784
2026/08/01@16:39:39,8880,0.39652176
2026/08/01@16:39:40,8881,0.33695652
2026/08/01@16:39:41,8882,0.35217392
2026/08/01@16:39:43,8884,0.37173912
2026/08/01@16:39:44,8885,0.29608696
2026/08/01@16:39:45,8886,0.36391304
2026/08/01@16:39:46,8887,0.31913042
2026/08/01@16:39:47,8888,0.30086956
2026/08/01@16:39:48,8889,0.33608696
2026/08/01@16:39:49,8890,0.5030435
2026/08/01@16:39:50,8891,0.3252174
2026/08/01@16:39:51,8892,0.3573913
2026/08/01@16:39:52,8893,0.388695636
2026/08/01@16:39:53,8894,0.4526087
2026/08/01@16:39:54,8895,0.454347816
2026/08/01@16:39:56,8897,0.373478268
2026/08/01@16:39:57,8898,0.36391304
2026/08/01@16:39:58,8899,0.40304348
2026/08/01@16:39:59,8900,0.46565216
2026/08/01@16:40:00,8901,0.52304348
2026/08/01@16:40:01,8902,0.49434784
2026/08/01@16:40:02,8903,0.41
2026/08/01@16:40:03,8904,0.4026087
2026/08/01@16:40:04,8905,0.45391304
2026/08/01@16:40:05,8906,0.50869568
2026/08/01@16:40:06,8907,0.5373913
2026/08/01@16:40:07,8908,0.4621739
2026/08/01@16:40:08,8909,0.4178261
2026/08/01@16:40:10,8911,0.38434784
2026/08/01@16:40:11,8912,0.394347816
2026/08/01@16:40:12,8913,0.46565216
2026/08/01@16:40:13,8914,0.46086956
2026/08/01@16:40:14,8915,0.4778261
2026/08/01@16:40:15,8916,0.41086956
2026/08/01@16:40:16,8917,0.37434784
2026/08/01@16:40:17,8918,0.37
2026/08/01@16:40:18,8919,0.44695652
2026/08/01@16:40:19,8920,0.47304348
2026/08/01@16:40:20,8921,0.484347816
2026/08/01@16:40:21,8922,0.441739136
2026/08/01@16:40:23,8924,0.388695636
2026/08/01@16:40:24,8925,0.404782632
2026/08/01@16:40:25,8926,0.4621739
2026/08/01@16:40:26,8927,0.5352174
2026/08/01@16:40:27,8928,0.5352174
2026/08/01@16:40:28,8929,0.45608696
2026/08/01@16:40:29,8930,0.4073913
2026/08/01@16:40:30,8931,0.40304348
2026/08/01@16:40:31,8932,0.46695652
2026/08/01@16:40:32,8933,0.46086956
2026/08/01@16:40:33,8934,0.465217368
2026/08/01@16:40:34,8935,0.4526087
2026/08/01@16:40:36,8937,0.40434784
2026/08/01@16:40:37,8938,0.40608696
2026/08/01@16:40:38,8939,0.45043476
2026/08/01@16:40:39,8940,0.489565216
2026/08/01@16:40:40,8941,0.5330435
2026/08/01@16:40:41,8942,0.51608692
2026/08/01@16:40:42,8943,0.440434784
2026/08/01@16:40:43,8944,0.4526087
2026/08/01@16:40:44,8945,0.5247826
2026/08/01@16:40:45,8946,0.55347824
2026/08/01@16:40:46,8947,0.4926087
2026/08/01@16:40:47,8948,0.5195652
2026/08/01@16:40:49,8950,0.49434784
2026/08/01@16:40:50,8951,0.49347828
2026/08/01@16:40:51,8952,0.54565216
2026/08/01@16:40:52,8953,0.57652176
2026/08/01@16:40:53,8954,0.5721739
2026/08/01@16:40:54,8955,0.5552174
2026/08/01@16:40:55,8956,0.5204348
2026/08/01@16:40:56,8957,0.5147826
2026/08/01@16:40:57,8958,0.5182609
2026/08/01@16:40:58,8959,0.52347824
2026/08/01@16:40:59,8960,0.47304348
2026/08/01@16:41:00,8961,0.5078261
2026/08/01@16:41:02,8963,0.4021739
2026/08/01@16:41:03,8964,0.5473913
2026/08/01@16:41:04,8965,0.43391304
2026/08/01@16:41:05,8966,0.4695652
2026/08/01@16:41:06,8967,0.43391304
2026/08/01@16:41:07,8968,0.39652176
2026/08/01@16:41:08,8969,0.35130436
2026/08/01@16:41:09,8970,0.32304348
2026/08/01@16:41:10,8971,0.25608696
2026/08/01@16:41:11,8972,0.45869564
2026/08/01@16:41:12,8973,0.48652176
2026/08/01@16:41:13,8974,0.45
2026/08/01@16:41:15,8976,0.4147826
2026/08/01@16:41:16,8977,0.41434784
2026/08/01@16:41:17,8978,0.41956524
2026/08/01@16:41:18,8979,0.428260868
2026/08/01@16:41:19,8980,0.43695652
2026/08/01@16:41:20,8981,0.44695652
2026/08/01@16:41:21,8982,0.42130436
2026/08/01@16:41:22,8983,0.4073913
2026/08/01@16:41:23,8984,0.38782608
2026/08/01@16:41:24,8985,0.4073913
2026/08/01@16:41:25,8986,0.416086936
2026/08/01@16:41:26,8987,0.4152174
2026/08/01@16:41:28,8989,0.36347828
2026/08/01@16:41:29,8990,0.3247826
2026/08/01@16:41:30,8991,0.31086956
2026/08/01@16:41:31,8992,0.406521736
2026/08/01@16:41:32,8993,0.41652172
2026/08/01@16:41:33,8994,0.38913044
2026/08/01@16:41:34,8995,0.37434784
2026/08/01@16:41:35,8996,0.024347826
2026/08/01@16:41:36,8997,0.2721739
2026/08/01@16:41:37,8998,0.21043478
2026/08/01@16:41:38,8999,0.37391304
2026/08/01@16:41:39,9000,0.15782608
2026/08/01@16:41:41,9002,0.2969565
2026/08/01@16:41:42,9003,0.0
2026/08/01@16:41:43,9004,0.30391306
2026/08/01@16:41:44,9005,0.024347826
2026/08/01@16:41:45,9006,0.11521739
2026/08/01@16:41:46,9007,0.0
2026/08/01@16:41:47,9008,0.0
2026/08/01@16:41:48,9009,0.224347824
2026/08/01@16:41:49,9010,0.10217391
2026/08/01@16:41:50,9011,0.2073913
2026/08/01@16:41:51,9012,0.08608696
2026/08/01@16:41:52,9013,0.24347826
2026/08/01@16:41:54,9015,0.248260868
2026/08/01@16:41:55,9016,0.2647826
2026/08/01@16:41:56,9017,0.020869566
2026/08/01@16:41:57,9018,0.36043476
2026/08/01@16:41:58,9019,0.3647826
2026/08/01@16:41:59,9020,0.3795652
2026/08/01@16:42:00,9021,0.39086956
2026/08/01@16:42:01,9022,0.39217392
2026/08/01@16:42:02,9023,0.3873913
2026/08/01@16:42:03,9024,0.3773913
2026/08/01@16:42:04,9025,0.35130436
2026/08/01@16:42:05,9026,0.33869564
2026/08/01@16:42:07,9028,0.351739136
2026/08/01@16:42:08,9029,0.3478261
2026/08/01@16:42:09,9030,0.35
2026/08/01@16:42:10,9031,0.385652184
2026/08/01@16:42:11,9032,0.39565218
2026/08/01@16:42:12,9033,0.4230435
2026/08/01@16:42:13,9034,0.39913044
2026/08/01@16:42:14,9035,0.2647826
2026/08/01@16:42:15,9036,0.33347828
2026/08/01@16:42:16,9037,0.2969565
2026/08/01@16:42:17,9038,0.29
2026/08/01@16:42:18,9039,0.38130436
2026/08/01@16:42:20,9041,0.4304348
2026/08/01@16:42:21,9042,0.46
2026/08/01@16:42:22,9043,0.4673913
2026/08/01@16:42:23,9044,0.484347816
2026/08/01@16:42:24,9045,0.64086956
2026/08/01@16:42:25,9046,0.5417391
2026/08/01@16:42:26,9047,0.5113043
2026/08/01@16:42:27,9048,0.55608696
2026/08/01@16:42:28,9049,0.43304348
2026/08/01@16:42:29,9050,0.41086956
2026/08/01@16:42:30,9051,0.47391304
2026/08/01@16:42:31,9052,0.485652184
2026/08/01@16:42:33,9053,0.47391304
2026/08/01@16:42:34,9055,0.4830435
2026/08/01@16:42:35,9056,0.456956536
2026/08/01@16:42:36,9057,0.46347828
2026/08/01@16:42:37,9058,0.4721739
2026/08/01@16:42:38,9059,0.478695636
2026/08/01@16:42:39,9060,0.47304348
2026/08/01@16:42:40,9061,0.5047826
2026/08/01@16:42:41,9062,0.440434784
2026/08/01@16:42:42,9063,0.42173912
2026/08/01@16:42:43,9064,0.4304348
2026/08/01@16:42:44,9065,0.50608692
2026/08/01@16:42:45,9066,0.4973913
2026/08/01@16:42:47,9068,0.4552174
2026/08/01@16:42:48,9069,0.4152174
2026/08/01@16:42:49,9070,0.411739136
2026/08/01@16:42:50,9071,0.43130434
2026/08/01@16:42:51,9072,0.46347828
2026/08/01@16:42:52,9073,0.46913044
2026/08/01@16:42:53,9074,0.47695652
2026/08/01@16:42:54,9075,0.43826088
2026/08/01@16:42:55,9076,0.41347826
2026/08/01@16:42:56,9077,0.45173912
2026/08/01@16:42:57,9078,0.4673913
2026/08/01@16:42:58,9079,0.4830435
2026/08/01@16:43:00,9081,0.4673913
2026/08/01@16:43:01,9082,0.4621739
2026/08/01@16:43:02,9083,0.43
2026/08/01@16:43:03,9084,0.436521736
2026/08/01@16:43:04,9085,0.46913044
2026/08/01@16:43:05,9086,0.55956524
2026/08/01@16:43:06,9087,0.5704348
2026/08/01@16:43:07,9088,0.52869564
2026/08/01@16:43:08,9089,0.43695652
2026/08/01@16:43:09,9090,0.45913044
2026/08/01@16:43:10,9091,0.5
2026/08/01@16:43:11,9092,0.5569565
2026/08/01@16:43:13,9094,0.48217392
2026/08/01@16:43:14,9095,0.5043478
2026/08/01@16:43:15,9096,0.2826087
2026/08/01@16:43:16,9097,0.38130436
2026/08/01@16:43:17,9098,0.50869568
2026/08/01@16:43:18,9099,0.4021739
2026/08/01@16:43:19,9100,0.42130436
2026/08/01@16:43:20,9101,0.41086956
2026/08/01@16:43:21,9102,0.480434784
2026/08/01@16:43:22,9103,0.46608696
2026/08/01@16:43:23,9104,0.43869564
2026/08/01@16:43:24,9105,0.41956524
2026/08/01@16:43:26,9107,0.338260868
2026/08/01@16:43:27,9108,0.29391304
2026/08/01@16:43:28,9109,0.24347826
2026/08/01@16:43:29,9110,0.46391304
2026/08/01@16:43:30,9111,0.45173912
2026/08/01@16:43:31,9112,0.411739136
2026/08/01@16:43:32,9113,0.4230435
2026/08/01@16:43:33,9114,0.39782608
2026/08/01@16:43:34,9115,0.3421739
2026/08/01@16:43:35,9116,0.3478261
2026/08/01@16:43:36,9117,0.358695636
2026/08/01@16:43:37,9118,0.37173912
2026/08/01@16:43:39,9120,0.2826087
2026/08/01@16:43:40,9121,0.29
2026/08/01@16:43:41,9122,0.27869564
2026/08/01@16:43:42,9123,0.27173912
2026/08/01@16:43:43,9124,0.023913042
2026/08/01@16:43:44,9125,0.10391305
2026/08/01@16:43:45,9126,0.022173914
2026/08/01@16:43:46,9127,0.028695652
2026/08/01@16:43:47,9128,0.28434784
2026/08/01@16:43:48,9129,0.30608696
2026/08/01@16:43:49,9130,0.09217391
2026/08/01@16:43:50,9131,0.017391304
2026/08/01@16:43:52,9133,0.3326087
2026/08/01@16:43:53,9134,0.2973913
2026/08/01@16:43:54,9135,0.20565218
2026/08/01@16:43:55,9136,0.27173912
2026/08/01@16:43:56,9137,0.2595652
2026/08/01@16:43:57,9138,0.30391306
2026/08/01@16:43:58,9139,0.29782608
2026/08/01@16:43:59,9140,0.4778261
2026/08/01@16:44:00,9141,0.31130436
2026/08/01@16:44:01,9142,0.12391304
2026/08/01@16:44:02,9143,0.16304348
2026/08/01@16:44:03,9144,0.18565216
2026/08/01@16:44:05,9146,0.1426087
2026/08/01@16:44:06,9147,0.18347826
2026/08/01@16:44:07,9148,0.1173913
2026/08/01@16:44:08,9149,0.30652174
2026/08/01@16:44:09,9150,0.041304348
2026/08/01@16:44:10,9151,0.23956522
2026/08/01@16:44:11,9152,0.19
2026/08/01@16:44:12,9153,0.27913044
2026/08/01@16:44:13,9154,0.14608696
2026/08/01@16:44:14,9155,0.28913044
2026/08/01@16:44:15,9156,0.30391306
2026/08/01@16:44:16,9157,0.32608696
2026/08/01@16:44:18,9159,0.31608696
2026/08/01@16:44:19,9160,0.3352174
2026/08/01@16:44:20,9161,0.10217391
2026/08/01@16:44:21,9162,0.22826088
2026/08/01@16:44:22,9163,0.26913044
2026/08/01@16:44:23,9164,0.4078261
2026/08/01@16:44:24,9165,0.31086956
2026/08/01@16:44:25,9166,0.057826088
2026/08/01@16:44:26,9167,0.21913044
2026/08/01@16:44:27,9168,0.30043476
2026/08/01@16:44:28,9169,0.115652176
2026/08/01@16:44:29,9170,0.0
2026/08/01@16:44:31,9172,0.22956522
2026/08/01@16:44:32,9173,0.080434784
2026/08/01@16:44:33,9174,0.35652172
2026/08/01@16:44:34,9175,0.11913043
2026/08/01@16:44:35,9176,0.373478268
2026/08/01@16:44:36,9177,0.29434782
2026/08/01@16:44:37,9178,0.015652174
2026/08/01@16:44:38,9179,0.016956522
2026/08/01@16:44:39,9180,0.25434784
2026/08/01@16:44:40,9181,0.000434782632
2026/08/01@16:44:41,9182,0.211304352
2026/08/01@16:44:42,9183,0.0
2026/08/01@16:44:44,9185,0.14608696
2026/08/01@16:44:45,9186,0.23913044
2026/08/01@16:44:46,9187,0.24434782
2026/08/01@16:44:47,9188,0.201739132
2026/08/01@16:44:48,9189,0.27565216
2026/08/01@16:44:49,9190,0.0
2026/08/01@16:44:50,9191,0.06
2026/08/01@16:44:51,9192,0.03
2026/08/01@16:44:52,9193,0.231304352
2026/08/01@16:44:53,9194,0.37391304
2026/08/01@16:44:54,9195,0.06130435
2026/08/01@16:44:55,9196,0.338260868
2026/08/01@16:44:57,9198,0.01826087
2026/08/01@16:44:58,9199,0.08608696
2026/08/01@16:44:59,9200,0.202608684
2026/08/01@16:45:00,9201,0.017391304
2026/08/01@16:45:01,9202,0.25347826
2026/08/01@16:45:02,9203,0.28608696
2026/08/01@16:45:03,9204,0.34826088
2026/08/01@16:45:04,9205,0.35
2026/08/01@16:45:05,9206,0.0
2026/08/01@16:45:06,9207,0.08782609
2026/08/01@16:45:07,9208,0.27695652
2026/08/01@16:45:08,9209,0.112173912
2026/08/01@16:45:10,9210,0.0
2026/08/01@16:45:11,9212,0.0
2026/08/01@16:45:12,9213,0.19217392
2026/08/01@16:45:13,9214,0.406521736
2026/08/01@16:45:14,9215,0.11173913
2026/08/01@16:45:15,9216,0.107391304
2026/08/01@16:45:16,9217,0.0
2026/08/01@16:45:17,9218,0.0
2026/08/01@16:45:18,9219,0.043913044
2026/08/01@16:45:19,9220,0.187391316
2026/08/01@16:45:20,9221,0.066086952
2026/08/01@16:45:21,9222,0.020434782
2026/08/01@16:45:22,9223,0.10869565
2026/08/01@16:45:24,9225,0.12565218
2026/08/01@16:45:25,9226,0.31565216
2026/08/01@16:45:26,9227,0.202608684
2026/08/01@16:45:27,9228,0.15826086
2026/08/01@16:45:28,9229,0.23652174
2026/08/01@16:45:29,9230,0.37869568
2026/08/01@16:45:30,9231,0.35304348
2026/08/01@16:45:31,9232,0.110434784
2026/08/01@16:45:32,9233,0.168260868
2026/08/01@16:45:33,9234,0.4147826
2026/08/01@16:45:34,9235,0.18347826
2026/08/01@16:45:35,9236,0.0
2026/08/01@16:45:37,9238,0.21913044
2026/08/01@16:45:38,9239,0.38347824
2026/08/01@16:45:39,9240,0.237391316
2026/08/01@16:45:40,9241,0.21913044
2026/08/01@16:45:41,9242,0.31391304
2026/08/01@16:45:42,9243,0.32173914
2026/08/01@16:45:43,9244,0.351739136
2026/08/01@16:45:44,9245,0.3478261
2026/08/01@16:45:45,9246,0.3652174
2026/08/01@16:45:46,9247,0.39913044
2026/08/01@16:45:47,9248,0.39217392
2026/08/01@16:45:48,9249,0.4395652
2026/08/01@16:45:50,9251,0.41956524
2026/08/01@16:45:51,9252,0.42086956
2026/08/01@16:45:52,9253,0.44391304
2026/08/01@16:45:53,9254,0.40565216
2026/08/01@16:45:54,9255,0.38391304
2026/08/01@16:45:55,9256,0.21434782
2026/08/01@16:45:56,9257,0.25478262
2026/08/01@16:45:57,9258,0.3121739
2026/08/01@16:45:58,9259,0.36391304
2026/08/01@16:45:59,9260,0.388695636
2026/08/01@16:46:00,9261,0.391304352
2026/08/01@16:46:01,9262,0.43347828
2026/08/01@16:46:03,9264,0.474782632
2026/08/01@16:46:04,9265,0.45391304
2026/08/01@16:46:05,9266,0.48086956
2026/08/01@16:46:06,9267,0.4452174
2026/08/01@16:46:07,9268,0.45347824
2026/08/01@16:46:08,9269,0.406521736
2026/08/01@16:46:09,9270,0.4321739
2026/08/01@16:46:10,9271,0.48391304
2026/08/01@16:46:11,9272,0.44913044
2026/08/01@16:46:12,9273,0.4573913
2026/08/01@16:46:13,9274,0.49347828
2026/08/01@16:46:14,9275,0.49173912
2026/08/01@16:46:16,9277,0.4473913
2026/08/01@16:46:17,9278,0.45173912
2026/08/01@16:46:18,9279,0.46608696
2026/08/01@16:46:19,9280,0.55956524
2026/08/01@16:46:20,9281,0.4873913
2026/08/01@16:46:21,9282,0.48217392
2026/08/01@16:46:22,9283,0.491304352
2026/08/01@16:46:23,9284,0.48130436
2026/08/01@16:46:24,9285,0.51521736
2026/08/01@16:46:25,9286,0.5217391
2026/08/01@16:46:26,9287,0.53652176
2026/08/01@16:46:27,9288,0.5269565
2026/08/01@16:46:29,9290,0.54
2026/08/01@16:46:30,9291,0.53869564
2026/08/01@16:46:31,9292,0.5282609
2026/08/01@16:46:32,9293,0.50869568
2026/08/01@16:46:33,9294,0.478695636
2026/08/01@16:46:34,9295,0.5026087
2026/08/01@16:46:35,9296,0.47695652
2026/08/01@16:46:36,9297,0.48652176
2026/08/01@16:46:37,9298,0.5486956
2026/08/01@16:46:38,9299,0.4873913
2026/08/01@16:46:39,9300,0.50826084
2026/08/01@16:46:40,9301,0.46173912
2026/08/01@16:46:42,9303,0.43826088
2026/08/01@16:46:43,9304,0.48913044
2026/08/01@16:46:44,9305,0.45869564
2026/08/01@16:46:45,9306,0.47913044
2026/08/01@16:46:46,9307,0.4826087
2026/08/01@16:46:47,9308,0.49
2026/08/01@16:46:48,9309,0.47130436
2026/08/01@16:46:49,9310,0.4421739
2026/08/01@16:46:50,9311,0.440434784
2026/08/01@16:46:51,9312,0.46608696
2026/08/01@16:46:52,9313,0.48391304
2026/08/01@16:46:53,9314,0.48782608
2026/08/01@16:46:55,9316,0.49173912
2026/08/01@16:46:56,9317,0.5013043
2026/08/01@16:46:57,9318,0.4721739
2026/08/01@16:46:58,9319,0.470434784
2026/08/01@16:46:59,9320,0.45347824
2026/08/01@16:47:00,9321,0.42782608
2026/08/01@16:47:01,9322,0.3773913
2026/08/01@16:47:02,9323,0.32
2026/08/01@16:47:03,9324,0.2952174
2026/08/01@16:47:04,9325,0.28173912
2026/08/01@16:47:05,9326,0.45
2026/08/01@16:47:06,9327,0.38782608
2026/08/01@16:47:08,9328,0.36695652
2026/08/01@16:47:09,9330,0.39217392
2026/08/01@16:47:10,9331,0.39608696
2026/08/01@16:47:11,9332,0.358695636
2026/08/01@16:47:12,9333,0.3626087
2026/08/01@16:47:13,9334,0.060869564
2026/08/01@16:47:14,9335,0.29782608
2026/08/01@16:47:15,9336,0.26
2026/08/01@16:47:16,9337,0.25130436
2026/08/01@16:47:17,9338,0.33130434
2026/08/01@16:47:18,9339,0.40826088
2026/08/01@16:47:19,9340,0.29217392
2026/08/01@16:47:21,9341,0.022608696
2026/08/01@16:47:22,9343,0.1552174
2026/08/01@16:47:23,9344,0.006956522
2026/08/01@16:47:24,9345,0.12782608
2026/08/01@16:47:25,9346,0.022608696
2026/08/01@16:47:26,9347,0.1526087
2026/08/01@16:47:27,9348,0.019130434
2026/08/01@16:47:28,9349,0.026086956
2026/08/01@16:47:29,9350,0.2173913
2026/08/01@16:47:30,9351,0.19217392
2026/08/01@16:47:31,9352,0.2595652
2026/08/01@16:47:32,9353,0.21913044
2026/08/01@16:47:33,9354,0.373478268
2026/08/01@16:47:35,9356,0.16478262
2026/08/01@16:47:36,9357,0.1
2026/08/01@16:47:37,9358,0.01826087
2026/08/01@16:47:38,9359,0.08608696
2026/08/01@16:47:39,9360,0.25130436
2026/08/01@16:47:40,9361,0.24869566
2026/08/01@16:47:41,9362,0.201739132
2026/08/01@16:47:42,9363,0.168260868
2026/08/01@16:47:43,9364,0.17
2026/08/01@16:47:44,9365,0.19217392
2026/08/01@16:47:45,9366,0.29565218
2026/08/01@16:47:46,9367,0.42347828
2026/08/01@16:47:48,9369,0.18913044
2026/08/01@16:47:49,9370,0.2669565
2026/08/01@16:47:50,9371,0.49608696
2026/08/01@16:47:51,9372,0.31304348
2026/08/01@16:47:52,9373,0.41347826
2026/08/01@16:47:53,9374,0.208695652
2026/08/01@16:47:54,9375,0.07652174
2026/08/01@16:47:55,9376,0.070869568
2026/08/01@16:47:56,9377,0.22956522
2026/08/01@16:47:57,9378,0.42782608
2026/08/01@16:47:58,9379,0.31913042
2026/08/01@16:47:59,9380,0.54608696
2026/08/01@16:48:01,9382,0.27695652
2026/08/01@16:48:02,9383,0.244782608
2026/08/01@16:48:03,9384,0.65086952
2026/08/01@16:48:04,9385,0.40826088
2026/08/01@16:48:05,9386,0.58434784
2026/08/01@16:48:06,9387,0.2526087
2026/08/01@16:48:07,9388,0.223043468
2026/08/01@16:48:08,9389,0.31434784
2026/08/01@16:48:09,9390,0.398260868
2026/08/01@16:48:10,9391,0.4347826
2026/08/01@16:48:11,9392,0.2821739
2026/08/01@16:48:12,9393,0.6269565
2026/08/01@16:48:14,9395,0.7004348
2026/08/01@16:48:15,9396,0.3947826
2026/08/01@16:48:16,9397,0.28391304
2026/08/01@16:48:17,9398,0.4830435
2026/08/01@16:48:18,9399,0.45043476
2026/08/01@16:48:19,9400,0.42173912
2026/08/01@16:48:20,9401,0.48826088
2026/08/01@16:48:21,9402,0.4695652
2026/08/01@16:48:22,9403,0.336521736
2026/08/01@16:48:23,9404,0.29347824
2026/08/01@16:48:24,9405,0.26652176
2026/08/01@16:48:25,9406,0.55173916
2026/08/01@16:48:27,9408,0.44652172
2026/08/01@16:48:28,9409,0.64391304
2026/08/01@16:48:29,9410,0.43565216
2026/08/01@16:48:30,9411,0.0
2026/08/01@16:48:31,9412,0.0
2026/08/01@16:48:32,9413,0.17391304
2026/08/01@16:48:33,9414,0.18391304
2026/08/01@16:48:34,9415,0.227826092
2026/08/01@16:48:35,9416,0.0269565216
2026/08/01@16:48:36,9417,0.02347826
2026/08/01@16:48:37,9418,0.01826087
2026/08/01@16:48:38,9419,0.0
2026/08/01@16:48:40,9421,0.09217391
2026/08/01@16:48:41,9422,0.09913044
2026/08/01@16:48:42,9423,0.027391306
2026/08/01@16:48:43,9424,0.09695652
2026/08/01@16:48:44,9425,0.113913048
2026/08/01@16:48:45,9426,0.11608696
2026/08/01@16:48:46,9427,0.11086956
2026/08/01@16:48:47,9428,0.020434782
2026/08/01@16:48:48,9429,0.01826087
2026/08/01@16:48:49,9430,0.024347826
2026/08/01@16:48:50,9431,0.10173913
2026/08/01@16:48:51,9432,0.19695652
2026/08/01@16:48:53,9434,0.047391304
2026/08/01@16:48:54,9435,0.18565216
2026/08/01@16:48:55,9436,0.10521739
2026/08/01@16:48:56,9437,0.016956522
2026/08/01@16:48:57,9438,0.0
2026/08/01@16:48:58,9439,0.0
2026/08/01@16:48:59,9440,0.27
2026/08/01@16:49:00,9441,0.14608696
2026/08/01@16:49:01,9442,0.2378261
2026/08/01@16:49:02,9443,0.24304348
2026/08/01@16:49:03,9444,0.42130436
2026/08/01@16:49:04,9445,0.2852174
2026/08/01@16:49:06,9446,0.16086957
2026/08/01@16:49:07,9448,0.18652174
2026/08/01@16:49:08,9449,0.22217392
2026/08/01@16:49:09,9450,0.22217392
2026/08/01@16:49:10,9451,0.23173914
2026/08/01@16:49:11,9452,0.26347824
2026/08/01@16:49:12,9453,0.30652174
2026/08/01@16:49:13,9454,0.2552174
2026/08/01@16:49:14,9455,0.227826092
2026/08/01@16:49:15,9456,0.2152174
2026/08/01@16:49:16,9457,0.32913044
2026/08/01@16:49:17,9458,0.476086936
2026/08/01@16:49:19,9459,0.43695652
2026/08/01@16:49:20,9461,0.48086956
2026/08/01@16:49:21,9462,0.38260868
2026/08/01@16:49:22,9463,0.21391304
2026/08/01@16:49:23,9464,0.2152174
2026/08/01@16:49:24,9465,0.26347824
2026/08/01@16:49:25,9466,0.26043478
2026/08/01@16:49:26,9467,0.3104348
2026/08/01@16:49:27,9468,0.017391304
2026/08/01@16:49:28,9469,0.34869568
2026/08/01@16:49:29,9470,0.37434784
2026/08/01@16:49:30,9471,0.3930435
2026/08/01@16:49:31,9472,0.42347828
2026/08/01@16:49:33,9474,0.43
2026/08/01@16:49:34,9475,0.42608696
2026/08/01@16:49:35,9476,0.43130434
2026/08/01@16:49:36,9477,0.41260868
2026/08/01@16:49:37,9478,0.409130432
2026/08/01@16:49:38,9479,0.4552174
2026/08/01@16:49:39,9480,0.454347816
2026/08/01@16:49:40,9481,0.4230435
2026/08/01@16:49:41,9482,0.43565216
2026/08/01@16:49:42,9483,0.4347826
2026/08/01@16:49:43,9484,0.41826088
2026/08/01@16:49:44,9485,0.4447826
2026/08/01@16:49:46,9487,0.43347828
2026/08/01@16:49:47,9488,0.404782632
2026/08/01@16:49:48,9489,0.394347816
2026/08/01@16:49:49,9490,0.39652176
2026/08/01@16:49:50,9491,0.4021739
2026/08/01@16:49:51,9492,0.41260868
2026/08/01@16:49:52,9493,0.4304348
2026/08/01@16:49:53,9494,0.428260868
2026/08/01@16:49:54,9495,0.3973913
2026/08/01@16:49:55,9496,0.37565216
2026/08/01@16:49:56,9497,0.37
2026/08/01@16:49:57,9498,0.388695636
2026/08/01@16:49:59,9500,0.46869564
2026/08/01@16:50:00,9501,0.36
2026/08/01@16:50:01,9502,0.2504348
2026/08/01@16:50:02,9503,0.3047826
2026/08/01@16:50:03,9504,0.32913044
2026/08/01@16:50:04,9505,0.3104348
2026/08/01@16:50:05,9506,0.28913044
2026/08/01@16:50:06,9507,0.28869566
2026/08/01@16:50:07,9508,0.33130434
2026/08/01@16:50:08,9509,0.35652172
2026/08/01@16:50:09,9510,0.3773913
2026/08/01@16:50:10,9511,0.36391304
2026/08/01@16:50:12,9513,0.34304348
2026/08/01@16:50:13,9514,0.3326087
2026/08/01@16:50:14,9515,0.33782608
2026/08/01@16:50:15,9516,0.34391304
2026/08/01@16:50:16,9517,0.336521736
2026/08/01@16:50:17,9518,0.32782608
2026/08/01@16:50:18,9519,0.3021739
2026/08/01@16:50:19,9520,0.29565218
2026/08/01@16:50:20,9521,0.31086956
2026/08/01@16:50:21,9522,0.35913044
2026/08/01@16:50:22,9523,0.35826088
2026/08/01@16:50:23,9524,0.39608696
2026/08/01@16:50:25,9526,0.38130436
2026/08/01@16:50:26,9527,0.404782632
2026/08/01@16:50:27,9528,0.45043476
2026/08/01@16:50:28,9529,0.4452174
2026/08/01@16:50:29,9530,0.41434784
2026/08/01@16:50:30,9531,0.5013043
2026/08/01@16:50:31,9532,0.4678261
2026/08/01@16:50:32,9533,0.4826087
2026/08/01@16:50:33,9534,0.45347824
2026/08/01@16:50:34,9535,0.4247826
2026/08/01@16:50:35,9536,0.48130436
2026/08/01@16:50:36,9537,0.49086956
2026/08/01@16:50:38,9539,0.4830435
2026/08/01@16:50:39,9540,0.4573913
2026/08/01@16:50:40,9541,0.455652184
2026/08/01@16:50:41,9542,0.47434784
2026/08/01@16:50:42,9543,0.42869564
2026/08/01@16:50:43,9544,0.42695652
2026/08/01@16:50:44,9545,0.4726087
2026/08/01@16:50:45,9546,0.46
2026/08/01@16:50:46,9547,0.4726087
2026/08/01@16:50:47,9548,0.45869564
2026/08/01@16:50:48,9549,0.45608696
2026/08/01@16:50:49,9550,0.44913044
2026/08/01@16:50:51,9552,0.368260868
2026/08/01@16:50:52,9553,0.34608696
2026/08/01@16:50:53,9554,0.30608696
2026/08/01@16:50:54,9555,0.33347828
2026/08/01@16:50:55,9556,0.3247826
2026/08/01@16:50:56,9557,0.31913042
2026/08/01@16:50:57,9558,0.3121739
2026/08/01@16:50:58,9559,0.3247826
2026/08/01@16:50:59,9560,0.33347828
2026/08/01@16:51:00,9561,0.35130436
2026/08/01@16:51:01,9562,0.39782608
2026/08/01@16:51:02,9563,0.3926087
2026/08/01@16:51:04,9564,0.4373913
2026/08/01@16:51:05,9566,0.48608696
2026/08/01@16:51:06,9567,0.46434784
2026/08/01@16:51:07,9568,0.46913044
2026/08/01@16:51:08,9569,0.474782632
2026/08/01@16:51:09,9570,0.47391304
2026/08/01@16:51:10,9571,0.4526087
2026/08/01@16:51:11,9572,0.4421739
2026/08/01@16:51:12,9573,0.4847826
2026/08/01@16:51:13,9574,0.4678261
2026/08/01@16:51:14,9575,0.45347824
2026/08/01@16:51:15,9576,0.394347816
2026/08/01@16:51:16,9577,0.380434784
2026/08/01@16:51:18,9579,0.36347828
2026/08/01@16:51:19,9580,0.35217392
2026/08/01@16:51:20,9581,0.351739136
2026/08/01@16:51:21,9582,0.35913044
2026/08/01@16:51:22,9583,0.35
2026/08/01@16:51:23,9584,0.3647826
2026/08/01@16:51:24,9585,0.37608696
2026/08/01@16:51:25,9586,0.38608696
2026/08/01@16:51:26,9587,0.41434784
2026/08/01@16:51:27,9588,0.41434784
2026/08/01@16:51:28,9589,0.4026087
2026/08/01@16:51:29,9590,0.38130436
2026/08/01@16:51:31,9592,0.4947826
2026/08/01@16:51:32,9593,0.485652184
2026/08/01@16:51:33,9594,0.484347816
2026/08/01@16:51:34,9595,0.4773913
2026/08/01@16:51:35,9596,0.47391304
2026/08/01@16:51:36,9597,0.45043476
2026/08/01@16:51:37,9598,0.435217368
2026/08/01@16:51:38,9599,0.42695652
2026/08/01@16:51:39,9600,0.45347824
2026/08/01@16:51:40,9601,0.47391304
2026/08/01@16:51:41,9602,0.484347816
2026/08/01@16:51:42,9603,0.4973913
2026/08/01@16:51:44,9605,0.4621739
2026/08/01@16:51:45,9606,0.465217368
2026/08/01@16:51:46,9607,0.37434784
2026/08/01@16:51:47,9608,0.32826088
2026/08/01@16:51:48,9609,0.29434782
2026/08/01@16:51:49,9610,0.22826088
2026/08/01@16:51:50,9611,0.4726087
2026/08/01@16:51:51,9612,0.40304348
2026/08/01@16:51:52,9613,0.46173912
2026/08/01@16:51:53,9614,0.411739136
2026/08/01@16:51:54,9615,0.4321739
2026/08/01@16:51:55,9616,0.41347826
2026/08/01@16:51:57,9618,0.3869565
2026/08/01@16:51:58,9619,0.4021739
2026/08/01@16:51:59,9620,0.3973913
2026/08/01@16:52:00,9621,0.39086956
2026/08/01@16:52:01,9622,0.36173912
2026/08/01@16:52:02,9623,0.20565218
2026/08/01@16:52:03,9624,0.02173913
2026/08/01@16:52:04,9625,0.29173914
2026/08/01@16:52:05,9626,0.27391306
2026/08/01@16:52:06,9627,0.22391304
2026/08/01@16:52:07,9628,0.25
2026/08/01@16:52:08,9629,0.13391304
2026/08/01@16:52:10,9631,0.019130434
2026/08/01@16:52:11,9632,0.2826087
2026/08/01@16:52:12,9633,0.3026087
2026/08/01@16:52:13,9634,0.0360869568
2026/08/01@16:52:14,9635,0.13086956
2026/08/01@16:52:15,9636,0.29608696
2026/08/01@16:52:16,9637,0.052173912
2026/08/01@16:52:17,9638,0.2452174
2026/08/01@16:52:18,9639,0.0
2026/08/01@16:52:19,9640,0.339565216
2026/08/01@16:52:20,9641,0.212173908
2026/08/01@16:52:21,9642,0.40130432
2026/08/01@16:52:23,9644,0.5521739
2026/08/01@16:52:24,9645,0.40565216
2026/08/01@16:52:25,9646,0.5882609
2026/08/01@16:52:26,9647,0.68130432
2026/08/01@16:52:27,9648,0.23173914
2026/08/01@16:52:28,9649,0.2273913
2026/08/01@16:52:29,9650,0.24130436
2026/08/01@16:52:30,9651,0.48826088
2026/08/01@16:52:31,9652,0.3078261
2026/08/01@16:52:32,9653,0.40391304
2026/08/01@16:52:33,9654,0.380434784
2026/08/01@16:52:34,9655,0.38217392
2026/08/01@16:52:36,9657,0.45043476
2026/08/01@16:52:37,9658,0.39782608
2026/08/01@16:52:38,9659,0.399565216
2026/08/01@16:52:39,9660,0.3352174
2026/08/01@16:52:40,9661,0.39652176
2026/08/01@16:52:41,9662,0.368260868
2026/08/01@16:52:42,9663,0.3852174
2026/08/01@16:52:43,9664,0.41956524
2026/08/01@16:52:44,9665,0.406521736
2026/08/01@16:52:45,9666,0.41956524
2026/08/01@16:52:46,9667,0.46
2026/08/01@16:52:47,9668,0.45
2026/08/01@16:52:49,9670,0.4673913
2026/08/01@16:52:50,9671,0.4473913
2026/08/01@16:52:51,9672,0.45
2026/08/01@16:52:52,9673,0.44652172
2026/08/01@16:52:53,9674,0.435217368
2026/08/01@16:52:54,9675,0.43347828
2026/08/01@16:52:55,9676,0.44347826
2026/08/01@16:52:56,9677,0.4678261
2026/08/01@16:52:57,9678,0.4773913
2026/08/01@16:52:58,9679,0.48652176
2026/08/01@16:52:59,9680,0.489565216
2026/08/01@16:53:00,9681,0.46391304
2026/08/01@16:53:02,9683,0.4778261
2026/08/01@16:53:03,9684,0.455652184
2026/08/01@16:53:04,9685,0.42869564
2026/08/01@16:53:05,9686,0.43565216
2026/08/01@16:53:06,9687,0.436521736
2026/08/01@16:53:07,9688,0.42
2026/08/01@16:53:08,9689,0.424347816
2026/08/01@16:53:09,9690,0.418695636
2026/08/01@16:53:10,9691,0.41826088
2026/08/01@16:53:11,9692,0.4247826
2026/08/01@16:53:12,9693,0.43173912
2026/08/01@16:53:13,9694,0.4373913
2026/08/01@16:53:15,9696,0.4573913
2026/08/01@16:53:16,9697,0.45608696
2026/08/01@16:53:17,9698,0.476086936
2026/08/01@16:53:18,9699,0.474782632
2026/08/01@16:53:19,9700,0.4695652
2026/08/01@16:53:20,9701,0.456956536
2026/08/01@16:53:21,9702,0.4552174
2026/08/01@16:53:22,9703,0.480434784
2026/08/01@16:53:23,9704,0.4926087
2026/08/01@16:53:24,9705,0.4826087
2026/08/01@16:53:25,9706,0.49173912
2026/08/01@16:53:26,9707,0.48086956
2026/08/01@16:53:28,9709,0.47695652
2026/08/01@16:53:29,9710,0.485652184
2026/08/01@16:53:30,9711,0.48086956
2026/08/01@16:53:31,9712,0.458260868
2026/08/01@16:53:32,9713,0.45347824
2026/08/01@16:53:33,9714,0.46347828
2026/08/01@16:53:34,9715,0.476086936
2026/08/01@16:53:35,9716,0.46391304
2026/08/01@16:53:36,9717,0.489565216
2026/08/01@16:53:37,9718,0.47434784
2026/08/01@16:53:38,9719,0.4847826
2026/08/01@16:53:39,9720,0.44695652
2026/08/01@16:53:41,9721,0.48086956
2026/08/01@16:53:42,9723,0.47130436
2026/08/01@16:53:43,9724,0.4247826
2026/08/01@16:53:44,9725,0.476086936
2026/08/01@16:53:45,9726,0.4452174
2026/08/01@16:53:46,9727,0.44347826
2026/08/01@16:53:47,9728,0.4604348
2026/08/01@16:53:48,9729,0.4678261
2026/08/01@16:53:49,9730,0.49434784
2026/08/01@16:53:50,9731,0.5043478
2026/08/01@16:53:51,9732,0.50652176
2026/08/01@16:53:52,9733,0.5373913
2026/08/01@16:53:53,9734,0.55913044
2026/08/01@16:53:55,9736,0.55956524
2026/08/01@16:53:56,9737,0.5573913
2026/08/01@16:53:57,9738,0.56826084
2026/08/01@16:53:58,9739,0.55043476
2026/08/01@16:53:59,9740,0.55173916
2026/08/01@16:54:00,9741,0.58304348
2026/08/01@16:54:01,9742,0.5556522
2026/08/01@16:54:02,9743,0.5282609
2026/08/01@16:54:03,9744,0.52652176
2026/08/01@16:54:04,9745,0.5195652
2026/08/01@16:54:05,9746,0.5195652
2026/08/01@16:54:06,9747,0.5195652
2026/08/01@16:54:08,9749,0.4995652
2026/08/01@16:54:09,9750,0.49173912
2026/08/01@16:54:10,9751,0.5282609
2026/08/01@16:54:11,9752,0.54695652
2026/08/01@16:54:12,9753,0.50826084
2026/08/01@16:54:13,9754,0.53913044
2026/08/01@16:54:14,9755,0.5104348
2026/08/01@16:54:15,9756,0.48608696
2026/08/01@16:54:16,9757,0.5578261
2026/08/01@16:54:17,9758,0.52347824
2026/08/01@16:54:18,9759,0.50173916
2026/08/01@16:54:19,9760,0.5013043
2026/08/01@16:54:21,9762,0.43
2026/08/01@16:54:22,9763,0.4626087
2026/08/01@16:54:23,9764,0.5043478
2026/08/01@16:54:24,9765,0.52304348
2026/08/01@16:54:25,9766,0.45086956
2026/08/01@16:54:26,9767,0.4621739
2026/08/01@16:54:27,9768,0.47304348
2026/08/01@16:54:28,9769,0.4795652
2026/08/01@16:54:29,9770,0.43
2026/08/01@16:54:30,9771,0.3869565
2026/08/01@16:54:31,9772,0.344782632
2026/08/01@16:54:32,9773,0.36173912
2026/08/01@16:54:34,9775,0.3626087
2026/08/01@16:54:35,9776,0.33608696
2026/08/01@16:54:36,9777,0.343478268
2026/08/01@16:54:37,9778,0.30608696
2026/08/01@16:54:38,9779,0.28086956
2026/08/01@16:54:39,9780,0.29565218
2026/08/01@16:54:40,9781,0.3026087
2026/08/01@16:54:41,9782,0.29434782
2026/08/01@16:54:42,9783,0.2969565
2026/08/01@16:54:43,9784,0.485652184
2026/08/01@16:54:44,9785,0.4247826
2026/08/01@16:54:45,9786,0.4621739
2026/08/01@16:54:47,9788,0.40434784
2026/08/01@16:54:48,9789,0.43173912
2026/08/01@16:54:49,9790,0.39652176
2026/08/01@16:54:50,9791,0.41130436
2026/08/01@16:54:51,9792,0.3652174
2026/08/01@16:54:52,9793,0.22956522
2026/08/01@16:54:53,9794,0.039130436
2026/08/01@16:54:54,9795,0.31826088
2026/08/01@16:54:55,9796,0.2804348
2026/08/01@16:54:56,9797,0.27
2026/08/01@16:54:57,9798,0.30043476
2026/08/01@16:54:58,9799,0.2821739
2026/08/01@16:55:00,9801,0.22217392
2026/08/01@16:55:01,9802,0.21304348
2026/08/01@16:55:02,9803,0.15695652
2026/08/01@16:55:03,9804,0.16956522
2026/08/01@16:55:04,9805,0.21565217
2026/08/01@16:55:05,9806,0.16086957
2026/08/01@16:55:06,9807,0.22130434
2026/08/01@16:55:07,9808,0.32086956
2026/08/01@16:55:08,9809,0.29913044
2026/08/01@16:55:09,9810,0.024347826
2026/08/01@16:55:10,9811,0.18304348
2026/08/01@16:55:11,9812,0.14826088
2026/08/01@16:55:13,9814,0.17391304
2026/08/01@16:55:14,9815,0.1326087
2026/08/01@16:55:15,9816,0.233913052
2026/08/01@16:55:16,9817,0.30956522
2026/08/01@16:55:17,9818,0.25173914
2026/08/01@16:55:18,9819,0.15695652
2026/08/01@16:55:19,9820,0.020869566
2026/08/01@16:55:20,9821,0.13826087
2026/08/01@16:55:21,9822,0.37391304
2026/08/01@16:55:22,9823,0.29956524
2026/08/01@16:55:23,9824,0.2073913
2026/08/01@16:55:24,9825,0.14652173
2026/08/01@16:55:26,9827,0.170434784
2026/08/01@16:55:27,9828,0.36173912
2026/08/01@16:55:28,9829,0.3347826
2026/08/01@16:55:29,9830,0.07652174
2026/08/01@16:55:30,9831,0.024347826
2026/08/01@16:55:31,9832,0.026086956
2026/08/01@16:55:32,9833,0.2595652
2026/08/01@16:55:33,9834,0.2378261
2026/08/01@16:55:34,9835,0.232608684
2026/08/01@16:55:35,9836,0.43826088
2026/08/01@16:55:36,9837,0.2526087
2026/08/01@16:55:37,9838,0.3252174
2026/08/01@16:55:39,9840,0.17695652
2026/08/01@16:55:40,9841,0.16434782
2026/08/01@16:55:41,9842,0.244782608
2026/08/01@16:55:42,9843,0.205217392
2026/08/01@16:55:43,9844,0.12434783
2026/08/01@16:55:44,9845,0.08608696
2026/08/01@16:55:45,9846,0.16869566
2026/08/01@16:55:46,9847,0.2873913
2026/08/01@16:55:47,9848,0.09652174
2026/08/01@16:55:48,9849,0.019130434
2026/08/01@16:55:49,9850,0.15478261
2026/08/01@16:55:50,9851,0.20695652
2026/08/01@16:55:52,9853,0.26173912
2026/08/01@16:55:53,9854,0.13434782
2026/08/01@16:55:54,9855,0.16652174
2026/08/01@16:55:55,9856,0.19
2026/08/01@16:55:56,9857,0.24652174
2026/08/01@16:55:57,9858,0.29434782
2026/08/01@16:55:58,9859,0.2652174
2026/08/01@16:55:59,9860,0.29
2026/08/01@16:56:00,9861,0.27173912
2026/08/01@16:56:01,9862,0.34130436
2026/08/01@16:56:02,9863,0.3326087
2026/08/01@16:56:03,9864,0.024347826
2026/08/01@16:56:05,9866,0.020434782
2026/08/01@16:56:06,9867,0.36869564
2026/08/01@16:56:07,9868,0.355652184
2026/08/01@16:56:08,9869,0.37869568
2026/08/01@16:56:09,9870,0.41347826
2026/08/01@16:56:10,9871,0.404782632
2026/08/01@16:56:11,9872,0.41304348
2026/08/01@16:56:12,9873,0.4247826
2026/08/01@16:56:13,9874,0.44
2026/08/01@16:56:14,9875,0.418695636
2026/08/01@16:56:15,9876,0.39391304
2026/08/01@16:56:16,9877,0.37434784
2026/08/01@16:56:18,9879,0.39086956
2026/08/01@16:56:19,9880,0.39043476
2026/08/01@16:56:20,9881,0.350434784
2026/08/01@16:56:21,9882,0.3947826
2026/08/01@16:56:22,9883,0.4678261
2026/08/01@16:56:23,9884,0.456956536
2026/08/01@16:56:24,9885,0.37695652
2026/08/01@16:56:25,9886,0.27130434
2026/08/01@16:56:26,9887,0.29217392
2026/08/01@16:56:27,9888,0.31086956
2026/08/01@16:56:28,9889,0.31565216
2026/08/01@16:56:29,9890,0.3343478
2026/08/01@16:56:30,9891,0.3569565
2026/08/01@16:56:32,9893,0.4026087
2026/08/01@16:56:33,9894,0.3947826
2026/08/01@16:56:34,9895,0.44347826
2026/08/01@16:56:35,9896,0.46173912
2026/08/01@16:56:36,9897,0.48391304
2026/08/01@16:56:37,9898,0.4926087
2026/08/01@16:56:38,9899,0.4973913
2026/08/01@16:56:39,9900,0.48652176
2026/08/01@16:56:40,9901,0.49304348
2026/08/01@16:56:41,9902,0.4773913
2026/08/01@16:56:42,9903,0.4756522
2026/08/01@16:56:43,9904,0.46086956
2026/08/01@16:56:45,9906,0.44913044
2026/08/01@16:56:46,9907,0.44347826
2026/08/01@16:56:47,9908,0.4626087
2026/08/01@16:56:48,9909,0.46869564
2026/08/01@16:56:49,9910,0.46391304
2026/08/01@16:56:50,9911,0.474782632
2026/08/01@16:56:51,9912,0.4773913
2026/08/01@16:56:52,9913,0.49304348
2026/08/01@16:56:53,9914,0.52347824
2026/08/01@16:56:54,9915,0.5269565
2026/08/01@16:56:55,9916,0.49173912
2026/08/01@16:56:56,9917,0.441739136
2026/08/01@16:56:58,9919,0.4526087
2026/08/01@16:56:59,9920,0.5
2026/08/01@16:57:00,9921,0.53913044
2026/08/01@16:57:01,9922,0.5543478
2026/08/01@16:57:02,9923,0.5586957
2026/08/01@16:57:03,9924,0.53565216
2026/08/01@16:57:04,9925,0.50869568
2026/08/01@16:57:05,9926,0.52869564
2026/08/01@16:57:06,9927,0.54565216
2026/08/01@16:57:07,9928,0.54347824
2026/08/01@16:57:08,9929,0.56391304
2026/08/01@16:57:09,9930,0.59
2026/08/01@16:57:11,9932,0.59652176
2026/08/01@16:57:12,9933,0.5656522
2026/08/01@16:57:13,9934,0.5252174
2026/08/01@16:57:14,9935,0.5043478
2026/08/01@16:57:15,9936,0.5147826
2026/08/01@16:57:16,9937,0.53652176
2026/08/01@16:57:17,9938,0.51304348
2026/08/01@16:57:18,9939,0.48913044
2026/08/01@16:57:19,9940,0.48217392
2026/08/01@16:57:20,9941,0.470434784
2026/08/01@16:57:21,9942,0.45913044
2026/08/01@16:57:22,9943,0.4473913
2026/08/01@16:57:24,9945,0.429565216
2026/08/01@16:57:25,9946,0.4347826
2026/08/01@16:57:26,9947,0.4395652
2026/08/01@16:57:27,9948,0.45043476
2026/08/01@16:57:28,9949,0.45173912
2026/08/01@16:57:29,9950,0.4373913
2026/08/01@16:57:30,9951,0.4421739
2026/08/01@16:57:31,9952,0.44913044
2026/08/01@16:57:32,9953,0.44391304
2026/08/01@16:57:33,9954,0.47130436
2026/08/01@16:57:34,9955,0.48826088
2026/08/01@16:57:35,9956,0.49434784
2026/08/01@16:57:37,9958,0.48130436
2026/08/01@16:57:38,9959,0.45869564
2026/08/01@16:57:39,9960,0.43173912
2026/08/01@16:57:40,9961,0.45217392
2026/08/01@16:57:41,9962,0.4847826
2026/08/01@16:57:42,9963,0.49
2026/08/01@16:57:43,9964,0.4873913
2026/08/01@16:57:44,9965,0.496521736
2026/08/01@16:57:45,9966,0.50652176
2026/08/01@16:57:46,9967,0.51608692
2026/08/01@16:57:47,9968,0.5204348
2026/08/01@16:57:48,9969,0.52652176
2026/08/01@16:57:50,9971,0.5204348
2026/08/01@16:57:51,9972,0.523913
2026/08/01@16:57:52,9973,0.52347824
2026/08/01@16:57:53,9974,0.4826087
2026/08/01@16:57:54,9975,0.44652172
2026/08/01@16:57:55,9976,0.47391304
2026/08/01@16:57:56,9977,0.5043478
2026/08/01@16:57:57,9978,0.5078261
2026/08/01@16:57:58,9979,0.498260868
2026/08/01@16:57:59,9980,0.476086936
2026/08/01@16:58:00,9981,0.428260868
2026/08/01@16:58:01,9982,0.44347826
2026/08/01@16:58:03,9984,0.478695636
2026/08/01@16:58:04,9985,0.48391304
2026/08/01@16:58:05,9986,0.4721739
2026/08/01@16:58:06,9987,0.4421739
2026/08/01@16:58:07,9988,0.42086956
2026/08/01@16:58:08,9989,0.399565216
2026/08/01@16:58:09,9990,0.4073913
2026/08/01@16:58:10,9991,0.4
2026/08/01@16:58:11,9992,0.37565216
2026/08/01@16:58:12,9993,0.3852174
2026/08/01@16:58:13,9994,0.38217392
2026/08/01@16:58:14,9995,0.37434784
2026/08/01@16:58:16,9997,0.39608696
2026/08/01@16:58:17,9998,0.4073913
2026/08/01@16:58:18,9999,0.398260868
2026/08/01@16:58:19,10000,0.39913044
2026/08/01@16:58:20,10001,0.41260868
2026/08/01@16:58:21,10002,0.428260868
2026/08/01@16:58:22,10003,0.4526087
2026/08/01@16:58:23,10004,0.48652176
2026/08/01@16:58:24,10005,0.47391304
2026/08/01@16:58:25,10006,0.4830435
2026/08/01@16:58:26,10007,0.4604348
2026/08/01@16:58:27,10008,0.43347828
2026/08/01@16:58:29,10010,0.4621739
2026/08/01@16:58:30,10011,0.5347826
2026/08/01@16:58:31,10012,0.5147826
2026/08/01@16:58:32,10013,0.50869568
2026/08/01@16:58:33,10014,0.5178261
2026/08/01@16:58:34,10015,0.5408696
2026/08/01@16:58:35,10016,0.5078261
2026/08/01@16:58:36,10017,0.47304348
2026/08/01@16:58:37,10018,0.455652184
2026/08/01@16:58:38,10019,0.435217368
2026/08/01@16:58:39,10020,0.4552174
2026/08/01@16:58:40,10021,0.5030435
2026/08/01@16:58:42,10023,0.5417391
2026/08/01@16:58:43,10024,0.52869564
2026/08/01@16:58:44,10025,0.52565216
2026/08/01@16:58:45,10026,0.55260868
2026/08/01@16:58:46,10027,0.5347826
2026/08/01@16:58:47,10028,0.48913044
2026/08/01@16:58:48,10029,0.45608696
2026/08/01@16:58:49,10030,0.480434784
2026/08/01@16:58:50,10031,0.52304348
2026/08/01@16:58:51,10032,0.52347824
2026/08/01@16:58:52,10033,0.54913044
2026/08/01@16:58:53,10034,0.53347824
2026/08/01@16:58:55,10036,0.5273913
2026/08/01@16:58:56,10037,0.54347824
2026/08/01@16:58:57,10038,0.5330435
2026/08/01@16:58:58,10039,0.54913044
2026/08/01@16:58:59,10040,0.49608696
2026/08/01@16:59:00,10041,0.53565216
2026/08/01@16:59:01,10042,0.4947826
2026/08/01@16:59:02,10043,0.51521736
2026/08/01@16:59:03,10044,0.52565216
2026/08/01@16:59:04,10045,0.4826087
2026/08/01@16:59:05,10046,0.50826084
2026/08/01@16:59:06,10047,0.45043476
2026/08/01@16:59:08,10049,0.47695652
2026/08/01@16:59:09,10050,0.465217368
2026/08/01@16:59:10,10051,0.48391304
2026/08/01@16:59:11,10052,0.47130436
2026/08/01@16:59:12,10053,0.484347816
2026/08/01@16:59:13,10054,0.465217368
2026/08/01@16:59:14,10055,0.47086956
2026/08/01@16:59:15,10056,0.47434784
2026/08/01@16:59:16,10057,0.47391304
2026/08/01@16:59:17,10058,0.47434784
2026/08/01@16:59:18,10059,0.480434784
2026/08/01@16:59:19,10060,0.4621739
2026/08/01@16:59:21,10062,0.44347826
2026/08/01@16:59:22,10063,0.4421739
2026/08/01@16:59:23,10064,0.46695652
2026/08/01@16:59:24,10065,0.47086956
2026/08/01@16:59:25,10066,0.46695652
2026/08/01@16:59:26,10067,0.45
2026/08/01@16:59:27,10068,0.448695636
2026/08/01@16:59:28,10069,0.44
2026/08/01@16:59:29,10070,0.44
2026/08/01@16:59:30,10071,0.455652184
2026/08/01@16:59:31,10072,0.465217368
2026/08/01@16:59:32,10073,0.4604348
2026/08/01@16:59:34,10075,0.44304348
2026/08/01@16:59:35,10076,0.44
2026/08/01@16:59:36,10077,0.43565216
2026/08/01@16:59:37,10078,0.4552174
2026/08/01@16:59:38,10079,0.46086956
2026/08/01@16:59:39,10080,0.458260868
2026/08/01@16:59:40,10081,0.44652172
2026/08/01@16:59:41,10082,0.4373913
2026/08/01@16:59:42,10083,0.43869564
2026/08/01@16:59:43,10084,0.47391304
2026/08/01@16:59:44,10085,0.470434784
2026/08/01@16:59:45,10086,0.4778261
2026/08/01@16:59:47,10087,0.48782608
2026/08/01@16:59:48,10089,0.4695652
2026/08/01@16:59:49,10090,0.4678261
2026/08/01@16:59:50,10091,0.47434784
2026/08/01@16:59:51,10092,0.48608696
2026/08/01@16:59:52,10093,0.470434784
2026/08/01@16:59:53,10094,0.48217392
2026/08/01@16:59:54,10095,0.458260868
2026/08/01@16:59:55,10096,0.47695652
2026/08/01@16:59:56,10097,0.48086956
2026/08/01@16:59:57,10098,0.465217368
2026/08/01@16:59:58,10099,0.5
2026/08/01@16:59:59,10100,0.46173912
2026/08/01@17:00:01,10102,0.4847826
2026/08/01@17:00:02,10103,0.4626087
2026/08/01@17:00:03,10104,0.4678261
2026/08/01@17:00:04,10105,0.496521736
2026/08/01@17:00:05,10106,0.52304348
2026/08/01@17:00:06,10107,0.52565216
2026/08/01@17:00:07,10108,0.5113043
2026/08/01@17:00:08,10109,0.51304348
2026/08/01@17:00:09,10110,0.51173916
2026/08/01@17:00:10,10111,0.5282609
2026/08/01@17:00:11,10112,0.54695652
2026/08/01@17:00:12,10113,0.54391308
2026/08/01@17:00:14,10115,0.52130436
2026/08/01@17:00:15,10116,0.52913048
2026/08/01@17:00:16,10117,0.52652176
2026/08/01@17:00:17,10118,0.5417391
2026/08/01@17:00:18,10119,0.4973913
2026/08/01@17:00:19,10120,0.54695652
2026/08/01@17:00:20,10121,0.5656522
2026/08/01@17:00:21,10122,0.57086956
2026/08/01@17:00:22,10123,0.53869564
2026/08/01@17:00:23,10124,0.55913044
2026/08/01@17:00:24,10125,0.5552174
2026/08/01@17:00:25,10126,0.5317391
2026/08/01@17:00:27,10128,0.5573913
2026/08/01@17:00:28,10129,0.55391308
2026/08/01@17:00:29,10130,0.4947826
2026/08/01@17:00:30,10131,0.47913044
2026/08/01@17:00:31,10132,0.51
2026/08/01@17:00:32,10133,0.533913
2026/08/01@17:00:33,10134,0.5408696
2026/08/01@17:00:34,10135,0.478695636
2026/08/01@17:00:35,10136,0.4230435
2026/08/01@17:00:36,10137,0.40304348
2026/08/01@17:00:37,10138,0.41434784
2026/08/01@17:00:38,10139,0.4373913
2026/08/01@17:00:40,10141,0.43565216
2026/08/01@17:00:41,10142,0.4247826
2026/08/01@17:00:42,10143,0.428260868
2026/08/01@17:00:43,10144,0.4247826
2026/08/01@17:00:44,10145,0.43826088
2026/08/01@17:00:45,10146,0.4621739
2026/08/01@17:00:46,10147,0.46565216
2026/08/01@17:00:47,10148,0.44347826
2026/08/01@17:00:48,10149,0.37173912
2026/08/01@17:00:49,10150,0.345217368
2026/08/01@17:00:50,10151,0.33086956
2026/08/01@17:00:51,10152,0.34
2026/08/01@17:00:53,10154,0.338260868
2026/08/01@17:00:54,10155,0.28565216
2026/08/01@17:00:55,10156,0.43391304
2026/08/01@17:00:56,10157,0.39086956
2026/08/01@17:00:57,10158,0.39086956
2026/08/01@17:00:58,10159,0.4095652
2026/08/01@17:00:59,10160,0.43347828
2026/08/01@17:01:00,10161,0.4247826
2026/08/01@17:01:01,10162,0.3930435
2026/08/01@17:01:02,10163,0.3652174
2026/08/01@17:01:03,10164,0.11347826
2026/08/01@17:01:04,10165,0.019130434
2026/08/01@17:01:06,10167,0.020434782
2026/08/01@17:01:07,10168,0.15478261
2026/08/01@17:01:08,10169,0.3047826
2026/08/01@17:01:09,10170,0.31608696
2026/08/01@17:01:10,10171,0.31608696
2026/08/01@17:01:11,10172,0.29347824
2026/08/01@17:01:12,10173,0.3021739
2026/08/01@17:01:13,10174,0.29782608
2026/08/01@17:01:14,10175,0.28608696
2026/08/01@17:01:15,10176,0.30565216
2026/08/01@17:01:16,10177,0.28173912
2026/08/01@17:01:17,10178,0.2721739
2026/08/01@17:01:19,10180,0.29608696
2026/08/01@17:01:20,10181,0.28565216
2026/08/01@17:01:21,10182,0.212173908
2026/08/01@17:01:22,10183,0.26565218
2026/08/01@17:01:23,10184,0.22478262
2026/08/01@17:01:24,10185,0.15826086
2026/08/01@17:01:25,10186,0.16
2026/08/01@17:01:26,10187,0.25347826
2026/08/01@17:01:27,10188,0.23434782
2026/08/01@17:01:28,10189,0.181304352
2026/08/01@17:01:29,10190,0.08478261
2026/08/01@17:01:30,10191,0.16304348
2026/08/01@17:01:32,10193,0.2504348
2026/08/01@17:01:33,10194,0.2347826
2026/08/01@17:01:34,10195,0.18869566
2026/08/01@17:01:35,10196,0.30086956
2026/08/01@17:01:36,10197,0.1473913
2026/08/01@17:01:37,10198,0.229130432
2026/08/01@17:01:38,10199,0.1226087
2026/08/01@17:01:39,10200,0.24869566
2026/08/01@17:01:40,10201,0.3547826
2026/08/01@17:01:41,10202,0.107391304
2026/08/01@17:01:42,10203,0.23
2026/08/01@17:01:43,10204,0.244782608
2026/08/01@17:01:45,10206,0.019130434
2026/08/01@17:01:46,10207,0.370869568
2026/08/01@17:01:47,10208,0.17347826
2026/08/01@17:01:48,10209,0.18304348
2026/08/01@17:01:49,10210,0.220869568
2026/08/01@17:01:50,10211,0.20695652
2026/08/01@17:01:51,10212,0.233913052
2026/08/01@17:01:52,10213,0.25434784
2026/08/01@17:01:53,10214,0.21565217
2026/08/01@17:01:54,10215,0.2126087
2026/08/01@17:01:55,10216,0.23565218
2026/08/01@17:01:56,10217,0.224347824
2026/08/01@17:01:58,10219,0.19869564
2026/08/01@17:01:59,10220,0.25130436
2026/08/01@17:02:00,10221,0.27565216
2026/08/01@17:02:01,10222,0.29
2026/08/01@17:02:02,10223,0.2878261
2026/08/01@17:02:03,10224,0.25130436
2026/08/01@17:02:04,10225,0.2821739
2026/08/01@17:02:05,10226,0.29869564
2026/08/01@17:02:06,10227,0.30739132
2026/08/01@17:02:07,10228,0.020434782
2026/08/01@17:02:08,10229,0.02
2026/08/01@17:02:09,10230,0.3043478
2026/08/01@17:02:11,10232,0.373478268
2026/08/01@17:02:12,10233,0.39782608
2026/08/01@17:02:13,10234,0.4247826
2026/08/01@17:02:14,10235,0.41956524
2026/08/01@17:02:15,10236,0.45217392
2026/08/01@17:02:16,10237,0.3947826
2026/08/01@17:02:17,10238,0.39652176
2026/08/01@17:02:18,10239,0.39043476
2026/08/01@17:02:19,10240,0.44826088
2026/08/01@17:02:20,10241,0.48391304
2026/08/01@17:02:21,10242,0.41652172
2026/08/01@17:02:22,10243,0.29347824
2026/08/01@17:02:24,10244,0.29956524
2026/08/01@17:02:25,10246,0.30130434
2026/08/01@17:02:26,10247,0.2673913
2026/08/01@17:02:27,10248,0.28565216
2026/08/01@17:02:28,10249,0.27652174
2026/08/01@17:02:29,10250,0.3078261
2026/08/01@17:02:30,10251,0.8052174
2026/08/01@17:02:31,10252,0.67
2026/08/01@17:02:32,10253,0.11956522
2026/08/01@17:02:33,10254,0.42869564
2026/08/01@17:02:34,10255,0.48130436
2026/08/01@17:02:35,10256,0.5917391
2026/08/01@17:02:36,10257,0.5013043
2026/08/01@17:02:38,10259,0.11434782
2026/08/01@17:02:39,10260,0.29913044
2026/08/01@17:02:40,10261,0.0
2026/08/01@17:02:41,10262,0.36086956
2026/08/01@17:02:42,10263,0.20608696
2026/08/01@17:02:43,10264,0.205217392
2026/08/01@17:02:44,10265,0.48391304
2026/08/01@17:02:45,10266,0.29913044
2026/08/01@17:02:46,10267,0.6104348
2026/08/01@17:02:47,10268,0.42608696
2026/08/01@17:02:48,10269,0.29956524
2026/08/01@17:02:49,10270,0.38130436
2026/08/01@17:02:51,10272,0.17695652
2026/08/01@17:02:52,10273,0.0134782608
2026/08/01@17:02:53,10274,0.5621739
2026/08/01@17:02:54,10275,0.25434784
2026/08/01@17:02:55,10276,0.45869564
2026/08/01@17:02:56,10277,0.3652174
2026/08/01@17:02:57,10278,0.074347824
2026/08/01@17:02:58,10279,0.50652176
2026/08/01@17:02:59,10280,0.3343478
2026/08/01@17:03:00,10281,0.36695652
2026/08/01@17:03:01,10282,0.5182609
2026/08/01@17:03:02,10283,0.35304348
2026/08/01@17:03:04,10285,0.201739132
2026/08/01@17:03:05,10286,0.29782608
2026/08/01@17:03:06,10287,0.35347824
2026/08/01@17:03:07,10288,0.36913044
2026/08/01@17:03:08,10289,0.178695652
2026/08/01@17:03:09,10290,0.29347824
2026/08/01@17:03:10,10291,0.40304348
2026/08/01@17:03:11,10292,0.13565217
2026/08/01@17:03:12,10293,0.44347826
2026/08/01@17:03:13,10294,0.49
2026/08/01@17:03:14,10295,0.400869568
2026/08/01@17:03:15,10296,0.4304348
2026/08/01@17:03:17,10298,0.4169565
2026/08/01@17:03:18,10299,0.4673913
2026/08/01@17:03:19,10300,0.45086956
2026/08/01@17:03:20,10301,0.2647826
2026/08/01@17:03:21,10302,0.54695652
2026/08/01@17:03:22,10303,0.23565218
2026/08/01@17:03:23,10304,0.09391304
2026/08/01@17:03:24,10305,0.43
2026/08/01@17:03:25,10306,0.44652172
2026/08/01@17:03:26,10307,0.373478268
2026/08/01@17:03:27,10308,0.1426087
2026/08/01@17:03:28,10309,0.39565218
2026/08/01@17:03:30,10311,0.42086956
2026/08/01@17:03:31,10312,0.38434784
2026/08/01@17:03:32,10313,0.34304348
2026/08/01@17:03:33,10314,0.43173912
2026/08/01@17:03:34,10315,0.25478262
2026/08/01@17:03:35,10316,0.22043478
2026/08/01@17:03:36,10317,0.3104348
2026/08/01@17:03:37,10318,0.42869564
2026/08/01@17:03:38,10319,0.2673913
2026/08/01@17:03:39,10320,0.336521736
2026/08/01@17:03:40,10321,0.0
2026/08/01@17:03:41,10322,0.36086956
2026/08/01@17:03:43,10324,0.4552174
2026/08/01@17:03:44,10325,0.3947826
2026/08/01@17:03:45,10326,0.23173914
2026/08/01@17:03:46,10327,0.53565216
2026/08/01@17:03:47,10328,0.17565218
2026/08/01@17:03:48,10329,0.3795652
2026/08/01@17:03:49,10330,0.26043478
2026/08/01@17:03:50,10331,0.31130436
2026/08/01@17:03:51,10332,0.26217392
2026/08/01@17:03:52,10333,0.38782608
2026/08/01@17:03:53,10334,0.25608696
2026/08/01@17:03:54,10335,0.229130432
2026/08/01@17:03:56,10337,0.44391304
2026/08/01@17:03:57,10338,0.40304348
2026/08/01@17:03:58,10339,0.34695652
2026/08/01@17:03:59,10340,0.23
2026/08/01@17:04:00,10341,0.194347824
2026/08/01@17:04:01,10342,0.43391304
2026/08/01@17:04:02,10343,0.25347826
2026/08/01@17:04:03,10344,0.109130432
2026/08/01@17:04:04,10345,0.32782608
2026/08/01@17:04:05,10346,0.42
2026/08/01@17:04:06,10347,0.013043478
2026/08/01@17:04:07,10348,0.06
2026/08/01@17:04:09,10350,0.3930435
2026/08/01@17:04:10,10351,0.27304348
2026/08/01@17:04:11,10352,0.30608696
2026/08/01@17:04:12,10353,0.23565218
2026/08/01@17:04:13,10354,0.0
2026/08/01@17:04:14,10355,0.4526087
2026/08/01@17:04:15,10356,0.3626087
2026/08/01@17:04:16,10357,0.345217368
2026/08/01@17:04:17,10358,0.32652172
2026/08/01@17:04:18,10359,0.25826088
2026/08/01@17:04:19,10360,0.2595652
2026/08/01@17:04:20,10361,0.36913044
2026/08/01@17:04:22,10363,0.3421739
2026/08/01@17:04:23,10364,0.41304348
2026/08/01@17:04:24,10365,0.355652184
2026/08/01@17:04:25,10366,0.1447826
2026/08/01@17:04:26,10367,0.47391304
2026/08/01@17:04:27,10368,0.30956522
2026/08/01@17:04:28,10369,0.4304348
2026/08/01@17:04:29,10370,0.02173913
2026/08/01@17:04:30,10371,0.0
2026/08/01@17:04:31,10372,0.2647826
2026/08/01@17:04:32,10373,0.9652174
2026/08/01@17:04:33,10374,0.44652172
2026/08/01@17:04:35,10375,0.5621739
2026/08/01@17:04:36,10377,0.35130436
2026/08/01@17:04:37,10378,0.4873913
2026/08/01@17:04:38,10379,0.3343478
2026/08/01@17:04:39,10380,0.025217392
2026/08/01@17:04:40,10381,0.118695656
2026/08/01@17:04:41,10382,0.19869564
2026/08/01@17:04:42,10383,0.3852174
2026/08/01@17:04:43,10384,0.5078261
2026/08/01@17:04:44,10385,0.25173914
2026/08/01@17:04:45,10386,0.19695652
2026/08/01@17:04:46,10387,0.030434782
2026/08/01@17:04:47,10388,0.385652184
2026/08/01@17:04:49,10390,0.37434784
2026/08/01@17:04:50,10391,0.41434784
2026/08/01@17:04:51,10392,0.336521736
2026/08/01@17:04:52,10393,0.5621739
2026/08/01@17:04:53,10394,0.13304348
2026/08/01@17:04:54,10395,0.0
2026/08/01@17:04:55,10396,0.203913036
2026/08/01@17:04:56,10397,0.3973913
2026/08/01@17:04:57,10398,0.30869564
2026/08/01@17:04:58,10399,0.38217392
2026/08/01@17:04:59,10400,0.32347824
2026/08/01@17:05:00,10401,0.23956522
2026/08/01@17:05:02,10403,0.14608696
2026/08/01@17:05:03,10404,0.3726087
2026/08/01@17:05:04,10405,0.32304348
2026/08/01@17:05:05,10406,0.3026087
2026/08/01@17:05:06,10407,0.30086956
2026/08/01@17:05:07,10408,0.19521738
2026/08/01@17:05:08,10409,0.056086956
2026/08/01@17:05:09,10410,0.25347826
2026/08/01@17:05:10,10411,0.533913
2026/08/01@17:05:11,10412,0.46173912
2026/08/01@17:05:12,10413,0.1626087
2026/08/01@17:05:13,10414,0.02826087
2026/08/01@17:05:15,10416,0.23913044
2026/08/01@17:05:16,10417,0.29565218
2026/08/01@17:05:17,10418,0.3247826
2026/08/01@17:05:18,10419,0.380434784
2026/08/01@17:05:19,10420,0.049130436
2026/08/01@17:05:20,10421,0.28391304
2026/08/01@17:05:21,10422,0.23956522
2026/08/01@17:05:22,10423,0.1747826
2026/08/01@17:05:23,10424,0.37
2026/08/01@17:05:24,10425,0.2526087
2026/08/01@17:05:25,10426,0.19826088
2026/08/01@17:05:26,10427,0.61913044
2026/08/01@17:05:28,10429,0.29434782
2026/08/01@17:05:29,10430,0.40565216
2026/08/01@17:05:30,10431,0.36
2026/08/01@17:05:31,10432,0.26347824
2026/08/01@17:05:32,10433,0.43130434
2026/08/01@17:05:33,10434,0.30391306
2026/08/01@17:05:34,10435,0.36695652
2026/08/01@17:05:35,10436,0.2652174
2026/08/01@17:05:36,10437,0.44347826
2026/08/01@17:05:37,10438,0.46347828
2026/08/01@17:05:38,10439,0.26173912
2026/08/01@17:05:39,10440,0.20608696
2026/08/01@17:05:41,10442,0.28434784
2026/08/01@17:05:42,10443,0.17304348
2026/08/01@17:05:43,10444,0.08782609
2026/08/01@17:05:44,10445,0.18043478
2026/08/01@17:05:45,10446,0.470434784
2026/08/01@17:05:46,10447,0.27652174
2026/08/01@17:05:47,10448,0.3569565
2026/08/01@17:05:48,10449,0.4026087
2026/08/01@17:05:49,10450,0.23565218
2026/08/01@17:05:50,10451,0.26173912
2026/08/01@17:05:51,10452,0.24652174
2026/08/01@17:05:52,10453,0.34130436
2026/08/01@17:05:54,10455,0.29217392
2026/08/01@17:05:55,10456,0.3873913
2026/08/01@17:05:56,10457,0.24608696
2026/08/01@17:05:57,10458,0.21086956
2026/08/01@17:05:58,10459,0.368260868
2026/08/01@17:05:59,10460,0.27826086
2026/08/01@17:06:00,10461,0.5182609
2026/08/01@17:06:01,10462,0.32608696
2026/08/01@17:06:02,10463,0.1373913
2026/08/01@17:06:03,10464,0.39086956
2026/08/01@17:06:04,10465,0.1852174
2026/08/01@17:06:05,10466,0.09869565
2026/08/01@17:06:07,10468,0.3552174
2026/08/01@17:06:08,10469,0.3478261
2026/08/01@17:06:09,10470,0.38347824
2026/08/01@17:06:10,10471,0.4456522
2026/08/01@17:06:11,10472,0.4
2026/08/01@17:06:12,10473,0.3721739
2026/08/01@17:06:13,10474,0.16478262
2026/08/01@17:06:14,10475,0.2704348
2026/08/01@17:06:15,10476,0.233913052
2026/08/01@17:06:16,10477,0.38130436
2026/08/01@17:06:17,10478,0.24652174
2026/08/01@17:06:18,10479,0.29608696
2026/08/01@17:06:20,10481,0.2673913
2026/08/01@17:06:21,10482,0.16347826
2026/08/01@17:06:22,10483,0.20695652
2026/08/01@17:06:23,10484,0.015217391
2026/08/01@17:06:24,10485,0.0
2026/08/01@17:06:25,10486,0.27565216
2026/08/01@17:06:26,10487,0.21391304
2026/08/01@17:06:27,10488,0.34869568
2026/08/01@17:06:28,10489,0.38913044
2026/08/01@17:06:29,10490,0.27913044
2026/08/01@17:06:30,10491,0.44826088
2026/08/01@17:06:31,10492,0.42086956
2026/08/01@17:06:33,10494,0.4452174
2026/08/01@17:06:34,10495,0.38782608
2026/08/01@17:06:35,10496,0.28565216
2026/08/01@17:06:36,10497,0.2452174
2026/08/01@17:06:37,10498,0.15173914
2026/08/01@17:06:38,10499,0.385652184
2026/08/01@17:06:39,10500,0.12565218
2026/08/01@17:06:40,10501,0.22956522
2026/08/01@17:06:41,10502,0.10304348
2026/08/01@17:06:42,10503,0.015652174
2026/08/01@17:06:43,10504,0.057391304
2026/08/01@17:06:44,10505,0.12391304
2026/08/01@17:06:46,10507,0.10695652
2026/08/01@17:06:47,10508,0.19
2026/08/01@17:06:48,10509,0.3726087
2026/08/01@17:06:49,10510,0.13565217
2026/08/01@17:06:50,10511,0.23304348
2026/08/01@17:06:51,10512,0.31086956
2026/08/01@17:06:52,10513,0.023913042
2026/08/01@17:06:53,10514,0.032173912
2026/08/01@17:06:54,10515,0.27695652
2026/08/01@17:06:55,10516,0.37565216
2026/08/01@17:06:56,10517,0.35391304
2026/08/01@17:06:57,10518,0.44304348
2026/08/01@17:06:59,10520,0.37608696
2026/08/01@17:07:00,10521,0.4078261
2026/08/01@17:07:01,10522,0.21913044
2026/08/01@17:07:02,10523,0.24782608
2026/08/01@17:07:03,10524,0.39565218
2026/08/01@17:07:04,10525,0.3043478
2026/08/01@17:07:05,10526,0.21608696
2026/08/01@17:07:06,10527,0.3569565
2026/08/01@17:07:07,10528,0.22565218
2026/08/01@17:07:08,10529,0.29217392
2026/08/01@17:07:09,10530,0.023913042
2026/08/01@17:07:10,10531,0.04695652
2026/08/01@17:07:11,10532,0.018695652
2026/08/01@17:07:13,10534,0.23304348
2026/08/01@17:07:14,10535,0.16304348
2026/08/01@17:07:15,10536,0.034347824
2026/08/01@17:07:16,10537,0.08173913
2026/08/01@17:07:17,10538,0.40826088
2026/08/01@17:07:18,10539,0.29043478
2026/08/01@17:07:19,10540,0.478695636
2026/08/01@17:07:20,10541,0.32173914
2026/08/01@17:07:21,10542,0.27913044
2026/08/01@17:07:22,10543,0.27652174
2026/08/01@17:07:23,10544,0.43695652
2026/08/01@17:07:24,10545,0.36565216
2026/08/01@17:07:26,10547,0.339565216
2026/08/01@17:07:27,10548,0.4252174
2026/08/01@17:07:28,10549,0.2673913
2026/08/01@17:07:29,10550,0.35826088
2026/08/01@17:07:30,10551,0.39086956
2026/08/01@17:07:31,10552,0.26826088
2026/08/01@17:07:32,10553,0.34608696
2026/08/01@17:07:33,10554,0.435217368
2026/08/01@17:07:34,10555,0.41260868
2026/08/01@17:07:35,10556,0.42347828
2026/08/01@17:07:36,10557,0.13652174
2026/08/01@17:07:37,10558,0.31652172
2026/08/01@17:07:39,10560,0.09695652
2026/08/01@17:07:40,10561,0.22391304
2026/08/01@17:07:41,10562,0.25347826
2026/08/01@17:07:42,10563,0.39086956
2026/08/01@17:07:43,10564,0.24652174
2026/08/01@17:07:44,10565,0.4152174
2026/08/01@17:07:45,10566,0.32782608
2026/08/01@17:07:46,10567,0.23434782
2026/08/01@17:07:47,10568,0.3652174
2026/08/01@17:07:48,10569,0.08782609
2026/08/01@17:07:49,10570,0.33173912
2026/08/01@17:07:50,10571,0.29043478
2026/08/01@17:07:52,10573,0.1747826
2026/08/01@17:07:53,10574,0.2552174
2026/08/01@17:07:54,10575,0.21565217
2026/08/01@17:07:55,10576,0.26913044
2026/08/01@17:07:56,10577,0.3547826
2026/08/01@17:07:57,10578,0.037826088
2026/08/01@17:07:58,10579,0.038695652
2026/08/01@17:07:59,10580,0.12782608
2026/08/01@17:08:00,10581,0.020869566
2026/08/01@17:08:01,10582,0.034347824
2026/08/01@17:08:02,10583,0.15826086
2026/08/01@17:08:03,10584,0.11913043
2026/08/01@17:08:05,10586,0.006521739
2026/08/01@17:08:06,10587,0.21869566
2026/08/01@17:08:07,10588,0.11
2026/08/01@17:08:08,10589,0.30086956
2026/08/01@17:08:09,10590,0.29
2026/08/01@17:08:10,10591,0.32608696
2026/08/01@17:08:11,10592,0.2152174
2026/08/01@17:08:12,10593,0.1526087
2026/08/01@17:08:13,10594,0.15086956
2026/08/01@17:08:14,10595,0.12043478
2026/08/01@17:08:15,10596,0.2630435
2026/08/01@17:08:16,10597,0.30913044
2026/08/01@17:08:18,10599,0.51434784
2026/08/01@17:08:19,10600,0.15826086
2026/08/01@17:08:20,10601,0.18913044
2026/08/01@17:08:21,10602,0.02347826
2026/08/01@17:08:22,10603,0.21956522
2026/08/01@17:08:23,10604,0.32782608
2026/08/01@17:08:24,10605,0.220869568
2026/08/01@17:08:25,10606,0.424347816
2026/08/01@17:08:26,10607,0.30086956
2026/08/01@17:08:27,10608,0.27652174
2026/08/01@17:08:28,10609,0.35
2026/08/01@17:08:29,10610,0.448695636
2026/08/01@17:08:31,10612,0.3873913
2026/08/01@17:08:32,10613,0.19
2026/08/01@17:08:33,10614,0.0
2026/08/01@17:08:34,10615,0.21608696
2026/08/01@17:08:35,10616,0.2926087
2026/08/01@17:08:36,10617,0.36086956
2026/08/01@17:08:37,10618,0.1747826
2026/08/01@17:08:38,10619,0.34304348
2026/08/01@17:08:39,10620,0.25478262
2026/08/01@17:08:40,10621,0.39782608
2026/08/01@17:08:41,10622,0.338260868
2026/08/01@17:08:42,10623,0.3726087
2026/08/01@17:08:44,10625,0.22956522
2026/08/01@17:08:45,10626,0.406521736
2026/08/01@17:08:46,10627,0.18695652
2026/08/01@17:08:47,10628,0.06173913
2026/08/01@17:08:48,10629,0.248260868
2026/08/01@17:08:49,10630,0.18565216
2026/08/01@17:08:50,10631,0.36913044
2026/08/01@17:08:51,10632,0.42086956
2026/08/01@17:08:52,10633,0.35
2026/08/01@17:08:53,10634,0.08826087
2026/08/01@17:08:54,10635,0.3121739
2026/08/01@17:08:55,10636,0.16478262
2026/08/01@17:08:57,10638,0.39086956
2026/08/01@17:08:58,10639,0.25347826
2026/08/01@17:08:59,10640,0.199130432
2026/08/01@17:09:00,10641,0.14086956
2026/08/01@17:09:01,10642,0.067826088
2026/08/01@17:09:02,10643,0.16782608
2026/08/01@17:09:03,10644,0.30304348
2026/08/01@17:09:04,10645,0.18565216
2026/08/01@17:09:05,10646,0.61
2026/08/01@17:09:06,10647,0.27391306
2026/08/01@17:09:07,10648,0.30652174
2026/08/01@17:09:08,10649,0.3252174
2026/08/01@17:09:10,10651,0.23434782
2026/08/01@17:09:11,10652,0.24347826
2026/08/01@17:09:12,10653,0.2721739
2026/08/01@17:09:13,10654,0.35347824
2026/08/01@17:09:14,10655,0.2878261
2026/08/01@17:09:15,10656,0.3273913
2026/08/01@17:09:16,10657,0.2647826
2026/08/01@17:09:17,10658,0.5847826
2026/08/01@17:09:18,10659,0.26913044
2026/08/01@17:09:19,10660,0.42086956
2026/08/01@17:09:20,10661,0.19347826
2026/08/01@17:09:21,10662,0.36869564
2026/08/01@17:09:23,10664,0.45
2026/08/01@17:09:24,10665,0.2
2026/08/01@17:09:25,10666,0.063043476
2026/08/01@17:09:26,10667,0.05652174
2026/08/01@17:09:27,10668,0.48391304
2026/08/01@17:09:28,10669,0.31913042
2026/08/01@17:09:29,10670,0.448695636
2026/08/01@17:09:30,10671,0.27173912
2026/08/01@17:09:31,10672,0.23304348
2026/08/01@17:09:32,10673,0.41434784
2026/08/01@17:09:33,10674,0.28434784
2026/08/01@17:09:34,10675,0.30608696
2026/08/01@17:09:36,10676,0.17304348
2026/08/01@17:09:37,10678,0.08608696
2026/08/01@17:09:38,10679,0.339565216
2026/08/01@17:09:39,10680,0.2704348
2026/08/01@17:09:40,10681,0.4995652
2026/08/01@17:09:41,10682,0.054347824
2026/08/01@17:09:42,10683,0.2273913
2026/08/01@17:09:43,10684,0.08826087
2026/08/01@17:09:44,10685,0.2595652
2026/08/01@17:09:45,10686,0.33173912
2026/08/01@17:09:46,10687,0.2704348
2026/08/01@17:09:47,10688,0.32782608
2026/08/01@17:09:48,10689,0.248260868
2026/08/01@17:09:50,10691,0.046086956
2026/08/01@17:09:51,10692,0.0
2026/08/01@17:09:52,10693,0.2073913
2026/08/01@17:09:53,10694,0.22130434
2026/08/01@17:09:54,10695,0.24782608
2026/08/01@17:09:55,10696,0.19391304
2026/08/01@17:09:56,10697,0.406521736
2026/08/01@17:09:57,10698,0.22043478
2026/08/01@17:09:58,10699,0.118695656
2026/08/01@17:09:59,10700,0.18565216
2026/08/01@17:10:00,10701,0.14434783
2026/08/01@17:10:01,10702,0.25695652
2026/08/01@17:10:03,10704,0.201739132
2026/08/01@17:10:04,10705,0.08782609
2026/08/01@17:10:05,10706,0.19695652
2026/08/01@17:10:06,10707,0.13043478
2026/08/01@17:10:07,10708,0.182173908
2026/08/01@17:10:08,10709,0.5569565
2026/08/01@17:10:09,10710,0.36347828
2026/08/01@17:10:10,10711,0.24304348
2026/08/01@17:10:11,10712,0.34608696
2026/08/01@17:10:12,10713,0.27173912
2026/08/01@17:10:13,10714,0.02173913
2026/08/01@17:10:14,10715,0.22608696
2026/08/01@17:10:16,10717,0.21304348
2026/08/01@17:10:17,10718,0.2852174
2026/08/01@17:10:18,10719,0.181304352
2026/08/01@17:10:19,10720,0.355652184
2026/08/01@17:10:20,10721,0.2126087
2026/08/01@17:10:21,10722,0.29
2026/08/01@17:10:22,10723,0.27521738
2026/08/01@17:10:23,10724,0.29608696
2026/08/01@17:10:24,10725,0.0
2026/08/01@17:10:25,10726,0.15826086
2026/08/01@17:10:26,10727,0.2952174
2026/08/01@17:10:27,10728,0.2704348
2026/08/01@17:10:29,10730,0.4078261
2026/08/01@17:10:30,10731,0.09695652
2026/08/01@17:10:31,10732,0.18391304
2026/08/01@17:10:32,10733,0.16956522
2026/08/01@17:10:33,10734,0.09739131
2026/08/01@17:10:34,10735,0.04304348
2026/08/01@17:10:35,10736,0.16086957
2026/08/01@17:10:36,10737,0.0
2026/08/01@17:10:37,10738,0.0
2026/08/01@17:10:38,10739,0.37869568
2026/08/01@17:10:39,10740,0.28173912
2026/08/01@17:10:40,10741,0.2669565
2026/08/01@17:10:42,10743,0.14391304
2026/08/01@17:10:43,10744,0.28565216
2026/08/01@17:10:44,10745,0.24652174
2026/08/01@17:10:45,10746,0.12347826
2026/08/01@17:10:46,10747,0.26130436
2026/08/01@17:10:47,10748,0.190869568
2026/08/01@17:10:48,10749,0.039565216
2026/08/01@17:10:49,10750,0.32608696
2026/08/01@17:10:50,10751,0.24956522
2026/08/01@17:10:51,10752,0.22956522
2026/08/01@17:10:52,10753,0.24434782
2026/08/01@17:10:53,10754,0.25695652
2026/08/01@17:10:55,10756,0.12391304
2026/08/01@17:10:56,10757,0.2378261
2026/08/01@17:10:57,10758,0.09695652
2026/08/01@17:10:58,10759,0.24
2026/08/01@17:10:59,10760,0.25652172
2026/08/01@17:11:00,10761,0.24434782
2026/08/01@17:11:01,10762,0.13826087
2026/08/01@17:11:02,10763,0.32434782
2026/08/01@17:11:03,10764,0.22826088
2026/08/01@17:11:04,10765,0.42
2026/08/01@17:11:05,10766,0.27130434
2026/08/01@17:11:06,10767,0.3043478
2026/08/01@17:11:08,10769,0.29217392
2026/08/01@17:11:09,10770,0.2526087
2026/08/01@17:11:10,10771,0.28086956
2026/08/01@17:11:11,10772,0.31478262
2026/08/01@17:11:12,10773,0.36086956
2026/08/01@17:11:13,10774,0.3347826
2026/08/01@17:11:14,10775,0.29086956
2026/08/01@17:11:15,10776,0.2773913
2026/08/01@17:11:16,10777,0.35652172
2026/08/01@17:11:17,10778,0.28347826
2026/08/01@17:11:18,10779,0.22130434
2026/08/01@17:11:19,10780,0.14086956
2026/08/01@17:11:21,10782,0.0
2026/08/01@17:11:22,10783,0.20347826
2026/08/01@17:11:23,10784,0.29173914
2026/08/01@17:11:24,10785,0.17652174
2026/08/01@17:11:25,10786,0.4321739
2026/08/01@17:11:26,10787,0.25608696
2026/08/01@17:11:27,10788,0.29565218
2026/08/01@17:11:28,10789,0.428260868
2026/08/01@17:11:29,10790,0.26347824
2026/08/01@17:11:30,10791,0.62869568
2026/08/01@17:11:31,10792,0.16695653
2026/08/01@17:11:32,10793,0.23173914
2026/08/01@17:11:34,10795,0.17217392
2026/08/01@17:11:35,10796,0.30652174
2026/08/01@17:11:36,10797,0.343478268
2026/08/01@17:11:37,10798,0.25869566
2026/08/01@17:11:38,10799,0.31434784
2026/08/01@17:11:39,10800,0.4526087
2026/08/01@17:11:40,10801,0.38130436
2026/08/01@17:11:41,10802,0.15826086
2026/08/01@17:11:42,10803,0.12913044
2026/08/01@17:11:43,10804,0.09565217
2026/08/01@17:11:44,10805,0.22130434
2026/08/01@17:11:45,10806,0.24434782
2026/08/01@17:11:47,10808,0.22608696
2026/08/01@17:11:48,10809,0.29782608
2026/08/01@17:11:49,10810,0.2952174
2026/08/01@17:11:50,10811,0.36913044
2026/08/01@17:11:51,10812,0.17347826
2026/08/01@17:11:52,10813,0.1747826
2026/08/01@17:11:53,10814,0.0
2026/08/01@17:11:54,10815,0.15
2026/08/01@17:11:55,10816,0.336521736
2026/08/01@17:11:56,10817,0.14086956
2026/08/01@17:11:57,10818,0.3126087
2026/08/01@17:11:58,10819,0.051304348
2026/08/01@17:12:00,10820,0.201739132
2026/08/01@17:12:01,10822,0.244782608
2026/08/01@17:12:02,10823,0.21956522
2026/08/01@17:12:03,10824,0.2578261
2026/08/01@17:12:04,10825,0.0
2026/08/01@17:12:05,10826,0.40130432
2026/08/01@17:12:06,10827,0.31391304
2026/08/01@17:12:07,10828,0.30739132
2026/08/01@17:12:08,10829,0.26173912
2026/08/01@17:12:09,10830,0.2821739
2026/08/01@17:12:10,10831,0.478695636
2026/08/01@17:12:11,10832,0.456956536
2026/08/01@17:12:12,10833,0.16086957
2026/08/01@17:12:14,10835,0.20434782
2026/08/01@17:12:15,10836,0.224347824
2026/08/01@17:12:16,10837,0.3178261
2026/08/01@17:12:17,10838,0.34
2026/08/01@17:12:18,10839,0.30086956
2026/08/01@17:12:19,10840,0.3195652
2026/08/01@17:12:20,10841,0.21043478
2026/08/01@17:12:21,10842,0.110434784
2026/08/01@17:12:22,10843,0.18304348
2026/08/01@17:12:23,10844,0.2669565
2026/08/01@17:12:24,10845,0.30391306
2026/08/01@17:12:25,10846,0.236086936
2026/08/01@17:12:27,10848,0.29043478
2026/08/01@17:12:28,10849,0.17130434
2026/08/01@17:12:29,10850,0.2826087
2026/08/01@17:12:30,10851,0.32913044
2026/08/01@17:12:31,10852,0.33130434
2026/08/01@17:12:32,10853,0.32304348
2026/08/01@17:12:33,10854,0.29565218
2026/08/01@17:12:34,10855,0.17391304
2026/08/01@17:12:35,10856,0.17565218
2026/08/01@17:12:36,10857,0.30913044
2026/08/01@17:12:37,10858,0.34826088
2026/08/01@17:12:38,10859,0.01
2026/08/01@17:12:40,10861,0.17956522
2026/08/01@17:12:41,10862,0.18565216
2026/08/01@17:12:42,10863,0.416086936
2026/08/01@17:12:43,10864,0.1852174
2026/08/01@17:12:44,10865,0.4726087
2026/08/01@17:12:45,10866,0.30608696
2026/08/01@17:12:46,10867,0.1526087
2026/08/01@17:12:47,10868,0.115652176
2026/08/01@17:12:48,10869,0.35
2026/08/01@17:12:49,10870,0.35826088
2026/08/01@17:12:50,10871,0.17956522
2026/08/01@17:12:51,10872,0.35217392
2026/08/01@17:12:53,10874,0.30043476
2026/08/01@17:12:54,10875,0.31434784
2026/08/01@17:12:55,10876,0.4347826
2026/08/01@17:12:56,10877,0.24695652
2026/08/01@17:12:57,10878,0.32652172
2026/08/01@17:12:58,10879,0.067391304
2026/08/01@17:12:59,10880,0.16173912
2026/08/01@17:13:00,10881,0.2673913
2026/08/01@17:13:01,10882,0.2852174
2026/08/01@17:13:02,10883,0.26826088
2026/08/01@17:13:03,10884,0.16521738
2026/08/01@17:13:04,10885,0.22956522
2026/08/01@17:13:06,10887,0.195652176
2026/08/01@17:13:07,10888,0.16782608
2026/08/01@17:13:08,10889,0.3226087
2026/08/01@17:13:09,10890,0.26913044
2026/08/01@17:13:10,10891,0.32304348
2026/08/01@17:13:11,10892,0.14434783
2026/08/01@17:13:12,10893,0.21782608
2026/08/01@17:13:13,10894,0.170434784
2026/08/01@17:13:14,10895,0.19869564
2026/08/01@17:13:15,10896,0.21695652
2026/08/01@17:13:16,10897,0.09217391
2026/08/01@17:13:17,10898,0.29086956
2026/08/01@17:13:19,10900,0.30565216
2026/08/01@17:13:20,10901,0.355652184
2026/08/01@17:13:21,10902,0.1552174
2026/08/01@17:13:22,10903,0.22043478
2026/08/01@17:13:23,10904,0.10695652
2026/08/01@17:13:24,10905,0.33695652
2026/08/01@17:13:25,10906,0.16869566
2026/08/01@17:13:26,10907,0.0
2026/08/01@17:13:27,10908,0.27
2026/08/01@17:13:28,10909,0.18173914
2026/08/01@17:13:29,10910,0.11608696
2026/08/01@17:13:30,10911,0.3273913
2026/08/01@17:13:32,10913,0.368260868
2026/08/01@17:13:33,10914,0.3247826
2026/08/01@17:13:34,10915,0.188260868
2026/08/01@17:13:35,10916,0.0
2026/08/01@17:13:36,10917,0.1526087
2026/08/01@17:13:37,10918,0.2426087
2026/08/01@17:13:38,10919,0.208695652
2026/08/01@17:13:39,10920,0.22652174
2026/08/01@17:13:40,10921,0.27869564
2026/08/01@17:13:41,10922,0.23086956
2026/08/01@17:13:42,10923,0.2647826
2026/08/01@17:13:43,10924,0.35
2026/08/01@17:13:45,10926,0.2552174
2026/08/01@17:13:46,10927,0.34130436
2026/08/01@17:13:47,10928,0.1326087
2026/08/01@17:13:48,10929,0.34130436
2026/08/01@17:13:49,10930,0.28869566
2026/08/01@17:13:50,10931,0.29608696
2026/08/01@17:13:51,10932,0.18
2026/08/01@17:13:52,10933,0.2804348
2026/08/01@17:13:53,10934,0.11434782
2026/08/01@17:13:54,10935,0.178695652
2026/08/01@17:13:55,10936,0.27826086
2026/08/01@17:13:56,10937,0.1
2026/08/01@17:13:58,10939,0.15956521
2026/08/01@17:13:59,10940,0.385652184
2026/08/01@17:14:00,10941,0.09043478
2026/08/01@17:14:01,10942,0.10304348
2026/08/01@17:14:02,10943,0.199130432
2026/08/01@17:14:03,10944,0.2378261
2026/08/01@17:14:04,10945,0.11782609
2026/08/01@17:14:05,10946,0.20565218
2026/08/01@17:14:06,10947,0.29
2026/08/01@17:14:07,10948,0.34608696
2026/08/01@17:14:08,10949,0.33695652
2026/08/01@17:14:09,10950,0.15434782
2026/08/01@17:14:11,10952,0.33608696
2026/08/01@17:14:12,10953,0.30304348
2026/08/01@17:14:13,10954,0.26173912
2026/08/01@17:14:14,10955,0.17391304
2026/08/01@17:14:15,10956,0.16434782
2026/08/01@17:14:16,10957,0.64086956
2026/08/01@17:14:17,10958,0.01173913
2026/08/01@17:14:18,10959,0.08173913
2026/08/01@17:14:19,10960,0.09347826
2026/08/01@17:14:20,10961,0.25130436
2026/08/01@17:14:21,10962,0.011304348
2026/08/01@17:14:22,10963,0.046086956
2026/08/01@17:14:24,10965,0.15086956
2026/08/01@17:14:25,10966,0.22608696
2026/08/01@17:14:26,10967,0.2873913
2026/08/01@17:14:27,10968,0.30913044
2026/08/01@17:14:28,10969,0.2378261
2026/08/01@17:14:29,10970,0.31652172
2026/08/01@17:14:30,10971,0.30913044
2026/08/01@17:14:31,10972,0.400869568
2026/08/01@17:14:32,10973,0.25826088
2026/08/01@17:14:33,10974,0.35304348
2026/08/01@17:14:34,10975,0.35130436
2026/08/01@17:14:35,10976,0.227826092
2026/08/01@17:14:36,10977,0.13652174
2026/08/01@17:14:38,10979,0.07478261
2026/08/01@17:14:39,10980,0.048695652
2026/08/01@17:14:40,10981,0.11347826
2026/08/01@17:14:41,10982,0.09652174
2026/08/01@17:14:42,10983,0.24173912
2026/08/01@17:14:43,10984,0.110434784
2026/08/01@17:14:44,10985,0.16434782
2026/08/01@17:14:45,10986,0.16608696
2026/08/01@17:14:46,10987,0.09347826
2026/08/01@17:14:47,10988,0.29347824
2026/08/01@17:14:48,10989,0.18652174
2026/08/01@17:14:49,10990,0.30130434
2026/08/01@17:14:51,10991,0.26913044
2026/08/01@17:14:52,10993,0.17130434
2026/08/01@17:14:53,10994,0.23173914
2026/08/01@17:14:54,10995,0.12608695
2026/08/01@17:14:55,10996,0.23956522
2026/08/01@17:14:56,10997,0.18173914
2026/08/01@17:14:57,10998,0.27304348
2026/08/01@17:14:58,10999,0.33086956
2026/08/01@17:14:59,11000,0.1447826
2026/08/01@17:15:00,11001,0.112173912
2026/08/01@17:15:01,11002,0.060869564
2026/08/01@17:15:02,11003,0.18565216
2026/08/01@17:15:04,11004,0.19695652
2026/08/01@17:15:05,11006,0.2721739
2026/08/01@17:15:06,11007,0.28695652
2026/08/01@17:15:07,11008,0.0
2026/08/01@17:15:08,11009,0.1526087
2026/08/01@17:15:09,11010,0.27826086
2026/08/01@17:15:10,11011,0.2704348
2026/08/01@17:15:11,11012,0.27391306
2026/08/01@17:15:12,11013,0.25173914
2026/08/01@17:15:13,11014,0.52
2026/08/01@17:15:14,11015,0.2452174
2026/08/01@17:15:15,11016,0.057826088
2026/08/01@17:15:16,11017,0.28434784
2026/08/01@17:15:18,11019,0.052608696
2026/08/01@17:15:19,11020,0.2826087
2026/08/01@17:15:20,11021,0.17826086
2026/08/01@17:15:21,11022,0.56130432
2026/08/01@17:15:22,11023,0.38434784
2026/08/01@17:15:23,11024,0.2873913
2026/08/01@17:15:24,11025,0.3626087
2026/08/01@17:15:25,11026,0.12869565
2026/08/01@17:15:26,11027,0.19521738
2026/08/01@17:15:27,11028,0.31608696
2026/08/01@17:15:28,11029,0.35652172
2026/08/01@17:15:29,11030,0.1326087
2026/08/01@17:15:31,11032,0.212173908
2026/08/01@17:15:32,11033,0.227826092
2026/08/01@17:15:33,11034,0.26652176
2026/08/01@17:15:34,11035,0.351739136
2026/08/01@17:15:35,11036,0.27565216
2026/08/01@17:15:36,11037,0.26565218
2026/08/01@17:15:37,11038,0.20608696
2026/08/01@17:15:38,11039,0.21956522
2026/08/01@17:15:39,11040,0.110434784
2026/08/01@17:15:40,11041,0.29173914
2026/08/01@17:15:41,11042,0.227826092
2026/08/01@17:15:42,11043,0.24304348
2026/08/01@17:15:44,11045,0.344782632
2026/08/01@17:15:45,11046,0.26173912
2026/08/01@17:15:46,11047,0.27173912
2026/08/01@17:15:47,11048,0.056086956
2026/08/01@17:15:48,11049,0.085217392
2026/08/01@17:15:49,11050,0.0
2026/08/01@17:15:50,11051,0.15608695
2026/08/01@17:15:51,11052,0.18347826
2026/08/01@17:15:52,11053,0.24956522
2026/08/01@17:15:53,11054,0.09521739
2026/08/01@17:15:54,11055,0.224347824
2026/08/01@17:15:55,11056,0.18043478
2026/08/01@17:15:57,11058,0.28565216
2026/08/01@17:15:58,11059,0.43565216
2026/08/01@17:15:59,11060,0.2347826
2026/08/01@17:16:00,11061,0.27565216
2026/08/01@17:16:01,11062,0.28608696
2026/08/01@17:16:02,11063,0.2969565
2026/08/01@17:16:03,11064,0.060869564
2026/08/01@17:16:04,11065,0.18565216
2026/08/01@17:16:05,11066,0.211304352
2026/08/01@17:16:06,11067,0.32434782
2026/08/01@17:16:07,11068,0.22043478
2026/08/01@17:16:08,11069,0.20434782
2026/08/01@17:16:10,11071,0.3273913
2026/08/01@17:16:11,11072,0.227826092
2026/08/01@17:16:12,11073,0.2426087
2026/08/01@17:16:13,11074,0.26913044
2026/08/01@17:16:14,11075,0.15956521
2026/08/01@17:16:15,11076,0.0
2026/08/01@17:16:16,11077,0.22608696
2026/08/01@17:16:17,11078,0.27565216
2026/08/01@17:16:18,11079,0.391304352
2026/08/01@17:16:19,11080,0.22956522
2026/08/01@17:16:20,11081,0.017391304
2026/08/01@17:16:21,11082,0.2078261
2026/08/01@17:16:23,11084,0.21565217
2026/08/01@17:16:24,11085,0.047826084
2026/08/01@17:16:25,11086,0.09565217
2026/08/01@17:16:26,11087,0.13652174
2026/08/01@17:16:27,11088,0.22217392
2026/08/01@17:16:28,11089,0.32956524
2026/08/01@17:16:29,11090,0.16347826
2026/08/01@17:16:30,11091,0.2595652
2026/08/01@17:16:31,11092,0.23086956
2026/08/01@17:16:32,11093,0.2704348
2026/08/01@17:16:33,11094,0.07304348
2026/08/01@17:16:34,11095,0.21304348
2026/08/01@17:16:36,11097,0.25826088
2026/08/01@17:16:37,11098,0.23826086
2026/08/01@17:16:38,11099,0.0
2026/08/01@17:16:39,11100,0.21086956
2026/08/01@17:16:40,11101,0.211304352
2026/08/01@17:16:41,11102,0.25
2026/08/01@17:16:42,11103,0.24434782
2026/08/01@17:16:43,11104,0.28391304
2026/08/01@17:16:44,11105,0.28695652
2026/08/01@17:16:45,11106,0.0
2026/08/01@17:16:46,11107,0.14565218
2026/08/01@17:16:47,11108,0.23434782
2026/08/01@17:16:49,11110,0.31478262
2026/08/01@17:16:50,11111,0.248260868
2026/08/01@17:16:51,11112,0.2595652
2026/08/01@17:16:52,11113,0.08
2026/08/01@17:16:53,11114,0.12739131
2026/08/01@17:16:54,11115,0.3273913
2026/08/01@17:16:55,11116,0.208695652
2026/08/01@17:16:56,11117,0.338260868
2026/08/01@17:16:57,11118,0.13956522
2026/08/01@17:16:58,11119,0.37
2026/08/01@17:16:59,11120,0.09173913
2026/08/01@17:17:00,11121,0.2804348
2026/08/01@17:17:01,11122,0.0
2026/08/01@17:17:03,11124,0.31086956
2026/08/01@17:17:04,11125,0.29043478
2026/08/01@17:17:05,11126,0.0
2026/08/01@17:17:06,11127,0.23304348
2026/08/01@17:17:07,11128,0.170434784
2026/08/01@17:17:08,11129,0.19173912
2026/08/01@17:17:09,11130,0.13304348
2026/08/01@17:17:10,11131,0.15434782
2026/08/01@17:17:11,11132,0.14217392
2026/08/01@17:17:12,11133,0.231304352
2026/08/01@17:17:13,11134,0.28608696
2026/08/01@17:17:14,11135,0.1626087
2026/08/01@17:17:16,11137,0.069565216
2026/08/01@17:17:17,11138,0.26913044
2026/08/01@17:17:18,11139,0.09869565
2026/08/01@17:17:19,11140,0.118695656
2026/08/01@17:17:20,11141,0.168260868
2026/08/01@17:17:21,11142,0.27130434
2026/08/01@17:17:22,11143,0.2852174
2026/08/01@17:17:23,11144,0.4152174
2026/08/01@17:17:24,11145,0.21434782
2026/08/01@17:17:25,11146,0.053043476
2026/08/01@17:17:26,11147,0.21913044
2026/08/01@17:17:27,11148,0.11086956
2026/08/01@17:17:29,11150,0.21608696
2026/08/01@17:17:30,11151,0.25695652
2026/08/01@17:17:31,11152,0.18652174
2026/08/01@17:17:32,11153,0.19391304
2026/08/01@17:17:33,11154,0.31826088
2026/08/01@17:17:34,11155,0.30652174
2026/08/01@17:17:35,11156,0.29086956
2026/08/01@17:17:36,11157,0.23304348
2026/08/01@17:17:37,11158,0.1552174
2026/08/01@17:17:38,11159,0.17826086
2026/08/01@17:17:39,11160,0.0
2026/08/01@17:17:40,11161,0.12043478
2026/08/01@17:17:42,11163,0.19217392
2026/08/01@17:17:43,11164,0.12739131
2026/08/01@17:17:44,11165,0.1173913
2026/08/01@17:17:45,11166,0.20347826
2026/08/01@17:17:46,11167,0.229130432
2026/08/01@17:17:47,11168,0.28173912
2026/08/01@17:17:48,11169,0.21956522
2026/08/01@17:17:49,11170,0.16869566
2026/08/01@17:17:50,11171,0.346521732
2026/08/01@17:17:51,11172,0.15913044
2026/08/01@17:17:52,11173,0.27869564
2026/08/01@17:17:53,11174,0.2652174
2026/08/01@17:17:55,11176,0.24608696
2026/08/01@17:17:56,11177,0.26913044
2026/08/01@17:17:57,11178,0.21695652
2026/08/01@17:17:58,11179,0.2504348
2026/08/01@17:17:59,11180,0.27
2026/08/01@17:18:00,11181,0.41260868
2026/08/01@17:18:01,11182,0.244782608
2026/08/01@17:18:02,11183,0.21913044
2026/08/01@17:18:03,11184,0.05826087
2026/08/01@17:18:04,11185,0.19695652
2026/08/01@17:18:05,11186,0.21391304
2026/08/01@17:18:06,11187,0.36
2026/08/01@17:18:08,11189,0.072608696
2026/08/01@17:18:09,11190,0.2226087
2026/08/01@17:18:10,11191,0.2852174
2026/08/01@17:18:11,11192,0.39782608
2026/08/01@17:18:12,11193,0.29782608
2026/08/01@17:18:13,11194,0.14130434
2026/08/01@17:18:14,11195,0.2504348
2026/08/01@17:18:15,11196,0.33173912
2026/08/01@17:18:16,11197,0.31434784
2026/08/01@17:18:17,11198,0.23304348
2026/08/01@17:18:18,11199,0.4726087
2026/08/01@17:18:19,11200,0.19217392
2026/08/01@17:18:21,11202,0.2552174
2026/08/01@17:18:22,11203,0.496521736
2026/08/01@17:18:23,11204,0.2378261
2026/08/01@17:18:24,11205,0.28565216
2026/08/01@17:18:25,11206,0.09869565
2026/08/01@17:18:26,11207,0.15434782
2026/08/01@17:18:27,11208,0.22478262
2026/08/01@17:18:28,11209,0.13608696
2026/08/01@17:18:29,11210,0.2226087
2026/08/01@17:18:30,11211,0.29217392
2026/08/01@17:18:31,11212,0.2826087
2026/08/01@17:18:32,11213,0.229130432
2026/08/01@17:18:34,11215,0.2773913
2026/08/01@17:18:35,11216,0.06652174
2026/08/01@17:18:36,11217,0.28086956
2026/08/01@17:18:37,11218,0.15652174
2026/08/01@17:18:38,11219,0.16304348
2026/08/01@17:18:39,11220,0.12347826
2026/08/01@17:18:40,11221,0.24434782
2026/08/01@17:18:41,11222,0.2747826
2026/08/01@17:18:42,11223,0.32130436
2026/08/01@17:18:43,11224,0.20217392
2026/08/01@17:18:44,11225,0.3495652
2026/08/01@17:18:45,11226,0.28913044
2026/08/01@17:18:47,11228,0.2426087
2026/08/01@17:18:48,11229,0.24304348
2026/08/01@17:18:49,11230,0.18913044
2026/08/01@17:18:50,11231,0.2773913
2026/08/01@17:18:51,11232,0.0
2026/08/01@17:18:52,11233,0.13608696
2026/08/01@17:18:53,11234,0.16956522
2026/08/01@17:18:54,11235,0.2647826
2026/08/01@17:18:55,11236,0.069565216
2026/08/01@17:18:56,11237,0.063043476
2026/08/01@17:18:57,11238,0.0
2026/08/01@17:18:58,11239,0.30391306
2026/08/01@17:19:00,11241,0.1252174
2026/08/01@17:19:01,11242,0.22608696
2026/08/01@17:19:02,11243,0.23652174
2026/08/01@17:19:03,11244,0.23565218
2026/08/01@17:19:04,11245,0.30913044
2026/08/01@17:19:05,11246,0.178695652
2026/08/01@17:19:06,11247,0.21782608
2026/08/01@17:19:07,11248,0.10391305
2026/08/01@17:19:08,11249,0.14608696
2026/08/01@17:19:09,11250,0.205217392
2026/08/01@17:19:10,11251,0.22652174
2026/08/01@17:19:11,11252,0.2852174
2026/08/01@17:19:13,11254,0.31608696
2026/08/01@17:19:14,11255,0.2347826
2026/08/01@17:19:15,11256,0.3043478
2026/08/01@17:19:16,11257,0.336521736
2026/08/01@17:19:17,11258,0.343478268
2026/08/01@17:19:18,11259,0.2578261
2026/08/01@17:19:19,11260,0.0
2026/08/01@17:19:20,11261,0.23173914
2026/08/01@17:19:21,11262,0.30956522
2026/08/01@17:19:22,11263,0.020869566
2026/08/01@17:19:23,11264,0.22043478
2026/08/01@17:19:24,11265,0.168260868
2026/08/01@17:19:26,11267,0.1252174
2026/08/01@17:19:27,11268,0.344782632
2026/08/01@17:19:28,11269,0.27695652
2026/08/01@17:19:29,11270,0.24304348
2026/08/01@17:19:30,11271,0.27652174
2026/08/01@17:19:31,11272,0.480434784
2026/08/01@17:19:32,11273,0.195652176
2026/08/01@17:19:33,11274,0.36913044
2026/08/01@17:19:34,11275,0.07608695
2026/08/01@17:19:35,11276,0.25130436
2026/08/01@17:19:36,11277,0.16652174
2026/08/01@17:19:37,11278,0.014782609
2026/08/01@17:19:39,11280,0.03347826
2026/08/01@17:19:40,11281,0.080434784
2026/08/01@17:19:41,11282,0.08173913
2026/08/01@17:19:42,11283,0.1747826
2026/08/01@17:19:43,11284,0.10652174
2026/08/01@17:19:44,11285,0.200434784
2026/08/01@17:19:45,11286,0.11434782
2026/08/01@17:19:46,11287,0.21391304
2026/08/01@17:19:47,11288,0.20434782
2026/08/01@17:19:48,11289,0.25
2026/08/01@17:19:49,11290,0.2721739
2026/08/01@17:19:50,11291,0.42608696
2026/08/01@17:19:52,11293,0.26826088
2026/08/01@17:19:53,11294,0.15304348
2026/08/01@17:19:54,11295,0.20086956
2026/08/01@17:19:55,11296,0.2952174
2026/08/01@17:19:56,11297,0.112173912
2026/08/01@17:19:57,11298,0.3173913
2026/08/01@17:19:58,11299,0.20434782
2026/08/01@17:19:59,11300,0.29565218
2026/08/01@17:20:00,11301,0.19173912
2026/08/01@17:20:01,11302,0.2721739
2026/08/01@17:20:02,11303,0.3021739
2026/08/01@17:20:03,11304,0.2152174
2026/08/01@17:20:04,11305,0.14826088
2026/08/01@17:20:06,11307,0.29347824
2026/08/01@17:20:07,11308,0.27130434
2026/08/01@17:20:08,11309,0.12913044
2026/08/01@17:20:09,11310,0.19826088
