datetime,elapsed_s,pressure_hpa
2026/04/02@01:32:05,7,977.0071
2026/04/02@01:32:06,8,977.0134
2026/04/02@01:32:07,9,976.9982
2026/04/02@01:32:08,10,976.9928
2026/04/02@01:32:10,12,977.009136
2026/04/02@01:32:11,13,976.9906
2026/04/02@01:32:12,14,976.987264
2026/04/02@01:32:13,15,976.92308
2026/04/02@01:32:14,16,976.9564
2026/04/02@01:32:15,17,976.9719
2026/04/02@01:32:16,18,976.9468
2026/04/02@01:32:17,19,976.9592
2026/04/02@01:32:18,20,976.9572
2026/04/02@01:32:19,21,977.0003
2026/04/02@01:32:20,22,976.9828
2026/04/02@01:32:21,23,977.0373
2026/04/02@01:32:23,25,976.99805
2026/04/02@01:32:24,26,976.9807
2026/04/02@01:32:25,27,976.9894
2026/04/02@01:32:26,28,976.9709
2026/04/02@01:32:27,29,976.9772
2026/04/02@01:32:28,30,976.99716
2026/04/02@01:32:29,31,976.98472
2026/04/02@01:32:30,32,977.02576
2026/04/02@01:32:31,33,976.97624
2026/04/02@01:32:32,34,977.02376
2026/04/02@01:32:33,35,976.9777
2026/04/02@01:32:34,36,976.9826
2026/04/02@01:32:36,38,976.9649
2026/04/02@01:32:37,39,976.99692
2026/04/02@01:32:38,40,977.0067
2026/04/02@01:32:39,41,976.98208
2026/04/02@01:32:40,42,977.0483
2026/04/02@01:32:41,43,977.05112
2026/04/02@01:32:42,44,977.0257
2026/04/02@01:32:43,45,977.02732
2026/04/02@01:32:44,46,977.0522
2026/04/02@01:32:45,47,977.06448
2026/04/02@01:32:46,48,977.0214
2026/04/02@01:32:47,49,977.0744
2026/04/02@01:32:49,51,977.0563
2026/04/02@01:32:50,52,977.0454
2026/04/02@01:32:51,53,977.0443
2026/04/02@01:32:52,54,977.08
2026/04/02@01:32:53,55,977.061168
2026/04/02@01:32:54,56,977.06696
2026/04/02@01:32:55,57,977.0437
2026/04/02@01:32:56,58,977.05
2026/04/02@01:32:57,59,977.0503
2026/04/02@01:32:58,60,976.98208
2026/04/02@01:32:59,61,977.0156
2026/04/02@01:33:00,62,977.002
2026/04/02@01:33:02,64,977.0079
2026/04/02@01:33:03,65,976.9983
2026/04/02@01:33:04,66,976.9687
2026/04/02@01:33:05,67,977.0097
2026/04/02@01:33:06,68,976.9628
2026/04/02@01:33:07,69,976.9906
2026/04/02@01:33:08,70,976.96176
2026/04/02@01:33:09,71,976.9501
2026/04/02@01:33:10,72,976.97955
2026/04/02@01:33:11,73,976.9546
2026/04/02@01:33:12,74,977.02232
2026/04/02@01:33:13,75,976.9905
2026/04/02@01:33:15,77,976.999632
2026/04/02@01:33:16,78,977.0391
2026/04/02@01:33:17,79,977.05632
2026/04/02@01:33:18,80,977.0393
2026/04/02@01:33:19,81,977.02092
2026/04/02@01:33:20,82,976.99508
2026/04/02@01:33:21,83,976.9919
2026/04/02@01:33:22,84,977.0053
2026/04/02@01:33:23,85,977.01416
2026/04/02@01:33:24,86,977.0359
2026/04/02@01:33:25,87,977.03096
2026/04/02@01:33:26,88,977.0508
2026/04/02@01:33:28,90,977.056
2026/04/02@01:33:29,91,977.055
2026/04/02@01:33:30,92,977.0478
2026/04/02@01:33:31,93,977.060336
2026/04/02@01:33:32,94,977.061936
2026/04/02@01:33:33,95,977.045936
2026/04/02@01:33:34,96,977.0513
2026/04/02@01:33:35,97,977.07496
2026/04/02@01:33:36,98,977.0924
2026/04/02@01:33:37,99,977.07152
2026/04/02@01:33:38,100,977.06808
2026/04/02@01:33:39,101,977.0398
2026/04/02@01:33:41,103,977.04868
2026/04/02@01:33:42,104,977.0449
2026/04/02@01:33:43,105,977.0751
2026/04/02@01:33:44,106,977.06284
2026/04/02@01:33:45,107,977.082736
2026/04/02@01:33:46,108,977.10624
2026/04/02@01:33:47,109,977.1103
2026/04/02@01:33:48,110,977.0682
2026/04/02@01:33:49,111,977.06492
2026/04/02@01:33:50,112,977.0934
2026/04/02@01:33:51,113,977.1247
2026/04/02@01:33:52,114,977.0494
2026/04/02@01:33:54,116,977.04708
2026/04/02@01:33:55,117,977.01384
2026/04/02@01:33:56,118,977.0261
2026/04/02@01:33:57,119,977.0093
2026/04/02@01:33:58,120,976.99716
2026/04/02@01:33:59,121,977.058832
2026/04/02@01:34:00,122,977.0689
2026/04/02@01:34:01,123,977.092864
2026/04/02@01:34:02,124,977.1115
2026/04/02@01:34:03,125,977.0351
2026/04/02@01:34:04,126,977.0439
2026/04/02@01:34:05,127,977.0167
2026/04/02@01:34:07,129,977.0986
2026/04/02@01:34:08,130,977.0555
2026/04/02@01:34:09,131,977.0703
2026/04/02@01:34:10,132,977.07792
2026/04/02@01:34:11,133,976.9645
2026/04/02@01:34:12,134,976.9059
2026/04/02@01:34:13,135,976.9286
2026/04/02@01:34:14,136,976.931136
2026/04/02@01:34:15,137,976.96468
2026/04/02@01:34:16,138,976.96968
2026/04/02@01:34:17,139,976.9772
2026/04/02@01:34:18,140,976.9476
2026/04/02@01:34:19,141,976.9253
2026/04/02@01:34:21,143,976.9674
2026/04/02@01:34:22,144,977.0259
2026/04/02@01:34:23,145,977.0754
2026/04/02@01:34:24,146,977.06176
2026/04/02@01:34:25,147,977.0394
2026/04/02@01:34:26,148,977.02232
2026/04/02@01:34:27,149,977.080464
2026/04/02@01:34:28,150,977.0745
2026/04/02@01:34:29,151,977.0806
2026/04/02@01:34:30,152,977.10184
2026/04/02@01:34:31,153,977.08456
2026/04/02@01:34:32,154,977.0871
2026/04/02@01:34:34,156,977.1269
2026/04/02@01:34:35,157,977.1085
2026/04/02@01:34:36,158,977.0876
2026/04/02@01:34:37,159,977.0814
2026/04/02@01:34:38,160,977.08024
2026/04/02@01:34:39,161,977.0692
2026/04/02@01:34:40,162,977.0633
2026/04/02@01:34:41,163,977.05224
2026/04/02@01:34:42,164,977.0337
2026/04/02@01:34:43,165,976.9917
2026/04/02@01:34:44,166,977.02904
2026/04/02@01:34:45,167,977.055264
2026/04/02@01:34:47,169,977.039
2026/04/02@01:34:48,170,977.02435
2026/04/02@01:34:49,171,977.0517
2026/04/02@01:34:50,172,977.0468
2026/04/02@01:34:51,173,977.0446
2026/04/02@01:34:52,174,977.06948
2026/04/02@01:34:53,175,977.067
2026/04/02@01:34:54,176,977.0574
2026/04/02@01:34:55,177,977.1121
2026/04/02@01:34:56,178,977.0515
2026/04/02@01:34:57,179,977.0776
2026/04/02@01:34:58,180,977.0826
2026/04/02@01:35:00,182,977.0644
2026/04/02@01:35:01,183,977.0
2026/04/02@01:35:02,184,977.05052
2026/04/02@01:35:03,185,977.0571
2026/04/02@01:35:04,186,977.0571
2026/04/02@01:35:05,187,977.06976
2026/04/02@01:35:06,188,977.0363
2026/04/02@01:35:07,189,977.0611
2026/04/02@01:35:08,190,977.0464
2026/04/02@01:35:09,191,977.044
2026/04/02@01:35:10,192,977.038
2026/04/02@01:35:11,193,977.0144
2026/04/02@01:35:13,195,977.01336
2026/04/02@01:35:14,196,976.98984
2026/04/02@01:35:15,197,977.0109
2026/04/02@01:35:16,198,977.006032
2026/04/02@01:35:17,199,977.0137
2026/04/02@01:35:18,200,977.0634
2026/04/02@01:35:19,201,977.0709
2026/04/02@01:35:20,202,977.0452
2026/04/02@01:35:21,203,977.0798
2026/04/02@01:35:22,204,977.1133
2026/04/02@01:35:23,205,977.0676
2026/04/02@01:35:24,206,977.0714
2026/04/02@01:35:26,208,977.060336
2026/04/02@01:35:27,209,977.05304
2026/04/02@01:35:28,210,977.0368
2026/04/02@01:35:29,211,977.0581
2026/04/02@01:35:30,212,977.0854
2026/04/02@01:35:31,213,977.08308
2026/04/02@01:35:32,214,977.07304
2026/04/02@01:35:33,215,977.057
2026/04/02@01:35:34,216,977.0845
2026/04/02@01:35:35,217,977.06352
2026/04/02@01:35:36,218,977.0661
2026/04/02@01:35:37,219,977.0616
2026/04/02@01:35:39,221,977.0971
2026/04/02@01:35:40,222,977.09232
2026/04/02@01:35:41,223,977.093568
2026/04/02@01:35:42,224,977.0839
2026/04/02@01:35:43,225,977.0878
2026/04/02@01:35:44,226,977.0532
2026/04/02@01:35:45,227,977.0904
2026/04/02@01:35:46,228,977.09032
2026/04/02@01:35:47,229,977.082
2026/04/02@01:35:48,230,977.0856
2026/04/02@01:35:49,231,977.0411
2026/04/02@01:35:50,232,977.0822
2026/04/02@01:35:52,234,977.075
2026/04/02@01:35:53,235,977.1021
2026/04/02@01:35:54,236,977.09704
2026/04/02@01:35:55,237,977.1185
2026/04/02@01:35:56,238,977.1149
2026/04/02@01:35:57,239,977.1189
2026/04/02@01:35:58,240,977.1002
2026/04/02@01:35:59,241,977.09408
2026/04/02@01:36:00,242,977.1339
2026/04/02@01:36:01,243,977.1043
2026/04/02@01:36:02,244,977.1094
2026/04/02@01:36:03,245,977.1577
2026/04/02@01:36:05,246,977.1317
2026/04/02@01:36:06,248,977.110864
2026/04/02@01:36:07,249,977.1456
2026/04/02@01:36:08,250,977.158
2026/04/02@01:36:09,251,977.1174
2026/04/02@01:36:10,252,977.16184
2026/04/02@01:36:11,253,977.14456
2026/04/02@01:36:12,254,977.1275
2026/04/02@01:36:13,255,977.0842
2026/04/02@01:36:14,256,977.15624
2026/04/02@01:36:15,257,977.1153
2026/04/02@01:36:16,258,977.0769
2026/04/02@01:36:17,259,977.1141
2026/04/02@01:36:19,261,977.1292
2026/04/02@01:36:20,262,977.0946
2026/04/02@01:36:21,263,977.0948
2026/04/02@01:36:22,264,977.10848
2026/04/02@01:36:23,265,977.1024
2026/04/02@01:36:24,266,977.13336
2026/04/02@01:36:25,267,977.1259
2026/04/02@01:36:26,268,977.1334
2026/04/02@01:36:27,269,977.12856
2026/04/02@01:36:28,270,977.1397
2026/04/02@01:36:29,271,977.1425
2026/04/02@01:36:30,272,977.14624
2026/04/02@01:36:32,274,977.1403
2026/04/02@01:36:33,275,977.11912
2026/04/02@01:36:34,276,977.1217
2026/04/02@01:36:35,277,977.12916
2026/04/02@01:36:36,278,977.0882
2026/04/02@01:36:37,279,977.1219
2026/04/02@01:36:38,280,977.08984
2026/04/02@01:36:39,281,977.06284
2026/04/02@01:36:40,282,977.10344
2026/04/02@01:36:41,283,977.0962
2026/04/02@01:36:42,284,977.0949
2026/04/02@01:36:43,285,977.0779
2026/04/02@01:36:45,287,977.0694
2026/04/02@01:36:46,288,977.101536
2026/04/02@01:36:47,289,977.0706
2026/04/02@01:36:48,290,977.10032
2026/04/02@01:36:49,291,977.1389
2026/04/02@01:36:50,292,977.08684
2026/04/02@01:36:51,293,977.09332
2026/04/02@01:36:52,294,977.1266
2026/04/02@01:36:53,295,977.11912
2026/04/02@01:36:54,296,977.1131
2026/04/02@01:36:55,297,977.15268
2026/04/02@01:36:56,298,977.1428
2026/04/02@01:36:58,300,977.1378
2026/04/02@01:36:59,301,977.1378
2026/04/02@01:37:00,302,977.12784
2026/04/02@01:37:01,303,977.1613
2026/04/02@01:37:02,304,977.1604
2026/04/02@01:37:03,305,977.0935
2026/04/02@01:37:04,306,977.0948
2026/04/02@01:37:05,307,977.1172
2026/04/02@01:37:06,308,977.10976
2026/04/02@01:37:07,309,977.09108
2026/04/02@01:37:08,310,977.0602
2026/04/02@01:37:09,311,977.1038
2026/04/02@01:37:11,313,977.0793
2026/04/02@01:37:12,314,977.0916
2026/04/02@01:37:13,315,977.08548
2026/04/02@01:37:14,316,977.0458
2026/04/02@01:37:15,317,977.01736
2026/04/02@01:37:16,318,977.072
2026/04/02@01:37:17,319,977.04344
2026/04/02@01:37:18,320,977.087
2026/04/02@01:37:19,321,977.08968
2026/04/02@01:37:20,322,977.05256
2026/04/02@01:37:21,323,977.1032
2026/04/02@01:37:22,324,977.09216
2026/04/02@01:37:24,326,977.0637
2026/04/02@01:37:25,327,977.107264
2026/04/02@01:37:26,328,977.0887
2026/04/02@01:37:27,329,977.0974
2026/04/02@01:37:28,330,977.1138
2026/04/02@01:37:29,331,977.121136
2026/04/02@01:37:30,332,977.1161
2026/04/02@01:37:31,333,977.1346
2026/04/02@01:37:32,334,977.10624
2026/04/02@01:37:33,335,977.11632
2026/04/02@01:37:34,336,977.13868
2026/04/02@01:37:35,337,977.1426
2026/04/02@01:37:37,339,977.0867
2026/04/02@01:37:38,340,977.1178
2026/04/02@01:37:39,341,977.1364
2026/04/02@01:37:40,342,977.1117
2026/04/02@01:37:41,343,977.14152
2026/04/02@01:37:42,344,977.1476
2026/04/02@01:37:43,345,977.15896
2026/04/02@01:37:44,346,977.1418
2026/04/02@01:37:45,347,977.1206
2026/04/02@01:37:46,348,977.0994
2026/04/02@01:37:47,349,977.1342
2026/04/02@01:37:48,350,977.1467
2026/04/02@01:37:50,352,977.1344
2026/04/02@01:37:51,353,977.10984
2026/04/02@01:37:52,354,977.1433
2026/04/02@01:37:53,355,977.1258
2026/04/02@01:37:54,356,977.1334
2026/04/02@01:37:55,357,977.162064
2026/04/02@01:37:56,358,977.15216
2026/04/02@01:37:57,359,977.1534
2026/04/02@01:37:58,360,977.1376
2026/04/02@01:37:59,361,977.13008
2026/04/02@01:38:00,362,977.17096
2026/04/02@01:38:01,363,977.118864
2026/04/02@01:38:03,364,977.15392
2026/04/02@01:38:04,366,977.1686
2026/04/02@01:38:05,367,977.1289
2026/04/02@01:38:06,368,977.14652
2026/04/02@01:38:07,369,977.1269
2026/04/02@01:38:08,370,977.1343
2026/04/02@01:38:09,371,977.1602
2026/04/02@01:38:10,372,977.13908
2026/04/02@01:38:11,373,977.1367
2026/04/02@01:38:12,374,977.131968
2026/04/02@01:38:13,375,977.1247
2026/04/02@01:38:14,376,977.1445
2026/04/02@01:38:15,377,977.1652
2026/04/02@01:38:17,379,977.13084
2026/04/02@01:38:18,380,977.1384
2026/04/02@01:38:19,381,977.134768
2026/04/02@01:38:20,382,977.105
2026/04/02@01:38:21,383,977.1498
2026/04/02@01:38:22,384,977.125
2026/04/02@01:38:23,385,977.12368
2026/04/02@01:38:24,386,977.1186
2026/04/02@01:38:25,387,977.13616
2026/04/02@01:38:26,388,977.07052
2026/04/02@01:38:27,389,977.0061
2026/04/02@01:38:28,390,977.04832
2026/04/02@01:38:30,392,977.05944
2026/04/02@01:38:31,393,977.056
2026/04/02@01:38:32,394,976.98664
2026/04/02@01:38:33,395,977.0016
2026/04/02@01:38:34,396,976.9916
2026/04/02@01:38:35,397,977.03108
2026/04/02@01:38:36,398,976.9519
2026/04/02@01:38:37,399,976.9743
2026/04/02@01:38:38,400,977.02264
2026/04/02@01:38:39,401,977.0326
2026/04/02@01:38:40,402,976.9893
2026/04/02@01:38:41,403,977.019
2026/04/02@01:38:43,405,977.0105
2026/04/02@01:38:44,406,977.07656
2026/04/02@01:38:45,407,977.0043
2026/04/02@01:38:46,408,977.1047
2026/04/02@01:38:47,409,977.0774
2026/04/02@01:38:48,410,977.0997
2026/04/02@01:38:49,411,977.044
2026/04/02@01:38:50,412,977.049
2026/04/02@01:38:51,413,977.0181
2026/04/02@01:38:52,414,977.0206
2026/04/02@01:38:53,415,976.99944
2026/04/02@01:38:54,416,976.9896
2026/04/02@01:38:56,418,977.002
2026/04/02@01:38:57,419,976.9734
2026/04/02@01:38:58,420,977.00696
2026/04/02@01:38:59,421,976.982336
2026/04/02@01:39:00,422,977.0284
2026/04/02@01:39:01,423,977.01932
2026/04/02@01:39:02,424,977.02344
2026/04/02@01:39:03,425,977.0145
2026/04/02@01:39:04,426,977.0422
2026/04/02@01:39:05,427,977.0505
2026/04/02@01:39:06,428,977.0483
2026/04/02@01:39:07,429,977.0678
2026/04/02@01:39:09,431,977.0491
2026/04/02@01:39:10,432,977.0133
2026/04/02@01:39:11,433,977.035664
2026/04/02@01:39:12,434,976.98832
2026/04/02@01:39:13,435,977.0071
2026/04/02@01:39:14,436,977.0743
2026/04/02@01:39:15,437,977.093
2026/04/02@01:39:16,438,977.049536
2026/04/02@01:39:17,439,977.0245
2026/04/02@01:39:18,440,977.03464
2026/04/02@01:39:19,441,977.045936
2026/04/02@01:39:20,442,977.0397
2026/04/02@01:39:22,444,977.123936
2026/04/02@01:39:23,445,977.0361
2026/04/02@01:39:24,446,977.0298
2026/04/02@01:39:25,447,977.08668
2026/04/02@01:39:26,448,977.093
2026/04/02@01:39:27,449,977.05976
2026/04/02@01:39:28,450,977.0622
2026/04/02@01:39:29,451,977.0399
2026/04/02@01:39:30,452,977.0176
2026/04/02@01:39:31,453,977.0189
2026/04/02@01:39:32,454,977.050064
2026/04/02@01:39:33,455,977.0078
2026/04/02@01:39:34,456,976.99912
2026/04/02@01:39:36,458,976.9769
2026/04/02@01:39:37,459,977.0143
2026/04/02@01:39:38,460,977.0069
2026/04/02@01:39:39,461,976.9808
2026/04/02@01:39:40,462,976.9757
2026/04/02@01:39:41,463,976.9437
2026/04/02@01:39:42,464,976.97108
2026/04/02@01:39:43,465,977.00088
2026/04/02@01:39:44,466,977.0168
2026/04/02@01:39:45,467,976.9712
2026/04/02@01:39:46,468,977.0047
2026/04/02@01:39:47,469,976.98976
2026/04/02@01:39:49,471,976.9652
2026/04/02@01:39:50,472,976.96264
2026/04/02@01:39:51,473,976.961232
2026/04/02@01:39:52,474,976.975168
2026/04/02@01:39:53,475,976.96152
2026/04/02@01:39:54,476,976.99008
2026/04/02@01:39:55,477,977.014864
2026/04/02@01:39:56,478,976.981568
2026/04/02@01:39:57,479,977.02
2026/04/02@01:39:58,480,977.00024
2026/04/02@01:39:59,481,977.00888
2026/04/02@01:40:01,482,976.981568
2026/04/02@01:40:02,484,976.96668
2026/04/02@01:40:03,485,976.99632
2026/04/02@01:40:04,486,977.0075
2026/04/02@01:40:05,487,976.9841
2026/04/02@01:40:06,488,976.993968
2026/04/02@01:40:07,489,977.0188
2026/04/02@01:40:08,490,976.9967
2026/04/02@01:40:09,491,976.9782
2026/04/02@01:40:10,492,977.00024
2026/04/02@01:40:11,493,977.0265
2026/04/02@01:40:12,494,977.014032
2026/04/02@01:40:14,496,976.998
2026/04/02@01:40:15,497,977.0181
2026/04/02@01:40:16,498,976.99304
2026/04/02@01:40:17,499,977.00195
2026/04/02@01:40:18,500,977.0329
2026/04/02@01:40:19,501,977.0193
2026/04/02@01:40:20,502,976.992
2026/04/02@01:40:21,503,977.025664
2026/04/02@01:40:22,504,977.03184
2026/04/02@01:40:23,505,977.0094
2026/04/02@01:40:24,506,976.98832
2026/04/02@01:40:25,507,977.0197
2026/04/02@01:40:26,508,977.0655
2026/04/02@01:40:28,510,977.02824
2026/04/02@01:40:29,511,977.00104
2026/04/02@01:40:30,512,977.0111
2026/04/02@01:40:31,513,977.0396
2026/04/02@01:40:32,514,977.0236
2026/04/02@01:40:33,515,977.0148
2026/04/02@01:40:34,516,977.0275
2026/04/02@01:40:35,517,977.01868
2026/04/02@01:40:36,518,977.03356
2026/04/02@01:40:37,519,976.9968
2026/04/02@01:40:38,520,976.972064
2026/04/02@01:40:39,521,976.99552
2026/04/02@01:40:41,523,976.9919
2026/04/02@01:40:42,524,976.9721
2026/04/02@01:40:43,525,976.9748
2026/04/02@01:40:44,526,976.94632
2026/04/02@01:40:45,527,976.9982
2026/04/02@01:40:46,528,977.0072
2026/04/02@01:40:47,529,977.0418
2026/04/02@01:40:48,530,977.0148
2026/04/02@01:40:49,531,977.00868
2026/04/02@01:40:50,532,977.00744
2026/04/02@01:40:51,533,977.00504
2026/04/02@01:40:52,534,977.0002
2026/04/02@01:40:54,536,977.047232
2026/04/02@01:40:55,537,977.00504
2026/04/02@01:40:56,538,977.0125
2026/04/02@01:40:57,539,977.04616
2026/04/02@01:40:58,540,977.0475
2026/04/02@01:40:59,541,977.04616
2026/04/02@01:41:00,542,977.0527
2026/04/02@01:41:01,543,977.0837
2026/04/02@01:41:02,544,977.0391
2026/04/02@01:41:03,545,977.0614
2026/04/02@01:41:04,546,977.0442
2026/04/02@01:41:05,547,977.0217
2026/04/02@01:41:07,549,977.01792
2026/04/02@01:41:08,550,977.04048
2026/04/02@01:41:09,551,977.0182
2026/04/02@01:41:10,552,977.006032
2026/04/02@01:41:11,553,977.020736
2026/04/02@01:41:12,554,976.9826
2026/04/02@01:41:13,555,977.014864
2026/04/02@01:41:14,556,977.0324
2026/04/02@01:41:15,557,977.0062
2026/04/02@01:41:16,558,976.99024
2026/04/02@01:41:17,559,976.9902
2026/04/02@01:41:18,560,977.0176
2026/04/02@01:41:20,562,977.00504
2026/04/02@01:41:21,563,977.00008
2026/04/02@01:41:22,564,976.96784
2026/04/02@01:41:23,565,977.0239
2026/04/02@01:41:24,566,976.9545
2026/04/02@01:41:25,567,977.035136
2026/04/02@01:41:26,568,976.9559
2026/04/02@01:41:27,569,976.9668
2026/04/02@01:41:28,570,976.97688
2026/04/02@01:41:29,571,976.95084
2026/04/02@01:41:30,572,976.935
2026/04/02@01:41:31,573,976.9808
2026/04/02@01:41:33,575,976.95232
2026/04/02@01:41:34,576,977.008
2026/04/02@01:41:35,577,976.94868
2026/04/02@01:41:36,578,976.9225
2026/04/02@01:41:37,579,976.97376
2026/04/02@01:41:38,580,976.9551
2026/04/02@01:41:39,581,976.9575
2026/04/02@01:41:40,582,976.947664
2026/04/02@01:41:41,583,976.964
2026/04/02@01:41:42,584,976.959
2026/04/02@01:41:43,585,977.00368
2026/04/02@01:41:44,586,976.9604
2026/04/02@01:41:46,588,976.985136
2026/04/02@01:41:47,589,976.97292
2026/04/02@01:41:48,590,976.9991
2026/04/02@01:41:49,591,976.9779
2026/04/02@01:41:50,592,976.9691
2026/04/02@01:41:51,593,976.993968
2026/04/02@01:41:52,594,976.9705
2026/04/02@01:41:53,595,976.9818
2026/04/02@01:41:54,596,976.95932
2026/04/02@01:41:55,597,977.014032
2026/04/02@01:41:56,598,976.9769
2026/04/02@01:41:57,599,976.9734
2026/04/02@01:41:59,601,976.99944
2026/04/02@01:42:00,602,976.9448
2026/04/02@01:42:01,603,976.9709
2026/04/02@01:42:02,604,976.9758
2026/04/02@01:42:03,605,976.98472
2026/04/02@01:42:04,606,976.98472
2026/04/02@01:42:05,607,976.9785
2026/04/02@01:42:06,608,976.91032
2026/04/02@01:42:07,609,976.9589
2026/04/02@01:42:08,610,976.9492
2026/04/02@01:42:09,611,976.957632
2026/04/02@01:42:10,612,976.9629
2026/04/02@01:42:12,614,976.91544
2026/04/02@01:42:13,615,976.91332
2026/04/02@01:42:14,616,976.9754
2026/04/02@01:42:15,617,976.96408
2026/04/02@01:42:16,618,976.95168
2026/04/02@01:42:17,619,976.9654
2026/04/02@01:42:18,620,976.97176
2026/04/02@01:42:19,621,976.9891
2026/04/02@01:42:20,622,977.0153
2026/04/02@01:42:21,623,976.95808
2026/04/02@01:42:22,624,977.0117
2026/04/02@01:42:23,625,976.9523
2026/04/02@01:42:24,626,976.97704
2026/04/02@01:42:26,628,976.9534
2026/04/02@01:42:27,629,976.93224
2026/04/02@01:42:28,630,976.939664
2026/04/02@01:42:29,631,976.927264
2026/04/02@01:42:30,632,976.922336
2026/04/02@01:42:31,633,976.8755
2026/04/02@01:42:32,634,976.8978
2026/04/02@01:42:33,635,976.93
2026/04/02@01:42:34,636,976.90152
2026/04/02@01:42:35,637,976.88168
2026/04/02@01:42:36,638,976.89792
2026/04/02@01:42:37,639,976.9003
2026/04/02@01:42:39,641,976.9264
2026/04/02@01:42:40,642,976.95384
2026/04/02@01:42:41,643,976.9068
2026/04/02@01:42:42,644,976.8719
2026/04/02@01:42:43,645,976.9178
2026/04/02@01:42:44,646,976.9104
2026/04/02@01:42:45,647,976.91292
2026/04/02@01:42:46,648,976.9899
2026/04/02@01:42:47,649,976.9726
2026/04/02@01:42:48,650,976.9638
2026/04/02@01:42:49,651,977.00856
2026/04/02@01:42:50,652,976.9902
2026/04/02@01:42:52,654,976.975
2026/04/02@01:42:53,655,976.9503
2026/04/02@01:42:54,656,976.9651
2026/04/02@01:42:55,657,976.99508
2026/04/02@01:42:56,658,976.9849
2026/04/02@01:42:57,659,976.9269
2026/04/02@01:42:58,660,976.9429
2026/04/02@01:42:59,661,976.90816
2026/04/02@01:43:00,662,976.949
2026/04/02@01:43:01,663,976.9443
2026/04/02@01:43:02,664,976.9032
2026/04/02@01:43:03,665,976.91816
2026/04/02@01:43:05,667,976.9304
2026/04/02@01:43:06,668,976.874736
2026/04/02@01:43:07,669,976.9518
2026/04/02@01:43:08,670,976.902032
2026/04/02@01:43:09,671,976.9494
2026/04/02@01:43:10,672,976.9593
2026/04/02@01:43:11,673,976.94448
2026/04/02@01:43:12,674,976.9517
2026/04/02@01:43:13,675,976.9383
2026/04/02@01:43:14,676,976.9643
2026/04/02@01:43:15,677,976.9643
2026/04/02@01:43:16,678,976.938336
2026/04/02@01:43:18,680,976.95952
2026/04/02@01:43:19,681,976.968
2026/04/02@01:43:20,682,976.9457
2026/04/02@01:43:21,683,976.9521
2026/04/02@01:43:22,684,976.9446
2026/04/02@01:43:23,685,977.0005
2026/04/02@01:43:24,686,977.00808
2026/04/02@01:43:25,687,977.0181
2026/04/02@01:43:26,688,976.98832
2026/04/02@01:43:27,689,976.97096
2026/04/02@01:43:28,690,976.9748
2026/04/02@01:43:29,691,976.9291
2026/04/02@01:43:31,693,976.93896
2026/04/02@01:43:32,694,976.94252
2026/04/02@01:43:33,695,976.9066
2026/04/02@01:43:34,696,976.954
2026/04/02@01:43:35,697,976.90548
2026/04/02@01:43:36,698,976.924
2026/04/02@01:43:37,699,976.9041
2026/04/02@01:43:38,700,976.944
2026/04/02@01:43:39,701,976.93024
2026/04/02@01:43:40,702,976.9603
2026/04/02@01:43:41,703,976.975168
2026/04/02@01:43:42,704,976.9367
2026/04/02@01:43:43,705,976.9343
2026/04/02@01:43:45,707,976.9294
2026/04/02@01:43:46,708,976.960464
2026/04/02@01:43:47,709,976.91692
2026/04/02@01:43:48,710,976.92068
2026/04/02@01:43:49,711,976.90952
2026/04/02@01:43:50,712,976.915664
2026/04/02@01:43:51,713,976.9344
2026/04/02@01:43:52,714,976.9357
2026/04/02@01:43:53,715,976.93692
2026/04/02@01:43:54,716,976.902032
2026/04/02@01:43:55,717,976.919536
2026/04/02@01:43:56,718,976.91832
2026/04/02@01:43:58,720,976.9559
2026/04/02@01:43:59,721,976.9148
2026/04/02@01:44:00,722,976.931
2026/04/02@01:44:01,723,976.937
2026/04/02@01:44:02,724,976.932
2026/04/02@01:44:03,725,976.926
2026/04/02@01:44:04,726,976.93464
2026/04/02@01:44:05,727,976.9472
2026/04/02@01:44:06,728,976.9805
2026/04/02@01:44:07,729,976.964336
2026/04/02@01:44:08,730,976.967936
2026/04/02@01:44:09,731,976.9523
2026/04/02@01:44:11,733,976.94088
2026/04/02@01:44:12,734,976.968464
2026/04/02@01:44:13,735,976.94744
2026/04/02@01:44:14,736,976.9188
2026/04/02@01:44:15,737,976.9472
2026/04/02@01:44:16,738,976.9472
2026/04/02@01:44:17,739,976.9648
2026/04/02@01:44:18,740,976.93272
2026/04/02@01:44:19,741,976.944
2026/04/02@01:44:20,742,976.97348
2026/04/02@01:44:21,743,976.9575
2026/04/02@01:44:22,744,977.0048
2026/04/02@01:44:24,746,976.9551
2026/04/02@01:44:25,747,976.931664
2026/04/02@01:44:26,748,976.9799
2026/04/02@01:44:27,749,976.975168
2026/04/02@01:44:28,750,976.9727
2026/04/02@01:44:29,751,976.965664
2026/04/02@01:44:30,752,976.9828
2026/04/02@01:44:31,753,976.9779
2026/04/02@01:44:32,754,976.96548
2026/04/02@01:44:33,755,976.9804
2026/04/02@01:44:34,756,976.94308
2026/04/02@01:44:35,757,976.9803
2026/04/02@01:44:37,759,976.9855
2026/04/02@01:44:38,760,976.9543
2026/04/02@01:44:39,761,976.9695
2026/04/02@01:44:40,762,976.9246
2026/04/02@01:44:41,763,976.9755
2026/04/02@01:44:42,764,976.957
2026/04/02@01:44:43,765,976.96068
2026/04/02@01:44:44,766,976.9296
2026/04/02@01:44:45,767,976.9842
2026/04/02@01:44:46,768,976.9373
2026/04/02@01:44:47,769,976.9705
2026/04/02@01:44:48,770,976.9743
2026/04/02@01:44:50,772,976.95592
2026/04/02@01:44:51,773,976.96468
2026/04/02@01:44:52,774,976.97832
2026/04/02@01:44:53,775,976.9635
2026/04/02@01:44:54,776,976.9338
2026/04/02@01:44:55,777,976.9572
2026/04/02@01:44:56,778,976.93368
2026/04/02@01:44:57,779,976.9649
2026/04/02@01:44:58,780,976.90408
2026/04/02@01:44:59,781,976.94776
2026/04/02@01:45:00,782,976.947664
2026/04/02@01:45:01,783,977.0122
2026/04/02@01:45:03,785,976.9773
2026/04/02@01:45:04,786,976.93776
2026/04/02@01:45:05,787,976.97
2026/04/02@01:45:06,788,976.95868
2026/04/02@01:45:07,789,976.94268
2026/04/02@01:45:08,790,977.0047
2026/04/02@01:45:09,791,976.9911
2026/04/02@01:45:10,792,976.9578
2026/04/02@01:45:11,793,976.95416
2026/04/02@01:45:12,794,976.9542
2026/04/02@01:45:13,795,976.9654
2026/04/02@01:45:14,796,976.9666
2026/04/02@01:45:16,798,976.9776
2026/04/02@01:45:17,799,976.9518
2026/04/02@01:45:18,800,976.9208
2026/04/02@01:45:19,801,976.9158
2026/04/02@01:45:20,802,976.89952
2026/04/02@01:45:21,803,976.8861
2026/04/02@01:45:22,804,976.9059
2026/04/02@01:45:23,805,976.8699
2026/04/02@01:45:24,806,976.91584
2026/04/02@01:45:25,807,976.894864
2026/04/02@01:45:26,808,976.906
2026/04/02@01:45:27,809,976.94948
2026/04/02@01:45:29,811,976.8936
2026/04/02@01:45:30,812,976.9519
2026/04/02@01:45:31,813,976.93584
2026/04/02@01:45:32,814,976.927
2026/04/02@01:45:33,815,976.9024
2026/04/02@01:45:34,816,976.9444
2026/04/02@01:45:35,817,976.9494
2026/04/02@01:45:36,818,976.9356
2026/04/02@01:45:37,819,976.989
2026/04/02@01:45:38,820,976.93692
2026/04/02@01:45:39,821,976.97532
2026/04/02@01:45:40,822,976.83232
2026/04/02@01:45:42,824,976.8016
2026/04/02@01:45:43,825,976.90824
2026/04/02@01:45:44,826,976.8899
2026/04/02@01:45:45,827,976.753
2026/04/02@01:45:46,828,976.73048
2026/04/02@01:45:47,829,976.71672
2026/04/02@01:45:48,830,976.7255
2026/04/02@01:45:49,831,976.705536
2026/04/02@01:45:50,832,976.88652
2026/04/02@01:45:51,833,976.95016
2026/04/02@01:45:52,834,976.8931
2026/04/02@01:45:53,835,976.8597
2026/04/02@01:45:55,837,976.90048
2026/04/02@01:45:56,838,976.909264
2026/04/02@01:45:57,839,976.8347
2026/04/02@01:45:58,840,976.86308
2026/04/02@01:45:59,841,976.92164
2026/04/02@01:46:00,842,976.9031
2026/04/02@01:46:01,843,976.925264
2026/04/02@01:46:02,844,976.9628
2026/04/02@01:46:03,845,976.94504
2026/04/02@01:46:04,846,976.9364
2026/04/02@01:46:05,847,976.90668
2026/04/02@01:46:06,848,976.9688
2026/04/02@01:46:08,850,976.9677
2026/04/02@01:46:09,851,976.9503
2026/04/02@01:46:10,852,976.90176
2026/04/02@01:46:11,853,976.89704
2026/04/02@01:46:12,854,976.928064
2026/04/02@01:46:13,855,976.9252
2026/04/02@01:46:14,856,976.948
2026/04/02@01:46:15,857,976.97032
2026/04/02@01:46:16,858,976.9701
2026/04/02@01:46:17,859,976.96176
2026/04/02@01:46:18,860,976.96904
2026/04/02@01:46:19,861,976.9578
2026/04/02@01:46:21,863,976.9194
2026/04/02@01:46:22,864,976.94056
2026/04/02@01:46:23,865,976.8834
2026/04/02@01:46:24,866,976.8798
2026/04/02@01:46:25,867,976.9158
2026/04/02@01:46:26,868,976.886
2026/04/02@01:46:27,869,976.8549
2026/04/02@01:46:28,870,976.934464
2026/04/02@01:46:29,871,976.9458
2026/04/02@01:46:30,872,976.934464
2026/04/02@01:46:31,873,976.92208
2026/04/02@01:46:32,874,976.9542
2026/04/02@01:46:34,875,976.92224
2026/04/02@01:46:35,877,976.9456
2026/04/02@01:46:36,878,976.9582
2026/04/02@01:46:37,879,976.9419
2026/04/02@01:46:38,880,976.93584
2026/04/02@01:46:39,881,976.927
2026/04/02@01:46:40,882,977.0225
2026/04/02@01:46:41,883,976.96668
2026/04/02@01:46:42,884,977.0043
2026/04/02@01:46:43,885,977.0092
2026/04/02@01:46:44,886,976.9807
2026/04/02@01:46:45,887,976.991632
2026/04/02@01:46:46,888,976.97576
2026/04/02@01:46:48,890,976.99805
2026/04/02@01:46:49,891,977.00308
2026/04/02@01:46:50,892,977.0068
2026/04/02@01:46:51,893,977.0068
2026/04/02@01:46:52,894,977.0316
2026/04/02@01:46:53,895,976.9856
2026/04/02@01:46:54,896,976.948336
2026/04/02@01:46:55,897,976.91
2026/04/02@01:46:56,898,976.9744
2026/04/02@01:46:57,899,976.8965
2026/04/02@01:46:58,900,976.9275
2026/04/02@01:46:59,901,976.9684
2026/04/02@01:47:01,903,976.8929
2026/04/02@01:47:02,904,976.9027
2026/04/02@01:47:03,905,976.92132
2026/04/02@01:47:04,906,976.9215
2026/04/02@01:47:05,907,976.9014
2026/04/02@01:47:06,908,976.8964
2026/04/02@01:47:07,909,976.91268
2026/04/02@01:47:08,910,976.93992
2026/04/02@01:47:09,911,976.911536
2026/04/02@01:47:10,912,976.9535
2026/04/02@01:47:11,913,976.942464
2026/04/02@01:47:12,914,976.9339
2026/04/02@01:47:14,916,976.9512
2026/04/02@01:47:15,917,976.9462
2026/04/02@01:47:16,918,976.927536
2026/04/02@01:47:17,919,976.938832
2026/04/02@01:47:18,920,976.9426
2026/04/02@01:47:19,921,976.9291
2026/04/02@01:47:20,922,976.9179
2026/04/02@01:47:21,923,976.93648
2026/04/02@01:47:22,924,976.9353
2026/04/02@01:47:23,925,976.93384
2026/04/02@01:47:24,926,976.9489
2026/04/02@01:47:25,927,976.941168
2026/04/02@01:47:27,929,976.9055
2026/04/02@01:47:28,930,976.9179
2026/04/02@01:47:29,931,976.9316
2026/04/02@01:47:30,932,976.911536
2026/04/02@01:47:31,933,976.908
2026/04/02@01:47:32,934,976.9054
2026/04/02@01:47:33,935,976.8968
2026/04/02@01:47:34,936,976.9303
2026/04/02@01:47:35,937,976.940336
2026/04/02@01:47:36,938,976.8968
2026/04/02@01:47:37,939,976.9304
2026/04/02@01:47:38,940,976.9343
2026/04/02@01:47:40,942,976.949168
2026/04/02@01:47:41,943,976.9254
2026/04/02@01:47:42,944,976.94808
2026/04/02@01:47:43,945,976.9492
2026/04/02@01:47:44,946,976.9193
2026/04/02@01:47:45,947,976.9308
2026/04/02@01:47:46,948,976.9408
2026/04/02@01:47:47,949,976.93464
2026/04/02@01:47:48,950,976.9656
2026/04/02@01:47:49,951,976.97064
2026/04/02@01:47:50,952,976.98776
2026/04/02@01:47:51,953,976.95432
2026/04/02@01:47:53,955,976.9718
2026/04/02@01:47:54,956,976.9609
2026/04/02@01:47:55,957,976.95736
2026/04/02@01:47:56,958,976.9508
2026/04/02@01:47:57,959,976.96184
2026/04/02@01:47:58,960,976.9718
2026/04/02@01:47:59,961,976.9821
2026/04/02@01:48:00,962,976.9336
2026/04/02@01:48:01,963,976.972064
2026/04/02@01:48:02,964,976.97316
2026/04/02@01:48:03,965,976.98948
2026/04/02@01:48:04,966,976.9498
2026/04/02@01:48:06,968,976.91376
2026/04/02@01:48:07,969,976.883
2026/04/02@01:48:08,970,976.8954
2026/04/02@01:48:09,971,976.8691
2026/04/02@01:48:10,972,976.89908
2026/04/02@01:48:11,973,976.935
2026/04/02@01:48:12,974,976.9252
2026/04/02@01:48:13,975,976.93776
2026/04/02@01:48:14,976,976.93632
2026/04/02@01:48:15,977,976.93976
2026/04/02@01:48:16,978,976.9291
2026/04/02@01:48:17,979,976.91408
2026/04/02@01:48:19,981,976.9016
2026/04/02@01:48:20,982,976.88308
2026/04/02@01:48:21,983,976.9264
2026/04/02@01:48:22,984,976.93144
2026/04/02@01:48:23,985,976.9189
2026/04/02@01:48:24,986,976.94024
2026/04/02@01:48:25,987,976.9688
2026/04/02@01:48:26,988,976.9838
2026/04/02@01:48:27,989,976.9515
2026/04/02@01:48:28,990,976.98016
2026/04/02@01:48:29,991,976.954064
2026/04/02@01:48:30,992,976.96652
2026/04/02@01:48:32,994,976.9614
2026/04/02@01:48:33,995,976.95024
2026/04/02@01:48:34,996,977.00888
2026/04/02@01:48:35,997,976.97268
2026/04/02@01:48:36,998,976.981568
2026/04/02@01:48:37,999,976.9345
2026/04/02@01:48:38,1000,976.9393
2026/04/02@01:48:39,1001,976.95668
2026/04/02@01:48:40,1002,976.9182
2026/04/02@01:48:41,1003,976.9469
2026/04/02@01:48:42,1004,976.942
2026/04/02@01:48:43,1005,976.9533
2026/04/02@01:48:45,1007,976.91452
2026/04/02@01:48:46,1008,976.89348
2026/04/02@01:48:47,1009,976.8861
2026/04/02@01:48:48,1010,976.89968
2026/04/02@01:48:49,1011,976.88984
2026/04/02@01:48:50,1012,976.83908
2026/04/02@01:48:51,1013,976.834
2026/04/02@01:48:52,1014,976.86016
2026/04/02@01:48:53,1015,976.8625
2026/04/02@01:48:54,1016,976.90732
2026/04/02@01:48:55,1017,976.8203
2026/04/02@01:48:56,1018,976.8304
2026/04/02@01:48:58,1020,976.8639
2026/04/02@01:48:59,1021,976.8317
2026/04/02@01:49:00,1022,976.82808
2026/04/02@01:49:01,1023,976.86268
2026/04/02@01:49:02,1024,976.8566
2026/04/02@01:49:03,1025,976.8789
2026/04/02@01:49:04,1026,976.8603
2026/04/02@01:49:05,1027,976.886336
2026/04/02@01:49:06,1028,976.8515
2026/04/02@01:49:07,1029,976.847936
2026/04/02@01:49:08,1030,976.8106
2026/04/02@01:49:09,1031,976.7621
2026/04/02@01:49:11,1033,976.7707
2026/04/02@01:49:12,1034,976.8119
2026/04/02@01:49:13,1035,976.8007
2026/04/02@01:49:14,1036,976.782032
2026/04/02@01:49:15,1037,976.7757
2026/04/02@01:49:16,1038,976.849
2026/04/02@01:49:17,1039,976.84652
2026/04/02@01:49:18,1040,976.8093
2026/04/02@01:49:19,1041,976.84548
2026/04/02@01:49:20,1042,976.87008
2026/04/02@01:49:21,1043,976.8131
2026/04/02@01:49:22,1044,976.7894
2026/04/02@01:49:23,1045,976.60068
2026/04/02@01:49:25,1047,976.5421
2026/04/02@01:49:26,1048,976.57448
2026/04/02@01:49:27,1049,976.7508
2026/04/02@01:49:28,1050,976.9331
2026/04/02@01:49:29,1051,976.9768
2026/04/02@01:49:30,1052,976.844
2026/04/02@01:49:31,1053,976.47376
2026/04/02@01:49:32,1054,976.6663
2026/04/02@01:49:33,1055,976.9149
2026/04/02@01:49:34,1056,976.95824
2026/04/02@01:49:35,1057,976.8911
2026/04/02@01:49:36,1058,976.6228
2026/04/02@01:49:38,1060,976.37216
2026/04/02@01:49:39,1061,976.219
2026/04/02@01:49:40,1062,976.5519
2026/04/02@01:49:41,1063,976.5081
2026/04/02@01:49:42,1064,976.31464
2026/04/02@01:49:43,1065,976.23776
2026/04/02@01:49:44,1066,976.0577
2026/04/02@01:49:45,1067,975.92732
2026/04/02@01:49:46,1068,975.7261
2026/04/02@01:49:47,1069,975.36224
2026/04/02@01:49:48,1070,975.0106
2026/04/02@01:49:49,1071,974.7365
2026/04/02@01:49:50,1072,974.57117
2026/04/02@01:49:52,1074,974.25692
2026/04/02@01:49:53,1075,974.00976
2026/04/02@01:49:54,1076,973.75304
2026/04/02@01:49:55,1077,973.6658
2026/04/02@01:49:56,1078,973.53176
2026/04/02@01:49:57,1079,973.268432
2026/04/02@01:49:58,1080,973.03
2026/04/02@01:49:59,1081,972.75692
2026/04/02@01:50:00,1082,972.3805
2026/04/02@01:50:01,1083,972.0404
2026/04/02@01:50:02,1084,971.64024
2026/04/02@01:50:04,1086,971.3162
2026/04/02@01:50:05,1087,970.9871
2026/04/02@01:50:06,1088,970.5986
2026/04/02@01:50:07,1089,970.27332
2026/04/02@01:50:08,1090,969.8758
2026/04/02@01:50:09,1091,969.442464
2026/04/02@01:50:10,1092,969.091
2026/04/02@01:50:11,1093,968.774336
2026/04/02@01:50:12,1094,968.3326
2026/04/02@01:50:13,1095,967.8979
2026/04/02@01:50:14,1096,967.50948
2026/04/02@01:50:15,1097,966.9715
2026/04/02@01:50:16,1098,966.4824
2026/04/02@01:50:18,1100,965.9348
2026/04/02@01:50:19,1101,965.396
2026/04/02@01:50:20,1102,964.8807
2026/04/02@01:50:21,1103,964.3391
2026/04/02@01:50:22,1104,963.8191
2026/04/02@01:50:23,1105,963.2727
2026/04/02@01:50:24,1106,962.73376
2026/04/02@01:50:25,1107,962.2076
2026/04/02@01:50:26,1108,961.62784
2026/04/02@01:50:27,1109,961.0404
2026/04/02@01:50:28,1110,960.4741
2026/04/02@01:50:29,1111,959.85443
2026/04/02@01:50:31,1113,959.2461
2026/04/02@01:50:32,1114,958.7198
2026/04/02@01:50:33,1115,958.2791
2026/04/02@01:50:34,1116,957.7859
2026/04/02@01:50:35,1117,957.2606
2026/04/02@01:50:36,1118,956.81368
2026/04/02@01:50:37,1119,956.40608
2026/04/02@01:50:38,1120,955.8797
2026/04/02@01:50:39,1121,955.39688
2026/04/02@01:50:40,1122,954.8789
2026/04/02@01:50:41,1123,954.34376
2026/04/02@01:50:42,1124,953.80976
2026/04/02@01:50:44,1126,953.43464
2026/04/02@01:50:45,1127,953.1028
2026/04/02@01:50:46,1128,952.8931
2026/04/02@01:50:47,1129,952.69216
2026/04/02@01:50:48,1130,952.4846
2026/04/02@01:50:49,1131,952.254768
2026/04/02@01:50:50,1132,951.9866
2026/04/02@01:50:51,1133,951.6507
2026/04/02@01:50:52,1134,951.3599
2026/04/02@01:50:53,1135,951.0524
2026/04/02@01:50:54,1136,950.6905
2026/04/02@01:50:55,1137,950.3056
2026/04/02@01:50:57,1139,949.96516
2026/04/02@01:50:58,1140,949.45624
2026/04/02@01:50:59,1141,948.9832
2026/04/02@01:51:00,1142,948.5493
2026/04/02@01:51:01,1143,948.1
2026/04/02@01:51:02,1144,947.6488
2026/04/02@01:51:03,1145,947.1506
2026/04/02@01:51:04,1146,946.6905
2026/04/02@01:51:05,1147,946.28104
2026/04/02@01:51:06,1148,945.775632
2026/04/02@01:51:07,1149,945.2715
2026/04/02@01:51:08,1150,944.8363
2026/04/02@01:51:10,1152,944.33096
2026/04/02@01:51:11,1153,943.807536
2026/04/02@01:51:12,1154,943.295
2026/04/02@01:51:13,1155,942.81632
2026/04/02@01:51:14,1156,942.3809
2026/04/02@01:51:15,1157,941.83184
2026/04/02@01:51:16,1158,941.3667
2026/04/02@01:51:17,1159,940.8822
2026/04/02@01:51:18,1160,940.36552
2026/04/02@01:51:19,1161,939.93692
2026/04/02@01:51:20,1162,939.42068
2026/04/02@01:51:21,1163,938.9079
2026/04/02@01:51:23,1165,938.415936
2026/04/02@01:51:24,1166,937.89932
2026/04/02@01:51:25,1167,937.447632
2026/04/02@01:51:26,1168,936.925936
2026/04/02@01:51:27,1169,936.4345
2026/04/02@01:51:28,1170,935.98416
2026/04/02@01:51:29,1171,935.50696
2026/04/02@01:51:30,1172,935.0658
2026/04/02@01:51:31,1173,934.50088
2026/04/02@01:51:32,1174,934.0145
2026/04/02@01:51:33,1175,933.38352
2026/04/02@01:51:34,1176,932.8636
2026/04/02@01:51:36,1178,932.321968
2026/04/02@01:51:37,1179,931.7634
2026/04/02@01:51:38,1180,931.2784
2026/04/02@01:51:39,1181,930.7761
2026/04/02@01:51:40,1182,930.3164
2026/04/02@01:51:41,1183,929.8214
2026/04/02@01:51:42,1184,929.2974
2026/04/02@01:51:43,1185,928.8215
2026/04/02@01:51:44,1186,928.2964
2026/04/02@01:51:45,1187,927.7761
2026/04/02@01:51:46,1188,927.2986
2026/04/02@01:51:47,1189,926.7967
2026/04/02@01:51:49,1191,926.2851
2026/04/02@01:51:50,1192,925.7966
2026/04/02@01:51:51,1193,925.26016
2026/04/02@01:51:52,1194,924.77348
2026/04/02@01:51:53,1195,924.2246
2026/04/02@01:51:54,1196,923.73704
2026/04/02@01:51:55,1197,923.14624
2026/04/02@01:51:56,1198,922.6509
2026/04/02@01:51:57,1199,922.1262
2026/04/02@01:51:58,1200,921.61016
2026/04/02@01:51:59,1201,921.095
2026/04/02@01:52:00,1202,920.6188
2026/04/02@01:52:02,1204,920.0946
2026/04/02@01:52:03,1205,919.6803
2026/04/02@01:52:04,1206,919.2
2026/04/02@01:52:05,1207,918.7079
2026/04/02@01:52:06,1208,918.2901
2026/04/02@01:52:07,1209,917.8284
2026/04/02@01:52:08,1210,917.376064
2026/04/02@01:52:09,1211,916.97976
2026/04/02@01:52:10,1212,916.54084
2026/04/02@01:52:11,1213,916.0545
2026/04/02@01:52:12,1214,915.6412
2026/04/02@01:52:13,1215,915.19132
2026/04/02@01:52:15,1217,914.71984
2026/04/02@01:52:16,1218,914.28296
2026/04/02@01:52:17,1219,913.74136
2026/04/02@01:52:18,1220,913.2846
2026/04/02@01:52:19,1221,912.81008
2026/04/02@01:52:20,1222,912.3038
2026/04/02@01:52:21,1223,911.8995
2026/04/02@01:52:22,1224,911.4132
2026/04/02@01:52:23,1225,911.0105
2026/04/02@01:52:24,1226,910.585
2026/04/02@01:52:25,1227,910.16048
2026/04/02@01:52:26,1228,909.6629
2026/04/02@01:52:28,1230,909.28328
2026/04/02@01:52:29,1231,908.79408
2026/04/02@01:52:30,1232,908.2835
2026/04/02@01:52:31,1233,907.78132
2026/04/02@01:52:32,1234,907.33232
2026/04/02@01:52:33,1235,906.8386
2026/04/02@01:52:34,1236,906.3647
2026/04/02@01:52:35,1237,905.9249
2026/04/02@01:52:36,1238,905.51224
2026/04/02@01:52:37,1239,905.0134
2026/04/02@01:52:38,1240,904.5114
2026/04/02@01:52:39,1241,904.0814
2026/04/02@01:52:41,1243,903.6052
2026/04/02@01:52:42,1244,903.14516
2026/04/02@01:52:43,1245,902.6194
2026/04/02@01:52:44,1246,902.1194
2026/04/02@01:52:45,1247,901.61096
2026/04/02@01:52:46,1248,901.1038
2026/04/02@01:52:47,1249,900.67224
2026/04/02@01:52:48,1250,900.1662
2026/04/02@01:52:49,1251,899.6633
2026/04/02@01:52:50,1252,899.148432
2026/04/02@01:52:51,1253,898.66376
2026/04/02@01:52:52,1254,898.1018
2026/04/02@01:52:54,1256,897.6117
2026/04/02@01:52:55,1257,897.0369
2026/04/02@01:52:56,1258,896.5714
2026/04/02@01:52:57,1259,896.13008
2026/04/02@01:52:58,1260,895.6873
2026/04/02@01:52:59,1261,895.205568
2026/04/02@01:53:00,1262,894.7757
2026/04/02@01:53:01,1263,894.264064
2026/04/02@01:53:02,1264,893.7774
2026/04/02@01:53:03,1265,893.3038
2026/04/02@01:53:04,1266,892.8168
2026/04/02@01:53:05,1267,892.3234
2026/04/02@01:53:07,1268,891.84124
2026/04/02@01:53:08,1270,891.43732
2026/04/02@01:53:09,1271,891.05
2026/04/02@01:53:10,1272,890.6054
2026/04/02@01:53:11,1273,890.21292
2026/04/02@01:53:12,1274,889.79468
2026/04/02@01:53:13,1275,889.4303
2026/04/02@01:53:14,1276,889.04016
2026/04/02@01:53:15,1277,888.5746
2026/04/02@01:53:16,1278,888.1934
2026/04/02@01:53:17,1279,887.814768
2026/04/02@01:53:18,1280,887.46652
2026/04/02@01:53:20,1282,887.0104
2026/04/02@01:53:21,1283,886.571968
2026/04/02@01:53:22,1284,886.22424
2026/04/02@01:53:23,1285,885.8059
2026/04/02@01:53:24,1286,885.4303
2026/04/02@01:53:25,1287,884.9883
2026/04/02@01:53:26,1288,884.65096
2026/04/02@01:53:27,1289,884.1789
2026/04/02@01:53:28,1290,883.7054
2026/04/02@01:53:29,1291,883.322736
2026/04/02@01:53:30,1292,882.8549
2026/04/02@01:53:31,1293,882.4397
2026/04/02@01:53:32,1294,882.05864
2026/04/02@01:53:34,1296,881.63448
2026/04/02@01:53:35,1297,881.24148
2026/04/02@01:53:36,1298,880.8301
2026/04/02@01:53:37,1299,880.4542
2026/04/02@01:53:38,1300,880.14088
2026/04/02@01:53:39,1301,879.8068
2026/04/02@01:53:40,1302,879.51304
2026/04/02@01:53:41,1303,879.246032
2026/04/02@01:53:42,1304,878.936768
2026/04/02@01:53:43,1305,878.6253
2026/04/02@01:53:44,1306,878.27624
2026/04/02@01:53:45,1307,877.8856
2026/04/02@01:53:47,1309,877.512768
2026/04/02@01:53:48,1310,877.0854
2026/04/02@01:53:49,1311,876.6486
2026/04/02@01:53:50,1312,876.2469
2026/04/02@01:53:51,1313,875.8222
2026/04/02@01:53:52,1314,875.324
2026/04/02@01:53:53,1315,874.9266
2026/04/02@01:53:54,1316,874.4549
2026/04/02@01:53:55,1317,874.03376
2026/04/02@01:53:56,1318,873.50332
2026/04/02@01:53:57,1319,873.09608
2026/04/02@01:53:58,1320,872.60456
2026/04/02@01:54:00,1322,872.0364
2026/04/02@01:54:01,1323,871.61692
2026/04/02@01:54:02,1324,871.1259
2026/04/02@01:54:03,1325,870.62416
2026/04/02@01:54:04,1326,870.2028
2026/04/02@01:54:05,1327,869.73
2026/04/02@01:54:06,1328,869.3038
2026/04/02@01:54:07,1329,868.8594
2026/04/02@01:54:08,1330,868.4141
2026/04/02@01:54:09,1331,867.918
2026/04/02@01:54:10,1332,867.3601
2026/04/02@01:54:11,1333,866.84684
2026/04/02@01:54:13,1335,866.337136
2026/04/02@01:54:14,1336,865.8533
2026/04/02@01:54:15,1337,865.34092
2026/04/02@01:54:16,1338,864.9461
2026/04/02@01:54:17,1339,864.57052
2026/04/02@01:54:18,1340,864.16797
2026/04/02@01:54:19,1341,863.7502
2026/04/02@01:54:20,1342,863.37272
2026/04/02@01:54:21,1343,862.99224
2026/04/02@01:54:22,1344,862.595136
2026/04/02@01:54:23,1345,862.2048
2026/04/02@01:54:24,1346,861.7913
2026/04/02@01:54:26,1348,861.3928
2026/04/02@01:54:27,1349,860.9889
2026/04/02@01:54:28,1350,860.5682
2026/04/02@01:54:29,1351,860.17776
2026/04/02@01:54:30,1352,859.7818
2026/04/02@01:54:31,1353,859.3815
2026/04/02@01:54:32,1354,858.9062
2026/04/02@01:54:33,1355,858.51084
2026/04/02@01:54:34,1356,858.048736
2026/04/02@01:54:35,1357,857.6743
2026/04/02@01:54:36,1358,857.1992
2026/04/02@01:54:37,1359,856.7729
2026/04/02@01:54:39,1361,856.3269
2026/04/02@01:54:40,1362,855.8975
2026/04/02@01:54:41,1363,855.419568
2026/04/02@01:54:42,1364,854.9294
2026/04/02@01:54:43,1365,854.5682
2026/04/02@01:54:44,1366,854.0758
2026/04/02@01:54:45,1367,853.66948
2026/04/02@01:54:46,1368,853.2692
2026/04/02@01:54:47,1369,852.8045
2026/04/02@01:54:48,1370,852.42132
2026/04/02@01:54:49,1371,851.9536
2026/04/02@01:54:50,1372,851.4406
2026/04/02@01:54:52,1374,851.0447
2026/04/02@01:54:53,1375,850.5934
2026/04/02@01:54:54,1376,850.1192
2026/04/02@01:54:55,1377,849.6448
2026/04/02@01:54:56,1378,849.27096
2026/04/02@01:54:57,1379,848.78536
2026/04/02@01:54:58,1380,848.385
2026/04/02@01:54:59,1381,847.872464
2026/04/02@01:55:00,1382,847.4304
2026/04/02@01:55:01,1383,847.01268
2026/04/02@01:55:02,1384,846.5697
2026/04/02@01:55:03,1385,846.13984
2026/04/02@01:55:05,1387,845.69763
2026/04/02@01:55:06,1388,845.241
2026/04/02@01:55:07,1389,844.8664
2026/04/02@01:55:08,1390,844.4397
2026/04/02@01:55:09,1391,844.0033
2026/04/02@01:55:10,1392,843.5754
2026/04/02@01:55:11,1393,843.19384
2026/04/02@01:55:12,1394,842.75944
2026/04/02@01:55:13,1395,842.2921
2026/04/02@01:55:14,1396,841.8466
2026/04/02@01:55:15,1397,841.3883
2026/04/02@01:55:16,1398,840.9615
2026/04/02@01:55:18,1400,840.5808
2026/04/02@01:55:19,1401,840.17468
2026/04/02@01:55:20,1402,839.7113
2026/04/02@01:55:21,1403,839.2804
2026/04/02@01:55:22,1404,838.8711
2026/04/02@01:55:23,1405,838.46624
2026/04/02@01:55:24,1406,838.09624
2026/04/02@01:55:25,1407,837.63528
2026/04/02@01:55:26,1408,837.1998
2026/04/02@01:55:27,1409,836.7668
2026/04/02@01:55:28,1410,836.344
2026/04/02@01:55:29,1411,835.913
2026/04/02@01:55:31,1413,835.5144
2026/04/02@01:55:32,1414,835.11192
2026/04/02@01:55:33,1415,834.6725
2026/04/02@01:55:34,1416,834.2707
2026/04/02@01:55:35,1417,833.83
2026/04/02@01:55:36,1418,833.40184
2026/04/02@01:55:37,1419,832.91816
2026/04/02@01:55:38,1420,832.4546
2026/04/02@01:55:39,1421,831.95624
2026/04/02@01:55:40,1422,831.46424
2026/04/02@01:55:41,1423,830.9949
2026/04/02@01:55:42,1424,830.5609
2026/04/02@01:55:44,1426,830.1262
2026/04/02@01:55:45,1427,829.70936
2026/04/02@01:55:46,1428,829.33984
2026/04/02@01:55:47,1429,828.87976
2026/04/02@01:55:48,1430,828.45908
2026/04/02@01:55:49,1431,827.9729
2026/04/02@01:55:50,1432,827.5337
2026/04/02@01:55:51,1433,827.0264
2026/04/02@01:55:52,1434,826.4944
2026/04/02@01:55:53,1435,826.0175
2026/04/02@01:55:54,1436,825.53784
2026/04/02@01:55:55,1437,824.992
2026/04/02@01:55:57,1439,824.4961
2026/04/02@01:55:58,1440,824.0097
2026/04/02@01:55:59,1441,823.5362
2026/04/02@01:56:00,1442,823.0857
2026/04/02@01:56:01,1443,822.70708
2026/04/02@01:56:02,1444,822.1852
2026/04/02@01:56:03,1445,821.7452
2026/04/02@01:56:04,1446,821.2628
2026/04/02@01:56:05,1447,820.758
2026/04/02@01:56:06,1448,820.2993
2026/04/02@01:56:07,1449,819.79864
2026/04/02@01:56:08,1450,819.2799
2026/04/02@01:56:09,1451,818.78312
2026/04/02@01:56:11,1453,818.271236
2026/04/02@01:56:12,1454,817.7741
2026/04/02@01:56:13,1455,817.22456
2026/04/02@01:56:14,1456,816.7622
2026/04/02@01:56:15,1457,816.182436
2026/04/02@01:56:16,1458,815.5744
2026/04/02@01:56:17,1459,815.1012
2026/04/02@01:56:18,1460,814.4414
2026/04/02@01:56:19,1461,813.9524
2026/04/02@01:56:20,1462,813.4235
2026/04/02@01:56:21,1463,812.8178
2026/04/02@01:56:22,1464,812.2407
2026/04/02@01:56:24,1466,811.708436
2026/04/02@01:56:25,1467,811.1082
2026/04/02@01:56:26,1468,810.5119
2026/04/02@01:56:27,1469,809.95152
2026/04/02@01:56:28,1470,809.43976
2026/04/02@01:56:29,1471,808.88888
2026/04/02@01:56:30,1472,808.345136
2026/04/02@01:56:31,1473,807.8155
2026/04/02@01:56:32,1474,807.303936
2026/04/02@01:56:33,1475,806.787936
2026/04/02@01:56:34,1476,806.282836
2026/04/02@01:56:35,1477,805.73832
2026/04/02@01:56:37,1479,805.1443
2026/04/02@01:56:38,1480,804.61832
2026/04/02@01:56:39,1481,804.12024
2026/04/02@01:56:40,1482,803.59356
2026/04/02@01:56:41,1483,803.11416
2026/04/02@01:56:42,1484,802.58092
2026/04/02@01:56:43,1485,802.081
2026/04/02@01:56:44,1486,801.6067
2026/04/02@01:56:45,1487,801.0817
2026/04/02@01:56:46,1488,800.5251
2026/04/02@01:56:47,1489,799.997536
2026/04/02@01:56:48,1490,799.561636
2026/04/02@01:56:50,1492,799.0441
2026/04/02@01:56:51,1493,798.609
2026/04/02@01:56:52,1494,798.1319
2026/04/02@01:56:53,1495,797.65624
2026/04/02@01:56:54,1496,797.2159
2026/04/02@01:56:55,1497,796.7586
2026/04/02@01:56:56,1498,796.41016
2026/04/02@01:56:57,1499,795.9685
2026/04/02@01:56:58,1500,795.5271
2026/04/02@01:56:59,1501,795.098736
2026/04/02@01:57:00,1502,794.6842
2026/04/02@01:57:01,1503,794.322736
2026/04/02@01:57:03,1505,793.938368
2026/04/02@01:57:04,1506,793.60916
2026/04/02@01:57:05,1507,793.2317
2026/04/02@01:57:06,1508,792.89922
2026/04/02@01:57:07,1509,792.5162
2026/04/02@01:57:08,1510,792.17208
2026/04/02@01:57:09,1511,791.748036
2026/04/02@01:57:10,1512,791.3541
2026/04/02@01:57:11,1513,790.8887
2026/04/02@01:57:12,1514,790.46184
2026/04/02@01:57:13,1515,790.03292
2026/04/02@01:57:14,1516,789.60568
2026/04/02@01:57:16,1518,789.1956
2026/04/02@01:57:17,1519,788.80916
2026/04/02@01:57:18,1520,788.40968
2026/04/02@01:57:19,1521,788.04868
2026/04/02@01:57:20,1522,787.54732
2026/04/02@01:57:21,1523,787.1521
2026/04/02@01:57:22,1524,786.7019
2026/04/02@01:57:23,1525,786.2339
2026/04/02@01:57:24,1526,785.77984
2026/04/02@01:57:25,1527,785.3432
2026/04/02@01:57:26,1528,784.88532
2026/04/02@01:57:27,1529,784.466
2026/04/02@01:57:29,1531,784.0544
2026/04/02@01:57:30,1532,783.6646
2026/04/02@01:57:31,1533,783.217968
2026/04/02@01:57:32,1534,782.77184
2026/04/02@01:57:33,1535,782.32368
2026/04/02@01:57:34,1536,781.90312
2026/04/02@01:57:35,1537,781.46592
2026/04/02@01:57:36,1538,781.0096
2026/04/02@01:57:37,1539,780.55648
2026/04/02@01:57:38,1540,780.1306
2026/04/02@01:57:39,1541,779.6814
2026/04/02@01:57:40,1542,779.2516
2026/04/02@01:57:42,1544,778.8753
2026/04/02@01:57:43,1545,778.4172
2026/04/02@01:57:44,1546,778.03268
2026/04/02@01:57:45,1547,777.618836
2026/04/02@01:57:46,1548,777.12368
2026/04/02@01:57:47,1549,776.715636
2026/04/02@01:57:48,1550,776.21532
2026/04/02@01:57:49,1551,775.7764
2026/04/02@01:57:50,1552,775.2795
2026/04/02@01:57:51,1553,774.8658
2026/04/02@01:57:52,1554,774.3468
2026/04/02@01:57:53,1555,773.9264
2026/04/02@01:57:55,1557,773.4553
2026/04/02@01:57:56,1558,772.9457
2026/04/02@01:57:57,1559,772.505536
2026/04/02@01:57:58,1560,772.0793
2026/04/02@01:57:59,1561,771.649236
2026/04/02@01:58:00,1562,771.1598
2026/04/02@01:58:01,1563,770.7056
2026/04/02@01:58:02,1564,770.2573
2026/04/02@01:58:03,1565,769.80632
2026/04/02@01:58:04,1566,769.3412
2026/04/02@01:58:05,1567,768.9871
2026/04/02@01:58:06,1568,768.51016
2026/04/02@01:58:08,1570,768.15348
2026/04/02@01:58:09,1571,767.7389
2026/04/02@01:58:10,1572,767.4205
2026/04/02@01:58:11,1573,766.9457
2026/04/02@01:58:12,1574,766.6065
2026/04/02@01:58:13,1575,766.165636
2026/04/02@01:58:14,1576,765.7357
2026/04/02@01:58:15,1577,765.28264
2026/04/02@01:58:16,1578,764.7846
2026/04/02@01:58:17,1579,764.28148
2026/04/02@01:58:18,1580,763.75944
2026/04/02@01:58:19,1581,763.276
2026/04/02@01:58:21,1583,762.8105
2026/04/02@01:58:22,1584,762.299568
2026/04/02@01:58:23,1585,761.807
2026/04/02@01:58:24,1586,761.2994
2026/04/02@01:58:25,1587,760.8306
2026/04/02@01:58:26,1588,760.37508
2026/04/02@01:58:27,1589,759.8996
2026/04/02@01:58:28,1590,759.349236
2026/04/02@01:58:29,1591,758.9004
2026/04/02@01:58:30,1592,758.5121
2026/04/02@01:58:31,1593,758.14152
2026/04/02@01:58:32,1594,757.74632
2026/04/02@01:58:34,1596,757.43992
2026/04/02@01:58:35,1597,757.0831
2026/04/02@01:58:36,1598,756.73848
2026/04/02@01:58:37,1599,756.3973
2026/04/02@01:58:38,1600,756.0803
2026/04/02@01:58:39,1601,755.7205
2026/04/02@01:58:40,1602,755.4668
2026/04/02@01:58:41,1603,755.2001
2026/04/02@01:58:42,1604,754.9252
2026/04/02@01:58:43,1605,754.5993
2026/04/02@01:58:44,1606,754.32732
2026/04/02@01:58:45,1607,754.0112
2026/04/02@01:58:47,1609,753.7425
2026/04/02@01:58:48,1610,753.532
2026/04/02@01:58:49,1611,753.341236
2026/04/02@01:58:50,1612,753.1033
2026/04/02@01:58:51,1613,752.85584
2026/04/02@01:58:52,1614,752.62268
2026/04/02@01:58:53,1615,752.3945
2026/04/02@01:58:54,1616,752.13084
2026/04/02@01:58:55,1617,751.8512
2026/04/02@01:58:56,1618,751.6228
2026/04/02@01:58:57,1619,751.28592
2026/04/02@01:58:58,1620,750.9727
2026/04/02@01:59:00,1622,750.5747
2026/04/02@01:59:01,1623,750.21332
2026/04/02@01:59:02,1624,749.81108
2026/04/02@01:59:03,1625,749.3998
2026/04/02@01:59:04,1626,748.8846
2026/04/02@01:59:05,1627,748.4191
2026/04/02@01:59:06,1628,747.97832
2026/04/02@01:59:07,1629,747.4398
2026/04/02@01:59:08,1630,746.9766
2026/04/02@01:59:09,1631,746.50136
2026/04/02@01:59:10,1632,745.991636
2026/04/02@01:59:11,1633,745.55692
2026/04/02@01:59:13,1634,745.0778
2026/04/02@01:59:14,1636,744.6928
2026/04/02@01:59:15,1637,744.2759
2026/04/02@01:59:16,1638,743.83984
2026/04/02@01:59:17,1639,743.4172
2026/04/02@01:59:18,1640,743.1007
2026/04/02@01:59:19,1641,742.6434
2026/04/02@01:59:20,1642,742.3125
2026/04/02@01:59:21,1643,741.952
2026/04/02@01:59:22,1644,741.5201
2026/04/02@01:59:23,1645,741.050836
2026/04/02@01:59:24,1646,740.5976
2026/04/02@01:59:25,1647,740.1234
2026/04/02@01:59:27,1649,739.6289
2026/04/02@01:59:28,1650,739.09332
2026/04/02@01:59:29,1651,738.56196
2026/04/02@01:59:30,1652,738.0149
2026/04/02@01:59:31,1653,737.4925
2026/04/02@01:59:32,1654,736.944
2026/04/02@01:59:33,1655,736.4551
2026/04/02@01:59:34,1656,735.9598
2026/04/02@01:59:35,1657,735.48344
2026/04/02@01:59:36,1658,734.9295
2026/04/02@01:59:37,1659,734.4126
2026/04/02@01:59:38,1660,733.81616
2026/04/02@01:59:40,1662,733.3018
2026/04/02@01:59:41,1663,732.819
2026/04/02@01:59:42,1664,732.36344
2026/04/02@01:59:43,1665,731.870336
2026/04/02@01:59:44,1666,731.3962
2026/04/02@01:59:45,1667,730.9348
2026/04/02@01:59:46,1668,730.49336
2026/04/02@01:59:47,1669,730.0779
2026/04/02@01:59:48,1670,729.6685
2026/04/02@01:59:49,1671,729.2583
2026/04/02@01:59:50,1672,728.76
2026/04/02@01:59:51,1673,728.31288
2026/04/02@01:59:53,1675,727.9227
2026/04/02@01:59:54,1676,727.4721
2026/04/02@01:59:55,1677,727.0835
2026/04/02@01:59:56,1678,726.6985
2026/04/02@01:59:57,1679,726.2603
2026/04/02@01:59:58,1680,725.7953
2026/04/02@01:59:59,1681,725.34608
2026/04/02@02:00:00,1682,724.8789
2026/04/02@02:00:01,1683,724.3682
2026/04/02@02:00:02,1684,723.9297
2026/04/02@02:00:03,1685,723.367536
2026/04/02@02:00:04,1686,722.84392
2026/04/02@02:00:06,1688,722.342836
2026/04/02@02:00:07,1689,721.8304
2026/04/02@02:00:08,1690,721.35032
2026/04/02@02:00:09,1691,720.78824
2026/04/02@02:00:10,1692,720.26152
2026/04/02@02:00:11,1693,719.7534
2026/04/02@02:00:12,1694,719.2413
2026/04/02@02:00:13,1695,718.68492
2026/04/02@02:00:14,1696,718.108036
2026/04/02@02:00:15,1697,717.5969
2026/04/02@02:00:16,1698,717.112368
2026/04/02@02:00:17,1699,716.6082
2026/04/02@02:00:19,1701,716.22652
2026/04/02@02:00:20,1702,715.75108
2026/04/02@02:00:21,1703,715.324
2026/04/02@02:00:22,1704,714.86488
2026/04/02@02:00:23,1705,714.4754
2026/04/02@02:00:24,1706,714.0847
2026/04/02@02:00:25,1707,713.6802
2026/04/02@02:00:26,1708,713.25852
2026/04/02@02:00:27,1709,712.8368
2026/04/02@02:00:28,1710,712.4846
2026/04/02@02:00:29,1711,712.0516
2026/04/02@02:00:30,1712,711.66584
2026/04/02@02:00:32,1714,711.2522
2026/04/02@02:00:33,1715,710.8334
2026/04/02@02:00:34,1716,710.46708
2026/04/02@02:00:35,1717,710.0165
2026/04/02@02:00:36,1718,709.599236
2026/04/02@02:00:37,1719,709.1775
2026/04/02@02:00:38,1720,708.725936
2026/04/02@02:00:39,1721,708.2875
2026/04/02@02:00:40,1722,707.801
2026/04/02@02:00:41,1723,707.40732
2026/04/02@02:00:42,1724,706.9364
2026/04/02@02:00:43,1725,706.54016
2026/04/02@02:00:45,1727,706.098
2026/04/02@02:00:46,1728,705.7139
2026/04/02@02:00:47,1729,705.2728
2026/04/02@02:00:48,1730,704.8657
2026/04/02@02:00:49,1731,704.4533
2026/04/02@02:00:50,1732,704.0351
2026/04/02@02:00:51,1733,703.6672
2026/04/02@02:00:52,1734,703.24268
2026/04/02@02:00:53,1735,702.79848
2026/04/02@02:00:54,1736,702.37748
2026/04/02@02:00:55,1737,701.913
2026/04/02@02:00:56,1738,701.48916
2026/04/02@02:00:58,1739,701.062
2026/04/02@02:00:59,1741,700.59736
2026/04/02@02:01:00,1742,700.15464
2026/04/02@02:01:01,1743,699.7096
2026/04/02@02:01:02,1744,699.155
2026/04/02@02:01:03,1745,698.7015
2026/04/02@02:01:04,1746,698.2093
2026/04/02@02:01:05,1747,697.7104
2026/04/02@02:01:06,1748,697.1447
2026/04/02@02:01:07,1749,696.65152
2026/04/02@02:01:08,1750,696.1303
2026/04/02@02:01:09,1751,695.655
2026/04/02@02:01:10,1752,695.1076
2026/04/02@02:01:12,1754,694.6652
2026/04/02@02:01:13,1755,694.1322
2026/04/02@02:01:14,1756,693.6702
2026/04/02@02:01:15,1757,693.15176
2026/04/02@02:01:16,1758,692.6422
2026/04/02@02:01:17,1759,692.1916
2026/04/02@02:01:18,1760,691.7065
2026/04/02@02:01:19,1761,691.2662
2026/04/02@02:01:20,1762,690.82652
2026/04/02@02:01:21,1763,690.3638
2026/04/02@02:01:22,1764,689.9343
2026/04/02@02:01:23,1765,689.5003
2026/04/02@02:01:25,1767,689.0472
2026/04/02@02:01:26,1768,688.6292
2026/04/02@02:01:27,1769,688.216
2026/04/02@02:01:28,1770,687.8204
2026/04/02@02:01:29,1771,687.378836
2026/04/02@02:01:30,1772,687.0071
2026/04/02@02:01:31,1773,686.62332
2026/04/02@02:01:32,1774,686.3303
2026/04/02@02:01:33,1775,685.9666
2026/04/02@02:01:34,1776,685.593
2026/04/02@02:01:35,1777,685.22016
2026/04/02@02:01:36,1778,684.875236
2026/04/02@02:01:38,1780,684.4641
2026/04/02@02:01:39,1781,684.080436
2026/04/02@02:01:40,1782,683.712036
2026/04/02@02:01:41,1783,683.32984
2026/04/02@02:01:42,1784,682.8736
2026/04/02@02:01:43,1785,682.4375
2026/04/02@02:01:44,1786,682.0284
2026/04/02@02:01:45,1787,681.62352
2026/04/02@02:01:46,1788,681.20532
2026/04/02@02:01:47,1789,680.7961
2026/04/02@02:01:48,1790,680.4286
2026/04/02@02:01:49,1791,680.02872
2026/04/02@02:01:51,1793,679.6309
2026/04/02@02:01:52,1794,679.251936
2026/04/02@02:01:53,1795,678.8692
2026/04/02@02:01:54,1796,678.4394
2026/04/02@02:01:55,1797,678.0878
2026/04/02@02:01:56,1798,677.6449
2026/04/02@02:01:57,1799,677.200436
2026/04/02@02:01:58,1800,676.78848
2026/04/02@02:01:59,1801,676.3938
2026/04/02@02:02:00,1802,675.938368
2026/04/02@02:02:01,1803,675.52872
2026/04/02@02:02:02,1804,675.1071
2026/04/02@02:02:04,1806,674.69304
2026/04/02@02:02:05,1807,674.28148
2026/04/02@02:02:06,1808,673.8231
2026/04/02@02:02:07,1809,673.44616
2026/04/02@02:02:08,1810,673.03704
2026/04/02@02:02:09,1811,672.5722
2026/04/02@02:02:10,1812,672.09316
2026/04/02@02:02:11,1813,671.6467
2026/04/02@02:02:12,1814,671.21592
2026/04/02@02:02:13,1815,670.7751
2026/04/02@02:02:14,1816,670.34716
2026/04/02@02:02:15,1817,669.9387
2026/04/02@02:02:17,1819,669.4339
2026/04/02@02:02:18,1820,669.1223
2026/04/02@02:02:19,1821,668.7347
2026/04/02@02:02:20,1822,668.30868
2026/04/02@02:02:21,1823,667.9833
2026/04/02@02:02:22,1824,667.6906
2026/04/02@02:02:23,1825,667.3301
2026/04/02@02:02:24,1826,666.9472
2026/04/02@02:02:25,1827,666.57732
2026/04/02@02:02:26,1828,666.2087
2026/04/02@02:02:27,1829,665.8259
2026/04/02@02:02:28,1830,665.4472
2026/04/02@02:02:30,1832,665.02468
2026/04/02@02:02:31,1833,664.6283
2026/04/02@02:02:32,1834,664.22348
2026/04/02@02:02:33,1835,663.8246
2026/04/02@02:02:34,1836,663.33624
2026/04/02@02:02:35,1837,662.9186
2026/04/02@02:02:36,1838,662.5199
2026/04/02@02:02:37,1839,662.0103
2026/04/02@02:02:38,1840,661.54692
2026/04/02@02:02:39,1841,661.1185
2026/04/02@02:02:40,1842,660.7156
2026/04/02@02:02:41,1843,660.2647
2026/04/02@02:02:43,1845,659.8804
2026/04/02@02:02:44,1846,659.53548
2026/04/02@02:02:45,1847,659.15064
2026/04/02@02:02:46,1848,658.77824
2026/04/02@02:02:47,1849,658.372
2026/04/02@02:02:48,1850,658.02892
2026/04/02@02:02:49,1851,657.6814
2026/04/02@02:02:50,1852,657.2297
2026/04/02@02:02:51,1853,656.8515
2026/04/02@02:02:52,1854,656.3869
2026/04/02@02:02:53,1855,656.04048
2026/04/02@02:02:54,1856,655.63168
2026/04/02@02:02:56,1857,655.24604
2026/04/02@02:02:57,1859,654.8416
2026/04/02@02:02:58,1860,654.46768
2026/04/02@02:02:59,1861,654.0658
2026/04/02@02:03:00,1862,653.71296
2026/04/02@02:03:01,1863,653.3699
2026/04/02@02:03:02,1864,652.99384
2026/04/02@02:03:03,1865,652.62664
2026/04/02@02:03:04,1866,652.31948
2026/04/02@02:03:05,1867,651.8876
2026/04/02@02:03:06,1868,651.50992
2026/04/02@02:03:07,1869,651.1298
2026/04/02@02:03:09,1870,650.7834
2026/04/02@02:03:10,1872,650.41584
2026/04/02@02:03:11,1873,650.0365
2026/04/02@02:03:12,1874,649.6726
2026/04/02@02:03:13,1875,649.28408
2026/04/02@02:03:14,1876,648.9022
2026/04/02@02:03:15,1877,648.4962
2026/04/02@02:03:16,1878,648.1497
2026/04/02@02:03:17,1879,647.73536
2026/04/02@02:03:18,1880,647.3981
2026/04/02@02:03:19,1881,647.025
2026/04/02@02:03:20,1882,646.66596
2026/04/02@02:03:21,1883,646.2411
2026/04/02@02:03:23,1885,645.87368
2026/04/02@02:03:24,1886,645.46496
2026/04/02@02:03:25,1887,645.0408
2026/04/02@02:03:26,1888,644.65324
2026/04/02@02:03:27,1889,644.2306
2026/04/02@02:03:28,1890,643.8497
2026/04/02@02:03:29,1891,643.461
2026/04/02@02:03:30,1892,643.0875
2026/04/02@02:03:31,1893,642.7404
2026/04/02@02:03:32,1894,642.3813
2026/04/02@02:03:33,1895,642.0628
2026/04/02@02:03:34,1896,641.6548
2026/04/02@02:03:36,1898,641.2709
2026/04/02@02:03:37,1899,640.9422
2026/04/02@02:03:38,1900,640.5989
2026/04/02@02:03:39,1901,640.2084
2026/04/02@02:03:40,1902,639.89404
2026/04/02@02:03:41,1903,639.54048
2026/04/02@02:03:42,1904,639.19932
2026/04/02@02:03:43,1905,638.8038
2026/04/02@02:03:44,1906,638.5009
2026/04/02@02:03:45,1907,638.0325
2026/04/02@02:03:46,1908,637.6813
2026/04/02@02:03:47,1909,637.31368
2026/04/02@02:03:49,1911,636.94416
2026/04/02@02:03:50,1912,636.49884
2026/04/02@02:03:51,1913,636.11584
2026/04/02@02:03:52,1914,635.6817
2026/04/02@02:03:53,1915,635.3167
2026/04/02@02:03:54,1916,634.9303
2026/04/02@02:03:55,1917,634.6107
2026/04/02@02:03:56,1918,634.32384
2026/04/02@02:03:57,1919,633.9819
2026/04/02@02:03:58,1920,633.6961
2026/04/02@02:03:59,1921,633.3662
2026/04/02@02:04:00,1922,633.07516
2026/04/02@02:04:02,1924,632.76952
2026/04/02@02:04:03,1925,632.4516
2026/04/02@02:04:04,1926,632.1882
2026/04/02@02:04:05,1927,631.88024
2026/04/02@02:04:06,1928,631.5842
2026/04/02@02:04:07,1929,631.2966
2026/04/02@02:04:08,1930,630.9232
2026/04/02@02:04:09,1931,630.6058
2026/04/02@02:04:10,1932,630.2737
2026/04/02@02:04:11,1933,629.9347
2026/04/02@02:04:12,1934,629.62784
2026/04/02@02:04:13,1935,629.1817
2026/04/02@02:04:15,1937,628.821
2026/04/02@02:04:16,1938,628.45248
2026/04/02@02:04:17,1939,628.0582
2026/04/02@02:04:18,1940,627.6496
2026/04/02@02:04:19,1941,627.22976
2026/04/02@02:04:20,1942,626.8527
2026/04/02@02:04:21,1943,626.3845
2026/04/02@02:04:22,1944,625.972
2026/04/02@02:04:23,1945,625.51016
2026/04/02@02:04:24,1946,625.0863
2026/04/02@02:04:25,1947,624.7073
2026/04/02@02:04:26,1948,624.2957
2026/04/02@02:04:28,1950,623.8641
2026/04/02@02:04:29,1951,623.4266
2026/04/02@02:04:30,1952,623.00632
2026/04/02@02:04:31,1953,622.5659
2026/04/02@02:04:32,1954,622.1574
2026/04/02@02:04:33,1955,621.7416
2026/04/02@02:04:34,1956,621.31216
2026/04/02@02:04:35,1957,620.86348
2026/04/02@02:04:36,1958,620.47736
2026/04/02@02:04:37,1959,620.0261
2026/04/02@02:04:38,1960,619.6069
2026/04/02@02:04:39,1961,619.2326
2026/04/02@02:04:41,1963,618.8356
2026/04/02@02:04:42,1964,618.42444
2026/04/02@02:04:43,1965,617.96816
2026/04/02@02:04:44,1966,617.5591
2026/04/02@02:04:45,1967,617.1195
2026/04/02@02:04:46,1968,616.7259
2026/04/02@02:04:47,1969,616.28816
2026/04/02@02:04:48,1970,615.89136
2026/04/02@02:04:49,1971,615.3904
2026/04/02@02:04:50,1972,614.9462
2026/04/02@02:04:51,1973,614.52
2026/04/02@02:04:52,1974,614.12648
2026/04/02@02:04:54,1975,613.73376
2026/04/02@02:04:55,1977,613.33716
2026/04/02@02:04:56,1978,612.8631
2026/04/02@02:04:57,1979,612.43192
2026/04/02@02:04:58,1980,612.02292
2026/04/02@02:04:59,1981,611.6147
2026/04/02@02:05:00,1982,611.1626
2026/04/02@02:05:01,1983,610.69024
2026/04/02@02:05:02,1984,610.2493
2026/04/02@02:05:03,1985,609.77
2026/04/02@02:05:04,1986,609.36756
2026/04/02@02:05:05,1987,608.965
2026/04/02@02:05:06,1988,608.5048
2026/04/02@02:05:08,1990,608.03816
2026/04/02@02:05:09,1991,607.6931
2026/04/02@02:05:10,1992,607.22832
2026/04/02@02:05:11,1993,606.77936
2026/04/02@02:05:12,1994,606.38352
2026/04/02@02:05:13,1995,605.9084
2026/04/02@02:05:14,1996,605.4241
2026/04/02@02:05:15,1997,604.96264
2026/04/02@02:05:16,1998,604.50964
2026/04/02@02:05:17,1999,604.05616
2026/04/02@02:05:18,2000,603.6513
2026/04/02@02:05:19,2001,603.21748
2026/04/02@02:05:21,2003,602.8033
2026/04/02@02:05:22,2004,602.3776
2026/04/02@02:05:23,2005,601.9395
2026/04/02@02:05:24,2006,601.4968
2026/04/02@02:05:25,2007,601.0993
2026/04/02@02:05:26,2008,600.6662
2026/04/02@02:05:27,2009,600.1644
2026/04/02@02:05:28,2010,599.7427
2026/04/02@02:05:29,2011,599.31104
2026/04/02@02:05:30,2012,598.93396
2026/04/02@02:05:31,2013,598.53736
2026/04/02@02:05:32,2014,598.13524
2026/04/02@02:05:34,2016,597.73984
2026/04/02@02:05:35,2017,597.3398
2026/04/02@02:05:36,2018,596.8933
2026/04/02@02:05:37,2019,596.52892
2026/04/02@02:05:38,2020,596.1493
2026/04/02@02:05:39,2021,595.7288
2026/04/02@02:05:40,2022,595.3512
2026/04/02@02:05:41,2023,594.9613
2026/04/02@02:05:42,2024,594.55884
2026/04/02@02:05:43,2025,594.1407
2026/04/02@02:05:44,2026,593.7338
2026/04/02@02:05:45,2027,593.3377
2026/04/02@02:05:47,2029,592.9135
2026/04/02@02:05:48,2030,592.50148
2026/04/02@02:05:49,2031,592.0556
2026/04/02@02:05:50,2032,591.67236
2026/04/02@02:05:51,2033,591.2068
2026/04/02@02:05:52,2034,590.82792
2026/04/02@02:05:53,2035,590.33816
2026/04/02@02:05:54,2036,589.87224
2026/04/02@02:05:55,2037,589.52044
2026/04/02@02:05:56,2038,589.0581
2026/04/02@02:05:57,2039,588.6584
2026/04/02@02:05:58,2040,588.285
2026/04/02@02:06:00,2042,587.88416
2026/04/02@02:06:01,2043,587.51416
2026/04/02@02:06:02,2044,587.1232
2026/04/02@02:06:03,2045,586.6797
2026/04/02@02:06:04,2046,586.30992
2026/04/02@02:06:05,2047,585.92456
2026/04/02@02:06:06,2048,585.53324
2026/04/02@02:06:07,2049,585.0852
2026/04/02@02:06:08,2050,584.6926
2026/04/02@02:06:09,2051,584.2252
2026/04/02@02:06:10,2052,583.8257
2026/04/02@02:06:11,2053,583.3944
2026/04/02@02:06:13,2055,583.00464
2026/04/02@02:06:14,2056,582.5496
2026/04/02@02:06:15,2057,582.1754
2026/04/02@02:06:16,2058,581.7611
2026/04/02@02:06:17,2059,581.35208
2026/04/02@02:06:18,2060,580.9266
2026/04/02@02:06:19,2061,580.5262
2026/04/02@02:06:20,2062,580.06932
2026/04/02@02:06:21,2063,579.6399
2026/04/02@02:06:22,2064,579.30208
2026/04/02@02:06:23,2065,578.92348
2026/04/02@02:06:24,2066,578.5991
2026/04/02@02:06:26,2068,578.2959
2026/04/02@02:06:27,2069,577.99344
2026/04/02@02:06:28,2070,577.66832
2026/04/02@02:06:29,2071,577.36536
2026/04/02@02:06:30,2072,577.04864
2026/04/02@02:06:31,2073,576.70232
2026/04/02@02:06:32,2074,576.37
2026/04/02@02:06:33,2075,576.03576
2026/04/02@02:06:34,2076,575.6845
2026/04/02@02:06:35,2077,575.3713
2026/04/02@02:06:36,2078,574.9801
2026/04/02@02:06:37,2079,574.5733
2026/04/02@02:06:39,2081,574.3053
2026/04/02@02:06:40,2082,573.8354
2026/04/02@02:06:41,2083,573.47848
2026/04/02@02:06:42,2084,573.1075
2026/04/02@02:06:43,2085,572.7815
2026/04/02@02:06:44,2086,572.3421
2026/04/02@02:06:45,2087,571.9589
2026/04/02@02:06:46,2088,571.50808
2026/04/02@02:06:47,2089,571.1283
2026/04/02@02:06:48,2090,570.7433
2026/04/02@02:06:49,2091,570.2876
2026/04/02@02:06:50,2092,569.8451
2026/04/02@02:06:52,2094,569.41564
2026/04/02@02:06:53,2095,568.9564
2026/04/02@02:06:54,2096,568.5693
2026/04/02@02:06:55,2097,568.1357
2026/04/02@02:06:56,2098,567.6861
2026/04/02@02:06:57,2099,567.32116
2026/04/02@02:06:58,2100,566.79876
2026/04/02@02:06:59,2101,566.3249
2026/04/02@02:07:00,2102,565.9289
2026/04/02@02:07:01,2103,565.5097
2026/04/02@02:07:02,2104,565.1118
2026/04/02@02:07:03,2105,564.7679
2026/04/02@02:07:05,2107,564.37992
2026/04/02@02:07:06,2108,563.9555
2026/04/02@02:07:07,2109,563.62852
2026/04/02@02:07:08,2110,563.24132
2026/04/02@02:07:09,2111,562.8977
2026/04/02@02:07:10,2112,562.53452
2026/04/02@02:07:11,2113,562.1695
2026/04/02@02:07:12,2114,561.8372
2026/04/02@02:07:13,2115,561.4574
2026/04/02@02:07:14,2116,561.045
2026/04/02@02:07:15,2117,560.68992
2026/04/02@02:07:16,2118,560.30852
2026/04/02@02:07:18,2120,559.8566
2026/04/02@02:07:19,2121,559.42944
2026/04/02@02:07:20,2122,559.0651
2026/04/02@02:07:21,2123,558.66004
2026/04/02@02:07:22,2124,558.20808
2026/04/02@02:07:23,2125,557.89592
2026/04/02@02:07:24,2126,557.49604
2026/04/02@02:07:25,2127,557.09848
2026/04/02@02:07:26,2128,556.6665
2026/04/02@02:07:27,2129,556.3116
2026/04/02@02:07:28,2130,555.91784
2026/04/02@02:07:29,2131,555.5506
2026/04/02@02:07:31,2133,555.169
2026/04/02@02:07:32,2134,554.7752
2026/04/02@02:07:33,2135,554.3376
2026/04/02@02:07:34,2136,553.9825
2026/04/02@02:07:35,2137,553.57668
2026/04/02@02:07:36,2138,553.1835
2026/04/02@02:07:37,2139,552.8436
2026/04/02@02:07:38,2140,552.5259
2026/04/02@02:07:39,2141,552.11036
2026/04/02@02:07:40,2142,551.69168
2026/04/02@02:07:41,2143,551.34452
2026/04/02@02:07:42,2144,550.86896
2026/04/02@02:07:44,2146,550.52168
2026/04/02@02:07:45,2147,550.16364
2026/04/02@02:07:46,2148,549.81104
2026/04/02@02:07:47,2149,549.4787
2026/04/02@02:07:48,2150,549.06756
2026/04/02@02:07:49,2151,548.70876
2026/04/02@02:07:50,2152,548.30224
2026/04/02@02:07:51,2153,548.0074
2026/04/02@02:07:52,2154,547.5899
2026/04/02@02:07:53,2155,547.2844
2026/04/02@02:07:54,2156,546.8469
2026/04/02@02:07:55,2157,546.47408
2026/04/02@02:07:57,2159,546.1313
2026/04/02@02:07:58,2160,545.7114
2026/04/02@02:07:59,2161,545.36276
2026/04/02@02:08:00,2162,544.98268
2026/04/02@02:08:01,2163,544.637
2026/04/02@02:08:02,2164,544.16976
2026/04/02@02:08:03,2165,543.79
2026/04/02@02:08:04,2166,543.3614
2026/04/02@02:08:05,2167,542.93884
2026/04/02@02:08:06,2168,542.54804
2026/04/02@02:08:07,2169,542.1864
2026/04/02@02:08:08,2170,541.7544
2026/04/02@02:08:10,2172,541.3522
2026/04/02@02:08:11,2173,540.9986
2026/04/02@02:08:12,2174,540.5761
2026/04/02@02:08:13,2175,540.20748
2026/04/02@02:08:14,2176,539.8503
2026/04/02@02:08:15,2177,539.49536
2026/04/02@02:08:16,2178,539.0098
2026/04/02@02:08:17,2179,538.6581
2026/04/02@02:08:18,2180,538.2793
2026/04/02@02:08:19,2181,537.9115
2026/04/02@02:08:20,2182,537.5076
2026/04/02@02:08:21,2183,537.1361
2026/04/02@02:08:23,2185,536.7905
2026/04/02@02:08:24,2186,536.41624
2026/04/02@02:08:25,2187,536.077
2026/04/02@02:08:26,2188,535.675
2026/04/02@02:08:27,2189,535.33796
2026/04/02@02:08:28,2190,534.9917
2026/04/02@02:08:29,2191,534.6558
2026/04/02@02:08:30,2192,534.3424
2026/04/02@02:08:31,2193,533.9383
2026/04/02@02:08:32,2194,533.6463
2026/04/02@02:08:33,2195,533.29552
2026/04/02@02:08:34,2196,532.94776
2026/04/02@02:08:35,2197,532.67524
2026/04/02@02:08:37,2199,532.3755
2026/04/02@02:08:38,2200,532.0089
2026/04/02@02:08:39,2201,531.75336
2026/04/02@02:08:40,2202,531.464
2026/04/02@02:08:41,2203,531.1484
2026/04/02@02:08:42,2204,530.8642
2026/04/02@02:08:43,2205,530.55664
2026/04/02@02:08:44,2206,530.2868
2026/04/02@02:08:45,2207,529.93068
2026/04/02@02:08:46,2208,529.5842
2026/04/02@02:08:47,2209,529.3022
2026/04/02@02:08:48,2210,528.91204
2026/04/02@02:08:50,2212,528.51404
2026/04/02@02:08:51,2213,528.2237
2026/04/02@02:08:52,2214,527.85956
2026/04/02@02:08:53,2215,527.5074
2026/04/02@02:08:54,2216,527.23096
2026/04/02@02:08:55,2217,526.95808
2026/04/02@02:08:56,2218,526.65908
2026/04/02@02:08:57,2219,526.373
2026/04/02@02:08:58,2220,526.11692
2026/04/02@02:08:59,2221,525.783
2026/04/02@02:09:00,2222,525.4638
2026/04/02@02:09:01,2223,525.1778
2026/04/02@02:09:03,2225,524.8948
2026/04/02@02:09:04,2226,524.5496
2026/04/02@02:09:05,2227,524.2477
2026/04/02@02:09:06,2228,523.90856
2026/04/02@02:09:07,2229,523.5379
2026/04/02@02:09:08,2230,523.2441
2026/04/02@02:09:09,2231,522.8909
2026/04/02@02:09:10,2232,522.5453
2026/04/02@02:09:11,2233,522.1989
2026/04/02@02:09:12,2234,521.8442
2026/04/02@02:09:13,2235,521.57696
2026/04/02@02:09:14,2236,521.2091
2026/04/02@02:09:16,2238,520.88916
2026/04/02@02:09:17,2239,520.53204
2026/04/02@02:09:18,2240,520.1394
2026/04/02@02:09:19,2241,519.8401
2026/04/02@02:09:20,2242,519.4691
2026/04/02@02:09:21,2243,519.14196
2026/04/02@02:09:22,2244,518.81448
2026/04/02@02:09:23,2245,518.5373
2026/04/02@02:09:24,2246,518.25284
2026/04/02@02:09:25,2247,518.0164
2026/04/02@02:09:26,2248,517.8105
2026/04/02@02:09:27,2249,517.6537
2026/04/02@02:09:29,2251,517.4329
2026/04/02@02:09:30,2252,517.1929
2026/04/02@02:09:31,2253,516.9635
2026/04/02@02:09:32,2254,516.8096
2026/04/02@02:09:33,2255,516.65124
2026/04/02@02:09:34,2256,516.49444
2026/04/02@02:09:35,2257,516.3622
2026/04/02@02:09:36,2258,516.2149
2026/04/02@02:09:37,2259,516.0757
2026/04/02@02:09:38,2260,515.98268
2026/04/02@02:09:39,2261,515.8749
2026/04/02@02:09:40,2262,515.7791
2026/04/02@02:09:42,2264,515.71892
2026/04/02@02:09:43,2265,515.61596
2026/04/02@02:09:44,2266,515.47204
2026/04/02@02:09:45,2267,515.3793
2026/04/02@02:09:46,2268,515.28344
2026/04/02@02:09:47,2269,515.0988
2026/04/02@02:09:48,2270,515.0042
2026/04/02@02:09:49,2271,514.89636
2026/04/02@02:09:50,2272,514.77824
2026/04/02@02:09:51,2273,514.6921
2026/04/02@02:09:52,2274,514.5598
2026/04/02@02:09:53,2275,514.4378
2026/04/02@02:09:55,2277,514.38492
2026/04/02@02:09:56,2278,514.281
2026/04/02@02:09:57,2279,514.191
2026/04/02@02:09:58,2280,514.1075
2026/04/02@02:09:59,2281,514.0224
2026/04/02@02:10:00,2282,513.8919
2026/04/02@02:10:01,2283,513.77824
2026/04/02@02:10:02,2284,513.64376
2026/04/02@02:10:03,2285,513.5578
2026/04/02@02:10:04,2286,513.4484
2026/04/02@02:10:05,2287,513.3847
2026/04/02@02:10:06,2288,513.2302
2026/04/02@02:10:08,2289,513.12368
2026/04/02@02:10:09,2291,513.0335
2026/04/02@02:10:10,2292,512.9649
2026/04/02@02:10:11,2293,512.8543
2026/04/02@02:10:12,2294,512.77316
2026/04/02@02:10:13,2295,512.6803
2026/04/02@02:10:14,2296,512.5185
2026/04/02@02:10:15,2297,512.3872
2026/04/02@02:10:16,2298,512.25276
2026/04/02@02:10:17,2299,512.1609
2026/04/02@02:10:18,2300,512.0336
2026/04/02@02:10:19,2301,511.9672
2026/04/02@02:10:20,2302,511.9268
2026/04/02@02:10:22,2304,511.7784
2026/04/02@02:10:23,2305,511.6755
2026/04/02@02:10:24,2306,511.5591
2026/04/02@02:10:25,2307,511.469832
2026/04/02@02:10:26,2308,511.3177
2026/04/02@02:10:27,2309,511.240136
2026/04/02@02:10:28,2310,511.164868
2026/04/02@02:10:29,2311,511.061336
2026/04/02@02:10:30,2312,510.978
2026/04/02@02:10:31,2313,510.865416
2026/04/02@02:10:32,2314,510.724068
2026/04/02@02:10:33,2315,510.642832
2026/04/02@02:10:35,2317,510.518968
2026/04/02@02:10:36,2318,510.47208
2026/04/02@02:10:37,2319,510.40414
2026/04/02@02:10:38,2320,510.3174
2026/04/02@02:10:39,2321,510.197936
2026/04/02@02:10:40,2322,510.0425
2026/04/02@02:10:41,2323,509.90348
2026/04/02@02:10:42,2324,509.8001
2026/04/02@02:10:43,2325,509.74692
2026/04/02@02:10:44,2326,509.6593
2026/04/02@02:10:45,2327,509.53116
2026/04/02@02:10:47,2329,509.41856
2026/04/02@02:10:48,2330,509.318668
2026/04/02@02:10:49,2331,509.188668
2026/04/02@02:10:50,2332,509.13192
2026/04/02@02:10:51,2333,509.00668
2026/04/02@02:10:52,2334,508.90956
2026/04/02@02:10:53,2335,508.85852
2026/04/02@02:10:54,2336,508.7006
2026/04/02@02:10:55,2337,508.57948
2026/04/02@02:10:56,2338,508.456416
2026/04/02@02:10:57,2339,508.3298
2026/04/02@02:10:58,2340,508.24384
2026/04/02@02:10:59,2341,508.166368
2026/04/02@02:11:01,2343,507.9967
2026/04/02@02:11:02,2344,507.89524
2026/04/02@02:11:03,2345,507.76452
2026/04/02@02:11:04,2346,507.65296
2026/04/02@02:11:05,2347,507.50558
2026/04/02@02:11:06,2348,507.3957
2026/04/02@02:11:07,2349,507.2868
2026/04/02@02:11:08,2350,507.14564
2026/04/02@02:11:09,2351,507.08008
2026/04/02@02:11:10,2352,507.0001
2026/04/02@02:11:11,2353,506.88688
2026/04/02@02:11:13,2355,506.7589
2026/04/02@02:11:14,2356,506.62556
2026/04/02@02:11:15,2357,506.46556
2026/04/02@02:11:16,2358,506.3744
2026/04/02@02:11:17,2359,506.31664
2026/04/02@02:11:18,2360,506.192368
2026/04/02@02:11:19,2361,506.1037
2026/04/02@02:11:20,2362,506.01844
2026/04/02@02:11:21,2363,505.899384
2026/04/02@02:11:22,2364,505.7557
2026/04/02@02:11:23,2365,505.65964
2026/04/02@02:11:24,2366,505.5697
2026/04/02@02:11:26,2368,505.42564
2026/04/02@02:11:27,2369,505.3721
2026/04/02@02:11:28,2370,505.2282
2026/04/02@02:11:29,2371,505.08844
2026/04/02@02:11:30,2372,504.99752
2026/04/02@02:11:31,2373,504.892068
2026/04/02@02:11:32,2374,504.7217
2026/04/02@02:11:33,2375,504.59512
2026/04/02@02:11:34,2376,504.4768
2026/04/02@02:11:35,2377,504.35156
2026/04/02@02:11:36,2378,504.22708
2026/04/02@02:11:37,2379,504.17296
2026/04/02@02:11:39,2381,504.0755
2026/04/02@02:11:40,2382,503.97596
2026/04/02@02:11:41,2383,503.86896
2026/04/02@02:11:42,2384,503.77916
2026/04/02@02:11:43,2385,503.60468
2026/04/02@02:11:44,2386,503.50648
2026/04/02@02:11:45,2387,503.35104
2026/04/02@02:11:46,2388,503.2614
2026/04/02@02:11:47,2389,503.0769
2026/04/02@02:11:48,2390,502.9735
2026/04/02@02:11:49,2391,502.81696
2026/04/02@02:11:50,2392,502.67508
2026/04/02@02:11:52,2394,502.55444
2026/04/02@02:11:53,2395,502.428336
2026/04/02@02:11:54,2396,502.337736
2026/04/02@02:11:55,2397,502.20616
2026/04/02@02:11:56,2398,502.107
2026/04/02@02:11:57,2399,501.968032
2026/04/02@02:11:58,2400,501.815584
2026/04/02@02:11:59,2401,501.66052
2026/04/02@02:12:00,2402,501.560436
2026/04/02@02:12:01,2403,501.4318
2026/04/02@02:12:02,2404,501.29992
2026/04/02@02:12:03,2405,501.199232
2026/04/02@02:12:05,2407,501.07148
2026/04/02@02:12:06,2408,500.96136
2026/04/02@02:12:07,2409,500.85324
2026/04/02@02:12:08,2410,500.6836
2026/04/02@02:12:09,2411,500.557336
2026/04/02@02:12:10,2412,500.4237
2026/04/02@02:12:11,2413,500.3068
2026/04/02@02:12:12,2414,500.2066
2026/04/02@02:12:13,2415,500.05928
2026/04/02@02:12:14,2416,499.9085
2026/04/02@02:12:15,2417,499.78472
2026/04/02@02:12:16,2418,499.67848
2026/04/02@02:12:18,2420,499.554
2026/04/02@02:12:19,2421,499.479232
2026/04/02@02:12:20,2422,499.39824
2026/04/02@02:12:21,2423,499.329632
2026/04/02@02:12:22,2424,499.22156
2026/04/02@02:12:23,2425,499.10796
2026/04/02@02:12:24,2426,498.9054
2026/04/02@02:12:25,2427,498.78204
2026/04/02@02:12:26,2428,498.60176
2026/04/02@02:12:27,2429,498.453568
2026/04/02@02:12:28,2430,498.34828
2026/04/02@02:12:29,2431,498.1954
2026/04/02@02:12:31,2433,498.03936
2026/04/02@02:12:32,2434,497.796136
2026/04/02@02:12:33,2435,497.6431
2026/04/02@02:12:34,2436,497.525032
2026/04/02@02:12:35,2437,497.3751
2026/04/02@02:12:36,2438,497.25232
2026/04/02@02:12:37,2439,497.10684
2026/04/02@02:12:38,2440,496.93736
2026/04/02@02:12:39,2441,496.7128
2026/04/02@02:12:40,2442,496.6018
2026/04/02@02:12:41,2443,496.47264
2026/04/02@02:12:42,2444,496.26744
2026/04/02@02:12:44,2446,496.13968
2026/04/02@02:12:45,2447,496.00626
2026/04/02@02:12:46,2448,495.8575
2026/04/02@02:12:47,2449,495.726
2026/04/02@02:12:48,2450,495.5488
2026/04/02@02:12:49,2451,495.401
2026/04/02@02:12:50,2452,495.233968
2026/04/02@02:12:51,2453,495.12068
2026/04/02@02:12:52,2454,494.9664
2026/04/02@02:12:53,2455,494.78624
2026/04/02@02:12:54,2456,494.67728
2026/04/02@02:12:55,2457,494.5121
2026/04/02@02:12:57,2459,494.37488
2026/04/02@02:12:58,2460,494.2295
2026/04/02@02:12:59,2461,494.02344
2026/04/02@02:13:00,2462,493.8559
2026/04/02@02:13:01,2463,493.682336
2026/04/02@02:13:02,2464,493.543068
2026/04/02@02:13:03,2465,493.357
2026/04/02@02:13:04,2466,493.222768
2026/04/02@02:13:05,2467,493.01288
2026/04/02@02:13:06,2468,492.8679
2026/04/02@02:13:07,2469,492.7278
2026/04/02@02:13:08,2470,492.5864
2026/04/02@02:13:10,2472,492.416
2026/04/02@02:13:11,2473,492.260384
2026/04/02@02:13:12,2474,492.0949
2026/04/02@02:13:13,2475,491.93776
2026/04/02@02:13:14,2476,491.7725
2026/04/02@02:13:15,2477,491.5691
2026/04/02@02:13:16,2478,491.3736
2026/04/02@02:13:17,2479,491.2592
2026/04/02@02:13:18,2480,491.05524
2026/04/02@02:13:19,2481,490.85396
2026/04/02@02:13:20,2482,490.66292
2026/04/02@02:13:21,2483,490.45232
2026/04/02@02:13:23,2485,490.26312
2026/04/02@02:13:24,2486,490.124832
2026/04/02@02:13:25,2487,489.94296
2026/04/02@02:13:26,2488,489.73284
2026/04/02@02:13:27,2489,489.6235
2026/04/02@02:13:28,2490,489.41912
2026/04/02@02:13:29,2491,489.25332
2026/04/02@02:13:30,2492,489.0593
2026/04/02@02:13:31,2493,488.8375
2026/04/02@02:13:32,2494,488.6585
2026/04/02@02:13:33,2495,488.477032
2026/04/02@02:13:34,2496,488.2852
2026/04/02@02:13:36,2498,488.12636
2026/04/02@02:13:37,2499,487.98304
2026/04/02@02:13:38,2500,487.833632
2026/04/02@02:13:39,2501,487.65736
2026/04/02@02:13:40,2502,487.4371
2026/04/02@02:13:41,2503,487.1897
2026/04/02@02:13:42,2504,486.9319
2026/04/02@02:13:43,2505,486.69592
2026/04/02@02:13:44,2506,486.446136
2026/04/02@02:13:45,2507,486.1927
2026/04/02@02:13:46,2508,486.008936
2026/04/02@02:13:47,2509,485.76676
2026/04/02@02:13:49,2511,485.51152
2026/04/02@02:13:50,2512,485.2909
2026/04/02@02:13:51,2513,485.03944
2026/04/02@02:13:52,2514,484.768868
2026/04/02@02:13:53,2515,484.48812
2026/04/02@02:13:54,2516,484.21976
2026/04/02@02:13:55,2517,483.980736
2026/04/02@02:13:56,2518,483.62664
2026/04/02@02:13:57,2519,483.29788
2026/04/02@02:13:58,2520,482.98828
2026/04/02@02:13:59,2521,482.685936
2026/04/02@02:14:00,2522,482.34392
2026/04/02@02:14:02,2524,481.94192
2026/04/02@02:14:03,2525,481.55016
2026/04/02@02:14:04,2526,481.14272
2026/04/02@02:14:05,2527,480.76836
2026/04/02@02:14:06,2528,480.48972
2026/04/02@02:14:07,2529,480.19716
2026/04/02@02:14:08,2530,479.9225
2026/04/02@02:14:09,2531,479.69364
2026/04/02@02:14:10,2532,479.410836
2026/04/02@02:14:11,2533,479.13492
2026/04/02@02:14:12,2534,478.907768
2026/04/02@02:14:13,2535,478.5939
2026/04/02@02:14:15,2537,478.287
2026/04/02@02:14:16,2538,477.99216
2026/04/02@02:14:17,2539,477.6295
2026/04/02@02:14:18,2540,477.2711
2026/04/02@02:14:19,2541,476.850216
2026/04/02@02:14:20,2542,476.44708
2026/04/02@02:14:21,2543,476.05488
2026/04/02@02:14:22,2544,475.67358
2026/04/02@02:14:23,2545,475.32376
2026/04/02@02:14:24,2546,474.98952
2026/04/02@02:14:25,2547,474.6549
2026/04/02@02:14:26,2548,474.275552
2026/04/02@02:14:28,2550,473.96348
2026/04/02@02:14:29,2551,473.5618
2026/04/02@02:14:30,2552,473.20944
2026/04/02@02:14:31,2553,472.83324
2026/04/02@02:14:32,2554,472.49524
2026/04/02@02:14:33,2555,472.06944
2026/04/02@02:14:34,2556,471.65524
2026/04/02@02:14:35,2557,471.30524
2026/04/02@02:14:36,2558,470.843768
2026/04/02@02:14:37,2559,470.423584
2026/04/02@02:14:38,2560,470.0435
2026/04/02@02:14:39,2561,469.6475
2026/04/02@02:14:41,2563,469.23852
2026/04/02@02:14:42,2564,468.8636
2026/04/02@02:14:43,2565,468.52384
2026/04/02@02:14:44,2566,468.10772
2026/04/02@02:14:45,2567,467.67576
2026/04/02@02:14:46,2568,467.34776
2026/04/02@02:14:47,2569,466.8588
2026/04/02@02:14:48,2570,466.43444
2026/04/02@02:14:49,2571,466.029
2026/04/02@02:14:50,2572,465.64984
2026/04/02@02:14:51,2573,465.2208
2026/04/02@02:14:52,2574,464.82672
2026/04/02@02:14:54,2576,464.39124
2026/04/02@02:14:55,2577,463.96844
2026/04/02@02:14:56,2578,463.5996
2026/04/02@02:14:57,2579,463.1343
2026/04/02@02:14:58,2580,462.74168
2026/04/02@02:14:59,2581,462.317032
2026/04/02@02:15:00,2582,461.85784
2026/04/02@02:15:01,2583,461.41396
2026/04/02@02:15:02,2584,461.02692
2026/04/02@02:15:03,2585,460.628536
2026/04/02@02:15:04,2586,460.2199
2026/04/02@02:15:05,2587,459.78388
2026/04/02@02:15:07,2589,459.4171
2026/04/02@02:15:08,2590,458.9971
2026/04/02@02:15:09,2591,458.6233
2026/04/02@02:15:10,2592,458.2123
2026/04/02@02:15:11,2593,457.8039
2026/04/02@02:15:12,2594,457.44556
2026/04/02@02:15:13,2595,457.0132
2026/04/02@02:15:14,2596,456.531616
2026/04/02@02:15:15,2597,456.1518
2026/04/02@02:15:16,2598,455.70204
2026/04/02@02:15:17,2599,455.34568
2026/04/02@02:15:18,2600,454.93428
2026/04/02@02:15:20,2602,454.563016
2026/04/02@02:15:21,2603,454.17108
2026/04/02@02:15:22,2604,453.77516
2026/04/02@02:15:23,2605,453.46104
2026/04/02@02:15:24,2606,453.1309
2026/04/02@02:15:25,2607,452.7468
2026/04/02@02:15:26,2608,452.412268
2026/04/02@02:15:27,2609,452.09764
2026/04/02@02:15:28,2610,451.7148
2026/04/02@02:15:29,2611,451.3671
2026/04/02@02:15:30,2612,450.93668
2026/04/02@02:15:31,2613,450.5633
2026/04/02@02:15:33,2615,450.17444
2026/04/02@02:15:34,2616,449.7736
2026/04/02@02:15:35,2617,449.423968
2026/04/02@02:15:36,2618,449.0247
2026/04/02@02:15:37,2619,448.63928
2026/04/02@02:15:38,2620,448.246036
2026/04/02@02:15:39,2621,447.8083
2026/04/02@02:15:40,2622,447.430432
2026/04/02@02:15:41,2623,446.998136
2026/04/02@02:15:42,2624,446.5159
2026/04/02@02:15:43,2625,446.12248
2026/04/02@02:15:44,2626,445.63644
2026/04/02@02:15:46,2628,445.242736
2026/04/02@02:15:47,2629,444.8
2026/04/02@02:15:48,2630,444.36
2026/04/02@02:15:49,2631,443.956432
2026/04/02@02:15:50,2632,443.48328
2026/04/02@02:15:51,2633,443.059136
2026/04/02@02:15:52,2634,442.66016
2026/04/02@02:15:53,2635,442.302968
2026/04/02@02:15:54,2636,441.92132
2026/04/02@02:15:55,2637,441.4542
2026/04/02@02:15:56,2638,441.092616
2026/04/02@02:15:57,2639,440.74404
2026/04/02@02:15:59,2641,440.3562
2026/04/02@02:16:00,2642,439.94832
2026/04/02@02:16:01,2643,439.59288
2026/04/02@02:16:02,2644,439.25472
2026/04/02@02:16:03,2645,438.80444
2026/04/02@02:16:04,2646,438.46976
2026/04/02@02:16:05,2647,438.07632
2026/04/02@02:16:06,2648,437.65736
2026/04/02@02:16:07,2649,437.26148
2026/04/02@02:16:08,2650,436.91076
2026/04/02@02:16:09,2651,436.395432
2026/04/02@02:16:10,2652,435.993632
2026/04/02@02:16:12,2654,435.61852
2026/04/02@02:16:13,2655,435.261152
2026/04/02@02:16:14,2656,434.918584
2026/04/02@02:16:15,2657,434.52524
2026/04/02@02:16:16,2658,434.18976
2026/04/02@02:16:17,2659,433.8263
2026/04/02@02:16:18,2660,433.492
2026/04/02@02:16:19,2661,433.12324
2026/04/02@02:16:20,2662,432.76784
2026/04/02@02:16:21,2663,432.4336
2026/04/02@02:16:22,2664,432.1045
2026/04/02@02:16:23,2665,431.702936
2026/04/02@02:16:25,2667,431.2849
2026/04/02@02:16:26,2668,430.952068
2026/04/02@02:16:27,2669,430.64932
2026/04/02@02:16:28,2670,430.20704
2026/04/02@02:16:29,2671,429.82492
2026/04/02@02:16:30,2672,429.46936
2026/04/02@02:16:31,2673,429.0579
2026/04/02@02:16:32,2674,428.75964
2026/04/02@02:16:33,2675,428.41436
2026/04/02@02:16:34,2676,428.06316
2026/04/02@02:16:35,2677,427.6957
2026/04/02@02:16:36,2678,427.324436
2026/04/02@02:16:38,2680,427.020536
2026/04/02@02:16:39,2681,426.65544
2026/04/02@02:16:40,2682,426.216984
2026/04/02@02:16:41,2683,425.84292
2026/04/02@02:16:42,2684,425.480368
2026/04/02@02:16:43,2685,425.104232
2026/04/02@02:16:44,2686,424.72896
2026/04/02@02:16:45,2687,424.35936
2026/04/02@02:16:46,2688,424.00612
2026/04/02@02:16:47,2689,423.5986
2026/04/02@02:16:48,2690,423.26448
2026/04/02@02:16:49,2691,422.94256
2026/04/02@02:16:51,2693,422.54172
2026/04/02@02:16:52,2694,422.229216
2026/04/02@02:16:53,2695,421.90512
2026/04/02@02:16:54,2696,421.52336
2026/04/02@02:16:55,2697,421.15656
2026/04/02@02:16:56,2698,420.81528
2026/04/02@02:16:57,2699,420.4559
2026/04/02@02:16:58,2700,420.1395
2026/04/02@02:16:59,2701,419.72084
2026/04/02@02:17:00,2702,419.382768
2026/04/02@02:17:01,2703,419.011268
2026/04/02@02:17:02,2704,418.6807
2026/04/02@02:17:04,2706,418.3464
2026/04/02@02:17:05,2707,417.952416
2026/04/02@02:17:06,2708,417.59924
2026/04/02@02:17:07,2709,417.242468
2026/04/02@02:17:08,2710,416.915868
2026/04/02@02:17:09,2711,416.58664
2026/04/02@02:17:10,2712,416.2832
2026/04/02@02:17:11,2713,415.90216
2026/04/02@02:17:12,2714,415.617232
2026/04/02@02:17:13,2715,415.29116
2026/04/02@02:17:14,2716,414.98076
2026/04/02@02:17:15,2717,414.6599
2026/04/02@02:17:17,2719,414.35864
2026/04/02@02:17:18,2720,414.05092
2026/04/02@02:17:19,2721,413.72096
2026/04/02@02:17:20,2722,413.3708
2026/04/02@02:17:21,2723,413.05292
2026/04/02@02:17:22,2724,412.757
2026/04/02@02:17:23,2725,412.423232
2026/04/02@02:17:24,2726,412.07696
2026/04/02@02:17:25,2727,411.75584
2026/04/02@02:17:26,2728,411.48256
2026/04/02@02:17:27,2729,411.16256
2026/04/02@02:17:28,2730,410.7592
2026/04/02@02:17:30,2732,410.4735
2026/04/02@02:17:31,2733,410.0862
2026/04/02@02:17:32,2734,409.79564
2026/04/02@02:17:33,2735,409.39924
2026/04/02@02:17:34,2736,409.0968
2026/04/02@02:17:35,2737,408.7835
2026/04/02@02:17:36,2738,408.385232
2026/04/02@02:17:37,2739,408.102768
2026/04/02@02:17:38,2740,407.85712
2026/04/02@02:17:39,2741,407.47084
2026/04/02@02:17:40,2742,407.2242
2026/04/02@02:17:41,2743,406.94656
2026/04/02@02:17:43,2745,406.69056
2026/04/02@02:17:44,2746,406.468668
2026/04/02@02:17:45,2747,406.176936
2026/04/02@02:17:46,2748,405.76288
2026/04/02@02:17:47,2749,405.507016
2026/04/02@02:17:48,2750,405.18372
2026/04/02@02:17:49,2751,404.82188
2026/04/02@02:17:50,2752,404.50236
2026/04/02@02:17:51,2753,404.249
2026/04/02@02:17:52,2754,403.9344
2026/04/02@02:17:53,2755,403.54908
2026/04/02@02:17:55,2756,403.262536
2026/04/02@02:17:56,2758,402.98768
2026/04/02@02:17:57,2759,402.69684
2026/04/02@02:17:58,2760,402.3742
2026/04/02@02:17:59,2761,402.058
2026/04/02@02:18:00,2762,401.770136
2026/04/02@02:18:01,2763,401.49
2026/04/02@02:18:02,2764,401.213
2026/04/02@02:18:03,2765,400.94124
2026/04/02@02:18:04,2766,400.5646
2026/04/02@02:18:05,2767,400.2323
2026/04/02@02:18:06,2768,399.9748
2026/04/02@02:18:07,2769,399.59164
2026/04/02@02:18:09,2771,399.2234
2026/04/02@02:18:10,2772,398.917832
2026/04/02@02:18:11,2773,398.598668
2026/04/02@02:18:12,2774,398.356
2026/04/02@02:18:13,2775,398.050784
2026/04/02@02:18:14,2776,397.78052
2026/04/02@02:18:15,2777,397.482168
2026/04/02@02:18:16,2778,397.20944
2026/04/02@02:18:17,2779,396.96888
2026/04/02@02:18:18,2780,396.7114
2026/04/02@02:18:19,2781,396.44656
2026/04/02@02:18:20,2782,396.2094
2026/04/02@02:18:22,2784,395.94324
2026/04/02@02:18:23,2785,395.53854
2026/04/02@02:18:24,2786,395.25464
2026/04/02@02:18:25,2787,394.964032
2026/04/02@02:18:26,2788,394.6514
2026/04/02@02:18:27,2789,394.36852
2026/04/02@02:18:28,2790,394.076268
2026/04/02@02:18:29,2791,393.7874
2026/04/02@02:18:30,2792,393.51664
2026/04/02@02:18:31,2793,393.24028
2026/04/02@02:18:32,2794,392.90192
2026/04/02@02:18:34,2795,392.644768
2026/04/02@02:18:35,2797,392.298968
2026/04/02@02:18:36,2798,392.0448
2026/04/02@02:18:37,2799,391.64324
2026/04/02@02:18:38,2800,391.3503
2026/04/02@02:18:39,2801,391.08876
2026/04/02@02:18:40,2802,390.7686
2026/04/02@02:18:41,2803,390.400832
2026/04/02@02:18:42,2804,390.0967
2026/04/02@02:18:43,2805,389.8015
2026/04/02@02:18:44,2806,389.47184
2026/04/02@02:18:45,2807,389.124432
2026/04/02@02:18:47,2808,388.849068
2026/04/02@02:18:48,2810,388.585136
2026/04/02@02:18:49,2811,388.29768
2026/04/02@02:18:50,2812,388.04364
2026/04/02@02:18:51,2813,387.6885
2026/04/02@02:18:52,2814,387.4665
2026/04/02@02:18:53,2815,387.09804
2026/04/02@02:18:54,2816,386.842736
2026/04/02@02:18:55,2817,386.559136
2026/04/02@02:18:56,2818,386.26784
2026/04/02@02:18:57,2819,385.947016
2026/04/02@02:18:58,2820,385.62556
2026/04/02@02:19:00,2822,385.259468
2026/04/02@02:19:01,2823,385.01524
2026/04/02@02:19:02,2824,384.7225
2026/04/02@02:19:03,2825,384.43956
2026/04/02@02:19:04,2826,384.1793
2026/04/02@02:19:05,2827,383.87176
2026/04/02@02:19:06,2828,383.5831
2026/04/02@02:19:07,2829,383.254584
2026/04/02@02:19:08,2830,382.9818
2026/04/02@02:19:09,2831,382.63472
2026/04/02@02:19:10,2832,382.37332
2026/04/02@02:19:11,2833,382.021168
2026/04/02@02:19:13,2835,381.74476
2026/04/02@02:19:14,2836,381.410336
2026/04/02@02:19:15,2837,381.16208
2026/04/02@02:19:16,2838,380.8092
2026/04/02@02:19:17,2839,380.535336
2026/04/02@02:19:18,2840,380.15216
2026/04/02@02:19:19,2841,379.84412
2026/04/02@02:19:20,2842,379.52064
2026/04/02@02:19:21,2843,379.194036
2026/04/02@02:19:22,2844,378.88656
2026/04/02@02:19:23,2845,378.58492
2026/04/02@02:19:24,2846,378.300532
2026/04/02@02:19:26,2848,377.9297
2026/04/02@02:19:27,2849,377.60656
2026/04/02@02:19:28,2850,377.33234
2026/04/02@02:19:29,2851,376.997216
2026/04/02@02:19:30,2852,376.640768
2026/04/02@02:19:31,2853,376.34428
2026/04/02@02:19:32,2854,376.01408
2026/04/02@02:19:33,2855,375.69196
2026/04/02@02:19:34,2856,375.32956
2026/04/02@02:19:35,2857,375.00136
2026/04/02@02:19:36,2858,374.7303
2026/04/02@02:19:37,2859,374.38912
2026/04/02@02:19:39,2861,374.12584
2026/04/02@02:19:40,2862,373.87384
2026/04/02@02:19:41,2863,373.61408
2026/04/02@02:19:42,2864,373.349168
2026/04/02@02:19:43,2865,373.03936
2026/04/02@02:19:44,2866,372.785868
2026/04/02@02:19:45,2867,372.468768
2026/04/02@02:19:46,2868,372.22248
2026/04/02@02:19:47,2869,371.89756
2026/04/02@02:19:48,2870,371.57804
2026/04/02@02:19:49,2871,371.27676
2026/04/02@02:19:50,2872,371.0268
2026/04/02@02:19:52,2874,370.78888
2026/04/02@02:19:53,2875,370.447016
2026/04/02@02:19:54,2876,370.102432
2026/04/02@02:19:55,2877,369.8238
2026/04/02@02:19:56,2878,369.53204
2026/04/02@02:19:57,2879,369.2768
2026/04/02@02:19:58,2880,368.98144
2026/04/02@02:19:59,2881,368.62616
2026/04/02@02:20:00,2882,368.36524
2026/04/02@02:20:01,2883,368.06164
2026/04/02@02:20:02,2884,367.7856
2026/04/02@02:20:03,2885,367.54572
2026/04/02@02:20:05,2887,367.24736
2026/04/02@02:20:06,2888,366.917168
2026/04/02@02:20:07,2889,366.6177
2026/04/02@02:20:08,2890,366.33088
2026/04/02@02:20:09,2891,366.044336
2026/04/02@02:20:10,2892,365.73092
2026/04/02@02:20:11,2893,365.46624
2026/04/02@02:20:12,2894,365.11548
2026/04/02@02:20:13,2895,364.81664
2026/04/02@02:20:14,2896,364.50504
2026/04/02@02:20:15,2897,364.179
2026/04/02@02:20:16,2898,363.9305
2026/04/02@02:20:18,2900,363.6691
2026/04/02@02:20:19,2901,363.3477
2026/04/02@02:20:20,2902,363.08132
2026/04/02@02:20:21,2903,362.83816
2026/04/02@02:20:22,2904,362.5894
2026/04/02@02:20:23,2905,362.29236
2026/04/02@02:20:24,2906,362.0114
2026/04/02@02:20:25,2907,361.684432
2026/04/02@02:20:26,2908,361.4471
2026/04/02@02:20:27,2909,361.1639
2026/04/02@02:20:28,2910,360.903132
2026/04/02@02:20:29,2911,360.60788
2026/04/02@02:20:31,2913,360.3373
2026/04/02@02:20:32,2914,359.99376
2026/04/02@02:20:33,2915,359.74976
2026/04/02@02:20:34,2916,359.5151
2026/04/02@02:20:35,2917,359.248768
2026/04/02@02:20:36,2918,358.96636
2026/04/02@02:20:37,2919,358.7482
2026/04/02@02:20:38,2920,358.46444
2026/04/02@02:20:39,2921,358.22832
2026/04/02@02:20:40,2922,357.9641
2026/04/02@02:20:41,2923,357.6754
2026/04/02@02:20:42,2924,357.38476
2026/04/02@02:20:44,2926,357.1169
2026/04/02@02:20:45,2927,356.83776
2026/04/02@02:20:46,2928,356.4946
2026/04/02@02:20:47,2929,356.2497
2026/04/02@02:20:48,2930,355.96396
2026/04/02@02:20:49,2931,355.6764
2026/04/02@02:20:50,2932,355.43996
2026/04/02@02:20:51,2933,355.1471
2026/04/02@02:20:52,2934,354.8875
2026/04/02@02:20:53,2935,354.63556
2026/04/02@02:20:54,2936,354.402836
2026/04/02@02:20:55,2937,354.16516
2026/04/02@02:20:57,2939,353.9022
2026/04/02@02:20:58,2940,353.6118
2026/04/02@02:20:59,2941,353.37624
2026/04/02@02:21:00,2942,353.095332
2026/04/02@02:21:01,2943,352.84784
2026/04/02@02:21:02,2944,352.54732
2026/04/02@02:21:03,2945,352.25476
2026/04/02@02:21:04,2946,351.975968
2026/04/02@02:21:05,2947,351.6886
2026/04/02@02:21:06,2948,351.38884
2026/04/02@02:21:07,2949,351.098536
2026/04/02@02:21:08,2950,350.802336
2026/04/02@02:21:10,2952,350.57964
2026/04/02@02:21:11,2953,350.217736
2026/04/02@02:21:12,2954,349.924384
2026/04/02@02:21:13,2955,349.61728
2026/04/02@02:21:14,2956,349.344184
2026/04/02@02:21:15,2957,349.03204
2026/04/02@02:21:16,2958,348.7473
2026/04/02@02:21:17,2959,348.36436
2026/04/02@02:21:18,2960,348.10516
2026/04/02@02:21:19,2961,347.80508
2026/04/02@02:21:20,2962,347.49496
2026/04/02@02:21:21,2963,347.24028
2026/04/02@02:21:23,2965,346.914036
2026/04/02@02:21:24,2966,346.55736
2026/04/02@02:21:25,2967,346.26952
2026/04/02@02:21:26,2968,345.9994
2026/04/02@02:21:27,2969,345.7362
2026/04/02@02:21:28,2970,345.49356
2026/04/02@02:21:29,2971,345.21176
2026/04/02@02:21:30,2972,344.924616
2026/04/02@02:21:31,2973,344.5756
2026/04/02@02:21:32,2974,344.31756
2026/04/02@02:21:33,2975,344.05172
2026/04/02@02:21:34,2976,343.76884
2026/04/02@02:21:36,2978,343.473952
2026/04/02@02:21:37,2979,343.2493
2026/04/02@02:21:38,2980,343.0218
2026/04/02@02:21:39,2981,342.7192
2026/04/02@02:21:40,2982,342.434
2026/04/02@02:21:41,2983,342.13592
2026/04/02@02:21:42,2984,341.84204
2026/04/02@02:21:43,2985,341.51324
2026/04/02@02:21:44,2986,341.27188
2026/04/02@02:21:45,2987,340.9393
2026/04/02@02:21:46,2988,340.63952
2026/04/02@02:21:47,2989,340.3829
2026/04/02@02:21:49,2991,340.07336
2026/04/02@02:21:50,2992,339.8705
2026/04/02@02:21:51,2993,339.50656
2026/04/02@02:21:52,2994,339.26544
2026/04/02@02:21:53,2995,338.98352
2026/04/02@02:21:54,2996,338.70136
2026/04/02@02:21:55,2997,338.4194
2026/04/02@02:21:56,2998,338.1048
2026/04/02@02:21:57,2999,337.81572
2026/04/02@02:21:58,3000,337.5271
2026/04/02@02:21:59,3001,337.2527
2026/04/02@02:22:00,3002,336.9446
2026/04/02@02:22:02,3004,336.7253
2026/04/02@02:22:03,3005,336.34596
2026/04/02@02:22:04,3006,336.06876
2026/04/02@02:22:05,3007,335.76868
2026/04/02@02:22:06,3008,335.52284
2026/04/02@02:22:07,3009,335.23422
2026/04/02@02:22:08,3010,334.886
2026/04/02@02:22:09,3011,334.55104
2026/04/02@02:22:10,3012,334.26956
2026/04/02@02:22:11,3013,334.00296
2026/04/02@02:22:12,3014,333.7182
2026/04/02@02:22:13,3015,333.4735
2026/04/02@02:22:15,3017,333.17588
2026/04/02@02:22:16,3018,332.9948
2026/04/02@02:22:17,3019,332.71146
2026/04/02@02:22:18,3020,332.4035
2026/04/02@02:22:19,3021,332.15624
2026/04/02@02:22:20,3022,331.88656
2026/04/02@02:22:21,3023,331.6586
2026/04/02@02:22:22,3024,331.40844
2026/04/02@02:22:23,3025,331.12904
2026/04/02@02:22:24,3026,330.85034
2026/04/02@02:22:25,3027,330.62224
2026/04/02@02:22:26,3028,330.36272
2026/04/02@02:22:28,3030,330.0736
2026/04/02@02:22:29,3031,329.78134
2026/04/02@02:22:30,3032,329.45588
2026/04/02@02:22:31,3033,329.189
2026/04/02@02:22:32,3034,328.9568
2026/04/02@02:22:33,3035,328.6165
2026/04/02@02:22:34,3036,328.3263
2026/04/02@02:22:35,3037,328.0232
2026/04/02@02:22:36,3038,327.73408
2026/04/02@02:22:37,3039,327.43338
2026/04/02@02:22:38,3040,327.09612
2026/04/02@02:22:39,3041,326.85948
2026/04/02@02:22:41,3043,326.58508
2026/04/02@02:22:42,3044,326.25568
2026/04/02@02:22:43,3045,325.96622
2026/04/02@02:22:44,3046,325.7022
2026/04/02@02:22:45,3047,325.37372
2026/04/02@02:22:46,3048,325.115
2026/04/02@02:22:47,3049,324.82294
2026/04/02@02:22:48,3050,324.4351
2026/04/02@02:22:49,3051,324.14588
2026/04/02@02:22:50,3052,323.876
2026/04/02@02:22:51,3053,323.5797
2026/04/02@02:22:52,3054,323.26566
2026/04/02@02:22:54,3056,323.00256
2026/04/02@02:22:55,3057,322.78112
2026/04/02@02:22:56,3058,322.51144
2026/04/02@02:22:57,3059,322.2525
2026/04/02@02:22:58,3060,321.96644
2026/04/02@02:22:59,3061,321.70104
2026/04/02@02:23:00,3062,321.4421
2026/04/02@02:23:01,3063,321.16196
2026/04/02@02:23:02,3064,320.88372
2026/04/02@02:23:03,3065,320.61296
2026/04/02@02:23:04,3066,320.29306
2026/04/02@02:23:05,3067,320.0513
2026/04/02@02:23:07,3069,319.79908
2026/04/02@02:23:08,3070,319.49506
2026/04/02@02:23:09,3071,319.1964
2026/04/02@02:23:10,3072,318.8629
2026/04/02@02:23:11,3073,318.61908
2026/04/02@02:23:12,3074,318.3149
2026/04/02@02:23:13,3075,318.10816
2026/04/02@02:23:14,3076,317.78378
2026/04/02@02:23:15,3077,317.47764
2026/04/02@02:23:16,3078,317.20848
2026/04/02@02:23:17,3079,316.9173
2026/04/02@02:23:18,3080,316.66254
2026/04/02@02:23:20,3082,316.42096
2026/04/02@02:23:21,3083,316.0917
2026/04/02@02:23:22,3084,315.84536
2026/04/02@02:23:23,3085,315.57556
2026/04/02@02:23:24,3086,315.2732
2026/04/02@02:23:25,3087,314.9942
2026/04/02@02:23:26,3088,314.72832
2026/04/02@02:23:27,3089,314.4703
2026/04/02@02:23:28,3090,314.1555
2026/04/02@02:23:29,3091,313.913
2026/04/02@02:23:30,3092,313.6558
2026/04/02@02:23:31,3093,313.4125
2026/04/02@02:23:33,3095,313.18208
2026/04/02@02:23:34,3096,312.92216
2026/04/02@02:23:35,3097,312.65836
2026/04/02@02:23:36,3098,312.4271
2026/04/02@02:23:37,3099,312.18308
2026/04/02@02:23:38,3100,311.9411
2026/04/02@02:23:39,3101,311.66332
2026/04/02@02:23:40,3102,311.4033
2026/04/02@02:23:41,3103,311.1853
2026/04/02@02:23:42,3104,310.8919
2026/04/02@02:23:43,3105,310.62804
2026/04/02@02:23:44,3106,310.38318
2026/04/02@02:23:46,3108,310.0758
2026/04/02@02:23:47,3109,309.83704
2026/04/02@02:23:48,3110,309.5569
2026/04/02@02:23:49,3111,309.24918
2026/04/02@02:23:50,3112,308.99496
2026/04/02@02:23:51,3113,308.78972
2026/04/02@02:23:52,3114,308.46132
2026/04/02@02:23:53,3115,308.22208
2026/04/02@02:23:54,3116,307.9631
2026/04/02@02:23:55,3117,307.6906
2026/04/02@02:23:56,3118,307.39892
2026/04/02@02:23:57,3119,307.12012
2026/04/02@02:23:58,3120,306.8167
2026/04/02@02:24:00,3122,306.54656
2026/04/02@02:24:01,3123,306.27568
2026/04/02@02:24:02,3124,305.98224
2026/04/02@02:24:03,3125,305.69812
2026/04/02@02:24:04,3126,305.41586
2026/04/02@02:24:05,3127,305.1846
2026/04/02@02:24:06,3128,304.88372
2026/04/02@02:24:07,3129,304.57404
2026/04/02@02:24:08,3130,304.27246
2026/04/02@02:24:09,3131,303.98296
2026/04/02@02:24:10,3132,303.67784
2026/04/02@02:24:12,3134,303.37552
2026/04/02@02:24:13,3135,303.11606
2026/04/02@02:24:14,3136,302.84624
2026/04/02@02:24:15,3137,302.56248
2026/04/02@02:24:16,3138,302.29216
2026/04/02@02:24:17,3139,302.00302
2026/04/02@02:24:18,3140,301.70874
2026/04/02@02:24:19,3141,301.44388
2026/04/02@02:24:20,3142,301.14384
2026/04/02@02:24:21,3143,300.7955
2026/04/02@02:24:22,3144,300.5067
2026/04/02@02:24:23,3145,300.2792
2026/04/02@02:24:25,3147,299.98836
2026/04/02@02:24:26,3148,299.72638
2026/04/02@02:24:27,3149,299.4183
2026/04/02@02:24:28,3150,299.09972
2026/04/02@02:24:29,3151,298.82346
2026/04/02@02:24:30,3152,298.56754
2026/04/02@02:24:31,3153,298.24988
2026/04/02@02:24:32,3154,298.00568
2026/04/02@02:24:33,3155,297.70886
2026/04/02@02:24:34,3156,297.45456
2026/04/02@02:24:35,3157,297.13632
2026/04/02@02:24:36,3158,296.85562
2026/04/02@02:24:38,3160,296.59016
2026/04/02@02:24:39,3161,296.26074
2026/04/02@02:24:40,3162,295.98232
2026/04/02@02:24:41,3163,295.7215
2026/04/02@02:24:42,3164,295.4494
2026/04/02@02:24:43,3165,295.15628
2026/04/02@02:24:44,3166,294.92992
2026/04/02@02:24:45,3167,294.68172
2026/04/02@02:24:46,3168,294.39868
2026/04/02@02:24:47,3169,294.09546
2026/04/02@02:24:48,3170,293.74326
2026/04/02@02:24:49,3171,293.51952
2026/04/02@02:24:51,3173,293.22598
2026/04/02@02:24:52,3174,292.9845
2026/04/02@02:24:53,3175,292.71732
2026/04/02@02:24:54,3176,292.47968
2026/04/02@02:24:55,3177,292.2257
2026/04/02@02:24:56,3178,291.9306
2026/04/02@02:24:57,3179,291.65536
2026/04/02@02:24:58,3180,291.41028
2026/04/02@02:24:59,3181,291.12094
2026/04/02@02:25:00,3182,290.86808
2026/04/02@02:25:01,3183,290.58282
2026/04/02@02:25:02,3184,290.35112
2026/04/02@02:25:04,3186,290.0519
2026/04/02@02:25:05,3187,289.89392
2026/04/02@02:25:06,3188,289.6584
2026/04/02@02:25:07,3189,289.49802
2026/04/02@02:25:08,3190,289.23218
2026/04/02@02:25:09,3191,288.9256
2026/04/02@02:25:10,3192,288.7075
2026/04/02@02:25:11,3193,288.4818
2026/04/02@02:25:12,3194,288.2025
2026/04/02@02:25:13,3195,287.9453
2026/04/02@02:25:14,3196,287.67104
2026/04/02@02:25:15,3197,287.4315
2026/04/02@02:25:17,3199,287.15604
2026/04/02@02:25:18,3200,286.878
2026/04/02@02:25:19,3201,286.7282
2026/04/02@02:25:20,3202,286.47174
2026/04/02@02:25:21,3203,286.3186
2026/04/02@02:25:22,3204,286.09164
2026/04/02@02:25:23,3205,285.98206
2026/04/02@02:25:24,3206,285.83142
2026/04/02@02:25:25,3207,285.66208
2026/04/02@02:25:26,3208,285.47764
2026/04/02@02:25:27,3209,285.3299
2026/04/02@02:25:28,3210,285.13224
2026/04/02@02:25:30,3212,284.98144
2026/04/02@02:25:31,3213,284.79462
2026/04/02@02:25:32,3214,284.61786
2026/04/02@02:25:33,3215,284.43816
2026/04/02@02:25:34,3216,284.24424
2026/04/02@02:25:35,3217,283.97868
2026/04/02@02:25:36,3218,283.6671
2026/04/02@02:25:37,3219,283.4827
2026/04/02@02:25:38,3220,283.23864
2026/04/02@02:25:39,3221,282.9778
2026/04/02@02:25:40,3222,282.6811
2026/04/02@02:25:41,3223,282.44278
2026/04/02@02:25:43,3225,282.24312
2026/04/02@02:25:44,3226,282.0782
2026/04/02@02:25:45,3227,281.84964
2026/04/02@02:25:46,3228,281.64618
2026/04/02@02:25:47,3229,281.4857
2026/04/02@02:25:48,3230,281.31552
2026/04/02@02:25:49,3231,281.12392
2026/04/02@02:25:50,3232,280.94254
2026/04/02@02:25:51,3233,280.784
2026/04/02@02:25:52,3234,280.6163
2026/04/02@02:25:53,3235,280.48092
2026/04/02@02:25:54,3236,280.35356
2026/04/02@02:25:56,3238,280.25592
2026/04/02@02:25:57,3239,280.07962
2026/04/02@02:25:58,3240,279.9619
2026/04/02@02:25:59,3241,279.81336
2026/04/02@02:26:00,3242,279.68152
2026/04/02@02:26:01,3243,279.5632
2026/04/02@02:26:02,3244,279.37622
2026/04/02@02:26:03,3245,279.2337
2026/04/02@02:26:04,3246,279.04642
2026/04/02@02:26:05,3247,278.9049
2026/04/02@02:26:06,3248,278.74764
2026/04/02@02:26:07,3249,278.53844
2026/04/02@02:26:09,3251,278.3859
2026/04/02@02:26:10,3252,278.17616
2026/04/02@02:26:11,3253,277.9975
2026/04/02@02:26:12,3254,277.8951
2026/04/02@02:26:13,3255,277.76264
2026/04/02@02:26:14,3256,277.58826
2026/04/02@02:26:15,3257,277.41702
2026/04/02@02:26:16,3258,277.2589
2026/04/02@02:26:17,3259,277.0721
2026/04/02@02:26:18,3260,276.93844
2026/04/02@02:26:19,3261,276.74144
2026/04/02@02:26:20,3262,276.61672
2026/04/02@02:26:22,3264,276.46208
2026/04/02@02:26:23,3265,276.29224
2026/04/02@02:26:24,3266,276.1815
2026/04/02@02:26:25,3267,276.11594
2026/04/02@02:26:26,3268,275.98758
2026/04/02@02:26:27,3269,275.83728
2026/04/02@02:26:28,3270,275.73892
2026/04/02@02:26:29,3271,275.5545
2026/04/02@02:26:30,3272,275.43432
2026/04/02@02:26:31,3273,275.30476
2026/04/02@02:26:32,3274,275.1986
2026/04/02@02:26:33,3275,275.042
2026/04/02@02:26:35,3277,274.92822
2026/04/02@02:26:36,3278,274.81836
2026/04/02@02:26:37,3279,274.73784
2026/04/02@02:26:38,3280,274.62442
2026/04/02@02:26:39,3281,274.50456
2026/04/02@02:26:40,3282,274.3657
2026/04/02@02:26:41,3283,274.24222
2026/04/02@02:26:42,3284,274.05368
2026/04/02@02:26:43,3285,273.89706
2026/04/02@02:26:44,3286,273.68476
2026/04/02@02:26:45,3287,273.48896
2026/04/02@02:26:46,3288,273.32656
2026/04/02@02:26:48,3290,273.18788
2026/04/02@02:26:49,3291,273.02924
2026/04/02@02:26:50,3292,272.82044
2026/04/02@02:26:51,3293,272.71484
2026/04/02@02:26:52,3294,272.55994
2026/04/02@02:26:53,3295,272.4844
2026/04/02@02:26:54,3296,272.33424
2026/04/02@02:26:55,3297,272.21312
2026/04/02@02:26:56,3298,272.11364
2026/04/02@02:26:57,3299,271.9691
2026/04/02@02:26:58,3300,271.8461
2026/04/02@02:26:59,3301,271.7218
2026/04/02@02:27:01,3303,271.6342
2026/04/02@02:27:02,3304,271.5029
2026/04/02@02:27:03,3305,271.4122
2026/04/02@02:27:04,3306,271.27734
2026/04/02@02:27:05,3307,271.14996
2026/04/02@02:27:06,3308,271.02246
2026/04/02@02:27:07,3309,270.93402
2026/04/02@02:27:08,3310,270.8094
2026/04/02@02:27:09,3311,270.71494
2026/04/02@02:27:10,3312,270.62168
2026/04/02@02:27:11,3313,270.48092
2026/04/02@02:27:12,3314,270.3299
2026/04/02@02:27:14,3316,270.2725
2026/04/02@02:27:15,3317,270.13782
2026/04/02@02:27:16,3318,270.08312
2026/04/02@02:27:17,3319,269.92874
2026/04/02@02:27:18,3320,269.8467
2026/04/02@02:27:19,3321,269.7786
2026/04/02@02:27:20,3322,269.62932
2026/04/02@02:27:21,3323,269.55916
2026/04/02@02:27:22,3324,269.3909
2026/04/02@02:27:23,3325,269.3233
2026/04/02@02:27:24,3326,269.20716
2026/04/02@02:27:25,3327,269.08536
2026/04/02@02:27:27,3329,268.94696
2026/04/02@02:27:28,3330,268.83026
2026/04/02@02:27:29,3331,268.70836
2026/04/02@02:27:30,3332,268.553
2026/04/02@02:27:31,3333,268.5158
2026/04/02@02:27:32,3334,268.37668
2026/04/02@02:27:33,3335,268.28366
2026/04/02@02:27:34,3336,268.2023
2026/04/02@02:27:35,3337,268.0946
2026/04/02@02:27:36,3338,267.96942
2026/04/02@02:27:37,3339,267.8208
2026/04/02@02:27:38,3340,267.7211
2026/04/02@02:27:40,3342,267.59222
2026/04/02@02:27:41,3343,267.5135
2026/04/02@02:27:42,3344,267.3538
2026/04/02@02:27:43,3345,267.28196
2026/04/02@02:27:44,3346,267.14728
2026/04/02@02:27:45,3347,267.07306
2026/04/02@02:27:46,3348,266.96738
2026/04/02@02:27:47,3349,266.87584
2026/04/02@02:27:48,3350,266.7884
2026/04/02@02:27:49,3351,266.6593
2026/04/02@02:27:50,3352,266.57028
2026/04/02@02:27:51,3353,266.46872
2026/04/02@02:27:53,3355,266.3592
2026/04/02@02:27:54,3356,266.26968
2026/04/02@02:27:55,3357,266.13364
2026/04/02@02:27:56,3358,266.05362
2026/04/02@02:27:57,3359,265.95392
2026/04/02@02:27:58,3360,265.86576
2026/04/02@02:27:59,3361,265.7615
2026/04/02@02:28:00,3362,265.64618
2026/04/02@02:28:01,3363,265.54952
2026/04/02@02:28:02,3364,265.44624
2026/04/02@02:28:03,3365,265.34484
2026/04/02@02:28:04,3366,265.23462
2026/04/02@02:28:06,3368,265.12628
2026/04/02@02:28:07,3369,265.0527
2026/04/02@02:28:08,3370,264.95724
2026/04/02@02:28:09,3371,264.8365
2026/04/02@02:28:10,3372,264.73728
2026/04/02@02:28:11,3373,264.6002
2026/04/02@02:28:12,3374,264.5158
2026/04/02@02:28:13,3375,264.43932
2026/04/02@02:28:14,3376,264.3539
2026/04/02@02:28:15,3377,264.26056
2026/04/02@02:28:16,3378,264.15768
2026/04/02@02:28:17,3379,264.02736
2026/04/02@02:28:19,3381,263.8939
2026/04/02@02:28:20,3382,263.7794
2026/04/02@02:28:21,3383,263.66934
2026/04/02@02:28:22,3384,263.50134
2026/04/02@02:28:23,3385,263.39688
2026/04/02@02:28:24,3386,263.29632
2026/04/02@02:28:25,3387,263.16084
2026/04/02@02:28:26,3388,263.04332
2026/04/02@02:28:27,3389,262.96774
2026/04/02@02:28:28,3390,262.84952
2026/04/02@02:28:29,3391,262.7828
2026/04/02@02:28:30,3392,262.63924
2026/04/02@02:28:32,3394,262.56128
2026/04/02@02:28:33,3395,262.46904
2026/04/02@02:28:34,3396,262.37476
2026/04/02@02:28:35,3397,262.26284
2026/04/02@02:28:36,3398,262.1453
2026/04/02@02:28:37,3399,262.05576
2026/04/02@02:28:38,3400,261.91324
2026/04/02@02:28:39,3401,261.74964
2026/04/02@02:28:40,3402,261.57524
2026/04/02@02:28:41,3403,261.3926
2026/04/02@02:28:42,3404,261.17156
2026/04/02@02:28:43,3405,260.9326
2026/04/02@02:28:45,3407,260.77404
2026/04/02@02:28:46,3408,260.5211
2026/04/02@02:28:47,3409,260.31488
2026/04/02@02:28:48,3410,260.1574
2026/04/02@02:28:49,3411,260.0151
2026/04/02@02:28:50,3412,259.8722
2026/04/02@02:28:51,3413,259.68362
2026/04/02@02:28:52,3414,259.5467
2026/04/02@02:28:53,3415,259.43252
2026/04/02@02:28:54,3416,259.2863
2026/04/02@02:28:55,3417,259.11856
2026/04/02@02:28:56,3418,258.98964
2026/04/02@02:28:58,3419,258.8502
2026/04/02@02:28:59,3421,258.7007
2026/04/02@02:29:00,3422,258.5833
2026/04/02@02:29:01,3423,258.4367
2026/04/02@02:29:02,3424,258.2889
2026/04/02@02:29:03,3425,258.14212
2026/04/02@02:29:04,3426,258.06024
2026/04/02@02:29:05,3427,257.97922
2026/04/02@02:29:06,3428,257.81376
2026/04/02@02:29:07,3429,257.76092
2026/04/02@02:29:08,3430,257.6461
2026/04/02@02:29:09,3431,257.49404
2026/04/02@02:29:11,3433,257.39756
2026/04/02@02:29:12,3434,257.2358
2026/04/02@02:29:13,3435,257.131
2026/04/02@02:29:14,3436,256.98576
2026/04/02@02:29:15,3437,256.8332
2026/04/02@02:29:16,3438,256.71004
2026/04/02@02:29:17,3439,256.5616
2026/04/02@02:29:18,3440,256.3728
2026/04/02@02:29:19,3441,256.1895
2026/04/02@02:29:20,3442,256.05988
2026/04/02@02:29:21,3443,255.87812
2026/04/02@02:29:22,3444,255.72944
2026/04/02@02:29:23,3445,255.5059
2026/04/02@02:29:25,3447,255.35044
2026/04/02@02:29:26,3448,255.08914
2026/04/02@02:29:27,3449,254.89734
2026/04/02@02:29:28,3450,254.725776
2026/04/02@02:29:29,3451,254.48348
2026/04/02@02:29:30,3452,254.259376
2026/04/02@02:29:31,3453,254.06314
2026/04/02@02:29:32,3454,253.83278
2026/04/02@02:29:33,3455,253.6148
2026/04/02@02:29:34,3456,253.311884
2026/04/02@02:29:35,3457,253.01814
2026/04/02@02:29:37,3458,252.78182
2026/04/02@02:29:38,3460,252.54008
2026/04/02@02:29:39,3461,252.36066
2026/04/02@02:29:40,3462,252.08696
2026/04/02@02:29:41,3463,251.85434
2026/04/02@02:29:42,3464,251.65998
2026/04/02@02:29:43,3465,251.4943
2026/04/02@02:29:44,3466,251.33022
2026/04/02@02:29:45,3467,251.201424
2026/04/02@02:29:46,3468,251.05156
2026/04/02@02:29:47,3469,250.97342
2026/04/02@02:29:48,3470,250.78672
2026/04/02@02:29:50,3472,250.66708
2026/04/02@02:29:51,3473,250.55074
2026/04/02@02:29:52,3474,250.435532
2026/04/02@02:29:53,3475,250.35058
2026/04/02@02:29:54,3476,250.23114
2026/04/02@02:29:55,3477,250.11864
2026/04/02@02:29:56,3478,250.00566
2026/04/02@02:29:57,3479,249.875344
2026/04/02@02:29:58,3480,249.76118
2026/04/02@02:29:59,3481,249.65632
2026/04/02@02:30:00,3482,249.57329
2026/04/02@02:30:01,3483,249.43838
2026/04/02@02:30:03,3485,249.33386
2026/04/02@02:30:04,3486,249.21322
2026/04/02@02:30:05,3487,249.11894
2026/04/02@02:30:06,3488,248.985232
2026/04/02@02:30:07,3489,248.90194
2026/04/02@02:30:08,3490,248.77846
2026/04/02@02:30:09,3491,248.66156
2026/04/02@02:30:10,3492,248.54688
2026/04/02@02:30:11,3493,248.42778
2026/04/02@02:30:12,3494,248.296944
2026/04/02@02:30:13,3495,248.170352
2026/04/02@02:30:14,3496,248.05804
2026/04/02@02:30:16,3498,247.91242
2026/04/02@02:30:17,3499,247.823932
2026/04/02@02:30:18,3500,247.69462
2026/04/02@02:30:19,3501,247.58554
2026/04/02@02:30:20,3502,247.4107
2026/04/02@02:30:21,3503,247.2943
2026/04/02@02:30:22,3504,247.16278
2026/04/02@02:30:23,3505,246.99542
2026/04/02@02:30:24,3506,246.85086
2026/04/02@02:30:25,3507,246.7258
2026/04/02@02:30:26,3508,246.6121
2026/04/02@02:30:27,3509,246.4378
2026/04/02@02:30:29,3511,246.28848
2026/04/02@02:30:30,3512,246.14504
2026/04/02@02:30:31,3513,246.04018
2026/04/02@02:30:32,3514,245.89982
2026/04/02@02:30:33,3515,245.79856
2026/04/02@02:30:34,3516,245.6511
2026/04/02@02:30:35,3517,245.53316
2026/04/02@02:30:36,3518,245.40332
2026/04/02@02:30:37,3519,245.32312
2026/04/02@02:30:38,3520,245.18434
2026/04/02@02:30:39,3521,245.08544
2026/04/02@02:30:40,3522,244.948144
2026/04/02@02:30:42,3524,244.77276
2026/04/02@02:30:43,3525,244.604568
2026/04/02@02:30:44,3526,244.45304
2026/04/02@02:30:45,3527,244.3042
2026/04/02@02:30:46,3528,244.13168
2026/04/02@02:30:47,3529,244.017668
2026/04/02@02:30:48,3530,243.8279
2026/04/02@02:30:49,3531,243.670136
2026/04/02@02:30:50,3532,243.46918
2026/04/02@02:30:51,3533,243.33156
2026/04/02@02:30:52,3534,243.099816
2026/04/02@02:30:53,3535,242.89926
2026/04/02@02:30:55,3537,242.70758
2026/04/02@02:30:56,3538,242.523384
2026/04/02@02:30:57,3539,242.29946
2026/04/02@02:30:58,3540,242.11098
2026/04/02@02:30:59,3541,241.84882
2026/04/02@02:31:00,3542,241.61892
2026/04/02@02:31:01,3543,241.43742
2026/04/02@02:31:02,3544,241.22742
2026/04/02@02:31:03,3545,241.01212
2026/04/02@02:31:04,3546,240.74994
2026/04/02@02:31:05,3547,240.519024
2026/04/02@02:31:06,3548,240.30574
2026/04/02@02:31:08,3550,240.11222
2026/04/02@02:31:09,3551,239.96214
2026/04/02@02:31:10,3552,239.75448
2026/04/02@02:31:11,3553,239.64848
2026/04/02@02:31:12,3554,239.5798
2026/04/02@02:31:13,3555,239.50774
2026/04/02@02:31:14,3556,239.32794
2026/04/02@02:31:15,3557,239.21358
2026/04/02@02:31:16,3558,239.12584
2026/04/02@02:31:17,3559,238.98648
2026/04/02@02:31:18,3560,238.89848
2026/04/02@02:31:19,3561,238.78866
2026/04/02@02:31:21,3563,238.676852
2026/04/02@02:31:22,3564,238.58864
2026/04/02@02:31:23,3565,238.4775
2026/04/02@02:31:24,3566,238.350516
2026/04/02@02:31:25,3567,238.20556
2026/04/02@02:31:26,3568,238.05092
2026/04/02@02:31:27,3569,237.93382
2026/04/02@02:31:28,3570,237.81112
2026/04/02@02:31:29,3571,237.6991
2026/04/02@02:31:30,3572,237.54178
2026/04/02@02:31:31,3573,237.48212
2026/04/02@02:31:32,3574,237.38574
2026/04/02@02:31:34,3576,237.233808
2026/04/02@02:31:35,3577,237.14102
2026/04/02@02:31:36,3578,237.04464
2026/04/02@02:31:37,3579,236.953744
2026/04/02@02:31:38,3580,236.839884
2026/04/02@02:31:39,3581,236.718052
2026/04/02@02:31:40,3582,236.66162
2026/04/02@02:31:41,3583,236.51292
2026/04/02@02:31:42,3584,236.468868
2026/04/02@02:31:43,3585,236.36776
2026/04/02@02:31:44,3586,236.26988
2026/04/02@02:31:46,3588,236.2083
2026/04/02@02:31:47,3589,236.05958
2026/04/02@02:31:48,3590,235.94128
2026/04/02@02:31:49,3591,235.850192
2026/04/02@02:31:50,3592,235.70556
2026/04/02@02:31:51,3593,235.577216
2026/04/02@02:31:52,3594,235.46674
2026/04/02@02:31:53,3595,235.3912
2026/04/02@02:31:54,3596,235.31254
2026/04/02@02:31:55,3597,235.21804
2026/04/02@02:31:56,3598,235.156516
2026/04/02@02:31:57,3599,235.079652
2026/04/02@02:31:59,3601,234.97008
2026/04/02@02:32:00,3602,234.89424
2026/04/02@02:32:01,3603,234.807068
2026/04/02@02:32:02,3604,234.69574
2026/04/02@02:32:03,3605,234.609068
2026/04/02@02:32:04,3606,234.547344
2026/04/02@02:32:05,3607,234.47964
2026/04/02@02:32:06,3608,234.37766
2026/04/02@02:32:07,3609,234.278932
2026/04/02@02:32:08,3610,234.1871
2026/04/02@02:32:09,3611,234.08274
2026/04/02@02:32:10,3612,233.94746
2026/04/02@02:32:12,3614,233.92416
2026/04/02@02:32:13,3615,233.7839
2026/04/02@02:32:14,3616,233.671508
2026/04/02@02:32:15,3617,233.63294
2026/04/02@02:32:16,3618,233.52938
2026/04/02@02:32:17,3619,233.41894
2026/04/02@02:32:18,3620,233.3409
2026/04/02@02:32:19,3621,233.237232
2026/04/02@02:32:20,3622,233.11858
2026/04/02@02:32:21,3623,232.951952
2026/04/02@02:32:22,3624,232.8461
2026/04/02@02:32:23,3625,232.79528
2026/04/02@02:32:25,3627,232.671376
2026/04/02@02:32:26,3628,232.5791
2026/04/02@02:32:27,3629,232.482
2026/04/02@02:32:28,3630,232.36284
2026/04/02@02:32:29,3631,232.27426
2026/04/02@02:32:30,3632,232.15138
2026/04/02@02:32:31,3633,232.06976
2026/04/02@02:32:32,3634,232.00316
2026/04/02@02:32:33,3635,231.8796
2026/04/02@02:32:34,3636,231.79532
2026/04/02@02:32:35,3637,231.68024
2026/04/02@02:32:36,3638,231.60986
2026/04/02@02:32:38,3640,231.51638
2026/04/02@02:32:39,3641,231.428016
2026/04/02@02:32:40,3642,231.308144
2026/04/02@02:32:41,3643,231.27994
2026/04/02@02:32:42,3644,231.20836
2026/04/02@02:32:43,3645,231.11316
2026/04/02@02:32:44,3646,231.02496
2026/04/02@02:32:45,3647,230.92145
2026/04/02@02:32:46,3648,230.82122
2026/04/02@02:32:47,3649,230.72856
2026/04/02@02:32:48,3650,230.647816
2026/04/02@02:32:49,3651,230.57266
2026/04/02@02:32:51,3653,230.48514
2026/04/02@02:32:52,3654,230.430384
2026/04/02@02:32:53,3655,230.302432
2026/04/02@02:32:54,3656,230.19348
2026/04/02@02:32:55,3657,230.08894
2026/04/02@02:32:56,3658,230.005316
2026/04/02@02:32:57,3659,229.9368
2026/04/02@02:32:58,3660,229.87222
2026/04/02@02:32:59,3661,229.77548
2026/04/02@02:33:00,3662,229.6915
2026/04/02@02:33:01,3663,229.53342
2026/04/02@02:33:02,3664,229.42444
2026/04/02@02:33:04,3666,229.333008
2026/04/02@02:33:05,3667,229.231484
2026/04/02@02:33:06,3668,229.143632
2026/04/02@02:33:07,3669,229.05896
2026/04/02@02:33:08,3670,229.01222
2026/04/02@02:33:09,3671,228.8941
2026/04/02@02:33:10,3672,228.79586
2026/04/02@02:33:11,3673,228.7333
2026/04/02@02:33:12,3674,228.62472
2026/04/02@02:33:13,3675,228.52694
2026/04/02@02:33:14,3676,228.46578
2026/04/02@02:33:15,3677,228.336616
2026/04/02@02:33:17,3679,228.22896
2026/04/02@02:33:18,3680,228.13942
2026/04/02@02:33:19,3681,228.01056
2026/04/02@02:33:20,3682,227.92436
2026/04/02@02:33:21,3683,227.76066
2026/04/02@02:33:22,3684,227.691
2026/04/02@02:33:23,3685,227.607332
2026/04/02@02:33:24,3686,227.45584
2026/04/02@02:33:25,3687,227.397232
2026/04/02@02:33:26,3688,227.3452
2026/04/02@02:33:27,3689,227.20632
2026/04/02@02:33:28,3690,227.09088
2026/04/02@02:33:30,3692,226.96406
2026/04/02@02:33:31,3693,226.939384
2026/04/02@02:33:32,3694,226.837252
2026/04/02@02:33:33,3695,226.76558
2026/04/02@02:33:34,3696,226.649108
2026/04/02@02:33:35,3697,226.58332
2026/04/02@02:33:36,3698,226.43536
2026/04/02@02:33:37,3699,226.3376
2026/04/02@02:33:38,3700,226.26836
2026/04/02@02:33:39,3701,226.178916
2026/04/02@02:33:40,3702,226.064652
2026/04/02@02:33:41,3703,226.0284
2026/04/02@02:33:43,3705,225.91264
2026/04/02@02:33:44,3706,225.8098
2026/04/02@02:33:45,3707,225.73326
2026/04/02@02:33:46,3708,225.62628
2026/04/02@02:33:47,3709,225.481744
2026/04/02@02:33:48,3710,225.39866
2026/04/02@02:33:49,3711,225.27792
2026/04/02@02:33:50,3712,225.2526
2026/04/02@02:33:51,3713,225.17606
2026/04/02@02:33:52,3714,225.08414
2026/04/02@02:33:53,3715,225.01816
2026/04/02@02:33:54,3716,224.89102
2026/04/02@02:33:56,3718,224.83386
2026/04/02@02:33:57,3719,224.73256
2026/04/02@02:33:58,3720,224.64176
2026/04/02@02:33:59,3721,224.56716
2026/04/02@02:34:00,3722,224.45446
2026/04/02@02:34:01,3723,224.3477
2026/04/02@02:34:02,3724,224.230584
2026/04/02@02:34:03,3725,224.16768
2026/04/02@02:34:04,3726,224.0789
2026/04/02@02:34:05,3727,224.01222
2026/04/02@02:34:06,3728,223.91006
2026/04/02@02:34:07,3729,223.820452
2026/04/02@02:34:09,3731,223.72288
2026/04/02@02:34:10,3732,223.6428
2026/04/02@02:34:11,3733,223.53622
2026/04/02@02:34:12,3734,223.4711
2026/04/02@02:34:13,3735,223.3907
2026/04/02@02:34:14,3736,223.244492
2026/04/02@02:34:15,3737,223.1566
2026/04/02@02:34:16,3738,223.11816
2026/04/02@02:34:17,3739,223.050368
2026/04/02@02:34:18,3740,222.971132
2026/04/02@02:34:19,3741,222.875084
2026/04/02@02:34:20,3742,222.72972
2026/04/02@02:34:22,3744,222.63694
2026/04/02@02:34:23,3745,222.54938
2026/04/02@02:34:24,3746,222.473716
2026/04/02@02:34:25,3747,222.3445
2026/04/02@02:34:26,3748,222.28992
2026/04/02@02:34:27,3749,222.18672
2026/04/02@02:34:28,3750,222.06806
2026/04/02@02:34:29,3751,221.96148
2026/04/02@02:34:30,3752,221.89377
2026/04/02@02:34:31,3753,221.78898
2026/04/02@02:34:32,3754,221.68172
2026/04/02@02:34:33,3755,221.64036
2026/04/02@02:34:35,3757,221.51492
2026/04/02@02:34:36,3758,221.43484
2026/04/02@02:34:37,3759,221.35902
2026/04/02@02:34:38,3760,221.28974
2026/04/02@02:34:39,3761,221.15164
2026/04/02@02:34:40,3762,221.116616
2026/04/02@02:34:41,3763,221.00742
2026/04/02@02:34:42,3764,220.915968
2026/04/02@02:34:43,3765,220.84168
2026/04/02@02:34:44,3766,220.75856
2026/04/02@02:34:45,3767,220.68358
2026/04/02@02:34:47,3768,220.623168
2026/04/02@02:34:48,3770,220.56954
2026/04/02@02:34:49,3771,220.40142
2026/04/02@02:34:50,3772,220.30704
2026/04/02@02:34:51,3773,220.1984
2026/04/02@02:34:52,3774,220.08496
2026/04/02@02:34:53,3775,220.02294
2026/04/02@02:34:54,3776,219.907268
2026/04/02@02:34:55,3777,219.83972
2026/04/02@02:34:56,3778,219.72358
2026/04/02@02:34:57,3779,219.64218
2026/04/02@02:34:58,3780,219.5435
2026/04/02@02:35:00,3782,219.46364
2026/04/02@02:35:01,3783,219.32624
2026/04/02@02:35:02,3784,219.20666
2026/04/02@02:35:03,3785,219.1767
2026/04/02@02:35:04,3786,219.0782
2026/04/02@02:35:05,3787,219.009808
2026/04/02@02:35:06,3788,218.94334
2026/04/02@02:35:07,3789,218.865316
2026/04/02@02:35:08,3790,218.7837
2026/04/02@02:35:09,3791,218.680976
2026/04/02@02:35:10,3792,218.61468
2026/04/02@02:35:11,3793,218.5441
2026/04/02@02:35:13,3795,218.466752
2026/04/02@02:35:14,3796,218.38754
2026/04/02@02:35:15,3797,218.31898
2026/04/02@02:35:16,3798,218.20438
2026/04/02@02:35:17,3799,218.12418
2026/04/02@02:35:18,3800,218.0191
2026/04/02@02:35:19,3801,217.9689
2026/04/02@02:35:20,3802,217.9038
2026/04/02@02:35:21,3803,217.812144
2026/04/02@02:35:22,3804,217.730532
2026/04/02@02:35:23,3805,217.6523
2026/04/02@02:35:24,3806,217.491852
2026/04/02@02:35:26,3808,217.36244
2026/04/02@02:35:27,3809,217.29102
2026/04/02@02:35:28,3810,217.201368
2026/04/02@02:35:29,3811,217.11766
2026/04/02@02:35:30,3812,217.03292
2026/04/02@02:35:31,3813,216.9338
2026/04/02@02:35:32,3814,216.8286
2026/04/02@02:35:33,3815,216.73318
2026/04/02@02:35:34,3816,216.639652
2026/04/02@02:35:35,3817,216.583016
2026/04/02@02:35:36,3818,216.47888
2026/04/02@02:35:37,3819,216.36386
2026/04/02@02:35:39,3821,216.2784
2026/04/02@02:35:40,3822,216.2066
2026/04/02@02:35:41,3823,216.1282
2026/04/02@02:35:42,3824,216.053908
2026/04/02@02:35:43,3825,215.93264
2026/04/02@02:35:44,3826,215.838608
2026/04/02@02:35:45,3827,215.71688
2026/04/02@02:35:46,3828,215.67902
2026/04/02@02:35:47,3829,215.61958
2026/04/02@02:35:48,3830,215.516832
2026/04/02@02:35:49,3831,215.44826
2026/04/02@02:35:50,3832,215.323616
2026/04/02@02:35:52,3834,215.16416
2026/04/02@02:35:53,3835,215.10972
2026/04/02@02:35:54,3836,215.017732
2026/04/02@02:35:55,3837,214.92926
2026/04/02@02:35:56,3838,214.84662
2026/04/02@02:35:57,3839,214.75598
2026/04/02@02:35:58,3840,214.6571
2026/04/02@02:35:59,3841,214.57724
2026/04/02@02:36:00,3842,214.49966
2026/04/02@02:36:01,3843,214.40136
2026/04/02@02:36:02,3844,214.35242
2026/04/02@02:36:03,3845,214.26738
2026/04/02@02:36:05,3847,214.1832
2026/04/02@02:36:06,3848,214.07524
2026/04/02@02:36:07,3849,213.98886
2026/04/02@02:36:08,3850,213.85998
2026/04/02@02:36:09,3851,213.81628
2026/04/02@02:36:10,3852,213.71804
2026/04/02@02:36:11,3853,213.64488
2026/04/02@02:36:12,3854,213.54068
2026/04/02@02:36:13,3855,213.46862
2026/04/02@02:36:14,3856,213.368916
2026/04/02@02:36:15,3857,213.287316
2026/04/02@02:36:16,3858,213.19258
2026/04/02@02:36:18,3860,213.12335
2026/04/02@02:36:19,3861,213.079332
2026/04/02@02:36:20,3862,212.97186
2026/04/02@02:36:21,3863,212.8659
2026/04/02@02:36:22,3864,212.763552
2026/04/02@02:36:23,3865,212.68146
2026/04/02@02:36:24,3866,212.61128
2026/04/02@02:36:25,3867,212.522816
2026/04/02@02:36:26,3868,212.38836
2026/04/02@02:36:27,3869,212.2804
2026/04/02@02:36:28,3870,212.17454
2026/04/02@02:36:29,3871,212.07644
2026/04/02@02:36:31,3873,211.987668
2026/04/02@02:36:32,3874,211.93152
2026/04/02@02:36:33,3875,211.851
2026/04/02@02:36:34,3876,211.75434
2026/04/02@02:36:35,3877,211.68242
2026/04/02@02:36:36,3878,211.57054
2026/04/02@02:36:37,3879,211.4855
2026/04/02@02:36:38,3880,211.4241
2026/04/02@02:36:39,3881,211.31292
2026/04/02@02:36:40,3882,211.26168
2026/04/02@02:36:41,3883,211.14468
2026/04/02@02:36:42,3884,211.06346
2026/04/02@02:36:44,3886,210.958
2026/04/02@02:36:45,3887,210.860232
2026/04/02@02:36:46,3888,210.79492
2026/04/02@02:36:47,3889,210.70278
2026/04/02@02:36:48,3890,210.63426
2026/04/02@02:36:49,3891,210.51146
2026/04/02@02:36:50,3892,210.43016
2026/04/02@02:36:51,3893,210.279508
2026/04/02@02:36:52,3894,210.24534
2026/04/02@02:36:53,3895,210.11218
2026/04/02@02:36:54,3896,210.01984
2026/04/02@02:36:55,3897,209.949568
2026/04/02@02:36:57,3899,209.8391
2026/04/02@02:36:58,3900,209.78872
2026/04/02@02:36:59,3901,209.6758
2026/04/02@02:37:00,3902,209.59118
2026/04/02@02:37:01,3903,209.50476
2026/04/02@02:37:02,3904,209.433932
2026/04/02@02:37:03,3905,209.36284
2026/04/02@02:37:04,3906,209.28522
2026/04/02@02:37:05,3907,209.19428
2026/04/02@02:37:06,3908,209.1075
2026/04/02@02:37:07,3909,209.04598
2026/04/02@02:37:08,3910,208.92022
2026/04/02@02:37:10,3912,208.82672
2026/04/02@02:37:11,3913,208.77038
2026/04/02@02:37:12,3914,208.66426
2026/04/02@02:37:13,3915,208.57464
2026/04/02@02:37:14,3916,208.52144
2026/04/02@02:37:15,3917,208.428592
2026/04/02@02:37:16,3918,208.34844
2026/04/02@02:37:17,3919,208.32598
2026/04/02@02:37:18,3920,208.244368
2026/04/02@02:37:19,3921,208.14524
2026/04/02@02:37:20,3922,208.08286
2026/04/02@02:37:21,3923,207.97026
2026/04/02@02:37:23,3925,207.923632
2026/04/02@02:37:24,3926,207.81002
2026/04/02@02:37:25,3927,207.71716
2026/04/02@02:37:26,3928,207.69454
2026/04/02@02:37:27,3929,207.61258
2026/04/02@02:37:28,3930,207.5122
2026/04/02@02:37:29,3931,207.43006
2026/04/02@02:37:30,3932,207.29472
2026/04/02@02:37:31,3933,207.235552
2026/04/02@02:37:32,3934,207.18946
2026/04/02@02:37:33,3935,207.08872
2026/04/02@02:37:35,3936,207.01236
2026/04/02@02:37:36,3938,206.92258
2026/04/02@02:37:37,3939,206.81174
2026/04/02@02:37:38,3940,206.75504
2026/04/02@02:37:39,3941,206.66254
2026/04/02@02:37:40,3942,206.61284
2026/04/02@02:37:41,3943,206.491984
2026/04/02@02:37:42,3944,206.43282
2026/04/02@02:37:43,3945,206.37039
2026/04/02@02:37:44,3946,206.29728
2026/04/02@02:37:45,3947,206.1782
2026/04/02@02:37:46,3948,206.12906
2026/04/02@02:37:48,3949,206.02584
2026/04/02@02:37:49,3951,205.994684
2026/04/02@02:37:50,3952,205.88296
2026/04/02@02:37:51,3953,205.8474
2026/04/02@02:37:52,3954,205.777068
2026/04/02@02:37:53,3955,205.68284
2026/04/02@02:37:54,3956,205.6369
2026/04/02@02:37:55,3957,205.54402
2026/04/02@02:37:56,3958,205.49204
2026/04/02@02:37:57,3959,205.39286
2026/04/02@02:37:58,3960,205.320708
2026/04/02@02:37:59,3961,205.22246
2026/04/02@02:38:01,3963,205.10566
2026/04/02@02:38:02,3964,205.045416
2026/04/02@02:38:03,3965,204.952068
2026/04/02@02:38:04,3966,204.855732
2026/04/02@02:38:05,3967,204.7543
2026/04/02@02:38:06,3968,204.700984
2026/04/02@02:38:07,3969,204.606432
2026/04/02@02:38:08,3970,204.55708
2026/04/02@02:38:09,3971,204.47682
2026/04/02@02:38:10,3972,204.37952
2026/04/02@02:38:11,3973,204.33678
2026/04/02@02:38:12,3974,204.2543
2026/04/02@02:38:14,3976,204.16344
2026/04/02@02:38:15,3977,204.085884
2026/04/02@02:38:16,3978,203.99912
2026/04/02@02:38:17,3979,203.940232
2026/04/02@02:38:18,3980,203.84764
2026/04/02@02:38:19,3981,203.79582
2026/04/02@02:38:20,3982,203.71196
2026/04/02@02:38:21,3983,203.65924
2026/04/02@02:38:22,3984,203.5434
2026/04/02@02:38:23,3985,203.50392
2026/04/02@02:38:24,3986,203.425
2026/04/02@02:38:25,3987,203.3563
2026/04/02@02:38:27,3989,203.28262
2026/04/02@02:38:28,3990,203.20868
2026/04/02@02:38:29,3991,203.17342
2026/04/02@02:38:30,3992,203.08734
2026/04/02@02:38:31,3993,203.029068
2026/04/02@02:38:32,3994,202.95258
2026/04/02@02:38:33,3995,202.86166
2026/04/02@02:38:34,3996,202.778992
2026/04/02@02:38:35,3997,202.71588
2026/04/02@02:38:36,3998,202.64676
2026/04/02@02:38:37,3999,202.601984
2026/04/02@02:38:38,4000,202.528536
2026/04/02@02:38:40,4002,202.445392
2026/04/02@02:38:41,4003,202.3598
2026/04/02@02:38:42,4004,202.27546
2026/04/02@02:38:43,4005,202.162224
2026/04/02@02:38:44,4006,202.06724
2026/04/02@02:38:45,4007,202.01914
2026/04/02@02:38:46,4008,201.9341
2026/04/02@02:38:47,4009,201.870652
2026/04/02@02:38:48,4010,201.75772
2026/04/02@02:38:49,4011,201.63378
2026/04/02@02:38:50,4012,201.56422
2026/04/02@02:38:51,4013,201.46148
2026/04/02@02:38:53,4015,201.44554
2026/04/02@02:38:54,4016,201.36864
2026/04/02@02:38:55,4017,201.28864
2026/04/02@02:38:56,4018,201.198468
2026/04/02@02:38:57,4019,201.14928
2026/04/02@02:38:58,4020,200.99102
2026/04/02@02:38:59,4021,200.9255
2026/04/02@02:39:00,4022,200.842136
2026/04/02@02:39:01,4023,200.75898
2026/04/02@02:39:02,4024,200.69044
2026/04/02@02:39:03,4025,200.59336
2026/04/02@02:39:04,4026,200.49858
2026/04/02@02:39:06,4028,200.42578
2026/04/02@02:39:07,4029,200.33874
2026/04/02@02:39:08,4030,200.20446
2026/04/02@02:39:09,4031,200.103152
2026/04/02@02:39:10,4032,199.9876
2026/04/02@02:39:11,4033,199.91734
2026/04/02@02:39:12,4034,199.8025
2026/04/02@02:39:13,4035,199.71
2026/04/02@02:39:14,4036,199.57968
2026/04/02@02:39:15,4037,199.52882
2026/04/02@02:39:16,4038,199.450016
2026/04/02@02:39:17,4039,199.4109
2026/04/02@02:39:19,4041,199.360536
2026/04/02@02:39:20,4042,199.277392
2026/04/02@02:39:21,4043,199.1729
2026/04/02@02:39:22,4044,199.10546
2026/04/02@02:39:23,4045,198.98668
2026/04/02@02:39:24,4046,198.88024
2026/04/02@02:39:25,4047,198.803068
2026/04/02@02:39:26,4048,198.702992
2026/04/02@02:39:27,4049,198.65646
2026/04/02@02:39:28,4050,198.61698
2026/04/02@02:39:29,4051,198.521
2026/04/02@02:39:30,4052,198.44734
2026/04/02@02:39:32,4054,198.35038
2026/04/02@02:39:33,4055,198.27519
2026/04/02@02:39:34,4056,198.218752
2026/04/02@02:39:35,4057,198.13646
2026/04/02@02:39:36,4058,198.096132
2026/04/02@02:39:37,4059,198.006468
2026/04/02@02:39:38,4060,197.92926
2026/04/02@02:39:39,4061,197.8348
2026/04/02@02:39:40,4062,197.771908
2026/04/02@02:39:41,4063,197.63042
2026/04/02@02:39:42,4064,197.553532
2026/04/02@02:39:44,4065,197.456852
2026/04/02@02:39:45,4067,197.42336
2026/04/02@02:39:46,4068,197.32946
2026/04/02@02:39:47,4069,197.23394
2026/04/02@02:39:48,4070,197.08012
2026/04/02@02:39:49,4071,197.02512
2026/04/02@02:39:50,4072,196.92328
2026/04/02@02:39:51,4073,196.87398
2026/04/02@02:39:52,4074,196.73864
2026/04/02@02:39:53,4075,196.65474
2026/04/02@02:39:54,4076,196.602632
2026/04/02@02:39:55,4077,196.496176
2026/04/02@02:39:57,4079,196.38286
2026/04/02@02:39:58,4080,196.31308
2026/04/02@02:39:59,4081,196.2058
2026/04/02@02:40:00,4082,196.12806
2026/04/02@02:40:01,4083,196.044
2026/04/02@02:40:02,4084,195.967332
2026/04/02@02:40:03,4085,195.85386
2026/04/02@02:40:04,4086,195.7673
2026/04/02@02:40:05,4087,195.64504
2026/04/02@02:40:06,4088,195.52238
2026/04/02@02:40:07,4089,195.4325
2026/04/02@02:40:08,4090,195.27074
2026/04/02@02:40:10,4092,195.138932
2026/04/02@02:40:11,4093,194.98696
2026/04/02@02:40:12,4094,194.791168
2026/04/02@02:40:13,4095,194.67994
2026/04/02@02:40:14,4096,194.48926
2026/04/02@02:40:15,4097,194.296944
2026/04/02@02:40:16,4098,194.12488
2026/04/02@02:40:17,4099,193.9504
2026/04/02@02:40:18,4100,193.7514
2026/04/02@02:40:19,4101,193.6252
2026/04/02@02:40:20,4102,193.50058
2026/04/02@02:40:21,4103,193.364032
2026/04/02@02:40:23,4105,193.24872
2026/04/02@02:40:24,4106,193.08582
2026/04/02@02:40:25,4107,192.95808
2026/04/02@02:40:26,4108,192.8144
2026/04/02@02:40:27,4109,192.63658
2026/04/02@02:40:28,4110,192.51068
2026/04/02@02:40:29,4111,192.250352
2026/04/02@02:40:30,4112,192.09404
2026/04/02@02:40:31,4113,191.95054
2026/04/02@02:40:32,4114,191.82026
2026/04/02@02:40:33,4115,191.77256
2026/04/02@02:40:34,4116,191.67476
2026/04/02@02:40:36,4118,191.6157
2026/04/02@02:40:37,4119,191.49074
2026/04/02@02:40:38,4120,191.380568
2026/04/02@02:40:39,4121,191.30782
2026/04/02@02:40:40,4122,191.22488
2026/04/02@02:40:41,4123,191.12826
2026/04/02@02:40:42,4124,191.03086
2026/04/02@02:40:43,4125,190.95012
2026/04/02@02:40:44,4126,190.85248
2026/04/02@02:40:45,4127,190.77886
2026/04/02@02:40:46,4128,190.72684
2026/04/02@02:40:47,4129,190.593108
2026/04/02@02:40:49,4131,190.55008
2026/04/02@02:40:50,4132,190.48012
2026/04/02@02:40:51,4133,190.39166
2026/04/02@02:40:52,4134,190.32058
2026/04/02@02:40:53,4135,190.22492
2026/04/02@02:40:54,4136,190.14644
2026/04/02@02:40:55,4137,190.05854
2026/04/02@02:40:56,4138,190.02118
2026/04/02@02:40:57,4139,189.90274
2026/04/02@02:40:58,4140,189.80016
2026/04/02@02:40:59,4141,189.71784
2026/04/02@02:41:00,4142,189.62986
2026/04/02@02:41:02,4144,189.56716
2026/04/02@02:41:03,4145,189.4829
2026/04/02@02:41:04,4146,189.4147
2026/04/02@02:41:05,4147,189.323792
2026/04/02@02:41:06,4148,189.247132
2026/04/02@02:41:07,4149,189.16024
2026/04/02@02:41:08,4150,189.08922
2026/04/02@02:41:09,4151,189.01184
2026/04/02@02:41:10,4152,188.92404
2026/04/02@02:41:11,4153,188.84512
2026/04/02@02:41:12,4154,188.8014
2026/04/02@02:41:14,4155,188.69212
2026/04/02@02:41:15,4157,188.63394
2026/04/02@02:41:16,4158,188.53258
2026/04/02@02:41:17,4159,188.44162
2026/04/02@02:41:18,4160,188.42458
2026/04/02@02:41:19,4161,188.352308
2026/04/02@02:41:20,4162,188.27562
2026/04/02@02:41:21,4163,188.17092
2026/04/02@02:41:22,4164,188.116984
2026/04/02@02:41:23,4165,188.03028
2026/04/02@02:41:24,4166,187.9811
2026/04/02@02:41:25,4167,187.91496
2026/04/02@02:41:27,4169,187.83516
2026/04/02@02:41:28,4170,187.762384
2026/04/02@02:41:29,4171,187.676132
2026/04/02@02:41:30,4172,187.60176
2026/04/02@02:41:31,4173,187.51312
2026/04/02@02:41:32,4174,187.45618
2026/04/02@02:41:33,4175,187.35992
2026/04/02@02:41:34,4176,187.271268
2026/04/02@02:41:35,4177,187.21804
2026/04/02@02:41:36,4178,187.15226
2026/04/02@02:41:37,4179,187.04198
2026/04/02@02:41:38,4180,187.0014
2026/04/02@02:41:40,4182,186.8733
2026/04/02@02:41:41,4183,186.77334
2026/04/02@02:41:42,4184,186.71922
2026/04/02@02:41:43,4185,186.63428
2026/04/02@02:41:44,4186,186.558284
2026/04/02@02:41:45,4187,186.4407
2026/04/02@02:41:46,4188,186.41551
2026/04/02@02:41:47,4189,186.34008
2026/04/02@02:41:48,4190,186.23328
2026/04/02@02:41:49,4191,186.18918
2026/04/02@02:41:50,4192,186.11742
2026/04/02@02:41:51,4193,186.0094
2026/04/02@02:41:53,4195,185.94036
2026/04/02@02:41:54,4196,185.8323
2026/04/02@02:41:55,4197,185.77656
2026/04/02@02:41:56,4198,185.71646
2026/04/02@02:41:57,4199,185.62834
2026/04/02@02:41:58,4200,185.53772
2026/04/02@02:41:59,4201,185.467584
2026/04/02@02:42:00,4202,185.413784
2026/04/02@02:42:01,4203,185.30914
2026/04/02@02:42:02,4204,185.1873
2026/04/02@02:42:03,4205,185.129732
2026/04/02@02:42:04,4206,185.09708
2026/04/02@02:42:06,4208,185.013552
2026/04/02@02:42:07,4209,184.86828
2026/04/02@02:42:08,4210,184.801132
2026/04/02@02:42:09,4211,184.73592
2026/04/02@02:42:10,4212,184.65414
2026/04/02@02:42:11,4213,184.609836
2026/04/02@02:42:12,4214,184.52242
2026/04/02@02:42:13,4215,184.47784
2026/04/02@02:42:14,4216,184.38916
2026/04/02@02:42:15,4217,184.30226
2026/04/02@02:42:16,4218,184.22574
2026/04/02@02:42:17,4219,184.1863
2026/04/02@02:42:19,4221,184.10464
2026/04/02@02:42:20,4222,184.049652
2026/04/02@02:42:21,4223,183.92906
2026/04/02@02:42:22,4224,183.874252
2026/04/02@02:42:23,4225,183.77128
2026/04/02@02:42:24,4226,183.72726
2026/04/02@02:42:25,4227,183.6698
2026/04/02@02:42:26,4228,183.61566
2026/04/02@02:42:27,4229,183.514252
2026/04/02@02:42:28,4230,183.42684
2026/04/02@02:42:29,4231,183.37362
2026/04/02@02:42:30,4232,183.296252
2026/04/02@02:42:32,4234,183.17408
2026/04/02@02:42:33,4235,183.132308
2026/04/02@02:42:34,4236,183.0745
2026/04/02@02:42:35,4237,183.00166
2026/04/02@02:42:36,4238,182.92536
2026/04/02@02:42:37,4239,182.86226
2026/04/02@02:42:38,4240,182.75172
2026/04/02@02:42:39,4241,182.70656
2026/04/02@02:42:40,4242,182.637652
2026/04/02@02:42:41,4243,182.547408
2026/04/02@02:42:42,4244,182.48444
2026/04/02@02:42:43,4245,182.42332
2026/04/02@02:42:45,4247,182.28934
2026/04/02@02:42:46,4248,182.20858
2026/04/02@02:42:47,4249,182.096132
2026/04/02@02:42:48,4250,182.05662
2026/04/02@02:42:49,4251,181.99246
2026/04/02@02:42:50,4252,181.886492
2026/04/02@02:42:51,4253,181.80896
2026/04/02@02:42:52,4254,181.78866
2026/04/02@02:42:53,4255,181.67828
2026/04/02@02:42:54,4256,181.62961
2026/04/02@02:42:55,4257,181.53466
2026/04/02@02:42:56,4258,181.457616
2026/04/02@02:42:58,4260,181.37032
2026/04/02@02:42:59,4261,181.33824
2026/04/02@02:43:00,4262,181.23338
2026/04/02@02:43:01,4263,181.176068
2026/04/02@02:43:02,4264,181.0939
2026/04/02@02:43:03,4265,181.011432
2026/04/02@02:43:04,4266,180.93048
2026/04/02@02:43:05,4267,180.868784
2026/04/02@02:43:06,4268,180.76828
2026/04/02@02:43:07,4269,180.762
2026/04/02@02:43:08,4270,180.69692
2026/04/02@02:43:10,4271,180.599816
2026/04/02@02:43:11,4273,180.55044
2026/04/02@02:43:12,4274,180.4875
2026/04/02@02:43:13,4275,180.4108
2026/04/02@02:43:14,4276,180.34206
2026/04/02@02:43:15,4277,180.2298
2026/04/02@02:43:16,4278,180.14588
2026/04/02@02:43:17,4279,180.062852
2026/04/02@02:43:18,4280,180.030416
2026/04/02@02:43:19,4281,179.97858
2026/04/02@02:43:20,4282,179.88002
2026/04/02@02:43:21,4283,179.792568
2026/04/02@02:43:23,4285,179.73548
2026/04/02@02:43:24,4286,179.64238
2026/04/02@02:43:25,4287,179.607852
2026/04/02@02:43:26,4288,179.51086
2026/04/02@02:43:27,4289,179.46716
2026/04/02@02:43:28,4290,179.39398
2026/04/02@02:43:29,4291,179.282416
2026/04/02@02:43:30,4292,179.2011
2026/04/02@02:43:31,4293,179.06996
2026/04/02@02:43:32,4294,178.93436
2026/04/02@02:43:33,4295,178.80424
2026/04/02@02:43:34,4296,178.69692
2026/04/02@02:43:36,4297,178.5962
2026/04/02@02:43:37,4299,178.471908
2026/04/02@02:43:38,4300,178.39524
2026/04/02@02:43:39,4301,178.33774
2026/04/02@02:43:40,4302,178.23494
2026/04/02@02:43:41,4303,178.148016
2026/04/02@02:43:42,4304,178.07452
2026/04/02@02:43:43,4305,177.9569
2026/04/02@02:43:44,4306,177.92996
2026/04/02@02:43:45,4307,177.8783
2026/04/02@02:43:46,4308,177.78276
2026/04/02@02:43:47,4309,177.73954
2026/04/02@02:43:49,4310,177.65156
2026/04/02@02:43:50,4312,177.59552
2026/04/02@02:43:51,4313,177.50774
2026/04/02@02:43:52,4314,177.41606
2026/04/02@02:43:53,4315,177.35684
2026/04/02@02:43:54,4316,177.25124
2026/04/02@02:43:55,4317,177.21684
2026/04/02@02:43:56,4318,177.1391
2026/04/02@02:43:57,4319,177.1086
2026/04/02@02:43:58,4320,177.041032
2026/04/02@02:43:59,4321,176.95922
2026/04/02@02:44:00,4322,176.87668
2026/04/02@02:44:02,4324,176.78718
2026/04/02@02:44:03,4325,176.729692
2026/04/02@02:44:04,4326,176.672016
2026/04/02@02:44:05,4327,176.57808
2026/04/02@02:44:06,4328,176.51864
2026/04/02@02:44:07,4329,176.41372
2026/04/02@02:44:08,4330,176.29896
2026/04/02@02:44:09,4331,176.2449
2026/04/02@02:44:10,4332,176.17328
2026/04/02@02:44:11,4333,176.043868
2026/04/02@02:44:12,4334,175.90898
2026/04/02@02:44:13,4335,175.82644
2026/04/02@02:44:15,4337,175.7337
2026/04/02@02:44:16,4338,175.6466
2026/04/02@02:44:17,4339,175.55652
2026/04/02@02:44:18,4340,175.475052
2026/04/02@02:44:19,4341,175.384816
2026/04/02@02:44:20,4342,175.26452
2026/04/02@02:44:21,4343,175.22824
2026/04/02@02:44:22,4344,175.1478
2026/04/02@02:44:23,4345,175.06248
2026/04/02@02:44:24,4346,174.96002
2026/04/02@02:44:25,4347,174.8525
2026/04/02@02:44:26,4348,174.7645
2026/04/02@02:44:28,4350,174.73914
2026/04/02@02:44:29,4351,174.652184
2026/04/02@02:44:30,4352,174.64074
2026/04/02@02:44:31,4353,174.55048
2026/04/02@02:44:32,4354,174.47744
2026/04/02@02:44:33,4355,174.395108
2026/04/02@02:44:34,4356,174.3544
2026/04/02@02:44:35,4357,174.2918
2026/04/02@02:44:36,4358,174.25356
2026/04/02@02:44:37,4359,174.17368
2026/04/02@02:44:38,4360,174.1127
2026/04/02@02:44:39,4361,174.0296
2026/04/02@02:44:41,4363,173.9333
2026/04/02@02:44:42,4364,173.879024
2026/04/02@02:44:43,4365,173.792976
2026/04/02@02:44:44,4366,173.75016
2026/04/02@02:44:45,4367,173.66636
2026/04/02@02:44:46,4368,173.64188
2026/04/02@02:44:47,4369,173.53856
2026/04/02@02:44:48,4370,173.48828
2026/04/02@02:44:49,4371,173.4153
2026/04/02@02:44:50,4372,173.41546
2026/04/02@02:44:51,4373,173.33508
2026/04/02@02:44:52,4374,173.26927
2026/04/02@02:44:54,4376,173.1737
2026/04/02@02:44:55,4377,173.1487
2026/04/02@02:44:56,4378,173.085392
2026/04/02@02:44:57,4379,173.00816
2026/04/02@02:44:58,4380,172.98224
2026/04/02@02:44:59,4381,172.92794
2026/04/02@02:45:00,4382,172.86692
2026/04/02@02:45:01,4383,172.77258
2026/04/02@02:45:02,4384,172.74224
2026/04/02@02:45:03,4385,172.65972
2026/04/02@02:45:04,4386,172.61674
2026/04/02@02:45:05,4387,172.532268
2026/04/02@02:45:07,4389,172.47002
2026/04/02@02:45:08,4390,172.48832
2026/04/02@02:45:09,4391,172.35378
2026/04/02@02:45:10,4392,172.31074
2026/04/02@02:45:11,4393,172.20038
2026/04/02@02:45:12,4394,172.101084
2026/04/02@02:45:13,4395,172.04786
2026/04/02@02:45:14,4396,172.00818
2026/04/02@02:45:15,4397,171.95332
2026/04/02@02:45:16,4398,171.87842
2026/04/02@02:45:17,4399,171.78828
2026/04/02@02:45:18,4400,171.75336
2026/04/02@02:45:20,4402,171.649
2026/04/02@02:45:21,4403,171.57158
2026/04/02@02:45:22,4404,171.4931
2026/04/02@02:45:23,4405,171.40336
2026/04/02@02:45:24,4406,171.3718
2026/04/02@02:45:25,4407,171.28186
2026/04/02@02:45:26,4408,171.20254
2026/04/02@02:45:27,4409,171.13288
2026/04/02@02:45:28,4410,171.03058
2026/04/02@02:45:29,4411,171.00574
2026/04/02@02:45:30,4412,170.90926
2026/04/02@02:45:31,4413,170.876452
2026/04/02@02:45:33,4415,170.8398
2026/04/02@02:45:34,4416,170.7497
2026/04/02@02:45:35,4417,170.70468
2026/04/02@02:45:36,4418,170.63734
2026/04/02@02:45:37,4419,170.57196
2026/04/02@02:45:38,4420,170.5007
2026/04/02@02:45:39,4421,170.4663
2026/04/02@02:45:40,4422,170.389776
2026/04/02@02:45:41,4423,170.33282
2026/04/02@02:45:42,4424,170.2563
2026/04/02@02:45:43,4425,170.192616
2026/04/02@02:45:44,4426,170.14894
2026/04/02@02:45:46,4428,170.08686
2026/04/02@02:45:47,4429,170.057392
2026/04/02@02:45:48,4430,169.99391
2026/04/02@02:45:49,4431,169.935152
2026/04/02@02:45:50,4432,169.85352
2026/04/02@02:45:51,4433,169.79922
2026/04/02@02:45:52,4434,169.67794
2026/04/02@02:45:53,4435,169.60524
2026/04/02@02:45:54,4436,169.53702
2026/04/02@02:45:55,4437,169.465584
2026/04/02@02:45:56,4438,169.39752
2026/04/02@02:45:57,4439,169.30508
2026/04/02@02:45:59,4441,169.22468
2026/04/02@02:46:00,4442,169.18166
2026/04/02@02:46:01,4443,169.09668
2026/04/02@02:46:02,4444,169.03422
2026/04/02@02:46:03,4445,168.97958
2026/04/02@02:46:04,4446,168.89954
2026/04/02@02:46:05,4447,168.831068
2026/04/02@02:46:06,4448,168.73468
2026/04/02@02:46:07,4449,168.67046
2026/04/02@02:46:08,4450,168.61264
2026/04/02@02:46:09,4451,168.578936
2026/04/02@02:46:10,4452,168.4592
2026/04/02@02:46:12,4454,168.42816
2026/04/02@02:46:13,4455,168.32218
2026/04/02@02:46:14,4456,168.24514
2026/04/02@02:46:15,4457,168.17828
2026/04/02@02:46:16,4458,168.1268
2026/04/02@02:46:17,4459,168.04462
2026/04/02@02:46:18,4460,168.01428
2026/04/02@02:46:19,4461,167.94726
2026/04/02@02:46:20,4462,167.87938
2026/04/02@02:46:21,4463,167.80692
2026/04/02@02:46:22,4464,167.73813
2026/04/02@02:46:23,4465,167.67412
2026/04/02@02:46:25,4467,167.61963
2026/04/02@02:46:26,4468,167.5462
2026/04/02@02:46:27,4469,167.46527
2026/04/02@02:46:28,4470,167.40869
2026/04/02@02:46:29,4471,167.30588
2026/04/02@02:46:30,4472,167.23691
2026/04/02@02:46:31,4473,167.15541
2026/04/02@02:46:32,4474,167.08488
2026/04/02@02:46:33,4475,167.00299
2026/04/02@02:46:34,4476,166.94726
2026/04/02@02:46:35,4477,166.8667
2026/04/02@02:46:36,4478,166.80182
2026/04/02@02:46:38,4480,166.67235
2026/04/02@02:46:39,4481,166.61676
2026/04/02@02:46:40,4482,166.57218
2026/04/02@02:46:41,4483,166.4882
2026/04/02@02:46:42,4484,166.41412
2026/04/02@02:46:43,4485,166.3443
2026/04/02@02:46:44,4486,166.29457
2026/04/02@02:46:45,4487,166.21309
2026/04/02@02:46:46,4488,166.10232
2026/04/02@02:46:47,4489,166.02527
2026/04/02@02:46:48,4490,165.96707
2026/04/02@02:46:49,4491,165.89586
2026/04/02@02:46:51,4493,165.7738
2026/04/02@02:46:52,4494,165.71546
2026/04/02@02:46:53,4495,165.64258
2026/04/02@02:46:54,4496,165.58319
2026/04/02@02:46:55,4497,165.52144
2026/04/02@02:46:56,4498,165.42214
2026/04/02@02:46:57,4499,165.35018
2026/04/02@02:46:58,4500,165.26144
2026/04/02@02:46:59,4501,165.17543
2026/04/02@02:47:00,4502,165.10998
2026/04/02@02:47:01,4503,165.04876
2026/04/02@02:47:02,4504,164.97891
2026/04/02@02:47:04,4506,164.87787
2026/04/02@02:47:05,4507,164.83162
2026/04/02@02:47:06,4508,164.76904
2026/04/02@02:47:07,4509,164.63836
2026/04/02@02:47:08,4510,164.5858
2026/04/02@02:47:09,4511,164.49582
2026/04/02@02:47:10,4512,164.45188
2026/04/02@02:47:11,4513,164.36351
2026/04/02@02:47:12,4514,164.29194
2026/04/02@02:47:13,4515,164.25738
2026/04/02@02:47:14,4516,164.19512
2026/04/02@02:47:15,4517,164.15297
2026/04/02@02:47:17,4519,164.11892
2026/04/02@02:47:18,4520,164.02178
2026/04/02@02:47:19,4521,163.91078
2026/04/02@02:47:20,4522,163.84552
2026/04/02@02:47:21,4523,163.7877
2026/04/02@02:47:22,4524,163.70886
2026/04/02@02:47:23,4525,163.63849
2026/04/02@02:47:24,4526,163.55208
2026/04/02@02:47:25,4527,163.48314
2026/04/02@02:47:26,4528,163.3806
2026/04/02@02:47:27,4529,163.33621
2026/04/02@02:47:28,4530,163.27108
2026/04/02@02:47:30,4532,163.19191
2026/04/02@02:47:31,4533,163.12947
2026/04/02@02:47:32,4534,163.02896
2026/04/02@02:47:33,4535,162.9942
2026/04/02@02:47:34,4536,162.92279
2026/04/02@02:47:35,4537,162.83356
2026/04/02@02:47:36,4538,162.76471
2026/04/02@02:47:37,4539,162.67479
2026/04/02@02:47:38,4540,162.65364
2026/04/02@02:47:39,4541,162.59824
2026/04/02@02:47:40,4542,162.50446
2026/04/02@02:47:41,4543,162.45276
2026/04/02@02:47:43,4545,162.3794
2026/04/02@02:47:44,4546,162.20214
2026/04/02@02:47:45,4547,162.17938
2026/04/02@02:47:46,4548,162.10089
2026/04/02@02:47:47,4549,162.02784
2026/04/02@02:47:48,4550,161.96842
2026/04/02@02:47:49,4551,161.82592
2026/04/02@02:47:50,4552,161.74182
2026/04/02@02:47:51,4553,161.69873
2026/04/02@02:47:52,4554,161.6312
2026/04/02@02:47:53,4555,161.53382
2026/04/02@02:47:54,4556,161.49628
2026/04/02@02:47:56,4558,161.38444
2026/04/02@02:47:57,4559,161.30649
2026/04/02@02:47:58,4560,161.25194
2026/04/02@02:47:59,4561,161.14648
2026/04/02@02:48:00,4562,161.10135
2026/04/02@02:48:01,4563,161.04843
2026/04/02@02:48:02,4564,160.92375
2026/04/02@02:48:03,4565,160.88878
2026/04/02@02:48:04,4566,160.81122
2026/04/02@02:48:05,4567,160.72004
2026/04/02@02:48:06,4568,160.61054
2026/04/02@02:48:08,4570,160.54208
2026/04/02@02:48:09,4571,160.48038
2026/04/02@02:48:10,4572,160.34364
2026/04/02@02:48:11,4573,160.22954
2026/04/02@02:48:12,4574,160.14172
2026/04/02@02:48:13,4575,160.06781
2026/04/02@02:48:14,4576,159.95534
2026/04/02@02:48:15,4577,159.83358
2026/04/02@02:48:16,4578,159.75302
2026/04/02@02:48:17,4579,159.66078
2026/04/02@02:48:18,4580,159.53891
2026/04/02@02:48:19,4581,159.49638
2026/04/02@02:48:21,4582,159.38562
2026/04/02@02:48:22,4584,159.29336
2026/04/02@02:48:23,4585,159.25406
2026/04/02@02:48:24,4586,159.1803
2026/04/02@02:48:25,4587,159.05102
2026/04/02@02:48:26,4588,158.92628
2026/04/02@02:48:27,4589,158.89916
2026/04/02@02:48:28,4590,158.79122
2026/04/02@02:48:29,4591,158.70352
2026/04/02@02:48:30,4592,158.57147
2026/04/02@02:48:31,4593,158.50229
2026/04/02@02:48:32,4594,158.36716
2026/04/02@02:48:34,4596,158.30966
2026/04/02@02:48:35,4597,158.19978
2026/04/02@02:48:36,4598,158.10258
2026/04/02@02:48:37,4599,157.9823
2026/04/02@02:48:38,4600,157.87398
2026/04/02@02:48:39,4601,157.78242
2026/04/02@02:48:40,4602,157.67678
2026/04/02@02:48:41,4603,157.61544
2026/04/02@02:48:42,4604,157.49936
2026/04/02@02:48:43,4605,157.44557
2026/04/02@02:48:44,4606,157.35346
2026/04/02@02:48:45,4607,157.24958
2026/04/02@02:48:47,4609,157.19616
2026/04/02@02:48:48,4610,157.07794
2026/04/02@02:48:49,4611,156.97726
2026/04/02@02:48:50,4612,156.87654
2026/04/02@02:48:51,4613,156.74838
2026/04/02@02:48:52,4614,156.65204
2026/04/02@02:48:53,4615,156.54252
2026/04/02@02:48:54,4616,156.44972
2026/04/02@02:48:55,4617,156.38406
2026/04/02@02:48:56,4618,156.2876
2026/04/02@02:48:57,4619,156.2179
2026/04/02@02:48:58,4620,156.13268
2026/04/02@02:49:00,4622,156.03458
2026/04/02@02:49:01,4623,155.97672
2026/04/02@02:49:02,4624,155.91816
2026/04/02@02:49:03,4625,155.79234
2026/04/02@02:49:04,4626,155.74936
2026/04/02@02:49:05,4627,155.66802
2026/04/02@02:49:06,4628,155.59414
2026/04/02@02:49:07,4629,155.55494
2026/04/02@02:49:08,4630,155.5024
2026/04/02@02:49:09,4631,155.43288
2026/04/02@02:49:10,4632,155.33128
2026/04/02@02:49:11,4633,155.2745
2026/04/02@02:49:13,4635,155.23426
2026/04/02@02:49:14,4636,155.12027
2026/04/02@02:49:15,4637,155.05377
2026/04/02@02:49:16,4638,154.96556
2026/04/02@02:49:17,4639,154.89537
2026/04/02@02:49:18,4640,154.80725
2026/04/02@02:49:19,4641,154.73152
2026/04/02@02:49:20,4642,154.66804
2026/04/02@02:49:21,4643,154.59941
2026/04/02@02:49:22,4644,154.5419
2026/04/02@02:49:23,4645,154.47452
2026/04/02@02:49:24,4646,154.45656
2026/04/02@02:49:26,4648,154.39336
2026/04/02@02:49:27,4649,154.33536
2026/04/02@02:49:28,4650,154.24432
2026/04/02@02:49:29,4651,154.17343
2026/04/02@02:49:30,4652,154.09228
2026/04/02@02:49:31,4653,154.01393
2026/04/02@02:49:32,4654,153.94847
2026/04/02@02:49:33,4655,153.87117
2026/04/02@02:49:34,4656,153.82796
2026/04/02@02:49:35,4657,153.77594
2026/04/02@02:49:36,4658,153.67856
2026/04/02@02:49:37,4659,153.64328
2026/04/02@02:49:39,4661,153.57256
2026/04/02@02:49:40,4662,153.47177
2026/04/02@02:49:41,4663,153.42523
2026/04/02@02:49:42,4664,153.32926
2026/04/02@02:49:43,4665,153.2751
2026/04/02@02:49:44,4666,153.19608
2026/04/02@02:49:45,4667,153.10576
2026/04/02@02:49:46,4668,153.04136
2026/04/02@02:49:47,4669,152.98508
2026/04/02@02:49:48,4670,152.91166
2026/04/02@02:49:49,4671,152.84248
2026/04/02@02:49:50,4672,152.82378
2026/04/02@02:49:52,4674,152.70807
2026/04/02@02:49:53,4675,152.6213
2026/04/02@02:49:54,4676,152.55957
2026/04/02@02:49:55,4677,152.4542
2026/04/02@02:49:56,4678,152.36383
2026/04/02@02:49:57,4679,152.29341
2026/04/02@02:49:58,4680,152.22216
2026/04/02@02:49:59,4681,152.12984
2026/04/02@02:50:00,4682,152.07025
2026/04/02@02:50:01,4683,151.96368
2026/04/02@02:50:02,4684,151.96881
2026/04/02@02:50:03,4685,151.8236
2026/04/02@02:50:05,4687,151.80488
2026/04/02@02:50:06,4688,151.70241
2026/04/02@02:50:07,4689,151.62903
2026/04/02@02:50:08,4690,151.58966
2026/04/02@02:50:09,4691,151.50252
2026/04/02@02:50:10,4692,151.41332
2026/04/02@02:50:11,4693,151.35684
2026/04/02@02:50:12,4694,151.29303
2026/04/02@02:50:13,4695,151.26567
2026/04/02@02:50:14,4696,151.16133
2026/04/02@02:50:15,4697,151.10036
2026/04/02@02:50:16,4698,151.04054
2026/04/02@02:50:18,4700,150.9317
2026/04/02@02:50:19,4701,150.83836
2026/04/02@02:50:20,4702,150.75848
2026/04/02@02:50:21,4703,150.69513
2026/04/02@02:50:22,4704,150.61438
2026/04/02@02:50:23,4705,150.55948
2026/04/02@02:50:24,4706,150.50092
2026/04/02@02:50:25,4707,150.42145
2026/04/02@02:50:26,4708,150.36994
2026/04/02@02:50:27,4709,150.29672
2026/04/02@02:50:28,4710,150.22275
2026/04/02@02:50:29,4711,150.14696
2026/04/02@02:50:31,4713,150.07938
2026/04/02@02:50:32,4714,150.0289
2026/04/02@02:50:33,4715,149.97043
2026/04/02@02:50:34,4716,149.9274
2026/04/02@02:50:35,4717,149.78575
2026/04/02@02:50:36,4718,149.73124
2026/04/02@02:50:37,4719,149.63754
2026/04/02@02:50:38,4720,149.59644
2026/04/02@02:50:39,4721,149.53993
2026/04/02@02:50:40,4722,149.46579
2026/04/02@02:50:41,4723,149.40104
2026/04/02@02:50:42,4724,149.33736
2026/04/02@02:50:44,4726,149.25584
2026/04/02@02:50:45,4727,149.17343
2026/04/02@02:50:46,4728,149.0893
2026/04/02@02:50:47,4729,149.01477
2026/04/02@02:50:48,4730,148.95106
2026/04/02@02:50:49,4731,148.87036
2026/04/02@02:50:50,4732,148.83394
2026/04/02@02:50:51,4733,148.76562
2026/04/02@02:50:52,4734,148.67422
2026/04/02@02:50:53,4735,148.64242
2026/04/02@02:50:54,4736,148.54958
2026/04/02@02:50:55,4737,148.48207
2026/04/02@02:50:57,4739,148.47
2026/04/02@02:50:58,4740,148.34222
2026/04/02@02:50:59,4741,148.29567
2026/04/02@02:51:00,4742,148.23816
2026/04/02@02:51:01,4743,148.16546
2026/04/02@02:51:02,4744,148.10696
2026/04/02@02:51:03,4745,148.05796
2026/04/02@02:51:04,4746,148.03616
2026/04/02@02:51:05,4747,147.95486
2026/04/02@02:51:06,4748,147.84903
2026/04/02@02:51:07,4749,147.79612
2026/04/02@02:51:08,4750,147.73662
2026/04/02@02:51:10,4752,147.6401
2026/04/02@02:51:11,4753,147.57831
2026/04/02@02:51:12,4754,147.51076
2026/04/02@02:51:13,4755,147.43785
2026/04/02@02:51:14,4756,147.37046
2026/04/02@02:51:15,4757,147.33462
2026/04/02@02:51:16,4758,147.22974
2026/04/02@02:51:17,4759,147.17026
2026/04/02@02:51:18,4760,147.12032
2026/04/02@02:51:19,4761,147.03544
2026/04/02@02:51:20,4762,146.9972
2026/04/02@02:51:21,4763,146.94358
2026/04/02@02:51:23,4765,146.82836
2026/04/02@02:51:24,4766,146.76764
2026/04/02@02:51:25,4767,146.7237
2026/04/02@02:51:26,4768,146.62424
2026/04/02@02:51:27,4769,146.52092
2026/04/02@02:51:28,4770,146.4748
2026/04/02@02:51:29,4771,146.41562
2026/04/02@02:51:30,4772,146.3583
2026/04/02@02:51:31,4773,146.3105
2026/04/02@02:51:32,4774,146.2283
2026/04/02@02:51:33,4775,146.20653
2026/04/02@02:51:34,4776,146.1265
2026/04/02@02:51:36,4778,146.0631
2026/04/02@02:51:37,4779,146.0049
2026/04/02@02:51:38,4780,145.91296
2026/04/02@02:51:39,4781,145.88484
2026/04/02@02:51:40,4782,145.79785
2026/04/02@02:51:41,4783,145.75494
2026/04/02@02:51:42,4784,145.65902
2026/04/02@02:51:43,4785,145.62336
2026/04/02@02:51:44,4786,145.54222
2026/04/02@02:51:45,4787,145.52295
2026/04/02@02:51:46,4788,145.43965
2026/04/02@02:51:47,4789,145.37561
2026/04/02@02:51:49,4791,145.28786
2026/04/02@02:51:50,4792,145.25821
2026/04/02@02:51:51,4793,145.18222
2026/04/02@02:51:52,4794,145.13334
2026/04/02@02:51:53,4795,145.05644
2026/04/02@02:51:54,4796,145.03026
2026/04/02@02:51:55,4797,144.91382
2026/04/02@02:51:56,4798,144.84512
2026/04/02@02:51:57,4799,144.77597
2026/04/02@02:51:58,4800,144.69962
2026/04/02@02:51:59,4801,144.63603
2026/04/02@02:52:00,4802,144.55397
2026/04/02@02:52:02,4804,144.49292
2026/04/02@02:52:03,4805,144.44908
2026/04/02@02:52:04,4806,144.3819
2026/04/02@02:52:05,4807,144.30602
2026/04/02@02:52:06,4808,144.26967
2026/04/02@02:52:07,4809,144.1893
2026/04/02@02:52:08,4810,144.11224
2026/04/02@02:52:09,4811,144.03692
2026/04/02@02:52:10,4812,143.98296
2026/04/02@02:52:11,4813,143.91646
2026/04/02@02:52:12,4814,143.87604
2026/04/02@02:52:13,4815,143.78684
2026/04/02@02:52:15,4817,143.7425
2026/04/02@02:52:16,4818,143.71246
2026/04/02@02:52:17,4819,143.61172
2026/04/02@02:52:18,4820,143.57568
2026/04/02@02:52:19,4821,143.47107
2026/04/02@02:52:20,4822,143.42832
2026/04/02@02:52:21,4823,143.3146
2026/04/02@02:52:22,4824,143.30668
2026/04/02@02:52:23,4825,143.23948
2026/04/02@02:52:24,4826,143.1864
2026/04/02@02:52:25,4827,143.12094
2026/04/02@02:52:26,4828,143.05692
2026/04/02@02:52:28,4830,142.99226
2026/04/02@02:52:29,4831,142.93644
2026/04/02@02:52:30,4832,142.85664
2026/04/02@02:52:31,4833,142.8088
2026/04/02@02:52:32,4834,142.73284
2026/04/02@02:52:33,4835,142.67935
2026/04/02@02:52:34,4836,142.60296
2026/04/02@02:52:35,4837,142.56375
2026/04/02@02:52:36,4838,142.52591
2026/04/02@02:52:37,4839,142.4435
2026/04/02@02:52:38,4840,142.39632
2026/04/02@02:52:39,4841,142.31427
2026/04/02@02:52:41,4843,142.21353
2026/04/02@02:52:42,4844,142.1659
2026/04/02@02:52:43,4845,142.10196
2026/04/02@02:52:44,4846,142.05713
2026/04/02@02:52:45,4847,141.97718
2026/04/02@02:52:46,4848,141.94882
2026/04/02@02:52:47,4849,141.86255
2026/04/02@02:52:48,4850,141.78506
2026/04/02@02:52:49,4851,141.74896
2026/04/02@02:52:50,4852,141.6611
2026/04/02@02:52:51,4853,141.63764
2026/04/02@02:52:52,4854,141.58428
2026/04/02@02:52:54,4856,141.50558
2026/04/02@02:52:55,4857,141.42684
2026/04/02@02:52:56,4858,141.40355
2026/04/02@02:52:57,4859,141.3222
2026/04/02@02:52:58,4860,141.27934
2026/04/02@02:52:59,4861,141.23418
2026/04/02@02:53:00,4862,141.17734
2026/04/02@02:53:01,4863,141.12645
2026/04/02@02:53:02,4864,141.06439
2026/04/02@02:53:03,4865,140.98144
2026/04/02@02:53:04,4866,140.91474
2026/04/02@02:53:05,4867,140.8572
2026/04/02@02:53:07,4869,140.8166
2026/04/02@02:53:08,4870,140.73826
2026/04/02@02:53:09,4871,140.72086
2026/04/02@02:53:10,4872,140.61428
2026/04/02@02:53:11,4873,140.5751
2026/04/02@02:53:12,4874,140.51297
2026/04/02@02:53:13,4875,140.44552
2026/04/02@02:53:14,4876,140.38258
2026/04/02@02:53:15,4877,140.3663
2026/04/02@02:53:16,4878,140.28718
2026/04/02@02:53:17,4879,140.20537
2026/04/02@02:53:18,4880,140.15722
2026/04/02@02:53:20,4882,140.09566
2026/04/02@02:53:21,4883,140.09014
2026/04/02@02:53:22,4884,140.00828
2026/04/02@02:53:23,4885,139.94122
2026/04/02@02:53:24,4886,139.89344
2026/04/02@02:53:25,4887,139.79708
2026/04/02@02:53:26,4888,139.77972
2026/04/02@02:53:27,4889,139.69274
2026/04/02@02:53:28,4890,139.62677
2026/04/02@02:53:29,4891,139.60114
2026/04/02@02:53:30,4892,139.55919
2026/04/02@02:53:32,4894,139.47588
2026/04/02@02:53:33,4895,139.44384
2026/04/02@02:53:34,4896,139.37186
2026/04/02@02:53:35,4897,139.27584
2026/04/02@02:53:36,4898,139.25734
2026/04/02@02:53:37,4899,139.21907
2026/04/02@02:53:38,4900,139.0934
2026/04/02@02:53:39,4901,139.06064
2026/04/02@02:53:40,4902,138.98041
2026/04/02@02:53:41,4903,138.90445
2026/04/02@02:53:42,4904,138.85919
2026/04/02@02:53:43,4905,138.80464
2026/04/02@02:53:45,4907,138.75865
2026/04/02@02:53:46,4908,138.70864
2026/04/02@02:53:47,4909,138.6271
2026/04/02@02:53:48,4910,138.5927
2026/04/02@02:53:49,4911,138.51536
2026/04/02@02:53:50,4912,138.47544
2026/04/02@02:53:51,4913,138.38476
2026/04/02@02:53:52,4914,138.34966
2026/04/02@02:53:53,4915,138.29812
2026/04/02@02:53:54,4916,138.2148
2026/04/02@02:53:55,4917,138.19815
2026/04/02@02:53:56,4918,138.11156
2026/04/02@02:53:58,4920,138.04999
2026/04/02@02:53:59,4921,137.98398
2026/04/02@02:54:00,4922,137.93786
2026/04/02@02:54:01,4923,137.85289
2026/04/02@02:54:02,4924,137.79631
2026/04/02@02:54:03,4925,137.72358
2026/04/02@02:54:04,4926,137.65085
2026/04/02@02:54:05,4927,137.62046
2026/04/02@02:54:06,4928,137.53978
2026/04/02@02:54:07,4929,137.47984
2026/04/02@02:54:08,4930,137.40678
2026/04/02@02:54:09,4931,137.35826
2026/04/02@02:54:10,4932,137.28168
2026/04/02@02:54:12,4934,137.21022
2026/04/02@02:54:13,4935,137.13684
2026/04/02@02:54:14,4936,137.11956
2026/04/02@02:54:15,4937,137.03092
2026/04/02@02:54:16,4938,136.95468
2026/04/02@02:54:17,4939,136.8481
2026/04/02@02:54:18,4940,136.8047
2026/04/02@02:54:19,4941,136.76428
2026/04/02@02:54:20,4942,136.68038
2026/04/02@02:54:21,4943,136.58734
2026/04/02@02:54:22,4944,136.55084
2026/04/02@02:54:24,4945,136.47319
2026/04/02@02:54:25,4947,136.40434
2026/04/02@02:54:26,4948,136.32992
2026/04/02@02:54:27,4949,136.29566
2026/04/02@02:54:28,4950,136.1935
2026/04/02@02:54:29,4951,136.17828
2026/04/02@02:54:30,4952,136.06962
2026/04/02@02:54:31,4953,136.02936
2026/04/02@02:54:32,4954,135.94764
2026/04/02@02:54:33,4955,135.88938
2026/04/02@02:54:34,4956,135.82274
2026/04/02@02:54:35,4957,135.76558
2026/04/02@02:54:37,4958,135.6877
2026/04/02@02:54:38,4960,135.62062
2026/04/02@02:54:39,4961,135.53986
2026/04/02@02:54:40,4962,135.47736
2026/04/02@02:54:41,4963,135.4349
2026/04/02@02:54:42,4964,135.35373
2026/04/02@02:54:43,4965,135.26985
2026/04/02@02:54:44,4966,135.1962
2026/04/02@02:54:45,4967,135.13482
2026/04/02@02:54:46,4968,135.06793
2026/04/02@02:54:47,4969,135.04272
2026/04/02@02:54:48,4970,134.95697
2026/04/02@02:54:50,4972,134.80272
2026/04/02@02:54:51,4973,134.76903
2026/04/02@02:54:52,4974,134.7203
2026/04/02@02:54:53,4975,134.60758
2026/04/02@02:54:54,4976,134.5578
2026/04/02@02:54:55,4977,134.5248
2026/04/02@02:54:56,4978,134.46071
2026/04/02@02:54:57,4979,134.38172
2026/04/02@02:54:58,4980,134.31305
2026/04/02@02:54:59,4981,134.26065
2026/04/02@02:55:00,4982,134.13552
2026/04/02@02:55:01,4983,134.0901
2026/04/02@02:55:03,4985,134.02472
2026/04/02@02:55:04,4986,133.9808
2026/04/02@02:55:05,4987,133.94023
2026/04/02@02:55:06,4988,133.8498
2026/04/02@02:55:07,4989,133.80066
2026/04/02@02:55:08,4990,133.74664
2026/04/02@02:55:09,4991,133.65909
2026/04/02@02:55:10,4992,133.58307
2026/04/02@02:55:11,4993,133.54858
2026/04/02@02:55:12,4994,133.46452
2026/04/02@02:55:13,4995,133.41854
2026/04/02@02:55:14,4996,133.37697
2026/04/02@02:55:16,4997,133.27712
2026/04/02@02:55:17,4999,133.21836
2026/04/02@02:55:18,5000,133.16043
2026/04/02@02:55:19,5001,133.07012
2026/04/02@02:55:20,5002,133.01182
2026/04/02@02:55:21,5003,132.95946
2026/04/02@02:55:22,5004,132.90632
2026/04/02@02:55:23,5005,132.81066
2026/04/02@02:55:24,5006,132.76268
2026/04/02@02:55:25,5007,132.69326
2026/04/02@02:55:26,5008,132.64636
2026/04/02@02:55:27,5009,132.56538
2026/04/02@02:55:29,5011,132.52178
2026/04/02@02:55:30,5012,132.42523
2026/04/02@02:55:31,5013,132.33107
2026/04/02@02:55:32,5014,132.275
2026/04/02@02:55:33,5015,132.18288
2026/04/02@02:55:34,5016,132.1442
2026/04/02@02:55:35,5017,132.06743
2026/04/02@02:55:36,5018,132.0224
2026/04/02@02:55:37,5019,131.94602
2026/04/02@02:55:38,5020,131.85698
2026/04/02@02:55:39,5021,131.80217
2026/04/02@02:55:40,5022,131.71186
2026/04/02@02:55:42,5023,131.68748
2026/04/02@02:55:43,5025,131.6122
2026/04/02@02:55:44,5026,131.51619
2026/04/02@02:55:45,5027,131.4876
2026/04/02@02:55:46,5028,131.44072
2026/04/02@02:55:47,5029,131.37805
2026/04/02@02:55:48,5030,131.32366
2026/04/02@02:55:49,5031,131.29378
2026/04/02@02:55:50,5032,131.1813
2026/04/02@02:55:51,5033,131.12798
2026/04/02@02:55:52,5034,131.08022
2026/04/02@02:55:53,5035,130.98512
2026/04/02@02:55:55,5037,130.9518
2026/04/02@02:55:56,5038,130.91345
2026/04/02@02:55:57,5039,130.80624
2026/04/02@02:55:58,5040,130.7595
2026/04/02@02:55:59,5041,130.71572
2026/04/02@02:56:00,5042,130.63934
2026/04/02@02:56:01,5043,130.59084
2026/04/02@02:56:02,5044,130.51863
2026/04/02@02:56:03,5045,130.43634
2026/04/02@02:56:04,5046,130.3748
2026/04/02@02:56:05,5047,130.28264
2026/04/02@02:56:06,5048,130.1925
2026/04/02@02:56:08,5050,130.16046
2026/04/02@02:56:09,5051,130.09708
2026/04/02@02:56:10,5052,130.00344
2026/04/02@02:56:11,5053,129.9485
2026/04/02@02:56:12,5054,129.86804
2026/04/02@02:56:13,5055,129.81326
2026/04/02@02:56:14,5056,129.73802
2026/04/02@02:56:15,5057,129.69475
2026/04/02@02:56:16,5058,129.66122
2026/04/02@02:56:17,5059,129.59323
2026/04/02@02:56:18,5060,129.587
2026/04/02@02:56:19,5061,129.48897
2026/04/02@02:56:21,5063,129.47394
2026/04/02@02:56:22,5064,129.3727
2026/04/02@02:56:23,5065,129.2922
2026/04/02@02:56:24,5066,129.23401
2026/04/02@02:56:25,5067,129.18102
2026/04/02@02:56:26,5068,129.09819
2026/04/02@02:56:27,5069,129.04178
2026/04/02@02:56:28,5070,128.95604
2026/04/02@02:56:29,5071,128.91154
2026/04/02@02:56:30,5072,128.841
2026/04/02@02:56:31,5073,128.8098
2026/04/02@02:56:32,5074,128.74776
2026/04/02@02:56:34,5076,128.68193
2026/04/02@02:56:35,5077,128.61052
2026/04/02@02:56:36,5078,128.52896
2026/04/02@02:56:37,5079,128.46869
2026/04/02@02:56:38,5080,128.43716
2026/04/02@02:56:39,5081,128.34576
2026/04/02@02:56:40,5082,128.3274
2026/04/02@02:56:41,5083,128.28395
2026/04/02@02:56:42,5084,128.2127
2026/04/02@02:56:43,5085,128.1561
2026/04/02@02:56:44,5086,128.06396
2026/04/02@02:56:45,5087,127.990456
2026/04/02@02:56:47,5089,127.94764
2026/04/02@02:56:48,5090,127.89084
2026/04/02@02:56:49,5091,127.86094
2026/04/02@02:56:50,5092,127.76016
2026/04/02@02:56:51,5093,127.7114
2026/04/02@02:56:52,5094,127.61158
2026/04/02@02:56:53,5095,127.52937
2026/04/02@02:56:54,5096,127.46268
2026/04/02@02:56:55,5097,127.413532
2026/04/02@02:56:56,5098,127.33788
2026/04/02@02:56:57,5099,127.31199
2026/04/02@02:56:58,5100,127.246452
2026/04/02@02:57:00,5102,127.174068
2026/04/02@02:57:01,5103,127.12201
2026/04/02@02:57:02,5104,126.98189
2026/04/02@02:57:03,5105,126.96939
2026/04/02@02:57:04,5106,126.886792
2026/04/02@02:57:05,5107,126.84461
2026/04/02@02:57:06,5108,126.77629
2026/04/02@02:57:07,5109,126.69604
2026/04/02@02:57:08,5110,126.60332
2026/04/02@02:57:09,5111,126.56445
2026/04/02@02:57:10,5112,126.52514
2026/04/02@02:57:11,5113,126.47836
2026/04/02@02:57:13,5115,126.43565
2026/04/02@02:57:14,5116,126.35467
2026/04/02@02:57:15,5117,126.30981
2026/04/02@02:57:16,5118,126.242168
2026/04/02@02:57:17,5119,126.1671
2026/04/02@02:57:18,5120,126.12803
2026/04/02@02:57:19,5121,126.06518
2026/04/02@02:57:20,5122,126.00346
2026/04/02@02:57:21,5123,125.950092
2026/04/02@02:57:22,5124,125.904888
2026/04/02@02:57:23,5125,125.80795
2026/04/02@02:57:24,5126,125.79419
2026/04/02@02:57:26,5128,125.703512
2026/04/02@02:57:27,5129,125.63465
2026/04/02@02:57:28,5130,125.56152
2026/04/02@02:57:29,5131,125.51845
2026/04/02@02:57:30,5132,125.476712
2026/04/02@02:57:31,5133,125.45176
2026/04/02@02:57:32,5134,125.33523
2026/04/02@02:57:33,5135,125.30752
2026/04/02@02:57:34,5136,125.25812
2026/04/02@02:57:35,5137,125.21704
2026/04/02@02:57:36,5138,125.07889
2026/04/02@02:57:37,5139,125.07781
2026/04/02@02:57:39,5141,125.00635
2026/04/02@02:57:40,5142,124.90611
2026/04/02@02:57:41,5143,124.863232
2026/04/02@02:57:42,5144,124.800608
2026/04/02@02:57:43,5145,124.73371
2026/04/02@02:57:44,5146,124.667016
2026/04/02@02:57:45,5147,124.62326
2026/04/02@02:57:46,5148,124.585068
2026/04/02@02:57:47,5149,124.55682
2026/04/02@02:57:48,5150,124.512144
2026/04/02@02:57:49,5151,124.47512
2026/04/02@02:57:50,5152,124.379484
2026/04/02@02:57:52,5154,124.302376
2026/04/02@02:57:53,5155,124.23417
2026/04/02@02:57:54,5156,124.1523
2026/04/02@02:57:55,5157,124.11472
2026/04/02@02:57:56,5158,124.05152
2026/04/02@02:57:57,5159,123.992328
2026/04/02@02:57:58,5160,123.92945
2026/04/02@02:57:59,5161,123.85327
2026/04/02@02:58:00,5162,123.82373
2026/04/02@02:58:01,5163,123.7563
2026/04/02@02:58:02,5164,123.69713
2026/04/02@02:58:04,5166,123.61318
2026/04/02@02:58:05,5167,123.60385
2026/04/02@02:58:06,5168,123.52742
2026/04/02@02:58:07,5169,123.459496
2026/04/02@02:58:08,5170,123.391528
2026/04/02@02:58:09,5171,123.3915
2026/04/02@02:58:10,5172,123.328832
2026/04/02@02:58:11,5173,123.2621
2026/04/02@02:58:12,5174,123.20424
2026/04/02@02:58:13,5175,123.12302
2026/04/02@02:58:14,5176,123.07447
2026/04/02@02:58:15,5177,123.03272
2026/04/02@02:58:17,5179,122.96933
2026/04/02@02:58:18,5180,122.8918
2026/04/02@02:58:19,5181,122.84857
2026/04/02@02:58:20,5182,122.761896
2026/04/02@02:58:21,5183,122.77362
2026/04/02@02:58:22,5184,122.69322
2026/04/02@02:58:23,5185,122.610376
2026/04/02@02:58:24,5186,122.52004
2026/04/02@02:58:25,5187,122.43171
2026/04/02@02:58:26,5188,122.41264
2026/04/02@02:58:27,5189,122.3456
2026/04/02@02:58:28,5190,122.28975
2026/04/02@02:58:30,5192,122.2265
2026/04/02@02:58:31,5193,122.16365
2026/04/02@02:58:32,5194,122.09753
2026/04/02@02:58:33,5195,122.02567
2026/04/02@02:58:34,5196,121.97177
2026/04/02@02:58:35,5197,121.910776
2026/04/02@02:58:36,5198,121.88293
2026/04/02@02:58:37,5199,121.77644
2026/04/02@02:58:38,5200,121.75834
2026/04/02@02:58:39,5201,121.6865
2026/04/02@02:58:40,5202,121.67128
2026/04/02@02:58:41,5203,121.57547
2026/04/02@02:58:43,5205,121.51922
2026/04/02@02:58:44,5206,121.49043
2026/04/02@02:58:45,5207,121.418976
2026/04/02@02:58:46,5208,121.38878
2026/04/02@02:58:47,5209,121.335624
2026/04/02@02:58:48,5210,121.29276
2026/04/02@02:58:49,5211,121.26437
2026/04/02@02:58:50,5212,121.18753
2026/04/02@02:58:51,5213,121.12015
2026/04/02@02:58:52,5214,121.09099
2026/04/02@02:58:53,5215,121.03984
2026/04/02@02:58:54,5216,120.98508
2026/04/02@02:58:56,5218,120.92881
2026/04/02@02:58:57,5219,120.830248
2026/04/02@02:58:58,5220,120.82198
2026/04/02@02:58:59,5221,120.76832
2026/04/02@02:59:00,5222,120.711496
2026/04/02@02:59:01,5223,120.638888
2026/04/02@02:59:02,5224,120.58193
2026/04/02@02:59:03,5225,120.53394
2026/04/02@02:59:04,5226,120.48553
2026/04/02@02:59:05,5227,120.44631
2026/04/02@02:59:06,5228,120.3571
2026/04/02@02:59:08,5229,120.34246
2026/04/02@02:59:09,5231,120.2884
2026/04/02@02:59:10,5232,120.22166
2026/04/02@02:59:11,5233,120.17461
2026/04/02@02:59:12,5234,120.120708
2026/04/02@02:59:13,5235,120.07861
2026/04/02@02:59:14,5236,119.99856
2026/04/02@02:59:15,5237,119.945
2026/04/02@02:59:16,5238,119.87887
2026/04/02@02:59:17,5239,119.82535
2026/04/02@02:59:18,5240,119.77369
2026/04/02@02:59:19,5241,119.72035
2026/04/02@02:59:21,5242,119.65695
2026/04/02@02:59:22,5244,119.58787
2026/04/02@02:59:23,5245,119.548648
2026/04/02@02:59:24,5246,119.45923
2026/04/02@02:59:25,5247,119.44417
2026/04/02@02:59:26,5248,119.33367
2026/04/02@02:59:27,5249,119.28181
2026/04/02@02:59:28,5250,119.20561
2026/04/02@02:59:29,5251,119.16001
2026/04/02@02:59:30,5252,119.09762
2026/04/02@02:59:31,5253,119.03752
2026/04/02@02:59:32,5254,118.98713
2026/04/02@02:59:34,5256,118.9478
2026/04/02@02:59:35,5257,118.87224
2026/04/02@02:59:36,5258,118.85191
2026/04/02@02:59:37,5259,118.79385
2026/04/02@02:59:38,5260,118.72238
2026/04/02@02:59:39,5261,118.68336
2026/04/02@02:59:40,5262,118.63664
2026/04/02@02:59:41,5263,118.61224
2026/04/02@02:59:42,5264,118.49714
2026/04/02@02:59:43,5265,118.476072
2026/04/02@02:59:44,5266,118.440152
2026/04/02@02:59:45,5267,118.40898
2026/04/02@02:59:47,5269,118.36554
2026/04/02@02:59:48,5270,118.2739
2026/04/02@02:59:49,5271,118.20839
2026/04/02@02:59:50,5272,118.19092
2026/04/02@02:59:51,5273,118.152792
2026/04/02@02:59:52,5274,118.11412
2026/04/02@02:59:53,5275,118.03754
2026/04/02@02:59:54,5276,118.0166
2026/04/02@02:59:55,5277,117.95589
2026/04/02@02:59:56,5278,117.882616
2026/04/02@02:59:57,5279,117.85789
2026/04/02@02:59:58,5280,117.80888
2026/04/02@03:00:00,5282,117.74788
2026/04/02@03:00:01,5283,117.69297
2026/04/02@03:00:02,5284,117.66892
2026/04/02@03:00:03,5285,117.57844
2026/04/02@03:00:04,5286,117.5557
2026/04/02@03:00:05,5287,117.514856
2026/04/02@03:00:06,5288,117.48719
2026/04/02@03:00:07,5289,117.41004
2026/04/02@03:00:08,5290,117.323036
2026/04/02@03:00:09,5291,117.25513
2026/04/02@03:00:10,5292,117.23149
2026/04/02@03:00:11,5293,117.19227
2026/04/02@03:00:13,5295,117.116232
2026/04/02@03:00:14,5296,117.077736
2026/04/02@03:00:15,5297,117.02552
2026/04/02@03:00:16,5298,116.982452
2026/04/02@03:00:17,5299,116.90127
2026/04/02@03:00:18,5300,116.854
2026/04/02@03:00:19,5301,116.825968
2026/04/02@03:00:20,5302,116.76621
2026/04/02@03:00:21,5303,116.725176
2026/04/02@03:00:22,5304,116.70026
2026/04/02@03:00:23,5305,116.61486
2026/04/02@03:00:24,5306,116.57108
2026/04/02@03:00:26,5308,116.5421
2026/04/02@03:00:27,5309,116.51099
2026/04/02@03:00:28,5310,116.45563
2026/04/02@03:00:29,5311,116.4061
2026/04/02@03:00:30,5312,116.349848
2026/04/02@03:00:31,5313,116.29781
2026/04/02@03:00:32,5314,116.25617
2026/04/02@03:00:33,5315,116.218452
2026/04/02@03:00:34,5316,116.16
2026/04/02@03:00:35,5317,116.11324
2026/04/02@03:00:36,5318,116.05515
2026/04/02@03:00:37,5319,116.040116
2026/04/02@03:00:39,5321,116.00916
2026/04/02@03:00:40,5322,115.92176
2026/04/02@03:00:41,5323,115.90803
2026/04/02@03:00:42,5324,115.835232
2026/04/02@03:00:43,5325,115.79654
2026/04/02@03:00:44,5326,115.75481
2026/04/02@03:00:45,5327,115.71962
2026/04/02@03:00:46,5328,115.659672
2026/04/02@03:00:47,5329,115.62536
2026/04/02@03:00:48,5330,115.58521
2026/04/02@03:00:49,5331,115.49431
2026/04/02@03:00:51,5333,115.44887
2026/04/02@03:00:52,5334,115.42927
2026/04/02@03:00:53,5335,115.33252
2026/04/02@03:00:54,5336,115.26544
2026/04/02@03:00:55,5337,115.18521
2026/04/02@03:00:56,5338,115.10748
2026/04/02@03:00:57,5339,115.03676
2026/04/02@03:00:58,5340,114.959784
2026/04/02@03:00:59,5341,114.920904
2026/04/02@03:01:00,5342,114.86224
2026/04/02@03:01:01,5343,114.8352
2026/04/02@03:01:02,5344,114.763692
2026/04/02@03:01:04,5346,114.738944
2026/04/02@03:01:05,5347,114.658904
2026/04/02@03:01:06,5348,114.57126
2026/04/02@03:01:07,5349,114.5154
2026/04/02@03:01:08,5350,114.44775
2026/04/02@03:01:09,5351,114.320084
2026/04/02@03:01:10,5352,114.30486
2026/04/02@03:01:11,5353,114.27678
2026/04/02@03:01:12,5354,114.237208
2026/04/02@03:01:13,5355,114.19947
2026/04/02@03:01:14,5356,114.157168
2026/04/02@03:01:15,5357,114.09023
2026/04/02@03:01:17,5359,114.06242
2026/04/02@03:01:18,5360,113.94638
2026/04/02@03:01:19,5361,113.88847
2026/04/02@03:01:20,5362,113.85679
2026/04/02@03:01:21,5363,113.82125
2026/04/02@03:01:22,5364,113.75121
2026/04/02@03:01:23,5365,113.70795
2026/04/02@03:01:24,5366,113.64531
2026/04/02@03:01:25,5367,113.56758
2026/04/02@03:01:26,5368,113.54929
2026/04/02@03:01:27,5369,113.50949
2026/04/02@03:01:28,5370,113.43418
2026/04/02@03:01:30,5372,113.372792
2026/04/02@03:01:31,5373,113.32442
2026/04/02@03:01:32,5374,113.26267
2026/04/02@03:01:33,5375,113.21518
2026/04/02@03:01:34,5376,113.14926
2026/04/02@03:01:35,5377,113.07515
2026/04/02@03:01:36,5378,113.01764
2026/04/02@03:01:37,5379,112.96463
2026/04/02@03:01:38,5380,112.92194
2026/04/02@03:01:39,5381,112.87908
2026/04/02@03:01:40,5382,112.77902
2026/04/02@03:01:41,5383,112.768584
2026/04/02@03:01:43,5385,112.6482
2026/04/02@03:01:44,5386,112.57707
2026/04/02@03:01:45,5387,112.520252
2026/04/02@03:01:46,5388,112.46251
2026/04/02@03:01:47,5389,112.40534
2026/04/02@03:01:48,5390,112.347272
2026/04/02@03:01:49,5391,112.28627
2026/04/02@03:01:50,5392,112.20965
2026/04/02@03:01:51,5393,112.17576
2026/04/02@03:01:52,5394,112.09036
2026/04/02@03:01:53,5395,111.995052
2026/04/02@03:01:54,5396,111.932784
2026/04/02@03:01:56,5398,111.893908
2026/04/02@03:01:57,5399,111.79552
2026/04/02@03:01:58,5400,111.71742
2026/04/02@03:01:59,5401,111.65399
2026/04/02@03:02:00,5402,111.610696
2026/04/02@03:02:01,5403,111.54617
2026/04/02@03:02:02,5404,111.49488
2026/04/02@03:02:03,5405,111.415916
2026/04/02@03:02:04,5406,111.34298
2026/04/02@03:02:05,5407,111.25742
2026/04/02@03:02:06,5408,111.18536
2026/04/02@03:02:07,5409,111.098144
2026/04/02@03:02:09,5411,111.03218
2026/04/02@03:02:10,5412,110.96145
2026/04/02@03:02:11,5413,110.87147
2026/04/02@03:02:12,5414,110.804408
2026/04/02@03:02:13,5415,110.810296
2026/04/02@03:02:14,5416,110.72377
2026/04/02@03:02:15,5417,110.70967
2026/04/02@03:02:16,5418,110.647
2026/04/02@03:02:17,5419,110.60944
2026/04/02@03:02:18,5420,110.54146
2026/04/02@03:02:19,5421,110.48371
2026/04/02@03:02:21,5422,110.44905
2026/04/02@03:02:22,5424,110.40709
2026/04/02@03:02:23,5425,110.326488
2026/04/02@03:02:24,5426,110.26611
2026/04/02@03:02:25,5427,110.20821
2026/04/02@03:02:26,5428,110.160544
2026/04/02@03:02:27,5429,110.10795
2026/04/02@03:02:28,5430,110.02811
2026/04/02@03:02:29,5431,110.01231
2026/04/02@03:02:30,5432,109.95918
2026/04/02@03:02:31,5433,109.91152
2026/04/02@03:02:32,5434,109.92086
2026/04/02@03:02:34,5435,109.80649
2026/04/02@03:02:35,5437,109.75729
2026/04/02@03:02:36,5438,109.69459
2026/04/02@03:02:37,5439,109.67177
2026/04/02@03:02:38,5440,109.61929
2026/04/02@03:02:39,5441,109.52842
2026/04/02@03:02:40,5442,109.4606
2026/04/02@03:02:41,5443,109.42154
2026/04/02@03:02:42,5444,109.38672
2026/04/02@03:02:43,5445,109.315608
2026/04/02@03:02:44,5446,109.309232
2026/04/02@03:02:45,5447,109.22984
2026/04/02@03:02:47,5449,109.15949
2026/04/02@03:02:48,5450,109.14024
2026/04/02@03:02:49,5451,109.06767
2026/04/02@03:02:50,5452,109.01999
2026/04/02@03:02:51,5453,108.96796
2026/04/02@03:02:52,5454,108.947784
2026/04/02@03:02:53,5455,108.8727
2026/04/02@03:02:54,5456,108.84294
2026/04/02@03:02:55,5457,108.7961
2026/04/02@03:02:56,5458,108.69598
2026/04/02@03:02:57,5459,108.6962
2026/04/02@03:02:58,5460,108.61901
2026/04/02@03:03:00,5462,108.60949
2026/04/02@03:03:01,5463,108.56588
2026/04/02@03:03:02,5464,108.48483
2026/04/02@03:03:03,5465,108.47916
2026/04/02@03:03:04,5466,108.41834
2026/04/02@03:03:05,5467,108.36903
2026/04/02@03:03:06,5468,108.32614
2026/04/02@03:03:07,5469,108.27906
2026/04/02@03:03:08,5470,108.226652
2026/04/02@03:03:09,5471,108.156492
2026/04/02@03:03:10,5472,108.160316
2026/04/02@03:03:11,5473,108.07415
2026/04/02@03:03:13,5475,108.03204
2026/04/02@03:03:14,5476,107.97832
2026/04/02@03:03:15,5477,107.972824
2026/04/02@03:03:16,5478,107.87406
2026/04/02@03:03:17,5479,107.81061
2026/04/02@03:03:18,5480,107.78791
2026/04/02@03:03:19,5481,107.730192
2026/04/02@03:03:20,5482,107.67303
2026/04/02@03:03:21,5483,107.619672
2026/04/02@03:03:22,5484,107.590328
2026/04/02@03:03:23,5485,107.518264
2026/04/02@03:03:24,5486,107.483052
2026/04/02@03:03:26,5488,107.4217
2026/04/02@03:03:27,5489,107.378424
2026/04/02@03:03:28,5490,107.340516
2026/04/02@03:03:29,5491,107.250728
2026/04/02@03:03:30,5492,107.19773
2026/04/02@03:03:31,5493,107.1391
2026/04/02@03:03:32,5494,107.03425
2026/04/02@03:03:33,5495,107.03748
2026/04/02@03:03:34,5496,106.9626
2026/04/02@03:03:35,5497,106.92846
2026/04/02@03:03:36,5498,106.88141
2026/04/02@03:03:37,5499,106.83339
2026/04/02@03:03:39,5501,106.790308
2026/04/02@03:03:40,5502,106.76057
2026/04/02@03:03:41,5503,106.6929
2026/04/02@03:03:42,5504,106.66932
2026/04/02@03:03:43,5505,106.577288
2026/04/02@03:03:44,5506,106.51953
2026/04/02@03:03:45,5507,106.484888
2026/04/02@03:03:46,5508,106.43623
2026/04/02@03:03:47,5509,106.39374
2026/04/02@03:03:48,5510,106.36209
2026/04/02@03:03:49,5511,106.29257
2026/04/02@03:03:50,5512,106.2588
2026/04/02@03:03:52,5514,106.20756
2026/04/02@03:03:53,5515,106.17343
2026/04/02@03:03:54,5516,106.12064
2026/04/02@03:03:55,5517,106.067896
2026/04/02@03:03:56,5518,106.02922
2026/04/02@03:03:57,5519,105.96056
2026/04/02@03:03:58,5520,105.884416
2026/04/02@03:03:59,5521,105.89049
2026/04/02@03:04:00,5522,105.84153
2026/04/02@03:04:01,5523,105.78487
2026/04/02@03:04:02,5524,105.75723
2026/04/02@03:04:03,5525,105.69814
2026/04/02@03:04:05,5527,105.62857
2026/04/02@03:04:06,5528,105.5838
2026/04/02@03:04:07,5529,105.51651
2026/04/02@03:04:08,5530,105.46867
2026/04/02@03:04:09,5531,105.41521
2026/04/02@03:04:10,5532,105.333048
2026/04/02@03:04:11,5533,105.34292
2026/04/02@03:04:12,5534,105.27714
2026/04/02@03:04:13,5535,105.174868
2026/04/02@03:04:14,5536,105.1173
2026/04/02@03:04:15,5537,105.0936
2026/04/02@03:04:17,5538,105.05246
2026/04/02@03:04:18,5540,104.97035
2026/04/02@03:04:19,5541,104.92747
2026/04/02@03:04:20,5542,104.85922
2026/04/02@03:04:21,5543,104.80263
2026/04/02@03:04:22,5544,104.79632
2026/04/02@03:04:23,5545,104.687332
2026/04/02@03:04:24,5546,104.687292
2026/04/02@03:04:25,5547,104.63012
2026/04/02@03:04:26,5548,104.58247
2026/04/02@03:04:27,5549,104.53812
2026/04/02@03:04:28,5550,104.472332
2026/04/02@03:04:30,5551,104.42432
2026/04/02@03:04:31,5553,104.409064
2026/04/02@03:04:32,5554,104.35152
2026/04/02@03:04:33,5555,104.31
2026/04/02@03:04:34,5556,104.23793
2026/04/02@03:04:35,5557,104.18917
2026/04/02@03:04:36,5558,104.166088
2026/04/02@03:04:37,5559,104.12378
2026/04/02@03:04:38,5560,104.10473
2026/04/02@03:04:39,5561,104.026792
2026/04/02@03:04:40,5562,103.96047
2026/04/02@03:04:41,5563,103.923648
2026/04/02@03:04:43,5565,103.88514
2026/04/02@03:04:44,5566,103.83292
2026/04/02@03:04:45,5567,103.807784
2026/04/02@03:04:46,5568,103.764368
2026/04/02@03:04:47,5569,103.70732
2026/04/02@03:04:48,5570,103.62689
2026/04/02@03:04:49,5571,103.64119
2026/04/02@03:04:50,5572,103.573528
2026/04/02@03:04:51,5573,103.531068
2026/04/02@03:04:52,5574,103.469864
2026/04/02@03:04:53,5575,103.45001
2026/04/02@03:04:54,5576,103.407132
2026/04/02@03:04:56,5578,103.344792
2026/04/02@03:04:57,5579,103.284008
2026/04/02@03:04:58,5580,103.2638
2026/04/02@03:04:59,5581,103.216352
2026/04/02@03:05:00,5582,103.160316
2026/04/02@03:05:01,5583,103.10162
2026/04/02@03:05:02,5584,103.04995
2026/04/02@03:05:03,5585,103.01549
2026/04/02@03:05:04,5586,102.944408
2026/04/02@03:05:05,5587,102.8478
2026/04/02@03:05:06,5588,102.87197
2026/04/02@03:05:07,5589,102.844504
2026/04/02@03:05:09,5591,102.780884
2026/04/02@03:05:10,5592,102.72199
2026/04/02@03:05:11,5593,102.674904
2026/04/02@03:05:12,5594,102.65588
2026/04/02@03:05:13,5595,102.60383
2026/04/02@03:05:14,5596,102.54626
2026/04/02@03:05:15,5597,102.531584
2026/04/02@03:05:16,5598,102.42678
2026/04/02@03:05:17,5599,102.416856
2026/04/02@03:05:18,5600,102.38023
2026/04/02@03:05:19,5601,102.30151
2026/04/02@03:05:21,5603,102.22643
2026/04/02@03:05:22,5604,102.1925
2026/04/02@03:05:23,5605,102.11608
2026/04/02@03:05:24,5606,102.07189
2026/04/02@03:05:25,5607,102.05644
2026/04/02@03:05:26,5608,101.98613
2026/04/02@03:05:27,5609,101.947816
2026/04/02@03:05:28,5610,101.89499
2026/04/02@03:05:29,5611,101.903984
2026/04/02@03:05:30,5612,101.82352
2026/04/02@03:05:31,5613,101.7755
2026/04/02@03:05:32,5614,101.733184
2026/04/02@03:05:34,5616,101.70235
2026/04/02@03:05:35,5617,101.644392
2026/04/02@03:05:36,5618,101.60679
2026/04/02@03:05:37,5619,101.562968
2026/04/02@03:05:38,5620,101.50561
2026/04/02@03:05:39,5621,101.442024
2026/04/02@03:05:40,5622,101.42389
2026/04/02@03:05:41,5623,101.343288
2026/04/02@03:05:42,5624,101.33904
2026/04/02@03:05:43,5625,101.281908
2026/04/02@03:05:44,5626,101.2567
2026/04/02@03:05:45,5627,101.15938
2026/04/02@03:05:47,5629,101.132832
2026/04/02@03:05:48,5630,101.10844
2026/04/02@03:05:49,5631,101.06536
2026/04/02@03:05:50,5632,101.00378
2026/04/02@03:05:51,5633,100.955216
2026/04/02@03:05:52,5634,100.903368
2026/04/02@03:05:53,5635,100.854808
2026/04/02@03:05:54,5636,100.7974
2026/04/02@03:05:55,5637,100.75866
2026/04/02@03:05:56,5638,100.68586
2026/04/02@03:05:57,5639,100.664768
2026/04/02@03:05:58,5640,100.622952
2026/04/02@03:06:00,5642,100.56137
2026/04/02@03:06:01,5643,100.52198
2026/04/02@03:06:02,5644,100.48422
2026/04/02@03:06:03,5645,100.42724
2026/04/02@03:06:04,5646,100.37859
2026/04/02@03:06:05,5647,100.32144
2026/04/02@03:06:06,5648,100.284648
2026/04/02@03:06:07,5649,100.24387
2026/04/02@03:06:08,5650,100.17487
2026/04/02@03:06:09,5651,100.14877
2026/04/02@03:06:10,5652,100.1303
2026/04/02@03:06:11,5653,100.08335
2026/04/02@03:06:13,5655,100.06905
2026/04/02@03:06:14,5656,99.9915136
2026/04/02@03:06:15,5657,99.9833
2026/04/02@03:06:16,5658,99.900952
2026/04/02@03:06:17,5659,99.84379
2026/04/02@03:06:18,5660,99.815384
2026/04/02@03:06:19,5661,99.7456368
2026/04/02@03:06:20,5662,99.68373
2026/04/02@03:06:21,5663,99.61204
2026/04/02@03:06:22,5664,99.60271
2026/04/02@03:06:23,5665,99.52986
2026/04/02@03:06:24,5666,99.4889
2026/04/02@03:06:26,5668,99.45424
2026/04/02@03:06:27,5669,99.42906
2026/04/02@03:06:28,5670,99.39668
2026/04/02@03:06:29,5671,99.32004
2026/04/02@03:06:30,5672,99.31945
2026/04/02@03:06:31,5673,99.23347
2026/04/02@03:06:32,5674,99.20015
2026/04/02@03:06:33,5675,99.13667
2026/04/02@03:06:34,5676,99.08998
2026/04/02@03:06:35,5677,99.05148
2026/04/02@03:06:36,5678,99.0143
2026/04/02@03:06:37,5679,98.99927
2026/04/02@03:06:39,5681,98.92281
2026/04/02@03:06:40,5682,98.9085168
2026/04/02@03:06:41,5683,98.82217
2026/04/02@03:06:42,5684,98.8037
2026/04/02@03:06:43,5685,98.778916
2026/04/02@03:06:44,5686,98.73677
2026/04/02@03:06:45,5687,98.67882
2026/04/02@03:06:46,5688,98.61619
2026/04/02@03:06:47,5689,98.61805
2026/04/02@03:06:48,5690,98.53112
2026/04/02@03:06:49,5691,98.50676
2026/04/02@03:06:50,5692,98.478516
2026/04/02@03:06:52,5694,98.41623
2026/04/02@03:06:53,5695,98.3439536
2026/04/02@03:06:54,5696,98.3327
2026/04/02@03:06:55,5697,98.29328
2026/04/02@03:06:56,5698,98.24748
2026/04/02@03:06:57,5699,98.194728
2026/04/02@03:06:58,5700,98.179084
2026/04/02@03:06:59,5701,98.11715
2026/04/02@03:07:00,5702,98.03634
2026/04/02@03:07:01,5703,98.01192
2026/04/02@03:07:02,5704,97.94827
2026/04/02@03:07:03,5705,97.933016
2026/04/02@03:07:05,5707,97.875656
2026/04/02@03:07:06,5708,97.83788
2026/04/02@03:07:07,5709,97.79922
2026/04/02@03:07:08,5710,97.75761
2026/04/02@03:07:09,5711,97.68119
2026/04/02@03:07:10,5712,97.62252
2026/04/02@03:07:11,5713,97.5947
2026/04/02@03:07:12,5714,97.513084
2026/04/02@03:07:13,5715,97.44085
2026/04/02@03:07:14,5716,97.41702
2026/04/02@03:07:15,5717,97.35105
2026/04/02@03:07:16,5718,97.31313
2026/04/02@03:07:18,5719,97.22183
2026/04/02@03:07:19,5721,97.16867
2026/04/02@03:07:20,5722,97.10291
2026/04/02@03:07:21,5723,97.08422
2026/04/02@03:07:22,5724,97.030652
2026/04/02@03:07:23,5725,96.96418
2026/04/02@03:07:24,5726,96.90258
2026/04/02@03:07:25,5727,96.87266
2026/04/02@03:07:26,5728,96.85971
2026/04/02@03:07:27,5729,96.797384
2026/04/02@03:07:28,5730,96.755224
2026/04/02@03:07:29,5731,96.69256
2026/04/02@03:07:30,5732,96.649448
2026/04/02@03:07:32,5734,96.6302
2026/04/02@03:07:33,5735,96.58311
2026/04/02@03:07:34,5736,96.55853
2026/04/02@03:07:35,5737,96.496608
2026/04/02@03:07:36,5738,96.4682
2026/04/02@03:07:37,5739,96.40165
2026/04/02@03:07:38,5740,96.3624
2026/04/02@03:07:39,5741,96.328024
2026/04/02@03:07:40,5742,96.285192
2026/04/02@03:07:41,5743,96.25314
2026/04/02@03:07:42,5744,96.211048
2026/04/02@03:07:43,5745,96.17177
2026/04/02@03:07:45,5747,96.12947
2026/04/02@03:07:46,5748,96.07037
2026/04/02@03:07:47,5749,96.02807
2026/04/02@03:07:48,5750,95.9943136
2026/04/02@03:07:49,5751,95.92816
2026/04/02@03:07:50,5752,95.875752
2026/04/02@03:07:51,5753,95.84275
2026/04/02@03:07:52,5754,95.79379
2026/04/02@03:07:53,5755,95.75131
2026/04/02@03:07:54,5756,95.703416
2026/04/02@03:07:55,5757,95.717184
2026/04/02@03:07:56,5758,95.62643
2026/04/02@03:07:58,5760,95.60757
2026/04/02@03:07:59,5761,95.54158
2026/04/02@03:08:00,5762,95.469348
2026/04/02@03:08:01,5763,95.453544
2026/04/02@03:08:02,5764,95.33025
2026/04/02@03:08:03,5765,95.32621
2026/04/02@03:08:04,5766,95.30621
2026/04/02@03:08:05,5767,95.24012
2026/04/02@03:08:06,5768,95.18306
2026/04/02@03:08:07,5769,95.133672
2026/04/02@03:08:08,5770,95.07236
2026/04/02@03:08:09,5771,95.0304
2026/04/02@03:08:11,5773,94.9806
2026/04/02@03:08:12,5774,94.94252
2026/04/02@03:08:13,5775,94.8983
2026/04/02@03:08:14,5776,94.81288
2026/04/02@03:08:15,5777,94.798968
2026/04/02@03:08:16,5778,94.73189
2026/04/02@03:08:17,5779,94.71072
2026/04/02@03:08:18,5780,94.64457
2026/04/02@03:08:19,5781,94.58684
2026/04/02@03:08:20,5782,94.581632
2026/04/02@03:08:21,5783,94.49568
2026/04/02@03:08:22,5784,94.476816
2026/04/02@03:08:23,5785,94.441152
2026/04/02@03:08:25,5787,94.36416
2026/04/02@03:08:26,5788,94.33879
2026/04/02@03:08:27,5789,94.315928
2026/04/02@03:08:28,5790,94.26371
2026/04/02@03:08:29,5791,94.215648
2026/04/02@03:08:30,5792,94.18324
2026/04/02@03:08:31,5793,94.102648
2026/04/02@03:08:32,5794,94.090192
2026/04/02@03:08:33,5795,94.079768
2026/04/02@03:08:34,5796,93.99792
2026/04/02@03:08:35,5797,93.96651
2026/04/02@03:08:36,5798,93.893868
2026/04/02@03:08:38,5800,93.89446
2026/04/02@03:08:39,5801,93.81247
2026/04/02@03:08:40,5802,93.793016
2026/04/02@03:08:41,5803,93.754904
2026/04/02@03:08:42,5804,93.73147
2026/04/02@03:08:43,5805,93.6394
2026/04/02@03:08:44,5806,93.61039
2026/04/02@03:08:45,5807,93.58752
2026/04/02@03:08:46,5808,93.54883
2026/04/02@03:08:47,5809,93.52958
2026/04/02@03:08:48,5810,93.46784
2026/04/02@03:08:49,5811,93.4135
2026/04/02@03:08:51,5813,93.36775
2026/04/02@03:08:52,5814,93.313416
2026/04/02@03:08:53,5815,93.286352
2026/04/02@03:08:54,5816,93.22861
2026/04/02@03:08:55,5817,93.16304
2026/04/02@03:08:56,5818,93.14454
2026/04/02@03:08:57,5819,93.07746
2026/04/02@03:08:58,5820,92.99588
2026/04/02@03:08:59,5821,92.95772
2026/04/02@03:09:00,5822,92.91864
2026/04/02@03:09:01,5823,92.843928
2026/04/02@03:09:02,5824,92.82754
2026/04/02@03:09:04,5826,92.77831
2026/04/02@03:09:05,5827,92.74631
2026/04/02@03:09:06,5828,92.708
2026/04/02@03:09:07,5829,92.631384
2026/04/02@03:09:08,5830,92.56407
2026/04/02@03:09:09,5831,92.545784
2026/04/02@03:09:10,5832,92.45525
2026/04/02@03:09:11,5833,92.46366
2026/04/02@03:09:12,5834,92.39573
2026/04/02@03:09:13,5835,92.38638
2026/04/02@03:09:14,5836,92.30916
2026/04/02@03:09:15,5837,92.223592
2026/04/02@03:09:17,5839,92.18851
2026/04/02@03:09:18,5840,92.15476
2026/04/02@03:09:19,5841,92.10212
2026/04/02@03:09:20,5842,92.0928
2026/04/02@03:09:21,5843,92.0407632
2026/04/02@03:09:22,5844,91.993128
2026/04/02@03:09:23,5845,91.93497
2026/04/02@03:09:24,5846,91.92622
2026/04/02@03:09:25,5847,91.84399
2026/04/02@03:09:26,5848,91.79097
2026/04/02@03:09:27,5849,91.76361
2026/04/02@03:09:28,5850,91.70578
2026/04/02@03:09:30,5852,91.69176
2026/04/02@03:09:31,5853,91.67073
2026/04/02@03:09:32,5854,91.59484
2026/04/02@03:09:33,5855,91.57161
2026/04/02@03:09:34,5856,91.5085
2026/04/02@03:09:35,5857,91.46562
2026/04/02@03:09:36,5858,91.441792
2026/04/02@03:09:37,5859,91.389784
2026/04/02@03:09:38,5860,91.3741
2026/04/02@03:09:39,5861,91.28431
2026/04/02@03:09:40,5862,91.255908
2026/04/02@03:09:41,5863,91.19416
2026/04/02@03:09:42,5864,91.1793
2026/04/02@03:09:44,5866,91.146284
2026/04/02@03:09:45,5867,91.13608
2026/04/02@03:09:46,5868,91.03611
2026/04/02@03:09:47,5869,91.01688
2026/04/02@03:09:48,5870,90.97361
2026/04/02@03:09:49,5871,90.91086
2026/04/02@03:09:50,5872,90.88328
2026/04/02@03:09:51,5873,90.8684
2026/04/02@03:09:52,5874,90.79272
2026/04/02@03:09:53,5875,90.746024
2026/04/02@03:09:54,5876,90.70235
2026/04/02@03:09:55,5877,90.67375
2026/04/02@03:09:57,5879,90.5876
2026/04/02@03:09:58,5880,90.573108
2026/04/02@03:09:59,5881,90.535
2026/04/02@03:10:00,5882,90.493224
2026/04/02@03:10:01,5883,90.45888
2026/04/02@03:10:02,5884,90.40859
2026/04/02@03:10:03,5885,90.37371
2026/04/02@03:10:04,5886,90.32885
2026/04/02@03:10:05,5887,90.28256
2026/04/02@03:10:06,5888,90.253008
2026/04/02@03:10:07,5889,90.22918
2026/04/02@03:10:08,5890,90.176548
2026/04/02@03:10:10,5892,90.13865
2026/04/02@03:10:11,5893,90.071528
2026/04/02@03:10:12,5894,90.04732
2026/04/02@03:10:13,5895,90.01893
2026/04/02@03:10:14,5896,89.93847
2026/04/02@03:10:15,5897,89.893656
2026/04/02@03:10:16,5898,89.83269
2026/04/02@03:10:17,5899,89.78504
2026/04/02@03:10:18,5900,89.74633
2026/04/02@03:10:19,5901,89.69318
2026/04/02@03:10:20,5902,89.65559
2026/04/02@03:10:21,5903,89.589032
2026/04/02@03:10:23,5905,89.59783
2026/04/02@03:10:24,5906,89.54537
2026/04/02@03:10:25,5907,89.494092
2026/04/02@03:10:26,5908,89.472728
2026/04/02@03:10:27,5909,89.40582
2026/04/02@03:10:28,5910,89.387112
2026/04/02@03:10:29,5911,89.33471
2026/04/02@03:10:30,5912,89.31621
2026/04/02@03:10:31,5913,89.25824
2026/04/02@03:10:32,5914,89.20621
2026/04/02@03:10:33,5915,89.1448464
2026/04/02@03:10:34,5916,89.119864
2026/04/02@03:10:36,5917,89.05277
2026/04/02@03:10:37,5919,89.0295
2026/04/02@03:10:38,5920,88.98508
2026/04/02@03:10:39,5921,88.93285
2026/04/02@03:10:40,5922,88.87944
2026/04/02@03:10:41,5923,88.86496
2026/04/02@03:10:42,5924,88.8175
2026/04/02@03:10:43,5925,88.78834
2026/04/02@03:10:44,5926,88.712848
2026/04/02@03:10:45,5927,88.701932
2026/04/02@03:10:46,5928,88.62178
2026/04/02@03:10:47,5929,88.58301
2026/04/02@03:10:48,5930,88.54965
2026/04/02@03:10:50,5932,88.5503
2026/04/02@03:10:51,5933,88.49244
2026/04/02@03:10:52,5934,88.45834
2026/04/02@03:10:53,5935,88.41183
2026/04/02@03:10:54,5936,88.34985
2026/04/02@03:10:55,5937,88.329468
2026/04/02@03:10:56,5938,88.27703
2026/04/02@03:10:57,5939,88.21335
2026/04/02@03:10:58,5940,88.1516
2026/04/02@03:10:59,5941,88.12681
2026/04/02@03:11:00,5942,88.11918
2026/04/02@03:11:01,5943,88.02334
2026/04/02@03:11:03,5945,88.01855
2026/04/02@03:11:04,5946,87.95122
2026/04/02@03:11:05,5947,87.93162
2026/04/02@03:11:06,5948,87.904332
2026/04/02@03:11:07,5949,87.84198
2026/04/02@03:11:08,5950,87.80444
2026/04/02@03:11:09,5951,87.75583
2026/04/02@03:11:10,5952,87.71391
2026/04/02@03:11:11,5953,87.66165
2026/04/02@03:11:12,5954,87.656136
2026/04/02@03:11:13,5955,87.59876
2026/04/02@03:11:14,5956,87.56915
2026/04/02@03:11:16,5958,87.4635264
2026/04/02@03:11:17,5959,87.435716
2026/04/02@03:11:18,5960,87.37797
2026/04/02@03:11:19,5961,87.32629
2026/04/02@03:11:20,5962,87.30149
2026/04/02@03:11:21,5963,87.24856
2026/04/02@03:11:22,5964,87.2151632
2026/04/02@03:11:23,5965,87.18596
2026/04/02@03:11:24,5966,87.15698
2026/04/02@03:11:25,5967,87.0958
2026/04/02@03:11:26,5968,87.04816
2026/04/02@03:11:27,5969,87.01364
2026/04/02@03:11:29,5971,86.946492
2026/04/02@03:11:30,5972,86.91395
2026/04/02@03:11:31,5973,86.89543
2026/04/02@03:11:32,5974,86.84643
2026/04/02@03:11:33,5975,86.80374
2026/04/02@03:11:34,5976,86.74041
2026/04/02@03:11:35,5977,86.72038
2026/04/02@03:11:36,5978,86.6538
2026/04/02@03:11:37,5979,86.635928
2026/04/02@03:11:38,5980,86.55456
2026/04/02@03:11:39,5981,86.52532
2026/04/02@03:11:40,5982,86.50416
2026/04/02@03:11:42,5983,86.45932
2026/04/02@03:11:43,5985,86.42789
2026/04/02@03:11:44,5986,86.374888
2026/04/02@03:11:45,5987,86.36655
2026/04/02@03:11:46,5988,86.31373
2026/04/02@03:11:47,5989,86.24119
2026/04/02@03:11:48,5990,86.254744
2026/04/02@03:11:49,5991,86.16779
2026/04/02@03:11:50,5992,86.13386
2026/04/02@03:11:51,5993,86.08425
2026/04/02@03:11:52,5994,86.065
2026/04/02@03:11:53,5995,86.01014
2026/04/02@03:11:54,5996,85.97639
2026/04/02@03:11:56,5998,85.96529
2026/04/02@03:11:57,5999,85.92777
2026/04/02@03:11:58,6000,85.865816
2026/04/02@03:11:59,6001,85.8034464
2026/04/02@03:12:00,6002,85.75119
2026/04/02@03:12:01,6003,85.714648
2026/04/02@03:12:02,6004,85.65232
2026/04/02@03:12:03,6005,85.6221168
2026/04/02@03:12:04,6006,85.57029
2026/04/02@03:12:05,6007,85.49942
2026/04/02@03:12:06,6008,85.47481
2026/04/02@03:12:07,6009,85.421776
2026/04/02@03:12:09,6011,85.39397
2026/04/02@03:12:10,6012,85.36976
2026/04/02@03:12:11,6013,85.30438
2026/04/02@03:12:12,6014,85.25536
2026/04/02@03:12:13,6015,85.22464
2026/04/02@03:12:14,6016,85.220856
2026/04/02@03:12:15,6017,85.13962
2026/04/02@03:12:16,6018,85.0592
2026/04/02@03:12:17,6019,85.06261
2026/04/02@03:12:18,6020,84.98971
2026/04/02@03:12:19,6021,84.94919
2026/04/02@03:12:20,6022,84.890652
2026/04/02@03:12:22,6024,84.83898
2026/04/02@03:12:23,6025,84.814768
2026/04/02@03:12:24,6026,84.76328
2026/04/02@03:12:25,6027,84.74387
2026/04/02@03:12:26,6028,84.724784
2026/04/02@03:12:27,6029,84.68527
2026/04/02@03:12:28,6030,84.6530736
2026/04/02@03:12:29,6031,84.59076
2026/04/02@03:12:30,6032,84.55283
2026/04/02@03:12:31,6033,84.4997568
2026/04/02@03:12:32,6034,84.47117
2026/04/02@03:12:33,6035,84.40012
2026/04/02@03:12:35,6037,84.375496
2026/04/02@03:12:36,6038,84.32859
2026/04/02@03:12:37,6039,84.33273
2026/04/02@03:12:38,6040,84.25278
2026/04/02@03:12:39,6041,84.21799
2026/04/02@03:12:40,6042,84.18066
2026/04/02@03:12:41,6043,84.18921
2026/04/02@03:12:42,6044,84.1042
2026/04/02@03:12:43,6045,84.08094
2026/04/02@03:12:44,6046,84.027336
2026/04/02@03:12:45,6047,83.99003
2026/04/02@03:12:46,6048,83.99951
2026/04/02@03:12:47,6049,83.90837
2026/04/02@03:12:49,6051,83.883224
2026/04/02@03:12:50,6052,83.851976
2026/04/02@03:12:51,6053,83.77511
2026/04/02@03:12:52,6054,83.8089
2026/04/02@03:12:53,6055,83.73051
2026/04/02@03:12:54,6056,83.66733
2026/04/02@03:12:55,6057,83.63861
2026/04/02@03:12:56,6058,83.59632
2026/04/02@03:12:57,6059,83.55319
2026/04/02@03:12:58,6060,83.54348
2026/04/02@03:12:59,6061,83.4624
2026/04/02@03:13:00,6062,83.45287
2026/04/02@03:13:02,6064,83.41399
2026/04/02@03:13:03,6065,83.40921
2026/04/02@03:13:04,6066,83.32838
2026/04/02@03:13:05,6067,83.2527168
2026/04/02@03:13:06,6068,83.19455
2026/04/02@03:13:07,6069,83.19473
2026/04/02@03:13:08,6070,83.1181
2026/04/02@03:13:09,6071,83.09901
2026/04/02@03:13:10,6072,83.02277
2026/04/02@03:13:11,6073,82.97587
2026/04/02@03:13:12,6074,82.917692
2026/04/02@03:13:13,6075,82.850552
2026/04/02@03:13:15,6077,82.83607
2026/04/02@03:13:16,6078,82.74971
2026/04/02@03:13:17,6079,82.67004
2026/04/02@03:13:18,6080,82.61779
2026/04/02@03:13:19,6081,82.551468
2026/04/02@03:13:20,6082,82.46431
2026/04/02@03:13:21,6083,82.40291
2026/04/02@03:13:22,6084,82.33241
2026/04/02@03:13:23,6085,82.28495
2026/04/02@03:13:24,6086,82.22696
2026/04/02@03:13:25,6087,82.10804
2026/04/02@03:13:26,6088,82.104224
2026/04/02@03:13:28,6090,82.02777
2026/04/02@03:13:29,6091,81.94674
2026/04/02@03:13:30,6092,81.88123
2026/04/02@03:13:31,6093,81.83134
2026/04/02@03:13:32,6094,81.78432
2026/04/02@03:13:33,6095,81.70327
2026/04/02@03:13:34,6096,81.6892
2026/04/02@03:13:35,6097,81.65523
2026/04/02@03:13:36,6098,81.59918
2026/04/02@03:13:37,6099,81.5559136
2026/04/02@03:13:38,6100,81.51245
2026/04/02@03:13:39,6101,81.47887
2026/04/02@03:13:41,6103,81.4034
2026/04/02@03:13:42,6104,81.37005
2026/04/02@03:13:43,6105,81.297968
2026/04/02@03:13:44,6106,81.28482
2026/04/02@03:13:45,6107,81.21934
2026/04/02@03:13:46,6108,81.19032
2026/04/02@03:13:47,6109,81.12284
2026/04/02@03:13:48,6110,81.12323
2026/04/02@03:13:49,6111,81.061452
2026/04/02@03:13:50,6112,81.02388
2026/04/02@03:13:51,6113,80.96971
2026/04/02@03:13:52,6114,80.94632
2026/04/02@03:13:54,6116,80.89244
2026/04/02@03:13:55,6117,80.81068
2026/04/02@03:13:56,6118,80.816608
2026/04/02@03:13:57,6119,80.7685236
2026/04/02@03:13:58,6120,80.74373
2026/04/02@03:13:59,6121,80.70062
2026/04/02@03:14:00,6122,80.69985
2026/04/02@03:14:01,6123,80.64267
2026/04/02@03:14:02,6124,80.600712
2026/04/02@03:14:03,6125,80.585268
2026/04/02@03:14:04,6126,80.53323
2026/04/02@03:14:05,6127,80.49415
2026/04/02@03:14:06,6128,80.44705
2026/04/02@03:14:08,6130,80.44666
2026/04/02@03:14:09,6131,80.409132
2026/04/02@03:14:10,6132,80.37499
2026/04/02@03:14:11,6133,80.359852
2026/04/02@03:14:12,6134,80.33183
2026/04/02@03:14:13,6135,80.27502
2026/04/02@03:14:14,6136,80.252
2026/04/02@03:14:15,6137,80.20876
2026/04/02@03:14:16,6138,80.131868
2026/04/02@03:14:17,6139,80.16083
2026/04/02@03:14:18,6140,80.0419
2026/04/02@03:14:19,6141,80.01807
2026/04/02@03:14:21,6143,80.008576
2026/04/02@03:14:22,6144,79.96538
2026/04/02@03:14:23,6145,79.93184
2026/04/02@03:14:24,6146,79.89316
2026/04/02@03:14:25,6147,79.864744
2026/04/02@03:14:26,6148,79.78328
2026/04/02@03:14:27,6149,79.798192
2026/04/02@03:14:28,6150,79.75128
2026/04/02@03:14:29,6151,79.70647
2026/04/02@03:14:30,6152,79.65046
2026/04/02@03:14:31,6153,79.64548
2026/04/02@03:14:32,6154,79.60281
2026/04/02@03:14:34,6156,79.540632
2026/04/02@03:14:35,6157,79.53106
2026/04/02@03:14:36,6158,79.53047
2026/04/02@03:14:37,6159,79.45982
2026/04/02@03:14:38,6160,79.43534
2026/04/02@03:14:39,6161,79.41693
2026/04/02@03:14:40,6162,79.40125
2026/04/02@03:14:41,6163,79.359316
2026/04/02@03:14:42,6164,79.3118436
2026/04/02@03:14:43,6165,79.294136
2026/04/02@03:14:44,6166,79.25981
2026/04/02@03:14:45,6167,79.20217
2026/04/02@03:14:47,6169,79.16944
2026/04/02@03:14:48,6170,79.17363
2026/04/02@03:14:49,6171,79.08321
2026/04/02@03:14:50,6172,79.06284
2026/04/02@03:14:51,6173,79.02465
2026/04/02@03:14:52,6174,78.959528
2026/04/02@03:14:53,6175,78.93474
2026/04/02@03:14:54,6176,78.90154
2026/04/02@03:14:55,6177,78.85351
2026/04/02@03:14:56,6178,78.8253
2026/04/02@03:14:57,6179,78.77979
2026/04/02@03:14:58,6180,78.72378
2026/04/02@03:15:00,6182,78.71425
2026/04/02@03:15:01,6183,78.68666
2026/04/02@03:15:02,6184,78.661864
2026/04/02@03:15:03,6185,78.61757
2026/04/02@03:15:04,6186,78.589352
2026/04/02@03:15:05,6187,78.57084
2026/04/02@03:15:06,6188,78.53175
2026/04/02@03:15:07,6189,78.47569
2026/04/02@03:15:08,6190,78.4374
2026/04/02@03:15:09,6191,78.37604
2026/04/02@03:15:10,6192,78.347016
2026/04/02@03:15:11,6193,78.31822
2026/04/02@03:15:13,6195,78.26202
2026/04/02@03:15:14,6196,78.260664
2026/04/02@03:15:15,6197,78.20899
2026/04/02@03:15:16,6198,78.15143
2026/04/02@03:15:17,6199,78.13652
2026/04/02@03:15:18,6200,78.064608
2026/04/02@03:15:19,6201,78.05071
2026/04/02@03:15:20,6202,78.04125
2026/04/02@03:15:21,6203,77.98857
2026/04/02@03:15:22,6204,77.96952
2026/04/02@03:15:23,6205,77.93135
2026/04/02@03:15:24,6206,77.84485
2026/04/02@03:15:26,6208,77.82953
2026/04/02@03:15:27,6209,77.74972
2026/04/02@03:15:28,6210,77.73078
2026/04/02@03:15:29,6211,77.69707
2026/04/02@03:15:30,6212,77.66803
2026/04/02@03:15:31,6213,77.66325
2026/04/02@03:15:32,6214,77.60229
2026/04/02@03:15:33,6215,77.554056
2026/04/02@03:15:34,6216,77.50659
2026/04/02@03:15:35,6217,77.49188
2026/04/02@03:15:36,6218,77.432888
2026/04/02@03:15:37,6219,77.414408
2026/04/02@03:15:39,6221,77.38125
2026/04/02@03:15:40,6222,77.332408
2026/04/02@03:15:41,6223,77.31809
2026/04/02@03:15:42,6224,77.28549
2026/04/02@03:15:43,6225,77.24738
2026/04/02@03:15:44,6226,77.2039
2026/04/02@03:15:45,6227,77.19395
2026/04/02@03:15:46,6228,77.13202
2026/04/02@03:15:47,6229,77.113496
2026/04/02@03:15:48,6230,77.055692
2026/04/02@03:15:49,6231,77.012856
2026/04/02@03:15:50,6232,76.963584
2026/04/02@03:15:52,6234,76.96421
2026/04/02@03:15:53,6235,76.935816
2026/04/02@03:15:54,6236,76.882744
2026/04/02@03:15:55,6237,76.84501
2026/04/02@03:15:56,6238,76.80212
2026/04/02@03:15:57,6239,76.77411
2026/04/02@03:15:58,6240,76.730832
2026/04/02@03:15:59,6241,76.72105
2026/04/02@03:16:00,6242,76.66472
2026/04/02@03:16:01,6243,76.64422
2026/04/02@03:16:02,6244,76.619024
2026/04/02@03:16:03,6245,76.591
2026/04/02@03:16:05,6247,76.52861
2026/04/02@03:16:06,6248,76.5092
2026/04/02@03:16:07,6249,76.46608
2026/04/02@03:16:08,6250,76.4474
2026/04/02@03:16:09,6251,76.42394
2026/04/02@03:16:10,6252,76.38027
2026/04/02@03:16:11,6253,76.35645
2026/04/02@03:16:12,6254,76.31796
2026/04/02@03:16:13,6255,76.266072
2026/04/02@03:16:14,6256,76.23705
2026/04/02@03:16:15,6257,76.17966
2026/04/02@03:16:16,6258,76.13138
2026/04/02@03:16:17,6259,76.10872
2026/04/02@03:16:19,6261,76.08954
2026/04/02@03:16:20,6262,76.05119
2026/04/02@03:16:21,6263,75.97911
2026/04/02@03:16:22,6264,75.92193
2026/04/02@03:16:23,6265,75.92619
2026/04/02@03:16:24,6266,75.889496
2026/04/02@03:16:25,6267,75.90775
2026/04/02@03:16:26,6268,75.808468
2026/04/02@03:16:27,6269,75.8176
2026/04/02@03:16:28,6270,75.75666
2026/04/02@03:16:29,6271,75.72208
2026/04/02@03:16:30,6272,75.693632
2026/04/02@03:16:32,6274,75.60788
2026/04/02@03:16:33,6275,75.575096
2026/04/02@03:16:34,6276,75.55561
2026/04/02@03:16:35,6277,75.50317
2026/04/02@03:16:36,6278,75.51297
2026/04/02@03:16:37,6279,75.45989
2026/04/02@03:16:38,6280,75.41399
2026/04/02@03:16:39,6281,75.38939
2026/04/02@03:16:40,6282,75.336552
2026/04/02@03:16:41,6283,75.2941
2026/04/02@03:16:42,6284,75.25509
2026/04/02@03:16:43,6285,75.235016
2026/04/02@03:16:45,6287,75.167336
2026/04/02@03:16:46,6288,75.14329
2026/04/02@03:16:47,6289,75.11053
2026/04/02@03:16:48,6290,75.06721
2026/04/02@03:16:49,6291,75.02931
2026/04/02@03:16:50,6292,74.99024
2026/04/02@03:16:51,6293,74.96181
2026/04/02@03:16:52,6294,74.919304
2026/04/02@03:16:53,6295,74.8805
2026/04/02@03:16:54,6296,74.895648
2026/04/02@03:16:55,6297,74.78482
2026/04/02@03:16:56,6298,74.77444
2026/04/02@03:16:58,6300,74.721248
2026/04/02@03:16:59,6301,74.67953
2026/04/02@03:17:00,6302,74.63525
2026/04/02@03:17:01,6303,74.58896
2026/04/02@03:17:02,6304,74.5264
2026/04/02@03:17:03,6305,74.49678
2026/04/02@03:17:04,6306,74.46384
2026/04/02@03:17:05,6307,74.412576
2026/04/02@03:17:06,6308,74.373112
2026/04/02@03:17:07,6309,74.32562
2026/04/02@03:17:08,6310,74.296392
2026/04/02@03:17:09,6311,74.257256
2026/04/02@03:17:11,6313,74.2017
2026/04/02@03:17:12,6314,74.19089
2026/04/02@03:17:13,6315,74.16234
2026/04/02@03:17:14,6316,74.133512
2026/04/02@03:17:15,6317,74.071912
2026/04/02@03:17:16,6318,74.07135
2026/04/02@03:17:17,6319,73.984728
2026/04/02@03:17:18,6320,73.98872
2026/04/02@03:17:19,6321,73.94026
2026/04/02@03:17:20,6322,73.918176
2026/04/02@03:17:21,6323,73.87471
2026/04/02@03:17:22,6324,73.841352
2026/04/02@03:17:23,6325,73.79387
2026/04/02@03:17:25,6327,73.778592
2026/04/02@03:17:26,6328,73.72618
2026/04/02@03:17:27,6329,73.697552
2026/04/02@03:17:28,6330,73.67966
2026/04/02@03:17:29,6331,73.63019
2026/04/02@03:17:30,6332,73.57261
2026/04/02@03:17:31,6333,73.52975
2026/04/02@03:17:32,6334,73.44827
2026/04/02@03:17:33,6335,73.44372
2026/04/02@03:17:34,6336,73.3865
2026/04/02@03:17:35,6337,73.34461
2026/04/02@03:17:36,6338,73.30665
2026/04/02@03:17:38,6340,73.29611
2026/04/02@03:17:39,6341,73.22483
2026/04/02@03:17:40,6342,73.17711
2026/04/02@03:17:41,6343,73.14918
2026/04/02@03:17:42,6344,73.124856
2026/04/02@03:17:43,6345,73.08239
2026/04/02@03:17:44,6346,73.052824
2026/04/02@03:17:45,6347,72.96884
2026/04/02@03:17:46,6348,72.9104
2026/04/02@03:17:47,6349,72.899864
2026/04/02@03:17:48,6350,72.83943
2026/04/02@03:17:49,6351,72.79003
2026/04/02@03:17:51,6353,72.75668
2026/04/02@03:17:52,6354,72.730068
2026/04/02@03:17:53,6355,72.67204
2026/04/02@03:17:54,6356,72.62877
2026/04/02@03:17:55,6357,72.56399
2026/04/02@03:17:56,6358,72.54296
2026/04/02@03:17:57,6359,72.51589
2026/04/02@03:17:58,6360,72.4804
2026/04/02@03:17:59,6361,72.43252
2026/04/02@03:18:00,6362,72.403732
2026/04/02@03:18:01,6363,72.35108
2026/04/02@03:18:02,6364,72.32784
2026/04/02@03:18:04,6366,72.29868
2026/04/02@03:18:05,6367,72.260472
2026/04/02@03:18:06,6368,72.21841
2026/04/02@03:18:07,6369,72.1983
2026/04/02@03:18:08,6370,72.12532
2026/04/02@03:18:09,6371,72.083016
2026/04/02@03:18:10,6372,72.06338
2026/04/02@03:18:11,6373,71.98254
2026/04/02@03:18:12,6374,71.96727
2026/04/02@03:18:13,6375,71.9335
2026/04/02@03:18:14,6376,71.90451
2026/04/02@03:18:15,6377,71.89023
2026/04/02@03:18:17,6379,71.832824
2026/04/02@03:18:18,6380,71.80422
2026/04/02@03:18:19,6381,71.766072
2026/04/02@03:18:20,6382,71.73744
2026/04/02@03:18:21,6383,71.67606
2026/04/02@03:18:22,6384,71.65617
2026/04/02@03:18:23,6385,71.635468
2026/04/02@03:18:24,6386,71.54038
2026/04/02@03:18:25,6387,71.56443
2026/04/02@03:18:26,6388,71.540568
2026/04/02@03:18:27,6389,71.48336
2026/04/02@03:18:28,6390,71.44067
2026/04/02@03:18:29,6391,71.40255
2026/04/02@03:18:31,6393,71.382668
2026/04/02@03:18:32,6394,71.3461
2026/04/02@03:18:33,6395,71.27442
2026/04/02@03:18:34,6396,71.25398
2026/04/02@03:18:35,6397,71.20114
2026/04/02@03:18:36,6398,71.22496
2026/04/02@03:18:37,6399,71.17214
2026/04/02@03:18:38,6400,71.08276
2026/04/02@03:18:39,6401,71.04917
2026/04/02@03:18:40,6402,71.006092
2026/04/02@03:18:41,6403,70.968092
2026/04/02@03:18:42,6404,70.94373
2026/04/02@03:18:44,6406,70.8827
2026/04/02@03:18:45,6407,70.83925
2026/04/02@03:18:46,6408,70.79078
2026/04/02@03:18:47,6409,70.75801
2026/04/02@03:18:48,6410,70.68742
2026/04/02@03:18:49,6411,70.67136
2026/04/02@03:18:50,6412,70.59526
2026/04/02@03:18:51,6413,70.58593
2026/04/02@03:18:52,6414,70.52333
2026/04/02@03:18:53,6415,70.518616
2026/04/02@03:18:54,6416,70.462392
2026/04/02@03:18:55,6417,70.34815
2026/04/02@03:18:57,6419,70.34365
2026/04/02@03:18:58,6420,70.25219
2026/04/02@03:18:59,6421,70.1855236
2026/04/02@03:19:00,6422,70.16128
2026/04/02@03:19:01,6423,70.12471
2026/04/02@03:19:02,6424,70.105256
2026/04/02@03:19:03,6425,70.09039
2026/04/02@03:19:04,6426,70.03832
2026/04/02@03:19:05,6427,70.024024
2026/04/02@03:19:06,6428,69.970984
2026/04/02@03:19:07,6429,69.93899
2026/04/02@03:19:08,6430,69.90486
2026/04/02@03:19:10,6432,69.871084
2026/04/02@03:19:11,6433,69.79976
2026/04/02@03:19:12,6434,69.77099
2026/04/02@03:19:13,6435,69.74669
2026/04/02@03:19:14,6436,69.73716
2026/04/02@03:19:15,6437,69.68556
2026/04/02@03:19:16,6438,69.640624
2026/04/02@03:19:17,6439,69.587552
2026/04/02@03:19:18,6440,69.53533
2026/04/02@03:19:19,6441,69.52167
2026/04/02@03:19:20,6442,69.488468
2026/04/02@03:19:21,6443,69.45906
2026/04/02@03:19:23,6445,69.434616
2026/04/02@03:19:24,6446,69.41574
2026/04/02@03:19:25,6447,69.353192
2026/04/02@03:19:26,6448,69.32123
2026/04/02@03:19:27,6449,69.27295
2026/04/02@03:19:28,6450,69.278696
2026/04/02@03:19:29,6451,69.21573
2026/04/02@03:19:30,6452,69.17781
2026/04/02@03:19:31,6453,69.16348
2026/04/02@03:19:32,6454,69.13128
2026/04/02@03:19:33,6455,69.12185
2026/04/02@03:19:34,6456,69.04575
2026/04/02@03:19:35,6457,69.03475
2026/04/02@03:19:37,6459,68.97359
2026/04/02@03:19:38,6460,68.96944
2026/04/02@03:19:39,6461,68.89238
2026/04/02@03:19:40,6462,68.879132
2026/04/02@03:19:41,6463,68.84612
2026/04/02@03:19:42,6464,68.80262
2026/04/02@03:19:43,6465,68.774376
2026/04/02@03:19:44,6466,68.70209
2026/04/02@03:19:45,6467,68.69353
2026/04/02@03:19:46,6468,68.67447
2026/04/02@03:19:47,6469,68.60276
2026/04/02@03:19:48,6470,68.559848
2026/04/02@03:19:50,6472,68.54973
2026/04/02@03:19:51,6473,68.506424
2026/04/02@03:19:52,6474,68.44483
2026/04/02@03:19:53,6475,68.45041
2026/04/02@03:19:54,6476,68.39756
2026/04/02@03:19:55,6477,68.37734
2026/04/02@03:19:56,6478,68.35051
2026/04/02@03:19:57,6479,68.31156
2026/04/02@03:19:58,6480,68.26012
2026/04/02@03:19:59,6481,68.24483
2026/04/02@03:20:00,6482,68.21204
2026/04/02@03:20:01,6483,68.18799
2026/04/02@03:20:03,6485,68.12623
2026/04/02@03:20:04,6486,68.0873
2026/04/02@03:20:05,6487,68.10202
2026/04/02@03:20:06,6488,68.00188
2026/04/02@03:20:07,6489,67.98697
2026/04/02@03:20:08,6490,67.92026
2026/04/02@03:20:09,6491,67.91092
2026/04/02@03:20:10,6492,67.8873
2026/04/02@03:20:11,6493,67.83065
2026/04/02@03:20:12,6494,67.75519
2026/04/02@03:20:13,6495,67.76909
2026/04/02@03:20:14,6496,67.71669
2026/04/02@03:20:16,6498,67.68805
2026/04/02@03:20:17,6499,67.69223
2026/04/02@03:20:18,6500,67.62189
2026/04/02@03:20:19,6501,67.621928
2026/04/02@03:20:20,6502,67.5970836
2026/04/02@03:20:21,6503,67.54486
2026/04/02@03:20:22,6504,67.53968
2026/04/02@03:20:23,6505,67.52082
2026/04/02@03:20:24,6506,67.4501
2026/04/02@03:20:25,6507,67.40677
2026/04/02@03:20:26,6508,67.360536
2026/04/02@03:20:27,6509,67.35314
2026/04/02@03:20:29,6511,67.329316
2026/04/02@03:20:30,6512,67.283064
2026/04/02@03:20:31,6513,67.24514
2026/04/02@03:20:32,6514,67.20676
2026/04/02@03:20:33,6515,67.17918
2026/04/02@03:20:34,6516,67.15991
2026/04/02@03:20:35,6517,67.09655
2026/04/02@03:20:36,6518,67.06535
2026/04/02@03:20:37,6519,67.0592
2026/04/02@03:20:38,6520,66.98291
2026/04/02@03:20:39,6521,66.96327
2026/04/02@03:20:40,6522,66.95971
2026/04/02@03:20:42,6524,66.92453
2026/04/02@03:20:43,6525,66.881548
2026/04/02@03:20:44,6526,66.87742
2026/04/02@03:20:45,6527,66.825932
2026/04/02@03:20:46,6528,66.792016
2026/04/02@03:20:47,6529,66.74931
2026/04/02@03:20:48,6530,66.71508
2026/04/02@03:20:49,6531,66.673032
2026/04/02@03:20:50,6532,66.62577
2026/04/02@03:20:51,6533,66.6403
2026/04/02@03:20:52,6534,66.5789
2026/04/02@03:20:53,6535,66.53201
2026/04/02@03:20:54,6536,66.479224
2026/04/02@03:20:56,6538,66.4647
2026/04/02@03:20:57,6539,66.46546
2026/04/02@03:20:58,6540,66.38345
2026/04/02@03:20:59,6541,66.388216
2026/04/02@03:21:00,6542,66.333408
2026/04/02@03:21:01,6543,66.33139
2026/04/02@03:21:02,6544,66.22276
2026/04/02@03:21:03,6545,66.19472
2026/04/02@03:21:04,6546,66.150856
2026/04/02@03:21:05,6547,66.102748
2026/04/02@03:21:06,6548,66.088616
2026/04/02@03:21:07,6549,66.04162
2026/04/02@03:21:09,6551,65.998508
2026/04/02@03:21:10,6552,65.98894
2026/04/02@03:21:11,6553,65.90374
2026/04/02@03:21:12,6554,65.86621
2026/04/02@03:21:13,6555,65.84695
2026/04/02@03:21:14,6556,65.775052
2026/04/02@03:21:15,6557,65.75677
2026/04/02@03:21:16,6558,65.71384
2026/04/02@03:21:17,6559,65.67968
2026/04/02@03:21:18,6560,65.62308
2026/04/02@03:21:19,6561,65.62706
2026/04/02@03:21:20,6562,65.57043
2026/04/02@03:21:22,6564,65.54144
2026/04/02@03:21:23,6565,65.499344
2026/04/02@03:21:24,6566,65.46241
2026/04/02@03:21:25,6567,65.39505
2026/04/02@03:21:26,6568,65.375984
2026/04/02@03:21:27,6569,65.347592
2026/04/02@03:21:28,6570,65.30029
2026/04/02@03:21:29,6571,65.25641
2026/04/02@03:21:30,6572,65.20895
2026/04/02@03:21:31,6573,65.20476
2026/04/02@03:21:32,6574,65.19442
2026/04/02@03:21:33,6575,65.15254
2026/04/02@03:21:35,6577,65.13305
2026/04/02@03:21:36,6578,65.10427
2026/04/02@03:21:37,6579,65.050992
2026/04/02@03:21:38,6580,64.99026
2026/04/02@03:21:39,6581,64.97596
2026/04/02@03:21:40,6582,64.932816
2026/04/02@03:21:41,6583,64.9096
2026/04/02@03:21:42,6584,64.875432
2026/04/02@03:21:43,6585,64.8503
2026/04/02@03:21:44,6586,64.83212
2026/04/02@03:21:45,6587,64.81218
2026/04/02@03:21:46,6588,64.788952
2026/04/02@03:21:48,6590,64.75018
2026/04/02@03:21:49,6591,64.75039
2026/04/02@03:21:50,6592,64.69793
2026/04/02@03:21:51,6593,64.62145
2026/04/02@03:21:52,6594,64.62149
2026/04/02@03:21:53,6595,64.6072
2026/04/02@03:21:54,6596,64.583148
2026/04/02@03:21:55,6597,64.53546
2026/04/02@03:21:56,6598,64.53177
2026/04/02@03:21:57,6599,64.46995
2026/04/02@03:21:58,6600,64.45543
2026/04/02@03:21:59,6601,64.38333
2026/04/02@03:22:00,6602,64.3655
2026/04/02@03:22:02,6604,64.380032
2026/04/02@03:22:03,6605,64.31265
2026/04/02@03:22:04,6606,64.28941
2026/04/02@03:22:05,6607,64.25002
2026/04/02@03:22:06,6608,64.212716
2026/04/02@03:22:07,6609,64.20404
2026/04/02@03:22:08,6610,64.146808
2026/04/02@03:22:09,6611,64.13657
2026/04/02@03:22:10,6612,64.075292
2026/04/02@03:22:11,6613,64.06558
2026/04/02@03:22:12,6614,64.06076
2026/04/02@03:22:13,6615,63.978876
2026/04/02@03:22:15,6617,63.987248
2026/04/02@03:22:16,6618,63.962332
2026/04/02@03:22:17,6619,63.926004
2026/04/02@03:22:18,6620,63.864064
2026/04/02@03:22:19,6621,63.859096
2026/04/02@03:22:20,6622,63.806436
2026/04/02@03:22:21,6623,63.745514
2026/04/02@03:22:22,6624,63.711914
2026/04/02@03:22:23,6625,63.68705
2026/04/02@03:22:24,6626,63.610776
2026/04/02@03:22:25,6627,63.6117832
2026/04/02@03:22:26,6628,63.606428
2026/04/02@03:22:28,6630,63.55341
2026/04/02@03:22:29,6631,63.530156
2026/04/02@03:22:30,6632,63.492464
2026/04/02@03:22:31,6633,63.42958
2026/04/02@03:22:32,6634,63.418392
2026/04/02@03:22:33,6635,63.39481
2026/04/02@03:22:34,6636,63.357224
2026/04/02@03:22:35,6637,63.356684
2026/04/02@03:22:36,6638,63.30938
2026/04/02@03:22:37,6639,63.28493
2026/04/02@03:22:38,6640,63.2613
2026/04/02@03:22:39,6641,63.233488
2026/04/02@03:22:41,6643,63.161776
2026/04/02@03:22:42,6644,63.128184
2026/04/02@03:22:43,6645,63.08053
2026/04/02@03:22:44,6646,63.041188
2026/04/02@03:22:45,6647,63.013552
2026/04/02@03:22:46,6648,63.004696
2026/04/02@03:22:47,6649,62.97091
2026/04/02@03:22:48,6650,62.90868
2026/04/02@03:22:49,6651,62.917824
2026/04/02@03:22:50,6652,62.860424
2026/04/02@03:22:51,6653,62.856076
2026/04/02@03:22:52,6654,62.78952
2026/04/02@03:22:54,6656,62.77998
2026/04/02@03:22:55,6657,62.748924
2026/04/02@03:22:56,6658,62.726912
2026/04/02@03:22:57,6659,62.659976
2026/04/02@03:22:58,6660,62.678652
2026/04/02@03:22:59,6661,62.593612
2026/04/02@03:23:00,6662,62.598776
2026/04/02@03:23:01,6663,62.55669
2026/04/02@03:23:02,6664,62.503664
2026/04/02@03:23:03,6665,62.47049
2026/04/02@03:23:04,6666,62.432568
2026/04/02@03:23:05,6667,62.422384
2026/04/02@03:23:07,6669,62.4067
2026/04/02@03:23:08,6670,62.372876
2026/04/02@03:23:09,6671,62.310076
2026/04/02@03:23:10,6672,62.333716
2026/04/02@03:23:11,6673,62.292216
2026/04/02@03:23:12,6674,62.24806
2026/04/02@03:23:13,6675,62.20599
2026/04/02@03:23:14,6676,62.175764
2026/04/02@03:23:15,6677,62.14279
2026/04/02@03:23:16,6678,62.124356
2026/04/02@03:23:17,6679,62.10963
2026/04/02@03:23:18,6680,62.05671
2026/04/02@03:23:20,6682,62.02879
2026/04/02@03:23:21,6683,61.98547
2026/04/02@03:23:22,6684,61.966764
2026/04/02@03:23:23,6685,61.909384
2026/04/02@03:23:24,6686,61.890676
2026/04/02@03:23:25,6687,61.84222
2026/04/02@03:23:26,6688,61.837216
2026/04/02@03:23:27,6689,61.82316
2026/04/02@03:23:28,6690,61.775464
2026/04/02@03:23:29,6691,61.7614
2026/04/02@03:23:30,6692,61.69898
2026/04/02@03:23:31,6693,61.670988
2026/04/02@03:23:33,6695,61.675588
2026/04/02@03:23:34,6696,61.61771
2026/04/02@03:23:35,6697,61.58417
2026/04/02@03:23:36,6698,61.555928
2026/04/02@03:23:37,6699,61.532728
2026/04/02@03:23:38,6700,61.494204
2026/04/02@03:23:39,6701,61.451868
2026/04/02@03:23:40,6702,61.427416
2026/04/02@03:23:41,6703,61.427836
2026/04/02@03:23:42,6704,61.417616
2026/04/02@03:23:43,6705,61.312364
2026/04/02@03:23:44,6706,61.321852
2026/04/02@03:23:46,6708,61.279668
2026/04/02@03:23:47,6709,61.2692
2026/04/02@03:23:48,6710,61.19835
2026/04/02@03:23:49,6711,61.159376
2026/04/02@03:23:50,6712,61.164336
2026/04/02@03:23:51,6713,61.140508
2026/04/02@03:23:52,6714,61.083908
2026/04/02@03:23:53,6715,61.078908
2026/04/02@03:23:54,6716,61.08849
2026/04/02@03:23:55,6717,61.04455
2026/04/02@03:23:56,6718,61.007024
2026/04/02@03:23:57,6719,60.973424
2026/04/02@03:23:59,6721,60.935096
2026/04/02@03:24:00,6722,60.90291
2026/04/02@03:24:01,6723,60.873924
2026/04/02@03:24:02,6724,60.810756
2026/04/02@03:24:03,6725,60.8213
2026/04/02@03:24:04,6726,60.77298
2026/04/02@03:24:05,6727,60.74001
2026/04/02@03:24:06,6728,60.72029
2026/04/02@03:24:07,6729,60.69609
2026/04/02@03:24:08,6730,60.672644
2026/04/02@03:24:09,6731,60.57715
2026/04/02@03:24:10,6732,60.553816
2026/04/02@03:24:11,6733,60.52961
2026/04/02@03:24:13,6735,60.48676
2026/04/02@03:24:14,6736,60.443604
2026/04/02@03:24:15,6737,60.4297
2026/04/02@03:24:16,6738,60.381384
2026/04/02@03:24:17,6739,60.35877
2026/04/02@03:24:18,6740,60.338732
2026/04/02@03:24:19,6741,60.32393
2026/04/02@03:24:20,6742,60.30945
2026/04/02@03:24:21,6743,60.23317
2026/04/02@03:24:22,6744,60.23317
2026/04/02@03:24:23,6745,60.2141
2026/04/02@03:24:24,6746,60.1859
2026/04/02@03:24:26,6748,60.127456
2026/04/02@03:24:27,6749,60.104004
2026/04/02@03:24:28,6750,60.06093
2026/04/02@03:24:29,6751,60.06128
2026/04/02@03:24:30,6752,60.037032
2026/04/02@03:24:31,6753,59.96927
2026/04/02@03:24:32,6754,59.970312
2026/04/02@03:24:33,6755,59.92282
2026/04/02@03:24:34,6756,59.880164
2026/04/02@03:24:35,6757,59.857124
2026/04/02@03:24:36,6758,59.827904
2026/04/02@03:24:37,6759,59.803652
2026/04/02@03:24:39,6761,59.77007
2026/04/02@03:24:40,6762,59.722376
2026/04/02@03:24:41,6763,59.718456
2026/04/02@03:24:42,6764,59.66597
2026/04/02@03:24:43,6765,59.647764
2026/04/02@03:24:44,6766,59.604404
2026/04/02@03:24:45,6767,59.575596
2026/04/02@03:24:46,6768,59.557736
2026/04/02@03:24:47,6769,59.552336
2026/04/02@03:24:48,6770,59.49955
2026/04/02@03:24:49,6771,59.466724
2026/04/02@03:24:50,6772,59.45747
2026/04/02@03:24:52,6774,59.4240368
2026/04/02@03:24:53,6775,59.423844
2026/04/02@03:24:54,6776,59.37282
2026/04/02@03:24:55,6777,59.33364
2026/04/02@03:24:56,6778,59.32436
2026/04/02@03:24:57,6779,59.28123
2026/04/02@03:24:58,6780,59.22444
2026/04/02@03:24:59,6781,59.215268
2026/04/02@03:25:00,6782,59.18213
2026/04/02@03:25:01,6783,59.17219
2026/04/02@03:25:02,6784,59.11046
2026/04/02@03:25:03,6785,59.067696
2026/04/02@03:25:05,6787,59.057736
2026/04/02@03:25:06,6788,59.044296
2026/04/02@03:25:07,6789,59.010672
2026/04/02@03:25:08,6790,58.98165
2026/04/02@03:25:09,6791,58.9638
2026/04/02@03:25:10,6792,58.878408
2026/04/02@03:25:11,6793,58.929856
2026/04/02@03:25:12,6794,58.834904
2026/04/02@03:25:13,6795,58.845056
2026/04/02@03:25:14,6796,58.782676
2026/04/02@03:25:15,6797,58.76427
2026/04/02@03:25:16,6798,58.759004
2026/04/02@03:25:18,6800,58.701828
2026/04/02@03:25:19,6801,58.672996
2026/04/02@03:25:20,6802,58.658672
2026/04/02@03:25:21,6803,58.61532
2026/04/02@03:25:22,6804,58.572656
2026/04/02@03:25:23,6805,58.539276
2026/04/02@03:25:24,6806,58.544276
2026/04/02@03:25:25,6807,58.510676
2026/04/02@03:25:26,6808,58.472948
2026/04/02@03:25:27,6809,58.458656
2026/04/02@03:25:28,6810,58.424636
2026/04/02@03:25:29,6811,58.41614
2026/04/02@03:25:31,6813,58.39624
2026/04/02@03:25:32,6814,58.339684
2026/04/02@03:25:33,6815,58.273484
2026/04/02@03:25:34,6816,58.258544
2026/04/02@03:25:35,6817,58.22958
2026/04/02@03:25:36,6818,58.230588
2026/04/02@03:25:37,6819,58.1968
2026/04/02@03:25:38,6820,58.144964
2026/04/02@03:25:39,6821,58.10665
2026/04/02@03:25:40,6822,58.06369
2026/04/02@03:25:41,6823,58.030568
2026/04/02@03:25:42,6824,58.011512
2026/04/02@03:25:44,6826,57.992164
2026/04/02@03:25:45,6827,57.929176
2026/04/02@03:25:46,6828,57.952196
2026/04/02@03:25:47,6829,57.885672
2026/04/02@03:25:48,6830,57.83841
2026/04/02@03:25:49,6831,57.853324
2026/04/02@03:25:50,6832,57.847324
2026/04/02@03:25:51,6833,57.814544
2026/04/02@03:25:52,6834,57.709016
2026/04/02@03:25:53,6835,57.742396
2026/04/02@03:25:54,6836,57.72892
2026/04/02@03:25:55,6837,57.68123
2026/04/02@03:25:57,6839,57.681044
2026/04/02@03:25:58,6840,57.64269
2026/04/02@03:25:59,6841,57.633828
2026/04/02@03:26:00,6842,57.62905
2026/04/02@03:26:01,6843,57.57117
2026/04/02@03:26:02,6844,57.533824
2026/04/02@03:26:03,6845,57.51414
2026/04/02@03:26:04,6846,57.49614
2026/04/02@03:26:05,6847,57.43353
2026/04/02@03:26:06,6848,57.423812
2026/04/02@03:26:07,6849,57.3724
2026/04/02@03:26:08,6850,57.366316
2026/04/02@03:26:10,6852,57.32528
2026/04/02@03:26:11,6853,57.29976
2026/04/02@03:26:12,6854,57.273096
2026/04/02@03:26:13,6855,57.247528
2026/04/02@03:26:14,6856,57.238844
2026/04/02@03:26:15,6857,57.181244
2026/04/02@03:26:16,6858,57.16296
2026/04/02@03:26:17,6859,57.12423
2026/04/02@03:26:18,6860,57.09125
2026/04/02@03:26:19,6861,57.067196
2026/04/02@03:26:20,6862,57.08257
2026/04/02@03:26:21,6863,57.034256
2026/04/02@03:26:23,6865,57.005824
2026/04/02@03:26:24,6866,56.97205
2026/04/02@03:26:25,6867,56.957944
2026/04/02@03:26:26,6868,56.920444
2026/04/02@03:26:27,6869,56.896188
2026/04/02@03:26:28,6870,56.862792
2026/04/02@03:26:29,6871,56.8485
2026/04/02@03:26:30,6872,56.782172
2026/04/02@03:26:31,6873,56.79213
2026/04/02@03:26:32,6874,56.735524
2026/04/02@03:26:33,6875,56.740068
2026/04/02@03:26:34,6876,56.67769
2026/04/02@03:26:35,6877,56.63995
2026/04/02@03:26:37,6879,56.63019
2026/04/02@03:26:38,6880,56.5968
2026/04/02@03:26:39,6881,56.559296
2026/04/02@03:26:40,6882,56.568436
2026/04/02@03:26:41,6883,56.520556
2026/04/02@03:26:42,6884,56.493404
2026/04/02@03:26:43,6885,56.459608
2026/04/02@03:26:44,6886,56.445508
2026/04/02@03:26:45,6887,56.37462
2026/04/02@03:26:46,6888,56.367964
2026/04/02@03:26:47,6889,56.31615
2026/04/02@03:26:48,6890,56.326504
2026/04/02@03:26:50,6892,56.3062032
2026/04/02@03:26:51,6893,56.221816
2026/04/02@03:26:52,6894,56.20152
2026/04/02@03:26:53,6895,56.182616
2026/04/02@03:26:54,6896,56.192344
2026/04/02@03:26:55,6897,56.144916
2026/04/02@03:26:56,6898,56.08289
2026/04/02@03:26:57,6899,56.077936
2026/04/02@03:26:58,6900,56.068604
2026/04/02@03:26:59,6901,56.029552
2026/04/02@03:27:00,6902,55.987363
2026/04/02@03:27:01,6903,55.93513
2026/04/02@03:27:03,6905,55.94444
2026/04/02@03:27:04,6906,55.892788
2026/04/02@03:27:05,6907,55.86378
2026/04/02@03:27:06,6908,55.801836
2026/04/02@03:27:07,6909,55.816324
2026/04/02@03:27:08,6910,55.75947
2026/04/02@03:27:09,6911,55.727196
2026/04/02@03:27:10,6912,55.707448
2026/04/02@03:27:11,6913,55.692576
2026/04/02@03:27:12,6914,55.640976
2026/04/02@03:27:13,6915,55.589108
2026/04/02@03:27:14,6916,55.56881
2026/04/02@03:27:16,6918,55.550324
2026/04/02@03:27:17,6919,55.5304
2026/04/02@03:27:18,6920,55.506544
2026/04/02@03:27:19,6921,55.45246
2026/04/02@03:27:20,6922,55.454276
2026/04/02@03:27:21,6923,55.416156
2026/04/02@03:27:22,6924,55.396664
2026/04/02@03:27:23,6925,55.362896
2026/04/02@03:27:24,6926,55.358164
2026/04/02@03:27:25,6927,55.3102
2026/04/02@03:27:26,6928,55.258216
2026/04/02@03:27:27,6929,55.262324
2026/04/02@03:27:29,6931,55.22874
2026/04/02@03:27:30,6932,55.185028
2026/04/02@03:27:31,6933,55.194944
2026/04/02@03:27:32,6934,55.157412
2026/04/02@03:27:33,6935,55.10456
2026/04/02@03:27:34,6936,55.123272
2026/04/02@03:27:35,6937,55.099604
2026/04/02@03:27:36,6938,55.01379
2026/04/02@03:27:37,6939,55.01379
2026/04/02@03:27:38,6940,54.986176
2026/04/02@03:27:39,6941,54.96633
2026/04/02@03:27:40,6942,54.936456
2026/04/02@03:27:42,6944,54.913888
2026/04/02@03:27:43,6945,54.88626
2026/04/02@03:27:44,6946,54.860992
2026/04/02@03:27:45,6947,54.847744
2026/04/02@03:27:46,6948,54.81416
2026/04/02@03:27:47,6949,54.77034
2026/04/02@03:27:48,6950,54.78503
2026/04/02@03:27:49,6951,54.7285
2026/04/02@03:27:50,6952,54.689756
2026/04/02@03:27:51,6953,54.684484
2026/04/02@03:27:52,6954,54.68511
2026/04/02@03:27:53,6955,54.632696
2026/04/02@03:27:55,6957,54.60868
2026/04/02@03:27:56,6958,54.58461
2026/04/02@03:27:57,6959,54.5421168
2026/04/02@03:27:58,6960,54.51744
2026/04/02@03:27:59,6961,54.504844
2026/04/02@03:28:00,6962,54.493804
2026/04/02@03:28:01,6963,54.4329
2026/04/02@03:28:02,6964,54.389944
2026/04/02@03:28:03,6965,54.35596
2026/04/02@03:28:04,6966,54.361584
2026/04/02@03:28:05,6967,54.333108
2026/04/02@03:28:06,6968,54.294132
2026/04/02@03:28:08,6970,54.256208
2026/04/02@03:28:09,6971,54.242724
2026/04/02@03:28:10,6972,54.213504
2026/04/02@03:28:11,6973,54.199376
2026/04/02@03:28:12,6974,54.18054
2026/04/02@03:28:13,6975,54.113976
2026/04/02@03:28:14,6976,54.1342
2026/04/02@03:28:15,6977,54.05617
2026/04/02@03:28:16,6978,54.01384
2026/04/02@03:28:17,6979,54.031424
2026/04/02@03:28:18,6980,53.961416
2026/04/02@03:28:19,6981,53.923492
2026/04/02@03:28:21,6983,53.946896
2026/04/02@03:28:22,6984,53.90959
2026/04/02@03:28:23,6985,53.87207
2026/04/02@03:28:24,6986,53.83329
2026/04/02@03:28:25,6987,53.76175
2026/04/02@03:28:26,6988,53.75334
2026/04/02@03:28:27,6989,53.718888
2026/04/02@03:28:28,6990,53.72362
2026/04/02@03:28:29,6991,53.671636
2026/04/02@03:28:30,6992,53.618984
2026/04/02@03:28:31,6993,53.65749
2026/04/02@03:28:32,6994,53.595504
2026/04/02@03:28:34,6995,53.562608
2026/04/02@03:28:35,6997,53.57207
2026/04/02@03:28:36,6998,53.542624
2026/04/02@03:28:37,6999,53.52464
2026/04/02@03:28:38,7000,53.500824
2026/04/02@03:28:39,7001,53.4526936
2026/04/02@03:28:40,7002,53.404972
2026/04/02@03:28:41,7003,53.35748
2026/04/02@03:28:42,7004,53.329384
2026/04/02@03:28:43,7005,53.31463
2026/04/02@03:28:44,7006,53.256552
2026/04/02@03:28:45,7007,53.2433
2026/04/02@03:28:46,7008,53.19542
2026/04/02@03:28:48,7010,53.18589
2026/04/02@03:28:49,7011,53.10085
2026/04/02@03:28:50,7012,53.105036
2026/04/02@03:28:51,7013,53.095848
2026/04/02@03:28:52,7014,53.048428
2026/04/02@03:28:53,7015,53.0767868
2026/04/02@03:28:54,7016,53.068184
2026/04/02@03:28:55,7017,53.006604
2026/04/02@03:28:56,7018,52.97757
2026/04/02@03:28:57,7019,52.94418
2026/04/02@03:28:58,7020,52.938528
2026/04/02@03:28:59,7021,52.88719
2026/04/02@03:29:01,7023,52.87224
2026/04/02@03:29:02,7024,52.863292
2026/04/02@03:29:03,7025,52.815864
2026/04/02@03:29:04,7026,52.772936
2026/04/02@03:29:05,7027,52.7688
2026/04/02@03:29:06,7028,52.720644
2026/04/02@03:29:07,7029,52.67687
2026/04/02@03:29:08,7030,52.639392
2026/04/02@03:29:09,7031,52.657832
2026/04/02@03:29:10,7032,52.5967136
2026/04/02@03:29:11,7033,52.620264
2026/04/02@03:29:12,7034,52.59132
2026/04/02@03:29:14,7036,52.58172
2026/04/02@03:29:15,7037,52.534712
2026/04/02@03:29:16,7038,52.49679
2026/04/02@03:29:17,7039,52.4822536
2026/04/02@03:29:18,7040,52.44845
2026/04/02@03:29:19,7041,52.46708
2026/04/02@03:29:20,7042,52.4252
2026/04/02@03:29:21,7043,52.387108
2026/04/02@03:29:22,7044,52.35264
2026/04/02@03:29:23,7045,52.33958
2026/04/02@03:29:24,7046,52.30537
2026/04/02@03:29:25,7047,52.282616
2026/04/02@03:29:27,7049,52.263484
2026/04/02@03:29:28,7050,52.24506
2026/04/02@03:29:29,7051,52.192396
2026/04/02@03:29:30,7052,52.13591
2026/04/02@03:29:31,7053,52.121308
2026/04/02@03:29:32,7054,52.107088
2026/04/02@03:29:33,7055,52.077764
2026/04/02@03:29:34,7056,52.059328
2026/04/02@03:29:35,7057,51.997324
2026/04/02@03:29:36,7058,51.98261
2026/04/02@03:29:37,7059,51.9733
2026/04/02@03:29:38,7060,51.933828
2026/04/02@03:29:40,7062,51.896108
2026/04/02@03:29:41,7063,51.88724
2026/04/02@03:29:42,7064,51.848864
2026/04/02@03:29:43,7065,51.82544
2026/04/02@03:29:44,7066,51.805948
2026/04/02@03:29:45,7067,51.77298
2026/04/02@03:29:46,7068,51.767556
2026/04/02@03:29:47,7069,51.729812
2026/04/02@03:29:48,7070,51.715104
2026/04/02@03:29:49,7071,51.675928
2026/04/02@03:29:50,7072,51.656836
2026/04/02@03:29:51,7073,51.636456
2026/04/02@03:29:53,7075,51.57509
2026/04/02@03:29:54,7076,51.560984
2026/04/02@03:29:55,7077,51.52789
2026/04/02@03:29:56,7078,51.53266
2026/04/02@03:29:57,7079,51.489956
2026/04/02@03:29:58,7080,51.47626
2026/04/02@03:29:59,7081,51.441728
2026/04/02@03:30:00,7082,51.4553
2026/04/02@03:30:01,7083,51.413384
2026/04/02@03:30:02,7084,51.389316
2026/04/02@03:30:03,7085,51.366084
2026/04/02@03:30:04,7086,51.35514
2026/04/02@03:30:06,7088,51.318428
2026/04/02@03:30:07,7089,51.274904
2026/04/02@03:30:08,7090,51.236556
2026/04/02@03:30:09,7091,51.2421368
2026/04/02@03:30:10,7092,51.22287
2026/04/02@03:30:11,7093,51.22327
2026/04/02@03:30:12,7094,51.180644
2026/04/02@03:30:13,7095,51.14656
2026/04/02@03:30:14,7096,51.098908
2026/04/02@03:30:15,7097,51.11292
2026/04/02@03:30:16,7098,51.060564
2026/04/02@03:30:17,7099,51.0309
2026/04/02@03:30:19,7101,51.041028
2026/04/02@03:30:20,7102,51.041604
2026/04/02@03:30:21,7103,51.017656
2026/04/02@03:30:22,7104,50.95087
2026/04/02@03:30:23,7105,50.941964
2026/04/02@03:30:24,7106,50.927624
2026/04/02@03:30:25,7107,50.889072
2026/04/02@03:30:26,7108,50.889072
2026/04/02@03:30:27,7109,50.842004
2026/04/02@03:30:28,7110,50.790564
2026/04/02@03:30:29,7111,50.766964
2026/04/02@03:30:30,7112,50.7427136
2026/04/02@03:30:32,7114,50.70439
2026/04/02@03:30:33,7115,50.65685
2026/04/02@03:30:34,7116,50.675304
2026/04/02@03:30:35,7117,50.651892
2026/04/02@03:30:36,7118,50.6175
2026/04/02@03:30:37,7119,50.58496
2026/04/02@03:30:38,7120,50.580148
2026/04/02@03:30:39,7121,50.51835
2026/04/02@03:30:40,7122,50.513632
2026/04/02@03:30:41,7123,50.49824
2026/04/02@03:30:42,7124,50.46636
2026/04/02@03:30:43,7125,50.4848
2026/04/02@03:30:45,7127,50.438124
2026/04/02@03:30:46,7128,50.385468
2026/04/02@03:30:47,7129,50.352108
2026/04/02@03:30:48,7130,50.342772
2026/04/02@03:30:49,7131,50.318956
2026/04/02@03:30:50,7132,50.304844
2026/04/02@03:30:51,7133,50.28997
2026/04/02@03:30:52,7134,50.29036
2026/04/02@03:30:53,7135,50.2562968
2026/04/02@03:30:54,7136,50.251776
2026/04/02@03:30:55,7137,50.21461
2026/04/02@03:30:56,7138,50.180436
2026/04/02@03:30:58,7140,50.1379
2026/04/02@03:30:59,7141,50.1381336
2026/04/02@03:31:00,7142,50.11412
2026/04/02@03:31:01,7143,50.061468
2026/04/02@03:31:02,7144,50.057284
2026/04/02@03:31:03,7145,50.009396
2026/04/02@03:31:04,7146,50.00879
2026/04/02@03:31:05,7147,49.9767
2026/04/02@03:31:06,7148,50.004636
2026/04/02@03:31:07,7149,49.943116
2026/04/02@03:31:08,7150,49.928976
2026/04/02@03:31:09,7151,49.895232
2026/04/02@03:31:11,7152,49.891044
2026/04/02@03:31:12,7154,49.84379
2026/04/02@03:31:13,7155,49.837964
2026/04/02@03:31:14,7156,49.819716
2026/04/02@03:31:15,7157,49.7625
2026/04/02@03:31:16,7158,49.753808
2026/04/02@03:31:17,7159,49.743632
2026/04/02@03:31:18,7160,49.720384
2026/04/02@03:31:19,7161,49.715268
2026/04/02@03:31:20,7162,49.658036
2026/04/02@03:31:21,7163,49.64429
2026/04/02@03:31:22,7164,49.597344
2026/04/02@03:31:23,7165,49.6205152
2026/04/02@03:31:25,7167,49.57332
2026/04/02@03:31:26,7168,49.538604
2026/04/02@03:31:27,7169,49.55422
2026/04/02@03:31:28,7170,49.519936
2026/04/02@03:31:29,7171,49.482468
2026/04/02@03:31:30,7172,49.454344
2026/04/02@03:31:31,7173,49.44868
2026/04/02@03:31:32,7174,49.39209
2026/04/02@03:31:33,7175,49.36255
2026/04/02@03:31:34,7176,49.372592
2026/04/02@03:31:35,7177,49.325644
2026/04/02@03:31:36,7178,49.311456
2026/04/02@03:31:38,7180,49.25893
2026/04/02@03:31:39,7181,49.272792
2026/04/02@03:31:40,7182,49.22967
2026/04/02@03:31:41,7183,49.20647
2026/04/02@03:31:42,7184,49.192412
2026/04/02@03:31:43,7185,49.13534
2026/04/02@03:31:44,7186,49.159284
2026/04/02@03:31:45,7187,49.0875
2026/04/02@03:31:46,7188,49.0829632
2026/04/02@03:31:47,7189,49.040196
2026/04/02@03:31:48,7190,49.011864
2026/04/02@03:31:49,7191,48.987812
2026/04/02@03:31:51,7193,48.97246
2026/04/02@03:31:52,7194,48.972
2026/04/02@03:31:53,7195,48.9234632
2026/04/02@03:31:54,7196,48.906016
2026/04/02@03:31:55,7197,48.886148
2026/04/02@03:31:56,7198,48.85798
2026/04/02@03:31:57,7199,48.810092
2026/04/02@03:31:58,7200,48.800568
2026/04/02@03:31:59,7201,48.787276
2026/04/02@03:32:00,7202,48.75849
2026/04/02@03:32:01,7203,48.719424
2026/04/02@03:32:02,7204,48.705764
2026/04/02@03:32:04,7206,48.700616
2026/04/02@03:32:05,7207,48.62472
2026/04/02@03:32:06,7208,48.653344
2026/04/02@03:32:07,7209,48.586192
2026/04/02@03:32:08,7210,48.537616
2026/04/02@03:32:09,7211,48.51418
2026/04/02@03:32:10,7212,48.51465
2026/04/02@03:32:11,7213,48.47749
2026/04/02@03:32:12,7214,48.39926
2026/04/02@03:32:13,7215,48.395008
2026/04/02@03:32:14,7216,48.3041
2026/04/02@03:32:16,7217,48.3041
2026/04/02@03:32:17,7219,48.276608
2026/04/02@03:32:18,7220,48.261852
2026/04/02@03:32:19,7221,48.242832
2026/04/02@03:32:20,7222,48.2288768
2026/04/02@03:32:21,7223,48.17588
2026/04/02@03:32:22,7224,48.14744
2026/04/02@03:32:23,7225,48.11835
2026/04/02@03:32:24,7226,48.1235
2026/04/02@03:32:25,7227,48.07136
2026/04/02@03:32:26,7228,48.033232
2026/04/02@03:32:27,7229,48.009796
2026/04/02@03:32:29,7230,47.97658
2026/04/02@03:32:30,7232,47.948612
2026/04/02@03:32:31,7233,47.957524
2026/04/02@03:32:32,7234,47.91413
2026/04/02@03:32:33,7235,47.842196
2026/04/02@03:32:34,7236,47.819448
2026/04/02@03:32:35,7237,47.814684
2026/04/02@03:32:36,7238,47.77606
2026/04/02@03:32:37,7239,47.781512
2026/04/02@03:32:38,7240,47.7384
2026/04/02@03:32:39,7241,47.71385
2026/04/02@03:32:40,7242,47.67718
2026/04/02@03:32:41,7243,47.6577336
2026/04/02@03:32:43,7245,47.637976
2026/04/02@03:32:44,7246,47.585988
2026/04/02@03:32:45,7247,47.58746
2026/04/02@03:32:46,7248,47.605904
2026/04/02@03:32:47,7249,47.553436
2026/04/02@03:32:48,7250,47.496408
2026/04/02@03:32:49,7251,47.4722
2026/04/02@03:32:50,7252,47.477624
2026/04/02@03:32:51,7253,47.44856
2026/04/02@03:32:52,7254,47.411452
2026/04/02@03:32:53,7255,47.386776
2026/04/02@03:32:54,7256,47.339744
2026/04/02@03:32:56,7258,47.329744
2026/04/02@03:32:57,7259,47.31111
2026/04/02@03:32:58,7260,47.27384
2026/04/02@03:32:59,7261,47.26428
2026/04/02@03:33:00,7262,47.24046
2026/04/02@03:33:01,7263,47.18782
2026/04/02@03:33:02,7264,47.168916
2026/04/02@03:33:03,7265,47.169932
2026/04/02@03:33:04,7266,47.102976
2026/04/02@03:33:05,7267,47.092796
2026/04/02@03:33:06,7268,47.088888
2026/04/02@03:33:07,7269,47.031692
2026/04/02@03:33:09,7271,47.003264
2026/04/02@03:33:10,7272,46.989156
2026/04/02@03:33:11,7273,46.975296
2026/04/02@03:33:12,7274,46.947364
2026/04/02@03:33:13,7275,46.9242
2026/04/02@03:33:14,7276,46.899628
2026/04/02@03:33:15,7277,46.871496
2026/04/02@03:33:16,7278,46.861936
2026/04/02@03:33:17,7279,46.838044
2026/04/02@03:33:18,7280,46.82373
2026/04/02@03:33:19,7281,46.80538
2026/04/02@03:33:20,7282,46.767256
2026/04/02@03:33:22,7284,46.768036
2026/04/02@03:33:23,7285,46.696164
2026/04/02@03:33:24,7286,46.67655
2026/04/02@03:33:25,7287,46.629784
2026/04/02@03:33:26,7288,46.600116
2026/04/02@03:33:27,7289,46.6246
2026/04/02@03:33:28,7290,46.54328
2026/04/02@03:33:29,7291,46.566876
2026/04/02@03:33:30,7292,46.535264
2026/04/02@03:33:31,7293,46.539016
2026/04/02@03:33:32,7294,46.458544
2026/04/02@03:33:33,7295,46.473124
2026/04/02@03:33:35,7297,46.40114
2026/04/02@03:33:36,7298,46.415464
2026/04/02@03:33:37,7299,46.39586
2026/04/02@03:33:38,7300,46.373124
2026/04/02@03:33:39,7301,46.31965
2026/04/02@03:33:40,7302,46.320236
2026/04/02@03:33:41,7303,46.272392
2026/04/02@03:33:42,7304,46.26728
2026/04/02@03:33:43,7305,46.249336
2026/04/02@03:33:44,7306,46.172
2026/04/02@03:33:45,7307,46.187152
2026/04/02@03:33:46,7308,46.13858
2026/04/02@03:33:48,7310,46.158128
2026/04/02@03:33:49,7311,46.11087
2026/04/02@03:33:50,7312,46.090484
2026/04/02@03:33:51,7313,46.056664
2026/04/02@03:33:52,7314,46.02427
2026/04/02@03:33:53,7315,46.03343
2026/04/02@03:33:54,7316,46.0044
2026/04/02@03:33:55,7317,45.937836
2026/04/02@03:33:56,7318,45.933076
2026/04/02@03:33:57,7319,45.861516
2026/04/02@03:33:58,7320,45.909436
2026/04/02@03:33:59,7321,45.871752
2026/04/02@03:34:01,7323,45.814284
2026/04/02@03:34:02,7324,45.80499
2026/04/02@03:34:03,7325,45.7674168
2026/04/02@03:34:04,7326,45.7616
2026/04/02@03:34:05,7327,45.738428
2026/04/02@03:34:06,7328,45.71499
2026/04/02@03:34:07,7329,45.69132
2026/04/02@03:34:08,7330,45.68204
2026/04/02@03:34:09,7331,45.658204
2026/04/02@03:34:10,7332,45.615656
2026/04/02@03:34:11,7333,45.615112
2026/04/02@03:34:12,7334,45.625276
2026/04/02@03:34:14,7336,45.595596
2026/04/02@03:34:15,7337,45.57715
2026/04/02@03:34:16,7338,45.544416
2026/04/02@03:34:17,7339,45.544228
2026/04/02@03:34:18,7340,45.497036
2026/04/02@03:34:19,7341,45.44918
2026/04/02@03:34:20,7342,45.45907
2026/04/02@03:34:21,7343,45.406568
2026/04/02@03:34:22,7344,45.42559
2026/04/02@03:34:23,7345,45.36799
2026/04/02@03:34:24,7346,45.37254
2026/04/02@03:34:25,7347,45.33571
2026/04/02@03:34:27,7349,45.329804
2026/04/02@03:34:28,7350,45.32098
2026/04/02@03:34:29,7351,45.32068
2026/04/02@03:34:30,7352,45.21146
2026/04/02@03:34:31,7353,45.25047
2026/04/02@03:34:32,7354,45.211736
2026/04/02@03:34:33,7355,45.1732936
2026/04/02@03:34:34,7356,45.187556
2026/04/02@03:34:35,7357,45.148156
2026/04/02@03:34:36,7358,45.08159
2026/04/02@03:34:37,7359,45.110216
2026/04/02@03:34:38,7360,45.115184
2026/04/02@03:34:40,7362,45.054092
2026/04/02@03:34:41,7363,45.04346
2026/04/02@03:34:42,7364,45.044116
2026/04/02@03:34:43,7365,44.991232
2026/04/02@03:34:44,7366,44.972416
2026/04/02@03:34:45,7367,44.95307
2026/04/02@03:34:46,7368,44.943548
2026/04/02@03:34:47,7369,44.920096
2026/04/02@03:34:48,7370,44.89128
2026/04/02@03:34:49,7371,44.86703
2026/04/02@03:34:50,7372,44.81499
2026/04/02@03:34:51,7373,44.839056
2026/04/02@03:34:53,7375,44.796092
2026/04/02@03:34:54,7376,44.823868
2026/04/02@03:34:55,7377,44.796788
2026/04/02@03:34:56,7378,44.782836
2026/04/02@03:34:57,7379,44.73832
2026/04/02@03:34:58,7380,44.734144
2026/04/02@03:34:59,7381,44.68169
2026/04/02@03:35:00,7382,44.68255
2026/04/02@03:35:01,7383,44.64376
2026/04/02@03:35:02,7384,44.629416
2026/04/02@03:35:03,7385,44.60541
2026/04/02@03:35:04,7386,44.591956
2026/04/02@03:35:05,7387,44.572664
2026/04/02@03:35:07,7389,44.5351232
2026/04/02@03:35:08,7390,44.51105
2026/04/02@03:35:09,7391,44.48703
2026/04/02@03:35:10,7392,44.501768
2026/04/02@03:35:11,7393,44.439772
2026/04/02@03:35:12,7394,44.406416
2026/04/02@03:35:13,7395,44.41567
2026/04/02@03:35:14,7396,44.40165
2026/04/02@03:35:15,7397,44.326132
2026/04/02@03:35:16,7398,44.31165
2026/04/02@03:35:17,7399,44.301844
2026/04/02@03:35:18,7400,44.273296
2026/04/02@03:35:20,7402,44.245088
2026/04/02@03:35:21,7403,44.198328
2026/04/02@03:35:22,7404,44.1594632
2026/04/02@03:35:23,7405,44.173996
2026/04/02@03:35:24,7406,44.1547
2026/04/02@03:35:25,7407,44.092724
2026/04/02@03:35:26,7408,44.08381
2026/04/02@03:35:27,7409,44.07834
2026/04/02@03:35:28,7410,44.036068
2026/04/02@03:35:29,7411,44.002716
2026/04/02@03:35:30,7412,44.00748
2026/04/02@03:35:31,7413,43.992608
2026/04/02@03:35:33,7415,43.96041
2026/04/02@03:35:34,7416,43.93182
2026/04/02@03:35:35,7417,43.893992
2026/04/02@03:35:36,7418,43.888076
2026/04/02@03:35:37,7419,43.840796
2026/04/02@03:35:38,7420,43.826128
2026/04/02@03:35:39,7421,43.846236
2026/04/02@03:35:40,7422,43.813
2026/04/02@03:35:41,7423,43.764716
2026/04/02@03:35:42,7424,43.760808
2026/04/02@03:35:43,7425,43.746084
2026/04/02@03:35:44,7426,43.737016
2026/04/02@03:35:46,7428,43.70365
2026/04/02@03:35:47,7429,43.626828
2026/04/02@03:35:48,7430,43.632364
2026/04/02@03:35:49,7431,43.622256
2026/04/02@03:35:50,7432,43.578896
2026/04/02@03:35:51,7433,43.54597
2026/04/02@03:35:52,7434,43.536884
2026/04/02@03:35:53,7435,43.494404
2026/04/02@03:35:54,7436,43.480576
2026/04/02@03:35:55,7437,43.509824
2026/04/02@03:35:56,7438,43.404296
2026/04/02@03:35:57,7439,43.380664
2026/04/02@03:35:59,7441,43.370588
2026/04/02@03:36:00,7442,43.332696
2026/04/02@03:36:01,7443,43.304024
2026/04/02@03:36:02,7444,43.32364
2026/04/02@03:36:03,7445,43.270972
2026/04/02@03:36:04,7446,43.28042
2026/04/02@03:36:05,7447,43.223052
2026/04/02@03:36:06,7448,43.232808
2026/04/02@03:36:07,7449,43.213084
2026/04/02@03:36:08,7450,43.19915
2026/04/02@03:36:09,7451,43.1905068
2026/04/02@03:36:10,7452,43.151492
2026/04/02@03:36:12,7454,43.080516
2026/04/02@03:36:13,7455,43.10379
2026/04/02@03:36:14,7456,43.08516
2026/04/02@03:36:15,7457,43.041956
2026/04/02@03:36:16,7458,43.013172
2026/04/02@03:36:17,7459,42.99888
2026/04/02@03:36:18,7460,42.999304
2026/04/02@03:36:19,7461,42.950716
2026/04/02@03:36:20,7462,42.913692
2026/04/02@03:36:21,7463,42.908216
2026/04/02@03:36:22,7464,42.91288
2026/04/02@03:36:23,7465,42.88415
2026/04/02@03:36:25,7467,42.86576
2026/04/02@03:36:26,7468,42.846424
2026/04/02@03:36:27,7469,42.827864
2026/04/02@03:36:28,7470,42.812636
2026/04/02@03:36:29,7471,42.794504
2026/04/02@03:36:30,7472,42.75604
2026/04/02@03:36:31,7473,42.747628
2026/04/02@03:36:32,7474,42.6995
2026/04/02@03:36:33,7475,42.699476
2026/04/02@03:36:34,7476,42.679528
2026/04/02@03:36:35,7477,42.641864
2026/04/02@03:36:36,7478,42.618144
2026/04/02@03:36:37,7479,42.598076
2026/04/02@03:36:39,7481,42.57921
2026/04/02@03:36:40,7482,42.5705
2026/04/02@03:36:41,7483,42.53671
2026/04/02@03:36:42,7484,42.52699
2026/04/02@03:36:43,7485,42.517804
2026/04/02@03:36:44,7486,42.484912
2026/04/02@03:36:45,7487,42.46085
2026/04/02@03:36:46,7488,42.461036
2026/04/02@03:36:47,7489,42.389104
2026/04/02@03:36:48,7490,42.384756
2026/04/02@03:36:49,7491,42.351544
2026/04/02@03:36:50,7492,42.32749
2026/04/02@03:36:52,7494,42.285188
2026/04/02@03:36:53,7495,42.299372
2026/04/02@03:36:54,7496,42.260936
2026/04/02@03:36:55,7497,42.251828
2026/04/02@03:36:56,7498,42.20871
2026/04/02@03:36:57,7499,42.223036
2026/04/02@03:36:58,7500,42.189644
2026/04/02@03:36:59,7501,42.156064
2026/04/02@03:37:00,7502,42.11793
2026/04/02@03:37:01,7503,42.113164
2026/04/02@03:37:02,7504,42.069776
2026/04/02@03:37:03,7505,42.07978
2026/04/02@03:37:05,7507,42.055244
2026/04/02@03:37:06,7508,42.008444
2026/04/02@03:37:07,7509,41.97529
2026/04/02@03:37:08,7510,41.989816
2026/04/02@03:37:09,7511,41.960256
2026/04/02@03:37:10,7512,41.91197
2026/04/02@03:37:11,7513,41.92213
2026/04/02@03:37:12,7514,41.879004
2026/04/02@03:37:13,7515,41.836456
2026/04/02@03:37:14,7516,41.82248
2026/04/02@03:37:15,7517,41.78493
2026/04/02@03:37:16,7518,41.760216
2026/04/02@03:37:18,7520,41.769736
2026/04/02@03:37:19,7521,41.698656
2026/04/02@03:37:20,7522,41.718016
2026/04/02@03:37:21,7523,41.670252
2026/04/02@03:37:22,7524,41.65634
2026/04/02@03:37:23,7525,41.651388
2026/04/02@03:37:24,7526,41.603916
2026/04/02@03:37:25,7527,41.555176
2026/04/02@03:37:26,7528,41.57882
2026/04/02@03:37:27,7529,41.51311
2026/04/02@03:37:28,7530,41.508268
2026/04/02@03:37:29,7531,41.455224
2026/04/02@03:37:31,7533,41.479284
2026/04/02@03:37:32,7534,41.403576
2026/04/02@03:37:33,7535,41.37995
2026/04/02@03:37:34,7536,41.378856
2026/04/02@03:37:35,7537,41.35132
2026/04/02@03:37:36,7538,41.307756
2026/04/02@03:37:37,7539,41.27507
2026/04/02@03:37:38,7540,41.270108
2026/04/02@03:37:39,7541,41.2601
2026/04/02@03:37:40,7542,41.22777
2026/04/02@03:37:41,7543,41.226408
2026/04/02@03:37:42,7544,41.154924
2026/04/02@03:37:44,7546,41.160624
2026/04/02@03:37:45,7547,41.13133
2026/04/02@03:37:46,7548,41.065664
2026/04/02@03:37:47,7549,41.050888
2026/04/02@03:37:48,7550,41.031788
2026/04/02@03:37:49,7551,40.999336
2026/04/02@03:37:50,7552,40.998904
2026/04/02@03:37:51,7553,40.97524
2026/04/02@03:37:52,7554,40.965224
2026/04/02@03:37:53,7555,40.9225
2026/04/02@03:37:54,7556,40.893944
2026/04/02@03:37:55,7557,40.880076
2026/04/02@03:37:57,7559,40.83738
2026/04/02@03:37:58,7560,40.841644
2026/04/02@03:37:59,7561,40.81789
2026/04/02@03:38:00,7562,40.79426
2026/04/02@03:38:01,7563,40.755636
2026/04/02@03:38:02,7564,40.7422168
2026/04/02@03:38:03,7565,40.74724
2026/04/02@03:38:04,7566,40.70864
2026/04/02@03:38:05,7567,40.680008
2026/04/02@03:38:06,7568,40.656216
2026/04/02@03:38:07,7569,40.636368
2026/04/02@03:38:08,7570,40.63712
2026/04/02@03:38:10,7572,40.551504
2026/04/02@03:38:11,7573,40.556256
2026/04/02@03:38:12,7574,40.532432
2026/04/02@03:38:13,7575,40.47989
2026/04/02@03:38:14,7576,40.49876
2026/04/02@03:38:15,7577,40.46532
2026/04/02@03:38:16,7578,40.437444
2026/04/02@03:38:17,7579,40.46083
2026/04/02@03:38:18,7580,40.442
2026/04/02@03:38:19,7581,40.40353
2026/04/02@03:38:20,7582,40.36087
2026/04/02@03:38:21,7583,40.331852
2026/04/02@03:38:23,7585,40.308176
2026/04/02@03:38:24,7586,40.298844
2026/04/02@03:38:25,7587,40.2600868
2026/04/02@03:38:26,7588,40.2661
2026/04/02@03:38:27,7589,40.222552
2026/04/02@03:38:28,7590,40.217564
2026/04/02@03:38:29,7591,40.212128
2026/04/02@03:38:30,7592,40.19329
2026/04/02@03:38:31,7593,40.146108
2026/04/02@03:38:32,7594,40.142136
2026/04/02@03:38:33,7595,40.089676
2026/04/02@03:38:34,7596,40.131936
2026/04/02@03:38:36,7598,40.055368
2026/04/02@03:38:37,7599,40.04675
2026/04/02@03:38:38,7600,40.02678
2026/04/02@03:38:39,7601,40.04136
2026/04/02@03:38:40,7602,39.99792
2026/04/02@03:38:41,7603,39.94592
2026/04/02@03:38:42,7604,39.931812
2026/04/02@03:38:43,7605,39.931588
2026/04/02@03:38:44,7606,39.907528
2026/04/02@03:38:45,7607,39.893264
2026/04/02@03:38:46,7608,39.892836
2026/04/02@03:38:47,7609,39.8694432
2026/04/02@03:38:49,7611,39.811944
2026/04/02@03:38:50,7612,39.811972
2026/04/02@03:38:51,7613,39.77467
2026/04/02@03:38:52,7614,39.726904
2026/04/02@03:38:53,7615,39.739764
2026/04/02@03:38:54,7616,39.725236
2026/04/02@03:38:55,7617,39.696836
2026/04/02@03:38:56,7618,39.635544
2026/04/02@03:38:57,7619,39.644796
2026/04/02@03:38:58,7620,39.620744
2026/04/02@03:38:59,7621,39.625036
2026/04/02@03:39:00,7622,39.592772
2026/04/02@03:39:02,7624,39.558944
2026/04/02@03:39:03,7625,39.530076
2026/04/02@03:39:04,7626,39.544184
2026/04/02@03:39:05,7627,39.534384
2026/04/02@03:39:06,7628,39.491528
2026/04/02@03:39:07,7629,39.46805
2026/04/02@03:39:08,7630,39.439224
2026/04/02@03:39:09,7631,39.38091
2026/04/02@03:39:10,7632,39.3525
2026/04/02@03:39:11,7633,39.33341
2026/04/02@03:39:12,7634,39.332752
2026/04/02@03:39:13,7635,39.30005
2026/04/02@03:39:14,7636,39.299424
2026/04/02@03:39:16,7638,39.270596
2026/04/02@03:39:17,7639,39.266416
2026/04/02@03:39:18,7640,39.266416
2026/04/02@03:39:19,7641,39.22329
2026/04/02@03:39:20,7642,39.194428
2026/04/02@03:39:21,7643,39.15626
2026/04/02@03:39:22,7644,39.13719
2026/04/02@03:39:23,7645,39.1231468
2026/04/02@03:39:24,7646,39.07545
2026/04/02@03:39:25,7647,39.076536
2026/04/02@03:39:26,7648,39.06116
2026/04/02@03:39:27,7649,39.066376
2026/04/02@03:39:29,7651,39.032788
2026/04/02@03:39:30,7652,39.01322
2026/04/02@03:39:31,7653,38.96205
2026/04/02@03:39:32,7654,38.96169
2026/04/02@03:39:33,7655,38.95748
2026/04/02@03:39:34,7656,38.918544
2026/04/02@03:39:35,7657,38.8990032
2026/04/02@03:39:36,7658,38.861892
2026/04/02@03:39:37,7659,38.851944
2026/04/02@03:39:38,7660,38.847208
2026/04/02@03:39:39,7661,38.79081
2026/04/02@03:39:40,7662,38.7808368
2026/04/02@03:39:42,7664,38.7338168
2026/04/02@03:39:43,7665,38.73791
2026/04/02@03:39:44,7666,38.7520184
2026/04/02@03:39:45,7667,38.713836
2026/04/02@03:39:46,7668,38.652256
2026/04/02@03:39:47,7669,38.65709
2026/04/02@03:39:48,7670,38.624076
2026/04/02@03:39:49,7671,38.600644
2026/04/02@03:39:50,7672,38.5857632
2026/04/02@03:39:51,7673,38.566044
2026/04/02@03:39:52,7674,38.52874
2026/04/02@03:39:53,7675,38.523036
2026/04/02@03:39:55,7677,38.47116
2026/04/02@03:39:56,7678,38.49557
2026/04/02@03:39:57,7679,38.461544
2026/04/02@03:39:58,7680,38.41835
2026/04/02@03:39:59,7681,38.447212
2026/04/02@03:40:00,7682,38.37139
2026/04/02@03:40:01,7683,38.385452
2026/04/02@03:40:02,7684,38.376312
2026/04/02@03:40:03,7685,38.35676
2026/04/02@03:40:04,7686,38.32472
2026/04/02@03:40:05,7687,38.30936
2026/04/02@03:40:06,7688,38.27624
2026/04/02@03:40:08,7690,38.275704
2026/04/02@03:40:09,7691,38.204824
2026/04/02@03:40:10,7692,38.24299
2026/04/02@03:40:11,7693,38.219048
2026/04/02@03:40:12,7694,38.214092
2026/04/02@03:40:13,7695,38.19073
2026/04/02@03:40:14,7696,38.162016
2026/04/02@03:40:15,7697,38.113976
2026/04/02@03:40:16,7698,38.07628
2026/04/02@03:40:17,7699,38.080964
2026/04/02@03:40:18,7700,38.051984
2026/04/02@03:40:19,7701,38.04257
2026/04/02@03:40:21,7703,38.042656
2026/04/02@03:40:22,7704,38.028896
2026/04/02@03:40:23,7705,37.98042
2026/04/02@03:40:24,7706,37.947404
2026/04/02@03:40:25,7707,37.961708
2026/04/02@03:40:26,7708,37.928344
2026/04/02@03:40:27,7709,37.94671
2026/04/02@03:40:28,7710,37.86586
2026/04/02@03:40:29,7711,37.870656
2026/04/02@03:40:30,7712,37.866556
2026/04/02@03:40:31,7713,37.821964
2026/04/02@03:40:32,7714,37.798516
2026/04/02@03:40:34,7716,37.760344
2026/04/02@03:40:35,7717,37.75644
2026/04/02@03:40:36,7718,37.775496
2026/04/02@03:40:37,7719,37.722624
2026/04/02@03:40:38,7720,37.727996
2026/04/02@03:40:39,7721,37.689804
2026/04/02@03:40:40,7722,37.6890216
2026/04/02@03:40:41,7723,37.654692
2026/04/02@03:40:42,7724,37.62704
2026/04/02@03:40:43,7725,37.63173
2026/04/02@03:40:44,7726,37.559576
2026/04/02@03:40:45,7727,37.58925
2026/04/02@03:40:47,7729,37.56067
2026/04/02@03:40:48,7730,37.53187
2026/04/02@03:40:49,7731,37.502772
2026/04/02@03:40:50,7732,37.48961
2026/04/02@03:40:51,7733,37.45965
2026/04/02@03:40:52,7734,37.46918
2026/04/02@03:40:53,7735,37.45075
2026/04/02@03:40:54,7736,37.455276
2026/04/02@03:40:55,7737,37.403044
2026/04/02@03:40:56,7738,37.354724
2026/04/02@03:40:57,7739,37.34556
2026/04/02@03:40:58,7740,37.35497
2026/04/02@03:41:00,7742,37.32145
2026/04/02@03:41:01,7743,37.287168
2026/04/02@03:41:02,7744,37.269256
2026/04/02@03:41:03,7745,37.27373
2026/04/02@03:41:04,7746,37.24078
2026/04/02@03:41:05,7747,37.23497
2026/04/02@03:41:06,7748,37.211336
2026/04/02@03:41:07,7749,37.192236
2026/04/02@03:41:08,7750,37.169032
2026/04/02@03:41:09,7751,37.111376
2026/04/02@03:41:10,7752,37.12533
2026/04/02@03:41:11,7753,37.106416
2026/04/02@03:41:13,7755,37.13498
2026/04/02@03:41:14,7756,37.06365
2026/04/02@03:41:15,7757,37.063524
2026/04/02@03:41:16,7758,37.077584
2026/04/02@03:41:17,7759,36.996076
2026/04/02@03:41:18,7760,37.02579
2026/04/02@03:41:19,7761,36.961932
2026/04/02@03:41:20,7762,36.924696
2026/04/02@03:41:21,7763,36.92946
2026/04/02@03:41:22,7764,36.886968
2026/04/02@03:41:23,7765,36.891504
2026/04/02@03:41:24,7766,36.858136
2026/04/02@03:41:26,7768,36.82454
2026/04/02@03:41:27,7769,36.82458
2026/04/02@03:41:28,7770,36.810528
2026/04/02@03:41:29,7771,36.776856
2026/04/02@03:41:30,7772,36.76775
2026/04/02@03:41:31,7773,36.724556
2026/04/02@03:41:32,7774,36.723924
2026/04/02@03:41:33,7775,36.75294
2026/04/02@03:41:34,7776,36.6718936
2026/04/02@03:41:35,7777,36.657996
2026/04/02@03:41:36,7778,36.618848
2026/04/02@03:41:37,7779,36.600752
2026/04/02@03:41:39,7781,36.61958
2026/04/02@03:41:40,7782,36.59576
2026/04/02@03:41:41,7783,36.581688
2026/04/02@03:41:42,7784,36.533768
2026/04/02@03:41:43,7785,36.48564
2026/04/02@03:41:44,7786,36.466732
2026/04/02@03:41:45,7787,36.467396
2026/04/02@03:41:46,7788,36.42927
2026/04/02@03:41:47,7789,36.423544
2026/04/02@03:41:48,7790,36.3858
2026/04/02@03:41:49,7791,36.42854
2026/04/02@03:41:50,7792,36.352256
2026/04/02@03:41:51,7793,36.3705
2026/04/02@03:41:53,7795,36.323656
2026/04/02@03:41:54,7796,36.276124
2026/04/02@03:41:55,7797,36.285256
2026/04/02@03:41:56,7798,36.252284
2026/04/02@03:41:57,7799,36.22369
2026/04/02@03:41:58,7800,36.166004
2026/04/02@03:41:59,7801,36.189904
2026/04/02@03:42:00,7802,36.14756
2026/04/02@03:42:01,7803,36.138528
2026/04/02@03:42:02,7804,36.123104
2026/04/02@03:42:03,7805,36.075404
2026/04/02@03:42:04,7806,36.09834
2026/04/02@03:42:06,7808,36.079012
2026/04/02@03:42:07,7809,36.073744
2026/04/02@03:42:08,7810,36.012448
2026/04/02@03:42:09,7811,36.017012
2026/04/02@03:42:10,7812,35.97855
2026/04/02@03:42:11,7813,35.97885
2026/04/02@03:42:12,7814,35.949484
2026/04/02@03:42:13,7815,35.963584
2026/04/02@03:42:14,7816,35.91133
2026/04/02@03:42:15,7817,35.9198
2026/04/02@03:42:16,7818,35.89252
2026/04/02@03:42:17,7819,35.87687
2026/04/02@03:42:19,7821,35.8682
2026/04/02@03:42:20,7822,35.85735
2026/04/02@03:42:21,7823,35.8203
2026/04/02@03:42:22,7824,35.819872
2026/04/02@03:42:23,7825,35.78558
2026/04/02@03:42:24,7826,35.7425
2026/04/02@03:42:25,7827,35.771484
2026/04/02@03:42:26,7828,35.70395
2026/04/02@03:42:27,7829,35.67495
2026/04/02@03:42:28,7830,35.688996
2026/04/02@03:42:29,7831,35.63196
2026/04/02@03:42:30,7832,35.65624
2026/04/02@03:42:32,7834,35.613124
2026/04/02@03:42:33,7835,35.60251
2026/04/02@03:42:34,7836,35.574688
2026/04/02@03:42:35,7837,35.55587
2026/04/02@03:42:36,7838,35.565116
2026/04/02@03:42:37,7839,35.506572
2026/04/02@03:42:38,7840,35.53087
2026/04/02@03:42:39,7841,35.482236
2026/04/02@03:42:40,7842,35.482316
2026/04/02@03:42:41,7843,35.4485736
2026/04/02@03:42:42,7844,35.410052
2026/04/02@03:42:43,7845,35.400056
2026/04/02@03:42:45,7847,35.399556
2026/04/02@03:42:46,7848,35.394424
2026/04/02@03:42:47,7849,35.356692
2026/04/02@03:42:48,7850,35.37545
2026/04/02@03:42:49,7851,35.346264
2026/04/02@03:42:50,7852,35.3220936
2026/04/02@03:42:51,7853,35.312828
2026/04/02@03:42:52,7854,35.280168
2026/04/02@03:42:53,7855,35.28447
2026/04/02@03:42:54,7856,35.246076
2026/04/02@03:42:55,7857,35.203456
2026/04/02@03:42:56,7858,35.1983
2026/04/02@03:42:58,7860,35.1692
2026/04/02@03:42:59,7861,35.164744
2026/04/02@03:43:00,7862,35.13128
2026/04/02@03:43:01,7863,35.140812
2026/04/02@03:43:02,7864,35.112604
2026/04/02@03:43:03,7865,35.10198
2026/04/02@03:43:04,7866,35.06466
2026/04/02@03:43:05,7867,35.054744
2026/04/02@03:43:06,7868,35.064472
2026/04/02@03:43:07,7869,35.040216
2026/04/02@03:43:08,7870,35.040636
2026/04/02@03:43:09,7871,35.00337
2026/04/02@03:43:11,7873,34.9927136
2026/04/02@03:43:12,7874,34.945676
2026/04/02@03:43:13,7875,34.96955
2026/04/02@03:43:14,7876,34.930484
2026/04/02@03:43:15,7877,34.951104
2026/04/02@03:43:16,7878,34.883264
2026/04/02@03:43:17,7879,34.87411
2026/04/02@03:43:18,7880,34.8730668
2026/04/02@03:43:19,7881,34.8357632
2026/04/02@03:43:20,7882,34.82123
2026/04/02@03:43:21,7883,34.811936
2026/04/02@03:43:22,7884,34.802372
2026/04/02@03:43:24,7886,34.764156
2026/04/02@03:43:25,7887,34.749196
2026/04/02@03:43:26,7888,34.759192
2026/04/02@03:43:27,7889,34.744712
2026/04/02@03:43:28,7890,34.725604
2026/04/02@03:43:29,7891,34.707156
2026/04/02@03:43:30,7892,34.7160352
2026/04/02@03:43:31,7893,34.66331
2026/04/02@03:43:32,7894,34.66378
2026/04/02@03:43:33,7895,34.620836
2026/04/02@03:43:34,7896,34.6153
2026/04/02@03:43:35,7897,34.61521
2026/04/02@03:43:37,7899,34.572324
2026/04/02@03:43:38,7900,34.54873
2026/04/02@03:43:39,7901,34.505376
2026/04/02@03:43:40,7902,34.496236
2026/04/02@03:43:41,7903,34.429044
2026/04/02@03:43:42,7904,34.466924
2026/04/02@03:43:43,7905,34.42838
2026/04/02@03:43:44,7906,34.42446
2026/04/02@03:43:45,7907,34.371924
2026/04/02@03:43:46,7908,34.371112
2026/04/02@03:43:47,7909,34.342676
2026/04/02@03:43:48,7910,34.328576
2026/04/02@03:43:50,7911,34.32791
2026/04/02@03:43:51,7913,34.27142
2026/04/02@03:43:52,7914,34.26596
2026/04/02@03:43:53,7915,34.25204
2026/04/02@03:43:54,7916,34.242752
2026/04/02@03:43:55,7917,34.222744
2026/04/02@03:43:56,7918,34.208108
2026/04/02@03:43:57,7919,34.15208
2026/04/02@03:43:58,7920,34.184756
2026/04/02@03:43:59,7921,34.13751
2026/04/02@03:44:00,7922,34.09912
2026/04/02@03:44:01,7923,34.098456
2026/04/02@03:44:02,7924,34.075104
2026/04/02@03:44:04,7926,34.070324
2026/04/02@03:44:05,7927,34.050488
2026/04/02@03:44:06,7928,34.026892
2026/04/02@03:44:07,7929,34.04096
2026/04/02@03:44:08,7930,33.97372
2026/04/02@03:44:09,7931,34.00709
2026/04/02@03:44:10,7932,33.96463
2026/04/02@03:44:11,7933,33.9124
2026/04/02@03:44:12,7934,33.92666
2026/04/02@03:44:13,7935,33.897184
2026/04/02@03:44:14,7936,33.859236
2026/04/02@03:44:15,7937,33.863564
2026/04/02@03:44:17,7939,33.845804
2026/04/02@03:44:18,7940,33.806748
2026/04/02@03:44:19,7941,33.79791
2026/04/02@03:44:20,7942,33.768624
2026/04/02@03:44:21,7943,33.717004
2026/04/02@03:44:22,7944,33.75448
2026/04/02@03:44:23,7945,33.697284
2026/04/02@03:44:24,7946,33.64502
2026/04/02@03:44:25,7947,33.673216
2026/04/02@03:44:26,7948,33.648692
2026/04/02@03:44:27,7949,33.59189
2026/04/02@03:44:28,7950,33.592552
2026/04/02@03:44:30,7952,33.620292
2026/04/02@03:44:31,7953,33.57755
2026/04/02@03:44:32,7954,33.54369
2026/04/02@03:44:33,7955,33.53913
2026/04/02@03:44:34,7956,33.52557
2026/04/02@03:44:35,7957,33.510484
2026/04/02@03:44:36,7958,33.471624
2026/04/02@03:44:37,7959,33.45732
2026/04/02@03:44:38,7960,33.44892
2026/04/02@03:44:39,7961,33.428924
2026/04/02@03:44:40,7962,33.391068
2026/04/02@03:44:41,7963,33.39098
2026/04/02@03:44:43,7965,33.372352
2026/04/02@03:44:44,7966,33.348456
2026/04/02@03:44:45,7967,33.357988
2026/04/02@03:44:46,7968,33.3433
2026/04/02@03:44:47,7969,33.319616
2026/04/02@03:44:48,7970,33.267196
2026/04/02@03:44:49,7971,33.28127
2026/04/02@03:44:50,7972,33.252632
2026/04/02@03:44:51,7973,33.2424
2026/04/02@03:44:52,7974,33.23333
2026/04/02@03:44:53,7975,33.189508
2026/04/02@03:44:54,7976,33.189744
2026/04/02@03:44:56,7978,33.16087
2026/04/02@03:44:57,7979,33.138134
2026/04/02@03:44:58,7980,33.132984
2026/04/02@03:44:59,7981,33.118688
2026/04/02@03:45:00,7982,33.108612
2026/04/02@03:45:01,7983,33.07481
2026/04/02@03:45:02,7984,33.075912
2026/04/02@03:45:03,7985,33.05708
2026/04/02@03:45:04,7986,33.008724
2026/04/02@03:45:05,7987,33.004818
2026/04/02@03:45:06,7988,32.970216
2026/04/02@03:45:07,7989,32.955904
2026/04/02@03:45:09,7991,32.95641
2026/04/02@03:45:10,7992,32.91791
2026/04/02@03:45:11,7993,32.917286
2026/04/02@03:45:12,7994,32.870604
2026/04/02@03:45:13,7995,32.88454
2026/04/02@03:45:14,7996,32.87501
2026/04/02@03:45:15,7997,32.84576
2026/04/02@03:45:16,7998,32.850916
2026/04/02@03:45:17,7999,32.808456
2026/04/02@03:45:18,8000,32.808488
2026/04/02@03:45:19,8001,32.778844
2026/04/02@03:45:20,8002,32.79353
2026/04/02@03:45:22,8004,32.73207
2026/04/02@03:45:23,8005,32.72641
2026/04/02@03:45:24,8006,32.726684
2026/04/02@03:45:25,8007,32.697596
2026/04/02@03:45:26,8008,32.669416
2026/04/02@03:45:27,8009,32.67892
2026/04/02@03:45:28,8010,32.659856
2026/04/02@03:45:29,8011,32.625552
2026/04/02@03:45:30,8012,32.606032
2026/04/02@03:45:31,8013,32.62107
2026/04/02@03:45:32,8014,32.587636
2026/04/02@03:45:33,8015,32.55875
2026/04/02@03:45:35,8017,32.539896
2026/04/02@03:45:36,8018,32.54954
2026/04/02@03:45:37,8019,32.536026
2026/04/02@03:45:38,8020,32.520208
2026/04/02@03:45:39,8021,32.482024
2026/04/02@03:45:40,8022,32.458126
2026/04/02@03:45:41,8023,32.439106
2026/04/02@03:45:42,8024,32.39704
2026/04/02@03:45:43,8025,32.415312
2026/04/02@03:45:44,8026,32.3827
2026/04/02@03:45:45,8027,32.381958
2026/04/02@03:45:46,8028,32.315468
2026/04/02@03:45:48,8030,32.339236
2026/04/02@03:45:49,8031,32.286568
2026/04/02@03:45:50,8032,32.281752
2026/04/02@03:45:51,8033,32.271804
2026/04/02@03:45:52,8034,32.2529
2026/04/02@03:45:53,8035,32.24337
2026/04/02@03:45:54,8036,32.222812
2026/04/02@03:45:55,8037,32.224296
2026/04/02@03:45:56,8038,32.214344
2026/04/02@03:45:57,8039,32.214268
2026/04/02@03:45:58,8040,32.1477
2026/04/02@03:45:59,8041,32.152768
2026/04/02@03:46:00,8042,32.081172
2026/04/02@03:46:02,8044,32.10984
2026/04/02@03:46:03,8045,32.0897
2026/04/02@03:46:04,8046,32.061832
2026/04/02@03:46:05,8047,32.032664
2026/04/02@03:46:06,8048,32.038164
2026/04/02@03:46:07,8049,32.043232
2026/04/02@03:46:08,8050,31.999452
2026/04/02@03:46:09,8051,31.9613168
2026/04/02@03:46:10,8052,31.943008
2026/04/02@03:46:11,8053,31.928116
2026/04/02@03:46:12,8054,31.928116
2026/04/02@03:46:13,8055,31.89626
2026/04/02@03:46:15,8057,31.877412
2026/04/02@03:46:16,8058,31.852418
2026/04/02@03:46:17,8059,31.866514
2026/04/02@03:46:18,8060,31.819718
2026/04/02@03:46:19,8061,31.838554
2026/04/02@03:46:20,8062,31.791318
2026/04/02@03:46:21,8063,31.772452
2026/04/02@03:46:22,8064,31.795848
2026/04/02@03:46:23,8065,31.748388
2026/04/02@03:46:24,8066,31.767446
2026/04/02@03:46:25,8067,31.71541
2026/04/02@03:46:26,8068,31.700468
2026/04/02@03:46:28,8070,31.686518
2026/04/02@03:46:29,8071,31.67248
2026/04/02@03:46:30,8072,31.61522
2026/04/02@03:46:31,8073,31.639746
2026/04/02@03:46:32,8074,31.596386
2026/04/02@03:46:33,8075,31.577324
2026/04/02@03:46:34,8076,31.56775
2026/04/02@03:46:35,8077,31.601112
2026/04/02@03:46:36,8078,31.553652
2026/04/02@03:46:37,8079,31.525024
2026/04/02@03:46:38,8080,31.511152
2026/04/02@03:46:39,8081,31.491236
2026/04/02@03:46:41,8083,31.477324
2026/04/02@03:46:42,8084,31.447876
2026/04/02@03:46:43,8085,31.44416
2026/04/02@03:46:44,8086,31.458896
2026/04/02@03:46:45,8087,31.411026
2026/04/02@03:46:46,8088,31.377588
2026/04/02@03:46:47,8089,31.368252
2026/04/02@03:46:48,8090,31.368292
2026/04/02@03:46:49,8091,31.335556
2026/04/02@03:46:50,8092,31.340322
2026/04/02@03:46:51,8093,31.315566
2026/04/02@03:46:53,8094,31.349438
2026/04/02@03:46:54,8096,31.2779
2026/04/02@03:46:55,8097,31.24923
2026/04/02@03:46:56,8098,31.222002
2026/04/02@03:46:57,8099,31.22583
2026/04/02@03:46:58,8100,31.207388
2026/04/02@03:46:59,8101,31.197472
2026/04/02@03:47:00,8102,31.174062
2026/04/02@03:47:01,8103,31.14082
2026/04/02@03:47:02,8104,31.154512
2026/04/02@03:47:03,8105,31.154932
2026/04/02@03:47:04,8106,31.112188
2026/04/02@03:47:05,8107,31.102236
2026/04/02@03:47:07,8109,31.0738
2026/04/02@03:47:08,8110,31.107872
2026/04/02@03:47:09,8111,31.054296
2026/04/02@03:47:10,8112,31.0447736
2026/04/02@03:47:11,8113,31.030468
2026/04/02@03:47:12,8114,31.000254
2026/04/02@03:47:13,8115,31.001612
2026/04/02@03:47:14,8116,30.992466
2026/04/02@03:47:15,8117,30.964102
2026/04/02@03:47:16,8118,30.949296
2026/04/02@03:47:17,8119,30.921128
2026/04/02@03:47:18,8120,30.925708
2026/04/02@03:47:20,8122,30.8823484
2026/04/02@03:47:21,8123,30.886646
2026/04/02@03:47:22,8124,30.877304
2026/04/02@03:47:23,8125,30.853754
2026/04/02@03:47:24,8126,30.862812
2026/04/02@03:47:25,8127,30.844022
2026/04/02@03:47:26,8128,30.790972
2026/04/02@03:47:27,8129,30.795704
2026/04/02@03:47:28,8130,30.777578
2026/04/02@03:47:29,8131,30.740234
2026/04/02@03:47:30,8132,30.753242
2026/04/02@03:47:31,8133,30.719642
2026/04/02@03:47:33,8135,30.71
2026/04/02@03:47:34,8136,30.684834
2026/04/02@03:47:35,8137,30.681434
2026/04/02@03:47:36,8138,30.643194
2026/04/02@03:47:37,8139,30.686474
2026/04/02@03:47:38,8140,30.63871
2026/04/02@03:47:39,8141,30.65332
2026/04/02@03:47:40,8142,30.637382
2026/04/02@03:47:41,8143,30.580782
2026/04/02@03:47:42,8144,30.571664
2026/04/02@03:47:43,8145,30.551748
2026/04/02@03:47:44,8146,30.499684
2026/04/02@03:47:46,8148,30.514376
2026/04/02@03:47:47,8149,30.51879
2026/04/02@03:47:48,8150,30.490028
2026/04/02@03:47:49,8151,30.485156
2026/04/02@03:47:50,8152,30.461436
2026/04/02@03:47:51,8153,30.451982
2026/04/02@03:47:52,8154,30.442094
2026/04/02@03:47:53,8155,30.384296
2026/04/02@03:47:54,8156,30.384872
2026/04/02@03:47:55,8157,30.399442
2026/04/02@03:47:56,8158,30.370176
2026/04/02@03:47:58,8159,30.336514
2026/04/02@03:47:59,8161,30.359922
2026/04/02@03:48:00,8162,30.321952
2026/04/02@03:48:01,8163,30.307656
2026/04/02@03:48:02,8164,30.288236
2026/04/02@03:48:03,8165,30.26925
2026/04/02@03:48:04,8166,30.255424
2026/04/02@03:48:05,8167,30.26918
2026/04/02@03:48:06,8168,30.255074
2026/04/02@03:48:07,8169,30.250294
2026/04/02@03:48:08,8170,30.188096
2026/04/02@03:48:09,8171,30.221742
2026/04/02@03:48:11,8173,30.20296
2026/04/02@03:48:12,8174,30.164556
2026/04/02@03:48:13,8175,30.17417
2026/04/02@03:48:14,8176,30.127256
2026/04/02@03:48:15,8177,30.11228
2026/04/02@03:48:16,8178,30.11749
2026/04/02@03:48:17,8179,30.107866
2026/04/02@03:48:18,8180,30.098144
2026/04/02@03:48:19,8181,30.079008
2026/04/02@03:48:20,8182,30.09373
2026/04/02@03:48:21,8183,30.061152
2026/04/02@03:48:22,8184,30.031894
2026/04/02@03:48:23,8185,29.993803
2026/04/02@03:48:25,8187,29.998882
2026/04/02@03:48:26,8188,29.970712
2026/04/02@03:48:27,8189,29.993452
2026/04/02@03:48:28,8190,29.936768
2026/04/02@03:48:29,8191,29.960214
2026/04/02@03:48:30,8192,29.898916
2026/04/02@03:48:31,8193,29.889194
2026/04/02@03:48:32,8194,29.884536
2026/04/02@03:48:33,8195,29.88891
2026/04/02@03:48:34,8196,29.812822
2026/04/02@03:48:35,8197,29.837314
2026/04/02@03:48:36,8198,29.84208
2026/04/02@03:48:38,8200,29.822344
2026/04/02@03:48:39,8201,29.803676
2026/04/02@03:48:40,8202,29.775132
2026/04/02@03:48:41,8203,29.765596
2026/04/02@03:48:42,8204,29.799376
2026/04/02@03:48:43,8205,29.751136
2026/04/02@03:48:44,8206,29.746636
2026/04/02@03:48:45,8207,29.712978
2026/04/02@03:48:46,8208,29.6749216
2026/04/02@03:48:47,8209,29.718198
2026/04/02@03:48:48,8210,29.660976
2026/04/02@03:48:49,8211,29.63285
2026/04/02@03:48:51,8213,29.61355
2026/04/02@03:48:52,8214,29.642106
2026/04/02@03:48:53,8215,29.599366
2026/04/02@03:48:54,8216,29.5941416
2026/04/02@03:48:55,8217,29.570772
2026/04/02@03:48:56,8218,29.55125
2026/04/02@03:48:57,8219,29.522734
2026/04/02@03:48:58,8220,29.537494
2026/04/02@03:48:59,8221,29.466562
2026/04/02@03:49:00,8222,29.489912
2026/04/02@03:49:01,8223,29.46582
2026/04/02@03:49:02,8224,29.46582
2026/04/02@03:49:04,8226,29.423302
2026/04/02@03:49:05,8227,29.412892
2026/04/02@03:49:06,8228,29.412892
2026/04/02@03:49:07,8229,29.384492
2026/04/02@03:49:08,8230,29.399132
2026/04/02@03:49:09,8231,29.35089
2026/04/02@03:49:10,8232,29.351622
2026/04/02@03:49:11,8233,29.336504
2026/04/02@03:49:12,8234,29.322016
2026/04/02@03:49:13,8235,29.34632
2026/04/02@03:49:14,8236,29.25542
2026/04/02@03:49:15,8237,29.283886
2026/04/02@03:49:16,8238,29.236356
2026/04/02@03:49:18,8240,29.231152
2026/04/02@03:49:19,8241,29.222012
2026/04/02@03:49:20,8242,29.222052
2026/04/02@03:49:21,8243,29.216778
2026/04/02@03:49:22,8244,29.207686
2026/04/02@03:49:23,8245,29.165254
2026/04/02@03:49:24,8246,29.193388
2026/04/02@03:49:25,8247,29.163808
2026/04/02@03:49:26,8248,29.125494
2026/04/02@03:49:27,8249,29.111982
2026/04/02@03:49:28,8250,29.07334
2026/04/02@03:49:30,8251,29.116182
2026/04/02@03:49:31,8253,29.09205
2026/04/02@03:49:32,8254,29.073408
2026/04/02@03:49:33,8255,29.044746
2026/04/02@03:49:34,8256,29.011308
2026/04/02@03:49:35,8257,29.011338
2026/04/02@03:49:36,8258,28.987714
2026/04/02@03:49:37,8259,28.987364
2026/04/02@03:49:38,8260,28.992394
2026/04/02@03:49:39,8261,28.94962
2026/04/02@03:49:40,8262,28.963134
2026/04/02@03:49:41,8263,28.910644
2026/04/02@03:49:43,8264,28.900908
2026/04/02@03:49:44,8266,28.873564
2026/04/02@03:49:45,8267,28.88271
2026/04/02@03:49:46,8268,28.84497
2026/04/02@03:49:47,8269,28.82958
2026/04/02@03:49:48,8270,28.80161
2026/04/02@03:49:49,8271,28.806382
2026/04/02@03:49:50,8272,28.753838
2026/04/02@03:49:51,8273,28.73457
2026/04/02@03:49:52,8274,28.753446
2026/04/02@03:49:53,8275,28.730634
2026/04/02@03:49:54,8276,28.68707
2026/04/02@03:49:56,8277,28.681836
2026/04/02@03:49:57,8279,28.69687
2026/04/02@03:49:58,8280,28.686796
2026/04/02@03:49:59,8281,28.643194
2026/04/02@03:50:00,8282,28.653242
2026/04/02@03:50:01,8283,28.624888
2026/04/02@03:50:02,8284,28.620502
2026/04/02@03:50:03,8285,28.591436
2026/04/02@03:50:04,8286,28.5674216
2026/04/02@03:50:05,8287,28.571358
2026/04/02@03:50:06,8288,28.534878
2026/04/02@03:50:07,8289,28.56754
2026/04/02@03:50:08,8290,28.554018
2026/04/02@03:50:10,8292,28.520576
2026/04/02@03:50:11,8293,28.524648
2026/04/02@03:50:12,8294,28.487574
2026/04/02@03:50:13,8295,28.482606
2026/04/02@03:50:14,8296,28.463774
2026/04/02@03:50:15,8297,28.41124
2026/04/02@03:50:16,8298,28.401748
2026/04/02@03:50:17,8299,28.406748
2026/04/02@03:50:18,8300,28.396982
2026/04/02@03:50:19,8301,28.393076
2026/04/02@03:50:20,8302,28.350182
2026/04/02@03:50:21,8303,28.344786
2026/04/02@03:50:23,8305,28.32542
2026/04/02@03:50:24,8306,28.307012
2026/04/02@03:50:25,8307,28.297402
2026/04/02@03:50:26,8308,28.29292
2026/04/02@03:50:27,8309,28.28333
2026/04/02@03:50:28,8310,28.2554
2026/04/02@03:50:29,8311,28.265288
2026/04/02@03:50:30,8312,28.231542
2026/04/02@03:50:31,8313,28.212862
2026/04/02@03:50:32,8314,28.183838
2026/04/02@03:50:33,8315,28.18916
2026/04/02@03:50:34,8316,28.19868
2026/04/02@03:50:36,8318,28.150986
2026/04/02@03:50:37,8319,28.135952
2026/04/02@03:50:38,8320,28.118716
2026/04/02@03:50:39,8321,28.118052
2026/04/02@03:50:40,8322,28.108758
2026/04/02@03:50:41,8323,28.099356
2026/04/02@03:50:42,8324,28.08462
2026/04/02@03:50:43,8325,28.075982
2026/04/02@03:50:44,8326,28.066222
2026/04/02@03:50:45,8327,28.04243
2026/04/02@03:50:46,8328,28.023526
2026/04/02@03:50:47,8329,27.998986
2026/04/02@03:50:49,8331,27.988926
2026/04/02@03:50:50,8332,27.994892
2026/04/02@03:50:51,8333,27.956171
2026/04/02@03:50:52,8334,27.970362
2026/04/02@03:50:53,8335,27.941988
2026/04/02@03:50:54,8336,27.946762
2026/04/02@03:50:55,8337,27.927104
2026/04/02@03:50:56,8338,27.898794
2026/04/02@03:50:57,8339,27.856758
2026/04/02@03:50:58,8340,27.880816
2026/04/02@03:50:59,8341,27.857256
2026/04/02@03:51:00,8342,27.838398
2026/04/02@03:51:02,8344,27.818578
2026/04/02@03:51:03,8345,27.817808
2026/04/02@03:51:04,8346,27.794678
2026/04/02@03:51:05,8347,27.813584
2026/04/02@03:51:06,8348,27.785664
2026/04/02@03:51:07,8349,27.765508
2026/04/02@03:51:08,8350,27.761368
2026/04/02@03:51:09,8351,27.708856
2026/04/02@03:51:10,8352,27.709482
2026/04/02@03:51:11,8353,27.695254
2026/04/02@03:51:12,8354,27.69957
2026/04/02@03:51:13,8355,27.689706
2026/04/02@03:51:15,8357,27.661866
2026/04/02@03:51:16,8358,27.637958
2026/04/02@03:51:17,8359,27.633262
2026/04/02@03:51:18,8360,27.609288
2026/04/02@03:51:19,8361,27.618584
2026/04/02@03:51:20,8362,27.58545
2026/04/02@03:51:21,8363,27.561944
2026/04/02@03:51:22,8364,27.548468
2026/04/02@03:51:23,8365,27.543232
2026/04/02@03:51:24,8366,27.514552
2026/04/02@03:51:25,8367,27.499824
2026/04/02@03:51:26,8368,27.47646
2026/04/02@03:51:28,8370,27.481202
2026/04/02@03:51:29,8371,27.442822
2026/04/02@03:51:30,8372,27.457592
2026/04/02@03:51:31,8373,27.443994
2026/04/02@03:51:32,8374,27.3965
2026/04/02@03:51:33,8375,27.386534
2026/04/02@03:51:34,8376,27.420172
2026/04/02@03:51:35,8377,27.406728
2026/04/02@03:51:36,8378,27.38305
2026/04/02@03:51:37,8379,27.36352
2026/04/02@03:51:38,8380,27.34451
2026/04/02@03:51:39,8381,27.3305952
2026/04/02@03:51:41,8383,27.340132
2026/04/02@03:51:42,8384,27.307042
2026/04/02@03:51:43,8385,27.269336
2026/04/02@03:51:44,8386,27.283168
2026/04/02@03:51:45,8387,27.245166
2026/04/02@03:51:46,8388,27.22168
2026/04/02@03:51:47,8389,27.260156
2026/04/02@03:51:48,8390,27.236416
2026/04/02@03:51:49,8391,27.184604
2026/04/02@03:51:50,8392,27.203472
2026/04/02@03:51:51,8393,27.203248
2026/04/02@03:51:52,8394,27.146412
2026/04/02@03:51:54,8396,27.141952
2026/04/02@03:51:55,8397,27.141708
2026/04/02@03:51:56,8398,27.131566
2026/04/02@03:51:57,8399,27.076094
2026/04/02@03:51:58,8400,27.066474
2026/04/02@03:51:59,8401,27.094248
2026/04/02@03:52:00,8402,27.051598
2026/04/02@03:52:01,8403,27.014248
2026/04/02@03:52:02,8404,27.047188
2026/04/02@03:52:03,8405,27.023156
2026/04/02@03:52:04,8406,27.02246
2026/04/02@03:52:05,8407,26.99455
2026/04/02@03:52:07,8409,26.956308
2026/04/02@03:52:08,8410,26.991074
2026/04/02@03:52:09,8411,26.985576
2026/04/02@03:52:10,8412,26.95202
2026/04/02@03:52:11,8413,26.914278
2026/04/02@03:52:12,8414,26.92314
2026/04/02@03:52:13,8415,26.909052
2026/04/02@03:52:14,8416,26.870928
2026/04/02@03:52:15,8417,26.852446
2026/04/02@03:52:16,8418,26.87042
2026/04/02@03:52:17,8419,26.856582
2026/04/02@03:52:18,8420,26.80916
2026/04/02@03:52:20,8422,26.818028
2026/04/02@03:52:21,8423,26.843644
2026/04/02@03:52:22,8424,26.79521
2026/04/02@03:52:23,8425,26.761622
2026/04/02@03:52:24,8426,26.784784
2026/04/02@03:52:25,8427,26.737798
2026/04/02@03:52:26,8428,26.722984
2026/04/02@03:52:27,8429,26.69001
2026/04/02@03:52:28,8430,26.713652
2026/04/02@03:52:29,8431,26.713916
2026/04/02@03:52:30,8432,26.638634
2026/04/02@03:52:31,8433,26.690322
2026/04/02@03:52:33,8435,26.647592
2026/04/02@03:52:34,8436,26.618994
2026/04/02@03:52:35,8437,26.585752
2026/04/02@03:52:36,8438,26.61
2026/04/02@03:52:37,8439,26.57121
2026/04/02@03:52:38,8440,26.566728
2026/04/02@03:52:39,8441,26.543482
2026/04/02@03:52:40,8442,26.53289
2026/04/02@03:52:41,8443,26.533204
2026/04/02@03:52:42,8444,26.5103132
2026/04/02@03:52:43,8445,26.518906
2026/04/02@03:52:44,8446,26.49001
2026/04/02@03:52:46,8448,26.513828
2026/04/02@03:52:47,8449,26.471908
2026/04/02@03:52:48,8450,26.386836
2026/04/02@03:52:49,8451,26.419296
2026/04/02@03:52:50,8452,26.382184
2026/04/02@03:52:51,8453,26.377226
2026/04/02@03:52:52,8454,26.372696
2026/04/02@03:52:53,8455,26.363272
2026/04/02@03:52:54,8456,26.32979
2026/04/02@03:52:55,8457,26.32979
2026/04/02@03:52:56,8458,26.287178
2026/04/02@03:52:57,8459,26.267646
2026/04/02@03:52:59,8461,26.296302
2026/04/02@03:53:00,8462,26.267998
2026/04/02@03:53:01,8463,26.224906
2026/04/02@03:53:02,8464,26.220606
2026/04/02@03:53:03,8465,26.253154
2026/04/02@03:53:04,8466,26.206114
2026/04/02@03:53:05,8467,26.1971
2026/04/02@03:53:06,8468,26.177524
2026/04/02@03:53:07,8469,26.201356
2026/04/02@03:53:08,8470,26.173418
2026/04/02@03:53:09,8471,26.168448
2026/04/02@03:53:10,8472,26.134862
2026/04/02@03:53:12,8474,26.13932
2026/04/02@03:53:13,8475,26.115918
2026/04/02@03:53:14,8476,26.125718
2026/04/02@03:53:15,8477,26.083682
2026/04/02@03:53:16,8478,26.087486
2026/04/02@03:53:17,8479,26.04536
2026/04/02@03:53:18,8480,26.05482
2026/04/02@03:53:19,8481,26.040756
2026/04/02@03:53:20,8482,26.021416
2026/04/02@03:53:21,8483,25.993214
2026/04/02@03:53:22,8484,25.988442
2026/04/02@03:53:23,8485,25.998808
2026/04/02@03:53:25,8487,25.95563
2026/04/02@03:53:26,8488,25.955552
2026/04/02@03:53:27,8489,25.908218
2026/04/02@03:53:28,8490,25.918164
2026/04/02@03:53:29,8491,25.918126
2026/04/02@03:53:30,8492,25.889546
2026/04/02@03:53:31,8493,25.8845316
2026/04/02@03:53:32,8494,25.851572
2026/04/02@03:53:33,8495,25.865704
2026/04/02@03:53:34,8496,25.841846
2026/04/02@03:53:35,8497,25.81919
2026/04/02@03:53:36,8498,25.81414
2026/04/02@03:53:38,8500,25.800988
2026/04/02@03:53:39,8501,25.776636
2026/04/02@03:53:40,8502,25.809658
2026/04/02@03:53:41,8503,25.748242
2026/04/02@03:53:42,8504,25.762538
2026/04/02@03:53:43,8505,25.753546
2026/04/02@03:53:44,8506,25.724418
2026/04/02@03:53:45,8507,25.70628
2026/04/02@03:53:46,8508,25.706826
2026/04/02@03:53:47,8509,25.691982
2026/04/02@03:53:48,8510,25.687812
2026/04/02@03:53:49,8511,25.678188
2026/04/02@03:53:51,8513,25.649648
2026/04/02@03:53:52,8514,25.6160452
2026/04/02@03:53:53,8515,25.61706
2026/04/02@03:53:54,8516,25.606542
2026/04/02@03:53:55,8517,25.607754
2026/04/02@03:53:56,8518,25.593428
2026/04/02@03:53:57,8519,25.560966
2026/04/02@03:53:58,8520,25.602334
2026/04/02@03:53:59,8521,25.536186
2026/04/02@03:54:00,8522,25.536186
2026/04/02@03:54:01,8523,25.531654
2026/04/02@03:54:02,8524,25.518462
2026/04/02@03:54:04,8526,25.480146
2026/04/02@03:54:05,8527,25.485098
2026/04/02@03:54:06,8528,25.48041
2026/04/02@03:54:07,8529,25.452628
2026/04/02@03:54:08,8530,25.42795
2026/04/02@03:54:09,8531,25.423334
2026/04/02@03:54:10,8532,25.433096
2026/04/02@03:54:11,8533,25.400206
2026/04/02@03:54:12,8534,25.405454
2026/04/02@03:54:13,8535,25.385724
2026/04/02@03:54:14,8536,25.3673632
2026/04/02@03:54:15,8537,25.367588
2026/04/02@03:54:17,8539,25.353144
2026/04/02@03:54:18,8540,25.338876
2026/04/02@03:54:19,8541,25.314776
2026/04/02@03:54:20,8542,25.30578
2026/04/02@03:54:21,8543,25.286376
2026/04/02@03:54:22,8544,25.3016516
2026/04/02@03:54:23,8545,25.287002
2026/04/02@03:54:24,8546,25.249652
2026/04/02@03:54:25,8547,25.221568
2026/04/02@03:54:26,8548,25.21625
2026/04/02@03:54:27,8549,25.206806
2026/04/02@03:54:28,8550,25.202148
2026/04/02@03:54:30,8552,25.198126
2026/04/02@03:54:31,8553,25.145858
2026/04/02@03:54:32,8554,25.132296
2026/04/02@03:54:33,8555,25.137344
2026/04/02@03:54:34,8556,25.093634
2026/04/02@03:54:35,8557,25.084326
2026/04/02@03:54:36,8558,25.089844
2026/04/02@03:54:37,8559,25.090194
2026/04/02@03:54:38,8560,25.066284
2026/04/02@03:54:39,8561,25.028398
2026/04/02@03:54:40,8562,25.0385984
2026/04/02@03:54:41,8563,25.01503
2026/04/02@03:54:43,8565,25.014092
2026/04/02@03:54:44,8566,25.020464
2026/04/02@03:54:45,8567,25.020192
2026/04/02@03:54:46,8568,25.000664
2026/04/02@03:54:47,8569,24.958662
2026/04/02@03:54:48,8570,24.928892
2026/04/02@03:54:49,8571,24.934508
2026/04/02@03:54:50,8572,24.915258
2026/04/02@03:54:51,8573,24.915258
2026/04/02@03:54:52,8574,24.911192
2026/04/02@03:54:53,8575,24.877802
2026/04/02@03:54:54,8576,24.868926
2026/04/02@03:54:56,8578,24.86915
2026/04/02@03:54:57,8579,24.811734
2026/04/02@03:54:58,8580,24.802324
2026/04/02@03:54:59,8581,24.759472
2026/04/02@03:55:00,8582,24.764198
2026/04/02@03:55:01,8583,24.740918
2026/04/02@03:55:02,8584,24.702744
2026/04/02@03:55:03,8585,24.769112
2026/04/02@03:55:04,8586,24.713028
2026/04/02@03:55:05,8587,24.73603
2026/04/02@03:55:06,8588,24.708442
2026/04/02@03:55:07,8589,24.679468
2026/04/02@03:55:09,8591,24.660272
2026/04/02@03:55:10,8592,24.651606
2026/04/02@03:55:11,8593,24.655712
2026/04/02@03:55:12,8594,24.64169
2026/04/02@03:55:13,8595,24.603278
2026/04/02@03:55:14,8596,24.589694
2026/04/02@03:55:15,8597,24.589614
2026/04/02@03:55:16,8598,24.546962
2026/04/02@03:55:17,8599,24.590094
2026/04/02@03:55:18,8600,24.523124
2026/04/02@03:55:19,8601,24.513588
2026/04/02@03:55:20,8602,24.485552
2026/04/02@03:55:22,8604,24.494522
2026/04/02@03:55:23,8605,24.461992
2026/04/02@03:55:24,8606,24.485902
2026/04/02@03:55:25,8607,24.457726
2026/04/02@03:55:26,8608,24.448126
2026/04/02@03:55:27,8609,24.434092
2026/04/02@03:55:28,8610,24.424882
2026/04/02@03:55:29,8611,24.367804
2026/04/02@03:55:30,8612,24.415024
2026/04/02@03:55:31,8613,24.386402
2026/04/02@03:55:32,8614,24.391748
2026/04/02@03:55:33,8615,24.386978
2026/04/02@03:55:35,8617,24.344088
2026/04/02@03:55:36,8618,24.354286
2026/04/02@03:55:37,8619,24.335224
2026/04/02@03:55:38,8620,24.3165968
2026/04/02@03:55:39,8621,24.287914
2026/04/02@03:55:40,8622,24.29663
2026/04/02@03:55:41,8623,24.274126
2026/04/02@03:55:42,8624,24.254638
2026/04/02@03:55:43,8625,24.26913
2026/04/02@03:55:44,8626,24.241426
2026/04/02@03:55:45,8627,24.246
2026/04/02@03:55:46,8628,24.251318
2026/04/02@03:55:48,8630,24.213458
2026/04/02@03:55:49,8631,24.222988
2026/04/02@03:55:50,8632,24.179816
2026/04/02@03:55:51,8633,24.160804
2026/04/02@03:55:52,8634,24.166162
2026/04/02@03:55:53,8635,24.132984
2026/04/02@03:55:54,8636,24.104624
2026/04/02@03:55:55,8637,24.100448
2026/04/02@03:55:56,8638,24.105494
2026/04/02@03:55:57,8639,24.067402
2026/04/02@03:55:58,8640,24.082822
2026/04/02@03:55:59,8641,24.049272
2026/04/02@03:56:01,8643,24.040292
2026/04/02@03:56:02,8644,24.007202
2026/04/02@03:56:03,8645,23.969394
2026/04/02@03:56:04,8646,23.97458
2026/04/02@03:56:05,8647,23.97454
2026/04/02@03:56:06,8648,23.94674
2026/04/02@03:56:07,8649,23.898766
2026/04/02@03:56:08,8650,23.899232
2026/04/02@03:56:09,8651,23.90957
2026/04/02@03:56:10,8652,23.89973
2026/04/02@03:56:11,8653,23.904228
2026/04/02@03:56:12,8654,23.909658
2026/04/02@03:56:14,8656,23.847432
2026/04/02@03:56:15,8657,23.837852
2026/04/02@03:56:16,8658,23.819142
2026/04/02@03:56:17,8659,23.81953
2026/04/02@03:56:18,8660,23.809804
2026/04/02@03:56:19,8661,23.791686
2026/04/02@03:56:20,8662,23.792142
2026/04/02@03:56:21,8663,23.77288
2026/04/02@03:56:22,8664,23.792428
2026/04/02@03:56:23,8665,23.764458
2026/04/02@03:56:24,8666,23.740428
2026/04/02@03:56:25,8667,23.7321
2026/04/02@03:56:27,8669,23.698628
2026/04/02@03:56:28,8670,23.68456
2026/04/02@03:56:29,8671,23.665312
2026/04/02@03:56:30,8672,23.694448
2026/04/02@03:56:31,8673,23.661016
2026/04/02@03:56:32,8674,23.661318
2026/04/02@03:56:33,8675,23.642296
2026/04/02@03:56:34,8676,23.666748
2026/04/02@03:56:35,8677,23.59019
2026/04/02@03:56:36,8678,23.599726
2026/04/02@03:56:37,8679,23.581904
2026/04/02@03:56:38,8680,23.576836
2026/04/02@03:56:40,8682,23.558466
2026/04/02@03:56:41,8683,23.549566
2026/04/02@03:56:42,8684,23.57327
2026/04/02@03:56:43,8685,23.516748
2026/04/02@03:56:44,8686,23.50245
2026/04/02@03:56:45,8687,23.492842
2026/04/02@03:56:46,8688,23.497876
2026/04/02@03:56:47,8689,23.469432
2026/04/02@03:56:48,8690,23.445184
2026/04/02@03:56:49,8691,23.46502
2026/04/02@03:56:50,8692,23.441856
2026/04/02@03:56:51,8693,23.44663
2026/04/02@03:56:53,8695,23.44209
2026/04/02@03:56:54,8696,23.408858
2026/04/02@03:56:55,8697,23.418296
2026/04/02@03:56:56,8698,23.400332
2026/04/02@03:56:57,8699,23.400566
2026/04/02@03:56:58,8700,23.37209
2026/04/02@03:56:59,8701,23.37252
2026/04/02@03:57:00,8702,23.315288
2026/04/02@03:57:01,8703,23.325254
2026/04/02@03:57:02,8704,23.320838
2026/04/02@03:57:03,8705,23.316694
2026/04/02@03:57:04,8706,23.331264
2026/04/02@03:57:06,8708,23.303056
2026/04/02@03:57:07,8709,23.240918
2026/04/02@03:57:08,8710,23.265376
2026/04/02@03:57:09,8711,23.256142
2026/04/02@03:57:10,8712,23.213536
2026/04/02@03:57:11,8713,23.223764
2026/04/02@03:57:12,8714,23.223138
2026/04/02@03:57:13,8715,23.194658
2026/04/02@03:57:14,8716,23.223804
2026/04/02@03:57:15,8717,23.195128
2026/04/02@03:57:16,8718,23.18602
2026/04/02@03:57:17,8719,23.200406
2026/04/02@03:57:19,8721,23.14376
2026/04/02@03:57:20,8722,23.149072
2026/04/02@03:57:21,8723,23.134894
2026/04/02@03:57:22,8724,23.144346
2026/04/02@03:57:23,8725,23.125328
2026/04/02@03:57:24,8726,23.10587
2026/04/02@03:57:25,8727,23.121498
2026/04/02@03:57:26,8728,23.092902
2026/04/02@03:57:27,8729,23.08877
2026/04/02@03:57:28,8730,23.031322
2026/04/02@03:57:29,8731,23.050234
2026/04/02@03:57:30,8732,23.012548
2026/04/02@03:57:32,8734,23.04161
2026/04/02@03:57:33,8735,23.003398
2026/04/02@03:57:34,8736,23.00816
2026/04/02@03:57:35,8737,22.984804
2026/04/02@03:57:36,8738,22.96598
2026/04/02@03:57:37,8739,22.985244
2026/04/02@03:57:38,8740,22.975752
2026/04/02@03:57:39,8741,22.97141
2026/04/02@03:57:40,8742,22.957032
2026/04/02@03:57:41,8743,22.94812
2026/04/02@03:57:42,8744,22.933828
2026/04/02@03:57:43,8745,22.9102
2026/04/02@03:57:45,8747,22.915234
2026/04/02@03:57:46,8748,22.901602
2026/04/02@03:57:47,8749,22.859224
2026/04/02@03:57:48,8750,22.863008
2026/04/02@03:57:49,8751,22.85852
2026/04/02@03:57:50,8752,22.853506
2026/04/02@03:57:51,8753,22.839414
2026/04/02@03:57:52,8754,22.82148
2026/04/02@03:57:53,8755,22.825576
2026/04/02@03:57:54,8756,22.822056
2026/04/02@03:57:55,8757,22.817298
2026/04/02@03:57:56,8758,22.7796
2026/04/02@03:57:58,8759,22.813204
2026/04/02@03:57:59,8761,22.770072
2026/04/02@03:58:00,8762,22.794136
2026/04/02@03:58:01,8763,22.728076
2026/04/02@03:58:02,8764,22.718574
2026/04/02@03:58:03,8765,22.722882
2026/04/02@03:58:04,8766,22.69038
2026/04/02@03:58:05,8767,22.67104
2026/04/02@03:58:06,8768,22.690692
2026/04/02@03:58:07,8769,22.676358
2026/04/02@03:58:08,8770,22.6715868
2026/04/02@03:58:09,8771,22.671636
2026/04/02@03:58:11,8772,22.667364
2026/04/02@03:58:12,8774,22.6715868
2026/04/02@03:58:13,8775,22.672448
2026/04/02@03:58:14,8776,22.624688
2026/04/02@03:58:15,8777,22.644204
2026/04/02@03:58:16,8778,22.563424
2026/04/02@03:58:17,8779,22.563648
2026/04/02@03:58:18,8780,22.606318
2026/04/02@03:58:19,8781,22.559048
2026/04/02@03:58:20,8782,22.544824
2026/04/02@03:58:21,8783,22.587998
2026/04/02@03:58:22,8784,22.549834
2026/04/02@03:58:24,8786,22.530996
2026/04/02@03:58:25,8787,22.532098
2026/04/02@03:58:26,8788,22.52191
2026/04/02@03:58:27,8789,22.513032
2026/04/02@03:58:28,8790,22.493574
2026/04/02@03:58:29,8791,22.489208
2026/04/02@03:58:30,8792,22.480254
2026/04/02@03:58:31,8793,22.465614
2026/04/02@03:58:32,8794,22.46588
2026/04/02@03:58:33,8795,22.490028
2026/04/02@03:58:34,8796,22.4191984
2026/04/02@03:58:35,8797,22.42349
2026/04/02@03:58:37,8799,22.376534
2026/04/02@03:58:38,8800,22.367202
2026/04/02@03:58:39,8801,22.400362
2026/04/02@03:58:40,8802,22.343608
2026/04/02@03:58:41,8803,22.315396
2026/04/02@03:58:42,8804,22.324736
2026/04/02@03:58:43,8805,22.30587
2026/04/02@03:58:44,8806,22.349522
2026/04/02@03:58:45,8807,22.320216
2026/04/02@03:58:46,8808,22.32045
2026/04/02@03:58:47,8809,22.278214
2026/04/02@03:58:48,8810,22.268174
2026/04/02@03:58:50,8812,22.274004
2026/04/02@03:58:51,8813,22.2463
2026/04/02@03:58:52,8814,22.278564
2026/04/02@03:58:53,8815,22.23153
2026/04/02@03:58:54,8816,22.212716
2026/04/02@03:58:55,8817,22.2079824
2026/04/02@03:58:56,8818,22.2124308
2026/04/02@03:58:57,8819,22.19915
2026/04/02@03:58:58,8820,22.19419
2026/04/02@03:58:59,8821,22.190098
2026/04/02@03:59:00,8822,22.175988
2026/04/02@03:59:01,8823,22.14711
2026/04/02@03:59:03,8825,22.113986
2026/04/02@03:59:04,8826,22.100914
2026/04/02@03:59:05,8827,22.1052
2026/04/02@03:59:06,8828,22.114796
2026/04/02@03:59:07,8829,22.067822
2026/04/02@03:59:08,8830,22.091894
2026/04/02@03:59:09,8831,22.083052
2026/04/02@03:59:10,8832,22.097432
2026/04/02@03:59:11,8833,22.093146
2026/04/02@03:59:12,8834,22.016952
2026/04/02@03:59:13,8835,22.053794
2026/04/02@03:59:14,8836,22.021522
2026/04/02@03:59:16,8838,22.00298
2026/04/02@03:59:17,8839,22.022042
2026/04/02@03:59:18,8840,22.007696
2026/04/02@03:59:19,8841,21.970546
2026/04/02@03:59:20,8842,21.983906
2026/04/02@03:59:21,8843,21.970078
2026/04/02@03:59:22,8844,21.965792
2026/04/02@03:59:23,8845,21.93292
2026/04/02@03:59:24,8846,21.942656
2026/04/02@03:59:25,8847,21.948598
2026/04/02@03:59:26,8848,21.933828
2026/04/02@03:59:27,8849,21.901098
2026/04/02@03:59:29,8851,21.920166
2026/04/02@03:59:30,8852,21.887744
2026/04/02@03:59:31,8853,21.882972
2026/04/02@03:59:32,8854,21.878594
2026/04/02@03:59:33,8855,21.835738
2026/04/02@03:59:34,8856,21.826406
2026/04/02@03:59:35,8857,21.80375
2026/04/02@03:59:36,8858,21.823042
2026/04/02@03:59:37,8859,21.8083216
2026/04/02@03:59:38,8860,21.798794
2026/04/02@03:59:39,8861,21.733042
2026/04/02@03:59:40,8862,21.7425692
2026/04/02@03:59:42,8864,21.746876
2026/04/02@03:59:43,8865,21.762538
2026/04/02@03:59:44,8866,21.738788
2026/04/02@03:59:45,8867,21.738986
2026/04/02@03:59:46,8868,21.754184
2026/04/02@03:59:47,8869,21.691944
2026/04/02@03:59:48,8870,21.678398
2026/04/02@03:59:49,8871,21.688276
2026/04/02@03:59:50,8872,21.71188
2026/04/02@03:59:51,8873,21.665112
2026/04/02@03:59:52,8874,21.660078
2026/04/02@03:59:53,8875,21.631942
2026/04/02@03:59:55,8877,21.617896
2026/04/02@03:59:56,8878,21.5992868
2026/04/02@03:59:57,8879,21.618198
2026/04/02@03:59:58,8880,21.599482
2026/04/02@03:59:59,8881,21.557452
2026/04/02@04:00:00,8882,21.552656
2026/04/02@04:00:01,8883,21.533622
2026/04/02@04:00:02,8884,21.53499
2026/04/02@04:00:03,8885,21.502138
2026/04/02@04:00:04,8886,21.50683
2026/04/02@04:00:05,8887,21.49706
2026/04/02@04:00:06,8888,21.488282
2026/04/02@04:00:08,8890,21.450386
2026/04/02@04:00:09,8891,21.431512
2026/04/02@04:00:10,8892,21.49359
2026/04/02@04:00:11,8893,21.470464
2026/04/02@04:00:12,8894,21.43253
2026/04/02@04:00:13,8895,21.442374
2026/04/02@04:00:14,8896,21.418788
2026/04/02@04:00:15,8897,21.41035
2026/04/02@04:00:16,8898,21.387104
2026/04/02@04:00:17,8899,21.38686
2026/04/02@04:00:18,8900,21.367764
2026/04/02@04:00:19,8901,21.344472
2026/04/02@04:00:21,8903,21.335464
2026/04/02@04:00:22,8904,21.373388
2026/04/02@04:00:23,8905,21.321406
2026/04/02@04:00:24,8906,21.316156
2026/04/02@04:00:25,8907,21.3083216
2026/04/02@04:00:26,8908,21.28498
2026/04/02@04:00:27,8909,21.27566
2026/04/02@04:00:28,8910,21.295814
2026/04/02@04:00:29,8911,21.276236
2026/04/02@04:00:30,8912,21.24898
2026/04/02@04:00:31,8913,21.248072
2026/04/02@04:00:32,8914,21.221524
2026/04/02@04:00:34,8916,21.225968
2026/04/02@04:00:35,8917,21.212334
2026/04/02@04:00:36,8918,21.159722
2026/04/02@04:00:37,8919,21.18898
2026/04/02@04:00:38,8920,21.175186
2026/04/02@04:00:39,8921,21.17042
2026/04/02@04:00:40,8922,21.132774
2026/04/02@04:00:41,8923,21.138114
2026/04/02@04:00:42,8924,21.114552
2026/04/02@04:00:43,8925,21.105694
2026/04/02@04:00:44,8926,21.095844
2026/04/02@04:00:45,8927,21.05394
2026/04/02@04:00:47,8929,21.096596
2026/04/02@04:00:48,8930,21.082842
2026/04/02@04:00:49,8931,21.087608
2026/04/02@04:00:50,8932,21.040264
2026/04/02@04:00:51,8933,21.017062
2026/04/02@04:00:52,8934,21.036586
2026/04/02@04:00:53,8935,21.027568
2026/04/02@04:00:54,8936,21.003516
2026/04/02@04:00:55,8937,20.975614
2026/04/02@04:00:56,8938,21.000498
2026/04/02@04:00:57,8939,20.971748
2026/04/02@04:00:58,8940,20.967338
2026/04/02@04:01:00,8942,20.96254
2026/04/02@04:01:01,8943,20.968042
2026/04/02@04:01:02,8944,20.90128
2026/04/02@04:01:03,8945,20.901582
2026/04/02@04:01:04,8946,20.944208
2026/04/02@04:01:05,8947,20.878584
2026/04/02@04:01:06,8948,20.907052
2026/04/02@04:01:07,8949,20.878856
2026/04/02@04:01:08,8950,20.841368
2026/04/02@04:01:09,8951,20.860152
2026/04/02@04:01:10,8952,20.832958
2026/04/02@04:01:11,8953,20.856786
2026/04/02@04:01:13,8955,20.83754
2026/04/02@04:01:14,8956,20.800312
2026/04/02@04:01:15,8957,20.790264
2026/04/02@04:01:16,8958,20.796006
2026/04/02@04:01:17,8959,20.77213
2026/04/02@04:01:18,8960,20.7530268
2026/04/02@04:01:19,8961,20.762642
2026/04/02@04:01:20,8962,20.758936
2026/04/02@04:01:21,8963,20.758936
2026/04/02@04:01:22,8964,20.750106
2026/04/02@04:01:23,8965,20.7303408
2026/04/02@04:01:24,8966,20.711934
2026/04/02@04:01:26,8968,20.688858
2026/04/02@04:01:27,8969,20.69249
2026/04/02@04:01:28,8970,20.674522
2026/04/02@04:01:29,8971,20.660654
2026/04/02@04:01:30,8972,20.651124
2026/04/02@04:01:31,8973,20.6467
2026/04/02@04:01:32,8974,20.61835
2026/04/02@04:01:33,8975,20.632412
2026/04/02@04:01:34,8976,20.5896
2026/04/02@04:01:35,8977,20.590216
2026/04/02@04:01:36,8978,20.599942
2026/04/02@04:01:37,8979,20.586354
2026/04/02@04:01:39,8980,20.576436
2026/04/02@04:01:40,8982,20.53417
2026/04/02@04:01:41,8983,20.563304
2026/04/02@04:01:42,8984,20.55378
2026/04/02@04:01:43,8985,20.529698
2026/04/02@04:01:44,8986,20.568428
2026/04/02@04:01:45,8987,20.4924032
2026/04/02@04:01:46,8988,20.51667
2026/04/02@04:01:47,8989,20.503276
2026/04/02@04:01:48,8990,20.474014
2026/04/02@04:01:49,8991,20.46081
2026/04/02@04:01:50,8992,20.43663
2026/04/02@04:01:52,8993,20.465186
2026/04/02@04:01:53,8995,20.422724
2026/04/02@04:01:54,8996,20.41753
2026/04/02@04:01:55,8997,20.413612
2026/04/02@04:01:56,8998,20.432754
2026/04/02@04:01:57,8999,20.376046
2026/04/02@04:01:58,9000,20.417968
2026/04/02@04:01:59,9001,20.418974
2026/04/02@04:02:00,9002,20.347988
2026/04/02@04:02:01,9003,20.386402
2026/04/02@04:02:02,9004,20.343656
2026/04/02@04:02:03,9005,20.344204
2026/04/02@04:02:04,9006,20.33995
2026/04/02@04:02:06,9008,20.310844
2026/04/02@04:02:07,9009,20.316632
2026/04/02@04:02:08,9010,20.306982
2026/04/02@04:02:09,9011,20.282724
2026/04/02@04:02:10,9012,20.273534
2026/04/02@04:02:11,9013,20.27416
2026/04/02@04:02:12,9014,20.250416
2026/04/02@04:02:13,9015,20.274286
2026/04/02@04:02:14,9016,20.250366
2026/04/02@04:02:15,9017,20.217324
2026/04/02@04:02:16,9018,20.203212
2026/04/02@04:02:17,9019,20.19412
2026/04/02@04:02:19,9021,20.209388
2026/04/02@04:02:20,9022,20.204238
2026/04/02@04:02:21,9023,20.1950968
2026/04/02@04:02:22,9024,20.185338
2026/04/02@04:02:23,9025,20.1761568
2026/04/02@04:02:24,9026,20.181124
2026/04/02@04:02:25,9027,20.143458
2026/04/02@04:02:26,9028,20.16374
2026/04/02@04:02:27,9029,20.129834
2026/04/02@04:02:28,9030,20.130196
2026/04/02@04:02:29,9031,20.121074
2026/04/02@04:02:30,9032,20.092416
2026/04/02@04:02:32,9034,20.09682
2026/04/02@04:02:33,9035,20.102754
2026/04/02@04:02:34,9036,20.078692
2026/04/02@04:02:35,9037,20.050772
2026/04/02@04:02:36,9038,20.002876
2026/04/02@04:02:37,9039,20.03627
2026/04/02@04:02:38,9040,20.041792
2026/04/02@04:02:39,9041,20.051504
2026/04/02@04:02:40,9042,20.008858
2026/04/02@04:02:41,9043,20.013194
2026/04/02@04:02:42,9044,19.970518
2026/04/02@04:02:43,9045,20.009356
2026/04/02@04:02:45,9047,19.928382
2026/04/02@04:02:46,9048,19.923818
2026/04/02@04:02:47,9049,19.933344
2026/04/02@04:02:48,9050,19.924394
2026/04/02@04:02:49,9051,19.900752
2026/04/02@04:02:50,9052,19.887256
2026/04/02@04:02:51,9053,19.88214
2026/04/02@04:02:52,9054,19.891774
2026/04/02@04:02:53,9055,19.873076
2026/04/02@04:02:54,9056,19.853798
2026/04/02@04:02:55,9057,19.831124
2026/04/02@04:02:57,9058,19.845488
2026/04/02@04:02:58,9060,19.8500284
2026/04/02@04:02:59,9061,19.807548
2026/04/02@04:03:00,9062,19.808018
2026/04/02@04:03:01,9063,19.774248
2026/04/02@04:03:02,9064,19.813808
2026/04/02@04:03:03,9065,19.780492
2026/04/02@04:03:04,9066,19.766152
2026/04/02@04:03:05,9067,19.752212
2026/04/02@04:03:06,9068,19.753032
2026/04/02@04:03:07,9069,19.756974
2026/04/02@04:03:08,9070,19.724444
2026/04/02@04:03:10,9072,19.75349
2026/04/02@04:03:11,9073,19.739678
2026/04/02@04:03:12,9074,19.701422
2026/04/02@04:03:13,9075,19.692286
2026/04/02@04:03:14,9076,19.711704
2026/04/02@04:03:15,9077,19.7310416
2026/04/02@04:03:16,9078,19.641236
2026/04/02@04:03:17,9079,19.674092
2026/04/02@04:03:18,9080,19.665528
2026/04/02@04:03:19,9081,19.64183
2026/04/02@04:03:20,9082,19.6327184
2026/04/02@04:03:21,9083,19.628358
2026/04/02@04:03:22,9084,19.6336668
2026/04/02@04:03:24,9086,19.613936
2026/04/02@04:03:25,9087,19.600566
2026/04/02@04:03:26,9088,19.595966
2026/04/02@04:03:27,9089,19.600762
2026/04/02@04:03:28,9090,19.558622
2026/04/02@04:03:29,9091,19.58249
2026/04/02@04:03:30,9092,19.58253
2026/04/02@04:03:31,9093,19.5587
2026/04/02@04:03:32,9094,19.55956
2026/04/02@04:03:33,9095,19.54464
2026/04/02@04:03:34,9096,19.531514
2026/04/02@04:03:35,9097,19.530968
2026/04/02@04:03:37,9099,19.51248
2026/04/02@04:03:38,9100,19.517284
2026/04/02@04:03:39,9101,19.517246
2026/04/02@04:03:40,9102,19.484878
2026/04/02@04:03:41,9103,19.522924
2026/04/02@04:03:42,9104,19.475806
2026/04/02@04:03:43,9105,19.47964
2026/04/02@04:03:44,9106,19.442246
2026/04/02@04:03:45,9107,19.452534
2026/04/02@04:03:46,9108,19.443194
2026/04/02@04:03:47,9109,19.43776
2026/04/02@04:03:48,9110,19.41917
2026/04/02@04:03:50,9112,19.371894
2026/04/02@04:03:51,9113,19.410772
2026/04/02@04:03:52,9114,19.435356
2026/04/02@04:03:53,9115,19.42081
2026/04/02@04:03:54,9116,19.373466
2026/04/02@04:03:55,9117,19.3734968
2026/04/02@04:03:56,9118,19.387574
2026/04/02@04:03:57,9119,19.349726
2026/04/02@04:03:58,9120,19.31772
2026/04/02@04:03:59,9121,19.306982
2026/04/02@04:04:00,9122,19.3117392
2026/04/02@04:04:01,9123,19.31726
2026/04/02@04:04:03,9125,19.27058
2026/04/02@04:04:04,9126,19.280114
2026/04/02@04:04:05,9127,19.29414
2026/04/02@04:04:06,9128,19.22769
2026/04/02@04:04:07,9129,19.270308
2026/04/02@04:04:08,9130,19.266896
2026/04/02@04:04:09,9131,19.200298
2026/04/02@04:04:10,9132,19.243556
2026/04/02@04:04:11,9133,19.229254
2026/04/02@04:04:12,9134,19.21495
2026/04/02@04:04:13,9135,19.239718
2026/04/02@04:04:14,9136,19.172998
2026/04/02@04:04:16,9138,19.192344
2026/04/02@04:04:17,9139,19.125068
2026/04/02@04:04:18,9140,19.140136
2026/04/02@04:04:19,9141,19.155038
2026/04/02@04:04:20,9142,19.13608
2026/04/02@04:04:21,9143,19.131128
2026/04/02@04:04:22,9144,19.116636
2026/04/02@04:04:23,9145,19.121904
2026/04/02@04:04:24,9146,19.112818
2026/04/02@04:04:25,9147,19.108242
2026/04/02@04:04:26,9148,19.070382
2026/04/02@04:04:27,9149,19.113638
2026/04/02@04:04:29,9151,19.109024
2026/04/02@04:04:30,9152,19.038002
2026/04/02@04:04:31,9153,19.0520208
2026/04/02@04:04:32,9154,19.018658
2026/04/02@04:04:33,9155,19.01421
2026/04/02@04:04:34,9156,19.034102
2026/04/02@04:04:35,9157,19.024248
2026/04/02@04:04:36,9158,18.995224
2026/04/02@04:04:37,9159,19.000698
2026/04/02@04:04:38,9160,19.0057424
2026/04/02@04:04:39,9161,18.962852
2026/04/02@04:04:40,9162,18.967294
2026/04/02@04:04:42,9164,18.977842
2026/04/02@04:04:43,9165,18.958974
2026/04/02@04:04:44,9166,18.963476
2026/04/02@04:04:45,9167,18.944718
2026/04/02@04:04:46,9168,18.94129
2026/04/02@04:04:47,9169,18.911352
2026/04/02@04:04:48,9170,18.921474
2026/04/02@04:04:49,9171,18.869922
2026/04/02@04:04:50,9172,18.869688
2026/04/02@04:04:51,9173,18.88398
2026/04/02@04:04:52,9174,18.87879
2026/04/02@04:04:53,9175,18.864956
2026/04/02@04:04:55,9177,18.85562
2026/04/02@04:04:56,9178,18.83257
2026/04/02@04:04:57,9179,18.85608
2026/04/02@04:04:58,9180,18.828046
2026/04/02@04:04:59,9181,18.833358
2026/04/02@04:05:00,9182,18.790816
2026/04/02@04:05:01,9183,18.819526
2026/04/02@04:05:02,9184,18.814814
2026/04/02@04:05:03,9185,18.800458
2026/04/02@04:05:04,9186,18.7914
2026/04/02@04:05:05,9187,18.753058
2026/04/02@04:05:06,9188,18.791166
2026/04/02@04:05:08,9190,18.758272
2026/04/02@04:05:09,9191,18.763286
2026/04/02@04:05:10,9192,18.710822
2026/04/02@04:05:11,9193,18.730468
2026/04/02@04:05:12,9194,18.683046
2026/04/02@04:05:13,9195,18.711162
2026/04/02@04:05:14,9196,18.692974
2026/04/02@04:05:15,9197,18.697816
2026/04/02@04:05:16,9198,18.640498
2026/04/02@04:05:17,9199,18.640546
2026/04/02@04:05:18,9200,18.6315668
2026/04/02@04:05:19,9201,18.635732
2026/04/02@04:05:21,9203,18.627104
2026/04/02@04:05:22,9204,18.6175692
2026/04/02@04:05:23,9205,18.645864
2026/04/02@04:05:24,9206,18.60375
2026/04/02@04:05:25,9207,18.60336
2026/04/02@04:05:26,9208,18.607804
2026/04/02@04:05:27,9209,18.584644
2026/04/02@04:05:28,9210,18.556056
2026/04/02@04:05:29,9211,18.556534
2026/04/02@04:05:30,9212,18.551764
2026/04/02@04:05:31,9213,18.552064
2026/04/02@04:05:32,9214,18.529296
2026/04/02@04:05:34,9216,18.52371
2026/04/02@04:05:35,9217,18.495702
2026/04/02@04:05:36,9218,18.53395
2026/04/02@04:05:37,9219,18.495576
2026/04/02@04:05:38,9220,18.477344
2026/04/02@04:05:39,9221,18.472772
2026/04/02@04:05:40,9222,18.463554
2026/04/02@04:05:41,9223,18.44442
2026/04/02@04:05:42,9224,18.415502
2026/04/02@04:05:43,9225,18.406562
2026/04/02@04:05:44,9226,18.411772
2026/04/02@04:05:45,9227,18.421368
2026/04/02@04:05:47,9229,18.407354
2026/04/02@04:05:48,9230,18.39296
2026/04/02@04:05:49,9231,18.388478
2026/04/02@04:05:50,9232,18.364652
2026/04/02@04:05:51,9233,18.388994
2026/04/02@04:05:52,9234,18.355938
2026/04/02@04:05:53,9235,18.336602
2026/04/02@04:05:54,9236,18.337734
2026/04/02@04:05:55,9237,18.336876
2026/04/02@04:05:56,9238,18.337274
2026/04/02@04:05:57,9239,18.32352
2026/04/02@04:05:58,9240,18.294732
2026/04/02@04:06:00,9242,18.28082
2026/04/02@04:06:01,9243,18.294732
2026/04/02@04:06:02,9244,18.280352
2026/04/02@04:06:03,9245,18.26745
2026/04/02@04:06:04,9246,18.290702
2026/04/02@04:06:05,9247,18.243624
2026/04/02@04:06:06,9248,18.22942
2026/04/02@04:06:07,9249,18.2289
2026/04/02@04:06:08,9250,18.23019
2026/04/02@04:06:09,9251,18.205752
2026/04/02@04:06:10,9252,18.201088
2026/04/02@04:06:11,9253,18.187306
2026/04/02@04:06:13,9255,18.182124
2026/04/02@04:06:14,9256,18.182778
2026/04/02@04:06:15,9257,18.158936
2026/04/02@04:06:16,9258,18.163906
2026/04/02@04:06:17,9259,18.116328
2026/04/02@04:06:18,9260,18.130822
2026/04/02@04:06:19,9261,18.098164
2026/04/02@04:06:20,9262,18.121992
2026/04/02@04:06:21,9263,18.093682
2026/04/02@04:06:22,9264,18.088984
2026/04/02@04:06:23,9265,18.112456
2026/04/02@04:06:25,9267,18.084184
2026/04/02@04:06:26,9268,18.065396
2026/04/02@04:06:27,9269,18.069884
2026/04/02@04:06:28,9270,18.055864
2026/04/02@04:06:29,9271,18.056128
2026/04/02@04:06:30,9272,18.046612
2026/04/02@04:06:31,9273,18.02746
2026/04/02@04:06:32,9274,18.051406
2026/04/02@04:06:33,9275,18.027538
2026/04/02@04:06:34,9276,17.9905508
2026/04/02@04:06:35,9277,17.981016
2026/04/02@04:06:36,9278,18.014386
2026/04/02@04:06:38,9280,17.994882
2026/04/02@04:06:39,9281,17.976222
2026/04/02@04:06:40,9282,17.976222
2026/04/02@04:06:41,9283,17.952696
2026/04/02@04:06:42,9284,17.93914
2026/04/02@04:06:43,9285,17.9196932
2026/04/02@04:06:44,9286,17.9298632
2026/04/02@04:06:45,9287,17.89582
2026/04/02@04:06:46,9288,17.853086
2026/04/02@04:06:47,9289,17.900942
2026/04/02@04:06:48,9290,17.85837
2026/04/02@04:06:49,9291,17.88214
2026/04/02@04:06:51,9293,17.849424
2026/04/02@04:06:52,9294,17.83954
2026/04/02@04:06:53,9295,17.863124
2026/04/02@04:06:54,9296,17.821142
2026/04/02@04:06:55,9297,17.830356
2026/04/02@04:06:56,9298,17.82083
2026/04/02@04:06:57,9299,17.797304
2026/04/02@04:06:58,9300,17.783012
2026/04/02@04:06:59,9301,17.811612
2026/04/02@04:07:00,9302,17.774146
2026/04/02@04:07:01,9303,17.79335
2026/04/02@04:07:02,9304,17.77438
2026/04/02@04:07:04,9306,17.778916
2026/04/02@04:07:05,9307,17.73664
2026/04/02@04:07:06,9308,17.746172
2026/04/02@04:07:07,9309,17.741142
2026/04/02@04:07:08,9310,17.712822
2026/04/02@04:07:09,9311,17.72814
2026/04/02@04:07:10,9312,17.679922
2026/04/02@04:07:11,9313,17.690392
2026/04/02@04:07:12,9314,17.689688
2026/04/02@04:07:13,9315,17.675268
2026/04/02@04:07:14,9316,17.670586
2026/04/02@04:07:15,9317,17.693994
2026/04/02@04:07:17,9319,17.661602
2026/04/02@04:07:18,9320,17.63274
2026/04/02@04:07:19,9321,17.618946
2026/04/02@04:07:20,9322,17.638516
2026/04/02@04:07:21,9323,17.590586
2026/04/02@04:07:22,9324,17.624434
2026/04/02@04:07:23,9325,17.633208
2026/04/02@04:07:24,9326,17.572228
2026/04/02@04:07:25,9327,17.562666
2026/04/02@04:07:26,9328,17.571796
2026/04/02@04:07:27,9329,17.576942
2026/04/02@04:07:28,9330,17.54793
2026/04/02@04:07:30,9332,17.557896
2026/04/02@04:07:31,9333,17.5293336
2026/04/02@04:07:32,9334,17.544184
2026/04/02@04:07:33,9335,17.572548
2026/04/02@04:07:34,9336,17.505508
2026/04/02@04:07:35,9337,17.492206
2026/04/02@04:07:36,9338,17.48731
2026/04/02@04:07:37,9339,17.506132
2026/04/02@04:07:38,9340,17.487026
2026/04/02@04:07:39,9341,17.491846
2026/04/02@04:07:40,9342,17.482306
2026/04/02@04:07:41,9343,17.473016
2026/04/02@04:07:43,9345,17.4731344
2026/04/02@04:07:44,9346,17.425264
2026/04/02@04:07:45,9347,17.435552
2026/04/02@04:07:46,9348,17.430792
2026/04/02@04:07:47,9349,17.445162
2026/04/02@04:07:48,9350,17.459384
2026/04/02@04:07:49,9351,17.39793
2026/04/02@04:07:50,9352,17.393208
2026/04/02@04:07:51,9353,17.436332
2026/04/02@04:07:52,9354,17.426992
2026/04/02@04:07:53,9355,17.364614
2026/04/02@04:07:54,9356,17.411806
2026/04/02@04:07:56,9358,17.33621
2026/04/02@04:07:57,9359,17.350038
2026/04/02@04:07:58,9360,17.359756
2026/04/02@04:07:59,9361,17.351094
2026/04/02@04:08:00,9362,17.355694
2026/04/02@04:08:01,9363,17.326366
2026/04/02@04:08:02,9364,17.307852
2026/04/02@04:08:03,9365,17.317656
2026/04/02@04:08:04,9366,17.308096
2026/04/02@04:08:05,9367,17.312978
2026/04/02@04:08:06,9368,17.293326
2026/04/02@04:08:07,9369,17.250942
2026/04/02@04:08:09,9371,17.275084
2026/04/02@04:08:10,9372,17.289844
2026/04/02@04:08:11,9373,17.25673
2026/04/02@04:08:12,9374,17.275474
2026/04/02@04:08:13,9375,17.256298
2026/04/02@04:08:14,9376,17.247276
2026/04/02@04:08:15,9377,17.21793
2026/04/02@04:08:16,9378,17.209112
2026/04/02@04:08:17,9379,17.209336
2026/04/02@04:08:18,9380,17.223628
2026/04/02@04:08:19,9381,17.199838
2026/04/02@04:08:20,9382,17.180892
2026/04/02@04:08:22,9384,17.171372
2026/04/02@04:08:23,9385,17.16708
2026/04/02@04:08:24,9386,17.1375
2026/04/02@04:08:25,9387,17.176874
2026/04/02@04:08:26,9388,17.162188
2026/04/02@04:08:27,9389,17.133984
2026/04/02@04:08:28,9390,17.1479
2026/04/02@04:08:29,9391,17.138242
2026/04/02@04:08:30,9392,17.129028
2026/04/02@04:08:31,9393,17.09164
2026/04/02@04:08:32,9394,17.105674
2026/04/02@04:08:33,9395,17.105166
2026/04/02@04:08:34,9396,17.048002
2026/04/02@04:08:36,9398,17.077142
2026/04/02@04:08:37,9399,17.043974
2026/04/02@04:08:38,9400,17.067862
2026/04/02@04:08:39,9401,17.048198
2026/04/02@04:08:40,9402,17.053048
2026/04/02@04:08:41,9403,17.048794
2026/04/02@04:08:42,9404,17.053828
2026/04/02@04:08:43,9405,17.03043
2026/04/02@04:08:44,9406,17.03003
2026/04/02@04:08:45,9407,17.040234
2026/04/02@04:08:46,9408,17.001846
2026/04/02@04:08:47,9409,16.99328
2026/04/02@04:08:49,9411,16.958516
2026/04/02@04:08:50,9412,17.011768
2026/04/02@04:08:51,9413,16.963316
2026/04/02@04:08:52,9414,16.983014
2026/04/02@04:08:53,9415,16.929922
2026/04/02@04:08:54,9416,16.95039
2026/04/02@04:08:55,9417,16.916288
2026/04/02@04:08:56,9418,16.9355852
2026/04/02@04:08:57,9419,16.888462
2026/04/02@04:08:58,9420,16.921378
2026/04/02@04:08:59,9421,16.916808
2026/04/02@04:09:00,9422,16.88316
2026/04/02@04:09:02,9424,16.850342
2026/04/02@04:09:03,9425,16.91707
2026/04/02@04:09:04,9426,16.836284
2026/04/02@04:09:05,9427,16.889292
2026/04/02@04:09:06,9428,16.88894
2026/04/02@04:09:07,9429,16.869178
2026/04/02@04:09:08,9430,16.83683
2026/04/02@04:09:09,9431,16.831528
2026/04/02@04:09:10,9432,16.860436
2026/04/02@04:09:11,9433,16.831752
2026/04/02@04:09:12,9434,16.803956
2026/04/02@04:09:13,9435,16.779912
2026/04/02@04:09:15,9437,16.793984
2026/04/02@04:09:16,9438,16.7848932
2026/04/02@04:09:17,9439,16.77505
2026/04/02@04:09:18,9440,16.794102
2026/04/02@04:09:19,9441,16.788946
2026/04/02@04:09:20,9442,16.774658
2026/04/02@04:09:21,9443,16.732964
2026/04/02@04:09:22,9444,16.756332
2026/04/02@04:09:23,9445,16.71793
2026/04/02@04:09:24,9446,16.70879
2026/04/02@04:09:25,9447,16.728202
2026/04/02@04:09:26,9448,16.742544
2026/04/02@04:09:28,9450,16.708046
2026/04/02@04:09:29,9451,16.684598
2026/04/02@04:09:30,9452,16.67959
2026/04/02@04:09:31,9453,16.656366
2026/04/02@04:09:32,9454,16.674952
2026/04/02@04:09:33,9455,16.665781
2026/04/02@04:09:34,9456,16.65215
2026/04/02@04:09:35,9457,16.65671
2026/04/02@04:09:36,9458,16.656444
2026/04/02@04:09:37,9459,16.62289
2026/04/02@04:09:38,9460,16.637416
2026/04/02@04:09:39,9461,16.618354
2026/04/02@04:09:41,9463,16.604492
2026/04/02@04:09:42,9464,16.628624
2026/04/02@04:09:43,9465,16.59046
2026/04/02@04:09:44,9466,16.598702
2026/04/02@04:09:45,9467,16.604686
2026/04/02@04:09:46,9468,16.566554
2026/04/02@04:09:47,9469,16.570922
2026/04/02@04:09:48,9470,16.557032
2026/04/02@04:09:49,9471,16.5571
2026/04/02@04:09:50,9472,16.538516
2026/04/02@04:09:51,9473,16.557032
2026/04/02@04:09:52,9474,16.542534
2026/04/02@04:09:54,9476,16.504414
2026/04/02@04:09:55,9477,16.561674
2026/04/02@04:09:56,9478,16.537294
2026/04/02@04:09:57,9479,16.49959
2026/04/02@04:09:58,9480,16.503934
2026/04/02@04:09:59,9481,16.50461
2026/04/02@04:10:00,9482,16.464906
2026/04/02@04:10:01,9483,16.485546
2026/04/02@04:10:02,9484,16.456944
2026/04/02@04:10:03,9485,16.466744
2026/04/02@04:10:04,9486,16.457266
2026/04/02@04:10:05,9487,16.433662
2026/04/02@04:10:07,9489,16.456348
2026/04/02@04:10:08,9490,16.428624
2026/04/02@04:10:09,9491,16.447216
2026/04/02@04:10:10,9492,16.418702
2026/04/02@04:10:11,9493,16.432636
2026/04/02@04:10:12,9494,16.409296
2026/04/02@04:10:13,9495,16.427412
2026/04/02@04:10:14,9496,16.395226
2026/04/02@04:10:15,9497,16.385273
2026/04/02@04:10:16,9498,16.385732
2026/04/02@04:10:17,9499,16.385498
2026/04/02@04:10:18,9500,16.356856
2026/04/02@04:10:20,9502,16.370908
2026/04/02@04:10:21,9503,16.371426
2026/04/02@04:10:22,9504,16.352412
2026/04/02@04:10:23,9505,16.362168
2026/04/02@04:10:24,9506,16.342372
2026/04/02@04:10:25,9507,16.323724
2026/04/02@04:10:26,9508,16.299942
2026/04/02@04:10:27,9509,16.2619
2026/04/02@04:10:28,9510,16.314712
2026/04/02@04:10:29,9511,16.303956
2026/04/02@04:10:30,9512,16.299708
2026/04/02@04:10:31,9513,16.280646
2026/04/02@04:10:33,9515,16.305214
2026/04/02@04:10:34,9516,16.25291
2026/04/02@04:10:35,9517,16.256816
2026/04/02@04:10:36,9518,16.232362
2026/04/02@04:10:37,9519,16.251416
2026/04/02@04:10:38,9520,16.223736
2026/04/02@04:10:39,9521,16.242638
2026/04/02@04:10:40,9522,16.224194
2026/04/02@04:10:41,9523,16.223736
2026/04/02@04:10:42,9524,16.237758
2026/04/02@04:10:43,9525,16.204618
2026/04/02@04:10:44,9526,16.195054
2026/04/02@04:10:46,9528,16.190576
2026/04/02@04:10:47,9529,16.176026
2026/04/02@04:10:48,9530,16.157598
2026/04/02@04:10:49,9531,16.166494
2026/04/02@04:10:50,9532,16.166192
2026/04/02@04:10:51,9533,16.147202
2026/04/02@04:10:52,9534,16.16143
2026/04/02@04:10:53,9535,16.128574
2026/04/02@04:10:54,9536,16.128136
2026/04/02@04:10:55,9537,16.14692
2026/04/02@04:10:56,9538,16.080682
2026/04/02@04:10:57,9539,16.122828
2026/04/02@04:10:59,9541,16.133379
2026/04/02@04:11:00,9542,16.09955
2026/04/02@04:11:01,9543,16.085244
2026/04/02@04:11:02,9544,16.085176
2026/04/02@04:11:03,9545,16.07142
2026/04/02@04:11:04,9546,16.061294
2026/04/02@04:11:05,9547,16.046578
2026/04/02@04:11:06,9548,16.046646
2026/04/02@04:11:07,9549,16.013208
2026/04/02@04:11:08,9550,16.018448
2026/04/02@04:11:09,9551,16.023218
2026/04/02@04:11:10,9552,15.974766
2026/04/02@04:11:12,9554,16.017784
2026/04/02@04:11:13,9555,15.994224
2026/04/02@04:11:14,9556,15.989385
2026/04/02@04:11:15,9557,15.980049
2026/04/02@04:11:16,9558,15.951328
2026/04/02@04:11:17,9559,15.970512
2026/04/02@04:11:18,9560,15.960864
2026/04/02@04:11:19,9561,15.969927
2026/04/02@04:11:20,9562,15.9602784
2026/04/02@04:11:21,9563,15.955244
2026/04/02@04:11:22,9564,15.956221
2026/04/02@04:11:23,9565,15.942392
2026/04/02@04:11:25,9567,15.913091
2026/04/02@04:11:26,9568,15.917227
2026/04/02@04:11:27,9569,15.889458
2026/04/02@04:11:28,9570,15.927149
2026/04/02@04:11:29,9571,15.90332
2026/04/02@04:11:30,9572,15.902851
2026/04/02@04:11:31,9573,15.879375
2026/04/02@04:11:32,9574,15.8555568
2026/04/02@04:11:33,9575,15.865665
2026/04/02@04:11:34,9576,15.85086
2026/04/02@04:11:35,9577,15.841328
2026/04/02@04:11:36,9578,15.845503
2026/04/02@04:11:38,9580,15.836255
2026/04/02@04:11:39,9581,15.845786
2026/04/02@04:11:40,9582,15.821713
2026/04/02@04:11:41,9583,15.836372
2026/04/02@04:11:42,9584,15.797568
2026/04/02@04:11:43,9585,15.803008
2026/04/02@04:11:44,9586,15.798437
2026/04/02@04:11:45,9587,15.802647
2026/04/02@04:11:46,9588,15.803125
2026/04/02@04:11:47,9589,15.797656
2026/04/02@04:11:48,9590,15.755235
2026/04/02@04:11:49,9591,15.7503816
2026/04/02@04:11:51,9593,15.76398
2026/04/02@04:11:52,9594,15.735889
2026/04/02@04:11:53,9595,15.725849
2026/04/02@04:11:54,9596,15.7501952
2026/04/02@04:11:55,9597,15.745225
2026/04/02@04:11:56,9598,15.712573
2026/04/02@04:11:57,9599,15.754443
2026/04/02@04:11:58,9600,15.696709
2026/04/02@04:11:59,9601,15.702022
2026/04/02@04:12:00,9602,15.692998
2026/04/02@04:12:01,9603,15.664595
2026/04/02@04:12:02,9604,15.669326
2026/04/02@04:12:04,9606,15.673623
2026/04/02@04:12:05,9607,15.6446
2026/04/02@04:12:06,9608,15.649365
2026/04/02@04:12:07,9609,15.673193
2026/04/02@04:12:08,9610,15.653809
2026/04/02@04:12:09,9611,15.625732
2026/04/02@04:12:10,9612,15.611201
2026/04/02@04:12:11,9613,15.625537
2026/04/02@04:12:12,9614,15.620449
2026/04/02@04:12:13,9615,15.634717
2026/04/02@04:12:14,9616,15.606938
2026/04/02@04:12:15,9617,15.578067
2026/04/02@04:12:17,9619,15.611153
2026/04/02@04:12:18,9620,15.57377
2026/04/02@04:12:19,9621,15.562822
2026/04/02@04:12:20,9622,15.568023
2026/04/02@04:12:21,9623,15.534702
2026/04/02@04:12:22,9624,15.548955
2026/04/02@04:12:23,9625,15.530176
2026/04/02@04:12:24,9626,15.529424
2026/04/02@04:12:25,9627,15.533638
2026/04/02@04:12:26,9628,15.524297
2026/04/02@04:12:27,9629,15.515088
2026/04/02@04:12:28,9630,15.520411
2026/04/02@04:12:30,9632,15.490996
2026/04/02@04:12:31,9633,15.491035
2026/04/02@04:12:32,9634,15.4436032
2026/04/02@04:12:33,9635,15.471943
2026/04/02@04:12:34,9636,15.476377
2026/04/02@04:12:35,9637,15.471972
2026/04/02@04:12:36,9638,15.471377
2026/04/02@04:12:37,9639,15.467119
2026/04/02@04:12:38,9640,15.461841
2026/04/02@04:12:39,9641,15.452085
2026/04/02@04:12:40,9642,15.461695
2026/04/02@04:12:41,9643,15.428692
2026/04/02@04:12:43,9645,15.394863
2026/04/02@04:12:44,9646,15.404511
2026/04/02@04:12:45,9647,15.399658
2026/04/02@04:12:46,9648,15.385591
2026/04/02@04:12:47,9649,15.400127
2026/04/02@04:12:48,9650,15.357715
2026/04/02@04:12:49,9651,15.362007
2026/04/02@04:12:50,9652,15.352827
2026/04/02@04:12:51,9653,15.375313
2026/04/02@04:12:52,9654,15.342939
2026/04/02@04:12:53,9655,15.338443
2026/04/02@04:12:54,9656,15.342432
2026/04/02@04:12:56,9658,15.319111
2026/04/02@04:12:57,9659,15.3092568
2026/04/02@04:12:58,9660,15.32376
2026/04/02@04:12:59,9661,15.290596
2026/04/02@04:13:00,9662,15.314312
2026/04/02@04:13:01,9663,15.280669
2026/04/02@04:13:02,9664,15.2997268
2026/04/02@04:13:03,9665,15.300049
2026/04/02@04:13:04,9666,15.280981
2026/04/02@04:13:05,9667,15.276181
2026/04/02@04:13:06,9668,15.272031
2026/04/02@04:13:07,9669,15.247851
2026/04/02@04:13:09,9671,15.214219
2026/04/02@04:13:10,9672,15.233746
2026/04/02@04:13:11,9673,15.238086
2026/04/02@04:13:12,9674,15.243086
2026/04/02@04:13:13,9675,15.190596
2026/04/02@04:13:14,9676,15.195625
2026/04/02@04:13:15,9677,15.17732
2026/04/02@04:13:16,9678,15.200708
2026/04/02@04:13:17,9679,15.182119
2026/04/02@04:13:18,9680,15.157886
2026/04/02@04:13:19,9681,15.172626
2026/04/02@04:13:20,9682,15.210786
2026/04/02@04:13:22,9684,15.153525
2026/04/02@04:13:23,9685,15.139297
2026/04/02@04:13:24,9686,15.115713
2026/04/02@04:13:25,9687,15.105899
2026/04/02@04:13:26,9688,15.082354
2026/04/02@04:13:27,9689,15.077496
2026/04/02@04:13:28,9690,15.10712
2026/04/02@04:13:29,9691,15.092617
2026/04/02@04:13:30,9692,15.073477
2026/04/02@04:13:31,9693,15.045078
2026/04/02@04:13:32,9694,15.06879
2026/04/02@04:13:33,9695,15.045078
2026/04/02@04:13:35,9697,15.021553
2026/04/02@04:13:36,9698,15.025898
2026/04/02@04:13:37,9699,15.035664
2026/04/02@04:13:38,9700,15.016367
2026/04/02@04:13:39,9701,15.012021
2026/04/02@04:13:40,9702,15.040557
2026/04/02@04:13:41,9703,14.978467
2026/04/02@04:13:42,9704,15.00726
2026/04/02@04:13:43,9705,14.993125
2026/04/02@04:13:44,9706,14.936328
2026/04/02@04:13:45,9707,14.955596
2026/04/02@04:13:47,9708,14.955937
2026/04/02@04:13:48,9710,14.964922
2026/04/02@04:13:49,9711,14.979297
2026/04/02@04:13:50,9712,14.960474
2026/04/02@04:13:51,9713,14.927075
2026/04/02@04:13:52,9714,14.965752
2026/04/02@04:13:53,9715,14.942041
2026/04/02@04:13:54,9716,14.898955
2026/04/02@04:13:55,9717,14.91333
2026/04/02@04:13:56,9718,14.926997
2026/04/02@04:13:57,9719,14.889502
2026/04/02@04:13:58,9720,14.899306
2026/04/02@04:14:00,9722,14.879883
2026/04/02@04:14:01,9723,14.861133
2026/04/02@04:14:02,9724,14.903247
2026/04/02@04:14:03,9725,14.889727
2026/04/02@04:14:04,9726,14.884922
2026/04/02@04:14:05,9727,14.881016
2026/04/02@04:14:06,9728,14.879961
2026/04/02@04:14:07,9729,14.827729
2026/04/02@04:14:08,9730,14.852222
2026/04/02@04:14:09,9731,14.861924
2026/04/02@04:14:10,9732,14.847461
2026/04/02@04:14:11,9733,14.80437
2026/04/02@04:14:13,9735,14.80437
2026/04/02@04:14:14,9736,14.799336
2026/04/02@04:14:15,9737,14.794927
2026/04/02@04:14:16,9738,14.813359
2026/04/02@04:14:17,9739,14.775117
2026/04/02@04:14:18,9740,14.784843
2026/04/02@04:14:19,9741,14.775976
2026/04/02@04:14:20,9742,14.789853
2026/04/02@04:14:21,9743,14.771099
2026/04/02@04:14:22,9744,14.775976
2026/04/02@04:14:23,9745,14.737373
2026/04/02@04:14:24,9746,14.741953
2026/04/02@04:14:26,9748,14.771215
2026/04/02@04:14:27,9749,14.723359
2026/04/02@04:14:28,9750,14.728384
2026/04/02@04:14:29,9751,14.737657
2026/04/02@04:14:30,9752,14.713349
2026/04/02@04:14:31,9753,14.709053
2026/04/02@04:14:32,9754,14.704058
2026/04/02@04:14:33,9755,14.708779
2026/04/02@04:14:34,9756,14.727924
2026/04/02@04:14:35,9757,14.7
2026/04/02@04:14:36,9758,14.713154
2026/04/02@04:14:37,9759,14.6612016
2026/04/02@04:14:39,9761,14.680938
2026/04/02@04:14:40,9762,14.698857
2026/04/02@04:14:41,9763,14.66542
2026/04/02@04:14:42,9764,14.660879
2026/04/02@04:14:43,9765,14.641836
2026/04/02@04:14:44,9766,14.651074
2026/04/02@04:14:45,9767,14.646597
2026/04/02@04:14:46,9768,14.608779
2026/04/02@04:14:47,9769,14.604404
2026/04/02@04:14:48,9770,14.622485
2026/04/02@04:14:49,9771,14.637343
2026/04/02@04:14:50,9772,14.631787
2026/04/02@04:14:52,9774,14.642148
2026/04/02@04:14:53,9775,14.580069
2026/04/02@04:14:54,9776,14.608428
2026/04/02@04:14:55,9777,14.579873
2026/04/02@04:14:56,9778,14.594165
2026/04/02@04:14:57,9779,14.564941
2026/04/02@04:14:58,9780,14.593941
2026/04/02@04:14:59,9781,14.560996
2026/04/02@04:15:00,9782,14.560059
2026/04/02@04:15:01,9783,14.541465
2026/04/02@04:15:02,9784,14.546626
2026/04/02@04:15:03,9785,14.531591
2026/04/02@04:15:05,9787,14.55624
2026/04/02@04:15:06,9788,14.527558
2026/04/02@04:15:07,9789,14.540527
2026/04/02@04:15:08,9790,14.564834
2026/04/02@04:15:09,9791,14.522056
2026/04/02@04:15:10,9792,14.517364
2026/04/02@04:15:11,9793,14.517168
2026/04/02@04:15:12,9794,14.531699
2026/04/02@04:15:13,9795,14.503077
2026/04/02@04:15:14,9796,14.50252
2026/04/02@04:15:15,9797,14.47998
2026/04/02@04:15:16,9798,14.425918
2026/04/02@04:15:18,9800,14.454942
2026/04/02@04:15:19,9801,14.483726
2026/04/02@04:15:20,9802,14.417207
2026/04/02@04:15:21,9803,14.431504
2026/04/02@04:15:22,9804,14.402705
2026/04/02@04:15:23,9805,14.397705
2026/04/02@04:15:24,9806,14.42626
2026/04/02@04:15:25,9807,14.426739
2026/04/02@04:15:26,9808,14.426739
2026/04/02@04:15:27,9809,14.35455
2026/04/02@04:15:28,9810,14.345254
2026/04/02@04:15:29,9811,14.3458
2026/04/02@04:15:31,9812,14.373848
2026/04/02@04:15:32,9814,14.369316
2026/04/02@04:15:33,9815,14.330527
2026/04/02@04:15:34,9816,14.3639552
2026/04/02@04:15:35,9817,14.310625
2026/04/02@04:15:36,9818,14.301806
2026/04/02@04:15:37,9819,14.33083
2026/04/02@04:15:38,9820,14.363995
2026/04/02@04:15:39,9821,14.336186
2026/04/02@04:15:40,9822,14.312041
2026/04/02@04:15:41,9823,14.28793
2026/04/02@04:15:42,9824,14.302227
2026/04/02@04:15:43,9825,14.321094
2026/04/02@04:15:45,9827,14.273438
2026/04/02@04:15:46,9828,14.287823
2026/04/02@04:15:47,9829,14.258179
2026/04/02@04:15:48,9830,14.287227
2026/04/02@04:15:49,9831,14.249297
2026/04/02@04:15:50,9832,14.2596236
2026/04/02@04:15:51,9833,14.268457
2026/04/02@04:15:52,9834,14.264111
2026/04/02@04:15:53,9835,14.240048
2026/04/02@04:15:54,9836,14.235
2026/04/02@04:15:55,9837,14.238828
2026/04/02@04:15:57,9838,14.220694
2026/04/02@04:15:58,9840,14.220078
2026/04/02@04:15:59,9841,14.216445
2026/04/02@04:16:00,9842,14.21042
2026/04/02@04:16:01,9843,14.181157
2026/04/02@04:16:02,9844,14.202197
2026/04/02@04:16:03,9845,14.220977
2026/04/02@04:16:04,9846,14.201084
2026/04/02@04:16:05,9847,14.177182
2026/04/02@04:16:06,9848,14.16752
2026/04/02@04:16:07,9849,14.182573
2026/04/02@04:16:08,9850,14.148945
2026/04/02@04:16:10,9851,14.124726
2026/04/02@04:16:11,9853,14.167998
2026/04/02@04:16:12,9854,14.172803
2026/04/02@04:16:13,9855,14.124726
2026/04/02@04:16:14,9856,14.139961
2026/04/02@04:16:15,9857,14.13417
2026/04/02@04:16:16,9858,14.096553
2026/04/02@04:16:17,9859,14.143896
2026/04/02@04:16:18,9860,14.124609
2026/04/02@04:16:19,9861,14.105762
2026/04/02@04:16:20,9862,14.119839
2026/04/02@04:16:21,9863,14.115586
2026/04/02@04:16:23,9865,14.12417
2026/04/02@04:16:24,9866,14.13417
2026/04/02@04:16:25,9867,14.077925
2026/04/02@04:16:26,9868,14.110821
2026/04/02@04:16:27,9869,14.05788
2026/04/02@04:16:28,9870,14.066665
2026/04/02@04:16:29,9871,14.048633
2026/04/02@04:16:30,9872,14.072402
2026/04/02@04:16:31,9873,14.053628
2026/04/02@04:16:32,9874,14.072207
2026/04/02@04:16:33,9875,14.053628
2026/04/02@04:16:34,9876,14.034053
2026/04/02@04:16:36,9878,14.029316
2026/04/02@04:16:37,9879,14.038379
2026/04/02@04:16:38,9880,13.995488
2026/04/02@04:16:39,9881,14.020039
2026/04/02@04:16:40,9882,14.019717
2026/04/02@04:16:41,9883,13.991704
2026/04/02@04:16:42,9884,13.981553
2026/04/02@04:16:43,9885,13.991118
2026/04/02@04:16:44,9886,13.947134
2026/04/02@04:16:45,9887,13.9430268
2026/04/02@04:16:46,9888,13.933457
2026/04/02@04:16:47,9889,13.957256
2026/04/02@04:16:49,9891,13.924434
2026/04/02@04:16:50,9892,13.923096
2026/04/02@04:16:51,9893,13.9525584
2026/04/02@04:16:52,9894,13.937993
2026/04/02@04:16:53,9895,13.934356
2026/04/02@04:16:54,9896,13.881504
2026/04/02@04:16:55,9897,13.905762
2026/04/02@04:16:56,9898,13.924434
2026/04/02@04:16:57,9899,13.8757516
2026/04/02@04:16:58,9900,13.910327
2026/04/02@04:16:59,9901,13.867251
2026/04/02@04:17:00,9902,13.900879
2026/04/02@04:17:02,9904,13.838066
2026/04/02@04:17:03,9905,13.847744
2026/04/02@04:17:04,9906,13.862412
2026/04/02@04:17:05,9907,13.838174
2026/04/02@04:17:06,9908,13.852442
2026/04/02@04:17:07,9909,13.842827
2026/04/02@04:17:08,9910,13.852481
2026/04/02@04:17:09,9911,13.828535
2026/04/02@04:17:10,9912,13.833814
2026/04/02@04:17:11,9913,13.809619
2026/04/02@04:17:12,9914,13.82373
2026/04/02@04:17:13,9915,13.809502
2026/04/02@04:17:15,9917,13.819073
2026/04/02@04:17:16,9918,13.799971
2026/04/02@04:17:17,9919,13.789966
2026/04/02@04:17:18,9920,13.7761132
2026/04/02@04:17:19,9921,13.766533
2026/04/02@04:17:20,9922,13.77165
2026/04/02@04:17:21,9923,13.752114
2026/04/02@04:17:22,9924,13.757822
2026/04/02@04:17:23,9925,13.75228
2026/04/02@04:17:24,9926,13.748028
2026/04/02@04:17:25,9927,13.739233
2026/04/02@04:17:26,9928,13.72376
2026/04/02@04:17:28,9930,13.718955
2026/04/02@04:17:29,9931,13.704453
2026/04/02@04:17:30,9932,13.733212
2026/04/02@04:17:31,9933,13.709458
2026/04/02@04:17:32,9934,13.729156
2026/04/02@04:17:33,9935,13.70458
2026/04/02@04:17:34,9936,13.6954
2026/04/02@04:17:35,9937,13.710122
2026/04/02@04:17:36,9938,13.685825
2026/04/02@04:17:37,9939,13.662393
2026/04/02@04:17:38,9940,13.695205
2026/04/02@04:17:39,9941,13.657261
2026/04/02@04:17:41,9943,13.653164
2026/04/02@04:17:42,9944,13.676811
2026/04/02@04:17:43,9945,13.629385
2026/04/02@04:17:44,9946,13.638955
2026/04/02@04:17:45,9947,13.652862
2026/04/02@04:17:46,9948,13.633354
2026/04/02@04:17:47,9949,13.624624
2026/04/02@04:17:48,9950,13.633872
2026/04/02@04:17:49,9951,13.585742
2026/04/02@04:17:50,9952,13.609297
2026/04/02@04:17:51,9953,13.610557
2026/04/02@04:17:52,9954,13.571445
2026/04/02@04:17:54,9956,13.610322
2026/04/02@04:17:55,9957,13.58149
2026/04/02@04:17:56,9958,13.580972
2026/04/02@04:17:57,9959,13.562901
2026/04/02@04:17:58,9960,13.571084
2026/04/02@04:17:59,9961,13.543833
2026/04/02@04:18:00,9962,13.528984
2026/04/02@04:18:01,9963,13.538056
2026/04/02@04:18:02,9964,13.524448
2026/04/02@04:18:03,9965,13.529306
2026/04/02@04:18:04,9966,13.471392
2026/04/02@04:18:05,9967,13.505479
2026/04/02@04:18:07,9969,13.495859
2026/04/02@04:18:08,9970,13.524262
2026/04/02@04:18:09,9971,13.471353
2026/04/02@04:18:10,9972,13.466592
2026/04/02@04:18:11,9973,13.50539
2026/04/02@04:18:12,9974,13.476914
2026/04/02@04:18:13,9975,13.471753
2026/04/02@04:18:14,9976,13.466514
2026/04/02@04:18:15,9977,13.471392
2026/04/02@04:18:16,9978,13.471792
2026/04/02@04:18:17,9979,13.448755
2026/04/02@04:18:18,9980,13.4625
2026/04/02@04:18:20,9982,13.433232
2026/04/02@04:18:21,9983,13.400625
2026/04/02@04:18:22,9984,13.400849
2026/04/02@04:18:23,9985,13.466992
2026/04/02@04:18:24,9986,13.414765
2026/04/02@04:18:25,9987,13.391509
2026/04/02@04:18:26,9988,13.390738
2026/04/02@04:18:27,9989,13.362408
2026/04/02@04:18:28,9990,13.362495
2026/04/02@04:18:29,9991,13.381992
2026/04/02@04:18:30,9992,13.363364
2026/04/02@04:18:31,9993,13.339058
2026/04/02@04:18:33,9995,13.371679
2026/04/02@04:18:34,9996,13.348037
2026/04/02@04:18:35,9997,13.343819
2026/04/02@04:18:36,9998,13.334834
2026/04/02@04:18:37,9999,13.348398
2026/04/02@04:18:38,10000,13.315264
2026/04/02@04:18:39,10001,13.334834
2026/04/02@04:18:40,10002,13.32502
2026/04/02@04:18:41,10003,13.315782
2026/04/02@04:18:42,10004,13.296885
2026/04/02@04:18:43,10005,13.301162
2026/04/02@04:18:44,10006,13.291758
2026/04/02@04:18:46,10008,13.291758
2026/04/02@04:18:47,10009,13.272802
2026/04/02@04:18:48,10010,13.272558
2026/04/02@04:18:49,10011,13.2538184
2026/04/02@04:18:50,10012,13.252988
2026/04/02@04:18:51,10013,13.26335
2026/04/02@04:18:52,10014,13.248975
2026/04/02@04:18:53,10015,13.2392432
2026/04/02@04:18:54,10016,13.215889
2026/04/02@04:18:55,10017,13.219678
2026/04/02@04:18:56,10018,13.220176
2026/04/02@04:18:57,10019,13.215381
2026/04/02@04:18:59,10021,13.201108
2026/04/02@04:19:00,10022,13.229214
2026/04/02@04:19:01,10023,13.1870168
2026/04/02@04:19:02,10024,13.168203
2026/04/02@04:19:03,10025,13.186548
2026/04/02@04:19:04,10026,13.192246
2026/04/02@04:19:05,10027,13.163545
2026/04/02@04:19:06,10028,13.182608
2026/04/02@04:19:07,10029,13.177856
2026/04/02@04:19:08,10030,13.148931
2026/04/02@04:19:09,10031,13.149517
2026/04/02@04:19:10,10032,13.139365
2026/04/02@04:19:12,10034,13.107212
2026/04/02@04:19:13,10035,13.120757
2026/04/02@04:19:14,10036,13.140176
2026/04/02@04:19:15,10037,13.096866
2026/04/02@04:19:16,10038,13.083027
2026/04/02@04:19:17,10039,13.106401
2026/04/02@04:19:18,10040,13.082793
2026/04/02@04:19:19,10041,13.097529
2026/04/02@04:19:20,10042,13.092764
2026/04/02@04:19:21,10043,13.102056
2026/04/02@04:19:22,10044,13.0692
2026/04/02@04:19:23,10045,13.059404
2026/04/02@04:19:25,10047,13.0543168
2026/04/02@04:19:26,10048,13.04002
2026/04/02@04:19:27,10049,13.026309
2026/04/02@04:19:28,10050,13.040136
2026/04/02@04:19:29,10051,13.025605
2026/04/02@04:19:30,10052,13.060146
2026/04/02@04:19:31,10053,13.016777
2026/04/02@04:19:32,10054,13.0127532
2026/04/02@04:19:33,10055,13.017324
2026/04/02@04:19:34,10056,12.998183
2026/04/02@04:19:35,10057,13.0171384
2026/04/02@04:19:36,10058,13.017256
2026/04/02@04:19:38,10060,12.998506
2026/04/02@04:19:39,10061,12.98873
2026/04/02@04:19:40,10062,12.979404
2026/04/02@04:19:41,10063,12.99436
2026/04/02@04:19:42,10064,12.984912
2026/04/02@04:19:43,10065,12.9892
2026/04/02@04:19:44,10066,12.946895
2026/04/02@04:19:45,10067,12.970825
2026/04/02@04:19:46,10068,12.937647
2026/04/02@04:19:47,10069,12.966245
2026/04/02@04:19:48,10070,12.946709
2026/04/02@04:19:49,10071,12.899239
2026/04/02@04:19:51,10073,12.89045
2026/04/02@04:19:52,10074,12.93334
2026/04/02@04:19:53,10075,12.933428
2026/04/02@04:19:54,10076,12.885806
2026/04/02@04:19:55,10077,12.905859
2026/04/02@04:19:56,10078,12.909649
2026/04/02@04:19:57,10079,12.900683
2026/04/02@04:19:58,10080,12.900107
2026/04/02@04:19:59,10081,12.87624
2026/04/02@04:20:00,10082,12.886548
2026/04/02@04:20:01,10083,12.881748
2026/04/02@04:20:02,10084,12.853437
2026/04/02@04:20:04,10086,12.863467
2026/04/02@04:20:05,10087,12.853907
2026/04/02@04:20:06,10088,12.844292
2026/04/02@04:20:07,10089,12.854297
2026/04/02@04:20:08,10090,12.840425
2026/04/02@04:20:09,10091,12.854297
2026/04/02@04:20:10,10092,12.821591
2026/04/02@04:20:11,10093,12.802529
2026/04/02@04:20:12,10094,12.845786
2026/04/02@04:20:13,10095,12.797861
2026/04/02@04:20:14,10096,12.802529
2026/04/02@04:20:15,10097,12.812182
2026/04/02@04:20:17,10099,12.797812
2026/04/02@04:20:18,10100,12.764717
2026/04/02@04:20:19,10101,12.778701
2026/04/02@04:20:20,10102,12.755
2026/04/02@04:20:21,10103,12.774053
2026/04/02@04:20:22,10104,12.755898
2026/04/02@04:20:23,10105,12.774053
2026/04/02@04:20:24,10106,12.726367
2026/04/02@04:20:25,10107,12.760825
2026/04/02@04:20:26,10108,12.736875
2026/04/02@04:20:27,10109,12.75582
2026/04/02@04:20:28,10110,12.751045
2026/04/02@04:20:30,10112,12.737422
2026/04/02@04:20:31,10113,12.718437
2026/04/02@04:20:32,10114,12.71316
2026/04/02@04:20:33,10115,12.689755
2026/04/02@04:20:34,10116,12.704058
2026/04/02@04:20:35,10117,12.689795
2026/04/02@04:20:36,10118,12.72293
2026/04/02@04:20:37,10119,12.689336
2026/04/02@04:20:38,10120,12.652139
2026/04/02@04:20:39,10121,12.656391
2026/04/02@04:20:40,10122,12.6755908
2026/04/02@04:20:41,10123,12.643164
2026/04/02@04:20:43,10125,12.642891
2026/04/02@04:20:44,10126,12.619102
2026/04/02@04:20:45,10127,12.62812
2026/04/02@04:20:46,10128,12.624102
2026/04/02@04:20:47,10129,12.628598
2026/04/02@04:20:48,10130,12.623867
2026/04/02@04:20:49,10131,12.594756
2026/04/02@04:20:50,10132,12.623438
2026/04/02@04:20:51,10133,12.619521
2026/04/02@04:20:52,10134,12.623798
2026/04/02@04:20:53,10135,12.580547
2026/04/02@04:20:54,10136,12.576679
2026/04/02@04:20:56,10138,12.614571
2026/04/02@04:20:57,10139,12.595303
2026/04/02@04:20:58,10140,12.590459
2026/04/02@04:20:59,10141,12.567461
2026/04/02@04:21:00,10142,12.581963
2026/04/02@04:21:01,10143,12.562334
2026/04/02@04:21:02,10144,12.5476468
2026/04/02@04:21:03,10145,12.548349
2026/04/02@04:21:04,10146,12.539248
2026/04/02@04:21:05,10147,12.52501
2026/04/02@04:21:06,10148,12.534092
2026/04/02@04:21:07,10149,12.568252
2026/04/02@04:21:09,10151,12.539297
2026/04/02@04:21:10,10152,12.5295316
2026/04/02@04:21:11,10153,12.510273
2026/04/02@04:21:12,10154,12.520312
2026/04/02@04:21:13,10155,12.544019
2026/04/02@04:21:14,10156,12.52001
2026/04/02@04:21:15,10157,12.505889
2026/04/02@04:21:16,10158,12.4726516
2026/04/02@04:21:17,10159,12.501333
2026/04/02@04:21:18,10160,12.495967
2026/04/02@04:21:19,10161,12.448623
2026/04/02@04:21:20,10162,12.463398
2026/04/02@04:21:22,10164,12.453594
2026/04/02@04:21:23,10165,12.468437
2026/04/02@04:21:24,10166,12.435029
2026/04/02@04:21:25,10167,12.458349
2026/04/02@04:21:26,10168,12.453466
2026/04/02@04:21:27,10169,12.458632
2026/04/02@04:21:28,10170,12.448311
2026/04/02@04:21:29,10171,12.392373
2026/04/02@04:21:30,10172,12.463672
2026/04/02@04:21:31,10173,12.425537
2026/04/02@04:21:32,10174,12.40125
2026/04/02@04:21:33,10175,12.396954
2026/04/02@04:21:35,10177,12.4016696
2026/04/02@04:21:36,10178,12.40667
2026/04/02@04:21:37,10179,12.39293
2026/04/02@04:21:38,10180,12.396875
2026/04/02@04:21:39,10181,12.373105
2026/04/02@04:21:40,10182,12.401904
2026/04/02@04:21:41,10183,12.373301
2026/04/02@04:21:42,10184,12.411753
2026/04/02@04:21:43,10185,12.359882
2026/04/02@04:21:44,10186,12.3595704
2026/04/02@04:21:45,10187,12.38273
2026/04/02@04:21:46,10188,12.339839
2026/04/02@04:21:48,10190,12.359522
2026/04/02@04:21:49,10191,12.354331
2026/04/02@04:21:50,10192,12.331172
2026/04/02@04:21:51,10193,12.321397
2026/04/02@04:21:52,10194,12.335654
2026/04/02@04:21:53,10195,12.335078
2026/04/02@04:21:54,10196,12.340581
2026/04/02@04:21:55,10197,12.31144
2026/04/02@04:21:56,10198,12.316406
2026/04/02@04:21:57,10199,12.335459
2026/04/02@04:21:58,10200,12.320771
2026/04/02@04:21:59,10201,12.292803
2026/04/02@04:22:01,10203,12.2836268
2026/04/02@04:22:02,10204,12.278461
2026/04/02@04:22:03,10205,12.292803
2026/04/02@04:22:04,10206,12.273857
2026/04/02@04:22:05,10207,12.259492
2026/04/02@04:22:06,10208,12.274092
2026/04/02@04:22:07,10209,12.269473
2026/04/02@04:22:08,10210,12.269356
2026/04/02@04:22:09,10211,12.288086
2026/04/02@04:22:10,10212,12.269092
2026/04/02@04:22:11,10213,12.245459
2026/04/02@04:22:12,10214,12.245147
2026/04/02@04:22:14,10216,12.241201
2026/04/02@04:22:15,10217,12.226465
2026/04/02@04:22:16,10218,12.207851
2026/04/02@04:22:17,10219,12.197256
2026/04/02@04:22:18,10220,12.236416
2026/04/02@04:22:19,10221,12.245586
2026/04/02@04:22:20,10222,12.245195
2026/04/02@04:22:21,10223,12.207412
2026/04/02@04:22:22,10224,12.216944
2026/04/02@04:22:23,10225,12.212177
2026/04/02@04:22:24,10226,12.207656
2026/04/02@04:22:25,10227,12.193355
2026/04/02@04:22:27,10229,12.183623
2026/04/02@04:22:28,10230,12.184013
2026/04/02@04:22:29,10231,12.169873
2026/04/02@04:22:30,10232,12.178808
2026/04/02@04:22:31,10233,12.164956
2026/04/02@04:22:32,10234,12.12167
2026/04/02@04:22:33,10235,12.118042
2026/04/02@04:22:34,10236,12.150782
2026/04/02@04:22:35,10237,12.160264
2026/04/02@04:22:36,10238,12.150732
2026/04/02@04:22:37,10239,12.141201
2026/04/02@04:22:38,10240,12.131748
2026/04/02@04:22:40,10242,12.14125
2026/04/02@04:22:41,10243,12.141201
2026/04/02@04:22:42,10244,12.103154
2026/04/02@04:22:43,10245,12.065342
2026/04/02@04:22:44,10246,12.079912
2026/04/02@04:22:45,10247,12.1082328
2026/04/02@04:22:46,10248,12.108516
2026/04/02@04:22:47,10249,12.104131
2026/04/02@04:22:48,10250,12.146753
2026/04/02@04:22:49,10251,12.165347
2026/04/02@04:22:50,10252,12.2794
2026/04/02@04:22:51,10253,12.316875
2026/04/02@04:22:53,10255,12.393203
2026/04/02@04:22:54,10256,12.416958
2026/04/02@04:22:55,10257,12.598105
2026/04/02@04:22:56,10258,12.669111
2026/04/02@04:22:57,10259,13.11186
2026/04/02@04:22:58,10260,13.111402
2026/04/02@04:22:59,10261,13.139605
2026/04/02@04:23:00,10262,13.390977
2026/04/02@04:23:01,10263,13.413662
2026/04/02@04:23:02,10264,13.608955
2026/04/02@04:23:03,10265,13.865845
2026/04/02@04:23:05,10267,13.822114
2026/04/02@04:23:06,10268,13.960136
2026/04/02@04:23:07,10269,14.111973
2026/04/02@04:23:08,10270,14.249746
2026/04/02@04:23:09,10271,14.373008
2026/04/02@04:23:10,10272,14.448228
2026/04/02@04:23:11,10273,14.647104
2026/04/02@04:23:12,10274,14.708584
2026/04/02@04:23:13,10275,14.807842
2026/04/02@04:23:14,10276,14.964307
2026/04/02@04:23:15,10277,15.082383
2026/04/02@04:23:16,10278,15.27751
2026/04/02@04:23:18,10280,15.353725
2026/04/02@04:23:19,10281,15.509224
2026/04/02@04:23:20,10282,15.603608
2026/04/02@04:23:21,10283,15.736264
2026/04/02@04:23:22,10284,15.9317036
2026/04/02@04:23:23,10285,16.012168
2026/04/02@04:23:24,10286,16.235038
2026/04/02@04:23:25,10287,16.324922
2026/04/02@04:23:26,10288,16.404253
2026/04/02@04:23:27,10289,16.585386
2026/04/02@04:23:28,10290,16.736954
2026/04/02@04:23:29,10291,16.87899
2026/04/02@04:23:31,10293,17.00669
2026/04/02@04:23:32,10294,17.073224
2026/04/02@04:23:33,10295,17.22459
2026/04/02@04:23:34,10296,17.457202
2026/04/02@04:23:35,10297,17.590614
2026/04/02@04:23:36,10298,17.665966
2026/04/02@04:23:37,10299,17.847306
2026/04/02@04:23:38,10300,17.917534
2026/04/02@04:23:39,10301,18.15087
2026/04/02@04:23:40,10302,18.254258
2026/04/02@04:23:41,10303,18.444028
2026/04/02@04:23:42,10304,18.515566
2026/04/02@04:23:44,10306,18.624384
2026/04/02@04:23:45,10307,18.756542
2026/04/02@04:23:46,10308,18.942222
2026/04/02@04:23:47,10309,19.117686
2026/04/02@04:23:48,10310,19.188906
2026/04/02@04:23:49,10311,19.430108
2026/04/02@04:23:50,10312,19.581904
2026/04/02@04:23:51,10313,19.628564
2026/04/02@04:23:52,10314,19.79582
2026/04/02@04:23:53,10315,19.914072
2026/04/02@04:23:54,10316,20.151264
2026/04/02@04:23:55,10317,20.346308
2026/04/02@04:23:57,10319,20.41702
2026/04/02@04:23:58,10320,20.564858
2026/04/02@04:23:59,10321,20.749722
2026/04/02@04:24:00,10322,20.930156
2026/04/02@04:24:01,10323,21.02457
2026/04/02@04:24:02,10324,21.171514
2026/04/02@04:24:03,10325,21.346524
2026/04/02@04:24:04,10326,21.507656
2026/04/02@04:24:05,10327,21.621886
2026/04/02@04:24:06,10328,21.721376
2026/04/02@04:24:07,10329,22.0067732
2026/04/02@04:24:08,10330,22.105634
2026/04/02@04:24:10,10332,22.276582
2026/04/02@04:24:11,10333,22.447134
2026/04/02@04:24:12,10334,22.598882
2026/04/02@04:24:13,10335,22.727412
2026/04/02@04:24:14,10336,22.926524
2026/04/02@04:24:15,10337,23.035006
2026/04/02@04:24:16,10338,23.234112
2026/04/02@04:24:17,10339,23.3675
2026/04/02@04:24:18,10340,23.5232
2026/04/02@04:24:19,10341,23.713172
2026/04/02@04:24:20,10342,23.870248
2026/04/02@04:24:21,10343,23.873486
2026/04/02@04:24:23,10345,24.111416
2026/04/02@04:24:24,10346,24.349834
2026/04/02@04:24:25,10347,24.4963568
2026/04/02@04:24:26,10348,24.700176
2026/04/02@04:24:27,10349,24.89937
2026/04/02@04:24:28,10350,25.067032
2026/04/02@04:24:29,10351,25.194696
2026/04/02@04:24:30,10352,25.3748144
2026/04/02@04:24:31,10353,25.525512
2026/04/02@04:24:32,10354,25.71212
2026/04/02@04:24:33,10355,25.882856
2026/04/02@04:24:34,10356,26.082006
2026/04/02@04:24:36,10358,26.19544
2026/04/02@04:24:37,10359,26.341846
2026/04/02@04:24:38,10360,26.555802
2026/04/02@04:24:39,10361,26.736806
2026/04/02@04:24:40,10362,26.86432
2026/04/02@04:24:41,10363,27.054272
2026/04/02@04:24:42,10364,27.167012
2026/04/02@04:24:43,10365,27.457012
2026/04/02@04:24:44,10366,27.575458
2026/04/02@04:24:45,10367,27.799326
2026/04/02@04:24:46,10368,27.950362
2026/04/02@04:24:47,10369,28.026452
2026/04/02@04:24:49,10371,28.349878
2026/04/02@04:24:50,10372,28.45413
2026/04/02@04:24:51,10373,28.615708
2026/04/02@04:24:52,10374,28.841914
2026/04/02@04:24:53,10375,29.036142
2026/04/02@04:24:54,10376,29.222114
2026/04/02@04:24:55,10377,29.40271
2026/04/02@04:24:56,10378,29.51458
2026/04/02@04:24:57,10379,29.767744
2026/04/02@04:24:58,10380,29.914892
2026/04/02@04:24:59,10381,30.09838
2026/04/02@04:25:00,10382,30.246066
2026/04/02@04:25:02,10384,30.425684
2026/04/02@04:25:03,10385,30.57286
2026/04/02@04:25:04,10386,30.738776
2026/04/02@04:25:05,10387,30.933296
2026/04/02@04:25:06,10388,31.223496
2026/04/02@04:25:07,10389,31.31729
2026/04/02@04:25:08,10390,31.55537
2026/04/02@04:25:09,10391,31.797836
2026/04/02@04:25:10,10392,31.915566
2026/04/02@04:25:11,10393,32.066864
2026/04/02@04:25:12,10394,32.29986
2026/04/02@04:25:13,10395,32.44224
2026/04/02@04:25:15,10397,32.608692
2026/04/02@04:25:16,10398,32.883804
2026/04/02@04:25:17,10399,33.01155
2026/04/02@04:25:18,10400,33.21045
2026/04/02@04:25:19,10401,33.451622
2026/04/02@04:25:20,10402,33.594012
2026/04/02@04:25:21,10403,33.74041
2026/04/02@04:25:22,10404,33.96421
2026/04/02@04:25:23,10405,34.196984
2026/04/02@04:25:24,10406,34.290576
2026/04/02@04:25:25,10407,34.61753
2026/04/02@04:25:26,10408,34.831548
2026/04/02@04:25:28,10410,34.99264
2026/04/02@04:25:29,10411,35.19523
2026/04/02@04:25:30,10412,35.381152
2026/04/02@04:25:31,10413,35.561388
2026/04/02@04:25:32,10414,35.855684
2026/04/02@04:25:33,10415,35.987408
2026/04/02@04:25:34,10416,36.105212
2026/04/02@04:25:35,10417,36.423604
2026/04/02@04:25:36,10418,36.59478
2026/04/02@04:25:37,10419,36.84119
2026/04/02@04:25:38,10420,36.974036
2026/04/02@04:25:39,10421,37.23962
2026/04/02@04:25:41,10423,37.409584
2026/04/02@04:25:42,10424,37.594816
2026/04/02@04:25:43,10425,37.864424
2026/04/02@04:25:44,10426,37.98232
2026/04/02@04:25:45,10427,38.215016
2026/04/02@04:25:46,10428,38.43104
2026/04/02@04:25:47,10429,38.606856
2026/04/02@04:25:48,10430,38.839812
2026/04/02@04:25:49,10431,39.062784
2026/04/02@04:25:50,10432,39.316924
2026/04/02@04:25:51,10433,39.52072
2026/04/02@04:25:52,10434,39.667476
2026/04/02@04:25:54,10436,39.89465
2026/04/02@04:25:55,10437,40.1135136
2026/04/02@04:25:56,10438,40.283624
2026/04/02@04:25:57,10439,40.45328
2026/04/02@04:25:58,10440,40.704064
2026/04/02@04:25:59,10441,40.865664
2026/04/02@04:26:00,10442,41.11047
2026/04/02@04:26:01,10443,41.35316
2026/04/02@04:26:02,10444,41.552568
2026/04/02@04:26:03,10445,41.76535
2026/04/02@04:26:04,10446,42.021828
2026/04/02@04:26:05,10447,42.176212
2026/04/02@04:26:07,10449,42.39472
2026/04/02@04:26:08,10450,42.592216
2026/04/02@04:26:09,10451,42.826944
2026/04/02@04:26:10,10452,43.02
2026/04/02@04:26:11,10453,43.2153
2026/04/02@04:26:12,10454,43.45198
2026/04/02@04:26:13,10455,43.71136
2026/04/02@04:26:14,10456,43.905148
2026/04/02@04:26:15,10457,44.137108
2026/04/02@04:26:16,10458,44.421876
2026/04/02@04:26:17,10459,44.62587
2026/04/02@04:26:18,10460,44.772632
2026/04/02@04:26:20,10461,45.01795
2026/04/02@04:26:21,10463,45.19726
2026/04/02@04:26:22,10464,45.486848
2026/04/02@04:26:23,10465,45.719228
2026/04/02@04:26:24,10466,45.927544
2026/04/02@04:26:25,10467,46.143536
2026/04/02@04:26:26,10468,46.44902
2026/04/02@04:26:27,10469,46.622616
2026/04/02@04:26:28,10470,46.827024
2026/04/02@04:26:29,10471,47.068116
2026/04/02@04:26:30,10472,47.33761
2026/04/02@04:26:31,10473,47.576216
2026/04/02@04:26:32,10474,47.750136
2026/04/02@04:26:34,10476,48.019736
2026/04/02@04:26:35,10477,48.17522
2026/04/02@04:26:36,10478,48.460052
2026/04/02@04:26:37,10479,48.763208
2026/04/02@04:26:38,10480,48.943824
2026/04/02@04:26:39,10481,49.187844
2026/04/02@04:26:40,10482,49.407336
2026/04/02@04:26:41,10483,49.671424
2026/04/02@04:26:42,10484,49.850304
2026/04/02@04:26:43,10485,50.096736
2026/04/02@04:26:44,10486,50.371076
2026/04/02@04:26:45,10487,50.54731
2026/04/02@04:26:47,10489,50.893936
2026/04/02@04:26:48,10490,51.125956
2026/04/02@04:26:49,10491,51.31534
2026/04/02@04:26:50,10492,51.512724
2026/04/02@04:26:51,10493,51.87155
2026/04/02@04:26:52,10494,52.01
2026/04/02@04:26:53,10495,52.31057
2026/04/02@04:26:54,10496,52.48281
2026/04/02@04:26:55,10497,52.65049
2026/04/02@04:26:56,10498,52.994084
2026/04/02@04:26:57,10499,53.216396
2026/04/02@04:26:58,10500,53.523264
2026/04/02@04:27:00,10502,53.830864
2026/04/02@04:27:01,10503,54.04236
2026/04/02@04:27:02,10504,54.221892
2026/04/02@04:27:03,10505,54.523804
2026/04/02@04:27:04,10506,54.66122
2026/04/02@04:27:05,10507,55.006028
2026/04/02@04:27:06,10508,55.2026
2026/04/02@04:27:07,10509,55.505296
2026/04/02@04:27:08,10510,55.700584
2026/04/02@04:27:09,10511,55.981308
2026/04/02@04:27:10,10512,56.30452
2026/04/02@04:27:11,10513,56.53082
2026/04/02@04:27:13,10515,56.710036
2026/04/02@04:27:14,10516,56.999744
2026/04/02@04:27:15,10517,57.27795
2026/04/02@04:27:16,10518,57.42707
2026/04/02@04:27:17,10519,57.609788
2026/04/02@04:27:18,10520,57.986504
2026/04/02@04:27:19,10521,58.2888
2026/04/02@04:27:20,10522,58.509228
2026/04/02@04:27:21,10523,58.879764
2026/04/02@04:27:22,10524,59.005376
2026/04/02@04:27:23,10525,59.346136
2026/04/02@04:27:24,10526,59.558056
2026/04/02@04:27:26,10528,59.836564
2026/04/02@04:27:27,10529,60.03524
2026/04/02@04:27:28,10530,60.36492
2026/04/02@04:27:29,10531,60.66416
2026/04/02@04:27:30,10532,60.793544
2026/04/02@04:27:31,10533,61.092384
2026/04/02@04:27:32,10534,61.313456
2026/04/02@04:27:33,10535,61.67097
2026/04/02@04:27:34,10536,61.883276
2026/04/02@04:27:35,10537,62.17779
2026/04/02@04:27:36,10538,62.485312
2026/04/02@04:27:37,10539,62.67116
2026/04/02@04:27:39,10541,62.951768
2026/04/02@04:27:40,10542,63.2991168
2026/04/02@04:27:41,10543,63.51769
2026/04/02@04:27:42,10544,63.779712
2026/04/02@04:27:43,10545,64.056568
2026/04/02@04:27:44,10546,64.16149
2026/04/02@04:27:45,10547,64.51203
2026/04/02@04:27:46,10548,64.82393
2026/04/02@04:27:47,10549,64.97348
2026/04/02@04:27:48,10550,65.36748
2026/04/02@04:27:49,10551,65.66974
2026/04/02@04:27:50,10552,65.89045
2026/04/02@04:27:52,10554,66.23659
2026/04/02@04:27:53,10555,66.48707
2026/04/02@04:27:54,10556,66.81488
2026/04/02@04:27:55,10557,67.02235
2026/04/02@04:27:56,10558,67.32557
2026/04/02@04:27:57,10559,67.57328
2026/04/02@04:27:58,10560,67.8306
2026/04/02@04:27:59,10561,68.17501
2026/04/02@04:28:00,10562,68.49303
2026/04/02@04:28:01,10563,68.76105
2026/04/02@04:28:02,10564,68.99888
2026/04/02@04:28:03,10565,69.31244
2026/04/02@04:28:05,10567,69.53715
2026/04/02@04:28:06,10568,69.90956
2026/04/02@04:28:07,10569,70.03195
2026/04/02@04:28:08,10570,70.39618
2026/04/02@04:28:09,10571,70.6764
2026/04/02@04:28:10,10572,70.99706
2026/04/02@04:28:11,10573,71.2935
2026/04/02@04:28:12,10574,71.58465
2026/04/02@04:28:13,10575,71.78369
2026/04/02@04:28:14,10576,72.03073
2026/04/02@04:28:15,10577,72.33362
2026/04/02@04:28:16,10578,72.69688
2026/04/02@04:28:18,10579,72.91416
2026/04/02@04:28:19,10581,73.21174
2026/04/02@04:28:20,10582,73.53921
2026/04/02@04:28:21,10583,73.836784
2026/04/02@04:28:22,10584,74.00217
2026/04/02@04:28:23,10585,74.34681
2026/04/02@04:28:24,10586,74.6393
2026/04/02@04:28:25,10587,74.88906
2026/04/02@04:28:26,10588,75.21759
2026/04/02@04:28:27,10589,75.52287
2026/04/02@04:28:28,10590,75.80776
2026/04/02@04:28:29,10591,76.11966
2026/04/02@04:28:30,10592,76.39449
2026/04/02@04:28:32,10594,76.6056
2026/04/02@04:28:33,10595,76.86435
2026/04/02@04:28:34,10596,77.20373
2026/04/02@04:28:35,10597,77.586532
2026/04/02@04:28:36,10598,77.84038
2026/04/02@04:28:37,10599,78.02969
2026/04/02@04:28:38,10600,78.43656
2026/04/02@04:28:39,10601,78.725368
2026/04/02@04:28:40,10602,78.978168
2026/04/02@04:28:41,10603,79.30494
2026/04/02@04:28:42,10604,79.59672
2026/04/02@04:28:43,10605,79.853512
2026/04/02@04:28:45,10607,80.1627968
2026/04/02@04:28:46,10608,80.47608
2026/04/02@04:28:47,10609,80.76284
2026/04/02@04:28:48,10610,81.09038
2026/04/02@04:28:49,10611,81.34821
2026/04/02@04:28:50,10612,81.62409
2026/04/02@04:28:51,10613,81.92815
2026/04/02@04:28:52,10614,82.22095
2026/04/02@04:28:53,10615,82.51674
2026/04/02@04:28:54,10616,82.762408
2026/04/02@04:28:55,10617,83.096216
2026/04/02@04:28:56,10618,83.47865
2026/04/02@04:28:58,10620,83.72935
2026/04/02@04:28:59,10621,83.94396
2026/04/02@04:29:00,10622,84.34561
2026/04/02@04:29:01,10623,84.64149
2026/04/02@04:29:02,10624,84.88024
2026/04/02@04:29:03,10625,85.295748
2026/04/02@04:29:04,10626,85.6205
2026/04/02@04:29:05,10627,85.89502
2026/04/02@04:29:06,10628,86.21109
2026/04/02@04:29:07,10629,86.3936
2026/04/02@04:29:08,10630,86.785616
2026/04/02@04:29:09,10631,87.10055
2026/04/02@04:29:11,10633,87.43169
2026/04/02@04:29:12,10634,87.7507
2026/04/02@04:29:13,10635,88.22147
2026/04/02@04:29:14,10636,88.2757
2026/04/02@04:29:15,10637,88.64209
2026/04/02@04:29:16,10638,88.8717
2026/04/02@04:29:17,10639,89.28297
2026/04/02@04:29:18,10640,89.541852
2026/04/02@04:29:19,10641,89.884832
2026/04/02@04:29:20,10642,90.23834
2026/04/02@04:29:21,10643,90.452732
2026/04/02@04:29:22,10644,90.86004
2026/04/02@04:29:23,10645,91.01816
2026/04/02@04:29:25,10647,91.439024
2026/04/02@04:29:26,10648,91.74526
2026/04/02@04:29:27,10649,91.9274
2026/04/02@04:29:28,10650,92.3241968
2026/04/02@04:29:29,10651,92.750268
2026/04/02@04:29:30,10652,92.97136
2026/04/02@04:29:31,10653,93.37996
2026/04/02@04:29:32,10654,93.61123
2026/04/02@04:29:33,10655,93.98972
2026/04/02@04:29:34,10656,94.33548
2026/04/02@04:29:35,10657,94.662608
2026/04/02@04:29:37,10658,94.87479
2026/04/02@04:29:38,10660,95.32471
2026/04/02@04:29:39,10661,95.80891
2026/04/02@04:29:40,10662,95.96111
2026/04/02@04:29:41,10663,96.20587
2026/04/02@04:29:42,10664,96.54377
2026/04/02@04:29:43,10665,96.872732
2026/04/02@04:29:44,10666,97.16765
2026/04/02@04:29:45,10667,97.5872064
2026/04/02@04:29:46,10668,97.88415
2026/04/02@04:29:47,10669,98.14355
2026/04/02@04:29:48,10670,98.62765
2026/04/02@04:29:49,10671,98.88752
2026/04/02@04:29:51,10673,99.17637
2026/04/02@04:29:52,10674,99.54541
2026/04/02@04:29:53,10675,99.87037
2026/04/02@04:29:54,10676,100.207144
2026/04/02@04:29:55,10677,100.46724
2026/04/02@04:29:56,10678,100.8357
2026/04/02@04:29:57,10679,101.11697
2026/04/02@04:29:58,10680,101.51614
2026/04/02@04:29:59,10681,101.791336
2026/04/02@04:30:00,10682,102.120668
2026/04/02@04:30:01,10683,102.56001
2026/04/02@04:30:02,10684,102.92769
2026/04/02@04:30:04,10686,103.21121
2026/04/02@04:30:05,10687,103.52462
2026/04/02@04:30:06,10688,103.8894
2026/04/02@04:30:07,10689,104.198424
2026/04/02@04:30:08,10690,104.66731
2026/04/02@04:30:09,10691,104.89824
2026/04/02@04:30:10,10692,105.14346
2026/04/02@04:30:11,10693,105.58026
2026/04/02@04:30:12,10694,105.85373
2026/04/02@04:30:13,10695,106.2249
2026/04/02@04:30:14,10696,106.63453
2026/04/02@04:30:15,10697,106.912284
2026/04/02@04:30:17,10699,107.38422
2026/04/02@04:30:18,10700,107.57276
2026/04/02@04:30:19,10701,108.035616
2026/04/02@04:30:20,10702,108.36752
2026/04/02@04:30:21,10703,108.72502
2026/04/02@04:30:22,10704,108.949816
2026/04/02@04:30:23,10705,109.42206
2026/04/02@04:30:24,10706,109.71443
2026/04/02@04:30:25,10707,110.069376
2026/04/02@04:30:26,10708,110.373052
2026/04/02@04:30:27,10709,110.695112
2026/04/02@04:30:28,10710,110.95937
2026/04/02@04:30:30,10712,111.47481
2026/04/02@04:30:31,10713,111.822016
2026/04/02@04:30:32,10714,112.15743
2026/04/02@04:30:33,10715,112.59256
2026/04/02@04:30:34,10716,112.85672
2026/04/02@04:30:35,10717,113.29033
2026/04/02@04:30:36,10718,113.506584
2026/04/02@04:30:37,10719,113.93154
2026/04/02@04:30:38,10720,114.3428
2026/04/02@04:30:39,10721,114.69571
2026/04/02@04:30:40,10722,115.07178
2026/04/02@04:30:42,10723,115.39446
2026/04/02@04:30:43,10725,115.65119
2026/04/02@04:30:44,10726,116.03498
2026/04/02@04:30:45,10727,116.4644
2026/04/02@04:30:46,10728,116.80004
2026/04/02@04:30:47,10729,117.13856
2026/04/02@04:30:48,10730,117.43363
2026/04/02@04:30:49,10731,117.88027
2026/04/02@04:30:50,10732,118.20701
2026/04/02@04:30:51,10733,118.50013
2026/04/02@04:30:52,10734,118.897992
2026/04/02@04:30:53,10735,119.27458
2026/04/02@04:30:55,10737,119.47712
2026/04/02@04:30:56,10738,119.94933
2026/04/02@04:30:57,10739,120.28047
2026/04/02@04:30:58,10740,120.636892
2026/04/02@04:30:59,10741,120.96046
2026/04/02@04:31:00,10742,121.395192
2026/04/02@04:31:01,10743,121.78469
2026/04/02@04:31:02,10744,122.10332
2026/04/02@04:31:03,10745,122.36899
2026/04/02@04:31:04,10746,122.706696
2026/04/02@04:31:05,10747,123.17327
2026/04/02@04:31:06,10748,123.461108
2026/04/02@04:31:08,10750,123.99592
2026/04/02@04:31:09,10751,124.34856
2026/04/02@04:31:10,10752,124.648132
2026/04/02@04:31:11,10753,125.015976
2026/04/02@04:31:12,10754,125.34475
2026/04/02@04:31:13,10755,125.7961
2026/04/02@04:31:14,10756,126.14211
2026/04/02@04:31:15,10757,126.47125
2026/04/02@04:31:16,10758,126.8439
2026/04/02@04:31:17,10759,127.1778
2026/04/02@04:31:18,10760,127.65281
2026/04/02@04:31:19,10761,127.99131
2026/04/02@04:31:21,10763,128.40122
2026/04/02@04:31:22,10764,128.67626
2026/04/02@04:31:23,10765,129.23826
2026/04/02@04:31:24,10766,129.46048
2026/04/02@04:31:25,10767,129.86821
2026/04/02@04:31:26,10768,130.21776
2026/04/02@04:31:27,10769,130.6095
2026/04/02@04:31:28,10770,131.05668
2026/04/02@04:31:29,10771,131.42653
2026/04/02@04:31:30,10772,131.8882
2026/04/02@04:31:31,10773,132.17406
2026/04/02@04:31:32,10774,132.50093
2026/04/02@04:31:34,10776,132.90756
2026/04/02@04:31:35,10777,133.34131
2026/04/02@04:31:36,10778,133.6652
2026/04/02@04:31:37,10779,134.0854
2026/04/02@04:31:38,10780,134.40728
2026/04/02@04:31:39,10781,134.82199
2026/04/02@04:31:40,10782,135.09284
2026/04/02@04:31:41,10783,135.62338
2026/04/02@04:31:42,10784,135.9601
2026/04/02@04:31:43,10785,136.28178
2026/04/02@04:31:44,10786,136.70988
2026/04/02@04:31:45,10787,137.1892
2026/04/02@04:31:47,10789,137.44568
2026/04/02@04:31:48,10790,137.95826
2026/04/02@04:31:49,10791,138.26306
2026/04/02@04:31:50,10792,138.68881
2026/04/02@04:31:51,10793,139.08008
2026/04/02@04:31:52,10794,139.4428
2026/04/02@04:31:53,10795,139.82556
2026/04/02@04:31:54,10796,140.22398
2026/04/02@04:31:55,10797,140.70904
2026/04/02@04:31:56,10798,141.0985
2026/04/02@04:31:57,10799,141.38872
2026/04/02@04:31:58,10800,141.8849
2026/04/02@04:32:00,10802,142.1994
2026/04/02@04:32:01,10803,142.61926
2026/04/02@04:32:02,10804,143.05968
2026/04/02@04:32:03,10805,143.65529
2026/04/02@04:32:04,10806,143.84908
2026/04/02@04:32:05,10807,144.19522
2026/04/02@04:32:06,10808,144.66226
2026/04/02@04:32:07,10809,145.05714
2026/04/02@04:32:08,10810,145.51207
2026/04/02@04:32:09,10811,145.89762
2026/04/02@04:32:10,10812,146.25224
2026/04/02@04:32:11,10813,146.61748
2026/04/02@04:32:13,10815,147.0921
2026/04/02@04:32:14,10816,147.52057
2026/04/02@04:32:15,10817,147.9104
2026/04/02@04:32:16,10818,148.32373
2026/04/02@04:32:17,10819,148.73824
2026/04/02@04:32:18,10820,149.09738
2026/04/02@04:32:19,10821,149.41918
2026/04/02@04:32:20,10822,150.19162
2026/04/02@04:32:21,10823,150.32804
2026/04/02@04:32:22,10824,150.78262
2026/04/02@04:32:23,10825,151.16364
2026/04/02@04:32:24,10826,151.663
2026/04/02@04:32:26,10828,152.02165
2026/04/02@04:32:27,10829,152.45236
2026/04/02@04:32:28,10830,152.82312
2026/04/02@04:32:29,10831,153.21262
2026/04/02@04:32:30,10832,153.61004
2026/04/02@04:32:31,10833,153.96077
2026/04/02@04:32:32,10834,154.41238
2026/04/02@04:32:33,10835,154.84586
2026/04/02@04:32:34,10836,155.45186
2026/04/02@04:32:35,10837,155.73792
2026/04/02@04:32:36,10838,156.20088
2026/04/02@04:32:37,10839,156.5961
2026/04/02@04:32:39,10841,157.05046
2026/04/02@04:32:40,10842,157.40458
2026/04/02@04:32:41,10843,158.05771
2026/04/02@04:32:42,10844,158.24278
2026/04/02@04:32:43,10845,158.57026
2026/04/02@04:32:44,10846,159.12342
2026/04/02@04:32:45,10847,159.45164
2026/04/02@04:32:46,10848,159.99666
2026/04/02@04:32:47,10849,160.33264
2026/04/02@04:32:48,10850,160.84659
2026/04/02@04:32:49,10851,161.18138
2026/04/02@04:32:50,10852,161.65196
2026/04/02@04:32:52,10854,162.00544
2026/04/02@04:32:53,10855,162.39058
2026/04/02@04:32:54,10856,162.88954
2026/04/02@04:32:55,10857,163.32664
2026/04/02@04:32:56,10858,163.68018
2026/04/02@04:32:57,10859,164.28176
2026/04/02@04:32:58,10860,164.75664
2026/04/02@04:32:59,10861,165.01602
2026/04/02@04:33:00,10862,165.61125
2026/04/02@04:33:01,10863,165.82959
2026/04/02@04:33:02,10864,166.26567
2026/04/02@04:33:03,10865,166.6367
2026/04/02@04:33:05,10867,167.10866
2026/04/02@04:33:06,10868,167.55726
2026/04/02@04:33:07,10869,167.95412
2026/04/02@04:33:08,10870,168.387384
2026/04/02@04:33:09,10871,168.88674
2026/04/02@04:33:10,10872,169.37105
2026/04/02@04:33:11,10873,169.78204
2026/04/02@04:33:12,10874,170.17326
2026/04/02@04:33:13,10875,170.64308
2026/04/02@04:33:14,10876,171.06422
2026/04/02@04:33:15,10877,171.51358
2026/04/02@04:33:16,10878,172.11968
2026/04/02@04:33:18,10880,172.445184
2026/04/02@04:33:19,10881,172.85414
2026/04/02@04:33:20,10882,173.42558
2026/04/02@04:33:21,10883,173.70786
2026/04/02@04:33:22,10884,174.09876
2026/04/02@04:33:23,10885,174.75598
2026/04/02@04:33:24,10886,175.04868
2026/04/02@04:33:25,10887,175.47086
2026/04/02@04:33:26,10888,176.07722
2026/04/02@04:33:27,10889,176.35152
2026/04/02@04:33:28,10890,176.9718
2026/04/02@04:33:30,10891,177.19316
2026/04/02@04:33:31,10893,177.563108
2026/04/02@04:33:32,10894,178.08838
2026/04/02@04:33:33,10895,178.49046
2026/04/02@04:33:34,10896,179.00426
2026/04/02@04:33:35,10897,179.49256
2026/04/02@04:33:36,10898,179.95418
2026/04/02@04:33:37,10899,180.39236
2026/04/02@04:33:38,10900,180.93884
2026/04/02@04:33:39,10901,181.3054
2026/04/02@04:33:40,10902,181.700468
2026/04/02@04:33:41,10903,182.18508
2026/04/02@04:33:43,10904,182.6697
2026/04/02@04:33:44,10906,183.07508
2026/04/02@04:33:45,10907,183.627024
2026/04/02@04:33:46,10908,184.074684
2026/04/02@04:33:47,10909,184.47382
2026/04/02@04:33:48,10910,185.046116
2026/04/02@04:33:49,10911,185.39474
2026/04/02@04:33:50,10912,185.84094
2026/04/02@04:33:51,10913,186.30586
2026/04/02@04:33:52,10914,186.80792
2026/04/02@04:33:53,10915,187.13782
2026/04/02@04:33:54,10916,187.70032
2026/04/02@04:33:56,10917,188.314268
2026/04/02@04:33:57,10919,188.53446
2026/04/02@04:33:58,10920,189.25286
2026/04/02@04:33:59,10921,189.622852
2026/04/02@04:34:00,10922,190.061252
2026/04/02@04:34:01,10923,190.5675
2026/04/02@04:34:02,10924,191.07178
2026/04/02@04:34:03,10925,191.451952
2026/04/02@04:34:04,10926,191.94142
2026/04/02@04:34:05,10927,192.503884
2026/04/02@04:34:06,10928,193.08574
2026/04/02@04:34:07,10929,193.48324
2026/04/02@04:34:09,10931,193.915968
2026/04/02@04:34:10,10932,194.41748
2026/04/02@04:34:11,10933,194.788852
2026/04/02@04:34:12,10934,195.31054
2026/04/02@04:34:13,10935,195.71096
2026/04/02@04:34:14,10936,196.293668
2026/04/02@04:34:15,10937,196.83742
2026/04/02@04:34:16,10938,197.187
2026/04/02@04:34:17,10939,197.83922
2026/04/02@04:34:18,10940,198.25668
2026/04/02@04:34:19,10941,198.74958
2026/04/02@04:34:20,10942,199.13016
2026/04/02@04:34:22,10944,199.68358
2026/04/02@04:34:23,10945,200.22726
2026/04/02@04:34:24,10946,200.79176
2026/04/02@04:34:25,10947,201.22836
2026/04/02@04:34:26,10948,201.73578
2026/04/02@04:34:27,10949,202.234652
2026/04/02@04:34:28,10950,202.733168
2026/04/02@04:34:29,10951,203.18176
2026/04/02@04:34:30,10952,203.66662
2026/04/02@04:34:31,10953,204.05008
2026/04/02@04:34:32,10954,204.63058
2026/04/02@04:34:33,10955,205.17188
2026/04/02@04:34:35,10957,205.53916
2026/04/02@04:34:36,10958,205.94074
2026/04/02@04:34:37,10959,206.48918
2026/04/02@04:34:38,10960,206.945568
2026/04/02@04:34:39,10961,207.45108
2026/04/02@04:34:40,10962,208.042192
2026/04/02@04:34:41,10963,208.341052
2026/04/02@04:34:42,10964,208.92488
2026/04/02@04:34:43,10965,209.469852
2026/04/02@04:34:44,10966,209.933552
2026/04/02@04:34:45,10967,210.42
2026/04/02@04:34:46,10968,210.822892
2026/04/02@04:34:48,10970,211.333652
2026/04/02@04:34:49,10971,211.838932
2026/04/02@04:34:50,10972,212.31558
2026/04/02@04:34:51,10973,212.85102
2026/04/02@04:34:52,10974,213.29144
2026/04/02@04:34:53,10975,213.84056
2026/04/02@04:34:54,10976,214.289108
2026/04/02@04:34:55,10977,214.76958
2026/04/02@04:34:56,10978,215.456132
2026/04/02@04:34:57,10979,215.632236
2026/04/02@04:34:58,10980,216.3137
2026/04/02@04:34:59,10981,216.73284
2026/04/02@04:35:01,10983,217.174732
2026/04/02@04:35:02,10984,217.65414
2026/04/02@04:35:03,10985,218.304616
2026/04/02@04:35:04,10986,218.58508
2026/04/02@04:35:05,10987,219.139452
2026/04/02@04:35:06,10988,219.58392
2026/04/02@04:35:07,10989,220.1223
2026/04/02@04:35:08,10990,220.73144
2026/04/02@04:35:09,10991,221.04102
2026/04/02@04:35:10,10992,221.62494
2026/04/02@04:35:11,10993,222.0828
2026/04/02@04:35:12,10994,222.71942
2026/04/02@04:35:14,10996,223.05584
2026/04/02@04:35:15,10997,223.54082
2026/04/02@04:35:16,10998,224.02289
2026/04/02@04:35:17,10999,224.470492
2026/04/02@04:35:18,11000,224.93518
2026/04/02@04:35:19,11001,225.30764
2026/04/02@04:35:20,11002,226.01002
2026/04/02@04:35:21,11003,226.4258
2026/04/02@04:35:22,11004,226.86812
2026/04/02@04:35:23,11005,227.46302
2026/04/02@04:35:24,11006,227.92124
2026/04/02@04:35:25,11007,228.46708
2026/04/02@04:35:27,11009,228.952652
2026/04/02@04:35:28,11010,229.40412
2026/04/02@04:35:29,11011,229.9525
2026/04/02@04:35:30,11012,230.3051
2026/04/02@04:35:31,11013,231.01724
2026/04/02@04:35:32,11014,231.48572
2026/04/02@04:35:33,11015,231.93496
2026/04/02@04:35:34,11016,232.631268
2026/04/02@04:35:35,11017,232.94164
2026/04/02@04:35:36,11018,233.65722
2026/04/02@04:35:37,11019,233.821984
2026/04/02@04:35:39,11021,234.48324
2026/04/02@04:35:40,11022,234.889568
2026/04/02@04:35:41,11023,235.369484
2026/04/02@04:35:42,11024,235.96328
2026/04/02@04:35:43,11025,236.468624
2026/04/02@04:35:44,11026,236.87238
2026/04/02@04:35:45,11027,237.38814
2026/04/02@04:35:46,11028,237.885968
2026/04/02@04:35:47,11029,238.437852
2026/04/02@04:35:48,11030,238.82632
2026/04/02@04:35:49,11031,239.27272
2026/04/02@04:35:50,11032,240.01328
2026/04/02@04:35:52,11034,240.302224
2026/04/02@04:35:53,11035,240.92062
2026/04/02@04:35:54,11036,241.4214
2026/04/02@04:35:55,11037,241.93256
2026/04/02@04:35:56,11038,242.439792
2026/04/02@04:35:57,11039,242.846832
2026/04/02@04:35:58,11040,243.391252
2026/04/02@04:35:59,11041,243.8145
2026/04/02@04:36:00,11042,244.424732
2026/04/02@04:36:01,11043,244.83738
2026/04/02@04:36:02,11044,245.49654
2026/04/02@04:36:03,11045,245.82992
2026/04/02@04:36:05,11047,246.4575
2026/04/02@04:36:06,11048,247.13296
2026/04/02@04:36:07,11049,247.391968
2026/04/02@04:36:08,11050,248.103668
2026/04/02@04:36:09,11051,248.40562
2026/04/02@04:36:10,11052,249.059376
2026/04/02@04:36:11,11053,249.49974
2026/04/02@04:36:12,11054,250.09124
2026/04/02@04:36:13,11055,250.603732
2026/04/02@04:36:14,11056,251.25724
2026/04/02@04:36:15,11057,251.634492
2026/04/02@04:36:16,11058,252.29328
2026/04/02@04:36:18,11060,252.49432
2026/04/02@04:36:19,11061,253.2703
2026/04/02@04:36:20,11062,253.68668
2026/04/02@04:36:21,11063,254.11812
2026/04/02@04:36:22,11064,254.80252
2026/04/02@04:36:23,11065,255.23562
2026/04/02@04:36:24,11066,255.80294
2026/04/02@04:36:25,11067,256.25656
2026/04/02@04:36:26,11068,256.83276
2026/04/02@04:36:27,11069,257.4083
2026/04/02@04:36:28,11070,257.95456
2026/04/02@04:36:29,11071,258.5082
2026/04/02@04:36:31,11073,259.10312
2026/04/02@04:36:32,11074,259.636
2026/04/02@04:36:33,11075,260.11436
2026/04/02@04:36:34,11076,260.71954
2026/04/02@04:36:35,11077,261.23126
2026/04/02@04:36:36,11078,261.63372
2026/04/02@04:36:37,11079,262.22724
2026/04/02@04:36:38,11080,262.60046
2026/04/02@04:36:39,11081,263.21408
2026/04/02@04:36:40,11082,263.83916
2026/04/02@04:36:41,11083,264.37732
2026/04/02@04:36:42,11084,264.81496
2026/04/02@04:36:44,11086,265.4124
2026/04/02@04:36:45,11087,265.85424
2026/04/02@04:36:46,11088,266.4785
2026/04/02@04:36:47,11089,267.06896
2026/04/02@04:36:48,11090,267.5898
2026/04/02@04:36:49,11091,268.12454
2026/04/02@04:36:50,11092,268.59738
2026/04/02@04:36:51,11093,269.05704
2026/04/02@04:36:52,11094,269.6342
2026/04/02@04:36:53,11095,270.1897
2026/04/02@04:36:54,11096,270.58988
2026/04/02@04:36:55,11097,271.1268
2026/04/02@04:36:57,11099,271.74984
2026/04/02@04:36:58,11100,272.1798
2026/04/02@04:36:59,11101,272.90726
2026/04/02@04:37:00,11102,273.35822
2026/04/02@04:37:01,11103,273.89516
2026/04/02@04:37:02,11104,274.45776
2026/04/02@04:37:03,11105,275.03632
2026/04/02@04:37:04,11106,275.64524
2026/04/02@04:37:05,11107,276.1565
2026/04/02@04:37:06,11108,276.63266
2026/04/02@04:37:07,11109,277.37698
2026/04/02@04:37:08,11110,278.02158
2026/04/02@04:37:10,11112,278.35098
2026/04/02@04:37:11,11113,278.88844
2026/04/02@04:37:12,11114,279.364
2026/04/02@04:37:13,11115,279.87388
2026/04/02@04:37:14,11116,280.56952
2026/04/02@04:37:15,11117,281.02612
2026/04/02@04:37:16,11118,281.66552
2026/04/02@04:37:17,11119,282.1758
2026/04/02@04:37:18,11120,282.6514
2026/04/02@04:37:19,11121,283.18096
2026/04/02@04:37:20,11122,283.75364
2026/04/02@04:37:21,11123,284.27164
2026/04/02@04:37:23,11125,284.8456
2026/04/02@04:37:24,11126,285.3663
2026/04/02@04:37:25,11127,285.91396
2026/04/02@04:37:26,11128,286.40012
2026/04/02@04:37:27,11129,286.97424
2026/04/02@04:37:28,11130,287.60676
2026/04/02@04:37:29,11131,288.19308
2026/04/02@04:37:30,11132,288.89924
2026/04/02@04:37:31,11133,289.2584
2026/04/02@04:37:32,11134,289.91296
2026/04/02@04:37:33,11135,290.34134
2026/04/02@04:37:34,11136,291.06572
2026/04/02@04:37:36,11138,291.71262
2026/04/02@04:37:37,11139,292.1035
2026/04/02@04:37:38,11140,292.60446
2026/04/02@04:37:39,11141,293.21456
2026/04/02@04:37:40,11142,293.74768
2026/04/02@04:37:41,11143,294.32654
2026/04/02@04:37:42,11144,295.0254
2026/04/02@04:37:43,11145,295.57692
2026/04/02@04:37:44,11146,296.0542
2026/04/02@04:37:45,11147,296.71752
2026/04/02@04:37:46,11148,297.22086
2026/04/02@04:37:47,11149,297.84198
2026/04/02@04:37:49,11151,298.3883
2026/04/02@04:37:50,11152,298.90364
2026/04/02@04:37:51,11153,299.45276
2026/04/02@04:37:52,11154,299.92424
2026/04/02@04:37:53,11155,300.64588
2026/04/02@04:37:54,11156,301.20908
2026/04/02@04:37:55,11157,301.71496
2026/04/02@04:37:56,11158,302.52444
2026/04/02@04:37:57,11159,302.776
2026/04/02@04:37:58,11160,303.453
2026/04/02@04:37:59,11161,303.99488
2026/04/02@04:38:00,11162,304.52106
2026/04/02@04:38:02,11164,305.14888
2026/04/02@04:38:03,11165,305.6632
2026/04/02@04:38:04,11166,306.33764
2026/04/02@04:38:05,11167,306.7333
2026/04/02@04:38:06,11168,307.41364
2026/04/02@04:38:07,11169,307.89526
2026/04/02@04:38:08,11170,308.4168
2026/04/02@04:38:09,11171,308.99352
2026/04/02@04:38:10,11172,309.85516
2026/04/02@04:38:11,11173,310.17204
2026/04/02@04:38:12,11174,310.66924
2026/04/02@04:38:13,11175,311.29768
2026/04/02@04:38:15,11177,312.05604
2026/04/02@04:38:16,11178,312.45076
2026/04/02@04:38:17,11179,313.06122
2026/04/02@04:38:18,11180,313.59912
2026/04/02@04:38:19,11181,314.221
2026/04/02@04:38:20,11182,314.85468
2026/04/02@04:38:21,11183,315.32476
2026/04/02@04:38:22,11184,316.09168
2026/04/02@04:38:23,11185,316.67664
2026/04/02@04:38:24,11186,317.09496
2026/04/02@04:38:25,11187,317.80194
2026/04/02@04:38:26,11188,318.41058
2026/04/02@04:38:28,11190,318.73996
2026/04/02@04:38:29,11191,319.3774
2026/04/02@04:38:30,11192,320.01656
2026/04/02@04:38:31,11193,320.61116
2026/04/02@04:38:32,11194,321.10244
2026/04/02@04:38:33,11195,321.6433
2026/04/02@04:38:34,11196,322.31416
2026/04/02@04:38:35,11197,322.91306
2026/04/02@04:38:36,11198,323.59176
2026/04/02@04:38:37,11199,323.99764
2026/04/02@04:38:38,11200,324.68824
2026/04/02@04:38:39,11201,325.29908
2026/04/02@04:38:41,11203,325.94224
2026/04/02@04:38:42,11204,326.4548
2026/04/02@04:38:43,11205,327.05104
2026/04/02@04:38:44,11206,327.76294
2026/04/02@04:38:45,11207,328.23874
2026/04/02@04:38:46,11208,328.95276
2026/04/02@04:38:47,11209,329.80804
2026/04/02@04:38:48,11210,330.15704
2026/04/02@04:38:49,11211,330.97584
2026/04/02@04:38:50,11212,331.36954
2026/04/02@04:38:51,11213,332.02466
2026/04/02@04:38:52,11214,332.70688
2026/04/02@04:38:54,11216,333.3389
2026/04/02@04:38:55,11217,333.8605
2026/04/02@04:38:56,11218,334.4106
2026/04/02@04:38:57,11219,335.01632
2026/04/02@04:38:58,11220,335.61244
2026/04/02@04:38:59,11221,336.2073
2026/04/02@04:39:00,11222,336.75284
2026/04/02@04:39:01,11223,337.29476
2026/04/02@04:39:02,11224,337.926936
2026/04/02@04:39:03,11225,338.50236
2026/04/02@04:39:04,11226,339.2252
2026/04/02@04:39:05,11227,339.65616
2026/04/02@04:39:07,11229,340.28344
2026/04/02@04:39:08,11230,340.879584
2026/04/02@04:39:09,11231,341.50256
2026/04/02@04:39:10,11232,342.16824
2026/04/02@04:39:11,11233,342.684032
2026/04/02@04:39:12,11234,343.25924
2026/04/02@04:39:13,11235,343.92092
2026/04/02@04:39:14,11236,344.64352
2026/04/02@04:39:15,11237,345.04156
2026/04/02@04:39:16,11238,345.64132
2026/04/02@04:39:17,11239,346.25772
2026/04/02@04:39:18,11240,346.85096
2026/04/02@04:39:20,11242,347.5057
2026/04/02@04:39:21,11243,348.138584
2026/04/02@04:39:22,11244,348.676936
2026/04/02@04:39:23,11245,349.48964
2026/04/02@04:39:24,11246,349.94896
2026/04/02@04:39:25,11247,350.5018
2026/04/02@04:39:26,11248,351.1501
2026/04/02@04:39:27,11249,352.0015
2026/04/02@04:39:28,11250,352.355
2026/04/02@04:39:29,11251,352.97784
2026/04/02@04:39:30,11252,353.61688
2026/04/02@04:39:31,11253,354.309
2026/04/02@04:39:33,11255,354.61704
2026/04/02@04:39:34,11256,355.29908
2026/04/02@04:39:35,11257,355.94044
2026/04/02@04:39:36,11258,356.55556
2026/04/02@04:39:37,11259,357.19202
2026/04/02@04:39:38,11260,357.7384
2026/04/02@04:39:39,11261,358.35016
2026/04/02@04:39:40,11262,358.956936
2026/04/02@04:39:41,11263,359.587968
2026/04/02@04:39:42,11264,360.1842
2026/04/02@04:39:43,11265,360.7759
2026/04/02@04:39:44,11266,361.338268
2026/04/02@04:39:45,11267,362.06288
2026/04/02@04:39:47,11269,362.6743
2026/04/02@04:39:48,11270,363.2701
2026/04/02@04:39:49,11271,363.8174
2026/04/02@04:39:50,11272,364.58624
2026/04/02@04:39:51,11273,365.094168
2026/04/02@04:39:52,11274,365.84296
2026/04/02@04:39:53,11275,366.63904
2026/04/02@04:39:54,11276,367.0399
2026/04/02@04:39:55,11277,367.600984
2026/04/02@04:39:56,11278,368.23844
2026/04/02@04:39:57,11279,368.91436
2026/04/02@04:39:58,11280,369.45408
2026/04/02@04:40:00,11282,369.935168
2026/04/02@04:40:01,11283,370.60084
2026/04/02@04:40:02,11284,371.133416
2026/04/02@04:40:03,11285,371.7579
2026/04/02@04:40:04,11286,372.26352
2026/04/02@04:40:05,11287,372.98008
2026/04/02@04:40:06,11288,373.59804
2026/04/02@04:40:07,11289,374.14672
2026/04/02@04:40:08,11290,374.804668
2026/04/02@04:40:09,11291,375.38876
2026/04/02@04:40:10,11292,376.15692
2026/04/02@04:40:11,11293,376.5607
2026/04/02@04:40:13,11295,377.115136
2026/04/02@04:40:14,11296,377.89092
2026/04/02@04:40:15,11297,378.5392
2026/04/02@04:40:16,11298,379.194584
2026/04/02@04:40:17,11299,379.78996
2026/04/02@04:40:18,11300,380.5033
2026/04/02@04:40:19,11301,381.0928
2026/04/02@04:40:20,11302,381.69924
2026/04/02@04:40:21,11303,382.53616
2026/04/02@04:40:22,11304,383.02
2026/04/02@04:40:23,11305,383.55344
2026/04/02@04:40:24,11306,384.249832
2026/04/02@04:40:26,11308,384.98256
2026/04/02@04:40:27,11309,385.58384
2026/04/02@04:40:28,11310,386.259568
