datetime,elapsed_s,pressure_hpa
2000/01/01@05:09:34,8,976.2533
2000/01/01@05:09:35,9,976.27576
2000/01/01@05:09:36,10,976.26308
2000/01/01@05:09:37,11,976.2508
2000/01/01@05:09:38,12,976.25352
2000/01/01@05:09:39,13,976.2301
2000/01/01@05:09:41,15,976.26984
2000/01/01@05:09:42,16,976.2829
2000/01/01@05:09:43,17,976.345664
2000/01/01@05:09:44,18,976.315
2000/01/01@05:09:45,19,976.30632
2000/01/01@05:09:46,20,976.2944
2000/01/01@05:09:47,21,976.23484
2000/01/01@05:09:48,22,976.2056
2000/01/01@05:09:49,23,976.2318
2000/01/01@05:09:50,24,976.2377
2000/01/01@05:09:51,25,976.217968
2000/01/01@05:09:52,26,976.2517
2000/01/01@05:09:54,28,976.23304
2000/01/01@05:09:55,29,976.2325
2000/01/01@05:09:56,30,976.2536
2000/01/01@05:09:57,31,976.2367
2000/01/01@05:09:58,32,976.2139
2000/01/01@05:09:59,33,976.2399
2000/01/01@05:10:00,34,976.1951
2000/01/01@05:10:01,35,976.2092
2000/01/01@05:10:02,36,976.2621
2000/01/01@05:10:03,37,976.21952
2000/01/01@05:10:04,38,976.2356
2000/01/01@05:10:05,39,976.2127
2000/01/01@05:10:07,41,976.2543
2000/01/01@05:10:08,42,976.2396
2000/01/01@05:10:09,43,976.2736
2000/01/01@05:10:10,44,976.3318
2000/01/01@05:10:11,45,976.33984
2000/01/01@05:10:12,46,976.2659
2000/01/01@05:10:13,47,976.28032
2000/01/01@05:10:14,48,976.2994
2000/01/01@05:10:15,49,976.32652
2000/01/01@05:10:16,50,976.274064
2000/01/01@05:10:17,51,976.2543
2000/01/01@05:10:19,53,976.2759
2000/01/01@05:10:20,54,976.300064
2000/01/01@05:10:21,55,976.3187
2000/01/01@05:10:22,56,976.3274
2000/01/01@05:10:23,57,976.3745
2000/01/01@05:10:24,58,976.3258
2000/01/01@05:10:25,59,976.35736
2000/01/01@05:10:26,60,976.3125
2000/01/01@05:10:27,61,976.3412
2000/01/01@05:10:28,62,976.3451
2000/01/01@05:10:29,63,976.3097
2000/01/01@05:10:30,64,976.342032
2000/01/01@05:10:32,66,976.28824
2000/01/01@05:10:33,67,976.300864
2000/01/01@05:10:34,68,976.2788
2000/01/01@05:10:35,69,976.36016
2000/01/01@05:10:36,70,976.2914
2000/01/01@05:10:37,71,976.3313
2000/01/01@05:10:38,72,976.3019
2000/01/01@05:10:39,73,976.28624
2000/01/01@05:10:40,74,976.3148
2000/01/01@05:10:41,75,976.2682
2000/01/01@05:10:42,76,976.26056
2000/01/01@05:10:43,77,976.224
2000/01/01@05:10:45,79,976.27
2000/01/01@05:10:46,80,976.250336
2000/01/01@05:10:47,81,976.24632
2000/01/01@05:10:48,82,976.2676
2000/01/01@05:10:49,83,976.2731
2000/01/01@05:10:50,84,976.2748
2000/01/01@05:10:51,85,976.2834
2000/01/01@05:10:52,86,976.2703
2000/01/01@05:10:53,87,976.31368
2000/01/01@05:10:54,88,976.309664
2000/01/01@05:10:55,89,976.3379
2000/01/01@05:10:56,90,976.31352
2000/01/01@05:10:58,92,976.32368
2000/01/01@05:10:59,93,976.31288
2000/01/01@05:11:00,94,976.3281
2000/01/01@05:11:01,95,976.33184
2000/01/01@05:11:02,96,976.3103
2000/01/01@05:11:03,97,976.3468
2000/01/01@05:11:04,98,976.3454
2000/01/01@05:11:05,99,976.3374
2000/01/01@05:11:06,100,976.3514
2000/01/01@05:11:07,101,976.3385
2000/01/01@05:11:08,102,976.346
2000/01/01@05:11:09,103,976.3401
2000/01/01@05:11:11,105,976.32492
2000/01/01@05:11:12,106,976.3644
2000/01/01@05:11:13,107,976.35468
2000/01/01@05:11:14,108,976.40936
2000/01/01@05:11:15,109,976.3742
2000/01/01@05:11:16,110,976.39024
2000/01/01@05:11:17,111,976.3697
2000/01/01@05:11:18,112,976.35408
2000/01/01@05:11:19,113,976.35704
2000/01/01@05:11:20,114,976.3596
2000/01/01@05:11:21,115,976.31084
2000/01/01@05:11:23,117,976.300064
2000/01/01@05:11:24,118,976.2979
2000/01/01@05:11:25,119,976.2799
2000/01/01@05:11:26,120,976.2986
2000/01/01@05:11:27,121,976.3244
2000/01/01@05:11:28,122,976.3308
2000/01/01@05:11:29,123,976.32888
2000/01/01@05:11:30,124,976.3303
2000/01/01@05:11:31,125,976.30472
2000/01/01@05:11:32,126,976.3028
2000/01/01@05:11:33,127,976.301632
2000/01/01@05:11:34,128,976.3275
2000/01/01@05:11:36,130,976.318
2000/01/01@05:11:37,131,976.3105
2000/01/01@05:11:38,132,976.279232
2000/01/01@05:11:39,133,976.21452
2000/01/01@05:11:40,134,976.1923
2000/01/01@05:11:41,135,976.17552
2000/01/01@05:11:42,136,976.2141
2000/01/01@05:11:43,137,976.2375
2000/01/01@05:11:44,138,976.2294
2000/01/01@05:11:45,139,976.2653
2000/01/01@05:11:46,140,976.20264
2000/01/01@05:11:47,141,976.1994
2000/01/01@05:11:49,143,976.2327
2000/01/01@05:11:50,144,976.35096
2000/01/01@05:11:51,145,976.3708
2000/01/01@05:11:52,146,976.33376
2000/01/01@05:11:53,147,976.33656
2000/01/01@05:11:54,148,976.34048
2000/01/01@05:11:55,149,976.358032
2000/01/01@05:11:56,150,976.3462
2000/01/01@05:11:57,151,976.3426
2000/01/01@05:11:58,152,976.37024
2000/01/01@05:11:59,153,976.3619
2000/01/01@05:12:00,154,976.3512
2000/01/01@05:12:02,156,976.3035
2000/01/01@05:12:03,157,976.3084
2000/01/01@05:12:04,158,976.30648
2000/01/01@05:12:05,159,976.30192
2000/01/01@05:12:06,160,976.2876
2000/01/01@05:12:07,161,976.2913
2000/01/01@05:12:08,162,976.2631
2000/01/01@05:12:09,163,976.28684
2000/01/01@05:12:10,164,976.2835
2000/01/01@05:12:11,165,976.32056
2000/01/01@05:12:12,166,976.3182
2000/01/01@05:12:13,167,976.3639
2000/01/01@05:12:15,169,976.31864
2000/01/01@05:12:16,170,976.35096
2000/01/01@05:12:17,171,976.3374
2000/01/01@05:12:18,172,976.3454
2000/01/01@05:12:19,173,976.31852
2000/01/01@05:12:20,174,976.30252
2000/01/01@05:12:21,175,976.3656
2000/01/01@05:12:22,176,976.3441
2000/01/01@05:12:23,177,976.32584
2000/01/01@05:12:24,178,976.3678
2000/01/01@05:12:25,179,976.35692
2000/01/01@05:12:27,181,976.3524
2000/01/01@05:12:28,182,976.34816
2000/01/01@05:12:29,183,976.3025
2000/01/01@05:12:30,184,976.3337
2000/01/01@05:12:31,185,976.3299
2000/01/01@05:12:32,186,976.3933
2000/01/01@05:12:33,187,976.378336
2000/01/01@05:12:34,188,976.37976
2000/01/01@05:12:35,189,976.3395
2000/01/01@05:12:36,190,976.37416
2000/01/01@05:12:37,191,976.3535
2000/01/01@05:12:38,192,976.3672
2000/01/01@05:12:40,194,976.32332
2000/01/01@05:12:41,195,976.347968
2000/01/01@05:12:42,196,976.33952
2000/01/01@05:12:43,197,976.3139
2000/01/01@05:12:44,198,976.322736
2000/01/01@05:12:45,199,976.33908
2000/01/01@05:12:46,200,976.3821
2000/01/01@05:12:47,201,976.34068
2000/01/01@05:12:48,202,976.3494
2000/01/01@05:12:49,203,976.35692
2000/01/01@05:12:50,204,976.3349
2000/01/01@05:12:51,205,976.38136
2000/01/01@05:12:53,207,976.3911
2000/01/01@05:12:54,208,976.3407
2000/01/01@05:12:55,209,976.371664
2000/01/01@05:12:56,210,976.37912
2000/01/01@05:12:57,211,976.38332
2000/01/01@05:12:58,212,976.394832
2000/01/01@05:12:59,213,976.41452
2000/01/01@05:13:00,214,976.41848
2000/01/01@05:13:01,215,976.368064
2000/01/01@05:13:02,216,976.3645
2000/01/01@05:13:03,217,976.36472
2000/01/01@05:13:04,218,976.4144
2000/01/01@05:13:06,220,976.40216
2000/01/01@05:13:07,221,976.3975
2000/01/01@05:13:08,222,976.3786
2000/01/01@05:13:09,223,976.36488
2000/01/01@05:13:10,224,976.3884
2000/01/01@05:13:11,225,976.38368
2000/01/01@05:13:12,226,976.3689
2000/01/01@05:13:13,227,976.3764
2000/01/01@05:13:14,228,976.39024
2000/01/01@05:13:15,229,976.36224
2000/01/01@05:13:16,230,976.35768
2000/01/01@05:13:18,232,976.3948
2000/01/01@05:13:19,233,976.3577
2000/01/01@05:13:20,234,976.39528
2000/01/01@05:13:21,235,976.3903
2000/01/01@05:13:22,236,976.3709
2000/01/01@05:13:23,237,976.3887
2000/01/01@05:13:24,238,976.39576
2000/01/01@05:13:25,239,976.42456
2000/01/01@05:13:26,240,976.40592
2000/01/01@05:13:27,241,976.4322
2000/01/01@05:13:28,242,976.4336
2000/01/01@05:13:29,243,976.39668
2000/01/01@05:13:31,245,976.43288
2000/01/01@05:13:32,246,976.42552
2000/01/01@05:13:33,247,976.3973
2000/01/01@05:13:34,248,976.4397
2000/01/01@05:13:35,249,976.3705
2000/01/01@05:13:36,250,976.4052
2000/01/01@05:13:37,251,976.39688
2000/01/01@05:13:38,252,976.4203
2000/01/01@05:13:39,253,976.4011
2000/01/01@05:13:40,254,976.44088
2000/01/01@05:13:41,255,976.41984
2000/01/01@05:13:42,256,976.40296
2000/01/01@05:13:44,258,976.43632
2000/01/01@05:13:45,259,976.4218
2000/01/01@05:13:46,260,976.3851
2000/01/01@05:13:47,261,976.39528
2000/01/01@05:13:48,262,976.3511
2000/01/01@05:13:49,263,976.3462
2000/01/01@05:13:50,264,976.367264
2000/01/01@05:13:51,265,976.3491
2000/01/01@05:13:52,266,976.3493
2000/01/01@05:13:53,267,976.3926
2000/01/01@05:13:54,268,976.32664
2000/01/01@05:13:55,269,976.3817
2000/01/01@05:13:57,271,976.3833
2000/01/01@05:13:58,272,976.3884
2000/01/01@05:13:59,273,976.41316
2000/01/01@05:14:00,274,976.411
2000/01/01@05:14:01,275,976.39668
2000/01/01@05:14:02,276,976.39792
2000/01/01@05:14:03,277,976.39544
2000/01/01@05:14:04,278,976.39576
2000/01/01@05:14:05,279,976.34684
2000/01/01@05:14:06,280,976.3421
2000/01/01@05:14:07,281,976.3557
2000/01/01@05:14:08,282,976.33
2000/01/01@05:14:10,284,976.39792
2000/01/01@05:14:11,285,976.36252
2000/01/01@05:14:12,286,976.3762
2000/01/01@05:14:13,287,976.384
2000/01/01@05:14:14,288,976.3742
2000/01/01@05:14:15,289,976.3963
2000/01/01@05:14:16,290,976.38416
2000/01/01@05:14:17,291,976.38056
2000/01/01@05:14:18,292,976.3942
2000/01/01@05:14:19,293,976.40708
2000/01/01@05:14:20,294,976.3998
2000/01/01@05:14:22,296,976.452736
2000/01/01@05:14:23,297,976.4038
2000/01/01@05:14:24,298,976.42472
2000/01/01@05:14:25,299,976.4469
2000/01/01@05:14:26,300,976.4275
2000/01/01@05:14:27,301,976.45736
2000/01/01@05:14:28,302,976.46092
2000/01/01@05:14:29,303,976.4588
2000/01/01@05:14:30,304,976.46176
2000/01/01@05:14:31,305,976.4135
2000/01/01@05:14:32,306,976.43
2000/01/01@05:14:33,307,976.45232
2000/01/01@05:14:35,309,976.4574
2000/01/01@05:14:36,310,976.4292
2000/01/01@05:14:37,311,976.4872
2000/01/01@05:14:38,312,976.4469
2000/01/01@05:14:39,313,976.437
2000/01/01@05:14:40,314,976.4263
2000/01/01@05:14:41,315,976.3784
2000/01/01@05:14:42,316,976.3725
2000/01/01@05:14:43,317,976.367536
2000/01/01@05:14:44,318,976.3764
2000/01/01@05:14:45,319,976.40344
2000/01/01@05:14:46,320,976.37288
2000/01/01@05:14:48,322,976.3928
2000/01/01@05:14:49,323,976.42756
2000/01/01@05:14:50,324,976.3934
2000/01/01@05:14:51,325,976.4071
2000/01/01@05:14:52,326,976.45868
2000/01/01@05:14:53,327,976.4824
2000/01/01@05:14:54,328,976.4508
2000/01/01@05:14:55,329,976.471536
2000/01/01@05:14:56,330,976.4508
2000/01/01@05:14:57,331,976.4659
2000/01/01@05:14:58,332,976.4721
2000/01/01@05:14:59,333,976.4524
2000/01/01@05:15:01,335,976.4698
2000/01/01@05:15:02,336,976.45917
2000/01/01@05:15:03,337,976.4358
2000/01/01@05:15:04,338,976.4668
2000/01/01@05:15:05,339,976.4584
2000/01/01@05:15:06,340,976.491664
2000/01/01@05:15:07,341,976.467136
2000/01/01@05:15:08,342,976.46708
2000/01/01@05:15:09,343,976.4637
2000/01/01@05:15:10,344,976.46984
2000/01/01@05:15:11,345,976.42208
2000/01/01@05:15:13,347,976.4468
2000/01/01@05:15:14,348,976.42948
2000/01/01@05:15:15,349,976.47672
2000/01/01@05:15:16,350,976.4559
2000/01/01@05:15:17,351,976.45824
2000/01/01@05:15:18,352,976.47452
2000/01/01@05:15:19,353,976.4748
2000/01/01@05:15:20,354,976.4649
2000/01/01@05:15:21,355,976.44776
2000/01/01@05:15:22,356,976.4643
2000/01/01@05:15:23,357,976.5111
2000/01/01@05:15:24,358,976.489
2000/01/01@05:15:26,360,976.46328
2000/01/01@05:15:27,361,976.4572
2000/01/01@05:15:28,362,976.48456
2000/01/01@05:15:29,363,976.47096
2000/01/01@05:15:30,364,976.46856
2000/01/01@05:15:31,365,976.4579
2000/01/01@05:15:32,366,976.4841
2000/01/01@05:15:33,367,976.497536
2000/01/01@05:15:34,368,976.46176
2000/01/01@05:15:35,369,976.46045
2000/01/01@05:15:36,370,976.48664
2000/01/01@05:15:37,371,976.44384
2000/01/01@05:15:39,373,976.4635
2000/01/01@05:15:40,374,976.4773
2000/01/01@05:15:41,375,976.41584
2000/01/01@05:15:42,376,976.44308
2000/01/01@05:15:43,377,976.4432
2000/01/01@05:15:44,378,976.4125
2000/01/01@05:15:45,379,976.4297
2000/01/01@05:15:46,380,976.43616
2000/01/01@05:15:47,381,976.46592
2000/01/01@05:15:48,382,976.4671
2000/01/01@05:15:49,383,976.4465
2000/01/01@05:15:50,384,976.46856
2000/01/01@05:15:52,386,976.44168
2000/01/01@05:15:53,387,976.4406
2000/01/01@05:15:54,388,976.4125
2000/01/01@05:15:55,389,976.3759
2000/01/01@05:15:56,390,976.34768
2000/01/01@05:15:57,391,976.3184
2000/01/01@05:15:58,392,976.35176
2000/01/01@05:15:59,393,976.3692
2000/01/01@05:16:00,394,976.3801
2000/01/01@05:16:01,395,976.29048
2000/01/01@05:16:02,396,976.33868
2000/01/01@05:16:04,398,976.3143
2000/01/01@05:16:05,399,976.37272
2000/01/01@05:16:06,400,976.36
2000/01/01@05:16:07,401,976.3839
2000/01/01@05:16:08,402,976.3384
2000/01/01@05:16:09,403,976.31496
2000/01/01@05:16:10,404,976.3299
2000/01/01@05:16:11,405,976.345
2000/01/01@05:16:12,406,976.42132
2000/01/01@05:16:13,407,976.43224
2000/01/01@05:16:14,408,976.36632
2000/01/01@05:16:15,409,976.35768
2000/01/01@05:16:16,410,976.4057
2000/01/01@05:16:18,412,976.4121
2000/01/01@05:16:19,413,976.315
2000/01/01@05:16:20,414,976.3681
2000/01/01@05:16:21,415,976.3512
2000/01/01@05:16:22,416,976.3413
2000/01/01@05:16:23,417,976.2664
2000/01/01@05:16:24,418,976.2765
2000/01/01@05:16:25,419,976.28768
2000/01/01@05:16:26,420,976.28984
2000/01/01@05:16:27,421,976.2903
2000/01/01@05:16:28,422,976.3446
2000/01/01@05:16:29,423,976.2793
2000/01/01@05:16:31,425,976.3424
2000/01/01@05:16:32,426,976.3387
2000/01/01@05:16:33,427,976.3808
2000/01/01@05:16:34,428,976.4238
2000/01/01@05:16:35,429,976.3684
2000/01/01@05:16:36,430,976.39197
2000/01/01@05:16:37,431,976.3451
2000/01/01@05:16:38,432,976.378336
2000/01/01@05:16:39,433,976.3821
2000/01/01@05:16:40,434,976.3268
2000/01/01@05:16:41,435,976.33544
2000/01/01@05:16:42,436,976.38744
2000/01/01@05:16:44,438,976.4283
2000/01/01@05:16:45,439,976.391
2000/01/01@05:16:46,440,976.3644
2000/01/01@05:16:47,441,976.35452
2000/01/01@05:16:48,442,976.3338
2000/01/01@05:16:49,443,976.3561
2000/01/01@05:16:50,444,976.3057
2000/01/01@05:16:51,445,976.3088
2000/01/01@05:16:52,446,976.3454
2000/01/01@05:16:53,447,976.3393
2000/01/01@05:16:54,448,976.3553
2000/01/01@05:16:55,449,976.342
2000/01/01@05:16:57,451,976.2905
2000/01/01@05:16:58,452,976.29316
2000/01/01@05:16:59,453,976.2565
2000/01/01@05:17:00,454,976.2886
2000/01/01@05:17:01,455,976.279
2000/01/01@05:17:02,456,976.24728
2000/01/01@05:17:03,457,976.318864
2000/01/01@05:17:04,458,976.2877
2000/01/01@05:17:05,459,976.31176
2000/01/01@05:17:06,460,976.309664
2000/01/01@05:17:07,461,976.288736
2000/01/01@05:17:09,463,976.2813
2000/01/01@05:17:10,464,976.2731
2000/01/01@05:17:11,465,976.26332
2000/01/01@05:17:12,466,976.2732
2000/01/01@05:17:13,467,976.2671
2000/01/01@05:17:14,468,976.3058
2000/01/01@05:17:15,469,976.3
2000/01/01@05:17:16,470,976.2936
2000/01/01@05:17:17,471,976.2876
2000/01/01@05:17:18,472,976.30504
2000/01/01@05:17:19,473,976.3004
2000/01/01@05:17:20,474,976.2905
2000/01/01@05:17:22,476,976.3052
2000/01/01@05:17:23,477,976.311632
2000/01/01@05:17:24,478,976.2773
2000/01/01@05:17:25,479,976.3204
2000/01/01@05:17:26,480,976.342864
2000/01/01@05:17:27,481,976.3848
2000/01/01@05:17:28,482,976.34184
2000/01/01@05:17:29,483,976.33932
2000/01/01@05:17:30,484,976.3284
2000/01/01@05:17:31,485,976.31256
2000/01/01@05:17:32,486,976.3248
2000/01/01@05:17:33,487,976.29552
2000/01/01@05:17:35,489,976.33016
2000/01/01@05:17:36,490,976.3143
2000/01/01@05:17:37,491,976.3514
2000/01/01@05:17:38,492,976.33932
2000/01/01@05:17:39,493,976.345664
2000/01/01@05:17:40,494,976.32696
2000/01/01@05:17:41,495,976.295136
2000/01/01@05:17:42,496,976.3262
2000/01/01@05:17:43,497,976.303
2000/01/01@05:17:44,498,976.2968
2000/01/01@05:17:45,499,976.3254
2000/01/01@05:17:46,500,976.3711
2000/01/01@05:17:48,502,976.37732
2000/01/01@05:17:49,503,976.41048
2000/01/01@05:17:50,504,976.3961
2000/01/01@05:17:51,505,976.3614
2000/01/01@05:17:52,506,976.3605
2000/01/01@05:17:53,507,976.35656
2000/01/01@05:17:54,508,976.3629
2000/01/01@05:17:55,509,976.378
2000/01/01@05:17:56,510,976.3497
2000/01/01@05:17:57,511,976.3833
2000/01/01@05:17:58,512,976.31808
2000/01/01@05:17:59,513,976.3649
2000/01/01@05:18:01,515,976.3049
2000/01/01@05:18:02,516,976.3197
2000/01/01@05:18:03,517,976.3418
2000/01/01@05:18:04,518,976.35912
2000/01/01@05:18:05,519,976.2672
2000/01/01@05:18:06,520,976.26224
2000/01/01@05:18:07,521,976.29568
2000/01/01@05:18:08,522,976.2611
2000/01/01@05:18:09,523,976.2824
2000/01/01@05:18:10,524,976.2653
2000/01/01@05:18:11,525,976.26904
2000/01/01@05:18:12,526,976.255536
2000/01/01@05:18:14,528,976.28392
2000/01/01@05:18:15,529,976.3386
2000/01/01@05:18:16,530,976.3064
2000/01/01@05:18:17,531,976.3008
2000/01/01@05:18:18,532,976.276
2000/01/01@05:18:19,533,976.3095
2000/01/01@05:18:20,534,976.2614
2000/01/01@05:18:21,535,976.3144
2000/01/01@05:18:22,536,976.2936
2000/01/01@05:18:23,537,976.3147
2000/01/01@05:18:24,538,976.30368
2000/01/01@05:18:25,539,976.3139
2000/01/01@05:18:27,541,976.37192
2000/01/01@05:18:28,542,976.3215
2000/01/01@05:18:29,543,976.33868
2000/01/01@05:18:30,544,976.3688
2000/01/01@05:18:31,545,976.3181
2000/01/01@05:18:32,546,976.299568
2000/01/01@05:18:33,547,976.34176
2000/01/01@05:18:34,548,976.31008
2000/01/01@05:18:35,549,976.27168
2000/01/01@05:18:36,550,976.31976
2000/01/01@05:18:37,551,976.3386
2000/01/01@05:18:39,553,976.335
2000/01/01@05:18:40,554,976.33268
2000/01/01@05:18:41,555,976.3018
2000/01/01@05:18:42,556,976.3217
2000/01/01@05:18:43,557,976.345136
2000/01/01@05:18:44,558,976.3329
2000/01/01@05:18:45,559,976.3234
2000/01/01@05:18:46,560,976.3543
2000/01/01@05:18:47,561,976.28904
2000/01/01@05:18:48,562,976.2991
2000/01/01@05:18:49,563,976.30892
2000/01/01@05:18:50,564,976.29176
2000/01/01@05:18:52,566,976.2855
2000/01/01@05:18:53,567,976.2723
2000/01/01@05:18:54,568,976.3267
2000/01/01@05:18:55,569,976.28216
2000/01/01@05:18:56,570,976.27376
2000/01/01@05:18:57,571,976.27016
2000/01/01@05:18:58,572,976.2902
2000/01/01@05:18:59,573,976.2693
2000/01/01@05:19:00,574,976.23128
2000/01/01@05:19:01,575,976.23976
2000/01/01@05:19:02,576,976.20416
2000/01/01@05:19:03,577,976.1858
2000/01/01@05:19:05,579,976.21292
2000/01/01@05:19:06,580,976.2229
2000/01/01@05:19:07,581,976.2279
2000/01/01@05:19:08,582,976.2084
2000/01/01@05:19:09,583,976.21348
2000/01/01@05:19:10,584,976.21348
2000/01/01@05:19:11,585,976.22328
2000/01/01@05:19:12,586,976.2422
2000/01/01@05:19:13,587,976.2458
2000/01/01@05:19:14,588,976.25068
2000/01/01@05:19:15,589,976.2573
2000/01/01@05:19:16,590,976.256064
2000/01/01@05:19:18,592,976.251136
2000/01/01@05:19:19,593,976.2611
2000/01/01@05:19:20,594,976.29096
2000/01/01@05:19:21,595,976.2244
2000/01/01@05:19:22,596,976.238
2000/01/01@05:19:23,597,976.27024
2000/01/01@05:19:24,598,976.22344
2000/01/01@05:19:25,599,976.22832
2000/01/01@05:19:26,600,976.2544
2000/01/01@05:19:27,601,976.2569
2000/01/01@05:19:28,602,976.2533
2000/01/01@05:19:29,603,976.22032
2000/01/01@05:19:31,605,976.2771
2000/01/01@05:19:32,606,976.25496
2000/01/01@05:19:33,607,976.1992
2000/01/01@05:19:34,608,976.2776
2000/01/01@05:19:35,609,976.248
2000/01/01@05:19:36,610,976.2357
2000/01/01@05:19:37,611,976.24696
2000/01/01@05:19:38,612,976.2509
2000/01/01@05:19:39,613,976.2533
2000/01/01@05:19:40,614,976.2684
2000/01/01@05:19:41,615,976.2377
2000/01/01@05:19:42,616,976.2686
2000/01/01@05:19:44,618,976.2932
2000/01/01@05:19:45,619,976.28216
2000/01/01@05:19:46,620,976.2813
2000/01/01@05:19:47,621,976.30224
2000/01/01@05:19:48,622,976.295
2000/01/01@05:19:49,623,976.3195
2000/01/01@05:19:50,624,976.2827
2000/01/01@05:19:51,625,976.27784
2000/01/01@05:19:52,626,976.2915
2000/01/01@05:19:53,627,976.30892
2000/01/01@05:19:54,628,976.2671
2000/01/01@05:19:55,629,976.2946
2000/01/01@05:19:57,631,976.28216
2000/01/01@05:19:58,632,976.21816
2000/01/01@05:19:59,633,976.23668
2000/01/01@05:20:00,634,976.2453
2000/01/01@05:20:01,635,976.2603
2000/01/01@05:20:02,636,976.2247
2000/01/01@05:20:03,637,976.2604
2000/01/01@05:20:04,638,976.2852
2000/01/01@05:20:05,639,976.288
2000/01/01@05:20:06,640,976.2929
2000/01/01@05:20:07,641,976.3002
2000/01/01@05:20:08,642,976.27688
2000/01/01@05:20:10,644,976.25216
2000/01/01@05:20:11,645,976.277
2000/01/01@05:20:12,646,976.27096
2000/01/01@05:20:13,647,976.32416
2000/01/01@05:20:14,648,976.3007
2000/01/01@05:20:15,649,976.3325
2000/01/01@05:20:16,650,976.3317
2000/01/01@05:20:17,651,976.3491
2000/01/01@05:20:18,652,976.34296
2000/01/01@05:20:19,653,976.3445
2000/01/01@05:20:20,654,976.34312
2000/01/01@05:20:21,655,976.311136
2000/01/01@05:20:23,657,976.34048
2000/01/01@05:20:24,658,976.31132
2000/01/01@05:20:25,659,976.3334
2000/01/01@05:20:26,660,976.3977
2000/01/01@05:20:27,661,976.326
2000/01/01@05:20:28,662,976.2966
2000/01/01@05:20:29,663,976.3543
2000/01/01@05:20:30,664,976.3371
2000/01/01@05:20:31,665,976.32477
2000/01/01@05:20:32,666,976.27076
2000/01/01@05:20:33,667,976.27076
2000/01/01@05:20:35,669,976.3586
2000/01/01@05:20:36,670,976.2734
2000/01/01@05:20:37,671,976.2527
2000/01/01@05:20:38,672,976.33656
2000/01/01@05:20:39,673,976.3192
2000/01/01@05:20:40,674,976.290832
2000/01/01@05:20:41,675,976.3524
2000/01/01@05:20:42,676,976.3638
2000/01/01@05:20:43,677,976.3256
2000/01/01@05:20:44,678,976.3331
2000/01/01@05:20:45,679,976.3098
2000/01/01@05:20:46,680,976.29864
2000/01/01@05:20:48,682,976.31976
2000/01/01@05:20:49,683,976.258
2000/01/01@05:20:50,684,976.279232
2000/01/01@05:20:51,685,976.2868
2000/01/01@05:20:52,686,976.2779
2000/01/01@05:20:53,687,976.308864
2000/01/01@05:20:54,688,976.3312
2000/01/01@05:20:55,689,976.3105
2000/01/01@05:20:56,690,976.2598
2000/01/01@05:20:57,691,976.30332
2000/01/01@05:20:58,692,976.27232
2000/01/01@05:20:59,693,976.2527
2000/01/01@05:21:01,695,976.262768
2000/01/01@05:21:02,696,976.2849
2000/01/01@05:21:03,697,976.24932
2000/01/01@05:21:04,698,976.2468
2000/01/01@05:21:05,699,976.2753
2000/01/01@05:21:06,700,976.2924
2000/01/01@05:21:07,701,976.2742
2000/01/01@05:21:08,702,976.2915
2000/01/01@05:21:09,703,976.30492
2000/01/01@05:21:10,704,976.2902
2000/01/01@05:21:11,705,976.3077
2000/01/01@05:21:12,706,976.31864
2000/01/01@05:21:14,708,976.298
2000/01/01@05:21:15,709,976.31272
2000/01/01@05:21:16,710,976.298
2000/01/01@05:21:17,711,976.27576
2000/01/01@05:21:18,712,976.2698
2000/01/01@05:21:19,713,976.2798
2000/01/01@05:21:20,714,976.286
2000/01/01@05:21:21,715,976.22652
2000/01/01@05:21:22,716,976.25992
2000/01/01@05:21:23,717,976.22184
2000/01/01@05:21:24,718,976.2675
2000/01/01@05:21:25,719,976.31448
2000/01/01@05:21:27,721,976.28732
2000/01/01@05:21:28,722,976.27
2000/01/01@05:21:29,723,976.29452
2000/01/01@05:21:30,724,976.30472
2000/01/01@05:21:31,725,976.30868
2000/01/01@05:21:32,726,976.298736
2000/01/01@05:21:33,727,976.29984
2000/01/01@05:21:34,728,976.300064
2000/01/01@05:21:35,729,976.2567
2000/01/01@05:21:36,730,976.2952
2000/01/01@05:21:37,731,976.27316
2000/01/01@05:21:39,733,976.236
2000/01/01@05:21:40,734,976.2756
2000/01/01@05:21:41,735,976.2445
2000/01/01@05:21:42,736,976.2807
2000/01/01@05:21:43,737,976.2771
2000/01/01@05:21:44,738,976.282064
2000/01/01@05:21:45,739,976.3017
2000/01/01@05:21:46,740,976.2649
2000/01/01@05:21:47,741,976.319168
2000/01/01@05:21:48,742,976.27968
2000/01/01@05:21:49,743,976.2328
2000/01/01@05:21:50,744,976.29848
2000/01/01@05:21:52,746,976.2628
2000/01/01@05:21:53,747,976.24552
2000/01/01@05:21:54,748,976.24552
2000/01/01@05:21:55,749,976.28264
2000/01/01@05:21:56,750,976.2445
2000/01/01@05:21:57,751,976.2791
2000/01/01@05:21:58,752,976.2495
2000/01/01@05:21:59,753,976.2518
2000/01/01@05:22:00,754,976.2805
2000/01/01@05:22:01,755,976.315264
2000/01/01@05:22:02,756,976.23468
2000/01/01@05:22:03,757,976.2748
2000/01/01@05:22:05,759,976.24
2000/01/01@05:22:06,760,976.2438
2000/01/01@05:22:07,761,976.1968
2000/01/01@05:22:08,762,976.23268
2000/01/01@05:22:09,763,976.24252
2000/01/01@05:22:10,764,976.2353
2000/01/01@05:22:11,765,976.25992
2000/01/01@05:22:12,766,976.25992
2000/01/01@05:22:13,767,976.2665
2000/01/01@05:22:14,768,976.2514
2000/01/01@05:22:15,769,976.2369
2000/01/01@05:22:16,770,976.25808
2000/01/01@05:22:18,772,976.2788
2000/01/01@05:22:19,773,976.2555
2000/01/01@05:22:20,774,976.2999
2000/01/01@05:22:21,775,976.28032
2000/01/01@05:22:22,776,976.28048
2000/01/01@05:22:23,777,976.2681
2000/01/01@05:22:24,778,976.2595
2000/01/01@05:22:25,779,976.28424
2000/01/01@05:22:26,780,976.287936
2000/01/01@05:22:27,781,976.2461
2000/01/01@05:22:28,782,976.2818
2000/01/01@05:22:30,784,976.2684
2000/01/01@05:22:31,785,976.2473
2000/01/01@05:22:32,786,976.29552
2000/01/01@05:22:33,787,976.261
2000/01/01@05:22:34,788,976.28816
2000/01/01@05:22:35,789,976.2573
2000/01/01@05:22:36,790,976.24992
2000/01/01@05:22:37,791,976.32056
2000/01/01@05:22:38,792,976.2712
2000/01/01@05:22:39,793,976.30696
2000/01/01@05:22:40,794,976.3008
2000/01/01@05:22:41,795,976.276
2000/01/01@05:22:43,797,976.28216
2000/01/01@05:22:44,798,976.3367
2000/01/01@05:22:45,799,976.2368
2000/01/01@05:22:46,800,976.22668
2000/01/01@05:22:47,801,976.238
2000/01/01@05:22:48,802,976.2308
2000/01/01@05:22:49,803,976.23832
2000/01/01@05:22:50,804,976.188864
2000/01/01@05:22:51,805,976.1902
2000/01/01@05:22:52,806,976.2421
2000/01/01@05:22:53,807,976.20984
2000/01/01@05:22:54,808,976.24552
2000/01/01@05:22:56,810,976.2904
2000/01/01@05:22:57,811,976.2608
2000/01/01@05:22:58,812,976.2866
2000/01/01@05:22:59,813,976.2793
2000/01/01@05:23:00,814,976.28184
2000/01/01@05:23:01,815,976.3005
2000/01/01@05:23:02,816,976.33268
2000/01/01@05:23:03,817,976.2682
2000/01/01@05:23:04,818,976.28936
2000/01/01@05:23:05,819,976.3546
2000/01/01@05:23:06,820,976.3514
2000/01/01@05:23:07,821,976.331
2000/01/01@05:23:09,823,976.2834
2000/01/01@05:23:10,824,976.1089
2000/01/01@05:23:11,825,976.27672
2000/01/01@05:23:12,826,976.1821
2000/01/01@05:23:13,827,975.9671
2000/01/01@05:23:14,828,976.108064
2000/01/01@05:23:15,829,976.1203
2000/01/01@05:23:16,830,976.0845
2000/01/01@05:23:17,831,976.21408
2000/01/01@05:23:18,832,976.2832
2000/01/01@05:23:19,833,976.34732
2000/01/01@05:23:20,834,976.21672
2000/01/01@05:23:22,836,976.26584
2000/01/01@05:23:23,837,976.238
2000/01/01@05:23:24,838,976.2352
2000/01/01@05:23:25,839,976.2597
2000/01/01@05:23:26,840,976.252432
2000/01/01@05:23:27,841,976.2647
2000/01/01@05:23:28,842,976.2986
2000/01/01@05:23:29,843,976.2775
2000/01/01@05:23:30,844,976.2961
2000/01/01@05:23:31,845,976.28984
2000/01/01@05:23:32,846,976.30728
2000/01/01@05:23:33,847,976.277664
2000/01/01@05:23:35,849,976.2751
2000/01/01@05:23:36,850,976.28768
2000/01/01@05:23:37,851,976.2457
2000/01/01@05:23:38,852,976.2729
2000/01/01@05:23:39,853,976.2731
2000/01/01@05:23:40,854,976.277936
2000/01/01@05:23:41,855,976.2621
2000/01/01@05:23:42,856,976.3055
2000/01/01@05:23:43,857,976.33624
2000/01/01@05:23:44,858,976.322736
2000/01/01@05:23:45,859,976.29292
2000/01/01@05:23:47,861,976.33168
2000/01/01@05:23:48,862,976.2882
2000/01/01@05:23:49,863,976.2427
2000/01/01@05:23:50,864,976.23776
2000/01/01@05:23:51,865,976.2527
2000/01/01@05:23:52,866,976.2578
2000/01/01@05:23:53,867,976.22708
2000/01/01@05:23:54,868,976.2368
2000/01/01@05:23:55,869,976.2431
2000/01/01@05:23:56,870,976.26532
2000/01/01@05:23:57,871,976.27016
2000/01/01@05:23:58,872,976.2901
2000/01/01@05:24:00,874,976.285168
2000/01/01@05:24:01,875,976.2715
2000/01/01@05:24:02,876,976.2756
2000/01/01@05:24:03,877,976.2793
2000/01/01@05:24:04,878,976.2582
2000/01/01@05:24:05,879,976.30268
2000/01/01@05:24:06,880,976.3289
2000/01/01@05:24:07,881,976.3143
2000/01/01@05:24:08,882,976.3462
2000/01/01@05:24:09,883,976.32152
2000/01/01@05:24:10,884,976.27096
2000/01/01@05:24:11,885,976.3215
2000/01/01@05:24:13,887,976.309664
2000/01/01@05:24:14,888,976.3094
2000/01/01@05:24:15,889,976.3329
2000/01/01@05:24:16,890,976.30552
2000/01/01@05:24:17,891,976.3084
2000/01/01@05:24:18,892,976.2983
2000/01/01@05:24:19,893,976.334336
2000/01/01@05:24:20,894,976.312
2000/01/01@05:24:21,895,976.31976
2000/01/01@05:24:22,896,976.255536
2000/01/01@05:24:23,897,976.2951
2000/01/01@05:24:24,898,976.23704
2000/01/01@05:24:26,900,976.22092
2000/01/01@05:24:27,901,976.234432
2000/01/01@05:24:28,902,976.2644
2000/01/01@05:24:29,903,976.29668
2000/01/01@05:24:30,904,976.185232
2000/01/01@05:24:31,905,976.1855
2000/01/01@05:24:32,906,976.1855
2000/01/01@05:24:33,907,976.2215
2000/01/01@05:24:34,908,976.2338
2000/01/01@05:24:35,909,976.1809
2000/01/01@05:24:36,910,976.2698
2000/01/01@05:24:38,911,976.2512
2000/01/01@05:24:39,913,976.2712
2000/01/01@05:24:40,914,976.245
2000/01/01@05:24:41,915,976.2784
2000/01/01@05:24:42,916,976.2625
2000/01/01@05:24:43,917,976.2489
2000/01/01@05:24:44,918,976.26024
2000/01/01@05:24:45,919,976.2469
2000/01/01@05:24:46,920,976.3035
2000/01/01@05:24:47,921,976.274
2000/01/01@05:24:48,922,976.2949
2000/01/01@05:24:49,923,976.29984
2000/01/01@05:24:51,925,976.30492
2000/01/01@05:24:52,926,976.274064
2000/01/01@05:24:53,927,976.2826
2000/01/01@05:24:54,928,976.2383
2000/01/01@05:24:55,929,976.2212
2000/01/01@05:24:56,930,976.2742
2000/01/01@05:24:57,931,976.2656
2000/01/01@05:24:58,932,976.2605
2000/01/01@05:24:59,933,976.2324
2000/01/01@05:25:00,934,976.225
2000/01/01@05:25:01,935,976.2264
2000/01/01@05:25:02,936,976.19908
2000/01/01@05:25:04,938,976.2656
2000/01/01@05:25:05,939,976.24992
2000/01/01@05:25:06,940,976.258368
2000/01/01@05:25:07,941,976.25352
2000/01/01@05:25:08,942,976.24008
2000/01/01@05:25:09,943,976.225
2000/01/01@05:25:10,944,976.2425
2000/01/01@05:25:11,945,976.2352
2000/01/01@05:25:12,946,976.2626
2000/01/01@05:25:13,947,976.2416
2000/01/01@05:25:14,948,976.2391
2000/01/01@05:25:15,949,976.2291
2000/01/01@05:25:17,951,976.26872
2000/01/01@05:25:18,952,976.238032
2000/01/01@05:25:19,953,976.31944
2000/01/01@05:25:20,954,976.2218
2000/01/01@05:25:21,955,976.3145
2000/01/01@05:25:22,956,976.306
2000/01/01@05:25:23,957,976.27896
2000/01/01@05:25:24,958,976.20332
2000/01/01@05:25:25,959,976.285168
2000/01/01@05:25:26,960,976.2556
2000/01/01@05:25:27,961,976.274368
2000/01/01@05:25:28,962,976.305
2000/01/01@05:25:30,964,976.2642
2000/01/01@05:25:31,965,976.24696
2000/01/01@05:25:32,966,976.2446
2000/01/01@05:25:33,967,976.2445
2000/01/01@05:25:34,968,976.2445
2000/01/01@05:25:35,969,976.2213
2000/01/01@05:25:36,970,976.20296
2000/01/01@05:25:37,971,976.19656
2000/01/01@05:25:38,972,976.24856
2000/01/01@05:25:39,973,976.2278
2000/01/01@05:25:40,974,976.24492
2000/01/01@05:25:42,975,976.2536
2000/01/01@05:25:43,977,976.2536
2000/01/01@05:25:44,978,976.24632
2000/01/01@05:25:45,979,976.25632
2000/01/01@05:25:46,980,976.19944
2000/01/01@05:25:47,981,976.26
2000/01/01@05:25:48,982,976.2354
2000/01/01@05:25:49,983,976.21816
2000/01/01@05:25:50,984,976.24776
2000/01/01@05:25:51,985,976.224368
2000/01/01@05:25:52,986,976.26024
2000/01/01@05:25:53,987,976.2676
2000/01/01@05:25:54,988,976.26904
2000/01/01@05:25:56,990,976.2801
2000/01/01@05:25:57,991,976.28392
2000/01/01@05:25:58,992,976.2963
2000/01/01@05:25:59,993,976.2843
2000/01/01@05:26:00,994,976.2756
2000/01/01@05:26:01,995,976.2765
2000/01/01@05:26:02,996,976.28784
2000/01/01@05:26:03,997,976.28784
2000/01/01@05:26:04,998,976.282832
2000/01/01@05:26:05,999,976.261936
2000/01/01@05:26:06,1000,976.2483
2000/01/01@05:26:08,1001,976.23976
2000/01/01@05:26:09,1003,976.2829
2000/01/01@05:26:10,1004,976.27292
2000/01/01@05:26:11,1005,976.27424
2000/01/01@05:26:12,1006,976.28176
2000/01/01@05:26:13,1007,976.2399
2000/01/01@05:26:14,1008,976.2671
2000/01/01@05:26:15,1009,976.2238
2000/01/01@05:26:16,1010,976.2163
2000/01/01@05:26:17,1011,976.1881
2000/01/01@05:26:18,1012,976.1411
2000/01/01@05:26:19,1013,976.17348
2000/01/01@05:26:21,1015,976.1647
2000/01/01@05:26:22,1016,976.2017
2000/01/01@05:26:23,1017,976.21908
2000/01/01@05:26:24,1018,976.1426
2000/01/01@05:26:25,1019,976.13748
2000/01/01@05:26:26,1020,976.1241
2000/01/01@05:26:27,1021,976.162064
2000/01/01@05:26:28,1022,976.17832
2000/01/01@05:26:29,1023,976.218
2000/01/01@05:26:30,1024,976.2291
2000/01/01@05:26:31,1025,976.222032
2000/01/01@05:26:32,1026,976.1548
2000/01/01@05:26:34,1028,976.1947
2000/01/01@05:26:35,1029,976.1689
2000/01/01@05:26:36,1030,976.1602
2000/01/01@05:26:37,1031,976.0774
2000/01/01@05:26:38,1032,976.1342
2000/01/01@05:26:39,1033,976.1502
2000/01/01@05:26:40,1034,976.1132
2000/01/01@05:26:41,1035,976.0602
2000/01/01@05:26:42,1036,976.0748
2000/01/01@05:26:43,1037,976.091
2000/01/01@05:26:44,1038,976.11304
2000/01/01@05:26:45,1039,976.09216
2000/01/01@05:26:47,1041,976.1132
2000/01/01@05:26:48,1042,976.2021
2000/01/01@05:26:49,1043,976.133
2000/01/01@05:26:50,1044,976.1625
2000/01/01@05:26:51,1045,976.06148
2000/01/01@05:26:52,1046,975.876032
2000/01/01@05:26:53,1047,975.8639
2000/01/01@05:26:54,1048,976.0008
2000/01/01@05:26:55,1049,976.1761
2000/01/01@05:26:56,1050,976.262768
2000/01/01@05:26:57,1051,976.152864
2000/01/01@05:26:58,1052,975.830464
2000/01/01@05:27:00,1054,975.705536
2000/01/01@05:27:01,1055,976.122
2000/01/01@05:27:02,1056,976.2887
2000/01/01@05:27:03,1057,976.233
2000/01/01@05:27:04,1058,975.9772
2000/01/01@05:27:05,1059,975.6252
2000/01/01@05:27:06,1060,975.5142
2000/01/01@05:27:07,1061,975.808
2000/01/01@05:27:08,1062,975.8696
2000/01/01@05:27:09,1063,975.6914
2000/01/01@05:27:10,1064,975.63008
2000/01/01@05:27:11,1065,975.4535
2000/01/01@05:27:13,1067,975.3189
2000/01/01@05:27:14,1068,975.05192
2000/01/01@05:27:15,1069,974.7272
2000/01/01@05:27:16,1070,974.44056
2000/01/01@05:27:17,1071,974.0468
2000/01/01@05:27:18,1072,973.90092
2000/01/01@05:27:19,1073,973.7008
2000/01/01@05:27:20,1074,973.4227
2000/01/01@05:27:21,1075,973.1856
2000/01/01@05:27:22,1076,973.0868
2000/01/01@05:27:23,1077,972.97944
2000/01/01@05:27:25,1079,972.6446
2000/01/01@05:27:26,1080,972.4458
2000/01/01@05:27:27,1081,972.1593
2000/01/01@05:27:28,1082,971.79864
2000/01/01@05:27:29,1083,971.49732
2000/01/01@05:27:30,1084,971.10832
2000/01/01@05:27:31,1085,970.7686
2000/01/01@05:27:32,1086,970.4154
2000/01/01@05:27:33,1087,970.01016
2000/01/01@05:27:34,1088,969.64824
2000/01/01@05:27:35,1089,969.2234
2000/01/01@05:27:36,1090,968.8887
2000/01/01@05:27:38,1092,968.471
2000/01/01@05:27:39,1093,968.14376
2000/01/01@05:27:40,1094,967.7374
2000/01/01@05:27:41,1095,967.405
2000/01/01@05:27:42,1096,966.9729
2000/01/01@05:27:43,1097,966.4838
2000/01/01@05:27:44,1098,965.936736
2000/01/01@05:27:45,1099,965.44008
2000/01/01@05:27:46,1100,964.8362
2000/01/01@05:27:47,1101,964.3161
2000/01/01@05:27:48,1102,963.8061
2000/01/01@05:27:49,1103,963.2985
2000/01/01@05:27:51,1105,962.75008
2000/01/01@05:27:52,1106,962.2103
2000/01/01@05:27:53,1107,961.733664
2000/01/01@05:27:54,1108,961.1136
2000/01/01@05:27:55,1109,960.5145
2000/01/01@05:27:56,1110,959.91944
2000/01/01@05:27:57,1111,959.3178
2000/01/01@05:27:58,1112,958.7411
2000/01/01@05:27:59,1113,958.1729
2000/01/01@05:28:00,1114,957.6816
2000/01/01@05:28:01,1115,957.2319
2000/01/01@05:28:02,1116,956.77332
2000/01/01@05:28:04,1118,956.2969
2000/01/01@05:28:05,1119,955.8683
2000/01/01@05:28:06,1120,955.2929
2000/01/01@05:28:07,1121,954.7928
2000/01/01@05:28:08,1122,954.2643
2000/01/01@05:28:09,1123,953.7517
2000/01/01@05:28:10,1124,953.22848
2000/01/01@05:28:11,1125,952.85768
2000/01/01@05:28:12,1126,952.5313
2000/01/01@05:28:13,1127,952.29692
2000/01/01@05:28:14,1128,952.12416
2000/01/01@05:28:15,1129,951.90684
2000/01/01@05:28:17,1131,951.6651
2000/01/01@05:28:18,1132,951.4101
2000/01/01@05:28:19,1133,951.1384
2000/01/01@05:28:20,1134,950.81368
2000/01/01@05:28:21,1135,950.4705
2000/01/01@05:28:22,1136,950.0653
2000/01/01@05:28:23,1137,949.70384
2000/01/01@05:28:24,1138,949.2593
2000/01/01@05:28:25,1139,948.85944
2000/01/01@05:28:26,1140,948.38904
2000/01/01@05:28:27,1141,947.96536
2000/01/01@05:28:28,1142,947.531568
2000/01/01@05:28:30,1144,947.09824
2000/01/01@05:28:31,1145,946.6295
2000/01/01@05:28:32,1146,946.1651
2000/01/01@05:28:33,1147,945.6795
2000/01/01@05:28:34,1148,945.1348
2000/01/01@05:28:35,1149,944.7159
2000/01/01@05:28:36,1150,944.2003
2000/01/01@05:28:37,1151,943.7676
2000/01/01@05:28:38,1152,943.27852
2000/01/01@05:28:39,1153,942.79208
2000/01/01@05:28:40,1154,942.276
2000/01/01@05:28:42,1156,941.8361
2000/01/01@05:28:43,1157,941.3647
2000/01/01@05:28:44,1158,940.834064
2000/01/01@05:28:45,1159,940.3709
2000/01/01@05:28:46,1160,939.8881
2000/01/01@05:28:47,1161,939.37132
2000/01/01@05:28:48,1162,938.8821
2000/01/01@05:28:49,1163,938.3304
2000/01/01@05:28:50,1164,937.892
2000/01/01@05:28:51,1165,937.372432
2000/01/01@05:28:52,1166,936.8817
2000/01/01@05:28:53,1167,936.3463
2000/01/01@05:28:55,1169,935.8625
2000/01/01@05:28:56,1170,935.41564
2000/01/01@05:28:57,1171,934.9307
2000/01/01@05:28:58,1172,934.4165
2000/01/01@05:28:59,1173,933.937536
2000/01/01@05:29:00,1174,933.40824
2000/01/01@05:29:01,1175,932.9141
2000/01/01@05:29:02,1176,932.329
2000/01/01@05:29:03,1177,931.8018
2000/01/01@05:29:04,1178,931.2766
2000/01/01@05:29:05,1179,930.6562
2000/01/01@05:29:06,1180,930.22216
2000/01/01@05:29:08,1182,929.71852
2000/01/01@05:29:09,1183,929.21784
2000/01/01@05:29:10,1184,928.7408
2000/01/01@05:29:11,1185,928.185232
2000/01/01@05:29:12,1186,927.6842
2000/01/01@05:29:13,1187,927.2466
2000/01/01@05:29:14,1188,926.7324
2000/01/01@05:29:15,1189,926.2127
2000/01/01@05:29:16,1190,925.7193
2000/01/01@05:29:17,1191,925.1971
2000/01/01@05:29:18,1192,924.634064
2000/01/01@05:29:19,1193,924.090736
2000/01/01@05:29:21,1195,923.6275
2000/01/01@05:29:22,1196,923.09032
2000/01/01@05:29:23,1197,922.5657
2000/01/01@05:29:24,1198,922.0927
2000/01/01@05:29:25,1199,921.605
2000/01/01@05:29:26,1200,921.048064
2000/01/01@05:29:27,1201,920.50148
2000/01/01@05:29:28,1202,920.0374
2000/01/01@05:29:29,1203,919.5037
2000/01/01@05:29:30,1204,919.0435
2000/01/01@05:29:31,1205,918.5865
2000/01/01@05:29:32,1206,918.0985
2000/01/01@05:29:34,1208,917.67552
2000/01/01@05:29:35,1209,917.21452
2000/01/01@05:29:36,1210,916.7957
2000/01/01@05:29:37,1211,916.3819
2000/01/01@05:29:38,1212,915.9282
2000/01/01@05:29:39,1213,915.4504
2000/01/01@05:29:40,1214,915.0564
2000/01/01@05:29:41,1215,914.5881
2000/01/01@05:29:42,1216,914.0581
2000/01/01@05:29:43,1217,913.5891
2000/01/01@05:29:44,1218,913.162064
2000/01/01@05:29:46,1220,912.7248
2000/01/01@05:29:47,1221,912.22976
2000/01/01@05:29:48,1222,911.75052
2000/01/01@05:29:49,1223,911.3039
2000/01/01@05:29:50,1224,910.9001
2000/01/01@05:29:51,1225,910.4437
2000/01/01@05:29:52,1226,909.986
2000/01/01@05:29:53,1227,909.49648
2000/01/01@05:29:54,1228,909.063936
2000/01/01@05:29:55,1229,908.587136
2000/01/01@05:29:56,1230,908.12492
2000/01/01@05:29:57,1231,907.6933
2000/01/01@05:29:59,1233,907.1767
2000/01/01@05:30:00,1234,906.68916
2000/01/01@05:30:01,1235,906.2346
2000/01/01@05:30:02,1236,905.738832
2000/01/01@05:30:03,1237,905.2955
2000/01/01@05:30:04,1238,904.8533
2000/01/01@05:30:05,1239,904.341
2000/01/01@05:30:06,1240,903.8588
2000/01/01@05:30:07,1241,903.4021
2000/01/01@05:30:08,1242,902.9687
2000/01/01@05:30:09,1243,902.52056
2000/01/01@05:30:10,1244,901.99192
2000/01/01@05:30:12,1246,901.53128
2000/01/01@05:30:13,1247,901.0218
2000/01/01@05:30:14,1248,900.479
2000/01/01@05:30:15,1249,900.014
2000/01/01@05:30:16,1250,899.489
2000/01/01@05:30:17,1251,899.0014
2000/01/01@05:30:18,1252,898.4666
2000/01/01@05:30:19,1253,897.9392
2000/01/01@05:30:20,1254,897.475664
2000/01/01@05:30:21,1255,896.98092
2000/01/01@05:30:22,1256,896.4293
2000/01/01@05:30:23,1257,895.9627
2000/01/01@05:30:25,1259,895.461
2000/01/01@05:30:26,1260,895.0391
2000/01/01@05:30:27,1261,894.5493
2000/01/01@05:30:28,1262,894.0517
2000/01/01@05:30:29,1263,893.5976
2000/01/01@05:30:30,1264,893.110864
2000/01/01@05:30:31,1265,892.594
2000/01/01@05:30:32,1266,892.1749
2000/01/01@05:30:33,1267,891.6856
2000/01/01@05:30:34,1268,891.22984
2000/01/01@05:30:35,1269,890.8618
2000/01/01@05:30:36,1270,890.40592
2000/01/01@05:30:38,1272,890.028432
2000/01/01@05:30:39,1273,889.59824
2000/01/01@05:30:40,1274,889.2095
2000/01/01@05:30:41,1275,888.7723
2000/01/01@05:30:42,1276,888.37448
2000/01/01@05:30:43,1277,887.9816
2000/01/01@05:30:44,1278,887.5449
2000/01/01@05:30:45,1279,887.1912
2000/01/01@05:30:46,1280,886.82516
2000/01/01@05:30:47,1281,886.40424
2000/01/01@05:30:48,1282,886.00416
2000/01/01@05:30:50,1284,885.63732
2000/01/01@05:30:51,1285,885.1897
2000/01/01@05:30:52,1286,884.7946
2000/01/01@05:30:53,1287,884.382464
2000/01/01@05:30:54,1288,883.9483
2000/01/01@05:30:55,1289,883.54624
2000/01/01@05:30:56,1290,883.0798
2000/01/01@05:30:57,1291,882.65672
2000/01/01@05:30:58,1292,882.2205
2000/01/01@05:30:59,1293,881.8351
2000/01/01@05:31:00,1294,881.457
2000/01/01@05:31:01,1295,881.0545
2000/01/01@05:31:02,1296,880.6436
2000/01/01@05:31:04,1298,880.2095
2000/01/01@05:31:05,1299,879.84624
2000/01/01@05:31:06,1300,879.4734
2000/01/01@05:31:07,1301,879.1971
2000/01/01@05:31:08,1302,878.79692
2000/01/01@05:31:09,1303,878.561664
2000/01/01@05:31:10,1304,878.2446
2000/01/01@05:31:11,1305,877.9428
2000/01/01@05:31:12,1306,877.61724
2000/01/01@05:31:13,1307,877.2386
2000/01/01@05:31:14,1308,876.8334
2000/01/01@05:31:16,1310,876.4601
2000/01/01@05:31:17,1311,876.0697
2000/01/01@05:31:18,1312,875.6082
2000/01/01@05:31:19,1313,875.14824
2000/01/01@05:31:20,1314,874.71704
2000/01/01@05:31:21,1315,874.25336
2000/01/01@05:31:22,1316,873.75808
2000/01/01@05:31:23,1317,873.3641
2000/01/01@05:31:24,1318,872.83952
2000/01/01@05:31:25,1319,872.3772
2000/01/01@05:31:26,1320,871.88664
2000/01/01@05:31:27,1321,871.4378
2000/01/01@05:31:29,1323,870.97144
2000/01/01@05:31:30,1324,870.54176
2000/01/01@05:31:31,1325,870.0034
2000/01/01@05:31:32,1326,869.5502
2000/01/01@05:31:33,1327,869.092
2000/01/01@05:31:34,1328,868.61468
2000/01/01@05:31:35,1329,868.2078
2000/01/01@05:31:36,1330,867.6892
2000/01/01@05:31:37,1331,867.2539
2000/01/01@05:31:38,1332,866.68024
2000/01/01@05:31:39,1333,866.18504
2000/01/01@05:31:40,1334,865.7547
2000/01/01@05:31:42,1336,865.18492
2000/01/01@05:31:43,1337,864.72548
2000/01/01@05:31:44,1338,864.28624
2000/01/01@05:31:45,1339,863.84376
2000/01/01@05:31:46,1340,863.45624
2000/01/01@05:31:47,1341,863.03656
2000/01/01@05:31:48,1342,862.6346
2000/01/01@05:31:49,1343,862.3304
2000/01/01@05:31:50,1344,861.933
2000/01/01@05:31:51,1345,861.56104
2000/01/01@05:31:52,1346,861.118864
2000/01/01@05:31:54,1348,860.764064
2000/01/01@05:31:55,1349,860.3795
2000/01/01@05:31:56,1350,859.9836
2000/01/01@05:31:57,1351,859.5965
2000/01/01@05:31:58,1352,859.1182
2000/01/01@05:31:59,1353,858.6258
2000/01/01@05:32:00,1354,858.229
2000/01/01@05:32:01,1355,857.82936
2000/01/01@05:32:02,1356,857.402064
2000/01/01@05:32:03,1357,856.9457
2000/01/01@05:32:04,1358,856.55024
2000/01/01@05:32:05,1359,856.11992
2000/01/01@05:32:07,1361,855.7453
2000/01/01@05:32:08,1362,855.2227
2000/01/01@05:32:09,1363,854.7736
2000/01/01@05:32:10,1364,854.27656
2000/01/01@05:32:11,1365,853.8466
2000/01/01@05:32:12,1366,853.3859
2000/01/01@05:32:13,1367,852.97576
2000/01/01@05:32:14,1368,852.55224
2000/01/01@05:32:15,1369,852.074064
2000/01/01@05:32:16,1370,851.704864
2000/01/01@05:32:17,1371,851.27096
2000/01/01@05:32:18,1372,850.8197
2000/01/01@05:32:20,1374,850.4456
2000/01/01@05:32:21,1375,849.90468
2000/01/01@05:32:22,1376,849.4833
2000/01/01@05:32:23,1377,848.98616
2000/01/01@05:32:24,1378,848.56384
2000/01/01@05:32:25,1379,848.1002
2000/01/01@05:32:26,1380,847.6834
2000/01/01@05:32:27,1381,847.236
2000/01/01@05:32:28,1382,846.77152
2000/01/01@05:32:29,1383,846.31692
2000/01/01@05:32:30,1384,845.9046
2000/01/01@05:32:31,1385,845.44808
2000/01/01@05:32:33,1387,845.0176
2000/01/01@05:32:34,1388,844.582
2000/01/01@05:32:35,1389,844.15704
2000/01/01@05:32:36,1390,843.7397
2000/01/01@05:32:37,1391,843.2748
2000/01/01@05:32:38,1392,842.89084
2000/01/01@05:32:39,1393,842.4419
2000/01/01@05:32:40,1394,842.049536
2000/01/01@05:32:41,1395,841.6346
2000/01/01@05:32:42,1396,841.16184
2000/01/01@05:32:43,1397,840.72576
2000/01/01@05:32:44,1398,840.332736
2000/01/01@05:32:46,1400,839.85316
2000/01/01@05:32:47,1401,839.48
2000/01/01@05:32:48,1402,839.06224
2000/01/01@05:32:49,1403,838.6241
2000/01/01@05:32:50,1404,838.2023
2000/01/01@05:32:51,1405,837.7374
2000/01/01@05:32:52,1406,837.2955
2000/01/01@05:32:53,1407,836.952
2000/01/01@05:32:54,1408,836.455536
2000/01/01@05:32:55,1409,836.0442
2000/01/01@05:32:56,1410,835.6027
2000/01/01@05:32:58,1412,835.2781
2000/01/01@05:32:59,1413,834.78684
2000/01/01@05:33:00,1414,834.42456
2000/01/01@05:33:01,1415,833.96824
2000/01/01@05:33:02,1416,833.51528
2000/01/01@05:33:03,1417,833.0731
2000/01/01@05:33:04,1418,832.64576
2000/01/01@05:33:05,1419,832.13748
2000/01/01@05:33:06,1420,831.6729
2000/01/01@05:33:07,1421,831.1867
2000/01/01@05:33:08,1422,830.8002
2000/01/01@05:33:09,1423,830.35408
2000/01/01@05:33:11,1424,829.9065
2000/01/01@05:33:12,1426,829.4869
2000/01/01@05:33:13,1427,829.087168
2000/01/01@05:33:14,1428,828.61832
2000/01/01@05:33:15,1429,828.17224
2000/01/01@05:33:16,1430,827.7322
2000/01/01@05:33:17,1431,827.23692
2000/01/01@05:33:18,1432,826.7692
2000/01/01@05:33:19,1433,826.29624
2000/01/01@05:33:20,1434,825.849236
2000/01/01@05:33:21,1435,825.3069
2000/01/01@05:33:22,1436,824.7829
2000/01/01@05:33:24,1438,824.271236
2000/01/01@05:33:25,1439,823.75668
2000/01/01@05:33:26,1440,823.24948
2000/01/01@05:33:27,1441,822.7684
2000/01/01@05:33:28,1442,822.37448
2000/01/01@05:33:29,1443,821.905
2000/01/01@05:33:30,1444,821.42192
2000/01/01@05:33:31,1445,820.99256
2000/01/01@05:33:32,1446,820.5042
2000/01/01@05:33:33,1447,820.06536
2000/01/01@05:33:34,1448,819.5628
2000/01/01@05:33:35,1449,819.06176
2000/01/01@05:33:37,1451,818.497536
2000/01/01@05:33:38,1452,817.9537
2000/01/01@05:33:39,1453,817.47736
2000/01/01@05:33:40,1454,816.9414
2000/01/01@05:33:41,1455,816.4261
2000/01/01@05:33:42,1456,815.9911
2000/01/01@05:33:43,1457,815.40376
2000/01/01@05:33:44,1458,814.8845
2000/01/01@05:33:45,1459,814.307568
2000/01/01@05:33:46,1460,813.678
2000/01/01@05:33:47,1461,813.185
2000/01/01@05:33:49,1462,812.5813
2000/01/01@05:33:50,1464,812.01224
2000/01/01@05:33:51,1465,811.4211
2000/01/01@05:33:52,1466,810.87216
2000/01/01@05:33:53,1467,810.3262
2000/01/01@05:33:54,1468,809.8089
2000/01/01@05:33:55,1469,809.23752
2000/01/01@05:33:56,1470,808.6289
2000/01/01@05:33:57,1471,808.1316
2000/01/01@05:33:58,1472,807.5948
2000/01/01@05:33:59,1473,807.0583
2000/01/01@05:34:00,1474,806.4897
2000/01/01@05:34:02,1476,806.0092
2000/01/01@05:34:03,1477,805.4935
2000/01/01@05:34:04,1478,804.9907
2000/01/01@05:34:05,1479,804.4288
2000/01/01@05:34:06,1480,803.9009
2000/01/01@05:34:07,1481,803.3734
2000/01/01@05:34:08,1482,802.751936
2000/01/01@05:34:09,1483,802.2949
2000/01/01@05:34:10,1484,801.81584
2000/01/01@05:34:11,1485,801.2813
2000/01/01@05:34:12,1486,800.80784
2000/01/01@05:34:13,1487,800.3332
2000/01/01@05:34:15,1488,799.8144
2000/01/01@05:34:16,1490,799.3019
2000/01/01@05:34:17,1491,798.8538
2000/01/01@05:34:18,1492,798.3563
2000/01/01@05:34:19,1493,797.832
2000/01/01@05:34:20,1494,797.3773
2000/01/01@05:34:21,1495,796.865968
2000/01/01@05:34:22,1496,796.436036
2000/01/01@05:34:23,1497,795.9934
2000/01/01@05:34:24,1498,795.587636
2000/01/01@05:34:25,1499,795.2224
2000/01/01@05:34:26,1500,794.8102
2000/01/01@05:34:28,1502,794.3807
2000/01/01@05:34:29,1503,793.9496
2000/01/01@05:34:30,1504,793.6142
2000/01/01@05:34:31,1505,793.2443
2000/01/01@05:34:32,1506,792.885568
2000/01/01@05:34:33,1507,792.4454
2000/01/01@05:34:34,1508,792.104
2000/01/01@05:34:35,1509,791.6893
2000/01/01@05:34:36,1510,791.32792
2000/01/01@05:34:37,1511,790.90684
2000/01/01@05:34:38,1512,790.53048
2000/01/01@05:34:39,1513,790.1248
2000/01/01@05:34:41,1515,789.76904
2000/01/01@05:34:42,1516,789.3083
2000/01/01@05:34:43,1517,788.9107
2000/01/01@05:34:44,1518,788.4446
2000/01/01@05:34:45,1519,788.07837
2000/01/01@05:34:46,1520,787.6307
2000/01/01@05:34:47,1521,787.1934
2000/01/01@05:34:48,1522,786.78068
2000/01/01@05:34:49,1523,786.343
2000/01/01@05:34:50,1524,785.9101
2000/01/01@05:34:51,1525,785.467136
2000/01/01@05:34:52,1526,785.04568
2000/01/01@05:34:54,1528,784.6068
2000/01/01@05:34:55,1529,784.18824
2000/01/01@05:34:56,1530,783.725168
2000/01/01@05:34:57,1531,783.27232
2000/01/01@05:34:58,1532,782.82808
2000/01/01@05:34:59,1533,782.394
2000/01/01@05:35:00,1534,781.9945
2000/01/01@05:35:01,1535,781.5337
2000/01/01@05:35:02,1536,781.1164
2000/01/01@05:35:03,1537,780.6372
2000/01/01@05:35:04,1538,780.1717
2000/01/01@05:35:06,1540,779.8196
2000/01/01@05:35:07,1541,779.391
2000/01/01@05:35:08,1542,778.973
2000/01/01@05:35:09,1543,778.580436
2000/01/01@05:35:10,1544,778.1273
2000/01/01@05:35:11,1545,777.699136
2000/01/01@05:35:12,1546,777.3052
2000/01/01@05:35:13,1547,776.8426
2000/01/01@05:35:14,1548,776.3758
2000/01/01@05:35:15,1549,775.9114
2000/01/01@05:35:16,1550,775.4849
2000/01/01@05:35:17,1551,775.057536
2000/01/01@05:35:19,1553,774.5482
2000/01/01@05:35:20,1554,774.1142
2000/01/01@05:35:21,1555,773.555236
2000/01/01@05:35:22,1556,773.076
2000/01/01@05:35:23,1557,772.644036
2000/01/01@05:35:24,1558,772.212036
2000/01/01@05:35:25,1559,771.7374
2000/01/01@05:35:26,1560,771.2994
2000/01/01@05:35:27,1561,770.8382
2000/01/01@05:35:28,1562,770.3579
2000/01/01@05:35:29,1563,769.9183
2000/01/01@05:35:30,1564,769.465636
2000/01/01@05:35:32,1566,769.095136
2000/01/01@05:35:33,1567,768.6525
2000/01/01@05:35:34,1568,768.27932
2000/01/01@05:35:35,1569,767.846436
2000/01/01@05:35:36,1570,767.4646
2000/01/01@05:35:37,1571,767.02152
2000/01/01@05:35:38,1572,766.6203
2000/01/01@05:35:39,1573,766.207
2000/01/01@05:35:40,1574,765.752436
2000/01/01@05:35:41,1575,765.3225
2000/01/01@05:35:42,1576,764.8624
2000/01/01@05:35:43,1577,764.44904
2000/01/01@05:35:45,1579,763.9602
2000/01/01@05:35:46,1580,763.4858
2000/01/01@05:35:47,1581,763.0284
2000/01/01@05:35:48,1582,762.512
2000/01/01@05:35:49,1583,761.9787
2000/01/01@05:35:50,1584,761.5449
2000/01/01@05:35:51,1585,761.0214
2000/01/01@05:35:52,1586,760.51084
2000/01/01@05:35:53,1587,760.0633
2000/01/01@05:35:54,1588,759.5538
2000/01/01@05:35:55,1589,759.0676
2000/01/01@05:35:56,1590,758.6733
2000/01/01@05:35:58,1592,758.2198
2000/01/01@05:35:59,1593,757.8018
2000/01/01@05:36:00,1594,757.40824
2000/01/01@05:36:01,1595,757.08576
2000/01/01@05:36:02,1596,756.6833
2000/01/01@05:36:03,1597,756.2988
2000/01/01@05:36:04,1598,755.9528
2000/01/01@05:36:05,1599,755.672368
2000/01/01@05:36:06,1600,755.2996
2000/01/01@05:36:07,1601,755.03108
2000/01/01@05:36:08,1602,754.7035
2000/01/01@05:36:09,1603,754.4378
2000/01/01@05:36:11,1605,754.1565
2000/01/01@05:36:12,1606,753.891936
2000/01/01@05:36:13,1607,753.6175
2000/01/01@05:36:14,1608,753.34296
2000/01/01@05:36:15,1609,753.0669
2000/01/01@05:36:16,1610,752.8622
2000/01/01@05:36:17,1611,752.5857
2000/01/01@05:36:18,1612,752.41176
2000/01/01@05:36:19,1613,752.1864
2000/01/01@05:36:20,1614,751.8934
2000/01/01@05:36:21,1615,751.6682
2000/01/01@05:36:23,1616,751.38888
2000/01/01@05:36:24,1618,751.144
2000/01/01@05:36:25,1619,750.8321
2000/01/01@05:36:26,1620,750.5105
2000/01/01@05:36:27,1621,750.0974
2000/01/01@05:36:28,1622,749.77512
2000/01/01@05:36:29,1623,749.35912
2000/01/01@05:36:30,1624,748.9634
2000/01/01@05:36:31,1625,748.5377
2000/01/01@05:36:32,1626,748.0714
2000/01/01@05:36:33,1627,747.5886
2000/01/01@05:36:34,1628,747.111636
2000/01/01@05:36:36,1630,746.5913
2000/01/01@05:36:37,1631,746.1155
2000/01/01@05:36:38,1632,745.6218
2000/01/01@05:36:39,1633,745.12712
2000/01/01@05:36:40,1634,744.6683
2000/01/01@05:36:41,1635,744.2827
2000/01/01@05:36:42,1636,743.88744
2000/01/01@05:36:43,1637,743.5383
2000/01/01@05:36:44,1638,743.0645
2000/01/01@05:36:45,1639,742.6828
2000/01/01@05:36:46,1640,742.28184
2000/01/01@05:36:47,1641,741.8981
2000/01/01@05:36:49,1643,741.507
2000/01/01@05:36:50,1644,741.0453
2000/01/01@05:36:51,1645,740.6281
2000/01/01@05:36:52,1646,740.15608
2000/01/01@05:36:53,1647,739.6526
2000/01/01@05:36:54,1648,739.2356
2000/01/01@05:36:55,1649,738.743936
2000/01/01@05:36:56,1650,738.2053
2000/01/01@05:36:57,1651,737.73912
2000/01/01@05:36:58,1652,737.1132
2000/01/01@05:36:59,1653,736.5909
2000/01/01@05:37:00,1654,736.0848
2000/01/01@05:37:02,1656,735.5673
2000/01/01@05:37:03,1657,735.0845
2000/01/01@05:37:04,1658,734.5891
2000/01/01@05:37:05,1659,734.046
2000/01/01@05:37:06,1660,733.5642
2000/01/01@05:37:07,1661,733.00492
2000/01/01@05:37:08,1662,732.465636
2000/01/01@05:37:09,1663,731.9799
2000/01/01@05:37:10,1664,731.5022
2000/01/01@05:37:11,1665,730.984436
2000/01/01@05:37:12,1666,730.5285
2000/01/01@05:37:13,1667,730.1189
2000/01/01@05:37:15,1669,729.673636
2000/01/01@05:37:16,1670,729.24504
2000/01/01@05:37:17,1671,728.85096
2000/01/01@05:37:18,1672,728.4269
2000/01/01@05:37:19,1673,727.89452
2000/01/01@05:37:20,1674,727.53484
2000/01/01@05:37:21,1675,727.08548
2000/01/01@05:37:22,1676,726.63692
2000/01/01@05:37:23,1677,726.2024
2000/01/01@05:37:24,1678,725.8015
2000/01/01@05:37:25,1679,725.34264
2000/01/01@05:37:27,1681,724.8873
2000/01/01@05:37:28,1682,724.4324
2000/01/01@05:37:29,1683,723.94104
2000/01/01@05:37:30,1684,723.471536
2000/01/01@05:37:31,1685,722.9775
2000/01/01@05:37:32,1686,722.4557
2000/01/01@05:37:33,1687,721.93476
2000/01/01@05:37:34,1688,721.4238
2000/01/01@05:37:35,1689,720.84092
2000/01/01@05:37:36,1690,720.32888
2000/01/01@05:37:37,1691,719.8235
2000/01/01@05:37:38,1692,719.3314
2000/01/01@05:37:40,1694,718.8095
2000/01/01@05:37:41,1695,718.2957
2000/01/01@05:37:42,1696,717.74224
2000/01/01@05:37:43,1697,717.24008
2000/01/01@05:37:44,1698,716.72624
2000/01/01@05:37:45,1699,716.27672
2000/01/01@05:37:46,1700,715.7717
2000/01/01@05:37:47,1701,715.29064
2000/01/01@05:37:48,1702,714.8569
2000/01/01@05:37:49,1703,714.4563
2000/01/01@05:37:50,1704,713.95016
2000/01/01@05:37:51,1705,713.6287
2000/01/01@05:37:53,1707,713.21932
2000/01/01@05:37:54,1708,712.8287
2000/01/01@05:37:55,1709,712.44352
2000/01/01@05:37:56,1710,712.002436
2000/01/01@05:37:57,1711,711.5619
2000/01/01@05:37:58,1712,711.1897
2000/01/01@05:37:59,1713,710.775636
2000/01/01@05:38:00,1714,710.34936
2000/01/01@05:38:01,1715,709.96732
2000/01/01@05:38:02,1716,709.5546
2000/01/01@05:38:03,1717,709.103
2000/01/01@05:38:05,1719,708.7003
2000/01/01@05:38:06,1720,708.26516
2000/01/01@05:38:07,1721,707.8166
2000/01/01@05:38:08,1722,707.4393
2000/01/01@05:38:09,1723,706.94776
2000/01/01@05:38:10,1724,706.53268
2000/01/01@05:38:11,1725,706.065536
2000/01/01@05:38:12,1726,705.6307
2000/01/01@05:38:13,1727,705.204036
2000/01/01@05:38:14,1728,704.7594
2000/01/01@05:38:15,1729,704.3308
2000/01/01@05:38:16,1730,703.9207
2000/01/01@05:38:18,1731,703.5828
2000/01/01@05:38:19,1733,703.2003
2000/01/01@05:38:20,1734,702.7862
2000/01/01@05:38:21,1735,702.3473
2000/01/01@05:38:22,1736,701.91128
2000/01/01@05:38:23,1737,701.456
2000/01/01@05:38:24,1738,701.0799
2000/01/01@05:38:25,1739,700.5877
2000/01/01@05:38:26,1740,700.0998
2000/01/01@05:38:27,1741,699.6487
2000/01/01@05:38:28,1742,699.14952
2000/01/01@05:38:29,1743,698.6834
2000/01/01@05:38:31,1745,698.23416
2000/01/01@05:38:32,1746,697.6912
2000/01/01@05:38:33,1747,697.2165
2000/01/01@05:38:34,1748,696.66092
2000/01/01@05:38:35,1749,696.15332
2000/01/01@05:38:36,1750,695.7072
2000/01/01@05:38:37,1751,695.1436
2000/01/01@05:38:38,1752,694.6623
2000/01/01@05:38:39,1753,694.15332
2000/01/01@05:38:40,1754,693.6758
2000/01/01@05:38:41,1755,693.19776
2000/01/01@05:38:42,1756,692.73584
2000/01/01@05:38:44,1758,692.2193
2000/01/01@05:38:45,1759,691.7225
2000/01/01@05:38:46,1760,691.26584
2000/01/01@05:38:47,1761,690.7683
2000/01/01@05:38:48,1762,690.322436
2000/01/01@05:38:49,1763,689.8175
2000/01/01@05:38:50,1764,689.3942
2000/01/01@05:38:51,1765,688.955568
2000/01/01@05:38:52,1766,688.5422
2000/01/01@05:38:53,1767,688.1532
2000/01/01@05:38:54,1768,687.72296
2000/01/01@05:38:55,1769,687.345
2000/01/01@05:38:57,1771,686.9609
2000/01/01@05:38:58,1772,686.5695
2000/01/01@05:38:59,1773,686.18948
2000/01/01@05:39:00,1774,685.8382
2000/01/01@05:39:01,1775,685.4811
2000/01/01@05:39:02,1776,685.12
2000/01/01@05:39:03,1777,684.73016
2000/01/01@05:39:04,1778,684.3851
2000/01/01@05:39:05,1779,683.9989
2000/01/01@05:39:06,1780,683.5822
2000/01/01@05:39:07,1781,683.2008
2000/01/01@05:39:08,1782,682.8425
2000/01/01@05:39:10,1784,682.4322
2000/01/01@05:39:11,1785,682.030768
2000/01/01@05:39:12,1786,681.5856
2000/01/01@05:39:13,1787,681.1705
2000/01/01@05:39:14,1788,680.7982
2000/01/01@05:39:15,1789,680.34952
2000/01/01@05:39:16,1790,679.9221
2000/01/01@05:39:17,1791,679.5298
2000/01/01@05:39:18,1792,679.1526
2000/01/01@05:39:19,1793,678.7272
2000/01/01@05:39:20,1794,678.3158
2000/01/01@05:39:21,1795,677.97064
2000/01/01@05:39:23,1797,677.5555
2000/01/01@05:39:24,1798,677.12224
2000/01/01@05:39:25,1799,676.7776
2000/01/01@05:39:26,1800,676.33816
2000/01/01@05:39:27,1801,675.9151
2000/01/01@05:39:28,1802,675.5276
2000/01/01@05:39:29,1803,675.09096
2000/01/01@05:39:30,1804,674.6956
2000/01/01@05:39:31,1805,674.2553
2000/01/01@05:39:32,1806,673.7989
2000/01/01@05:39:33,1807,673.3703
2000/01/01@05:39:34,1808,672.9682
2000/01/01@05:39:36,1810,672.54376
2000/01/01@05:39:37,1811,672.1322
2000/01/01@05:39:38,1812,671.70872
2000/01/01@05:39:39,1813,671.21768
2000/01/01@05:39:40,1814,670.7466
2000/01/01@05:39:41,1815,670.33184
2000/01/01@05:39:42,1816,669.88084
2000/01/01@05:39:43,1817,669.39904
2000/01/01@05:39:44,1818,669.0145
2000/01/01@05:39:45,1819,668.5926
2000/01/01@05:39:46,1820,668.2277
2000/01/01@05:39:48,1822,667.836
2000/01/01@05:39:49,1823,667.4924
2000/01/01@05:39:50,1824,667.1682
2000/01/01@05:39:51,1825,666.7991
2000/01/01@05:39:52,1826,666.53216
2000/01/01@05:39:53,1827,666.0746
2000/01/01@05:39:54,1828,665.73364
2000/01/01@05:39:55,1829,665.36724
2000/01/01@05:39:56,1830,664.9441
2000/01/01@05:39:57,1831,664.5161
2000/01/01@05:39:58,1832,664.0977
2000/01/01@05:39:59,1833,663.6848
2000/01/01@05:40:01,1835,663.2929
2000/01/01@05:40:02,1836,662.8624
2000/01/01@05:40:03,1837,662.4419
2000/01/01@05:40:04,1838,662.027
2000/01/01@05:40:05,1839,661.55384
2000/01/01@05:40:06,1840,661.08124
2000/01/01@05:40:07,1841,660.6233
2000/01/01@05:40:08,1842,660.21452
2000/01/01@05:40:09,1843,659.81476
2000/01/01@05:40:10,1844,659.4034
2000/01/01@05:40:11,1845,659.0095
2000/01/01@05:40:12,1846,658.66724
2000/01/01@05:40:14,1848,658.2633
2000/01/01@05:40:15,1849,657.90732
2000/01/01@05:40:16,1850,657.4826
2000/01/01@05:40:17,1851,657.0998
2000/01/01@05:40:18,1852,656.67304
2000/01/01@05:40:19,1853,656.2871
2000/01/01@05:40:20,1854,655.9063
2000/01/01@05:40:21,1855,655.5151
2000/01/01@05:40:22,1856,655.16236
2000/01/01@05:40:23,1857,654.72176
2000/01/01@05:40:24,1858,654.33884
2000/01/01@05:40:25,1859,653.9453
2000/01/01@05:40:27,1861,653.5969
2000/01/01@05:40:28,1862,653.1947
2000/01/01@05:40:29,1863,652.8587
2000/01/01@05:40:30,1864,652.479
2000/01/01@05:40:31,1865,652.0953
2000/01/01@05:40:32,1866,651.7198
2000/01/01@05:40:33,1867,651.3999
2000/01/01@05:40:34,1868,650.9522
2000/01/01@05:40:35,1869,650.62724
2000/01/01@05:40:36,1870,650.26136
2000/01/01@05:40:37,1871,649.90548
2000/01/01@05:40:38,1872,649.4674
2000/01/01@05:40:40,1874,649.06756
2000/01/01@05:40:41,1875,648.7156
2000/01/01@05:40:42,1876,648.3079
2000/01/01@05:40:43,1877,647.93384
2000/01/01@05:40:44,1878,647.5339
2000/01/01@05:40:45,1879,647.17
2000/01/01@05:40:46,1880,646.8317
2000/01/01@05:40:47,1881,646.4519
2000/01/01@05:40:48,1882,646.086
2000/01/01@05:40:49,1883,645.73476
2000/01/01@05:40:50,1884,645.2891
2000/01/01@05:40:51,1885,644.96564
2000/01/01@05:40:53,1887,644.5404
2000/01/01@05:40:54,1888,644.1418
2000/01/01@05:40:55,1889,643.7336
2000/01/01@05:40:56,1890,643.3083
2000/01/01@05:40:57,1891,642.95184
2000/01/01@05:40:58,1892,642.6052
2000/01/01@05:40:59,1893,642.24096
2000/01/01@05:41:00,1894,641.8706
2000/01/01@05:41:01,1895,641.51516
2000/01/01@05:41:02,1896,641.17052
2000/01/01@05:41:03,1897,640.75024
2000/01/01@05:41:05,1899,640.4237
2000/01/01@05:41:06,1900,640.086
2000/01/01@05:41:07,1901,639.7283
2000/01/01@05:41:08,1902,639.3514
2000/01/01@05:41:09,1903,638.98016
2000/01/01@05:41:10,1904,638.5448
2000/01/01@05:41:11,1905,638.2402
2000/01/01@05:41:12,1906,637.8423
2000/01/01@05:41:13,1907,637.5047
2000/01/01@05:41:14,1908,637.1427
2000/01/01@05:41:15,1909,636.7643
2000/01/01@05:41:16,1910,636.3313
2000/01/01@05:41:18,1912,635.93632
2000/01/01@05:41:19,1913,635.56368
2000/01/01@05:41:20,1914,635.1779
2000/01/01@05:41:21,1915,634.84436
2000/01/01@05:41:22,1916,634.4456
2000/01/01@05:41:23,1917,634.14184
2000/01/01@05:41:24,1918,633.76652
2000/01/01@05:41:25,1919,633.4684
2000/01/01@05:41:26,1920,633.155
2000/01/01@05:41:27,1921,632.815
2000/01/01@05:41:28,1922,632.4916
2000/01/01@05:41:29,1923,632.2094
2000/01/01@05:41:31,1925,631.92944
2000/01/01@05:41:32,1926,631.6632
2000/01/01@05:41:33,1927,631.35736
2000/01/01@05:41:34,1928,631.06352
2000/01/01@05:41:35,1929,630.7837
2000/01/01@05:41:36,1930,630.3615
2000/01/01@05:41:37,1931,630.01824
2000/01/01@05:41:38,1932,629.7275
2000/01/01@05:41:39,1933,629.3102
2000/01/01@05:41:40,1934,628.98424
2000/01/01@05:41:41,1935,628.6193
2000/01/01@05:41:42,1936,628.25492
2000/01/01@05:41:44,1938,627.8176
2000/01/01@05:41:45,1939,627.48848
2000/01/01@05:41:46,1940,627.06808
2000/01/01@05:41:47,1941,626.6318
2000/01/01@05:41:48,1942,626.2366
2000/01/01@05:41:49,1943,625.87524
2000/01/01@05:41:50,1944,625.38948
2000/01/01@05:41:51,1945,624.9806
2000/01/01@05:41:52,1946,624.5427
2000/01/01@05:41:53,1947,624.1566
2000/01/01@05:41:54,1948,623.74332
2000/01/01@05:41:55,1949,623.29424
2000/01/01@05:41:57,1951,622.90092
2000/01/01@05:41:58,1952,622.42896
2000/01/01@05:41:59,1953,622.01224
2000/01/01@05:42:00,1954,621.61552
2000/01/01@05:42:01,1955,621.20024
2000/01/01@05:42:02,1956,620.78204
2000/01/01@05:42:03,1957,620.3169
2000/01/01@05:42:04,1958,619.92268
2000/01/01@05:42:05,1959,619.5309
2000/01/01@05:42:06,1960,619.07836
2000/01/01@05:42:07,1961,618.6694
2000/01/01@05:42:09,1963,618.2884
2000/01/01@05:42:10,1964,617.78064
2000/01/01@05:42:11,1965,617.38556
2000/01/01@05:42:12,1966,616.9818
2000/01/01@05:42:13,1967,616.56036
2000/01/01@05:42:14,1968,616.158
2000/01/01@05:42:15,1969,615.7555
2000/01/01@05:42:16,1970,615.2849
2000/01/01@05:42:17,1971,614.8408
2000/01/01@05:42:18,1972,614.4353
2000/01/01@05:42:19,1973,614.0043
2000/01/01@05:42:20,1974,613.5743
2000/01/01@05:42:21,1975,613.1966
2000/01/01@05:42:23,1977,612.68244
2000/01/01@05:42:24,1978,612.27856
2000/01/01@05:42:25,1979,611.85596
2000/01/01@05:42:26,1980,611.43492
2000/01/01@05:42:27,1981,610.9625
2000/01/01@05:42:28,1982,610.5396
2000/01/01@05:42:29,1983,610.086
2000/01/01@05:42:30,1984,609.616
2000/01/01@05:42:31,1985,609.18224
2000/01/01@05:42:32,1986,608.70336
2000/01/01@05:42:33,1987,608.2864
2000/01/01@05:42:35,1989,607.8759
2000/01/01@05:42:36,1990,607.4525
2000/01/01@05:42:37,1991,607.0107
2000/01/01@05:42:38,1992,606.58716
2000/01/01@05:42:39,1993,606.1514
2000/01/01@05:42:40,1994,605.69884
2000/01/01@05:42:41,1995,605.2597
2000/01/01@05:42:42,1996,604.7948
2000/01/01@05:42:43,1997,604.3878
2000/01/01@05:42:44,1998,603.9319
2000/01/01@05:42:45,1999,603.5028
2000/01/01@05:42:46,2000,603.02676
2000/01/01@05:42:48,2002,602.6489
2000/01/01@05:42:49,2003,602.2191
2000/01/01@05:42:50,2004,601.7851
2000/01/01@05:42:51,2005,601.4006
2000/01/01@05:42:52,2006,600.9447
2000/01/01@05:42:53,2007,600.5259
2000/01/01@05:42:54,2008,600.0536
2000/01/01@05:42:55,2009,599.6041
2000/01/01@05:42:56,2010,599.156
2000/01/01@05:42:57,2011,598.699
2000/01/01@05:42:58,2012,598.34656
2000/01/01@05:42:59,2013,597.8684
2000/01/01@05:43:01,2015,597.5249
2000/01/01@05:43:02,2016,597.1262
2000/01/01@05:43:03,2017,596.72204
2000/01/01@05:43:04,2018,596.3615
2000/01/01@05:43:05,2019,596.00104
2000/01/01@05:43:06,2020,595.55508
2000/01/01@05:43:07,2021,595.1796
2000/01/01@05:43:08,2022,594.70916
2000/01/01@05:43:09,2023,594.3625
2000/01/01@05:43:10,2024,593.9621
2000/01/01@05:43:11,2025,593.4853
2000/01/01@05:43:12,2026,593.096
2000/01/01@05:43:14,2028,592.6609
2000/01/01@05:43:15,2029,592.25256
2000/01/01@05:43:16,2030,591.83
2000/01/01@05:43:17,2031,591.4093
2000/01/01@05:43:18,2032,590.9951
2000/01/01@05:43:19,2033,590.555
2000/01/01@05:43:20,2034,590.1484
2000/01/01@05:43:21,2035,589.6911
2000/01/01@05:43:22,2036,589.30444
2000/01/01@05:43:23,2037,588.9077
2000/01/01@05:43:24,2038,588.47364
2000/01/01@05:43:25,2039,588.0883
2000/01/01@05:43:27,2041,587.6817
2000/01/01@05:43:28,2042,587.2754
2000/01/01@05:43:29,2043,586.89592
2000/01/01@05:43:30,2044,586.4911
2000/01/01@05:43:31,2045,586.1094
2000/01/01@05:43:32,2046,585.6815
2000/01/01@05:43:33,2047,585.2657
2000/01/01@05:43:34,2048,584.8669
2000/01/01@05:43:35,2049,584.4651
2000/01/01@05:43:36,2050,584.10392
2000/01/01@05:43:37,2051,583.69884
2000/01/01@05:43:38,2052,583.2509
2000/01/01@05:43:40,2054,582.8017
2000/01/01@05:43:41,2055,582.42596
2000/01/01@05:43:42,2056,581.9787
2000/01/01@05:43:43,2057,581.55964
2000/01/01@05:43:44,2058,581.1191
2000/01/01@05:43:45,2059,580.74536
2000/01/01@05:43:46,2060,580.32432
2000/01/01@05:43:47,2061,579.90784
2000/01/01@05:43:48,2062,579.5006
2000/01/01@05:43:49,2063,579.1028
2000/01/01@05:43:50,2064,578.7534
2000/01/01@05:43:52,2065,578.4204
2000/01/01@05:43:53,2067,578.0748
2000/01/01@05:43:54,2068,577.7385
2000/01/01@05:43:55,2069,577.40624
2000/01/01@05:43:56,2070,577.094
2000/01/01@05:43:57,2071,576.7159
2000/01/01@05:43:58,2072,576.42552
2000/01/01@05:43:59,2073,576.03092
2000/01/01@05:44:00,2074,575.75604
2000/01/01@05:44:01,2075,575.3904
2000/01/01@05:44:02,2076,575.0525
2000/01/01@05:44:03,2077,574.6928
2000/01/01@05:44:05,2079,574.319
2000/01/01@05:44:06,2080,573.9632
2000/01/01@05:44:07,2081,573.62148
2000/01/01@05:44:08,2082,573.28296
2000/01/01@05:44:09,2083,572.92
2000/01/01@05:44:10,2084,572.47436
2000/01/01@05:44:11,2085,572.13492
2000/01/01@05:44:12,2086,571.74536
2000/01/01@05:44:13,2087,571.2975
2000/01/01@05:44:14,2088,570.9098
2000/01/01@05:44:15,2089,570.48944
2000/01/01@05:44:16,2090,570.0818
2000/01/01@05:44:18,2092,569.6841
2000/01/01@05:44:19,2093,569.1975
2000/01/01@05:44:20,2094,568.76516
2000/01/01@05:44:21,2095,568.34076
2000/01/01@05:44:22,2096,567.9488
2000/01/01@05:44:23,2097,567.49116
2000/01/01@05:44:24,2098,567.0635
2000/01/01@05:44:25,2099,566.6098
2000/01/01@05:44:26,2100,566.15704
2000/01/01@05:44:27,2101,565.7481
2000/01/01@05:44:28,2102,565.3668
2000/01/01@05:44:29,2103,564.9147
2000/01/01@05:44:31,2105,564.5227
2000/01/01@05:44:32,2106,564.1376
2000/01/01@05:44:33,2107,563.76416
2000/01/01@05:44:34,2108,563.4277
2000/01/01@05:44:35,2109,563.0876
2000/01/01@05:44:36,2110,562.6909
2000/01/01@05:44:37,2111,562.33676
2000/01/01@05:44:38,2112,561.9798
2000/01/01@05:44:39,2113,561.58776
2000/01/01@05:44:40,2114,561.24052
2000/01/01@05:44:41,2115,560.82636
2000/01/01@05:44:42,2116,560.4359
2000/01/01@05:44:44,2118,560.07084
2000/01/01@05:44:45,2119,559.64748
2000/01/01@05:44:46,2120,559.3171
2000/01/01@05:44:47,2121,558.8284
2000/01/01@05:44:48,2122,558.45516
2000/01/01@05:44:49,2123,558.0264
2000/01/01@05:44:50,2124,557.6439
2000/01/01@05:44:51,2125,557.2601
2000/01/01@05:44:52,2126,556.8395
2000/01/01@05:44:53,2127,556.4453
2000/01/01@05:44:54,2128,556.07084
2000/01/01@05:44:56,2130,555.70108
2000/01/01@05:44:57,2131,555.28344
2000/01/01@05:44:58,2132,554.9261
2000/01/01@05:44:59,2133,554.52608
2000/01/01@05:45:00,2134,554.1506
2000/01/01@05:45:01,2135,553.80744
2000/01/01@05:45:02,2136,553.44776
2000/01/01@05:45:03,2137,553.07384
2000/01/01@05:45:04,2138,552.62084
2000/01/01@05:45:05,2139,552.231
2000/01/01@05:45:06,2140,551.8357
2000/01/01@05:45:07,2141,551.41924
2000/01/01@05:45:09,2143,551.09892
2000/01/01@05:45:10,2144,550.71984
2000/01/01@05:45:11,2145,550.346
2000/01/01@05:45:12,2146,549.9576
2000/01/01@05:45:13,2147,549.5965
2000/01/01@05:45:14,2148,549.2269
2000/01/01@05:45:15,2149,548.84848
2000/01/01@05:45:16,2150,548.4636
2000/01/01@05:45:17,2151,548.1106
2000/01/01@05:45:18,2152,547.7272
2000/01/01@05:45:19,2153,547.35
2000/01/01@05:45:20,2154,546.9611
2000/01/01@05:45:22,2156,546.5859
2000/01/01@05:45:23,2157,546.21844
2000/01/01@05:45:24,2158,545.8522
2000/01/01@05:45:25,2159,545.4447
2000/01/01@05:45:26,2160,545.081
2000/01/01@05:45:27,2161,544.7304
2000/01/01@05:45:28,2162,544.2929
2000/01/01@05:45:29,2163,543.91376
2000/01/01@05:45:30,2164,543.4931
2000/01/01@05:45:31,2165,543.1216
2000/01/01@05:45:32,2166,542.7481
2000/01/01@05:45:33,2167,542.30744
2000/01/01@05:45:35,2169,541.8741
2000/01/01@05:45:36,2170,541.5034
2000/01/01@05:45:37,2171,541.09016
2000/01/01@05:45:38,2172,540.69556
2000/01/01@05:45:39,2173,540.36016
2000/01/01@05:45:40,2174,539.9665
2000/01/01@05:45:41,2175,539.5757
2000/01/01@05:45:42,2176,539.1933
2000/01/01@05:45:43,2177,538.85736
2000/01/01@05:45:44,2178,538.4383
2000/01/01@05:45:45,2179,538.09576
2000/01/01@05:45:46,2180,537.6574
2000/01/01@05:45:48,2182,537.2568
2000/01/01@05:45:49,2183,536.8852
2000/01/01@05:45:50,2184,536.5224
2000/01/01@05:45:51,2185,536.1591
2000/01/01@05:45:52,2186,535.7701
2000/01/01@05:45:53,2187,535.41348
2000/01/01@05:45:54,2188,535.0528
2000/01/01@05:45:55,2189,534.71856
2000/01/01@05:45:56,2190,534.35236
2000/01/01@05:45:57,2191,534.02356
2000/01/01@05:45:58,2192,533.69904
2000/01/01@05:45:59,2193,533.36692
2000/01/01@05:46:01,2195,533.0544
2000/01/01@05:46:02,2196,532.7546
2000/01/01@05:46:03,2197,532.42692
2000/01/01@05:46:04,2198,532.0646
2000/01/01@05:46:05,2199,531.7447
2000/01/01@05:46:06,2200,531.4165
2000/01/01@05:46:07,2201,531.1199
2000/01/01@05:46:08,2202,530.8497
2000/01/01@05:46:09,2203,530.5531
2000/01/01@05:46:10,2204,530.1975
2000/01/01@05:46:11,2205,529.9394
2000/01/01@05:46:13,2207,529.6647
2000/01/01@05:46:14,2208,529.3413
2000/01/01@05:46:15,2209,528.9992
2000/01/01@05:46:16,2210,528.6398
2000/01/01@05:46:17,2211,528.26464
2000/01/01@05:46:18,2212,527.9451
2000/01/01@05:46:19,2213,527.6262
2000/01/01@05:46:20,2214,527.2991
2000/01/01@05:46:21,2215,526.9597
2000/01/01@05:46:22,2216,526.60208
2000/01/01@05:46:23,2217,526.31116
2000/01/01@05:46:24,2218,526.0228
2000/01/01@05:46:26,2220,525.76324
2000/01/01@05:46:27,2221,525.4453
2000/01/01@05:46:28,2222,525.1802
2000/01/01@05:46:29,2223,524.87492
2000/01/01@05:46:30,2224,524.5586
2000/01/01@05:46:31,2225,524.19716
2000/01/01@05:46:32,2226,523.8935
2000/01/01@05:46:33,2227,523.5365
2000/01/01@05:46:34,2228,523.21936
2000/01/01@05:46:35,2229,522.90784
2000/01/01@05:46:36,2230,522.56416
2000/01/01@05:46:37,2231,522.2535
2000/01/01@05:46:39,2233,521.9208
2000/01/01@05:46:40,2234,521.57544
2000/01/01@05:46:41,2235,521.23804
2000/01/01@05:46:42,2236,520.88904
2000/01/01@05:46:43,2237,520.55832
2000/01/01@05:46:44,2238,520.19904
2000/01/01@05:46:45,2239,519.81632
2000/01/01@05:46:46,2240,519.47348
2000/01/01@05:46:47,2241,519.146
2000/01/01@05:46:48,2242,518.81696
2000/01/01@05:46:49,2243,518.52276
2000/01/01@05:46:50,2244,518.2004
2000/01/01@05:46:52,2246,517.91236
2000/01/01@05:46:53,2247,517.7008
2000/01/01@05:46:54,2248,517.5021
2000/01/01@05:46:55,2249,517.28736
2000/01/01@05:46:56,2250,517.1308
2000/01/01@05:46:57,2251,516.88196
2000/01/01@05:46:58,2252,516.66564
2000/01/01@05:46:59,2253,516.4073
2000/01/01@05:47:00,2254,516.2651
2000/01/01@05:47:01,2255,516.1068
2000/01/01@05:47:02,2256,515.98236
2000/01/01@05:47:03,2257,515.78736
2000/01/01@05:47:05,2259,515.6432
2000/01/01@05:47:06,2260,515.5218
2000/01/01@05:47:07,2261,515.40108
2000/01/01@05:47:08,2262,515.3205
2000/01/01@05:47:09,2263,515.23316
2000/01/01@05:47:10,2264,515.0674
2000/01/01@05:47:11,2265,514.99552
2000/01/01@05:47:12,2266,514.8641
2000/01/01@05:47:13,2267,514.7665
2000/01/01@05:47:14,2268,514.6369
2000/01/01@05:47:15,2269,514.57836
2000/01/01@05:47:17,2270,514.41516
2000/01/01@05:47:18,2272,514.3101
2000/01/01@05:47:19,2273,514.1985
2000/01/01@05:47:20,2274,514.0878
2000/01/01@05:47:21,2275,513.96176
2000/01/01@05:47:22,2276,513.837
2000/01/01@05:47:23,2277,513.7501
2000/01/01@05:47:24,2278,513.6686
2000/01/01@05:47:25,2279,513.59468
2000/01/01@05:47:26,2280,513.4819
2000/01/01@05:47:27,2281,513.39276
2000/01/01@05:47:28,2282,513.2659
2000/01/01@05:47:30,2284,513.1182
2000/01/01@05:47:31,2285,513.0044
2000/01/01@05:47:32,2286,512.9176
2000/01/01@05:47:33,2287,512.87648
2000/01/01@05:47:34,2288,512.77344
2000/01/01@05:47:35,2289,512.66284
2000/01/01@05:47:36,2290,512.5889
2000/01/01@05:47:37,2291,512.4602
2000/01/01@05:47:38,2292,512.3867
2000/01/01@05:47:39,2293,512.2928
2000/01/01@05:47:40,2294,512.22736
2000/01/01@05:47:41,2295,512.09216
2000/01/01@05:47:43,2297,512.0032
2000/01/01@05:47:44,2298,511.870536
2000/01/01@05:47:45,2299,511.70644
2000/01/01@05:47:46,2300,511.61564
2000/01/01@05:47:47,2301,511.53784
2000/01/01@05:47:48,2302,511.4513
2000/01/01@05:47:49,2303,511.3339
2000/01/01@05:47:50,2304,511.22512
2000/01/01@05:47:51,2305,511.116936
2000/01/01@05:47:52,2306,510.9814
2000/01/01@05:47:53,2307,510.9124
2000/01/01@05:47:54,2308,510.82768
2000/01/01@05:47:56,2310,510.6375
2000/01/01@05:47:57,2311,510.58024
2000/01/01@05:47:58,2312,510.5121
2000/01/01@05:47:59,2313,510.379
2000/01/01@05:48:00,2314,510.300536
2000/01/01@05:48:01,2315,510.162
2000/01/01@05:48:02,2316,510.0664
2000/01/01@05:48:03,2317,509.98172
2000/01/01@05:48:04,2318,509.89232
2000/01/01@05:48:05,2319,509.8089
2000/01/01@05:48:06,2320,509.71624
2000/01/01@05:48:07,2321,509.6057
2000/01/01@05:48:09,2323,509.51084
2000/01/01@05:48:10,2324,509.40296
2000/01/01@05:48:11,2325,509.2699
2000/01/01@05:48:12,2326,509.19912
2000/01/01@05:48:13,2327,509.0988
2000/01/01@05:48:14,2328,508.9406
2000/01/01@05:48:15,2329,508.84136
2000/01/01@05:48:16,2330,508.72976
2000/01/01@05:48:17,2331,508.633832
2000/01/01@05:48:18,2332,508.57544
2000/01/01@05:48:19,2333,508.4556
2000/01/01@05:48:21,2335,508.34616
2000/01/01@05:48:22,2336,508.249536
2000/01/01@05:48:23,2337,508.11176
2000/01/01@05:48:24,2338,507.953568
2000/01/01@05:48:25,2339,507.85824
2000/01/01@05:48:26,2340,507.7554
2000/01/01@05:48:27,2341,507.66816
2000/01/01@05:48:28,2342,507.54224
2000/01/01@05:48:29,2343,507.4333
2000/01/01@05:48:30,2344,507.3509
2000/01/01@05:48:31,2345,507.18584
2000/01/01@05:48:32,2346,507.10164
2000/01/01@05:48:34,2348,506.95088
2000/01/01@05:48:35,2349,506.85016
2000/01/01@05:48:36,2350,506.75052
2000/01/01@05:48:37,2351,506.63976
2000/01/01@05:48:38,2352,506.51092
2000/01/01@05:48:39,2353,506.436
2000/01/01@05:48:40,2354,506.310584
2000/01/01@05:48:41,2355,506.195232
2000/01/01@05:48:42,2356,506.0107
2000/01/01@05:48:43,2357,505.90164
2000/01/01@05:48:44,2358,505.777632
2000/01/01@05:48:45,2359,505.7144
2000/01/01@05:48:47,2361,505.63984
2000/01/01@05:48:48,2362,505.5425
2000/01/01@05:48:49,2363,505.43944
2000/01/01@05:48:50,2364,505.27042
2000/01/01@05:48:51,2365,505.173
2000/01/01@05:48:52,2366,505.0709
2000/01/01@05:48:53,2367,504.987468
2000/01/01@05:48:54,2368,504.88796
2000/01/01@05:48:55,2369,504.7517
2000/01/01@05:48:56,2370,504.6461
2000/01/01@05:48:57,2371,504.53184
2000/01/01@05:48:59,2372,504.4061
2000/01/01@05:49:00,2374,504.29524
2000/01/01@05:49:01,2375,504.1375
2000/01/01@05:49:02,2376,504.00108
2000/01/01@05:49:03,2377,503.92204
2000/01/01@05:49:04,2378,503.83204
2000/01/01@05:49:05,2379,503.72004
2000/01/01@05:49:06,2380,503.637
2000/01/01@05:49:07,2381,503.5575
2000/01/01@05:49:08,2382,503.39424
2000/01/01@05:49:09,2383,503.31356
2000/01/01@05:49:10,2384,503.1457
2000/01/01@05:49:12,2386,503.01448
2000/01/01@05:49:13,2387,502.82588
2000/01/01@05:49:14,2388,502.7289
2000/01/01@05:49:15,2389,502.568668
2000/01/01@05:49:16,2390,502.45456
2000/01/01@05:49:17,2391,502.36204
2000/01/01@05:49:18,2392,502.21892
2000/01/01@05:49:19,2393,502.0935
2000/01/01@05:49:20,2394,501.92772
2000/01/01@05:49:21,2395,501.8789
2000/01/01@05:49:22,2396,501.77884
2000/01/01@05:49:23,2397,501.6514
2000/01/01@05:49:25,2399,501.5318
2000/01/01@05:49:26,2400,501.3838
2000/01/01@05:49:27,2401,501.21036
2000/01/01@05:49:28,2402,501.071636
2000/01/01@05:49:29,2403,500.94656
2000/01/01@05:49:30,2404,500.83452
2000/01/01@05:49:31,2405,500.72196
2000/01/01@05:49:32,2406,500.6172
2000/01/01@05:49:33,2407,500.477784
2000/01/01@05:49:34,2408,500.3103
2000/01/01@05:49:35,2409,500.19396
2000/01/01@05:49:36,2410,500.04984
2000/01/01@05:49:38,2412,499.9431
2000/01/01@05:49:39,2413,499.854336
2000/01/01@05:49:40,2414,499.71724
2000/01/01@05:49:41,2415,499.57068
2000/01/01@05:49:42,2416,499.42924
2000/01/01@05:49:43,2417,499.2807
2000/01/01@05:49:44,2418,499.177868
2000/01/01@05:49:45,2419,499.07524
2000/01/01@05:49:46,2420,498.98116
2000/01/01@05:49:47,2421,498.9117
2000/01/01@05:49:48,2422,498.8339
2000/01/01@05:49:49,2423,498.7624
2000/01/01@05:49:51,2425,498.621
2000/01/01@05:49:52,2426,498.47576
2000/01/01@05:49:53,2427,498.2793
2000/01/01@05:49:54,2428,498.109336
2000/01/01@05:49:55,2429,497.9841
2000/01/01@05:49:56,2430,497.85008
2000/01/01@05:49:57,2431,497.715
2000/01/01@05:49:58,2432,497.540616
2000/01/01@05:49:59,2433,497.36256
2000/01/01@05:50:00,2434,497.21404
2000/01/01@05:50:01,2435,497.04664
2000/01/01@05:50:03,2437,496.949216
2000/01/01@05:50:04,2438,496.7707
2000/01/01@05:50:05,2439,496.6874
2000/01/01@05:50:06,2440,496.5359
2000/01/01@05:50:07,2441,496.3666
2000/01/01@05:50:08,2442,496.18432
2000/01/01@05:50:09,2443,496.016032
2000/01/01@05:50:10,2444,495.85364
2000/01/01@05:50:11,2445,495.74656
2000/01/01@05:50:12,2446,495.55188
2000/01/01@05:50:13,2447,495.37072
2000/01/01@05:50:14,2448,495.2475
2000/01/01@05:50:16,2450,495.06226
2000/01/01@05:50:17,2451,494.88984
2000/01/01@05:50:18,2452,494.7718
2000/01/01@05:50:19,2453,494.64704
2000/01/01@05:50:20,2454,494.4623
2000/01/01@05:50:21,2455,494.33304
2000/01/01@05:50:22,2456,494.27596
2000/01/01@05:50:23,2457,494.08092
2000/01/01@05:50:24,2458,493.92668
2000/01/01@05:50:25,2459,493.76964
2000/01/01@05:50:26,2460,493.63368
2000/01/01@05:50:27,2461,493.4527
2000/01/01@05:50:29,2463,493.2746
2000/01/01@05:50:30,2464,493.12416
2000/01/01@05:50:31,2465,492.91812
2000/01/01@05:50:32,2466,492.7681
2000/01/01@05:50:33,2467,492.6459
2000/01/01@05:50:34,2468,492.470336
2000/01/01@05:50:35,2469,492.29218
2000/01/01@05:50:36,2470,492.149152
2000/01/01@05:50:37,2471,492.01476
2000/01/01@05:50:38,2472,491.883936
2000/01/01@05:50:39,2473,491.74836
2000/01/01@05:50:40,2474,491.54976
2000/01/01@05:50:42,2476,491.345184
2000/01/01@05:50:43,2477,491.21136
2000/01/01@05:50:44,2478,491.050784
2000/01/01@05:50:45,2479,490.846
2000/01/01@05:50:46,2480,490.66528
2000/01/01@05:50:47,2481,490.41436
2000/01/01@05:50:48,2482,490.2305
2000/01/01@05:50:49,2483,490.06572
2000/01/01@05:50:50,2484,489.83736
2000/01/01@05:50:51,2485,489.67704
2000/01/01@05:50:52,2486,489.44436
2000/01/01@05:50:54,2488,489.29616
2000/01/01@05:50:55,2489,489.1637
2000/01/01@05:50:56,2490,488.9523
2000/01/01@05:50:57,2491,488.78436
2000/01/01@05:50:58,2492,488.5731
2000/01/01@05:50:59,2493,488.41332
2000/01/01@05:51:00,2494,488.23712
2000/01/01@05:51:01,2495,488.0257
2000/01/01@05:51:02,2496,487.787268
2000/01/01@05:51:03,2497,487.71028
2000/01/01@05:51:04,2498,487.48868
2000/01/01@05:51:05,2499,487.32964
2000/01/01@05:51:06,2500,487.16772
2000/01/01@05:51:08,2502,486.927584
2000/01/01@05:51:09,2503,486.74424
2000/01/01@05:51:10,2504,486.47888
2000/01/01@05:51:11,2505,486.25416
2000/01/01@05:51:12,2506,486.009868
2000/01/01@05:51:13,2507,485.74316
2000/01/01@05:51:14,2508,485.52096
2000/01/01@05:51:15,2509,485.26576
2000/01/01@05:51:16,2510,485.0477
2000/01/01@05:51:17,2511,484.80792
2000/01/01@05:51:18,2512,484.537368
2000/01/01@05:51:19,2513,484.272868
2000/01/01@05:51:21,2515,484.005336
2000/01/01@05:51:22,2516,483.754584
2000/01/01@05:51:23,2517,483.492984
2000/01/01@05:51:24,2518,483.182
2000/01/01@05:51:25,2519,482.8507
2000/01/01@05:51:26,2520,482.54924
2000/01/01@05:51:27,2521,482.2174
2000/01/01@05:51:28,2522,481.8299
2000/01/01@05:51:29,2523,481.4396
2000/01/01@05:51:30,2524,481.1165
2000/01/01@05:51:31,2525,480.72336
2000/01/01@05:51:33,2527,480.334368
2000/01/01@05:51:34,2528,480.010632
2000/01/01@05:51:35,2529,479.726
2000/01/01@05:51:36,2530,479.44648
2000/01/01@05:51:37,2531,479.21132
2000/01/01@05:51:38,2532,478.940568
2000/01/01@05:51:39,2533,478.70008
2000/01/01@05:51:40,2534,478.4333
2000/01/01@05:51:41,2535,478.161368
2000/01/01@05:51:42,2536,477.832568
2000/01/01@05:51:43,2537,477.5191
2000/01/01@05:51:44,2538,477.210832
2000/01/01@05:51:46,2540,476.8109
2000/01/01@05:51:47,2541,476.4463
2000/01/01@05:51:48,2542,476.0279
2000/01/01@05:51:49,2543,475.6267
2000/01/01@05:51:50,2544,475.24172
2000/01/01@05:51:51,2545,474.88256
2000/01/01@05:51:52,2546,474.5406
2000/01/01@05:51:53,2547,474.17024
2000/01/01@05:51:54,2548,473.83264
2000/01/01@05:51:55,2549,473.51086
2000/01/01@05:51:56,2550,473.167536
2000/01/01@05:51:57,2551,472.78748
2000/01/01@05:51:59,2553,472.415632
2000/01/01@05:52:00,2554,472.04576
2000/01/01@05:52:01,2555,471.62528
2000/01/01@05:52:02,2556,471.233568
2000/01/01@05:52:03,2557,470.84664
2000/01/01@05:52:04,2558,470.4117
2000/01/01@05:52:05,2559,470.01616
2000/01/01@05:52:06,2560,469.654
2000/01/01@05:52:07,2561,469.2255
2000/01/01@05:52:08,2562,468.813668
2000/01/01@05:52:09,2563,468.432616
2000/01/01@05:52:11,2565,468.072416
2000/01/01@05:52:12,2566,467.67116
2000/01/01@05:52:13,2567,467.255584
2000/01/01@05:52:14,2568,466.89868
2000/01/01@05:52:15,2569,466.46764
2000/01/01@05:52:16,2570,466.050668
2000/01/01@05:52:17,2571,465.6777
2000/01/01@05:52:18,2572,465.2549
2000/01/01@05:52:19,2573,464.7675
2000/01/01@05:52:20,2574,464.39288
2000/01/01@05:52:21,2575,463.89992
2000/01/01@05:52:22,2576,463.4701
2000/01/01@05:52:24,2578,463.09196
2000/01/01@05:52:25,2579,462.69728
2000/01/01@05:52:26,2580,462.25756
2000/01/01@05:52:27,2581,461.8671
2000/01/01@05:52:28,2582,461.4336
2000/01/01@05:52:29,2583,460.98396
2000/01/01@05:52:30,2584,460.65836
2000/01/01@05:52:31,2585,460.2061
2000/01/01@05:52:32,2586,459.7848
2000/01/01@05:52:33,2587,459.40572
2000/01/01@05:52:34,2588,459.0105
2000/01/01@05:52:35,2589,458.6382
2000/01/01@05:52:37,2591,458.22464
2000/01/01@05:52:38,2592,457.82544
2000/01/01@05:52:39,2593,457.40192
2000/01/01@05:52:40,2594,456.9531
2000/01/01@05:52:41,2595,456.5326
2000/01/01@05:52:42,2596,456.17716
2000/01/01@05:52:43,2597,455.70972
2000/01/01@05:52:44,2598,455.34364
2000/01/01@05:52:45,2599,454.8772
2000/01/01@05:52:46,2600,454.5059
2000/01/01@05:52:47,2601,454.1144
2000/01/01@05:52:48,2602,453.72208
2000/01/01@05:52:50,2604,453.3735
2000/01/01@05:52:51,2605,453.029668
2000/01/01@05:52:52,2606,452.655
2000/01/01@05:52:53,2607,452.290632
2000/01/01@05:52:54,2608,451.92996
2000/01/01@05:52:55,2609,451.575384
2000/01/01@05:52:56,2610,451.192268
2000/01/01@05:52:57,2611,450.85336
2000/01/01@05:52:58,2612,450.49336
2000/01/01@05:52:59,2613,450.07852
2000/01/01@05:53:00,2614,449.71176
2000/01/01@05:53:02,2616,449.3346
2000/01/01@05:53:03,2617,448.9348
2000/01/01@05:53:04,2618,448.58124
2000/01/01@05:53:05,2619,448.169736
2000/01/01@05:53:06,2620,447.7592
2000/01/01@05:53:07,2621,447.37776
2000/01/01@05:53:08,2622,446.9215
2000/01/01@05:53:09,2623,446.50626
2000/01/01@05:53:10,2624,446.06288
2000/01/01@05:53:11,2625,445.61644
2000/01/01@05:53:12,2626,445.16344
2000/01/01@05:53:13,2627,444.7516
2000/01/01@05:53:15,2629,444.34112
2000/01/01@05:53:16,2630,443.87196
2000/01/01@05:53:17,2631,443.522836
2000/01/01@05:53:18,2632,443.04016
2000/01/01@05:53:19,2633,442.65392
2000/01/01@05:53:20,2634,442.2155
2000/01/01@05:53:21,2635,441.7652
2000/01/01@05:53:22,2636,441.3701
2000/01/01@05:53:23,2637,441.00472
2000/01/01@05:53:24,2638,440.6334
2000/01/01@05:53:25,2639,440.3055
2000/01/01@05:53:26,2640,439.9123
2000/01/01@05:53:28,2642,439.50604
2000/01/01@05:53:29,2643,439.12428
2000/01/01@05:53:30,2644,438.742584
2000/01/01@05:53:31,2645,438.36704
2000/01/01@05:53:32,2646,438.0003
2000/01/01@05:53:33,2647,437.5859
2000/01/01@05:53:34,2648,437.2139
2000/01/01@05:53:35,2649,436.8297
2000/01/01@05:53:36,2650,436.44976
2000/01/01@05:53:37,2651,435.98516
2000/01/01@05:53:38,2652,435.59012
2000/01/01@05:53:40,2654,435.22476
2000/01/01@05:53:41,2655,434.825632
2000/01/01@05:53:42,2656,434.4311
2000/01/01@05:53:43,2657,434.05432
2000/01/01@05:53:44,2658,433.71404
2000/01/01@05:53:45,2659,433.31832
2000/01/01@05:53:46,2660,432.96888
2000/01/01@05:53:47,2661,432.639232
2000/01/01@05:53:48,2662,432.27744
2000/01/01@05:53:49,2663,431.83792
2000/01/01@05:53:50,2664,431.572432
2000/01/01@05:53:51,2665,431.15276
2000/01/01@05:53:53,2667,430.7786
2000/01/01@05:53:54,2668,430.48984
2000/01/01@05:53:55,2669,430.077832
2000/01/01@05:53:56,2670,429.74228
2000/01/01@05:53:57,2671,429.37876
2000/01/01@05:53:58,2672,429.05132
2000/01/01@05:53:59,2673,428.673232
2000/01/01@05:54:00,2674,428.3085
2000/01/01@05:54:01,2675,427.94968
2000/01/01@05:54:02,2676,427.5857
2000/01/01@05:54:03,2677,427.27944
2000/01/01@05:54:04,2678,426.907268
2000/01/01@05:54:06,2680,426.57324
2000/01/01@05:54:07,2681,426.15176
2000/01/01@05:54:08,2682,425.8372
2000/01/01@05:54:09,2683,425.44328
2000/01/01@05:54:10,2684,425.07874
2000/01/01@05:54:11,2685,424.6586
2000/01/01@05:54:12,2686,424.2557
2000/01/01@05:54:13,2687,423.8878
2000/01/01@05:54:14,2688,423.54004
2000/01/01@05:54:15,2689,423.16312
2000/01/01@05:54:16,2690,422.817032
2000/01/01@05:54:18,2692,422.41076
2000/01/01@05:54:19,2693,422.10912
2000/01/01@05:54:20,2694,421.72452
2000/01/01@05:54:21,2695,421.3827
2000/01/01@05:54:22,2696,421.0646
2000/01/01@05:54:23,2697,420.696136
2000/01/01@05:54:24,2698,420.38784
2000/01/01@05:54:25,2699,420.03652
2000/01/01@05:54:26,2700,419.6857
2000/01/01@05:54:27,2701,419.25296
2000/01/01@05:54:28,2702,418.89844
2000/01/01@05:54:29,2703,418.51012
2000/01/01@05:54:31,2705,418.11992
2000/01/01@05:54:32,2706,417.7847
2000/01/01@05:54:33,2707,417.457568
2000/01/01@05:54:34,2708,417.124536
2000/01/01@05:54:35,2709,416.760868
2000/01/01@05:54:36,2710,416.45688
2000/01/01@05:54:37,2711,416.09684
2000/01/01@05:54:38,2712,415.8264
2000/01/01@05:54:39,2713,415.5102
2000/01/01@05:54:40,2714,415.1858
2000/01/01@05:54:41,2715,414.89588
2000/01/01@05:54:42,2716,414.52692
2000/01/01@05:54:44,2718,414.22512
2000/01/01@05:54:45,2719,413.88124
2000/01/01@05:54:46,2720,413.52132
2000/01/01@05:54:47,2721,413.17036
2000/01/01@05:54:48,2722,412.90344
2000/01/01@05:54:49,2723,412.6009
2000/01/01@05:54:50,2724,412.290632
2000/01/01@05:54:51,2725,411.92032
2000/01/01@05:54:52,2726,411.57844
2000/01/01@05:54:53,2727,411.24832
2000/01/01@05:54:54,2728,410.90448
2000/01/01@05:54:55,2729,410.5566
2000/01/01@05:54:57,2731,410.25922
2000/01/01@05:54:58,2732,409.91976
2000/01/01@05:54:59,2733,409.54092
2000/01/01@05:55:00,2734,409.27032
2000/01/01@05:55:01,2735,408.9594
2000/01/01@05:55:02,2736,408.66584
2000/01/01@05:55:03,2737,408.27316
2000/01/01@05:55:04,2738,407.8936
2000/01/01@05:55:05,2739,407.6256
2000/01/01@05:55:06,2740,407.3338
2000/01/01@05:55:07,2741,407.05804
2000/01/01@05:55:08,2742,406.7489
2000/01/01@05:55:10,2744,406.484232
2000/01/01@05:55:11,2745,406.212868
2000/01/01@05:55:12,2746,405.9161
2000/01/01@05:55:13,2747,405.61976
2000/01/01@05:55:14,2748,405.3234
2000/01/01@05:55:15,2749,405.01664
2000/01/01@05:55:16,2750,404.720364
2000/01/01@05:55:17,2751,404.35084
2000/01/01@05:55:18,2752,404.0105
2000/01/01@05:55:19,2753,403.70804
2000/01/01@05:55:20,2754,403.36312
2000/01/01@05:55:22,2756,403.05488
2000/01/01@05:55:23,2757,402.743
2000/01/01@05:55:24,2758,402.451432
2000/01/01@05:55:25,2759,402.12952
2000/01/01@05:55:26,2760,401.88636
2000/01/01@05:55:27,2761,401.5072
2000/01/01@05:55:28,2762,401.27568
2000/01/01@05:55:29,2763,400.9818
2000/01/01@05:55:30,2764,400.6796
2000/01/01@05:55:31,2765,400.4272
2000/01/01@05:55:32,2766,400.06196
2000/01/01@05:55:33,2767,399.7937
2000/01/01@05:55:35,2769,399.4793
2000/01/01@05:55:36,2770,399.11536
2000/01/01@05:55:37,2771,398.77684
2000/01/01@05:55:38,2772,398.44496
2000/01/01@05:55:39,2773,398.183768
2000/01/01@05:55:40,2774,397.8943
2000/01/01@05:55:41,2775,397.65296
2000/01/01@05:55:42,2776,397.3424
2000/01/01@05:55:43,2777,397.094816
2000/01/01@05:55:44,2778,396.7701
2000/01/01@05:55:45,2779,396.5039
2000/01/01@05:55:46,2780,396.24376
2000/01/01@05:55:48,2782,395.99652
2000/01/01@05:55:49,2783,395.72012
2000/01/01@05:55:50,2784,395.45136
2000/01/01@05:55:51,2785,395.15628
2000/01/01@05:55:52,2786,394.8158
2000/01/01@05:55:53,2787,394.565068
2000/01/01@05:55:54,2788,394.20644
2000/01/01@05:55:55,2789,393.881236
2000/01/01@05:55:56,2790,393.618632
2000/01/01@05:55:57,2791,393.29908
2000/01/01@05:55:58,2792,393.01746
2000/01/01@05:55:59,2793,392.73504
2000/01/01@05:56:01,2795,392.41006
2000/01/01@05:56:02,2796,392.11088
2000/01/01@05:56:03,2797,391.76912
2000/01/01@05:56:04,2798,391.435936
2000/01/01@05:56:05,2799,391.13492
2000/01/01@05:56:06,2800,390.845
2000/01/01@05:56:07,2801,390.5222
2000/01/01@05:56:08,2802,390.2377
2000/01/01@05:56:09,2803,389.92172
2000/01/01@05:56:10,2804,389.67532
2000/01/01@05:56:11,2805,389.34882
2000/01/01@05:56:13,2806,388.97484
2000/01/01@05:56:14,2808,388.668568
2000/01/01@05:56:15,2809,388.364
2000/01/01@05:56:16,2810,388.10868
2000/01/01@05:56:17,2811,387.79712
2000/01/01@05:56:18,2812,387.54728
2000/01/01@05:56:19,2813,387.271936
2000/01/01@05:56:20,2814,386.9905
2000/01/01@05:56:21,2815,386.6681
2000/01/01@05:56:22,2816,386.392068
2000/01/01@05:56:23,2817,386.05212
2000/01/01@05:56:24,2818,385.74308
2000/01/01@05:56:26,2820,385.466968
2000/01/01@05:56:27,2821,385.12776
2000/01/01@05:56:28,2822,384.84792
2000/01/01@05:56:29,2823,384.571268
2000/01/01@05:56:30,2824,384.3196
2000/01/01@05:56:31,2825,384.00152
2000/01/01@05:56:32,2826,383.64412
2000/01/01@05:56:33,2827,383.41052
2000/01/01@05:56:34,2828,383.05228
2000/01/01@05:56:35,2829,382.79564
2000/01/01@05:56:36,2830,382.48188
2000/01/01@05:56:37,2831,382.17476
2000/01/01@05:56:39,2833,381.89196
2000/01/01@05:56:40,2834,381.54992
2000/01/01@05:56:41,2835,381.209368
2000/01/01@05:56:42,2836,380.9015
2000/01/01@05:56:43,2837,380.574752
2000/01/01@05:56:44,2838,380.2546
2000/01/01@05:56:45,2839,379.99024
2000/01/01@05:56:46,2840,379.67132
2000/01/01@05:56:47,2841,379.3785
2000/01/01@05:56:48,2842,379.0375
2000/01/01@05:56:49,2843,378.6902
2000/01/01@05:56:50,2844,378.39216
2000/01/01@05:56:52,2846,378.0663
2000/01/01@05:56:53,2847,377.73022
2000/01/01@05:56:54,2848,377.4683
2000/01/01@05:56:55,2849,377.167816
2000/01/01@05:56:56,2850,376.8843
2000/01/01@05:56:57,2851,376.543
2000/01/01@05:56:58,2852,376.15196
2000/01/01@05:56:59,2853,375.85948
2000/01/01@05:57:00,2854,375.47832
2000/01/01@05:57:01,2855,375.2217
2000/01/01@05:57:02,2856,374.92164
2000/01/01@05:57:03,2857,374.587868
2000/01/01@05:57:05,2859,374.2905
2000/01/01@05:57:06,2860,373.975968
2000/01/01@05:57:07,2861,373.66292
2000/01/01@05:57:08,2862,373.397732
2000/01/01@05:57:09,2863,373.1046
2000/01/01@05:57:10,2864,372.80904
2000/01/01@05:57:11,2865,372.5211
2000/01/01@05:57:12,2866,372.2423
2000/01/01@05:57:13,2867,371.98572
2000/01/01@05:57:14,2868,371.69756
2000/01/01@05:57:15,2869,371.38492
2000/01/01@05:57:17,2871,371.04364
2000/01/01@05:57:18,2872,370.7866
2000/01/01@05:57:19,2873,370.457068
2000/01/01@05:57:20,2874,370.1765
2000/01/01@05:57:21,2875,369.85784
2000/01/01@05:57:22,2876,369.58396
2000/01/01@05:57:23,2877,369.2783
2000/01/01@05:57:24,2878,369.0336
2000/01/01@05:57:25,2879,368.7451
2000/01/01@05:57:26,2880,368.40856
2000/01/01@05:57:27,2881,368.1497
2000/01/01@05:57:28,2882,367.86452
2000/01/01@05:57:30,2884,367.5363
2000/01/01@05:57:31,2885,367.267568
2000/01/01@05:57:32,2886,366.96156
2000/01/01@05:57:33,2887,366.67468
2000/01/01@05:57:34,2888,366.411
2000/01/01@05:57:35,2889,366.073952
2000/01/01@05:57:36,2890,365.84128
2000/01/01@05:57:37,2891,365.57184
2000/01/01@05:57:38,2892,365.26812
2000/01/01@05:57:39,2893,364.97644
2000/01/01@05:57:40,2894,364.66238
2000/01/01@05:57:41,2895,364.36048
2000/01/01@05:57:43,2897,364.13556
2000/01/01@05:57:44,2898,363.78828
2000/01/01@05:57:45,2899,363.47324
2000/01/01@05:57:46,2900,363.17384
2000/01/01@05:57:47,2901,362.923232
2000/01/01@05:57:48,2902,362.616068
2000/01/01@05:57:49,2903,362.323936
2000/01/01@05:57:50,2904,362.0759
2000/01/01@05:57:51,2905,361.7857
2000/01/01@05:57:52,2906,361.52684
2000/01/01@05:57:53,2907,361.2037
2000/01/01@05:57:55,2909,360.921784
2000/01/01@05:57:56,2910,360.62684
2000/01/01@05:57:57,2911,360.3103
2000/01/01@05:57:58,2912,360.03696
2000/01/01@05:57:59,2913,359.77064
2000/01/01@05:58:00,2914,359.50796
2000/01/01@05:58:01,2915,359.26524
2000/01/01@05:58:02,2916,359.00484
2000/01/01@05:58:03,2917,358.703968
2000/01/01@05:58:04,2918,358.474036
2000/01/01@05:58:05,2919,358.23044
2000/01/01@05:58:06,2920,357.99032
2000/01/01@05:58:08,2921,357.67784
2000/01/01@05:58:09,2923,357.4051
2000/01/01@05:58:10,2924,357.14988
2000/01/01@05:58:11,2925,356.85396
2000/01/01@05:58:12,2926,356.574632
2000/01/01@05:58:13,2927,356.2817
2000/01/01@05:58:14,2928,356.03144
2000/01/01@05:58:15,2929,355.7072
2000/01/01@05:58:16,2930,355.455384
2000/01/01@05:58:17,2931,355.16096
2000/01/01@05:58:18,2932,354.91684
2000/01/01@05:58:19,2933,354.67468
2000/01/01@05:58:21,2935,354.43428
2000/01/01@05:58:22,2936,354.1773
2000/01/01@05:58:23,2937,353.96036
2000/01/01@05:58:24,2938,353.72692
2000/01/01@05:58:25,2939,353.3825
2000/01/01@05:58:26,2940,353.149532
2000/01/01@05:58:27,2941,352.831168
2000/01/01@05:58:28,2942,352.5448
2000/01/01@05:58:29,2943,352.27612
2000/01/01@05:58:30,2944,352.001232
2000/01/01@05:58:31,2945,351.72992
2000/01/01@05:58:32,2946,351.5204
2000/01/01@05:58:34,2948,351.17468
2000/01/01@05:58:35,2949,350.8796
2000/01/01@05:58:36,2950,350.599068
2000/01/01@05:58:37,2951,350.2974
2000/01/01@05:58:38,2952,350.02132
2000/01/01@05:58:39,2953,349.7466
2000/01/01@05:58:40,2954,349.46708
2000/01/01@05:58:41,2955,349.1994
2000/01/01@05:58:42,2956,348.87864
2000/01/01@05:58:43,2957,348.58184
2000/01/01@05:58:44,2958,348.20672
2000/01/01@05:58:45,2959,347.87996
2000/01/01@05:58:47,2961,347.60676
2000/01/01@05:58:48,2962,347.309668
2000/01/01@05:58:49,2963,347.01644
2000/01/01@05:58:50,2964,346.69508
2000/01/01@05:58:51,2965,346.36594
2000/01/01@05:58:52,2966,346.03264
2000/01/01@05:58:53,2967,345.74748
2000/01/01@05:58:54,2968,345.51188
2000/01/01@05:58:55,2969,345.244532
2000/01/01@05:58:56,2970,344.9004
2000/01/01@05:58:57,2971,344.64232
2000/01/01@05:58:59,2973,344.35352
2000/01/01@05:59:00,2974,344.03944
2000/01/01@05:59:01,2975,343.7882
2000/01/01@05:59:02,2976,343.52848
2000/01/01@05:59:03,2977,343.2148
2000/01/01@05:59:04,2978,342.97124
2000/01/01@05:59:05,2979,342.73492
2000/01/01@05:59:06,2980,342.43444
2000/01/01@05:59:07,2981,342.124
2000/01/01@05:59:08,2982,341.8371
2000/01/01@05:59:09,2983,341.61316
2000/01/01@05:59:10,2984,341.2886
2000/01/01@05:59:12,2986,340.95496
2000/01/01@05:59:13,2987,340.67328
2000/01/01@05:59:14,2988,340.40376
2000/01/01@05:59:15,2989,340.13592
2000/01/01@05:59:16,2990,339.8648
2000/01/01@05:59:17,2991,339.571
2000/01/01@05:59:18,2992,339.26532
2000/01/01@05:59:19,2993,339.021568
2000/01/01@05:59:20,2994,338.73216
2000/01/01@05:59:21,2995,338.43552
2000/01/01@05:59:22,2996,338.0798
2000/01/01@05:59:23,2997,337.874
2000/01/01@05:59:25,2999,337.54084
2000/01/01@05:59:26,3000,337.25856
2000/01/01@05:59:27,3001,336.91992
2000/01/01@05:59:28,3002,336.69832
2000/01/01@05:59:29,3003,336.438768
2000/01/01@05:59:30,3004,336.118752
2000/01/01@05:59:31,3005,335.78754
2000/01/01@05:59:32,3006,335.50458
2000/01/01@05:59:33,3007,335.26434
2000/01/01@05:59:34,3008,334.9134
2000/01/01@05:59:35,3009,334.63664
2000/01/01@05:59:36,3010,334.32976
2000/01/01@05:59:38,3012,334.0282
2000/01/01@05:59:39,3013,333.7966
2000/01/01@05:59:40,3014,333.5272
2000/01/01@05:59:41,3015,333.22964
2000/01/01@05:59:42,3016,332.92088
2000/01/01@05:59:43,3017,332.6803
2000/01/01@05:59:44,3018,332.37762
2000/01/01@05:59:45,3019,332.11282
2000/01/01@05:59:46,3020,331.88452
2000/01/01@05:59:47,3021,331.5924
2000/01/01@05:59:48,3022,331.3625
2000/01/01@05:59:49,3023,331.0977
2000/01/01@05:59:51,3025,330.8086
2000/01/01@05:59:52,3026,330.56072
2000/01/01@05:59:53,3027,330.28836
2000/01/01@05:59:54,3028,330.03828
2000/01/01@05:59:55,3029,329.73592
2000/01/01@05:59:56,3030,329.45548
2000/01/01@05:59:57,3031,329.1899
2000/01/01@05:59:58,3032,328.95668
2000/01/01@05:59:59,3033,328.6521
2000/01/01@06:00:00,3034,328.36194
2000/01/01@06:00:01,3035,328.00832
2000/01/01@06:00:03,3037,327.70792
2000/01/01@06:00:04,3038,327.40568
2000/01/01@06:00:05,3039,327.1281
2000/01/01@06:00:06,3040,326.8332
2000/01/01@06:00:07,3041,326.55496
2000/01/01@06:00:08,3042,326.29434
2000/01/01@06:00:09,3043,326.00396
2000/01/01@06:00:10,3044,325.75648
2000/01/01@06:00:11,3045,325.44976
2000/01/01@06:00:12,3046,325.14026
2000/01/01@06:00:13,3047,324.82654
2000/01/01@06:00:14,3048,324.54704
2000/01/01@06:00:16,3050,324.21414
2000/01/01@06:00:17,3051,323.9526
2000/01/01@06:00:18,3052,323.6067
2000/01/01@06:00:19,3053,323.31876
2000/01/01@06:00:20,3054,323.01036
2000/01/01@06:00:21,3055,322.7013
2000/01/01@06:00:22,3056,322.44924
2000/01/01@06:00:23,3057,322.19152
2000/01/01@06:00:24,3058,321.9272
2000/01/01@06:00:25,3059,321.66702
2000/01/01@06:00:26,3060,321.3772
2000/01/01@06:00:27,3061,321.10562
2000/01/01@06:00:29,3063,320.81208
2000/01/01@06:00:30,3064,320.50028
2000/01/01@06:00:31,3065,320.19724
2000/01/01@06:00:32,3066,319.91248
2000/01/01@06:00:33,3067,319.6611
2000/01/01@06:00:34,3068,319.39392
2000/01/01@06:00:35,3069,319.13058
2000/01/01@06:00:36,3070,318.82492
2000/01/01@06:00:37,3071,318.57956
2000/01/01@06:00:38,3072,318.29254
2000/01/01@06:00:39,3073,317.90344
2000/01/01@06:00:41,3074,317.7043
2000/01/01@06:00:42,3076,317.42956
2000/01/01@06:00:43,3077,317.16868
2000/01/01@06:00:44,3078,316.89988
2000/01/01@06:00:45,3079,316.64536
2000/01/01@06:00:46,3080,316.34496
2000/01/01@06:00:47,3081,316.11044
2000/01/01@06:00:48,3082,315.8204
2000/01/01@06:00:49,3083,315.5333
2000/01/01@06:00:50,3084,315.24504
2000/01/01@06:00:51,3085,314.9905
2000/01/01@06:00:52,3086,314.66196
2000/01/01@06:00:54,3088,314.37064
2000/01/01@06:00:55,3089,314.1509
2000/01/01@06:00:56,3090,313.92812
2000/01/01@06:00:57,3091,313.5991
2000/01/01@06:00:58,3092,313.35278
2000/01/01@06:00:59,3093,313.1502
2000/01/01@06:01:00,3094,312.8338
2000/01/01@06:01:01,3095,312.63688
2000/01/01@06:01:02,3096,312.34324
2000/01/01@06:01:03,3097,312.0947
2000/01/01@06:01:04,3098,311.81936
2000/01/01@06:01:05,3099,311.5684
2000/01/01@06:01:07,3101,311.35104
2000/01/01@06:01:08,3102,311.08878
2000/01/01@06:01:09,3103,310.83466
2000/01/01@06:01:10,3104,310.55136
2000/01/01@06:01:11,3105,310.33256
2000/01/01@06:01:12,3106,310.0025
2000/01/01@06:01:13,3107,309.77222
2000/01/01@06:01:14,3108,309.4633
2000/01/01@06:01:15,3109,309.24014
2000/01/01@06:01:16,3110,308.955
2000/01/01@06:01:17,3111,308.75896
2000/01/01@06:01:18,3112,308.4783
2000/01/01@06:01:20,3114,308.17548
2000/01/01@06:01:21,3115,307.80008
2000/01/01@06:01:22,3116,307.5951
2000/01/01@06:01:23,3117,307.319
2000/01/01@06:01:24,3118,307.05516
2000/01/01@06:01:25,3119,306.76664
2000/01/01@06:01:26,3120,306.48372
2000/01/01@06:01:27,3121,306.20664
2000/01/01@06:01:28,3122,306.0014
2000/01/01@06:01:29,3123,305.73538
2000/01/01@06:01:30,3124,305.4042
2000/01/01@06:01:31,3125,305.16816
2000/01/01@06:01:33,3127,304.8723
2000/01/01@06:01:34,3128,304.55424
2000/01/01@06:01:35,3129,304.24548
2000/01/01@06:01:36,3130,303.97624
2000/01/01@06:01:37,3131,303.7201
2000/01/01@06:01:38,3132,303.39578
2000/01/01@06:01:39,3133,303.13272
2000/01/01@06:01:40,3134,302.76874
2000/01/01@06:01:41,3135,302.5284
2000/01/01@06:01:42,3136,302.25864
2000/01/01@06:01:43,3137,301.89844
2000/01/01@06:01:45,3138,301.67642
2000/01/01@06:01:46,3140,301.36564
2000/01/01@06:01:47,3141,301.12472
2000/01/01@06:01:48,3142,300.7973
2000/01/01@06:01:49,3143,300.52584
2000/01/01@06:01:50,3144,300.22036
2000/01/01@06:01:51,3145,299.9333
2000/01/01@06:01:52,3146,299.6288
2000/01/01@06:01:53,3147,299.34028
2000/01/01@06:01:54,3148,299.06964
2000/01/01@06:01:55,3149,298.80824
2000/01/01@06:01:56,3150,298.5103
2000/01/01@06:01:58,3152,298.22512
2000/01/01@06:01:59,3153,298.01728
2000/01/01@06:02:00,3154,297.65164
2000/01/01@06:02:01,3155,297.40152
2000/01/01@06:02:02,3156,297.1329
2000/01/01@06:02:03,3157,296.82986
2000/01/01@06:02:04,3158,296.55096
2000/01/01@06:02:05,3159,296.32486
2000/01/01@06:02:06,3160,295.98828
2000/01/01@06:02:07,3161,295.7147
2000/01/01@06:02:08,3162,295.4628
2000/01/01@06:02:09,3163,295.1886
2000/01/01@06:02:11,3165,294.89282
2000/01/01@06:02:12,3166,294.6542
2000/01/01@06:02:13,3167,294.34516
2000/01/01@06:02:14,3168,294.07782
2000/01/01@06:02:15,3169,293.82376
2000/01/01@06:02:16,3170,293.57236
2000/01/01@06:02:17,3171,293.30204
2000/01/01@06:02:18,3172,293.08116
2000/01/01@06:02:19,3173,292.73036
2000/01/01@06:02:20,3174,292.46404
2000/01/01@06:02:21,3175,292.20554
2000/01/01@06:02:22,3176,291.89328
2000/01/01@06:02:24,3178,291.59056
2000/01/01@06:02:25,3179,291.33514
2000/01/01@06:02:26,3180,291.08932
2000/01/01@06:02:27,3181,290.81424
2000/01/01@06:02:28,3182,290.546
2000/01/01@06:02:29,3183,290.27796
2000/01/01@06:02:30,3184,290.0347
2000/01/01@06:02:31,3185,289.77158
2000/01/01@06:02:32,3186,289.5578
2000/01/01@06:02:33,3187,289.2845
2000/01/01@06:02:34,3188,289.081
2000/01/01@06:02:35,3189,288.8261
2000/01/01@06:02:37,3191,288.60224
2000/01/01@06:02:38,3192,288.36396
2000/01/01@06:02:39,3193,288.10736
2000/01/01@06:02:40,3194,287.8591
2000/01/01@06:02:41,3195,287.55384
2000/01/01@06:02:42,3196,287.31456
2000/01/01@06:02:43,3197,287.06616
2000/01/01@06:02:44,3198,286.79208
2000/01/01@06:02:45,3199,286.54336
2000/01/01@06:02:46,3200,286.37976
2000/01/01@06:02:47,3201,286.15408
2000/01/01@06:02:49,3203,285.9743
2000/01/01@06:02:50,3204,285.77222
2000/01/01@06:02:51,3205,285.65128
2000/01/01@06:02:52,3206,285.49724
2000/01/01@06:02:53,3207,285.3481
2000/01/01@06:02:54,3208,285.17664
2000/01/01@06:02:55,3209,284.96762
2000/01/01@06:02:56,3210,284.81824
2000/01/01@06:02:57,3211,284.63744
2000/01/01@06:02:58,3212,284.43676
2000/01/01@06:02:59,3213,284.2247
2000/01/01@06:03:00,3214,284.03992
2000/01/01@06:03:02,3216,283.82922
2000/01/01@06:03:03,3217,283.60892
2000/01/01@06:03:04,3218,283.37276
2000/01/01@06:03:05,3219,283.1124
2000/01/01@06:03:06,3220,282.8839
2000/01/01@06:03:07,3221,282.60912
2000/01/01@06:03:08,3222,282.37168
2000/01/01@06:03:09,3223,282.1191
2000/01/01@06:03:10,3224,281.8913
2000/01/01@06:03:11,3225,281.6773
2000/01/01@06:03:12,3226,281.46146
2000/01/01@06:03:13,3227,281.29824
2000/01/01@06:03:15,3229,281.12484
2000/01/01@06:03:16,3230,280.8991
2000/01/01@06:03:17,3231,280.75796
2000/01/01@06:03:18,3232,280.55476
2000/01/01@06:03:19,3233,280.3788
2000/01/01@06:03:20,3234,280.24168
2000/01/01@06:03:21,3235,280.10648
2000/01/01@06:03:22,3236,279.93158
2000/01/01@06:03:23,3237,279.81454
2000/01/01@06:03:24,3238,279.68262
2000/01/01@06:03:25,3239,279.54614
2000/01/01@06:03:26,3240,279.40262
2000/01/01@06:03:28,3242,279.22736
2000/01/01@06:03:29,3243,279.07772
2000/01/01@06:03:30,3244,278.9382
2000/01/01@06:03:31,3245,278.74132
2000/01/01@06:03:32,3246,278.6016
2000/01/01@06:03:33,3247,278.44418
2000/01/01@06:03:34,3248,278.287
2000/01/01@06:03:35,3249,278.1543
2000/01/01@06:03:36,3250,277.95822
2000/01/01@06:03:37,3251,277.80878
2000/01/01@06:03:38,3252,277.60676
2000/01/01@06:03:40,3254,277.44548
2000/01/01@06:03:41,3255,277.3136
2000/01/01@06:03:42,3256,277.18448
2000/01/01@06:03:43,3257,277.03176
2000/01/01@06:03:44,3258,276.77362
2000/01/01@06:03:45,3259,276.63056
2000/01/01@06:03:46,3260,276.46888
2000/01/01@06:03:47,3261,276.32544
2000/01/01@06:03:48,3262,276.1858
2000/01/01@06:03:49,3263,276.04858
2000/01/01@06:03:50,3264,275.91006
2000/01/01@06:03:51,3265,275.8068
2000/01/01@06:03:53,3267,275.73148
2000/01/01@06:03:54,3268,275.6053
2000/01/01@06:03:55,3269,275.48706
2000/01/01@06:03:56,3270,275.35964
2000/01/01@06:03:57,3271,275.1595
2000/01/01@06:03:58,3272,275.0382
2000/01/01@06:03:59,3273,274.92276
2000/01/01@06:04:00,3274,274.77618
2000/01/01@06:04:01,3275,274.6879
2000/01/01@06:04:02,3276,274.5861
2000/01/01@06:04:03,3277,274.4661
2000/01/01@06:04:04,3278,274.32138
2000/01/01@06:04:06,3280,274.2379
2000/01/01@06:04:07,3281,274.1023
2000/01/01@06:04:08,3282,273.9217
2000/01/01@06:04:09,3283,273.78342
2000/01/01@06:04:10,3284,273.60936
2000/01/01@06:04:11,3285,273.4755
2000/01/01@06:04:12,3286,273.3273
2000/01/01@06:04:13,3287,273.13508
2000/01/01@06:04:14,3288,272.93488
2000/01/01@06:04:15,3289,272.79364
2000/01/01@06:04:16,3290,272.6409
2000/01/01@06:04:17,3291,272.44072
2000/01/01@06:04:19,3293,272.26608
2000/01/01@06:04:20,3294,272.15056
2000/01/01@06:04:21,3295,272.03082
2000/01/01@06:04:22,3296,271.95476
2000/01/01@06:04:23,3297,271.83156
2000/01/01@06:04:24,3298,271.634
2000/01/01@06:04:25,3299,271.5122
2000/01/01@06:04:26,3300,271.39734
2000/01/01@06:04:27,3301,271.3052
2000/01/01@06:04:28,3302,271.18128
2000/01/01@06:04:29,3303,271.05384
2000/01/01@06:04:30,3304,270.93454
2000/01/01@06:04:32,3306,270.83948
2000/01/01@06:04:33,3307,270.7068
2000/01/01@06:04:34,3308,270.61812
2000/01/01@06:04:35,3309,270.52836
2000/01/01@06:04:36,3310,270.42764
2000/01/01@06:04:37,3311,270.31238
2000/01/01@06:04:38,3312,270.1597
2000/01/01@06:04:39,3313,270.02814
2000/01/01@06:04:40,3314,269.90732
2000/01/01@06:04:41,3315,269.77484
2000/01/01@06:04:42,3316,269.70024
2000/01/01@06:04:43,3317,269.6108
2000/01/01@06:04:45,3319,269.5174
2000/01/01@06:04:46,3320,269.38884
2000/01/01@06:04:47,3321,269.31112
2000/01/01@06:04:48,3322,269.16696
2000/01/01@06:04:49,3323,269.0509
2000/01/01@06:04:50,3324,268.93192
2000/01/01@06:04:51,3325,268.84816
2000/01/01@06:04:52,3326,268.74872
2000/01/01@06:04:53,3327,268.58244
2000/01/01@06:04:54,3328,268.46612
2000/01/01@06:04:55,3329,268.35086
2000/01/01@06:04:57,3331,268.26548
2000/01/01@06:04:58,3332,268.1342
2000/01/01@06:04:59,3333,268.0864
2000/01/01@06:05:00,3334,267.99042
2000/01/01@06:05:01,3335,267.88164
2000/01/01@06:05:02,3336,267.79404
2000/01/01@06:05:03,3337,267.66884
2000/01/01@06:05:04,3338,267.5476
2000/01/01@06:05:05,3339,267.43192
2000/01/01@06:05:06,3340,267.30584
2000/01/01@06:05:07,3341,267.19742
2000/01/01@06:05:08,3342,267.04572
2000/01/01@06:05:10,3344,266.93362
2000/01/01@06:05:11,3345,266.80478
2000/01/01@06:05:12,3346,266.70196
2000/01/01@06:05:13,3347,266.62056
2000/01/01@06:05:14,3348,266.53592
2000/01/01@06:05:15,3349,266.41508
2000/01/01@06:05:16,3350,266.31906
2000/01/01@06:05:17,3351,266.1904
2000/01/01@06:05:18,3352,266.1477
2000/01/01@06:05:19,3353,266.0283
2000/01/01@06:05:20,3354,265.92282
2000/01/01@06:05:21,3355,265.8323
2000/01/01@06:05:23,3357,265.72096
2000/01/01@06:05:24,3358,265.61816
2000/01/01@06:05:25,3359,265.5404
2000/01/01@06:05:26,3360,265.4627
2000/01/01@06:05:27,3361,265.32504
2000/01/01@06:05:28,3362,265.2573
2000/01/01@06:05:29,3363,265.0981
2000/01/01@06:05:30,3364,265.00744
2000/01/01@06:05:31,3365,264.93016
2000/01/01@06:05:32,3366,264.84644
2000/01/01@06:05:33,3367,264.77194
2000/01/01@06:05:34,3368,264.6489
2000/01/01@06:05:36,3370,264.55234
2000/01/01@06:05:37,3371,264.44152
2000/01/01@06:05:38,3372,264.31996
2000/01/01@06:05:39,3373,264.21916
2000/01/01@06:05:40,3374,264.15404
2000/01/01@06:05:41,3375,264.03534
2000/01/01@06:05:42,3376,263.96348
2000/01/01@06:05:43,3377,263.8128
2000/01/01@06:05:44,3378,263.68686
2000/01/01@06:05:45,3379,263.60522
2000/01/01@06:05:46,3380,263.47034
2000/01/01@06:05:47,3381,263.36916
2000/01/01@06:05:49,3383,263.2429
2000/01/01@06:05:50,3384,263.12088
2000/01/01@06:05:51,3385,263.038
2000/01/01@06:05:52,3386,262.92902
2000/01/01@06:05:53,3387,262.84778
2000/01/01@06:05:54,3388,262.71268
2000/01/01@06:05:55,3389,262.58904
2000/01/01@06:05:56,3390,262.52954
2000/01/01@06:05:57,3391,262.4295
2000/01/01@06:05:58,3392,262.3218
2000/01/01@06:05:59,3393,262.23156
2000/01/01@06:06:00,3394,262.1076
2000/01/01@06:06:02,3396,262.00156
2000/01/01@06:06:03,3397,261.85782
2000/01/01@06:06:04,3398,261.73144
2000/01/01@06:06:05,3399,261.64404
2000/01/01@06:06:06,3400,261.45592
2000/01/01@06:06:07,3401,261.29874
2000/01/01@06:06:08,3402,261.12876
2000/01/01@06:06:09,3403,260.91844
2000/01/01@06:06:10,3404,260.72192
2000/01/01@06:06:11,3405,260.49856
2000/01/01@06:06:12,3406,260.29916
2000/01/01@06:06:14,3408,260.07404
2000/01/01@06:06:15,3409,259.8772
2000/01/01@06:06:16,3410,259.70154
2000/01/01@06:06:17,3411,259.61276
2000/01/01@06:06:18,3412,259.409
2000/01/01@06:06:19,3413,259.2472
2000/01/01@06:06:20,3414,259.0989
2000/01/01@06:06:21,3415,258.9767
2000/01/01@06:06:22,3416,258.81336
2000/01/01@06:06:23,3417,258.62224
2000/01/01@06:06:24,3418,258.52786
2000/01/01@06:06:25,3419,258.37356
2000/01/01@06:06:27,3421,258.22416
2000/01/01@06:06:28,3422,258.08536
2000/01/01@06:06:29,3423,257.9718
2000/01/01@06:06:30,3424,257.81764
2000/01/01@06:06:31,3425,257.75684
2000/01/01@06:06:32,3426,257.6215
2000/01/01@06:06:33,3427,257.572
2000/01/01@06:06:34,3428,257.41168
2000/01/01@06:06:35,3429,257.30884
2000/01/01@06:06:36,3430,257.23268
2000/01/01@06:06:37,3431,257.1187
2000/01/01@06:06:38,3432,256.96582
2000/01/01@06:06:40,3434,256.80184
2000/01/01@06:06:41,3435,256.6724
2000/01/01@06:06:42,3436,256.54962
2000/01/01@06:06:43,3437,256.43158
2000/01/01@06:06:44,3438,256.27512
2000/01/01@06:06:45,3439,256.09824
2000/01/01@06:06:46,3440,255.9363
2000/01/01@06:06:47,3441,255.75984
2000/01/01@06:06:48,3442,255.607716
2000/01/01@06:06:49,3443,255.41617
2000/01/01@06:06:50,3444,255.278544
2000/01/01@06:06:51,3445,255.1076
2000/01/01@06:06:53,3447,254.87124
2000/01/01@06:06:54,3448,254.69704
2000/01/01@06:06:55,3449,254.481484
2000/01/01@06:06:56,3450,254.26156
2000/01/01@06:06:57,3451,254.02672
2000/01/01@06:06:58,3452,253.85184
2000/01/01@06:06:59,3453,253.57222
2000/01/01@06:07:00,3454,253.38336
2000/01/01@06:07:01,3455,253.10623
2000/01/01@06:07:02,3456,252.89424
2000/01/01@06:07:03,3457,252.69055
2000/01/01@06:07:04,3458,252.394584
2000/01/01@06:07:06,3460,252.169776
2000/01/01@06:07:07,3461,251.969852
2000/01/01@06:07:08,3462,251.67216
2000/01/01@06:07:09,3463,251.432184
2000/01/01@06:07:10,3464,251.287108
2000/01/01@06:07:11,3465,251.05055
2000/01/01@06:07:12,3466,250.866608
2000/01/01@06:07:13,3467,250.75342
2000/01/01@06:07:14,3468,250.619692
2000/01/01@06:07:15,3469,250.4906
2000/01/01@06:07:16,3470,250.38662
2000/01/01@06:07:18,3472,250.27104
2000/01/01@06:07:19,3473,250.14032
2000/01/01@06:07:20,3474,250.01976
2000/01/01@06:07:21,3475,249.9054
2000/01/01@06:07:22,3476,249.79086
2000/01/01@06:07:23,3477,249.670608
2000/01/01@06:07:24,3478,249.55972
2000/01/01@06:07:25,3479,249.42594
2000/01/01@06:07:26,3480,249.32016
2000/01/01@06:07:27,3481,249.1985
2000/01/01@06:07:28,3482,249.05944
2000/01/01@06:07:29,3483,248.9838
2000/01/01@06:07:31,3485,248.9036
2000/01/01@06:07:32,3486,248.76452
2000/01/01@06:07:33,3487,248.65654
2000/01/01@06:07:34,3488,248.51146
2000/01/01@06:07:35,3489,248.38646
2000/01/01@06:07:36,3490,248.30328
2000/01/01@06:07:37,3491,248.211616
2000/01/01@06:07:38,3492,248.0833
2000/01/01@06:07:39,3493,247.9377
2000/01/01@06:07:40,3494,247.81582
2000/01/01@06:07:41,3495,247.735232
2000/01/01@06:07:42,3496,247.581008
2000/01/01@06:07:44,3498,247.48686
2000/01/01@06:07:45,3499,247.3625
2000/01/01@06:07:46,3500,247.28828
2000/01/01@06:07:47,3501,247.10372
2000/01/01@06:07:48,3502,247.00286
2000/01/01@06:07:49,3503,246.83922
2000/01/01@06:07:50,3504,246.679484
2000/01/01@06:07:51,3505,246.51496
2000/01/01@06:07:52,3506,246.39158
2000/01/01@06:07:53,3507,246.24984
2000/01/01@06:07:54,3508,246.11132
2000/01/01@06:07:55,3509,245.93848
2000/01/01@06:07:57,3511,245.82012
2000/01/01@06:07:58,3512,245.68336
2000/01/01@06:07:59,3513,245.54714
2000/01/01@06:08:00,3514,245.438
2000/01/01@06:08:01,3515,245.334416
2000/01/01@06:08:02,3516,245.18266
2000/01/01@06:08:03,3517,245.067736
2000/01/01@06:08:04,3518,244.99882
2000/01/01@06:08:05,3519,244.85882
2000/01/01@06:08:06,3520,244.77804
2000/01/01@06:08:07,3521,244.618532
2000/01/01@06:08:09,3523,244.502668
2000/01/01@06:08:10,3524,244.36066
2000/01/01@06:08:11,3525,244.19512
2000/01/01@06:08:12,3526,244.05108
2000/01/01@06:08:13,3527,243.898132
2000/01/01@06:08:14,3528,243.75076
2000/01/01@06:08:15,3529,243.57008
2000/01/01@06:08:16,3530,243.36452
2000/01/01@06:08:17,3531,243.21534
2000/01/01@06:08:18,3532,243.04626
2000/01/01@06:08:19,3533,242.85792
2000/01/01@06:08:20,3534,242.684452
2000/01/01@06:08:22,3536,242.50244
2000/01/01@06:08:23,3537,242.29972
2000/01/01@06:08:24,3538,242.060616
2000/01/01@06:08:25,3539,241.88352
2000/01/01@06:08:26,3540,241.62254
2000/01/01@06:08:27,3541,241.37602
2000/01/01@06:08:28,3542,241.18578
2000/01/01@06:08:29,3543,240.922732
2000/01/01@06:08:30,3544,240.722816
2000/01/01@06:08:31,3545,240.4936
2000/01/01@06:08:32,3546,240.26554
2000/01/01@06:08:34,3548,240.03818
2000/01/01@06:08:35,3549,239.85498
2000/01/01@06:08:36,3550,239.6902
2000/01/01@06:08:37,3551,239.49942
2000/01/01@06:08:38,3552,239.311824
2000/01/01@06:08:39,3553,239.192684
2000/01/01@06:08:40,3554,239.08558
2000/01/01@06:08:41,3555,239.01108
2000/01/01@06:08:42,3556,238.96258
2000/01/01@06:08:43,3557,238.83634
2000/01/01@06:08:44,3558,238.7168
2000/01/01@06:08:45,3559,238.57648
2000/01/01@06:08:47,3561,238.4482
2000/01/01@06:08:48,3562,238.28344
2000/01/01@06:08:49,3563,238.2037
2000/01/01@06:08:50,3564,238.1278
2000/01/01@06:08:51,3565,238.02212
2000/01/01@06:08:52,3566,237.9036
2000/01/01@06:08:53,3567,237.77276
2000/01/01@06:08:54,3568,237.60036
2000/01/01@06:08:55,3569,237.49526
2000/01/01@06:08:56,3570,237.3753
2000/01/01@06:08:57,3571,237.2625
2000/01/01@06:08:58,3572,237.19686
2000/01/01@06:09:00,3574,237.0694
2000/01/01@06:09:01,3575,236.939384
2000/01/01@06:09:02,3576,236.84174
2000/01/01@06:09:03,3577,236.7556
2000/01/01@06:09:04,3578,236.6506
2000/01/01@06:09:05,3579,236.5334
2000/01/01@06:09:06,3580,236.407268
2000/01/01@06:09:07,3581,236.301132
2000/01/01@06:09:08,3582,236.18648
2000/01/01@06:09:09,3583,236.07222
2000/01/01@06:09:10,3584,235.95248
2000/01/01@06:09:12,3585,235.909084
2000/01/01@06:09:13,3587,235.81818
2000/01/01@06:09:14,3588,235.69878
2000/01/01@06:09:15,3589,235.6075
2000/01/01@06:09:16,3590,235.48982
2000/01/01@06:09:17,3591,235.397232
2000/01/01@06:09:18,3592,235.30782
2000/01/01@06:09:19,3593,235.17664
2000/01/01@06:09:20,3594,235.089884
2000/01/01@06:09:21,3595,235.0019
2000/01/01@06:09:22,3596,234.92604
2000/01/01@06:09:23,3597,234.83596
2000/01/01@06:09:25,3599,234.76668
2000/01/01@06:09:26,3600,234.652916
2000/01/01@06:09:27,3601,234.57806
2000/01/01@06:09:28,3602,234.44896
2000/01/01@06:09:29,3603,234.3563
2000/01/01@06:09:30,3604,234.27326
2000/01/01@06:09:31,3605,234.188752
2000/01/01@06:09:32,3606,234.14386
2000/01/01@06:09:33,3607,234.09004
2000/01/01@06:09:34,3608,233.95452
2000/01/01@06:09:35,3609,233.8535
2000/01/01@06:09:36,3610,233.777392
2000/01/01@06:09:38,3612,233.6668
2000/01/01@06:09:39,3613,233.5593
2000/01/01@06:09:40,3614,233.48494
2000/01/01@06:09:41,3615,233.430452
2000/01/01@06:09:42,3616,233.33376
2000/01/01@06:09:43,3617,233.19286
2000/01/01@06:09:44,3618,233.07036
2000/01/01@06:09:45,3619,232.96274
2000/01/01@06:09:46,3620,232.85812
2000/01/01@06:09:47,3621,232.72574
2000/01/01@06:09:48,3622,232.639652
2000/01/01@06:09:49,3623,232.52098
2000/01/01@06:09:51,3625,232.46144
2000/01/01@06:09:52,3626,232.37864
2000/01/01@06:09:53,3627,232.29078
2000/01/01@06:09:54,3628,232.18006
2000/01/01@06:09:55,3629,232.0899
2000/01/01@06:09:56,3630,232.000352
2000/01/01@06:09:57,3631,231.90492
2000/01/01@06:09:58,3632,231.77218
2000/01/01@06:09:59,3633,231.69198
2000/01/01@06:10:00,3634,231.59322
2000/01/01@06:10:01,3635,231.51056
2000/01/01@06:10:03,3637,231.394784
2000/01/01@06:10:04,3638,231.23514
2000/01/01@06:10:05,3639,231.16572
2000/01/01@06:10:06,3640,231.05468
2000/01/01@06:10:07,3641,230.944616
2000/01/01@06:10:08,3642,230.896016
2000/01/01@06:10:09,3643,230.79522
2000/01/01@06:10:10,3644,230.70696
2000/01/01@06:10:11,3645,230.62526
2000/01/01@06:10:12,3646,230.5432
2000/01/01@06:10:13,3647,230.4029
2000/01/01@06:10:14,3648,230.31632
2000/01/01@06:10:16,3650,230.26808
2000/01/01@06:10:17,3651,230.147952
2000/01/01@06:10:18,3652,230.112732
2000/01/01@06:10:19,3653,230.02036
2000/01/01@06:10:20,3654,229.91464
2000/01/01@06:10:21,3655,229.828432
2000/01/01@06:10:22,3656,229.756208
2000/01/01@06:10:23,3657,229.64956
2000/01/01@06:10:24,3658,229.56416
2000/01/01@06:10:25,3659,229.4989
2000/01/01@06:10:26,3660,229.419452
2000/01/01@06:10:28,3662,229.30308
2000/01/01@06:10:29,3663,229.21476
2000/01/01@06:10:30,3664,229.040268
2000/01/01@06:10:31,3665,228.952732
2000/01/01@06:10:32,3666,228.846132
2000/01/01@06:10:33,3667,228.76268
2000/01/01@06:10:34,3668,228.65484
2000/01/01@06:10:35,3669,228.57352
2000/01/01@06:10:36,3670,228.5003
2000/01/01@06:10:37,3671,228.40164
2000/01/01@06:10:38,3672,228.311568
2000/01/01@06:10:39,3673,228.20996
2000/01/01@06:10:41,3675,228.10924
2000/01/01@06:10:42,3676,227.99622
2000/01/01@06:10:43,3677,227.9146
2000/01/01@06:10:44,3678,227.85254
2000/01/01@06:10:45,3679,227.71602
2000/01/01@06:10:46,3680,227.6419
2000/01/01@06:10:47,3681,227.520308
2000/01/01@06:10:48,3682,227.3754
2000/01/01@06:10:49,3683,227.297336
2000/01/01@06:10:50,3684,227.211292
2000/01/01@06:10:51,3685,227.14426
2000/01/01@06:10:52,3686,227.03976
2000/01/01@06:10:54,3688,226.978584
2000/01/01@06:10:55,3689,226.867632
2000/01/01@06:10:56,3690,226.71898
2000/01/01@06:10:57,3691,226.67558
2000/01/01@06:10:58,3692,226.56262
2000/01/01@06:10:59,3693,226.482132
2000/01/01@06:11:00,3694,226.406832
2000/01/01@06:11:01,3695,226.30874
2000/01/01@06:11:02,3696,226.23202
2000/01/01@06:11:03,3697,226.0816
2000/01/01@06:11:04,3698,225.96938
2000/01/01@06:11:06,3699,225.90086
2000/01/01@06:11:07,3701,225.8081
2000/01/01@06:11:08,3702,225.732132
2000/01/01@06:11:09,3703,225.6305
2000/01/01@06:11:10,3704,225.56143
2000/01/01@06:11:11,3705,225.46444
2000/01/01@06:11:12,3706,225.3659
2000/01/01@06:11:13,3707,225.283108
2000/01/01@06:11:14,3708,225.16664
2000/01/01@06:11:15,3709,225.05248
2000/01/01@06:11:16,3710,224.9561
2000/01/01@06:11:17,3711,224.87702
2000/01/01@06:11:19,3713,224.78522
2000/01/01@06:11:20,3714,224.727692
2000/01/01@06:11:21,3715,224.64488
2000/01/01@06:11:22,3716,224.571552
2000/01/01@06:11:23,3717,224.448668
2000/01/01@06:11:24,3718,224.370584
2000/01/01@06:11:25,3719,224.27294
2000/01/01@06:11:26,3720,224.18648
2000/01/01@06:11:27,3721,224.07738
2000/01/01@06:11:28,3722,224.033832
2000/01/01@06:11:29,3723,223.92026
2000/01/01@06:11:30,3724,223.79718
2000/01/01@06:11:32,3726,223.72184
2000/01/01@06:11:33,3727,223.62452
2000/01/01@06:11:34,3728,223.54932
2000/01/01@06:11:35,3729,223.467732
2000/01/01@06:11:36,3730,223.38751
2000/01/01@06:11:37,3731,223.296832
2000/01/01@06:11:38,3732,223.17468
2000/01/01@06:11:39,3733,223.10078
2000/01/01@06:11:40,3734,222.973332
2000/01/01@06:11:41,3735,222.90926
2000/01/01@06:11:42,3736,222.79372
2000/01/01@06:11:44,3738,222.73602
2000/01/01@06:11:45,3739,222.638
2000/01/01@06:11:46,3740,222.577
2000/01/01@06:11:47,3741,222.453316
2000/01/01@06:11:48,3742,222.37422
2000/01/01@06:11:49,3743,222.24862
2000/01/01@06:11:50,3744,222.20746
2000/01/01@06:11:51,3745,222.096268
2000/01/01@06:11:52,3746,222.02238
2000/01/01@06:11:53,3747,221.92524
2000/01/01@06:11:54,3748,221.84188
2000/01/01@06:11:55,3749,221.7514
2000/01/01@06:11:57,3751,221.64618
2000/01/01@06:11:58,3752,221.57812
2000/01/01@06:11:59,3753,221.44351
2000/01/01@06:12:00,3754,221.34742
2000/01/01@06:12:01,3755,221.27964
2000/01/01@06:12:02,3756,221.17528
2000/01/01@06:12:03,3757,221.12014
2000/01/01@06:12:04,3758,220.97002
2000/01/01@06:12:05,3759,220.89406
2000/01/01@06:12:06,3760,220.79714
2000/01/01@06:12:07,3761,220.7023
2000/01/01@06:12:08,3762,220.63676
2000/01/01@06:12:10,3764,220.52468
2000/01/01@06:12:11,3765,220.4245
2000/01/01@06:12:12,3766,220.34028
2000/01/01@06:12:13,3767,220.25368
2000/01/01@06:12:14,3768,220.15826
2000/01/01@06:12:15,3769,220.100516
2000/01/01@06:12:16,3770,220.01102
2000/01/01@06:12:17,3771,219.89808
2000/01/01@06:12:18,3772,219.78286
2000/01/01@06:12:19,3773,219.70254
2000/01/01@06:12:20,3774,219.58718
2000/01/01@06:12:21,3775,219.5252
2000/01/01@06:12:23,3777,219.422784
2000/01/01@06:12:24,3778,219.3333
2000/01/01@06:12:25,3779,219.26678
2000/01/01@06:12:26,3780,219.176852
2000/01/01@06:12:27,3781,219.078816
2000/01/01@06:12:28,3782,218.94882
2000/01/01@06:12:29,3783,218.868784
2000/01/01@06:12:30,3784,218.76422
2000/01/01@06:12:31,3785,218.72432
2000/01/01@06:12:32,3786,218.64124
2000/01/01@06:12:33,3787,218.53316
2000/01/01@06:12:35,3789,218.47364
2000/01/01@06:12:36,3790,218.33956
2000/01/01@06:12:37,3791,218.25558
2000/01/01@06:12:38,3792,218.21552
2000/01/01@06:12:39,3793,218.12052
2000/01/01@06:12:40,3794,218.054752
2000/01/01@06:12:41,3795,217.99656
2000/01/01@06:12:42,3796,217.89286
2000/01/01@06:12:43,3797,217.7202
2000/01/01@06:12:44,3798,217.66046
2000/01/01@06:12:45,3799,217.58162
2000/01/01@06:12:46,3800,217.534732
2000/01/01@06:12:48,3802,217.44308
2000/01/01@06:12:49,3803,217.337
2000/01/01@06:12:50,3804,217.25848
2000/01/01@06:12:51,3805,217.18758
2000/01/01@06:12:52,3806,217.08856
2000/01/01@06:12:53,3807,216.9621
2000/01/01@06:12:54,3808,216.89176
2000/01/01@06:12:55,3809,216.81122
2000/01/01@06:12:56,3810,216.726416
2000/01/01@06:12:57,3811,216.638032
2000/01/01@06:12:58,3812,216.56618
2000/01/01@06:12:59,3813,216.46108
2000/01/01@06:13:01,3815,216.34848
2000/01/01@06:13:02,3816,216.27928
2000/01/01@06:13:03,3817,216.18214
2000/01/01@06:13:04,3818,216.0934
2000/01/01@06:13:05,3819,216.036016
2000/01/01@06:13:06,3820,215.8807
2000/01/01@06:13:07,3821,215.80806
2000/01/01@06:13:08,3822,215.71184
2000/01/01@06:13:09,3823,215.62576
2000/01/01@06:13:10,3824,215.51066
2000/01/01@06:13:11,3825,215.44128
2000/01/01@06:13:13,3827,215.321336
2000/01/01@06:13:14,3828,215.206452
2000/01/01@06:13:15,3829,215.16476
2000/01/01@06:13:16,3830,215.09716
2000/01/01@06:13:17,3831,214.9977
2000/01/01@06:13:18,3832,214.94714
2000/01/01@06:13:19,3833,214.837316
2000/01/01@06:13:20,3834,214.74442
2000/01/01@06:13:21,3835,214.63058
2000/01/01@06:13:22,3836,214.586092
2000/01/01@06:13:23,3837,214.487616
2000/01/01@06:13:24,3838,214.39516
2000/01/01@06:13:26,3840,214.2811
2000/01/01@06:13:27,3841,214.2037
2000/01/01@06:13:28,3842,214.11758
2000/01/01@06:13:29,3843,214.06512
2000/01/01@06:13:30,3844,213.95536
2000/01/01@06:13:31,3845,213.889568
2000/01/01@06:13:32,3846,213.818068
2000/01/01@06:13:33,3847,213.70308
2000/01/01@06:13:34,3848,213.628
2000/01/01@06:13:35,3849,213.4998
2000/01/01@06:13:36,3850,213.40362
2000/01/01@06:13:37,3851,213.36278
2000/01/01@06:13:39,3853,213.21436
2000/01/01@06:13:40,3854,213.155084
2000/01/01@06:13:41,3855,213.03962
2000/01/01@06:13:42,3856,212.96336
2000/01/01@06:13:43,3857,212.896984
2000/01/01@06:13:44,3858,212.8107
2000/01/01@06:13:45,3859,212.748868
2000/01/01@06:13:46,3860,212.65746
2000/01/01@06:13:47,3861,212.51342
2000/01/01@06:13:48,3862,212.453
2000/01/01@06:13:49,3863,212.360176
2000/01/01@06:13:51,3865,212.27538
2000/01/01@06:13:52,3866,212.169832
2000/01/01@06:13:53,3867,212.09848
2000/01/01@06:13:54,3868,212.01746
2000/01/01@06:13:55,3869,211.921832
2000/01/01@06:13:56,3870,211.821416
2000/01/01@06:13:57,3871,211.7564
2000/01/01@06:13:58,3872,211.67508
2000/01/01@06:13:59,3873,211.58314
2000/01/01@06:14:00,3874,211.509484
2000/01/01@06:14:01,3875,211.4186
2000/01/01@06:14:02,3876,211.305252
2000/01/01@06:14:04,3878,211.2041
2000/01/01@06:14:05,3879,211.1375
2000/01/01@06:14:06,3880,210.99942
2000/01/01@06:14:07,3881,210.9587
2000/01/01@06:14:08,3882,210.828116
2000/01/01@06:14:09,3883,210.77578
2000/01/01@06:14:10,3884,210.631216
2000/01/01@06:14:11,3885,210.55282
2000/01/01@06:14:12,3886,210.426016
2000/01/01@06:14:13,3887,210.35444
2000/01/01@06:14:14,3888,210.28446
2000/01/01@06:14:15,3889,210.16726
2000/01/01@06:14:17,3891,210.1118
2000/01/01@06:14:18,3892,209.956332
2000/01/01@06:14:19,3893,209.881416
2000/01/01@06:14:20,3894,209.771852
2000/01/01@06:14:21,3895,209.68527
2000/01/01@06:14:22,3896,209.565632
2000/01/01@06:14:23,3897,209.48652
2000/01/01@06:14:24,3898,209.41468
2000/01/01@06:14:25,3899,209.343108
2000/01/01@06:14:26,3900,209.24588
2000/01/01@06:14:27,3901,209.13958
2000/01/01@06:14:29,3903,209.07242
2000/01/01@06:14:30,3904,208.9981
2000/01/01@06:14:31,3905,208.95654
2000/01/01@06:14:32,3906,208.86714
2000/01/01@06:14:33,3907,208.81406
2000/01/01@06:14:34,3908,208.72468
2000/01/01@06:14:35,3909,208.59982
2000/01/01@06:14:36,3910,208.51918
2000/01/01@06:14:37,3911,208.42606
2000/01/01@06:14:38,3912,208.3151
2000/01/01@06:14:39,3913,208.22984
2000/01/01@06:14:40,3914,208.132116
2000/01/01@06:14:42,3916,208.078
2000/01/01@06:14:43,3917,208.001968
2000/01/01@06:14:44,3918,207.94094
2000/01/01@06:14:45,3919,207.85036
2000/01/01@06:14:46,3920,207.79326
2000/01/01@06:14:47,3921,207.70802
2000/01/01@06:14:48,3922,207.6005
2000/01/01@06:14:49,3923,207.457424
2000/01/01@06:14:50,3924,207.39048
2000/01/01@06:14:51,3925,207.3374
2000/01/01@06:14:52,3926,207.25008
2000/01/01@06:14:53,3927,207.21624
2000/01/01@06:14:55,3929,207.12172
2000/01/01@06:14:56,3930,207.0231
2000/01/01@06:14:57,3931,206.958652
2000/01/01@06:14:58,3932,206.87666
2000/01/01@06:14:59,3933,206.80546
2000/01/01@06:15:00,3934,206.71018
2000/01/01@06:15:01,3935,206.6593
2000/01/01@06:15:02,3936,206.58324
2000/01/01@06:15:03,3937,206.45614
2000/01/01@06:15:04,3938,206.40078
2000/01/01@06:15:05,3939,206.33322
2000/01/01@06:15:06,3940,206.28788
2000/01/01@06:15:08,3942,206.1559
2000/01/01@06:15:09,3943,206.09512
2000/01/01@06:15:10,3944,206.02532
2000/01/01@06:15:11,3945,205.94958
2000/01/01@06:15:12,3946,205.909668
2000/01/01@06:15:13,3947,205.79212
2000/01/01@06:15:14,3948,205.6688
2000/01/01@06:15:15,3949,205.5816
2000/01/01@06:15:16,3950,205.495384
2000/01/01@06:15:17,3951,205.4416
2000/01/01@06:15:18,3952,205.34856
2000/01/01@06:15:20,3954,205.30204
2000/01/01@06:15:21,3955,205.25488
2000/01/01@06:15:22,3956,205.164616
2000/01/01@06:15:23,3957,205.055184
2000/01/01@06:15:24,3958,204.95248
2000/01/01@06:15:25,3959,204.883216
2000/01/01@06:15:26,3960,204.8172
2000/01/01@06:15:27,3961,204.76066
2000/01/01@06:15:28,3962,204.69348
2000/01/01@06:15:29,3963,204.5875
2000/01/01@06:15:30,3964,204.489
2000/01/01@06:15:31,3965,204.44762
2000/01/01@06:15:33,3967,204.315232
2000/01/01@06:15:34,3968,204.272816
2000/01/01@06:15:35,3969,204.18556
2000/01/01@06:15:36,3970,204.11628
2000/01/01@06:15:37,3971,204.05728
2000/01/01@06:15:38,3972,203.96944
2000/01/01@06:15:39,3973,203.89578
2000/01/01@06:15:40,3974,203.81582
2000/01/01@06:15:41,3975,203.74974
2000/01/01@06:15:42,3976,203.676916
2000/01/01@06:15:43,3977,203.59426
2000/01/01@06:15:45,3978,203.49244
2000/01/01@06:15:46,3980,203.432384
2000/01/01@06:15:47,3981,203.40222
2000/01/01@06:15:48,3982,203.30998
2000/01/01@06:15:49,3983,203.258532
2000/01/01@06:15:50,3984,203.121952
2000/01/01@06:15:51,3985,203.07868
2000/01/01@06:15:52,3986,203.014384
2000/01/01@06:15:53,3987,202.933468
2000/01/01@06:15:54,3988,202.87222
2000/01/01@06:15:55,3989,202.7985
2000/01/01@06:15:56,3990,202.72872
2000/01/01@06:15:58,3992,202.69578
2000/01/01@06:15:59,3993,202.640536
2000/01/01@06:16:00,3994,202.48428
2000/01/01@06:16:01,3995,202.419384
2000/01/01@06:16:02,3996,202.30864
2000/01/01@06:16:03,3997,202.28176
2000/01/01@06:16:04,3998,202.20452
2000/01/01@06:16:05,3999,202.13792
2000/01/01@06:16:06,4000,202.07832
2000/01/01@06:16:07,4001,201.99812
2000/01/01@06:16:08,4002,201.898016
2000/01/01@06:16:09,4003,201.83296
2000/01/01@06:16:11,4005,201.7281
2000/01/01@06:16:12,4006,201.732652
2000/01/01@06:16:13,4007,201.62526
2000/01/01@06:16:14,4008,201.5484
2000/01/01@06:16:15,4009,201.46442
2000/01/01@06:16:16,4010,201.36432
2000/01/01@06:16:17,4011,201.30434
2000/01/01@06:16:18,4012,201.16446
2000/01/01@06:16:19,4013,201.08718
2000/01/01@06:16:20,4014,201.01446
2000/01/01@06:16:21,4015,200.95308
2000/01/01@06:16:22,4016,200.9154
2000/01/01@06:16:24,4018,200.8425
2000/01/01@06:16:25,4019,200.720536
2000/01/01@06:16:26,4020,200.579468
2000/01/01@06:16:27,4021,200.47766
2000/01/01@06:16:28,4022,200.383216
2000/01/01@06:16:29,4023,200.30576
2000/01/01@06:16:30,4024,200.2231
2000/01/01@06:16:31,4025,200.15374
2000/01/01@06:16:32,4026,200.06152
2000/01/01@06:16:33,4027,199.95472
2000/01/01@06:16:34,4028,199.885392
2000/01/01@06:16:36,4030,199.734068
2000/01/01@06:16:37,4031,199.64386
2000/01/01@06:16:38,4032,199.52508
2000/01/01@06:16:39,4033,199.44474
2000/01/01@06:16:40,4034,199.323152
2000/01/01@06:16:41,4035,199.23976
2000/01/01@06:16:42,4036,199.182384
2000/01/01@06:16:43,4037,199.109452
2000/01/01@06:16:44,4038,199.06132
2000/01/01@06:16:45,4039,198.98744
2000/01/01@06:16:46,4040,198.90478
2000/01/01@06:16:47,4041,198.8271
2000/01/01@06:16:49,4043,198.74582
2000/01/01@06:16:50,4044,198.64266
2000/01/01@06:16:51,4045,198.54536
2000/01/01@06:16:52,4046,198.38678
2000/01/01@06:16:53,4047,198.37786
2000/01/01@06:16:54,4048,198.2829
2000/01/01@06:16:55,4049,198.20668
2000/01/01@06:16:56,4050,198.16596
2000/01/01@06:16:57,4051,198.06808
2000/01/01@06:16:58,4052,197.99152
2000/01/01@06:16:59,4053,197.87328
2000/01/01@06:17:01,4054,197.819616
2000/01/01@06:17:02,4056,197.7636
2000/01/01@06:17:03,4057,197.692176
2000/01/01@06:17:04,4058,197.565
2000/01/01@06:17:05,4059,197.53906
2000/01/01@06:17:06,4060,197.469716
2000/01/01@06:17:07,4061,197.35868
2000/01/01@06:17:08,4062,197.24274
2000/01/01@06:17:09,4063,197.13986
2000/01/01@06:17:10,4064,197.06586
2000/01/01@06:17:11,4065,196.96476
2000/01/01@06:17:12,4066,196.889568
2000/01/01@06:17:13,4067,196.80958
2000/01/01@06:17:15,4069,196.73758
2000/01/01@06:17:16,4070,196.64376
2000/01/01@06:17:17,4071,196.55296
2000/01/01@06:17:18,4072,196.467652
2000/01/01@06:17:19,4073,196.401168
2000/01/01@06:17:20,4074,196.34932
2000/01/01@06:17:21,4075,196.2532
2000/01/01@06:17:22,4076,196.16166
2000/01/01@06:17:23,4077,196.03918
2000/01/01@06:17:24,4078,195.990052
2000/01/01@06:17:25,4079,195.87916
2000/01/01@06:17:27,4081,195.78566
2000/01/01@06:17:28,4082,195.72934
2000/01/01@06:17:29,4083,195.638868
2000/01/01@06:17:30,4084,195.49024
2000/01/01@06:17:31,4085,195.383216
2000/01/01@06:17:32,4086,195.2701
2000/01/01@06:17:33,4087,195.16352
2000/01/01@06:17:34,4088,195.035168
2000/01/01@06:17:35,4089,194.93766
2000/01/01@06:17:36,4090,194.80462
2000/01/01@06:17:37,4091,194.65968
2000/01/01@06:17:38,4092,194.5199
2000/01/01@06:17:40,4094,194.36338
2000/01/01@06:17:41,4095,194.191332
2000/01/01@06:17:42,4096,194.041868
2000/01/01@06:17:43,4097,193.84582
2000/01/01@06:17:44,4098,193.666992
2000/01/01@06:17:45,4099,193.48122
2000/01/01@06:17:46,4100,193.323868
2000/01/01@06:17:47,4101,193.18332
2000/01/01@06:17:48,4102,193.01328
2000/01/01@06:17:49,4103,192.95166
2000/01/01@06:17:50,4104,192.784
2000/01/01@06:17:52,4106,192.67012
2000/01/01@06:17:53,4107,192.52202
2000/01/01@06:17:54,4108,192.35844
2000/01/01@06:17:55,4109,192.200732
2000/01/01@06:17:56,4110,192.05826
2000/01/01@06:17:57,4111,191.88918
2000/01/01@06:17:58,4112,191.68666
2000/01/01@06:17:59,4113,191.580368
2000/01/01@06:18:00,4114,191.508
2000/01/01@06:18:01,4115,191.43546
2000/01/01@06:18:02,4116,191.33666
2000/01/01@06:18:03,4117,191.27
2000/01/01@06:18:05,4119,191.1673
2000/01/01@06:18:06,4120,191.04792
2000/01/01@06:18:07,4121,190.92558
2000/01/01@06:18:08,4122,190.86124
2000/01/01@06:18:09,4123,190.765668
2000/01/01@06:18:10,4124,190.67506
2000/01/01@06:18:11,4125,190.54522
2000/01/01@06:18:12,4126,190.466752
2000/01/01@06:18:13,4127,190.37282
2000/01/01@06:18:14,4128,190.30422
2000/01/01@06:18:15,4129,190.18142
2000/01/01@06:18:16,4130,190.105068
2000/01/01@06:18:18,4132,190.012268
2000/01/01@06:18:19,4133,189.96246
2000/01/01@06:18:20,4134,189.87848
2000/01/01@06:18:21,4135,189.76924
2000/01/01@06:18:22,4136,189.71
2000/01/01@06:18:23,4137,189.61428
2000/01/01@06:18:24,4138,189.535632
2000/01/01@06:18:25,4139,189.44302
2000/01/01@06:18:26,4140,189.3493
2000/01/01@06:18:27,4141,189.26586
2000/01/01@06:18:28,4142,189.1809
2000/01/01@06:18:29,4143,189.1063
2000/01/01@06:18:31,4145,188.99554
2000/01/01@06:18:32,4146,188.940284
2000/01/01@06:18:33,4147,188.87646
2000/01/01@06:18:34,4148,188.7936
2000/01/01@06:18:35,4149,188.747
2000/01/01@06:18:36,4150,188.65144
2000/01/01@06:18:37,4151,188.55454
2000/01/01@06:18:38,4152,188.5011
2000/01/01@06:18:39,4153,188.43598
2000/01/01@06:18:40,4154,188.33398
2000/01/01@06:18:41,4155,188.26124
2000/01/01@06:18:43,4157,188.16508
2000/01/01@06:18:44,4158,188.07524
2000/01/01@06:18:45,4159,187.98712
2000/01/01@06:18:46,4160,187.88734
2000/01/01@06:18:47,4161,187.85988
2000/01/01@06:18:48,4162,187.80164
2000/01/01@06:18:49,4163,187.73046
2000/01/01@06:18:50,4164,187.6377
2000/01/01@06:18:51,4165,187.58602
2000/01/01@06:18:52,4166,187.48836
2000/01/01@06:18:53,4167,187.41232
2000/01/01@06:18:54,4168,187.33072
2000/01/01@06:18:56,4170,187.24384
2000/01/01@06:18:57,4171,187.194492
2000/01/01@06:18:58,4172,187.115632
2000/01/01@06:18:59,4173,187.006016
2000/01/01@06:19:00,4174,186.9309
2000/01/01@06:19:01,4175,186.868592
2000/01/01@06:19:02,4176,186.78684
2000/01/01@06:19:03,4177,186.7441
2000/01/01@06:19:04,4178,186.67
2000/01/01@06:19:05,4179,186.5991
2000/01/01@06:19:06,4180,186.50628
2000/01/01@06:19:07,4181,186.40594
2000/01/01@06:19:09,4183,186.335632
2000/01/01@06:19:10,4184,186.29266
2000/01/01@06:19:11,4185,186.17606
2000/01/01@06:19:12,4186,186.16024
2000/01/01@06:19:13,4187,186.0289
2000/01/01@06:19:14,4188,185.95778
2000/01/01@06:19:15,4189,185.90094
2000/01/01@06:19:16,4190,185.82682
2000/01/01@06:19:17,4191,185.74484
2000/01/01@06:19:18,4192,185.67706
2000/01/01@06:19:19,4193,185.55398
2000/01/01@06:19:20,4194,185.486192
2000/01/01@06:19:22,4196,185.38462
2000/01/01@06:19:23,4197,185.28746
2000/01/01@06:19:24,4198,185.23834
2000/01/01@06:19:25,4199,185.147376
2000/01/01@06:19:26,4200,185.05996
2000/01/01@06:19:27,4201,184.989668
2000/01/01@06:19:28,4202,184.89848
2000/01/01@06:19:29,4203,184.787108
2000/01/01@06:19:30,4204,184.73132
2000/01/01@06:19:31,4205,184.656252
2000/01/01@06:19:32,4206,184.572132
2000/01/01@06:19:34,4208,184.53504
2000/01/01@06:19:35,4209,184.42548
2000/01/01@06:19:36,4210,184.34432
2000/01/01@06:19:37,4211,184.26718
2000/01/01@06:19:38,4212,184.19322
2000/01/01@06:19:39,4213,184.18476
2000/01/01@06:19:40,4214,184.067168
2000/01/01@06:19:41,4215,184.01246
2000/01/01@06:19:42,4216,183.9371
2000/01/01@06:19:43,4217,183.861968
2000/01/01@06:19:44,4218,183.80362
2000/01/01@06:19:45,4219,183.7547
2000/01/01@06:19:47,4221,183.69994
2000/01/01@06:19:48,4222,183.611332
2000/01/01@06:19:49,4223,183.48842
2000/01/01@06:19:50,4224,183.432832
2000/01/01@06:19:51,4225,183.3813
2000/01/01@06:19:52,4226,183.28996
2000/01/01@06:19:53,4227,183.25406
2000/01/01@06:19:54,4228,183.1857
2000/01/01@06:19:55,4229,183.0482
2000/01/01@06:19:56,4230,182.970224
2000/01/01@06:19:57,4231,182.911332
2000/01/01@06:19:58,4232,182.84828
2000/01/01@06:20:00,4234,182.7666
2000/01/01@06:20:01,4235,182.71422
2000/01/01@06:20:02,4236,182.65044
2000/01/01@06:20:03,4237,182.57329
2000/01/01@06:20:04,4238,182.471908
2000/01/01@06:20:05,4239,182.380568
2000/01/01@06:20:06,4240,182.327152
2000/01/01@06:20:07,4241,182.242684
2000/01/01@06:20:08,4242,182.1695
2000/01/01@06:20:09,4243,182.060468
2000/01/01@06:20:10,4244,182.01044
2000/01/01@06:20:12,4246,181.92608
2000/01/01@06:20:13,4247,181.84984
2000/01/01@06:20:14,4248,181.783
2000/01/01@06:20:15,4249,181.70704
2000/01/01@06:20:16,4250,181.61504
2000/01/01@06:20:17,4251,181.55038
2000/01/01@06:20:18,4252,181.5034
2000/01/01@06:20:19,4253,181.45503
2000/01/01@06:20:20,4254,181.38918
2000/01/01@06:20:21,4255,181.28788
2000/01/01@06:20:22,4256,181.2488
2000/01/01@06:20:23,4257,181.179816
2000/01/01@06:20:25,4259,181.07508
2000/01/01@06:20:26,4260,181.02188
2000/01/01@06:20:27,4261,180.894732
2000/01/01@06:20:28,4262,180.86908
2000/01/01@06:20:29,4263,180.786216
2000/01/01@06:20:30,4264,180.726092
2000/01/01@06:20:31,4265,180.62634
2000/01/01@06:20:32,4266,180.559376
2000/01/01@06:20:33,4267,180.43452
2000/01/01@06:20:34,4268,180.37032
2000/01/01@06:20:35,4269,180.29752
2000/01/01@06:20:36,4270,180.252868
2000/01/01@06:20:38,4272,180.14992
2000/01/01@06:20:39,4273,180.0855
2000/01/01@06:20:40,4274,180.01862
2000/01/01@06:20:41,4275,179.9355
2000/01/01@06:20:42,4276,179.822308
2000/01/01@06:20:43,4277,179.79214
2000/01/01@06:20:44,4278,179.70764
2000/01/01@06:20:45,4279,179.641184
2000/01/01@06:20:46,4280,179.56084
2000/01/01@06:20:47,4281,179.47278
2000/01/01@06:20:48,4282,179.427952
2000/01/01@06:20:50,4284,179.36844
2000/01/01@06:20:51,4285,179.2782
2000/01/01@06:20:52,4286,179.242308
2000/01/01@06:20:53,4287,179.12628
2000/01/01@06:20:54,4288,179.062
2000/01/01@06:20:55,4289,178.988184
2000/01/01@06:20:56,4290,178.907852
2000/01/01@06:20:57,4291,178.817108
2000/01/01@06:20:58,4292,178.723332
2000/01/01@06:20:59,4293,178.6073
2000/01/01@06:21:00,4294,178.459024
2000/01/01@06:21:01,4295,178.33634
2000/01/01@06:21:03,4297,178.20478
2000/01/01@06:21:04,4298,178.139508
2000/01/01@06:21:05,4299,178.013744
2000/01/01@06:21:06,4300,177.92502
2000/01/01@06:21:07,4301,177.83196
2000/01/01@06:21:08,4302,177.763736
2000/01/01@06:21:09,4303,177.6727
2000/01/01@06:21:10,4304,177.59458
2000/01/01@06:21:11,4305,177.54694
2000/01/01@06:21:12,4306,177.47016
2000/01/01@06:21:13,4307,177.40372
2000/01/01@06:21:15,4308,177.2953
2000/01/01@06:21:16,4310,177.23366
2000/01/01@06:21:17,4311,177.17852
2000/01/01@06:21:18,4312,177.07336
2000/01/01@06:21:19,4313,177.05434
2000/01/01@06:21:20,4314,176.98528
2000/01/01@06:21:21,4315,176.85832
2000/01/01@06:21:22,4316,176.780668
2000/01/01@06:21:23,4317,176.75556
2000/01/01@06:21:24,4318,176.67876
2000/01/01@06:21:25,4319,176.604752
2000/01/01@06:21:26,4320,176.5206
2000/01/01@06:21:28,4321,176.4845
2000/01/01@06:21:29,4323,176.41084
2000/01/01@06:21:30,4324,176.30432
2000/01/01@06:21:31,4325,176.26264
2000/01/01@06:21:32,4326,176.2043
2000/01/01@06:21:33,4327,176.10692
2000/01/01@06:21:34,4328,176.04102
2000/01/01@06:21:35,4329,175.96742
2000/01/01@06:21:36,4330,175.891452
2000/01/01@06:21:37,4331,175.81796
2000/01/01@06:21:38,4332,175.722608
2000/01/01@06:21:39,4333,175.61564
2000/01/01@06:21:41,4335,175.483868
2000/01/01@06:21:42,4336,175.36874
2000/01/01@06:21:43,4337,175.243984
2000/01/01@06:21:44,4338,175.12906
2000/01/01@06:21:45,4339,175.05684
2000/01/01@06:21:46,4340,174.933616
2000/01/01@06:21:47,4341,174.87846
2000/01/01@06:21:48,4342,174.75048
2000/01/01@06:21:49,4343,174.67504
2000/01/01@06:21:50,4344,174.63296
2000/01/01@06:21:51,4345,174.5431
2000/01/01@06:21:52,4346,174.49174
2000/01/01@06:21:54,4348,174.37662
2000/01/01@06:21:55,4349,174.357968
2000/01/01@06:21:56,4350,174.26668
2000/01/01@06:21:57,4351,174.20398
2000/01/01@06:21:58,4352,174.16828
2000/01/01@06:21:59,4353,174.08216
2000/01/01@06:22:00,4354,174.0041
2000/01/01@06:22:01,4355,173.99
2000/01/01@06:22:02,4356,173.9043
2000/01/01@06:22:03,4357,173.82762
2000/01/01@06:22:04,4358,173.77602
2000/01/01@06:22:06,4360,173.713152
2000/01/01@06:22:07,4361,173.647884
2000/01/01@06:22:08,4362,173.55238
2000/01/01@06:22:09,4363,173.54012
2000/01/01@06:22:10,4364,173.453
2000/01/01@06:22:11,4365,173.395632
2000/01/01@06:22:12,4366,173.368652
2000/01/01@06:22:13,4367,173.28154
2000/01/01@06:22:14,4368,173.22498
2000/01/01@06:22:15,4369,173.181868
2000/01/01@06:22:16,4370,173.10526
2000/01/01@06:22:17,4371,173.01718
2000/01/01@06:22:19,4373,172.92168
2000/01/01@06:22:20,4374,172.8854
2000/01/01@06:22:21,4375,172.85344
2000/01/01@06:22:22,4376,172.810992
2000/01/01@06:22:23,4377,172.733552
2000/01/01@06:22:24,4378,172.64684
2000/01/01@06:22:25,4379,172.59858
2000/01/01@06:22:26,4380,172.54344
2000/01/01@06:22:27,4381,172.49758
2000/01/01@06:22:28,4382,172.422732
2000/01/01@06:22:29,4383,172.3279
2000/01/01@06:22:30,4384,172.23418
2000/01/01@06:22:32,4386,172.2084
2000/01/01@06:22:33,4387,172.1201
2000/01/01@06:22:34,4388,172.07602
2000/01/01@06:22:35,4389,172.02302
2000/01/01@06:22:36,4390,171.98014
2000/01/01@06:22:37,4391,171.89242
2000/01/01@06:22:38,4392,171.82832
2000/01/01@06:22:39,4393,171.731736
2000/01/01@06:22:40,4394,171.70122
2000/01/01@06:22:41,4395,171.66274
2000/01/01@06:22:42,4396,171.57798
2000/01/01@06:22:44,4397,171.53176
2000/01/01@06:22:45,4399,171.47274
2000/01/01@06:22:46,4400,171.40624
2000/01/01@06:22:47,4401,171.30902
2000/01/01@06:22:48,4402,171.2381
2000/01/01@06:22:49,4403,171.173424
2000/01/01@06:22:50,4404,171.121632
2000/01/01@06:22:51,4405,171.03074
2000/01/01@06:22:52,4406,170.956852
2000/01/01@06:22:53,4407,170.84788
2000/01/01@06:22:54,4408,170.78338
2000/01/01@06:22:55,4409,170.72984
2000/01/01@06:22:57,4411,170.63274
2000/01/01@06:22:58,4412,170.565692
2000/01/01@06:22:59,4413,170.51464
2000/01/01@06:23:00,4414,170.43994
2000/01/01@06:23:01,4415,170.38672
2000/01/01@06:23:02,4416,170.2964
2000/01/01@06:23:03,4417,170.23332
2000/01/01@06:23:04,4418,170.1366
2000/01/01@06:23:05,4419,170.07434
2000/01/01@06:23:06,4420,170.05984
2000/01/01@06:23:07,4421,169.981
2000/01/01@06:23:08,4422,169.93594
2000/01/01@06:23:10,4424,169.8524
2000/01/01@06:23:11,4425,169.76404
2000/01/01@06:23:12,4426,169.69922
2000/01/01@06:23:13,4427,169.6419
2000/01/01@06:23:14,4428,169.617692
2000/01/01@06:23:15,4429,169.53876
2000/01/01@06:23:16,4430,169.503376
2000/01/01@06:23:17,4431,169.415968
2000/01/01@06:23:18,4432,169.342332
2000/01/01@06:23:19,4433,169.22186
2000/01/01@06:23:20,4434,169.18746
2000/01/01@06:23:22,4436,169.107268
2000/01/01@06:23:23,4437,169.0348
2000/01/01@06:23:24,4438,168.987816
2000/01/01@06:23:25,4439,168.8857
2000/01/01@06:23:26,4440,168.84422
2000/01/01@06:23:27,4441,168.77754
2000/01/01@06:23:28,4442,168.72828
2000/01/01@06:23:29,4443,168.657
2000/01/01@06:23:30,4444,168.53828
2000/01/01@06:23:31,4445,168.51762
2000/01/01@06:23:32,4446,168.4245
2000/01/01@06:23:33,4447,168.35584
2000/01/01@06:23:35,4449,168.2897
2000/01/01@06:23:36,4450,168.22614
2000/01/01@06:23:37,4451,168.11062
2000/01/01@06:23:38,4452,168.100708
2000/01/01@06:23:39,4453,167.97818
2000/01/01@06:23:40,4454,167.89028
2000/01/01@06:23:41,4455,167.82192
2000/01/01@06:23:42,4456,167.75685
2000/01/01@06:23:43,4457,167.70935
2000/01/01@06:23:44,4458,167.64918
2000/01/01@06:23:45,4459,167.56318
2000/01/01@06:23:46,4460,167.5261
2000/01/01@06:23:48,4462,167.45086
2000/01/01@06:23:49,4463,167.32199
2000/01/01@06:23:50,4464,167.24312
2000/01/01@06:23:51,4465,167.1695
2000/01/01@06:23:52,4466,167.14844
2000/01/01@06:23:53,4467,167.0628
2000/01/01@06:23:54,4468,166.99356
2000/01/01@06:23:55,4469,166.92444
2000/01/01@06:23:56,4470,166.90103
2000/01/01@06:23:57,4471,166.77043
2000/01/01@06:23:58,4472,166.72635
2000/01/01@06:24:00,4474,166.65882
2000/01/01@06:24:01,4475,166.58034
2000/01/01@06:24:02,4476,166.52965
2000/01/01@06:24:03,4477,166.48222
2000/01/01@06:24:04,4478,166.39504
2000/01/01@06:24:05,4479,166.3059
2000/01/01@06:24:06,4480,166.26512
2000/01/01@06:24:07,4481,166.17705
2000/01/01@06:24:08,4482,166.12181
2000/01/01@06:24:09,4483,166.03047
2000/01/01@06:24:10,4484,165.96052
2000/01/01@06:24:11,4485,165.8799
2000/01/01@06:24:13,4487,165.85052
2000/01/01@06:24:14,4488,165.73836
2000/01/01@06:24:15,4489,165.61879
2000/01/01@06:24:16,4490,165.59856
2000/01/01@06:24:17,4491,165.52603
2000/01/01@06:24:18,4492,165.41686
2000/01/01@06:24:19,4493,165.263
2000/01/01@06:24:20,4494,165.20004
2000/01/01@06:24:21,4495,165.12238
2000/01/01@06:24:22,4496,165.08679
2000/01/01@06:24:23,4497,164.97783
2000/01/01@06:24:25,4499,164.953
2000/01/01@06:24:26,4500,164.83525
2000/01/01@06:24:27,4501,164.71904
2000/01/01@06:24:28,4502,164.63742
2000/01/01@06:24:29,4503,164.60288
2000/01/01@06:24:30,4504,164.51492
2000/01/01@06:24:31,4505,164.42754
2000/01/01@06:24:32,4506,164.41676
2000/01/01@06:24:33,4507,164.32304
2000/01/01@06:24:34,4508,164.29071
2000/01/01@06:24:35,4509,164.18382
2000/01/01@06:24:36,4510,164.13426
2000/01/01@06:24:38,4512,164.01407
2000/01/01@06:24:39,4513,163.92926
2000/01/01@06:24:40,4514,163.89473
2000/01/01@06:24:41,4515,163.84188
2000/01/01@06:24:42,4516,163.79972
2000/01/01@06:24:43,4517,163.74792
2000/01/01@06:24:44,4518,163.68355
2000/01/01@06:24:45,4519,163.60701
2000/01/01@06:24:46,4520,163.53416
2000/01/01@06:24:47,4521,163.47376
2000/01/01@06:24:48,4522,163.37311
2000/01/01@06:24:49,4523,163.32286
2000/01/01@06:24:51,4525,163.25866
2000/01/01@06:24:52,4526,163.16136
2000/01/01@06:24:53,4527,163.08888
2000/01/01@06:24:54,4528,162.98387
2000/01/01@06:24:55,4529,162.9517
2000/01/01@06:24:56,4530,162.86014
2000/01/01@06:24:57,4531,162.78908
2000/01/01@06:24:58,4532,162.73303
2000/01/01@06:24:59,4533,162.6772
2000/01/01@06:25:00,4534,162.59598
2000/01/01@06:25:01,4535,162.51251
2000/01/01@06:25:02,4536,162.4057
2000/01/01@06:25:03,4537,162.36298
2000/01/01@06:25:05,4539,162.29645
2000/01/01@06:25:06,4540,162.19952
2000/01/01@06:25:07,4541,162.16095
2000/01/01@06:25:08,4542,162.0948
2000/01/01@06:25:09,4543,162.02784
2000/01/01@06:25:10,4544,161.9131
2000/01/01@06:25:11,4545,161.85468
2000/01/01@06:25:12,4546,161.77624
2000/01/01@06:25:13,4547,161.73828
2000/01/01@06:25:14,4548,161.69145
2000/01/01@06:25:15,4549,161.5941
2000/01/01@06:25:17,4550,161.53396
2000/01/01@06:25:18,4552,161.44754
2000/01/01@06:25:19,4553,161.38716
2000/01/01@06:25:20,4554,161.31164
2000/01/01@06:25:21,4555,161.22998
2000/01/01@06:25:22,4556,161.14042
2000/01/01@06:25:23,4557,161.06216
2000/01/01@06:25:24,4558,160.9462
2000/01/01@06:25:25,4559,160.87116
2000/01/01@06:25:26,4560,160.82469
2000/01/01@06:25:27,4561,160.75534
2000/01/01@06:25:28,4562,160.65138
2000/01/01@06:25:30,4564,160.57244
2000/01/01@06:25:31,4565,160.50942
2000/01/01@06:25:32,4566,160.39204
2000/01/01@06:25:33,4567,160.32866
2000/01/01@06:25:34,4568,160.21828
2000/01/01@06:25:35,4569,160.11043
2000/01/01@06:25:36,4570,160.02178
2000/01/01@06:25:37,4571,159.93452
2000/01/01@06:25:38,4572,159.80544
2000/01/01@06:25:39,4573,159.72976
2000/01/01@06:25:40,4574,159.62726
2000/01/01@06:25:41,4575,159.56906
2000/01/01@06:25:43,4577,159.4106
2000/01/01@06:25:44,4578,159.28813
2000/01/01@06:25:45,4579,159.2266
2000/01/01@06:25:46,4580,159.1241
2000/01/01@06:25:47,4581,159.03416
2000/01/01@06:25:48,4582,158.94795
2000/01/01@06:25:49,4583,158.90277
2000/01/01@06:25:50,4584,158.81639
2000/01/01@06:25:51,4585,158.7099
2000/01/01@06:25:52,4586,158.71173
2000/01/01@06:25:53,4587,158.54148
2000/01/01@06:25:54,4588,158.51724
2000/01/01@06:25:56,4590,158.38316
2000/01/01@06:25:57,4591,158.29016
2000/01/01@06:25:58,4592,158.17594
2000/01/01@06:25:59,4593,158.062
2000/01/01@06:26:00,4594,157.96457
2000/01/01@06:26:01,4595,157.87761
2000/01/01@06:26:02,4596,157.77036
2000/01/01@06:26:03,4597,157.68406
2000/01/01@06:26:04,4598,157.56216
2000/01/01@06:26:05,4599,157.43776
2000/01/01@06:26:06,4600,157.31008
2000/01/01@06:26:08,4602,157.20253
2000/01/01@06:26:09,4603,157.11356
2000/01/01@06:26:10,4604,157.0353
2000/01/01@06:26:11,4605,156.95859
2000/01/01@06:26:12,4606,156.89608
2000/01/01@06:26:13,4607,156.82386
2000/01/01@06:26:14,4608,156.73749
2000/01/01@06:26:15,4609,156.63058
2000/01/01@06:26:16,4610,156.56639
2000/01/01@06:26:17,4611,156.44754
2000/01/01@06:26:18,4612,156.32974
2000/01/01@06:26:19,4613,156.24855
2000/01/01@06:26:21,4615,156.13388
2000/01/01@06:26:22,4616,156.05704
2000/01/01@06:26:23,4617,156.01408
2000/01/01@06:26:24,4618,155.91501
2000/01/01@06:26:25,4619,155.84686
2000/01/01@06:26:26,4620,155.76196
2000/01/01@06:26:27,4621,155.68236
2000/01/01@06:26:28,4622,155.60134
2000/01/01@06:26:29,4623,155.49708
2000/01/01@06:26:30,4624,155.39542
2000/01/01@06:26:31,4625,155.31336
2000/01/01@06:26:33,4627,155.26038
2000/01/01@06:26:34,4628,155.18805
2000/01/01@06:26:35,4629,155.10928
2000/01/01@06:26:36,4630,155.05746
2000/01/01@06:26:37,4631,155.0038
2000/01/01@06:26:38,4632,154.89142
2000/01/01@06:26:39,4633,154.84862
2000/01/01@06:26:40,4634,154.75943
2000/01/01@06:26:41,4635,154.69306
2000/01/01@06:26:42,4636,154.63011
2000/01/01@06:26:43,4637,154.5435
2000/01/01@06:26:44,4638,154.46992
2000/01/01@06:26:46,4640,154.40844
2000/01/01@06:26:47,4641,154.36452
2000/01/01@06:26:48,4642,154.23268
2000/01/01@06:26:49,4643,154.18271
2000/01/01@06:26:50,4644,154.1347
2000/01/01@06:26:51,4645,154.0752
2000/01/01@06:26:52,4646,154.04264
2000/01/01@06:26:53,4647,153.97595
2000/01/01@06:26:54,4648,153.88082
2000/01/01@06:26:55,4649,153.83132
2000/01/01@06:26:56,4650,153.7413
2000/01/01@06:26:57,4651,153.67812
2000/01/01@06:26:59,4653,153.60768
2000/01/01@06:27:00,4654,153.57036
2000/01/01@06:27:01,4655,153.4814
2000/01/01@06:27:02,4656,153.41622
2000/01/01@06:27:03,4657,153.38321
2000/01/01@06:27:04,4658,153.27192
2000/01/01@06:27:05,4659,153.21904
2000/01/01@06:27:06,4660,153.1499
2000/01/01@06:27:07,4661,153.10492
2000/01/01@06:27:08,4662,153.02094
2000/01/01@06:27:09,4663,152.93472
2000/01/01@06:27:11,4664,152.88494
2000/01/01@06:27:12,4666,152.80042
2000/01/01@06:27:13,4667,152.72275
2000/01/01@06:27:14,4668,152.61676
2000/01/01@06:27:15,4669,152.5805
2000/01/01@06:27:16,4670,152.4708
2000/01/01@06:27:17,4671,152.4323
2000/01/01@06:27:18,4672,152.35373
2000/01/01@06:27:19,4673,152.25324
2000/01/01@06:27:20,4674,152.17653
2000/01/01@06:27:21,4675,152.11537
2000/01/01@06:27:22,4676,152.04508
2000/01/01@06:27:24,4678,151.9674
2000/01/01@06:27:25,4679,151.9019
2000/01/01@06:27:26,4680,151.82416
2000/01/01@06:27:27,4681,151.76085
2000/01/01@06:27:28,4682,151.69886
2000/01/01@06:27:29,4683,151.62794
2000/01/01@06:27:30,4684,151.5569
2000/01/01@06:27:31,4685,151.50464
2000/01/01@06:27:32,4686,151.4576
2000/01/01@06:27:33,4687,151.35644
2000/01/01@06:27:34,4688,151.28644
2000/01/01@06:27:35,4689,151.19145
2000/01/01@06:27:37,4691,151.17621
2000/01/01@06:27:38,4692,151.09482
2000/01/01@06:27:39,4693,150.97983
2000/01/01@06:27:40,4694,150.93086
2000/01/01@06:27:41,4695,150.88818
2000/01/01@06:27:42,4696,150.76837
2000/01/01@06:27:43,4697,150.69606
2000/01/01@06:27:44,4698,150.60353
2000/01/01@06:27:45,4699,150.58307
2000/01/01@06:27:46,4700,150.49144
2000/01/01@06:27:47,4701,150.32288
2000/01/01@06:27:48,4702,150.2458
2000/01/01@06:27:50,4704,150.20328
2000/01/01@06:27:51,4705,150.13713
2000/01/01@06:27:52,4706,150.06518
2000/01/01@06:27:53,4707,149.99727
2000/01/01@06:27:54,4708,149.92732
2000/01/01@06:27:55,4709,149.84
2000/01/01@06:27:56,4710,149.78514
2000/01/01@06:27:57,4711,149.70776
2000/01/01@06:27:58,4712,149.62986
2000/01/01@06:27:59,4713,149.60353
2000/01/01@06:28:00,4714,149.51972
2000/01/01@06:28:02,4716,149.44264
2000/01/01@06:28:03,4717,149.40966
2000/01/01@06:28:04,4718,149.3047
2000/01/01@06:28:05,4719,149.24628
2000/01/01@06:28:06,4720,149.14615
2000/01/01@06:28:07,4721,149.1397
2000/01/01@06:28:08,4722,149.06322
2000/01/01@06:28:09,4723,148.9674
2000/01/01@06:28:10,4724,148.92646
2000/01/01@06:28:11,4725,148.82315
2000/01/01@06:28:12,4726,148.7842
2000/01/01@06:28:13,4727,148.67732
2000/01/01@06:28:15,4729,148.61043
2000/01/01@06:28:16,4730,148.52688
2000/01/01@06:28:17,4731,148.48972
2000/01/01@06:28:18,4732,148.39482
2000/01/01@06:28:19,4733,148.34523
2000/01/01@06:28:20,4734,148.255
2000/01/01@06:28:21,4735,148.20008
2000/01/01@06:28:22,4736,148.11096
2000/01/01@06:28:23,4737,148.01724
2000/01/01@06:28:24,4738,147.98781
2000/01/01@06:28:25,4739,147.9414
2000/01/01@06:28:26,4740,147.85224
2000/01/01@06:28:28,4742,147.80533
2000/01/01@06:28:29,4743,147.73896
2000/01/01@06:28:30,4744,147.68692
2000/01/01@06:28:31,4745,147.65848
2000/01/01@06:28:32,4746,147.55024
2000/01/01@06:28:33,4747,147.49734
2000/01/01@06:28:34,4748,147.39247
2000/01/01@06:28:35,4749,147.32554
2000/01/01@06:28:36,4750,147.24052
2000/01/01@06:28:37,4751,147.20464
2000/01/01@06:28:38,4752,147.09826
2000/01/01@06:28:40,4754,147.03845
2000/01/01@06:28:41,4755,146.99475
2000/01/01@06:28:42,4756,146.9083
2000/01/01@06:28:43,4757,146.86661
2000/01/01@06:28:44,4758,146.78656
2000/01/01@06:28:45,4759,146.74328
2000/01/01@06:28:46,4760,146.69764
2000/01/01@06:28:47,4761,146.61032
2000/01/01@06:28:48,4762,146.54039
2000/01/01@06:28:49,4763,146.47742
2000/01/01@06:28:50,4764,146.4349
2000/01/01@06:28:51,4765,146.3669
2000/01/01@06:28:53,4767,146.28642
2000/01/01@06:28:54,4768,146.2422
2000/01/01@06:28:55,4769,146.15418
2000/01/01@06:28:56,4770,146.09636
2000/01/01@06:28:57,4771,146.02968
2000/01/01@06:28:58,4772,145.96338
2000/01/01@06:28:59,4773,145.88744
2000/01/01@06:29:00,4774,145.80226
2000/01/01@06:29:01,4775,145.73329
2000/01/01@06:29:02,4776,145.65851
2000/01/01@06:29:03,4777,145.605
2000/01/01@06:29:04,4778,145.55481
2000/01/01@06:29:06,4780,145.48658
2000/01/01@06:29:07,4781,145.41984
2000/01/01@06:29:08,4782,145.35057
2000/01/01@06:29:09,4783,145.26694
2000/01/01@06:29:10,4784,145.20102
2000/01/01@06:29:11,4785,145.13991
2000/01/01@06:29:12,4786,145.08969
2000/01/01@06:29:13,4787,145.04792
2000/01/01@06:29:14,4788,144.9808
2000/01/01@06:29:15,4789,144.91011
2000/01/01@06:29:16,4790,144.84582
2000/01/01@06:29:18,4791,144.78486
2000/01/01@06:29:19,4793,144.72636
2000/01/01@06:29:20,4794,144.65294
2000/01/01@06:29:21,4795,144.5795
2000/01/01@06:29:22,4796,144.53074
2000/01/01@06:29:23,4797,144.47582
2000/01/01@06:29:24,4798,144.42336
2000/01/01@06:29:25,4799,144.36693
2000/01/01@06:29:26,4800,144.27818
2000/01/01@06:29:27,4801,144.21532
2000/01/01@06:29:28,4802,144.16864
2000/01/01@06:29:29,4803,144.09088
2000/01/01@06:29:31,4805,144.03299
2000/01/01@06:29:32,4806,143.97412
2000/01/01@06:29:33,4807,143.91185
2000/01/01@06:29:34,4808,143.8401
2000/01/01@06:29:35,4809,143.7993
2000/01/01@06:29:36,4810,143.71092
2000/01/01@06:29:37,4811,143.66142
2000/01/01@06:29:38,4812,143.59497
2000/01/01@06:29:39,4813,143.50737
2000/01/01@06:29:40,4814,143.49204
2000/01/01@06:29:41,4815,143.38628
2000/01/01@06:29:42,4816,143.34256
2000/01/01@06:29:44,4818,143.27182
2000/01/01@06:29:45,4819,143.21642
2000/01/01@06:29:46,4820,143.10748
2000/01/01@06:29:47,4821,143.0787
2000/01/01@06:29:48,4822,143.02082
2000/01/01@06:29:49,4823,142.98842
2000/01/01@06:29:50,4824,142.8868
2000/01/01@06:29:51,4825,142.84928
2000/01/01@06:29:52,4826,142.78682
2000/01/01@06:29:53,4827,142.67505
2000/01/01@06:29:54,4828,142.61714
2000/01/01@06:29:55,4829,142.54208
2000/01/01@06:29:57,4831,142.47308
2000/01/01@06:29:58,4832,142.44962
2000/01/01@06:29:59,4833,142.36118
2000/01/01@06:30:00,4834,142.31472
2000/01/01@06:30:01,4835,142.25026
2000/01/01@06:30:02,4836,142.20343
2000/01/01@06:30:03,4837,142.10199
2000/01/01@06:30:04,4838,142.08222
2000/01/01@06:30:05,4839,142.00818
2000/01/01@06:30:06,4840,141.97519
2000/01/01@06:30:07,4841,141.91008
2000/01/01@06:30:09,4843,141.8445
2000/01/01@06:30:10,4844,141.79122
2000/01/01@06:30:11,4845,141.72372
2000/01/01@06:30:12,4846,141.69292
2000/01/01@06:30:13,4847,141.63394
2000/01/01@06:30:14,4848,141.56632
2000/01/01@06:30:15,4849,141.52231
2000/01/01@06:30:16,4850,141.47197
2000/01/01@06:30:17,4851,141.44829
2000/01/01@06:30:18,4852,141.34876
2000/01/01@06:30:19,4853,141.27115
2000/01/01@06:30:20,4854,141.22217
2000/01/01@06:30:22,4856,141.15936
2000/01/01@06:30:23,4857,141.13044
2000/01/01@06:30:24,4858,141.04504
2000/01/01@06:30:25,4859,140.95764
2000/01/01@06:30:26,4860,140.87285
2000/01/01@06:30:27,4861,140.83904
2000/01/01@06:30:28,4862,140.77533
2000/01/01@06:30:29,4863,140.68219
2000/01/01@06:30:30,4864,140.65208
2000/01/01@06:30:31,4865,140.57352
2000/01/01@06:30:32,4866,140.55687
2000/01/01@06:30:33,4867,140.4077
2000/01/01@06:30:35,4869,140.38806
2000/01/01@06:30:36,4870,140.33917
2000/01/01@06:30:37,4871,140.29062
2000/01/01@06:30:38,4872,140.22783
2000/01/01@06:30:39,4873,140.16168
2000/01/01@06:30:40,4874,140.08371
2000/01/01@06:30:41,4875,140.01831
2000/01/01@06:30:42,4876,139.97496
2000/01/01@06:30:43,4877,139.90799
2000/01/01@06:30:44,4878,139.8492
2000/01/01@06:30:45,4879,139.7974
2000/01/01@06:30:47,4881,139.72456
2000/01/01@06:30:48,4882,139.67846
2000/01/01@06:30:49,4883,139.58661
2000/01/01@06:30:50,4884,139.54118
2000/01/01@06:30:51,4885,139.47801
2000/01/01@06:30:52,4886,139.41454
2000/01/01@06:30:53,4887,139.36184
2000/01/01@06:30:54,4888,139.31189
2000/01/01@06:30:55,4889,139.26366
2000/01/01@06:30:56,4890,139.20099
2000/01/01@06:30:57,4891,139.15431
2000/01/01@06:30:58,4892,139.11322
2000/01/01@06:31:00,4894,139.03442
2000/01/01@06:31:01,4895,138.99643
2000/01/01@06:31:02,4896,138.92479
2000/01/01@06:31:03,4897,138.84038
2000/01/01@06:31:04,4898,138.81256
2000/01/01@06:31:05,4899,138.71112
2000/01/01@06:31:06,4900,138.67736
2000/01/01@06:31:07,4901,138.58
2000/01/01@06:31:08,4902,138.562
2000/01/01@06:31:09,4903,138.49643
2000/01/01@06:31:10,4904,138.3877
2000/01/01@06:31:11,4905,138.35864
2000/01/01@06:31:13,4907,138.31982
2000/01/01@06:31:14,4908,138.24052
2000/01/01@06:31:15,4909,138.18826
2000/01/01@06:31:16,4910,138.11886
2000/01/01@06:31:17,4911,138.07636
2000/01/01@06:31:18,4912,138.00898
2000/01/01@06:31:19,4913,137.95175
2000/01/01@06:31:20,4914,137.8967
2000/01/01@06:31:21,4915,137.84586
2000/01/01@06:31:22,4916,137.7374
2000/01/01@06:31:23,4917,137.65936
2000/01/01@06:31:24,4918,137.6019
2000/01/01@06:31:26,4920,137.5394
2000/01/01@06:31:27,4921,137.49828
2000/01/01@06:31:28,4922,137.40843
2000/01/01@06:31:29,4923,137.35945
2000/01/01@06:31:30,4924,137.2698
2000/01/01@06:31:31,4925,137.22872
2000/01/01@06:31:32,4926,137.16062
2000/01/01@06:31:33,4927,137.10896
2000/01/01@06:31:34,4928,137.06666
2000/01/01@06:31:35,4929,136.97949
2000/01/01@06:31:36,4930,136.91064
2000/01/01@06:31:38,4932,136.8642
2000/01/01@06:31:39,4933,136.78758
2000/01/01@06:31:40,4934,136.77412
2000/01/01@06:31:41,4935,136.69606
2000/01/01@06:31:42,4936,136.6465
2000/01/01@06:31:43,4937,136.56138
2000/01/01@06:31:44,4938,136.51716
2000/01/01@06:31:45,4939,136.44084
2000/01/01@06:31:46,4940,136.41172
2000/01/01@06:31:47,4941,136.2841
2000/01/01@06:31:48,4942,136.23264
2000/01/01@06:31:49,4943,136.19049
2000/01/01@06:31:51,4945,136.138
2000/01/01@06:31:52,4946,136.03672
2000/01/01@06:31:53,4947,135.97836
2000/01/01@06:31:54,4948,135.93048
2000/01/01@06:31:55,4949,135.84064
2000/01/01@06:31:56,4950,135.77314
2000/01/01@06:31:57,4951,135.72446
2000/01/01@06:31:58,4952,135.62484
2000/01/01@06:31:59,4953,135.55693
2000/01/01@06:32:00,4954,135.48512
2000/01/01@06:32:01,4955,135.44513
2000/01/01@06:32:02,4956,135.34398
2000/01/01@06:32:04,4958,135.2808
2000/01/01@06:32:05,4959,135.24676
2000/01/01@06:32:06,4960,135.12916
2000/01/01@06:32:07,4961,135.0539
2000/01/01@06:32:08,4962,134.98016
2000/01/01@06:32:09,4963,134.89386
2000/01/01@06:32:10,4964,134.8746
2000/01/01@06:32:11,4965,134.77954
2000/01/01@06:32:12,4966,134.68471
2000/01/01@06:32:13,4967,134.64544
2000/01/01@06:32:14,4968,134.57564
2000/01/01@06:32:15,4969,134.50446
2000/01/01@06:32:17,4971,134.44246
2000/01/01@06:32:18,4972,134.36627
2000/01/01@06:32:19,4973,134.30712
2000/01/01@06:32:20,4974,134.24096
2000/01/01@06:32:21,4975,134.16998
2000/01/01@06:32:22,4976,134.11763
2000/01/01@06:32:23,4977,134.05616
2000/01/01@06:32:24,4978,134.01338
2000/01/01@06:32:25,4979,133.91792
2000/01/01@06:32:26,4980,133.88532
2000/01/01@06:32:27,4981,133.82346
2000/01/01@06:32:29,4983,133.73626
2000/01/01@06:32:30,4984,133.71866
2000/01/01@06:32:31,4985,133.63808
2000/01/01@06:32:32,4986,133.56544
2000/01/01@06:32:33,4987,133.49186
2000/01/01@06:32:34,4988,133.44525
2000/01/01@06:32:35,4989,133.38282
2000/01/01@06:32:36,4990,133.30055
2000/01/01@06:32:37,4991,133.22592
2000/01/01@06:32:38,4992,133.18846
2000/01/01@06:32:39,4993,133.15092
2000/01/01@06:32:40,4994,133.06546
2000/01/01@06:32:42,4996,132.98488
2000/01/01@06:32:43,4997,132.92958
2000/01/01@06:32:44,4998,132.8725
2000/01/01@06:32:45,4999,132.79594
2000/01/01@06:32:46,5000,132.71025
2000/01/01@06:32:47,5001,132.59555
2000/01/01@06:32:48,5002,132.53802
2000/01/01@06:32:49,5003,132.48962
2000/01/01@06:32:50,5004,132.40476
2000/01/01@06:32:51,5005,132.34664
2000/01/01@06:32:52,5006,132.2772
2000/01/01@06:32:53,5007,132.24925
2000/01/01@06:32:55,5009,132.16644
2000/01/01@06:32:56,5010,132.1243
2000/01/01@06:32:57,5011,132.07592
2000/01/01@06:32:58,5012,131.98864
2000/01/01@06:32:59,5013,131.9411
2000/01/01@06:33:00,5014,131.86957
2000/01/01@06:33:01,5015,131.83182
2000/01/01@06:33:02,5016,131.7496
2000/01/01@06:33:03,5017,131.65976
2000/01/01@06:33:04,5018,131.6434
2000/01/01@06:33:05,5019,131.55128
2000/01/01@06:33:06,5020,131.50856
2000/01/01@06:33:08,5022,131.42176
2000/01/01@06:33:09,5023,131.37736
2000/01/01@06:33:10,5024,131.33544
2000/01/01@06:33:11,5025,131.23532
2000/01/01@06:33:12,5026,131.19632
2000/01/01@06:33:13,5027,131.0956
2000/01/01@06:33:14,5028,131.01382
2000/01/01@06:33:15,5029,130.95526
2000/01/01@06:33:16,5030,130.90056
2000/01/01@06:33:17,5031,130.81813
2000/01/01@06:33:18,5032,130.77942
2000/01/01@06:33:20,5034,130.66776
2000/01/01@06:33:21,5035,130.61067
2000/01/01@06:33:22,5036,130.53604
2000/01/01@06:33:23,5037,130.4754
2000/01/01@06:33:24,5038,130.45116
2000/01/01@06:33:25,5039,130.38384
2000/01/01@06:33:26,5040,130.30809
2000/01/01@06:33:27,5041,130.22052
2000/01/01@06:33:28,5042,130.18208
2000/01/01@06:33:29,5043,130.09268
2000/01/01@06:33:30,5044,130.01903
2000/01/01@06:33:31,5045,129.96098
2000/01/01@06:33:33,5047,129.90888
2000/01/01@06:33:34,5048,129.786
2000/01/01@06:33:35,5049,129.76869
2000/01/01@06:33:36,5050,129.68901
2000/01/01@06:33:37,5051,129.60566
2000/01/01@06:33:38,5052,129.57556
2000/01/01@06:33:39,5053,129.50108
2000/01/01@06:33:40,5054,129.44816
2000/01/01@06:33:41,5055,129.32098
2000/01/01@06:33:42,5056,129.33036
2000/01/01@06:33:43,5057,129.25654
2000/01/01@06:33:44,5058,129.20466
2000/01/01@06:33:46,5060,129.1348
2000/01/01@06:33:47,5061,129.11658
2000/01/01@06:33:48,5062,129.04776
2000/01/01@06:33:49,5063,128.97248
2000/01/01@06:33:50,5064,128.90579
2000/01/01@06:33:51,5065,128.86522
2000/01/01@06:33:52,5066,128.7491
2000/01/01@06:33:53,5067,128.68837
2000/01/01@06:33:54,5068,128.59918
2000/01/01@06:33:55,5069,128.57637
2000/01/01@06:33:56,5070,128.50203
2000/01/01@06:33:58,5072,128.43573
2000/01/01@06:33:59,5073,128.38912
2000/01/01@06:34:00,5074,128.33725
2000/01/01@06:34:01,5075,128.26588
2000/01/01@06:34:02,5076,128.18532
2000/01/01@06:34:03,5077,128.14427
2000/01/01@06:34:04,5078,128.10594
2000/01/01@06:34:05,5079,128.03948
2000/01/01@06:34:06,5080,127.97548
2000/01/01@06:34:07,5081,127.916408
2000/01/01@06:34:08,5082,127.83434
2000/01/01@06:34:09,5083,127.753392
2000/01/01@06:34:11,5085,127.685744
2000/01/01@06:34:12,5086,127.61691
2000/01/01@06:34:13,5087,127.555
2000/01/01@06:34:14,5088,127.47821
2000/01/01@06:34:15,5089,127.45413
2000/01/01@06:34:16,5090,127.3775
2000/01/01@06:34:17,5091,127.32732
2000/01/01@06:34:18,5092,127.21844
2000/01/01@06:34:19,5093,127.16826
2000/01/01@06:34:20,5094,127.07252
2000/01/01@06:34:21,5095,127.055376
2000/01/01@06:34:22,5096,126.95686
2000/01/01@06:34:24,5098,126.95493
2000/01/01@06:34:25,5099,126.88811
2000/01/01@06:34:26,5100,126.805084
2000/01/01@06:34:27,5101,126.73744
2000/01/01@06:34:28,5102,126.67532
2000/01/01@06:34:29,5103,126.60743
2000/01/01@06:34:30,5104,126.56052
2000/01/01@06:34:31,5105,126.47818
2000/01/01@06:34:32,5106,126.44241
2000/01/01@06:34:33,5107,126.41834
2000/01/01@06:34:34,5108,126.303508
2000/01/01@06:34:36,5109,126.27532
2000/01/01@06:34:37,5111,126.18821
2000/01/01@06:34:38,5112,126.178184
2000/01/01@06:34:39,5113,126.06275
2000/01/01@06:34:40,5114,126.02327
2000/01/01@06:34:41,5115,125.965744
2000/01/01@06:34:42,5116,125.923808
2000/01/01@06:34:43,5117,125.806176
2000/01/01@06:34:44,5118,125.75465
2000/01/01@06:34:45,5119,125.72642
2000/01/01@06:34:46,5120,125.63772
2000/01/01@06:34:47,5121,125.573424
2000/01/01@06:34:49,5123,125.532776
2000/01/01@06:34:50,5124,125.42924
2000/01/01@06:34:51,5125,125.42016
2000/01/01@06:34:52,5126,125.34092
2000/01/01@06:34:53,5127,125.24891
2000/01/01@06:34:54,5128,125.2174
2000/01/01@06:34:55,5129,125.141208
2000/01/01@06:34:56,5130,125.07868
2000/01/01@06:34:57,5131,125.02071
2000/01/01@06:34:58,5132,124.98615
2000/01/01@06:34:59,5133,124.87963
2000/01/01@06:35:00,5134,124.847592
2000/01/01@06:35:02,5136,124.79475
2000/01/01@06:35:03,5137,124.75848
2000/01/01@06:35:04,5138,124.671868
2000/01/01@06:35:05,5139,124.601496
2000/01/01@06:35:06,5140,124.56834
2000/01/01@06:35:07,5141,124.49713
2000/01/01@06:35:08,5142,124.446072
2000/01/01@06:35:09,5143,124.40608
2000/01/01@06:35:10,5144,124.33012
2000/01/01@06:35:11,5145,124.27667
2000/01/01@06:35:12,5146,124.22046
2000/01/01@06:35:13,5147,124.192
2000/01/01@06:35:15,5149,124.1115
2000/01/01@06:35:16,5150,124.12207
2000/01/01@06:35:17,5151,124.04193
2000/01/01@06:35:18,5152,124.00164
2000/01/01@06:35:19,5153,123.94128
2000/01/01@06:35:20,5154,123.87096
2000/01/01@06:35:21,5155,123.797968
2000/01/01@06:35:22,5156,123.75456
2000/01/01@06:35:23,5157,123.67377
2000/01/01@06:35:24,5158,123.59282
2000/01/01@06:35:25,5159,123.52526
2000/01/01@06:35:27,5161,123.50571
2000/01/01@06:35:28,5162,123.41041
2000/01/01@06:35:29,5163,123.385216
2000/01/01@06:35:30,5164,123.33877
2000/01/01@06:35:31,5165,123.25826
2000/01/01@06:35:32,5166,123.23804
2000/01/01@06:35:33,5167,123.13554
2000/01/01@06:35:34,5168,123.09777
2000/01/01@06:35:35,5169,123.03541
2000/01/01@06:35:36,5170,122.95923
2000/01/01@06:35:37,5171,122.91076
2000/01/01@06:35:38,5172,122.81584
2000/01/01@06:35:40,5174,122.770296
2000/01/01@06:35:41,5175,122.711108
2000/01/01@06:35:42,5176,122.66176
2000/01/01@06:35:43,5177,122.590252
2000/01/01@06:35:44,5178,122.54336
2000/01/01@06:35:45,5179,122.42354
2000/01/01@06:35:46,5180,122.39356
2000/01/01@06:35:47,5181,122.3567
2000/01/01@06:35:48,5182,122.31143
2000/01/01@06:35:49,5183,122.24997
2000/01/01@06:35:50,5184,122.190504
2000/01/01@06:35:51,5185,122.157716
2000/01/01@06:35:53,5187,122.09127
2000/01/01@06:35:54,5188,122.04764
2000/01/01@06:35:55,5189,121.960144
2000/01/01@06:35:56,5190,121.93301
2000/01/01@06:35:57,5191,121.88655
2000/01/01@06:35:58,5192,121.77574
2000/01/01@06:35:59,5193,121.764268
2000/01/01@06:36:00,5194,121.714068
2000/01/01@06:36:01,5195,121.598592
2000/01/01@06:36:02,5196,121.601584
2000/01/01@06:36:03,5197,121.55014
2000/01/01@06:36:05,5199,121.47543
2000/01/01@06:36:06,5200,121.418268
2000/01/01@06:36:07,5201,121.37531
2000/01/01@06:36:08,5202,121.296296
2000/01/01@06:36:09,5203,121.23506
2000/01/01@06:36:10,5204,121.17142
2000/01/01@06:36:11,5205,121.11039
2000/01/01@06:36:12,5206,121.050708
2000/01/01@06:36:13,5207,121.03398
2000/01/01@06:36:14,5208,120.96672
2000/01/01@06:36:15,5209,120.95045
2000/01/01@06:36:16,5210,120.90294
2000/01/01@06:36:18,5212,120.82059
2000/01/01@06:36:19,5213,120.776056
2000/01/01@06:36:20,5214,120.67356
2000/01/01@06:36:21,5215,120.62338
2000/01/01@06:36:22,5216,120.58175
2000/01/01@06:36:23,5217,120.538056
2000/01/01@06:36:24,5218,120.45316
2000/01/01@06:36:25,5219,120.41168
2000/01/01@06:36:26,5220,120.317668
2000/01/01@06:36:27,5221,120.28198
2000/01/01@06:36:28,5222,120.211424
2000/01/01@06:36:29,5223,120.169068
2000/01/01@06:36:31,5225,120.12714
2000/01/01@06:36:32,5226,120.030532
2000/01/01@06:36:33,5227,120.02963
2000/01/01@06:36:34,5228,119.98986
2000/01/01@06:36:35,5229,119.890624
2000/01/01@06:36:36,5230,119.842224
2000/01/01@06:36:37,5231,119.77141
2000/01/01@06:36:38,5232,119.72964
2000/01/01@06:36:39,5233,119.709048
2000/01/01@06:36:40,5234,119.626532
2000/01/01@06:36:41,5235,119.5866
2000/01/01@06:36:43,5237,119.53598
2000/01/01@06:36:44,5238,119.482768
2000/01/01@06:36:45,5239,119.42063
2000/01/01@06:36:46,5240,119.37715
2000/01/01@06:36:47,5241,119.29552
2000/01/01@06:36:48,5242,119.21562
2000/01/01@06:36:49,5243,119.15914
2000/01/01@06:36:50,5244,119.10201
2000/01/01@06:36:51,5245,119.06748
2000/01/01@06:36:52,5246,119.03247
2000/01/01@06:36:53,5247,118.929084
2000/01/01@06:36:54,5248,118.842932
2000/01/01@06:36:56,5250,118.81676
2000/01/01@06:36:57,5251,118.73293
2000/01/01@06:36:58,5252,118.689968
2000/01/01@06:36:59,5253,118.63176
2000/01/01@06:37:00,5254,118.5774
2000/01/01@06:37:01,5255,118.55511
2000/01/01@06:37:02,5256,118.457304
2000/01/01@06:37:03,5257,118.414472
2000/01/01@06:37:04,5258,118.39122
2000/01/01@06:37:05,5259,118.31828
2000/01/01@06:37:06,5260,118.259416
2000/01/01@06:37:08,5261,118.1882
2000/01/01@06:37:09,5263,118.168592
2000/01/01@06:37:10,5264,118.0811
2000/01/01@06:37:11,5265,118.03635
2000/01/01@06:37:12,5266,117.93169
2000/01/01@06:37:13,5267,117.95399
2000/01/01@06:37:14,5268,117.86533
2000/01/01@06:37:15,5269,117.80444
2000/01/01@06:37:16,5270,117.77781
2000/01/01@06:37:17,5271,117.71748
2000/01/01@06:37:18,5272,117.67621
2000/01/01@06:37:19,5273,117.62789
2000/01/01@06:37:20,5274,117.559744
2000/01/01@06:37:22,5276,117.54666
2000/01/01@06:37:23,5277,117.49477
2000/01/01@06:37:24,5278,117.458784
2000/01/01@06:37:25,5279,117.40959
2000/01/01@06:37:26,5280,117.36246
2000/01/01@06:37:27,5281,117.281008
2000/01/01@06:37:28,5282,117.232832
2000/01/01@06:37:29,5283,117.17455
2000/01/01@06:37:30,5284,117.1535
2000/01/01@06:37:31,5285,117.08699
2000/01/01@06:37:32,5286,117.0542
2000/01/01@06:37:34,5288,117.023052
2000/01/01@06:37:35,5289,116.98158
2000/01/01@06:37:36,5290,116.891496
2000/01/01@06:37:37,5291,116.86495
2000/01/01@06:37:38,5292,116.78318
2000/01/01@06:37:39,5293,116.73464
2000/01/01@06:37:40,5294,116.73152
2000/01/01@06:37:41,5295,116.67682
2000/01/01@06:37:42,5296,116.606868
2000/01/01@06:37:43,5297,116.533868
2000/01/01@06:37:44,5298,116.49581
2000/01/01@06:37:45,5299,116.46177
2000/01/01@06:37:47,5301,116.435976
2000/01/01@06:37:48,5302,116.38908
2000/01/01@06:37:49,5303,116.335624
2000/01/01@06:37:50,5304,116.29586
2000/01/01@06:37:51,5305,116.21275
2000/01/01@06:37:52,5306,116.15297
2000/01/01@06:37:53,5307,116.14726
2000/01/01@06:37:54,5308,116.034808
2000/01/01@06:37:55,5309,116.02455
2000/01/01@06:37:56,5310,115.99607
2000/01/01@06:37:57,5311,115.91988
2000/01/01@06:37:59,5313,115.871576
2000/01/01@06:38:00,5314,115.828768
2000/01/01@06:38:01,5315,115.76994
2000/01/01@06:38:02,5316,115.73822
2000/01/01@06:38:03,5317,115.71732
2000/01/01@06:38:04,5318,115.64442
2000/01/01@06:38:05,5319,115.603452
2000/01/01@06:38:06,5320,115.54883
2000/01/01@06:38:07,5321,115.489496
2000/01/01@06:38:08,5322,115.45369
2000/01/01@06:38:09,5323,115.38767
2000/01/01@06:38:10,5324,115.34201
2000/01/01@06:38:12,5326,115.28205
2000/01/01@06:38:13,5327,115.22592
2000/01/01@06:38:14,5328,115.1799
2000/01/01@06:38:15,5329,115.17537
2000/01/01@06:38:16,5330,115.10061
2000/01/01@06:38:17,5331,115.05533
2000/01/01@06:38:18,5332,115.02701
2000/01/01@06:38:19,5333,114.949552
2000/01/01@06:38:20,5334,114.88316
2000/01/01@06:38:21,5335,114.84355
2000/01/01@06:38:22,5336,114.775152
2000/01/01@06:38:23,5337,114.70716
2000/01/01@06:38:25,5339,114.64546
2000/01/01@06:38:26,5340,114.5967
2000/01/01@06:38:27,5341,114.513508
2000/01/01@06:38:28,5342,114.462008
2000/01/01@06:38:29,5343,114.375464
2000/01/01@06:38:30,5344,114.34769
2000/01/01@06:38:31,5345,114.30828
2000/01/01@06:38:32,5346,114.241
2000/01/01@06:38:33,5347,114.20557
2000/01/01@06:38:34,5348,114.11368
2000/01/01@06:38:35,5349,114.04813
2000/01/01@06:38:37,5351,114.00486
2000/01/01@06:38:38,5352,113.9555
2000/01/01@06:38:39,5353,113.89224
2000/01/01@06:38:40,5354,113.86758
2000/01/01@06:38:41,5355,113.82527
2000/01/01@06:38:42,5356,113.742224
2000/01/01@06:38:43,5357,113.67488
2000/01/01@06:38:44,5358,113.61715
2000/01/01@06:38:45,5359,113.5559
2000/01/01@06:38:46,5360,113.542816
2000/01/01@06:38:47,5361,113.4791
2000/01/01@06:38:48,5362,113.41213
2000/01/01@06:38:50,5364,113.38983
2000/01/01@06:38:51,5365,113.31474
2000/01/01@06:38:52,5366,113.25401
2000/01/01@06:38:53,5367,113.19753
2000/01/01@06:38:54,5368,113.11559
2000/01/01@06:38:55,5369,113.065152
2000/01/01@06:38:56,5370,112.993192
2000/01/01@06:38:57,5371,112.93914
2000/01/01@06:38:58,5372,112.89172
2000/01/01@06:38:59,5373,112.837816
2000/01/01@06:39:00,5374,112.758516
2000/01/01@06:39:02,5376,112.72164
2000/01/01@06:39:03,5377,112.648576
2000/01/01@06:39:04,5378,112.61165
2000/01/01@06:39:05,5379,112.56711
2000/01/01@06:39:06,5380,112.47851
2000/01/01@06:39:07,5381,112.45226
2000/01/01@06:39:08,5382,112.387668
2000/01/01@06:39:09,5383,112.33274
2000/01/01@06:39:10,5384,112.2793
2000/01/01@06:39:11,5385,112.17276
2000/01/01@06:39:12,5386,112.14773
2000/01/01@06:39:13,5387,112.06209
2000/01/01@06:39:15,5389,112.016072
2000/01/01@06:39:16,5390,111.95713
2000/01/01@06:39:17,5391,111.906072
2000/01/01@06:39:18,5392,111.87611
2000/01/01@06:39:19,5393,111.831952
2000/01/01@06:39:20,5394,111.74172
2000/01/01@06:39:21,5395,111.67347
2000/01/01@06:39:22,5396,111.59766
2000/01/01@06:39:23,5397,111.53661
2000/01/01@06:39:24,5398,111.46422
2000/01/01@06:39:25,5399,111.3934
2000/01/01@06:39:26,5400,111.34693
2000/01/01@06:39:28,5402,111.25132
2000/01/01@06:39:29,5403,111.18369
2000/01/01@06:39:30,5404,111.121928
2000/01/01@06:39:31,5405,111.01281
2000/01/01@06:39:32,5406,110.914856
2000/01/01@06:39:33,5407,110.868968
2000/01/01@06:39:34,5408,110.77131
2000/01/01@06:39:35,5409,110.70863
2000/01/01@06:39:36,5410,110.57996
2000/01/01@06:39:37,5411,110.51121
2000/01/01@06:39:38,5412,110.44587
2000/01/01@06:39:40,5414,110.38819
2000/01/01@06:39:41,5415,110.351108
2000/01/01@06:39:42,5416,110.30011
2000/01/01@06:39:43,5417,110.26614
2000/01/01@06:39:44,5418,110.18899
2000/01/01@06:39:45,5419,110.1573
2000/01/01@06:39:46,5420,110.10966
2000/01/01@06:39:47,5421,110.05919
2000/01/01@06:39:48,5422,110.00045
2000/01/01@06:39:49,5423,109.94217
2000/01/01@06:39:50,5424,109.90726
2000/01/01@06:39:51,5425,109.831568
2000/01/01@06:39:53,5427,109.80756
2000/01/01@06:39:54,5428,109.72988
2000/01/01@06:39:55,5429,109.68179
2000/01/01@06:39:56,5430,109.600332
2000/01/01@06:39:57,5431,109.57504
2000/01/01@06:39:58,5432,109.54748
2000/01/01@06:39:59,5433,109.5202
2000/01/01@06:40:00,5434,109.45249
2000/01/01@06:40:01,5435,109.39979
2000/01/01@06:40:02,5436,109.30918
2000/01/01@06:40:03,5437,109.27549
2000/01/01@06:40:05,5439,109.23054
2000/01/01@06:40:06,5440,109.16549
2000/01/01@06:40:07,5441,109.13316
2000/01/01@06:40:08,5442,109.06119
2000/01/01@06:40:09,5443,109.01816
2000/01/01@06:40:10,5444,108.96098
2000/01/01@06:40:11,5445,108.87098
2000/01/01@06:40:12,5446,108.85529
2000/01/01@06:40:13,5447,108.80014
2000/01/01@06:40:14,5448,108.74638
2000/01/01@06:40:15,5449,108.65629
2000/01/01@06:40:16,5450,108.62042
2000/01/01@06:40:18,5452,108.621608
2000/01/01@06:40:19,5453,108.55193
2000/01/01@06:40:20,5454,108.504296
2000/01/01@06:40:21,5455,108.42506
2000/01/01@06:40:22,5456,108.38364
2000/01/01@06:40:23,5457,108.34166
2000/01/01@06:40:24,5458,108.30002
2000/01/01@06:40:25,5459,108.25059
2000/01/01@06:40:26,5460,108.2164
2000/01/01@06:40:27,5461,108.12691
2000/01/01@06:40:28,5462,108.10073
2000/01/01@06:40:29,5463,108.04385
2000/01/01@06:40:31,5465,107.97867
2000/01/01@06:40:32,5466,107.94063
2000/01/01@06:40:33,5467,107.87848
2000/01/01@06:40:34,5468,107.83558
2000/01/01@06:40:35,5469,107.78846
2000/01/01@06:40:36,5470,107.75848
2000/01/01@06:40:37,5471,107.72088
2000/01/01@06:40:38,5472,107.6664
2000/01/01@06:40:39,5473,107.60031
2000/01/01@06:40:40,5474,107.58144
2000/01/01@06:40:41,5475,107.518616
2000/01/01@06:40:43,5477,107.46689
2000/01/01@06:40:44,5478,107.428376
2000/01/01@06:40:45,5479,107.39744
2000/01/01@06:40:46,5480,107.32477
2000/01/01@06:40:47,5481,107.2936
2000/01/01@06:40:48,5482,107.22903
2000/01/01@06:40:49,5483,107.17028
2000/01/01@06:40:50,5484,107.10994
2000/01/01@06:40:51,5485,107.07625
2000/01/01@06:40:52,5486,107.053508
2000/01/01@06:40:53,5487,107.02251
2000/01/01@06:40:54,5488,106.94758
2000/01/01@06:40:56,5490,106.89377
2000/01/01@06:40:57,5491,106.85162
2000/01/01@06:40:58,5492,106.81794
2000/01/01@06:40:59,5493,106.74637
2000/01/01@06:41:00,5494,106.66875
2000/01/01@06:41:01,5495,106.63596
2000/01/01@06:41:02,5496,106.605256
2000/01/01@06:41:03,5497,106.516136
2000/01/01@06:41:04,5498,106.47966
2000/01/01@06:41:05,5499,106.40629
2000/01/01@06:41:06,5500,106.335208
2000/01/01@06:41:07,5501,106.33977
2000/01/01@06:41:09,5503,106.29284
2000/01/01@06:41:10,5504,106.21658
2000/01/01@06:41:11,5505,106.16319
2000/01/01@06:41:12,5506,106.09378
2000/01/01@06:41:13,5507,106.06865
2000/01/01@06:41:14,5508,106.04541
2000/01/01@06:41:15,5509,105.92876
2000/01/01@06:41:16,5510,105.935
2000/01/01@06:41:17,5511,105.851
2000/01/01@06:41:18,5512,105.80655
2000/01/01@06:41:19,5513,105.745152
2000/01/01@06:41:21,5515,105.71215
2000/01/01@06:41:22,5516,105.632328
2000/01/01@06:41:23,5517,105.6115
2000/01/01@06:41:24,5518,105.56348
2000/01/01@06:41:25,5519,105.483284
2000/01/01@06:41:26,5520,105.42626
2000/01/01@06:41:27,5521,105.40308
2000/01/01@06:41:28,5522,105.364784
2000/01/01@06:41:29,5523,105.31543
2000/01/01@06:41:30,5524,105.27231
2000/01/01@06:41:31,5525,105.19717
2000/01/01@06:41:32,5526,105.19218
2000/01/01@06:41:34,5528,105.13464
2000/01/01@06:41:35,5529,105.07334
2000/01/01@06:41:36,5530,105.01005
2000/01/01@06:41:37,5531,104.93031
2000/01/01@06:41:38,5532,104.87863
2000/01/01@06:41:39,5533,104.862944
2000/01/01@06:41:40,5534,104.786548
2000/01/01@06:41:41,5535,104.77746
2000/01/01@06:41:42,5536,104.68315
2000/01/01@06:41:43,5537,104.68105
2000/01/01@06:41:44,5538,104.6152
2000/01/01@06:41:45,5539,104.54912
2000/01/01@06:41:47,5541,104.49656
2000/01/01@06:41:48,5542,104.46713
2000/01/01@06:41:49,5543,104.4382
2000/01/01@06:41:50,5544,104.3478
2000/01/01@06:41:51,5545,104.33368
2000/01/01@06:41:52,5546,104.28537
2000/01/01@06:41:53,5547,104.23682
2000/01/01@06:41:54,5548,104.19922
2000/01/01@06:41:55,5549,104.1402
2000/01/01@06:41:56,5550,104.07321
2000/01/01@06:41:57,5551,104.0406
2000/01/01@06:41:59,5553,103.96869
2000/01/01@06:42:00,5554,103.94856
2000/01/01@06:42:01,5555,103.88752
2000/01/01@06:42:02,5556,103.849232
2000/01/01@06:42:03,5557,103.78895
2000/01/01@06:42:04,5558,103.7411
2000/01/01@06:42:05,5559,103.67881
2000/01/01@06:42:06,5560,103.65939
2000/01/01@06:42:07,5561,103.596792
2000/01/01@06:42:08,5562,103.59041
2000/01/01@06:42:09,5563,103.51401
2000/01/01@06:42:10,5564,103.50107
2000/01/01@06:42:12,5566,103.4111
2000/01/01@06:42:13,5567,103.41104
2000/01/01@06:42:14,5568,103.33432
2000/01/01@06:42:15,5569,103.25321
2000/01/01@06:42:16,5570,103.229512
2000/01/01@06:42:17,5571,103.19285
2000/01/01@06:42:18,5572,103.15356
2000/01/01@06:42:19,5573,103.091384
2000/01/01@06:42:20,5574,103.05787
2000/01/01@06:42:21,5575,103.01551
2000/01/01@06:42:22,5576,102.96288
2000/01/01@06:42:24,5578,102.877232
2000/01/01@06:42:25,5579,102.81592
2000/01/01@06:42:26,5580,102.80609
2000/01/01@06:42:27,5581,102.76715
2000/01/01@06:42:28,5582,102.706792
2000/01/01@06:42:29,5583,102.64412
2000/01/01@06:42:30,5584,102.62881
2000/01/01@06:42:31,5585,102.57208
2000/01/01@06:42:32,5586,102.539024
2000/01/01@06:42:33,5587,102.46833
2000/01/01@06:42:34,5588,102.453544
2000/01/01@06:42:35,5589,102.44244
2000/01/01@06:42:37,5591,102.3974
2000/01/01@06:42:38,5592,102.350712
2000/01/01@06:42:39,5593,102.31295
2000/01/01@06:42:40,5594,102.26167
2000/01/01@06:42:41,5595,102.21522
2000/01/01@06:42:42,5596,102.16148
2000/01/01@06:42:43,5597,102.104904
2000/01/01@06:42:44,5598,102.084984
2000/01/01@06:42:45,5599,102.009384
2000/01/01@06:42:46,5600,101.98165
2000/01/01@06:42:47,5601,101.91936
2000/01/01@06:42:48,5602,101.90643
2000/01/01@06:42:50,5604,101.815896
2000/01/01@06:42:51,5605,101.76988
2000/01/01@06:42:52,5606,101.75536
2000/01/01@06:42:53,5607,101.673968
2000/01/01@06:42:54,5608,101.64031
2000/01/01@06:42:55,5609,101.54277
2000/01/01@06:42:56,5610,101.48643
2000/01/01@06:42:57,5611,101.45842
2000/01/01@06:42:58,5612,101.39114
2000/01/01@06:42:59,5613,101.38177
2000/01/01@06:43:00,5614,101.36428
2000/01/01@06:43:02,5616,101.28208
2000/01/01@06:43:03,5617,101.238
2000/01/01@06:43:04,5618,101.16733
2000/01/01@06:43:05,5619,101.095
2000/01/01@06:43:06,5620,101.0894
2000/01/01@06:43:07,5621,101.04318
2000/01/01@06:43:08,5622,100.99508
2000/01/01@06:43:09,5623,100.948616
2000/01/01@06:43:10,5624,100.89798
2000/01/01@06:43:11,5625,100.81868
2000/01/01@06:43:12,5626,100.79162
2000/01/01@06:43:13,5627,100.69602
2000/01/01@06:43:15,5629,100.70331
2000/01/01@06:43:16,5630,100.63336
2000/01/01@06:43:17,5631,100.61729
2000/01/01@06:43:18,5632,100.56051
2000/01/01@06:43:19,5633,100.52416
2000/01/01@06:43:20,5634,100.43139
2000/01/01@06:43:21,5635,100.38137
2000/01/01@06:43:22,5636,100.34678
2000/01/01@06:43:23,5637,100.31839
2000/01/01@06:43:24,5638,100.25268
2000/01/01@06:43:25,5639,100.2063
2000/01/01@06:43:26,5640,100.182652
2000/01/01@06:43:28,5642,100.087292
2000/01/01@06:43:29,5643,100.06389
2000/01/01@06:43:30,5644,100.04929
2000/01/01@06:43:31,5645,99.9871
2000/01/01@06:43:32,5646,99.941508
2000/01/01@06:43:33,5647,99.86584
2000/01/01@06:43:34,5648,99.84341
2000/01/01@06:43:35,5649,99.81828
2000/01/01@06:43:36,5650,99.73463
2000/01/01@06:43:37,5651,99.72408
2000/01/01@06:43:38,5652,99.68959
2000/01/01@06:43:40,5653,99.604328
2000/01/01@06:43:41,5655,99.558104
2000/01/01@06:43:42,5656,99.5251
2000/01/01@06:43:43,5657,99.48018
2000/01/01@06:43:44,5658,99.41885
2000/01/01@06:43:45,5659,99.362592
2000/01/01@06:43:46,5660,99.34617
2000/01/01@06:43:47,5661,99.31449
2000/01/01@06:43:48,5662,99.249376
2000/01/01@06:43:49,5663,99.20574
2000/01/01@06:43:50,5664,99.15273
2000/01/01@06:43:51,5665,99.12381
2000/01/01@06:43:53,5667,99.067248
2000/01/01@06:43:54,5668,98.99492
2000/01/01@06:43:55,5669,98.93041
2000/01/01@06:43:56,5670,98.927416
2000/01/01@06:43:57,5671,98.87681
2000/01/01@06:43:58,5672,98.85123
2000/01/01@06:43:59,5673,98.80144
2000/01/01@06:44:00,5674,98.748504
2000/01/01@06:44:01,5675,98.71119
2000/01/01@06:44:02,5676,98.668072
2000/01/01@06:44:03,5677,98.5927
2000/01/01@06:44:04,5678,98.576032
2000/01/01@06:44:06,5680,98.544584
2000/01/01@06:44:07,5681,98.479416
2000/01/01@06:44:08,5682,98.40738
2000/01/01@06:44:09,5683,98.37742
2000/01/01@06:44:10,5684,98.3308
2000/01/01@06:44:11,5685,98.263464
2000/01/01@06:44:12,5686,98.226532
2000/01/01@06:44:13,5687,98.18802
2000/01/01@06:44:14,5688,98.12647
2000/01/01@06:44:15,5689,98.14208
2000/01/01@06:44:16,5690,98.09033
2000/01/01@06:44:17,5691,98.013692
2000/01/01@06:44:19,5693,97.95714
2000/01/01@06:44:20,5694,97.94346
2000/01/01@06:44:21,5695,97.89431
2000/01/01@06:44:22,5696,97.842068
2000/01/01@06:44:23,5697,97.81291
2000/01/01@06:44:24,5698,97.76169
2000/01/01@06:44:25,5699,97.724468
2000/01/01@06:44:26,5700,97.67592
2000/01/01@06:44:27,5701,97.64744
2000/01/01@06:44:28,5702,97.59496
2000/01/01@06:44:29,5703,97.53877
2000/01/01@06:44:30,5704,97.53461
2000/01/01@06:44:32,5706,97.47981
2000/01/01@06:44:33,5707,97.43626
2000/01/01@06:44:34,5708,97.372984
2000/01/01@06:44:35,5709,97.33806
2000/01/01@06:44:36,5710,97.28133
2000/01/01@06:44:37,5711,97.22855
2000/01/01@06:44:38,5712,97.20381
2000/01/01@06:44:39,5713,97.1363
2000/01/01@06:44:40,5714,97.0958
2000/01/01@06:44:41,5715,97.0242
2000/01/01@06:44:42,5716,96.964136
2000/01/01@06:44:43,5717,96.923384
2000/01/01@06:44:45,5719,96.868992
2000/01/01@06:44:46,5720,96.83695
2000/01/01@06:44:47,5721,96.753452
2000/01/01@06:44:48,5722,96.70059
2000/01/01@06:44:49,5723,96.62396
2000/01/01@06:44:50,5724,96.583
2000/01/01@06:44:51,5725,96.57289
2000/01/01@06:44:52,5726,96.53484
2000/01/01@06:44:53,5727,96.4371
2000/01/01@06:44:54,5728,96.3794
2000/01/01@06:44:55,5729,96.35094
2000/01/01@06:44:56,5730,96.33852
2000/01/01@06:44:58,5732,96.24923
2000/01/01@06:44:59,5733,96.203448
2000/01/01@06:45:00,5734,96.18948
2000/01/01@06:45:01,5735,96.12769
2000/01/01@06:45:02,5736,96.084048
2000/01/01@06:45:03,5737,96.04162
2000/01/01@06:45:04,5738,95.981416
2000/01/01@06:45:05,5739,95.89606
2000/01/01@06:45:06,5740,95.90416
2000/01/01@06:45:07,5741,95.861496
2000/01/01@06:45:08,5742,95.79898
2000/01/01@06:45:09,5743,95.76227
2000/01/01@06:45:11,5745,95.715864
2000/01/01@06:45:12,5746,95.68838
2000/01/01@06:45:13,5747,95.60303
2000/01/01@06:45:14,5748,95.58631
2000/01/01@06:45:15,5749,95.534352
2000/01/01@06:45:16,5750,95.50231
2000/01/01@06:45:17,5751,95.45889
2000/01/01@06:45:18,5752,95.3991232
2000/01/01@06:45:19,5753,95.3447
2000/01/01@06:45:20,5754,95.30672
2000/01/01@06:45:21,5755,95.265624
2000/01/01@06:45:22,5756,95.23082
2000/01/01@06:45:24,5758,95.20012
2000/01/01@06:45:25,5759,95.16399
2000/01/01@06:45:26,5760,95.112176
2000/01/01@06:45:27,5761,95.06363
2000/01/01@06:45:28,5762,95.022832
2000/01/01@06:45:29,5763,94.97019
2000/01/01@06:45:30,5764,94.94007
2000/01/01@06:45:31,5765,94.903656
2000/01/01@06:45:32,5766,94.871992
2000/01/01@06:45:33,5767,94.81697
2000/01/01@06:45:34,5768,94.77326
2000/01/01@06:45:35,5769,94.6791
2000/01/01@06:45:37,5771,94.64496
2000/01/01@06:45:38,5772,94.61887
2000/01/01@06:45:39,5773,94.53226
2000/01/01@06:45:40,5774,94.503496
2000/01/01@06:45:41,5775,94.49174
2000/01/01@06:45:42,5776,94.43177
2000/01/01@06:45:43,5777,94.404048
2000/01/01@06:45:44,5778,94.351392
2000/01/01@06:45:45,5779,94.28889
2000/01/01@06:45:46,5780,94.243544
2000/01/01@06:45:47,5781,94.176576
2000/01/01@06:45:48,5782,94.147352
2000/01/01@06:45:50,5784,94.10797
2000/01/01@06:45:51,5785,94.09064
2000/01/01@06:45:52,5786,94.03831
2000/01/01@06:45:53,5787,94.009316
2000/01/01@06:45:54,5788,93.9193
2000/01/01@06:45:55,5789,93.880328
2000/01/01@06:45:56,5790,93.86189
2000/01/01@06:45:57,5791,93.80993
2000/01/01@06:45:58,5792,93.7875
2000/01/01@06:45:59,5793,93.72028
2000/01/01@06:46:00,5794,93.66707
2000/01/01@06:46:01,5795,93.64832
2000/01/01@06:46:03,5797,93.56962
2000/01/01@06:46:04,5798,93.52167
2000/01/01@06:46:05,5799,93.44161
2000/01/01@06:46:06,5800,93.42546
2000/01/01@06:46:07,5801,93.41047
2000/01/01@06:46:08,5802,93.32572
2000/01/01@06:46:09,5803,93.30155
2000/01/01@06:46:10,5804,93.2484
2000/01/01@06:46:11,5805,93.17549
2000/01/01@06:46:12,5806,93.17004
2000/01/01@06:46:13,5807,93.112976
2000/01/01@06:46:14,5808,93.08025
2000/01/01@06:46:16,5810,93.04681
2000/01/01@06:46:17,5811,92.99969
2000/01/01@06:46:18,5812,92.955216
2000/01/01@06:46:19,5813,92.88251
2000/01/01@06:46:20,5814,92.85582
2000/01/01@06:46:21,5815,92.81413
2000/01/01@06:46:22,5816,92.798584
2000/01/01@06:46:23,5817,92.71548
2000/01/01@06:46:24,5818,92.713168
2000/01/01@06:46:25,5819,92.676608
2000/01/01@06:46:26,5820,92.59981
2000/01/01@06:46:28,5822,92.56264
2000/01/01@06:46:29,5823,92.48095
2000/01/01@06:46:30,5824,92.47455
2000/01/01@06:46:31,5825,92.43301
2000/01/01@06:46:32,5826,92.41822
2000/01/01@06:46:33,5827,92.37144
2000/01/01@06:46:34,5828,92.31383
2000/01/01@06:46:35,5829,92.26654
2000/01/01@06:46:36,5830,92.1885
2000/01/01@06:46:37,5831,92.15758
2000/01/01@06:46:38,5832,92.08688
2000/01/01@06:46:39,5833,92.09142
2000/01/01@06:46:40,5834,92.04406
2000/01/01@06:46:42,5836,92.01656
2000/01/01@06:46:43,5837,91.9382
2000/01/01@06:46:44,5838,91.92876
2000/01/01@06:46:45,5839,91.826328
2000/01/01@06:46:46,5840,91.80164
2000/01/01@06:46:47,5841,91.67774
2000/01/01@06:46:48,5842,91.64404
2000/01/01@06:46:49,5843,91.60778
2000/01/01@06:46:50,5844,91.59557
2000/01/01@06:46:51,5845,91.51991
2000/01/01@06:46:52,5846,91.4603
2000/01/01@06:46:53,5847,91.42028
2000/01/01@06:46:55,5849,91.369736
2000/01/01@06:46:56,5850,91.32187
2000/01/01@06:46:57,5851,91.30269
2000/01/01@06:46:58,5852,91.26954
2000/01/01@06:46:59,5853,91.19772
2000/01/01@06:47:00,5854,91.16012
2000/01/01@06:47:01,5855,91.085336
2000/01/01@06:47:02,5856,91.046976
2000/01/01@06:47:03,5857,91.00794
2000/01/01@06:47:04,5858,90.955768
2000/01/01@06:47:05,5859,90.93852
2000/01/01@06:47:06,5860,90.89511
2000/01/01@06:47:08,5862,90.85115
2000/01/01@06:47:09,5863,90.81838
2000/01/01@06:47:10,5864,90.76248
2000/01/01@06:47:11,5865,90.71006
2000/01/01@06:47:12,5866,90.68509
2000/01/01@06:47:13,5867,90.643452
2000/01/01@06:47:14,5868,90.56794
2000/01/01@06:47:15,5869,90.53963
2000/01/01@06:47:16,5870,90.491748
2000/01/01@06:47:17,5871,90.486468
2000/01/01@06:47:18,5872,90.41131
2000/01/01@06:47:20,5874,90.370056
2000/01/01@06:47:21,5875,90.31638
2000/01/01@06:47:22,5876,90.29237
2000/01/01@06:47:23,5877,90.2839
2000/01/01@06:47:24,5878,90.20183
2000/01/01@06:47:25,5879,90.16549
2000/01/01@06:47:26,5880,90.13515
2000/01/01@06:47:27,5881,90.07254
2000/01/01@06:47:28,5882,90.03168
2000/01/01@06:47:29,5883,90.025852
2000/01/01@06:47:30,5884,89.954416
2000/01/01@06:47:31,5885,89.9134
2000/01/01@06:47:33,5887,89.86455
2000/01/01@06:47:34,5888,89.83206
2000/01/01@06:47:35,5889,89.76694
2000/01/01@06:47:36,5890,89.72635
2000/01/01@06:47:37,5891,89.67349
2000/01/01@06:47:38,5892,89.664216
2000/01/01@06:47:39,5893,89.626368
2000/01/01@06:47:40,5894,89.59351
2000/01/01@06:47:41,5895,89.55455
2000/01/01@06:47:42,5896,89.49701
2000/01/01@06:47:43,5897,89.46038
2000/01/01@06:47:44,5898,89.36611
2000/01/01@06:47:45,5899,89.350176
2000/01/01@06:47:47,5901,89.289316
2000/01/01@06:47:48,5902,89.20019
2000/01/01@06:47:49,5903,89.170684
2000/01/01@06:47:50,5904,89.14599
2000/01/01@06:47:51,5905,89.15008
2000/01/01@06:47:52,5906,89.0715
2000/01/01@06:47:53,5907,89.05493
2000/01/01@06:47:54,5908,89.014048
2000/01/01@06:47:55,5909,88.94787
2000/01/01@06:47:56,5910,88.93273
2000/01/01@06:47:57,5911,88.86691
2000/01/01@06:47:58,5912,88.82069
2000/01/01@06:48:00,5914,88.82781
2000/01/01@06:48:01,5915,88.75735
2000/01/01@06:48:02,5916,88.67921
2000/01/01@06:48:03,5917,88.639304
2000/01/01@06:48:04,5918,88.572624
2000/01/01@06:48:05,5919,88.53433
2000/01/01@06:48:06,5920,88.4969536
2000/01/01@06:48:07,5921,88.425352
2000/01/01@06:48:08,5922,88.38291
2000/01/01@06:48:09,5923,88.358152
2000/01/01@06:48:10,5924,88.33475
2000/01/01@06:48:11,5925,88.245096
2000/01/01@06:48:13,5927,88.23475
2000/01/01@06:48:14,5928,88.18665
2000/01/01@06:48:15,5929,88.19004
2000/01/01@06:48:16,5930,88.10523
2000/01/01@06:48:17,5931,88.12152
2000/01/01@06:48:18,5932,88.04594
2000/01/01@06:48:19,5933,87.97768
2000/01/01@06:48:20,5934,87.92191
2000/01/01@06:48:21,5935,87.91612
2000/01/01@06:48:22,5936,87.89241
2000/01/01@06:48:23,5937,87.83109
2000/01/01@06:48:24,5938,87.80381
2000/01/01@06:48:26,5940,87.75586
2000/01/01@06:48:27,5941,87.69469
2000/01/01@06:48:28,5942,87.67431
2000/01/01@06:48:29,5943,87.63097
2000/01/01@06:48:30,5944,87.5799
2000/01/01@06:48:31,5945,87.55
2000/01/01@06:48:32,5946,87.50756
2000/01/01@06:48:33,5947,87.48988
2000/01/01@06:48:34,5948,87.45552
2000/01/01@06:48:35,5949,87.37479
2000/01/01@06:48:36,5950,87.35999
2000/01/01@06:48:37,5951,87.28888
2000/01/01@06:48:39,5953,87.26671
2000/01/01@06:48:40,5954,87.23535
2000/01/01@06:48:41,5955,87.21543
2000/01/01@06:48:42,5956,87.16717
2000/01/01@06:48:43,5957,87.114848
2000/01/01@06:48:44,5958,87.07572
2000/01/01@06:48:45,5959,86.986376
2000/01/01@06:48:46,5960,86.93531
2000/01/01@06:48:47,5961,86.948848
2000/01/01@06:48:48,5962,86.84061
2000/01/01@06:48:49,5963,86.83718
2000/01/01@06:48:50,5964,86.77867
2000/01/01@06:48:52,5966,86.72158
2000/01/01@06:48:53,5967,86.6885
2000/01/01@06:48:54,5968,86.67816
2000/01/01@06:48:55,5969,86.60583
2000/01/01@06:48:56,5970,86.56971
2000/01/01@06:48:57,5971,86.50786
2000/01/01@06:48:58,5972,86.43113
2000/01/01@06:48:59,5973,86.40793
2000/01/01@06:49:00,5974,86.396868
2000/01/01@06:49:01,5975,86.333176
2000/01/01@06:49:02,5976,86.2522
2000/01/01@06:49:03,5977,86.21407
2000/01/01@06:49:05,5979,86.15803
2000/01/01@06:49:06,5980,86.13773
2000/01/01@06:49:07,5981,86.10404
2000/01/01@06:49:08,5982,86.09617
2000/01/01@06:49:09,5983,86.02152
2000/01/01@06:49:10,5984,85.963848
2000/01/01@06:49:11,5985,85.971568
2000/01/01@06:49:12,5986,85.90273
2000/01/01@06:49:13,5987,85.848016
2000/01/01@06:49:14,5988,85.8498832
2000/01/01@06:49:15,5989,85.79227
2000/01/01@06:49:16,5990,85.74075
2000/01/01@06:49:18,5992,85.70106
2000/01/01@06:49:19,5993,85.70165
2000/01/01@06:49:20,5994,85.61803
2000/01/01@06:49:21,5995,85.574904
2000/01/01@06:49:22,5996,85.54599
2000/01/01@06:49:23,5997,85.53156
2000/01/01@06:49:24,5998,85.47938
2000/01/01@06:49:25,5999,85.44123
2000/01/01@06:49:26,6000,85.380584
2000/01/01@06:49:27,6001,85.34899
2000/01/01@06:49:28,6002,85.29025
2000/01/01@06:49:29,6003,85.246024
2000/01/01@06:49:31,6005,85.2041
2000/01/01@06:49:32,6006,85.161192
2000/01/01@06:49:33,6007,85.107736
2000/01/01@06:49:34,6008,85.06985
2000/01/01@06:49:35,6009,85.03839
2000/01/01@06:49:36,6010,84.975208
2000/01/01@06:49:37,6011,84.945528
2000/01/01@06:49:38,6012,84.89997
2000/01/01@06:49:39,6013,84.87984
2000/01/01@06:49:40,6014,84.83751
2000/01/01@06:49:41,6015,84.81062
2000/01/01@06:49:43,6017,84.757672
2000/01/01@06:49:44,6018,84.673616
2000/01/01@06:49:45,6019,84.69107
2000/01/01@06:49:46,6020,84.601656
2000/01/01@06:49:47,6021,84.56887
2000/01/01@06:49:48,6022,84.539736
2000/01/01@06:49:49,6023,84.47795
2000/01/01@06:49:50,6024,84.42418
2000/01/01@06:49:51,6025,84.3923
2000/01/01@06:49:52,6026,84.34993
2000/01/01@06:49:53,6027,84.29744
2000/01/01@06:49:54,6028,84.24948
2000/01/01@06:49:55,6029,84.25447
2000/01/01@06:49:57,6031,84.19203
2000/01/01@06:49:58,6032,84.1748
2000/01/01@06:49:59,6033,84.13739
2000/01/01@06:50:00,6034,84.0559168
2000/01/01@06:50:01,6035,84.04707
2000/01/01@06:50:02,6036,84.00245
2000/01/01@06:50:03,6037,83.954892
2000/01/01@06:50:04,6038,83.92633
2000/01/01@06:50:05,6039,83.89438
2000/01/01@06:50:06,6040,83.83698
2000/01/01@06:50:07,6041,83.803736
2000/01/01@06:50:09,6042,83.709568
2000/01/01@06:50:10,6044,83.72272
2000/01/01@06:50:11,6045,83.6466
2000/01/01@06:50:12,6046,83.61835
2000/01/01@06:50:13,6047,83.57614
2000/01/01@06:50:14,6048,83.5465236
2000/01/01@06:50:15,6049,83.51918
2000/01/01@06:50:16,6050,83.45024
2000/01/01@06:50:17,6051,83.41346
2000/01/01@06:50:18,6052,83.36292
2000/01/01@06:50:19,6053,83.3328
2000/01/01@06:50:20,6054,83.30961
2000/01/01@06:50:22,6055,83.24874
2000/01/01@06:50:23,6057,83.22322
2000/01/01@06:50:24,6058,83.190152
2000/01/01@06:50:25,6059,83.16666
2000/01/01@06:50:26,6060,83.085912
2000/01/01@06:50:27,6061,83.061908
2000/01/01@06:50:28,6062,83.023992
2000/01/01@06:50:29,6063,83.011376
2000/01/01@06:50:30,6064,82.95843
2000/01/01@06:50:31,6065,82.95629
2000/01/01@06:50:32,6066,82.88759
2000/01/01@06:50:33,6067,82.859348
2000/01/01@06:50:35,6069,82.8067
2000/01/01@06:50:36,6070,82.76179
2000/01/01@06:50:37,6071,82.7325
2000/01/01@06:50:38,6072,82.63958
2000/01/01@06:50:39,6073,82.591032
2000/01/01@06:50:40,6074,82.5248
2000/01/01@06:50:41,6075,82.48605
2000/01/01@06:50:42,6076,82.47245
2000/01/01@06:50:43,6077,82.40681
2000/01/01@06:50:44,6078,82.35805
2000/01/01@06:50:45,6079,82.29248
2000/01/01@06:50:46,6080,82.240136
2000/01/01@06:50:48,6082,82.12723
2000/01/01@06:50:49,6083,82.06894
2000/01/01@06:50:50,6084,81.98569
2000/01/01@06:50:51,6085,81.90933
2000/01/01@06:50:52,6086,81.84333
2000/01/01@06:50:53,6087,81.77597
2000/01/01@06:50:54,6088,81.667208
2000/01/01@06:50:55,6089,81.64394
2000/01/01@06:50:56,6090,81.55881
2000/01/01@06:50:57,6091,81.46729
2000/01/01@06:50:58,6092,81.43163
2000/01/01@06:50:59,6093,81.334148
2000/01/01@06:51:01,6095,81.32687
2000/01/01@06:51:02,6096,81.241232
2000/01/01@06:51:03,6097,81.21119
2000/01/01@06:51:04,6098,81.150824
2000/01/01@06:51:05,6099,81.16361
2000/01/01@06:51:06,6100,81.08594
2000/01/01@06:51:07,6101,81.05569
2000/01/01@06:51:08,6102,81.007192
2000/01/01@06:51:09,6103,80.93786
2000/01/01@06:51:10,6104,80.857632
2000/01/01@06:51:11,6105,80.8473
2000/01/01@06:51:12,6106,80.83265
2000/01/01@06:51:14,6108,80.79102
2000/01/01@06:51:15,6109,80.71119
2000/01/01@06:51:16,6110,80.70137
2000/01/01@06:51:17,6111,80.6158
2000/01/01@06:51:18,6112,80.6236036
2000/01/01@06:51:19,6113,80.61379
2000/01/01@06:51:20,6114,80.53
2000/01/01@06:51:21,6115,80.482216
2000/01/01@06:51:22,6116,80.45842
2000/01/01@06:51:23,6117,80.40994
2000/01/01@06:51:24,6118,80.38772
2000/01/01@06:51:25,6119,80.34444
2000/01/01@06:51:27,6121,80.312192
2000/01/01@06:51:28,6122,80.287448
2000/01/01@06:51:29,6123,80.25593
2000/01/01@06:51:30,6124,80.21622
2000/01/01@06:51:31,6125,80.136088
2000/01/01@06:51:32,6126,80.0998836
2000/01/01@06:51:33,6127,80.05633
2000/01/01@06:51:34,6128,80.06145
2000/01/01@06:51:35,6129,80.0187
2000/01/01@06:51:36,6130,79.9564
2000/01/01@06:51:37,6131,79.92129
2000/01/01@06:51:38,6132,79.910968
2000/01/01@06:51:40,6134,79.8831536
2000/01/01@06:51:41,6135,79.85401
2000/01/01@06:51:42,6136,79.820856
2000/01/01@06:51:43,6137,79.76579
2000/01/01@06:51:44,6138,79.72207
2000/01/01@06:51:45,6139,79.69782
2000/01/01@06:51:46,6140,79.67025
2000/01/01@06:51:47,6141,79.60275
2000/01/01@06:51:48,6142,79.59604
2000/01/01@06:51:49,6143,79.53903
2000/01/01@06:51:50,6144,79.49019
2000/01/01@06:51:51,6145,79.48054
2000/01/01@06:51:53,6147,79.433336
2000/01/01@06:51:54,6148,79.40759
2000/01/01@06:51:55,6149,79.36946
2000/01/01@06:51:56,6150,79.31934
2000/01/01@06:51:57,6151,79.27103
2000/01/01@06:51:58,6152,79.27006
2000/01/01@06:51:59,6153,79.2169
2000/01/01@06:52:00,6154,79.17446
2000/01/01@06:52:01,6155,79.1268
2000/01/01@06:52:02,6156,79.09759
2000/01/01@06:52:03,6157,79.056016
2000/01/01@06:52:04,6158,79.07888
2000/01/01@06:52:06,6160,79.00302
2000/01/01@06:52:07,6161,78.95127
2000/01/01@06:52:08,6162,78.91819
2000/01/01@06:52:09,6163,78.89493
2000/01/01@06:52:10,6164,78.84244
2000/01/01@06:52:11,6165,78.80557
2000/01/01@06:52:12,6166,78.774252
2000/01/01@06:52:13,6167,78.71993
2000/01/01@06:52:14,6168,78.7058
2000/01/01@06:52:15,6169,78.66231
2000/01/01@06:52:16,6170,78.64743
2000/01/01@06:52:17,6171,78.59501
2000/01/01@06:52:19,6173,78.57621
2000/01/01@06:52:20,6174,78.5105
2000/01/01@06:52:21,6175,78.4615
2000/01/01@06:52:22,6176,78.461424
2000/01/01@06:52:23,6177,78.373052
2000/01/01@06:52:24,6178,78.36399
2000/01/01@06:52:25,6179,78.31573
2000/01/01@06:52:26,6180,78.320948
2000/01/01@06:52:27,6181,78.25985
2000/01/01@06:52:28,6182,78.23462
2000/01/01@06:52:29,6183,78.17917
2000/01/01@06:52:30,6184,78.16905
2000/01/01@06:52:32,6186,78.13673
2000/01/01@06:52:33,6187,78.091808
2000/01/01@06:52:34,6188,78.0519
2000/01/01@06:52:35,6189,78.027592
2000/01/01@06:52:36,6190,77.95472
2000/01/01@06:52:37,6191,77.98372
2000/01/01@06:52:38,6192,77.937256
2000/01/01@06:52:39,6193,77.87376
2000/01/01@06:52:40,6194,77.8592736
2000/01/01@06:52:41,6195,77.79875
2000/01/01@06:52:42,6196,77.80534
2000/01/01@06:52:43,6197,77.75838
2000/01/01@06:52:45,6199,77.68887
2000/01/01@06:52:46,6200,77.67595
2000/01/01@06:52:47,6201,77.60271
2000/01/01@06:52:48,6202,77.62061
2000/01/01@06:52:49,6203,77.5645
2000/01/01@06:52:50,6204,77.47341
2000/01/01@06:52:51,6205,77.520904
2000/01/01@06:52:52,6206,77.459884
2000/01/01@06:52:53,6207,77.42615
2000/01/01@06:52:54,6208,77.35983
2000/01/01@06:52:55,6209,77.3512036
2000/01/01@06:52:56,6210,77.27113
2000/01/01@06:52:58,6212,77.23137
2000/01/01@06:52:59,6213,77.20884
2000/01/01@06:53:00,6214,77.17031
2000/01/01@06:53:01,6215,77.11972
2000/01/01@06:53:02,6216,77.09873
2000/01/01@06:53:03,6217,77.1025136
2000/01/01@06:53:04,6218,77.05205
2000/01/01@06:53:05,6219,77.0353236
2000/01/01@06:53:06,6220,76.98305
2000/01/01@06:53:07,6221,76.93018
2000/01/01@06:53:08,6222,76.92088
2000/01/01@06:53:09,6223,76.83327
2000/01/01@06:53:11,6225,76.84715
2000/01/01@06:53:12,6226,76.77905
2000/01/01@06:53:13,6227,76.74218
2000/01/01@06:53:14,6228,76.67119
2000/01/01@06:53:15,6229,76.64703
2000/01/01@06:53:16,6230,76.62733
2000/01/01@06:53:17,6231,76.571784
2000/01/01@06:53:18,6232,76.561968
2000/01/01@06:53:19,6233,76.47936
2000/01/01@06:53:20,6234,76.44771
2000/01/01@06:53:21,6235,76.42905
2000/01/01@06:53:22,6236,76.38963
2000/01/01@06:53:24,6238,76.372696
2000/01/01@06:53:25,6239,76.320432
2000/01/01@06:53:26,6240,76.31865
2000/01/01@06:53:27,6241,76.29462
2000/01/01@06:53:28,6242,76.216132
2000/01/01@06:53:29,6243,76.24393
2000/01/01@06:53:30,6244,76.17338
2000/01/01@06:53:31,6245,76.162224
2000/01/01@06:53:32,6246,76.10127
2000/01/01@06:53:33,6247,76.076584
2000/01/01@06:53:34,6248,76.001496
2000/01/01@06:53:35,6249,76.01094
2000/01/01@06:53:37,6251,75.95207
2000/01/01@06:53:38,6252,75.93051
2000/01/01@06:53:39,6253,75.841968
2000/01/01@06:53:40,6254,75.8508
2000/01/01@06:53:41,6255,75.803532
2000/01/01@06:53:42,6256,75.72977
2000/01/01@06:53:43,6257,75.739424
2000/01/01@06:53:44,6258,75.71132
2000/01/01@06:53:45,6259,75.65423
2000/01/01@06:53:46,6260,75.626728
2000/01/01@06:53:47,6261,75.57439
2000/01/01@06:53:48,6262,75.54911
2000/01/01@06:53:50,6264,75.51521
2000/01/01@06:53:51,6265,75.45031
2000/01/01@06:53:52,6266,75.4414
2000/01/01@06:53:53,6267,75.37501
2000/01/01@06:53:54,6268,75.39618
2000/01/01@06:53:55,6269,75.34392
2000/01/01@06:53:56,6270,75.31709
2000/01/01@06:53:57,6271,75.25953
2000/01/01@06:53:58,6272,75.25359
2000/01/01@06:53:59,6273,75.25426
2000/01/01@06:54:00,6274,75.201384
2000/01/01@06:54:01,6275,75.13626
2000/01/01@06:54:03,6277,75.111592
2000/01/01@06:54:04,6278,75.105808
2000/01/01@06:54:05,6279,75.06997
2000/01/01@06:54:06,6280,75.040376
2000/01/01@06:54:07,6281,75.00254
2000/01/01@06:54:08,6282,74.93704
2000/01/01@06:54:09,6283,74.917784
2000/01/01@06:54:10,6284,74.870576
2000/01/01@06:54:11,6285,74.83244
2000/01/01@06:54:12,6286,74.81348
2000/01/01@06:54:13,6287,74.78895
2000/01/01@06:54:14,6288,74.702616
2000/01/01@06:54:16,6290,74.68464
2000/01/01@06:54:17,6291,74.64673
2000/01/01@06:54:18,6292,74.59876
2000/01/01@06:54:19,6293,74.546136
2000/01/01@06:54:20,6294,74.54538
2000/01/01@06:54:21,6295,74.47166
2000/01/01@06:54:22,6296,74.43396
2000/01/01@06:54:23,6297,74.4246
2000/01/01@06:54:24,6298,74.40385
2000/01/01@06:54:25,6299,74.35522
2000/01/01@06:54:26,6300,74.3245236
2000/01/01@06:54:27,6301,74.25382
2000/01/01@06:54:29,6303,74.19954
2000/01/01@06:54:30,6304,74.17771
2000/01/01@06:54:31,6305,74.06706
2000/01/01@06:54:32,6306,74.04833
2000/01/01@06:54:33,6307,74.02008
2000/01/01@06:54:34,6308,73.965968
2000/01/01@06:54:35,6309,73.906784
2000/01/01@06:54:36,6310,73.90521
2000/01/01@06:54:37,6311,73.82768
2000/01/01@06:54:38,6312,73.79207
2000/01/01@06:54:39,6313,73.76739
2000/01/01@06:54:40,6314,73.7597936
2000/01/01@06:54:42,6316,73.67441
2000/01/01@06:54:43,6317,73.661808
2000/01/01@06:54:44,6318,73.62057
2000/01/01@06:54:45,6319,73.59208
2000/01/01@06:54:46,6320,73.56497
2000/01/01@06:54:47,6321,73.52101
2000/01/01@06:54:48,6322,73.49253
2000/01/01@06:54:49,6323,73.4433
2000/01/01@06:54:50,6324,73.38831
2000/01/01@06:54:51,6325,73.38659
2000/01/01@06:54:52,6326,73.36198
2000/01/01@06:54:53,6327,73.287184
2000/01/01@06:54:55,6329,73.28548
2000/01/01@06:54:56,6330,73.25329
2000/01/01@06:54:57,6331,73.20229
2000/01/01@06:54:58,6332,73.17398
2000/01/01@06:54:59,6333,73.1109168
2000/01/01@06:55:00,6334,73.07286
2000/01/01@06:55:01,6335,73.04973
2000/01/01@06:55:02,6336,73.01553
2000/01/01@06:55:03,6337,73.01041
2000/01/01@06:55:04,6338,72.93093
2000/01/01@06:55:05,6339,72.94408
2000/01/01@06:55:06,6340,72.84022
2000/01/01@06:55:08,6342,72.807884
2000/01/01@06:55:09,6343,72.8026
2000/01/01@06:55:10,6344,72.75839
2000/01/01@06:55:11,6345,72.702032
2000/01/01@06:55:12,6346,72.64189
2000/01/01@06:55:13,6347,72.62844
2000/01/01@06:55:14,6348,72.58337
2000/01/01@06:55:15,6349,72.53253
2000/01/01@06:55:16,6350,72.46984
2000/01/01@06:55:17,6351,72.42436
2000/01/01@06:55:18,6352,72.35232
2000/01/01@06:55:19,6353,72.28584
2000/01/01@06:55:21,6355,72.306148
2000/01/01@06:55:22,6356,72.26377
2000/01/01@06:55:23,6357,72.16379
2000/01/01@06:55:24,6358,72.18735
2000/01/01@06:55:25,6359,72.12956
2000/01/01@06:55:26,6360,72.09693
2000/01/01@06:55:27,6361,72.06868
2000/01/01@06:55:28,6362,72.03696
2000/01/01@06:55:29,6363,72.00446
2000/01/01@06:55:30,6364,71.9426036
2000/01/01@06:55:31,6365,71.87014
2000/01/01@06:55:32,6366,71.841288
2000/01/01@06:55:34,6368,71.808652
2000/01/01@06:55:35,6369,71.77035
2000/01/01@06:55:36,6370,71.72336
2000/01/01@06:55:37,6371,71.69504
2000/01/01@06:55:38,6372,71.66294
2000/01/01@06:55:39,6373,71.61527
2000/01/01@06:55:40,6374,71.58354
2000/01/01@06:55:41,6375,71.53061
2000/01/01@06:55:42,6376,71.50897
2000/01/01@06:55:43,6377,71.43015
2000/01/01@06:55:44,6378,71.42614
2000/01/01@06:55:45,6379,71.38801
2000/01/01@06:55:47,6381,71.348
2000/01/01@06:55:48,6382,71.29626
2000/01/01@06:55:49,6383,71.26331
2000/01/01@06:55:50,6384,71.2219236
2000/01/01@06:55:51,6385,71.20273
2000/01/01@06:55:52,6386,71.139984
2000/01/01@06:55:53,6387,71.12637
2000/01/01@06:55:54,6388,71.06896
2000/01/01@06:55:55,6389,71.05887
2000/01/01@06:55:56,6390,71.01911
2000/01/01@06:55:57,6391,70.95622
2000/01/01@06:55:58,6392,70.93324
2000/01/01@06:56:00,6394,70.88892
2000/01/01@06:56:01,6395,70.85206
2000/01/01@06:56:02,6396,70.80222
2000/01/01@06:56:03,6397,70.78809
2000/01/01@06:56:04,6398,70.74429
2000/01/01@06:56:05,6399,70.71642
2000/01/01@06:56:06,6400,70.689288
2000/01/01@06:56:07,6401,70.61339
2000/01/01@06:56:08,6402,70.57941
2000/01/01@06:56:09,6403,70.52759
2000/01/01@06:56:10,6404,70.517424
2000/01/01@06:56:11,6405,70.4754
2000/01/01@06:56:13,6407,70.42886
2000/01/01@06:56:14,6408,70.38129
2000/01/01@06:56:15,6409,70.33372
2000/01/01@06:56:16,6410,70.28049
2000/01/01@06:56:17,6411,70.22865
2000/01/01@06:56:18,6412,70.21618
2000/01/01@06:56:19,6413,70.138856
2000/01/01@06:56:20,6414,70.082568
2000/01/01@06:56:21,6415,70.04964
2000/01/01@06:56:22,6416,70.033192
2000/01/01@06:56:23,6417,69.926
2000/01/01@06:56:24,6418,69.87909
2000/01/01@06:56:26,6420,69.82325
2000/01/01@06:56:27,6421,69.80816
2000/01/01@06:56:28,6422,69.74795
2000/01/01@06:56:29,6423,69.69509
2000/01/01@06:56:30,6424,69.680952
2000/01/01@06:56:31,6425,69.6275
2000/01/01@06:56:32,6426,69.62343
2000/01/01@06:56:33,6427,69.59116
2000/01/01@06:56:34,6428,69.534352
2000/01/01@06:56:35,6429,69.536808
2000/01/01@06:56:36,6430,69.46797
2000/01/01@06:56:37,6431,69.42619
2000/01/01@06:56:39,6433,69.39749
2000/01/01@06:56:40,6434,69.3604
2000/01/01@06:56:41,6435,69.31289
2000/01/01@06:56:42,6436,69.256616
2000/01/01@06:56:43,6437,69.23608
2000/01/01@06:56:44,6438,69.18629
2000/01/01@06:56:45,6439,69.14287
2000/01/01@06:56:46,6440,69.10406
2000/01/01@06:56:47,6441,69.065608
2000/01/01@06:56:48,6442,69.01521
2000/01/01@06:56:49,6443,69.00806
2000/01/01@06:56:50,6444,68.95908
2000/01/01@06:56:52,6446,68.94785
2000/01/01@06:56:53,6447,68.89477
2000/01/01@06:56:54,6448,68.85917
2000/01/01@06:56:55,6449,68.82773
2000/01/01@06:56:56,6450,68.78636
2000/01/01@06:56:57,6451,68.77699
2000/01/01@06:56:58,6452,68.72683
2000/01/01@06:56:59,6453,68.68729
2000/01/01@06:57:00,6454,68.66036
2000/01/01@06:57:01,6455,68.63456
2000/01/01@06:57:02,6456,68.58877
2000/01/01@06:57:03,6457,68.56982
2000/01/01@06:57:05,6459,68.51407
2000/01/01@06:57:06,6460,68.47912
2000/01/01@06:57:07,6461,68.43182
2000/01/01@06:57:08,6462,68.39904
2000/01/01@06:57:09,6463,68.375464
2000/01/01@06:57:10,6464,68.33582
2000/01/01@06:57:11,6465,68.32595
2000/01/01@06:57:12,6466,68.27881
2000/01/01@06:57:13,6467,68.25137
2000/01/01@06:57:14,6468,68.2041
2000/01/01@06:57:15,6469,68.14156
2000/01/01@06:57:16,6470,68.11376
2000/01/01@06:57:18,6472,68.08389
2000/01/01@06:57:19,6473,68.08075
2000/01/01@06:57:20,6474,68.03229
2000/01/01@06:57:21,6475,68.00107
2000/01/01@06:57:22,6476,67.9708
2000/01/01@06:57:23,6477,67.934072
2000/01/01@06:57:24,6478,67.913704
2000/01/01@06:57:25,6479,67.86441
2000/01/01@06:57:26,6480,67.84617
2000/01/01@06:57:27,6481,67.79097
2000/01/01@06:57:28,6482,67.76783
2000/01/01@06:57:29,6483,67.73259
2000/01/01@06:57:31,6485,67.69624
2000/01/01@06:57:32,6486,67.686488
2000/01/01@06:57:33,6487,67.66157
2000/01/01@06:57:34,6488,67.6233
2000/01/01@06:57:35,6489,67.54323
2000/01/01@06:57:36,6490,67.51497
2000/01/01@06:57:37,6491,67.47691
2000/01/01@06:57:38,6492,67.459016
2000/01/01@06:57:39,6493,67.4201
2000/01/01@06:57:40,6494,67.35878
2000/01/01@06:57:41,6495,67.36315
2000/01/01@06:57:42,6496,67.32093
2000/01/01@06:57:44,6498,67.28778
2000/01/01@06:57:45,6499,67.230448
2000/01/01@06:57:46,6500,67.2146
2000/01/01@06:57:47,6501,67.17662
2000/01/01@06:57:48,6502,67.14458
2000/01/01@06:57:49,6503,67.13016
2000/01/01@06:57:50,6504,67.0932
2000/01/01@06:57:51,6505,67.050316
2000/01/01@06:57:52,6506,67.0046
2000/01/01@06:57:53,6507,66.96919
2000/01/01@06:57:54,6508,66.93663
2000/01/01@06:57:55,6509,66.90778
2000/01/01@06:57:57,6511,66.854832
2000/01/01@06:57:58,6512,66.81268
2000/01/01@06:57:59,6513,66.79577
2000/01/01@06:58:00,6514,66.75048
2000/01/01@06:58:01,6515,66.704384
2000/01/01@06:58:02,6516,66.68172
2000/01/01@06:58:03,6517,66.660576
2000/01/01@06:58:04,6518,66.60616
2000/01/01@06:58:05,6519,66.62959
2000/01/01@06:58:06,6520,66.56372
2000/01/01@06:58:07,6521,66.498
2000/01/01@06:58:08,6522,66.49665
2000/01/01@06:58:10,6524,66.439708
2000/01/01@06:58:11,6525,66.45902
2000/01/01@06:58:12,6526,66.38924
2000/01/01@06:58:13,6527,66.351036
2000/01/01@06:58:14,6528,66.335232
2000/01/01@06:58:15,6529,66.31622
2000/01/01@06:58:16,6530,66.25889
2000/01/01@06:58:17,6531,66.23947
2000/01/01@06:58:18,6532,66.179052
2000/01/01@06:58:19,6533,66.17087
2000/01/01@06:58:20,6534,66.099208
2000/01/01@06:58:21,6535,66.088936
2000/01/01@06:58:23,6537,66.08931
2000/01/01@06:58:24,6538,66.01325
2000/01/01@06:58:25,6539,65.96642
2000/01/01@06:58:26,6540,65.92888
2000/01/01@06:58:27,6541,65.91748
2000/01/01@06:58:28,6542,65.874952
2000/01/01@06:58:29,6543,65.83482
2000/01/01@06:58:30,6544,65.785448
2000/01/01@06:58:31,6545,65.774216
2000/01/01@06:58:32,6546,65.729324
2000/01/01@06:58:33,6547,65.678024
2000/01/01@06:58:34,6548,65.66272
2000/01/01@06:58:36,6550,65.587392
2000/01/01@06:58:37,6551,65.57857
2000/01/01@06:58:38,6552,65.515948
2000/01/01@06:58:39,6553,65.51535
2000/01/01@06:58:40,6554,65.46799
2000/01/01@06:58:41,6555,65.4117
2000/01/01@06:58:42,6556,65.383832
2000/01/01@06:58:43,6557,65.31373
2000/01/01@06:58:44,6558,65.30765
2000/01/01@06:58:45,6559,65.27403
2000/01/01@06:58:46,6560,65.22681
2000/01/01@06:58:47,6561,65.20444
2000/01/01@06:58:49,6563,65.18481
2000/01/01@06:58:50,6564,65.10943
2000/01/01@06:58:51,6565,65.08601
2000/01/01@06:58:52,6566,65.06057
2000/01/01@06:58:53,6567,65.024608
2000/01/01@06:58:54,6568,64.986752
2000/01/01@06:58:55,6569,64.95575
2000/01/01@06:58:56,6570,64.92036
2000/01/01@06:58:57,6571,64.86334
2000/01/01@06:58:58,6572,64.83025
2000/01/01@06:58:59,6573,64.81114
2000/01/01@06:59:00,6574,64.79566
2000/01/01@06:59:02,6576,64.7573
2000/01/01@06:59:03,6577,64.68736
2000/01/01@06:59:04,6578,64.70549
2000/01/01@06:59:05,6579,64.6721
2000/01/01@06:59:06,6580,64.63077
2000/01/01@06:59:07,6581,64.59166
2000/01/01@06:59:08,6582,64.553444
2000/01/01@06:59:09,6583,64.494968
2000/01/01@06:59:10,6584,64.51316
2000/01/01@06:59:11,6585,64.47882
2000/01/01@06:59:12,6586,64.42246
2000/01/01@06:59:13,6587,64.35687
2000/01/01@06:59:14,6588,64.3643
2000/01/01@06:59:16,6590,64.30381
2000/01/01@06:59:17,6591,64.30193
2000/01/01@06:59:18,6592,64.25153
2000/01/01@06:59:19,6593,64.235084
2000/01/01@06:59:20,6594,64.21784
2000/01/01@06:59:21,6595,64.184524
2000/01/01@06:59:22,6596,64.148796
2000/01/01@06:59:23,6597,64.137692
2000/01/01@06:59:24,6598,64.08193
2000/01/01@06:59:25,6599,64.092448
2000/01/01@06:59:26,6600,63.995101
2000/01/01@06:59:27,6601,63.971004
2000/01/01@06:59:29,6603,63.94744
2000/01/01@06:59:30,6604,63.929448
2000/01/01@06:59:31,6605,63.923948
2000/01/01@06:59:32,6606,63.864104
2000/01/01@06:59:33,6607,63.792588
2000/01/01@06:59:34,6608,63.802772
2000/01/01@06:59:35,6609,63.771904
2000/01/01@06:59:36,6610,63.738964
2000/01/01@06:59:37,6611,63.700824
2000/01/01@06:59:38,6612,63.639572
2000/01/01@06:59:39,6613,63.63765
2000/01/01@06:59:41,6615,63.625676
2000/01/01@06:59:42,6616,63.583232
2000/01/01@06:59:43,6617,63.550656
2000/01/01@06:59:44,6618,63.529188
2000/01/01@06:59:45,6619,63.527028
2000/01/01@06:59:46,6620,63.433052
2000/01/01@06:59:47,6621,63.40813
2000/01/01@06:59:48,6622,63.38865
2000/01/01@06:59:49,6623,63.384876
2000/01/01@06:59:50,6624,63.36999
2000/01/01@06:59:51,6625,63.314088
2000/01/01@06:59:52,6626,63.300704
2000/01/01@06:59:54,6627,63.276468
2000/01/01@06:59:55,6629,63.237648
2000/01/01@06:59:56,6630,63.15697
2000/01/01@06:59:57,6631,63.146496
2000/01/01@06:59:58,6632,63.115344
2000/01/01@06:59:59,6633,63.11022
2000/01/01@07:00:00,6634,63.062044
2000/01/01@07:00:01,6635,63.03401
2000/01/01@07:00:02,6636,62.996772
2000/01/01@07:00:03,6637,62.983156
2000/01/01@07:00:04,6638,62.90711
2000/01/01@07:00:05,6639,62.891944
2000/01/01@07:00:07,6641,62.881752
2000/01/01@07:00:08,6642,62.878564
2000/01/01@07:00:09,6643,62.793356
2000/01/01@07:00:10,6644,62.769196
2000/01/01@07:00:11,6645,62.76042
2000/01/01@07:00:12,6646,62.67604
2000/01/01@07:00:13,6647,62.646676
2000/01/01@07:00:14,6648,62.64727
2000/01/01@07:00:15,6649,62.60823
2000/01/01@07:00:16,6650,62.5248236
2000/01/01@07:00:17,6651,62.51524
2000/01/01@07:00:18,6652,62.450028
2000/01/01@07:00:20,6654,62.42527
2000/01/01@07:00:21,6655,62.430252
2000/01/01@07:00:22,6656,62.37791
2000/01/01@07:00:23,6657,62.377684
2000/01/01@07:00:24,6658,62.320064
2000/01/01@07:00:25,6659,62.27232
2000/01/01@07:00:26,6660,62.264236
2000/01/01@07:00:27,6661,62.184324
2000/01/01@07:00:28,6662,62.178204
2000/01/01@07:00:29,6663,62.13605
2000/01/01@07:00:30,6664,62.11694
2000/01/01@07:00:31,6665,62.117768
2000/01/01@07:00:33,6667,62.084316
2000/01/01@07:00:34,6668,61.995472
2000/01/01@07:00:35,6669,61.979556
2000/01/01@07:00:36,6670,61.96713
2000/01/01@07:00:37,6671,61.92245
2000/01/01@07:00:38,6672,61.872804
2000/01/01@07:00:39,6673,61.842824
2000/01/01@07:00:40,6674,61.811476
2000/01/01@07:00:41,6675,61.7858
2000/01/01@07:00:42,6676,61.7808
2000/01/01@07:00:43,6677,61.712296
2000/01/01@07:00:44,6678,61.71591
2000/01/01@07:00:46,6680,61.669236
2000/01/01@07:00:47,6681,61.625744
2000/01/01@07:00:48,6682,61.607676
2000/01/01@07:00:49,6683,61.560752
2000/01/01@07:00:50,6684,61.545372
2000/01/01@07:00:51,6685,61.474064
2000/01/01@07:00:52,6686,61.460988
2000/01/01@07:00:53,6687,61.436364
2000/01/01@07:00:54,6688,61.40291
2000/01/01@07:00:55,6689,61.36297
2000/01/01@07:00:56,6690,61.346188
2000/01/01@07:00:57,6691,61.33623
2000/01/01@07:00:59,6693,61.2847
2000/01/01@07:01:00,6694,61.26658
2000/01/01@07:01:01,6695,61.22403
2000/01/01@07:01:02,6696,61.226036
2000/01/01@07:01:03,6697,61.15168
2000/01/01@07:01:04,6698,61.124636
2000/01/01@07:01:05,6699,61.10969
2000/01/01@07:01:06,6700,61.062924
2000/01/01@07:01:07,6701,61.048416
2000/01/01@07:01:08,6702,60.99547
2000/01/01@07:01:09,6703,60.982176
2000/01/01@07:01:10,6704,60.967216
2000/01/01@07:01:12,6706,60.929824
2000/01/01@07:01:13,6707,60.919784
2000/01/01@07:01:14,6708,60.862988
2000/01/01@07:01:15,6709,60.867232
2000/01/01@07:01:16,6710,60.79206
2000/01/01@07:01:17,6711,60.78158
2000/01/01@07:01:18,6712,60.76775
2000/01/01@07:01:19,6713,60.693412
2000/01/01@07:01:20,6714,60.7
2000/01/01@07:01:21,6715,60.63616
2000/01/01@07:01:22,6716,60.6224036
2000/01/01@07:01:24,6718,60.55541
2000/01/01@07:01:25,6719,60.53275
2000/01/01@07:01:26,6720,60.516964
2000/01/01@07:01:27,6721,60.47505
2000/01/01@07:01:28,6722,60.445224
2000/01/01@07:01:29,6723,60.4375
2000/01/01@07:01:30,6724,60.41296
2000/01/01@07:01:31,6725,60.393992
2000/01/01@07:01:32,6726,60.334156
2000/01/01@07:01:33,6727,60.304412
2000/01/01@07:01:34,6728,60.313244
2000/01/01@07:01:35,6729,60.232356
2000/01/01@07:01:37,6731,60.158252
2000/01/01@07:01:38,6732,60.17533
2000/01/01@07:01:39,6733,60.1337
2000/01/01@07:01:40,6734,60.104776
2000/01/01@07:01:41,6735,60.05868
2000/01/01@07:01:42,6736,60.027856
2000/01/01@07:01:43,6737,59.988356
2000/01/01@07:01:44,6738,59.962704
2000/01/01@07:01:45,6739,59.95483
2000/01/01@07:01:46,6740,59.93164
2000/01/01@07:01:47,6741,59.896524
2000/01/01@07:01:48,6742,59.896984
2000/01/01@07:01:50,6744,59.849692
2000/01/01@07:01:51,6745,59.816464
2000/01/01@07:01:52,6746,59.79334
2000/01/01@07:01:53,6747,59.727016
2000/01/01@07:01:54,6748,59.717648
2000/01/01@07:01:55,6749,59.684728
2000/01/01@07:01:56,6750,59.641512
2000/01/01@07:01:57,6751,59.60375
2000/01/01@07:01:58,6752,59.55335
2000/01/01@07:01:59,6753,59.488076
2000/01/01@07:02:00,6754,59.49082
2000/01/01@07:02:01,6755,59.46608
2000/01/01@07:02:03,6757,59.41609
2000/01/01@07:02:04,6758,59.426008
2000/01/01@07:02:05,6759,59.37343
2000/01/01@07:02:06,6760,59.315352
2000/01/01@07:02:07,6761,59.3016
2000/01/01@07:02:08,6762,59.29782
2000/01/01@07:02:09,6763,59.235884
2000/01/01@07:02:10,6764,59.241388
2000/01/01@07:02:11,6765,59.21788
2000/01/01@07:02:12,6766,59.178544
2000/01/01@07:02:13,6767,59.152156
2000/01/01@07:02:14,6768,59.109868
2000/01/01@07:02:16,6770,59.08124
2000/01/01@07:02:17,6771,59.066356
2000/01/01@07:02:18,6772,59.019064
2000/01/01@07:02:19,6773,58.963696
2000/01/01@07:02:20,6774,58.939756
2000/01/01@07:02:21,6775,58.929856
2000/01/01@07:02:22,6776,58.868964
2000/01/01@07:02:23,6777,58.859832
2000/01/01@07:02:24,6778,58.83543
2000/01/01@07:02:25,6779,58.807716
2000/01/01@07:02:26,6780,58.77084
2000/01/01@07:02:28,6781,58.76601
2000/01/01@07:02:29,6783,58.718056
2000/01/01@07:02:30,6784,58.705576
2000/01/01@07:02:31,6785,58.65709
2000/01/01@07:02:32,6786,58.6150768
2000/01/01@07:02:33,6787,58.63717
2000/01/01@07:02:34,6788,58.585936
2000/01/01@07:02:35,6789,58.557844
2000/01/01@07:02:36,6790,58.492044
2000/01/01@07:02:37,6791,58.50919
2000/01/01@07:02:38,6792,58.46704
2000/01/01@07:02:39,6793,58.434696
2000/01/01@07:02:41,6795,58.41485
2000/01/01@07:02:42,6796,58.396116
2000/01/01@07:02:43,6797,58.348244
2000/01/01@07:02:44,6798,58.309316
2000/01/01@07:02:45,6799,58.272324
2000/01/01@07:02:46,6800,58.254344
2000/01/01@07:02:47,6801,58.230988
2000/01/01@07:02:48,6802,58.23002
2000/01/01@07:02:49,6803,58.188616
2000/01/01@07:02:50,6804,58.155292
2000/01/01@07:02:51,6805,58.13091
2000/01/01@07:02:52,6806,58.102732
2000/01/01@07:02:54,6808,58.069948
2000/01/01@07:02:55,6809,58.050988
2000/01/01@07:02:56,6810,58.045932
2000/01/01@07:02:57,6811,58.021924
2000/01/01@07:02:58,6812,57.956124
2000/01/01@07:02:59,6813,57.89493
2000/01/01@07:03:00,6814,57.91397
2000/01/01@07:03:01,6815,57.879744
2000/01/01@07:03:02,6816,57.833296
2000/01/01@07:03:03,6817,57.81887
2000/01/01@07:03:04,6818,57.75708
2000/01/01@07:03:05,6819,57.752316
2000/01/01@07:03:07,6821,57.724504
2000/01/01@07:03:08,6822,57.69075
2000/01/01@07:03:09,6823,57.66235
2000/01/01@07:03:10,6824,57.63501
2000/01/01@07:03:11,6825,57.577896
2000/01/01@07:03:12,6826,57.59241
2000/01/01@07:03:13,6827,57.559756
2000/01/01@07:03:14,6828,57.564144
2000/01/01@07:03:15,6829,57.521768
2000/01/01@07:03:16,6830,57.442228
2000/01/01@07:03:17,6831,57.41829
2000/01/01@07:03:18,6832,57.4137432
2000/01/01@07:03:20,6834,57.360948
2000/01/01@07:03:21,6835,57.31389
2000/01/01@07:03:22,6836,57.300972
2000/01/01@07:03:23,6837,57.276264
2000/01/01@07:03:24,6838,57.25239
2000/01/01@07:03:25,6839,57.24691
2000/01/01@07:03:26,6840,57.23503
2000/01/01@07:03:27,6841,57.18631
2000/01/01@07:03:28,6842,57.158416
2000/01/01@07:03:29,6843,57.135324
2000/01/01@07:03:30,6844,57.073832
2000/01/01@07:03:32,6845,57.069072
2000/01/01@07:03:33,6847,57.007444
2000/01/01@07:03:34,6848,56.965876
2000/01/01@07:03:35,6849,56.913612
2000/01/01@07:03:36,6850,56.928184
2000/01/01@07:03:37,6851,56.91405
2000/01/01@07:03:38,6852,56.832572
2000/01/01@07:03:39,6853,56.84541
2000/01/01@07:03:40,6854,56.79546
2000/01/01@07:03:41,6855,56.80574
2000/01/01@07:03:42,6856,56.734876
2000/01/01@07:03:43,6857,56.734656
2000/01/01@07:03:45,6859,56.6835068
2000/01/01@07:03:46,6860,56.666176
2000/01/01@07:03:47,6861,56.645296
2000/01/01@07:03:48,6862,56.60522
2000/01/01@07:03:49,6863,56.60917
2000/01/01@07:03:50,6864,56.584916
2000/01/01@07:03:51,6865,56.542168
2000/01/01@07:03:52,6866,56.49815
2000/01/01@07:03:53,6867,56.470412
2000/01/01@07:03:54,6868,56.437044
2000/01/01@07:03:55,6869,56.41579
2000/01/01@07:03:56,6870,56.372432
2000/01/01@07:03:58,6872,56.3766
2000/01/01@07:03:59,6873,56.355976
2000/01/01@07:04:00,6874,56.304688
2000/01/01@07:04:01,6875,56.297936
2000/01/01@07:04:02,6876,56.236008
2000/01/01@07:04:03,6877,56.211844
2000/01/01@07:04:04,6878,56.192276
2000/01/01@07:04:05,6879,56.16917
2000/01/01@07:04:06,6880,56.146484
2000/01/01@07:04:07,6881,56.10767
2000/01/01@07:04:08,6882,56.083952
2000/01/01@07:04:09,6883,56.049224
2000/01/01@07:04:11,6885,56.027604
2000/01/01@07:04:12,6886,56.008256
2000/01/01@07:04:13,6887,55.96664
2000/01/01@07:04:14,6888,55.959773
2000/01/01@07:04:15,6889,55.899036
2000/01/01@07:04:16,6890,55.888616
2000/01/01@07:04:17,6891,55.84647
2000/01/01@07:04:18,6892,55.82718
2000/01/01@07:04:19,6893,55.808468
2000/01/01@07:04:20,6894,55.785136
2000/01/01@07:04:21,6895,55.740176
2000/01/01@07:04:22,6896,55.725136
2000/01/01@07:04:24,6898,55.70708
2000/01/01@07:04:25,6899,55.65451
2000/01/01@07:04:26,6900,55.662844
2000/01/01@07:04:27,6901,55.591446
2000/01/01@07:04:28,6902,55.59295
2000/01/01@07:04:29,6903,55.56915
2000/01/01@07:04:30,6904,55.545664
2000/01/01@07:04:31,6905,55.47754
2000/01/01@07:04:32,6906,55.484324
2000/01/01@07:04:33,6907,55.472564
2000/01/01@07:04:34,6908,55.380304
2000/01/01@07:04:36,6909,55.36188
2000/01/01@07:04:37,6911,55.344068
2000/01/01@07:04:38,6912,55.307792
2000/01/01@07:04:39,6913,55.307736
2000/01/01@07:04:40,6914,55.26142
2000/01/01@07:04:41,6915,55.26699
2000/01/01@07:04:42,6916,55.22417
2000/01/01@07:04:43,6917,55.18022
2000/01/01@07:04:44,6918,55.162316
2000/01/01@07:04:45,6919,55.153236
2000/01/01@07:04:46,6920,55.096284
2000/01/01@07:04:47,6921,55.089656
2000/01/01@07:04:49,6923,55.037612
2000/01/01@07:04:50,6924,55.03814
2000/01/01@07:04:51,6925,54.990776
2000/01/01@07:04:52,6926,54.99107
2000/01/01@07:04:53,6927,54.970848
2000/01/01@07:04:54,6928,54.93285
2000/01/01@07:04:55,6929,54.909584
2000/01/01@07:04:56,6930,54.863192
2000/01/01@07:04:57,6931,54.85352
2000/01/01@07:04:58,6932,54.78833
2000/01/01@07:04:59,6933,54.812256
2000/01/01@07:05:00,6934,54.729224
2000/01/01@07:05:02,6936,54.688248
2000/01/01@07:05:03,6937,54.66452
2000/01/01@07:05:04,6938,54.631884
2000/01/01@07:05:05,6939,54.62621
2000/01/01@07:05:06,6940,54.594044
2000/01/01@07:05:07,6941,54.594044
2000/01/01@07:05:08,6942,54.53294
2000/01/01@07:05:09,6943,54.51834
2000/01/01@07:05:10,6944,54.4771
2000/01/01@07:05:11,6945,54.46214
2000/01/01@07:05:12,6946,54.449448
2000/01/01@07:05:13,6947,54.391588
2000/01/01@07:05:15,6949,54.383044
2000/01/01@07:05:16,6950,54.340444
2000/01/01@07:05:17,6951,54.340444
2000/01/01@07:05:18,6952,54.2754
2000/01/01@07:05:19,6953,54.293686
2000/01/01@07:05:20,6954,54.227964
2000/01/01@07:05:21,6955,54.23249
2000/01/01@07:05:22,6956,54.204396
2000/01/01@07:05:23,6957,54.16179
2000/01/01@07:05:24,6958,54.150916
2000/01/01@07:05:25,6959,54.100084
2000/01/01@07:05:26,6960,54.086012
2000/01/01@07:05:28,6962,54.05671
2000/01/01@07:05:29,6963,54.052264
2000/01/01@07:05:30,6964,54.009728
2000/01/01@07:05:31,6965,53.9771
2000/01/01@07:05:32,6966,53.929216
2000/01/01@07:05:33,6967,53.943936
2000/01/01@07:05:34,6968,53.91509
2000/01/01@07:05:35,6969,53.86462
2000/01/01@07:05:36,6970,53.82669
2000/01/01@07:05:37,6971,53.810204
2000/01/01@07:05:38,6972,53.778732
2000/01/01@07:05:39,6973,53.760744
2000/01/01@07:05:41,6975,53.755448
2000/01/01@07:05:42,6976,53.71436
2000/01/01@07:05:43,6977,53.665564
2000/01/01@07:05:44,6978,53.62937
2000/01/01@07:05:45,6979,53.6298968
2000/01/01@07:05:46,6980,53.614328
2000/01/01@07:05:47,6981,53.54445
2000/01/01@07:05:48,6982,53.54884
2000/01/01@07:05:49,6983,53.53338
2000/01/01@07:05:50,6984,53.49702
2000/01/01@07:05:51,6985,53.491752
2000/01/01@07:05:53,6987,53.473532
2000/01/01@07:05:54,6988,53.41286
2000/01/01@07:05:55,6989,53.388848
2000/01/01@07:05:56,6990,53.355536
2000/01/01@07:05:57,6991,53.32788
2000/01/01@07:05:58,6992,53.2658
2000/01/01@07:05:59,6993,53.256436
2000/01/01@07:06:00,6994,53.24283
2000/01/01@07:06:01,6995,53.20409
2000/01/01@07:06:02,6996,53.194636
2000/01/01@07:06:03,6997,53.18082
2000/01/01@07:06:04,6998,53.151656
2000/01/01@07:06:06,7000,53.083196
2000/01/01@07:06:07,7001,53.110704
2000/01/01@07:06:08,7002,53.035088
2000/01/01@07:06:09,7003,52.98206
2000/01/01@07:06:10,7004,52.970496
2000/01/01@07:06:11,7005,52.91332
2000/01/01@07:06:12,7006,52.921636
2000/01/01@07:06:13,7007,52.865344
2000/01/01@07:06:14,7008,52.870104
2000/01/01@07:06:15,7009,52.799844
2000/01/01@07:06:16,7010,52.7851232
2000/01/01@07:06:17,7011,52.757336
2000/01/01@07:06:19,7013,52.714788
2000/01/01@07:06:20,7014,52.691896
2000/01/01@07:06:21,7015,52.65874
2000/01/01@07:06:22,7016,52.657
2000/01/01@07:06:23,7017,52.611376
2000/01/01@07:06:24,7018,52.573976
2000/01/01@07:06:25,7019,52.56914
2000/01/01@07:06:26,7020,52.5538136
2000/01/01@07:06:27,7021,52.516884
2000/01/01@07:06:28,7022,52.46459
2000/01/01@07:06:29,7023,52.436572
2000/01/01@07:06:30,7024,52.403564
2000/01/01@07:06:32,7026,52.417084
2000/01/01@07:06:33,7027,52.338208
2000/01/01@07:06:34,7028,52.334436
2000/01/01@07:06:35,7029,52.3092
2000/01/01@07:06:36,7030,52.267888
2000/01/01@07:06:37,7031,52.243792
2000/01/01@07:06:38,7032,52.206388
2000/01/01@07:06:39,7033,52.152696
2000/01/01@07:06:40,7034,52.144308
2000/01/01@07:06:41,7035,52.135388
2000/01/01@07:06:42,7036,52.088548
2000/01/01@07:06:44,7037,52.101716
2000/01/01@07:06:45,7039,52.055764
2000/01/01@07:06:46,7040,52.03219
2000/01/01@07:06:47,7041,51.994264
2000/01/01@07:06:48,7042,51.994204
2000/01/01@07:06:49,7043,51.959756
2000/01/01@07:06:50,7044,51.903996
2000/01/01@07:06:51,7045,51.923564
2000/01/01@07:06:52,7046,51.834424
2000/01/01@07:06:53,7047,51.853592
2000/01/01@07:06:54,7048,51.805416
2000/01/01@07:06:55,7049,51.790616
2000/01/01@07:06:57,7051,51.748244
2000/01/01@07:06:58,7052,51.729716
2000/01/01@07:06:59,7053,51.705724
2000/01/01@07:07:00,7054,51.66378
2000/01/01@07:07:01,7055,51.640724
2000/01/01@07:07:02,7056,51.616492
2000/01/01@07:07:03,7057,51.612936
2000/01/01@07:07:04,7058,51.591608
2000/01/01@07:07:05,7059,51.52974
2000/01/01@07:07:06,7060,51.509884
2000/01/01@07:07:07,7061,51.501712
2000/01/01@07:07:08,7062,51.505896
2000/01/01@07:07:10,7064,51.44967
2000/01/01@07:07:11,7065,51.410396
2000/01/01@07:07:12,7066,51.373744
2000/01/01@07:07:13,7067,51.355088
2000/01/01@07:07:14,7068,51.344672
2000/01/01@07:07:15,7069,51.30803
2000/01/01@07:07:16,7070,51.266984
2000/01/01@07:07:17,7071,51.283796
2000/01/01@07:07:18,7072,51.23399
2000/01/01@07:07:19,7073,51.182464
2000/01/01@07:07:20,7074,51.204464
2000/01/01@07:07:21,7075,51.1637416
2000/01/01@07:07:23,7077,51.16684
2000/01/01@07:07:24,7078,51.110476
2000/01/01@07:07:25,7079,51.092964
2000/01/01@07:07:26,7080,51.077392
2000/01/01@07:07:27,7081,51.022248
2000/01/01@07:07:28,7082,51.02173
2000/01/01@07:07:29,7083,50.985
2000/01/01@07:07:30,7084,50.99287
2000/01/01@07:07:31,7085,50.932192
2000/01/01@07:07:32,7086,50.903724
2000/01/01@07:07:33,7087,50.88112
2000/01/01@07:07:34,7088,50.88188
2000/01/01@07:07:36,7090,50.83332
2000/01/01@07:07:37,7091,50.81609
2000/01/01@07:07:38,7092,50.76826
2000/01/01@07:07:39,7093,50.781496
2000/01/01@07:07:40,7094,50.7151
2000/01/01@07:07:41,7095,50.710864
2000/01/01@07:07:42,7096,50.70603
2000/01/01@07:07:43,7097,50.64543
2000/01/01@07:07:44,7098,50.631904
2000/01/01@07:07:45,7099,50.635776
2000/01/01@07:07:46,7100,50.56068
2000/01/01@07:07:47,7101,50.584544
2000/01/01@07:07:49,7103,50.540584
2000/01/01@07:07:50,7104,50.541348
2000/01/01@07:07:51,7105,50.495624
2000/01/01@07:07:52,7106,50.48
2000/01/01@07:07:53,7107,50.466016
2000/01/01@07:07:54,7108,50.442752
2000/01/01@07:07:55,7109,50.37815
2000/01/01@07:07:56,7110,50.34506
2000/01/01@07:07:57,7111,50.343644
2000/01/01@07:07:58,7112,50.31947
2000/01/01@07:07:59,7113,50.287216
2000/01/01@07:08:00,7114,50.255096
2000/01/01@07:08:02,7116,50.250336
2000/01/01@07:08:03,7117,50.218164
2000/01/01@07:08:04,7118,50.226616
2000/01/01@07:08:05,7119,50.204404
2000/01/01@07:08:06,7120,50.15332
2000/01/01@07:08:07,7121,50.161276
2000/01/01@07:08:08,7122,50.07711
2000/01/01@07:08:09,7123,50.104688
2000/01/01@07:08:10,7124,50.0552
2000/01/01@07:08:11,7125,50.045284
2000/01/01@07:08:12,7126,50.011096
2000/01/01@07:08:13,7127,49.9545068
2000/01/01@07:08:15,7129,49.983288
2000/01/01@07:08:16,7130,49.93862
2000/01/01@07:08:17,7131,49.895572
2000/01/01@07:08:18,7132,49.847168
2000/01/01@07:08:19,7133,49.843056
2000/01/01@07:08:20,7134,49.8154
2000/01/01@07:08:21,7135,49.79327
2000/01/01@07:08:22,7136,49.797108
2000/01/01@07:08:23,7137,49.74559
2000/01/01@07:08:24,7138,49.70881
2000/01/01@07:08:25,7139,49.702248
2000/01/01@07:08:26,7140,49.679288
2000/01/01@07:08:28,7142,49.67459
2000/01/01@07:08:29,7143,49.613936
2000/01/01@07:08:30,7144,49.622548
2000/01/01@07:08:31,7145,49.577292
2000/01/01@07:08:32,7146,49.58205
2000/01/01@07:08:33,7147,49.530224
2000/01/01@07:08:34,7148,49.52039
2000/01/01@07:08:35,7149,49.501364
2000/01/01@07:08:36,7150,49.458176
2000/01/01@07:08:37,7151,49.4308
2000/01/01@07:08:38,7152,49.418324
2000/01/01@07:08:40,7154,49.383736
2000/01/01@07:08:41,7155,49.346348
2000/01/01@07:08:42,7156,49.31668
2000/01/01@07:08:43,7157,49.317276
2000/01/01@07:08:44,7158,49.29558
2000/01/01@07:08:45,7159,49.303672
2000/01/01@07:08:46,7160,49.247996
2000/01/01@07:08:47,7161,49.237648
2000/01/01@07:08:48,7162,49.204112
2000/01/01@07:08:49,7163,49.177128
2000/01/01@07:08:50,7164,49.162408
2000/01/01@07:08:51,7165,49.135112
2000/01/01@07:08:53,7167,49.105816
2000/01/01@07:08:54,7168,49.08753
2000/01/01@07:08:55,7169,49.076804
2000/01/01@07:08:56,7170,49.03095
2000/01/01@07:08:57,7171,49.024696
2000/01/01@07:08:58,7172,49.03095
2000/01/01@07:08:59,7173,48.960704
2000/01/01@07:09:00,7174,48.951464
2000/01/01@07:09:01,7175,48.94061
2000/01/01@07:09:02,7176,48.913936
2000/01/01@07:09:03,7177,48.91704
2000/01/01@07:09:04,7178,48.857864
2000/01/01@07:09:06,7180,48.8569
2000/01/01@07:09:07,7181,48.809384
2000/01/01@07:09:08,7182,48.776816
2000/01/01@07:09:09,7183,48.76744
2000/01/01@07:09:10,7184,48.73912
2000/01/01@07:09:11,7185,48.6973416
2000/01/01@07:09:12,7186,48.721884
2000/01/01@07:09:13,7187,48.666428
2000/01/01@07:09:14,7188,48.641588
2000/01/01@07:09:15,7189,48.61839
2000/01/01@07:09:16,7190,48.58092
2000/01/01@07:09:17,7191,48.56711
2000/01/01@07:09:19,7193,48.553644
2000/01/01@07:09:20,7194,48.515508
2000/01/01@07:09:21,7195,48.514904
2000/01/01@07:09:22,7196,48.4729
2000/01/01@07:09:23,7197,48.463992
2000/01/01@07:09:24,7198,48.425472
2000/01/01@07:09:25,7199,48.412228
2000/01/01@07:09:26,7200,48.38949
2000/01/01@07:09:27,7201,48.365604
2000/01/01@07:09:28,7202,48.336308
2000/01/01@07:09:29,7203,48.317888
2000/01/01@07:09:31,7204,48.27112
2000/01/01@07:09:32,7206,48.21543
2000/01/01@07:09:33,7207,48.21172
2000/01/01@07:09:34,7208,48.197896
2000/01/01@07:09:35,7209,48.136172
2000/01/01@07:09:36,7210,48.129004
2000/01/01@07:09:37,7211,48.083972
2000/01/01@07:09:38,7212,48.06977
2000/01/01@07:09:39,7213,48.041816
2000/01/01@07:09:40,7214,47.9900768
2000/01/01@07:09:41,7215,47.985316
2000/01/01@07:09:42,7216,47.9571384
2000/01/01@07:09:44,7218,47.920116
2000/01/01@07:09:45,7219,47.8578
2000/01/01@07:09:46,7220,47.849264
2000/01/01@07:09:47,7221,47.83499
2000/01/01@07:09:48,7222,47.76917
2000/01/01@07:09:49,7223,47.773116
2000/01/01@07:09:50,7224,47.735184
2000/01/01@07:09:51,7225,47.670236
2000/01/01@07:09:52,7226,47.646952
2000/01/01@07:09:53,7227,47.636836
2000/01/01@07:09:54,7228,47.60985
2000/01/01@07:09:55,7229,47.565432
2000/01/01@07:09:57,7231,47.561064
2000/01/01@07:09:58,7232,47.50077
2000/01/01@07:09:59,7233,47.499492
2000/01/01@07:10:00,7234,47.449464
2000/01/01@07:10:01,7235,47.415716
2000/01/01@07:10:02,7236,47.412236
2000/01/01@07:10:03,7237,47.370748
2000/01/01@07:10:04,7238,47.393272
2000/01/01@07:10:05,7239,47.313636
2000/01/01@07:10:06,7240,47.27222
2000/01/01@07:10:07,7241,47.272152
2000/01/01@07:10:08,7242,47.239364
2000/01/01@07:10:10,7244,47.21573
2000/01/01@07:10:11,7245,47.172536
2000/01/01@07:10:12,7246,47.211636
2000/01/01@07:10:13,7247,47.11774
2000/01/01@07:10:14,7248,47.134824
2000/01/01@07:10:15,7249,47.10249
2000/01/01@07:10:16,7250,47.08376
2000/01/01@07:10:17,7251,47.046364
2000/01/01@07:10:18,7252,47.00487
2000/01/01@07:10:19,7253,46.99906
2000/01/01@07:10:20,7254,46.956768
2000/01/01@07:10:21,7255,46.91544
2000/01/01@07:10:23,7257,46.925016
2000/01/01@07:10:24,7258,46.86345
2000/01/01@07:10:25,7259,46.881976
2000/01/01@07:10:26,7260,46.84041
2000/01/01@07:10:27,7261,46.81601
2000/01/01@07:10:28,7262,46.78927
2000/01/01@07:10:29,7263,46.746808
2000/01/01@07:10:30,7264,46.714176
2000/01/01@07:10:31,7265,46.713656
2000/01/01@07:10:32,7266,46.68978
2000/01/01@07:10:33,7267,46.629272
2000/01/01@07:10:34,7268,46.62034
2000/01/01@07:10:36,7270,46.60577
2000/01/01@07:10:37,7271,46.592236
2000/01/01@07:10:38,7272,46.5532
2000/01/01@07:10:39,7273,46.564744
2000/01/01@07:10:40,7274,46.520632
2000/01/01@07:10:41,7275,46.47461
2000/01/01@07:10:42,7276,46.455948
2000/01/01@07:10:43,7277,46.455272
2000/01/01@07:10:44,7278,46.432316
2000/01/01@07:10:45,7279,46.394972
2000/01/01@07:10:46,7280,46.36243
2000/01/01@07:10:48,7282,46.371408
2000/01/01@07:10:49,7283,46.29285
2000/01/01@07:10:50,7284,46.295948
2000/01/01@07:10:51,7285,46.26353
2000/01/01@07:10:52,7286,46.231896
2000/01/01@07:10:53,7287,46.241396
2000/01/01@07:10:54,7288,46.19432
2000/01/01@07:10:55,7289,46.16056
2000/01/01@07:10:56,7290,46.146516
2000/01/01@07:10:57,7291,46.124812
2000/01/01@07:10:58,7292,46.08569
2000/01/01@07:10:59,7293,46.067564
2000/01/01@07:11:01,7295,46.05261
2000/01/01@07:11:02,7296,46.0152736
2000/01/01@07:11:03,7297,46.021088
2000/01/01@07:11:04,7298,45.972676
2000/01/01@07:11:05,7299,45.951064
2000/01/01@07:11:06,7300,45.968516
2000/01/01@07:11:07,7301,45.892612
2000/01/01@07:11:08,7302,45.88382
2000/01/01@07:11:09,7303,45.861184
2000/01/01@07:11:10,7304,45.84636
2000/01/01@07:11:11,7305,45.841524
2000/01/01@07:11:12,7306,45.79899
2000/01/01@07:11:14,7308,45.747696
2000/01/01@07:11:15,7309,45.742412
2000/01/01@07:11:16,7310,45.70789
2000/01/01@07:11:17,7311,45.710224
2000/01/01@07:11:18,7312,45.667256
2000/01/01@07:11:19,7313,45.659456
2000/01/01@07:11:20,7314,45.629844
2000/01/01@07:11:21,7315,45.606044
2000/01/01@07:11:22,7316,45.5784
2000/01/01@07:11:23,7317,45.561012
2000/01/01@07:11:24,7318,45.55581
2000/01/01@07:11:25,7319,45.560864
2000/01/01@07:11:27,7321,45.52263
2000/01/01@07:11:28,7322,45.51275
2000/01/01@07:11:29,7323,45.456976
2000/01/01@07:11:30,7324,45.45572
2000/01/01@07:11:31,7325,45.414756
2000/01/01@07:11:32,7326,45.42888
2000/01/01@07:11:33,7327,45.349856
2000/01/01@07:11:34,7328,45.34361
2000/01/01@07:11:35,7329,45.354476
2000/01/01@07:11:36,7330,45.336012
2000/01/01@07:11:37,7331,45.268652
2000/01/01@07:11:38,7332,45.26079
2000/01/01@07:11:40,7334,45.241456
2000/01/01@07:11:41,7335,45.236096
2000/01/01@07:11:42,7336,45.20457
2000/01/01@07:11:43,7337,45.166972
2000/01/01@07:11:44,7338,45.13417
2000/01/01@07:11:45,7339,45.146656
2000/01/01@07:11:46,7340,45.08719
2000/01/01@07:11:47,7341,45.041156
2000/01/01@07:11:48,7342,45.02628
2000/01/01@07:11:49,7343,45.002932
2000/01/01@07:11:50,7344,44.98956
2000/01/01@07:11:52,7345,44.995216
2000/01/01@07:11:53,7347,44.941752
2000/01/01@07:11:54,7348,44.90956
2000/01/01@07:11:55,7349,44.923684
2000/01/01@07:11:56,7350,44.86673
2000/01/01@07:11:57,7351,44.863996
2000/01/01@07:11:58,7352,44.857352
2000/01/01@07:11:59,7353,44.810516
2000/01/01@07:12:00,7354,44.8158
2000/01/01@07:12:01,7355,44.78883
2000/01/01@07:12:02,7356,44.802048
2000/01/01@07:12:03,7357,44.73739
2000/01/01@07:12:05,7359,44.71865
2000/01/01@07:12:06,7360,44.690244
2000/01/01@07:12:07,7361,44.646884
2000/01/01@07:12:08,7362,44.652024
2000/01/01@07:12:09,7363,44.62369
2000/01/01@07:12:10,7364,44.619084
2000/01/01@07:12:11,7365,44.5921868
2000/01/01@07:12:12,7366,44.597688
2000/01/01@07:12:13,7367,44.50296
2000/01/01@07:12:14,7368,44.529924
2000/01/01@07:12:15,7369,44.49806
2000/01/01@07:12:16,7370,44.470096
2000/01/01@07:12:18,7372,44.469864
2000/01/01@07:12:19,7373,44.427636
2000/01/01@07:12:20,7374,44.432324
2000/01/01@07:12:21,7375,44.404972
2000/01/01@07:12:22,7376,44.373152
2000/01/01@07:12:23,7377,44.371728
2000/01/01@07:12:24,7378,44.32505
2000/01/01@07:12:25,7379,44.29498
2000/01/01@07:12:26,7380,44.320656
2000/01/01@07:12:27,7381,44.297684
2000/01/01@07:12:28,7382,44.239908
2000/01/01@07:12:29,7383,44.231952
2000/01/01@07:12:31,7385,44.20274
2000/01/01@07:12:32,7386,44.173652
2000/01/01@07:12:33,7387,44.147116
2000/01/01@07:12:34,7388,44.137752
2000/01/01@07:12:35,7389,44.124376
2000/01/01@07:12:36,7390,44.067256
2000/01/01@07:12:37,7391,44.05826
2000/01/01@07:12:38,7392,44.071428
2000/01/01@07:12:39,7393,44.052236
2000/01/01@07:12:40,7394,44.010536
2000/01/01@07:12:41,7395,44.001768
2000/01/01@07:12:42,7396,43.950244
2000/01/01@07:12:44,7398,43.979404
2000/01/01@07:12:45,7399,43.93544
2000/01/01@07:12:46,7400,43.94013
2000/01/01@07:12:47,7401,43.8663136
2000/01/01@07:12:48,7402,43.85619
2000/01/01@07:12:49,7403,43.819244
2000/01/01@07:12:50,7404,43.82324
2000/01/01@07:12:51,7405,43.809432
2000/01/01@07:12:52,7406,43.7912136
2000/01/01@07:12:53,7407,43.716116
2000/01/01@07:12:54,7408,43.696104
2000/01/01@07:12:55,7409,43.67796
2000/01/01@07:12:57,7411,43.709712
2000/01/01@07:12:58,7412,43.64867
2000/01/01@07:12:59,7413,43.62087
2000/01/01@07:13:00,7414,43.6310536
2000/01/01@07:13:01,7415,43.58406
2000/01/01@07:13:02,7416,43.56496
2000/01/01@07:13:03,7417,43.499596
2000/01/01@07:13:04,7418,43.527484
2000/01/01@07:13:05,7419,43.499076
2000/01/01@07:13:06,7420,43.427996
2000/01/01@07:13:07,7421,43.438488
2000/01/01@07:13:09,7423,43.381072
2000/01/01@07:13:10,7424,43.361576
2000/01/01@07:13:11,7425,43.33879
2000/01/01@07:13:12,7426,43.29253
2000/01/01@07:13:13,7427,43.268448
2000/01/01@07:13:14,7428,43.26004
2000/01/01@07:13:15,7429,43.21805
2000/01/01@07:13:16,7430,43.21594
2000/01/01@07:13:17,7431,43.22076
2000/01/01@07:13:18,7432,43.171648
2000/01/01@07:13:19,7433,43.136984
2000/01/01@07:13:20,7434,43.12211
2000/01/01@07:13:22,7436,43.0949032
2000/01/01@07:13:23,7437,43.090596
2000/01/01@07:13:24,7438,43.065908
2000/01/01@07:13:25,7439,43.066044
2000/01/01@07:13:26,7440,43.03484
2000/01/01@07:13:27,7441,43.0181568
2000/01/01@07:13:28,7442,42.991628
2000/01/01@07:13:29,7443,42.908288
2000/01/01@07:13:30,7444,42.930732
2000/01/01@07:13:31,7445,42.893644
2000/01/01@07:13:32,7446,42.870136
2000/01/01@07:13:33,7447,42.856084
2000/01/01@07:13:35,7449,42.84293
2000/01/01@07:13:36,7450,42.793624
2000/01/01@07:13:37,7451,42.791572
2000/01/01@07:13:38,7452,42.74806
2000/01/01@07:13:39,7453,42.73544
2000/01/01@07:13:40,7454,42.677804
2000/01/01@07:13:41,7455,42.711104
2000/01/01@07:13:42,7456,42.64961
2000/01/01@07:13:43,7457,42.63588
2000/01/01@07:13:44,7458,42.61335
2000/01/01@07:13:45,7459,42.56583
2000/01/01@07:13:46,7460,42.570588
2000/01/01@07:13:48,7462,42.505312
2000/01/01@07:13:49,7463,42.51008
2000/01/01@07:13:50,7464,42.51416
2000/01/01@07:13:51,7465,42.466568
2000/01/01@07:13:52,7466,42.4403432
2000/01/01@07:13:53,7467,42.45297
2000/01/01@07:13:54,7468,42.429544
2000/01/01@07:13:55,7469,42.40642
2000/01/01@07:13:56,7470,42.373116
2000/01/01@07:13:57,7471,42.33646
2000/01/01@07:13:58,7472,42.340312
2000/01/01@07:13:59,7473,42.298916
2000/01/01@07:14:01,7475,42.279796
2000/01/01@07:14:02,7476,42.245976
2000/01/01@07:14:03,7477,42.247324
2000/01/01@07:14:04,7478,42.194524
2000/01/01@07:14:05,7479,42.195036
2000/01/01@07:14:06,7480,42.166788
2000/01/01@07:14:07,7481,42.148804
2000/01/01@07:14:08,7482,42.120772
2000/01/01@07:14:09,7483,42.11949
2000/01/01@07:14:10,7484,42.058904
2000/01/01@07:14:11,7485,42.073032
2000/01/01@07:14:12,7486,42.040244
2000/01/01@07:14:14,7488,42.01848
2000/01/01@07:14:15,7489,41.966884
2000/01/01@07:14:16,7490,41.961136
2000/01/01@07:14:17,7491,41.95721
2000/01/01@07:14:18,7492,41.92917
2000/01/01@07:14:19,7493,41.90123
2000/01/01@07:14:20,7494,41.88234
2000/01/01@07:14:21,7495,41.839892
2000/01/01@07:14:22,7496,41.826716
2000/01/01@07:14:23,7497,41.83098
2000/01/01@07:14:24,7498,41.821896
2000/01/01@07:14:26,7500,41.793348
2000/01/01@07:14:27,7501,41.732156
2000/01/01@07:14:28,7502,41.75089
2000/01/01@07:14:29,7503,41.713936
2000/01/01@07:14:30,7504,41.700628
2000/01/01@07:14:31,7505,41.666868
2000/01/01@07:14:32,7506,41.6385468
2000/01/01@07:14:33,7507,41.644256
2000/01/01@07:14:34,7508,41.58791
2000/01/01@07:14:35,7509,41.573116
2000/01/01@07:14:36,7510,41.535276
2000/01/01@07:14:37,7511,41.51215
2000/01/01@07:14:39,7513,41.4653
2000/01/01@07:14:40,7514,41.446864
2000/01/01@07:14:41,7515,41.42412
2000/01/01@07:14:42,7516,41.38597
2000/01/01@07:14:43,7517,41.358556
2000/01/01@07:14:44,7518,41.35453
2000/01/01@07:14:45,7519,41.316172
2000/01/01@07:14:46,7520,41.311404
2000/01/01@07:14:47,7521,41.29841
2000/01/01@07:14:48,7522,41.241288
2000/01/01@07:14:49,7523,41.24629
2000/01/01@07:14:50,7524,41.218456
2000/01/01@07:14:52,7526,41.200332
2000/01/01@07:14:53,7527,41.162636
2000/01/01@07:14:54,7528,41.15915
2000/01/01@07:14:55,7529,41.11224
2000/01/01@07:14:56,7530,41.08868
2000/01/01@07:14:57,7531,41.045304
2000/01/01@07:14:58,7532,41.031864
2000/01/01@07:14:59,7533,40.95715
2000/01/01@07:15:00,7534,40.980656
2000/01/01@07:15:01,7535,40.9538
2000/01/01@07:15:02,7536,40.90161
2000/01/01@07:15:03,7537,40.89579
2000/01/01@07:15:05,7539,40.878344
2000/01/01@07:15:06,7540,40.859608
2000/01/01@07:15:07,7541,40.84041
2000/01/01@07:15:08,7542,40.836404
2000/01/01@07:15:09,7543,40.767636
2000/01/01@07:15:10,7544,40.733648
2000/01/01@07:15:11,7545,40.700284
2000/01/01@07:15:12,7546,40.672696
2000/01/01@07:15:13,7547,40.67655
2000/01/01@07:15:14,7548,40.64398
2000/01/01@07:15:15,7549,40.639088
2000/01/01@07:15:16,7550,40.613372
2000/01/01@07:15:18,7552,40.615876
2000/01/01@07:15:19,7553,40.60318
2000/01/01@07:15:20,7554,40.55625
2000/01/01@07:15:21,7555,40.513572
2000/01/01@07:15:22,7556,40.49499
2000/01/01@07:15:23,7557,40.510168
2000/01/01@07:15:24,7558,40.429788
2000/01/01@07:15:25,7559,40.444748
2000/01/01@07:15:26,7560,40.3929
2000/01/01@07:15:27,7561,40.38928
2000/01/01@07:15:28,7562,40.366092
2000/01/01@07:15:29,7563,40.337384
2000/01/01@07:15:31,7565,40.298572
2000/01/01@07:15:32,7566,40.25579
2000/01/01@07:15:33,7567,40.263116
2000/01/01@07:15:34,7568,40.23366
2000/01/01@07:15:35,7569,40.2052436
2000/01/01@07:15:36,7570,40.178192
2000/01/01@07:15:37,7571,40.173896
2000/01/01@07:15:38,7572,40.13582
2000/01/01@07:15:39,7573,40.117
2000/01/01@07:15:40,7574,40.09954
2000/01/01@07:15:41,7575,40.051436
2000/01/01@07:15:43,7577,40.014472
2000/01/01@07:15:44,7578,39.996124
2000/01/01@07:15:45,7579,40.00126
2000/01/01@07:15:46,7580,39.995372
2000/01/01@07:15:47,7581,39.9396832
2000/01/01@07:15:48,7582,39.93687
2000/01/01@07:15:49,7583,39.913244
2000/01/01@07:15:50,7584,39.884532
2000/01/01@07:15:51,7585,39.884904
2000/01/01@07:15:52,7586,39.83293
2000/01/01@07:15:53,7587,39.828556
2000/01/01@07:15:54,7588,39.814936
2000/01/01@07:15:56,7590,39.763572
2000/01/01@07:15:57,7591,39.772716
2000/01/01@07:15:58,7592,39.724452
2000/01/01@07:15:59,7593,39.72452
2000/01/01@07:16:00,7594,39.701472
2000/01/01@07:16:01,7595,39.69495
2000/01/01@07:16:02,7596,39.656656
2000/01/01@07:16:03,7597,39.63837
2000/01/01@07:16:04,7598,39.5972
2000/01/01@07:16:05,7599,39.567064
2000/01/01@07:16:06,7600,39.55746
2000/01/01@07:16:07,7601,39.539624
2000/01/01@07:16:09,7603,39.53547
2000/01/01@07:16:10,7604,39.512432
2000/01/01@07:16:11,7605,39.521652
2000/01/01@07:16:12,7606,39.455324
2000/01/01@07:16:13,7607,39.446256
2000/01/01@07:16:14,7608,39.432716
2000/01/01@07:16:15,7609,39.40357
2000/01/01@07:16:16,7610,39.404624
2000/01/01@07:16:17,7611,39.366624
2000/01/01@07:16:18,7612,39.330724
2000/01/01@07:16:19,7613,39.326416
2000/01/01@07:16:20,7614,39.308204
2000/01/01@07:16:22,7616,39.299284
2000/01/01@07:16:23,7617,39.256296
2000/01/01@07:16:24,7618,39.233036
2000/01/01@07:16:25,7619,39.22412
2000/01/01@07:16:26,7620,39.18664
2000/01/01@07:16:27,7621,39.180976
2000/01/01@07:16:28,7622,39.1361568
2000/01/01@07:16:29,7623,39.16389
2000/01/01@07:16:30,7624,39.1123616
2000/01/01@07:16:31,7625,39.093628
2000/01/01@07:16:32,7626,39.09438
2000/01/01@07:16:33,7627,39.052296
2000/01/01@07:16:35,7629,39.033424
2000/01/01@07:16:36,7630,39.00479
2000/01/01@07:16:37,7631,39.000552
2000/01/01@07:16:38,7632,39.010056
2000/01/01@07:16:39,7633,38.987636
2000/01/01@07:16:40,7634,38.922056
2000/01/01@07:16:41,7635,38.93497
2000/01/01@07:16:42,7636,38.896836
2000/01/01@07:16:43,7637,38.86168
2000/01/01@07:16:44,7638,38.84286
2000/01/01@07:16:45,7639,38.822256
2000/01/01@07:16:46,7640,38.80282
2000/01/01@07:16:48,7642,38.781532
2000/01/01@07:16:49,7643,38.73921
2000/01/01@07:16:50,7644,38.72583
2000/01/01@07:16:51,7645,38.716692
2000/01/01@07:16:52,7646,38.680196
2000/01/01@07:16:53,7647,38.68799
2000/01/01@07:16:54,7648,38.658348
2000/01/01@07:16:55,7649,38.6323
2000/01/01@07:16:56,7650,38.61387
2000/01/01@07:16:57,7651,38.55229
2000/01/01@07:16:58,7652,38.539516
2000/01/01@07:16:59,7653,38.54853
2000/01/01@07:17:01,7655,38.477208
2000/01/01@07:17:02,7656,38.50445
2000/01/01@07:17:03,7657,38.436336
2000/01/01@07:17:04,7658,38.436336
2000/01/01@07:17:05,7659,38.4256832
2000/01/01@07:17:06,7660,38.427996
2000/01/01@07:17:07,7661,38.376256
2000/01/01@07:17:08,7662,38.366964
2000/01/01@07:17:09,7663,38.352684
2000/01/01@07:17:10,7664,38.347696
2000/01/01@07:17:11,7665,38.30584
2000/01/01@07:17:13,7667,38.329192
2000/01/01@07:17:14,7668,38.259016
2000/01/01@07:17:15,7669,38.286728
2000/01/01@07:17:16,7670,38.215284
2000/01/01@07:17:17,7671,38.198784
2000/01/01@07:17:18,7672,38.19313
2000/01/01@07:17:19,7673,38.160264
2000/01/01@07:17:20,7674,38.123156
2000/01/01@07:17:21,7675,38.132372
2000/01/01@07:17:22,7676,38.081224
2000/01/01@07:17:23,7677,38.12399
2000/01/01@07:17:24,7678,38.043004
2000/01/01@07:17:26,7680,38.03371
2000/01/01@07:17:27,7681,38.01468
2000/01/01@07:17:28,7682,38.0061336
2000/01/01@07:17:29,7683,38.006736
2000/01/01@07:17:30,7684,37.925156
2000/01/01@07:17:31,7685,37.90293
2000/01/01@07:17:32,7686,37.875136
2000/01/01@07:17:33,7687,37.91404
2000/01/01@07:17:34,7688,37.86146
2000/01/01@07:17:35,7689,37.796856
2000/01/01@07:17:36,7690,37.82247
2000/01/01@07:17:37,7691,37.81099
2000/01/01@07:17:39,7693,37.773584
2000/01/01@07:17:40,7694,37.72502
2000/01/01@07:17:41,7695,37.72032
2000/01/01@07:17:42,7696,37.710576
2000/01/01@07:17:43,7697,37.72124
2000/01/01@07:17:44,7698,37.67053
2000/01/01@07:17:45,7699,37.67959
2000/01/01@07:17:46,7700,37.62167
2000/01/01@07:17:47,7701,37.595064
2000/01/01@07:17:48,7702,37.57209
2000/01/01@07:17:49,7703,37.548072
2000/01/01@07:17:50,7704,37.53508
2000/01/01@07:17:52,7706,37.56213
2000/01/01@07:17:53,7707,37.506596
2000/01/01@07:17:54,7708,37.4654
2000/01/01@07:17:55,7709,37.482872
2000/01/01@07:17:56,7710,37.42711
2000/01/01@07:17:57,7711,37.438356
2000/01/01@07:17:58,7712,37.404196
2000/01/01@07:17:59,7713,37.403008
2000/01/01@07:18:00,7714,37.36204
2000/01/01@07:18:01,7715,37.333652
2000/01/01@07:18:02,7716,37.33373
2000/01/01@07:18:03,7717,37.31002
2000/01/01@07:18:05,7719,37.288076
2000/01/01@07:18:06,7720,37.268524
2000/01/01@07:18:07,7721,37.25386
2000/01/01@07:18:08,7722,37.245024
2000/01/01@07:18:09,7723,37.193048
2000/01/01@07:18:10,7724,37.19426
2000/01/01@07:18:11,7725,37.188732
2000/01/01@07:18:12,7726,37.207924
2000/01/01@07:18:13,7727,37.108444
2000/01/01@07:18:14,7728,37.127316
2000/01/01@07:18:15,7729,37.11939
2000/01/01@07:18:16,7730,37.09007
2000/01/01@07:18:18,7732,37.05879
2000/01/01@07:18:19,7733,37.029544
2000/01/01@07:18:20,7734,37.00659
2000/01/01@07:18:21,7735,36.99254
2000/01/01@07:18:22,7736,37.01346
2000/01/01@07:18:23,7737,36.9916432
2000/01/01@07:18:24,7738,36.9127536
2000/01/01@07:18:25,7739,36.927704
2000/01/01@07:18:26,7740,36.913204
2000/01/01@07:18:27,7741,36.908144
2000/01/01@07:18:28,7742,36.870968
2000/01/01@07:18:30,7744,36.86966
2000/01/01@07:18:31,7745,36.840136
2000/01/01@07:18:32,7746,36.819892
2000/01/01@07:18:33,7747,36.77743
2000/01/01@07:18:34,7748,36.74457
2000/01/01@07:18:35,7749,36.772384
2000/01/01@07:18:36,7750,36.7463
2000/01/01@07:18:37,7751,36.69923
2000/01/01@07:18:38,7752,36.6846
2000/01/01@07:18:39,7753,36.684904
2000/01/01@07:18:40,7754,36.661392
2000/01/01@07:18:41,7755,36.62784
2000/01/01@07:18:43,7757,36.629184
2000/01/01@07:18:44,7758,36.608584
2000/01/01@07:18:45,7759,36.5628
2000/01/01@07:18:46,7760,36.558104
2000/01/01@07:18:47,7761,36.572372
2000/01/01@07:18:48,7762,36.50243
2000/01/01@07:18:49,7763,36.502352
2000/01/01@07:18:50,7764,36.48837
2000/01/01@07:18:51,7765,36.4822536
2000/01/01@07:18:52,7766,36.431108
2000/01/01@07:18:53,7767,36.42213
2000/01/01@07:18:54,7768,36.417204
2000/01/01@07:18:56,7770,36.38911
2000/01/01@07:18:57,7771,36.379512
2000/01/01@07:18:58,7772,36.36621
2000/01/01@07:18:59,7773,36.319304
2000/01/01@07:19:00,7774,36.31886
2000/01/01@07:19:01,7775,36.300696
2000/01/01@07:19:02,7776,36.268592
2000/01/01@07:19:03,7777,36.211844
2000/01/01@07:19:04,7778,36.217144
2000/01/01@07:19:05,7779,36.1973416
2000/01/01@07:19:06,7780,36.16874
2000/01/01@07:19:07,7781,36.150724
2000/01/01@07:19:09,7783,36.122024
2000/01/01@07:19:10,7784,36.116896
2000/01/01@07:19:11,7785,36.099424
2000/01/01@07:19:12,7786,36.10338
2000/01/01@07:19:13,7787,36.038468
2000/01/01@07:19:14,7788,36.02389
2000/01/01@07:19:15,7789,35.99192
2000/01/01@07:19:16,7790,35.99184
2000/01/01@07:19:17,7791,35.99274
2000/01/01@07:19:18,7792,35.93631
2000/01/01@07:19:19,7793,35.925516
2000/01/01@07:19:20,7794,35.926424
2000/01/01@07:19:22,7796,35.907832
2000/01/01@07:19:23,7797,35.91758
2000/01/01@07:19:24,7798,35.871104
2000/01/01@07:19:25,7799,35.841964
2000/01/01@07:19:26,7800,35.83031
2000/01/01@07:19:27,7801,35.79058
2000/01/01@07:19:28,7802,35.801968
2000/01/01@07:19:29,7803,35.755204
2000/01/01@07:19:30,7804,35.759144
2000/01/01@07:19:31,7805,35.72748
2000/01/01@07:19:32,7806,35.746376
2000/01/01@07:19:34,7808,35.722288
2000/01/01@07:19:35,7809,35.662196
2000/01/01@07:19:36,7810,35.690616
2000/01/01@07:19:37,7811,35.6613
2000/01/01@07:19:38,7812,35.63342
2000/01/01@07:19:39,7813,35.628808
2000/01/01@07:19:40,7814,35.605544
2000/01/01@07:19:41,7815,35.539824
2000/01/01@07:19:42,7816,35.559156
2000/01/01@07:19:43,7817,35.545636
2000/01/01@07:19:44,7818,35.484276
2000/01/01@07:19:45,7819,35.47914
2000/01/01@07:19:47,7821,35.469924
2000/01/01@07:19:48,7822,35.465396
2000/01/01@07:19:49,7823,35.412896
2000/01/01@07:19:50,7824,35.403
2000/01/01@07:19:51,7825,35.385684
2000/01/01@07:19:52,7826,35.38584
2000/01/01@07:19:53,7827,35.34964
2000/01/01@07:19:54,7828,35.337716
2000/01/01@07:19:55,7829,35.292688
2000/01/01@07:19:56,7830,35.283164
2000/01/01@07:19:57,7831,35.2778
2000/01/01@07:19:58,7832,35.274548
2000/01/01@07:20:00,7834,35.21734
2000/01/01@07:20:01,7835,35.20429
2000/01/01@07:20:02,7836,35.19423
2000/01/01@07:20:03,7837,35.20797
2000/01/01@07:20:04,7838,35.13319
2000/01/01@07:20:05,7839,35.11074
2000/01/01@07:20:06,7840,35.16545
2000/01/01@07:20:07,7841,35.106816
2000/01/01@07:20:08,7842,35.086484
2000/01/01@07:20:09,7843,35.058612
2000/01/01@07:20:10,7844,35.053252
2000/01/01@07:20:11,7845,35.026276
2000/01/01@07:20:13,7847,35.050064
2000/01/01@07:20:14,7848,34.983976
2000/01/01@07:20:15,7849,34.994244
2000/01/01@07:20:16,7850,34.98412
2000/01/01@07:20:17,7851,34.94771
2000/01/01@07:20:18,7852,34.932824
2000/01/01@07:20:19,7853,34.895572
2000/01/01@07:20:20,7854,34.89096
2000/01/01@07:20:21,7855,34.8717
2000/01/01@07:20:22,7856,34.845104
2000/01/01@07:20:23,7857,34.82659
2000/01/01@07:20:24,7858,34.784052
2000/01/01@07:20:26,7860,34.78339
2000/01/01@07:20:27,7861,34.760864
2000/01/01@07:20:28,7862,34.755724
2000/01/01@07:20:29,7863,34.74546
2000/01/01@07:20:30,7864,34.74152
2000/01/01@07:20:31,7865,34.6989868
2000/01/01@07:20:32,7866,34.70374
2000/01/01@07:20:33,7867,34.671644
2000/01/01@07:20:34,7868,34.670824
2000/01/01@07:20:35,7869,34.65986
2000/01/01@07:20:36,7870,34.623216
2000/01/01@07:20:38,7872,34.5947384
2000/01/01@07:20:39,7873,34.60002
2000/01/01@07:20:40,7874,34.576448
2000/01/01@07:20:41,7875,34.562856
2000/01/01@07:20:42,7876,34.547812
2000/01/01@07:20:43,7877,34.54352
2000/01/01@07:20:44,7878,34.491384
2000/01/01@07:20:45,7879,34.50037
2000/01/01@07:20:46,7880,34.483516
2000/01/01@07:20:47,7881,34.4589
2000/01/01@07:20:48,7882,34.42029
2000/01/01@07:20:49,7883,34.436004
2000/01/01@07:20:51,7885,34.429744
2000/01/01@07:20:52,7886,34.41501
2000/01/01@07:20:53,7887,34.355624
2000/01/01@07:20:54,7888,34.359092
2000/01/01@07:20:55,7889,34.331068
2000/01/01@07:20:56,7890,34.336584
2000/01/01@07:20:57,7891,34.3080936
2000/01/01@07:20:58,7892,34.275236
2000/01/01@07:20:59,7893,34.247136
2000/01/01@07:21:00,7894,34.251216
2000/01/01@07:21:01,7895,34.23664
2000/01/01@07:21:02,7896,34.194404
2000/01/01@07:21:04,7898,34.208908
2000/01/01@07:21:05,7899,34.184796
2000/01/01@07:21:06,7900,34.170616
2000/01/01@07:21:07,7901,34.175216
2000/01/01@07:21:08,7902,34.143252
2000/01/01@07:21:09,7903,34.12965
2000/01/01@07:21:10,7904,34.1174
2000/01/01@07:21:11,7905,34.063316
2000/01/01@07:21:12,7906,34.07291
2000/01/01@07:21:13,7907,34.044656
2000/01/01@07:21:14,7908,34.054392
2000/01/01@07:21:15,7909,34.01217
2000/01/01@07:21:17,7911,34.011932
2000/01/01@07:21:18,7912,33.973508
2000/01/01@07:21:19,7913,33.945536
2000/01/01@07:21:20,7914,33.946144
2000/01/01@07:21:21,7915,33.95022
2000/01/01@07:21:22,7916,33.918408
2000/01/01@07:21:23,7917,33.8897832
2000/01/01@07:21:24,7918,33.822628
2000/01/01@07:21:25,7919,33.82746
2000/01/01@07:21:26,7920,33.799428
2000/01/01@07:21:27,7921,33.771472
2000/01/01@07:21:28,7922,33.73364
2000/01/01@07:21:30,7924,33.742696
2000/01/01@07:21:31,7925,33.710588
2000/01/01@07:21:32,7926,33.72946
2000/01/01@07:21:33,7927,33.673028
2000/01/01@07:21:34,7928,33.672276
2000/01/01@07:21:35,7929,33.64976
2000/01/01@07:21:36,7930,33.579344
2000/01/01@07:21:37,7931,33.58773
2000/01/01@07:21:38,7932,33.578444
2000/01/01@07:21:39,7933,33.523664
2000/01/01@07:21:40,7934,33.541656
2000/01/01@07:21:42,7936,33.494278
2000/01/01@07:21:43,7937,33.502372
2000/01/01@07:21:44,7938,33.457176
2000/01/01@07:21:45,7939,33.451584
2000/01/01@07:21:46,7940,33.451736
2000/01/01@07:21:47,7941,33.422964
2000/01/01@07:21:48,7942,33.38148
2000/01/01@07:21:49,7943,33.367508
2000/01/01@07:21:50,7944,33.354736
2000/01/01@07:21:51,7945,33.325416
2000/01/01@07:21:52,7946,33.319156
2000/01/01@07:21:53,7947,33.296416
2000/01/01@07:21:55,7949,33.29709
2000/01/01@07:21:56,7950,33.2313
2000/01/01@07:21:57,7951,33.25827
2000/01/01@07:21:58,7952,33.241108
2000/01/01@07:21:59,7953,33.20198
2000/01/01@07:22:00,7954,33.16563
2000/01/01@07:22:01,7955,33.140624
2000/01/01@07:22:02,7956,33.13081
2000/01/01@07:22:03,7957,33.062132
2000/01/01@07:22:04,7958,33.08412
2000/01/01@07:22:05,7959,33.05134
2000/01/01@07:22:06,7960,33.042862
2000/01/01@07:22:08,7962,32.99995
2000/01/01@07:22:09,7963,33.013552
2000/01/01@07:22:10,7964,32.98627
2000/01/01@07:22:11,7965,32.96196
2000/01/01@07:22:12,7966,32.980324
2000/01/01@07:22:13,7967,32.938984
2000/01/01@07:22:14,7968,32.89668
2000/01/01@07:22:15,7969,32.909
2000/01/01@07:22:16,7970,32.901136
2000/01/01@07:22:17,7971,32.872352
2000/01/01@07:22:18,7972,32.845234
2000/01/01@07:22:19,7973,32.84855
2000/01/01@07:22:21,7975,32.853696
2000/01/01@07:22:22,7976,32.825058
2000/01/01@07:22:23,7977,32.768556
2000/01/01@07:22:24,7978,32.783204
2000/01/01@07:22:25,7979,32.753596
2000/01/01@07:22:26,7980,32.7275
2000/01/01@07:22:27,7981,32.712476
2000/01/01@07:22:28,7982,32.67962
2000/01/01@07:22:29,7983,32.683336
2000/01/01@07:22:30,7984,32.67426
2000/01/01@07:22:31,7985,32.64533
2000/01/01@07:22:32,7986,32.640044
2000/01/01@07:22:34,7988,32.62712
2000/01/01@07:22:35,7989,32.588512
2000/01/01@07:22:36,7990,32.60385
2000/01/01@07:22:37,7991,32.5187
2000/01/01@07:22:38,7992,32.508896
2000/01/01@07:22:39,7993,32.514392
2000/01/01@07:22:40,7994,32.49603
2000/01/01@07:22:41,7995,32.471552
2000/01/01@07:22:42,7996,32.495052
2000/01/01@07:22:43,7997,32.44845
2000/01/01@07:22:44,7998,32.45283
2000/01/01@07:22:45,7999,32.406728
2000/01/01@07:22:47,8001,32.399804
2000/01/01@07:22:48,8002,32.38293
2000/01/01@07:22:49,8003,32.345304
2000/01/01@07:22:50,8004,32.363088
2000/01/01@07:22:51,8005,32.340996
2000/01/01@07:22:52,8006,32.33119
2000/01/01@07:22:53,8007,32.288498
2000/01/01@07:22:54,8008,32.26388
2000/01/01@07:22:55,8009,32.27861
2000/01/01@07:22:56,8010,32.23162
2000/01/01@07:22:57,8011,32.245516
2000/01/01@07:22:59,8012,32.207364
2000/01/01@07:23:00,8014,32.21718
2000/01/01@07:23:01,8015,32.18797
2000/01/01@07:23:02,8016,32.178968
2000/01/01@07:23:03,8017,32.146556
2000/01/01@07:23:04,8018,32.108708
2000/01/01@07:23:05,8019,32.11748
2000/01/01@07:23:06,8020,32.084372
2000/01/01@07:23:07,8021,32.064296
2000/01/01@07:23:08,8022,32.02802
2000/01/01@07:23:09,8023,32.056576
2000/01/01@07:23:10,8024,32.036636
2000/01/01@07:23:11,8025,31.98125
2000/01/01@07:23:13,8027,31.99462
2000/01/01@07:23:14,8028,31.9848
2000/01/01@07:23:15,8029,31.914844
2000/01/01@07:23:16,8030,31.891044
2000/01/01@07:23:17,8031,31.881608
2000/01/01@07:23:18,8032,31.89544
2000/01/01@07:23:19,8033,31.8772836
2000/01/01@07:23:20,8034,31.80605
2000/01/01@07:23:21,8035,31.80122
2000/01/01@07:23:22,8036,31.77289
2000/01/01@07:23:23,8037,31.787022
2000/01/01@07:23:25,8039,31.754458
2000/01/01@07:23:26,8040,31.7351168
2000/01/01@07:23:27,8041,31.750508
2000/01/01@07:23:28,8042,31.68456
2000/01/01@07:23:29,8043,31.66877
2000/01/01@07:23:30,8044,31.655474
2000/01/01@07:23:31,8045,31.683134
2000/01/01@07:23:32,8046,31.6416536
2000/01/01@07:23:33,8047,31.613994
2000/01/01@07:23:34,8048,31.617704
2000/01/01@07:23:35,8049,31.589146
2000/01/01@07:23:36,8050,31.580918
2000/01/01@07:23:38,8052,31.561122
2000/01/01@07:23:39,8053,31.54275
2000/01/01@07:23:40,8054,31.509816
2000/01/01@07:23:41,8055,31.49456
2000/01/01@07:23:42,8056,31.5047536
2000/01/01@07:23:43,8057,31.4809568
2000/01/01@07:23:44,8058,31.4199816
2000/01/01@07:23:45,8059,31.438052
2000/01/01@07:23:46,8060,31.382362
2000/01/01@07:23:47,8061,31.362192
2000/01/01@07:23:48,8062,31.363246
2000/01/01@07:23:49,8063,31.330986
2000/01/01@07:23:51,8065,31.358486
2000/01/01@07:23:52,8066,31.27878
2000/01/01@07:23:53,8067,31.301226
2000/01/01@07:23:54,8068,31.293594
2000/01/01@07:23:55,8069,31.248106
2000/01/01@07:23:56,8070,31.278634
2000/01/01@07:23:57,8071,31.217958
2000/01/01@07:23:58,8072,31.188814
2000/01/01@07:23:59,8073,31.203686
2000/01/01@07:24:00,8074,31.190238
2000/01/01@07:24:01,8075,31.18078
2000/01/01@07:24:03,8077,31.161152
2000/01/01@07:24:04,8078,31.129262
2000/01/01@07:24:05,8079,31.133804
2000/01/01@07:24:06,8080,31.104346
2000/01/01@07:24:07,8081,31.104268
2000/01/01@07:24:08,8082,31.067246
2000/01/01@07:24:09,8083,31.076904
2000/01/01@07:24:10,8084,31.048438
2000/01/01@07:24:11,8085,31.034458
2000/01/01@07:24:12,8086,31.00077
2000/01/01@07:24:13,8087,30.987392
2000/01/01@07:24:14,8088,30.98747
2000/01/01@07:24:16,8090,30.973466
2000/01/01@07:24:17,8091,30.945146
2000/01/01@07:24:18,8092,30.926406
2000/01/01@07:24:19,8093,30.890372
2000/01/01@07:24:20,8094,30.898232
2000/01/01@07:24:21,8095,30.892192
2000/01/01@07:24:22,8096,30.865372
2000/01/01@07:24:23,8097,30.879044
2000/01/01@07:24:24,8098,30.826476
2000/01/01@07:24:25,8099,30.807662
2000/01/01@07:24:26,8100,30.807798
2000/01/01@07:24:27,8101,30.787626
2000/01/01@07:24:29,8103,30.769716
2000/01/01@07:24:30,8104,30.745324
2000/01/01@07:24:31,8105,30.73082
2000/01/01@07:24:32,8106,30.742304
2000/01/01@07:24:33,8107,30.699376
2000/01/01@07:24:34,8108,30.661748
2000/01/01@07:24:35,8109,30.637216
2000/01/01@07:24:36,8110,30.632606
2000/01/01@07:24:37,8111,30.617572
2000/01/01@07:24:38,8112,30.580176
2000/01/01@07:24:39,8113,30.585312
2000/01/01@07:24:40,8114,30.534678
2000/01/01@07:24:42,8116,30.537648
2000/01/01@07:24:43,8117,30.526856
2000/01/01@07:24:44,8118,30.533486
2000/01/01@07:24:45,8119,30.49502
2000/01/01@07:24:46,8120,30.46625
2000/01/01@07:24:47,8121,30.481054
2000/01/01@07:24:48,8122,30.48083
2000/01/01@07:24:49,8123,30.419928
2000/01/01@07:24:50,8124,30.44751
2000/01/01@07:24:51,8125,30.392656
2000/01/01@07:24:52,8126,30.391446
2000/01/01@07:24:53,8127,30.419418
2000/01/01@07:24:55,8129,30.381494
2000/01/01@07:24:56,8130,30.357676
2000/01/01@07:24:57,8131,30.3437
2000/01/01@07:24:58,8132,30.324668
2000/01/01@07:24:59,8133,30.314096
2000/01/01@07:25:00,8134,30.2912
2000/01/01@07:25:01,8135,30.276846
2000/01/01@07:25:02,8136,30.285908
2000/01/01@07:25:03,8137,30.245112
2000/01/01@07:25:04,8138,30.23998
2000/01/01@07:25:05,8139,30.203188
2000/01/01@07:25:07,8141,30.197432
2000/01/01@07:25:08,8142,30.163828
2000/01/01@07:25:09,8143,30.186654
2000/01/01@07:25:10,8144,30.15415
2000/01/01@07:25:11,8145,30.096808
2000/01/01@07:25:12,8146,30.088062
2000/01/01@07:25:13,8147,30.115018
2000/01/01@07:25:14,8148,30.068798
2000/01/01@07:25:15,8149,30.064322
2000/01/01@07:25:16,8150,30.044902
2000/01/01@07:25:17,8151,30.04453
2000/01/01@07:25:18,8152,30.0354
2000/01/01@07:25:20,8154,29.997924
2000/01/01@07:25:21,8155,30.006528
2000/01/01@07:25:22,8156,29.950474
2000/01/01@07:25:23,8157,29.965132
2000/01/01@07:25:24,8158,29.954258
2000/01/01@07:25:25,8159,29.921396
2000/01/01@07:25:26,8160,29.911572
2000/01/01@07:25:27,8161,29.911874
2000/01/01@07:25:28,8162,29.897378
2000/01/01@07:25:29,8163,29.878272
2000/01/01@07:25:30,8164,29.855274
2000/01/01@07:25:31,8165,29.855664
2000/01/01@07:25:33,8167,29.864962
2000/01/01@07:25:34,8168,29.817212
2000/01/01@07:25:35,8169,29.801952
2000/01/01@07:25:36,8170,29.784208
2000/01/01@07:25:37,8171,29.783986
2000/01/01@07:25:38,8172,29.770226
2000/01/01@07:25:39,8173,29.75451
2000/01/01@07:25:40,8174,29.732832
2000/01/01@07:25:41,8175,29.708412
2000/01/01@07:25:42,8176,29.73162
2000/01/01@07:25:43,8177,29.688858
2000/01/01@07:25:44,8178,29.679326
2000/01/01@07:25:46,8180,29.66127
2000/01/01@07:25:47,8181,29.649248
2000/01/01@07:25:48,8182,29.655614
2000/01/01@07:25:49,8183,29.603778
2000/01/01@07:25:50,8184,29.608554
2000/01/01@07:25:51,8185,29.575678
2000/01/01@07:25:52,8186,29.560424
2000/01/01@07:25:53,8187,29.561254
2000/01/01@07:25:54,8188,29.546748
2000/01/01@07:25:55,8189,29.545392
2000/01/01@07:25:56,8190,29.517222
2000/01/01@07:25:58,8192,29.49917
2000/01/01@07:25:59,8193,29.499152
2000/01/01@07:26:00,8194,29.46122
2000/01/01@07:26:01,8195,29.451488
2000/01/01@07:26:02,8196,29.418242
2000/01/01@07:26:03,8197,29.437274
2000/01/01@07:26:04,8198,29.403136
2000/01/01@07:26:05,8199,29.41748
2000/01/01@07:26:06,8200,29.373824
2000/01/01@07:26:07,8201,29.374352
2000/01/01@07:26:08,8202,29.331666
2000/01/01@07:26:09,8203,29.322904
2000/01/01@07:26:11,8205,29.33559
2000/01/01@07:26:12,8206,29.292236
2000/01/01@07:26:13,8207,29.278642
2000/01/01@07:26:14,8208,29.305768
2000/01/01@07:26:15,8209,29.255962
2000/01/01@07:26:16,8210,29.251806
2000/01/01@07:26:17,8211,29.230146
2000/01/01@07:26:18,8212,29.245698
2000/01/01@07:26:19,8213,29.216622
2000/01/01@07:26:20,8214,29.19787
2000/01/01@07:26:21,8215,29.170664
2000/01/01@07:26:22,8216,29.160704
2000/01/01@07:26:24,8218,29.165458
2000/01/01@07:26:25,8219,29.163974
2000/01/01@07:26:26,8220,29.12603
2000/01/01@07:26:27,8221,29.11607
2000/01/01@07:26:28,8222,29.10253
2000/01/01@07:26:29,8223,29.078892
2000/01/01@07:26:30,8224,29.07518
2000/01/01@07:26:31,8225,29.027822
2000/01/01@07:26:32,8226,29.02796
2000/01/01@07:26:33,8227,28.979454
2000/01/01@07:26:34,8228,28.965322
2000/01/01@07:26:35,8229,28.968896
2000/01/01@07:26:37,8231,28.965186
2000/01/01@07:26:38,8232,28.9651068
2000/01/01@07:26:39,8233,28.92771
2000/01/01@07:26:40,8234,28.910018
2000/01/01@07:26:41,8235,28.8975
2000/01/01@07:26:42,8236,28.859648
2000/01/01@07:26:43,8237,28.851484
2000/01/01@07:26:44,8238,28.856778
2000/01/01@07:26:45,8239,28.836232
2000/01/01@07:26:46,8240,28.831914
2000/01/01@07:26:47,8241,28.812728
2000/01/01@07:26:48,8242,28.80276
2000/01/01@07:26:50,8244,28.799126
2000/01/01@07:26:51,8245,28.746846
2000/01/01@07:26:52,8246,28.745342
2000/01/01@07:26:53,8247,28.74187
2000/01/01@07:26:54,8248,28.7124716
2000/01/01@07:26:55,8249,28.697998
2000/01/01@07:26:56,8250,28.684364
2000/01/01@07:26:57,8251,28.692598
2000/01/01@07:26:58,8252,28.665572
2000/01/01@07:26:59,8253,28.618568
2000/01/01@07:27:00,8254,28.632842
2000/01/01@07:27:02,8256,28.636866
2000/01/01@07:27:03,8257,28.593178
2000/01/01@07:27:04,8258,28.612758
2000/01/01@07:27:05,8259,28.560616
2000/01/01@07:27:06,8260,28.575352
2000/01/01@07:27:07,8261,28.555854
2000/01/01@07:27:08,8262,28.564942
2000/01/01@07:27:09,8263,28.527528
2000/01/01@07:27:10,8264,28.503818
2000/01/01@07:27:11,8265,28.460894
2000/01/01@07:27:12,8266,28.443368
2000/01/01@07:27:13,8267,28.45705
2000/01/01@07:27:15,8269,28.399254
2000/01/01@07:27:16,8270,28.42704
2000/01/01@07:27:17,8271,28.394628
2000/01/01@07:27:18,8272,28.375752
2000/01/01@07:27:19,8273,28.362304
2000/01/01@07:27:20,8274,28.319542
2000/01/01@07:27:21,8275,28.300136
2000/01/01@07:27:22,8276,28.338872
2000/01/01@07:27:23,8277,28.304658
2000/01/01@07:27:24,8278,28.28585
2000/01/01@07:27:25,8279,28.26689
2000/01/01@07:27:26,8280,28.24292
2000/01/01@07:27:28,8282,28.19292
2000/01/01@07:27:29,8283,28.238252
2000/01/01@07:27:30,8284,28.172814
2000/01/01@07:27:31,8285,28.177196
2000/01/01@07:27:32,8286,28.167384
2000/01/01@07:27:33,8287,28.15333
2000/01/01@07:27:34,8288,28.15061
2000/01/01@07:27:35,8289,28.162178
2000/01/01@07:27:36,8290,28.116152
2000/01/01@07:27:37,8291,28.087596
2000/01/01@07:27:38,8292,28.096064
2000/01/01@07:27:39,8293,28.07763
2000/01/01@07:27:41,8295,28.044922
2000/01/01@07:27:42,8296,28.054658
2000/01/01@07:27:43,8297,27.991748
2000/01/01@07:27:44,8298,27.989448
2000/01/01@07:27:45,8299,28.015684
2000/01/01@07:27:46,8300,28.002154
2000/01/01@07:27:47,8301,27.954552
2000/01/01@07:27:48,8302,27.9588
2000/01/01@07:27:49,8303,27.931362
2000/01/01@07:27:50,8304,27.931362
2000/01/01@07:27:51,8305,27.930836
2000/01/01@07:27:53,8306,27.883012
2000/01/01@07:27:54,8308,27.8688
2000/01/01@07:27:55,8309,27.870606
2000/01/01@07:27:56,8310,27.835352
2000/01/01@07:27:57,8311,27.821906
2000/01/01@07:27:58,8312,27.817138
2000/01/01@07:27:59,8313,27.77921
2000/01/01@07:28:00,8314,27.7891
2000/01/01@07:28:01,8315,27.769532
2000/01/01@07:28:02,8316,27.777852
2000/01/01@07:28:03,8317,27.731164
2000/01/01@07:28:04,8318,27.726928
2000/01/01@07:28:06,8320,27.721636
2000/01/01@07:28:07,8321,27.683262
2000/01/01@07:28:08,8322,27.665356
2000/01/01@07:28:09,8323,27.66438
2000/01/01@07:28:10,8324,27.694142
2000/01/01@07:28:11,8325,27.626378
2000/01/01@07:28:12,8326,27.645698
2000/01/01@07:28:13,8327,27.63173
2000/01/01@07:28:14,8328,27.598852
2000/01/01@07:28:15,8329,27.560352
2000/01/01@07:28:16,8330,27.56933
2000/01/01@07:28:17,8331,27.52793
2000/01/01@07:28:19,8333,27.536768
2000/01/01@07:28:20,8334,27.556036
2000/01/01@07:28:21,8335,27.50332
2000/01/01@07:28:22,8336,27.514389
2000/01/01@07:28:23,8337,27.48918
2000/01/01@07:28:24,8338,27.46605
2000/01/01@07:28:25,8339,27.45608
2000/01/01@07:28:26,8340,27.435684
2000/01/01@07:28:27,8341,27.436896
2000/01/01@07:28:28,8342,27.417852
2000/01/01@07:28:29,8343,27.403358
2000/01/01@07:28:30,8344,27.3849868
2000/01/01@07:28:32,8346,27.356124
2000/01/01@07:28:33,8347,27.35084
2000/01/01@07:28:34,8348,27.342452
2000/01/01@07:28:35,8349,27.351152
2000/01/01@07:28:36,8350,27.337618
2000/01/01@07:28:37,8351,27.30332
2000/01/01@07:28:38,8352,27.294336
2000/01/01@07:28:39,8353,27.284658
2000/01/01@07:28:40,8354,27.260704
2000/01/01@07:28:41,8355,27.256026
2000/01/01@07:28:42,8356,27.251192
2000/01/01@07:28:43,8357,27.208956
2000/01/01@07:28:45,8359,27.198984
2000/01/01@07:28:46,8360,27.20835
2000/01/01@07:28:47,8361,27.174354
2000/01/01@07:28:48,8362,27.174736
2000/01/01@07:28:49,8363,27.146186
2000/01/01@07:28:50,8364,27.14603
2000/01/01@07:28:51,8365,27.099932
2000/01/01@07:28:52,8366,27.104848
2000/01/01@07:28:53,8367,27.094126
2000/01/01@07:28:54,8368,27.052638
2000/01/01@07:28:55,8369,27.033534
2000/01/01@07:28:56,8370,27.041698
2000/01/01@07:28:58,8372,27.03293
2000/01/01@07:28:59,8373,27.009428
2000/01/01@07:29:00,8374,26.994248
2000/01/01@07:29:01,8375,26.994248
2000/01/01@07:29:02,8376,26.96584
2000/01/01@07:29:03,8377,26.956788
2000/01/01@07:29:04,8378,26.938398
2000/01/01@07:29:05,8379,26.924054
2000/01/01@07:29:06,8380,26.913476
2000/01/01@07:29:07,8381,26.886734
2000/01/01@07:29:08,8382,26.90087
2000/01/01@07:29:10,8383,26.88644
2000/01/01@07:29:11,8385,26.829152
2000/01/01@07:29:12,8386,26.805132
2000/01/01@07:29:13,8387,26.8156492
2000/01/01@07:29:14,8388,26.819258
2000/01/01@07:29:15,8389,26.805736
2000/01/01@07:29:16,8390,26.79131
2000/01/01@07:29:17,8391,26.786334
2000/01/01@07:29:18,8392,26.777324
2000/01/01@07:29:19,8393,26.77295
2000/01/01@07:29:20,8394,26.754746
2000/01/01@07:29:21,8395,26.721264
2000/01/01@07:29:23,8397,26.73585
2000/01/01@07:29:24,8398,26.683046
2000/01/01@07:29:25,8399,26.684102
2000/01/01@07:29:26,8400,26.706552
2000/01/01@07:29:27,8401,26.659762
2000/01/01@07:29:28,8402,26.654942
2000/01/01@07:29:29,8403,26.636494
2000/01/01@07:29:30,8404,26.621544
2000/01/01@07:29:31,8405,26.603178
2000/01/01@07:29:32,8406,26.59872
2000/01/01@07:29:33,8407,26.589806
2000/01/01@07:29:34,8408,26.537744
2000/01/01@07:29:36,8410,26.54206
2000/01/01@07:29:37,8411,26.54243
2000/01/01@07:29:38,8412,26.486134
2000/01/01@07:29:39,8413,26.49082
2000/01/01@07:29:40,8414,26.47958
2000/01/01@07:29:41,8415,26.485624
2000/01/01@07:29:42,8416,26.467558
2000/01/01@07:29:43,8417,26.457598
2000/01/01@07:29:44,8418,26.434536
2000/01/01@07:29:45,8419,26.434614
2000/01/01@07:29:46,8420,26.415658
2000/01/01@07:29:47,8421,26.420488
2000/01/01@07:29:49,8423,26.383388
2000/01/01@07:29:50,8424,26.392832
2000/01/01@07:29:51,8425,26.353872
2000/01/01@07:29:52,8426,26.340264
2000/01/01@07:29:53,8427,26.312432
2000/01/01@07:29:54,8428,26.315322
2000/01/01@07:29:55,8429,26.325908
2000/01/01@07:29:56,8430,26.304214
2000/01/01@07:29:57,8431,26.279058
2000/01/01@07:29:58,8432,26.293194
2000/01/01@07:29:59,8433,26.254736
2000/01/01@07:30:00,8434,26.211738
2000/01/01@07:30:02,8436,26.254658
2000/01/01@07:30:03,8437,26.194442
2000/01/01@07:30:04,8438,26.213544
2000/01/01@07:30:05,8439,26.203134
2000/01/01@07:30:06,8440,26.176016
2000/01/01@07:30:07,8441,26.170264
2000/01/01@07:30:08,8442,26.14646
2000/01/01@07:30:09,8443,26.124108
2000/01/01@07:30:10,8444,26.132252
2000/01/01@07:30:11,8445,26.132408
2000/01/01@07:30:12,8446,26.131958
2000/01/01@07:30:14,8447,26.105216
2000/01/01@07:30:15,8449,26.076056
2000/01/01@07:30:16,8450,26.061996
2000/01/01@07:30:17,8451,26.065702
2000/01/01@07:30:18,8452,26.052612
2000/01/01@07:30:19,8453,26.010028
2000/01/01@07:30:20,8454,26.014922
2000/01/01@07:30:21,8455,26.021338
2000/01/01@07:30:22,8456,25.972906
2000/01/01@07:30:23,8457,25.968378
2000/01/01@07:30:24,8458,25.95797
2000/01/01@07:30:25,8459,25.934912
2000/01/01@07:30:27,8461,25.89275
2000/01/01@07:30:28,8462,25.91232
2000/01/01@07:30:29,8463,25.874452
2000/01/01@07:30:30,8464,25.846582
2000/01/01@07:30:31,8465,25.83791
2000/01/01@07:30:32,8466,25.845898
2000/01/01@07:30:33,8467,25.8181
2000/01/01@07:30:34,8468,25.808726
2000/01/01@07:30:35,8469,25.78464
2000/01/01@07:30:36,8470,25.767328
2000/01/01@07:30:37,8471,25.737934
2000/01/01@07:30:38,8472,25.761368
2000/01/01@07:30:40,8474,25.747534
2000/01/01@07:30:41,8475,25.719432
2000/01/01@07:30:42,8476,25.70961
2000/01/01@07:30:43,8477,25.672198
2000/01/01@07:30:44,8478,25.681212
2000/01/01@07:30:45,8479,25.677192
2000/01/01@07:30:46,8480,25.644766
2000/01/01@07:30:47,8481,25.648262
2000/01/01@07:30:48,8482,25.635028
2000/01/01@07:30:49,8483,25.629902
2000/01/01@07:30:50,8484,25.577998
2000/01/01@07:30:51,8485,25.600658
2000/01/01@07:30:53,8487,25.563868
2000/01/01@07:30:54,8488,25.5501268
2000/01/01@07:30:55,8489,25.54127
2000/01/01@07:30:56,8490,25.527066
2000/01/01@07:30:57,8491,25.531748
2000/01/01@07:30:58,8492,25.513076
2000/01/01@07:30:59,8493,25.489142
2000/01/01@07:31:00,8494,25.47962
2000/01/01@07:31:01,8495,25.461406
2000/01/01@07:31:02,8496,25.442662
2000/01/01@07:31:03,8497,25.422954
2000/01/01@07:31:04,8498,25.396338
2000/01/01@07:31:06,8500,25.428164
2000/01/01@07:31:07,8501,25.42703
2000/01/01@07:31:08,8502,25.384794
2000/01/01@07:31:09,8503,25.376192
2000/01/01@07:31:10,8504,25.367334
2000/01/01@07:31:11,8505,25.357754
2000/01/01@07:31:12,8506,25.334326
2000/01/01@07:31:13,8507,25.31038
2000/01/01@07:31:14,8508,25.3294832
2000/01/01@07:31:15,8509,25.296402
2000/01/01@07:31:16,8510,25.31046
2000/01/01@07:31:18,8511,25.244942
2000/01/01@07:31:19,8513,25.268592
2000/01/01@07:31:20,8514,25.230528
2000/01/01@07:31:21,8515,25.23543
2000/01/01@07:31:22,8516,25.21577
2000/01/01@07:31:23,8517,25.196298
2000/01/01@07:31:24,8518,25.201724
2000/01/01@07:31:25,8519,25.201138
2000/01/01@07:31:26,8520,25.149668
2000/01/01@07:31:27,8521,25.164864
2000/01/01@07:31:28,8522,25.159492
2000/01/01@07:31:29,8523,25.13086
2000/01/01@07:31:31,8525,25.103882
2000/01/01@07:31:32,8526,25.0616536
2000/01/01@07:31:33,8527,25.097988
2000/01/01@07:31:34,8528,25.07501
2000/01/01@07:31:35,8529,25.069962
2000/01/01@07:31:36,8530,25.065724
2000/01/01@07:31:37,8531,25.0570452
2000/01/01@07:31:38,8532,25.02772
2000/01/01@07:31:39,8533,25.0133
2000/01/01@07:31:40,8534,24.97582
2000/01/01@07:31:41,8535,24.957382
2000/01/01@07:31:42,8536,24.986914
2000/01/01@07:31:44,8538,24.961842
2000/01/01@07:31:45,8539,24.938348
2000/01/01@07:31:46,8540,24.915752
2000/01/01@07:31:47,8541,24.92088
2000/01/01@07:31:48,8542,24.893164
2000/01/01@07:31:49,8543,24.883338
2000/01/01@07:31:50,8544,24.858858
2000/01/01@07:31:51,8545,24.83128
2000/01/01@07:31:52,8546,24.826444
2000/01/01@07:31:53,8547,24.82713
2000/01/01@07:31:54,8548,24.818134
2000/01/01@07:31:55,8549,24.813526
2000/01/01@07:31:57,8551,24.80378
2000/01/01@07:31:58,8552,24.785272
2000/01/01@07:31:59,8553,24.747794
2000/01/01@07:32:00,8554,24.75753
2000/01/01@07:32:01,8555,24.724662
2000/01/01@07:32:02,8556,24.743858
2000/01/01@07:32:03,8557,24.71506
2000/01/01@07:32:04,8558,24.697168
2000/01/01@07:32:05,8559,24.686952
2000/01/01@07:32:06,8560,24.682128
2000/01/01@07:32:07,8561,24.68833
2000/01/01@07:32:08,8562,24.651142
2000/01/01@07:32:10,8564,24.612544
2000/01/01@07:32:11,8565,24.6414068
2000/01/01@07:32:12,8566,24.636646
2000/01/01@07:32:13,8567,24.603322
2000/01/01@07:32:14,8568,24.589806
2000/01/01@07:32:15,8569,24.549302
2000/01/01@07:32:16,8570,24.543926
2000/01/01@07:32:17,8571,24.548236
2000/01/01@07:32:18,8572,24.52913
2000/01/01@07:32:19,8573,24.501464
2000/01/01@07:32:20,8574,24.501992
2000/01/01@07:32:22,8576,24.497158
2000/01/01@07:32:23,8577,24.487724
2000/01/01@07:32:24,8578,24.460298
2000/01/01@07:32:25,8579,24.451894
2000/01/01@07:32:26,8580,24.423712
2000/01/01@07:32:27,8581,24.418574
2000/01/01@07:32:28,8582,24.423712
2000/01/01@07:32:29,8583,24.386074
2000/01/01@07:32:30,8584,24.390834
2000/01/01@07:32:31,8585,24.390756
2000/01/01@07:32:32,8586,24.364844
2000/01/01@07:32:33,8587,24.3540624
2000/01/01@07:32:35,8589,24.33168
2000/01/01@07:32:36,8590,24.265206
2000/01/01@07:32:37,8591,24.284386
2000/01/01@07:32:38,8592,24.294434
2000/01/01@07:32:39,8593,24.276064
2000/01/01@07:32:40,8594,24.295176
2000/01/01@07:32:41,8595,24.233452
2000/01/01@07:32:42,8596,24.238066
2000/01/01@07:32:43,8597,24.192426
2000/01/01@07:32:44,8598,24.196132
2000/01/01@07:32:45,8599,24.187218
2000/01/01@07:32:46,8600,24.158798
2000/01/01@07:32:48,8602,24.183202
2000/01/01@07:32:49,8603,24.156532
2000/01/01@07:32:50,8604,24.113838
2000/01/01@07:32:51,8605,24.09955
2000/01/01@07:32:52,8606,24.141274
2000/01/01@07:32:53,8607,24.104844
2000/01/01@07:32:54,8608,24.030114
2000/01/01@07:32:55,8609,24.06752
2000/01/01@07:32:56,8610,24.04789
2000/01/01@07:32:57,8611,24.030502
2000/01/01@07:32:58,8612,24.021274
2000/01/01@07:32:59,8613,24.002852
2000/01/01@07:33:01,8615,24.026114
2000/01/01@07:33:02,8616,23.961362
2000/01/01@07:33:03,8617,23.989024
2000/01/01@07:33:04,8618,23.946254
2000/01/01@07:33:05,8619,23.932802
2000/01/01@07:33:06,8620,23.932724
2000/01/01@07:33:07,8621,23.900844
2000/01/01@07:33:08,8622,23.88589
2000/01/01@07:33:09,8623,23.8534
2000/01/01@07:33:10,8624,23.868568
2000/01/01@07:33:11,8625,23.860786
2000/01/01@07:33:12,8626,23.817192
2000/01/01@07:33:14,8628,23.797992
2000/01/01@07:33:15,8629,23.822548
2000/01/01@07:33:16,8630,23.770654
2000/01/01@07:33:17,8631,23.807592
2000/01/01@07:33:18,8632,23.780546
2000/01/01@07:33:19,8633,23.76642
2000/01/01@07:33:20,8634,23.743598
2000/01/01@07:33:21,8635,23.734306
2000/01/01@07:33:22,8636,23.71556
2000/01/01@07:33:23,8637,23.710722
2000/01/01@07:33:24,8638,23.687168
2000/01/01@07:33:25,8639,23.641442
2000/01/01@07:33:26,8640,23.655274
2000/01/01@07:33:28,8642,23.66502
2000/01/01@07:33:29,8643,23.632524
2000/01/01@07:33:30,8644,23.618248
2000/01/01@07:33:31,8645,23.599662
2000/01/01@07:33:32,8646,23.580478
2000/01/01@07:33:33,8647,23.556972
2000/01/01@07:33:34,8648,23.554092
2000/01/01@07:33:35,8649,23.544806
2000/01/01@07:33:36,8650,23.5262068
2000/01/01@07:33:37,8651,23.539966
2000/01/01@07:33:38,8652,23.483618
2000/01/01@07:33:40,8654,23.521084
2000/01/01@07:33:41,8655,23.479292
2000/01/01@07:33:42,8656,23.470508
2000/01/01@07:33:43,8657,23.42292
2000/01/01@07:33:44,8658,23.43705
2000/01/01@07:33:45,8659,23.433278
2000/01/01@07:33:46,8660,23.414542
2000/01/01@07:33:47,8661,23.419606
2000/01/01@07:33:48,8662,23.373506
2000/01/01@07:33:49,8663,23.363692
2000/01/01@07:33:50,8664,23.354764
2000/01/01@07:33:51,8665,23.359898
2000/01/01@07:33:53,8667,23.33164
2000/01/01@07:33:54,8668,23.32311
2000/01/01@07:33:55,8669,23.326964
2000/01/01@07:33:56,8670,23.291366
2000/01/01@07:33:57,8671,23.29501
2000/01/01@07:33:58,8672,23.266896
2000/01/01@07:33:59,8673,23.24891
2000/01/01@07:34:00,8674,23.259336
2000/01/01@07:34:01,8675,23.24022
2000/01/01@07:34:02,8676,23.234844
2000/01/01@07:34:03,8677,23.21732
2000/01/01@07:34:04,8678,23.236064
2000/01/01@07:34:06,8680,23.170322
2000/01/01@07:34:07,8681,23.1910216
2000/01/01@07:34:08,8682,23.137686
2000/01/01@07:34:09,8683,23.153014
2000/01/01@07:34:10,8684,23.133222
2000/01/01@07:34:11,8685,23.11585
2000/01/01@07:34:12,8686,23.097472
2000/01/01@07:34:13,8687,23.102076
2000/01/01@07:34:14,8688,23.061288
2000/01/01@07:34:15,8689,23.064692
2000/01/01@07:34:16,8690,23.05086
2000/01/01@07:34:17,8691,23.02395
2000/01/01@07:34:19,8693,23.023578
2000/01/01@07:34:20,8694,23.028946
2000/01/01@07:34:21,8695,23.00047
2000/01/01@07:34:22,8696,23.018746
2000/01/01@07:34:23,8697,23.000918
2000/01/01@07:34:24,8698,22.9919084
2000/01/01@07:34:25,8699,22.96018
2000/01/01@07:34:26,8700,22.979454
2000/01/01@07:34:27,8701,22.960034
2000/01/01@07:34:28,8702,22.918706
2000/01/01@07:34:29,8703,22.946734
2000/01/01@07:34:30,8704,22.9091108
2000/01/01@07:34:32,8706,22.900184
2000/01/01@07:34:33,8707,22.90524
2000/01/01@07:34:34,8708,22.893458
2000/01/01@07:34:35,8709,22.859536
2000/01/01@07:34:36,8710,22.859458
2000/01/01@07:34:37,8711,22.860142
2000/01/01@07:34:38,8712,22.83768
2000/01/01@07:34:39,8713,22.84125
2000/01/01@07:34:40,8714,22.82794
2000/01/01@07:34:41,8715,22.777246
2000/01/01@07:34:42,8716,22.805508
2000/01/01@07:34:44,8718,22.810796
2000/01/01@07:34:45,8719,22.778448
2000/01/01@07:34:46,8720,22.778818
2000/01/01@07:34:47,8721,22.736514
2000/01/01@07:34:48,8722,22.7189
2000/01/01@07:34:49,8723,22.736572
2000/01/01@07:34:50,8724,22.700694
2000/01/01@07:34:51,8725,22.696158
2000/01/01@07:34:52,8726,22.700166
2000/01/01@07:34:53,8727,22.678632
2000/01/01@07:34:54,8728,22.69253
2000/01/01@07:34:55,8729,22.706816
2000/01/01@07:34:57,8731,22.664878
2000/01/01@07:34:58,8732,22.66056
2000/01/01@07:34:59,8733,22.627032
2000/01/01@07:35:00,8734,22.618402
2000/01/01@07:35:01,8735,22.590674
2000/01/01@07:35:02,8736,22.604276
2000/01/01@07:35:03,8737,22.604884
2000/01/01@07:35:04,8738,22.563032
2000/01/01@07:35:05,8739,22.606914
2000/01/01@07:35:06,8740,22.559254
2000/01/01@07:35:07,8741,22.540034
2000/01/01@07:35:08,8742,22.5504
2000/01/01@07:35:10,8744,22.541088
2000/01/01@07:35:11,8745,22.527344
2000/01/01@07:35:12,8746,22.513662
2000/01/01@07:35:13,8747,22.481196
2000/01/01@07:35:14,8748,22.48224
2000/01/01@07:35:15,8749,22.4726416
2000/01/01@07:35:16,8750,22.452774
2000/01/01@07:35:17,8751,22.425572
2000/01/01@07:35:18,8752,22.435908
2000/01/01@07:35:19,8753,22.418618
2000/01/01@07:35:20,8754,22.44997
2000/01/01@07:35:21,8755,22.4275152
2000/01/01@07:35:23,8757,22.427378
2000/01/01@07:35:24,8758,22.375918
2000/01/01@07:35:25,8759,22.404262
2000/01/01@07:35:26,8760,22.343652
2000/01/01@07:35:27,8761,22.335956
2000/01/01@07:35:28,8762,22.35438
2000/01/01@07:35:29,8763,22.322188
2000/01/01@07:35:30,8764,22.364502
2000/01/01@07:35:31,8765,22.303238
2000/01/01@07:35:32,8766,22.318942
2000/01/01@07:35:33,8767,22.303754
2000/01/01@07:35:34,8768,22.267418
2000/01/01@07:35:36,8770,22.253956
2000/01/01@07:35:37,8771,22.244068
2000/01/01@07:35:38,8772,22.254796
2000/01/01@07:35:39,8773,22.24519
2000/01/01@07:35:40,8774,22.212632
2000/01/01@07:35:41,8775,22.218516
2000/01/01@07:35:42,8776,22.18164
2000/01/01@07:35:43,8777,22.181484
2000/01/01@07:35:44,8778,22.181876
2000/01/01@07:35:45,8779,22.159352
2000/01/01@07:35:46,8780,22.182784
2000/01/01@07:35:48,8782,22.13502
2000/01/01@07:35:49,8783,22.1358492
2000/01/01@07:35:50,8784,22.13623
2000/01/01@07:35:51,8785,22.080316
2000/01/01@07:35:52,8786,22.089688
2000/01/01@07:35:53,8787,22.063008
2000/01/01@07:35:54,8788,22.091718
2000/01/01@07:35:55,8789,22.050014
2000/01/01@07:35:56,8790,22.040864
2000/01/01@07:35:57,8791,22.03981
2000/01/01@07:35:58,8792,22.050912
2000/01/01@07:35:59,8793,22.012232
2000/01/01@07:36:01,8795,22.018194
2000/01/01@07:36:02,8796,21.980644
2000/01/01@07:36:03,8797,22.014654
2000/01/01@07:36:04,8798,22.01563
2000/01/01@07:36:05,8799,21.986988
2000/01/01@07:36:06,8800,21.95889
2000/01/01@07:36:07,8801,21.944684
2000/01/01@07:36:08,8802,21.959556
2000/01/01@07:36:09,8803,21.908404
2000/01/01@07:36:10,8804,21.90334
2000/01/01@07:36:11,8805,21.923374
2000/01/01@07:36:12,8806,21.920104
2000/01/01@07:36:14,8808,21.891396
2000/01/01@07:36:15,8809,21.901758
2000/01/01@07:36:16,8810,21.878184
2000/01/01@07:36:17,8811,21.8533
2000/01/01@07:36:18,8812,21.883374
2000/01/01@07:36:19,8813,21.846132
2000/01/01@07:36:20,8814,21.823614
2000/01/01@07:36:21,8815,21.860264
2000/01/01@07:36:22,8816,21.790824
2000/01/01@07:36:23,8817,21.775874
2000/01/01@07:36:24,8818,21.791284
2000/01/01@07:36:25,8819,21.800502
2000/01/01@07:36:27,8821,21.768086
2000/01/01@07:36:28,8822,21.750176
2000/01/01@07:36:29,8823,21.763994
2000/01/01@07:36:30,8824,21.68022
2000/01/01@07:36:31,8825,21.745922
2000/01/01@07:36:32,8826,21.680736
2000/01/01@07:36:33,8827,21.681792
2000/01/01@07:36:34,8828,21.732406
2000/01/01@07:36:35,8829,21.65837
2000/01/01@07:36:36,8830,21.676498
2000/01/01@07:36:37,8831,21.616494
2000/01/01@07:36:38,8832,21.64855
2000/01/01@07:36:40,8834,21.645736
2000/01/01@07:36:41,8835,21.621782
2000/01/01@07:36:42,8836,21.621636
2000/01/01@07:36:43,8837,21.593384
2000/01/01@07:36:44,8838,21.594282
2000/01/01@07:36:45,8839,21.576006
2000/01/01@07:36:46,8840,21.581578
2000/01/01@07:36:47,8841,21.543282
2000/01/01@07:36:48,8842,21.564502
2000/01/01@07:36:49,8843,21.534224
2000/01/01@07:36:50,8844,21.544716
2000/01/01@07:36:52,8846,21.555048
2000/01/01@07:36:53,8847,21.517656
2000/01/01@07:36:54,8848,21.503682
2000/01/01@07:36:55,8849,21.500356
2000/01/01@07:36:56,8850,21.481464
2000/01/01@07:36:57,8851,21.476992
2000/01/01@07:36:58,8852,21.466728
2000/01/01@07:36:59,8853,21.452978
2000/01/01@07:37:00,8854,21.434302
2000/01/01@07:37:01,8855,21.4158
2000/01/01@07:37:02,8856,21.43484
2000/01/01@07:37:03,8857,21.393438
2000/01/01@07:37:05,8859,21.38958
2000/01/01@07:37:06,8860,21.375226
2000/01/01@07:37:07,8861,21.395088
2000/01/01@07:37:08,8862,21.372124
2000/01/01@07:37:09,8863,21.357994
2000/01/01@07:37:10,8864,21.368878
2000/01/01@07:37:11,8865,21.350352
2000/01/01@07:37:12,8866,21.313404
2000/01/01@07:37:13,8867,21.317558
2000/01/01@07:37:14,8868,21.290284
2000/01/01@07:37:15,8869,21.27564
2000/01/01@07:37:16,8870,21.276158
2000/01/01@07:37:18,8872,21.258404
2000/01/01@07:37:19,8873,21.268222
2000/01/01@07:37:20,8874,21.259156
2000/01/01@07:37:21,8875,21.245102
2000/01/01@07:37:22,8876,21.211998
2000/01/01@07:37:23,8877,21.194774
2000/01/01@07:37:24,8878,21.222666
2000/01/01@07:37:25,8879,21.167208
2000/01/01@07:37:26,8880,21.200074
2000/01/01@07:37:27,8881,21.16251
2000/01/01@07:37:28,8882,21.10668
2000/01/01@07:37:29,8883,21.158882
2000/01/01@07:37:31,8885,21.15503
2000/01/01@07:37:32,8886,21.107568
2000/01/01@07:37:33,8887,21.065868
2000/01/01@07:37:34,8888,21.08559
2000/01/01@07:37:35,8889,21.08083
2000/01/01@07:37:36,8890,21.067304
2000/01/01@07:37:37,8891,21.04516
2000/01/01@07:37:38,8892,21.035264
2000/01/01@07:37:39,8893,21.020606
2000/01/01@07:37:40,8894,20.993032
2000/01/01@07:37:41,8895,21.018858
2000/01/01@07:37:42,8896,20.953208
2000/01/01@07:37:44,8898,20.98645
2000/01/01@07:37:45,8899,20.966802
2000/01/01@07:37:46,8900,20.977002
2000/01/01@07:37:47,8901,20.935146
2000/01/01@07:37:48,8902,20.936348
2000/01/01@07:37:49,8903,20.925854
2000/01/01@07:37:50,8904,20.922902
2000/01/01@07:37:51,8905,20.917392
2000/01/01@07:37:52,8906,20.87084
2000/01/01@07:37:53,8907,20.88142
2000/01/01@07:37:54,8908,20.867526
2000/01/01@07:37:56,8910,20.857772
2000/01/01@07:37:57,8911,20.834498
2000/01/01@07:37:58,8912,20.816356
2000/01/01@07:37:59,8913,20.831396
2000/01/01@07:38:00,8914,20.812428
2000/01/01@07:38:01,8915,20.8131
2000/01/01@07:38:02,8916,20.78484
2000/01/01@07:38:03,8917,20.7992
2000/01/01@07:38:04,8918,20.757934
2000/01/01@07:38:05,8919,20.767012
2000/01/01@07:38:06,8920,20.758618
2000/01/01@07:38:07,8921,20.721216
2000/01/01@07:38:09,8923,20.741464
2000/01/01@07:38:10,8924,20.689102
2000/01/01@07:38:11,8925,20.69833
2000/01/01@07:38:12,8926,20.693936
2000/01/01@07:38:13,8927,20.66599
2000/01/01@07:38:14,8928,20.66764
2000/01/01@07:38:15,8929,20.657828
2000/01/01@07:38:16,8930,20.640074
2000/01/01@07:38:17,8931,20.635674
2000/01/01@07:38:18,8932,20.635752
2000/01/01@07:38:19,8933,20.63628
2000/01/01@07:38:20,8934,20.61839
2000/01/01@07:38:22,8936,20.579994
2000/01/01@07:38:23,8937,20.56578
2000/01/01@07:38:24,8938,20.590644
2000/01/01@07:38:25,8939,20.54894
2000/01/01@07:38:26,8940,20.539414
2000/01/01@07:38:27,8941,20.5388868
2000/01/01@07:38:28,8942,20.544624
2000/01/01@07:38:29,8943,20.532076
2000/01/01@07:38:30,8944,20.518022
2000/01/01@07:38:31,8945,20.490006
2000/01/01@07:38:32,8946,20.508882
2000/01/01@07:38:33,8947,20.48538
2000/01/01@07:38:35,8949,20.448224
2000/01/01@07:38:36,8950,20.472314
2000/01/01@07:38:37,8951,20.44503
2000/01/01@07:38:38,8952,20.43037
2000/01/01@07:38:39,8953,20.444814
2000/01/01@07:38:40,8954,20.404296
2000/01/01@07:38:41,8955,20.4046
2000/01/01@07:38:42,8956,20.39977
2000/01/01@07:38:43,8957,20.384972
2000/01/01@07:38:44,8958,20.36683
2000/01/01@07:38:45,8959,20.362676
2000/01/01@07:38:46,8960,20.338642
2000/01/01@07:38:48,8962,20.325498
2000/01/01@07:38:49,8963,20.32127
2000/01/01@07:38:50,8964,20.321484
2000/01/01@07:38:51,8965,20.307138
2000/01/01@07:38:52,8966,20.28439
2000/01/01@07:38:53,8967,20.288628
2000/01/01@07:38:54,8968,20.256898
2000/01/01@07:38:55,8969,20.242534
2000/01/01@07:38:56,8970,20.25727
2000/01/01@07:38:57,8971,20.26792
2000/01/01@07:38:58,8972,20.220922
2000/01/01@07:39:00,8974,20.235196
2000/01/01@07:39:01,8975,20.216314
2000/01/01@07:39:02,8976,20.22582
2000/01/01@07:39:03,8977,20.22228
2000/01/01@07:39:04,8978,20.174302
2000/01/01@07:39:05,8979,20.160472
2000/01/01@07:39:06,8980,20.162144
2000/01/01@07:39:07,8981,20.153302
2000/01/01@07:39:08,8982,20.124062
2000/01/01@07:39:09,8983,20.129498
2000/01/01@07:39:10,8984,20.109848
2000/01/01@07:39:11,8985,20.098056
2000/01/01@07:39:13,8987,20.107588
2000/01/01@07:39:14,8988,20.093656
2000/01/01@07:39:15,8989,20.056346
2000/01/01@07:39:16,8990,20.065038
2000/01/01@07:39:17,8991,20.032768
2000/01/01@07:39:18,8992,20.00913
2000/01/01@07:39:19,8993,20.0192492
2000/01/01@07:39:20,8994,20.001186
2000/01/01@07:39:21,8995,20.020148
2000/01/01@07:39:22,8996,19.988282
2000/01/01@07:39:23,8997,19.99681
2000/01/01@07:39:24,8998,19.983652
2000/01/01@07:39:26,9000,19.992648
2000/01/01@07:39:27,9001,19.970214
2000/01/01@07:39:28,9002,19.928354
2000/01/01@07:39:29,9003,19.956836
2000/01/01@07:39:30,9004,19.905158
2000/01/01@07:39:31,9005,19.949946
2000/01/01@07:39:32,9006,19.943692
2000/01/01@07:39:33,9007,19.901908
2000/01/01@07:39:34,9008,19.89291
2000/01/01@07:39:35,9009,19.892772
2000/01/01@07:39:36,9010,19.893136
2000/01/01@07:39:37,9011,19.85664
2000/01/01@07:39:39,9013,19.851954
2000/01/01@07:39:40,9014,19.84289
2000/01/01@07:39:41,9015,19.838262
2000/01/01@07:39:42,9016,19.825058
2000/01/01@07:39:43,9017,19.80957
2000/01/01@07:39:44,9018,19.805792
2000/01/01@07:39:45,9019,19.79725
2000/01/01@07:39:46,9020,19.787944
2000/01/01@07:39:47,9021,19.7450384
2000/01/01@07:39:48,9022,19.765196
2000/01/01@07:39:49,9023,19.756372
2000/01/01@07:39:51,9025,19.76498
2000/01/01@07:39:52,9026,19.710732
2000/01/01@07:39:53,9027,19.724932
2000/01/01@07:39:54,9028,19.72372
2000/01/01@07:39:55,9029,19.747596
2000/01/01@07:39:56,9030,19.715698
2000/01/01@07:39:57,9031,19.71481
2000/01/01@07:39:58,9032,19.669322
2000/01/01@07:39:59,9033,19.69817
2000/01/01@07:40:00,9034,19.684654
2000/01/01@07:40:01,9035,19.646278
2000/01/01@07:40:02,9036,19.64665
2000/01/01@07:40:04,9038,19.623608
2000/01/01@07:40:05,9039,19.620502
2000/01/01@07:40:06,9040,19.623608
2000/01/01@07:40:07,9041,19.632972
2000/01/01@07:40:08,9042,19.624224
2000/01/01@07:40:09,9043,19.592392
2000/01/01@07:40:10,9044,19.54979
2000/01/01@07:40:11,9045,19.583168
2000/01/01@07:40:12,9046,19.597074
2000/01/01@07:40:13,9047,19.5361716
2000/01/01@07:40:14,9048,19.556046
2000/01/01@07:40:15,9049,19.518638
2000/01/01@07:40:17,9051,19.503916
2000/01/01@07:40:18,9052,19.49975
2000/01/01@07:40:19,9053,19.46289
2000/01/01@07:40:20,9054,19.480938
2000/01/01@07:40:21,9055,19.45813
2000/01/01@07:40:22,9056,19.482362
2000/01/01@07:40:23,9057,19.491972
2000/01/01@07:40:24,9058,19.435156
2000/01/01@07:40:25,9059,19.407348
2000/01/01@07:40:26,9060,19.441128
2000/01/01@07:40:27,9061,19.40372
2000/01/01@07:40:28,9062,19.399346
2000/01/01@07:40:30,9064,19.37561
2000/01/01@07:40:31,9065,19.394662
2000/01/01@07:40:32,9066,19.357328
2000/01/01@07:40:33,9067,19.376596
2000/01/01@07:40:34,9068,19.385508
2000/01/01@07:40:35,9069,19.33897
2000/01/01@07:40:36,9070,19.334946
2000/01/01@07:40:37,9071,19.34463
2000/01/01@07:40:38,9072,19.315912
2000/01/01@07:40:39,9073,19.293554
2000/01/01@07:40:40,9074,19.288276
2000/01/01@07:40:41,9075,19.293788
2000/01/01@07:40:43,9077,19.285386
2000/01/01@07:40:44,9078,19.234174
2000/01/01@07:40:45,9079,19.244062
2000/01/01@07:40:46,9080,19.272398
2000/01/01@07:40:47,9081,19.254262
2000/01/01@07:40:48,9082,19.22547
2000/01/01@07:40:49,9083,19.240054
2000/01/01@07:40:50,9084,19.2106584
2000/01/01@07:40:51,9085,19.235972
2000/01/01@07:40:52,9086,19.198646
2000/01/01@07:40:53,9087,19.18459
2000/01/01@07:40:54,9088,19.217236
2000/01/01@07:40:56,9090,19.190254
2000/01/01@07:40:57,9091,19.1617052
2000/01/01@07:40:58,9092,19.171816
2000/01/01@07:40:59,9093,19.157324
2000/01/01@07:41:00,9094,19.162914
2000/01/01@07:41:01,9095,19.134728
2000/01/01@07:41:02,9096,19.153242
2000/01/01@07:41:03,9097,19.120302
2000/01/01@07:41:04,9098,19.1300432
2000/01/01@07:41:05,9099,19.135166
2000/01/01@07:41:06,9100,19.102686
2000/01/01@07:41:07,9101,19.103672
2000/01/01@07:41:09,9103,19.108502
2000/01/01@07:41:10,9104,19.112514
2000/01/01@07:41:11,9105,19.080548
2000/01/01@07:41:12,9106,19.051598
2000/01/01@07:41:13,9107,19.05711
2000/01/01@07:41:14,9108,19.009678
2000/01/01@07:41:15,9109,19.038678
2000/01/01@07:41:16,9110,19.03392
2000/01/01@07:41:17,9111,18.986924
2000/01/01@07:41:18,9112,18.978322
2000/01/01@07:41:19,9113,18.973858
2000/01/01@07:41:21,9115,18.9693884
2000/01/01@07:41:22,9116,18.950214
2000/01/01@07:41:23,9117,18.94665
2000/01/01@07:41:24,9118,18.923978
2000/01/01@07:41:25,9119,18.965846
2000/01/01@07:41:26,9120,18.917934
2000/01/01@07:41:27,9121,18.937506
2000/01/01@07:41:28,9122,18.923228
2000/01/01@07:41:29,9123,18.910752
2000/01/01@07:41:30,9124,18.854098
2000/01/01@07:41:31,9125,18.892018
2000/01/01@07:41:32,9126,18.858262
2000/01/01@07:41:34,9128,18.844054
2000/01/01@07:41:35,9129,18.864756
2000/01/01@07:41:36,9130,18.873286
2000/01/01@07:41:37,9131,18.845478
2000/01/01@07:41:38,9132,18.84586
2000/01/01@07:41:39,9133,18.81005
2000/01/01@07:41:40,9134,18.752172
2000/01/01@07:41:41,9135,18.77642
2000/01/01@07:41:42,9136,18.771812
2000/01/01@07:41:43,9137,18.76335
2000/01/01@07:41:44,9138,18.781104
2000/01/01@07:41:45,9139,18.777622
2000/01/01@07:41:47,9141,18.74416
2000/01/01@07:41:48,9142,18.7406
2000/01/01@07:41:49,9143,18.7498136
2000/01/01@07:41:50,9144,18.706904
2000/01/01@07:41:51,9145,18.68915
2000/01/01@07:41:52,9146,18.704108
2000/01/01@07:41:53,9147,18.666476
2000/01/01@07:41:54,9148,18.657182
2000/01/01@07:41:55,9149,18.714004
2000/01/01@07:41:56,9150,18.662104
2000/01/01@07:41:57,9151,18.653868
2000/01/01@07:41:58,9152,18.659752
2000/01/01@07:42:00,9154,18.645542
2000/01/01@07:42:01,9155,18.620308
2000/01/01@07:42:02,9156,18.639808
2000/01/01@07:42:03,9157,18.629834
2000/01/01@07:42:04,9158,18.63588
2000/01/01@07:42:05,9159,18.589262
2000/01/01@07:42:06,9160,18.597882
2000/01/01@07:42:07,9161,18.588432
2000/01/01@07:42:08,9162,18.556768
2000/01/01@07:42:09,9163,18.58897
2000/01/01@07:42:10,9164,18.55669
2000/01/01@07:42:11,9165,18.5340284
2000/01/01@07:42:13,9167,18.538712
2000/01/01@07:42:14,9168,18.524814
2000/01/01@07:42:15,9169,18.510438
2000/01/01@07:42:16,9170,18.50646
2000/01/01@07:42:17,9171,18.520342
2000/01/01@07:42:18,9172,18.512032
2000/01/01@07:42:19,9173,18.464204
2000/01/01@07:42:20,9174,18.46444
2000/01/01@07:42:21,9175,18.455438
2000/01/01@07:42:22,9176,18.426576
2000/01/01@07:42:23,9177,18.469342
2000/01/01@07:42:25,9179,18.447964
2000/01/01@07:42:26,9180,18.414722
2000/01/01@07:42:27,9181,18.391908
2000/01/01@07:42:28,9182,18.43315
2000/01/01@07:42:29,9183,18.415864
2000/01/01@07:42:30,9184,18.382676
2000/01/01@07:42:31,9185,18.373916
2000/01/01@07:42:32,9186,18.36855
2000/01/01@07:42:33,9187,18.3449652
2000/01/01@07:42:34,9188,18.345582
2000/01/01@07:42:35,9189,18.336582
2000/01/01@07:42:36,9190,18.350482
2000/01/01@07:42:38,9192,18.336132
2000/01/01@07:42:39,9193,18.323524
2000/01/01@07:42:40,9194,18.30774
2000/01/01@07:42:41,9195,18.286254
2000/01/01@07:42:42,9196,18.28603
2000/01/01@07:42:43,9197,18.271762
2000/01/01@07:42:44,9198,18.267378
2000/01/01@07:42:45,9199,18.281134
2000/01/01@07:42:46,9200,18.239658
2000/01/01@07:42:47,9201,18.193252
2000/01/01@07:42:48,9202,18.250376
2000/01/01@07:42:49,9203,18.226202
2000/01/01@07:42:51,9205,18.236178
2000/01/01@07:42:52,9206,18.19868
2000/01/01@07:42:53,9207,18.21335
2000/01/01@07:42:54,9208,18.193858
2000/01/01@07:42:55,9209,18.2087252
2000/01/01@07:42:56,9210,18.167026
2000/01/01@07:42:57,9211,18.156914
2000/01/01@07:42:58,9212,18.143842
2000/01/01@07:42:59,9213,18.129858
2000/01/01@07:43:00,9214,18.129262
2000/01/01@07:43:01,9215,18.138252
2000/01/01@07:43:02,9216,18.115576
2000/01/01@07:43:04,9218,18.121016
2000/01/01@07:43:05,9219,18.097666
2000/01/01@07:43:06,9220,18.107788
2000/01/01@07:43:07,9221,18.065484
2000/01/01@07:43:08,9222,18.071074
2000/01/01@07:43:09,9223,18.05649
2000/01/01@07:43:10,9224,18.060874
2000/01/01@07:43:11,9225,18.051426
2000/01/01@07:43:12,9226,18.032988
2000/01/01@07:43:13,9227,18.027168
2000/01/01@07:43:14,9228,18.001334
2000/01/01@07:43:15,9229,17.996954
2000/01/01@07:43:17,9231,17.991728
2000/01/01@07:43:18,9232,17.9587252
2000/01/01@07:43:19,9233,17.9538668
2000/01/01@07:43:20,9234,17.945054
2000/01/01@07:43:21,9235,17.954872
2000/01/01@07:43:22,9236,17.913076
2000/01/01@07:43:23,9237,17.904844
2000/01/01@07:43:24,9238,17.922232
2000/01/01@07:43:25,9239,17.898116
2000/01/01@07:43:26,9240,17.913768
2000/01/01@07:43:27,9241,17.885498
2000/01/01@07:43:29,9243,17.885724
2000/01/01@07:43:30,9244,17.876284
2000/01/01@07:43:31,9245,17.87607
2000/01/01@07:43:32,9246,17.847876
2000/01/01@07:43:33,9247,17.847114
2000/01/01@07:43:34,9248,17.818848
2000/01/01@07:43:35,9249,17.852788
2000/01/01@07:43:36,9250,17.805342
2000/01/01@07:43:37,9251,17.824678
2000/01/01@07:43:38,9252,17.786226
2000/01/01@07:43:39,9253,17.788258
2000/01/01@07:43:40,9254,17.772632
2000/01/01@07:43:42,9256,17.7776068
2000/01/01@07:43:43,9257,17.77354
2000/01/01@07:43:44,9258,17.772632
2000/01/01@07:43:45,9259,17.740816
2000/01/01@07:43:46,9260,17.750176
2000/01/01@07:43:47,9261,17.7226816
2000/01/01@07:43:48,9262,17.72751
2000/01/01@07:43:49,9263,17.712178
2000/01/01@07:43:50,9264,17.70757
2000/01/01@07:43:51,9265,17.703554
2000/01/01@07:43:52,9266,17.666016
2000/01/01@07:43:53,9267,17.703184
2000/01/01@07:43:55,9269,17.703946
2000/01/01@07:43:56,9270,17.661334
2000/01/01@07:43:57,9271,17.609038
2000/01/01@07:43:58,9272,17.613726
2000/01/01@07:43:59,9273,17.614868
2000/01/01@07:44:00,9274,17.62378
2000/01/01@07:44:01,9275,17.614264
2000/01/01@07:44:02,9276,17.591508
2000/01/01@07:44:03,9277,17.582754
2000/01/01@07:44:04,9278,17.544302
2000/01/01@07:44:05,9279,17.601036
2000/01/01@07:44:06,9280,17.578662
2000/01/01@07:44:08,9282,17.544076
2000/01/01@07:44:09,9283,17.5492
2000/01/01@07:44:10,9284,17.53643
2000/01/01@07:44:11,9285,17.502282
2000/01/01@07:44:12,9286,17.507794
2000/01/01@07:44:13,9287,17.484004
2000/01/01@07:44:14,9288,17.503638
2000/01/01@07:44:15,9289,17.527062
2000/01/01@07:44:16,9290,17.479536
2000/01/01@07:44:17,9291,17.49005
2000/01/01@07:44:18,9292,17.446972
2000/01/01@07:44:19,9293,17.4568708
2000/01/01@07:44:21,9295,17.427866
2000/01/01@07:44:22,9296,17.427856
2000/01/01@07:44:23,9297,17.433688
2000/01/01@07:44:24,9298,17.424316
2000/01/01@07:44:25,9299,17.434438
2000/01/01@07:44:26,9300,17.410556
2000/01/01@07:44:27,9301,17.382358
2000/01/01@07:44:28,9302,17.380854
2000/01/01@07:44:29,9303,17.349062
2000/01/01@07:44:30,9304,17.378512
2000/01/01@07:44:31,9305,17.373848
2000/01/01@07:44:33,9307,17.378512
2000/01/01@07:44:34,9308,17.321846
2000/01/01@07:44:35,9309,17.326532
2000/01/01@07:44:36,9310,17.31733
2000/01/01@07:44:37,9311,17.3165
2000/01/01@07:44:38,9312,17.336664
2000/01/01@07:44:39,9313,17.331514
2000/01/01@07:44:40,9314,17.28899
2000/01/01@07:44:41,9315,17.307354
2000/01/01@07:44:42,9316,17.298966
2000/01/01@07:44:43,9317,17.309308
2000/01/01@07:44:44,9318,17.26602
2000/01/01@07:44:46,9320,17.260732
2000/01/01@07:44:47,9321,17.238282
2000/01/01@07:44:48,9322,17.25666
2000/01/01@07:44:49,9323,17.23912
2000/01/01@07:44:50,9324,17.210248
2000/01/01@07:44:51,9325,17.219398
2000/01/01@07:44:52,9326,17.205498
2000/01/01@07:44:53,9327,17.197194
2000/01/01@07:44:54,9328,17.1685416
2000/01/01@07:44:55,9329,17.163476
2000/01/01@07:44:56,9330,17.154414
2000/01/01@07:44:57,9331,17.158272
2000/01/01@07:44:59,9333,17.1394732
2000/01/01@07:45:00,9334,17.136064
2000/01/01@07:45:01,9335,17.156006
2000/01/01@07:45:02,9336,17.159024
2000/01/01@07:45:03,9337,17.121548
2000/01/01@07:45:04,9338,17.113086
2000/01/01@07:45:05,9339,17.090126
2000/01/01@07:45:06,9340,17.10016
2000/01/01@07:45:07,9341,17.095108
2000/01/01@07:45:08,9342,17.07682
2000/01/01@07:45:09,9343,17.071464
2000/01/01@07:45:10,9344,17.063066
2000/01/01@07:45:12,9346,17.006626
2000/01/01@07:45:13,9347,17.049018
2000/01/01@07:45:14,9348,17.067676
2000/01/01@07:45:15,9349,16.998168
2000/01/01@07:45:16,9350,17.03625
2000/01/01@07:45:17,9351,17.01168
2000/01/01@07:45:18,9352,17.012138
2000/01/01@07:45:19,9353,16.979038
2000/01/01@07:45:20,9354,16.975492
2000/01/01@07:45:21,9355,16.975492
2000/01/01@07:45:22,9356,16.960678
2000/01/01@07:45:24,9358,16.98963
2000/01/01@07:45:25,9359,16.94211
2000/01/01@07:45:26,9360,16.919434
2000/01/01@07:45:27,9361,16.948828
2000/01/01@07:45:28,9362,16.943534
2000/01/01@07:45:29,9363,16.935006
2000/01/01@07:45:30,9364,16.934996
2000/01/01@07:45:31,9365,16.914752
2000/01/01@07:45:32,9366,16.901602
2000/01/01@07:45:33,9367,16.8830916
2000/01/01@07:45:34,9368,16.892848
2000/01/01@07:45:35,9369,16.8972944
2000/01/01@07:45:37,9371,16.883912
2000/01/01@07:45:38,9372,16.870166
2000/01/01@07:45:39,9373,16.870088
2000/01/01@07:45:40,9374,16.865166
2000/01/01@07:45:41,9375,16.85603
2000/01/01@07:45:42,9376,16.852768
2000/01/01@07:45:43,9377,16.819396
2000/01/01@07:45:44,9378,16.819542
2000/01/01@07:45:45,9379,16.81062
2000/01/01@07:45:46,9380,16.834048
2000/01/01@07:45:47,9381,16.835844
2000/01/01@07:45:48,9382,16.788042
2000/01/01@07:45:50,9384,16.792568
2000/01/01@07:45:51,9385,16.797022
2000/01/01@07:45:52,9386,16.76875
2000/01/01@07:45:53,9387,16.774198
2000/01/01@07:45:54,9388,16.759772
2000/01/01@07:45:55,9389,16.783794
2000/01/01@07:45:56,9390,16.75123
2000/01/01@07:45:57,9391,16.760592
2000/01/01@07:45:58,9392,16.759916
2000/01/01@07:45:59,9393,16.737094
2000/01/01@07:46:00,9394,16.713676
2000/01/01@07:46:01,9395,16.709438
2000/01/01@07:46:03,9397,16.74791
2000/01/01@07:46:04,9398,16.681792
2000/01/01@07:46:05,9399,16.69623
2000/01/01@07:46:06,9400,16.700684
2000/01/01@07:46:07,9401,16.700918
2000/01/01@07:46:08,9402,16.68397
2000/01/01@07:46:09,9403,16.673706
2000/01/01@07:46:10,9404,16.662744
2000/01/01@07:46:11,9405,16.6917
2000/01/01@07:46:12,9406,16.65059
2000/01/01@07:46:13,9407,16.665088
2000/01/01@07:46:14,9408,16.65603
2000/01/01@07:46:16,9410,16.636534
2000/01/01@07:46:17,9411,16.61749
2000/01/01@07:46:18,9412,16.614092
2000/01/01@07:46:19,9413,16.61786
2000/01/01@07:46:20,9414,16.581372
2000/01/01@07:46:21,9415,16.619522
2000/01/01@07:46:22,9416,16.567784
2000/01/01@07:46:23,9417,16.605484
2000/01/01@07:46:24,9418,16.581294
2000/01/01@07:46:25,9419,16.55396
2000/01/01@07:46:26,9420,16.571846
2000/01/01@07:46:28,9422,16.555004
2000/01/01@07:46:29,9423,16.54459
2000/01/01@07:46:30,9424,16.517684
2000/01/01@07:46:31,9425,16.546308
2000/01/01@07:46:32,9426,16.541846
2000/01/01@07:46:33,9427,16.504
2000/01/01@07:46:34,9428,16.537398
2000/01/01@07:46:35,9429,16.48957
2000/01/01@07:46:36,9430,16.490088
2000/01/01@07:46:37,9431,16.490166
2000/01/01@07:46:38,9432,16.504302
2000/01/01@07:46:39,9433,16.491534
2000/01/01@07:46:41,9435,16.415824
2000/01/01@07:46:42,9436,16.448158
2000/01/01@07:46:43,9437,16.424964
2000/01/01@07:46:44,9438,16.43002
2000/01/01@07:46:45,9439,16.41689
2000/01/01@07:46:46,9440,16.425962
2000/01/01@07:46:47,9441,16.444614
2000/01/01@07:46:48,9442,16.379638
2000/01/01@07:46:49,9443,16.41128
2000/01/01@07:46:50,9444,16.350996
2000/01/01@07:46:51,9445,16.360596
2000/01/01@07:46:52,9446,16.37019
2000/01/01@07:46:54,9448,16.34231
2000/01/01@07:46:55,9449,16.337716
2000/01/01@07:46:56,9450,16.336964
2000/01/01@07:46:57,9451,16.346402
2000/01/01@07:46:58,9452,16.337178
2000/01/01@07:46:59,9453,16.329014
2000/01/01@07:47:00,9454,16.333856
2000/01/01@07:47:01,9455,16.324028
2000/01/01@07:47:02,9456,16.295322
2000/01/01@07:47:03,9457,16.26328
2000/01/01@07:47:04,9458,16.291162
2000/01/01@07:47:05,9459,16.271504
2000/01/01@07:47:07,9461,16.258598
2000/01/01@07:47:08,9462,16.230484
2000/01/01@07:47:09,9463,16.259038
2000/01/01@07:47:10,9464,16.277848
2000/01/01@07:47:11,9465,16.24461
2000/01/01@07:47:12,9466,16.268868
2000/01/01@07:47:13,9467,16.216358
2000/01/01@07:47:14,9468,16.202456
2000/01/01@07:47:15,9469,16.231166
2000/01/01@07:47:16,9470,16.197848
2000/01/01@07:47:17,9471,16.188164
2000/01/01@07:47:18,9472,16.211388
2000/01/01@07:47:20,9474,16.198442
2000/01/01@07:47:21,9475,16.18795
2000/01/01@07:47:22,9476,16.136142
2000/01/01@07:47:23,9477,16.170112
2000/01/01@07:47:24,9478,16.14647
2000/01/01@07:47:25,9479,16.160682
2000/01/01@07:47:26,9480,16.164678
2000/01/01@07:47:27,9481,16.123052
2000/01/01@07:47:28,9482,16.136738
2000/01/01@07:47:29,9483,16.126972
2000/01/01@07:47:30,9484,16.114364
2000/01/01@07:47:32,9486,16.1037
2000/01/01@07:47:33,9487,16.085352
2000/01/01@07:47:34,9488,16.127344
2000/01/01@07:47:35,9489,16.09435
2000/01/01@07:47:36,9490,16.071972
2000/01/01@07:47:37,9491,16.086104
2000/01/01@07:47:38,9492,16.104678
2000/01/01@07:47:39,9493,16.081562
2000/01/01@07:47:40,9494,16.062891
2000/01/01@07:47:41,9495,16.009414
2000/01/01@07:47:42,9496,16.038574
2000/01/01@07:47:43,9497,16.024224
2000/01/01@07:47:45,9499,15.981455
2000/01/01@07:47:46,9500,16.024664
2000/01/01@07:47:47,9501,15.991421
2000/01/01@07:47:48,9502,15.992407
2000/01/01@07:47:49,9503,16.001704
2000/01/01@07:47:50,9504,16.006464
2000/01/01@07:47:51,9505,15.964155
2000/01/01@07:47:52,9506,15.950176
2000/01/01@07:47:53,9507,15.939214
2000/01/01@07:47:54,9508,15.945416
2000/01/01@07:47:55,9509,15.959394
2000/01/01@07:47:56,9510,15.908242
2000/01/01@07:47:58,9512,15.955459
2000/01/01@07:47:59,9513,15.903857
2000/01/01@07:48:00,9514,15.908545
2000/01/01@07:48:01,9515,15.884595
2000/01/01@07:48:02,9516,15.904239
2000/01/01@07:48:03,9517,15.884292
2000/01/01@07:48:04,9518,15.898721
2000/01/01@07:48:05,9519,15.861386
2000/01/01@07:48:06,9520,15.898799
2000/01/01@07:48:07,9521,15.866153
2000/01/01@07:48:08,9522,15.889731
2000/01/01@07:48:09,9523,15.871748
2000/01/01@07:48:11,9525,15.842359
2000/01/01@07:48:12,9526,15.838266
2000/01/01@07:48:13,9527,15.85127
2000/01/01@07:48:14,9528,15.84228
2000/01/01@07:48:15,9529,15.815533
2000/01/01@07:48:16,9530,15.801553
2000/01/01@07:48:17,9531,15.824209
2000/01/01@07:48:18,9532,15.767403
2000/01/01@07:48:19,9533,15.758941
2000/01/01@07:48:20,9534,15.758413
2000/01/01@07:48:21,9535,15.755307
2000/01/01@07:48:23,9537,15.735376
2000/01/01@07:48:24,9538,15.768389
2000/01/01@07:48:25,9539,15.749873
2000/01/01@07:48:26,9540,15.758941
2000/01/01@07:48:27,9541,15.735376
2000/01/01@07:48:28,9542,15.7219932
2000/01/01@07:48:29,9543,15.703189
2000/01/01@07:48:30,9544,15.72644
2000/01/01@07:48:31,9545,15.693067
2000/01/01@07:48:32,9546,15.683916
2000/01/01@07:48:33,9547,15.703189
2000/01/01@07:48:34,9548,15.702954
2000/01/01@07:48:36,9550,15.694267
2000/01/01@07:48:37,9551,15.637055
2000/01/01@07:48:38,9552,15.651504
2000/01/01@07:48:39,9553,15.652862
2000/01/01@07:48:40,9554,15.638354
2000/01/01@07:48:41,9555,15.637905
2000/01/01@07:48:42,9556,15.615313
2000/01/01@07:48:43,9557,15.619687
2000/01/01@07:48:44,9558,15.601187
2000/01/01@07:48:45,9559,15.590684
2000/01/01@07:48:46,9560,15.585918
2000/01/01@07:48:47,9561,15.590302
2000/01/01@07:48:49,9563,15.567788
2000/01/01@07:48:50,9564,15.586679
2000/01/01@07:48:51,9565,15.582676
2000/01/01@07:48:52,9566,15.563101
2000/01/01@07:48:53,9567,15.548213
2000/01/01@07:48:54,9568,15.535366
2000/01/01@07:48:55,9569,15.549277
2000/01/01@07:48:56,9570,15.507564
2000/01/01@07:48:57,9571,15.516714
2000/01/01@07:48:58,9572,15.52668
2000/01/01@07:48:59,9573,15.53084
2000/01/01@07:49:01,9575,15.526748
2000/01/01@07:49:02,9576,15.48476
2000/01/01@07:49:03,9577,15.512642
2000/01/01@07:49:04,9578,15.503637
2000/01/01@07:49:05,9579,15.461172
2000/01/01@07:49:06,9580,15.479995
2000/01/01@07:49:07,9581,15.474702
2000/01/01@07:49:08,9582,15.452036
2000/01/01@07:49:09,9583,15.446225
2000/01/01@07:49:10,9584,15.456485
2000/01/01@07:49:11,9585,15.4427384
2000/01/01@07:49:12,9586,15.418706
2000/01/01@07:49:14,9588,15.391436
2000/01/01@07:49:15,9589,15.409433
2000/01/01@07:49:16,9590,15.410108
2000/01/01@07:49:17,9591,15.405654
2000/01/01@07:49:18,9592,15.396279
2000/01/01@07:49:19,9593,15.372476
2000/01/01@07:49:20,9594,15.377534
2000/01/01@07:49:21,9595,15.387568
2000/01/01@07:49:22,9596,15.406465
2000/01/01@07:49:23,9597,15.363779
2000/01/01@07:49:24,9598,15.341187
2000/01/01@07:49:25,9599,15.354336
2000/01/01@07:49:27,9601,15.327139
2000/01/01@07:49:28,9602,15.354258
2000/01/01@07:49:29,9603,15.336587
2000/01/01@07:49:30,9604,15.327432
2000/01/01@07:49:31,9605,15.285044
2000/01/01@07:49:32,9606,15.322452
2000/01/01@07:49:33,9607,15.307642
2000/01/01@07:49:34,9608,15.298955
2000/01/01@07:49:35,9609,15.30772
2000/01/01@07:49:36,9610,15.261172
2000/01/01@07:49:37,9611,15.2568652
2000/01/01@07:49:38,9612,15.238359
2000/01/01@07:49:40,9614,15.227403
2000/01/01@07:49:41,9615,15.270923
2000/01/01@07:49:42,9616,15.24643
2000/01/01@07:49:43,9617,15.247124
2000/01/01@07:49:44,9618,15.219097
2000/01/01@07:49:45,9619,15.200214
2000/01/01@07:49:46,9620,15.247202
2000/01/01@07:49:47,9621,15.191054
2000/01/01@07:49:48,9622,15.172626
2000/01/01@07:49:49,9623,15.181772
2000/01/01@07:49:50,9624,15.173232
2000/01/01@07:49:52,9626,15.148677
2000/01/01@07:49:53,9627,15.168321
2000/01/01@07:49:54,9628,15.182525
2000/01/01@07:49:55,9629,15.154419
2000/01/01@07:49:56,9630,15.173985
2000/01/01@07:49:57,9631,15.111943
2000/01/01@07:49:58,9632,15.121465
2000/01/01@07:49:59,9633,15.112392
2000/01/01@07:50:00,9634,15.11792
2000/01/01@07:50:01,9635,15.1221484
2000/01/01@07:50:02,9636,15.141426
2000/01/01@07:50:03,9637,15.132061
2000/01/01@07:50:05,9639,15.089805
2000/01/01@07:50:06,9640,15.061782
2000/01/01@07:50:07,9641,15.089805
2000/01/01@07:50:08,9642,15.085947
2000/01/01@07:50:09,9643,15.076216
2000/01/01@07:50:10,9644,15.048262
2000/01/01@07:50:11,9645,15.023857
2000/01/01@07:50:12,9646,15.058154
2000/01/01@07:50:13,9647,15.01585
2000/01/01@07:50:14,9648,15.033901
2000/01/01@07:50:15,9649,15.038959
2000/01/01@07:50:16,9650,15.002476
2000/01/01@07:50:18,9652,15.035112
2000/01/01@07:50:19,9653,14.983428
2000/01/01@07:50:20,9654,14.988272
2000/01/01@07:50:21,9655,14.978232
2000/01/01@07:50:22,9656,14.973774
2000/01/01@07:50:23,9657,14.973852
2000/01/01@07:50:24,9658,14.955469
2000/01/01@07:50:25,9659,14.964849
2000/01/01@07:50:26,9660,14.941577
2000/01/01@07:50:27,9661,14.974292
2000/01/01@07:50:28,9662,14.936138
2000/01/01@07:50:29,9663,14.931831
2000/01/01@07:50:31,9665,14.922764
2000/01/01@07:50:32,9666,14.927212
2000/01/01@07:50:33,9667,14.913857
2000/01/01@07:50:34,9668,14.928354
2000/01/01@07:50:35,9669,14.909922
2000/01/01@07:50:36,9670,14.914307
2000/01/01@07:50:37,9671,14.885664
2000/01/01@07:50:38,9672,14.849018
2000/01/01@07:50:39,9673,14.842827
2000/01/01@07:50:40,9674,14.853462
2000/01/01@07:50:41,9675,14.820538
2000/01/01@07:50:43,9677,14.834648
2000/01/01@07:50:44,9678,14.825654
2000/01/01@07:50:45,9679,14.815552
2000/01/01@07:50:46,9680,14.816079
2000/01/01@07:50:47,9681,14.811528
2000/01/01@07:50:48,9682,14.821211
2000/01/01@07:50:49,9683,14.80164
2000/01/01@07:50:50,9684,14.796426
2000/01/01@07:50:51,9685,14.806705
2000/01/01@07:50:52,9686,14.825137
2000/01/01@07:50:53,9687,14.796728
2000/01/01@07:50:54,9688,14.76
2000/01/01@07:50:56,9690,14.722304
2000/01/01@07:50:57,9691,14.745806
2000/01/01@07:50:58,9692,14.760839
2000/01/01@07:50:59,9693,14.750645
2000/01/01@07:51:00,9694,14.713467
2000/01/01@07:51:01,9695,14.719365
2000/01/01@07:51:02,9696,14.688916
2000/01/01@07:51:03,9697,14.708862
2000/01/01@07:51:04,9698,14.660962
2000/01/01@07:51:05,9699,14.69542
2000/01/01@07:51:06,9700,14.7030332
2000/01/01@07:51:07,9701,14.67478
2000/01/01@07:51:09,9703,14.64751
2000/01/01@07:51:10,9704,14.643428
2000/01/01@07:51:11,9705,14.633686
2000/01/01@07:51:12,9706,14.629312
2000/01/01@07:51:13,9707,14.671235
2000/01/01@07:51:14,9708,14.648262
2000/01/01@07:51:15,9709,14.64373
2000/01/01@07:51:16,9710,14.6154
2000/01/01@07:51:17,9711,14.59477
2000/01/01@07:51:18,9712,14.614492
2000/01/01@07:51:19,9713,14.639429
2000/01/01@07:51:20,9714,14.610869
2000/01/01@07:51:22,9716,14.605488
2000/01/01@07:51:23,9717,14.5537416
2000/01/01@07:51:24,9718,14.577549
2000/01/01@07:51:25,9719,14.567656
2000/01/01@07:51:26,9720,14.577851
2000/01/01@07:51:27,9721,14.540152
2000/01/01@07:51:28,9722,14.544292
2000/01/01@07:51:29,9723,14.53562
2000/01/01@07:51:30,9724,14.530552
2000/01/01@07:51:31,9725,14.521777
2000/01/01@07:51:32,9726,14.540376
2000/01/01@07:51:34,9728,14.511514
2000/01/01@07:51:35,9729,14.507583
2000/01/01@07:51:36,9730,14.497759
2000/01/01@07:51:37,9731,14.479473
2000/01/01@07:51:38,9732,14.488755
2000/01/01@07:51:39,9733,14.470323
2000/01/01@07:51:40,9734,14.484902
2000/01/01@07:51:41,9735,14.461108
2000/01/01@07:51:42,9736,14.470323
2000/01/01@07:51:43,9737,14.474717
2000/01/01@07:51:44,9738,14.508335
2000/01/01@07:51:45,9739,14.456119
2000/01/01@07:51:47,9741,14.440722
2000/01/01@07:51:48,9742,14.427339
2000/01/01@07:51:49,9743,14.380571
2000/01/01@07:51:50,9744,14.413589
2000/01/01@07:51:51,9745,14.419106
2000/01/01@07:51:52,9746,14.408828
2000/01/01@07:51:53,9747,14.375659
2000/01/01@07:51:54,9748,14.389722
2000/01/01@07:51:55,9749,14.342193
2000/01/01@07:51:56,9750,14.352841
2000/01/01@07:51:57,9751,14.370825
2000/01/01@07:51:58,9752,14.409961
2000/01/01@07:52:00,9754,14.35209
2000/01/01@07:52:01,9755,14.342642
2000/01/01@07:52:02,9756,14.338257
2000/01/01@07:52:03,9757,14.351553
2000/01/01@07:52:04,9758,14.299058
2000/01/01@07:52:05,9759,14.323535
2000/01/01@07:52:06,9760,14.337427
2000/01/01@07:52:07,9761,14.317705
2000/01/01@07:52:08,9762,14.30064
2000/01/01@07:52:09,9763,14.299136
2000/01/01@07:52:10,9764,14.304868
2000/01/01@07:52:12,9766,14.277207
2000/01/01@07:52:13,9767,14.277197
2000/01/01@07:52:14,9768,14.243072
2000/01/01@07:52:15,9769,14.300337
2000/01/01@07:52:16,9770,14.242993
2000/01/01@07:52:17,9771,14.251817
2000/01/01@07:52:18,9772,14.225
2000/01/01@07:52:19,9773,14.233618
2000/01/01@07:52:20,9774,14.229145
2000/01/01@07:52:21,9775,14.23437
2000/01/01@07:52:22,9776,14.219482
2000/01/01@07:52:23,9777,14.181943
2000/01/01@07:52:25,9779,14.19273
2000/01/01@07:52:26,9780,14.209668
2000/01/01@07:52:27,9781,14.186548
2000/01/01@07:52:28,9782,14.163657
2000/01/01@07:52:29,9783,14.173701
2000/01/01@07:52:30,9784,14.172119
2000/01/01@07:52:31,9785,14.187153
2000/01/01@07:52:32,9786,14.181943
2000/01/01@07:52:33,9787,14.148462
2000/01/01@07:52:34,9788,14.152319
2000/01/01@07:52:35,9789,14.134785
2000/01/01@07:52:36,9790,14.15315
2000/01/01@07:52:38,9792,14.152857
2000/01/01@07:52:39,9793,14.143852
2000/01/01@07:52:40,9794,14.12497
2000/01/01@07:52:41,9795,14.110757
2000/01/01@07:52:42,9796,14.073139
2000/01/01@07:52:43,9797,14.098076
2000/01/01@07:52:44,9798,14.087266
2000/01/01@07:52:45,9799,14.031284
2000/01/01@07:52:46,9800,14.072915
2000/01/01@07:52:47,9801,14.078648
2000/01/01@07:52:48,9802,14.07231
2000/01/01@07:52:49,9803,14.063472
2000/01/01@07:52:51,9805,14.082578
2000/01/01@07:52:52,9806,14.053486
2000/01/01@07:52:53,9807,14.049414
2000/01/01@07:52:54,9808,14.086963
2000/01/01@07:52:55,9809,14.048955
2000/01/01@07:52:56,9810,14.015786
2000/01/01@07:52:57,9811,13.998408
2000/01/01@07:52:58,9812,13.983462
2000/01/01@07:52:59,9813,14.00211
2000/01/01@07:53:00,9814,14.007412
2000/01/01@07:53:01,9815,13.969399
2000/01/01@07:53:03,9816,13.956407
2000/01/01@07:53:04,9818,13.969702
2000/01/01@07:53:05,9819,13.979068
2000/01/01@07:53:06,9820,13.985122
2000/01/01@07:53:07,9821,13.955654
2000/01/01@07:53:08,9822,13.92769
2000/01/01@07:53:09,9823,13.970454
2000/01/01@07:53:10,9824,13.946953
2000/01/01@07:53:11,9825,13.946953
2000/01/01@07:53:12,9826,13.918701
2000/01/01@07:53:13,9827,13.899883
2000/01/01@07:53:14,9828,13.914551
2000/01/01@07:53:16,9830,13.8864352
2000/01/01@07:53:17,9831,13.905186
2000/01/01@07:53:18,9832,13.890293
2000/01/01@07:53:19,9833,13.890674
2000/01/01@07:53:20,9834,13.867632
2000/01/01@07:53:21,9835,13.862945
2000/01/01@07:53:22,9836,13.872319
2000/01/01@07:53:23,9837,13.886661
2000/01/01@07:53:24,9838,13.899883
2000/01/01@07:53:25,9839,13.862408
2000/01/01@07:53:26,9840,13.877144
2000/01/01@07:53:27,9841,13.867251
2000/01/01@07:53:29,9843,13.839443
2000/01/01@07:53:30,9844,13.834687
2000/01/01@07:53:31,9845,13.820786
2000/01/01@07:53:32,9846,13.801661
2000/01/01@07:53:33,9847,13.839668
2000/01/01@07:53:34,9848,13.84376
2000/01/01@07:53:35,9849,13.810659
2000/01/01@07:53:36,9850,13.800752
2000/01/01@07:53:37,9851,13.824419
2000/01/01@07:53:38,9852,13.796767
2000/01/01@07:53:39,9853,13.773872
2000/01/01@07:53:40,9854,13.792305
2000/01/01@07:53:42,9856,13.773931
2000/01/01@07:53:43,9857,13.774322
2000/01/01@07:53:44,9858,13.73646
2000/01/01@07:53:45,9859,13.778169
2000/01/01@07:53:46,9860,13.782632
2000/01/01@07:53:47,9861,13.749072
2000/01/01@07:53:48,9862,13.725503
2000/01/01@07:53:49,9863,13.763208
2000/01/01@07:53:50,9864,13.73956
2000/01/01@07:53:51,9865,13.721196
2000/01/01@07:53:52,9866,13.722027
2000/01/01@07:53:54,9867,13.710175
2000/01/01@07:53:55,9869,13.701709
2000/01/01@07:53:56,9870,13.707383
2000/01/01@07:53:57,9871,13.698233
2000/01/01@07:53:58,9872,13.701631
2000/01/01@07:53:59,9873,13.721645
2000/01/01@07:54:00,9874,13.668384
2000/01/01@07:54:01,9875,13.649716
2000/01/01@07:54:02,9876,13.65502
2000/01/01@07:54:03,9877,13.639814
2000/01/01@07:54:04,9878,13.626909
2000/01/01@07:54:05,9879,13.644434
2000/01/01@07:54:07,9881,13.649424
2000/01/01@07:54:08,9882,13.626684
2000/01/01@07:54:09,9883,13.6121
2000/01/01@07:54:10,9884,13.596836
2000/01/01@07:54:11,9885,13.621001
2000/01/01@07:54:12,9886,13.621391
2000/01/01@07:54:13,9887,13.578335
2000/01/01@07:54:14,9888,13.564262
2000/01/01@07:54:15,9889,13.616851
2000/01/01@07:54:16,9890,13.587695
2000/01/01@07:54:17,9891,13.563824
2000/01/01@07:54:18,9892,13.573716
2000/01/01@07:54:20,9894,13.563442
2000/01/01@07:54:21,9895,13.549775
2000/01/01@07:54:22,9896,13.5407716
2000/01/01@07:54:23,9897,13.554766
2000/01/01@07:54:24,9898,13.516143
2000/01/01@07:54:25,9899,13.487583
2000/01/01@07:54:26,9900,13.540469
2000/01/01@07:54:27,9901,13.526348
2000/01/01@07:54:28,9902,13.52543
2000/01/01@07:54:29,9903,13.502329
2000/01/01@07:54:30,9904,13.52166
2000/01/01@07:54:31,9905,13.474443
2000/01/01@07:54:33,9907,13.506939
2000/01/01@07:54:34,9908,13.497251
2000/01/01@07:54:35,9909,13.468711
2000/01/01@07:54:36,9910,13.459853
2000/01/01@07:54:37,9911,13.454809
2000/01/01@07:54:38,9912,13.454429
2000/01/01@07:54:39,9913,13.440747
2000/01/01@07:54:40,9914,13.421406
2000/01/01@07:54:41,9915,13.4356784
2000/01/01@07:54:42,9916,13.444819
2000/01/01@07:54:43,9917,13.431294
2000/01/01@07:54:45,9919,13.397222
2000/01/01@07:54:46,9920,13.425938
2000/01/01@07:54:47,9921,13.40749
2000/01/01@07:54:48,9922,13.387847
2000/01/01@07:54:49,9923,13.411338
2000/01/01@07:54:50,9924,13.406738
2000/01/01@07:54:51,9925,13.365186
2000/01/01@07:54:52,9926,13.35498
2000/01/01@07:54:53,9927,13.36459
2000/01/01@07:54:54,9928,13.38393
2000/01/01@07:54:55,9929,13.32643
2000/01/01@07:54:56,9930,13.382622
2000/01/01@07:54:58,9932,13.358769
2000/01/01@07:54:59,9933,13.3276416
2000/01/01@07:55:00,9934,13.326206
2000/01/01@07:55:01,9935,13.330884
2000/01/01@07:55:02,9936,13.303535
2000/01/01@07:55:03,9937,13.318047
2000/01/01@07:55:04,9938,13.306699
2000/01/01@07:55:05,9939,13.297871
2000/01/01@07:55:06,9940,13.288579
2000/01/01@07:55:07,9941,13.325835
2000/01/01@07:55:08,9942,13.284194
2000/01/01@07:55:09,9943,13.279048
2000/01/01@07:55:11,9945,13.264927
2000/01/01@07:55:12,9946,13.287973
2000/01/01@07:55:13,9947,13.284116
2000/01/01@07:55:14,9948,13.250117
2000/01/01@07:55:15,9949,13.255557
2000/01/01@07:55:16,9950,13.264174
2000/01/01@07:55:17,9951,13.241055
2000/01/01@07:55:18,9952,13.22232
2000/01/01@07:55:19,9953,13.226919
2000/01/01@07:55:20,9954,13.23145
2000/01/01@07:55:21,9955,13.21355
2000/01/01@07:55:23,9957,13.205166
2000/01/01@07:55:24,9958,13.2227
2000/01/01@07:55:25,9959,13.212476
2000/01/01@07:55:26,9960,13.203565
2000/01/01@07:55:27,9961,13.1892184
2000/01/01@07:55:28,9962,13.184229
2000/01/01@07:55:29,9963,13.188682
2000/01/01@07:55:30,9964,13.175327
2000/01/01@07:55:31,9965,13.199121
2000/01/01@07:55:32,9966,13.146235
2000/01/01@07:55:33,9967,13.147212
2000/01/01@07:55:34,9968,13.123037
2000/01/01@07:55:36,9969,13.113071
2000/01/01@07:55:37,9971,13.1125344
2000/01/01@07:55:38,9972,13.137695
2000/01/01@07:55:39,9973,13.109575
2000/01/01@07:55:40,9974,13.099839
2000/01/01@07:55:41,9975,13.108667
2000/01/01@07:55:42,9976,13.0949952
2000/01/01@07:55:43,9977,13.071358
2000/01/01@07:55:44,9978,13.103843
2000/01/01@07:55:45,9979,13.061611
2000/01/01@07:55:46,9980,13.071347
2000/01/01@07:55:47,9981,13.057822
2000/01/01@07:55:49,9983,13.047549
2000/01/01@07:55:50,9984,13.065918
2000/01/01@07:55:51,9985,13.047842
2000/01/01@07:55:52,9986,13.038174
2000/01/01@07:55:53,9987,13.015288
2000/01/01@07:55:54,9988,13.03833
2000/01/01@07:55:55,9989,13.009546
2000/01/01@07:55:56,9990,13.047861
2000/01/01@07:55:57,9991,12.9960984
2000/01/01@07:55:58,9992,13.023076
2000/01/01@07:55:59,9993,13.009692
2000/01/01@07:56:01,9994,12.9960984
2000/01/01@07:56:02,9996,12.985898
2000/01/01@07:56:03,9997,13.0048488
2000/01/01@07:56:04,9998,12.972304
2000/01/01@07:56:05,9999,12.981592
2000/01/01@07:56:06,10000,12.967842
2000/01/01@07:56:07,10001,12.962481
2000/01/01@07:56:08,10002,12.962402
2000/01/01@07:56:09,10003,12.953042
2000/01/01@07:56:10,10004,12.920772
2000/01/01@07:56:11,10005,12.947818
2000/01/01@07:56:12,10006,12.943051
2000/01/01@07:56:14,10008,12.928628
2000/01/01@07:56:15,10009,12.9157716
2000/01/01@07:56:16,10010,12.905508
2000/01/01@07:56:17,10011,12.892212
2000/01/01@07:56:18,10012,12.901201
2000/01/01@07:56:19,10013,12.891977
2000/01/01@07:56:20,10014,12.863032
2000/01/01@07:56:21,10015,12.853535
2000/01/01@07:56:22,10016,12.891753
2000/01/01@07:56:23,10017,12.848994
2000/01/01@07:56:24,10018,12.85376
2000/01/01@07:56:25,10019,12.868549
2000/01/01@07:56:27,10021,12.85376
2000/01/01@07:56:28,10022,12.825415
2000/01/01@07:56:29,10023,12.8110696
2000/01/01@07:56:30,10024,12.787793
2000/01/01@07:56:31,10025,12.84998
2000/01/01@07:56:32,10026,12.802593
2000/01/01@07:56:33,10027,12.78833
2000/01/01@07:56:34,10028,12.783643
2000/01/01@07:56:35,10029,12.745552
2000/01/01@07:56:36,10030,12.755005
2000/01/01@07:56:37,10031,12.749936
2000/01/01@07:56:38,10032,12.750698
2000/01/01@07:56:40,10034,12.764453
2000/01/01@07:56:41,10035,12.768974
2000/01/01@07:56:42,10036,12.754175
2000/01/01@07:56:43,10037,12.7409528
2000/01/01@07:56:44,10038,12.703164
2000/01/01@07:56:45,10039,12.708467
2000/01/01@07:56:46,10040,12.694483
2000/01/01@07:56:47,10041,12.69418
2000/01/01@07:56:48,10042,12.697266
2000/01/01@07:56:49,10043,12.721597
2000/01/01@07:56:50,10044,12.698477
2000/01/01@07:56:52,10046,12.708388
2000/01/01@07:56:53,10047,12.687754
2000/01/01@07:56:54,10048,12.6989352
2000/01/01@07:56:55,10049,12.654888
2000/01/01@07:56:56,10050,12.659643
2000/01/01@07:56:57,10051,12.678999
2000/01/01@07:56:58,10052,12.617715
2000/01/01@07:56:59,10053,12.637442
2000/01/01@07:57:00,10054,12.642422
2000/01/01@07:57:01,10055,12.599135
2000/01/01@07:57:02,10056,12.660483
2000/01/01@07:57:03,10057,12.622861
2000/01/01@07:57:05,10059,12.608647
2000/01/01@07:57:06,10060,12.618252
2000/01/01@07:57:07,10061,12.599282
2000/01/01@07:57:08,10062,12.580542
2000/01/01@07:57:09,10063,12.59936
2000/01/01@07:57:10,10064,12.590141
2000/01/01@07:57:11,10065,12.566192
2000/01/01@07:57:12,10066,12.574272
2000/01/01@07:57:13,10067,12.5649808
2000/01/01@07:57:14,10068,12.542617
2000/01/01@07:57:15,10069,12.565205
2000/01/01@07:57:17,10070,12.580542
2000/01/01@07:57:18,10072,12.54752
2000/01/01@07:57:19,10073,12.534307
2000/01/01@07:57:20,10074,12.53793
2000/01/01@07:57:21,10075,12.538233
2000/01/01@07:57:22,10076,12.542911
2000/01/01@07:57:23,10077,12.533252
2000/01/01@07:57:24,10078,12.491909
2000/01/01@07:57:25,10079,12.500302
2000/01/01@07:57:26,10080,12.514423
2000/01/01@07:57:27,10081,12.500518
2000/01/01@07:57:28,10082,12.476645
2000/01/01@07:57:30,10084,12.456928
2000/01/01@07:57:31,10085,12.499394
2000/01/01@07:57:32,10086,12.4382712
2000/01/01@07:57:33,10087,12.462895
2000/01/01@07:57:34,10088,12.4579932
2000/01/01@07:57:35,10089,12.448926
2000/01/01@07:57:36,10090,12.471744
2000/01/01@07:57:37,10091,12.433369
2000/01/01@07:57:38,10092,12.420215
2000/01/01@07:57:39,10093,12.40147
2000/01/01@07:57:40,10094,12.406616
2000/01/01@07:57:41,10095,12.415908
2000/01/01@07:57:43,10097,12.411001
2000/01/01@07:57:44,10098,12.419991
2000/01/01@07:57:45,10099,12.411225
2000/01/01@07:57:46,10100,12.382739
2000/01/01@07:57:47,10101,12.401392
2000/01/01@07:57:48,10102,12.377974
2000/01/01@07:57:49,10103,12.391421
2000/01/01@07:57:50,10104,12.378052
2000/01/01@07:57:51,10105,12.354267
2000/01/01@07:57:52,10106,12.316245
2000/01/01@07:57:53,10107,12.346162
2000/01/01@07:57:54,10108,12.340196
2000/01/01@07:57:56,10110,12.325996
2000/01/01@07:57:57,10111,12.320249
2000/01/01@07:57:58,10112,12.324336
2000/01/01@07:57:59,10113,12.329922
2000/01/01@07:58:00,10114,12.326142
2000/01/01@07:58:01,10115,12.283833
2000/01/01@07:58:02,10116,12.301597
2000/01/01@07:58:03,10117,12.315943
2000/01/01@07:58:04,10118,12.329541
2000/01/01@07:58:05,10119,12.305523
2000/01/01@07:58:06,10120,12.282544
2000/01/01@07:58:08,10122,12.248926
2000/01/01@07:58:09,10123,12.28233
2000/01/01@07:58:10,10124,12.273037
2000/01/01@07:58:11,10125,12.249219
2000/01/01@07:58:12,10126,12.26209
2000/01/01@07:58:13,10127,12.23873
2000/01/01@07:58:14,10128,12.229976
2000/01/01@07:58:15,10129,12.244014
2000/01/01@07:58:16,10130,12.225132
2000/01/01@07:58:17,10131,12.235098
2000/01/01@07:58:18,10132,12.243779
2000/01/01@07:58:19,10133,12.215093
2000/01/01@07:58:21,10135,12.225805
2000/01/01@07:58:22,10136,12.210542
2000/01/01@07:58:23,10137,12.201469
2000/01/01@07:58:24,10138,12.187202
2000/01/01@07:58:25,10139,12.196499
2000/01/01@07:58:26,10140,12.215532
2000/01/01@07:58:27,10141,12.14958
2000/01/01@07:58:28,10142,12.172998
2000/01/01@07:58:29,10143,12.159161
2000/01/01@07:58:30,10144,12.181827
2000/01/01@07:58:31,10145,12.153516
2000/01/01@07:58:32,10146,12.167266
2000/01/01@07:58:34,10148,12.186138
2000/01/01@07:58:35,10149,12.1287152
2000/01/01@07:58:36,10150,12.110122
2000/01/01@07:58:37,10151,12.156963
2000/01/01@07:58:38,10152,12.143985
2000/01/01@07:58:39,10153,12.129712
2000/01/01@07:58:40,10154,12.148907
2000/01/01@07:58:41,10155,12.133916
2000/01/01@07:58:42,10156,12.11564
2000/01/01@07:58:43,10157,12.125014
2000/01/01@07:58:44,10158,12.078632
2000/01/01@07:58:46,10160,12.09524
2000/01/01@07:58:47,10161,12.105522
2000/01/01@07:58:48,10162,12.077041
2000/01/01@07:58:49,10163,12.076962
2000/01/01@07:58:50,10164,12.062763
2000/01/01@07:58:51,10165,12.081568
2000/01/01@07:58:52,10166,12.076885
2000/01/01@07:58:53,10167,12.1043216
2000/01/01@07:58:54,10168,12.048623
2000/01/01@07:58:55,10169,12.052256
2000/01/01@07:58:56,10170,12.03791
2000/01/01@07:58:57,10171,12.020073
2000/01/01@07:58:59,10173,12.047949
2000/01/01@07:59:00,10174,12.062168
2000/01/01@07:59:01,10175,12.066309
2000/01/01@07:59:02,10176,12.037832
2000/01/01@07:59:03,10177,12.028838
2000/01/01@07:59:04,10178,12.028682
2000/01/01@07:59:05,10179,12.028076
2000/01/01@07:59:06,10180,12.033067
2000/01/01@07:59:07,10181,11.990835
2000/01/01@07:59:08,10182,11.986148
2000/01/01@07:59:09,10183,11.98727
2000/01/01@07:59:10,10184,12.000053
2000/01/01@07:59:12,10186,11.990757
2000/01/01@07:59:13,10187,11.99522
2000/01/01@07:59:14,10188,11.96333
2000/01/01@07:59:15,10189,11.99522
2000/01/01@07:59:16,10190,11.943223
2000/01/01@07:59:17,10191,11.966728
2000/01/01@07:59:18,10192,11.971035
2000/01/01@07:59:19,10193,11.947236
2000/01/01@07:59:20,10194,11.919424
2000/01/01@07:59:21,10195,11.995142
2000/01/01@07:59:22,10196,11.923203
2000/01/01@07:59:23,10197,11.942929
2000/01/01@07:59:25,10199,11.932656
2000/01/01@07:59:26,10200,11.905601
2000/01/01@07:59:27,10201,11.90523
2000/01/01@07:59:28,10202,11.924111
2000/01/01@07:59:29,10203,11.913916
2000/01/01@07:59:30,10204,11.8943408
2000/01/01@07:59:31,10205,11.872368
2000/01/01@07:59:32,10206,11.866323
2000/01/01@07:59:33,10207,11.867144
2000/01/01@07:59:34,10208,11.899566
2000/01/01@07:59:35,10209,11.884683
2000/01/01@07:59:37,10211,11.874781
2000/01/01@07:59:38,10212,11.86148
2000/01/01@07:59:39,10213,11.8564208
2000/01/01@07:59:40,10214,11.8852008
2000/01/01@07:59:41,10215,11.856714
2000/01/01@07:59:42,10216,11.870933
2000/01/01@07:59:43,10217,11.847813
2000/01/01@07:59:44,10218,11.8647992
2000/01/01@07:59:45,10219,11.828164
2000/01/01@07:59:46,10220,11.861187
2000/01/01@07:59:47,10221,11.804746
2000/01/01@07:59:48,10222,11.808135
2000/01/01@07:59:50,10224,11.822949
2000/01/01@07:59:51,10225,11.780181
2000/01/01@07:59:52,10226,11.799521
2000/01/01@07:59:53,10227,11.7848
2000/01/01@07:59:54,10228,11.7848
2000/01/01@07:59:55,10229,11.784721
2000/01/01@07:59:56,10230,11.7750432
2000/01/01@07:59:57,10231,11.7754344
2000/01/01@07:59:58,10232,11.764761
2000/01/01@07:59:59,10233,11.78397
2000/01/01@08:00:00,10234,11.769751
2000/01/01@08:00:01,10235,11.77399
2000/01/01@08:00:03,10237,11.756079
2000/01/01@08:00:04,10238,11.764692
2000/01/01@08:00:05,10239,11.745562
2000/01/01@08:00:06,10240,11.760395
2000/01/01@08:00:07,10241,11.727514
2000/01/01@08:00:08,10242,11.726987
2000/01/01@08:00:09,10243,11.745502
2000/01/01@08:00:10,10244,11.731441
2000/01/01@08:00:11,10245,11.716719
2000/01/01@08:00:12,10246,11.693516
2000/01/01@08:00:13,10247,11.725855
2000/01/01@08:00:14,10248,11.730835
2000/01/01@08:00:16,10250,11.749576
2000/01/01@08:00:17,10251,11.796426
2000/01/01@08:00:18,10252,11.843506
2000/01/01@08:00:19,10253,11.884985
2000/01/01@08:00:20,10254,12.021054
2000/01/01@08:00:21,10255,12.12103
2000/01/01@08:00:22,10256,12.20271
2000/01/01@08:00:23,10257,12.373599
2000/01/01@08:00:24,10258,12.510137
2000/01/01@08:00:25,10259,12.67372
2000/01/01@08:00:26,10260,12.796196
2000/01/01@08:00:28,10262,12.904248
2000/01/01@08:00:29,10263,13.104854
2000/01/01@08:00:30,10264,13.330918
2000/01/01@08:00:31,10265,13.382061
2000/01/01@08:00:32,10266,13.547075
2000/01/01@08:00:33,10267,13.739136
2000/01/01@08:00:34,10268,13.819219
2000/01/01@08:00:35,10269,13.9355952
2000/01/01@08:00:36,10270,14.006079
2000/01/01@08:00:37,10271,14.3173
2000/01/01@08:00:38,10272,14.414765
2000/01/01@08:00:39,10273,14.532168
2000/01/01@08:00:41,10275,14.634399
2000/01/01@08:00:42,10276,14.784604
2000/01/01@08:00:43,10277,14.921143
2000/01/01@08:00:44,10278,15.009839
2000/01/01@08:00:45,10279,15.108516
2000/01/01@08:00:46,10280,15.221099
2000/01/01@08:00:47,10281,15.427886
2000/01/01@08:00:48,10282,15.573633
2000/01/01@08:00:49,10283,15.591465
2000/01/01@08:00:50,10284,15.765473
2000/01/01@08:00:51,10285,15.97604
2000/01/01@08:00:52,10286,16.093312
2000/01/01@08:00:54,10288,16.220762
2000/01/01@08:00:55,10289,16.295802
2000/01/01@08:00:56,10290,16.507286
2000/01/01@08:00:57,10291,16.590698
2000/01/01@08:00:58,10292,16.750718
2000/01/01@08:00:59,10293,16.805874
2000/01/01@08:01:00,10294,17.026802
2000/01/01@08:01:01,10295,17.138848
2000/01/01@08:01:02,10296,17.335742
2000/01/01@08:01:03,10297,17.448164
2000/01/01@08:01:04,10298,17.4750684
2000/01/01@08:01:05,10299,17.695538
2000/01/01@08:01:07,10301,17.830938
2000/01/01@08:01:08,10302,17.93521
2000/01/01@08:01:09,10303,18.06039
2000/01/01@08:01:10,10304,18.268092
2000/01/01@08:01:11,10305,18.394112
2000/01/01@08:01:12,10306,18.5210584
2000/01/01@08:01:13,10307,18.66687
2000/01/01@08:01:14,10308,18.82456
2000/01/01@08:01:15,10309,18.92339
2000/01/01@08:01:16,10310,19.106592
2000/01/01@08:01:17,10311,19.28453
2000/01/01@08:01:19,10313,19.406776
2000/01/01@08:01:20,10314,19.5329584
2000/01/01@08:01:21,10315,19.725186
2000/01/01@08:01:22,10316,19.838042
2000/01/01@08:01:23,10317,20.044024
2000/01/01@08:01:24,10318,20.185674
2000/01/01@08:01:25,10319,20.263716
2000/01/01@08:01:26,10320,20.422002
2000/01/01@08:01:27,10321,20.496886
2000/01/01@08:01:28,10322,20.797748
2000/01/01@08:01:29,10323,20.895596
2000/01/01@08:01:30,10324,21.056068
2000/01/01@08:01:32,10326,21.23793
2000/01/01@08:01:33,10327,21.39749
2000/01/01@08:01:34,10328,21.500848
2000/01/01@08:01:35,10329,21.574356
2000/01/01@08:01:36,10330,21.8060144
2000/01/01@08:01:37,10331,22.024746
2000/01/01@08:01:38,10332,22.080498
2000/01/01@08:01:39,10333,22.315996
2000/01/01@08:01:40,10334,22.438092
2000/01/01@08:01:41,10335,22.629776
2000/01/01@08:01:42,10336,22.812754
2000/01/01@08:01:43,10337,22.954502
2000/01/01@08:01:45,10339,23.008838
2000/01/01@08:01:46,10340,23.231778
2000/01/01@08:01:47,10341,23.389624
2000/01/01@08:01:48,10342,23.595796
2000/01/01@08:01:49,10343,23.722358
2000/01/01@08:01:50,10344,23.884932
2000/01/01@08:01:51,10345,24.087124
2000/01/01@08:01:52,10346,24.261416
2000/01/01@08:01:53,10347,24.490284
2000/01/01@08:01:54,10348,24.616612
2000/01/01@08:01:55,10349,24.687324
2000/01/01@08:01:56,10350,24.921982
2000/01/01@08:01:58,10352,25.1136568
2000/01/01@08:01:59,10353,25.249296
2000/01/01@08:02:00,10354,25.3761332
2000/01/01@08:02:01,10355,25.6010584
2000/01/01@08:02:02,10356,25.755488
2000/01/01@08:02:03,10357,25.9004
2000/01/01@08:02:04,10358,26.112314
2000/01/01@08:02:05,10359,26.228522
2000/01/01@08:02:06,10360,26.45919
2000/01/01@08:02:07,10361,26.570322
2000/01/01@08:02:08,10362,26.776054
2000/01/01@08:02:10,10364,26.8788
2000/01/01@08:02:11,10365,27.154502
2000/01/01@08:02:12,10366,27.320704
2000/01/01@08:02:13,10367,27.437588
2000/01/01@08:02:14,10368,27.65836
2000/01/01@08:02:15,10369,27.805846
2000/01/01@08:02:16,10370,27.99327
2000/01/01@08:02:17,10371,28.13478
2000/01/01@08:02:18,10372,28.233536
2000/01/01@08:02:19,10373,28.536944
2000/01/01@08:02:20,10374,28.724316
2000/01/01@08:02:21,10375,28.916602
2000/01/01@08:02:23,10377,28.958756
2000/01/01@08:02:24,10378,29.252148
2000/01/01@08:02:25,10379,29.479014
2000/01/01@08:02:26,10380,29.617882
2000/01/01@08:02:27,10381,29.806068
2000/01/01@08:02:28,10382,29.960502
2000/01/01@08:02:29,10383,30.10587
2000/01/01@08:02:30,10384,30.225254
2000/01/01@08:02:31,10385,30.545356
2000/01/01@08:02:32,10386,30.63285
2000/01/01@08:02:33,10387,30.885792
2000/01/01@08:02:34,10388,31.117282
2000/01/01@08:02:36,10390,31.276396
2000/01/01@08:02:37,10391,31.360024
2000/01/01@08:02:38,10392,31.6644232
2000/01/01@08:02:39,10393,31.819448
2000/01/01@08:02:40,10394,32.02192
2000/01/01@08:02:41,10395,32.254016
2000/01/01@08:02:42,10396,32.390764
2000/01/01@08:02:43,10397,32.621124
2000/01/01@08:02:44,10398,32.779488
2000/01/01@08:02:45,10399,32.947356
2000/01/01@08:02:46,10400,33.13116
2000/01/01@08:02:47,10401,33.374496
2000/01/01@08:02:49,10403,33.5774468
2000/01/01@08:02:50,10404,33.739656
2000/01/01@08:02:51,10405,33.99773
2000/01/01@08:02:52,10406,34.09966
2000/01/01@08:02:53,10407,34.355824
2000/01/01@08:02:54,10408,34.57722
2000/01/01@08:02:55,10409,34.775964
2000/01/01@08:02:56,10410,34.938264
2000/01/01@08:02:57,10411,35.013284
2000/01/01@08:02:58,10412,35.33543
2000/01/01@08:02:59,10413,35.546816
2000/01/01@08:03:00,10414,35.75746
2000/01/01@08:03:02,10416,35.916716
2000/01/01@08:03:03,10417,36.10898
2000/01/01@08:03:04,10418,36.339268
2000/01/01@08:03:05,10419,36.5447536
2000/01/01@08:03:06,10420,36.662004
2000/01/01@08:03:07,10421,36.91368
2000/01/01@08:03:08,10422,37.131092
2000/01/01@08:03:09,10423,37.289528
2000/01/01@08:03:10,10424,37.535124
2000/01/01@08:03:11,10425,37.69604
2000/01/01@08:03:12,10426,37.94121
2000/01/01@08:03:14,10428,38.129832
2000/01/01@08:03:15,10429,38.38837
2000/01/01@08:03:16,10430,38.570144
2000/01/01@08:03:17,10431,38.75154
2000/01/01@08:03:18,10432,39.00941
2000/01/01@08:03:19,10433,39.177352
2000/01/01@08:03:20,10434,39.36085
2000/01/01@08:03:21,10435,39.6093936
2000/01/01@08:03:22,10436,39.786344
2000/01/01@08:03:23,10437,39.954968
2000/01/01@08:03:24,10438,40.189852
2000/01/01@08:03:25,10439,40.47444
2000/01/01@08:03:27,10441,40.652444
2000/01/01@08:03:28,10442,40.838308
2000/01/01@08:03:29,10443,41.00254
2000/01/01@08:03:30,10444,41.294296
2000/01/01@08:03:31,10445,41.52365
2000/01/01@08:03:32,10446,41.723568
2000/01/01@08:03:33,10447,41.954276
2000/01/01@08:03:34,10448,42.15956
2000/01/01@08:03:35,10449,42.356444
2000/01/01@08:03:36,10450,42.566544
2000/01/01@08:03:37,10451,42.838368
2000/01/01@08:03:38,10452,43.038576
2000/01/01@08:03:40,10454,43.2918752
2000/01/01@08:03:41,10455,43.469104
2000/01/01@08:03:42,10456,43.75499
2000/01/01@08:03:43,10457,43.95238
2000/01/01@08:03:44,10458,44.14783
2000/01/01@08:03:45,10459,44.37251
2000/01/01@08:03:46,10460,44.53488
2000/01/01@08:03:47,10461,44.785224
2000/01/01@08:03:48,10462,44.941932
2000/01/01@08:03:49,10463,45.217988
2000/01/01@08:03:50,10464,45.424076
2000/01/01@08:03:51,10465,45.65888
2000/01/01@08:03:53,10467,45.857872
2000/01/01@08:03:54,10468,46.19528
2000/01/01@08:03:55,10469,46.30873
2000/01/01@08:03:56,10470,46.566284
2000/01/01@08:03:57,10471,46.75713
2000/01/01@08:03:58,10472,47.041636
2000/01/01@08:03:59,10473,47.248976
2000/01/01@08:04:00,10474,47.428036
2000/01/01@08:04:01,10475,47.741556
2000/01/01@08:04:02,10476,47.924004
2000/01/01@08:04:03,10477,48.133724
2000/01/01@08:04:04,10478,48.448744
2000/01/01@08:04:06,10480,48.620616
2000/01/01@08:04:07,10481,48.841436
2000/01/01@08:04:08,10482,49.101548
2000/01/01@08:04:09,10483,49.303724
2000/01/01@08:04:10,10484,49.593504
2000/01/01@08:04:11,10485,49.82341
2000/01/01@08:04:12,10486,50.099748
2000/01/01@08:04:13,10487,50.29504
2000/01/01@08:04:14,10488,50.553716
2000/01/01@08:04:15,10489,50.848472
2000/01/01@08:04:16,10490,51.001924
2000/01/01@08:04:18,10492,51.277376
2000/01/01@08:04:19,10493,51.65215
2000/01/01@08:04:20,10494,51.710792
2000/01/01@08:04:21,10495,52.04832
2000/01/01@08:04:22,10496,52.25872
2000/01/01@08:04:23,10497,52.47834
2000/01/01@08:04:24,10498,52.81111
2000/01/01@08:04:25,10499,53.036376
2000/01/01@08:04:26,10500,53.329736
2000/01/01@08:04:27,10501,53.596116
2000/01/01@08:04:28,10502,53.786112
2000/01/01@08:04:29,10503,53.979736
2000/01/01@08:04:31,10505,54.24988
2000/01/01@08:04:32,10506,54.484888
2000/01/01@08:04:33,10507,54.79328
2000/01/01@08:04:34,10508,54.963136
2000/01/01@08:04:35,10509,55.287228
2000/01/01@08:04:36,10510,55.510156
2000/01/01@08:04:37,10511,55.726884
2000/01/01@08:04:38,10512,55.934288
2000/01/01@08:04:39,10513,56.27248
2000/01/01@08:04:40,10514,56.491652
2000/01/01@08:04:41,10515,56.695556
2000/01/01@08:04:42,10516,57.019876
2000/01/01@08:04:44,10518,57.19945
2000/01/01@08:04:45,10519,57.380252
2000/01/01@08:04:46,10520,57.76097
2000/01/01@08:04:47,10521,57.990996
2000/01/01@08:04:48,10522,58.29955
2000/01/01@08:04:49,10523,58.560844
2000/01/01@08:04:50,10524,58.734288
2000/01/01@08:04:51,10525,59.033444
2000/01/01@08:04:52,10526,59.2727
2000/01/01@08:04:53,10527,59.569304
2000/01/01@08:04:54,10528,59.75792
2000/01/01@08:04:55,10529,60.056028
2000/01/01@08:04:57,10531,60.383516
2000/01/01@08:04:58,10532,60.557256
2000/01/01@08:04:59,10533,60.884728
2000/01/01@08:05:00,10534,61.077204
2000/01/01@08:05:01,10535,61.372208
2000/01/01@08:05:02,10536,61.59583
2000/01/01@08:05:03,10537,61.876552
2000/01/01@08:05:04,10538,62.21444
2000/01/01@08:05:05,10539,62.449864
2000/01/01@08:05:06,10540,62.745068
2000/01/01@08:05:07,10541,63.04491
2000/01/01@08:05:08,10542,63.28488
2000/01/01@08:05:10,10544,63.54168
2000/01/01@08:05:11,10545,63.795741
2000/01/01@08:05:12,10546,63.958621
2000/01/01@08:05:13,10547,64.27226
2000/01/01@08:05:14,10548,64.64942
2000/01/01@08:05:15,10549,64.79043
2000/01/01@08:05:16,10550,65.13964
2000/01/01@08:05:17,10551,65.427984
2000/01/01@08:05:18,10552,65.634
2000/01/01@08:05:19,10553,65.958592
2000/01/01@08:05:20,10554,66.16733
2000/01/01@08:05:21,10555,66.4812
2000/01/01@08:05:23,10557,66.67837
2000/01/01@08:05:24,10558,67.03184
2000/01/01@08:05:25,10559,67.27138
2000/01/01@08:05:26,10560,67.59221
2000/01/01@08:05:27,10561,67.87172
2000/01/01@08:05:28,10562,68.19266
2000/01/01@08:05:29,10563,68.46861
2000/01/01@08:05:30,10564,68.72063
2000/01/01@08:05:31,10565,69.0167136
2000/01/01@08:05:32,10566,69.31573
2000/01/01@08:05:33,10567,69.60408
2000/01/01@08:05:34,10568,69.8147
2000/01/01@08:05:36,10570,70.1351
2000/01/01@08:05:37,10571,70.47499
2000/01/01@08:05:38,10572,70.702384
2000/01/01@08:05:39,10573,71.012696
2000/01/01@08:05:40,10574,71.28098
2000/01/01@08:05:41,10575,71.48288
2000/01/01@08:05:42,10576,71.83354
2000/01/01@08:05:43,10577,72.13254
2000/01/01@08:05:44,10578,72.48245
2000/01/01@08:05:45,10579,72.79028
2000/01/01@08:05:46,10580,73.06563
2000/01/01@08:05:48,10582,73.31401
2000/01/01@08:05:49,10583,73.61179
2000/01/01@08:05:50,10584,73.8176036
2000/01/01@08:05:51,10585,74.128072
2000/01/01@08:05:52,10586,74.39995
2000/01/01@08:05:53,10587,74.73528
2000/01/01@08:05:54,10588,74.96447
2000/01/01@08:05:55,10589,75.2778
2000/01/01@08:05:56,10590,75.55769
2000/01/01@08:05:57,10591,75.81008
2000/01/01@08:05:58,10592,76.09048
2000/01/01@08:05:59,10593,76.40619
2000/01/01@08:06:01,10595,76.666696
2000/01/01@08:06:02,10596,76.94308
2000/01/01@08:06:03,10597,77.305112
2000/01/01@08:06:04,10598,77.61332
2000/01/01@08:06:05,10599,77.78853
2000/01/01@08:06:06,10600,78.131064
2000/01/01@08:06:07,10601,78.42628
2000/01/01@08:06:08,10602,78.68326
2000/01/01@08:06:09,10603,79.015336
2000/01/01@08:06:10,10604,79.33312
2000/01/01@08:06:11,10605,79.59448
2000/01/01@08:06:12,10606,79.9492
2000/01/01@08:06:14,10607,80.27965
2000/01/01@08:06:15,10609,80.527216
2000/01/01@08:06:16,10610,80.81742
2000/01/01@08:06:17,10611,81.08741
2000/01/01@08:06:18,10612,81.37538
2000/01/01@08:06:19,10613,81.69905
2000/01/01@08:06:20,10614,82.05039
2000/01/01@08:06:21,10615,82.30535
2000/01/01@08:06:22,10616,82.622248
2000/01/01@08:06:23,10617,82.812168
2000/01/01@08:06:24,10618,83.21238
2000/01/01@08:06:25,10619,83.440768
2000/01/01@08:06:27,10621,83.80643
2000/01/01@08:06:28,10622,84.10495
2000/01/01@08:06:29,10623,84.429376
2000/01/01@08:06:30,10624,84.66153
2000/01/01@08:06:31,10625,85.04019
2000/01/01@08:06:32,10626,85.333144
2000/01/01@08:06:33,10627,85.66209
2000/01/01@08:06:34,10628,85.92495
2000/01/01@08:06:35,10629,86.14773
2000/01/01@08:06:36,10630,86.5251136
2000/01/01@08:06:37,10631,86.88394
2000/01/01@08:06:38,10632,87.23362
2000/01/01@08:06:40,10634,87.49343
2000/01/01@08:06:41,10635,87.97291
2000/01/01@08:06:42,10636,88.08258
2000/01/01@08:06:43,10637,88.39173
2000/01/01@08:06:44,10638,88.64111
2000/01/01@08:06:45,10639,89.08283
2000/01/01@08:06:46,10640,89.30911
2000/01/01@08:06:47,10641,89.69485
2000/01/01@08:06:48,10642,89.94834
2000/01/01@08:06:49,10643,90.24365
2000/01/01@08:06:50,10644,90.57823
2000/01/01@08:06:51,10645,90.79953
2000/01/01@08:06:53,10647,91.18874
2000/01/01@08:06:54,10648,91.53627
2000/01/01@08:06:55,10649,91.78373
2000/01/01@08:06:56,10650,92.069624
2000/01/01@08:06:57,10651,92.483736
2000/01/01@08:06:58,10652,92.7228
2000/01/01@08:06:59,10653,93.17149
2000/01/01@08:07:00,10654,93.381932
2000/01/01@08:07:01,10655,93.76489
2000/01/01@08:07:02,10656,94.07801
2000/01/01@08:07:03,10657,94.3494
2000/01/01@08:07:04,10658,94.58643
2000/01/01@08:07:05,10659,95.02918
2000/01/01@08:07:07,10661,95.48448
2000/01/01@08:07:08,10662,95.70092
2000/01/01@08:07:09,10663,95.91308
2000/01/01@08:07:10,10664,96.32133
2000/01/01@08:07:11,10665,96.61359
2000/01/01@08:07:12,10666,96.87131
2000/01/01@08:07:13,10667,97.304824
2000/01/01@08:07:14,10668,97.57659
2000/01/01@08:07:15,10669,97.91799
2000/01/01@08:07:16,10670,98.34571
2000/01/01@08:07:17,10671,98.684008
2000/01/01@08:07:18,10672,98.974264
2000/01/01@08:07:20,10674,99.28275
2000/01/01@08:07:21,10675,99.57874
2000/01/01@08:07:22,10676,99.91221
2000/01/01@08:07:23,10677,100.26633
2000/01/01@08:07:24,10678,100.6458
2000/01/01@08:07:25,10679,100.87525
2000/01/01@08:07:26,10680,101.29123
2000/01/01@08:07:27,10681,101.666016
2000/01/01@08:07:28,10682,101.91581
2000/01/01@08:07:29,10683,102.35958
2000/01/01@08:07:30,10684,102.735216
2000/01/01@08:07:31,10685,103.01471
2000/01/01@08:07:33,10687,103.26036
2000/01/01@08:07:34,10688,103.67819
2000/01/01@08:07:35,10689,103.97832
2000/01/01@08:07:36,10690,104.41079
2000/01/01@08:07:37,10691,104.625824
2000/01/01@08:07:38,10692,104.91697
2000/01/01@08:07:39,10693,105.36765
2000/01/01@08:07:40,10694,105.61854
2000/01/01@08:07:41,10695,106.0536
2000/01/01@08:07:42,10696,106.48843
2000/01/01@08:07:43,10697,106.64687
2000/01/01@08:07:44,10698,107.086424
2000/01/01@08:07:46,10700,107.490488
2000/01/01@08:07:47,10701,107.766176
2000/01/01@08:07:48,10702,108.09316
2000/01/01@08:07:49,10703,108.50458
2000/01/01@08:07:50,10704,108.83201
2000/01/01@08:07:51,10705,109.11433
2000/01/01@08:07:52,10706,109.46635
2000/01/01@08:07:53,10707,109.83511
2000/01/01@08:07:54,10708,110.156072
2000/01/01@08:07:55,10709,110.57516
2000/01/01@08:07:56,10710,110.88123
2000/01/01@08:07:58,10712,111.31912
2000/01/01@08:07:59,10713,111.69228
2000/01/01@08:08:00,10714,111.974492
2000/01/01@08:08:01,10715,112.36542
2000/01/01@08:08:02,10716,112.659672
2000/01/01@08:08:03,10717,113.05252
2000/01/01@08:08:04,10718,113.36085
2000/01/01@08:08:05,10719,113.74282
2000/01/01@08:08:06,10720,114.06274
2000/01/01@08:08:07,10721,114.39433
2000/01/01@08:08:08,10722,114.81379
2000/01/01@08:08:09,10723,115.16506
2000/01/01@08:08:11,10725,115.4647
2000/01/01@08:08:12,10726,115.846016
2000/01/01@08:08:13,10727,116.12364
2000/01/01@08:08:14,10728,116.425932
2000/01/01@08:08:15,10729,116.86277
2000/01/01@08:08:16,10730,117.236944
2000/01/01@08:08:17,10731,117.52519
2000/01/01@08:08:18,10732,117.99264
2000/01/01@08:08:19,10733,118.28387
2000/01/01@08:08:20,10734,118.61055
2000/01/01@08:08:21,10735,118.936328
2000/01/01@08:08:23,10737,119.26733
2000/01/01@08:08:24,10738,119.79067
2000/01/01@08:08:25,10739,120.098856
2000/01/01@08:08:26,10740,120.510708
2000/01/01@08:08:27,10741,120.83165
2000/01/01@08:08:28,10742,121.1804
2000/01/01@08:08:29,10743,121.55457
2000/01/01@08:08:30,10744,121.95225
2000/01/01@08:08:31,10745,122.17634
2000/01/01@08:08:32,10746,122.56821
2000/01/01@08:08:33,10747,122.92891
2000/01/01@08:08:34,10748,123.265336
2000/01/01@08:08:36,10750,123.72751
2000/01/01@08:08:37,10751,124.07974
2000/01/01@08:08:38,10752,124.47964
2000/01/01@08:08:39,10753,124.85676
2000/01/01@08:08:40,10754,125.22523
2000/01/01@08:08:41,10755,125.55762
2000/01/01@08:08:42,10756,125.92537
2000/01/01@08:08:43,10757,126.238816
2000/01/01@08:08:44,10758,126.72955
2000/01/01@08:08:45,10759,126.9781
2000/01/01@08:08:46,10760,127.45204
2000/01/01@08:08:47,10761,127.8441
2000/01/01@08:08:49,10763,128.20242
2000/01/01@08:08:50,10764,128.44673
2000/01/01@08:08:51,10765,129.11072
2000/01/01@08:08:52,10766,129.26598
2000/01/01@08:08:53,10767,129.7239
2000/01/01@08:08:54,10768,130.10768
2000/01/01@08:08:55,10769,130.52115
2000/01/01@08:08:56,10770,130.834
2000/01/01@08:08:57,10771,131.20706
2000/01/01@08:08:58,10772,131.58968
2000/01/01@08:08:59,10773,131.94868
2000/01/01@08:09:00,10774,132.22474
2000/01/01@08:09:02,10776,132.69366
2000/01/01@08:09:03,10777,133.11384
2000/01/01@08:09:04,10778,133.33654
2000/01/01@08:09:05,10779,133.85192
2000/01/01@08:09:06,10780,134.13585
2000/01/01@08:09:07,10781,134.6424
2000/01/01@08:09:08,10782,134.94832
2000/01/01@08:09:09,10783,135.35643
2000/01/01@08:09:10,10784,135.71842
2000/01/01@08:09:11,10785,136.10908
2000/01/01@08:09:12,10786,136.46257
2000/01/01@08:09:14,10788,136.92614
2000/01/01@08:09:15,10789,137.28648
2000/01/01@08:09:16,10790,137.6663
2000/01/01@08:09:17,10791,137.96122
2000/01/01@08:09:18,10792,138.55794
2000/01/01@08:09:19,10793,138.88282
2000/01/01@08:09:20,10794,139.22122
2000/01/01@08:09:21,10795,139.66629
2000/01/01@08:09:22,10796,140.03114
2000/01/01@08:09:23,10797,140.45703
2000/01/01@08:09:24,10798,140.93502
2000/01/01@08:09:25,10799,141.14731
2000/01/01@08:09:27,10801,141.71346
2000/01/01@08:09:28,10802,142.00215
2000/01/01@08:09:29,10803,142.48824
2000/01/01@08:09:30,10804,142.83995
2000/01/01@08:09:31,10805,143.247
2000/01/01@08:09:32,10806,143.63586
2000/01/01@08:09:33,10807,144.09298
2000/01/01@08:09:34,10808,144.50371
2000/01/01@08:09:35,10809,144.87518
2000/01/01@08:09:36,10810,145.27112
2000/01/01@08:09:37,10811,145.69746
2000/01/01@08:09:39,10812,146.05474
2000/01/01@08:09:40,10814,146.43698
2000/01/01@08:09:41,10815,146.8785
2000/01/01@08:09:42,10816,147.22262
2000/01/01@08:09:43,10817,147.68922
2000/01/01@08:09:44,10818,148.1458
2000/01/01@08:09:45,10819,148.53282
2000/01/01@08:09:46,10820,149.06856
2000/01/01@08:09:47,10821,149.3762
2000/01/01@08:09:48,10822,149.98529
2000/01/01@08:09:49,10823,150.28918
2000/01/01@08:09:50,10824,150.6672
2000/01/01@08:09:51,10825,151.00396
2000/01/01@08:09:53,10827,151.3794
2000/01/01@08:09:54,10828,151.92248
2000/01/01@08:09:55,10829,152.2148
2000/01/01@08:09:56,10830,152.65764
2000/01/01@08:09:57,10831,152.97461
2000/01/01@08:09:58,10832,153.4668
2000/01/01@08:09:59,10833,153.85098
2000/01/01@08:10:00,10834,154.2284
2000/01/01@08:10:01,10835,154.73857
2000/01/01@08:10:02,10836,155.3542
2000/01/01@08:10:03,10837,155.58153
2000/01/01@08:10:05,10839,156.12344
2000/01/01@08:10:06,10840,156.40484
2000/01/01@08:10:07,10841,156.7758
2000/01/01@08:10:08,10842,157.25584
2000/01/01@08:10:09,10843,157.64828
2000/01/01@08:10:10,10844,158.09987
2000/01/01@08:10:11,10845,158.59703
2000/01/01@08:10:12,10846,159.03621
2000/01/01@08:10:13,10847,159.43192
2000/01/01@08:10:14,10848,159.86462
2000/01/01@08:10:15,10849,160.20116
2000/01/01@08:10:16,10850,160.67848
2000/01/01@08:10:18,10852,161.05702
2000/01/01@08:10:19,10853,161.46676
2000/01/01@08:10:20,10854,161.85094
2000/01/01@08:10:21,10855,162.29361
2000/01/01@08:10:22,10856,162.77405
2000/01/01@08:10:23,10857,163.147
2000/01/01@08:10:24,10858,163.58352
2000/01/01@08:10:25,10859,164.22536
2000/01/01@08:10:26,10860,164.30964
2000/01/01@08:10:27,10861,164.88734
2000/01/01@08:10:28,10862,165.27066
2000/01/01@08:10:30,10863,165.72602
2000/01/01@08:10:31,10865,166.08768
2000/01/01@08:10:32,10866,166.5059
2000/01/01@08:10:33,10867,166.95987
2000/01/01@08:10:34,10868,167.45374
2000/01/01@08:10:35,10869,167.86616
2000/01/01@08:10:36,10870,168.39238
2000/01/01@08:10:37,10871,168.80206
2000/01/01@08:10:38,10872,169.082168
2000/01/01@08:10:39,10873,169.671952
2000/01/01@08:10:40,10874,170.128708
2000/01/01@08:10:41,10875,170.486832
2000/01/01@08:10:43,10877,170.84884
2000/01/01@08:10:44,10878,171.40058
2000/01/01@08:10:45,10879,171.87348
2000/01/01@08:10:46,10880,172.29242
2000/01/01@08:10:47,10881,172.724868
2000/01/01@08:10:48,10882,173.12554
2000/01/01@08:10:49,10883,173.59688
2000/01/01@08:10:50,10884,174.18114
2000/01/01@08:10:51,10885,174.37696
2000/01/01@08:10:52,10886,174.91352
2000/01/01@08:10:53,10887,175.33796
2000/01/01@08:10:54,10888,175.8106
2000/01/01@08:10:56,10890,176.22566
2000/01/01@08:10:57,10891,176.6742
2000/01/01@08:10:58,10892,177.13952
2000/01/01@08:10:59,10893,177.5457
2000/01/01@08:11:00,10894,178.00696
2000/01/01@08:11:01,10895,178.457868
2000/01/01@08:11:02,10896,178.944492
2000/01/01@08:11:03,10897,179.42766
2000/01/01@08:11:04,10898,179.89396
2000/01/01@08:11:05,10899,180.27666
2000/01/01@08:11:06,10900,180.73084
2000/01/01@08:11:07,10901,181.149952
2000/01/01@08:11:09,10903,181.613052
2000/01/01@08:11:10,10904,182.16066
2000/01/01@08:11:11,10905,182.54254
2000/01/01@08:11:12,10906,182.93638
2000/01/01@08:11:13,10907,183.45924
2000/01/01@08:11:14,10908,183.92786
2000/01/01@08:11:15,10909,184.40826
2000/01/01@08:11:16,10910,185.00524
2000/01/01@08:11:17,10911,185.212184
2000/01/01@08:11:18,10912,185.767024
2000/01/01@08:11:19,10913,186.242116
2000/01/01@08:11:21,10915,186.744816
2000/01/01@08:11:22,10916,187.13984
2000/01/01@08:11:23,10917,187.63448
2000/01/01@08:11:24,10918,188.2575
2000/01/01@08:11:25,10919,188.654452
2000/01/01@08:11:26,10920,189.17094
2000/01/01@08:11:27,10921,189.5696
2000/01/01@08:11:28,10922,190.0093
2000/01/01@08:11:29,10923,190.50642
2000/01/01@08:11:30,10924,190.91804
2000/01/01@08:11:31,10925,191.39766
2000/01/01@08:11:32,10926,191.827732
2000/01/01@08:11:34,10928,192.39082
2000/01/01@08:11:35,10929,192.8789
2000/01/01@08:11:36,10930,193.35338
2000/01/01@08:11:37,10931,193.8295
2000/01/01@08:11:38,10932,194.282032
2000/01/01@08:11:39,10933,194.64368
2000/01/01@08:11:40,10934,195.31238
2000/01/01@08:11:41,10935,195.73074
2000/01/01@08:11:42,10936,196.34242
2000/01/01@08:11:43,10937,196.74562
2000/01/01@08:11:44,10938,197.27568
2000/01/01@08:11:46,10939,197.87534
2000/01/01@08:11:47,10941,198.20894
2000/01/01@08:11:48,10942,198.64354
2000/01/01@08:11:49,10943,199.15674
2000/01/01@08:11:50,10944,199.6623
2000/01/01@08:11:51,10945,200.11504
2000/01/01@08:11:52,10946,200.82148
2000/01/01@08:11:53,10947,201.3219
2000/01/01@08:11:54,10948,201.655084
2000/01/01@08:11:55,10949,202.12688
2000/01/01@08:11:56,10950,202.67548
2000/01/01@08:11:57,10951,203.131152
2000/01/01@08:11:59,10953,203.521416
2000/01/01@08:12:00,10954,204.00964
2000/01/01@08:12:01,10955,204.55196
2000/01/01@08:12:02,10956,205.016252
2000/01/01@08:12:03,10957,205.44364
2000/01/01@08:12:04,10958,205.95764
2000/01/01@08:12:05,10959,206.37014
2000/01/01@08:12:06,10960,206.95566
2000/01/01@08:12:07,10961,207.48654
2000/01/01@08:12:08,10962,207.93306
2000/01/01@08:12:09,10963,208.437216
2000/01/01@08:12:10,10964,208.868784
2000/01/01@08:12:12,10966,209.242632
2000/01/01@08:12:13,10967,209.86582
2000/01/01@08:12:14,10968,210.2932
2000/01/01@08:12:15,10969,210.8231
2000/01/01@08:12:16,10970,211.256852
2000/01/01@08:12:17,10971,211.69038
2000/01/01@08:12:18,10972,212.23458
2000/01/01@08:12:19,10973,212.690632
2000/01/01@08:12:20,10974,213.21884
2000/01/01@08:12:21,10975,213.65244
2000/01/01@08:12:22,10976,214.2378
2000/01/01@08:12:23,10977,214.5927
2000/01/01@08:12:25,10979,215.36834
2000/01/01@08:12:26,10980,215.637392
2000/01/01@08:12:27,10981,216.12348
2000/01/01@08:12:28,10982,216.676132
2000/01/01@08:12:29,10983,217.1735
2000/01/01@08:12:30,10984,217.608816
2000/01/01@08:12:31,10985,218.25832
2000/01/01@08:12:32,10986,218.55508
2000/01/01@08:12:33,10987,219.09094
2000/01/01@08:12:34,10988,219.42082
2000/01/01@08:12:35,10989,220.1363
2000/01/01@08:12:37,10991,220.502136
2000/01/01@08:12:38,10992,221.05918
2000/01/01@08:12:39,10993,221.52014
2000/01/01@08:12:40,10994,222.010068
2000/01/01@08:12:41,10995,222.65156
2000/01/01@08:12:42,10996,222.9982
2000/01/01@08:12:43,10997,223.426968
2000/01/01@08:12:44,10998,223.91706
2000/01/01@08:12:45,10999,224.47962
2000/01/01@08:12:46,11000,224.9695
2000/01/01@08:12:47,11001,225.43548
2000/01/01@08:12:48,11002,226.03144
2000/01/01@08:12:50,11004,226.44912
2000/01/01@08:12:51,11005,226.956452
2000/01/01@08:12:52,11006,227.43302
2000/01/01@08:12:53,11007,227.92378
2000/01/01@08:12:54,11008,228.57722
2000/01/01@08:12:55,11009,228.905668
2000/01/01@08:12:56,11010,229.37786
2000/01/01@08:12:57,11011,229.90152
2000/01/01@08:12:58,11012,230.35008
2000/01/01@08:12:59,11013,230.94784
2000/01/01@08:13:00,11014,231.363632
2000/01/01@08:13:02,11016,231.97822
2000/01/01@08:13:03,11017,232.33118
2000/01/01@08:13:04,11018,233.03448
2000/01/01@08:13:05,11019,233.30178
2000/01/01@08:13:06,11020,234.07228
2000/01/01@08:13:07,11021,234.45938
2000/01/01@08:13:08,11022,234.94696
2000/01/01@08:13:09,11023,235.4252
2000/01/01@08:13:10,11024,235.89836
2000/01/01@08:13:11,11025,236.38698
2000/01/01@08:13:12,11026,236.87708
2000/01/01@08:13:13,11027,237.35332
2000/01/01@08:13:15,11029,238.0629
2000/01/01@08:13:16,11030,238.33652
2000/01/01@08:13:17,11031,238.859768
2000/01/01@08:13:18,11032,239.392
2000/01/01@08:13:19,11033,239.9537
2000/01/01@08:13:20,11034,240.39656
2000/01/01@08:13:21,11035,240.846452
2000/01/01@08:13:22,11036,241.41524
2000/01/01@08:13:23,11037,241.8583
2000/01/01@08:13:24,11038,242.3157
2000/01/01@08:13:25,11039,242.901232
2000/01/01@08:13:26,11040,243.27004
2000/01/01@08:13:28,11042,243.93688
2000/01/01@08:13:29,11043,244.37004
2000/01/01@08:13:30,11044,244.95468
2000/01/01@08:13:31,11045,245.48032
2000/01/01@08:13:32,11046,245.93462
2000/01/01@08:13:33,11047,246.528092
2000/01/01@08:13:34,11048,246.79692
2000/01/01@08:13:35,11049,247.40074
2000/01/01@08:13:36,11050,247.96836
2000/01/01@08:13:37,11051,248.476616
2000/01/01@08:13:38,11052,249.08592
2000/01/01@08:13:40,11053,249.59566
2000/01/01@08:13:41,11055,250.10862
2000/01/01@08:13:42,11056,250.632624
2000/01/01@08:13:43,11057,251.0397
2000/01/01@08:13:44,11058,251.783632
2000/01/01@08:13:45,11059,251.99972
2000/01/01@08:13:46,11060,252.70796
2000/01/01@08:13:47,11061,253.3132
2000/01/01@08:13:48,11062,253.63078
2000/01/01@08:13:49,11063,254.28218
2000/01/01@08:13:50,11064,254.755508
2000/01/01@08:13:51,11065,255.3212
2000/01/01@08:13:53,11067,255.76144
2000/01/01@08:13:54,11068,256.23462
2000/01/01@08:13:55,11069,256.7557
2000/01/01@08:13:56,11070,257.485
2000/01/01@08:13:57,11071,258.02698
2000/01/01@08:13:58,11072,258.51508
2000/01/01@08:13:59,11073,259.20944
2000/01/01@08:14:00,11074,259.57224
2000/01/01@08:14:01,11075,260.2171
2000/01/01@08:14:02,11076,260.79924
2000/01/01@08:14:03,11077,261.17532
2000/01/01@08:14:04,11078,261.72216
2000/01/01@08:14:06,11080,262.20268
2000/01/01@08:14:07,11081,262.68516
2000/01/01@08:14:08,11082,263.332
2000/01/01@08:14:09,11083,263.88948
2000/01/01@08:14:10,11084,264.47144
2000/01/01@08:14:11,11085,264.91624
2000/01/01@08:14:12,11086,265.3839
2000/01/01@08:14:13,11087,265.9609
2000/01/01@08:14:14,11088,266.49078
2000/01/01@08:14:15,11089,267.06644
2000/01/01@08:14:16,11090,267.60184
2000/01/01@08:14:18,11091,268.10644
2000/01/01@08:14:19,11093,268.5736
2000/01/01@08:14:20,11094,269.1419
2000/01/01@08:14:21,11095,269.65456
2000/01/01@08:14:22,11096,270.19336
2000/01/01@08:14:23,11097,270.67656
2000/01/01@08:14:24,11098,271.18676
2000/01/01@08:14:25,11099,271.83172
2000/01/01@08:14:26,11100,272.30244
2000/01/01@08:14:27,11101,272.9424
2000/01/01@08:14:28,11102,273.4789
2000/01/01@08:14:29,11103,273.90796
2000/01/01@08:14:31,11105,274.5379
2000/01/01@08:14:32,11106,275.12244
2000/01/01@08:14:33,11107,275.63208
2000/01/01@08:14:34,11108,276.17834
2000/01/01@08:14:35,11109,276.91052
2000/01/01@08:14:36,11110,277.4551
2000/01/01@08:14:37,11111,277.88684
2000/01/01@08:14:38,11112,278.37146
2000/01/01@08:14:39,11113,278.92282
2000/01/01@08:14:40,11114,279.47934
2000/01/01@08:14:41,11115,280.09778
2000/01/01@08:14:42,11116,280.53134
2000/01/01@08:14:44,11118,281.25432
2000/01/01@08:14:45,11119,281.68658
2000/01/01@08:14:46,11120,282.1335
2000/01/01@08:14:47,11121,282.796
2000/01/01@08:14:48,11122,283.36988
2000/01/01@08:14:49,11123,283.81224
2000/01/01@08:14:50,11124,284.37596
2000/01/01@08:14:51,11125,284.8854
2000/01/01@08:14:52,11126,285.48422
2000/01/01@08:14:53,11127,285.87958
2000/01/01@08:14:54,11128,286.67078
2000/01/01@08:14:55,11129,287.11996
2000/01/01@08:14:57,11131,287.60436
2000/01/01@08:14:58,11132,288.3281
2000/01/01@08:14:59,11133,288.7594
2000/01/01@08:15:00,11134,289.40424
2000/01/01@08:15:01,11135,289.90112
2000/01/01@08:15:02,11136,290.54176
2000/01/01@08:15:03,11137,291.2847
2000/01/01@08:15:04,11138,291.75136
2000/01/01@08:15:05,11139,292.13996
2000/01/01@08:15:06,11140,292.816
2000/01/01@08:15:07,11141,293.22998
2000/01/01@08:15:08,11142,293.933
2000/01/01@08:15:10,11144,294.5416
2000/01/01@08:15:11,11145,295.11
2000/01/01@08:15:12,11146,295.5575
2000/01/01@08:15:13,11147,296.2282
2000/01/01@08:15:14,11148,296.80816
2000/01/01@08:15:15,11149,297.32896
2000/01/01@08:15:16,11150,297.9248
2000/01/01@08:15:17,11151,298.55856
2000/01/01@08:15:18,11152,298.98288
2000/01/01@08:15:19,11153,299.56252
2000/01/01@08:15:20,11154,300.18002
2000/01/01@08:15:22,11156,300.72266
2000/01/01@08:15:23,11157,301.2938
2000/01/01@08:15:24,11158,302.02634
2000/01/01@08:15:25,11159,302.31568
2000/01/01@08:15:26,11160,302.97196
2000/01/01@08:15:27,11161,303.52856
2000/01/01@08:15:28,11162,304.11426
2000/01/01@08:15:29,11163,304.71584
2000/01/01@08:15:30,11164,305.20796
2000/01/01@08:15:31,11165,305.80408
2000/01/01@08:15:32,11166,306.23914
2000/01/01@08:15:33,11167,307.15906
2000/01/01@08:15:35,11169,307.49396
2000/01/01@08:15:36,11170,307.92476
2000/01/01@08:15:37,11171,308.54504
2000/01/01@08:15:38,11172,309.4701
2000/01/01@08:15:39,11173,309.81612
2000/01/01@08:15:40,11174,310.2241
2000/01/01@08:15:41,11175,310.91816
2000/01/01@08:15:42,11176,311.62176
2000/01/01@08:15:43,11177,311.97568
2000/01/01@08:15:44,11178,312.68234
2000/01/01@08:15:45,11179,313.11848
2000/01/01@08:15:46,11180,313.8283
2000/01/01@08:15:48,11182,314.37856
2000/01/01@08:15:49,11183,314.79344
2000/01/01@08:15:50,11184,315.656
2000/01/01@08:15:51,11185,316.0883
2000/01/01@08:15:52,11186,316.71152
2000/01/01@08:15:53,11187,317.42228
2000/01/01@08:15:54,11188,317.99516
2000/01/01@08:15:55,11189,318.3805
2000/01/01@08:15:56,11190,319.07344
2000/01/01@08:15:57,11191,319.5854
2000/01/01@08:15:58,11192,320.1792
2000/01/01@08:15:59,11193,320.71504
2000/01/01@08:16:01,11195,321.2421
2000/01/01@08:16:02,11196,321.91928
2000/01/01@08:16:03,11197,322.46544
2000/01/01@08:16:04,11198,323.23368
2000/01/01@08:16:05,11199,323.54604
2000/01/01@08:16:06,11200,324.33092
2000/01/01@08:16:07,11201,324.84152
2000/01/01@08:16:08,11202,325.45644
2000/01/01@08:16:09,11203,326.00464
2000/01/01@08:16:10,11204,326.65222
2000/01/01@08:16:11,11205,327.28162
2000/01/01@08:16:12,11206,327.88892
2000/01/01@08:16:14,11208,328.59572
2000/01/01@08:16:15,11209,329.3749
2000/01/01@08:16:16,11210,329.79718
2000/01/01@08:16:17,11211,330.53778
2000/01/01@08:16:18,11212,330.9162
2000/01/01@08:16:19,11213,331.57464
2000/01/01@08:16:20,11214,332.316
2000/01/01@08:16:21,11215,332.939
2000/01/01@08:16:22,11216,333.3857
2000/01/01@08:16:23,11217,334.0163
2000/01/01@08:16:24,11218,334.63034
2000/01/01@08:16:26,11220,335.18192
2000/01/01@08:16:27,11221,335.86876
2000/01/01@08:16:28,11222,336.34056
2000/01/01@08:16:29,11223,336.975736
2000/01/01@08:16:30,11224,337.55088
2000/01/01@08:16:31,11225,338.15384
2000/01/01@08:16:32,11226,338.73856
2000/01/01@08:16:33,11227,339.3503
2000/01/01@08:16:34,11228,339.850736
2000/01/01@08:16:35,11229,340.51352
2000/01/01@08:16:36,11230,341.13016
2000/01/01@08:16:37,11231,341.74676
2000/01/01@08:16:39,11233,342.237568
2000/01/01@08:16:40,11234,342.8456
2000/01/01@08:16:41,11235,343.48008
2000/01/01@08:16:42,11236,344.261532
2000/01/01@08:16:43,11237,344.617732
2000/01/01@08:16:44,11238,345.267168
2000/01/01@08:16:45,11239,345.96564
2000/01/01@08:16:46,11240,346.5269
2000/01/01@08:16:47,11241,347.16968
2000/01/01@08:16:48,11242,347.7133
2000/01/01@08:16:49,11243,348.31864
2000/01/01@08:16:50,11244,349.03668
2000/01/01@08:16:52,11246,349.58656
2000/01/01@08:16:53,11247,350.1216
2000/01/01@08:16:54,11248,350.74076
2000/01/01@08:16:55,11249,351.5404
2000/01/01@08:16:56,11250,351.9178
2000/01/01@08:16:57,11251,352.59288
2000/01/01@08:16:58,11252,353.25596
2000/01/01@08:16:59,11253,353.97794
2000/01/01@08:17:00,11254,354.23268
2000/01/01@08:17:01,11255,354.92492
2000/01/01@08:17:02,11256,355.620536
2000/01/01@08:17:03,11257,356.26984
2000/01/01@08:17:05,11259,356.91396
2000/01/01@08:17:06,11260,357.43856
2000/01/01@08:17:07,11261,358.08868
2000/01/01@08:17:08,11262,358.67804
2000/01/01@08:17:09,11263,359.23604
2000/01/01@08:17:10,11264,359.843136
2000/01/01@08:17:11,11265,360.45484
2000/01/01@08:17:12,11266,360.9933
2000/01/01@08:17:13,11267,361.71124
2000/01/01@08:17:14,11268,362.2761
2000/01/01@08:17:15,11269,362.94084
2000/01/01@08:17:17,11271,363.50016
2000/01/01@08:17:18,11272,364.21912
2000/01/01@08:17:19,11273,364.831168
2000/01/01@08:17:20,11274,365.55016
2000/01/01@08:17:21,11275,366.31164
2000/01/01@08:17:22,11276,366.7135
2000/01/01@08:17:23,11277,367.3477
2000/01/01@08:17:24,11278,367.87308
2000/01/01@08:17:25,11279,368.632536
2000/01/01@08:17:26,11280,369.0392
2000/01/01@08:17:27,11281,369.72096
2000/01/01@08:17:28,11282,370.28152
2000/01/01@08:17:30,11284,370.80692
2000/01/01@08:17:31,11285,371.45984
2000/01/01@08:17:32,11286,372.0963
2000/01/01@08:17:33,11287,372.7379
2000/01/01@08:17:34,11288,373.254036
2000/01/01@08:17:35,11289,373.89088
2000/01/01@08:17:36,11290,374.53724
2000/01/01@08:17:37,11291,375.183632
2000/01/01@08:17:38,11292,375.862036
2000/01/01@08:17:39,11293,376.34136
2000/01/01@08:17:40,11294,376.90196
2000/01/01@08:17:42,11296,377.64356
2000/01/01@08:17:43,11297,378.2393
2000/01/01@08:17:44,11298,378.9048
2000/01/01@08:17:45,11299,379.49008
2000/01/01@08:17:46,11300,380.20664
2000/01/01@08:17:47,11301,380.8496
2000/01/01@08:17:48,11302,381.443
2000/01/01@08:17:49,11303,382.23952
2000/01/01@08:17:50,11304,382.68104
2000/01/01@08:17:51,11305,383.318
2000/01/01@08:17:52,11306,384.01684
2000/01/01@08:17:53,11307,384.7585
2000/01/01@08:17:55,11309,385.2853
2000/01/01@08:17:56,11310,386.10672
