datetime,elapsed_s,gas2,Elevation_m
2000/01/01@12:30:02,15124,3.2338128,400.0
2000/01/01@12:30:03,15125,3.2338128,403.83870967741933
2000/01/01@12:30:04,15126,3.2341876,407.6774193548387
2000/01/01@12:30:05,15127,3.2338128,411.51612903225805
2000/01/01@12:30:06,15128,3.2345628,415.35483870967744
2000/01/01@12:30:08,15130,3.2341876,423.0322580645161
2000/01/01@12:30:09,15131,3.2338128,426.8709677419355
2000/01/01@12:30:10,15132,3.234375,430.7096774193548
2000/01/01@12:30:11,15133,3.2340002,434.5483870967742
2000/01/01@12:30:12,15134,3.234375,438.38709677419354
2000/01/01@12:30:13,15135,3.233625,442.2258064516129
2000/01/01@12:30:14,15136,3.2338128,446.06451612903226
2000/01/01@12:30:15,15137,3.2338128,449.9032258064516
2000/01/01@12:30:16,15138,3.2341876,453.741935483871
2000/01/01@12:30:17,15139,3.233625,457.5806451612903
2000/01/01@12:30:18,15140,3.2341876,461.4193548387097
2000/01/01@12:30:20,15142,3.2340002,469.0967741935484
2000/01/01@12:30:21,15143,3.2340002,472.93548387096774
2000/01/01@12:30:22,15144,3.2341876,476.7741935483871
2000/01/01@12:30:23,15145,3.2341876,480.61290322580646
2000/01/01@12:30:24,15146,3.234375,484.4516129032258
2000/01/01@12:30:25,15147,3.2341876,488.2903225806452
2000/01/01@12:30:26,15148,3.2341876,492.1290322580645
2000/01/01@12:30:27,15149,3.2338128,495.9677419354839
2000/01/01@12:30:28,15150,3.2341876,499.80645161290323
2000/01/01@12:30:29,15151,3.2338128,503.64516129032256
2000/01/01@12:30:30,15152,3.2341876,507.48387096774195
2000/01/01@12:30:32,15154,3.234375,515.1612903225806
2000/01/01@12:30:33,15155,3.2338128,519.0
2000/01/01@12:30:34,15156,3.2340002,522.6666666666666
2000/01/01@12:30:35,15157,3.2338128,526.3333333333334
2000/01/01@12:30:36,15158,3.2338128,530.0
2000/01/01@12:30:37,15159,3.2340002,533.6666666666666
2000/01/01@12:30:38,15160,3.2341876,537.3333333333334
2000/01/01@12:30:39,15161,3.2340002,541.0
2000/01/01@12:30:40,15162,3.2338128,544.6666666666666
2000/01/01@12:30:41,15163,3.234375,548.3333333333334
2000/01/01@12:30:42,15164,3.233625,552.0
2000/01/01@12:30:44,15166,3.2338128,559.3333333333334
2000/01/01@12:30:45,15167,3.2340002,563.0
2000/01/01@12:30:46,15168,3.233625,566.6666666666666
2000/01/01@12:30:47,15169,3.233625,570.3333333333334
2000/01/01@12:30:48,15170,3.2341876,574.0
2000/01/01@12:30:49,15171,3.2338128,577.6666666666666
2000/01/01@12:30:50,15172,3.233625,581.3333333333334
2000/01/01@12:30:51,15173,3.2340002,585.0
2000/01/01@12:30:52,15174,3.2340002,588.6666666666666
2000/01/01@12:30:53,15175,3.2338128,592.3333333333334
2000/01/01@12:30:54,15176,3.233625,596.0
2000/01/01@12:30:56,15178,3.234375,603.3333333333334
2000/01/01@12:30:57,15179,3.233625,607.0
2000/01/01@12:30:58,15180,3.234375,610.6666666666666
2000/01/01@12:30:59,15181,3.2340002,614.3333333333334
2000/01/01@12:31:00,15182,3.2338128,618.0
2000/01/01@12:31:01,15183,3.2340002,621.6666666666666
2000/01/01@12:31:02,15184,3.234375,625.3333333333334
2000/01/01@12:31:03,15185,3.2340002,629.0
2000/01/01@12:31:04,15186,3.233625,633.1935483870968
2000/01/01@12:31:05,15187,3.233625,637.3870967741935
2000/01/01@12:31:06,15188,3.2338128,641.5806451612904
2000/01/01@12:31:08,15190,3.2341876,649.9677419354839
2000/01/01@12:31:09,15191,3.2340002,654.1612903225806
2000/01/01@12:31:10,15192,3.233625,658.3548387096774
2000/01/01@12:31:11,15193,3.2338128,662.5483870967741
2000/01/01@12:31:12,15194,3.233625,666.741935483871
2000/01/01@12:31:13,15195,3.2338128,670.9354838709678
2000/01/01@12:31:14,15196,3.233625,675.1290322580645
2000/01/01@12:31:15,15197,3.2338128,679.3225806451613
2000/01/01@12:31:16,15198,3.2341876,683.516129032258
2000/01/01@12:31:17,15199,3.233625,687.7096774193549
2000/01/01@12:31:18,15200,3.2338128,691.9032258064516
2000/01/01@12:31:20,15202,3.2341876,700.2903225806451
2000/01/01@12:31:21,15203,3.2340002,704.483870967742
2000/01/01@12:31:22,15204,3.233625,708.6774193548387
2000/01/01@12:31:23,15205,3.2341876,712.8709677419355
2000/01/01@12:31:24,15206,3.2341876,717.0645161290322
2000/01/01@12:31:25,15207,3.2332502,721.258064516129
2000/01/01@12:31:26,15208,3.2341876,725.4516129032259
2000/01/01@12:31:27,15209,3.2340002,729.6451612903226
2000/01/01@12:31:28,15210,3.2338128,733.8387096774194
2000/01/01@12:31:29,15211,3.2334376,738.0322580645161
2000/01/01@12:31:30,15212,3.233625,742.2258064516129
2000/01/01@12:31:32,15214,3.2341876,750.6129032258065
2000/01/01@12:31:33,15215,3.2340002,754.8064516129032
2000/01/01@12:31:34,15216,3.2340002,759.0
2000/01/01@12:31:35,15217,3.233625,763.0333333333333
2000/01/01@12:31:36,15218,3.233625,767.0666666666667
2000/01/01@12:31:37,15219,3.2338128,771.1
2000/01/01@12:31:38,15220,3.233625,775.1333333333333
2000/01/01@12:31:39,15221,3.2340002,779.1666666666666
2000/01/01@12:31:40,15222,3.233625,783.2
2000/01/01@12:31:41,15223,3.2340002,787.2333333333333
2000/01/01@12:31:43,15224,3.2338128,795.3
2000/01/01@12:31:44,15226,3.2340002,799.3333333333334
2000/01/01@12:31:45,15227,3.2338128,803.3666666666667
2000/01/01@12:31:46,15228,3.233625,807.4
2000/01/01@12:31:47,15229,3.2340002,811.4333333333333
2000/01/01@12:31:48,15230,3.233625,815.4666666666667
2000/01/01@12:31:49,15231,3.2340002,819.5
2000/01/01@12:31:50,15232,3.2338128,823.5333333333333
2000/01/01@12:31:51,15233,3.2340002,827.5666666666666
2000/01/01@12:31:52,15234,3.233625,831.6
2000/01/01@12:31:53,15235,3.2334376,835.6333333333333
2000/01/01@12:31:55,15236,3.2340002,843.7
2000/01/01@12:31:56,15238,3.233625,847.7333333333333
2000/01/01@12:31:57,15239,3.2338128,851.7666666666667
2000/01/01@12:31:58,15240,3.233625,855.8
2000/01/01@12:31:59,15241,3.233625,859.8333333333334
2000/01/01@12:32:00,15242,3.2334376,863.8666666666667
2000/01/01@12:32:01,15243,3.2334376,867.9
2000/01/01@12:32:02,15244,3.2334376,871.9333333333334
2000/01/01@12:32:03,15245,3.233625,875.9666666666667
2000/01/01@12:32:04,15246,3.233625,880.0
2000/01/01@12:32:05,15247,3.2338128,884.0
2000/01/01@12:32:07,15249,3.233625,892.0
2000/01/01@12:32:08,15250,3.233625,896.0
2000/01/01@12:32:09,15251,3.2341876,900.0
2000/01/01@12:32:10,15252,3.233625,904.0
2000/01/01@12:32:11,15253,3.233625,908.0
2000/01/01@12:32:12,15254,3.2338128,912.0
2000/01/01@12:32:13,15255,3.2338128,916.0
2000/01/01@12:32:14,15256,3.233625,920.0
2000/01/01@12:32:15,15257,3.233625,924.0
2000/01/01@12:32:16,15258,3.2338128,928.0
2000/01/01@12:32:17,15259,3.2334376,932.0
2000/01/01@12:32:19,15261,3.2340002,940.0
2000/01/01@12:32:20,15262,3.2341876,944.0
2000/01/01@12:32:21,15263,3.2338128,948.0
2000/01/01@12:32:22,15264,3.2340002,952.0
2000/01/01@12:32:23,15265,3.233625,956.0
2000/01/01@12:32:24,15266,3.2341876,960.0
2000/01/01@12:32:25,15267,3.2341876,964.0
2000/01/01@12:32:26,15268,3.2338128,968.0
2000/01/01@12:32:27,15269,3.233625,972.0
2000/01/01@12:32:28,15270,3.2340002,976.0
2000/01/01@12:32:29,15271,3.233625,980.0
2000/01/01@12:32:31,15273,3.233625,988.0
2000/01/01@12:32:32,15274,3.2341876,992.0
2000/01/01@12:32:33,15275,3.2340002,996.0
2000/01/01@12:32:34,15276,3.233625,1000.0
2000/01/01@12:32:35,15277,3.2340002,1004.0
2000/01/01@12:32:36,15278,3.2338128,1007.6451612903226
2000/01/01@12:32:37,15279,3.233625,1011.2903225806451
2000/01/01@12:32:38,15280,3.2334376,1014.9354838709677
2000/01/01@12:32:39,15281,3.2338128,1018.5806451612904
2000/01/01@12:32:40,15282,3.2334376,1022.2258064516129
2000/01/01@12:32:41,15283,3.2341876,1025.8709677419354
2000/01/01@12:32:43,15285,3.2338128,1033.1612903225807
2000/01/01@12:32:44,15286,3.2334376,1036.8064516129032
2000/01/01@12:32:45,15287,3.2341876,1040.4516129032259
2000/01/01@12:32:46,15288,3.233625,1044.0967741935483
2000/01/01@12:32:47,15289,3.2334376,1047.741935483871
2000/01/01@12:32:48,15290,3.2334376,1051.3870967741937
2000/01/01@12:32:49,15291,3.234375,1055.032258064516
2000/01/01@12:32:50,15292,3.234375,1058.6774193548388
2000/01/01@12:32:51,15293,3.233625,1062.3225806451612
2000/01/01@12:32:52,15294,3.2338128,1065.967741935484
2000/01/01@12:32:53,15295,3.2334376,1069.6129032258063
2000/01/01@12:32:55,15297,3.2341876,1076.9032258064517
2000/01/01@12:32:56,15298,3.2338128,1080.5483870967741
2000/01/01@12:32:57,15299,3.2334376,1084.1935483870968
2000/01/01@12:32:58,15300,3.233625,1087.8387096774193
2000/01/01@12:32:59,15301,3.234375,1091.483870967742
2000/01/01@12:33:00,15302,3.233625,1095.1290322580644
2000/01/01@12:33:01,15303,3.2340002,1098.774193548387
2000/01/01@12:33:02,15304,3.2338128,1102.4193548387098
2000/01/01@12:33:03,15305,3.2338128,1106.0645161290322
2000/01/01@12:33:04,15306,3.233625,1109.7096774193549
2000/01/01@12:33:05,15307,3.2334376,1113.3548387096773
2000/01/01@12:33:07,15309,3.233625,1120.3666666666666
2000/01/01@12:33:08,15310,3.2338128,1123.7333333333333
2000/01/01@12:33:09,15311,3.2340002,1127.1
2000/01/01@12:33:10,15312,3.2340002,1130.4666666666667
2000/01/01@12:33:11,15313,3.233625,1133.8333333333333
2000/01/01@12:33:12,15314,3.2341876,1137.2
2000/01/01@12:33:13,15315,3.2334376,1140.5666666666666
2000/01/01@12:33:14,15316,3.2332502,1143.9333333333334
2000/01/01@12:33:15,15317,3.2341876,1147.3
2000/01/01@12:33:16,15318,3.233625,1150.6666666666667
2000/01/01@12:33:17,15319,3.233625,1154.0333333333333
2000/01/01@12:33:19,15321,3.2338128,1160.7666666666667
2000/01/01@12:33:20,15322,3.2338128,1164.1333333333334
2000/01/01@12:33:21,15323,3.2334376,1167.5
2000/01/01@12:33:22,15324,3.2334376,1170.8666666666666
2000/01/01@12:33:23,15325,3.2334376,1174.2333333333333
2000/01/01@12:33:24,15326,3.2340002,1177.6
2000/01/01@12:33:25,15327,3.233625,1180.9666666666667
2000/01/01@12:33:26,15328,3.2334376,1184.3333333333333
2000/01/01@12:33:27,15329,3.2334376,1187.7
2000/01/01@12:33:28,15330,3.233625,1191.0666666666666
2000/01/01@12:33:29,15331,3.2334376,1194.4333333333334
2000/01/01@12:33:31,15333,3.233625,1201.1666666666667
2000/01/01@12:33:32,15334,3.2334376,1204.5333333333333
2000/01/01@12:33:33,15335,3.233625,1207.9
2000/01/01@12:33:34,15336,3.2332502,1211.2666666666667
2000/01/01@12:33:35,15337,3.2334376,1214.6333333333334
2000/01/01@12:33:36,15338,3.2340002,1218.0
2000/01/01@12:33:37,15339,3.2332502,1222.0
2000/01/01@12:33:38,15340,3.2334376,1226.0
2000/01/01@12:33:39,15341,3.2332502,1230.0
2000/01/01@12:33:40,15342,3.2338128,1234.0
2000/01/01@12:33:41,15343,3.2334376,1238.0
2000/01/01@12:33:43,15345,3.2340002,1246.0
2000/01/01@12:33:44,15346,3.2338128,1250.0
2000/01/01@12:33:45,15347,3.2340002,1254.0
2000/01/01@12:33:46,15348,3.2341876,1258.0
2000/01/01@12:33:47,15349,3.2334376,1262.0
2000/01/01@12:33:48,15350,3.2332502,1266.0
2000/01/01@12:33:49,15351,3.2332502,1270.0
2000/01/01@12:33:50,15352,3.2340002,1274.0
2000/01/01@12:33:51,15353,3.2332502,1278.0
2000/01/01@12:33:52,15354,3.2334376,1282.0
2000/01/01@12:33:53,15355,3.2332502,1286.0
2000/01/01@12:33:55,15357,3.2340002,1294.0
2000/01/01@12:33:56,15358,3.234375,1298.0
2000/01/01@12:33:57,15359,3.233625,1302.0
2000/01/01@12:33:58,15360,3.2332502,1306.0
2000/01/01@12:33:59,15361,3.2334376,1310.0
2000/01/01@12:34:00,15362,3.2332502,1314.0
2000/01/01@12:34:01,15363,3.233625,1318.0
2000/01/01@12:34:02,15364,3.2334376,1322.0
2000/01/01@12:34:03,15365,3.233625,1326.0
2000/01/01@12:34:04,15366,3.233625,1330.0
2000/01/01@12:34:05,15367,3.2332502,1334.0
2000/01/01@12:34:07,15369,3.233625,1342.0
2000/01/01@12:34:08,15370,3.2340002,1345.9
2000/01/01@12:34:09,15371,3.2332502,1349.8
2000/01/01@12:34:10,15372,3.2332502,1353.7
2000/01/01@12:34:11,15373,3.2330624,1357.6
2000/01/01@12:34:12,15374,3.2338128,1361.5
2000/01/01@12:34:13,15375,3.2340002,1365.4
2000/01/01@12:34:14,15376,3.233625,1369.3
2000/01/01@12:34:15,15377,3.2330624,1373.2
2000/01/01@12:34:16,15378,3.2340002,1377.1
2000/01/01@12:34:17,15379,3.2330624,1381.0
2000/01/01@12:34:19,15381,3.2334376,1388.8
2000/01/01@12:34:20,15382,3.233625,1392.7
2000/01/01@12:34:21,15383,3.2332502,1396.6
2000/01/01@12:34:22,15384,3.2338128,1400.5
2000/01/01@12:34:23,15385,3.2330624,1404.4
2000/01/01@12:34:24,15386,3.2332502,1408.3
2000/01/01@12:34:25,15387,3.2332502,1412.2
2000/01/01@12:34:26,15388,3.2330624,1416.1
2000/01/01@12:34:27,15389,3.2334376,1420.0
2000/01/01@12:34:28,15390,3.233625,1423.9
2000/01/01@12:34:29,15391,3.2340002,1427.8
2000/01/01@12:34:31,15393,3.2330624,1435.6
2000/01/01@12:34:32,15394,3.2330624,1439.5
2000/01/01@12:34:33,15395,3.2332502,1443.4
2000/01/01@12:34:34,15396,3.233625,1447.3
2000/01/01@12:34:35,15397,3.2340002,1451.2
2000/01/01@12:34:36,15398,3.2334376,1455.1
2000/01/01@12:34:37,15399,3.233625,1459.0
2000/01/01@12:34:38,15400,3.2330624,1462.8709677419354
2000/01/01@12:34:39,15401,3.2330624,1466.741935483871
2000/01/01@12:34:40,15402,3.233625,1470.6129032258063
2000/01/01@12:34:41,15403,3.2340002,1474.483870967742
2000/01/01@12:34:43,15405,3.2338128,1482.225806451613
2000/01/01@12:34:44,15406,3.2332502,1486.0967741935483
2000/01/01@12:34:45,15407,3.2332502,1489.967741935484
2000/01/01@12:34:46,15408,3.2332502,1493.8387096774193
2000/01/01@12:34:47,15409,3.233625,1497.7096774193549
2000/01/01@12:34:48,15410,3.2332502,1501.5806451612902
2000/01/01@12:34:49,15411,3.2334376,1505.4516129032259
2000/01/01@12:34:50,15412,3.2334376,1509.3225806451612
2000/01/01@12:34:51,15413,3.2334376,1513.1935483870968
2000/01/01@12:34:52,15414,3.233625,1517.0645161290322
2000/01/01@12:34:53,15415,3.2334376,1520.9354838709678
2000/01/01@12:34:54,15416,3.233625,1524.8064516129032
2000/01/01@12:34:56,15418,3.2332502,1532.5483870967741
2000/01/01@12:34:57,15419,3.2330624,1536.4193548387098
2000/01/01@12:34:58,15420,3.2330624,1540.2903225806451
2000/01/01@12:34:59,15421,3.233625,1544.1612903225807
2000/01/01@12:35:00,15422,3.2334376,1548.032258064516
2000/01/01@12:35:01,15423,3.2332502,1551.9032258064517
2000/01/01@12:35:02,15424,3.2340002,1555.774193548387
2000/01/01@12:35:03,15425,3.2330624,1559.6451612903227
2000/01/01@12:35:04,15426,3.233625,1563.516129032258
2000/01/01@12:35:05,15427,3.2330624,1567.3870967741937
2000/01/01@12:35:07,15428,3.2334376,1575.1290322580644
2000/01/01@12:35:08,15430,3.2332502,1579.0
2000/01/01@12:35:09,15431,3.2332502,1583.0333333333333
2000/01/01@12:35:10,15432,3.2332502,1587.0666666666666
2000/01/01@12:35:11,15433,3.232875,1591.1
2000/01/01@12:35:12,15434,3.2330624,1595.1333333333334
2000/01/01@12:35:13,15435,3.2330624,1599.1666666666667
2000/01/01@12:35:14,15436,3.2332502,1603.2
2000/01/01@12:35:15,15437,3.2338128,1607.2333333333333
2000/01/01@12:35:16,15438,3.2334376,1611.2666666666667
2000/01/01@12:35:17,15439,3.2334376,1615.3
2000/01/01@12:35:18,15440,3.2330624,1619.3333333333333
2000/01/01@12:35:20,15442,3.2330624,1627.4
2000/01/01@12:35:21,15443,3.2334376,1631.4333333333334
2000/01/01@12:35:22,15444,3.2338128,1635.4666666666667
2000/01/01@12:35:23,15445,3.233625,1639.5
2000/01/01@12:35:24,15446,3.2332502,1643.5333333333333
2000/01/01@12:35:25,15447,3.2338128,1647.5666666666666
2000/01/01@12:35:26,15448,3.233625,1651.6
2000/01/01@12:35:27,15449,3.2330624,1655.6333333333332
2000/01/01@12:35:28,15450,3.2332502,1659.6666666666667
2000/01/01@12:35:29,15451,3.2332502,1663.7
2000/01/01@12:35:31,15453,3.2332502,1671.7666666666667
2000/01/01@12:35:32,15454,3.233625,1675.8
2000/01/01@12:35:33,15455,3.2332502,1679.8333333333333
2000/01/01@12:35:34,15456,3.2332502,1683.8666666666666
2000/01/01@12:35:35,15457,3.233625,1687.9
2000/01/01@12:35:36,15458,3.2332502,1691.9333333333334
2000/01/01@12:35:37,15459,3.2340002,1695.9666666666667
2000/01/01@12:35:38,15460,3.2332502,1700.0
2000/01/01@12:35:39,15461,3.2332502,1704.7096774193549
2000/01/01@12:35:40,15462,3.2332502,1709.4193548387098
2000/01/01@12:35:41,15463,3.2338128,1714.1290322580646
2000/01/01@12:35:43,15465,3.2330624,1723.5483870967741
2000/01/01@12:35:44,15466,3.233625,1728.258064516129
2000/01/01@12:35:45,15467,3.2330624,1732.967741935484
2000/01/01@12:35:46,15468,3.2340002,1737.6774193548388
2000/01/01@12:35:47,15469,3.2330624,1742.3870967741937
2000/01/01@12:35:48,15470,3.2332502,1747.0967741935483
2000/01/01@12:35:49,15471,3.2330624,1751.8064516129032
2000/01/01@12:35:50,15472,3.2334376,1756.516129032258
2000/01/01@12:35:51,15473,3.2338128,1761.225806451613
2000/01/01@12:35:52,15474,3.233625,1765.9354838709678
2000/01/01@12:35:53,15475,3.2332502,1770.6451612903227
2000/01/01@12:35:55,15477,3.233625,1780.0645161290322
2000/01/01@12:35:56,15478,3.233625,1784.774193548387
2000/01/01@12:35:57,15479,3.2334376,1789.483870967742
2000/01/01@12:35:58,15480,3.2330624,1794.1935483870968
2000/01/01@12:35:59,15481,3.2338128,1798.9032258064517
2000/01/01@12:36:00,15482,3.2330624,1803.6129032258063
2000/01/01@12:36:01,15483,3.2330624,1808.3225806451612
2000/01/01@12:36:02,15484,3.2332502,1813.032258064516
2000/01/01@12:36:03,15485,3.2334376,1817.741935483871
2000/01/01@12:36:04,15486,3.2332502,1822.4516129032259
2000/01/01@12:36:05,15487,3.2332502,1827.1612903225807
2000/01/01@12:36:07,15489,3.233625,1836.5806451612902
2000/01/01@12:36:08,15490,3.2338128,1841.2903225806451
2000/01/01@12:36:09,15491,3.2334376,1846.0
2000/01/01@12:36:10,15492,3.2338128,1850.5806451612902
2000/01/01@12:36:11,15493,3.2332502,1855.1612903225807
2000/01/01@12:36:12,15494,3.2338128,1859.741935483871
2000/01/01@12:36:13,15495,3.2332502,1864.3225806451612
2000/01/01@12:36:14,15496,3.2332502,1868.9032258064517
2000/01/01@12:36:15,15497,3.2330624,1873.483870967742
2000/01/01@12:36:16,15498,3.2332502,1878.0645161290322
2000/01/01@12:36:17,15499,3.2334376,1882.6451612903227
2000/01/01@12:36:19,15501,3.2338128,1891.8064516129032
2000/01/01@12:36:20,15502,3.232875,1896.3870967741937
2000/01/01@12:36:21,15503,3.233625,1900.967741935484
2000/01/01@12:36:22,15504,3.2332502,1905.5483870967741
2000/01/01@12:36:23,15505,3.233625,1910.1290322580646
2000/01/01@12:36:24,15506,3.233625,1914.7096774193549
2000/01/01@12:36:25,15507,3.2330624,1919.2903225806451
2000/01/01@12:36:26,15508,3.232875,1923.8709677419356
2000/01/01@12:36:27,15509,3.2326876,1928.4516129032259
2000/01/01@12:36:28,15510,3.2332502,1933.032258064516
2000/01/01@12:36:29,15511,3.2332502,1937.6129032258063
2000/01/01@12:36:31,15513,3.2330624,1946.774193548387
2000/01/01@12:36:32,15514,3.2330624,1951.3548387096773
2000/01/01@12:36:33,15515,3.232875,1955.9354838709678
2000/01/01@12:36:34,15516,3.2332502,1960.516129032258
2000/01/01@12:36:35,15517,3.2334376,1965.0967741935483
2000/01/01@12:36:36,15518,3.233625,1969.6774193548388
2000/01/01@12:36:37,15519,3.2334376,1974.258064516129
2000/01/01@12:36:38,15520,3.2332502,1978.8387096774193
2000/01/01@12:36:39,15521,3.2334376,1983.4193548387098
2000/01/01@12:36:40,15522,3.2330624,1988.0
2000/01/01@12:36:41,15523,3.2334376,1991.9333333333334
2000/01/01@12:36:43,15525,3.2330624,1999.8
2000/01/01@12:36:44,15526,3.2332502,2003.7333333333333
2000/01/01@12:36:45,15527,3.233625,2007.6666666666667
2000/01/01@12:36:46,15528,3.2334376,2011.6
2000/01/01@12:36:47,15529,3.2334376,2015.5333333333333
2000/01/01@12:36:48,15530,3.2332502,2019.4666666666667
2000/01/01@12:36:49,15531,3.2332502,2023.4
2000/01/01@12:36:50,15532,3.2340002,2027.3333333333333
2000/01/01@12:36:51,15533,3.2330624,2031.2666666666667
2000/01/01@12:36:52,15534,3.2334376,2035.2
2000/01/01@12:36:53,15535,3.2334376,2039.1333333333334
2000/01/01@12:36:55,15537,3.2340002,2047.0
2000/01/01@12:36:56,15538,3.2332502,2050.9333333333334
2000/01/01@12:36:57,15539,3.2334376,2054.866666666667
2000/01/01@12:36:58,15540,3.2332502,2058.8
2000/01/01@12:36:59,15541,3.2334376,2062.733333333333
2000/01/01@12:37:00,15542,3.2332502,2066.6666666666665
2000/01/01@12:37:01,15543,3.233625,2070.6
2000/01/01@12:37:02,15544,3.2332502,2074.5333333333333
2000/01/01@12:37:03,15545,3.2338128,2078.4666666666667
2000/01/01@12:37:04,15546,3.2334376,2082.4
2000/01/01@12:37:05,15547,3.233625,2086.3333333333335
2000/01/01@12:37:07,15549,3.2332502,2094.2
2000/01/01@12:37:08,15550,3.2332502,2098.133333333333
2000/01/01@12:37:09,15551,3.2334376,2102.0666666666666
2000/01/01@12:37:10,15552,3.2334376,2106.0
2000/01/01@12:37:11,15553,3.2330624,2110.064516129032
2000/01/01@12:37:12,15554,3.2330624,2114.1290322580644
2000/01/01@12:37:13,15555,3.2334376,2118.1935483870966
2000/01/01@12:37:14,15556,3.2340002,2122.2580645161293
2000/01/01@12:37:15,15557,3.2340002,2126.3225806451615
2000/01/01@12:37:16,15558,3.2334376,2130.3870967741937
2000/01/01@12:37:17,15559,3.2330624,2134.451612903226
2000/01/01@12:37:19,15561,3.2332502,2142.5806451612902
2000/01/01@12:37:20,15562,3.2332502,2146.6451612903224
2000/01/01@12:37:21,15563,3.2334376,2150.7096774193546
2000/01/01@12:37:22,15564,3.2338128,2154.7741935483873
2000/01/01@12:37:23,15565,3.2332502,2158.8387096774195
2000/01/01@12:37:24,15566,3.2330624,2162.9032258064517
2000/01/01@12:37:25,15567,3.233625,2166.967741935484
2000/01/01@12:37:26,15568,3.233625,2171.032258064516
2000/01/01@12:37:27,15569,3.2332502,2175.0967741935483
2000/01/01@12:37:28,15570,3.2330624,2179.1612903225805
2000/01/01@12:37:30,15572,3.233625,2187.2903225806454
2000/01/01@12:37:31,15573,3.2340002,2191.3548387096776
2000/01/01@12:37:32,15574,3.2332502,2195.4193548387098
2000/01/01@12:37:33,15575,3.2338128,2199.483870967742
2000/01/01@12:37:34,15576,3.2340002,2203.548387096774
2000/01/01@12:37:35,15577,3.2340002,2207.6129032258063
2000/01/01@12:37:36,15578,3.2330624,2211.6774193548385
2000/01/01@12:37:37,15579,3.2332502,2215.7419354838707
2000/01/01@12:37:38,15580,3.233625,2219.8064516129034
2000/01/01@12:37:39,15581,3.2332502,2223.8709677419356
2000/01/01@12:37:40,15582,3.2340002,2227.935483870968
2000/01/01@12:37:42,15584,3.2332502,2236.4666666666667
2000/01/01@12:37:43,15585,3.2330624,2240.9333333333334
2000/01/01@12:37:44,15586,3.2334376,2245.4
2000/01/01@12:37:45,15587,3.2332502,2249.866666666667
2000/01/01@12:37:46,15588,3.2338128,2254.3333333333335
2000/01/01@12:37:47,15589,3.2338128,2258.8
2000/01/01@12:37:48,15590,3.2332502,2263.266666666667
2000/01/01@12:37:49,15591,3.2334376,2267.733333333333
2000/01/01@12:37:50,15592,3.233625,2272.2
2000/01/01@12:37:51,15593,3.2332502,2276.6666666666665
2000/01/01@12:37:52,15594,3.2334376,2281.133333333333
2000/01/01@12:37:54,15595,3.233625,2290.0666666666666
2000/01/01@12:37:55,15597,3.2332502,2294.5333333333333
2000/01/01@12:37:56,15598,3.2330624,2299.0
2000/01/01@12:37:57,15599,3.2330624,2303.4666666666667
2000/01/01@12:37:58,15600,3.2334376,2307.9333333333334
2000/01/01@12:37:59,15601,3.233625,2312.4
2000/01/01@12:38:00,15602,3.2338128,2316.866666666667
2000/01/01@12:38:01,15603,3.2338128,2321.3333333333335
2000/01/01@12:38:02,15604,3.233625,2325.8
2000/01/01@12:38:03,15605,3.2334376,2330.266666666667
2000/01/01@12:38:04,15606,3.2332502,2334.733333333333
2000/01/01@12:38:06,15608,3.2330624,2343.6666666666665
2000/01/01@12:38:07,15609,3.2332502,2348.133333333333
2000/01/01@12:38:08,15610,3.2338128,2352.6
2000/01/01@12:38:09,15611,3.2332502,2357.0666666666666
2000/01/01@12:38:10,15612,3.2340002,2361.5333333333333
2000/01/01@12:38:11,15613,3.2334376,2366.0
2000/01/01@12:38:12,15614,3.233625,2369.0
2000/01/01@12:38:13,15615,3.2330624,2372.0
2000/01/01@12:38:14,15616,3.2334376,2375.0
2000/01/01@12:38:15,15617,3.2330624,2378.0
2000/01/01@12:38:16,15618,3.2332502,2381.0
2000/01/01@12:38:18,15620,3.2334376,2387.0
2000/01/01@12:38:19,15621,3.233625,2390.0
2000/01/01@12:38:20,15622,3.233625,2393.0
2000/01/01@12:38:21,15623,3.2330624,2396.0
2000/01/01@12:38:22,15624,3.2332502,2399.0
2000/01/01@12:38:23,15625,3.2330624,2402.0
2000/01/01@12:38:24,15626,3.232875,2405.0
2000/01/01@12:38:25,15627,3.233625,2408.0
2000/01/01@12:38:26,15628,3.233625,2411.0
2000/01/01@12:38:27,15629,3.2330624,2414.0
2000/01/01@12:38:28,15630,3.2332502,2417.0
2000/01/01@12:38:30,15632,3.2332502,2423.0
2000/01/01@12:38:31,15633,3.2330624,2426.0
2000/01/01@12:38:32,15634,3.233625,2429.0
2000/01/01@12:38:33,15635,3.2334376,2432.0
2000/01/01@12:38:34,15636,3.2330624,2435.0
2000/01/01@12:38:35,15637,3.233625,2438.0
2000/01/01@12:38:36,15638,3.2330624,2441.0
2000/01/01@12:38:37,15639,3.2338128,2444.0
2000/01/01@12:38:38,15640,3.2334376,2447.0
2000/01/01@12:38:39,15641,3.2334376,2450.0
2000/01/01@12:38:40,15642,3.233625,2453.0
2000/01/01@12:38:42,15644,3.2332502,2459.0
2000/01/01@12:38:43,15645,3.2332502,2463.3333333333335
2000/01/01@12:38:44,15646,3.2338128,2467.6666666666665
2000/01/01@12:38:45,15647,3.233625,2472.0
2000/01/01@12:38:46,15648,3.2334376,2476.3333333333335
2000/01/01@12:38:47,15649,3.2334376,2480.6666666666665
2000/01/01@12:38:48,15650,3.232875,2485.0
2000/01/01@12:38:49,15651,3.233625,2489.3333333333335
2000/01/01@12:38:50,15652,3.2330624,2493.6666666666665
2000/01/01@12:38:51,15653,3.2334376,2498.0
2000/01/01@12:38:52,15654,3.2332502,2502.3333333333335
2000/01/01@12:38:54,15656,3.233625,2511.0
2000/01/01@12:38:55,15657,3.2338128,2515.3333333333335
2000/01/01@12:38:56,15658,3.2332502,2519.6666666666665
2000/01/01@12:38:57,15659,3.2330624,2524.0
2000/01/01@12:38:58,15660,3.2330624,2528.3333333333335
2000/01/01@12:38:59,15661,3.2330624,2532.6666666666665
2000/01/01@12:39:00,15662,3.2332502,2537.0
2000/01/01@12:39:01,15663,3.2334376,2541.3333333333335
2000/01/01@12:39:02,15664,3.233625,2545.6666666666665
2000/01/01@12:39:03,15665,3.2332502,2550.0
2000/01/01@12:39:04,15666,3.2334376,2554.3333333333335
2000/01/01@12:39:06,15668,3.2334376,2563.0
2000/01/01@12:39:07,15669,3.2332502,2567.3333333333335
2000/01/01@12:39:08,15670,3.2332502,2571.6666666666665
2000/01/01@12:39:09,15671,3.2332502,2576.0
2000/01/01@12:39:10,15672,3.2332502,2580.3333333333335
2000/01/01@12:39:11,15673,3.2332502,2584.6666666666665
2000/01/01@12:39:12,15674,3.2332502,2589.0
2000/01/01@12:39:13,15675,3.2332502,2593.7419354838707
2000/01/01@12:39:14,15676,3.2330624,2598.483870967742
2000/01/01@12:39:15,15677,3.2330624,2603.2258064516127
2000/01/01@12:39:16,15678,3.2338128,2607.967741935484
2000/01/01@12:39:18,15680,3.2334376,2617.451612903226
2000/01/01@12:39:19,15681,3.2334376,2622.1935483870966
2000/01/01@12:39:20,15682,3.2330624,2626.935483870968
2000/01/01@12:39:21,15683,3.233625,2631.6774193548385
2000/01/01@12:39:22,15684,3.2332502,2636.4193548387098
2000/01/01@12:39:23,15685,3.2332502,2641.1612903225805
2000/01/01@12:39:24,15686,3.2334376,2645.9032258064517
2000/01/01@12:39:25,15687,3.2330624,2650.6451612903224
2000/01/01@12:39:26,15688,3.233625,2655.3870967741937
2000/01/01@12:39:27,15689,3.2332502,2660.1290322580644
2000/01/01@12:39:28,15690,3.2330624,2664.8709677419356
2000/01/01@12:39:30,15692,3.233625,2674.3548387096776
2000/01/01@12:39:31,15693,3.2338128,2679.0967741935483
2000/01/01@12:39:32,15694,3.2330624,2683.8387096774195
2000/01/01@12:39:33,15695,3.232875,2688.5806451612902
2000/01/01@12:39:34,15696,3.2334376,2693.3225806451615
2000/01/01@12:39:35,15697,3.232875,2698.064516129032
2000/01/01@12:39:36,15698,3.2332502,2702.8064516129034
2000/01/01@12:39:37,15699,3.2332502,2707.548387096774
2000/01/01@12:39:38,15700,3.2330624,2712.2903225806454
2000/01/01@12:39:39,15701,3.2338128,2717.032258064516
2000/01/01@12:39:40,15702,3.233625,2721.7741935483873
2000/01/01@12:39:42,15704,3.2330624,2731.258064516129
2000/01/01@12:39:43,15705,3.2332502,2736.0
2000/01/01@12:39:44,15706,3.2332502,2740.6774193548385
2000/01/01@12:39:45,15707,3.2334376,2745.3548387096776
2000/01/01@12:39:46,15708,3.2330624,2750.032258064516
2000/01/01@12:39:47,15709,3.2330624,2754.7096774193546
2000/01/01@12:39:48,15710,3.2332502,2759.3870967741937
2000/01/01@12:39:49,15711,3.2332502,2764.064516129032
2000/01/01@12:39:50,15712,3.233625,2768.7419354838707
2000/01/01@12:39:51,15713,3.2334376,2773.4193548387098
2000/01/01@12:39:52,15714,3.2330624,2778.0967741935483
2000/01/01@12:39:54,15716,3.232875,2787.451612903226
2000/01/01@12:39:55,15717,3.233625,2792.1290322580644
2000/01/01@12:39:56,15718,3.2330624,2796.8064516129034
2000/01/01@12:39:57,15719,3.2330624,2801.483870967742
2000/01/01@12:39:58,15720,3.232875,2806.1612903225805
2000/01/01@12:39:59,15721,3.2338128,2810.8387096774195
2000/01/01@12:40:00,15722,3.2338128,2815.516129032258
2000/01/01@12:40:01,15723,3.233625,2820.1935483870966
2000/01/01@12:40:02,15724,3.2334376,2824.8709677419356
2000/01/01@12:40:03,15725,3.233625,2829.548387096774
2000/01/01@12:40:04,15726,3.2332502,2834.2258064516127
2000/01/01@12:40:06,15728,3.2334376,2843.5806451612902
2000/01/01@12:40:07,15729,3.2332502,2848.2580645161293
2000/01/01@12:40:08,15730,3.233625,2852.935483870968
2000/01/01@12:40:09,15731,3.2334376,2857.6129032258063
2000/01/01@12:40:10,15732,3.2332502,2862.2903225806454
2000/01/01@12:40:11,15733,3.2338128,2866.967741935484
2000/01/01@12:40:12,15734,3.2332502,2871.6451612903224
2000/01/01@12:40:13,15735,3.232875,2876.3225806451615
2000/01/01@12:40:14,15736,3.2330624,2881.0
2000/01/01@12:40:15,15737,3.2332502,2885.5666666666666
2000/01/01@12:40:16,15738,3.233625,2890.133333333333
2000/01/01@12:40:18,15740,3.2330624,2899.266666666667
2000/01/01@12:40:19,15741,3.232875,2903.8333333333335
2000/01/01@12:40:20,15742,3.2332502,2908.4
2000/01/01@12:40:21,15743,3.232875,2912.9666666666667
2000/01/01@12:40:22,15744,3.2334376,2917.5333333333333
2000/01/01@12:40:23,15745,3.233625,2922.1
2000/01/01@12:40:24,15746,3.2334376,2926.6666666666665
2000/01/01@12:40:25,15747,3.232875,2931.233333333333
2000/01/01@12:40:26,15748,3.233625,2935.8
2000/01/01@12:40:27,15749,3.232875,2940.366666666667
2000/01/01@12:40:28,15750,3.232875,2944.9333333333334
2000/01/01@12:40:30,15752,3.2334376,2954.0666666666666
2000/01/01@12:40:31,15753,3.232875,2958.633333333333
2000/01/01@12:40:32,15754,3.233625,2963.2
2000/01/01@12:40:33,15755,3.233625,2967.766666666667
2000/01/01@12:40:34,15756,3.2330624,2972.3333333333335
2000/01/01@12:40:35,15757,3.233625,2976.9
2000/01/01@12:40:36,15758,3.2338128,2981.4666666666667
2000/01/01@12:40:37,15759,3.2332502,2986.0333333333333
2000/01/01@12:40:38,15760,3.233625,2990.6
2000/01/01@12:40:39,15761,3.2330624,2995.1666666666665
2000/01/01@12:40:40,15762,3.2332502,2999.733333333333
2000/01/01@12:40:42,15764,3.2330624,3008.866666666667
2000/01/01@12:40:43,15765,3.233625,3013.4333333333334
2000/01/01@12:40:44,15766,3.2332502,3018.0
2000/01/01@12:40:45,15767,3.2330624,3022.7741935483873
2000/01/01@12:40:46,15768,3.2334376,3027.548387096774
2000/01/01@12:40:47,15769,3.2332502,3032.3225806451615
2000/01/01@12:40:48,15770,3.232875,3037.0967741935483
2000/01/01@12:40:49,15771,3.232875,3041.8709677419356
2000/01/01@12:40:50,15772,3.232875,3046.6451612903224
2000/01/01@12:40:51,15773,3.233625,3051.4193548387098
2000/01/01@12:40:52,15774,3.2332502,3056.1935483870966
2000/01/01@12:40:54,15776,3.232875,3065.7419354838707
2000/01/01@12:40:55,15777,3.2332502,3070.516129032258
2000/01/01@12:40:56,15778,3.2330624,3075.2903225806454
2000/01/01@12:40:57,15779,3.2332502,3080.064516129032
2000/01/01@12:40:58,15780,3.2330624,3084.8387096774195
2000/01/01@12:40:59,15781,3.232875,3089.6129032258063
2000/01/01@12:41:00,15782,3.2330624,3094.3870967741937
2000/01/01@12:41:01,15783,3.2334376,3099.1612903225805
2000/01/01@12:41:02,15784,3.2330624,3103.935483870968
2000/01/01@12:41:03,15785,3.233625,3108.7096774193546
2000/01/01@12:41:04,15786,3.2334376,3113.483870967742
2000/01/01@12:41:06,15788,3.2332502,3123.032258064516
2000/01/01@12:41:07,15789,3.2330624,3127.8064516129034
2000/01/01@12:41:08,15790,3.2332502,3132.5806451612902
2000/01/01@12:41:09,15791,3.2330624,3137.3548387096776
2000/01/01@12:41:10,15792,3.2330624,3142.1290322580644
2000/01/01@12:41:11,15793,3.2332502,3146.9032258064517
2000/01/01@12:41:12,15794,3.232875,3151.6774193548385
2000/01/01@12:41:13,15795,3.2334376,3156.451612903226
2000/01/01@12:41:14,15796,3.2330624,3161.2258064516127
2000/01/01@12:41:15,15797,3.2330624,3166.0
2000/01/01@12:41:16,15798,3.2334376,3170.366666666667
2000/01/01@12:41:18,15800,3.2330624,3179.1
2000/01/01@12:41:19,15801,3.232875,3183.4666666666667
2000/01/01@12:41:20,15802,3.2330624,3187.8333333333335
2000/01/01@12:41:21,15803,3.2334376,3192.2
2000/01/01@12:41:22,15804,3.2334376,3196.5666666666666
2000/01/01@12:41:23,15805,3.2330624,3200.9333333333334
2000/01/01@12:41:24,15806,3.2332502,3205.3
2000/01/01@12:41:25,15807,3.2334376,3209.6666666666665
2000/01/01@12:41:26,15808,3.2330624,3214.0333333333333
2000/01/01@12:41:27,15809,3.233625,3218.4
2000/01/01@12:41:29,15810,3.233625,3227.133333333333
2000/01/01@12:41:30,15812,3.233625,3231.5
2000/01/01@12:41:31,15813,3.232875,3235.866666666667
2000/01/01@12:41:32,15814,3.233625,3240.233333333333
2000/01/01@12:41:33,15815,3.232875,3244.6
2000/01/01@12:41:34,15816,3.2330624,3248.9666666666667
2000/01/01@12:41:35,15817,3.2332502,3253.3333333333335
2000/01/01@12:41:36,15818,3.2330624,3257.7
2000/01/01@12:41:37,15819,3.2330624,3262.0666666666666
2000/01/01@12:41:38,15820,3.2326876,3266.4333333333334
2000/01/01@12:41:39,15821,3.2330624,3270.8
2000/01/01@12:41:41,15822,3.2332502,3279.5333333333333
2000/01/01@12:41:42,15824,3.2330624,3283.9
2000/01/01@12:41:43,15825,3.233625,3288.2666666666664
2000/01/01@12:41:44,15826,3.2334376,3292.633333333333
2000/01/01@12:41:45,15827,3.2326876,3297.0
2000/01/01@12:41:46,15828,3.2332502,3301.2258064516127
2000/01/01@12:41:47,15829,3.2326876,3305.451612903226
2000/01/01@12:41:48,15830,3.232875,3309.6774193548385
2000/01/01@12:41:49,15831,3.2330624,3313.9032258064517
2000/01/01@12:41:50,15832,3.2326876,3318.1290322580644
2000/01/01@12:41:51,15833,3.2326876,3322.3548387096776
2000/01/01@12:41:53,15835,3.2326876,3330.8064516129034
2000/01/01@12:41:54,15836,3.2330624,3335.032258064516
2000/01/01@12:41:55,15837,3.232875,3339.2580645161293
2000/01/01@12:41:56,15838,3.2326876,3343.483870967742
2000/01/01@12:41:57,15839,3.2326876,3347.7096774193546
2000/01/01@12:41:58,15840,3.233625,3351.935483870968
2000/01/01@12:41:59,15841,3.232875,3356.1612903225805
2000/01/01@12:42:00,15842,3.2332502,3360.3870967741937
2000/01/01@12:42:01,15843,3.232875,3364.6129032258063
2000/01/01@12:42:02,15844,3.2326876,3368.8387096774195
2000/01/01@12:42:03,15845,3.2330624,3373.064516129032
2000/01/01@12:42:05,15847,3.233625,3381.516129032258
2000/01/01@12:42:06,15848,3.2330624,3385.7419354838707
2000/01/01@12:42:07,15849,3.2332502,3389.967741935484
2000/01/01@12:42:08,15850,3.232875,3394.1935483870966
2000/01/01@12:42:09,15851,3.233625,3398.4193548387098
2000/01/01@12:42:10,15852,3.2330624,3402.6451612903224
2000/01/01@12:42:11,15853,3.233625,3406.8709677419356
2000/01/01@12:42:12,15854,3.2326876,3411.0967741935483
2000/01/01@12:42:13,15855,3.233625,3415.3225806451615
2000/01/01@12:42:14,15856,3.2334376,3419.548387096774
2000/01/01@12:42:15,15857,3.2332502,3423.7741935483873
2000/01/01@12:42:17,15859,3.2332502,3432.5333333333333
2000/01/01@12:42:18,15860,3.2334376,3437.0666666666666
2000/01/01@12:42:19,15861,3.232875,3441.6
2000/01/01@12:42:20,15862,3.2334376,3446.133333333333
2000/01/01@12:42:21,15863,3.2330624,3450.6666666666665
2000/01/01@12:42:22,15864,3.232875,3455.2
2000/01/01@12:42:23,15865,3.2334376,3459.733333333333
2000/01/01@12:42:24,15866,3.2330624,3464.266666666667
2000/01/01@12:42:25,15867,3.232875,3468.8
2000/01/01@12:42:26,15868,3.2332502,3473.3333333333335
2000/01/01@12:42:27,15869,3.2332502,3477.866666666667
2000/01/01@12:42:29,15871,3.2332502,3486.9333333333334
2000/01/01@12:42:30,15872,3.232875,3491.4666666666667
2000/01/01@12:42:31,15873,3.2334376,3496.0
2000/01/01@12:42:32,15874,3.2330624,3500.5333333333333
2000/01/01@12:42:33,15875,3.232875,3505.0666666666666
2000/01/01@12:42:34,15876,3.232875,3509.6
2000/01/01@12:42:35,15877,3.2330624,3514.133333333333
2000/01/01@12:42:36,15878,3.2330624,3518.6666666666665
2000/01/01@12:42:37,15879,3.2326876,3523.2
2000/01/01@12:42:38,15880,3.2326876,3527.733333333333
2000/01/01@12:42:39,15881,3.2326876,3532.266666666667
2000/01/01@12:42:41,15883,3.2332502,3541.3333333333335
2000/01/01@12:42:42,15884,3.2334376,3545.866666666667
2000/01/01@12:42:43,15885,3.2332502,3550.4
2000/01/01@12:42:44,15886,3.2330624,3554.9333333333334
2000/01/01@12:42:45,15887,3.233625,3559.4666666666667
2000/01/01@12:42:46,15888,3.2326876,3564.0
2000/01/01@12:42:47,15889,3.2330624,3568.2258064516127
2000/01/01@12:42:48,15890,3.2326876,3572.451612903226
2000/01/01@12:42:49,15891,3.2330624,3576.6774193548385
2000/01/01@12:42:50,15892,3.2330624,3580.9032258064517
2000/01/01@12:42:51,15893,3.2330624,3585.1290322580644
2000/01/01@12:42:53,15895,3.2326876,3593.5806451612902
2000/01/01@12:42:54,15896,3.232875,3597.8064516129034
2000/01/01@12:42:55,15897,3.2334376,3602.032258064516
2000/01/01@12:42:56,15898,3.232875,3606.2580645161293
2000/01/01@12:42:57,15899,3.2330624,3610.483870967742
2000/01/01@12:42:58,15900,3.2330624,3614.7096774193546
2000/01/01@12:42:59,15901,3.232875,3618.935483870968
2000/01/01@12:43:00,15902,3.2332502,3623.1612903225805
2000/01/01@12:43:01,15903,3.232875,3627.3870967741937
2000/01/01@12:43:02,15904,3.2332502,3631.6129032258063
2000/01/01@12:43:03,15905,3.2326876,3635.8387096774195
2000/01/01@12:43:05,15907,3.2332502,3644.2903225806454
2000/01/01@12:43:06,15908,3.2330624,3648.516129032258
2000/01/01@12:43:07,15909,3.2332502,3652.7419354838707
2000/01/01@12:43:08,15910,3.2334376,3656.967741935484
2000/01/01@12:43:09,15911,3.2332502,3661.1935483870966
2000/01/01@12:43:10,15912,3.2334376,3665.4193548387098
2000/01/01@12:43:11,15913,3.232875,3669.6451612903224
2000/01/01@12:43:12,15914,3.2334376,3673.8709677419356
2000/01/01@12:43:13,15915,3.232875,3678.0967741935483
2000/01/01@12:43:14,15916,3.2330624,3682.3225806451615
2000/01/01@12:43:15,15917,3.2332502,3686.548387096774
2000/01/01@12:43:17,15919,3.2326876,3695.0
2000/01/01@12:43:18,15920,3.2326876,3698.9666666666667
2000/01/01@12:43:19,15921,3.232875,3702.9333333333334
2000/01/01@12:43:20,15922,3.2330624,3706.9
2000/01/01@12:43:21,15923,3.2330624,3710.866666666667
2000/01/01@12:43:22,15924,3.2332502,3714.8333333333335
2000/01/01@12:43:23,15925,3.2332502,3718.8
2000/01/01@12:43:24,15926,3.233625,3722.766666666667
2000/01/01@12:43:25,15927,3.2326876,3726.733333333333
2000/01/01@12:43:26,15928,3.2330624,3730.7
2000/01/01@12:43:27,15929,3.232875,3734.6666666666665
2000/01/01@12:43:29,15931,3.2330624,3742.6
2000/01/01@12:43:30,15932,3.2332502,3746.5666666666666
2000/01/01@12:43:31,15933,3.2332502,3750.5333333333333
2000/01/01@12:43:32,15934,3.232875,3754.5
2000/01/01@12:43:33,15935,3.232875,3758.4666666666667
2000/01/01@12:43:34,15936,3.2326876,3762.4333333333334
2000/01/01@12:43:35,15937,3.2326876,3766.4
2000/01/01@12:43:36,15938,3.232875,3770.366666666667
2000/01/01@12:43:37,15939,3.2326876,3774.3333333333335
2000/01/01@12:43:38,15940,3.232875,3778.3
2000/01/01@12:43:39,15941,3.2326876,3782.266666666667
2000/01/01@12:43:41,15943,3.2326876,3790.2
2000/01/01@12:43:42,15944,3.2330624,3794.1666666666665
2000/01/01@12:43:43,15945,3.2330624,3798.133333333333
2000/01/01@12:43:44,15946,3.2330624,3802.1
2000/01/01@12:43:45,15947,3.232875,3806.0666666666666
2000/01/01@12:43:46,15948,3.2330624,3810.0333333333333
2000/01/01@12:43:47,15949,3.2326876,3814.0
2000/01/01@12:43:48,15950,3.2330624,3818.3870967741937
2000/01/01@12:43:49,15951,3.2325004,3822.7741935483873
2000/01/01@12:43:50,15952,3.2325004,3827.1612903225805
2000/01/01@12:43:51,15953,3.2323126,3831.548387096774
2000/01/01@12:43:53,15955,3.2325004,3840.3225806451615
2000/01/01@12:43:54,15956,3.2330624,3844.7096774193546
2000/01/01@12:43:55,15957,3.232875,3849.0967741935483
2000/01/01@12:43:56,15958,3.2326876,3853.483870967742
2000/01/01@12:43:57,15959,3.2334376,3857.8709677419356
2000/01/01@12:43:58,15960,3.2332502,3862.258064516129
2000/01/01@12:43:59,15961,3.2326876,3866.6451612903224
2000/01/01@12:44:00,15962,3.2330624,3871.032258064516
2000/01/01@12:44:01,15963,3.2326876,3875.4193548387098
2000/01/01@12:44:02,15964,3.232875,3879.8064516129034
2000/01/01@12:44:03,15965,3.2332502,3884.1935483870966
2000/01/01@12:44:05,15967,3.2330624,3892.967741935484
2000/01/01@12:44:06,15968,3.2334376,3897.3548387096776
2000/01/01@12:44:07,15969,3.232875,3901.7419354838707
2000/01/01@12:44:08,15970,3.2326876,3906.1290322580644
2000/01/01@12:44:09,15971,3.2326876,3910.516129032258
2000/01/01@12:44:10,15972,3.2334376,3914.9032258064517
2000/01/01@12:44:11,15973,3.2326876,3919.2903225806454
2000/01/01@12:44:12,15974,3.2330624,3923.6774193548385
2000/01/01@12:44:13,15975,3.232875,3928.064516129032
2000/01/01@12:44:14,15976,3.232875,3932.451612903226
2000/01/01@12:44:15,15977,3.2325004,3936.8387096774195
2000/01/01@12:44:17,15979,3.2325004,3945.6129032258063
2000/01/01@12:44:18,15980,3.2325004,3950.0
2000/01/01@12:44:19,15981,3.2332502,3954.7741935483873
2000/01/01@12:44:20,15982,3.232875,3959.548387096774
2000/01/01@12:44:21,15983,3.2325004,3964.3225806451615
2000/01/01@12:44:22,15984,3.2332502,3969.0967741935483
2000/01/01@12:44:23,15985,3.2330624,3973.8709677419356
2000/01/01@12:44:24,15986,3.2330624,3978.6451612903224
2000/01/01@12:44:25,15987,3.2334376,3983.4193548387098
2000/01/01@12:44:26,15988,3.2332502,3988.1935483870966
2000/01/01@12:44:28,15990,3.232875,3997.7419354838707
2000/01/01@12:44:29,15991,3.232875,4002.516129032258
2000/01/01@12:44:30,15992,3.2326876,4007.2903225806454
2000/01/01@12:44:31,15993,3.2330624,4012.064516129032
2000/01/01@12:44:32,15994,3.2332502,4016.8387096774195
2000/01/01@12:44:33,15995,3.2326876,4021.6129032258063
2000/01/01@12:44:34,15996,3.232875,4026.3870967741937
2000/01/01@12:44:35,15997,3.233625,4031.1612903225805
2000/01/01@12:44:36,15998,3.2330624,4035.935483870968
2000/01/01@12:44:37,15999,3.2325004,4040.7096774193546
2000/01/01@12:44:38,16000,3.2330624,4045.483870967742
2000/01/01@12:44:40,16002,3.2326876,4055.032258064516
2000/01/01@12:44:41,16003,3.2330624,4059.8064516129034
2000/01/01@12:44:42,16004,3.232875,4064.5806451612902
2000/01/01@12:44:43,16005,3.2326876,4069.3548387096776
2000/01/01@12:44:44,16006,3.2326876,4074.1290322580644
2000/01/01@12:44:45,16007,3.2334376,4078.9032258064517
2000/01/01@12:44:46,16008,3.2326876,4083.6774193548385
2000/01/01@12:44:47,16009,3.2334376,4088.451612903226
2000/01/01@12:44:48,16010,3.232875,4093.2258064516127
2000/01/01@12:44:49,16011,3.233625,4098.0
2000/01/01@12:44:50,16012,3.2330624,4103.2
2000/01/01@12:44:52,16014,3.2326876,4113.6
2000/01/01@12:44:53,16015,3.232875,4118.8
2000/01/01@12:44:54,16016,3.2332502,4124.0
2000/01/01@12:44:55,16017,3.2332502,4129.2
2000/01/01@12:44:56,16018,3.232875,4134.4
2000/01/01@12:44:57,16019,3.2334376,4139.6
2000/01/01@12:44:58,16020,3.233625,4144.8
2000/01/01@12:44:59,16021,3.232875,4150.0
2000/01/01@12:45:00,16022,3.2332502,4155.2
2000/01/01@12:45:01,16023,3.232875,4160.4
2000/01/01@12:45:02,16024,3.2326876,4165.6
2000/01/01@12:45:04,16026,3.2334376,4176.0
2000/01/01@12:45:05,16027,3.2334376,4181.2
2000/01/01@12:45:06,16028,3.2334376,4186.4
2000/01/01@12:45:07,16029,3.2326876,4191.6
2000/01/01@12:45:08,16030,3.2326876,4196.8
2000/01/01@12:45:09,16031,3.2334376,4202.0
2000/01/01@12:45:10,16032,3.2326876,4207.2
2000/01/01@12:45:11,16033,3.2326876,4212.4
2000/01/01@12:45:12,16034,3.2334376,4217.6
2000/01/01@12:45:13,16035,3.2330624,4222.8
2000/01/01@12:45:14,16036,3.2334376,4228.0
2000/01/01@12:45:16,16038,3.2332502,4238.4
2000/01/01@12:45:17,16039,3.233625,4243.6
2000/01/01@12:45:18,16040,3.2332502,4248.8
2000/01/01@12:45:19,16041,3.2330624,4254.0
2000/01/01@12:45:20,16042,3.232875,4258.870967741936
2000/01/01@12:45:21,16043,3.232875,4263.741935483871
2000/01/01@12:45:22,16044,3.232875,4268.612903225807
2000/01/01@12:45:23,16045,3.2330624,4273.4838709677415
2000/01/01@12:45:24,16046,3.2330624,4278.354838709677
2000/01/01@12:45:25,16047,3.2332502,4283.225806451613
2000/01/01@12:45:26,16048,3.2330624,4288.096774193548
2000/01/01@12:45:28,16050,3.2332502,4297.8387096774195
2000/01/01@12:45:29,16051,3.2326876,4302.709677419355
2000/01/01@12:45:30,16052,3.2332502,4307.580645161291
2000/01/01@12:45:31,16053,3.232875,4312.451612903225
2000/01/01@12:45:32,16054,3.2326876,4317.322580645161
2000/01/01@12:45:33,16055,3.2326876,4322.193548387097
2000/01/01@12:45:34,16056,3.2326876,4327.064516129032
2000/01/01@12:45:35,16057,3.2332502,4331.935483870968
2000/01/01@12:45:36,16058,3.2326876,4336.806451612903
2000/01/01@12:45:37,16059,3.2330624,4341.677419354839
2000/01/01@12:45:38,16060,3.2330624,4346.548387096775
2000/01/01@12:45:40,16062,3.2326876,4356.290322580645
2000/01/01@12:45:41,16063,3.2325004,4361.1612903225805
2000/01/01@12:45:42,16064,3.2330624,4366.032258064516
2000/01/01@12:45:43,16065,3.2325004,4370.903225806452
2000/01/01@12:45:44,16066,3.2326876,4375.774193548387
2000/01/01@12:45:45,16067,3.2326876,4380.645161290323
2000/01/01@12:45:46,16068,3.2326876,4385.5161290322585
2000/01/01@12:45:47,16069,3.2326876,4390.387096774193
2000/01/01@12:45:48,16070,3.2332502,4395.258064516129
2000/01/01@12:45:49,16071,3.2330624,4400.129032258064
2000/01/01@12:45:50,16072,3.2334376,4405.0
2000/01/01@12:45:52,16074,3.2325004,4414.066666666667
2000/01/01@12:45:53,16075,3.2332502,4418.6
2000/01/01@12:45:54,16076,3.232875,4423.133333333333
2000/01/01@12:45:55,16077,3.2334376,4427.666666666667
2000/01/01@12:45:56,16078,3.2326876,4432.2
2000/01/01@12:45:57,16079,3.2326876,4436.733333333334
2000/01/01@12:45:58,16080,3.2326876,4441.266666666666
2000/01/01@12:45:59,16081,3.2326876,4445.8
2000/01/01@12:46:00,16082,3.232875,4450.333333333333
2000/01/01@12:46:01,16083,3.232875,4454.866666666667
2000/01/01@12:46:02,16084,3.2326876,4459.4
2000/01/01@12:46:04,16086,3.2330624,4468.466666666666
2000/01/01@12:46:05,16087,3.2332502,4473.0
2000/01/01@12:46:06,16088,3.2325004,4477.533333333334
2000/01/01@12:46:07,16089,3.2325004,4482.066666666667
2000/01/01@12:46:08,16090,3.2326876,4486.6
2000/01/01@12:46:09,16091,3.2330624,4491.133333333333
2000/01/01@12:46:10,16092,3.2332502,4495.666666666667
2000/01/01@12:46:11,16093,3.2332502,4500.2
2000/01/01@12:46:12,16094,3.2323126,4504.733333333334
2000/01/01@12:46:13,16095,3.2330624,4509.266666666666
2000/01/01@12:46:14,16096,3.2330624,4513.8
2000/01/01@12:46:16,16098,3.232875,4522.866666666667
2000/01/01@12:46:17,16099,3.2330624,4527.4
2000/01/01@12:46:18,16100,3.2325004,4531.933333333333
2000/01/01@12:46:19,16101,3.2325004,4536.466666666666
2000/01/01@12:46:20,16102,3.2325004,4541.0
2000/01/01@12:46:21,16103,3.2326876,4545.806451612903
2000/01/01@12:46:22,16104,3.2330624,4550.612903225807
2000/01/01@12:46:23,16105,3.2330624,4555.419354838709
2000/01/01@12:46:24,16106,3.2325004,4560.225806451613
2000/01/01@12:46:25,16107,3.2330624,4565.032258064516
2000/01/01@12:46:26,16108,3.2325004,4569.8387096774195
2000/01/01@12:46:28,16110,3.2325004,4579.451612903225
2000/01/01@12:46:29,16111,3.2325004,4584.258064516129
2000/01/01@12:46:30,16112,3.2334376,4589.064516129032
2000/01/01@12:46:31,16113,3.232875,4593.870967741936
2000/01/01@12:46:32,16114,3.232875,4598.677419354839
2000/01/01@12:46:33,16115,3.2325004,4603.4838709677415
2000/01/01@12:46:34,16116,3.2325004,4608.290322580645
2000/01/01@12:46:35,16117,3.2325004,4613.096774193548
2000/01/01@12:46:36,16118,3.2332502,4617.903225806452
2000/01/01@12:46:37,16119,3.232875,4622.709677419355
2000/01/01@12:46:38,16120,3.2332502,4627.5161290322585
2000/01/01@12:46:40,16122,3.2330624,4637.129032258064
2000/01/01@12:46:41,16123,3.2326876,4641.935483870968
2000/01/01@12:46:42,16124,3.2325004,4646.741935483871
2000/01/01@12:46:43,16125,3.2326876,4651.548387096775
2000/01/01@12:46:44,16126,3.2330624,4656.354838709677
2000/01/01@12:46:45,16127,3.2326876,4661.1612903225805
2000/01/01@12:46:46,16128,3.2332502,4665.967741935484
2000/01/01@12:46:47,16129,3.2325004,4670.774193548387
2000/01/01@12:46:48,16130,3.2325004,4675.580645161291
2000/01/01@12:46:49,16131,3.2330624,4680.387096774193
2000/01/01@12:46:50,16132,3.2330624,4685.193548387097
2000/01/01@12:46:52,16134,3.2326876,4694.966666666666
2000/01/01@12:46:53,16135,3.2326876,4699.933333333333
2000/01/01@12:46:54,16136,3.2332502,4704.9
2000/01/01@12:46:55,16137,3.2321252,4709.866666666667
2000/01/01@12:46:56,16138,3.2325004,4714.833333333333
2000/01/01@12:46:57,16139,3.2323126,4719.8
2000/01/01@12:46:58,16140,3.2323126,4724.766666666666
2000/01/01@12:46:59,16141,3.232875,4729.733333333334
2000/01/01@12:47:00,16142,3.2326876,4734.7
2000/01/01@12:47:01,16143,3.2325004,4739.666666666667
2000/01/01@12:47:03,16145,3.2326876,4749.6
2000/01/01@12:47:04,16146,3.2326876,4754.566666666667
2000/01/01@12:47:05,16147,3.2323126,4759.533333333334
2000/01/01@12:47:06,16148,3.2326876,4764.5
2000/01/01@12:47:07,16149,3.2323126,4769.466666666666
2000/01/01@12:47:08,16150,3.232875,4774.433333333333
2000/01/01@12:47:09,16151,3.232875,4779.4
2000/01/01@12:47:10,16152,3.2325004,4784.366666666667
2000/01/01@12:47:11,16153,3.2326876,4789.333333333333
2000/01/01@12:47:12,16154,3.2323126,4794.3
2000/01/01@12:47:13,16155,3.2323126,4799.266666666666
2000/01/01@12:47:15,16157,3.2321252,4809.2
2000/01/01@12:47:16,16158,3.2330624,4814.166666666667
2000/01/01@12:47:17,16159,3.2326876,4819.133333333333
2000/01/01@12:47:18,16160,3.2326876,4824.1
2000/01/01@12:47:19,16161,3.2330624,4829.066666666667
2000/01/01@12:47:20,16162,3.2321252,4834.033333333334
2000/01/01@12:47:21,16163,3.232875,4839.0
2000/01/01@12:47:22,16164,3.232875,4843.870967741936
2000/01/01@12:47:23,16165,3.2325004,4848.741935483871
2000/01/01@12:47:24,16166,3.2326876,4853.612903225807
2000/01/01@12:47:25,16167,3.2323126,4858.4838709677415
2000/01/01@12:47:27,16169,3.2325004,4868.225806451613
2000/01/01@12:47:28,16170,3.232875,4873.096774193548
2000/01/01@12:47:29,16171,3.2326876,4877.967741935484
2000/01/01@12:47:30,16172,3.232875,4882.8387096774195
2000/01/01@12:47:31,16173,3.2326876,4887.709677419355
2000/01/01@12:47:32,16174,3.2323126,4892.580645161291
2000/01/01@12:47:33,16175,3.2326876,4897.451612903225
2000/01/01@12:47:34,16176,3.2325004,4902.322580645161
2000/01/01@12:47:35,16177,3.2326876,4907.193548387097
2000/01/01@12:47:36,16178,3.2330624,4912.064516129032
2000/01/01@12:47:37,16179,3.2330624,4916.935483870968
2000/01/01@12:47:39,16181,3.2330624,4926.677419354839
2000/01/01@12:47:40,16182,3.2325004,4931.548387096775
2000/01/01@12:47:41,16183,3.2330624,4936.419354838709
2000/01/01@12:47:42,16184,3.2323126,4941.290322580645
2000/01/01@12:47:43,16185,3.2325004,4946.1612903225805
2000/01/01@12:47:44,16186,3.2325004,4951.032258064516
2000/01/01@12:47:45,16187,3.232875,4955.903225806452
2000/01/01@12:47:46,16188,3.2323126,4960.774193548387
2000/01/01@12:47:47,16189,3.2323126,4965.645161290323
2000/01/01@12:47:48,16190,3.2323126,4970.5161290322585
2000/01/01@12:47:49,16191,3.2330624,4975.387096774193
2000/01/01@12:47:51,16193,3.2330624,4985.129032258064
2000/01/01@12:47:52,16194,3.2323126,4990.0
2000/01/01@12:47:53,16195,3.232875,4994.4838709677415
2000/01/01@12:47:54,16196,3.2326876,4998.967741935484
2000/01/01@12:47:55,16197,3.2323126,5003.451612903225
2000/01/01@12:47:56,16198,3.232875,5007.935483870968
2000/01/01@12:47:57,16199,3.2321252,5012.419354838709
2000/01/01@12:47:58,16200,3.2325004,5016.903225806452
2000/01/01@12:47:59,16201,3.2323126,5021.387096774193
2000/01/01@12:48:00,16202,3.2323126,5025.870967741936
2000/01/01@12:48:01,16203,3.2326876,5030.354838709677
2000/01/01@12:48:03,16205,3.2325004,5039.322580645161
2000/01/01@12:48:04,16206,3.2325004,5043.806451612903
2000/01/01@12:48:05,16207,3.2325004,5048.290322580645
2000/01/01@12:48:06,16208,3.2323126,5052.774193548387
2000/01/01@12:48:07,16209,3.2321252,5057.258064516129
2000/01/01@12:48:08,16210,3.232875,5061.741935483871
2000/01/01@12:48:09,16211,3.2323126,5066.225806451613
2000/01/01@12:48:10,16212,3.232875,5070.709677419355
2000/01/01@12:48:11,16213,3.232875,5075.193548387097
2000/01/01@12:48:12,16214,3.2326876,5079.677419354839
2000/01/01@12:48:13,16215,3.2325004,5084.1612903225805
2000/01/01@12:48:15,16217,3.232875,5093.129032258064
2000/01/01@12:48:16,16218,3.232875,5097.612903225807
2000/01/01@12:48:17,16219,3.2325004,5102.096774193548
2000/01/01@12:48:18,16220,3.2326876,5106.580645161291
2000/01/01@12:48:19,16221,3.2323126,5111.064516129032
2000/01/01@12:48:20,16222,3.232875,5115.548387096775
2000/01/01@12:48:21,16223,3.2323126,5120.032258064516
2000/01/01@12:48:22,16224,3.2325004,5124.516129032258
2000/01/01@12:48:23,16225,3.232875,5129.0
2000/01/01@12:48:24,16226,3.232875,5133.266666666666
2000/01/01@12:48:25,16227,3.2323126,5137.533333333334
2000/01/01@12:48:27,16229,3.232875,5146.066666666667
2000/01/01@12:48:28,16230,3.2321252,5150.333333333333
2000/01/01@12:48:29,16231,3.2321252,5154.6
2000/01/01@12:48:30,16232,3.2321252,5158.866666666667
2000/01/01@12:48:31,16233,3.2326876,5163.133333333333
2000/01/01@12:48:32,16234,3.2325004,5167.4
2000/01/01@12:48:33,16235,3.2325004,5171.666666666667
2000/01/01@12:48:34,16236,3.2325004,5175.933333333333
2000/01/01@12:48:35,16237,3.2326876,5180.2
2000/01/01@12:48:36,16238,3.2321252,5184.466666666666
2000/01/01@12:48:37,16239,3.2326876,5188.733333333334
2000/01/01@12:48:39,16241,3.2326876,5197.266666666666
2000/01/01@12:48:40,16242,3.2326876,5201.533333333334
2000/01/01@12:48:41,16243,3.2321252,5205.8
2000/01/01@12:48:42,16244,3.2321252,5210.066666666667
2000/01/01@12:48:43,16245,3.2325004,5214.333333333333
2000/01/01@12:48:44,16246,3.232875,5218.6
2000/01/01@12:48:45,16247,3.2323126,5222.866666666667
2000/01/01@12:48:46,16248,3.2321252,5227.133333333333
2000/01/01@12:48:47,16249,3.232875,5231.4
2000/01/01@12:48:48,16250,3.2325004,5235.666666666667
2000/01/01@12:48:49,16251,3.2321252,5239.933333333333
2000/01/01@12:48:51,16253,3.2325004,5248.466666666666
2000/01/01@12:48:52,16254,3.2321252,5252.733333333334
2000/01/01@12:48:53,16255,3.2321252,5257.0
2000/01/01@12:48:54,16256,3.2326876,5260.322580645161
2000/01/01@12:48:55,16257,3.2326876,5263.645161290323
2000/01/01@12:48:56,16258,3.2323126,5266.967741935484
2000/01/01@12:48:57,16259,3.232875,5270.290322580645
2000/01/01@12:48:58,16260,3.2323126,5273.612903225807
2000/01/01@12:48:59,16261,3.2323126,5276.935483870968
2000/01/01@12:49:00,16262,3.2323126,5280.258064516129
2000/01/01@12:49:01,16263,3.232875,5283.580645161291
2000/01/01@12:49:03,16265,3.232875,5290.225806451613
2000/01/01@12:49:04,16266,3.2321252,5293.548387096775
2000/01/01@12:49:05,16267,3.2321252,5296.870967741936
2000/01/01@12:49:06,16268,3.2321252,5300.193548387097
2000/01/01@12:49:07,16269,3.2321252,5303.5161290322585
2000/01/01@12:49:08,16270,3.232875,5306.8387096774195
2000/01/01@12:49:09,16271,3.232875,5310.1612903225805
2000/01/01@12:49:10,16272,3.232875,5313.4838709677415
2000/01/01@12:49:11,16273,3.231938,5316.806451612903
2000/01/01@12:49:12,16274,3.2321252,5320.129032258064
2000/01/01@12:49:13,16275,3.232875,5323.451612903225
2000/01/01@12:49:15,16277,3.2326876,5330.096774193548
2000/01/01@12:49:16,16278,3.2321252,5333.419354838709
2000/01/01@12:49:17,16279,3.2323126,5336.741935483871
2000/01/01@12:49:18,16280,3.2325004,5340.064516129032
2000/01/01@12:49:19,16281,3.2326876,5343.387096774193
2000/01/01@12:49:20,16282,3.231938,5346.709677419355
2000/01/01@12:49:21,16283,3.231938,5350.032258064516
2000/01/01@12:49:22,16284,3.2326876,5353.354838709677
2000/01/01@12:49:23,16285,3.2326876,5356.677419354839
2000/01/01@12:49:24,16286,3.231938,5360.0
2000/01/01@12:49:25,16287,3.2321252,5361.333333333333
2000/01/01@12:49:27,16289,3.231938,5364.0
2000/01/01@12:49:28,16290,3.2323126,5365.333333333333
2000/01/01@12:49:29,16291,3.232875,5366.666666666667
2000/01/01@12:49:30,16292,3.23175,5368.0
2000/01/01@12:49:31,16293,3.2326876,5369.333333333333
2000/01/01@12:49:32,16294,3.2325004,5370.666666666667
2000/01/01@12:49:33,16295,3.23175,5372.0
2000/01/01@12:49:34,16296,3.2326876,5373.333333333333
2000/01/01@12:49:35,16297,3.2325004,5374.666666666667
2000/01/01@12:49:36,16298,3.2321252,5376.0
2000/01/01@12:49:37,16299,3.2323126,5377.333333333333
2000/01/01@12:49:39,16301,3.2321252,5380.0
2000/01/01@12:49:40,16302,3.2323126,5381.333333333333
2000/01/01@12:49:41,16303,3.2323126,5382.666666666667
2000/01/01@12:49:42,16304,3.2323126,5384.0
2000/01/01@12:49:43,16305,3.2325004,5385.333333333333
2000/01/01@12:49:44,16306,3.2326876,5386.666666666667
2000/01/01@12:49:45,16307,3.2325004,5388.0
2000/01/01@12:49:46,16308,3.2325004,5389.333333333333
2000/01/01@12:49:47,16309,3.2323126,5390.666666666667
2000/01/01@12:49:48,16310,3.232875,5392.0
2000/01/01@12:49:49,16311,3.2326876,5393.333333333333
2000/01/01@12:49:51,16313,3.231938,5396.0
2000/01/01@12:49:52,16314,3.2326876,5397.333333333333
2000/01/01@12:49:53,16315,3.2323126,5398.666666666667
2000/01/01@12:49:54,16316,3.2325004,5400.0
2000/01/01@12:49:55,16317,3.2326876,5401.419354838709
2000/01/01@12:49:56,16318,3.2321252,5402.8387096774195
2000/01/01@12:49:57,16319,3.2326876,5404.258064516129
2000/01/01@12:49:58,16320,3.2321252,5405.677419354839
2000/01/01@12:49:59,16321,3.2326876,5407.096774193548
2000/01/01@12:50:00,16322,3.2325004,5408.5161290322585
2000/01/01@12:50:01,16323,3.2321252,5409.935483870968
2000/01/01@12:50:03,16325,3.2326876,5412.774193548387
2000/01/01@12:50:04,16326,3.2323126,5414.193548387097
2000/01/01@12:50:05,16327,3.231938,5415.612903225807
2000/01/01@12:50:06,16328,3.2321252,5417.032258064516
2000/01/01@12:50:07,16329,3.2325004,5418.451612903225
2000/01/01@12:50:08,16330,3.2323126,5419.870967741936
2000/01/01@12:50:09,16331,3.2326876,5421.290322580645
2000/01/01@12:50:10,16332,3.2321252,5422.709677419355
2000/01/01@12:50:11,16333,3.2323126,5424.129032258064
2000/01/01@12:50:12,16334,3.2325004,5425.548387096775
2000/01/01@12:50:14,16336,3.2321252,5428.387096774193
2000/01/01@12:50:15,16337,3.2325004,5429.806451612903
2000/01/01@12:50:16,16338,3.2325004,5431.225806451613
2000/01/01@12:50:17,16339,3.2321252,5432.645161290323
2000/01/01@12:50:18,16340,3.2321252,5434.064516129032
2000/01/01@12:50:19,16341,3.2326876,5435.4838709677415
2000/01/01@12:50:20,16342,3.232875,5436.903225806452
2000/01/01@12:50:21,16343,3.2323126,5438.322580645161
2000/01/01@12:50:22,16344,3.231938,5439.741935483871
2000/01/01@12:50:23,16345,3.231938,5441.1612903225805
2000/01/01@12:50:24,16346,3.2326876,5442.580645161291
2000/01/01@12:50:26,16348,3.231938,5445.5
2000/01/01@12:50:27,16349,3.231938,5447.0
2000/01/01@12:50:28,16350,3.231938,5448.5
2000/01/01@12:50:29,16351,3.2321252,5450.0
2000/01/01@12:50:30,16352,3.2323126,5451.5
2000/01/01@12:50:31,16353,3.2321252,5453.0
2000/01/01@12:50:32,16354,3.2325004,5454.5
2000/01/01@12:50:33,16355,3.2325004,5456.0
2000/01/01@12:50:34,16356,3.2325004,5457.5
2000/01/01@12:50:35,16357,3.2321252,5459.0
2000/01/01@12:50:36,16358,3.2325004,5460.5
2000/01/01@12:50:38,16360,3.2321252,5463.5
2000/01/01@12:50:39,16361,3.2321252,5465.0
2000/01/01@12:50:40,16362,3.2321252,5466.5
2000/01/01@12:50:41,16363,3.2326876,5468.0
2000/01/01@12:50:42,16364,3.2321252,5469.5
2000/01/01@12:50:43,16365,3.231938,5471.0
2000/01/01@12:50:44,16366,3.232875,5472.5
2000/01/01@12:50:45,16367,3.231938,5474.0
2000/01/01@12:50:46,16368,3.2321252,5475.5
2000/01/01@12:50:47,16369,3.231938,5477.0
2000/01/01@12:50:48,16370,3.2321252,5478.5
2000/01/01@12:50:50,16372,3.2321252,5481.5
2000/01/01@12:50:51,16373,3.2326876,5483.0
2000/01/01@12:50:52,16374,3.2325004,5484.5
2000/01/01@12:50:53,16375,3.2326876,5486.0
2000/01/01@12:50:54,16376,3.231938,5487.5
2000/01/01@12:50:55,16377,3.2321252,5489.0
2000/01/01@12:50:56,16378,3.2325004,5490.451612903225
2000/01/01@12:50:57,16379,3.231938,5491.903225806452
2000/01/01@12:50:58,16380,3.2321252,5493.354838709677
2000/01/01@12:50:59,16381,3.2326876,5494.806451612903
2000/01/01@12:51:00,16382,3.2323126,5496.258064516129
2000/01/01@12:51:02,16384,3.2325004,5499.1612903225805
2000/01/01@12:51:03,16385,3.2321252,5500.612903225807
2000/01/01@12:51:04,16386,3.2325004,5502.064516129032
2000/01/01@12:51:05,16387,3.2321252,5503.5161290322585
2000/01/01@12:51:06,16388,3.2321252,5504.967741935484
2000/01/01@12:51:07,16389,3.2326876,5506.419354838709
2000/01/01@12:51:08,16390,3.2321252,5507.870967741936
2000/01/01@12:51:09,16391,3.2326876,5509.322580645161
2000/01/01@12:51:10,16392,3.2325004,5510.774193548387
2000/01/01@12:51:11,16393,3.2321252,5512.225806451613
2000/01/01@12:51:12,16394,3.2323126,5513.677419354839
2000/01/01@12:51:14,16395,3.2325004,5516.580645161291
2000/01/01@12:51:15,16397,3.231938,5518.032258064516
2000/01/01@12:51:16,16398,3.2321252,5519.4838709677415
2000/01/01@12:51:17,16399,3.2321252,5520.935483870968
2000/01/01@12:51:18,16400,3.2326876,5522.387096774193
2000/01/01@12:51:19,16401,3.231938,5523.8387096774195
2000/01/01@12:51:20,16402,3.2321252,5525.290322580645
2000/01/01@12:51:21,16403,3.23175,5526.741935483871
2000/01/01@12:51:22,16404,3.23175,5528.193548387097
2000/01/01@12:51:23,16405,3.2323126,5529.645161290323
2000/01/01@12:51:24,16406,3.2325004,5531.096774193548
2000/01/01@12:51:25,16407,3.2321252,5532.548387096775
2000/01/01@12:51:27,16409,3.2326876,5535.741935483871
2000/01/01@12:51:28,16410,3.2323126,5537.4838709677415
2000/01/01@12:51:29,16411,3.2321252,5539.225806451613
2000/01/01@12:51:30,16412,3.2326876,5540.967741935484
2000/01/01@12:51:31,16413,3.2325004,5542.709677419355
2000/01/01@12:51:32,16414,3.2321252,5544.451612903225
2000/01/01@12:51:33,16415,3.2323126,5546.193548387097
2000/01/01@12:51:34,16416,3.2325004,5547.935483870968
2000/01/01@12:51:35,16417,3.2321252,5549.677419354839
2000/01/01@12:51:36,16418,3.231938,5551.419354838709
2000/01/01@12:51:37,16419,3.232875,5553.1612903225805
2000/01/01@12:51:39,16421,3.232875,5556.645161290323
2000/01/01@12:51:40,16422,3.2321252,5558.387096774193
2000/01/01@12:51:41,16423,3.2326876,5560.129032258064
2000/01/01@12:51:42,16424,3.2321252,5561.870967741936
2000/01/01@12:51:43,16425,3.2321252,5563.612903225807
2000/01/01@12:51:44,16426,3.2326876,5565.354838709677
2000/01/01@12:51:45,16427,3.2323126,5567.096774193548
2000/01/01@12:51:46,16428,3.2326876,5568.8387096774195
2000/01/01@12:51:47,16429,3.2326876,5570.580645161291
2000/01/01@12:51:48,16430,3.2321252,5572.322580645161
2000/01/01@12:51:49,16431,3.2330624,5574.064516129032
2000/01/01@12:51:51,16433,3.2323126,5577.548387096775
2000/01/01@12:51:52,16434,3.2323126,5579.290322580645
2000/01/01@12:51:53,16435,3.2321252,5581.032258064516
2000/01/01@12:51:54,16436,3.2323126,5582.774193548387
2000/01/01@12:51:55,16437,3.2321252,5584.5161290322585
2000/01/01@12:51:56,16438,3.2326876,5586.258064516129
2000/01/01@12:51:57,16439,3.2323126,5588.0
2000/01/01@12:51:58,16440,3.2323126,5589.933333333333
2000/01/01@12:51:59,16441,3.2321252,5591.866666666667
2000/01/01@12:52:00,16442,3.231938,5593.8
2000/01/01@12:52:01,16443,3.2323126,5595.733333333334
2000/01/01@12:52:03,16445,3.2326876,5599.6
2000/01/01@12:52:04,16446,3.231938,5601.533333333334
2000/01/01@12:52:05,16447,3.2325004,5603.466666666666
2000/01/01@12:52:06,16448,3.2323126,5605.4
2000/01/01@12:52:07,16449,3.2326876,5607.333333333333
2000/01/01@12:52:08,16450,3.2321252,5609.266666666666
2000/01/01@12:52:09,16451,3.232875,5611.2
2000/01/01@12:52:10,16452,3.2321252,5613.133333333333
2000/01/01@12:52:11,16453,3.2326876,5615.066666666667
2000/01/01@12:52:12,16454,3.2326876,5617.0
2000/01/01@12:52:13,16455,3.2321252,5618.933333333333
2000/01/01@12:52:15,16457,3.232875,5622.8
2000/01/01@12:52:16,16458,3.2325004,5624.733333333334
2000/01/01@12:52:17,16459,3.2321252,5626.666666666667
2000/01/01@12:52:18,16460,3.2323126,5628.6
2000/01/01@12:52:19,16461,3.2323126,5630.533333333334
2000/01/01@12:52:20,16462,3.2326876,5632.466666666666
2000/01/01@12:52:21,16463,3.231938,5634.4
2000/01/01@12:52:22,16464,3.2326876,5636.333333333333
2000/01/01@12:52:23,16465,3.2325004,5638.266666666666
2000/01/01@12:52:24,16466,3.2321252,5640.2
2000/01/01@12:52:25,16467,3.2321252,5642.133333333333
2000/01/01@12:52:27,16469,3.2321252,5646.0
2000/01/01@12:52:28,16470,3.2325004,5648.129032258064
2000/01/01@12:52:29,16471,3.2323126,5650.258064516129
2000/01/01@12:52:30,16472,3.2321252,5652.387096774193
2000/01/01@12:52:31,16473,3.2321252,5654.5161290322585
2000/01/01@12:52:32,16474,3.231938,5656.645161290323
2000/01/01@12:52:33,16475,3.2321252,5658.774193548387
2000/01/01@12:52:34,16476,3.2325004,5660.903225806452
2000/01/01@12:52:35,16477,3.2323126,5663.032258064516
2000/01/01@12:52:36,16478,3.2323126,5665.1612903225805
2000/01/01@12:52:37,16479,3.2323126,5667.290322580645
2000/01/01@12:52:39,16481,3.2323126,5671.548387096775
2000/01/01@12:52:40,16482,3.231938,5673.677419354839
2000/01/01@12:52:41,16483,3.231938,5675.806451612903
2000/01/01@12:52:42,16484,3.2325004,5677.935483870968
2000/01/01@12:52:43,16485,3.2323126,5680.064516129032
2000/01/01@12:52:44,16486,3.231938,5682.193548387097
2000/01/01@12:52:45,16487,3.2326876,5684.322580645161
2000/01/01@12:52:46,16488,3.2321252,5686.451612903225
2000/01/01@12:52:47,16489,3.231938,5688.580645161291
2000/01/01@12:52:48,16490,3.2323126,5690.709677419355
2000/01/01@12:52:49,16491,3.2321252,5692.8387096774195
2000/01/01@12:52:51,16493,3.2323126,5697.096774193548
2000/01/01@12:52:52,16494,3.2326876,5699.225806451613
2000/01/01@12:52:53,16495,3.2321252,5701.354838709677
2000/01/01@12:52:54,16496,3.232875,5703.4838709677415
2000/01/01@12:52:55,16497,3.231938,5705.612903225807
2000/01/01@12:52:56,16498,3.232875,5707.741935483871
2000/01/01@12:52:57,16499,3.231938,5709.870967741936
2000/01/01@12:52:58,16500,3.231938,5712.0
2000/01/01@12:52:59,16501,3.2321252,5714.7
2000/01/01@12:53:00,16502,3.2325004,5717.4
2000/01/01@12:53:01,16503,3.2326876,5720.1
2000/01/01@12:53:03,16505,3.2325004,5725.5
2000/01/01@12:53:04,16506,3.231938,5728.2
2000/01/01@12:53:05,16507,3.2325004,5730.9
2000/01/01@12:53:06,16508,3.2321252,5733.6
2000/01/01@12:53:07,16509,3.231938,5736.3
2000/01/01@12:53:08,16510,3.231938,5739.0
2000/01/01@12:53:09,16511,3.232875,5741.7
2000/01/01@12:53:10,16512,3.2321252,5744.4
2000/01/01@12:53:11,16513,3.2325004,5747.1
2000/01/01@12:53:12,16514,3.2321252,5749.8
2000/01/01@12:53:13,16515,3.2321252,5752.5
2000/01/01@12:53:15,16517,3.2323126,5757.9
2000/01/01@12:53:16,16518,3.2321252,5760.6
2000/01/01@12:53:17,16519,3.2325004,5763.3
2000/01/01@12:53:18,16520,3.2325004,5766.0
2000/01/01@12:53:19,16521,3.2321252,5768.7
2000/01/01@12:53:20,16522,3.2325004,5771.4
2000/01/01@12:53:21,16523,3.2321252,5774.1
2000/01/01@12:53:22,16524,3.2321252,5776.8
2000/01/01@12:53:23,16525,3.2323126,5779.5
2000/01/01@12:53:24,16526,3.232875,5782.2
2000/01/01@12:53:25,16527,3.2323126,5784.9
2000/01/01@12:53:27,16529,3.2323126,5790.3
2000/01/01@12:53:28,16530,3.2323126,5793.0
2000/01/01@12:53:29,16531,3.2325004,5797.1612903225805
2000/01/01@12:53:30,16532,3.2323126,5801.322580645161
2000/01/01@12:53:31,16533,3.232875,5805.4838709677415
2000/01/01@12:53:32,16534,3.2321252,5809.645161290323
2000/01/01@12:53:33,16535,3.231938,5813.806451612903
2000/01/01@12:53:34,16536,3.2323126,5817.967741935484
2000/01/01@12:53:35,16537,3.2323126,5822.129032258064
2000/01/01@12:53:36,16538,3.2321252,5826.290322580645
2000/01/01@12:53:37,16539,3.232875,5830.451612903225
2000/01/01@12:53:39,16541,3.2321252,5838.774193548387
2000/01/01@12:53:40,16542,3.2323126,5842.935483870968
2000/01/01@12:53:41,16543,3.2323126,5847.096774193548
2000/01/01@12:53:42,16544,3.2323126,5851.258064516129
2000/01/01@12:53:43,16545,3.2321252,5855.419354838709
2000/01/01@12:53:44,16546,3.2325004,5859.580645161291
2000/01/01@12:53:45,16547,3.2325004,5863.741935483871
2000/01/01@12:53:46,16548,3.2326876,5867.903225806452
2000/01/01@12:53:47,16549,3.2325004,5872.064516129032
2000/01/01@12:53:48,16550,3.2323126,5876.225806451613
2000/01/01@12:53:49,16551,3.2321252,5880.387096774193
2000/01/01@12:53:51,16553,3.2323126,5888.709677419355
2000/01/01@12:53:52,16554,3.2325004,5892.870967741936
2000/01/01@12:53:53,16555,3.2321252,5897.032258064516
2000/01/01@12:53:54,16556,3.2325004,5901.193548387097
2000/01/01@12:53:55,16557,3.2326876,5905.354838709677
2000/01/01@12:53:56,16558,3.2321252,5909.5161290322585
2000/01/01@12:53:57,16559,3.232875,5913.677419354839
2000/01/01@12:53:58,16560,3.2321252,5917.8387096774195
2000/01/01@12:53:59,16561,3.2321252,5922.0
2000/01/01@12:54:00,16562,3.2321252,5927.433333333333
2000/01/01@12:54:01,16563,3.2323126,5932.866666666667
2000/01/01@12:54:03,16565,3.2326876,5943.733333333334
2000/01/01@12:54:04,16566,3.2325004,5949.166666666667
2000/01/01@12:54:05,16567,3.2321252,5954.6
2000/01/01@12:54:06,16568,3.2325004,5960.033333333334
2000/01/01@12:54:07,16569,3.232875,5965.466666666666
2000/01/01@12:54:08,16570,3.232875,5970.9
2000/01/01@12:54:09,16571,3.2323126,5976.333333333333
2000/01/01@12:54:10,16572,3.2325004,5981.766666666666
2000/01/01@12:54:11,16573,3.2326876,5987.2
2000/01/01@12:54:12,16574,3.232875,5992.633333333333
2000/01/01@12:54:13,16575,3.2326876,5998.066666666667
2000/01/01@12:54:15,16577,3.2326876,6008.933333333333
2000/01/01@12:54:16,16578,3.2323126,6014.366666666667
2000/01/01@12:54:17,16579,3.232875,6019.8
2000/01/01@12:54:18,16580,3.232875,6025.233333333334
2000/01/01@12:54:19,16581,3.2323126,6030.666666666667
2000/01/01@12:54:20,16582,3.2325004,6036.1
2000/01/01@12:54:21,16583,3.232875,6041.533333333334
2000/01/01@12:54:22,16584,3.2323126,6046.966666666666
2000/01/01@12:54:23,16585,3.2323126,6052.4
2000/01/01@12:54:24,16586,3.232875,6057.833333333333
2000/01/01@12:54:25,16587,3.2330624,6063.266666666666
2000/01/01@12:54:27,16589,3.2323126,6074.133333333333
2000/01/01@12:54:28,16590,3.2323126,6079.566666666667
2000/01/01@12:54:29,16591,3.2325004,6085.0
2000/01/01@12:54:30,16592,3.2321252,6091.0
2000/01/01@12:54:31,16593,3.2323126,6097.0
2000/01/01@12:54:32,16594,3.232875,6103.0
2000/01/01@12:54:33,16595,3.2321252,6109.0
2000/01/01@12:54:34,16596,3.2321252,6115.0
2000/01/01@12:54:35,16597,3.232875,6121.0
2000/01/01@12:54:36,16598,3.2323126,6127.0
2000/01/01@12:54:37,16599,3.2325004,6133.0
2000/01/01@12:54:39,16601,3.231938,6145.0
2000/01/01@12:54:40,16602,3.2321252,6151.0
2000/01/01@12:54:41,16603,3.2325004,6157.0
2000/01/01@12:54:42,16604,3.2325004,6163.0
2000/01/01@12:54:43,16605,3.2321252,6169.0
2000/01/01@12:54:44,16606,3.2321252,6175.0
2000/01/01@12:54:45,16607,3.2330624,6181.0
2000/01/01@12:54:46,16608,3.2323126,6187.0
2000/01/01@12:54:47,16609,3.2323126,6193.0
2000/01/01@12:54:48,16610,3.2323126,6199.0
2000/01/01@12:54:49,16611,3.2323126,6205.0
2000/01/01@12:54:51,16613,3.2323126,6217.0
2000/01/01@12:54:52,16614,3.232875,6223.0
2000/01/01@12:54:53,16615,3.2326876,6229.0
2000/01/01@12:54:54,16616,3.232875,6235.0
2000/01/01@12:54:55,16617,3.2325004,6241.0
2000/01/01@12:54:56,16618,3.2325004,6247.0
2000/01/01@12:54:57,16619,3.232875,6253.0
2000/01/01@12:54:58,16620,3.232875,6259.0
2000/01/01@12:54:59,16621,3.2325004,6265.0
2000/01/01@12:55:00,16622,3.2321252,6271.0
2000/01/01@12:55:01,16623,3.2321252,6276.8
2000/01/01@12:55:03,16625,3.2321252,6288.4
2000/01/01@12:55:04,16626,3.2323126,6294.2
2000/01/01@12:55:05,16627,3.2323126,6300.0
2000/01/01@12:55:06,16628,3.2323126,6305.8
2000/01/01@12:55:07,16629,3.231938,6311.6
2000/01/01@12:55:08,16630,3.2321252,6317.4
2000/01/01@12:55:09,16631,3.2321252,6323.2
2000/01/01@12:55:10,16632,3.2325004,6329.0
2000/01/01@12:55:11,16633,3.2326876,6334.8
2000/01/01@12:55:12,16634,3.232875,6340.6
2000/01/01@12:55:13,16635,3.2323126,6346.4
2000/01/01@12:55:15,16637,3.232875,6358.0
2000/01/01@12:55:16,16638,3.2326876,6363.8
2000/01/01@12:55:17,16639,3.2323126,6369.6
2000/01/01@12:55:18,16640,3.2325004,6375.4
2000/01/01@12:55:19,16641,3.232875,6381.2
2000/01/01@12:55:20,16642,3.2325004,6387.0
2000/01/01@12:55:21,16643,3.232875,6392.8
2000/01/01@12:55:22,16644,3.2323126,6398.6
2000/01/01@12:55:23,16645,3.2330624,6404.4
2000/01/01@12:55:24,16646,3.232875,6410.2
2000/01/01@12:55:26,16647,3.2321252,6421.8
2000/01/01@12:55:27,16649,3.2325004,6427.6
2000/01/01@12:55:28,16650,3.2321252,6433.4
2000/01/01@12:55:29,16651,3.232875,6439.2
2000/01/01@12:55:30,16652,3.2321252,6445.0
2000/01/01@12:55:31,16653,3.2326876,6450.774193548387
2000/01/01@12:55:32,16654,3.2321252,6456.548387096775
2000/01/01@12:55:33,16655,3.2321252,6462.322580645161
2000/01/01@12:55:34,16656,3.231938,6468.096774193548
2000/01/01@12:55:35,16657,3.2325004,6473.870967741936
2000/01/01@12:55:36,16658,3.2323126,6479.645161290323
2000/01/01@12:55:38,16660,3.2325004,6491.193548387097
2000/01/01@12:55:39,16661,3.232875,6496.967741935484
2000/01/01@12:55:40,16662,3.2323126,6502.741935483871
2000/01/01@12:55:41,16663,3.2325004,6508.5161290322585
2000/01/01@12:55:42,16664,3.2330624,6514.290322580645
2000/01/01@12:55:43,16665,3.2323126,6520.064516129032
2000/01/01@12:55:44,16666,3.2321252,6525.8387096774195
2000/01/01@12:55:45,16667,3.2321252,6531.612903225807
2000/01/01@12:55:46,16668,3.2321252,6537.387096774193
2000/01/01@12:55:47,16669,3.2325004,6543.1612903225805
2000/01/01@12:55:48,16670,3.231938,6548.935483870968
2000/01/01@12:55:50,16672,3.2321252,6560.4838709677415
2000/01/01@12:55:51,16673,3.231938,6566.258064516129
2000/01/01@12:55:52,16674,3.232875,6572.032258064516
2000/01/01@12:55:53,16675,3.2321252,6577.806451612903
2000/01/01@12:55:54,16676,3.2321252,6583.580645161291
2000/01/01@12:55:55,16677,3.2326876,6589.354838709677
2000/01/01@12:55:56,16678,3.231938,6595.129032258064
2000/01/01@12:55:57,16679,3.2321252,6600.903225806452
2000/01/01@12:55:58,16680,3.2326876,6606.677419354839
2000/01/01@12:55:59,16681,3.2326876,6612.451612903225
2000/01/01@12:56:00,16682,3.2321252,6618.225806451613
2000/01/01@12:56:02,16684,3.231938,6629.580645161291
2000/01/01@12:56:03,16685,3.2321252,6635.1612903225805
2000/01/01@12:56:04,16686,3.2323126,6640.741935483871
2000/01/01@12:56:05,16687,3.2321252,6646.322580645161
2000/01/01@12:56:06,16688,3.2321252,6651.903225806452
2000/01/01@12:56:07,16689,3.2325004,6657.4838709677415
2000/01/01@12:56:08,16690,3.2326876,6663.064516129032
2000/01/01@12:56:09,16691,3.2326876,6668.645161290323
2000/01/01@12:56:10,16692,3.231938,6674.225806451613
2000/01/01@12:56:11,16693,3.2326876,6679.806451612903
2000/01/01@12:56:12,16694,3.2325004,6685.387096774193
2000/01/01@12:56:14,16696,3.2321252,6696.548387096775
2000/01/01@12:56:15,16697,3.2330624,6702.129032258064
2000/01/01@12:56:16,16698,3.2323126,6707.709677419355
2000/01/01@12:56:17,16699,3.231938,6713.290322580645
2000/01/01@12:56:18,16700,3.2325004,6718.870967741936
2000/01/01@12:56:19,16701,3.2325004,6724.451612903225
2000/01/01@12:56:20,16702,3.2325004,6730.032258064516
2000/01/01@12:56:21,16703,3.2325004,6735.612903225807
2000/01/01@12:56:22,16704,3.2321252,6741.193548387097
2000/01/01@12:56:23,16705,3.2325004,6746.774193548387
2000/01/01@12:56:24,16706,3.2321252,6752.354838709677
2000/01/01@12:56:26,16708,3.23175,6763.5161290322585
2000/01/01@12:56:27,16709,3.2321252,6769.096774193548
2000/01/01@12:56:28,16710,3.232875,6774.677419354839
2000/01/01@12:56:29,16711,3.232875,6780.258064516129
2000/01/01@12:56:30,16712,3.2321252,6785.8387096774195
2000/01/01@12:56:31,16713,3.2330624,6791.419354838709
2000/01/01@12:56:32,16714,3.231938,6797.0
2000/01/01@12:56:33,16715,3.2323126,6802.6
2000/01/01@12:56:34,16716,3.2321252,6808.2
2000/01/01@12:56:35,16717,3.2326876,6813.8
2000/01/01@12:56:36,16718,3.232875,6819.4
2000/01/01@12:56:38,16720,3.2325004,6830.6
2000/01/01@12:56:39,16721,3.2323126,6836.2
2000/01/01@12:56:40,16722,3.2323126,6841.8
2000/01/01@12:56:41,16723,3.2326876,6847.4
2000/01/01@12:56:42,16724,3.2330624,6853.0
2000/01/01@12:56:43,16725,3.2323126,6858.6
2000/01/01@12:56:44,16726,3.2323126,6864.2
2000/01/01@12:56:45,16727,3.2326876,6869.8
2000/01/01@12:56:46,16728,3.2321252,6875.4
2000/01/01@12:56:47,16729,3.2330624,6881.0
2000/01/01@12:56:48,16730,3.2321252,6886.6
2000/01/01@12:56:50,16732,3.2323126,6897.8
2000/01/01@12:56:51,16733,3.2323126,6903.4
2000/01/01@12:56:52,16734,3.2321252,6909.0
2000/01/01@12:56:53,16735,3.2321252,6914.6
2000/01/01@12:56:54,16736,3.232875,6920.2
2000/01/01@12:56:55,16737,3.2321252,6925.8
2000/01/01@12:56:56,16738,3.2321252,6931.4
2000/01/01@12:56:57,16739,3.2323126,6937.0
2000/01/01@12:56:58,16740,3.231938,6942.6
2000/01/01@12:56:59,16741,3.2321252,6948.2
2000/01/01@12:57:00,16742,3.2325004,6953.8
2000/01/01@12:57:02,16744,3.232875,6965.0
2000/01/01@12:57:03,16745,3.231938,6969.903225806452
2000/01/01@12:57:04,16746,3.2323126,6974.806451612903
2000/01/01@12:57:05,16747,3.2323126,6979.709677419355
2000/01/01@12:57:06,16748,3.231938,6984.612903225807
2000/01/01@12:57:07,16749,3.2323126,6989.5161290322585
2000/01/01@12:57:08,16750,3.2323126,6994.419354838709
2000/01/01@12:57:09,16751,3.2323126,6999.322580645161
2000/01/01@12:57:10,16752,3.231938,7004.225806451613
2000/01/01@12:57:11,16753,3.232875,7009.129032258064
2000/01/01@12:57:12,16754,3.2321252,7014.032258064516
2000/01/01@12:57:14,16756,3.231938,7023.8387096774195
2000/01/01@12:57:15,16757,3.231938,7028.741935483871
2000/01/01@12:57:16,16758,3.231938,7033.645161290323
2000/01/01@12:57:17,16759,3.232875,7038.548387096775
2000/01/01@12:57:18,16760,3.2321252,7043.451612903225
2000/01/01@12:57:19,16761,3.231938,7048.354838709677
2000/01/01@12:57:20,16762,3.232875,7053.258064516129
2000/01/01@12:57:21,16763,3.2321252,7058.1612903225805
2000/01/01@12:57:22,16764,3.2323126,7063.064516129032
2000/01/01@12:57:23,16765,3.2326876,7067.967741935484
2000/01/01@12:57:24,16766,3.2321252,7072.870967741936
2000/01/01@12:57:26,16768,3.2325004,7082.677419354839
2000/01/01@12:57:27,16769,3.2325004,7087.580645161291
2000/01/01@12:57:28,16770,3.231938,7092.4838709677415
2000/01/01@12:57:29,16771,3.2321252,7097.387096774193
2000/01/01@12:57:30,16772,3.2325004,7102.290322580645
2000/01/01@12:57:31,16773,3.232875,7107.193548387097
2000/01/01@12:57:32,16774,3.232875,7112.096774193548
2000/01/01@12:57:33,16775,3.2325004,7117.0
2000/01/01@12:57:34,16776,3.2323126,7122.1
2000/01/01@12:57:35,16777,3.2323126,7127.2
2000/01/01@12:57:36,16778,3.2321252,7132.3
2000/01/01@12:57:38,16780,3.2321252,7142.5
2000/01/01@12:57:39,16781,3.2325004,7147.6
2000/01/01@12:57:40,16782,3.2325004,7152.7
2000/01/01@12:57:41,16783,3.231938,7157.8
2000/01/01@12:57:42,16784,3.231938,7162.9
2000/01/01@12:57:43,16785,3.231938,7168.0
2000/01/01@12:57:44,16786,3.231938,7173.1
2000/01/01@12:57:45,16787,3.2326876,7178.2
2000/01/01@12:57:46,16788,3.231938,7183.3
2000/01/01@12:57:47,16789,3.2325004,7188.4
2000/01/01@12:57:48,16790,3.2325004,7193.5
2000/01/01@12:57:50,16792,3.2326876,7203.7
2000/01/01@12:57:51,16793,3.2325004,7208.8
2000/01/01@12:57:52,16794,3.2321252,7213.9
2000/01/01@12:57:53,16795,3.2323126,7219.0
2000/01/01@12:57:54,16796,3.2326876,7224.1
2000/01/01@12:57:55,16797,3.2321252,7229.2
2000/01/01@12:57:56,16798,3.2323126,7234.3
2000/01/01@12:57:57,16799,3.2326876,7239.4
2000/01/01@12:57:58,16800,3.2326876,7244.5
2000/01/01@12:57:59,16801,3.231938,7249.6
2000/01/01@12:58:00,16802,3.2325004,7254.7
2000/01/01@12:58:02,16804,3.2325004,7264.9
2000/01/01@12:58:03,16805,3.2321252,7270.0
2000/01/01@12:58:04,16806,3.232875,7274.967741935484
2000/01/01@12:58:05,16807,3.2321252,7279.935483870968
2000/01/01@12:58:06,16808,3.232875,7284.903225806452
2000/01/01@12:58:07,16809,3.231938,7289.870967741936
2000/01/01@12:58:08,16810,3.231938,7294.8387096774195
2000/01/01@12:58:09,16811,3.232875,7299.806451612903
2000/01/01@12:58:10,16812,3.231938,7304.774193548387
2000/01/01@12:58:11,16813,3.2321252,7309.741935483871
2000/01/01@12:58:12,16814,3.2326876,7314.709677419355
2000/01/01@12:58:14,16816,3.2323126,7324.645161290323
2000/01/01@12:58:15,16817,3.23175,7329.612903225807
2000/01/01@12:58:16,16818,3.2325004,7334.580645161291
2000/01/01@12:58:17,16819,3.2325004,7339.548387096775
2000/01/01@12:58:18,16820,3.232875,7344.5161290322585
2000/01/01@12:58:19,16821,3.231938,7349.4838709677415
2000/01/01@12:58:20,16822,3.232875,7354.451612903225
2000/01/01@12:58:21,16823,3.2325004,7359.419354838709
2000/01/01@12:58:22,16824,3.231938,7364.387096774193
2000/01/01@12:58:23,16825,3.2325004,7369.354838709677
2000/01/01@12:58:24,16826,3.2325004,7374.322580645161
2000/01/01@12:58:26,16828,3.2321252,7384.258064516129
2000/01/01@12:58:27,16829,3.2326876,7389.225806451613
2000/01/01@12:58:28,16830,3.2321252,7394.193548387097
2000/01/01@12:58:29,16831,3.2323126,7399.1612903225805
2000/01/01@12:58:30,16832,3.231938,7404.129032258064
2000/01/01@12:58:31,16833,3.231938,7409.096774193548
2000/01/01@12:58:32,16834,3.2323126,7414.064516129032
2000/01/01@12:58:33,16835,3.2323126,7419.032258064516
2000/01/01@12:58:34,16836,3.2323126,7424.0
2000/01/01@12:58:35,16837,3.2321252,7429.1
2000/01/01@12:58:36,16838,3.231938,7434.2
2000/01/01@12:58:38,16840,3.2325004,7444.4
2000/01/01@12:58:39,16841,3.2321252,7449.5
2000/01/01@12:58:40,16842,3.231938,7454.6
2000/01/01@12:58:41,16843,3.2323126,7459.7
2000/01/01@12:58:42,16844,3.2321252,7464.8
2000/01/01@12:58:43,16845,3.231938,7469.9
2000/01/01@12:58:44,16846,3.2325004,7475.0
2000/01/01@12:58:45,16847,3.2321252,7480.1
2000/01/01@12:58:46,16848,3.2323126,7485.2
2000/01/01@12:58:47,16849,3.2321252,7490.3
2000/01/01@12:58:48,16850,3.2325004,7495.4
2000/01/01@12:58:50,16852,3.2321252,7505.6
2000/01/01@12:58:51,16853,3.2321252,7510.7
2000/01/01@12:58:52,16854,3.231938,7515.8
2000/01/01@12:58:53,16855,3.231938,7520.9
2000/01/01@12:58:54,16856,3.2321252,7526.0
2000/01/01@12:58:55,16857,3.231938,7531.1
2000/01/01@12:58:56,16858,3.2321252,7536.2
2000/01/01@12:58:57,16859,3.2326876,7541.3
2000/01/01@12:58:58,16860,3.2326876,7546.4
2000/01/01@12:58:59,16861,3.2325004,7551.5
2000/01/01@12:59:00,16862,3.2321252,7556.6
2000/01/01@12:59:02,16864,3.2321252,7566.8
2000/01/01@12:59:03,16865,3.2321252,7571.9
2000/01/01@12:59:04,16866,3.2321252,7577.0
2000/01/01@12:59:05,16867,3.2321252,7582.193548387097
2000/01/01@12:59:06,16868,3.2325004,7587.387096774193
2000/01/01@12:59:07,16869,3.231938,7592.580645161291
2000/01/01@12:59:08,16870,3.2321252,7597.774193548387
2000/01/01@12:59:09,16871,3.232875,7602.967741935484
2000/01/01@12:59:10,16872,3.2323126,7608.1612903225805
2000/01/01@12:59:11,16873,3.2325004,7613.354838709677
2000/01/01@12:59:12,16874,3.231938,7618.548387096775
2000/01/01@12:59:14,16876,3.231938,7628.935483870968
2000/01/01@12:59:15,16877,3.2323126,7634.129032258064
2000/01/01@12:59:16,16878,3.231938,7639.322580645161
2000/01/01@12:59:17,16879,3.2325004,7644.5161290322585
2000/01/01@12:59:18,16880,3.231938,7649.709677419355
2000/01/01@12:59:19,16881,3.2321252,7654.903225806452
2000/01/01@12:59:20,16882,3.2323126,7660.096774193548
2000/01/01@12:59:21,16883,3.2326876,7665.290322580645
2000/01/01@12:59:22,16884,3.2321252,7670.4838709677415
2000/01/01@12:59:23,16885,3.231938,7675.677419354839
2000/01/01@12:59:24,16886,3.231938,7680.870967741936
2000/01/01@12:59:26,16888,3.2321252,7691.258064516129
2000/01/01@12:59:27,16889,3.2325004,7696.451612903225
2000/01/01@12:59:28,16890,3.231938,7701.645161290323
2000/01/01@12:59:29,16891,3.231938,7706.8387096774195
2000/01/01@12:59:30,16892,3.231938,7712.032258064516
2000/01/01@12:59:31,16893,3.231938,7717.225806451613
2000/01/01@12:59:32,16894,3.23175,7722.419354838709
2000/01/01@12:59:33,16895,3.2321252,7727.612903225807
2000/01/01@12:59:34,16896,3.23175,7732.806451612903
2000/01/01@12:59:35,16897,3.2325004,7738.0
2000/01/01@12:59:36,16898,3.2326876,7743.133333333333
2000/01/01@12:59:38,16900,3.2321252,7753.4
2000/01/01@12:59:39,16901,3.232875,7758.533333333334
2000/01/01@12:59:40,16902,3.231938,7763.666666666667
2000/01/01@12:59:41,16903,3.2321252,7768.8
2000/01/01@12:59:42,16904,3.232875,7773.933333333333
2000/01/01@12:59:43,16905,3.2325004,7779.066666666667
2000/01/01@12:59:44,16906,3.232875,7784.2
2000/01/01@12:59:45,16907,3.231938,7789.333333333333
2000/01/01@12:59:46,16908,3.2323126,7794.466666666666
2000/01/01@12:59:47,16909,3.2323126,7799.6
2000/01/01@12:59:48,16910,3.2323126,7804.733333333334
2000/01/01@12:59:50,16912,3.231938,7815.0
2000/01/01@12:59:51,16913,3.2321252,7820.133333333333
2000/01/01@12:59:52,16914,3.2325004,7825.266666666666
2000/01/01@12:59:53,16915,3.231938,7830.4
2000/01/01@12:59:54,16916,3.2321252,7835.533333333334
2000/01/01@12:59:55,16917,3.2325004,7840.666666666667
2000/01/01@12:59:56,16918,3.231938,7845.8
2000/01/01@12:59:57,16919,3.2323126,7850.933333333333
2000/01/01@12:59:58,16920,3.231938,7856.066666666667
2000/01/01@12:59:59,16921,3.2323126,7861.2
2000/01/01@13:00:00,16922,3.231938,7866.333333333333
2000/01/01@13:00:02,16924,3.231938,7876.6
2000/01/01@13:00:03,16925,3.231938,7881.733333333334
2000/01/01@13:00:04,16926,3.2321252,7886.866666666667
2000/01/01@13:00:05,16927,3.231938,7892.0
2000/01/01@13:00:06,16928,3.2325004,7896.709677419355
2000/01/01@13:00:07,16929,3.2321252,7901.419354838709
2000/01/01@13:00:08,16930,3.2326876,7906.129032258064
2000/01/01@13:00:09,16931,3.231938,7910.8387096774195
2000/01/01@13:00:10,16932,3.2323126,7915.548387096775
2000/01/01@13:00:11,16933,3.2326876,7920.258064516129
2000/01/01@13:00:12,16934,3.2323126,7924.967741935484
2000/01/01@13:00:14,16936,3.2321252,7934.387096774193
2000/01/01@13:00:15,16937,3.231938,7939.096774193548
2000/01/01@13:00:16,16938,3.23175,7943.806451612903
2000/01/01@13:00:17,16939,3.2326876,7948.5161290322585
2000/01/01@13:00:18,16940,3.2321252,7953.225806451613
2000/01/01@13:00:19,16941,3.231938,7957.935483870968
2000/01/01@13:00:20,16942,3.2321252,7962.645161290323
2000/01/01@13:00:21,16943,3.2326876,7967.354838709677
2000/01/01@13:00:22,16944,3.232875,7972.064516129032
2000/01/01@13:00:23,16945,3.2326876,7976.774193548387
2000/01/01@13:00:24,16946,3.2326876,7981.4838709677415
2000/01/01@13:00:26,16948,3.231938,7990.903225806452
2000/01/01@13:00:27,16949,3.2326876,7995.612903225807
2000/01/01@13:00:28,16950,3.2325004,8000.322580645161
2000/01/01@13:00:29,16951,3.2323126,8005.032258064516
2000/01/01@13:00:30,16952,3.23175,8009.741935483871
2000/01/01@13:00:31,16953,3.2321252,8014.451612903225
2000/01/01@13:00:32,16954,3.231938,8019.1612903225805
2000/01/01@13:00:33,16955,3.2325004,8023.870967741936
2000/01/01@13:00:34,16956,3.23175,8028.580645161291
2000/01/01@13:00:35,16957,3.23175,8033.290322580645
2000/01/01@13:00:36,16958,3.2325004,8038.0
2000/01/01@13:00:38,16960,3.231938,8048.258064516129
2000/01/01@13:00:39,16961,3.23175,8053.387096774193
2000/01/01@13:00:40,16962,3.2325004,8058.5161290322585
2000/01/01@13:00:41,16963,3.2321252,8063.645161290323
2000/01/01@13:00:42,16964,3.231938,8068.774193548387
2000/01/01@13:00:43,16965,3.2323126,8073.903225806452
2000/01/01@13:00:44,16966,3.23175,8079.032258064516
2000/01/01@13:00:45,16967,3.23175,8084.1612903225805
2000/01/01@13:00:46,16968,3.231938,8089.290322580645
2000/01/01@13:00:47,16969,3.2325004,8094.419354838709
2000/01/01@13:00:48,16970,3.2323126,8099.548387096775
2000/01/01@13:00:50,16972,3.2325004,8109.806451612903
2000/01/01@13:00:51,16973,3.23175,8114.935483870968
2000/01/01@13:00:52,16974,3.2321252,8120.064516129032
2000/01/01@13:00:53,16975,3.2325004,8125.193548387097
2000/01/01@13:00:54,16976,3.2323126,8130.322580645161
2000/01/01@13:00:55,16977,3.231938,8135.451612903225
2000/01/01@13:00:56,16978,3.2325004,8140.580645161291
2000/01/01@13:00:57,16979,3.231938,8145.709677419355
2000/01/01@13:00:58,16980,3.2325004,8150.8387096774195
2000/01/01@13:00:59,16981,3.2325004,8155.967741935484
2000/01/01@13:01:00,16982,3.2321252,8161.096774193548
2000/01/01@13:01:02,16984,3.2323126,8171.354838709677
2000/01/01@13:01:03,16985,3.231938,8176.4838709677415
2000/01/01@13:01:04,16986,3.231938,8181.612903225807
2000/01/01@13:01:05,16987,3.2323126,8186.741935483871
2000/01/01@13:01:06,16988,3.2325004,8191.870967741936
2000/01/01@13:01:07,16989,3.2326876,8197.0
2000/01/01@13:01:08,16990,3.231938,8202.4
2000/01/01@13:01:09,16991,3.23175,8207.8
2000/01/01@13:01:10,16992,3.2323126,8213.2
2000/01/01@13:01:11,16993,3.2325004,8218.6
2000/01/01@13:01:12,16994,3.23175,8224.0
2000/01/01@13:01:14,16996,3.231938,8234.8
2000/01/01@13:01:15,16997,3.2325004,8240.2
2000/01/01@13:01:16,16998,3.2325004,8245.6
2000/01/01@13:01:17,16999,3.2325004,8251.0
2000/01/01@13:01:18,17000,3.2326876,8256.4
2000/01/01@13:01:19,17001,3.231938,8261.8
2000/01/01@13:01:20,17002,3.2325004,8267.2
2000/01/01@13:01:21,17003,3.23175,8272.6
2000/01/01@13:01:22,17004,3.231938,8278.0
2000/01/01@13:01:23,17005,3.2321252,8283.4
2000/01/01@13:01:24,17006,3.2326876,8288.8
2000/01/01@13:01:26,17008,3.2321252,8299.6
2000/01/01@13:01:27,17009,3.2325004,8305.0
2000/01/01@13:01:28,17010,3.2326876,8310.4
2000/01/01@13:01:29,17011,3.2323126,8315.8
2000/01/01@13:01:30,17012,3.231938,8321.2
2000/01/01@13:01:31,17013,3.231938,8326.6
2000/01/01@13:01:32,17014,3.23175,8332.0
2000/01/01@13:01:33,17015,3.231938,8337.4
2000/01/01@13:01:34,17016,3.231938,8342.8
2000/01/01@13:01:35,17017,3.23175,8348.2
2000/01/01@13:01:36,17018,3.2323126,8353.6
2000/01/01@13:01:38,17020,3.231938,8364.129032258064
2000/01/01@13:01:39,17021,3.23175,8369.258064516129
2000/01/01@13:01:40,17022,3.2321252,8374.387096774193
2000/01/01@13:01:41,17023,3.2321252,8379.516129032258
2000/01/01@13:01:42,17024,3.2321252,8384.645161290322
2000/01/01@13:01:43,17025,3.23175,8389.774193548386
2000/01/01@13:01:44,17026,3.231938,8394.90322580645
2000/01/01@13:01:45,17027,3.231938,8400.032258064517
2000/01/01@13:01:46,17028,3.2325004,8405.161290322581
2000/01/01@13:01:47,17029,3.23175,8410.290322580646
2000/01/01@13:01:48,17030,3.2323126,8415.41935483871
2000/01/01@13:01:50,17032,3.231938,8425.677419354839
2000/01/01@13:01:51,17033,3.231938,8430.806451612903
2000/01/01@13:01:52,17034,3.2323126,8435.935483870968
2000/01/01@13:01:53,17035,3.231938,8441.064516129032
2000/01/01@13:01:54,17036,3.231938,8446.193548387097
2000/01/01@13:01:55,17037,3.231938,8451.322580645161
2000/01/01@13:01:56,17038,3.2321252,8456.451612903225
2000/01/01@13:01:57,17039,3.2321252,8461.58064516129
2000/01/01@13:01:58,17040,3.2321252,8466.709677419354
2000/01/01@13:01:59,17041,3.2325004,8471.838709677419
2000/01/01@13:02:00,17042,3.2325004,8476.967741935483
2000/01/01@13:02:02,17044,3.231938,8487.225806451614
2000/01/01@13:02:03,17045,3.231938,8492.354838709678
2000/01/01@13:02:04,17046,3.2323126,8497.483870967742
2000/01/01@13:02:05,17047,3.23175,8502.612903225807
2000/01/01@13:02:06,17048,3.231938,8507.741935483871
2000/01/01@13:02:07,17049,3.231938,8512.870967741936
2000/01/01@13:02:08,17050,3.231938,8518.0
2000/01/01@13:02:09,17051,3.231938,8523.7
2000/01/01@13:02:10,17052,3.231938,8529.4
2000/01/01@13:02:11,17053,3.23175,8535.1
2000/01/01@13:02:12,17054,3.2321252,8540.8
2000/01/01@13:02:14,17056,3.2326876,8552.2
2000/01/01@13:02:15,17057,3.23175,8557.9
2000/01/01@13:02:16,17058,3.231938,8563.6
2000/01/01@13:02:17,17059,3.2323126,8569.3
2000/01/01@13:02:18,17060,3.2321252,8575.0
2000/01/01@13:02:19,17061,3.2325004,8580.7
2000/01/01@13:02:20,17062,3.2326876,8586.4
2000/01/01@13:02:21,17063,3.2323126,8592.1
2000/01/01@13:02:22,17064,3.2321252,8597.8
2000/01/01@13:02:23,17065,3.231938,8603.5
2000/01/01@13:02:24,17066,3.2325004,8609.2
2000/01/01@13:02:26,17068,3.2326876,8620.6
2000/01/01@13:02:27,17069,3.231938,8626.3
2000/01/01@13:02:28,17070,3.2321252,8632.0
2000/01/01@13:02:29,17071,3.2315626,8637.7
2000/01/01@13:02:30,17072,3.2325004,8643.4
2000/01/01@13:02:31,17073,3.231938,8649.1
2000/01/01@13:02:32,17074,3.231938,8654.8
2000/01/01@13:02:33,17075,3.2321252,8660.5
2000/01/01@13:02:34,17076,3.2323126,8666.2
2000/01/01@13:02:35,17077,3.23175,8671.9
2000/01/01@13:02:36,17078,3.23175,8677.6
2000/01/01@13:02:38,17080,3.2325004,8689.0
2000/01/01@13:02:39,17081,3.23175,8694.387096774193
2000/01/01@13:02:40,17082,3.23175,8699.774193548386
2000/01/01@13:02:41,17083,3.23175,8705.161290322581
2000/01/01@13:02:42,17084,3.231938,8710.548387096775
2000/01/01@13:02:43,17085,3.2321252,8715.935483870968
2000/01/01@13:02:44,17086,3.23175,8721.322580645161
2000/01/01@13:02:45,17087,3.2315626,8726.709677419354
2000/01/01@13:02:46,17088,3.23175,8732.09677419355
2000/01/01@13:02:47,17089,3.23175,8737.483870967742
2000/01/01@13:02:48,17090,3.23175,8742.870967741936
2000/01/01@13:02:50,17092,3.2326876,8753.645161290322
2000/01/01@13:02:51,17093,3.23175,8759.032258064517
2000/01/01@13:02:52,17094,3.23175,8764.41935483871
2000/01/01@13:02:53,17095,3.2326876,8769.806451612903
2000/01/01@13:02:54,17096,3.2321252,8775.193548387097
2000/01/01@13:02:55,17097,3.2326876,8780.58064516129
2000/01/01@13:02:56,17098,3.2323126,8785.967741935483
2000/01/01@13:02:57,17099,3.2321252,8791.354838709678
2000/01/01@13:02:58,17100,3.2315626,8796.741935483871
2000/01/01@13:02:59,17101,3.23175,8802.129032258064
2000/01/01@13:03:00,17102,3.231938,8807.516129032258
2000/01/01@13:03:02,17104,3.2325004,8818.290322580646
2000/01/01@13:03:03,17105,3.231938,8823.677419354839
2000/01/01@13:03:04,17106,3.23175,8829.064516129032
2000/01/01@13:03:05,17107,3.2325004,8834.451612903225
2000/01/01@13:03:06,17108,3.2315626,8839.838709677419
2000/01/01@13:03:07,17109,3.231938,8845.225806451614
2000/01/01@13:03:08,17110,3.23175,8850.612903225807
2000/01/01@13:03:09,17111,3.2323126,8856.0
2000/01/01@13:03:10,17112,3.231938,8861.2
2000/01/01@13:03:11,17113,3.2315626,8866.4
2000/01/01@13:03:12,17114,3.2315626,8871.6
2000/01/01@13:03:14,17116,3.23175,8882.0
2000/01/01@13:03:15,17117,3.23175,8887.2
2000/01/01@13:03:16,17118,3.2321252,8892.4
2000/01/01@13:03:17,17119,3.2325004,8897.6
2000/01/01@13:03:18,17120,3.231938,8902.8
2000/01/01@13:03:19,17121,3.23175,8908.0
2000/01/01@13:03:20,17122,3.23175,8913.2
2000/01/01@13:03:21,17123,3.2315626,8918.4
2000/01/01@13:03:22,17124,3.2315626,8923.6
2000/01/01@13:03:23,17125,3.2321252,8928.8
2000/01/01@13:03:24,17126,3.23175,8934.0
2000/01/01@13:03:26,17128,3.2315626,8944.4
2000/01/01@13:03:27,17129,3.2313752,8949.6
2000/01/01@13:03:28,17130,3.23175,8954.8
2000/01/01@13:03:29,17131,3.2315626,8960.0
2000/01/01@13:03:30,17132,3.2325004,8965.2
2000/01/01@13:03:31,17133,3.231938,8970.4
2000/01/01@13:03:32,17134,3.2315626,8975.6
2000/01/01@13:03:33,17135,3.2323126,8980.8
2000/01/01@13:03:34,17136,3.2315626,8986.0
2000/01/01@13:03:35,17137,3.2323126,8991.2
2000/01/01@13:03:36,17138,3.23175,8996.4
2000/01/01@13:03:38,17140,3.2315626,9006.8
2000/01/01@13:03:39,17141,3.2321252,9012.0
2000/01/01@13:03:40,17142,3.231938,9017.806451612903
2000/01/01@13:03:41,17143,3.23175,9023.612903225807
2000/01/01@13:03:42,17144,3.2321252,9029.41935483871
2000/01/01@13:03:43,17145,3.2315626,9035.225806451614
2000/01/01@13:03:44,17146,3.231938,9041.032258064517
2000/01/01@13:03:45,17147,3.2321252,9046.838709677419
2000/01/01@13:03:46,17148,3.23175,9052.645161290322
2000/01/01@13:03:47,17149,3.23175,9058.451612903225
2000/01/01@13:03:48,17150,3.231938,9064.258064516129
2000/01/01@13:03:50,17152,3.2325004,9075.870967741936
2000/01/01@13:03:51,17153,3.231938,9081.677419354839
2000/01/01@13:03:52,17154,3.231938,9087.483870967742
2000/01/01@13:03:53,17155,3.2323126,9093.290322580646
2000/01/01@13:03:54,17156,3.2315626,9099.09677419355
2000/01/01@13:03:55,17157,3.2315626,9104.90322580645
2000/01/01@13:03:56,17158,3.2315626,9110.709677419354
2000/01/01@13:03:57,17159,3.231938,9116.516129032258
2000/01/01@13:03:58,17160,3.23175,9122.322580645161
2000/01/01@13:03:59,17161,3.23175,9128.129032258064
2000/01/01@13:04:00,17162,3.2315626,9133.935483870968
2000/01/01@13:04:02,17164,3.2323126,9145.548387096775
2000/01/01@13:04:03,17165,3.2315626,9151.354838709678
2000/01/01@13:04:04,17166,3.2321252,9157.161290322581
2000/01/01@13:04:05,17167,3.2321252,9162.967741935483
2000/01/01@13:04:06,17168,3.2321252,9168.774193548386
2000/01/01@13:04:07,17169,3.23175,9174.58064516129
2000/01/01@13:04:08,17170,3.23175,9180.387096774193
2000/01/01@13:04:09,17171,3.2325004,9186.193548387097
2000/01/01@13:04:10,17172,3.2315626,9192.0
2000/01/01@13:04:11,17173,3.23175,9197.7
2000/01/01@13:04:12,17174,3.2321252,9203.4
2000/01/01@13:04:14,17176,3.2313752,9214.8
2000/01/01@13:04:15,17177,3.231938,9220.5
2000/01/01@13:04:16,17178,3.2315626,9226.2
2000/01/01@13:04:17,17179,3.2321252,9231.9
2000/01/01@13:04:18,17180,3.231938,9237.6
2000/01/01@13:04:19,17181,3.2315626,9243.3
2000/01/01@13:04:20,17182,3.2313752,9249.0
2000/01/01@13:04:21,17183,3.2315626,9254.7
2000/01/01@13:04:22,17184,3.2321252,9260.4
2000/01/01@13:04:23,17185,3.2313752,9266.1
2000/01/01@13:04:24,17186,3.2315626,9271.8
2000/01/01@13:04:26,17188,3.2325004,9283.2
2000/01/01@13:04:27,17189,3.2325004,9288.9
2000/01/01@13:04:28,17190,3.2325004,9294.6
2000/01/01@13:04:29,17191,3.231938,9300.3
2000/01/01@13:04:30,17192,3.2321252,9306.0
2000/01/01@13:04:31,17193,3.23175,9311.7
2000/01/01@13:04:32,17194,3.2313752,9317.4
2000/01/01@13:04:33,17195,3.231938,9323.1
2000/01/01@13:04:34,17196,3.2315626,9328.8
2000/01/01@13:04:35,17197,3.23175,9334.5
2000/01/01@13:04:36,17198,3.2323126,9340.2
2000/01/01@13:04:38,17200,3.2315626,9351.6
2000/01/01@13:04:39,17201,3.23175,9357.3
2000/01/01@13:04:40,17202,3.23175,9363.0
2000/01/01@13:04:41,17203,3.231938,9367.709677419354
2000/01/01@13:04:42,17204,3.231938,9372.41935483871
2000/01/01@13:04:43,17205,3.2315626,9377.129032258064
2000/01/01@13:04:44,17206,3.2315626,9381.838709677419
2000/01/01@13:04:45,17207,3.2315626,9386.548387096775
2000/01/01@13:04:46,17208,3.2325004,9391.258064516129
2000/01/01@13:04:47,17209,3.231938,9395.967741935483
2000/01/01@13:04:48,17210,3.23175,9400.677419354839
2000/01/01@13:04:50,17212,3.2315626,9410.09677419355
2000/01/01@13:04:51,17213,3.2315626,9414.806451612903
2000/01/01@13:04:52,17214,3.2321252,9419.516129032258
2000/01/01@13:04:53,17215,3.231938,9424.225806451614
2000/01/01@13:04:54,17216,3.2315626,9428.935483870968
2000/01/01@13:04:55,17217,3.2313752,9433.645161290322
2000/01/01@13:04:56,17218,3.2315626,9438.354838709678
2000/01/01@13:04:57,17219,3.231938,9443.064516129032
2000/01/01@13:04:58,17220,3.23175,9447.774193548386
2000/01/01@13:04:59,17221,3.2321252,9452.483870967742
2000/01/01@13:05:00,17222,3.2313752,9457.193548387097
2000/01/01@13:05:02,17224,3.2323126,9466.612903225807
2000/01/01@13:05:03,17225,3.2313752,9471.322580645161
2000/01/01@13:05:04,17226,3.2315626,9476.032258064517
2000/01/01@13:05:05,17227,3.2313752,9480.741935483871
2000/01/01@13:05:06,17228,3.2315626,9485.451612903225
2000/01/01@13:05:07,17229,3.2313752,9490.161290322581
2000/01/01@13:05:08,17230,3.231938,9494.870967741936
2000/01/01@13:05:09,17231,3.23175,9499.58064516129
2000/01/01@13:05:10,17232,3.2321252,9504.290322580646
2000/01/01@13:05:11,17233,3.2321252,9509.0
2000/01/01@13:05:12,17234,3.2321252,9513.129032258064
2000/01/01@13:05:14,17236,3.2313752,9521.387096774193
2000/01/01@13:05:15,17237,3.2315626,9525.516129032258
2000/01/01@13:05:16,17238,3.2315626,9529.645161290322
2000/01/01@13:05:17,17239,3.23175,9533.774193548386
2000/01/01@13:05:18,17240,3.2321252,9537.90322580645
2000/01/01@13:05:19,17241,3.2315626,9542.032258064517
2000/01/01@13:05:20,17242,3.2315626,9546.161290322581
2000/01/01@13:05:21,17243,3.23175,9550.290322580646
2000/01/01@13:05:22,17244,3.2313752,9554.41935483871
2000/01/01@13:05:23,17245,3.2321252,9558.548387096775
2000/01/01@13:05:24,17246,3.23175,9562.677419354839
2000/01/01@13:05:26,17248,3.2315626,9570.935483870968
2000/01/01@13:05:27,17249,3.2315626,9575.064516129032
2000/01/01@13:05:28,17250,3.23175,9579.193548387097
2000/01/01@13:05:29,17251,3.2313752,9583.322580645161
2000/01/01@13:05:30,17252,3.2325004,9587.451612903225
2000/01/01@13:05:31,17253,3.2325004,9591.58064516129
2000/01/01@13:05:32,17254,3.231938,9595.709677419354
2000/01/01@13:05:33,17255,3.2315626,9599.838709677419
2000/01/01@13:05:34,17256,3.2315626,9603.967741935483
2000/01/01@13:05:35,17257,3.2321252,9608.09677419355
2000/01/01@13:05:36,17258,3.2323126,9612.225806451614
2000/01/01@13:05:38,17260,3.2321252,9620.483870967742
2000/01/01@13:05:39,17261,3.2315626,9624.612903225807
2000/01/01@13:05:40,17262,3.231938,9628.741935483871
2000/01/01@13:05:41,17263,3.23175,9632.870967741936
2000/01/01@13:05:42,17264,3.2313752,9637.0
2000/01/01@13:05:43,17265,3.2321252,9640.333333333334
2000/01/01@13:05:44,17266,3.2321252,9643.666666666666
2000/01/01@13:05:45,17267,3.2315626,9647.0
2000/01/01@13:05:46,17268,3.2313752,9650.333333333334
2000/01/01@13:05:47,17269,3.2313752,9653.666666666666
2000/01/01@13:05:48,17270,3.231938,9657.0
2000/01/01@13:05:50,17272,3.2315626,9663.666666666666
2000/01/01@13:05:51,17273,3.2315626,9667.0
2000/01/01@13:05:52,17274,3.2321252,9670.333333333334
2000/01/01@13:05:53,17275,3.23175,9673.666666666666
2000/01/01@13:05:54,17276,3.23175,9677.0
2000/01/01@13:05:55,17277,3.2313752,9680.333333333334
2000/01/01@13:05:56,17278,3.2321252,9683.666666666666
2000/01/01@13:05:57,17279,3.23175,9687.0
2000/01/01@13:05:58,17280,3.2315626,9690.333333333334
2000/01/01@13:05:59,17281,3.2315626,9693.666666666666
2000/01/01@13:06:00,17282,3.2315626,9697.0
2000/01/01@13:06:02,17284,3.2311878,9703.666666666666
2000/01/01@13:06:03,17285,3.2323126,9707.0
2000/01/01@13:06:04,17286,3.23175,9710.333333333334
2000/01/01@13:06:05,17287,3.2321252,9713.666666666666
2000/01/01@13:06:06,17288,3.231938,9717.0
2000/01/01@13:06:07,17289,3.2315626,9720.333333333334
2000/01/01@13:06:08,17290,3.231938,9723.666666666666
2000/01/01@13:06:09,17291,3.231938,9727.0
2000/01/01@13:06:10,17292,3.23175,9730.333333333334
2000/01/01@13:06:11,17293,3.2321252,9733.666666666666
2000/01/01@13:06:12,17294,3.231938,9737.0
2000/01/01@13:06:14,17296,3.23175,9743.0
2000/01/01@13:06:15,17297,3.231938,9746.0
2000/01/01@13:06:16,17298,3.2315626,9749.0
2000/01/01@13:06:17,17299,3.2315626,9752.0
2000/01/01@13:06:18,17300,3.2315626,9755.0
2000/01/01@13:06:19,17301,3.2321252,9758.0
2000/01/01@13:06:20,17302,3.2311878,9761.0
2000/01/01@13:06:21,17303,3.2321252,9764.0
2000/01/01@13:06:22,17304,3.2321252,9767.0
2000/01/01@13:06:23,17305,3.231938,9770.0
2000/01/01@13:06:24,17306,3.2313752,9773.0
2000/01/01@13:06:26,17308,3.2323126,9779.0
2000/01/01@13:06:27,17309,3.23175,9782.0
2000/01/01@13:06:28,17310,3.231938,9785.0
2000/01/01@13:06:29,17311,3.231938,9788.0
2000/01/01@13:06:30,17312,3.231938,9791.0
2000/01/01@13:06:31,17313,3.2313752,9794.0
2000/01/01@13:06:32,17314,3.2315626,9797.0
2000/01/01@13:06:33,17315,3.231938,9800.0
2000/01/01@13:06:34,17316,3.2313752,9803.0
2000/01/01@13:06:35,17317,3.2313752,9806.0
2000/01/01@13:06:36,17318,3.2311878,9809.0
2000/01/01@13:06:38,17320,3.231938,9815.0
2000/01/01@13:06:39,17321,3.231938,9818.0
2000/01/01@13:06:40,17322,3.231938,9821.0
2000/01/01@13:06:41,17323,3.2311878,9824.0
2000/01/01@13:06:42,17324,3.2313752,9827.0
2000/01/01@13:06:43,17325,3.231938,9830.0
2000/01/01@13:06:44,17326,3.2315626,9832.6
2000/01/01@13:06:45,17327,3.2323126,9835.2
2000/01/01@13:06:46,17328,3.2311878,9837.8
2000/01/01@13:06:47,17329,3.2313752,9840.4
2000/01/01@13:06:48,17330,3.231938,9843.0
2000/01/01@13:06:50,17332,3.2313752,9848.2
2000/01/01@13:06:51,17333,3.23175,9850.8
2000/01/01@13:06:52,17334,3.2311878,9853.4
2000/01/01@13:06:53,17335,3.2313752,9856.0
2000/01/01@13:06:54,17336,3.231938,9858.6
2000/01/01@13:06:55,17337,3.2313752,9861.2
2000/01/01@13:06:56,17338,3.2313752,9863.8
2000/01/01@13:06:57,17339,3.2313752,9866.4
2000/01/01@13:06:58,17340,3.23175,9869.0
2000/01/01@13:06:59,17341,3.2311878,9871.6
2000/01/01@13:07:01,17343,3.2313752,9876.8
2000/01/01@13:07:02,17344,3.2315626,9879.4
2000/01/01@13:07:03,17345,3.231938,9882.0
2000/01/01@13:07:04,17346,3.2315626,9884.6
2000/01/01@13:07:05,17347,3.2315626,9887.2
2000/01/01@13:07:06,17348,3.2313752,9889.8
2000/01/01@13:07:07,17349,3.2311878,9892.4
2000/01/01@13:07:08,17350,3.23175,9895.0
2000/01/01@13:07:09,17351,3.23175,9897.6
2000/01/01@13:07:10,17352,3.2313752,9900.2
2000/01/01@13:07:11,17353,3.2321252,9902.8
2000/01/01@13:07:13,17355,3.23175,9908.0
2000/01/01@13:07:14,17356,3.2315626,9910.354838709678
2000/01/01@13:07:15,17357,3.2315626,9912.709677419354
2000/01/01@13:07:16,17358,3.2315626,9915.064516129032
2000/01/01@13:07:17,17359,3.2311878,9917.41935483871
2000/01/01@13:07:18,17360,3.231938,9919.774193548386
2000/01/01@13:07:19,17361,3.2315626,9922.129032258064
2000/01/01@13:07:20,17362,3.2311878,9924.483870967742
2000/01/01@13:07:21,17363,3.2311878,9926.838709677419
2000/01/01@13:07:22,17364,3.2311878,9929.193548387097
2000/01/01@13:07:23,17365,3.2321252,9931.548387096775
2000/01/01@13:07:25,17367,3.2311878,9936.258064516129
2000/01/01@13:07:26,17368,3.2315626,9938.612903225807
2000/01/01@13:07:27,17369,3.23175,9940.967741935483
2000/01/01@13:07:28,17370,3.2313752,9943.322580645161
2000/01/01@13:07:29,17371,3.2311878,9945.677419354839
2000/01/01@13:07:30,17372,3.231938,9948.032258064517
2000/01/01@13:07:31,17373,3.2311878,9950.387096774193
2000/01/01@13:07:32,17374,3.2321252,9952.741935483871
2000/01/01@13:07:33,17375,3.2311878,9955.09677419355
2000/01/01@13:07:34,17376,3.2311878,9957.451612903225
2000/01/01@13:07:35,17377,3.231938,9959.806451612903
2000/01/01@13:07:37,17379,3.2311878,9964.516129032258
2000/01/01@13:07:38,17380,3.231938,9966.870967741936
2000/01/01@13:07:39,17381,3.2311878,9969.225806451614
2000/01/01@13:07:40,17382,3.23175,9971.58064516129
2000/01/01@13:07:41,17383,3.2313752,9973.935483870968
2000/01/01@13:07:42,17384,3.231938,9976.290322580646
2000/01/01@13:07:43,17385,3.2313752,9978.645161290322
2000/01/01@13:07:44,17386,3.2311878,9981.0
2000/01/01@13:07:45,17387,3.2321252,9983.433333333332
2000/01/01@13:07:46,17388,3.2311878,9985.866666666667
2000/01/01@13:07:47,17389,3.231,9988.3
2000/01/01@13:07:49,17391,3.231,9993.166666666666
2000/01/01@13:07:50,17392,3.2311878,9995.6
2000/01/01@13:07:51,17393,3.2313752,9998.033333333333
2000/01/01@13:07:52,17394,3.2313752,10000.466666666667
2000/01/01@13:07:53,17395,3.2313752,10002.9
2000/01/01@13:07:54,17396,3.2311878,10005.333333333334
2000/01/01@13:07:55,17397,3.2315626,10007.766666666666
2000/01/01@13:07:56,17398,3.2315626,10010.2
2000/01/01@13:07:57,17399,3.231938,10012.633333333333
2000/01/01@13:07:58,17400,3.2311878,10015.066666666668
2000/01/01@13:07:59,17401,3.2313752,10017.5
2000/01/01@13:08:01,17403,3.23175,10022.366666666667
2000/01/01@13:08:02,17404,3.2311878,10024.8
2000/01/01@13:08:03,17405,3.231938,10027.233333333334
2000/01/01@13:08:04,17406,3.2311878,10029.666666666666
2000/01/01@13:08:05,17407,3.231,10032.1
2000/01/01@13:08:06,17408,3.2313752,10034.533333333333
2000/01/01@13:08:07,17409,3.23175,10036.966666666667
2000/01/01@13:08:08,17410,3.23175,10039.4
2000/01/01@13:08:09,17411,3.2311878,10041.833333333334
2000/01/01@13:08:10,17412,3.2311878,10044.266666666666
2000/01/01@13:08:11,17413,3.2311878,10046.7
2000/01/01@13:08:12,17414,3.2321252,10049.133333333333
2000/01/01@13:08:14,17416,3.23175,10054.0
2000/01/01@13:08:15,17417,3.2313752,10057.58064516129
2000/01/01@13:08:16,17418,3.2311878,10061.161290322581
2000/01/01@13:08:17,17419,3.231,10064.741935483871
2000/01/01@13:08:18,17420,3.2315626,10068.322580645161
2000/01/01@13:08:19,17421,3.23175,10071.90322580645
2000/01/01@13:08:20,17422,3.231938,10075.483870967742
2000/01/01@13:08:21,17423,3.23175,10079.064516129032
2000/01/01@13:08:22,17424,3.231938,10082.645161290322
2000/01/01@13:08:23,17425,3.2313752,10086.225806451614
2000/01/01@13:08:24,17426,3.23175,10089.806451612903
2000/01/01@13:08:26,17428,3.2315626,10096.967741935483
2000/01/01@13:08:27,17429,3.2308126,10100.548387096775
2000/01/01@13:08:28,17430,3.2313752,10104.129032258064
2000/01/01@13:08:29,17431,3.23175,10107.709677419354
2000/01/01@13:08:30,17432,3.2311878,10111.290322580646
2000/01/01@13:08:31,17433,3.2313752,10114.870967741936
2000/01/01@13:08:32,17434,3.2315626,10118.451612903225
2000/01/01@13:08:33,17435,3.2321252,10122.032258064517
2000/01/01@13:08:34,17436,3.2311878,10125.612903225807
2000/01/01@13:08:35,17437,3.2315626,10129.193548387097
2000/01/01@13:08:36,17438,3.231938,10132.774193548386
2000/01/01@13:08:38,17440,3.23175,10139.935483870968
2000/01/01@13:08:39,17441,3.2311878,10143.516129032258
2000/01/01@13:08:40,17442,3.2311878,10147.09677419355
2000/01/01@13:08:41,17443,3.2315626,10150.677419354839
2000/01/01@13:08:42,17444,3.2313752,10154.258064516129
2000/01/01@13:08:43,17445,3.2311878,10157.838709677419
2000/01/01@13:08:44,17446,3.2315626,10161.41935483871
2000/01/01@13:08:45,17447,3.2313752,10165.0
2000/01/01@13:08:46,17448,3.231,10168.7
2000/01/01@13:08:47,17449,3.2313752,10172.4
2000/01/01@13:08:48,17450,3.2321252,10176.1
2000/01/01@13:08:50,17452,3.2311878,10183.5
2000/01/01@13:08:51,17453,3.2311878,10187.2
2000/01/01@13:08:52,17454,3.23175,10190.9
2000/01/01@13:08:53,17455,3.23175,10194.6
2000/01/01@13:08:54,17456,3.2311878,10198.3
2000/01/01@13:08:55,17457,3.231938,10202.0
2000/01/01@13:08:56,17458,3.231,10205.7
2000/01/01@13:08:57,17459,3.231938,10209.4
2000/01/01@13:08:58,17460,3.231,10213.1
2000/01/01@13:08:59,17461,3.231,10216.8
2000/01/01@13:09:00,17462,3.23175,10220.5
2000/01/01@13:09:02,17464,3.23175,10227.9
2000/01/01@13:09:03,17465,3.2313752,10231.6
2000/01/01@13:09:04,17466,3.2315626,10235.3
2000/01/01@13:09:05,17467,3.2313752,10239.0
2000/01/01@13:09:06,17468,3.2315626,10242.7
2000/01/01@13:09:07,17469,3.231,10246.4
2000/01/01@13:09:08,17470,3.2313752,10250.1
2000/01/01@13:09:09,17471,3.2311878,10253.8
2000/01/01@13:09:10,17472,3.231938,10257.5
2000/01/01@13:09:11,17473,3.2321252,10261.2
2000/01/01@13:09:12,17474,3.231938,10264.9
2000/01/01@13:09:14,17476,3.2311878,10272.3
2000/01/01@13:09:15,17477,3.231,10276.0
2000/01/01@13:09:16,17478,3.2311878,10279.90322580645
2000/01/01@13:09:17,17479,3.2315626,10283.806451612903
2000/01/01@13:09:18,17480,3.231,10287.709677419354
2000/01/01@13:09:19,17481,3.23175,10291.612903225807
2000/01/01@13:09:20,17482,3.231,10295.516129032258
2000/01/01@13:09:21,17483,3.2311878,10299.41935483871
2000/01/01@13:09:22,17484,3.2311878,10303.322580645161
2000/01/01@13:09:23,17485,3.231938,10307.225806451614
2000/01/01@13:09:24,17486,3.23175,10311.129032258064
2000/01/01@13:09:26,17488,3.2308126,10318.935483870968
2000/01/01@13:09:27,17489,3.23175,10322.838709677419
2000/01/01@13:09:28,17490,3.2315626,10326.741935483871
2000/01/01@13:09:29,17491,3.2315626,10330.645161290322
2000/01/01@13:09:30,17492,3.2311878,10334.548387096775
2000/01/01@13:09:31,17493,3.2311878,10338.451612903225
2000/01/01@13:09:32,17494,3.2315626,10342.354838709678
2000/01/01@13:09:33,17495,3.23175,10346.258064516129
2000/01/01@13:09:34,17496,3.2315626,10350.161290322581
2000/01/01@13:09:35,17497,3.2313752,10354.064516129032
2000/01/01@13:09:36,17498,3.231938,10357.967741935483
2000/01/01@13:09:38,17500,3.23175,10365.774193548386
2000/01/01@13:09:39,17501,3.2311878,10369.677419354839
2000/01/01@13:09:40,17502,3.231,10373.58064516129
2000/01/01@13:09:41,17503,3.23175,10377.483870967742
2000/01/01@13:09:42,17504,3.2311878,10381.387096774193
2000/01/01@13:09:43,17505,3.2308126,10385.290322580646
2000/01/01@13:09:44,17506,3.2313752,10389.193548387097
2000/01/01@13:09:45,17507,3.2313752,10393.09677419355
2000/01/01@13:09:46,17508,3.2311878,10397.0
2000/01/01@13:09:47,17509,3.23175,10400.2
2000/01/01@13:09:48,17510,3.23175,10403.4
2000/01/01@13:09:50,17512,3.231,10409.8
2000/01/01@13:09:51,17513,3.2315626,10413.0
2000/01/01@13:09:52,17514,3.2311878,10416.2
2000/01/01@13:09:53,17515,3.2313752,10419.4
2000/01/01@13:09:54,17516,3.231,10422.6
2000/01/01@13:09:55,17517,3.231938,10425.8
2000/01/01@13:09:56,17518,3.2311878,10429.0
2000/01/01@13:09:57,17519,3.2313752,10432.2
2000/01/01@13:09:58,17520,3.2311878,10435.4
2000/01/01@13:09:59,17521,3.2308126,10438.6
2000/01/01@13:10:00,17522,3.2315626,10441.8
2000/01/01@13:10:02,17524,3.2315626,10448.2
2000/01/01@13:10:03,17525,3.231,10451.4
2000/01/01@13:10:04,17526,3.2315626,10454.6
2000/01/01@13:10:05,17527,3.2311878,10457.8
2000/01/01@13:10:06,17528,3.2311878,10461.0
2000/01/01@13:10:07,17529,3.231,10464.2
2000/01/01@13:10:08,17530,3.2315626,10467.4
2000/01/01@13:10:09,17531,3.2313752,10470.6
2000/01/01@13:10:10,17532,3.2311878,10473.8
2000/01/01@13:10:11,17533,3.2311878,10477.0
2000/01/01@13:10:12,17534,3.231938,10480.2
2000/01/01@13:10:14,17536,3.231,10486.6
2000/01/01@13:10:15,17537,3.2311878,10489.8
2000/01/01@13:10:16,17538,3.2315626,10493.0
2000/01/01@13:10:17,17539,3.2308126,10497.225806451614
2000/01/01@13:10:18,17540,3.2313752,10501.451612903225
2000/01/01@13:10:19,17541,3.231,10505.677419354839
2000/01/01@13:10:20,17542,3.23175,10509.90322580645
2000/01/01@13:10:21,17543,3.231,10514.129032258064
2000/01/01@13:10:22,17544,3.2313752,10518.354838709678
2000/01/01@13:10:23,17545,3.2315626,10522.58064516129
2000/01/01@13:10:24,17546,3.231,10526.806451612903
2000/01/01@13:10:26,17548,3.23175,10535.258064516129
2000/01/01@13:10:27,17549,3.2313752,10539.483870967742
2000/01/01@13:10:28,17550,3.231,10543.709677419354
2000/01/01@13:10:29,17551,3.231,10547.935483870968
2000/01/01@13:10:30,17552,3.2315626,10552.161290322581
2000/01/01@13:10:31,17553,3.2315626,10556.387096774193
2000/01/01@13:10:32,17554,3.231,10560.612903225807
2000/01/01@13:10:33,17555,3.2311878,10564.838709677419
2000/01/01@13:10:34,17556,3.2311878,10569.064516129032
2000/01/01@13:10:35,17557,3.2313752,10573.290322580646
2000/01/01@13:10:36,17558,3.231,10577.516129032258
2000/01/01@13:10:38,17560,3.2313752,10585.967741935483
2000/01/01@13:10:39,17561,3.2311878,10590.193548387097
2000/01/01@13:10:40,17562,3.2313752,10594.41935483871
2000/01/01@13:10:41,17563,3.2308126,10598.645161290322
2000/01/01@13:10:42,17564,3.231,10602.870967741936
2000/01/01@13:10:43,17565,3.2315626,10607.09677419355
2000/01/01@13:10:44,17566,3.2313752,10611.322580645161
2000/01/01@13:10:45,17567,3.2311878,10615.548387096775
2000/01/01@13:10:46,17568,3.2315626,10619.774193548386
2000/01/01@13:10:47,17569,3.2311878,10624.0
2000/01/01@13:10:48,17570,3.2315626,10627.354838709678
2000/01/01@13:10:50,17572,3.2308126,10634.064516129032
2000/01/01@13:10:51,17573,3.2311878,10637.41935483871
2000/01/01@13:10:52,17574,3.2311878,10640.774193548386
2000/01/01@13:10:53,17575,3.231938,10644.129032258064
2000/01/01@13:10:54,17576,3.231,10647.483870967742
2000/01/01@13:10:55,17577,3.2311878,10650.838709677419
2000/01/01@13:10:56,17578,3.231938,10654.193548387097
2000/01/01@13:10:57,17579,3.2308126,10657.548387096775
2000/01/01@13:10:58,17580,3.231938,10660.90322580645
2000/01/01@13:10:59,17581,3.2313752,10664.258064516129
2000/01/01@13:11:00,17582,3.2311878,10667.612903225807
2000/01/01@13:11:02,17584,3.2311878,10674.322580645161
2000/01/01@13:11:03,17585,3.2311878,10677.677419354839
2000/01/01@13:11:04,17586,3.23175,10681.032258064517
2000/01/01@13:11:05,17587,3.231,10684.387096774193
2000/01/01@13:11:06,17588,3.2313752,10687.741935483871
2000/01/01@13:11:07,17589,3.23175,10691.09677419355
2000/01/01@13:11:08,17590,3.23175,10694.451612903225
2000/01/01@13:11:09,17591,3.2311878,10697.806451612903
2000/01/01@13:11:10,17592,3.2311878,10701.161290322581
2000/01/01@13:11:11,17593,3.231,10704.516129032258
2000/01/01@13:11:12,17594,3.2308126,10707.870967741936
2000/01/01@13:11:14,17596,3.23175,10714.58064516129
2000/01/01@13:11:15,17597,3.2311878,10717.935483870968
2000/01/01@13:11:16,17598,3.23175,10721.290322580646
2000/01/01@13:11:17,17599,3.23175,10724.645161290322
2000/01/01@13:11:18,17600,3.23175,10728.0
2000/01/01@13:11:19,17601,3.2308126,10730.6
2000/01/01@13:11:20,17602,3.23175,10733.2
2000/01/01@13:11:21,17603,3.2313752,10735.8
2000/01/01@13:11:22,17604,3.2313752,10738.4
2000/01/01@13:11:23,17605,3.231,10741.0
2000/01/01@13:11:24,17606,3.231,10743.6
2000/01/01@13:11:26,17608,3.2308126,10748.8
2000/01/01@13:11:27,17609,3.2311878,10751.4
2000/01/01@13:11:28,17610,3.2315626,10754.0
2000/01/01@13:11:29,17611,3.231,10756.6
2000/01/01@13:11:30,17612,3.2315626,10759.2
2000/01/01@13:11:31,17613,3.2315626,10761.8
2000/01/01@13:11:32,17614,3.2315626,10764.4
2000/01/01@13:11:33,17615,3.2315626,10767.0
2000/01/01@13:11:34,17616,3.231,10769.6
2000/01/01@13:11:35,17617,3.2308126,10772.2
2000/01/01@13:11:36,17618,3.231,10774.8
2000/01/01@13:11:38,17620,3.231,10780.0
2000/01/01@13:11:39,17621,3.2311878,10782.6
2000/01/01@13:11:40,17622,3.23175,10785.2
2000/01/01@13:11:41,17623,3.231,10787.8
2000/01/01@13:11:42,17624,3.231,10790.4
2000/01/01@13:11:43,17625,3.2315626,10793.0
2000/01/01@13:11:44,17626,3.2315626,10795.6
2000/01/01@13:11:45,17627,3.2308126,10798.2
2000/01/01@13:11:46,17628,3.23175,10800.8
2000/01/01@13:11:47,17629,3.2308126,10803.4
2000/01/01@13:11:48,17630,3.2306252,10806.0
2000/01/01@13:11:50,17632,3.23175,10810.967741935483
2000/01/01@13:11:51,17633,3.2311878,10813.451612903225
2000/01/01@13:11:52,17634,3.2311878,10815.935483870968
2000/01/01@13:11:53,17635,3.2311878,10818.41935483871
2000/01/01@13:11:54,17636,3.2315626,10820.90322580645
2000/01/01@13:11:55,17637,3.2313752,10823.387096774193
2000/01/01@13:11:56,17638,3.2308126,10825.870967741936
2000/01/01@13:11:57,17639,3.231,10828.354838709678
2000/01/01@13:11:58,17640,3.23175,10830.838709677419
2000/01/01@13:11:59,17641,3.231,10833.322580645161
2000/01/01@13:12:00,17642,3.231938,10835.806451612903
2000/01/01@13:12:02,17644,3.23175,10840.774193548386
2000/01/01@13:12:03,17645,3.231938,10843.258064516129
2000/01/01@13:12:04,17646,3.2311878,10845.741935483871
2000/01/01@13:12:05,17647,3.23175,10848.225806451614
2000/01/01@13:12:06,17648,3.231,10850.709677419354
2000/01/01@13:12:07,17649,3.2313752,10853.193548387097
2000/01/01@13:12:08,17650,3.2311878,10855.677419354839
2000/01/01@13:12:09,17651,3.2311878,10858.161290322581
2000/01/01@13:12:10,17652,3.2313752,10860.645161290322
2000/01/01@13:12:11,17653,3.2308126,10863.129032258064
2000/01/01@13:12:12,17654,3.23175,10865.612903225807
2000/01/01@13:12:14,17656,3.231,10870.58064516129
2000/01/01@13:12:15,17657,3.2313752,10873.064516129032
2000/01/01@13:12:16,17658,3.2313752,10875.548387096775
2000/01/01@13:12:17,17659,3.2313752,10878.032258064517
2000/01/01@13:12:18,17660,3.2311878,10880.516129032258
2000/01/01@13:12:19,17661,3.2308126,10883.0
2000/01/01@13:12:20,17662,3.2315626,10885.533333333333
2000/01/01@13:12:21,17663,3.2313752,10888.066666666668
2000/01/01@13:12:22,17664,3.2313752,10890.6
2000/01/01@13:12:23,17665,3.231,10893.133333333333
2000/01/01@13:12:24,17666,3.2313752,10895.666666666666
2000/01/01@13:12:26,17668,3.231,10900.733333333334
2000/01/01@13:12:27,17669,3.231,10903.266666666666
2000/01/01@13:12:28,17670,3.231,10905.8
2000/01/01@13:12:29,17671,3.2313752,10908.333333333334
2000/01/01@13:12:30,17672,3.2311878,10910.866666666667
2000/01/01@13:12:31,17673,3.2315626,10913.4
2000/01/01@13:12:32,17674,3.231,10915.933333333332
2000/01/01@13:12:33,17675,3.231,10918.466666666667
2000/01/01@13:12:34,17676,3.2308126,10921.0
2000/01/01@13:12:35,17677,3.2308126,10923.533333333333
2000/01/01@13:12:36,17678,3.2313752,10926.066666666668
2000/01/01@13:12:38,17680,3.2311878,10931.133333333333
2000/01/01@13:12:39,17681,3.23175,10933.666666666666
2000/01/01@13:12:40,17682,3.231,10936.2
2000/01/01@13:12:41,17683,3.2311878,10938.733333333334
2000/01/01@13:12:42,17684,3.2315626,10941.266666666666
2000/01/01@13:12:43,17685,3.2311878,10943.8
2000/01/01@13:12:44,17686,3.2311878,10946.333333333334
2000/01/01@13:12:45,17687,3.2311878,10948.866666666667
2000/01/01@13:12:46,17688,3.2308126,10951.4
2000/01/01@13:12:47,17689,3.23175,10953.933333333332
2000/01/01@13:12:48,17690,3.231,10956.466666666667
2000/01/01@13:12:50,17691,3.2313752,10961.636363636364
2000/01/01@13:12:51,17693,3.23175,10964.272727272728
2000/01/01@13:12:52,17694,3.2315626,10966.90909090909
2000/01/01@13:12:53,17695,3.231,10969.545454545454
2000/01/01@13:12:54,17696,3.2315626,10972.181818181818
2000/01/01@13:12:55,17697,3.2311878,10974.818181818182
2000/01/01@13:12:56,17698,3.2315626,10977.454545454546
2000/01/01@13:12:57,17699,3.231,10980.09090909091
2000/01/01@13:12:58,17700,3.23175,10982.727272727272
2000/01/01@13:12:59,17701,3.231,10985.363636363636
2000/01/01@13:13:00,17702,3.2311878,10988.0
2000/01/01@13:13:01,17703,3.2315626,10990.636363636364
2000/01/01@13:13:03,17705,3.2308126,10995.90909090909
2000/01/01@13:13:04,17706,3.231,10998.545454545454
2000/01/01@13:13:05,17707,3.2311878,11001.181818181818
2000/01/01@13:13:06,17708,3.231,11003.818181818182
2000/01/01@13:13:07,17709,3.231,11006.454545454546
2000/01/01@13:13:08,17710,3.2311878,11009.09090909091
2000/01/01@13:13:09,17711,3.2313752,11011.727272727272
2000/01/01@13:13:10,17712,3.2315626,11014.363636363636
2000/01/01@13:13:11,17713,3.2311878,11017.0
2000/01/01@13:13:12,17714,3.2308126,11019.636363636364
2000/01/01@13:13:13,17715,3.2311878,11022.272727272728
2000/01/01@13:13:15,17717,3.2311878,11027.545454545454
2000/01/01@13:13:16,17718,3.2315626,11030.181818181818
2000/01/01@13:13:17,17719,3.23175,11032.818181818182
2000/01/01@13:13:18,17720,3.2315626,11035.454545454546
2000/01/01@13:13:19,17721,3.2308126,11038.09090909091
2000/01/01@13:13:20,17722,3.2311878,11040.727272727272
2000/01/01@13:13:21,17723,3.2313752,11043.363636363636
2000/01/01@13:13:22,17724,3.2311878,11046.0
2000/01/01@13:13:23,17725,3.2315626,11048.466666666667
2000/01/01@13:13:24,17726,3.2315626,11050.933333333332
2000/01/01@13:13:25,17727,3.231,11053.4
2000/01/01@13:13:27,17729,3.231,11058.333333333334
2000/01/01@13:13:28,17730,3.2308126,11060.8
2000/01/01@13:13:29,17731,3.231,11063.266666666666
2000/01/01@13:13:30,17732,3.2313752,11065.733333333334
2000/01/01@13:13:31,17733,3.231,11068.2
2000/01/01@13:13:32,17734,3.231,11070.666666666666
2000/01/01@13:13:33,17735,3.231,11073.133333333333
2000/01/01@13:13:34,17736,3.231,11075.6
2000/01/01@13:13:35,17737,3.2315626,11078.066666666668
2000/01/01@13:13:36,17738,3.231,11080.533333333333
2000/01/01@13:13:37,17739,3.2308126,11083.0
2000/01/01@13:13:39,17741,3.2311878,11087.933333333332
2000/01/01@13:13:40,17742,3.231,11090.4
2000/01/01@13:13:41,17743,3.2311878,11092.866666666667
2000/01/01@13:13:42,17744,3.231,11095.333333333334
2000/01/01@13:13:43,17745,3.2311878,11097.8
2000/01/01@13:13:44,17746,3.23175,11100.266666666666
2000/01/01@13:13:45,17747,3.23175,11102.733333333334
2000/01/01@13:13:46,17748,3.2313752,11105.2
2000/01/01@13:13:47,17749,3.2308126,11107.666666666666
2000/01/01@13:13:48,17750,3.2313752,11110.133333333333
2000/01/01@13:13:49,17751,3.2308126,11112.6
2000/01/01@13:13:51,17753,3.231,11117.533333333333
2000/01/01@13:13:52,17754,3.231,11120.0
2000/01/01@13:13:53,17755,3.2311878,11122.516129032258
2000/01/01@13:13:54,17756,3.2313752,11125.032258064517
2000/01/01@13:13:55,17757,3.231,11127.548387096775
2000/01/01@13:13:56,17758,3.2308126,11130.064516129032
2000/01/01@13:13:57,17759,3.23175,11132.58064516129
2000/01/01@13:13:58,17760,3.23175,11135.09677419355
2000/01/01@13:13:59,17761,3.231,11137.612903225807
2000/01/01@13:14:00,17762,3.2311878,11140.129032258064
2000/01/01@13:14:01,17763,3.23175,11142.645161290322
2000/01/01@13:14:03,17765,3.23175,11147.677419354839
2000/01/01@13:14:04,17766,3.2308126,11150.193548387097
2000/01/01@13:14:05,17767,3.2308126,11152.709677419354
2000/01/01@13:14:06,17768,3.2315626,11155.225806451614
2000/01/01@13:14:07,17769,3.2308126,11157.741935483871
2000/01/01@13:14:08,17770,3.2311878,11160.258064516129
2000/01/01@13:14:09,17771,3.231,11162.774193548386
2000/01/01@13:14:10,17772,3.2308126,11165.290322580646
2000/01/01@13:14:11,17773,3.2315626,11167.806451612903
2000/01/01@13:14:12,17774,3.2315626,11170.322580645161
2000/01/01@13:14:13,17775,3.231,11172.838709677419
2000/01/01@13:14:15,17777,3.2311878,11177.870967741936
2000/01/01@13:14:16,17778,3.2308126,11180.387096774193
2000/01/01@13:14:17,17779,3.2308126,11182.90322580645
2000/01/01@13:14:18,17780,3.231,11185.41935483871
2000/01/01@13:14:19,17781,3.231,11187.935483870968
2000/01/01@13:14:20,17782,3.231,11190.451612903225
2000/01/01@13:14:21,17783,3.2313752,11192.967741935483
2000/01/01@13:14:22,17784,3.2311878,11195.483870967742
2000/01/01@13:14:23,17785,3.2313752,11198.0
2000/01/01@13:14:24,17786,3.231,11200.6
2000/01/01@13:14:25,17787,3.2315626,11203.2
2000/01/01@13:14:27,17789,3.2311878,11208.4
2000/01/01@13:14:28,17790,3.2313752,11211.0
2000/01/01@13:14:29,17791,3.231,11213.6
2000/01/01@13:14:30,17792,3.2311878,11216.2
2000/01/01@13:14:31,17793,3.2308126,11218.8
2000/01/01@13:14:32,17794,3.23175,11221.4
2000/01/01@13:14:33,17795,3.2311878,11224.0
2000/01/01@13:14:34,17796,3.231,11226.6
2000/01/01@13:14:35,17797,3.231,11229.2
2000/01/01@13:14:36,17798,3.231,11231.8
2000/01/01@13:14:37,17799,3.231,11234.4
2000/01/01@13:14:39,17801,3.231,11239.6
2000/01/01@13:14:40,17802,3.231,11242.2
2000/01/01@13:14:41,17803,3.2315626,11244.8
2000/01/01@13:14:42,17804,3.2313752,11247.4
2000/01/01@13:14:43,17805,3.2313752,11250.0
2000/01/01@13:14:44,17806,3.231938,11252.6
2000/01/01@13:14:45,17807,3.231,11255.2
2000/01/01@13:14:46,17808,3.23175,11257.8
2000/01/01@13:14:47,17809,3.2315626,11260.4
2000/01/01@13:14:48,17810,3.2313752,11263.0
2000/01/01@13:14:49,17811,3.2311878,11265.6
2000/01/01@13:14:51,17813,3.231,11270.8
2000/01/01@13:14:52,17814,3.23175,11273.4
2000/01/01@13:14:53,17815,3.231,11276.0
2000/01/01@13:14:54,17816,3.231,11278.548387096775
2000/01/01@13:14:55,17817,3.2315626,11281.09677419355
2000/01/01@13:14:56,17818,3.231,11283.645161290322
2000/01/01@13:14:57,17819,3.2308126,11286.193548387097
2000/01/01@13:14:58,17820,3.231,11288.741935483871
2000/01/01@13:14:59,17821,3.231,11291.290322580646
2000/01/01@13:15:00,17822,3.231,11293.838709677419
2000/01/01@13:15:01,17823,3.2315626,11296.387096774193
2000/01/01@13:15:03,17824,3.231,11301.483870967742
2000/01/01@13:15:04,17826,3.2311878,11304.032258064517
2000/01/01@13:15:05,17827,3.231,11306.58064516129
2000/01/01@13:15:06,17828,3.2311878,11309.129032258064
2000/01/01@13:15:07,17829,3.2313752,11311.677419354839
2000/01/01@13:15:08,17830,3.231,11314.225806451614
2000/01/01@13:15:09,17831,3.2313752,11316.774193548386
2000/01/01@13:15:10,17832,3.23175,11319.322580645161
2000/01/01@13:15:11,17833,3.231,11321.870967741936
2000/01/01@13:15:12,17834,3.231,11324.41935483871
2000/01/01@13:15:13,17835,3.2313752,11326.967741935483
2000/01/01@13:15:14,17836,3.231,11329.516129032258
2000/01/01@13:15:16,17838,3.2311878,11334.612903225807
2000/01/01@13:15:17,17839,3.2311878,11337.161290322581
2000/01/01@13:15:18,17840,3.2315626,11339.709677419354
2000/01/01@13:15:19,17841,3.2315626,11342.258064516129
2000/01/01@13:15:20,17842,3.231,11344.806451612903
2000/01/01@13:15:21,17843,3.2315626,11347.354838709678
2000/01/01@13:15:22,17844,3.2315626,11349.90322580645
2000/01/01@13:15:23,17845,3.2308126,11352.451612903225
2000/01/01@13:15:24,17846,3.231,11355.0
2000/01/01@13:15:25,17847,3.2311878,11357.41935483871
2000/01/01@13:15:27,17848,3.2315626,11362.258064516129
2000/01/01@13:15:28,17850,3.23175,11364.677419354839
2000/01/01@13:15:29,17851,3.231,11367.09677419355
2000/01/01@13:15:30,17852,3.2311878,11369.516129032258
2000/01/01@13:15:31,17853,3.2308126,11371.935483870968
2000/01/01@13:15:32,17854,3.2315626,11374.354838709678
2000/01/01@13:15:33,17855,3.2313752,11376.774193548386
2000/01/01@13:15:34,17856,3.2311878,11379.193548387097
2000/01/01@13:15:35,17857,3.23175,11381.612903225807
2000/01/01@13:15:36,17858,3.231,11384.032258064517
2000/01/01@13:15:37,17859,3.2315626,11386.451612903225
2000/01/01@13:15:38,17860,3.2313752,11388.870967741936
2000/01/01@13:15:40,17862,3.2315626,11393.709677419354
2000/01/01@13:15:41,17863,3.231,11396.129032258064
2000/01/01@13:15:42,17864,3.2315626,11398.548387096775
2000/01/01@13:15:43,17865,3.2315626,11400.967741935483
2000/01/01@13:15:44,17866,3.2311878,11403.387096774193
2000/01/01@13:15:45,17867,3.2308126,11405.806451612903
2000/01/01@13:15:46,17868,3.2315626,11408.225806451614
2000/01/01@13:15:47,17869,3.231,11410.645161290322
2000/01/01@13:15:48,17870,3.2315626,11413.064516129032
2000/01/01@13:15:49,17871,3.23175,11415.483870967742
2000/01/01@13:15:51,17872,3.231,11420.322580645161
2000/01/01@13:15:52,17874,3.2306252,11422.741935483871
2000/01/01@13:15:53,17875,3.2311878,11425.161290322581
2000/01/01@13:15:54,17876,3.2308126,11427.58064516129
2000/01/01@13:15:55,17877,3.2308126,11430.0
2000/01/01@13:15:56,17878,3.2311878,11432.633333333333
2000/01/01@13:15:57,17879,3.2308126,11435.266666666666
2000/01/01@13:15:58,17880,3.2313752,11437.9
2000/01/01@13:15:59,17881,3.2313752,11440.533333333333
2000/01/01@13:16:00,17882,3.2315626,11443.166666666666
2000/01/01@13:16:01,17883,3.23175,11445.8
2000/01/01@13:16:03,17885,3.2308126,11451.066666666668
2000/01/01@13:16:04,17886,3.2311878,11453.7
2000/01/01@13:16:05,17887,3.2308126,11456.333333333334
2000/01/01@13:16:06,17888,3.2308126,11458.966666666667
2000/01/01@13:16:07,17889,3.2308126,11461.6
2000/01/01@13:16:08,17890,3.231,11464.233333333334
2000/01/01@13:16:09,17891,3.23175,11466.866666666667
2000/01/01@13:16:10,17892,3.2308126,11469.5
2000/01/01@13:16:11,17893,3.2311878,11472.133333333333
2000/01/01@13:16:12,17894,3.2308126,11474.766666666666
2000/01/01@13:16:13,17895,3.2313752,11477.4
2000/01/01@13:16:15,17897,3.2304376,11482.666666666666
2000/01/01@13:16:16,17898,3.231,11485.3
2000/01/01@13:16:17,17899,3.2308126,11487.933333333332
2000/01/01@13:16:18,17900,3.2315626,11490.566666666668
2000/01/01@13:16:19,17901,3.2313752,11493.2
2000/01/01@13:16:20,17902,3.2315626,11495.833333333334
2000/01/01@13:16:21,17903,3.2313752,11498.466666666667
2000/01/01@13:16:22,17904,3.2306252,11501.1
2000/01/01@13:16:23,17905,3.2313752,11503.733333333334
2000/01/01@13:16:24,17906,3.2308126,11506.366666666667
2000/01/01@13:16:25,17907,3.231,11509.0
2000/01/01@13:16:27,17909,3.231,11514.09677419355
2000/01/01@13:16:28,17910,3.231,11516.645161290322
2000/01/01@13:16:29,17911,3.231,11519.193548387097
2000/01/01@13:16:30,17912,3.2311878,11521.741935483871
2000/01/01@13:16:31,17913,3.2308126,11524.290322580646
2000/01/01@13:16:32,17914,3.2306252,11526.838709677419
2000/01/01@13:16:33,17915,3.2308126,11529.387096774193
2000/01/01@13:16:34,17916,3.2311878,11531.935483870968
2000/01/01@13:16:35,17917,3.2315626,11534.483870967742
2000/01/01@13:16:36,17918,3.2315626,11537.032258064517
2000/01/01@13:16:37,17919,3.2313752,11539.58064516129
2000/01/01@13:16:39,17921,3.2306252,11544.677419354839
2000/01/01@13:16:40,17922,3.2311878,11547.225806451614
2000/01/01@13:16:41,17923,3.2315626,11549.774193548386
2000/01/01@13:16:42,17924,3.2306252,11552.322580645161
2000/01/01@13:16:43,17925,3.2313752,11554.870967741936
2000/01/01@13:16:44,17926,3.2315626,11557.41935483871
2000/01/01@13:16:45,17927,3.2311878,11559.967741935483
2000/01/01@13:16:46,17928,3.2306252,11562.516129032258
2000/01/01@13:16:47,17929,3.2306252,11565.064516129032
2000/01/01@13:16:48,17930,3.2308126,11567.612903225807
2000/01/01@13:16:49,17931,3.2313752,11570.161290322581
2000/01/01@13:16:51,17933,3.2304376,11575.258064516129
2000/01/01@13:16:52,17934,3.2315626,11577.806451612903
2000/01/01@13:16:53,17935,3.2304376,11580.354838709678
2000/01/01@13:16:54,17936,3.2313752,11582.90322580645
2000/01/01@13:16:55,17937,3.2308126,11585.451612903225
2000/01/01@13:16:56,17938,3.231,11588.0
2000/01/01@13:16:57,17939,3.231,11590.466666666667
2000/01/01@13:16:58,17940,3.2308126,11592.933333333332
2000/01/01@13:16:59,17941,3.2313752,11595.4
2000/01/01@13:17:00,17942,3.2311878,11597.866666666667
2000/01/01@13:17:01,17943,3.2306252,11600.333333333334
2000/01/01@13:17:03,17945,3.2313752,11605.266666666666
2000/01/01@13:17:04,17946,3.2306252,11607.733333333334
2000/01/01@13:17:05,17947,3.231,11610.2
2000/01/01@13:17:06,17948,3.2306252,11612.666666666666
2000/01/01@13:17:07,17949,3.2306252,11615.133333333333
2000/01/01@13:17:08,17950,3.2308126,11617.6
2000/01/01@13:17:09,17951,3.2308126,11620.066666666668
2000/01/01@13:17:10,17952,3.2313752,11622.533333333333
2000/01/01@13:17:11,17953,3.2306252,11625.0
2000/01/01@13:17:12,17954,3.2308126,11627.466666666667
2000/01/01@13:17:13,17955,3.2311878,11629.933333333332
2000/01/01@13:17:15,17957,3.2313752,11634.866666666667
2000/01/01@13:17:16,17958,3.2306252,11637.333333333334
2000/01/01@13:17:17,17959,3.231,11639.8
2000/01/01@13:17:18,17960,3.2313752,11642.266666666666
2000/01/01@13:17:19,17961,3.2311878,11644.733333333334
2000/01/01@13:17:20,17962,3.2311878,11647.2
2000/01/01@13:17:21,17963,3.2308126,11649.666666666666
2000/01/01@13:17:22,17964,3.2306252,11652.133333333333
2000/01/01@13:17:23,17965,3.2311878,11654.6
2000/01/01@13:17:24,17966,3.2311878,11657.066666666668
2000/01/01@13:17:25,17967,3.2308126,11659.533333333333
2000/01/01@13:17:27,17969,3.2308126,11664.354838709678
2000/01/01@13:17:28,17970,3.2308126,11666.709677419354
2000/01/01@13:17:29,17971,3.2315626,11669.064516129032
2000/01/01@13:17:30,17972,3.2306252,11671.41935483871
2000/01/01@13:17:31,17973,3.2308126,11673.774193548386
2000/01/01@13:17:32,17974,3.23175,11676.129032258064
2000/01/01@13:17:33,17975,3.2306252,11678.483870967742
2000/01/01@13:17:34,17976,3.23175,11680.838709677419
2000/01/01@13:17:35,17977,3.2313752,11683.193548387097
2000/01/01@13:17:36,17978,3.2313752,11685.548387096775
2000/01/01@13:17:37,17979,3.2315626,11687.90322580645
2000/01/01@13:17:39,17981,3.2313752,11692.612903225807
2000/01/01@13:17:40,17982,3.2306252,11694.967741935483
2000/01/01@13:17:41,17983,3.2308126,11697.322580645161
2000/01/01@13:17:42,17984,3.2308126,11699.677419354839
2000/01/01@13:17:43,17985,3.2308126,11702.032258064517
2000/01/01@13:17:44,17986,3.2308126,11704.387096774193
2000/01/01@13:17:45,17987,3.2308126,11706.741935483871
2000/01/01@13:17:46,17988,3.23175,11709.09677419355
2000/01/01@13:17:47,17989,3.2308126,11711.451612903225
2000/01/01@13:17:48,17990,3.2306252,11713.806451612903
2000/01/01@13:17:49,17991,3.2306252,11716.161290322581
2000/01/01@13:17:51,17993,3.2315626,11720.870967741936
2000/01/01@13:17:52,17994,3.231,11723.225806451614
2000/01/01@13:17:53,17995,3.2308126,11725.58064516129
2000/01/01@13:17:54,17996,3.2308126,11727.935483870968
2000/01/01@13:17:55,17997,3.2315626,11730.290322580646
2000/01/01@13:17:56,17998,3.231,11732.645161290322
2000/01/01@13:17:57,17999,3.231,11735.0
2000/01/01@13:17:58,18000,3.2306252,11737.233333333334
2000/01/01@13:17:59,18001,3.2313752,11739.466666666667
2000/01/01@13:18:00,18002,3.2308126,11741.7
2000/01/01@13:18:01,18003,3.2306252,11743.933333333332
2000/01/01@13:18:03,18005,3.2311878,11748.4
2000/01/01@13:18:04,18006,3.2311878,11750.633333333333
2000/01/01@13:18:05,18007,3.2311878,11752.866666666667
2000/01/01@13:18:06,18008,3.2315626,11755.1
2000/01/01@13:18:07,18009,3.2306252,11757.333333333334
2000/01/01@13:18:08,18010,3.2315626,11759.566666666668
2000/01/01@13:18:09,18011,3.2306252,11761.8
2000/01/01@13:18:10,18012,3.2306252,11764.033333333333
2000/01/01@13:18:11,18013,3.2308126,11766.266666666666
2000/01/01@13:18:12,18014,3.2306252,11768.5
2000/01/01@13:18:13,18015,3.2311878,11770.733333333334
2000/01/01@13:18:15,18017,3.2306252,11775.2
2000/01/01@13:18:16,18018,3.231,11777.433333333332
2000/01/01@13:18:17,18019,3.2311878,11779.666666666666
2000/01/01@13:18:18,18020,3.2308126,11781.9
2000/01/01@13:18:19,18021,3.2311878,11784.133333333333
2000/01/01@13:18:20,18022,3.2306252,11786.366666666667
2000/01/01@13:18:21,18023,3.2311878,11788.6
2000/01/01@13:18:22,18024,3.2308126,11790.833333333334
2000/01/01@13:18:23,18025,3.2308126,11793.066666666668
2000/01/01@13:18:24,18026,3.2306252,11795.3
2000/01/01@13:18:26,18028,3.2308126,11799.766666666666
2000/01/01@13:18:27,18029,3.231,11802.0
2000/01/01@13:18:28,18030,3.231,11804.774193548386
2000/01/01@13:18:29,18031,3.2308126,11807.548387096775
2000/01/01@13:18:30,18032,3.231,11810.322580645161
2000/01/01@13:18:31,18033,3.2311878,11813.09677419355
2000/01/01@13:18:32,18034,3.2315626,11815.870967741936
2000/01/01@13:18:33,18035,3.2308126,11818.645161290322
2000/01/01@13:18:34,18036,3.2308126,11821.41935483871
2000/01/01@13:18:35,18037,3.2306252,11824.193548387097
2000/01/01@13:18:36,18038,3.231,11826.967741935483
2000/01/01@13:18:38,18040,3.2308126,11832.516129032258
2000/01/01@13:18:39,18041,3.2306252,11835.290322580646
2000/01/01@13:18:40,18042,3.2313752,11838.064516129032
2000/01/01@13:18:41,18043,3.231,11840.838709677419
2000/01/01@13:18:42,18044,3.2306252,11843.612903225807
2000/01/01@13:18:43,18045,3.2311878,11846.387096774193
2000/01/01@13:18:44,18046,3.2311878,11849.161290322581
2000/01/01@13:18:45,18047,3.2308126,11851.935483870968
2000/01/01@13:18:46,18048,3.2308126,11854.709677419354
2000/01/01@13:18:47,18049,3.2308126,11857.483870967742
2000/01/01@13:18:48,18050,3.2311878,11860.258064516129
2000/01/01@13:18:50,18052,3.2315626,11865.806451612903
2000/01/01@13:18:51,18053,3.2315626,11868.58064516129
2000/01/01@13:18:52,18054,3.2315626,11871.354838709678
2000/01/01@13:18:53,18055,3.2308126,11874.129032258064
2000/01/01@13:18:54,18056,3.2308126,11876.90322580645
2000/01/01@13:18:55,18057,3.2308126,11879.677419354839
2000/01/01@13:18:56,18058,3.2306252,11882.451612903225
2000/01/01@13:18:57,18059,3.2308126,11885.225806451614
2000/01/01@13:18:58,18060,3.2308126,11888.0
2000/01/01@13:18:59,18061,3.2306252,11890.533333333333
2000/01/01@13:19:00,18062,3.2304376,11893.066666666668
2000/01/01@13:19:02,18064,3.2304376,11898.133333333333
2000/01/01@13:19:03,18065,3.2308126,11900.666666666666
2000/01/01@13:19:04,18066,3.2311878,11903.2
2000/01/01@13:19:05,18067,3.2306252,11905.733333333334
2000/01/01@13:19:06,18068,3.231,11908.266666666666
2000/01/01@13:19:07,18069,3.2306252,11910.8
2000/01/01@13:19:08,18070,3.2311878,11913.333333333334
2000/01/01@13:19:09,18071,3.2311878,11915.866666666667
2000/01/01@13:19:10,18072,3.231,11918.4
2000/01/01@13:19:11,18073,3.2306252,11920.933333333332
2000/01/01@13:19:12,18074,3.2306252,11923.466666666667
2000/01/01@13:19:14,18076,3.231,11928.533333333333
2000/01/01@13:19:15,18077,3.2308126,11931.066666666668
2000/01/01@13:19:16,18078,3.2308126,11933.6
2000/01/01@13:19:17,18079,3.2308126,11936.133333333333
2000/01/01@13:19:18,18080,3.2306252,11938.666666666666
2000/01/01@13:19:19,18081,3.2306252,11941.2
2000/01/01@13:19:20,18082,3.2304376,11943.733333333334
2000/01/01@13:19:21,18083,3.2311878,11946.266666666666
2000/01/01@13:19:22,18084,3.231,11948.8
2000/01/01@13:19:23,18085,3.231,11951.333333333334
2000/01/01@13:19:24,18086,3.2311878,11953.866666666667
2000/01/01@13:19:26,18088,3.2306252,11958.933333333332
2000/01/01@13:19:27,18089,3.2306252,11961.466666666667
2000/01/01@13:19:28,18090,3.2313752,11964.0
2000/01/01@13:19:29,18091,3.2313752,11967.451612903225
2000/01/01@13:19:30,18092,3.2315626,11970.90322580645
2000/01/01@13:19:31,18093,3.2313752,11974.354838709678
2000/01/01@13:19:32,18094,3.2304376,11977.806451612903
2000/01/01@13:19:33,18095,3.2308126,11981.258064516129
2000/01/01@13:19:34,18096,3.2313752,11984.709677419354
2000/01/01@13:19:35,18097,3.2304376,11988.161290322581
2000/01/01@13:19:36,18098,3.2306252,11991.612903225807
2000/01/01@13:19:38,18100,3.2306252,11998.516129032258
2000/01/01@13:19:39,18101,3.2311878,12001.967741935483
2000/01/01@13:19:40,18102,3.2313752,12005.41935483871
2000/01/01@13:19:41,18103,3.2306252,12008.870967741936
2000/01/01@13:19:42,18104,3.2311878,12012.322580645161
2000/01/01@13:19:43,18105,3.2306252,12015.774193548386
2000/01/01@13:19:44,18106,3.2308126,12019.225806451614
2000/01/01@13:19:45,18107,3.2311878,12022.677419354839
2000/01/01@13:19:46,18108,3.2306252,12026.129032258064
2000/01/01@13:19:47,18109,3.2311878,12029.58064516129
2000/01/01@13:19:48,18110,3.2308126,12033.032258064517
2000/01/01@13:19:50,18112,3.2304376,12039.935483870968
2000/01/01@13:19:51,18113,3.2304376,12043.387096774193
2000/01/01@13:19:52,18114,3.2306252,12046.838709677419
2000/01/01@13:19:53,18115,3.2306252,12050.290322580646
2000/01/01@13:19:54,18116,3.2304376,12053.741935483871
2000/01/01@13:19:55,18117,3.2306252,12057.193548387097
2000/01/01@13:19:56,18118,3.2308126,12060.645161290322
2000/01/01@13:19:57,18119,3.2308126,12064.09677419355
2000/01/01@13:19:58,18120,3.231,12067.548387096775
2000/01/01@13:19:59,18121,3.2308126,12071.0
2000/01/01@13:20:00,18122,3.2313752,12074.935483870968
2000/01/01@13:20:02,18124,3.2313752,12082.806451612903
2000/01/01@13:20:03,18125,3.2311878,12086.741935483871
2000/01/01@13:20:04,18126,3.2311878,12090.677419354839
2000/01/01@13:20:05,18127,3.2308126,12094.612903225807
2000/01/01@13:20:06,18128,3.2313752,12098.548387096775
2000/01/01@13:20:07,18129,3.2311878,12102.483870967742
2000/01/01@13:20:08,18130,3.2304376,12106.41935483871
2000/01/01@13:20:09,18131,3.2313752,12110.354838709678
2000/01/01@13:20:10,18132,3.2304376,12114.290322580646
2000/01/01@13:20:11,18133,3.2306252,12118.225806451614
2000/01/01@13:20:12,18134,3.2311878,12122.161290322581
2000/01/01@13:20:14,18136,3.2304376,12130.032258064517
2000/01/01@13:20:15,18137,3.2306252,12133.967741935483
2000/01/01@13:20:16,18138,3.2304376,12137.90322580645
2000/01/01@13:20:17,18139,3.231,12141.838709677419
2000/01/01@13:20:18,18140,3.2313752,12145.774193548386
2000/01/01@13:20:19,18141,3.2306252,12149.709677419354
2000/01/01@13:20:20,18142,3.2308126,12153.645161290322
2000/01/01@13:20:21,18143,3.2306252,12157.58064516129
2000/01/01@13:20:22,18144,3.2306252,12161.516129032258
2000/01/01@13:20:23,18145,3.2302502,12165.451612903225
2000/01/01@13:20:24,18146,3.2313752,12169.387096774193
2000/01/01@13:20:26,18148,3.2302502,12177.258064516129
2000/01/01@13:20:27,18149,3.231,12181.193548387097
2000/01/01@13:20:28,18150,3.2313752,12185.129032258064
2000/01/01@13:20:29,18151,3.231,12189.064516129032
2000/01/01@13:20:30,18152,3.2311878,12193.0
2000/01/01@13:20:31,18153,3.231,12195.733333333334
2000/01/01@13:20:32,18154,3.231,12198.466666666667
2000/01/01@13:20:33,18155,3.2311878,12201.2
2000/01/01@13:20:34,18156,3.2304376,12203.933333333332
2000/01/01@13:20:35,18157,3.2308126,12206.666666666666
2000/01/01@13:20:36,18158,3.2304376,12209.4
2000/01/01@13:20:38,18160,3.2308126,12214.866666666667
2000/01/01@13:20:39,18161,3.2311878,12217.6
2000/01/01@13:20:40,18162,3.2302502,12220.333333333334
2000/01/01@13:20:41,18163,3.2304376,12223.066666666668
2000/01/01@13:20:42,18164,3.2308126,12225.8
2000/01/01@13:20:43,18165,3.231,12228.533333333333
2000/01/01@13:20:44,18166,3.231,12231.266666666666
2000/01/01@13:20:45,18167,3.231,12234.0
2000/01/01@13:20:46,18168,3.2306252,12236.733333333334
2000/01/01@13:20:47,18169,3.2311878,12239.466666666667
2000/01/01@13:20:48,18170,3.2304376,12242.2
2000/01/01@13:20:50,18172,3.2308126,12247.666666666666
2000/01/01@13:20:51,18173,3.2302502,12250.4
2000/01/01@13:20:52,18174,3.2302502,12253.133333333333
2000/01/01@13:20:53,18175,3.2306252,12255.866666666667
2000/01/01@13:20:54,18176,3.231,12258.6
2000/01/01@13:20:55,18177,3.231,12261.333333333334
2000/01/01@13:20:56,18178,3.2306252,12264.066666666668
2000/01/01@13:20:57,18179,3.2304376,12266.8
2000/01/01@13:20:58,18180,3.2308126,12269.533333333333
2000/01/01@13:20:59,18181,3.231,12272.266666666666
2000/01/01@13:21:00,18182,3.2304376,12275.0
2000/01/01@13:21:02,18184,3.2304376,12279.90322580645
2000/01/01@13:21:03,18185,3.2306252,12282.354838709678
2000/01/01@13:21:04,18186,3.2304376,12284.806451612903
2000/01/01@13:21:05,18187,3.2302502,12287.258064516129
2000/01/01@13:21:06,18188,3.2311878,12289.709677419354
2000/01/01@13:21:07,18189,3.2308126,12292.161290322581
2000/01/01@13:21:08,18190,3.2304376,12294.612903225807
2000/01/01@13:21:09,18191,3.2306252,12297.064516129032
2000/01/01@13:21:10,18192,3.2302502,12299.516129032258
2000/01/01@13:21:11,18193,3.2308126,12301.967741935483
2000/01/01@13:21:12,18194,3.231,12304.41935483871
2000/01/01@13:21:14,18196,3.2308126,12309.322580645161
2000/01/01@13:21:15,18197,3.2306252,12311.774193548386
2000/01/01@13:21:16,18198,3.2304376,12314.225806451614
2000/01/01@13:21:17,18199,3.2308126,12316.677419354839
2000/01/01@13:21:18,18200,3.2304376,12319.129032258064
2000/01/01@13:21:19,18201,3.2313752,12321.58064516129
2000/01/01@13:21:20,18202,3.2306252,12324.032258064517
2000/01/01@13:21:21,18203,3.2304376,12326.483870967742
2000/01/01@13:21:22,18204,3.2304376,12328.935483870968
2000/01/01@13:21:23,18205,3.2306252,12331.387096774193
2000/01/01@13:21:24,18206,3.2306252,12333.838709677419
2000/01/01@13:21:26,18208,3.2304376,12338.741935483871
2000/01/01@13:21:27,18209,3.2308126,12341.193548387097
2000/01/01@13:21:28,18210,3.2311878,12343.645161290322
2000/01/01@13:21:29,18211,3.2311878,12346.09677419355
2000/01/01@13:21:30,18212,3.2311878,12348.548387096775
2000/01/01@13:21:31,18213,3.2311878,12351.0
2000/01/01@13:21:32,18214,3.2311878,12353.666666666666
2000/01/01@13:21:33,18215,3.2302502,12356.333333333334
2000/01/01@13:21:34,18216,3.2308126,12359.0
2000/01/01@13:21:35,18217,3.2308126,12361.666666666666
2000/01/01@13:21:36,18218,3.2313752,12364.333333333334
2000/01/01@13:21:38,18220,3.2304376,12369.666666666666
2000/01/01@13:21:39,18221,3.2304376,12372.333333333334
2000/01/01@13:21:40,18222,3.2304376,12375.0
2000/01/01@13:21:41,18223,3.2304376,12377.666666666666
2000/01/01@13:21:42,18224,3.2304376,12380.333333333334
2000/01/01@13:21:43,18225,3.2308126,12383.0
2000/01/01@13:21:44,18226,3.2308126,12385.666666666666
2000/01/01@13:21:45,18227,3.2311878,12388.333333333334
2000/01/01@13:21:46,18228,3.2302502,12391.0
2000/01/01@13:21:47,18229,3.2302502,12393.666666666666
2000/01/01@13:21:48,18230,3.2306252,12396.333333333334
2000/01/01@13:21:50,18232,3.2308126,12401.666666666666
2000/01/01@13:21:51,18233,3.2304376,12404.333333333334
2000/01/01@13:21:52,18234,3.2306252,12407.0
2000/01/01@13:21:53,18235,3.2311878,12409.666666666666
2000/01/01@13:21:54,18236,3.2306252,12412.333333333334
2000/01/01@13:21:55,18237,3.231,12415.0
2000/01/01@13:21:56,18238,3.231,12417.666666666666
2000/01/01@13:21:57,18239,3.2304376,12420.333333333334
2000/01/01@13:21:58,18240,3.2306252,12423.0
2000/01/01@13:21:59,18241,3.2311878,12425.666666666666
2000/01/01@13:22:00,18242,3.2302502,12428.333333333334
2000/01/01@13:22:02,18244,3.231,12433.612903225807
2000/01/01@13:22:03,18245,3.2302502,12436.225806451614
2000/01/01@13:22:04,18246,3.2304376,12438.838709677419
2000/01/01@13:22:05,18247,3.2304376,12441.451612903225
2000/01/01@13:22:06,18248,3.2302502,12444.064516129032
2000/01/01@13:22:07,18249,3.2302502,12446.677419354839
2000/01/01@13:22:08,18250,3.2304376,12449.290322580646
2000/01/01@13:22:09,18251,3.231,12451.90322580645
2000/01/01@13:22:10,18252,3.2308126,12454.516129032258
2000/01/01@13:22:11,18253,3.2306252,12457.129032258064
2000/01/01@13:22:12,18254,3.231,12459.741935483871
2000/01/01@13:22:14,18256,3.2304376,12464.967741935483
2000/01/01@13:22:15,18257,3.231,12467.58064516129
2000/01/01@13:22:16,18258,3.2306252,12470.193548387097
2000/01/01@13:22:17,18259,3.2306252,12472.806451612903
2000/01/01@13:22:18,18260,3.2302502,12475.41935483871
2000/01/01@13:22:19,18261,3.2313752,12478.032258064517
2000/01/01@13:22:20,18262,3.2304376,12480.645161290322
2000/01/01@13:22:21,18263,3.2311878,12483.258064516129
2000/01/01@13:22:22,18264,3.2304376,12485.870967741936
2000/01/01@13:22:23,18265,3.2306252,12488.483870967742
2000/01/01@13:22:24,18266,3.2304376,12491.09677419355
2000/01/01@13:22:26,18268,3.2300628,12496.322580645161
2000/01/01@13:22:27,18269,3.2304376,12498.935483870968
2000/01/01@13:22:28,18270,3.2302502,12501.548387096775
2000/01/01@13:22:29,18271,3.2304376,12504.161290322581
2000/01/01@13:22:30,18272,3.2311878,12506.774193548386
2000/01/01@13:22:31,18273,3.2304376,12509.387096774193
2000/01/01@13:22:32,18274,3.2304376,12512.0
2000/01/01@13:22:33,18275,3.2311878,12514.433333333332
2000/01/01@13:22:34,18276,3.2304376,12516.866666666667
2000/01/01@13:22:35,18277,3.2306252,12519.3
2000/01/01@13:22:36,18278,3.2306252,12521.733333333334
2000/01/01@13:22:38,18280,3.2302502,12526.6
2000/01/01@13:22:39,18281,3.231,12529.033333333333
2000/01/01@13:22:40,18282,3.2308126,12531.466666666667
2000/01/01@13:22:41,18283,3.2302502,12533.9
2000/01/01@13:22:42,18284,3.2304376,12536.333333333334
2000/01/01@13:22:43,18285,3.2306252,12538.766666666666
2000/01/01@13:22:44,18286,3.2302502,12541.2
2000/01/01@13:22:45,18287,3.2302502,12543.633333333333
2000/01/01@13:22:46,18288,3.2304376,12546.066666666668
2000/01/01@13:22:47,18289,3.2304376,12548.5
2000/01/01@13:22:49,18291,3.2308126,12553.366666666667
2000/01/01@13:22:50,18292,3.2306252,12555.8
2000/01/01@13:22:51,18293,3.2304376,12558.233333333334
2000/01/01@13:22:52,18294,3.2311878,12560.666666666666
2000/01/01@13:22:53,18295,3.2306252,12563.1
2000/01/01@13:22:54,18296,3.231,12565.533333333333
2000/01/01@13:22:55,18297,3.2304376,12567.966666666667
2000/01/01@13:22:56,18298,3.2306252,12570.4
2000/01/01@13:22:57,18299,3.2302502,12572.833333333334
2000/01/01@13:22:58,18300,3.2313752,12575.266666666666
2000/01/01@13:22:59,18301,3.2304376,12577.7
2000/01/01@13:23:01,18303,3.2306252,12582.566666666668
2000/01/01@13:23:02,18304,3.2306252,12585.0
2000/01/01@13:23:03,18305,3.2311878,12588.0
2000/01/01@13:23:04,18306,3.2304376,12591.0
2000/01/01@13:23:05,18307,3.2302502,12594.0
2000/01/01@13:23:06,18308,3.2304376,12597.0
2000/01/01@13:23:07,18309,3.2304376,12600.0
2000/01/01@13:23:08,18310,3.2302502,12603.0
2000/01/01@13:23:09,18311,3.2304376,12606.0
2000/01/01@13:23:10,18312,3.2302502,12609.0
2000/01/01@13:23:11,18313,3.2304376,12612.0
2000/01/01@13:23:13,18315,3.2302502,12618.0
2000/01/01@13:23:14,18316,3.2311878,12621.0
2000/01/01@13:23:15,18317,3.2308126,12624.0
2000/01/01@13:23:16,18318,3.2304376,12627.0
2000/01/01@13:23:17,18319,3.2304376,12630.0
2000/01/01@13:23:18,18320,3.2308126,12633.0
2000/01/01@13:23:19,18321,3.2308126,12636.0
2000/01/01@13:23:20,18322,3.2302502,12639.0
2000/01/01@13:23:21,18323,3.231,12642.0
2000/01/01@13:23:22,18324,3.2308126,12645.0
2000/01/01@13:23:23,18325,3.2302502,12648.0
2000/01/01@13:23:25,18327,3.2302502,12654.0
2000/01/01@13:23:26,18328,3.2304376,12657.0
2000/01/01@13:23:27,18329,3.2302502,12660.0
2000/01/01@13:23:28,18330,3.2302502,12663.0
2000/01/01@13:23:29,18331,3.2306252,12666.0
2000/01/01@13:23:30,18332,3.2306252,12669.0
2000/01/01@13:23:31,18333,3.2308126,12672.0
2000/01/01@13:23:32,18334,3.2302502,12675.0
2000/01/01@13:23:33,18335,3.2302502,12678.0
2000/01/01@13:23:34,18336,3.2308126,12680.866666666667
2000/01/01@13:23:35,18337,3.2302502,12683.733333333334
2000/01/01@13:23:37,18339,3.2311878,12689.466666666667
2000/01/01@13:23:38,18340,3.2308126,12692.333333333334
2000/01/01@13:23:39,18341,3.2302502,12695.2
2000/01/01@13:23:40,18342,3.2304376,12698.066666666668
2000/01/01@13:23:41,18343,3.2306252,12700.933333333332
2000/01/01@13:23:42,18344,3.231,12703.8
2000/01/01@13:23:43,18345,3.2302502,12706.666666666666
2000/01/01@13:23:44,18346,3.2304376,12709.533333333333
2000/01/01@13:23:45,18347,3.2308126,12712.4
2000/01/01@13:23:46,18348,3.2311878,12715.266666666666
2000/01/01@13:23:47,18349,3.2308126,12718.133333333333
2000/01/01@13:23:49,18351,3.2304376,12723.866666666667
2000/01/01@13:23:50,18352,3.2300628,12726.733333333334
2000/01/01@13:23:51,18353,3.2302502,12729.6
2000/01/01@13:23:52,18354,3.2304376,12732.466666666667
2000/01/01@13:23:53,18355,3.2306252,12735.333333333334
2000/01/01@13:23:54,18356,3.2300628,12738.2
2000/01/01@13:23:55,18357,3.231,12741.066666666668
2000/01/01@13:23:56,18358,3.2302502,12743.933333333332
2000/01/01@13:23:57,18359,3.2308126,12746.8
2000/01/01@13:23:58,18360,3.2304376,12749.666666666666
2000/01/01@13:23:59,18361,3.231,12752.533333333333
2000/01/01@13:24:01,18363,3.2300628,12758.266666666666
2000/01/01@13:24:02,18364,3.231,12761.133333333333
2000/01/01@13:24:03,18365,3.2302502,12764.0
2000/01/01@13:24:04,18366,3.2308126,12766.41935483871
2000/01/01@13:24:05,18367,3.2302502,12768.838709677419
2000/01/01@13:24:06,18368,3.2300628,12771.258064516129
2000/01/01@13:24:07,18369,3.2306252,12773.677419354839
2000/01/01@13:24:08,18370,3.2302502,12776.09677419355
2000/01/01@13:24:09,18371,3.2304376,12778.516129032258
2000/01/01@13:24:10,18372,3.2300628,12780.935483870968
2000/01/01@13:24:11,18373,3.2304376,12783.354838709678
2000/01/01@13:24:13,18375,3.2302502,12788.193548387097
2000/01/01@13:24:14,18376,3.2308126,12790.612903225807
2000/01/01@13:24:15,18377,3.2306252,12793.032258064517
2000/01/01@13:24:16,18378,3.2304376,12795.451612903225
2000/01/01@13:24:17,18379,3.2304376,12797.870967741936
2000/01/01@13:24:18,18380,3.2302502,12800.290322580646
2000/01/01@13:24:19,18381,3.231,12802.709677419354
2000/01/01@13:24:20,18382,3.2304376,12805.129032258064
2000/01/01@13:24:21,18383,3.2302502,12807.548387096775
2000/01/01@13:24:22,18384,3.2300628,12809.967741935483
2000/01/01@13:24:23,18385,3.2304376,12812.387096774193
2000/01/01@13:24:25,18387,3.2298754,12817.225806451614
2000/01/01@13:24:26,18388,3.2306252,12819.645161290322
2000/01/01@13:24:27,18389,3.2302502,12822.064516129032
2000/01/01@13:24:28,18390,3.2302502,12824.483870967742
2000/01/01@13:24:29,18391,3.2302502,12826.90322580645
2000/01/01@13:24:30,18392,3.2306252,12829.322580645161
2000/01/01@13:24:31,18393,3.2302502,12831.741935483871
2000/01/01@13:24:32,18394,3.2302502,12834.161290322581
2000/01/01@13:24:33,18395,3.2302502,12836.58064516129
2000/01/01@13:24:34,18396,3.2308126,12839.0
2000/01/01@13:24:35,18397,3.231,12841.193548387097
2000/01/01@13:24:37,18399,3.2306252,12845.58064516129
2000/01/01@13:24:38,18400,3.2302502,12847.774193548386
2000/01/01@13:24:39,18401,3.2308126,12849.967741935483
2000/01/01@13:24:40,18402,3.2302502,12852.161290322581
2000/01/01@13:24:41,18403,3.2311878,12854.354838709678
2000/01/01@13:24:42,18404,3.2306252,12856.548387096775
2000/01/01@13:24:43,18405,3.2308126,12858.741935483871
2000/01/01@13:24:44,18406,3.2302502,12860.935483870968
2000/01/01@13:24:45,18407,3.2302502,12863.129032258064
2000/01/01@13:24:46,18408,3.2311878,12865.322580645161
2000/01/01@13:24:47,18409,3.2300628,12867.516129032258
2000/01/01@13:24:49,18411,3.231,12871.90322580645
2000/01/01@13:24:50,18412,3.2304376,12874.09677419355
2000/01/01@13:24:51,18413,3.2302502,12876.290322580646
2000/01/01@13:24:52,18414,3.2308126,12878.483870967742
2000/01/01@13:24:53,18415,3.2302502,12880.677419354839
2000/01/01@13:24:54,18416,3.2302502,12882.870967741936
2000/01/01@13:24:55,18417,3.2306252,12885.064516129032
2000/01/01@13:24:56,18418,3.231,12887.258064516129
2000/01/01@13:24:57,18419,3.2302502,12889.451612903225
2000/01/01@13:24:58,18420,3.2304376,12891.645161290322
2000/01/01@13:25:00,18422,3.2304376,12896.032258064517
2000/01/01@13:25:01,18423,3.2302502,12898.225806451614
2000/01/01@13:25:02,18424,3.2304376,12900.41935483871
2000/01/01@13:25:03,18425,3.2302502,12902.612903225807
2000/01/01@13:25:04,18426,3.2302502,12904.806451612903
2000/01/01@13:25:05,18427,3.2306252,12907.0
2000/01/01@13:25:06,18428,3.2304376,12909.5
2000/01/01@13:25:07,18429,3.2308126,12912.0
2000/01/01@13:25:08,18430,3.2302502,12914.5
2000/01/01@13:25:09,18431,3.2302502,12917.0
2000/01/01@13:25:10,18432,3.2311878,12919.5
2000/01/01@13:25:11,18433,3.2306252,12922.0
2000/01/01@13:25:13,18435,3.2298754,12927.0
2000/01/01@13:25:14,18436,3.2306252,12929.5
2000/01/01@13:25:15,18437,3.2300628,12932.0
2000/01/01@13:25:16,18438,3.2300628,12934.5
2000/01/01@13:25:17,18439,3.2304376,12937.0
2000/01/01@13:25:18,18440,3.231,12939.5
2000/01/01@13:25:19,18441,3.2308126,12942.0
2000/01/01@13:25:20,18442,3.2308126,12944.5
2000/01/01@13:25:21,18443,3.2300628,12947.0
2000/01/01@13:25:22,18444,3.2308126,12949.5
2000/01/01@13:25:23,18445,3.2300628,12952.0
2000/01/01@13:25:25,18447,3.2300628,12957.0
2000/01/01@13:25:26,18448,3.2304376,12959.5
2000/01/01@13:25:27,18449,3.2300628,12962.0
2000/01/01@13:25:28,18450,3.2302502,12964.5
2000/01/01@13:25:29,18451,3.2308126,12967.0
2000/01/01@13:25:30,18452,3.2306252,12969.5
2000/01/01@13:25:31,18453,3.2302502,12972.0
2000/01/01@13:25:32,18454,3.2306252,12974.5
2000/01/01@13:25:33,18455,3.2300628,12977.0
2000/01/01@13:25:34,18456,3.2302502,12979.5
2000/01/01@13:25:35,18457,3.2304376,12982.0
2000/01/01@13:25:37,18459,3.231,12987.032258064517
2000/01/01@13:25:38,18460,3.2306252,12989.548387096775
2000/01/01@13:25:39,18461,3.2300628,12992.064516129032
2000/01/01@13:25:40,18462,3.2304376,12994.58064516129
2000/01/01@13:25:41,18463,3.2300628,12997.09677419355
2000/01/01@13:25:42,18464,3.2302502,12999.612903225807
2000/01/01@13:25:43,18465,3.2304376,13002.129032258064
2000/01/01@13:25:44,18466,3.2308126,13004.645161290322
2000/01/01@13:25:45,18467,3.2300628,13007.161290322581
2000/01/01@13:25:46,18468,3.2311878,13009.677419354839
2000/01/01@13:25:47,18469,3.2300628,13012.193548387097
2000/01/01@13:25:49,18471,3.2300628,13017.225806451614
2000/01/01@13:25:50,18472,3.2306252,13019.741935483871
2000/01/01@13:25:51,18473,3.2302502,13022.258064516129
2000/01/01@13:25:52,18474,3.2304376,13024.774193548386
2000/01/01@13:25:53,18475,3.2300628,13027.290322580646
2000/01/01@13:25:54,18476,3.2306252,13029.806451612903
2000/01/01@13:25:55,18477,3.2304376,13032.322580645161
2000/01/01@13:25:56,18478,3.2302502,13034.838709677419
2000/01/01@13:25:57,18479,3.2300628,13037.354838709678
2000/01/01@13:25:58,18480,3.2300628,13039.870967741936
2000/01/01@13:25:59,18481,3.2306252,13042.387096774193
2000/01/01@13:26:01,18483,3.2302502,13047.41935483871
2000/01/01@13:26:02,18484,3.2306252,13049.935483870968
2000/01/01@13:26:03,18485,3.2306252,13052.451612903225
2000/01/01@13:26:04,18486,3.2302502,13054.967741935483
2000/01/01@13:26:05,18487,3.2300628,13057.483870967742
2000/01/01@13:26:06,18488,3.2302502,13060.0
2000/01/01@13:26:07,18489,3.2300628,13062.8
2000/01/01@13:26:08,18490,3.2306252,13065.6
2000/01/01@13:26:09,18491,3.2298754,13068.4
2000/01/01@13:26:10,18492,3.2300628,13071.2
2000/01/01@13:26:11,18493,3.2306252,13074.0
2000/01/01@13:26:13,18495,3.2311878,13079.6
2000/01/01@13:26:14,18496,3.2306252,13082.4
2000/01/01@13:26:15,18497,3.2300628,13085.2
2000/01/01@13:26:16,18498,3.2300628,13088.0
2000/01/01@13:26:17,18499,3.2304376,13090.8
2000/01/01@13:26:18,18500,3.2304376,13093.6
2000/01/01@13:26:19,18501,3.2308126,13096.4
2000/01/01@13:26:20,18502,3.231,13099.2
2000/01/01@13:26:21,18503,3.2306252,13102.0
2000/01/01@13:26:22,18504,3.2304376,13104.8
2000/01/01@13:26:23,18505,3.2311878,13107.6
2000/01/01@13:26:25,18507,3.2300628,13113.2
2000/01/01@13:26:26,18508,3.2306252,13116.0
2000/01/01@13:26:27,18509,3.2302502,13118.8
2000/01/01@13:26:28,18510,3.2302502,13121.6
2000/01/01@13:26:29,18511,3.231,13124.4
2000/01/01@13:26:30,18512,3.2304376,13127.2
2000/01/01@13:26:31,18513,3.2306252,13130.0
2000/01/01@13:26:32,18514,3.2304376,13132.8
2000/01/01@13:26:33,18515,3.2304376,13135.6
2000/01/01@13:26:34,18516,3.2300628,13138.4
2000/01/01@13:26:35,18517,3.2308126,13141.2
2000/01/01@13:26:37,18519,3.2302502,13146.709677419354
2000/01/01@13:26:38,18520,3.2308126,13149.41935483871
2000/01/01@13:26:39,18521,3.2302502,13152.129032258064
2000/01/01@13:26:40,18522,3.2302502,13154.838709677419
2000/01/01@13:26:41,18523,3.2304376,13157.548387096775
2000/01/01@13:26:42,18524,3.2304376,13160.258064516129
2000/01/01@13:26:43,18525,3.2306252,13162.967741935483
2000/01/01@13:26:44,18526,3.231,13165.677419354839
2000/01/01@13:26:45,18527,3.2306252,13168.387096774193
2000/01/01@13:26:46,18528,3.2306252,13171.09677419355
2000/01/01@13:26:47,18529,3.2300628,13173.806451612903
2000/01/01@13:26:49,18531,3.2306252,13179.225806451614
2000/01/01@13:26:50,18532,3.2304376,13181.935483870968
2000/01/01@13:26:51,18533,3.2304376,13184.645161290322
2000/01/01@13:26:52,18534,3.2300628,13187.354838709678
2000/01/01@13:26:53,18535,3.2306252,13190.064516129032
2000/01/01@13:26:54,18536,3.2306252,13192.774193548386
2000/01/01@13:26:55,18537,3.231,13195.483870967742
2000/01/01@13:26:56,18538,3.231,13198.193548387097
2000/01/01@13:26:57,18539,3.231,13200.90322580645
2000/01/01@13:26:58,18540,3.2308126,13203.612903225807
2000/01/01@13:26:59,18541,3.2308126,13206.322580645161
2000/01/01@13:27:01,18543,3.2306252,13211.741935483871
2000/01/01@13:27:02,18544,3.2300628,13214.451612903225
2000/01/01@13:27:03,18545,3.2302502,13217.161290322581
2000/01/01@13:27:04,18546,3.2300628,13219.870967741936
2000/01/01@13:27:05,18547,3.2306252,13222.58064516129
2000/01/01@13:27:06,18548,3.2302502,13225.290322580646
2000/01/01@13:27:07,18549,3.2308126,13228.0
2000/01/01@13:27:08,18550,3.2302502,13230.8
2000/01/01@13:27:09,18551,3.2304376,13233.6
2000/01/01@13:27:10,18552,3.2302502,13236.4
2000/01/01@13:27:12,18554,3.231,13242.0
2000/01/01@13:27:13,18555,3.2302502,13244.8
2000/01/01@13:27:14,18556,3.2300628,13247.6
2000/01/01@13:27:15,18557,3.2308126,13250.4
2000/01/01@13:27:16,18558,3.2304376,13253.2
2000/01/01@13:27:17,18559,3.2302502,13256.0
2000/01/01@13:27:18,18560,3.2311878,13258.8
2000/01/01@13:27:19,18561,3.2302502,13261.6
2000/01/01@13:27:20,18562,3.2302502,13264.4
2000/01/01@13:27:21,18563,3.2306252,13267.2
2000/01/01@13:27:22,18564,3.2306252,13270.0
2000/01/01@13:27:24,18566,3.2308126,13275.6
2000/01/01@13:27:25,18567,3.2302502,13278.4
2000/01/01@13:27:26,18568,3.2302502,13281.2
2000/01/01@13:27:27,18569,3.2308126,13284.0
2000/01/01@13:27:28,18570,3.231,13286.8
2000/01/01@13:27:29,18571,3.2306252,13289.6
2000/01/01@13:27:30,18572,3.2302502,13292.4
2000/01/01@13:27:31,18573,3.2302502,13295.2
2000/01/01@13:27:32,18574,3.2300628,13298.0
2000/01/01@13:27:33,18575,3.2302502,13300.8
2000/01/01@13:27:34,18576,3.2304376,13303.6
2000/01/01@13:27:36,18578,3.2304376,13309.2
2000/01/01@13:27:37,18579,3.2304376,13312.0
2000/01/01@13:27:38,18580,3.231,13315.387096774193
2000/01/01@13:27:39,18581,3.231,13318.774193548386
2000/01/01@13:27:40,18582,3.2308126,13322.161290322581
2000/01/01@13:27:41,18583,3.2300628,13325.548387096775
2000/01/01@13:27:42,18584,3.2308126,13328.935483870968
2000/01/01@13:27:43,18585,3.2304376,13332.322580645161
2000/01/01@13:27:44,18586,3.2300628,13335.709677419354
2000/01/01@13:27:45,18587,3.2306252,13339.09677419355
2000/01/01@13:27:46,18588,3.2308126,13342.483870967742
2000/01/01@13:27:48,18590,3.2300628,13349.258064516129
2000/01/01@13:27:49,18591,3.2298754,13352.645161290322
2000/01/01@13:27:50,18592,3.2300628,13356.032258064517
2000/01/01@13:27:51,18593,3.2300628,13359.41935483871
2000/01/01@13:27:52,18594,3.2302502,13362.806451612903
2000/01/01@13:27:53,18595,3.2308126,13366.193548387097
2000/01/01@13:27:54,18596,3.2306252,13369.58064516129
2000/01/01@13:27:55,18597,3.2304376,13372.967741935483
2000/01/01@13:27:56,18598,3.2306252,13376.354838709678
2000/01/01@13:27:57,18599,3.2300628,13379.741935483871
2000/01/01@13:27:58,18600,3.2308126,13383.129032258064
2000/01/01@13:28:00,18602,3.2302502,13389.90322580645
2000/01/01@13:28:01,18603,3.2308126,13393.290322580646
2000/01/01@13:28:02,18604,3.2304376,13396.677419354839
2000/01/01@13:28:03,18605,3.2302502,13400.064516129032
2000/01/01@13:28:04,18606,3.2302502,13403.451612903225
2000/01/01@13:28:05,18607,3.2300628,13406.838709677419
2000/01/01@13:28:06,18608,3.2298754,13410.225806451614
2000/01/01@13:28:07,18609,3.2308126,13413.612903225807
2000/01/01@13:28:08,18610,3.2308126,13417.0
2000/01/01@13:28:09,18611,3.2302502,13420.733333333334
2000/01/01@13:28:10,18612,3.231,13424.466666666667
2000/01/01@13:28:12,18614,3.2300628,13431.933333333332
2000/01/01@13:28:13,18615,3.2302502,13435.666666666666
2000/01/01@13:28:14,18616,3.2302502,13439.4
2000/01/01@13:28:15,18617,3.2304376,13443.133333333333
2000/01/01@13:28:16,18618,3.2300628,13446.866666666667
2000/01/01@13:28:17,18619,3.2304376,13450.6
2000/01/01@13:28:18,18620,3.2308126,13454.333333333334
2000/01/01@13:28:19,18621,3.2302502,13458.066666666668
2000/01/01@13:28:20,18622,3.2306252,13461.8
2000/01/01@13:28:21,18623,3.2306252,13465.533333333333
2000/01/01@13:28:22,18624,3.2300628,13469.266666666666
2000/01/01@13:28:24,18626,3.2306252,13476.733333333334
2000/01/01@13:28:25,18627,3.2300628,13480.466666666667
2000/01/01@13:28:26,18628,3.2302502,13484.2
2000/01/01@13:28:27,18629,3.2300628,13487.933333333332
2000/01/01@13:28:28,18630,3.2300628,13491.666666666666
2000/01/01@13:28:29,18631,3.2304376,13495.4
2000/01/01@13:28:30,18632,3.2302502,13499.133333333333
2000/01/01@13:28:31,18633,3.2304376,13502.866666666667
2000/01/01@13:28:32,18634,3.2302502,13506.6
2000/01/01@13:28:33,18635,3.2308126,13510.333333333334
2000/01/01@13:28:34,18636,3.2304376,13514.066666666668
2000/01/01@13:28:36,18638,3.2300628,13521.533333333333
2000/01/01@13:28:37,18639,3.2308126,13525.266666666666
2000/01/01@13:28:38,18640,3.2308126,13529.0
2000/01/01@13:28:39,18641,3.2306252,13531.870967741936
2000/01/01@13:28:40,18642,3.2308126,13534.741935483871
2000/01/01@13:28:41,18643,3.2306252,13537.612903225807
2000/01/01@13:28:42,18644,3.2298754,13540.483870967742
2000/01/01@13:28:43,18645,3.2304376,13543.354838709678
2000/01/01@13:28:44,18646,3.2311878,13546.225806451614
2000/01/01@13:28:45,18647,3.2304376,13549.09677419355
2000/01/01@13:28:46,18648,3.2300628,13551.967741935483
2000/01/01@13:28:48,18650,3.2300628,13557.709677419354
2000/01/01@13:28:49,18651,3.2300628,13560.58064516129
2000/01/01@13:28:50,18652,3.2296876,13563.451612903225
2000/01/01@13:28:51,18653,3.2300628,13566.322580645161
2000/01/01@13:28:52,18654,3.2298754,13569.193548387097
2000/01/01@13:28:53,18655,3.2298754,13572.064516129032
2000/01/01@13:28:54,18656,3.2306252,13574.935483870968
2000/01/01@13:28:55,18657,3.2302502,13577.806451612903
2000/01/01@13:28:56,18658,3.2298754,13580.677419354839
2000/01/01@13:28:57,18659,3.2300628,13583.548387096775
2000/01/01@13:28:59,18661,3.2300628,13589.290322580646
2000/01/01@13:29:00,18662,3.2308126,13592.161290322581
2000/01/01@13:29:01,18663,3.2308126,13595.032258064517
2000/01/01@13:29:02,18664,3.2304376,13597.90322580645
2000/01/01@13:29:03,18665,3.2304376,13600.774193548386
2000/01/01@13:29:04,18666,3.2300628,13603.645161290322
2000/01/01@13:29:05,18667,3.2296876,13606.516129032258
2000/01/01@13:29:06,18668,3.2302502,13609.387096774193
2000/01/01@13:29:07,18669,3.2302502,13612.258064516129
2000/01/01@13:29:08,18670,3.2306252,13615.129032258064
2000/01/01@13:29:09,18671,3.2300628,13618.0
2000/01/01@13:29:11,18673,3.2302502,13623.612903225807
2000/01/01@13:29:12,18674,3.2298754,13626.41935483871
2000/01/01@13:29:13,18675,3.2300628,13629.225806451614
2000/01/01@13:29:14,18676,3.2306252,13632.032258064517
2000/01/01@13:29:15,18677,3.2298754,13634.838709677419
2000/01/01@13:29:16,18678,3.2306252,13637.645161290322
2000/01/01@13:29:17,18679,3.2298754,13640.451612903225
2000/01/01@13:29:18,18680,3.2302502,13643.258064516129
2000/01/01@13:29:19,18681,3.2302502,13646.064516129032
2000/01/01@13:29:20,18682,3.2308126,13648.870967741936
2000/01/01@13:29:21,18683,3.231,13651.677419354839
2000/01/01@13:29:23,18685,3.2302502,13657.290322580646
2000/01/01@13:29:24,18686,3.2308126,13660.09677419355
2000/01/01@13:29:25,18687,3.2298754,13662.90322580645
2000/01/01@13:29:26,18688,3.2304376,13665.709677419354
2000/01/01@13:29:27,18689,3.2298754,13668.516129032258
2000/01/01@13:29:28,18690,3.2306252,13671.322580645161
2000/01/01@13:29:29,18691,3.2304376,13674.129032258064
2000/01/01@13:29:30,18692,3.2306252,13676.935483870968
2000/01/01@13:29:31,18693,3.2298754,13679.741935483871
2000/01/01@13:29:32,18694,3.2306252,13682.548387096775
2000/01/01@13:29:33,18695,3.2306252,13685.354838709678
2000/01/01@13:29:35,18697,3.2306252,13690.967741935483
2000/01/01@13:29:36,18698,3.2308126,13693.774193548386
2000/01/01@13:29:37,18699,3.2298754,13696.58064516129
2000/01/01@13:29:38,18700,3.2296876,13699.387096774193
2000/01/01@13:29:39,18701,3.2300628,13702.193548387097
2000/01/01@13:29:40,18702,3.2308126,13705.0
2000/01/01@13:29:41,18703,3.2300628,13708.033333333333
2000/01/01@13:29:42,18704,3.2300628,13711.066666666668
2000/01/01@13:29:43,18705,3.2302502,13714.1
2000/01/01@13:29:44,18706,3.2300628,13717.133333333333
2000/01/01@13:29:45,18707,3.2296876,13720.166666666666
2000/01/01@13:29:47,18709,3.2298754,13726.233333333334
2000/01/01@13:29:48,18710,3.2298754,13729.266666666666
2000/01/01@13:29:49,18711,3.2306252,13732.3
2000/01/01@13:29:50,18712,3.2298754,13735.333333333334
2000/01/01@13:29:51,18713,3.2304376,13738.366666666667
2000/01/01@13:29:52,18714,3.2306252,13741.4
2000/01/01@13:29:53,18715,3.2298754,13744.433333333332
2000/01/01@13:29:54,18716,3.2298754,13747.466666666667
2000/01/01@13:29:55,18717,3.2302502,13750.5
2000/01/01@13:29:56,18718,3.2306252,13753.533333333333
2000/01/01@13:29:57,18719,3.2300628,13756.566666666668
2000/01/01@13:29:59,18721,3.2298754,13762.633333333333
2000/01/01@13:30:00,18722,3.2296876,13765.666666666666
2000/01/01@13:30:01,18723,3.2304376,13768.7
2000/01/01@13:30:02,18724,3.2296876,13771.733333333334
2000/01/01@13:30:03,18725,3.2306252,13774.766666666666
2000/01/01@13:30:04,18726,3.2300628,13777.8
2000/01/01@13:30:05,18727,3.2306252,13780.833333333334
2000/01/01@13:30:06,18728,3.2298754,13783.866666666667
2000/01/01@13:30:07,18729,3.2306252,13786.9
2000/01/01@13:30:08,18730,3.2298754,13789.933333333332
2000/01/01@13:30:09,18731,3.2300628,13792.966666666667
2000/01/01@13:30:11,18733,3.2306252,13798.806451612903
2000/01/01@13:30:12,18734,3.2300628,13801.612903225807
2000/01/01@13:30:13,18735,3.2296876,13804.41935483871
2000/01/01@13:30:14,18736,3.2296876,13807.225806451614
2000/01/01@13:30:15,18737,3.2298754,13810.032258064517
2000/01/01@13:30:16,18738,3.2298754,13812.838709677419
2000/01/01@13:30:17,18739,3.2302502,13815.645161290322
2000/01/01@13:30:18,18740,3.2304376,13818.451612903225
2000/01/01@13:30:19,18741,3.2298754,13821.258064516129
2000/01/01@13:30:20,18742,3.2304376,13824.064516129032
2000/01/01@13:30:21,18743,3.2302502,13826.870967741936
2000/01/01@13:30:23,18745,3.2306252,13832.483870967742
2000/01/01@13:30:24,18746,3.2298754,13835.290322580646
2000/01/01@13:30:25,18747,3.2302502,13838.09677419355
2000/01/01@13:30:26,18748,3.2296876,13840.90322580645
2000/01/01@13:30:27,18749,3.2304376,13843.709677419354
2000/01/01@13:30:28,18750,3.2306252,13846.516129032258
2000/01/01@13:30:29,18751,3.2296876,13849.322580645161
2000/01/01@13:30:30,18752,3.2300628,13852.129032258064
2000/01/01@13:30:31,18753,3.2302502,13854.935483870968
2000/01/01@13:30:32,18754,3.2302502,13857.741935483871
2000/01/01@13:30:34,18755,3.2304376,13863.354838709678
2000/01/01@13:30:35,18757,3.2300628,13866.161290322581
2000/01/01@13:30:36,18758,3.2304376,13868.967741935483
2000/01/01@13:30:37,18759,3.2300628,13871.774193548386
2000/01/01@13:30:38,18760,3.2300628,13874.58064516129
2000/01/01@13:30:39,18761,3.2308126,13877.387096774193
2000/01/01@13:30:40,18762,3.2306252,13880.193548387097
2000/01/01@13:30:41,18763,3.2304376,13883.0
2000/01/01@13:30:42,18764,3.2296876,13885.866666666667
2000/01/01@13:30:43,18765,3.2304376,13888.733333333334
2000/01/01@13:30:44,18766,3.2296876,13891.6
2000/01/01@13:30:46,18768,3.2298754,13897.333333333334
2000/01/01@13:30:47,18769,3.2304376,13900.2
2000/01/01@13:30:48,18770,3.2298754,13903.066666666668
2000/01/01@13:30:49,18771,3.2298754,13905.933333333332
2000/01/01@13:30:50,18772,3.2306252,13908.8
2000/01/01@13:30:51,18773,3.2296876,13911.666666666666
2000/01/01@13:30:52,18774,3.2296876,13914.533333333333
2000/01/01@13:30:53,18775,3.2295004,13917.4
2000/01/01@13:30:54,18776,3.2298754,13920.266666666666
2000/01/01@13:30:55,18777,3.2296876,13923.133333333333
2000/01/01@13:30:56,18778,3.2308126,13926.0
2000/01/01@13:30:58,18780,3.2296876,13931.733333333334
2000/01/01@13:30:59,18781,3.2295004,13934.6
2000/01/01@13:31:00,18782,3.2300628,13937.466666666667
2000/01/01@13:31:01,18783,3.2300628,13940.333333333334
2000/01/01@13:31:02,18784,3.2298754,13943.2
2000/01/01@13:31:03,18785,3.2296876,13946.066666666668
2000/01/01@13:31:04,18786,3.2304376,13948.933333333332
2000/01/01@13:31:05,18787,3.2296876,13951.8
2000/01/01@13:31:06,18788,3.2295004,13954.666666666666
2000/01/01@13:31:07,18789,3.2302502,13957.533333333333
2000/01/01@13:31:08,18790,3.2300628,13960.4
2000/01/01@13:31:10,18792,3.2296876,13966.133333333333
2000/01/01@13:31:11,18793,3.2302502,13969.0
2000/01/01@13:31:12,18794,3.2298754,13971.709677419354
2000/01/01@13:31:13,18795,3.2298754,13974.41935483871
2000/01/01@13:31:14,18796,3.2304376,13977.129032258064
2000/01/01@13:31:15,18797,3.2300628,13979.838709677419
2000/01/01@13:31:16,18798,3.2298754,13982.548387096775
2000/01/01@13:31:17,18799,3.2304376,13985.258064516129
2000/01/01@13:31:18,18800,3.2298754,13987.967741935483
2000/01/01@13:31:19,18801,3.2296876,13990.677419354839
2000/01/01@13:31:20,18802,3.2298754,13993.387096774193
2000/01/01@13:31:22,18804,3.2304376,13998.806451612903
2000/01/01@13:31:23,18805,3.2306252,14001.516129032258
2000/01/01@13:31:24,18806,3.2298754,14004.225806451614
2000/01/01@13:31:25,18807,3.2298754,14006.935483870968
2000/01/01@13:31:26,18808,3.2296876,14009.645161290322
2000/01/01@13:31:27,18809,3.2296876,14012.354838709678
2000/01/01@13:31:28,18810,3.2300628,14015.064516129032
2000/01/01@13:31:29,18811,3.2296876,14017.774193548386
2000/01/01@13:31:30,18812,3.2296876,14020.483870967742
2000/01/01@13:31:31,18813,3.2300628,14023.193548387097
2000/01/01@13:31:32,18814,3.2304376,14025.90322580645
2000/01/01@13:31:34,18816,3.2298754,14031.322580645161
2000/01/01@13:31:35,18817,3.2300628,14034.032258064517
2000/01/01@13:31:36,18818,3.2295004,14036.741935483871
2000/01/01@13:31:37,18819,3.2304376,14039.451612903225
2000/01/01@13:31:38,18820,3.2302502,14042.161290322581
2000/01/01@13:31:39,18821,3.2304376,14044.870967741936
2000/01/01@13:31:40,18822,3.2298754,14047.58064516129
2000/01/01@13:31:41,18823,3.2296876,14050.290322580646
2000/01/01@13:31:42,18824,3.2304376,14053.0
2000/01/01@13:31:43,18825,3.2302502,14055.766666666666
2000/01/01@13:31:44,18826,3.2298754,14058.533333333333
2000/01/01@13:31:46,18828,3.2304376,14064.066666666668
2000/01/01@13:31:47,18829,3.2298754,14066.833333333334
2000/01/01@13:31:48,18830,3.2304376,14069.6
2000/01/01@13:31:49,18831,3.2296876,14072.366666666667
2000/01/01@13:31:50,18832,3.2298754,14075.133333333333
2000/01/01@13:31:51,18833,3.2304376,14077.9
2000/01/01@13:31:52,18834,3.2300628,14080.666666666666
2000/01/01@13:31:53,18835,3.2298754,14083.433333333332
2000/01/01@13:31:54,18836,3.2298754,14086.2
2000/01/01@13:31:55,18837,3.2298754,14088.966666666667
2000/01/01@13:31:56,18838,3.2298754,14091.733333333334
2000/01/01@13:31:58,18840,3.2296876,14097.266666666666
2000/01/01@13:31:59,18841,3.2298754,14100.033333333333
2000/01/01@13:32:00,18842,3.2296876,14102.8
2000/01/01@13:32:01,18843,3.2306252,14105.566666666668
2000/01/01@13:32:02,18844,3.2304376,14108.333333333334
2000/01/01@13:32:03,18845,3.2296876,14111.1
2000/01/01@13:32:04,18846,3.2302502,14113.866666666667
2000/01/01@13:32:05,18847,3.2296876,14116.633333333333
2000/01/01@13:32:06,18848,3.2296876,14119.4
2000/01/01@13:32:07,18849,3.2302502,14122.166666666666
2000/01/01@13:32:08,18850,3.2302502,14124.933333333332
2000/01/01@13:32:10,18852,3.2298754,14130.466666666667
2000/01/01@13:32:11,18853,3.2298754,14133.233333333334
2000/01/01@13:32:12,18854,3.2304376,14136.0
2000/01/01@13:32:13,18855,3.2298754,14138.516129032258
2000/01/01@13:32:14,18856,3.2302502,14141.032258064517
2000/01/01@13:32:15,18857,3.2298754,14143.548387096775
2000/01/01@13:32:16,18858,3.2296876,14146.064516129032
2000/01/01@13:32:17,18859,3.2304376,14148.58064516129
2000/01/01@13:32:18,18860,3.2298754,14151.09677419355
2000/01/01@13:32:19,18861,3.2298754,14153.612903225807
2000/01/01@13:32:20,18862,3.2296876,14156.129032258064
2000/01/01@13:32:22,18864,3.2296876,14161.161290322581
2000/01/01@13:32:23,18865,3.2295004,14163.677419354839
2000/01/01@13:32:24,18866,3.2295004,14166.193548387097
2000/01/01@13:32:25,18867,3.2296876,14168.709677419354
2000/01/01@13:32:26,18868,3.2295004,14171.225806451614
2000/01/01@13:32:27,18869,3.2296876,14173.741935483871
2000/01/01@13:32:28,18870,3.2302502,14176.258064516129
2000/01/01@13:32:29,18871,3.2298754,14178.774193548386
2000/01/01@13:32:30,18872,3.2295004,14181.290322580646
2000/01/01@13:32:31,18873,3.2296876,14183.806451612903
2000/01/01@13:32:33,18875,3.2295004,14188.838709677419
2000/01/01@13:32:34,18876,3.2298754,14191.354838709678
2000/01/01@13:32:35,18877,3.2295004,14193.870967741936
2000/01/01@13:32:36,18878,3.2298754,14196.387096774193
2000/01/01@13:32:37,18879,3.2295004,14198.90322580645
2000/01/01@13:32:38,18880,3.2295004,14201.41935483871
2000/01/01@13:32:39,18881,3.2298754,14203.935483870968
2000/01/01@13:32:40,18882,3.229313,14206.451612903225
2000/01/01@13:32:41,18883,3.2295004,14208.967741935483
2000/01/01@13:32:42,18884,3.2306252,14211.483870967742
2000/01/01@13:32:43,18885,3.2300628,14214.0
2000/01/01@13:32:45,18887,3.2298754,14219.161290322581
2000/01/01@13:32:46,18888,3.2298754,14221.741935483871
2000/01/01@13:32:47,18889,3.2298754,14224.322580645161
2000/01/01@13:32:48,18890,3.2295004,14226.90322580645
2000/01/01@13:32:49,18891,3.2300628,14229.483870967742
2000/01/01@13:32:50,18892,3.2300628,14232.064516129032
2000/01/01@13:32:51,18893,3.2295004,14234.645161290322
2000/01/01@13:32:52,18894,3.2295004,14237.225806451614
2000/01/01@13:32:53,18895,3.2298754,14239.806451612903
2000/01/01@13:32:54,18896,3.2295004,14242.387096774193
2000/01/01@13:32:55,18897,3.2295004,14244.967741935483
2000/01/01@13:32:57,18899,3.2302502,14250.129032258064
2000/01/01@13:32:58,18900,3.2300628,14252.709677419354
2000/01/01@13:32:59,18901,3.2302502,14255.290322580646
2000/01/01@13:33:00,18902,3.2302502,14257.870967741936
2000/01/01@13:33:01,18903,3.2300628,14260.451612903225
2000/01/01@13:33:02,18904,3.2298754,14263.032258064517
2000/01/01@13:33:03,18905,3.2295004,14265.612903225807
2000/01/01@13:33:04,18906,3.2302502,14268.193548387097
2000/01/01@13:33:05,18907,3.2300628,14270.774193548386
2000/01/01@13:33:06,18908,3.2304376,14273.354838709678
2000/01/01@13:33:07,18909,3.2295004,14275.935483870968
2000/01/01@13:33:09,18911,3.2295004,14281.09677419355
2000/01/01@13:33:10,18912,3.2296876,14283.677419354839
2000/01/01@13:33:11,18913,3.2300628,14286.258064516129
2000/01/01@13:33:12,18914,3.2302502,14288.838709677419
2000/01/01@13:33:13,18915,3.2298754,14291.41935483871
2000/01/01@13:33:14,18916,3.2304376,14294.0
2000/01/01@13:33:15,18917,3.2304376,14296.8
2000/01/01@13:33:16,18918,3.2296876,14299.6
2000/01/01@13:33:17,18919,3.2296876,14302.4
2000/01/01@13:33:18,18920,3.2295004,14305.2
2000/01/01@13:33:19,18921,3.2295004,14308.0
2000/01/01@13:33:21,18923,3.2302502,14313.6
2000/01/01@13:33:22,18924,3.2295004,14316.4
2000/01/01@13:33:23,18925,3.2304376,14319.2
2000/01/01@13:33:24,18926,3.2304376,14322.0
2000/01/01@13:33:25,18927,3.2298754,14324.8
2000/01/01@13:33:26,18928,3.2304376,14327.6
2000/01/01@13:33:27,18929,3.2296876,14330.4
2000/01/01@13:33:28,18930,3.2296876,14333.2
2000/01/01@13:33:29,18931,3.2296876,14336.0
2000/01/01@13:33:30,18932,3.2298754,14338.8
2000/01/01@13:33:31,18933,3.2295004,14341.6
2000/01/01@13:33:33,18935,3.2302502,14347.2
2000/01/01@13:33:34,18936,3.2296876,14350.0
2000/01/01@13:33:35,18937,3.229313,14352.8
2000/01/01@13:33:36,18938,3.2296876,14355.6
2000/01/01@13:33:37,18939,3.2298754,14358.4
2000/01/01@13:33:38,18940,3.2298754,14361.2
2000/01/01@13:33:39,18941,3.2298754,14364.0
2000/01/01@13:33:40,18942,3.2295004,14366.8
2000/01/01@13:33:41,18943,3.2296876,14369.6
2000/01/01@13:33:42,18944,3.2295004,14372.4
2000/01/01@13:33:43,18945,3.2300628,14375.2
2000/01/01@13:33:45,18947,3.2296876,14380.806451612903
2000/01/01@13:33:46,18948,3.2296876,14383.612903225807
2000/01/01@13:33:47,18949,3.2295004,14386.41935483871
2000/01/01@13:33:48,18950,3.229313,14389.225806451614
2000/01/01@13:33:49,18951,3.2298754,14392.032258064517
2000/01/01@13:33:50,18952,3.2304376,14394.838709677419
2000/01/01@13:33:51,18953,3.2295004,14397.645161290322
2000/01/01@13:33:52,18954,3.2295004,14400.451612903225
2000/01/01@13:33:53,18955,3.2295004,14403.258064516129
2000/01/01@13:33:54,18956,3.2300628,14406.064516129032
2000/01/01@13:33:55,18957,3.2298754,14408.870967741936
2000/01/01@13:33:57,18959,3.2295004,14414.483870967742
2000/01/01@13:33:58,18960,3.2302502,14417.290322580646
2000/01/01@13:33:59,18961,3.2300628,14420.09677419355
2000/01/01@13:34:00,18962,3.2298754,14422.90322580645
2000/01/01@13:34:01,18963,3.2300628,14425.709677419354
2000/01/01@13:34:02,18964,3.2296876,14428.516129032258
2000/01/01@13:34:03,18965,3.2296876,14431.322580645161
2000/01/01@13:34:04,18966,3.2295004,14434.129032258064
2000/01/01@13:34:05,18967,3.2300628,14436.935483870968
2000/01/01@13:34:06,18968,3.2296876,14439.741935483871
2000/01/01@13:34:07,18969,3.2295004,14442.548387096775
2000/01/01@13:34:09,18971,3.2295004,14448.161290322581
2000/01/01@13:34:10,18972,3.2296876,14450.967741935483
2000/01/01@13:34:11,18973,3.2302502,14453.774193548386
2000/01/01@13:34:12,18974,3.2295004,14456.58064516129
2000/01/01@13:34:13,18975,3.2304376,14459.387096774193
2000/01/01@13:34:14,18976,3.2300628,14462.193548387097
2000/01/01@13:34:15,18977,3.2298754,14465.0
2000/01/01@13:34:16,18978,3.2306252,14468.233333333334
2000/01/01@13:34:17,18979,3.2298754,14471.466666666667
2000/01/01@13:34:18,18980,3.2295004,14474.7
2000/01/01@13:34:19,18981,3.2304376,14477.933333333332
2000/01/01@13:34:21,18983,3.2295004,14484.4
2000/01/01@13:34:22,18984,3.2295004,14487.633333333333
2000/01/01@13:34:23,18985,3.229313,14490.866666666667
2000/01/01@13:34:24,18986,3.2302502,14494.1
2000/01/01@13:34:25,18987,3.2296876,14497.333333333334
2000/01/01@13:34:26,18988,3.2300628,14500.566666666668
2000/01/01@13:34:27,18989,3.2295004,14503.8
2000/01/01@13:34:28,18990,3.2302502,14507.033333333333
2000/01/01@13:34:29,18991,3.2302502,14510.266666666666
2000/01/01@13:34:30,18992,3.2296876,14513.5
2000/01/01@13:34:31,18993,3.2296876,14516.733333333334
2000/01/01@13:34:33,18995,3.2296876,14523.2
2000/01/01@13:34:34,18996,3.2296876,14526.433333333332
2000/01/01@13:34:35,18997,3.2295004,14529.666666666666
2000/01/01@13:34:36,18998,3.2295004,14532.9
2000/01/01@13:34:37,18999,3.2295004,14536.133333333333
2000/01/01@13:34:38,19000,3.2295004,14539.366666666667
2000/01/01@13:34:39,19001,3.2300628,14542.6
2000/01/01@13:34:40,19002,3.2296876,14545.833333333334
2000/01/01@13:34:41,19003,3.2302502,14549.066666666668
2000/01/01@13:34:42,19004,3.2295004,14552.3
2000/01/01@13:34:43,19005,3.2298754,14555.533333333333
2000/01/01@13:34:45,19007,3.2295004,14562.0
2000/01/01@13:34:46,19008,3.2302502,14564.967741935483
2000/01/01@13:34:47,19009,3.2296876,14567.935483870968
2000/01/01@13:34:48,19010,3.2304376,14570.90322580645
2000/01/01@13:34:49,19011,3.2296876,14573.870967741936
2000/01/01@13:34:50,19012,3.2304376,14576.838709677419
2000/01/01@13:34:51,19013,3.2295004,14579.806451612903
2000/01/01@13:34:52,19014,3.2298754,14582.774193548386
2000/01/01@13:34:53,19015,3.2296876,14585.741935483871
2000/01/01@13:34:54,19016,3.2298754,14588.709677419354
2000/01/01@13:34:55,19017,3.2304376,14591.677419354839
2000/01/01@13:34:57,19019,3.2295004,14597.612903225807
2000/01/01@13:34:58,19020,3.2295004,14600.58064516129
2000/01/01@13:34:59,19021,3.2302502,14603.548387096775
2000/01/01@13:35:00,19022,3.2298754,14606.516129032258
2000/01/01@13:35:01,19023,3.2302502,14609.483870967742
2000/01/01@13:35:02,19024,3.2295004,14612.451612903225
2000/01/01@13:35:03,19025,3.2295004,14615.41935483871
2000/01/01@13:35:04,19026,3.2302502,14618.387096774193
2000/01/01@13:35:05,19027,3.2298754,14621.354838709678
2000/01/01@13:35:06,19028,3.2300628,14624.322580645161
2000/01/01@13:35:08,19030,3.2295004,14630.258064516129
2000/01/01@13:35:09,19031,3.2295004,14633.225806451614
2000/01/01@13:35:10,19032,3.2296876,14636.193548387097
2000/01/01@13:35:11,19033,3.2295004,14639.161290322581
2000/01/01@13:35:12,19034,3.2298754,14642.129032258064
2000/01/01@13:35:13,19035,3.2295004,14645.09677419355
2000/01/01@13:35:14,19036,3.2296876,14648.064516129032
2000/01/01@13:35:15,19037,3.2304376,14651.032258064517
2000/01/01@13:35:16,19038,3.2296876,14654.0
2000/01/01@13:35:17,19039,3.2298754,14657.066666666668
2000/01/01@13:35:18,19040,3.2295004,14660.133333333333
2000/01/01@13:35:20,19042,3.2296876,14666.266666666666
2000/01/01@13:35:21,19043,3.2302502,14669.333333333334
2000/01/01@13:35:22,19044,3.2295004,14672.4
2000/01/01@13:35:23,19045,3.2300628,14675.466666666667
2000/01/01@13:35:24,19046,3.2295004,14678.533333333333
2000/01/01@13:35:25,19047,3.2302502,14681.6
2000/01/01@13:35:26,19048,3.2296876,14684.666666666666
2000/01/01@13:35:27,19049,3.2304376,14687.733333333334
2000/01/01@13:35:28,19050,3.2300628,14690.8
2000/01/01@13:35:29,19051,3.2295004,14693.866666666667
2000/01/01@13:35:30,19052,3.2296876,14696.933333333332
2000/01/01@13:35:32,19054,3.2302502,14703.066666666668
2000/01/01@13:35:33,19055,3.2300628,14706.133333333333
2000/01/01@13:35:34,19056,3.2298754,14709.2
2000/01/01@13:35:35,19057,3.229313,14712.266666666666
2000/01/01@13:35:36,19058,3.2295004,14715.333333333334
2000/01/01@13:35:37,19059,3.2295004,14718.4
2000/01/01@13:35:38,19060,3.2296876,14721.466666666667
2000/01/01@13:35:39,19061,3.2302502,14724.533333333333
2000/01/01@13:35:40,19062,3.2300628,14727.6
2000/01/01@13:35:41,19063,3.229313,14730.666666666666
2000/01/01@13:35:42,19064,3.2296876,14733.733333333334
2000/01/01@13:35:44,19066,3.2295004,14739.866666666667
2000/01/01@13:35:45,19067,3.2295004,14742.933333333332
2000/01/01@13:35:46,19068,3.2302502,14746.0
2000/01/01@13:35:47,19069,3.2306252,14749.064516129032
2000/01/01@13:35:48,19070,3.2296876,14752.129032258064
2000/01/01@13:35:49,19071,3.2300628,14755.193548387097
2000/01/01@13:35:50,19072,3.2295004,14758.258064516129
2000/01/01@13:35:51,19073,3.2302502,14761.322580645161
2000/01/01@13:35:52,19074,3.2298754,14764.387096774193
2000/01/01@13:35:53,19075,3.2302502,14767.451612903225
2000/01/01@13:35:54,19076,3.2295004,14770.516129032258
2000/01/01@13:35:56,19078,3.2295004,14776.645161290322
2000/01/01@13:35:57,19079,3.2296876,14779.709677419354
2000/01/01@13:35:58,19080,3.2298754,14782.774193548386
2000/01/01@13:35:59,19081,3.2295004,14785.838709677419
2000/01/01@13:36:00,19082,3.229313,14788.90322580645
2000/01/01@13:36:01,19083,3.2300628,14791.967741935483
2000/01/01@13:36:02,19084,3.2296876,14795.032258064517
2000/01/01@13:36:03,19085,3.2300628,14798.09677419355
2000/01/01@13:36:04,19086,3.2295004,14801.161290322581
2000/01/01@13:36:05,19087,3.2298754,14804.225806451614
2000/01/01@13:36:06,19088,3.2300628,14807.290322580646
2000/01/01@13:36:08,19090,3.2295004,14813.41935483871
2000/01/01@13:36:09,19091,3.2295004,14816.483870967742
2000/01/01@13:36:10,19092,3.229313,14819.548387096775
2000/01/01@13:36:11,19093,3.2300628,14822.612903225807
2000/01/01@13:36:12,19094,3.229313,14825.677419354839
2000/01/01@13:36:13,19095,3.2296876,14828.741935483871
2000/01/01@13:36:14,19096,3.2295004,14831.806451612903
2000/01/01@13:36:15,19097,3.2295004,14834.870967741936
2000/01/01@13:36:16,19098,3.2304376,14837.935483870968
2000/01/01@13:36:17,19099,3.2295004,14841.0
2000/01/01@13:36:19,19100,3.2295004,14847.2
2000/01/01@13:36:20,19102,3.229313,14850.3
2000/01/01@13:36:21,19103,3.229313,14853.4
2000/01/01@13:36:22,19104,3.229125,14856.5
2000/01/01@13:36:23,19105,3.2300628,14859.6
2000/01/01@13:36:24,19106,3.229313,14862.7
2000/01/01@13:36:25,19107,3.2298754,14865.8
2000/01/01@13:36:26,19108,3.2295004,14868.9
2000/01/01@13:36:27,19109,3.2295004,14872.0
2000/01/01@13:36:28,19110,3.2295004,14875.1
2000/01/01@13:36:29,19111,3.2296876,14878.2
2000/01/01@13:36:30,19112,3.2295004,14881.3
2000/01/01@13:36:32,19114,3.2296876,14887.5
2000/01/01@13:36:33,19115,3.2298754,14890.6
2000/01/01@13:36:34,19116,3.2302502,14893.7
2000/01/01@13:36:35,19117,3.2295004,14896.8
2000/01/01@13:36:36,19118,3.2298754,14899.9
2000/01/01@13:36:37,19119,3.2298754,14903.0
2000/01/01@13:36:38,19120,3.2302502,14906.1
2000/01/01@13:36:39,19121,3.2295004,14909.2
2000/01/01@13:36:40,19122,3.2302502,14912.3
2000/01/01@13:36:41,19123,3.2296876,14915.4
2000/01/01@13:36:43,19125,3.2295004,14921.6
2000/01/01@13:36:44,19126,3.2300628,14924.7
2000/01/01@13:36:45,19127,3.2302502,14927.8
2000/01/01@13:36:46,19128,3.2298754,14930.9
2000/01/01@13:36:47,19129,3.2295004,14934.0
2000/01/01@13:36:48,19130,3.2295004,14936.935483870968
2000/01/01@13:36:49,19131,3.2300628,14939.870967741936
2000/01/01@13:36:50,19132,3.2296876,14942.806451612903
2000/01/01@13:36:51,19133,3.2304376,14945.741935483871
2000/01/01@13:36:52,19134,3.2300628,14948.677419354839
2000/01/01@13:36:53,19135,3.2295004,14951.612903225807
2000/01/01@13:36:55,19137,3.229313,14957.483870967742
2000/01/01@13:36:56,19138,3.2296876,14960.41935483871
2000/01/01@13:36:57,19139,3.2296876,14963.354838709678
2000/01/01@13:36:58,19140,3.229125,14966.290322580646
2000/01/01@13:36:59,19141,3.2295004,14969.225806451614
2000/01/01@13:37:00,19142,3.2298754,14972.161290322581
2000/01/01@13:37:01,19143,3.2296876,14975.09677419355
2000/01/01@13:37:02,19144,3.229313,14978.032258064517
2000/01/01@13:37:03,19145,3.229313,14980.967741935483
2000/01/01@13:37:04,19146,3.2296876,14983.90322580645
2000/01/01@13:37:05,19147,3.2295004,14986.838709677419
2000/01/01@13:37:07,19149,3.2298754,14992.709677419354
2000/01/01@13:37:08,19150,3.2296876,14995.645161290322
2000/01/01@13:37:09,19151,3.229125,14998.58064516129
2000/01/01@13:37:10,19152,3.229313,15001.516129032258
2000/01/01@13:37:11,19153,3.2300628,15004.451612903225
2000/01/01@13:37:12,19154,3.2298754,15007.387096774193
2000/01/01@13:37:13,19155,3.2296876,15010.322580645161
2000/01/01@13:37:14,19156,3.229313,15013.258064516129
2000/01/01@13:37:15,19157,3.229313,15016.193548387097
2000/01/01@13:37:16,19158,3.2296876,15019.129032258064
2000/01/01@13:37:17,19159,3.2296876,15022.064516129032
2000/01/01@13:37:19,19161,3.2295004,15027.78125
2000/01/01@13:37:20,19162,3.229313,15030.5625
2000/01/01@13:37:21,19163,3.2298754,15033.34375
2000/01/01@13:37:22,19164,3.2302502,15036.125
2000/01/01@13:37:23,19165,3.2298754,15038.90625
2000/01/01@13:37:24,19166,3.2296876,15041.6875
2000/01/01@13:37:25,19167,3.2300628,15044.46875
2000/01/01@13:37:26,19168,3.2295004,15047.25
2000/01/01@13:37:27,19169,3.229125,15050.03125
2000/01/01@13:37:28,19170,3.2295004,15052.8125
2000/01/01@13:37:29,19171,3.2300628,15055.59375
2000/01/01@13:37:31,19173,3.229313,15061.15625
2000/01/01@13:37:32,19174,3.2296876,15063.9375
2000/01/01@13:37:33,19175,3.229313,15066.71875
2000/01/01@13:37:34,19176,3.2295004,15069.5
2000/01/01@13:37:35,19177,3.2302502,15072.28125
2000/01/01@13:37:36,19178,3.2295004,15075.0625
2000/01/01@13:37:37,19179,3.229125,15077.84375
2000/01/01@13:37:38,19180,3.2295004,15080.625
2000/01/01@13:37:39,19181,3.2296876,15083.40625
2000/01/01@13:37:40,19182,3.229313,15086.1875
2000/01/01@13:37:41,19183,3.2300628,15088.96875
2000/01/01@13:37:43,19185,3.2296876,15094.53125
2000/01/01@13:37:44,19186,3.2295004,15097.3125
2000/01/01@13:37:45,19187,3.2295004,15100.09375
2000/01/01@13:37:46,19188,3.229125,15102.875
2000/01/01@13:37:47,19189,3.2300628,15105.65625
2000/01/01@13:37:48,19190,3.2295004,15108.4375
2000/01/01@13:37:49,19191,3.2300628,15111.21875
2000/01/01@13:37:50,19192,3.229313,15114.0
2000/01/01@13:37:51,19193,3.229313,15117.066666666668
2000/01/01@13:37:52,19194,3.2298754,15120.133333333333
2000/01/01@13:37:53,19195,3.2296876,15123.2
2000/01/01@13:37:55,19197,3.2295004,15129.333333333334
2000/01/01@13:37:56,19198,3.2300628,15132.4
2000/01/01@13:37:57,19199,3.2302502,15135.466666666667
2000/01/01@13:37:58,19200,3.229313,15138.533333333333
2000/01/01@13:37:59,19201,3.2298754,15141.6
2000/01/01@13:38:00,19202,3.2296876,15144.666666666666
2000/01/01@13:38:01,19203,3.2296876,15147.733333333334
2000/01/01@13:38:02,19204,3.2298754,15150.8
2000/01/01@13:38:03,19205,3.2296876,15153.866666666667
2000/01/01@13:38:04,19206,3.2295004,15156.933333333332
2000/01/01@13:38:05,19207,3.229313,15160.0
2000/01/01@13:38:07,19209,3.2298754,15166.133333333333
2000/01/01@13:38:08,19210,3.2300628,15169.2
2000/01/01@13:38:09,19211,3.229313,15172.266666666666
2000/01/01@13:38:10,19212,3.229313,15175.333333333334
2000/01/01@13:38:11,19213,3.229313,15178.4
2000/01/01@13:38:12,19214,3.2300628,15181.466666666667
2000/01/01@13:38:13,19215,3.2296876,15184.533333333333
2000/01/01@13:38:14,19216,3.229313,15187.6
2000/01/01@13:38:15,19217,3.2295004,15190.666666666666
2000/01/01@13:38:16,19218,3.229313,15193.733333333334
2000/01/01@13:38:17,19219,3.2298754,15196.8
2000/01/01@13:38:19,19221,3.2302502,15202.933333333332
2000/01/01@13:38:20,19222,3.2300628,15206.0
2000/01/01@13:38:21,19223,3.229125,15208.612903225807
2000/01/01@13:38:22,19224,3.229125,15211.225806451614
2000/01/01@13:38:23,19225,3.229125,15213.838709677419
2000/01/01@13:38:24,19226,3.2296876,15216.451612903225
2000/01/01@13:38:25,19227,3.2296876,15219.064516129032
2000/01/01@13:38:26,19228,3.229125,15221.677419354839
2000/01/01@13:38:27,19229,3.229313,15224.290322580646
2000/01/01@13:38:28,19230,3.229313,15226.90322580645
2000/01/01@13:38:29,19231,3.2300628,15229.516129032258
2000/01/01@13:38:31,19233,3.229125,15234.741935483871
2000/01/01@13:38:32,19234,3.2295004,15237.354838709678
2000/01/01@13:38:33,19235,3.229125,15239.967741935483
2000/01/01@13:38:34,19236,3.2295004,15242.58064516129
2000/01/01@13:38:35,19237,3.2295004,15245.193548387097
2000/01/01@13:38:36,19238,3.229125,15247.806451612903
2000/01/01@13:38:37,19239,3.229125,15250.41935483871
2000/01/01@13:38:38,19240,3.2296876,15253.032258064517
2000/01/01@13:38:39,19241,3.2298754,15255.645161290322
2000/01/01@13:38:40,19242,3.229125,15258.258064516129
2000/01/01@13:38:41,19243,3.2298754,15260.870967741936
2000/01/01@13:38:43,19245,3.229313,15266.09677419355
2000/01/01@13:38:44,19246,3.2300628,15268.709677419354
2000/01/01@13:38:45,19247,3.2298754,15271.322580645161
2000/01/01@13:38:46,19248,3.229313,15273.935483870968
2000/01/01@13:38:47,19249,3.229125,15276.548387096775
2000/01/01@13:38:48,19250,3.229125,15279.161290322581
2000/01/01@13:38:49,19251,3.2300628,15281.774193548386
2000/01/01@13:38:50,19252,3.229313,15284.387096774193
2000/01/01@13:38:51,19253,3.229313,15287.0
2000/01/01@13:38:52,19254,3.2295004,15290.033333333333
2000/01/01@13:38:53,19255,3.229125,15293.066666666668
2000/01/01@13:38:55,19257,3.2295004,15299.133333333333
2000/01/01@13:38:56,19258,3.229125,15302.166666666666
2000/01/01@13:38:57,19259,3.229313,15305.2
2000/01/01@13:38:58,19260,3.2296876,15308.233333333334
2000/01/01@13:38:59,19261,3.2295004,15311.266666666666
2000/01/01@13:39:00,19262,3.2296876,15314.3
2000/01/01@13:39:01,19263,3.2302502,15317.333333333334
2000/01/01@13:39:02,19264,3.2300628,15320.366666666667
2000/01/01@13:39:03,19265,3.2296876,15323.4
2000/01/01@13:39:04,19266,3.2298754,15326.433333333332
2000/01/01@13:39:05,19267,3.229125,15329.466666666667
2000/01/01@13:39:07,19269,3.2300628,15335.533333333333
2000/01/01@13:39:08,19270,3.2298754,15338.566666666668
2000/01/01@13:39:09,19271,3.229125,15341.6
2000/01/01@13:39:10,19272,3.229313,15344.633333333333
2000/01/01@13:39:11,19273,3.229125,15347.666666666666
2000/01/01@13:39:12,19274,3.229313,15350.7
2000/01/01@13:39:13,19275,3.2296876,15353.733333333334
2000/01/01@13:39:14,19276,3.229125,15356.766666666666
2000/01/01@13:39:15,19277,3.229313,15359.8
2000/01/01@13:39:16,19278,3.2296876,15362.833333333334
2000/01/01@13:39:17,19279,3.229125,15365.866666666667
2000/01/01@13:39:19,19281,3.229313,15371.933333333332
2000/01/01@13:39:20,19282,3.229125,15374.966666666667
2000/01/01@13:39:21,19283,3.2300628,15378.0
2000/01/01@13:39:22,19284,3.2298754,15380.677419354839
2000/01/01@13:39:23,19285,3.2300628,15383.354838709678
2000/01/01@13:39:24,19286,3.229313,15386.032258064517
2000/01/01@13:39:25,19287,3.2300628,15388.709677419354
2000/01/01@13:39:26,19288,3.2295004,15391.387096774193
2000/01/01@13:39:27,19289,3.229313,15394.064516129032
2000/01/01@13:39:28,19290,3.229313,15396.741935483871
2000/01/01@13:39:29,19291,3.2295004,15399.41935483871
2000/01/01@13:39:31,19293,3.229125,15404.774193548386
2000/01/01@13:39:32,19294,3.2295004,15407.451612903225
2000/01/01@13:39:33,19295,3.2300628,15410.129032258064
2000/01/01@13:39:34,19296,3.229313,15412.806451612903
2000/01/01@13:39:35,19297,3.229313,15415.483870967742
2000/01/01@13:39:36,19298,3.2298754,15418.161290322581
2000/01/01@13:39:37,19299,3.2296876,15420.838709677419
2000/01/01@13:39:38,19300,3.229313,15423.516129032258
2000/01/01@13:39:39,19301,3.2296876,15426.193548387097
2000/01/01@13:39:40,19302,3.2295004,15428.870967741936
2000/01/01@13:39:41,19303,3.2302502,15431.548387096775
2000/01/01@13:39:43,19305,3.2295004,15436.90322580645
2000/01/01@13:39:44,19306,3.2296876,15439.58064516129
2000/01/01@13:39:45,19307,3.2295004,15442.258064516129
2000/01/01@13:39:46,19308,3.2298754,15444.935483870968
2000/01/01@13:39:47,19309,3.2295004,15447.612903225807
2000/01/01@13:39:48,19310,3.229313,15450.290322580646
2000/01/01@13:39:49,19311,3.229313,15452.967741935483
2000/01/01@13:39:50,19312,3.229125,15455.645161290322
2000/01/01@13:39:51,19313,3.229125,15458.322580645161
2000/01/01@13:39:52,19314,3.229313,15461.0
2000/01/01@13:39:53,19315,3.229313,15463.566666666668
2000/01/01@13:39:55,19317,3.2300628,15468.7
2000/01/01@13:39:56,19318,3.2300628,15471.266666666666
2000/01/01@13:39:57,19319,3.2298754,15473.833333333334
2000/01/01@13:39:58,19320,3.2298754,15476.4
2000/01/01@13:39:59,19321,3.2296876,15478.966666666667
2000/01/01@13:40:00,19322,3.229125,15481.533333333333
2000/01/01@13:40:01,19323,3.2302502,15484.1
2000/01/01@13:40:02,19324,3.2296876,15486.666666666666
2000/01/01@13:40:03,19325,3.229313,15489.233333333334
2000/01/01@13:40:04,19326,3.2296876,15491.8
2000/01/01@13:40:05,19327,3.2295004,15494.366666666667
2000/01/01@13:40:07,19329,3.229313,15499.5
2000/01/01@13:40:08,19330,3.2298754,15502.066666666668
2000/01/01@13:40:09,19331,3.2298754,15504.633333333333
2000/01/01@13:40:10,19332,3.2298754,15507.2
2000/01/01@13:40:11,19333,3.2300628,15509.766666666666
2000/01/01@13:40:12,19334,3.2300628,15512.333333333334
2000/01/01@13:40:13,19335,3.2298754,15514.9
2000/01/01@13:40:14,19336,3.2298754,15517.466666666667
2000/01/01@13:40:15,19337,3.229125,15520.033333333333
2000/01/01@13:40:16,19338,3.2298754,15522.6
2000/01/01@13:40:17,19339,3.229125,15525.166666666666
2000/01/01@13:40:19,19341,3.2295004,15530.3
2000/01/01@13:40:20,19342,3.2289376,15532.866666666667
2000/01/01@13:40:21,19343,3.229125,15535.433333333332
2000/01/01@13:40:22,19344,3.2298754,15538.0
2000/01/01@13:40:23,19345,3.2296876,15541.064516129032
2000/01/01@13:40:24,19346,3.2295004,15544.129032258064
2000/01/01@13:40:25,19347,3.229125,15547.193548387097
2000/01/01@13:40:26,19348,3.2289376,15550.258064516129
2000/01/01@13:40:27,19349,3.2298754,15553.322580645161
2000/01/01@13:40:28,19350,3.2296876,15556.387096774193
2000/01/01@13:40:30,19351,3.2295004,15562.516129032258
2000/01/01@13:40:31,19353,3.2289376,15565.58064516129
2000/01/01@13:40:32,19354,3.2298754,15568.645161290322
2000/01/01@13:40:33,19355,3.229125,15571.709677419354
2000/01/01@13:40:34,19356,3.229313,15574.774193548386
2000/01/01@13:40:35,19357,3.229313,15577.838709677419
2000/01/01@13:40:36,19358,3.229125,15580.90322580645
2000/01/01@13:40:37,19359,3.2296876,15583.967741935483
2000/01/01@13:40:38,19360,3.229313,15587.032258064517
2000/01/01@13:40:39,19361,3.229125,15590.09677419355
2000/01/01@13:40:40,19362,3.229125,15593.161290322581
2000/01/01@13:40:41,19363,3.2296876,15596.225806451614
2000/01/01@13:40:43,19365,3.2289376,15602.354838709678
2000/01/01@13:40:44,19366,3.2300628,15605.41935483871
2000/01/01@13:40:45,19367,3.2289376,15608.483870967742
2000/01/01@13:40:46,19368,3.229125,15611.548387096775
2000/01/01@13:40:47,19369,3.2300628,15614.612903225807
2000/01/01@13:40:48,19370,3.2295004,15617.677419354839
2000/01/01@13:40:49,19371,3.229125,15620.741935483871
2000/01/01@13:40:50,19372,3.229125,15623.806451612903
2000/01/01@13:40:51,19373,3.229125,15626.870967741936
2000/01/01@13:40:52,19374,3.2298754,15629.935483870968
2000/01/01@13:40:53,19375,3.2295004,15633.0
2000/01/01@13:40:55,19377,3.229313,15639.0
2000/01/01@13:40:56,19378,3.2289376,15642.0
2000/01/01@13:40:57,19379,3.2295004,15645.0
2000/01/01@13:40:58,19380,3.229125,15648.0
2000/01/01@13:40:59,19381,3.2289376,15651.0
2000/01/01@13:41:00,19382,3.2295004,15654.0
2000/01/01@13:41:01,19383,3.229313,15657.0
2000/01/01@13:41:02,19384,3.229313,15660.0
2000/01/01@13:41:03,19385,3.2300628,15663.0
2000/01/01@13:41:04,19386,3.2295004,15666.0
2000/01/01@13:41:05,19387,3.2300628,15669.0
2000/01/01@13:41:07,19389,3.2296876,15675.0
2000/01/01@13:41:08,19390,3.2296876,15678.0
2000/01/01@13:41:09,19391,3.2298754,15681.0
2000/01/01@13:41:10,19392,3.229313,15684.0
2000/01/01@13:41:11,19393,3.229125,15687.0
2000/01/01@13:41:12,19394,3.229313,15690.0
2000/01/01@13:41:13,19395,3.2298754,15693.0
2000/01/01@13:41:14,19396,3.2295004,15696.0
2000/01/01@13:41:15,19397,3.2296876,15699.0
2000/01/01@13:41:16,19398,3.2296876,15702.0
2000/01/01@13:41:17,19399,3.229313,15705.0
2000/01/01@13:41:19,19401,3.229125,15711.0
2000/01/01@13:41:20,19402,3.2298754,15714.0
2000/01/01@13:41:21,19403,3.2296876,15717.0
2000/01/01@13:41:22,19404,3.229125,15720.0
2000/01/01@13:41:23,19405,3.2302502,15723.0
2000/01/01@13:41:24,19406,3.2300628,15726.709677419354
2000/01/01@13:41:25,19407,3.2298754,15730.41935483871
2000/01/01@13:41:26,19408,3.229125,15734.129032258064
2000/01/01@13:41:27,19409,3.229125,15737.838709677419
2000/01/01@13:41:28,19410,3.2300628,15741.548387096775
2000/01/01@13:41:29,19411,3.2298754,15745.258064516129
2000/01/01@13:41:31,19413,3.2298754,15752.677419354839
2000/01/01@13:41:32,19414,3.2296876,15756.387096774193
2000/01/01@13:41:33,19415,3.2296876,15760.09677419355
2000/01/01@13:41:34,19416,3.2298754,15763.806451612903
2000/01/01@13:41:35,19417,3.2296876,15767.516129032258
2000/01/01@13:41:36,19418,3.2295004,15771.225806451614
2000/01/01@13:41:37,19419,3.229313,15774.935483870968
2000/01/01@13:41:38,19420,3.229313,15778.645161290322
2000/01/01@13:41:39,19421,3.229125,15782.354838709678
2000/01/01@13:41:40,19422,3.229125,15786.064516129032
2000/01/01@13:41:41,19423,3.229125,15789.774193548386
2000/01/01@13:41:43,19425,3.2300628,15797.193548387097
2000/01/01@13:41:44,19426,3.2295004,15800.90322580645
2000/01/01@13:41:45,19427,3.229313,15804.612903225807
2000/01/01@13:41:46,19428,3.2298754,15808.322580645161
2000/01/01@13:41:47,19429,3.2298754,15812.032258064517
2000/01/01@13:41:48,19430,3.229125,15815.741935483871
2000/01/01@13:41:49,19431,3.2295004,15819.451612903225
2000/01/01@13:41:50,19432,3.2295004,15823.161290322581
2000/01/01@13:41:51,19433,3.229313,15826.870967741936
2000/01/01@13:41:52,19434,3.229125,15830.58064516129
2000/01/01@13:41:53,19435,3.2296876,15834.290322580646
2000/01/01@13:41:54,19436,3.2298754,15838.0
2000/01/01@13:41:56,19438,3.2296876,15843.741935483871
2000/01/01@13:41:57,19439,3.229125,15846.612903225807
2000/01/01@13:41:58,19440,3.2300628,15849.483870967742
2000/01/01@13:41:59,19441,3.2298754,15852.354838709678
2000/01/01@13:42:00,19442,3.2300628,15855.225806451614
2000/01/01@13:42:01,19443,3.2295004,15858.09677419355
2000/01/01@13:42:02,19444,3.2296876,15860.967741935483
2000/01/01@13:42:03,19445,3.2295004,15863.838709677419
2000/01/01@13:42:04,19446,3.2296876,15866.709677419354
2000/01/01@13:42:05,19447,3.2295004,15869.58064516129
2000/01/01@13:42:07,19449,3.229313,15875.322580645161
2000/01/01@13:42:08,19450,3.229125,15878.193548387097
2000/01/01@13:42:09,19451,3.2300628,15881.064516129032
2000/01/01@13:42:10,19452,3.2295004,15883.935483870968
2000/01/01@13:42:11,19453,3.229125,15886.806451612903
2000/01/01@13:42:12,19454,3.229125,15889.677419354839
2000/01/01@13:42:13,19455,3.2296876,15892.548387096775
2000/01/01@13:42:14,19456,3.2296876,15895.41935483871
2000/01/01@13:42:15,19457,3.2289376,15898.290322580646
2000/01/01@13:42:16,19458,3.2296876,15901.161290322581
2000/01/01@13:42:17,19459,3.229125,15904.032258064517
2000/01/01@13:42:19,19461,3.229125,15909.774193548386
2000/01/01@13:42:20,19462,3.229125,15912.645161290322
2000/01/01@13:42:21,19463,3.2300628,15915.516129032258
2000/01/01@13:42:22,19464,3.2295004,15918.387096774193
2000/01/01@13:42:23,19465,3.229313,15921.258064516129
2000/01/01@13:42:24,19466,3.229125,15924.129032258064
2000/01/01@13:42:25,19467,3.2289376,15927.0
2000/01/01@13:42:26,19468,3.229125,15929.866666666667
2000/01/01@13:42:27,19469,3.2295004,15932.733333333334
2000/01/01@13:42:28,19470,3.2300628,15935.6
2000/01/01@13:42:29,19471,3.2295004,15938.466666666667
2000/01/01@13:42:31,19473,3.229125,15944.2
2000/01/01@13:42:32,19474,3.2295004,15947.066666666668
2000/01/01@13:42:33,19475,3.2295004,15949.933333333332
2000/01/01@13:42:34,19476,3.2298754,15952.8
2000/01/01@13:42:35,19477,3.229125,15955.666666666666
2000/01/01@13:42:36,19478,3.229125,15958.533333333333
2000/01/01@13:42:37,19479,3.229125,15961.4
2000/01/01@13:42:38,19480,3.2295004,15964.266666666666
2000/01/01@13:42:39,19481,3.229313,15967.133333333333
2000/01/01@13:42:40,19482,3.2296876,15970.0
2000/01/01@13:42:41,19483,3.2298754,15972.866666666667
2000/01/01@13:42:43,19485,3.2289376,15978.6
2000/01/01@13:42:44,19486,3.2298754,15981.466666666667
2000/01/01@13:42:45,19487,3.229125,15984.333333333334
2000/01/01@13:42:46,19488,3.2289376,15987.2
2000/01/01@13:42:47,19489,3.229313,15990.066666666668
2000/01/01@13:42:48,19490,3.229313,15992.933333333332
2000/01/01@13:42:49,19491,3.229313,15995.8
2000/01/01@13:42:50,19492,3.229313,15998.666666666666
2000/01/01@13:42:51,19493,3.2295004,16001.533333333333
2000/01/01@13:42:52,19494,3.229125,16004.4
2000/01/01@13:42:53,19495,3.229313,16007.266666666666
2000/01/01@13:42:55,19497,3.2298754,16013.0
2000/01/01@13:42:56,19498,3.229125,16015.806451612903
2000/01/01@13:42:57,19499,3.229313,16018.612903225807
2000/01/01@13:42:58,19500,3.229313,16021.41935483871
2000/01/01@13:42:59,19501,3.229125,16024.225806451614
2000/01/01@13:43:00,19502,3.2296876,16027.032258064517
2000/01/01@13:43:01,19503,3.229125,16029.838709677419
2000/01/01@13:43:02,19504,3.229313,16032.645161290322
2000/01/01@13:43:03,19505,3.2298754,16035.451612903225
2000/01/01@13:43:04,19506,3.229313,16038.258064516129
2000/01/01@13:43:05,19507,3.229313,16041.064516129032
2000/01/01@13:43:07,19509,3.2295004,16046.677419354839
2000/01/01@13:43:08,19510,3.2300628,16049.483870967742
2000/01/01@13:43:09,19511,3.2300628,16052.290322580646
2000/01/01@13:43:10,19512,3.2296876,16055.09677419355
2000/01/01@13:43:11,19513,3.2295004,16057.90322580645
2000/01/01@13:43:12,19514,3.2295004,16060.709677419354
2000/01/01@13:43:13,19515,3.229313,16063.516129032258
2000/01/01@13:43:14,19516,3.229125,16066.322580645161
2000/01/01@13:43:15,19517,3.229125,16069.129032258064
2000/01/01@13:43:16,19518,3.2295004,16071.935483870968
2000/01/01@13:43:17,19519,3.2289376,16074.741935483871
2000/01/01@13:43:19,19521,3.2289376,16080.354838709678
2000/01/01@13:43:20,19522,3.229313,16083.161290322581
2000/01/01@13:43:21,19523,3.2289376,16085.967741935483
2000/01/01@13:43:22,19524,3.229125,16088.774193548386
2000/01/01@13:43:23,19525,3.2289376,16091.58064516129
2000/01/01@13:43:24,19526,3.2296876,16094.387096774193
2000/01/01@13:43:25,19527,3.2289376,16097.193548387097
2000/01/01@13:43:26,19528,3.2289376,16100.0
2000/01/01@13:43:27,19529,3.229125,16103.033333333333
2000/01/01@13:43:28,19530,3.229313,16106.066666666668
2000/01/01@13:43:29,19531,3.229125,16109.1
2000/01/01@13:43:31,19533,3.229125,16115.166666666666
2000/01/01@13:43:32,19534,3.2295004,16118.2
2000/01/01@13:43:33,19535,3.229313,16121.233333333334
2000/01/01@13:43:34,19536,3.229125,16124.266666666666
2000/01/01@13:43:35,19537,3.2289376,16127.3
2000/01/01@13:43:36,19538,3.229125,16130.333333333334
2000/01/01@13:43:37,19539,3.2300628,16133.366666666667
2000/01/01@13:43:38,19540,3.2300628,16136.4
2000/01/01@13:43:39,19541,3.2295004,16139.433333333332
2000/01/01@13:43:40,19542,3.2289376,16142.466666666667
2000/01/01@13:43:41,19543,3.2296876,16145.5
2000/01/01@13:43:43,19545,3.2300628,16151.566666666668
2000/01/01@13:43:44,19546,3.2296876,16154.6
2000/01/01@13:43:45,19547,3.2289376,16157.633333333333
2000/01/01@13:43:46,19548,3.2289376,16160.666666666666
2000/01/01@13:43:47,19549,3.229313,16163.7
2000/01/01@13:43:48,19550,3.2298754,16166.733333333334
2000/01/01@13:43:49,19551,3.229125,16169.766666666666
2000/01/01@13:43:50,19552,3.229125,16172.8
2000/01/01@13:43:51,19553,3.2295004,16175.833333333334
2000/01/01@13:43:52,19554,3.2295004,16178.866666666667
2000/01/01@13:43:53,19555,3.2289376,16181.9
2000/01/01@13:43:55,19557,3.229125,16187.966666666667
2000/01/01@13:43:56,19558,3.229125,16191.0
2000/01/01@13:43:57,19559,3.2289376,16193.870967741936
2000/01/01@13:43:58,19560,3.229313,16196.741935483871
2000/01/01@13:43:59,19561,3.229125,16199.612903225807
2000/01/01@13:44:00,19562,3.229125,16202.483870967742
2000/01/01@13:44:01,19563,3.2296876,16205.354838709678
2000/01/01@13:44:02,19564,3.2289376,16208.225806451614
2000/01/01@13:44:03,19565,3.2289376,16211.09677419355
2000/01/01@13:44:04,19566,3.229313,16213.967741935483
2000/01/01@13:44:05,19567,3.2298754,16216.838709677419
2000/01/01@13:44:07,19569,3.2289376,16222.58064516129
2000/01/01@13:44:08,19570,3.229313,16225.451612903225
2000/01/01@13:44:09,19571,3.229313,16228.322580645161
2000/01/01@13:44:10,19572,3.2295004,16231.193548387097
2000/01/01@13:44:11,19573,3.2289376,16234.064516129032
2000/01/01@13:44:12,19574,3.229313,16236.935483870968
2000/01/01@13:44:13,19575,3.2289376,16239.806451612903
2000/01/01@13:44:14,19576,3.2289376,16242.677419354839
2000/01/01@13:44:15,19577,3.229125,16245.548387096775
2000/01/01@13:44:16,19578,3.229125,16248.41935483871
2000/01/01@13:44:17,19579,3.2295004,16251.290322580646
2000/01/01@13:44:19,19581,3.229313,16257.032258064517
2000/01/01@13:44:20,19582,3.2298754,16259.90322580645
2000/01/01@13:44:21,19583,3.2298754,16262.774193548386
2000/01/01@13:44:22,19584,3.229125,16265.645161290322
2000/01/01@13:44:23,19585,3.229313,16268.516129032258
2000/01/01@13:44:24,19586,3.229313,16271.387096774193
2000/01/01@13:44:25,19587,3.2300628,16274.258064516129
2000/01/01@13:44:26,19588,3.2289376,16277.129032258064
2000/01/01@13:44:27,19589,3.229313,16280.0
2000/01/01@13:44:28,19590,3.2296876,16282.7
2000/01/01@13:44:29,19591,3.2295004,16285.4
2000/01/01@13:44:31,19593,3.229125,16290.8
2000/01/01@13:44:32,19594,3.229313,16293.5
2000/01/01@13:44:33,19595,3.229313,16296.2
2000/01/01@13:44:34,19596,3.2300628,16298.9
2000/01/01@13:44:35,19597,3.229313,16301.6
2000/01/01@13:44:36,19598,3.2295004,16304.3
2000/01/01@13:44:37,19599,3.2295004,16307.0
2000/01/01@13:44:38,19600,3.229313,16309.7
2000/01/01@13:44:39,19601,3.229313,16312.4
2000/01/01@13:44:40,19602,3.2295004,16315.1
2000/01/01@13:44:41,19603,3.2287502,16317.8
2000/01/01@13:44:43,19605,3.229125,16323.2
2000/01/01@13:44:44,19606,3.2296876,16325.9
2000/01/01@13:44:45,19607,3.229125,16328.6
2000/01/01@13:44:46,19608,3.2296876,16331.3
2000/01/01@13:44:47,19609,3.229313,16334.0
2000/01/01@13:44:48,19610,3.2289376,16336.7
2000/01/01@13:44:49,19611,3.2298754,16339.4
2000/01/01@13:44:50,19612,3.2289376,16342.1
2000/01/01@13:44:51,19613,3.229125,16344.8
2000/01/01@13:44:52,19614,3.2289376,16347.5
2000/01/01@13:44:53,19615,3.229125,16350.2
2000/01/01@13:44:55,19617,3.229125,16355.6
2000/01/01@13:44:56,19618,3.229125,16358.3
2000/01/01@13:44:57,19619,3.2289376,16361.0
2000/01/01@13:44:58,19620,3.2289376,16363.838709677419
2000/01/01@13:44:59,19621,3.229125,16366.677419354839
2000/01/01@13:45:00,19622,3.2298754,16369.516129032258
2000/01/01@13:45:01,19623,3.2295004,16372.354838709678
2000/01/01@13:45:02,19624,3.229313,16375.193548387097
2000/01/01@13:45:03,19625,3.2289376,16378.032258064517
2000/01/01@13:45:04,19626,3.2289376,16380.870967741936
2000/01/01@13:45:05,19627,3.2295004,16383.709677419354
2000/01/01@13:45:07,19629,3.2295004,16389.387096774193
2000/01/01@13:45:08,19630,3.2287502,16392.225806451614
2000/01/01@13:45:09,19631,3.2289376,16395.064516129034
2000/01/01@13:45:10,19632,3.229125,16397.90322580645
2000/01/01@13:45:11,19633,3.2295004,16400.74193548387
2000/01/01@13:45:12,19634,3.2296876,16403.58064516129
2000/01/01@13:45:13,19635,3.229125,16406.41935483871
2000/01/01@13:45:14,19636,3.2296876,16409.25806451613
2000/01/01@13:45:15,19637,3.229313,16412.09677419355
2000/01/01@13:45:16,19638,3.2296876,16414.935483870966
2000/01/01@13:45:17,19639,3.2289376,16417.774193548386
2000/01/01@13:45:19,19641,3.229125,16423.451612903227
2000/01/01@13:45:20,19642,3.229125,16426.290322580644
2000/01/01@13:45:21,19643,3.2298754,16429.129032258064
2000/01/01@13:45:22,19644,3.2295004,16431.967741935485
2000/01/01@13:45:23,19645,3.229313,16434.8064516129
2000/01/01@13:45:24,19646,3.2287502,16437.645161290322
2000/01/01@13:45:25,19647,3.2295004,16440.483870967742
2000/01/01@13:45:26,19648,3.2289376,16443.322580645163
2000/01/01@13:45:27,19649,3.2295004,16446.16129032258
2000/01/01@13:45:28,19650,3.2289376,16449.0
2000/01/01@13:45:29,19651,3.2298754,16451.8064516129
2000/01/01@13:45:31,19653,3.229125,16457.41935483871
2000/01/01@13:45:32,19654,3.2289376,16460.225806451614
2000/01/01@13:45:33,19655,3.229313,16463.032258064515
2000/01/01@13:45:34,19656,3.2289376,16465.83870967742
2000/01/01@13:45:35,19657,3.2289376,16468.645161290322
2000/01/01@13:45:36,19658,3.229125,16471.451612903227
2000/01/01@13:45:37,19659,3.229125,16474.25806451613
2000/01/01@13:45:38,19660,3.229313,16477.064516129034
2000/01/01@13:45:39,19661,3.2298754,16479.870967741936
2000/01/01@13:45:40,19662,3.2295004,16482.677419354837
2000/01/01@13:45:41,19663,3.229313,16485.483870967742
2000/01/01@13:45:43,19665,3.2289376,16491.09677419355
2000/01/01@13:45:44,19666,3.229125,16493.90322580645
2000/01/01@13:45:45,19667,3.2287502,16496.709677419356
2000/01/01@13:45:46,19668,3.229125,16499.516129032258
2000/01/01@13:45:47,19669,3.229313,16502.322580645163
2000/01/01@13:45:48,19670,3.2296876,16505.129032258064
2000/01/01@13:45:49,19671,3.229125,16507.935483870966
2000/01/01@13:45:50,19672,3.2296876,16510.74193548387
2000/01/01@13:45:51,19673,3.2289376,16513.548387096773
2000/01/01@13:45:52,19674,3.2296876,16516.354838709678
2000/01/01@13:45:53,19675,3.2296876,16519.16129032258
2000/01/01@13:45:55,19677,3.2295004,16524.774193548386
2000/01/01@13:45:56,19678,3.229313,16527.58064516129
2000/01/01@13:45:57,19679,3.2289376,16530.387096774193
2000/01/01@13:45:58,19680,3.229125,16533.1935483871
2000/01/01@13:45:59,19681,3.229313,16536.0
2000/01/01@13:46:00,19682,3.229125,16538.933333333334
2000/01/01@13:46:01,19683,3.2300628,16541.866666666665
2000/01/01@13:46:02,19684,3.2298754,16544.8
2000/01/01@13:46:03,19685,3.229125,16547.733333333334
2000/01/01@13:46:04,19686,3.2289376,16550.666666666668
2000/01/01@13:46:05,19687,3.229125,16553.6
2000/01/01@13:46:07,19689,3.229313,16559.466666666667
2000/01/01@13:46:08,19690,3.2296876,16562.4
2000/01/01@13:46:09,19691,3.2296876,16565.333333333332
2000/01/01@13:46:10,19692,3.229125,16568.266666666666
2000/01/01@13:46:11,19693,3.2295004,16571.2
2000/01/01@13:46:12,19694,3.2298754,16574.133333333335
2000/01/01@13:46:13,19695,3.2296876,16577.066666666666
2000/01/01@13:46:14,19696,3.2298754,16580.0
2000/01/01@13:46:15,19697,3.229313,16582.933333333334
2000/01/01@13:46:16,19698,3.2296876,16585.866666666665
2000/01/01@13:46:17,19699,3.229313,16588.8
2000/01/01@13:46:19,19701,3.2289376,16594.666666666668
2000/01/01@13:46:20,19702,3.229125,16597.6
2000/01/01@13:46:21,19703,3.2296876,16600.533333333333
2000/01/01@13:46:22,19704,3.2300628,16603.466666666667
2000/01/01@13:46:23,19705,3.2289376,16606.4
2000/01/01@13:46:24,19706,3.229313,16609.333333333332
2000/01/01@13:46:25,19707,3.2295004,16612.266666666666
2000/01/01@13:46:26,19708,3.2287502,16615.2
2000/01/01@13:46:27,19709,3.2289376,16618.133333333335
2000/01/01@13:46:28,19710,3.2289376,16621.066666666666
2000/01/01@13:46:29,19711,3.229125,16624.0
2000/01/01@13:46:31,19713,3.229125,16629.74193548387
2000/01/01@13:46:32,19714,3.2295004,16632.612903225807
2000/01/01@13:46:33,19715,3.229125,16635.483870967742
2000/01/01@13:46:34,19716,3.2289376,16638.354838709678
2000/01/01@13:46:35,19717,3.2296876,16641.225806451614
2000/01/01@13:46:36,19718,3.2298754,16644.09677419355
2000/01/01@13:46:37,19719,3.2296876,16646.967741935485
2000/01/01@13:46:38,19720,3.2289376,16649.83870967742
2000/01/01@13:46:39,19721,3.2298754,16652.709677419356
2000/01/01@13:46:40,19722,3.229125,16655.58064516129
2000/01/01@13:46:41,19723,3.2295004,16658.451612903227
2000/01/01@13:46:43,19725,3.2295004,16664.1935483871
2000/01/01@13:46:44,19726,3.229313,16667.064516129034
2000/01/01@13:46:45,19727,3.229313,16669.935483870966
2000/01/01@13:46:46,19728,3.229125,16672.8064516129
2000/01/01@13:46:47,19729,3.2300628,16675.677419354837
2000/01/01@13:46:48,19730,3.2289376,16678.548387096773
2000/01/01@13:46:49,19731,3.2289376,16681.41935483871
2000/01/01@13:46:50,19732,3.229125,16684.290322580644
2000/01/01@13:46:51,19733,3.229313,16687.16129032258
2000/01/01@13:46:52,19734,3.229125,16690.032258064515
2000/01/01@13:46:54,19735,3.2289376,16695.774193548386
2000/01/01@13:46:55,19737,3.2295004,16698.645161290322
2000/01/01@13:46:56,19738,3.2289376,16701.516129032258
2000/01/01@13:46:57,19739,3.2289376,16704.387096774193
2000/01/01@13:46:58,19740,3.2298754,16707.25806451613
2000/01/01@13:46:59,19741,3.229313,16710.129032258064
2000/01/01@13:47:00,19742,3.2296876,16713.0
2000/01/01@13:47:01,19743,3.2296876,16716.066666666666
2000/01/01@13:47:02,19744,3.2295004,16719.133333333335
2000/01/01@13:47:03,19745,3.2289376,16722.2
2000/01/01@13:47:04,19746,3.2296876,16725.266666666666
2000/01/01@13:47:06,19747,3.2298754,16731.4
2000/01/01@13:47:07,19749,3.2296876,16734.466666666667
2000/01/01@13:47:08,19750,3.2302502,16737.533333333333
2000/01/01@13:47:09,19751,3.2289376,16740.6
2000/01/01@13:47:10,19752,3.2296876,16743.666666666668
2000/01/01@13:47:11,19753,3.229125,16746.733333333334
2000/01/01@13:47:12,19754,3.2289376,16749.8
2000/01/01@13:47:13,19755,3.2289376,16752.866666666665
2000/01/01@13:47:14,19756,3.2289376,16755.933333333334
2000/01/01@13:47:15,19757,3.2296876,16759.0
2000/01/01@13:47:16,19758,3.2296876,16762.066666666666
2000/01/01@13:47:18,19759,3.2300628,16768.2
2000/01/01@13:47:19,19761,3.2295004,16771.266666666666
2000/01/01@13:47:20,19762,3.229313,16774.333333333332
2000/01/01@13:47:21,19763,3.2296876,16777.4
2000/01/01@13:47:22,19764,3.2298754,16780.466666666667
2000/01/01@13:47:23,19765,3.2298754,16783.533333333333
2000/01/01@13:47:24,19766,3.2295004,16786.6
2000/01/01@13:47:25,19767,3.2295004,16789.666666666668
2000/01/01@13:47:26,19768,3.229125,16792.733333333334
2000/01/01@13:47:27,19769,3.2296876,16795.8
2000/01/01@13:47:28,19770,3.229125,16798.866666666665
2000/01/01@13:47:30,19772,3.2296876,16805.0
2000/01/01@13:47:31,19773,3.229313,16807.90322580645
2000/01/01@13:47:32,19774,3.229125,16810.8064516129
2000/01/01@13:47:33,19775,3.2298754,16813.709677419356
2000/01/01@13:47:34,19776,3.229125,16816.612903225807
2000/01/01@13:47:35,19777,3.229125,16819.516129032258
2000/01/01@13:47:36,19778,3.2296876,16822.41935483871
2000/01/01@13:47:37,19779,3.2296876,16825.322580645163
2000/01/01@13:47:38,19780,3.2298754,16828.225806451614
2000/01/01@13:47:39,19781,3.2296876,16831.129032258064
2000/01/01@13:47:40,19782,3.2295004,16834.032258064515
2000/01/01@13:47:42,19784,3.2295004,16839.83870967742
2000/01/01@13:47:43,19785,3.2289376,16842.74193548387
2000/01/01@13:47:44,19786,3.229313,16845.645161290322
2000/01/01@13:47:45,19787,3.229125,16848.548387096773
2000/01/01@13:47:46,19788,3.2296876,16851.451612903227
2000/01/01@13:47:47,19789,3.229313,16854.354838709678
2000/01/01@13:47:48,19790,3.229313,16857.25806451613
2000/01/01@13:47:49,19791,3.2300628,16860.16129032258
2000/01/01@13:47:50,19792,3.229125,16863.064516129034
2000/01/01@13:47:51,19793,3.229313,16865.967741935485
2000/01/01@13:47:52,19794,3.2295004,16868.870967741936
2000/01/01@13:47:54,19796,3.229125,16874.677419354837
2000/01/01@13:47:55,19797,3.2295004,16877.58064516129
2000/01/01@13:47:56,19798,3.2298754,16880.483870967742
2000/01/01@13:47:57,19799,3.229313,16883.387096774193
2000/01/01@13:47:58,19800,3.2289376,16886.290322580644
2000/01/01@13:47:59,19801,3.2296876,16889.1935483871
2000/01/01@13:48:00,19802,3.229313,16892.09677419355
2000/01/01@13:48:01,19803,3.229313,16895.0
2000/01/01@13:48:02,19804,3.229125,16898.0
2000/01/01@13:48:03,19805,3.229125,16901.0
2000/01/01@13:48:04,19806,3.2298754,16904.0
2000/01/01@13:48:06,19808,3.229313,16910.0
2000/01/01@13:48:07,19809,3.229125,16913.0
2000/01/01@13:48:08,19810,3.2298754,16916.0
2000/01/01@13:48:09,19811,3.229125,16919.0
2000/01/01@13:48:10,19812,3.229125,16922.0
2000/01/01@13:48:11,19813,3.2289376,16925.0
2000/01/01@13:48:12,19814,3.2296876,16928.0
2000/01/01@13:48:13,19815,3.2289376,16931.0
2000/01/01@13:48:14,19816,3.2296876,16934.0
2000/01/01@13:48:15,19817,3.2296876,16937.0
2000/01/01@13:48:16,19818,3.229313,16940.0
2000/01/01@13:48:18,19820,3.229125,16946.0
2000/01/01@13:48:19,19821,3.229313,16949.0
2000/01/01@13:48:20,19822,3.2298754,16952.0
2000/01/01@13:48:21,19823,3.2289376,16955.0
2000/01/01@13:48:22,19824,3.2300628,16958.0
2000/01/01@13:48:23,19825,3.2295004,16961.0
2000/01/01@13:48:24,19826,3.2298754,16964.0
2000/01/01@13:48:25,19827,3.2296876,16967.0
2000/01/01@13:48:26,19828,3.2289376,16970.0
2000/01/01@13:48:27,19829,3.2289376,16973.0
2000/01/01@13:48:28,19830,3.229313,16976.0
2000/01/01@13:48:30,19832,3.229313,16982.0
2000/01/01@13:48:31,19833,3.229125,16985.0
2000/01/01@13:48:32,19834,3.229125,16988.0
2000/01/01@13:48:33,19835,3.2289376,16991.0
2000/01/01@13:48:34,19836,3.2300628,16994.0
2000/01/01@13:48:35,19837,3.229125,16997.0
2000/01/01@13:48:36,19838,3.229313,17000.0
2000/01/01@13:48:37,19839,3.2296876,17003.0
2000/01/01@13:48:38,19840,3.229125,17006.0
2000/01/01@13:48:39,19841,3.229313,17009.0
2000/01/01@13:48:40,19842,3.2296876,17012.0
2000/01/01@13:48:42,19844,3.229125,17018.0
2000/01/01@13:48:43,19845,3.229313,17021.0
2000/01/01@13:48:44,19846,3.2296876,17024.0
2000/01/01@13:48:45,19847,3.2296876,17027.0
2000/01/01@13:48:46,19848,3.2289376,17030.0
2000/01/01@13:48:47,19849,3.229313,17033.0
2000/01/01@13:48:48,19850,3.2289376,17036.0
2000/01/01@13:48:49,19851,3.229125,17039.0
2000/01/01@13:48:50,19852,3.2295004,17042.0
2000/01/01@13:48:51,19853,3.229125,17045.0
2000/01/01@13:48:52,19854,3.2296876,17048.0
2000/01/01@13:48:54,19856,3.2289376,17054.0
2000/01/01@13:48:55,19857,3.2289376,17057.0
2000/01/01@13:48:56,19858,3.2296876,17060.0
2000/01/01@13:48:57,19859,3.229313,17063.0
2000/01/01@13:48:58,19860,3.229125,17066.0
2000/01/01@13:48:59,19861,3.229313,17069.0
2000/01/01@13:49:00,19862,3.2295004,17072.0
2000/01/01@13:49:01,19863,3.229125,17075.0
2000/01/01@13:49:02,19864,3.2300628,17078.0
2000/01/01@13:49:03,19865,3.2289376,17080.90322580645
2000/01/01@13:49:04,19866,3.229125,17083.8064516129
2000/01/01@13:49:06,19868,3.229313,17089.612903225807
2000/01/01@13:49:07,19869,3.2300628,17092.516129032258
2000/01/01@13:49:08,19870,3.229125,17095.41935483871
2000/01/01@13:49:09,19871,3.2289376,17098.322580645163
2000/01/01@13:49:10,19872,3.229313,17101.225806451614
2000/01/01@13:49:11,19873,3.2300628,17104.129032258064
2000/01/01@13:49:12,19874,3.2298754,17107.032258064515
2000/01/01@13:49:13,19875,3.2289376,17109.935483870966
2000/01/01@13:49:14,19876,3.2300628,17112.83870967742
2000/01/01@13:49:15,19877,3.229125,17115.74193548387
2000/01/01@13:49:16,19878,3.229125,17118.645161290322
2000/01/01@13:49:18,19880,3.229125,17124.451612903227
2000/01/01@13:49:19,19881,3.2296876,17127.354838709678
2000/01/01@13:49:20,19882,3.2298754,17130.25806451613
2000/01/01@13:49:21,19883,3.2296876,17133.16129032258
2000/01/01@13:49:22,19884,3.229125,17136.064516129034
2000/01/01@13:49:23,19885,3.229125,17138.967741935485
2000/01/01@13:49:24,19886,3.2298754,17141.870967741936
2000/01/01@13:49:25,19887,3.229313,17144.774193548386
2000/01/01@13:49:26,19888,3.229125,17147.677419354837
2000/01/01@13:49:27,19889,3.2295004,17150.58064516129
2000/01/01@13:49:28,19890,3.2289376,17153.483870967742
2000/01/01@13:49:30,19892,3.229125,17159.290322580644
2000/01/01@13:49:31,19893,3.2287502,17162.1935483871
2000/01/01@13:49:32,19894,3.229125,17165.09677419355
2000/01/01@13:49:33,19895,3.2289376,17168.0
2000/01/01@13:49:34,19896,3.2289376,17171.033333333333
2000/01/01@13:49:35,19897,3.2289376,17174.066666666666
2000/01/01@13:49:36,19898,3.2295004,17177.1
2000/01/01@13:49:37,19899,3.2289376,17180.133333333335
2000/01/01@13:49:38,19900,3.229313,17183.166666666668
2000/01/01@13:49:39,19901,3.2287502,17186.2
2000/01/01@13:49:40,19902,3.229125,17189.233333333334
2000/01/01@13:49:42,19904,3.229125,17195.3
2000/01/01@13:49:43,19905,3.2289376,17198.333333333332
2000/01/01@13:49:44,19906,3.229125,17201.366666666665
2000/01/01@13:49:45,19907,3.229125,17204.4
2000/01/01@13:49:46,19908,3.2289376,17207.433333333334
2000/01/01@13:49:47,19909,3.2295004,17210.466666666667
2000/01/01@13:49:48,19910,3.2298754,17213.5
2000/01/01@13:49:49,19911,3.229313,17216.533333333333
2000/01/01@13:49:50,19912,3.229125,17219.566666666666
2000/01/01@13:49:51,19913,3.2287502,17222.6
2000/01/01@13:49:52,19914,3.229313,17225.633333333335
2000/01/01@13:49:54,19916,3.2287502,17231.7
2000/01/01@13:49:55,19917,3.229125,17234.733333333334
2000/01/01@13:49:56,19918,3.229125,17237.766666666666
2000/01/01@13:49:57,19919,3.229125,17240.8
2000/01/01@13:49:58,19920,3.2287502,17243.833333333332
2000/01/01@13:49:59,19921,3.2296876,17246.866666666665
2000/01/01@13:50:00,19922,3.229125,17249.9
2000/01/01@13:50:01,19923,3.2296876,17252.933333333334
2000/01/01@13:50:02,19924,3.2289376,17255.966666666667
2000/01/01@13:50:03,19925,3.229125,17259.0
2000/01/01@13:50:04,19926,3.2289376,17261.935483870966
2000/01/01@13:50:06,19928,3.2296876,17267.8064516129
2000/01/01@13:50:07,19929,3.2295004,17270.74193548387
2000/01/01@13:50:08,19930,3.2298754,17273.677419354837
2000/01/01@13:50:09,19931,3.2295004,17276.612903225807
2000/01/01@13:50:10,19932,3.2295004,17279.548387096773
2000/01/01@13:50:11,19933,3.229125,17282.483870967742
2000/01/01@13:50:12,19934,3.2295004,17285.41935483871
2000/01/01@13:50:13,19935,3.229313,17288.354838709678
2000/01/01@13:50:14,19936,3.229313,17291.290322580644
2000/01/01@13:50:15,19937,3.2298754,17294.225806451614
2000/01/01@13:50:16,19938,3.2295004,17297.16129032258
2000/01/01@13:50:18,19940,3.2287502,17303.032258064515
2000/01/01@13:50:19,19941,3.2287502,17305.967741935485
2000/01/01@13:50:20,19942,3.2296876,17308.90322580645
2000/01/01@13:50:21,19943,3.2295004,17311.83870967742
2000/01/01@13:50:22,19944,3.2287502,17314.774193548386
2000/01/01@13:50:23,19945,3.2296876,17317.709677419356
2000/01/01@13:50:24,19946,3.2296876,17320.645161290322
2000/01/01@13:50:25,19947,3.2296876,17323.58064516129
2000/01/01@13:50:26,19948,3.2298754,17326.516129032258
2000/01/01@13:50:27,19949,3.2287502,17329.451612903227
2000/01/01@13:50:28,19950,3.229125,17332.387096774193
2000/01/01@13:50:30,19952,3.229313,17338.25806451613
2000/01/01@13:50:31,19953,3.229125,17341.1935483871
2000/01/01@13:50:32,19954,3.2289376,17344.129032258064
2000/01/01@13:50:33,19955,3.2298754,17347.064516129034
2000/01/01@13:50:34,19956,3.2289376,17350.0
2000/01/01@13:50:35,19957,3.2287502,17353.066666666666
2000/01/01@13:50:36,19958,3.2289376,17356.133333333335
2000/01/01@13:50:37,19959,3.2289376,17359.2
2000/01/01@13:50:38,19960,3.2296876,17362.266666666666
2000/01/01@13:50:39,19961,3.2289376,17365.333333333332
2000/01/01@13:50:40,19962,3.2296876,17368.4
2000/01/01@13:50:42,19964,3.2295004,17374.533333333333
2000/01/01@13:50:43,19965,3.2287502,17377.6
2000/01/01@13:50:44,19966,3.2289376,17380.666666666668
2000/01/01@13:50:45,19967,3.2298754,17383.733333333334
2000/01/01@13:50:46,19968,3.229313,17386.8
2000/01/01@13:50:47,19969,3.2295004,17389.866666666665
2000/01/01@13:50:48,19970,3.2296876,17392.933333333334
2000/01/01@13:50:49,19971,3.2289376,17396.0
2000/01/01@13:50:50,19972,3.229313,17399.066666666666
2000/01/01@13:50:51,19973,3.2289376,17402.133333333335
2000/01/01@13:50:52,19974,3.2289376,17405.2
2000/01/01@13:50:54,19976,3.2295004,17411.333333333332
2000/01/01@13:50:55,19977,3.2287502,17414.4
2000/01/01@13:50:56,19978,3.229313,17417.466666666667
2000/01/01@13:50:57,19979,3.2289376,17420.533333333333
2000/01/01@13:50:58,19980,3.2289376,17423.6
2000/01/01@13:50:59,19981,3.229313,17426.666666666668
2000/01/01@13:51:00,19982,3.2289376,17429.733333333334
2000/01/01@13:51:01,19983,3.229125,17432.8
2000/01/01@13:51:02,19984,3.229125,17435.866666666665
2000/01/01@13:51:03,19985,3.2296876,17438.933333333334
2000/01/01@13:51:04,19986,3.2296876,17442.0
2000/01/01@13:51:06,19988,3.2289376,17448.0
2000/01/01@13:51:07,19989,3.2295004,17451.0
2000/01/01@13:51:08,19990,3.2287502,17454.0
2000/01/01@13:51:09,19991,3.229125,17457.0
2000/01/01@13:51:10,19992,3.2289376,17460.0
2000/01/01@13:51:11,19993,3.2289376,17463.0
2000/01/01@13:51:12,19994,3.229125,17466.0
2000/01/01@13:51:13,19995,3.229313,17469.0
2000/01/01@13:51:14,19996,3.2289376,17472.0
2000/01/01@13:51:15,19997,3.2295004,17475.0
2000/01/01@13:51:16,19998,3.2289376,17478.0
2000/01/01@13:51:18,20000,3.2289376,17484.0
2000/01/01@13:51:19,20001,3.2289376,17487.0
2000/01/01@13:51:20,20002,3.2295004,17490.0
2000/01/01@13:51:21,20003,3.2289376,17493.0
2000/01/01@13:51:22,20004,3.2287502,17496.0
2000/01/01@13:51:23,20005,3.229125,17499.0
2000/01/01@13:51:24,20006,3.229313,17502.0
2000/01/01@13:51:25,20007,3.2289376,17505.0
2000/01/01@13:51:26,20008,3.229313,17508.0
2000/01/01@13:51:27,20009,3.2296876,17511.0
2000/01/01@13:51:28,20010,3.229125,17514.0
2000/01/01@13:51:30,20012,3.229125,17520.0
2000/01/01@13:51:31,20013,3.229125,17523.0
2000/01/01@13:51:32,20014,3.2289376,17526.0
2000/01/01@13:51:33,20015,3.229125,17529.0
2000/01/01@13:51:34,20016,3.2295004,17532.0
2000/01/01@13:51:35,20017,3.2289376,17535.0
2000/01/01@13:51:36,20018,3.2295004,17538.133333333335
2000/01/01@13:51:37,20019,3.2295004,17541.266666666666
2000/01/01@13:51:38,20020,3.2295004,17544.4
2000/01/01@13:51:39,20021,3.229313,17547.533333333333
2000/01/01@13:51:40,20022,3.2296876,17550.666666666668
2000/01/01@13:51:42,20024,3.229125,17556.933333333334
2000/01/01@13:51:43,20025,3.2289376,17560.066666666666
2000/01/01@13:51:44,20026,3.229313,17563.2
2000/01/01@13:51:45,20027,3.2289376,17566.333333333332
2000/01/01@13:51:46,20028,3.229125,17569.466666666667
2000/01/01@13:51:47,20029,3.229313,17572.6
2000/01/01@13:51:48,20030,3.2295004,17575.733333333334
2000/01/01@13:51:49,20031,3.2296876,17578.866666666665
2000/01/01@13:51:50,20032,3.229125,17582.0
2000/01/01@13:51:51,20033,3.2289376,17585.133333333335
2000/01/01@13:51:52,20034,3.229125,17588.266666666666
2000/01/01@13:51:54,20036,3.2296876,17594.533333333333
2000/01/01@13:51:55,20037,3.229313,17597.666666666668
2000/01/01@13:51:56,20038,3.2289376,17600.8
2000/01/01@13:51:57,20039,3.229125,17603.933333333334
2000/01/01@13:51:58,20040,3.2296876,17607.066666666666
2000/01/01@13:51:59,20041,3.2298754,17610.2
2000/01/01@13:52:00,20042,3.2298754,17613.333333333332
2000/01/01@13:52:01,20043,3.2285628,17616.466666666667
2000/01/01@13:52:02,20044,3.2289376,17619.6
2000/01/01@13:52:03,20045,3.2296876,17622.733333333334
2000/01/01@13:52:04,20046,3.229313,17625.866666666665
2000/01/01@13:52:06,20048,3.2296876,17631.870967741936
2000/01/01@13:52:07,20049,3.2298754,17634.74193548387
2000/01/01@13:52:08,20050,3.229313,17637.612903225807
2000/01/01@13:52:09,20051,3.229125,17640.483870967742
2000/01/01@13:52:10,20052,3.2298754,17643.354838709678
2000/01/01@13:52:11,20053,3.2289376,17646.225806451614
2000/01/01@13:52:12,20054,3.2287502,17649.09677419355
2000/01/01@13:52:13,20055,3.2295004,17651.967741935485
2000/01/01@13:52:14,20056,3.229125,17654.83870967742
2000/01/01@13:52:15,20057,3.2295004,17657.709677419356
2000/01/01@13:52:16,20058,3.229125,17660.58064516129
2000/01/01@13:52:18,20060,3.229125,17666.322580645163
2000/01/01@13:52:19,20061,3.2289376,17669.1935483871
2000/01/01@13:52:20,20062,3.229313,17672.064516129034
2000/01/01@13:52:21,20063,3.2289376,17674.935483870966
2000/01/01@13:52:22,20064,3.229125,17677.8064516129
2000/01/01@13:52:23,20065,3.2295004,17680.677419354837
2000/01/01@13:52:24,20066,3.229313,17683.548387096773
2000/01/01@13:52:25,20067,3.229313,17686.41935483871
2000/01/01@13:52:26,20068,3.2296876,17689.290322580644
2000/01/01@13:52:27,20069,3.2289376,17692.16129032258
2000/01/01@13:52:28,20070,3.2295004,17695.032258064515
2000/01/01@13:52:30,20072,3.2289376,17700.774193548386
2000/01/01@13:52:31,20073,3.229125,17703.645161290322
2000/01/01@13:52:32,20074,3.229125,17706.516129032258
2000/01/01@13:52:33,20075,3.2289376,17709.387096774193
2000/01/01@13:52:34,20076,3.2287502,17712.25806451613
2000/01/01@13:52:35,20077,3.2287502,17715.129032258064
2000/01/01@13:52:36,20078,3.2296876,17718.0
2000/01/01@13:52:37,20079,3.2289376,17721.666666666668
2000/01/01@13:52:38,20080,3.2295004,17725.333333333332
2000/01/01@13:52:39,20081,3.2287502,17729.0
2000/01/01@13:52:40,20082,3.2289376,17732.666666666668
2000/01/01@13:52:42,20084,3.2289376,17740.0
2000/01/01@13:52:43,20085,3.2296876,17743.666666666668
2000/01/01@13:52:44,20086,3.2296876,17747.333333333332
2000/01/01@13:52:45,20087,3.229313,17751.0
2000/01/01@13:52:46,20088,3.2287502,17754.666666666668
2000/01/01@13:52:47,20089,3.229313,17758.333333333332
2000/01/01@13:52:48,20090,3.2287502,17762.0
2000/01/01@13:52:49,20091,3.229125,17765.666666666668
2000/01/01@13:52:50,20092,3.2287502,17769.333333333332
2000/01/01@13:52:51,20093,3.2298754,17773.0
2000/01/01@13:52:52,20094,3.2295004,17776.666666666668
2000/01/01@13:52:54,20096,3.2295004,17784.0
2000/01/01@13:52:55,20097,3.2296876,17787.666666666668
2000/01/01@13:52:56,20098,3.2289376,17791.333333333332
2000/01/01@13:52:57,20099,3.229125,17795.0
2000/01/01@13:52:58,20100,3.2289376,17798.666666666668
2000/01/01@13:52:59,20101,3.229313,17802.333333333332
2000/01/01@13:53:00,20102,3.2289376,17806.0
2000/01/01@13:53:01,20103,3.2289376,17809.666666666668
2000/01/01@13:53:02,20104,3.2289376,17813.333333333332
2000/01/01@13:53:03,20105,3.2296876,17817.0
2000/01/01@13:53:04,20106,3.229125,17820.666666666668
2000/01/01@13:53:06,20108,3.229125,17828.0
2000/01/01@13:53:07,20109,3.2295004,17831.90322580645
2000/01/01@13:53:08,20110,3.229125,17835.8064516129
2000/01/01@13:53:09,20111,3.2285628,17839.709677419356
2000/01/01@13:53:10,20112,3.229313,17843.612903225807
2000/01/01@13:53:11,20113,3.2295004,17847.516129032258
2000/01/01@13:53:12,20114,3.229313,17851.41935483871
2000/01/01@13:53:13,20115,3.2285628,17855.322580645163
2000/01/01@13:53:14,20116,3.2295004,17859.225806451614
2000/01/01@13:53:15,20117,3.229125,17863.129032258064
2000/01/01@13:53:16,20118,3.229313,17867.032258064515
2000/01/01@13:53:18,20120,3.2295004,17874.83870967742
2000/01/01@13:53:19,20121,3.2296876,17878.74193548387
2000/01/01@13:53:20,20122,3.2287502,17882.645161290322
2000/01/01@13:53:21,20123,3.2287502,17886.548387096773
2000/01/01@13:53:22,20124,3.2287502,17890.451612903227
2000/01/01@13:53:23,20125,3.2287502,17894.354838709678
2000/01/01@13:53:24,20126,3.2289376,17898.25806451613
2000/01/01@13:53:25,20127,3.2287502,17902.16129032258
2000/01/01@13:53:26,20128,3.2296876,17906.064516129034
2000/01/01@13:53:27,20129,3.229313,17909.967741935485
2000/01/01@13:53:28,20130,3.2296876,17913.870967741936
2000/01/01@13:53:30,20132,3.2295004,17921.677419354837
2000/01/01@13:53:31,20133,3.229313,17925.58064516129
2000/01/01@13:53:32,20134,3.229125,17929.483870967742
2000/01/01@13:53:33,20135,3.2287502,17933.387096774193
2000/01/01@13:53:34,20136,3.2287502,17937.290322580644
2000/01/01@13:53:35,20137,3.229125,17941.1935483871
2000/01/01@13:53:36,20138,3.229313,17945.09677419355
2000/01/01@13:53:37,20139,3.2287502,17949.0
2000/01/01@13:53:38,20140,3.2287502,17951.645161290322
2000/01/01@13:53:39,20141,3.2295004,17954.290322580644
2000/01/01@13:53:41,20142,3.2285628,17959.58064516129
2000/01/01@13:53:42,20144,3.2287502,17962.225806451614
2000/01/01@13:53:43,20145,3.2296876,17964.870967741936
2000/01/01@13:53:44,20146,3.229125,17967.516129032258
2000/01/01@13:53:45,20147,3.2285628,17970.16129032258
2000/01/01@13:53:46,20148,3.2285628,17972.8064516129
2000/01/01@13:53:47,20149,3.229125,17975.451612903227
2000/01/01@13:53:48,20150,3.229125,17978.09677419355
2000/01/01@13:53:49,20151,3.229313,17980.74193548387
2000/01/01@13:53:50,20152,3.229125,17983.387096774193
2000/01/01@13:53:51,20153,3.2289376,17986.032258064515
2000/01/01@13:53:52,20154,3.2287502,17988.677419354837
2000/01/01@13:53:54,20156,3.2287502,17993.967741935485
2000/01/01@13:53:55,20157,3.2295004,17996.612903225807
2000/01/01@13:53:56,20158,3.2289376,17999.25806451613
2000/01/01@13:53:57,20159,3.2296876,18001.90322580645
2000/01/01@13:53:58,20160,3.2287502,18004.548387096773
2000/01/01@13:53:59,20161,3.229313,18007.1935483871
2000/01/01@13:54:00,20162,3.229125,18009.83870967742
2000/01/01@13:54:01,20163,3.2287502,18012.483870967742
2000/01/01@13:54:02,20164,3.2287502,18015.129032258064
2000/01/01@13:54:03,20165,3.2289376,18017.774193548386
2000/01/01@13:54:04,20166,3.2285628,18020.41935483871
2000/01/01@13:54:06,20168,3.2289376,18025.709677419356
2000/01/01@13:54:07,20169,3.229313,18028.354838709678
2000/01/01@13:54:08,20170,3.229125,18031.0
2000/01/01@13:54:09,20171,3.2287502,18034.0
2000/01/01@13:54:10,20172,3.2285628,18037.0
2000/01/01@13:54:11,20173,3.2285628,18040.0
2000/01/01@13:54:12,20174,3.2287502,18043.0
2000/01/01@13:54:13,20175,3.229313,18046.0
2000/01/01@13:54:14,20176,3.2289376,18049.0
2000/01/01@13:54:15,20177,3.2289376,18052.0
2000/01/01@13:54:16,20178,3.2295004,18055.0
2000/01/01@13:54:18,20180,3.2289376,18061.0
2000/01/01@13:54:19,20181,3.2295004,18064.0
2000/01/01@13:54:20,20182,3.2289376,18067.0
2000/01/01@13:54:21,20183,3.2289376,18070.0
2000/01/01@13:54:22,20184,3.229125,18073.0
2000/01/01@13:54:23,20185,3.229125,18076.0
2000/01/01@13:54:24,20186,3.229313,18079.0
2000/01/01@13:54:25,20187,3.2285628,18082.0
2000/01/01@13:54:26,20188,3.2287502,18085.0
2000/01/01@13:54:27,20189,3.229125,18088.0
2000/01/01@13:54:28,20190,3.2285628,18091.0
2000/01/01@13:54:30,20192,3.229125,18097.0
2000/01/01@13:54:31,20193,3.2285628,18100.0
2000/01/01@13:54:32,20194,3.2287502,18103.0
2000/01/01@13:54:33,20195,3.2285628,18106.0
2000/01/01@13:54:34,20196,3.2289376,18109.0
2000/01/01@13:54:35,20197,3.2287502,18112.0
2000/01/01@13:54:36,20198,3.2289376,18115.0
2000/01/01@13:54:37,20199,3.229313,18118.0
2000/01/01@13:54:38,20200,3.2287502,18121.0
2000/01/01@13:54:39,20201,3.2295004,18123.8064516129
2000/01/01@13:54:40,20202,3.2287502,18126.612903225807
2000/01/01@13:54:42,20204,3.2287502,18132.225806451614
2000/01/01@13:54:43,20205,3.2287502,18135.032258064515
2000/01/01@13:54:44,20206,3.229125,18137.83870967742
2000/01/01@13:54:45,20207,3.229313,18140.645161290322
2000/01/01@13:54:46,20208,3.229125,18143.451612903227
2000/01/01@13:54:47,20209,3.229125,18146.25806451613
2000/01/01@13:54:48,20210,3.2295004,18149.064516129034
2000/01/01@13:54:49,20211,3.229313,18151.870967741936
2000/01/01@13:54:50,20212,3.229313,18154.677419354837
2000/01/01@13:54:51,20213,3.2285628,18157.483870967742
2000/01/01@13:54:52,20214,3.2289376,18160.290322580644
2000/01/01@13:54:54,20216,3.2289376,18165.90322580645
2000/01/01@13:54:55,20217,3.2289376,18168.709677419356
2000/01/01@13:54:56,20218,3.2287502,18171.516129032258
2000/01/01@13:54:57,20219,3.2285628,18174.322580645163
2000/01/01@13:54:58,20220,3.229125,18177.129032258064
2000/01/01@13:54:59,20221,3.2287502,18179.935483870966
2000/01/01@13:55:00,20222,3.2295004,18182.74193548387
2000/01/01@13:55:01,20223,3.2285628,18185.548387096773
2000/01/01@13:55:02,20224,3.2295004,18188.354838709678
2000/01/01@13:55:03,20225,3.229313,18191.16129032258
2000/01/01@13:55:04,20226,3.2295004,18193.967741935485
2000/01/01@13:55:06,20228,3.229125,18199.58064516129
2000/01/01@13:55:07,20229,3.2295004,18202.387096774193
2000/01/01@13:55:08,20230,3.2287502,18205.1935483871
2000/01/01@13:55:09,20231,3.2287502,18208.0
2000/01/01@13:55:10,20232,3.2285628,18210.9
2000/01/01@13:55:11,20233,3.2285628,18213.8
2000/01/01@13:55:12,20234,3.2285628,18216.7
2000/01/01@13:55:13,20235,3.2289376,18219.6
2000/01/01@13:55:14,20236,3.2285628,18222.5
2000/01/01@13:55:15,20237,3.229125,18225.4
2000/01/01@13:55:17,20238,3.2285628,18231.2
2000/01/01@13:55:18,20240,3.228375,18234.1
2000/01/01@13:55:19,20241,3.2289376,18237.0
2000/01/01@13:55:20,20242,3.2285628,18239.9
2000/01/01@13:55:21,20243,3.2287502,18242.8
2000/01/01@13:55:22,20244,3.2285628,18245.7
2000/01/01@13:55:23,20245,3.229313,18248.6
2000/01/01@13:55:24,20246,3.2287502,18251.5
2000/01/01@13:55:25,20247,3.228375,18254.4
2000/01/01@13:55:26,20248,3.2285628,18257.3
2000/01/01@13:55:27,20249,3.2285628,18260.2
2000/01/01@13:55:29,20251,3.2285628,18266.0
2000/01/01@13:55:30,20252,3.2287502,18268.9
2000/01/01@13:55:31,20253,3.229125,18271.8
2000/01/01@13:55:32,20254,3.2289376,18274.7
2000/01/01@13:55:33,20255,3.2289376,18277.6
2000/01/01@13:55:34,20256,3.2285628,18280.5
2000/01/01@13:55:35,20257,3.229313,18283.4
2000/01/01@13:55:36,20258,3.2289376,18286.3
2000/01/01@13:55:37,20259,3.2285628,18289.2
2000/01/01@13:55:38,20260,3.229125,18292.1
2000/01/01@13:55:39,20261,3.2285628,18295.0
2000/01/01@13:55:41,20263,3.2285628,18300.8064516129
2000/01/01@13:55:42,20264,3.2289376,18303.709677419356
2000/01/01@13:55:43,20265,3.2285628,18306.612903225807
2000/01/01@13:55:44,20266,3.2287502,18309.516129032258
2000/01/01@13:55:45,20267,3.2295004,18312.41935483871
2000/01/01@13:55:46,20268,3.229125,18315.322580645163
2000/01/01@13:55:47,20269,3.2285628,18318.225806451614
2000/01/01@13:55:48,20270,3.2289376,18321.129032258064
2000/01/01@13:55:49,20271,3.2285628,18324.032258064515
2000/01/01@13:55:50,20272,3.228375,18326.935483870966
2000/01/01@13:55:51,20273,3.2289376,18329.83870967742
2000/01/01@13:55:53,20275,3.229313,18335.645161290322
2000/01/01@13:55:54,20276,3.2285628,18338.548387096773
2000/01/01@13:55:55,20277,3.229313,18341.451612903227
2000/01/01@13:55:56,20278,3.2289376,18344.354838709678
2000/01/01@13:55:57,20279,3.2289376,18347.25806451613
2000/01/01@13:55:58,20280,3.228375,18350.16129032258
2000/01/01@13:55:59,20281,3.2287502,18353.064516129034
2000/01/01@13:56:00,20282,3.2285628,18355.967741935485
2000/01/01@13:56:01,20283,3.2289376,18358.870967741936
2000/01/01@13:56:02,20284,3.2285628,18361.774193548386
2000/01/01@13:56:03,20285,3.229125,18364.677419354837
2000/01/01@13:56:05,20287,3.2285628,18370.483870967742
2000/01/01@13:56:06,20288,3.229313,18373.387096774193
2000/01/01@13:56:07,20289,3.2285628,18376.290322580644
2000/01/01@13:56:08,20290,3.2287502,18379.1935483871
2000/01/01@13:56:09,20291,3.229313,18382.09677419355
2000/01/01@13:56:10,20292,3.2285628,18385.0
2000/01/01@13:56:11,20293,3.2285628,18387.966666666667
2000/01/01@13:56:12,20294,3.2285628,18390.933333333334
2000/01/01@13:56:13,20295,3.2285628,18393.9
2000/01/01@13:56:14,20296,3.2285628,18396.866666666665
2000/01/01@13:56:15,20297,3.2287502,18399.833333333332
2000/01/01@13:56:17,20299,3.228375,18405.766666666666
2000/01/01@13:56:18,20300,3.2287502,18408.733333333334
2000/01/01@13:56:19,20301,3.229125,18411.7
2000/01/01@13:56:20,20302,3.229125,18414.666666666668
2000/01/01@13:56:21,20303,3.2285628,18417.633333333335
2000/01/01@13:56:22,20304,3.228375,18420.6
2000/01/01@13:56:23,20305,3.228375,18423.566666666666
2000/01/01@13:56:24,20306,3.2285628,18426.533333333333
2000/01/01@13:56:25,20307,3.2285628,18429.5
2000/01/01@13:56:26,20308,3.2285628,18432.466666666667
2000/01/01@13:56:27,20309,3.228375,18435.433333333334
2000/01/01@13:56:29,20311,3.2285628,18441.366666666665
2000/01/01@13:56:30,20312,3.229313,18444.333333333332
2000/01/01@13:56:31,20313,3.229125,18447.3
2000/01/01@13:56:32,20314,3.2287502,18450.266666666666
2000/01/01@13:56:33,20315,3.229125,18453.233333333334
2000/01/01@13:56:34,20316,3.2289376,18456.2
2000/01/01@13:56:35,20317,3.2285628,18459.166666666668
2000/01/01@13:56:36,20318,3.229125,18462.133333333335
2000/01/01@13:56:37,20319,3.229125,18465.1
2000/01/01@13:56:38,20320,3.2287502,18468.066666666666
2000/01/01@13:56:39,20321,3.2287502,18471.033333333333
2000/01/01@13:56:41,20323,3.228375,18477.16129032258
2000/01/01@13:56:42,20324,3.2287502,18480.322580645163
2000/01/01@13:56:43,20325,3.229125,18483.483870967742
2000/01/01@13:56:44,20326,3.228375,18486.645161290322
2000/01/01@13:56:45,20327,3.228375,18489.8064516129
2000/01/01@13:56:46,20328,3.229313,18492.967741935485
2000/01/01@13:56:47,20329,3.2289376,18496.129032258064
2000/01/01@13:56:48,20330,3.2287502,18499.290322580644
2000/01/01@13:56:49,20331,3.2287502,18502.451612903227
2000/01/01@13:56:50,20332,3.228375,18505.612903225807
2000/01/01@13:56:51,20333,3.229313,18508.774193548386
2000/01/01@13:56:53,20335,3.228375,18515.09677419355
2000/01/01@13:56:54,20336,3.2289376,18518.25806451613
2000/01/01@13:56:55,20337,3.228375,18521.41935483871
2000/01/01@13:56:56,20338,3.229125,18524.58064516129
2000/01/01@13:56:57,20339,3.2289376,18527.74193548387
2000/01/01@13:56:58,20340,3.229313,18530.90322580645
2000/01/01@13:56:59,20341,3.2285628,18534.064516129034
2000/01/01@13:57:00,20342,3.228375,18537.225806451614
2000/01/01@13:57:01,20343,3.2285628,18540.387096774193
2000/01/01@13:57:02,20344,3.2287502,18543.548387096773
2000/01/01@13:57:03,20345,3.2281876,18546.709677419356
2000/01/01@13:57:05,20347,3.228375,18553.032258064515
2000/01/01@13:57:06,20348,3.228375,18556.1935483871
2000/01/01@13:57:07,20349,3.2289376,18559.354838709678
2000/01/01@13:57:08,20350,3.228375,18562.516129032258
2000/01/01@13:57:09,20351,3.2287502,18565.677419354837
2000/01/01@13:57:10,20352,3.2287502,18568.83870967742
2000/01/01@13:57:11,20353,3.229125,18572.0
2000/01/01@13:57:12,20354,3.229125,18575.354838709678
2000/01/01@13:57:13,20355,3.228375,18578.709677419356
2000/01/01@13:57:14,20356,3.2285628,18582.064516129034
2000/01/01@13:57:15,20357,3.2285628,18585.41935483871
2000/01/01@13:57:17,20359,3.229125,18592.129032258064
2000/01/01@13:57:18,20360,3.2285628,18595.483870967742
2000/01/01@13:57:19,20361,3.2285628,18598.83870967742
2000/01/01@13:57:20,20362,3.2287502,18602.1935483871
2000/01/01@13:57:21,20363,3.2285628,18605.548387096773
2000/01/01@13:57:22,20364,3.229125,18608.90322580645
2000/01/01@13:57:23,20365,3.229125,18612.25806451613
2000/01/01@13:57:24,20366,3.2289376,18615.612903225807
2000/01/01@13:57:25,20367,3.2285628,18618.967741935485
2000/01/01@13:57:26,20368,3.229125,18622.322580645163
2000/01/01@13:57:27,20369,3.2285628,18625.677419354837
2000/01/01@13:57:29,20371,3.228375,18632.387096774193
2000/01/01@13:57:30,20372,3.2289376,18635.74193548387
2000/01/01@13:57:31,20373,3.229125,18639.09677419355
2000/01/01@13:57:32,20374,3.228375,18642.451612903227
2000/01/01@13:57:33,20375,3.228375,18645.8064516129
2000/01/01@13:57:34,20376,3.2281876,18649.16129032258
2000/01/01@13:57:35,20377,3.228375,18652.516129032258
2000/01/01@13:57:36,20378,3.229125,18655.870967741936
2000/01/01@13:57:37,20379,3.2285628,18659.225806451614
2000/01/01@13:57:38,20380,3.2287502,18662.58064516129
2000/01/01@13:57:39,20381,3.229313,18665.935483870966
2000/01/01@13:57:41,20383,3.229125,18672.645161290322
2000/01/01@13:57:42,20384,3.2285628,18676.0
2000/01/01@13:57:43,20385,3.2287502,18679.3
2000/01/01@13:57:44,20386,3.2285628,18682.6
2000/01/01@13:57:45,20387,3.229313,18685.9
2000/01/01@13:57:46,20388,3.228375,18689.2
2000/01/01@13:57:47,20389,3.228375,18692.5
2000/01/01@13:57:48,20390,3.2285628,18695.8
2000/01/01@13:57:49,20391,3.2287502,18699.1
2000/01/01@13:57:50,20392,3.2289376,18702.4
2000/01/01@13:57:51,20393,3.2289376,18705.7
2000/01/01@13:57:53,20395,3.2287502,18712.3
2000/01/01@13:57:54,20396,3.2285628,18715.6
2000/01/01@13:57:55,20397,3.2287502,18718.9
2000/01/01@13:57:56,20398,3.228375,18722.2
2000/01/01@13:57:57,20399,3.2287502,18725.5
2000/01/01@13:57:58,20400,3.2289376,18728.8
2000/01/01@13:57:59,20401,3.228375,18732.1
2000/01/01@13:58:00,20402,3.228375,18735.4
2000/01/01@13:58:01,20403,3.228375,18738.7
2000/01/01@13:58:02,20404,3.2285628,18742.0
2000/01/01@13:58:03,20405,3.2285628,18745.3
2000/01/01@13:58:05,20407,3.228375,18751.9
2000/01/01@13:58:06,20408,3.2285628,18755.2
2000/01/01@13:58:07,20409,3.2289376,18758.5
2000/01/01@13:58:08,20410,3.229313,18761.8
2000/01/01@13:58:09,20411,3.228375,18765.1
2000/01/01@13:58:10,20412,3.228375,18768.4
2000/01/01@13:58:11,20413,3.229313,18771.7
2000/01/01@13:58:12,20414,3.228375,18775.0
2000/01/01@13:58:13,20415,3.2285628,18778.83870967742
2000/01/01@13:58:14,20416,3.229313,18782.677419354837
2000/01/01@13:58:15,20417,3.2285628,18786.516129032258
2000/01/01@13:58:17,20419,3.2285628,18794.1935483871
2000/01/01@13:58:18,20420,3.2285628,18798.032258064515
2000/01/01@13:58:19,20421,3.228375,18801.870967741936
2000/01/01@13:58:20,20422,3.2289376,18805.709677419356
2000/01/01@13:58:21,20423,3.2285628,18809.548387096773
2000/01/01@13:58:22,20424,3.2285628,18813.387096774193
2000/01/01@13:58:23,20425,3.2295004,18817.225806451614
2000/01/01@13:58:24,20426,3.228375,18821.064516129034
2000/01/01@13:58:25,20427,3.2289376,18824.90322580645
2000/01/01@13:58:26,20428,3.2285628,18828.74193548387
2000/01/01@13:58:27,20429,3.228375,18832.58064516129
2000/01/01@13:58:29,20431,3.2285628,18840.25806451613
2000/01/01@13:58:30,20432,3.228375,18844.09677419355
2000/01/01@13:58:31,20433,3.228375,18847.935483870966
2000/01/01@13:58:32,20434,3.2287502,18851.774193548386
2000/01/01@13:58:33,20435,3.229313,18855.612903225807
2000/01/01@13:58:34,20436,3.228375,18859.451612903227
2000/01/01@13:58:35,20437,3.229125,18863.290322580644
2000/01/01@13:58:36,20438,3.2285628,18867.129032258064
2000/01/01@13:58:37,20439,3.2287502,18870.967741935485
2000/01/01@13:58:38,20440,3.229125,18874.8064516129
2000/01/01@13:58:39,20441,3.229125,18878.645161290322
2000/01/01@13:58:41,20443,3.2285628,18886.322580645163
2000/01/01@13:58:42,20444,3.228375,18890.16129032258
2000/01/01@13:58:43,20445,3.2281876,18894.0
2000/01/01@13:58:44,20446,3.2289376,18897.2
2000/01/01@13:58:45,20447,3.2287502,18900.4
2000/01/01@13:58:46,20448,3.229313,18903.6
2000/01/01@13:58:47,20449,3.2281876,18906.8
2000/01/01@13:58:48,20450,3.2287502,18910.0
2000/01/01@13:58:49,20451,3.2289376,18913.2
2000/01/01@13:58:50,20452,3.2285628,18916.4
2000/01/01@13:58:51,20453,3.2285628,18919.6
2000/01/01@13:58:53,20455,3.229313,18926.0
2000/01/01@13:58:54,20456,3.229125,18929.2
2000/01/01@13:58:55,20457,3.2287502,18932.4
2000/01/01@13:58:56,20458,3.228375,18935.6
2000/01/01@13:58:57,20459,3.228375,18938.8
2000/01/01@13:58:58,20460,3.229125,18942.0
2000/01/01@13:58:59,20461,3.2289376,18945.2
2000/01/01@13:59:00,20462,3.229313,18948.4
2000/01/01@13:59:01,20463,3.2285628,18951.6
2000/01/01@13:59:02,20464,3.228375,18954.8
2000/01/01@13:59:03,20465,3.228375,18958.0
2000/01/01@13:59:05,20467,3.228375,18964.4
2000/01/01@13:59:06,20468,3.228375,18967.6
2000/01/01@13:59:07,20469,3.2281876,18970.8
2000/01/01@13:59:08,20470,3.2289376,18974.0
2000/01/01@13:59:09,20471,3.2281876,18977.2
2000/01/01@13:59:10,20472,3.229125,18980.4
2000/01/01@13:59:11,20473,3.2289376,18983.6
2000/01/01@13:59:12,20474,3.2287502,18986.8
2000/01/01@13:59:13,20475,3.229313,18990.0
2000/01/01@13:59:14,20476,3.228375,18993.16129032258
2000/01/01@13:59:15,20477,3.2295004,18996.322580645163
2000/01/01@13:59:17,20479,3.229125,19002.645161290322
2000/01/01@13:59:18,20480,3.228375,19005.8064516129
2000/01/01@13:59:19,20481,3.229125,19008.967741935485
2000/01/01@13:59:20,20482,3.2289376,19012.129032258064
2000/01/01@13:59:21,20483,3.229125,19015.290322580644
2000/01/01@13:59:22,20484,3.2281876,19018.451612903227
2000/01/01@13:59:23,20485,3.2289376,19021.612903225807
2000/01/01@13:59:24,20486,3.2289376,19024.774193548386
2000/01/01@13:59:25,20487,3.2287502,19027.935483870966
2000/01/01@13:59:26,20488,3.2287502,19031.09677419355
2000/01/01@13:59:27,20489,3.2281876,19034.25806451613
2000/01/01@13:59:29,20491,3.2281876,19040.58064516129
2000/01/01@13:59:30,20492,3.229125,19043.74193548387
2000/01/01@13:59:31,20493,3.228375,19046.90322580645
2000/01/01@13:59:32,20494,3.228375,19050.064516129034
2000/01/01@13:59:33,20495,3.229313,19053.225806451614
2000/01/01@13:59:34,20496,3.2285628,19056.387096774193
2000/01/01@13:59:35,20497,3.2281876,19059.548387096773
2000/01/01@13:59:36,20498,3.2287502,19062.709677419356
2000/01/01@13:59:37,20499,3.2281876,19065.870967741936
2000/01/01@13:59:38,20500,3.2287502,19069.032258064515
2000/01/01@13:59:39,20501,3.2287502,19072.1935483871
2000/01/01@13:59:41,20503,3.2287502,19078.516129032258
2000/01/01@13:59:42,20504,3.229125,19081.677419354837
2000/01/01@13:59:43,20505,3.2281876,19084.83870967742
2000/01/01@13:59:44,20506,3.229125,19088.0
2000/01/01@13:59:45,20507,3.2285628,19090.967741935485
2000/01/01@13:59:46,20508,3.2285628,19093.935483870966
2000/01/01@13:59:47,20509,3.228375,19096.90322580645
2000/01/01@13:59:48,20510,3.229125,19099.870967741936
2000/01/01@13:59:49,20511,3.2287502,19102.83870967742
2000/01/01@13:59:50,20512,3.2285628,19105.8064516129
2000/01/01@13:59:51,20513,3.229125,19108.774193548386
2000/01/01@13:59:53,20515,3.228375,19114.709677419356
2000/01/01@13:59:54,20516,3.228375,19117.677419354837
2000/01/01@13:59:55,20517,3.2285628,19120.645161290322
2000/01/01@13:59:56,20518,3.229125,19123.612903225807
2000/01/01@13:59:57,20519,3.228375,19126.58064516129
2000/01/01@13:59:58,20520,3.2285628,19129.548387096773
2000/01/01@13:59:59,20521,3.229125,19132.516129032258
2000/01/01@14:00:00,20522,3.228375,19135.483870967742
2000/01/01@14:00:01,20523,3.2281876,19138.451612903227
2000/01/01@14:00:02,20524,3.2281876,19141.41935483871
2000/01/01@14:00:03,20525,3.2289376,19144.387096774193
2000/01/01@14:00:05,20527,3.2280002,19150.322580645163
2000/01/01@14:00:06,20528,3.2289376,19153.290322580644
2000/01/01@14:00:07,20529,3.2287502,19156.25806451613
2000/01/01@14:00:08,20530,3.229125,19159.225806451614
2000/01/01@14:00:09,20531,3.2281876,19162.1935483871
2000/01/01@14:00:10,20532,3.2287502,19165.16129032258
2000/01/01@14:00:11,20533,3.229125,19168.129032258064
2000/01/01@14:00:12,20534,3.2285628,19171.09677419355
2000/01/01@14:00:13,20535,3.2281876,19174.064516129034
2000/01/01@14:00:14,20536,3.229125,19177.032258064515
2000/01/01@14:00:15,20537,3.2285628,19180.0
2000/01/01@14:00:17,20539,3.228375,19186.6
2000/01/01@14:00:18,20540,3.2285628,19189.9
2000/01/01@14:00:19,20541,3.2289376,19193.2
2000/01/01@14:00:20,20542,3.2287502,19196.5
2000/01/01@14:00:21,20543,3.2289376,19199.8
2000/01/01@14:00:22,20544,3.229125,19203.1
2000/01/01@14:00:23,20545,3.228375,19206.4
2000/01/01@14:00:24,20546,3.229125,19209.7
2000/01/01@14:00:25,20547,3.2281876,19213.0
2000/01/01@14:00:26,20548,3.2285628,19216.3
2000/01/01@14:00:27,20549,3.229125,19219.6
2000/01/01@14:00:29,20551,3.2281876,19226.2
2000/01/01@14:00:30,20552,3.228375,19229.5
2000/01/01@14:00:31,20553,3.2281876,19232.8
2000/01/01@14:00:32,20554,3.2287502,19236.1
2000/01/01@14:00:33,20555,3.2285628,19239.4
2000/01/01@14:00:34,20556,3.2281876,19242.7
2000/01/01@14:00:35,20557,3.2281876,19246.0
2000/01/01@14:00:36,20558,3.229125,19249.3
2000/01/01@14:00:37,20559,3.2289376,19252.6
2000/01/01@14:00:38,20560,3.228375,19255.9
2000/01/01@14:00:39,20561,3.2289376,19259.2
2000/01/01@14:00:41,20563,3.229313,19265.8
2000/01/01@14:00:42,20564,3.2289376,19269.1
2000/01/01@14:00:43,20565,3.2285628,19272.4
2000/01/01@14:00:44,20566,3.2287502,19275.7
2000/01/01@14:00:45,20567,3.2287502,19279.0
2000/01/01@14:00:46,20568,3.2281876,19282.354838709678
2000/01/01@14:00:47,20569,3.2287502,19285.709677419356
2000/01/01@14:00:48,20570,3.228375,19289.064516129034
2000/01/01@14:00:49,20571,3.2289376,19292.41935483871
2000/01/01@14:00:50,20572,3.2285628,19295.774193548386
2000/01/01@14:00:51,20573,3.229313,19299.129032258064
2000/01/01@14:00:53,20575,3.228375,19305.83870967742
2000/01/01@14:00:54,20576,3.228375,19309.1935483871
2000/01/01@14:00:55,20577,3.2289376,19312.548387096773
2000/01/01@14:00:56,20578,3.2281876,19315.90322580645
2000/01/01@14:00:57,20579,3.229125,19319.25806451613
2000/01/01@14:00:58,20580,3.229313,19322.612903225807
2000/01/01@14:00:59,20581,3.229125,19325.967741935485
2000/01/01@14:01:00,20582,3.228375,19329.322580645163
2000/01/01@14:01:01,20583,3.229125,19332.677419354837
2000/01/01@14:01:02,20584,3.2289376,19336.032258064515
2000/01/01@14:01:03,20585,3.228375,19339.387096774193
2000/01/01@14:01:05,20587,3.2285628,19346.09677419355
2000/01/01@14:01:06,20588,3.2285628,19349.451612903227
2000/01/01@14:01:07,20589,3.2289376,19352.8064516129
2000/01/01@14:01:08,20590,3.2285628,19356.16129032258
2000/01/01@14:01:09,20591,3.2289376,19359.516129032258
2000/01/01@14:01:10,20592,3.2285628,19362.870967741936
2000/01/01@14:01:11,20593,3.228375,19366.225806451614
2000/01/01@14:01:12,20594,3.2285628,19369.58064516129
2000/01/01@14:01:13,20595,3.2289376,19372.935483870966
2000/01/01@14:01:14,20596,3.228375,19376.290322580644
2000/01/01@14:01:15,20597,3.229125,19379.645161290322
2000/01/01@14:01:17,20599,3.2281876,19386.133333333335
2000/01/01@14:01:18,20600,3.229125,19389.266666666666
2000/01/01@14:01:19,20601,3.229125,19392.4
2000/01/01@14:01:20,20602,3.229125,19395.533333333333
2000/01/01@14:01:21,20603,3.229125,19398.666666666668
2000/01/01@14:01:22,20604,3.228375,19401.8
2000/01/01@14:01:23,20605,3.2285628,19404.933333333334
2000/01/01@14:01:24,20606,3.2281876,19408.066666666666
2000/01/01@14:01:25,20607,3.2287502,19411.2
2000/01/01@14:01:26,20608,3.2287502,19414.333333333332
2000/01/01@14:01:27,20609,3.2285628,19417.466666666667
2000/01/01@14:01:29,20611,3.2285628,19423.733333333334
2000/01/01@14:01:30,20612,3.228375,19426.866666666665
2000/01/01@14:01:31,20613,3.2281876,19430.0
2000/01/01@14:01:32,20614,3.2281876,19433.133333333335
2000/01/01@14:01:33,20615,3.2281876,19436.266666666666
2000/01/01@14:01:34,20616,3.229125,19439.4
2000/01/01@14:01:35,20617,3.229125,19442.533333333333
2000/01/01@14:01:36,20618,3.228375,19445.666666666668
2000/01/01@14:01:37,20619,3.228375,19448.8
2000/01/01@14:01:38,20620,3.2281876,19451.933333333334
2000/01/01@14:01:39,20621,3.2289376,19455.066666666666
2000/01/01@14:01:41,20623,3.228375,19461.333333333332
2000/01/01@14:01:42,20624,3.228375,19464.466666666667
2000/01/01@14:01:43,20625,3.2289376,19467.6
2000/01/01@14:01:44,20626,3.2281876,19470.733333333334
2000/01/01@14:01:45,20627,3.2281876,19473.866666666665
2000/01/01@14:01:46,20628,3.2285628,19477.0
2000/01/01@14:01:47,20629,3.2281876,19480.032258064515
2000/01/01@14:01:48,20630,3.228375,19483.064516129034
2000/01/01@14:01:49,20631,3.2280002,19486.09677419355
2000/01/01@14:01:50,20632,3.2285628,19489.129032258064
2000/01/01@14:01:51,20633,3.2289376,19492.16129032258
2000/01/01@14:01:53,20635,3.2281876,19498.225806451614
2000/01/01@14:01:54,20636,3.229125,19501.25806451613
2000/01/01@14:01:55,20637,3.2285628,19504.290322580644
2000/01/01@14:01:56,20638,3.228375,19507.322580645163
2000/01/01@14:01:57,20639,3.2285628,19510.354838709678
2000/01/01@14:01:58,20640,3.229125,19513.387096774193
2000/01/01@14:01:59,20641,3.229313,19516.41935483871
2000/01/01@14:02:00,20642,3.2281876,19519.451612903227
2000/01/01@14:02:01,20643,3.2281876,19522.483870967742
2000/01/01@14:02:02,20644,3.228375,19525.516129032258
2000/01/01@14:02:03,20645,3.229125,19528.548387096773
2000/01/01@14:02:05,20647,3.2289376,19534.612903225807
2000/01/01@14:02:06,20648,3.2281876,19537.645161290322
2000/01/01@14:02:07,20649,3.2281876,19540.677419354837
2000/01/01@14:02:08,20650,3.2281876,19543.709677419356
2000/01/01@14:02:09,20651,3.2287502,19546.74193548387
2000/01/01@14:02:10,20652,3.2285628,19549.774193548386
2000/01/01@14:02:11,20653,3.228375,19552.8064516129
2000/01/01@14:02:12,20654,3.229313,19555.83870967742
2000/01/01@14:02:13,20655,3.2285628,19558.870967741936
2000/01/01@14:02:14,20656,3.2285628,19561.90322580645
2000/01/01@14:02:16,20658,3.2281876,19567.967741935485
2000/01/01@14:02:17,20659,3.2281876,19571.0
2000/01/01@14:02:18,20660,3.2287502,19574.133333333335
2000/01/01@14:02:19,20661,3.228375,19577.266666666666
2000/01/01@14:02:20,20662,3.229125,19580.4
2000/01/01@14:02:21,20663,3.2287502,19583.533333333333
2000/01/01@14:02:22,20664,3.228375,19586.666666666668
2000/01/01@14:02:23,20665,3.229125,19589.8
2000/01/01@14:02:24,20666,3.228375,19592.933333333334
2000/01/01@14:02:25,20667,3.228375,19596.066666666666
2000/01/01@14:02:26,20668,3.2289376,19599.2
2000/01/01@14:02:28,20670,3.228375,19605.466666666667
2000/01/01@14:02:29,20671,3.228375,19608.6
2000/01/01@14:02:30,20672,3.229313,19611.733333333334
2000/01/01@14:02:31,20673,3.228375,19614.866666666665
2000/01/01@14:02:32,20674,3.2281876,19618.0
2000/01/01@14:02:33,20675,3.2285628,19621.133333333335
2000/01/01@14:02:34,20676,3.2285628,19624.266666666666
2000/01/01@14:02:35,20677,3.2287502,19627.4
2000/01/01@14:02:36,20678,3.228375,19630.533333333333
2000/01/01@14:02:37,20679,3.2285628,19633.666666666668
2000/01/01@14:02:38,20680,3.228375,19636.8
2000/01/01@14:02:40,20682,3.2281876,19643.066666666666
2000/01/01@14:02:41,20683,3.2281876,19646.2
2000/01/01@14:02:42,20684,3.229313,19649.333333333332
2000/01/01@14:02:43,20685,3.2287502,19652.466666666667
2000/01/01@14:02:44,20686,3.229313,19655.6
2000/01/01@14:02:45,20687,3.229125,19658.733333333334
2000/01/01@14:02:46,20688,3.228375,19661.866666666665
2000/01/01@14:02:47,20689,3.2281876,19665.0
2000/01/01@14:02:48,20690,3.228375,19668.16129032258
2000/01/01@14:02:49,20691,3.2285628,19671.322580645163
2000/01/01@14:02:50,20692,3.2289376,19674.483870967742
2000/01/01@14:02:52,20694,3.229313,19680.8064516129
2000/01/01@14:02:53,20695,3.2287502,19683.967741935485
2000/01/01@14:02:54,20696,3.2281876,19687.129032258064
2000/01/01@14:02:55,20697,3.228375,19690.290322580644
2000/01/01@14:02:56,20698,3.2285628,19693.451612903227
2000/01/01@14:02:57,20699,3.228375,19696.612903225807
2000/01/01@14:02:58,20700,3.2281876,19699.774193548386
2000/01/01@14:02:59,20701,3.2287502,19702.935483870966
2000/01/01@14:03:00,20702,3.2281876,19706.09677419355
2000/01/01@14:03:01,20703,3.2281876,19709.25806451613
2000/01/01@14:03:02,20704,3.228375,19712.41935483871
2000/01/01@14:03:04,20706,3.2281876,19718.74193548387
2000/01/01@14:03:05,20707,3.2285628,19721.90322580645
2000/01/01@14:03:06,20708,3.2281876,19725.064516129034
2000/01/01@14:03:07,20709,3.2281876,19728.225806451614
2000/01/01@14:03:08,20710,3.2281876,19731.387096774193
2000/01/01@14:03:09,20711,3.2287502,19734.548387096773
2000/01/01@14:03:10,20712,3.2289376,19737.709677419356
2000/01/01@14:03:11,20713,3.2281876,19740.870967741936
2000/01/01@14:03:12,20714,3.2281876,19744.032258064515
2000/01/01@14:03:13,20715,3.2289376,19747.1935483871
2000/01/01@14:03:14,20716,3.2285628,19750.354838709678
2000/01/01@14:03:16,20718,3.2281876,19756.677419354837
2000/01/01@14:03:17,20719,3.228375,19759.83870967742
2000/01/01@14:03:18,20720,3.2287502,19763.0
2000/01/01@14:03:19,20721,3.228375,19765.967741935485
2000/01/01@14:03:20,20722,3.228375,19768.935483870966
2000/01/01@14:03:21,20723,3.2285628,19771.90322580645
2000/01/01@14:03:22,20724,3.2289376,19774.870967741936
2000/01/01@14:03:23,20725,3.2281876,19777.83870967742
2000/01/01@14:03:24,20726,3.2289376,19780.8064516129
2000/01/01@14:03:25,20727,3.2287502,19783.774193548386
2000/01/01@14:03:26,20728,3.2281876,19786.74193548387
2000/01/01@14:03:28,20730,3.2289376,19792.677419354837
2000/01/01@14:03:29,20731,3.2287502,19795.645161290322
2000/01/01@14:03:30,20732,3.2287502,19798.612903225807
2000/01/01@14:03:31,20733,3.2289376,19801.58064516129
2000/01/01@14:03:32,20734,3.2281876,19804.548387096773
2000/01/01@14:03:33,20735,3.2287502,19807.516129032258
2000/01/01@14:03:34,20736,3.2285628,19810.483870967742
2000/01/01@14:03:35,20737,3.2285628,19813.451612903227
2000/01/01@14:03:36,20738,3.2285628,19816.41935483871
2000/01/01@14:03:37,20739,3.2287502,19819.387096774193
2000/01/01@14:03:38,20740,3.2289376,19822.354838709678
2000/01/01@14:03:40,20742,3.2289376,19828.290322580644
2000/01/01@14:03:41,20743,3.229125,19831.25806451613
2000/01/01@14:03:42,20744,3.2285628,19834.225806451614
2000/01/01@14:03:43,20745,3.2285628,19837.1935483871
2000/01/01@14:03:44,20746,3.2281876,19840.16129032258
2000/01/01@14:03:45,20747,3.229313,19843.129032258064
2000/01/01@14:03:46,20748,3.2285628,19846.09677419355
2000/01/01@14:03:47,20749,3.228375,19849.064516129034
2000/01/01@14:03:48,20750,3.229313,19852.032258064515
2000/01/01@14:03:49,20751,3.2281876,19855.0
2000/01/01@14:03:50,20752,3.2287502,19858.366666666665
2000/01/01@14:03:52,20754,3.228375,19865.1
2000/01/01@14:03:53,20755,3.228375,19868.466666666667
2000/01/01@14:03:54,20756,3.228375,19871.833333333332
2000/01/01@14:03:55,20757,3.228375,19875.2
2000/01/01@14:03:56,20758,3.2285628,19878.566666666666
2000/01/01@14:03:57,20759,3.2295004,19881.933333333334
2000/01/01@14:03:58,20760,3.2287502,19885.3
2000/01/01@14:03:59,20761,3.228375,19888.666666666668
2000/01/01@14:04:00,20762,3.229125,19892.033333333333
2000/01/01@14:04:01,20763,3.228375,19895.4
2000/01/01@14:04:02,20764,3.2285628,19898.766666666666
2000/01/01@14:04:04,20766,3.2287502,19905.5
2000/01/01@14:04:05,20767,3.2285628,19908.866666666665
2000/01/01@14:04:06,20768,3.2285628,19912.233333333334
2000/01/01@14:04:07,20769,3.2289376,19915.6
2000/01/01@14:04:08,20770,3.228375,19918.966666666667
2000/01/01@14:04:09,20771,3.2281876,19922.333333333332
2000/01/01@14:04:10,20772,3.228375,19925.7
2000/01/01@14:04:11,20773,3.2289376,19929.066666666666
2000/01/01@14:04:12,20774,3.229125,19932.433333333334
2000/01/01@14:04:13,20775,3.229313,19935.8
2000/01/01@14:04:14,20776,3.2289376,19939.166666666668
2000/01/01@14:04:16,20778,3.2289376,19945.9
2000/01/01@14:04:17,20779,3.2287502,19949.266666666666
2000/01/01@14:04:18,20780,3.229125,19952.633333333335
2000/01/01@14:04:19,20781,3.2281876,19956.0
2000/01/01@14:04:20,20782,3.229313,19959.129032258064
2000/01/01@14:04:21,20783,3.2281876,19962.25806451613
2000/01/01@14:04:22,20784,3.2281876,19965.387096774193
2000/01/01@14:04:23,20785,3.228375,19968.516129032258
2000/01/01@14:04:24,20786,3.2285628,19971.645161290322
2000/01/01@14:04:25,20787,3.2289376,19974.774193548386
2000/01/01@14:04:26,20788,3.2289376,19977.90322580645
2000/01/01@14:04:28,20790,3.2287502,19984.16129032258
2000/01/01@14:04:29,20791,3.2281876,19987.290322580644
2000/01/01@14:04:30,20792,3.2281876,19990.41935483871
2000/01/01@14:04:31,20793,3.2287502,19993.548387096773
2000/01/01@14:04:32,20794,3.228375,19996.677419354837
2000/01/01@14:04:33,20795,3.229125,19999.8064516129
2000/01/01@14:04:34,20796,3.2281876,20002.935483870966
2000/01/01@14:04:35,20797,3.2289376,20006.064516129034
2000/01/01@14:04:36,20798,3.2281876,20009.1935483871
2000/01/01@14:04:37,20799,3.228375,20012.322580645163
2000/01/01@14:04:38,20800,3.2281876,20015.451612903227
2000/01/01@14:04:40,20802,3.2285628,20021.709677419356
2000/01/01@14:04:41,20803,3.2287502,20024.83870967742
2000/01/01@14:04:42,20804,3.2287502,20027.967741935485
2000/01/01@14:04:43,20805,3.229125,20031.09677419355
2000/01/01@14:04:44,20806,3.228375,20034.225806451614
2000/01/01@14:04:45,20807,3.228375,20037.354838709678
2000/01/01@14:04:46,20808,3.2285628,20040.483870967742
2000/01/01@14:04:47,20809,3.228375,20043.612903225807
2000/01/01@14:04:48,20810,3.228375,20046.74193548387
2000/01/01@14:04:49,20811,3.2287502,20049.870967741936
2000/01/01@14:04:50,20812,3.228375,20053.0
2000/01/01@14:04:52,20814,3.2285628,20058.933333333334
2000/01/01@14:04:53,20815,3.2281876,20061.9
2000/01/01@14:04:54,20816,3.2287502,20064.866666666665
2000/01/01@14:04:55,20817,3.2295004,20067.833333333332
2000/01/01@14:04:56,20818,3.2289376,20070.8
2000/01/01@14:04:57,20819,3.229313,20073.766666666666
2000/01/01@14:04:58,20820,3.229125,20076.733333333334
2000/01/01@14:04:59,20821,3.2289376,20079.7
2000/01/01@14:05:00,20822,3.229313,20082.666666666668
2000/01/01@14:05:01,20823,3.2280002,20085.633333333335
2000/01/01@14:05:02,20824,3.2281876,20088.6
2000/01/01@14:05:04,20826,3.228375,20094.533333333333
2000/01/01@14:05:05,20827,3.229313,20097.5
2000/01/01@14:05:06,20828,3.2281876,20100.466666666667
2000/01/01@14:05:07,20829,3.229125,20103.433333333334
2000/01/01@14:05:08,20830,3.229313,20106.4
2000/01/01@14:05:09,20831,3.229313,20109.366666666665
2000/01/01@14:05:10,20832,3.229125,20112.333333333332
2000/01/01@14:05:11,20833,3.2285628,20115.3
2000/01/01@14:05:12,20834,3.229125,20118.266666666666
2000/01/01@14:05:13,20835,3.2285628,20121.233333333334
2000/01/01@14:05:14,20836,3.2281876,20124.2
2000/01/01@14:05:16,20838,3.228375,20130.133333333335
2000/01/01@14:05:17,20839,3.2289376,20133.1
2000/01/01@14:05:18,20840,3.228375,20136.066666666666
2000/01/01@14:05:19,20841,3.2289376,20139.033333333333
2000/01/01@14:05:20,20842,3.228375,20142.0
2000/01/01@14:05:21,20843,3.228375,20144.90322580645
2000/01/01@14:05:22,20844,3.229125,20147.8064516129
2000/01/01@14:05:23,20845,3.2289376,20150.709677419356
2000/01/01@14:05:24,20846,3.2287502,20153.612903225807
2000/01/01@14:05:25,20847,3.228375,20156.516129032258
2000/01/01@14:05:26,20848,3.2287502,20159.41935483871
2000/01/01@14:05:28,20850,3.228375,20165.225806451614
2000/01/01@14:05:29,20851,3.2287502,20168.129032258064
2000/01/01@14:05:30,20852,3.2295004,20171.032258064515
2000/01/01@14:05:31,20853,3.2289376,20173.935483870966
2000/01/01@14:05:32,20854,3.2281876,20176.83870967742
2000/01/01@14:05:33,20855,3.2281876,20179.74193548387
2000/01/01@14:05:34,20856,3.2289376,20182.645161290322
2000/01/01@14:05:35,20857,3.229125,20185.548387096773
2000/01/01@14:05:36,20858,3.229313,20188.451612903227
2000/01/01@14:05:37,20859,3.2281876,20191.354838709678
2000/01/01@14:05:38,20860,3.2289376,20194.25806451613
2000/01/01@14:05:40,20862,3.229125,20200.064516129034
2000/01/01@14:05:41,20863,3.228375,20202.967741935485
2000/01/01@14:05:42,20864,3.2281876,20205.870967741936
2000/01/01@14:05:43,20865,3.2285628,20208.774193548386
2000/01/01@14:05:44,20866,3.228375,20211.677419354837
2000/01/01@14:05:45,20867,3.2285628,20214.58064516129
2000/01/01@14:05:46,20868,3.2281876,20217.483870967742
2000/01/01@14:05:47,20869,3.2285628,20220.387096774193
2000/01/01@14:05:48,20870,3.229125,20223.290322580644
2000/01/01@14:05:49,20871,3.228375,20226.1935483871
2000/01/01@14:05:50,20872,3.229125,20229.09677419355
2000/01/01@14:05:52,20874,3.2287502,20235.129032258064
2000/01/01@14:05:53,20875,3.228375,20238.25806451613
2000/01/01@14:05:54,20876,3.229125,20241.387096774193
2000/01/01@14:05:55,20877,3.229125,20244.516129032258
2000/01/01@14:05:56,20878,3.2281876,20247.645161290322
2000/01/01@14:05:57,20879,3.229125,20250.774193548386
2000/01/01@14:05:58,20880,3.2289376,20253.90322580645
2000/01/01@14:05:59,20881,3.229125,20257.032258064515
2000/01/01@14:06:00,20882,3.2285628,20260.16129032258
2000/01/01@14:06:01,20883,3.228375,20263.290322580644
2000/01/01@14:06:02,20884,3.2285628,20266.41935483871
2000/01/01@14:06:04,20886,3.2289376,20272.677419354837
2000/01/01@14:06:05,20887,3.228375,20275.8064516129
2000/01/01@14:06:06,20888,3.228375,20278.935483870966
2000/01/01@14:06:07,20889,3.2285628,20282.064516129034
2000/01/01@14:06:08,20890,3.2281876,20285.1935483871
2000/01/01@14:06:09,20891,3.2287502,20288.322580645163
2000/01/01@14:06:10,20892,3.229125,20291.451612903227
2000/01/01@14:06:11,20893,3.2281876,20294.58064516129
2000/01/01@14:06:12,20894,3.229125,20297.709677419356
2000/01/01@14:06:13,20895,3.2287502,20300.83870967742
2000/01/01@14:06:14,20896,3.228375,20303.967741935485
2000/01/01@14:06:16,20898,3.2285628,20310.225806451614
2000/01/01@14:06:17,20899,3.2285628,20313.354838709678
2000/01/01@14:06:18,20900,3.228375,20316.483870967742
2000/01/01@14:06:19,20901,3.2287502,20319.612903225807
2000/01/01@14:06:20,20902,3.2289376,20322.74193548387
2000/01/01@14:06:21,20903,3.2289376,20325.870967741936
2000/01/01@14:06:22,20904,3.2281876,20329.0
2000/01/01@14:06:23,20905,3.2289376,20332.2
2000/01/01@14:06:24,20906,3.228375,20335.4
2000/01/01@14:06:25,20907,3.2281876,20338.6
2000/01/01@14:06:26,20908,3.229125,20341.8
2000/01/01@14:06:28,20910,3.2289376,20348.2
2000/01/01@14:06:29,20911,3.228375,20351.4
2000/01/01@14:06:30,20912,3.228375,20354.6
2000/01/01@14:06:31,20913,3.229125,20357.8
2000/01/01@14:06:32,20914,3.2281876,20361.0
2000/01/01@14:06:33,20915,3.2287502,20364.2
2000/01/01@14:06:34,20916,3.2287502,20367.4
2000/01/01@14:06:35,20917,3.228375,20370.6
2000/01/01@14:06:36,20918,3.2285628,20373.8
2000/01/01@14:06:37,20919,3.2289376,20377.0
2000/01/01@14:06:38,20920,3.2281876,20380.2
2000/01/01@14:06:40,20922,3.229125,20386.6
2000/01/01@14:06:41,20923,3.2280002,20389.8
2000/01/01@14:06:42,20924,3.2281876,20393.0
2000/01/01@14:06:43,20925,3.229125,20396.2
2000/01/01@14:06:44,20926,3.229313,20399.4
2000/01/01@14:06:45,20927,3.2285628,20402.6
2000/01/01@14:06:46,20928,3.2281876,20405.8
2000/01/01@14:06:47,20929,3.228375,20409.0
2000/01/01@14:06:48,20930,3.228375,20412.2
2000/01/01@14:06:49,20931,3.2289376,20415.4
2000/01/01@14:06:50,20932,3.228375,20418.6
2000/01/01@14:06:52,20934,3.2285628,20425.0
2000/01/01@14:06:53,20935,3.229313,20427.967741935485
2000/01/01@14:06:54,20936,3.229125,20430.935483870966
2000/01/01@14:06:55,20937,3.2285628,20433.90322580645
2000/01/01@14:06:56,20938,3.2289376,20436.870967741936
2000/01/01@14:06:57,20939,3.229313,20439.83870967742
2000/01/01@14:06:58,20940,3.2281876,20442.8064516129
2000/01/01@14:06:59,20941,3.228375,20445.774193548386
2000/01/01@14:07:00,20942,3.228375,20448.74193548387
2000/01/01@14:07:01,20943,3.2287502,20451.709677419356
2000/01/01@14:07:02,20944,3.2285628,20454.677419354837
2000/01/01@14:07:04,20946,3.228375,20460.612903225807
2000/01/01@14:07:05,20947,3.2287502,20463.58064516129
2000/01/01@14:07:06,20948,3.229313,20466.548387096773
2000/01/01@14:07:07,20949,3.2285628,20469.516129032258
2000/01/01@14:07:08,20950,3.229313,20472.483870967742
2000/01/01@14:07:09,20951,3.228375,20475.451612903227
2000/01/01@14:07:10,20952,3.2287502,20478.41935483871
2000/01/01@14:07:11,20953,3.228375,20481.387096774193
2000/01/01@14:07:12,20954,3.228375,20484.354838709678
2000/01/01@14:07:13,20955,3.229125,20487.322580645163
2000/01/01@14:07:14,20956,3.229313,20490.290322580644
2000/01/01@14:07:16,20958,3.2285628,20496.225806451614
2000/01/01@14:07:17,20959,3.228375,20499.1935483871
2000/01/01@14:07:18,20960,3.229313,20502.16129032258
2000/01/01@14:07:19,20961,3.2287502,20505.129032258064
2000/01/01@14:07:20,20962,3.2289376,20508.09677419355
2000/01/01@14:07:21,20963,3.229313,20511.064516129034
2000/01/01@14:07:22,20964,3.2285628,20514.032258064515
2000/01/01@14:07:23,20965,3.229313,20517.0
2000/01/01@14:07:24,20966,3.2289376,20520.233333333334
2000/01/01@14:07:25,20967,3.2289376,20523.466666666667
2000/01/01@14:07:26,20968,3.229125,20526.7
2000/01/01@14:07:28,20970,3.2281876,20533.166666666668
2000/01/01@14:07:29,20971,3.2285628,20536.4
2000/01/01@14:07:30,20972,3.2285628,20539.633333333335
2000/01/01@14:07:31,20973,3.2287502,20542.866666666665
2000/01/01@14:07:32,20974,3.229313,20546.1
2000/01/01@14:07:33,20975,3.228375,20549.333333333332
2000/01/01@14:07:34,20976,3.228375,20552.566666666666
2000/01/01@14:07:35,20977,3.229313,20555.8
2000/01/01@14:07:36,20978,3.2287502,20559.033333333333
2000/01/01@14:07:37,20979,3.229125,20562.266666666666
2000/01/01@14:07:38,20980,3.229125,20565.5
2000/01/01@14:07:40,20982,3.229125,20571.966666666667
2000/01/01@14:07:41,20983,3.2281876,20575.2
2000/01/01@14:07:42,20984,3.2285628,20578.433333333334
2000/01/01@14:07:43,20985,3.228375,20581.666666666668
2000/01/01@14:07:44,20986,3.228375,20584.9
2000/01/01@14:07:45,20987,3.228375,20588.133333333335
2000/01/01@14:07:46,20988,3.2289376,20591.366666666665
2000/01/01@14:07:47,20989,3.2287502,20594.6
2000/01/01@14:07:48,20990,3.2289376,20597.833333333332
2000/01/01@14:07:49,20991,3.2287502,20601.066666666666
2000/01/01@14:07:50,20992,3.228375,20604.3
2000/01/01@14:07:52,20994,3.2281876,20610.766666666666
2000/01/01@14:07:53,20995,3.2281876,20614.0
2000/01/01@14:07:54,20996,3.229125,20617.09677419355
2000/01/01@14:07:55,20997,3.2281876,20620.1935483871
2000/01/01@14:07:56,20998,3.2281876,20623.290322580644
2000/01/01@14:07:57,20999,3.229125,20626.387096774193
2000/01/01@14:07:58,21000,3.228375,20629.483870967742
2000/01/01@14:07:59,21001,3.2285628,20632.58064516129
2000/01/01@14:08:00,21002,3.229125,20635.677419354837
2000/01/01@14:08:01,21003,3.2281876,20638.774193548386
2000/01/01@14:08:02,21004,3.2281876,20641.870967741936
2000/01/01@14:08:04,21006,3.228375,20648.064516129034
2000/01/01@14:08:05,21007,3.2287502,20651.16129032258
2000/01/01@14:08:06,21008,3.2285628,20654.25806451613
2000/01/01@14:08:07,21009,3.228375,20657.354838709678
2000/01/01@14:08:08,21010,3.229313,20660.451612903227
2000/01/01@14:08:09,21011,3.228375,20663.548387096773
2000/01/01@14:08:10,21012,3.228375,20666.645161290322
2000/01/01@14:08:11,21013,3.229125,20669.74193548387
2000/01/01@14:08:12,21014,3.2285628,20672.83870967742
2000/01/01@14:08:13,21015,3.229125,20675.935483870966
2000/01/01@14:08:14,21016,3.228375,20679.032258064515
2000/01/01@14:08:16,21018,3.2287502,20685.225806451614
2000/01/01@14:08:17,21019,3.2281876,20688.322580645163
2000/01/01@14:08:18,21020,3.229125,20691.41935483871
2000/01/01@14:08:19,21021,3.229125,20694.516129032258
2000/01/01@14:08:20,21022,3.2289376,20697.612903225807
2000/01/01@14:08:21,21023,3.2285628,20700.709677419356
2000/01/01@14:08:22,21024,3.228375,20703.8064516129
2000/01/01@14:08:23,21025,3.2281876,20706.90322580645
2000/01/01@14:08:24,21026,3.228375,20710.0
2000/01/01@14:08:25,21027,3.228375,20713.166666666668
2000/01/01@14:08:26,21028,3.2281876,20716.333333333332
2000/01/01@14:08:28,21030,3.228375,20722.666666666668
2000/01/01@14:08:29,21031,3.2281876,20725.833333333332
2000/01/01@14:08:30,21032,3.2281876,20729.0
2000/01/01@14:08:31,21033,3.2289376,20732.166666666668
2000/01/01@14:08:32,21034,3.228375,20735.333333333332
2000/01/01@14:08:33,21035,3.228375,20738.5
2000/01/01@14:08:34,21036,3.2285628,20741.666666666668
2000/01/01@14:08:35,21037,3.2285628,20744.833333333332
2000/01/01@14:08:36,21038,3.2281876,20748.0
2000/01/01@14:08:37,21039,3.2289376,20751.166666666668
2000/01/01@14:08:39,21040,3.2289376,20757.5
2000/01/01@14:08:40,21042,3.228375,20760.666666666668
2000/01/01@14:08:41,21043,3.228375,20763.833333333332
2000/01/01@14:08:42,21044,3.2289376,20767.0
2000/01/01@14:08:43,21045,3.229125,20770.166666666668
2000/01/01@14:08:44,21046,3.2289376,20773.333333333332
2000/01/01@14:08:45,21047,3.229313,20776.5
2000/01/01@14:08:46,21048,3.2281876,20779.666666666668
2000/01/01@14:08:47,21049,3.228375,20782.833333333332
2000/01/01@14:08:48,21050,3.229125,20786.0
2000/01/01@14:08:49,21051,3.229313,20789.166666666668
2000/01/01@14:08:51,21052,3.229125,20795.5
2000/01/01@14:08:52,21054,3.228375,20798.666666666668
2000/01/01@14:08:53,21055,3.229125,20801.833333333332
2000/01/01@14:08:54,21056,3.228375,20805.0
2000/01/01@14:08:55,21057,3.228375,20808.16129032258
2000/01/01@14:08:56,21058,3.228375,20811.322580645163
2000/01/01@14:08:57,21059,3.2287502,20814.483870967742
2000/01/01@14:08:58,21060,3.229125,20817.645161290322
2000/01/01@14:08:59,21061,3.2285628,20820.8064516129
2000/01/01@14:09:00,21062,3.229125,20823.967741935485
2000/01/01@14:09:01,21063,3.2289376,20827.129032258064
2000/01/01@14:09:03,21065,3.2281876,20833.451612903227
2000/01/01@14:09:04,21066,3.228375,20836.612903225807
2000/01/01@14:09:05,21067,3.228375,20839.774193548386
2000/01/01@14:09:06,21068,3.228375,20842.935483870966
2000/01/01@14:09:07,21069,3.2285628,20846.09677419355
2000/01/01@14:09:08,21070,3.2285628,20849.25806451613
2000/01/01@14:09:09,21071,3.2285628,20852.41935483871
2000/01/01@14:09:10,21072,3.2281876,20855.58064516129
2000/01/01@14:09:11,21073,3.229313,20858.74193548387
2000/01/01@14:09:12,21074,3.2287502,20861.90322580645
2000/01/01@14:09:13,21075,3.2281876,20865.064516129034
2000/01/01@14:09:15,21077,3.2287502,20871.387096774193
2000/01/01@14:09:16,21078,3.2280002,20874.548387096773
2000/01/01@14:09:17,21079,3.2281876,20877.709677419356
2000/01/01@14:09:18,21080,3.228375,20880.870967741936
2000/01/01@14:09:19,21081,3.228375,20884.032258064515
2000/01/01@14:09:20,21082,3.2289376,20887.1935483871
2000/01/01@14:09:21,21083,3.2281876,20890.354838709678
2000/01/01@14:09:22,21084,3.2285628,20893.516129032258
2000/01/01@14:09:23,21085,3.2280002,20896.677419354837
2000/01/01@14:09:24,21086,3.228375,20899.83870967742
2000/01/01@14:09:25,21087,3.2289376,20903.0
2000/01/01@14:09:27,21088,3.2281876,20908.74193548387
2000/01/01@14:09:28,21090,3.2281876,20911.612903225807
2000/01/01@14:09:29,21091,3.228375,20914.483870967742
2000/01/01@14:09:30,21092,3.228375,20917.354838709678
2000/01/01@14:09:31,21093,3.2287502,20920.225806451614
2000/01/01@14:09:32,21094,3.2281876,20923.09677419355
2000/01/01@14:09:33,21095,3.228375,20925.967741935485
2000/01/01@14:09:34,21096,3.228375,20928.83870967742
2000/01/01@14:09:35,21097,3.2285628,20931.709677419356
2000/01/01@14:09:36,21098,3.228375,20934.58064516129
2000/01/01@14:09:37,21099,3.2289376,20937.451612903227
2000/01/01@14:09:39,21101,3.2281876,20943.1935483871
2000/01/01@14:09:40,21102,3.2281876,20946.064516129034
2000/01/01@14:09:41,21103,3.2281876,20948.935483870966
2000/01/01@14:09:42,21104,3.2281876,20951.8064516129
2000/01/01@14:09:43,21105,3.2287502,20954.677419354837
2000/01/01@14:09:44,21106,3.2281876,20957.548387096773
2000/01/01@14:09:45,21107,3.2281876,20960.41935483871
2000/01/01@14:09:46,21108,3.228375,20963.290322580644
2000/01/01@14:09:47,21109,3.229125,20966.16129032258
2000/01/01@14:09:48,21110,3.2281876,20969.032258064515
2000/01/01@14:09:49,21111,3.2281876,20971.90322580645
2000/01/01@14:09:51,21113,3.2281876,20977.645161290322
2000/01/01@14:09:52,21114,3.2285628,20980.516129032258
2000/01/01@14:09:53,21115,3.228375,20983.387096774193
2000/01/01@14:09:54,21116,3.2281876,20986.25806451613
2000/01/01@14:09:55,21117,3.2281876,20989.129032258064
2000/01/01@14:09:56,21118,3.228375,20992.0
2000/01/01@14:09:57,21119,3.2281876,20995.033333333333
2000/01/01@14:09:58,21120,3.2281876,20998.066666666666
2000/01/01@14:09:59,21121,3.2285628,21001.1
2000/01/01@14:10:00,21122,3.2285628,21004.133333333335
2000/01/01@14:10:01,21123,3.2285628,21007.166666666668
2000/01/01@14:10:03,21125,3.228375,21013.233333333334
2000/01/01@14:10:04,21126,3.228375,21016.266666666666
2000/01/01@14:10:05,21127,3.2287502,21019.3
2000/01/01@14:10:06,21128,3.2285628,21022.333333333332
2000/01/01@14:10:07,21129,3.2285628,21025.366666666665
2000/01/01@14:10:08,21130,3.2287502,21028.4
2000/01/01@14:10:09,21131,3.229125,21031.433333333334
2000/01/01@14:10:10,21132,3.228375,21034.466666666667
2000/01/01@14:10:11,21133,3.228375,21037.5
2000/01/01@14:10:12,21134,3.2289376,21040.533333333333
2000/01/01@14:10:13,21135,3.2281876,21043.566666666666
2000/01/01@14:10:15,21137,3.2287502,21049.633333333335
2000/01/01@14:10:16,21138,3.2287502,21052.666666666668
2000/01/01@14:10:17,21139,3.2287502,21055.7
2000/01/01@14:10:18,21140,3.2281876,21058.733333333334
2000/01/01@14:10:19,21141,3.228375,21061.766666666666
2000/01/01@14:10:20,21142,3.2285628,21064.8
2000/01/01@14:10:21,21143,3.229313,21067.833333333332
2000/01/01@14:10:22,21144,3.2285628,21070.866666666665
2000/01/01@14:10:23,21145,3.228375,21073.9
2000/01/01@14:10:24,21146,3.2281876,21076.933333333334
2000/01/01@14:10:25,21147,3.2289376,21079.966666666667
2000/01/01@14:10:27,21149,3.228375,21085.967741935485
2000/01/01@14:10:28,21150,3.2281876,21088.935483870966
2000/01/01@14:10:29,21151,3.2281876,21091.90322580645
2000/01/01@14:10:30,21152,3.2289376,21094.870967741936
2000/01/01@14:10:31,21153,3.2289376,21097.83870967742
2000/01/01@14:10:32,21154,3.229125,21100.8064516129
2000/01/01@14:10:33,21155,3.2281876,21103.774193548386
2000/01/01@14:10:34,21156,3.228375,21106.74193548387
2000/01/01@14:10:35,21157,3.2287502,21109.709677419356
2000/01/01@14:10:36,21158,3.229313,21112.677419354837
2000/01/01@14:10:37,21159,3.228375,21115.645161290322
2000/01/01@14:10:39,21161,3.229125,21121.58064516129
2000/01/01@14:10:40,21162,3.2281876,21124.548387096773
2000/01/01@14:10:41,21163,3.2281876,21127.516129032258
2000/01/01@14:10:42,21164,3.2289376,21130.483870967742
2000/01/01@14:10:43,21165,3.228375,21133.451612903227
2000/01/01@14:10:44,21166,3.2281876,21136.41935483871
2000/01/01@14:10:45,21167,3.2289376,21139.387096774193
2000/01/01@14:10:46,21168,3.229125,21142.354838709678
2000/01/01@14:10:47,21169,3.2289376,21145.322580645163
2000/01/01@14:10:48,21170,3.2281876,21148.290322580644
2000/01/01@14:10:49,21171,3.228375,21151.25806451613
2000/01/01@14:10:51,21173,3.2287502,21157.1935483871
2000/01/01@14:10:52,21174,3.228375,21160.16129032258
2000/01/01@14:10:53,21175,3.2287502,21163.129032258064
2000/01/01@14:10:54,21176,3.228375,21166.09677419355
2000/01/01@14:10:55,21177,3.2281876,21169.064516129034
2000/01/01@14:10:56,21178,3.2285628,21172.032258064515
2000/01/01@14:10:57,21179,3.228375,21175.0
2000/01/01@14:10:58,21180,3.228375,21177.966666666667
2000/01/01@14:10:59,21181,3.2285628,21180.933333333334
2000/01/01@14:11:00,21182,3.2289376,21183.9
2000/01/01@14:11:01,21183,3.228375,21186.866666666665
2000/01/01@14:11:03,21185,3.228375,21192.8
2000/01/01@14:11:04,21186,3.228375,21195.766666666666
2000/01/01@14:11:05,21187,3.2289376,21198.733333333334
2000/01/01@14:11:06,21188,3.2289376,21201.7
2000/01/01@14:11:07,21189,3.2278126,21204.666666666668
2000/01/01@14:11:08,21190,3.2281876,21207.633333333335
2000/01/01@14:11:09,21191,3.2281876,21210.6
2000/01/01@14:11:10,21192,3.2285628,21213.566666666666
2000/01/01@14:11:11,21193,3.2281876,21216.533333333333
2000/01/01@14:11:12,21194,3.2281876,21219.5
2000/01/01@14:11:13,21195,3.2287502,21222.466666666667
2000/01/01@14:11:15,21197,3.2281876,21228.4
2000/01/01@14:11:16,21198,3.2287502,21231.366666666665
2000/01/01@14:11:17,21199,3.228375,21234.333333333332
2000/01/01@14:11:18,21200,3.2287502,21237.3
2000/01/01@14:11:19,21201,3.228375,21240.266666666666
2000/01/01@14:11:20,21202,3.2281876,21243.233333333334
2000/01/01@14:11:21,21203,3.2287502,21246.2
2000/01/01@14:11:22,21204,3.228375,21249.166666666668
2000/01/01@14:11:23,21205,3.228375,21252.133333333335
2000/01/01@14:11:24,21206,3.2289376,21255.1
2000/01/01@14:11:25,21207,3.2278126,21258.066666666666
2000/01/01@14:11:27,21209,3.2287502,21264.0
2000/01/01@14:11:28,21210,3.2285628,21267.25806451613
2000/01/01@14:11:29,21211,3.2281876,21270.516129032258
2000/01/01@14:11:30,21212,3.2281876,21273.774193548386
2000/01/01@14:11:31,21213,3.2281876,21277.032258064515
2000/01/01@14:11:32,21214,3.2285628,21280.290322580644
2000/01/01@14:11:33,21215,3.2280002,21283.548387096773
2000/01/01@14:11:34,21216,3.2287502,21286.8064516129
2000/01/01@14:11:35,21217,3.2281876,21290.064516129034
2000/01/01@14:11:36,21218,3.2280002,21293.322580645163
2000/01/01@14:11:37,21219,3.2280002,21296.58064516129
2000/01/01@14:11:39,21221,3.2280002,21303.09677419355
2000/01/01@14:11:40,21222,3.2281876,21306.354838709678
2000/01/01@14:11:41,21223,3.2285628,21309.612903225807
2000/01/01@14:11:42,21224,3.2281876,21312.870967741936
2000/01/01@14:11:43,21225,3.2285628,21316.129032258064
2000/01/01@14:11:44,21226,3.228375,21319.387096774193
2000/01/01@14:11:45,21227,3.2285628,21322.645161290322
2000/01/01@14:11:46,21228,3.2281876,21325.90322580645
2000/01/01@14:11:47,21229,3.228375,21329.16129032258
2000/01/01@14:11:48,21230,3.2281876,21332.41935483871
2000/01/01@14:11:49,21231,3.2289376,21335.677419354837
2000/01/01@14:11:51,21233,3.2278126,21342.1935483871
2000/01/01@14:11:52,21234,3.2281876,21345.451612903227
2000/01/01@14:11:53,21235,3.2280002,21348.709677419356
2000/01/01@14:11:54,21236,3.2287502,21351.967741935485
2000/01/01@14:11:55,21237,3.2287502,21355.225806451614
2000/01/01@14:11:56,21238,3.2285628,21358.483870967742
2000/01/01@14:11:57,21239,3.2281876,21361.74193548387
2000/01/01@14:11:58,21240,3.2289376,21365.0
2000/01/01@14:11:59,21241,3.2287502,21368.451612903227
2000/01/01@14:12:00,21242,3.229125,21371.90322580645
2000/01/01@14:12:01,21243,3.2287502,21375.354838709678
2000/01/01@14:12:03,21245,3.229125,21382.25806451613
2000/01/01@14:12:04,21246,3.2287502,21385.709677419356
2000/01/01@14:12:05,21247,3.228375,21389.16129032258
2000/01/01@14:12:06,21248,3.2278126,21392.612903225807
2000/01/01@14:12:07,21249,3.229125,21396.064516129034
2000/01/01@14:12:08,21250,3.2285628,21399.516129032258
2000/01/01@14:12:09,21251,3.2289376,21402.967741935485
2000/01/01@14:12:10,21252,3.2278126,21406.41935483871
2000/01/01@14:12:11,21253,3.2285628,21409.870967741936
2000/01/01@14:12:12,21254,3.228375,21413.322580645163
2000/01/01@14:12:14,21256,3.2278126,21420.225806451614
2000/01/01@14:12:15,21257,3.2287502,21423.677419354837
2000/01/01@14:12:16,21258,3.2281876,21427.129032258064
2000/01/01@14:12:17,21259,3.2289376,21430.58064516129
2000/01/01@14:12:18,21260,3.2280002,21434.032258064515
2000/01/01@14:12:19,21261,3.2289376,21437.483870967742
2000/01/01@14:12:20,21262,3.2289376,21440.935483870966
2000/01/01@14:12:21,21263,3.2280002,21444.387096774193
2000/01/01@14:12:22,21264,3.2289376,21447.83870967742
2000/01/01@14:12:23,21265,3.2281876,21451.290322580644
2000/01/01@14:12:24,21266,3.2280002,21454.74193548387
2000/01/01@14:12:26,21268,3.2280002,21461.645161290322
2000/01/01@14:12:27,21269,3.2289376,21465.09677419355
2000/01/01@14:12:28,21270,3.2280002,21468.548387096773
2000/01/01@14:12:29,21271,3.2289376,21472.0
2000/01/01@14:12:30,21272,3.2280002,21475.466666666667
2000/01/01@14:12:31,21273,3.2280002,21478.933333333334
2000/01/01@14:12:32,21274,3.2285628,21482.4
2000/01/01@14:12:33,21275,3.228375,21485.866666666665
2000/01/01@14:12:34,21276,3.2281876,21489.333333333332
2000/01/01@14:12:35,21277,3.2289376,21492.8
2000/01/01@14:12:36,21278,3.2281876,21496.266666666666
2000/01/01@14:12:38,21280,3.2281876,21503.2
2000/01/01@14:12:39,21281,3.2281876,21506.666666666668
2000/01/01@14:12:40,21282,3.2289376,21510.133333333335
2000/01/01@14:12:41,21283,3.228375,21513.6
2000/01/01@14:12:42,21284,3.2289376,21517.066666666666
2000/01/01@14:12:43,21285,3.2281876,21520.533333333333
2000/01/01@14:12:44,21286,3.2281876,21524.0
2000/01/01@14:12:45,21287,3.2287502,21527.466666666667
2000/01/01@14:12:46,21288,3.2280002,21530.933333333334
2000/01/01@14:12:47,21289,3.2285628,21534.4
2000/01/01@14:12:48,21290,3.2285628,21537.866666666665
2000/01/01@14:12:50,21292,3.228375,21544.8
2000/01/01@14:12:51,21293,3.2285628,21548.266666666666
2000/01/01@14:12:52,21294,3.2278126,21551.733333333334
2000/01/01@14:12:53,21295,3.2281876,21555.2
2000/01/01@14:12:54,21296,3.2280002,21558.666666666668
2000/01/01@14:12:55,21297,3.2285628,21562.133333333335
2000/01/01@14:12:56,21298,3.2287502,21565.6
2000/01/01@14:12:57,21299,3.2280002,21569.066666666666
2000/01/01@14:12:58,21300,3.2280002,21572.533333333333
2000/01/01@14:12:59,21301,3.2287502,21576.0
2000/01/01@14:13:00,21302,3.2281876,21579.129032258064
2000/01/01@14:13:02,21304,3.2281876,21585.387096774193
2000/01/01@14:13:03,21305,3.2285628,21588.516129032258
2000/01/01@14:13:04,21306,3.2281876,21591.645161290322
2000/01/01@14:13:05,21307,3.2280002,21594.774193548386
2000/01/01@14:13:06,21308,3.2281876,21597.90322580645
2000/01/01@14:13:07,21309,3.2285628,21601.032258064515
2000/01/01@14:13:08,21310,3.2281876,21604.16129032258
2000/01/01@14:13:09,21311,3.2280002,21607.290322580644
2000/01/01@14:13:10,21312,3.2285628,21610.41935483871
2000/01/01@14:13:11,21313,3.2280002,21613.548387096773
2000/01/01@14:13:12,21314,3.228375,21616.677419354837
2000/01/01@14:13:14,21316,3.2289376,21622.935483870966
2000/01/01@14:13:15,21317,3.2287502,21626.064516129034
2000/01/01@14:13:16,21318,3.2289376,21629.1935483871
2000/01/01@14:13:17,21319,3.2280002,21632.322580645163
2000/01/01@14:13:18,21320,3.2285628,21635.451612903227
2000/01/01@14:13:19,21321,3.2281876,21638.58064516129
2000/01/01@14:13:20,21322,3.2289376,21641.709677419356
2000/01/01@14:13:21,21323,3.2280002,21644.83870967742
2000/01/01@14:13:22,21324,3.2285628,21647.967741935485
2000/01/01@14:13:23,21325,3.2289376,21651.09677419355
2000/01/01@14:13:24,21326,3.2281876,21654.225806451614
2000/01/01@14:13:26,21328,3.228375,21660.483870967742
2000/01/01@14:13:27,21329,3.2285628,21663.612903225807
2000/01/01@14:13:28,21330,3.2280002,21666.74193548387
2000/01/01@14:13:29,21331,3.2280002,21669.870967741936
2000/01/01@14:13:30,21332,3.2280002,21673.0
2000/01/01@14:13:31,21333,3.2280002,21676.0
2000/01/01@14:13:32,21334,3.2289376,21679.0
2000/01/01@14:13:33,21335,3.2280002,21682.0
2000/01/01@14:13:34,21336,3.2280002,21685.0
2000/01/01@14:13:35,21337,3.2280002,21688.0
2000/01/01@14:13:36,21338,3.2280002,21691.0
2000/01/01@14:13:38,21340,3.2281876,21697.0
2000/01/01@14:13:39,21341,3.228375,21700.0
2000/01/01@14:13:40,21342,3.2280002,21703.0
2000/01/01@14:13:41,21343,3.2280002,21706.0
2000/01/01@14:13:42,21344,3.2285628,21709.0
2000/01/01@14:13:43,21345,3.2281876,21712.0
2000/01/01@14:13:44,21346,3.2285628,21715.0
2000/01/01@14:13:45,21347,3.2280002,21718.0
2000/01/01@14:13:46,21348,3.2280002,21721.0
2000/01/01@14:13:47,21349,3.2281876,21724.0
2000/01/01@14:13:48,21350,3.2280002,21727.0
2000/01/01@14:13:50,21352,3.2287502,21733.0
2000/01/01@14:13:51,21353,3.229125,21736.0
2000/01/01@14:13:52,21354,3.2289376,21739.0
2000/01/01@14:13:53,21355,3.2281876,21742.0
2000/01/01@14:13:54,21356,3.2280002,21745.0
2000/01/01@14:13:55,21357,3.2278126,21748.0
2000/01/01@14:13:56,21358,3.2281876,21751.0
2000/01/01@14:13:57,21359,3.2285628,21754.0
2000/01/01@14:13:58,21360,3.2285628,21757.0
2000/01/01@14:13:59,21361,3.2281876,21760.0
2000/01/01@14:14:00,21362,3.2280002,21763.0
2000/01/01@14:14:02,21364,3.228375,21768.74193548387
2000/01/01@14:14:03,21365,3.2280002,21771.612903225807
2000/01/01@14:14:04,21366,3.2285628,21774.483870967742
2000/01/01@14:14:05,21367,3.2281876,21777.354838709678
2000/01/01@14:14:06,21368,3.228375,21780.225806451614
2000/01/01@14:14:07,21369,3.2280002,21783.09677419355
2000/01/01@14:14:08,21370,3.2287502,21785.967741935485
2000/01/01@14:14:09,21371,3.2280002,21788.83870967742
2000/01/01@14:14:10,21372,3.228375,21791.709677419356
2000/01/01@14:14:11,21373,3.2281876,21794.58064516129
2000/01/01@14:14:12,21374,3.2280002,21797.451612903227
2000/01/01@14:14:14,21376,3.2289376,21803.1935483871
2000/01/01@14:14:15,21377,3.2280002,21806.064516129034
2000/01/01@14:14:16,21378,3.2281876,21808.935483870966
2000/01/01@14:14:17,21379,3.2281876,21811.8064516129
2000/01/01@14:14:18,21380,3.2281876,21814.677419354837
2000/01/01@14:14:19,21381,3.228375,21817.548387096773
2000/01/01@14:14:20,21382,3.228375,21820.41935483871
2000/01/01@14:14:21,21383,3.2289376,21823.290322580644
2000/01/01@14:14:22,21384,3.2278126,21826.16129032258
2000/01/01@14:14:23,21385,3.2287502,21829.032258064515
2000/01/01@14:14:24,21386,3.2289376,21831.90322580645
2000/01/01@14:14:26,21388,3.2280002,21837.645161290322
2000/01/01@14:14:27,21389,3.2289376,21840.516129032258
2000/01/01@14:14:28,21390,3.2285628,21843.387096774193
2000/01/01@14:14:29,21391,3.2280002,21846.25806451613
2000/01/01@14:14:30,21392,3.2281876,21849.129032258064
2000/01/01@14:14:31,21393,3.2281876,21852.0
2000/01/01@14:14:32,21394,3.2289376,21855.064516129034
2000/01/01@14:14:33,21395,3.2281876,21858.129032258064
2000/01/01@14:14:34,21396,3.2285628,21861.1935483871
2000/01/01@14:14:35,21397,3.228375,21864.25806451613
2000/01/01@14:14:36,21398,3.2281876,21867.322580645163
2000/01/01@14:14:38,21400,3.2285628,21873.451612903227
2000/01/01@14:14:39,21401,3.2280002,21876.516129032258
2000/01/01@14:14:40,21402,3.228375,21879.58064516129
2000/01/01@14:14:41,21403,3.2278126,21882.645161290322
2000/01/01@14:14:42,21404,3.228375,21885.709677419356
2000/01/01@14:14:43,21405,3.2281876,21888.774193548386
2000/01/01@14:14:44,21406,3.2287502,21891.83870967742
2000/01/01@14:14:45,21407,3.2276252,21894.90322580645
2000/01/01@14:14:46,21408,3.2276252,21897.967741935485
2000/01/01@14:14:47,21409,3.2278126,21901.032258064515
2000/01/01@14:14:48,21410,3.228375,21904.09677419355
2000/01/01@14:14:50,21412,3.2278126,21910.225806451614
2000/01/01@14:14:51,21413,3.2287502,21913.290322580644
2000/01/01@14:14:52,21414,3.2280002,21916.354838709678
2000/01/01@14:14:53,21415,3.2278126,21919.41935483871
2000/01/01@14:14:54,21416,3.2285628,21922.483870967742
2000/01/01@14:14:55,21417,3.2280002,21925.548387096773
2000/01/01@14:14:56,21418,3.2278126,21928.612903225807
2000/01/01@14:14:57,21419,3.2285628,21931.677419354837
2000/01/01@14:14:58,21420,3.228375,21934.74193548387
2000/01/01@14:14:59,21421,3.2280002,21937.8064516129
2000/01/01@14:15:01,21422,3.2287502,21943.935483870966
2000/01/01@14:15:02,21424,3.2280002,21947.0
2000/01/01@14:15:03,21425,3.2276252,21950.333333333332
2000/01/01@14:15:04,21426,3.2285628,21953.666666666668
2000/01/01@14:15:05,21427,3.2287502,21957.0
2000/01/01@14:15:06,21428,3.2278126,21960.333333333332
2000/01/01@14:15:07,21429,3.2278126,21963.666666666668
2000/01/01@14:15:08,21430,3.2281876,21967.0
2000/01/01@14:15:09,21431,3.2281876,21970.333333333332
2000/01/01@14:15:10,21432,3.2285628,21973.666666666668
2000/01/01@14:15:11,21433,3.2285628,21977.0
2000/01/01@14:15:13,21435,3.2278126,21983.666666666668
2000/01/01@14:15:14,21436,3.2285628,21987.0
2000/01/01@14:15:15,21437,3.2278126,21990.333333333332
2000/01/01@14:15:16,21438,3.2276252,21993.666666666668
2000/01/01@14:15:17,21439,3.2285628,21997.0
2000/01/01@14:15:18,21440,3.2276252,22000.333333333332
2000/01/01@14:15:19,21441,3.2278126,22003.666666666668
2000/01/01@14:15:20,21442,3.2276252,22007.0
2000/01/01@14:15:21,21443,3.2276252,22010.333333333332
2000/01/01@14:15:22,21444,3.2289376,22013.666666666668
2000/01/01@14:15:23,21445,3.2280002,22017.0
2000/01/01@14:15:24,21446,3.2285628,22020.333333333332
2000/01/01@14:15:26,21448,3.2281876,22027.0
2000/01/01@14:15:27,21449,3.2281876,22030.333333333332
2000/01/01@14:15:28,21450,3.2281876,22033.666666666668
2000/01/01@14:15:29,21451,3.2281876,22037.0
2000/01/01@14:15:30,21452,3.228375,22040.333333333332
2000/01/01@14:15:31,21453,3.2278126,22043.666666666668
2000/01/01@14:15:32,21454,3.2285628,22047.0
2000/01/01@14:15:33,21455,3.2278126,22050.032258064515
2000/01/01@14:15:34,21456,3.2276252,22053.064516129034
2000/01/01@14:15:35,21457,3.2287502,22056.09677419355
2000/01/01@14:15:36,21458,3.228375,22059.129032258064
2000/01/01@14:15:38,21460,3.228375,22065.1935483871
2000/01/01@14:15:39,21461,3.2281876,22068.225806451614
2000/01/01@14:15:40,21462,3.2287502,22071.25806451613
2000/01/01@14:15:41,21463,3.2287502,22074.290322580644
2000/01/01@14:15:42,21464,3.2281876,22077.322580645163
2000/01/01@14:15:43,21465,3.2278126,22080.354838709678
2000/01/01@14:15:44,21466,3.2278126,22083.387096774193
2000/01/01@14:15:45,21467,3.2278126,22086.41935483871
2000/01/01@14:15:46,21468,3.2278126,22089.451612903227
2000/01/01@14:15:47,21469,3.228375,22092.483870967742
2000/01/01@14:15:48,21470,3.2278126,22095.516129032258
2000/01/01@14:15:50,21472,3.2281876,22101.58064516129
2000/01/01@14:15:51,21473,3.2278126,22104.612903225807
2000/01/01@14:15:52,21474,3.2278126,22107.645161290322
2000/01/01@14:15:53,21475,3.2278126,22110.677419354837
2000/01/01@14:15:54,21476,3.2285628,22113.709677419356
2000/01/01@14:15:55,21477,3.2278126,22116.74193548387
2000/01/01@14:15:56,21478,3.2278126,22119.774193548386
2000/01/01@14:15:57,21479,3.2276252,22122.8064516129
2000/01/01@14:15:58,21480,3.2278126,22125.83870967742
2000/01/01@14:15:59,21481,3.2278126,22128.870967741936
2000/01/01@14:16:00,21482,3.2276252,22131.90322580645
2000/01/01@14:16:02,21484,3.2281876,22137.967741935485
2000/01/01@14:16:03,21485,3.2285628,22141.0
2000/01/01@14:16:04,21486,3.2278126,22144.366666666665
2000/01/01@14:16:05,21487,3.2278126,22147.733333333334
2000/01/01@14:16:06,21488,3.2276252,22151.1
2000/01/01@14:16:07,21489,3.2280002,22154.466666666667
2000/01/01@14:16:08,21490,3.2276252,22157.833333333332
2000/01/01@14:16:09,21491,3.2276252,22161.2
2000/01/01@14:16:10,21492,3.2285628,22164.566666666666
2000/01/01@14:16:11,21493,3.2274378,22167.933333333334
2000/01/01@14:16:12,21494,3.2280002,22171.3
2000/01/01@14:16:14,21496,3.228375,22178.033333333333
2000/01/01@14:16:15,21497,3.2278126,22181.4
2000/01/01@14:16:16,21498,3.2285628,22184.766666666666
2000/01/01@14:16:17,21499,3.2278126,22188.133333333335
2000/01/01@14:16:18,21500,3.228375,22191.5
2000/01/01@14:16:19,21501,3.2280002,22194.866666666665
2000/01/01@14:16:20,21502,3.2285628,22198.233333333334
2000/01/01@14:16:21,21503,3.2278126,22201.6
2000/01/01@14:16:22,21504,3.2281876,22204.966666666667
2000/01/01@14:16:23,21505,3.2285628,22208.333333333332
2000/01/01@14:16:24,21506,3.2285628,22211.7
2000/01/01@14:16:26,21508,3.2276252,22218.433333333334
2000/01/01@14:16:27,21509,3.2278126,22221.8
2000/01/01@14:16:28,21510,3.228375,22225.166666666668
2000/01/01@14:16:29,21511,3.2276252,22228.533333333333
2000/01/01@14:16:30,21512,3.2281876,22231.9
2000/01/01@14:16:31,21513,3.2278126,22235.266666666666
2000/01/01@14:16:32,21514,3.2278126,22238.633333333335
2000/01/01@14:16:33,21515,3.2276252,22242.0
2000/01/01@14:16:34,21516,3.228375,22245.483870967742
2000/01/01@14:16:35,21517,3.2278126,22248.967741935485
2000/01/01@14:16:36,21518,3.2281876,22252.451612903227
2000/01/01@14:16:38,21520,3.2281876,22259.41935483871
2000/01/01@14:16:39,21521,3.2278126,22262.90322580645
2000/01/01@14:16:40,21522,3.2276252,22266.387096774193
2000/01/01@14:16:41,21523,3.2276252,22269.870967741936
2000/01/01@14:16:42,21524,3.2280002,22273.354838709678
2000/01/01@14:16:43,21525,3.228375,22276.83870967742
2000/01/01@14:16:44,21526,3.228375,22280.322580645163
2000/01/01@14:16:45,21527,3.2278126,22283.8064516129
2000/01/01@14:16:46,21528,3.2278126,22287.290322580644
2000/01/01@14:16:47,21529,3.2276252,22290.774193548386
2000/01/01@14:16:48,21530,3.2281876,22294.25806451613
2000/01/01@14:16:50,21532,3.2278126,22301.225806451614
2000/01/01@14:16:51,21533,3.228375,22304.709677419356
2000/01/01@14:16:52,21534,3.2278126,22308.1935483871
2000/01/01@14:16:53,21535,3.2285628,22311.677419354837
2000/01/01@14:16:54,21536,3.2280002,22315.16129032258
2000/01/01@14:16:55,21537,3.228375,22318.645161290322
2000/01/01@14:16:56,21538,3.2280002,22322.129032258064
2000/01/01@14:16:57,21539,3.2285628,22325.612903225807
2000/01/01@14:16:58,21540,3.2281876,22329.09677419355
2000/01/01@14:16:59,21541,3.2278126,22332.58064516129
2000/01/01@14:17:00,21542,3.2285628,22336.064516129034
2000/01/01@14:17:02,21544,3.2278126,22343.032258064515
2000/01/01@14:17:03,21545,3.2281876,22346.516129032258
2000/01/01@14:17:04,21546,3.2281876,22350.0
2000/01/01@14:17:05,21547,3.2285628,22353.733333333334
2000/01/01@14:17:06,21548,3.2278126,22357.466666666667
2000/01/01@14:17:07,21549,3.228375,22361.2
2000/01/01@14:17:08,21550,3.2274378,22364.933333333334
2000/01/01@14:17:09,21551,3.2285628,22368.666666666668
2000/01/01@14:17:10,21552,3.228375,22372.4
2000/01/01@14:17:11,21553,3.2276252,22376.133333333335
2000/01/01@14:17:12,21554,3.228375,22379.866666666665
2000/01/01@14:17:14,21556,3.2276252,22387.333333333332
2000/01/01@14:17:15,21557,3.2285628,22391.066666666666
2000/01/01@14:17:16,21558,3.2278126,22394.8
2000/01/01@14:17:17,21559,3.2276252,22398.533333333333
2000/01/01@14:17:18,21560,3.2276252,22402.266666666666
2000/01/01@14:17:19,21561,3.228375,22406.0
2000/01/01@14:17:20,21562,3.2280002,22409.733333333334
2000/01/01@14:17:21,21563,3.2276252,22413.466666666667
2000/01/01@14:17:22,21564,3.2280002,22417.2
2000/01/01@14:17:23,21565,3.2281876,22420.933333333334
2000/01/01@14:17:24,21566,3.2274378,22424.666666666668
2000/01/01@14:17:26,21568,3.2285628,22432.133333333335
2000/01/01@14:17:27,21569,3.2278126,22435.866666666665
2000/01/01@14:17:28,21570,3.2280002,22439.6
2000/01/01@14:17:29,21571,3.228375,22443.333333333332
2000/01/01@14:17:30,21572,3.2281876,22447.066666666666
2000/01/01@14:17:31,21573,3.2276252,22450.8
2000/01/01@14:17:32,21574,3.2285628,22454.533333333333
2000/01/01@14:17:33,21575,3.2274378,22458.266666666666
2000/01/01@14:17:34,21576,3.2278126,22462.0
2000/01/01@14:17:35,21577,3.228375,22465.41935483871
2000/01/01@14:17:36,21578,3.2274378,22468.83870967742
2000/01/01@14:17:38,21580,3.2276252,22475.677419354837
2000/01/01@14:17:39,21581,3.2280002,22479.09677419355
2000/01/01@14:17:40,21582,3.2276252,22482.516129032258
2000/01/01@14:17:41,21583,3.22725,22485.935483870966
2000/01/01@14:17:42,21584,3.22725,22489.354838709678
2000/01/01@14:17:43,21585,3.228375,22492.774193548386
2000/01/01@14:17:44,21586,3.2276252,22496.1935483871
2000/01/01@14:17:45,21587,3.2276252,22499.612903225807
2000/01/01@14:17:46,21588,3.2278126,22503.032258064515
2000/01/01@14:17:47,21589,3.22725,22506.451612903227
2000/01/01@14:17:48,21590,3.2278126,22509.870967741936
2000/01/01@14:17:50,21592,3.2278126,22516.709677419356
2000/01/01@14:17:51,21593,3.2276252,22520.129032258064
2000/01/01@14:17:52,21594,3.2276252,22523.548387096773
2000/01/01@14:17:53,21595,3.228375,22526.967741935485
2000/01/01@14:17:54,21596,3.2280002,22530.387096774193
2000/01/01@14:17:55,21597,3.228375,22533.8064516129
2000/01/01@14:17:56,21598,3.2274378,22537.225806451614
2000/01/01@14:17:57,21599,3.2281876,22540.645161290322
2000/01/01@14:17:58,21600,3.22725,22544.064516129034
2000/01/01@14:17:59,21601,3.2280002,22547.483870967742
2000/01/01@14:18:00,21602,3.22725,22550.90322580645
2000/01/01@14:18:02,21604,3.2281876,22557.74193548387
2000/01/01@14:18:03,21605,3.2276252,22561.16129032258
2000/01/01@14:18:04,21606,3.228375,22564.58064516129
2000/01/01@14:18:05,21607,3.2274378,22568.0
2000/01/01@14:18:06,21608,3.2281876,22571.1935483871
2000/01/01@14:18:07,21609,3.2274378,22574.387096774193
2000/01/01@14:18:08,21610,3.2274378,22577.58064516129
2000/01/01@14:18:09,21611,3.2278126,22580.774193548386
2000/01/01@14:18:10,21612,3.2276252,22583.967741935485
2000/01/01@14:18:11,21613,3.2278126,22587.16129032258
2000/01/01@14:18:12,21614,3.228375,22590.354838709678
2000/01/01@14:18:14,21616,3.2285628,22596.74193548387
2000/01/01@14:18:15,21617,3.2278126,22599.935483870966
2000/01/01@14:18:16,21618,3.2280002,22603.129032258064
2000/01/01@14:18:17,21619,3.2274378,22606.322580645163
2000/01/01@14:18:18,21620,3.2278126,22609.516129032258
2000/01/01@14:18:19,21621,3.228375,22612.709677419356
2000/01/01@14:18:20,21622,3.2274378,22615.90322580645
2000/01/01@14:18:21,21623,3.2274378,22619.09677419355
2000/01/01@14:18:22,21624,3.2278126,22622.290322580644
2000/01/01@14:18:23,21625,3.2274378,22625.483870967742
2000/01/01@14:18:24,21626,3.2274378,22628.677419354837
2000/01/01@14:18:26,21628,3.2281876,22635.064516129034
2000/01/01@14:18:27,21629,3.2274378,22638.25806451613
2000/01/01@14:18:28,21630,3.2276252,22641.451612903227
2000/01/01@14:18:29,21631,3.2276252,22644.645161290322
2000/01/01@14:18:30,21632,3.228375,22647.83870967742
2000/01/01@14:18:31,21633,3.2274378,22651.032258064515
2000/01/01@14:18:32,21634,3.2285628,22654.225806451614
2000/01/01@14:18:33,21635,3.2278126,22657.41935483871
2000/01/01@14:18:34,21636,3.22725,22660.612903225807
2000/01/01@14:18:35,21637,3.2274378,22663.8064516129
2000/01/01@14:18:36,21638,3.2278126,22667.0
2000/01/01@14:18:38,21640,3.2278126,22673.933333333334
2000/01/01@14:18:39,21641,3.2278126,22677.4
2000/01/01@14:18:40,21642,3.2280002,22680.866666666665
2000/01/01@14:18:41,21643,3.2281876,22684.333333333332
2000/01/01@14:18:42,21644,3.2274378,22687.8
2000/01/01@14:18:43,21645,3.2281876,22691.266666666666
2000/01/01@14:18:44,21646,3.2278126,22694.733333333334
2000/01/01@14:18:45,21647,3.2276252,22698.2
2000/01/01@14:18:46,21648,3.2276252,22701.666666666668
2000/01/01@14:18:47,21649,3.22725,22705.133333333335
2000/01/01@14:18:48,21650,3.2274378,22708.6
2000/01/01@14:18:50,21652,3.2274378,22715.533333333333
2000/01/01@14:18:51,21653,3.2281876,22719.0
2000/01/01@14:18:52,21654,3.22725,22722.466666666667
2000/01/01@14:18:53,21655,3.2276252,22725.933333333334
2000/01/01@14:18:54,21656,3.2278126,22729.4
2000/01/01@14:18:55,21657,3.2274378,22732.866666666665
2000/01/01@14:18:56,21658,3.2274378,22736.333333333332
2000/01/01@14:18:57,21659,3.2276252,22739.8
2000/01/01@14:18:58,21660,3.2278126,22743.266666666666
2000/01/01@14:18:59,21661,3.2278126,22746.733333333334
2000/01/01@14:19:01,21663,3.22725,22753.666666666668
2000/01/01@14:19:02,21664,3.2274378,22757.133333333335
2000/01/01@14:19:03,21665,3.22725,22760.6
2000/01/01@14:19:04,21666,3.22725,22764.066666666666
2000/01/01@14:19:05,21667,3.228375,22767.533333333333
2000/01/01@14:19:06,21668,3.2270628,22771.0
2000/01/01@14:19:07,21669,3.22725,22774.225806451614
2000/01/01@14:19:08,21670,3.22725,22777.451612903227
2000/01/01@14:19:09,21671,3.2278126,22780.677419354837
2000/01/01@14:19:10,21672,3.2281876,22783.90322580645
2000/01/01@14:19:11,21673,3.22725,22787.129032258064
2000/01/01@14:19:13,21675,3.2278126,22793.58064516129
2000/01/01@14:19:14,21676,3.22725,22796.8064516129
2000/01/01@14:19:15,21677,3.22725,22800.032258064515
2000/01/01@14:19:16,21678,3.228375,22803.25806451613
2000/01/01@14:19:17,21679,3.228375,22806.483870967742
2000/01/01@14:19:18,21680,3.2281876,22809.709677419356
2000/01/01@14:19:19,21681,3.2280002,22812.935483870966
2000/01/01@14:19:20,21682,3.2280002,22816.16129032258
2000/01/01@14:19:21,21683,3.2274378,22819.387096774193
2000/01/01@14:19:22,21684,3.2270628,22822.612903225807
2000/01/01@14:19:23,21685,3.22725,22825.83870967742
2000/01/01@14:19:25,21687,3.2274378,22832.290322580644
2000/01/01@14:19:26,21688,3.2278126,22835.516129032258
2000/01/01@14:19:27,21689,3.2280002,22838.74193548387
2000/01/01@14:19:28,21690,3.2274378,22841.967741935485
2000/01/01@14:19:29,21691,3.2278126,22845.1935483871
2000/01/01@14:19:30,21692,3.2274378,22848.41935483871
2000/01/01@14:19:31,21693,3.22725,22851.645161290322
2000/01/01@14:19:32,21694,3.2281876,22854.870967741936
2000/01/01@14:19:33,21695,3.2280002,22858.09677419355
2000/01/01@14:19:34,21696,3.22725,22861.322580645163
2000/01/01@14:19:35,21697,3.2276252,22864.548387096773
2000/01/01@14:19:37,21699,3.2276252,22871.0
2000/01/01@14:19:38,21700,3.2278126,22874.266666666666
2000/01/01@14:19:39,21701,3.2276252,22877.533333333333
2000/01/01@14:19:40,21702,3.22725,22880.8
2000/01/01@14:19:41,21703,3.22725,22884.066666666666
2000/01/01@14:19:42,21704,3.2274378,22887.333333333332
2000/01/01@14:19:43,21705,3.2274378,22890.6
2000/01/01@14:19:44,21706,3.2280002,22893.866666666665
2000/01/01@14:19:45,21707,3.22725,22897.133333333335
2000/01/01@14:19:46,21708,3.22725,22900.4
2000/01/01@14:19:47,21709,3.2276252,22903.666666666668
2000/01/01@14:19:49,21711,3.2281876,22910.2
2000/01/01@14:19:50,21712,3.2276252,22913.466666666667
2000/01/01@14:19:51,21713,3.2280002,22916.733333333334
2000/01/01@14:19:52,21714,3.2276252,22920.0
2000/01/01@14:19:53,21715,3.228375,22923.266666666666
2000/01/01@14:19:54,21716,3.228375,22926.533333333333
2000/01/01@14:19:55,21717,3.2274378,22929.8
2000/01/01@14:19:56,21718,3.2274378,22933.066666666666
2000/01/01@14:19:57,21719,3.228375,22936.333333333332
2000/01/01@14:19:58,21720,3.2274378,22939.6
2000/01/01@14:19:59,21721,3.2281876,22942.866666666665
2000/01/01@14:20:01,21723,3.2274378,22949.4
2000/01/01@14:20:02,21724,3.2274378,22952.666666666668
2000/01/01@14:20:03,21725,3.228375,22955.933333333334
2000/01/01@14:20:04,21726,3.2274378,22959.2
2000/01/01@14:20:05,21727,3.2280002,22962.466666666667
2000/01/01@14:20:06,21728,3.2276252,22965.733333333334
2000/01/01@14:20:07,21729,3.2274378,22969.0
2000/01/01@14:20:08,21730,3.2281876,22972.25806451613
2000/01/01@14:20:09,21731,3.2278126,22975.516129032258
2000/01/01@14:20:10,21732,3.2281876,22978.774193548386
2000/01/01@14:20:11,21733,3.2274378,22982.032258064515
2000/01/01@14:20:13,21735,3.2274378,22988.548387096773
2000/01/01@14:20:14,21736,3.228375,22991.8064516129
2000/01/01@14:20:15,21737,3.2276252,22995.064516129034
2000/01/01@14:20:16,21738,3.2274378,22998.322580645163
2000/01/01@14:20:17,21739,3.2278126,23001.58064516129
2000/01/01@14:20:18,21740,3.2274378,23004.83870967742
2000/01/01@14:20:19,21741,3.2276252,23008.09677419355
2000/01/01@14:20:20,21742,3.2276252,23011.354838709678
2000/01/01@14:20:21,21743,3.2276252,23014.612903225807
2000/01/01@14:20:22,21744,3.2274378,23017.870967741936
2000/01/01@14:20:23,21745,3.2281876,23021.129032258064
2000/01/01@14:20:25,21747,3.2281876,23027.645161290322
2000/01/01@14:20:26,21748,3.2281876,23030.90322580645
2000/01/01@14:20:27,21749,3.2278126,23034.16129032258
2000/01/01@14:20:28,21750,3.2274378,23037.41935483871
2000/01/01@14:20:29,21751,3.2278126,23040.677419354837
2000/01/01@14:20:30,21752,3.2278126,23043.935483870966
2000/01/01@14:20:31,21753,3.2276252,23047.1935483871
2000/01/01@14:20:32,21754,3.2276252,23050.451612903227
2000/01/01@14:20:33,21755,3.2276252,23053.709677419356
2000/01/01@14:20:34,21756,3.2278126,23056.967741935485
2000/01/01@14:20:35,21757,3.2278126,23060.225806451614
2000/01/01@14:20:37,21759,3.2285628,23066.74193548387
2000/01/01@14:20:38,21760,3.2281876,23070.0
2000/01/01@14:20:39,21761,3.2285628,23073.1935483871
2000/01/01@14:20:40,21762,3.2274378,23076.387096774193
2000/01/01@14:20:41,21763,3.2278126,23079.58064516129
2000/01/01@14:20:42,21764,3.2276252,23082.774193548386
2000/01/01@14:20:43,21765,3.2276252,23085.967741935485
2000/01/01@14:20:44,21766,3.2276252,23089.16129032258
2000/01/01@14:20:45,21767,3.2280002,23092.354838709678
2000/01/01@14:20:46,21768,3.2281876,23095.548387096773
2000/01/01@14:20:47,21769,3.2280002,23098.74193548387
2000/01/01@14:20:49,21771,3.2287502,23105.129032258064
2000/01/01@14:20:50,21772,3.2285628,23108.322580645163
2000/01/01@14:20:51,21773,3.2281876,23111.516129032258
2000/01/01@14:20:52,21774,3.2278126,23114.709677419356
2000/01/01@14:20:53,21775,3.2281876,23117.90322580645
2000/01/01@14:20:54,21776,3.2276252,23121.09677419355
2000/01/01@14:20:55,21777,3.2276252,23124.290322580644
2000/01/01@14:20:56,21778,3.2276252,23127.483870967742
2000/01/01@14:20:57,21779,3.2276252,23130.677419354837
2000/01/01@14:20:58,21780,3.2274378,23133.870967741936
2000/01/01@14:20:59,21781,3.2278126,23137.064516129034
2000/01/01@14:21:01,21783,3.2276252,23143.451612903227
2000/01/01@14:21:02,21784,3.2278126,23146.645161290322
2000/01/01@14:21:03,21785,3.228375,23149.83870967742
2000/01/01@14:21:04,21786,3.2276252,23153.032258064515
2000/01/01@14:21:05,21787,3.2285628,23156.225806451614
2000/01/01@14:21:06,21788,3.2280002,23159.41935483871
2000/01/01@14:21:07,21789,3.228375,23162.612903225807
2000/01/01@14:21:08,21790,3.2276252,23165.8064516129
2000/01/01@14:21:09,21791,3.2285628,23169.0
2000/01/01@14:21:10,21792,3.2278126,23172.5
2000/01/01@14:21:12,21793,3.2276252,23179.5
2000/01/01@14:21:13,21795,3.2278126,23183.0
2000/01/01@14:21:14,21796,3.228375,23186.5
2000/01/01@14:21:15,21797,3.2274378,23190.0
2000/01/01@14:21:16,21798,3.228375,23193.5
2000/01/01@14:21:17,21799,3.2280002,23197.0
2000/01/01@14:21:18,21800,3.2285628,23200.5
2000/01/01@14:21:19,21801,3.2276252,23204.0
2000/01/01@14:21:20,21802,3.2276252,23207.5
2000/01/01@14:21:21,21803,3.2280002,23211.0
2000/01/01@14:21:22,21804,3.2278126,23214.5
2000/01/01@14:21:24,21806,3.2274378,23221.5
2000/01/01@14:21:25,21807,3.2274378,23225.0
2000/01/01@14:21:26,21808,3.2278126,23228.5
2000/01/01@14:21:27,21809,3.228375,23232.0
2000/01/01@14:21:28,21810,3.2280002,23235.5
2000/01/01@14:21:29,21811,3.22725,23239.0
2000/01/01@14:21:30,21812,3.2278126,23242.5
2000/01/01@14:21:31,21813,3.2281876,23246.0
2000/01/01@14:21:32,21814,3.2281876,23249.5
2000/01/01@14:21:33,21815,3.2280002,23253.0
2000/01/01@14:21:34,21816,3.2276252,23256.5
2000/01/01@14:21:36,21818,3.2278126,23263.5
2000/01/01@14:21:37,21819,3.2276252,23267.0
2000/01/01@14:21:38,21820,3.2274378,23270.5
2000/01/01@14:21:39,21821,3.2276252,23274.0
2000/01/01@14:21:40,21822,3.2281876,23277.25806451613
2000/01/01@14:21:41,21823,3.2276252,23280.516129032258
2000/01/01@14:21:42,21824,3.2276252,23283.774193548386
2000/01/01@14:21:43,21825,3.2276252,23287.032258064515
2000/01/01@14:21:44,21826,3.2278126,23290.290322580644
2000/01/01@14:21:45,21827,3.2276252,23293.548387096773
2000/01/01@14:21:46,21828,3.2281876,23296.8064516129
2000/01/01@14:21:48,21830,3.2280002,23303.322580645163
2000/01/01@14:21:49,21831,3.2276252,23306.58064516129
2000/01/01@14:21:50,21832,3.228375,23309.83870967742
2000/01/01@14:21:51,21833,3.2274378,23313.09677419355
2000/01/01@14:21:52,21834,3.2281876,23316.354838709678
2000/01/01@14:21:53,21835,3.2281876,23319.612903225807
2000/01/01@14:21:54,21836,3.22725,23322.870967741936
2000/01/01@14:21:55,21837,3.2274378,23326.129032258064
2000/01/01@14:21:56,21838,3.2274378,23329.387096774193
2000/01/01@14:21:57,21839,3.2281876,23332.645161290322
2000/01/01@14:21:58,21840,3.2274378,23335.90322580645
2000/01/01@14:22:00,21842,3.2280002,23342.41935483871
2000/01/01@14:22:01,21843,3.2281876,23345.677419354837
2000/01/01@14:22:02,21844,3.228375,23348.935483870966
2000/01/01@14:22:03,21845,3.2278126,23352.1935483871
2000/01/01@14:22:04,21846,3.228375,23355.451612903227
2000/01/01@14:22:05,21847,3.228375,23358.709677419356
2000/01/01@14:22:06,21848,3.2281876,23361.967741935485
2000/01/01@14:22:07,21849,3.2278126,23365.225806451614
2000/01/01@14:22:08,21850,3.2276252,23368.483870967742
2000/01/01@14:22:09,21851,3.2276252,23371.74193548387
2000/01/01@14:22:10,21852,3.2276252,23375.0
2000/01/01@14:22:12,21854,3.2274378,23381.533333333333
2000/01/01@14:22:13,21855,3.2278126,23384.8
2000/01/01@14:22:14,21856,3.228375,23388.066666666666
2000/01/01@14:22:15,21857,3.228375,23391.333333333332
2000/01/01@14:22:16,21858,3.2276252,23394.6
2000/01/01@14:22:17,21859,3.2276252,23397.866666666665
2000/01/01@14:22:18,21860,3.2278126,23401.133333333335
2000/01/01@14:22:19,21861,3.2281876,23404.4
2000/01/01@14:22:20,21862,3.2276252,23407.666666666668
2000/01/01@14:22:21,21863,3.228375,23410.933333333334
2000/01/01@14:22:22,21864,3.228375,23414.2
2000/01/01@14:22:24,21866,3.2274378,23420.733333333334
2000/01/01@14:22:25,21867,3.2274378,23424.0
2000/01/01@14:22:26,21868,3.2276252,23427.266666666666
2000/01/01@14:22:27,21869,3.22725,23430.533333333333
2000/01/01@14:22:28,21870,3.2274378,23433.8
2000/01/01@14:22:29,21871,3.2276252,23437.066666666666
2000/01/01@14:22:30,21872,3.2278126,23440.333333333332
2000/01/01@14:22:31,21873,3.2274378,23443.6
2000/01/01@14:22:32,21874,3.2276252,23446.866666666665
2000/01/01@14:22:33,21875,3.2274378,23450.133333333335
2000/01/01@14:22:34,21876,3.2276252,23453.4
2000/01/01@14:22:36,21878,3.2274378,23459.933333333334
2000/01/01@14:22:37,21879,3.2274378,23463.2
2000/01/01@14:22:38,21880,3.228375,23466.466666666667
2000/01/01@14:22:39,21881,3.2281876,23469.733333333334
2000/01/01@14:22:40,21882,3.2276252,23473.0
2000/01/01@14:22:41,21883,3.2281876,23475.967741935485
2000/01/01@14:22:42,21884,3.2281876,23478.935483870966
2000/01/01@14:22:43,21885,3.2280002,23481.90322580645
2000/01/01@14:22:44,21886,3.2274378,23484.870967741936
2000/01/01@14:22:45,21887,3.2280002,23487.83870967742
2000/01/01@14:22:46,21888,3.2274378,23490.8064516129
2000/01/01@14:22:48,21890,3.2276252,23496.74193548387
2000/01/01@14:22:49,21891,3.2276252,23499.709677419356
2000/01/01@14:22:50,21892,3.2274378,23502.677419354837
2000/01/01@14:22:51,21893,3.2274378,23505.645161290322
2000/01/01@14:22:52,21894,3.2276252,23508.612903225807
2000/01/01@14:22:53,21895,3.2274378,23511.58064516129
2000/01/01@14:22:54,21896,3.2278126,23514.548387096773
2000/01/01@14:22:55,21897,3.2278126,23517.516129032258
2000/01/01@14:22:56,21898,3.2276252,23520.483870967742
2000/01/01@14:22:57,21899,3.2276252,23523.451612903227
2000/01/01@14:22:58,21900,3.228375,23526.41935483871
2000/01/01@14:23:00,21902,3.2276252,23532.354838709678
2000/01/01@14:23:01,21903,3.2274378,23535.322580645163
2000/01/01@14:23:02,21904,3.2278126,23538.290322580644
2000/01/01@14:23:03,21905,3.2278126,23541.25806451613
2000/01/01@14:23:04,21906,3.2281876,23544.225806451614
2000/01/01@14:23:05,21907,3.2278126,23547.1935483871
2000/01/01@14:23:06,21908,3.2276252,23550.16129032258
2000/01/01@14:23:07,21909,3.2280002,23553.129032258064
2000/01/01@14:23:08,21910,3.2276252,23556.09677419355
2000/01/01@14:23:09,21911,3.2274378,23559.064516129034
2000/01/01@14:23:10,21912,3.2274378,23562.032258064515
2000/01/01@14:23:12,21914,3.2276252,23568.225806451614
2000/01/01@14:23:13,21915,3.2274378,23571.451612903227
2000/01/01@14:23:14,21916,3.2274378,23574.677419354837
2000/01/01@14:23:15,21917,3.2274378,23577.90322580645
2000/01/01@14:23:16,21918,3.228375,23581.129032258064
2000/01/01@14:23:17,21919,3.2274378,23584.354838709678
2000/01/01@14:23:18,21920,3.2285628,23587.58064516129
2000/01/01@14:23:19,21921,3.228375,23590.8064516129
2000/01/01@14:23:20,21922,3.2280002,23594.032258064515
2000/01/01@14:23:21,21923,3.228375,23597.25806451613
2000/01/01@14:23:22,21924,3.2276252,23600.483870967742
2000/01/01@14:23:24,21926,3.2276252,23606.935483870966
2000/01/01@14:23:25,21927,3.22725,23610.16129032258
2000/01/01@14:23:26,21928,3.228375,23613.387096774193
2000/01/01@14:23:27,21929,3.228375,23616.612903225807
2000/01/01@14:23:28,21930,3.2276252,23619.83870967742
2000/01/01@14:23:29,21931,3.2274378,23623.064516129034
2000/01/01@14:23:30,21932,3.2276252,23626.290322580644
2000/01/01@14:23:31,21933,3.2274378,23629.516129032258
2000/01/01@14:23:32,21934,3.22725,23632.74193548387
2000/01/01@14:23:33,21935,3.2278126,23635.967741935485
2000/01/01@14:23:34,21936,3.2274378,23639.1935483871
2000/01/01@14:23:36,21938,3.2278126,23645.645161290322
2000/01/01@14:23:37,21939,3.2276252,23648.870967741936
2000/01/01@14:23:38,21940,3.2281876,23652.09677419355
2000/01/01@14:23:39,21941,3.2280002,23655.322580645163
2000/01/01@14:23:40,21942,3.228375,23658.548387096773
2000/01/01@14:23:41,21943,3.2280002,23661.774193548386
2000/01/01@14:23:42,21944,3.2281876,23665.0
2000/01/01@14:23:43,21945,3.228375,23668.566666666666
2000/01/01@14:23:44,21946,3.2278126,23672.133333333335
2000/01/01@14:23:45,21947,3.2276252,23675.7
2000/01/01@14:23:46,21948,3.2276252,23679.266666666666
2000/01/01@14:23:48,21950,3.2276252,23686.4
2000/01/01@14:23:49,21951,3.228375,23689.966666666667
2000/01/01@14:23:50,21952,3.2276252,23693.533333333333
2000/01/01@14:23:51,21953,3.2281876,23697.1
2000/01/01@14:23:52,21954,3.2276252,23700.666666666668
2000/01/01@14:23:53,21955,3.2278126,23704.233333333334
2000/01/01@14:23:54,21956,3.2281876,23707.8
2000/01/01@14:23:55,21957,3.2280002,23711.366666666665
2000/01/01@14:23:56,21958,3.2276252,23714.933333333334
2000/01/01@14:23:57,21959,3.2274378,23718.5
2000/01/01@14:23:58,21960,3.22725,23722.066666666666
2000/01/01@14:24:00,21962,3.22725,23729.2
2000/01/01@14:24:01,21963,3.228375,23732.766666666666
2000/01/01@14:24:02,21964,3.2274378,23736.333333333332
2000/01/01@14:24:03,21965,3.2274378,23739.9
2000/01/01@14:24:04,21966,3.22725,23743.466666666667
2000/01/01@14:24:05,21967,3.2281876,23747.033333333333
2000/01/01@14:24:06,21968,3.2280002,23750.6
2000/01/01@14:24:07,21969,3.22725,23754.166666666668
2000/01/01@14:24:08,21970,3.2278126,23757.733333333334
2000/01/01@14:24:09,21971,3.2278126,23761.3
2000/01/01@14:24:10,21972,3.22725,23764.866666666665
2000/01/01@14:24:12,21974,3.2274378,23772.0
2000/01/01@14:24:13,21975,3.2281876,23775.322580645163
2000/01/01@14:24:14,21976,3.2278126,23778.645161290322
2000/01/01@14:24:15,21977,3.2276252,23781.967741935485
2000/01/01@14:24:16,21978,3.22725,23785.290322580644
2000/01/01@14:24:17,21979,3.2281876,23788.612903225807
2000/01/01@14:24:18,21980,3.2280002,23791.935483870966
2000/01/01@14:24:19,21981,3.22725,23795.25806451613
2000/01/01@14:24:20,21982,3.2281876,23798.58064516129
2000/01/01@14:24:21,21983,3.2280002,23801.90322580645
2000/01/01@14:24:22,21984,3.22725,23805.225806451614
2000/01/01@14:24:24,21986,3.2280002,23811.870967741936
2000/01/01@14:24:25,21987,3.2276252,23815.1935483871
2000/01/01@14:24:26,21988,3.22725,23818.516129032258
2000/01/01@14:24:27,21989,3.2274378,23821.83870967742
2000/01/01@14:24:28,21990,3.2280002,23825.16129032258
2000/01/01@14:24:29,21991,3.2281876,23828.483870967742
2000/01/01@14:24:30,21992,3.2274378,23831.8064516129
2000/01/01@14:24:31,21993,3.2280002,23835.129032258064
2000/01/01@14:24:32,21994,3.2278126,23838.451612903227
2000/01/01@14:24:33,21995,3.2278126,23841.774193548386
2000/01/01@14:24:34,21996,3.2280002,23845.09677419355
2000/01/01@14:24:36,21998,3.2274378,23851.74193548387
2000/01/01@14:24:37,21999,3.22725,23855.064516129034
2000/01/01@14:24:38,22000,3.2281876,23858.387096774193
2000/01/01@14:24:39,22001,3.2280002,23861.709677419356
2000/01/01@14:24:40,22002,3.2276252,23865.032258064515
2000/01/01@14:24:41,22003,3.2280002,23868.354838709678
2000/01/01@14:24:42,22004,3.22725,23871.677419354837
2000/01/01@14:24:43,22005,3.2274378,23875.0
2000/01/01@14:24:44,22006,3.2276252,23878.3
2000/01/01@14:24:45,22007,3.2278126,23881.6
2000/01/01@14:24:46,22008,3.22725,23884.9
2000/01/01@14:24:48,22010,3.2274378,23891.5
2000/01/01@14:24:49,22011,3.2276252,23894.8
2000/01/01@14:24:50,22012,3.2276252,23898.1
2000/01/01@14:24:51,22013,3.2274378,23901.4
2000/01/01@14:24:52,22014,3.2276252,23904.7
2000/01/01@14:24:53,22015,3.228375,23908.0
2000/01/01@14:24:54,22016,3.2278126,23911.3
2000/01/01@14:24:55,22017,3.22725,23914.6
2000/01/01@14:24:56,22018,3.2274378,23917.9
2000/01/01@14:24:57,22019,3.22725,23921.2
2000/01/01@14:24:58,22020,3.2276252,23924.5
2000/01/01@14:25:00,22022,3.2274378,23931.1
2000/01/01@14:25:01,22023,3.2281876,23934.4
2000/01/01@14:25:02,22024,3.2274378,23937.7
2000/01/01@14:25:03,22025,3.2274378,23941.0
2000/01/01@14:25:04,22026,3.228375,23944.3
2000/01/01@14:25:05,22027,3.2276252,23947.6
2000/01/01@14:25:06,22028,3.2281876,23950.9
2000/01/01@14:25:07,22029,3.2281876,23954.2
2000/01/01@14:25:08,22030,3.2274378,23957.5
2000/01/01@14:25:09,22031,3.228375,23960.8
2000/01/01@14:25:10,22032,3.2285628,23964.1
2000/01/01@14:25:12,22034,3.2274378,23970.7
2000/01/01@14:25:13,22035,3.2274378,23974.0
2000/01/01@14:25:14,22036,3.22725,23977.451612903227
2000/01/01@14:25:15,22037,3.2281876,23980.90322580645
2000/01/01@14:25:16,22038,3.2276252,23984.354838709678
2000/01/01@14:25:17,22039,3.2280002,23987.8064516129
2000/01/01@14:25:18,22040,3.22725,23991.25806451613
2000/01/01@14:25:19,22041,3.2274378,23994.709677419356
2000/01/01@14:25:20,22042,3.2276252,23998.16129032258
2000/01/01@14:25:21,22043,3.2270628,24001.612903225807
2000/01/01@14:25:22,22044,3.2281876,24005.064516129034
2000/01/01@14:25:24,22046,3.2276252,24011.967741935485
2000/01/01@14:25:25,22047,3.2281876,24015.41935483871
2000/01/01@14:25:26,22048,3.2281876,24018.870967741936
2000/01/01@14:25:27,22049,3.228375,24022.322580645163
2000/01/01@14:25:28,22050,3.22725,24025.774193548386
2000/01/01@14:25:29,22051,3.2281876,24029.225806451614
2000/01/01@14:25:30,22052,3.2276252,24032.677419354837
2000/01/01@14:25:31,22053,3.2276252,24036.129032258064
2000/01/01@14:25:32,22054,3.2278126,24039.58064516129
2000/01/01@14:25:33,22055,3.2278126,24043.032258064515
2000/01/01@14:25:34,22056,3.2281876,24046.483870967742
2000/01/01@14:25:36,22058,3.2274378,24053.387096774193
2000/01/01@14:25:37,22059,3.2274378,24056.83870967742
2000/01/01@14:25:38,22060,3.2278126,24060.290322580644
2000/01/01@14:25:39,22061,3.2274378,24063.74193548387
2000/01/01@14:25:40,22062,3.2274378,24067.1935483871
2000/01/01@14:25:41,22063,3.2278126,24070.645161290322
2000/01/01@14:25:42,22064,3.22725,24074.09677419355
2000/01/01@14:25:43,22065,3.228375,24077.548387096773
2000/01/01@14:25:44,22066,3.2276252,24081.0
2000/01/01@14:25:45,22067,3.22725,24084.322580645163
2000/01/01@14:25:47,22069,3.2274378,24090.967741935485
2000/01/01@14:25:48,22070,3.2274378,24094.290322580644
2000/01/01@14:25:49,22071,3.2274378,24097.612903225807
2000/01/01@14:25:50,22072,3.2280002,24100.935483870966
2000/01/01@14:25:51,22073,3.2274378,24104.25806451613
2000/01/01@14:25:52,22074,3.228375,24107.58064516129
2000/01/01@14:25:53,22075,3.2274378,24110.90322580645
2000/01/01@14:25:54,22076,3.2280002,24114.225806451614
2000/01/01@14:25:55,22077,3.2278126,24117.548387096773
2000/01/01@14:25:56,22078,3.2281876,24120.870967741936
2000/01/01@14:25:57,22079,3.2274378,24124.1935483871
2000/01/01@14:25:59,22081,3.22725,24130.83870967742
2000/01/01@14:26:00,22082,3.2276252,24134.16129032258
2000/01/01@14:26:01,22083,3.2281876,24137.483870967742
2000/01/01@14:26:02,22084,3.2274378,24140.8064516129
2000/01/01@14:26:03,22085,3.2274378,24144.129032258064
2000/01/01@14:26:04,22086,3.2274378,24147.451612903227
2000/01/01@14:26:05,22087,3.2281876,24150.774193548386
2000/01/01@14:26:06,22088,3.22725,24154.09677419355
2000/01/01@14:26:07,22089,3.2274378,24157.41935483871
2000/01/01@14:26:08,22090,3.2276252,24160.74193548387
2000/01/01@14:26:09,22091,3.22725,24164.064516129034
2000/01/01@14:26:11,22093,3.2276252,24170.709677419356
2000/01/01@14:26:12,22094,3.228375,24174.032258064515
2000/01/01@14:26:13,22095,3.2274378,24177.354838709678
2000/01/01@14:26:14,22096,3.2274378,24180.677419354837
2000/01/01@14:26:15,22097,3.2276252,24184.0
2000/01/01@14:26:16,22098,3.2281876,24187.266666666666
2000/01/01@14:26:17,22099,3.228375,24190.533333333333
2000/01/01@14:26:18,22100,3.2278126,24193.8
2000/01/01@14:26:19,22101,3.2278126,24197.066666666666
2000/01/01@14:26:20,22102,3.2280002,24200.333333333332
2000/01/01@14:26:21,22103,3.2280002,24203.6
2000/01/01@14:26:23,22105,3.2276252,24210.133333333335
2000/01/01@14:26:24,22106,3.2281876,24213.4
2000/01/01@14:26:25,22107,3.2274378,24216.666666666668
2000/01/01@14:26:26,22108,3.22725,24219.933333333334
2000/01/01@14:26:27,22109,3.2278126,24223.2
2000/01/01@14:26:28,22110,3.2278126,24226.466666666667
2000/01/01@14:26:29,22111,3.2270628,24229.733333333334
2000/01/01@14:26:30,22112,3.2276252,24233.0
2000/01/01@14:26:31,22113,3.2274378,24236.266666666666
2000/01/01@14:26:32,22114,3.2276252,24239.533333333333
2000/01/01@14:26:33,22115,3.2274378,24242.8
2000/01/01@14:26:35,22117,3.2281876,24249.333333333332
2000/01/01@14:26:36,22118,3.2274378,24252.6
2000/01/01@14:26:37,22119,3.2274378,24255.866666666665
2000/01/01@14:26:38,22120,3.2274378,24259.133333333335
2000/01/01@14:26:39,22121,3.2276252,24262.4
2000/01/01@14:26:40,22122,3.2274378,24265.666666666668
2000/01/01@14:26:41,22123,3.2274378,24268.933333333334
2000/01/01@14:26:42,22124,3.2274378,24272.2
2000/01/01@14:26:43,22125,3.22725,24275.466666666667
2000/01/01@14:26:44,22126,3.2274378,24278.733333333334
2000/01/01@14:26:45,22127,3.2274378,24282.0
2000/01/01@14:26:47,22129,3.2274378,24288.129032258064
2000/01/01@14:26:48,22130,3.2276252,24291.1935483871
2000/01/01@14:26:49,22131,3.22725,24294.25806451613
2000/01/01@14:26:50,22132,3.2274378,24297.322580645163
2000/01/01@14:26:51,22133,3.2274378,24300.387096774193
2000/01/01@14:26:52,22134,3.2274378,24303.451612903227
2000/01/01@14:26:53,22135,3.2276252,24306.516129032258
2000/01/01@14:26:54,22136,3.2278126,24309.58064516129
2000/01/01@14:26:55,22137,3.2274378,24312.645161290322
2000/01/01@14:26:56,22138,3.2276252,24315.709677419356
2000/01/01@14:26:57,22139,3.22725,24318.774193548386
2000/01/01@14:26:59,22141,3.2281876,24324.90322580645
2000/01/01@14:27:00,22142,3.2274378,24327.967741935485
2000/01/01@14:27:01,22143,3.2280002,24331.032258064515
2000/01/01@14:27:02,22144,3.2280002,24334.09677419355
2000/01/01@14:27:03,22145,3.22725,24337.16129032258
2000/01/01@14:27:04,22146,3.2274378,24340.225806451614
2000/01/01@14:27:05,22147,3.2278126,24343.290322580644
2000/01/01@14:27:06,22148,3.2278126,24346.354838709678
2000/01/01@14:27:07,22149,3.2281876,24349.41935483871
2000/01/01@14:27:08,22150,3.2274378,24352.483870967742
2000/01/01@14:27:09,22151,3.2276252,24355.548387096773
2000/01/01@14:27:11,22153,3.2274378,24361.677419354837
2000/01/01@14:27:12,22154,3.2274378,24364.74193548387
2000/01/01@14:27:13,22155,3.2274378,24367.8064516129
2000/01/01@14:27:14,22156,3.22725,24370.870967741936
2000/01/01@14:27:15,22157,3.2278126,24373.935483870966
2000/01/01@14:27:16,22158,3.2278126,24377.0
2000/01/01@14:27:17,22159,3.22725,24380.3
2000/01/01@14:27:18,22160,3.2274378,24383.6
2000/01/01@14:27:19,22161,3.2281876,24386.9
2000/01/01@14:27:20,22162,3.228375,24390.2
2000/01/01@14:27:21,22163,3.2280002,24393.5
2000/01/01@14:27:23,22165,3.2280002,24400.1
2000/01/01@14:27:24,22166,3.2274378,24403.4
2000/01/01@14:27:25,22167,3.228375,24406.7
2000/01/01@14:27:26,22168,3.2278126,24410.0
2000/01/01@14:27:27,22169,3.22725,24413.3
2000/01/01@14:27:28,22170,3.22725,24416.6
2000/01/01@14:27:29,22171,3.22725,24419.9
2000/01/01@14:27:30,22172,3.2278126,24423.2
2000/01/01@14:27:31,22173,3.2278126,24426.5
2000/01/01@14:27:32,22174,3.22725,24429.8
2000/01/01@14:27:33,22175,3.22725,24433.1
2000/01/01@14:27:35,22177,3.2280002,24439.7
2000/01/01@14:27:36,22178,3.22725,24443.0
2000/01/01@14:27:37,22179,3.2270628,24446.3
2000/01/01@14:27:38,22180,3.2280002,24449.6
2000/01/01@14:27:39,22181,3.2274378,24452.9
2000/01/01@14:27:40,22182,3.228375,24456.2
2000/01/01@14:27:41,22183,3.22725,24459.5
2000/01/01@14:27:42,22184,3.2276252,24462.8
2000/01/01@14:27:43,22185,3.22725,24466.1
2000/01/01@14:27:44,22186,3.2276252,24469.4
2000/01/01@14:27:45,22187,3.2281876,24472.7
2000/01/01@14:27:47,22189,3.2270628,24479.064516129034
2000/01/01@14:27:48,22190,3.2270628,24482.129032258064
2000/01/01@14:27:49,22191,3.22725,24485.1935483871
2000/01/01@14:27:50,22192,3.2274378,24488.25806451613
2000/01/01@14:27:51,22193,3.2270628,24491.322580645163
2000/01/01@14:27:52,22194,3.2270628,24494.387096774193
2000/01/01@14:27:53,22195,3.2274378,24497.451612903227
2000/01/01@14:27:54,22196,3.2278126,24500.516129032258
2000/01/01@14:27:55,22197,3.2281876,24503.58064516129
2000/01/01@14:27:56,22198,3.2278126,24506.645161290322
2000/01/01@14:27:57,22199,3.2276252,24509.709677419356
2000/01/01@14:27:59,22201,3.2276252,24515.83870967742
2000/01/01@14:28:00,22202,3.2281876,24518.90322580645
2000/01/01@14:28:01,22203,3.228375,24521.967741935485
2000/01/01@14:28:02,22204,3.22725,24525.032258064515
2000/01/01@14:28:03,22205,3.2274378,24528.09677419355
2000/01/01@14:28:04,22206,3.2274378,24531.16129032258
2000/01/01@14:28:05,22207,3.2274378,24534.225806451614
2000/01/01@14:28:06,22208,3.2276252,24537.290322580644
2000/01/01@14:28:07,22209,3.2280002,24540.354838709678
2000/01/01@14:28:08,22210,3.228375,24543.41935483871
2000/01/01@14:28:09,22211,3.2280002,24546.483870967742
2000/01/01@14:28:11,22213,3.2274378,24552.612903225807
2000/01/01@14:28:12,22214,3.2278126,24555.677419354837
2000/01/01@14:28:13,22215,3.22725,24558.74193548387
2000/01/01@14:28:14,22216,3.2274378,24561.8064516129
2000/01/01@14:28:15,22217,3.2274378,24564.870967741936
2000/01/01@14:28:16,22218,3.2276252,24567.935483870966
2000/01/01@14:28:17,22219,3.2276252,24571.0
2000/01/01@14:28:18,22220,3.22725,24574.066666666666
2000/01/01@14:28:19,22221,3.2278126,24577.133333333335
2000/01/01@14:28:20,22222,3.2274378,24580.2
2000/01/01@14:28:22,22224,3.2276252,24586.333333333332
2000/01/01@14:28:23,22225,3.2274378,24589.4
2000/01/01@14:28:24,22226,3.2274378,24592.466666666667
2000/01/01@14:28:25,22227,3.2281876,24595.533333333333
2000/01/01@14:28:26,22228,3.2276252,24598.6
2000/01/01@14:28:27,22229,3.2281876,24601.666666666668
2000/01/01@14:28:28,22230,3.2274378,24604.733333333334
2000/01/01@14:28:29,22231,3.2281876,24607.8
2000/01/01@14:28:30,22232,3.2281876,24610.866666666665
2000/01/01@14:28:31,22233,3.2274378,24613.933333333334
2000/01/01@14:28:32,22234,3.22725,24617.0
2000/01/01@14:28:34,22236,3.2274378,24623.133333333335
2000/01/01@14:28:35,22237,3.2274378,24626.2
2000/01/01@14:28:36,22238,3.2276252,24629.266666666666
2000/01/01@14:28:37,22239,3.2281876,24632.333333333332
2000/01/01@14:28:38,22240,3.2274378,24635.4
2000/01/01@14:28:39,22241,3.2278126,24638.466666666667
2000/01/01@14:28:40,22242,3.2280002,24641.533333333333
2000/01/01@14:28:41,22243,3.22725,24644.6
2000/01/01@14:28:42,22244,3.2281876,24647.666666666668
2000/01/01@14:28:43,22245,3.2281876,24650.733333333334
2000/01/01@14:28:44,22246,3.2274378,24653.8
2000/01/01@14:28:46,22248,3.2281876,24659.933333333334
2000/01/01@14:28:47,22249,3.2276252,24663.0
2000/01/01@14:28:48,22250,3.2278126,24666.16129032258
2000/01/01@14:28:49,22251,3.22725,24669.322580645163
2000/01/01@14:28:50,22252,3.2274378,24672.483870967742
2000/01/01@14:28:51,22253,3.2278126,24675.645161290322
2000/01/01@14:28:52,22254,3.2274378,24678.8064516129
2000/01/01@14:28:53,22255,3.2281876,24681.967741935485
2000/01/01@14:28:54,22256,3.2276252,24685.129032258064
2000/01/01@14:28:55,22257,3.2276252,24688.290322580644
2000/01/01@14:28:56,22258,3.22725,24691.451612903227
2000/01/01@14:28:58,22260,3.2278126,24697.774193548386
2000/01/01@14:28:59,22261,3.2281876,24700.935483870966
2000/01/01@14:29:00,22262,3.22725,24704.09677419355
2000/01/01@14:29:01,22263,3.22725,24707.25806451613
2000/01/01@14:29:02,22264,3.22725,24710.41935483871
2000/01/01@14:29:03,22265,3.2281876,24713.58064516129
2000/01/01@14:29:04,22266,3.2274378,24716.74193548387
2000/01/01@14:29:05,22267,3.22725,24719.90322580645
2000/01/01@14:29:06,22268,3.22725,24723.064516129034
2000/01/01@14:29:07,22269,3.2280002,24726.225806451614
2000/01/01@14:29:08,22270,3.2274378,24729.387096774193
2000/01/01@14:29:10,22272,3.22725,24735.709677419356
2000/01/01@14:29:11,22273,3.22725,24738.870967741936
2000/01/01@14:29:12,22274,3.2281876,24742.032258064515
2000/01/01@14:29:13,22275,3.2274378,24745.1935483871
2000/01/01@14:29:14,22276,3.2281876,24748.354838709678
2000/01/01@14:29:15,22277,3.22725,24751.516129032258
2000/01/01@14:29:16,22278,3.2280002,24754.677419354837
2000/01/01@14:29:17,22279,3.22725,24757.83870967742
2000/01/01@14:29:18,22280,3.22725,24761.0
2000/01/01@14:29:19,22281,3.2276252,24764.064516129034
2000/01/01@14:29:20,22282,3.2276252,24767.129032258064
2000/01/01@14:29:22,22284,3.2278126,24773.25806451613
2000/01/01@14:29:23,22285,3.2276252,24776.322580645163
2000/01/01@14:29:24,22286,3.2276252,24779.387096774193
2000/01/01@14:29:25,22287,3.2276252,24782.451612903227
2000/01/01@14:29:26,22288,3.22725,24785.516129032258
2000/01/01@14:29:27,22289,3.2280002,24788.58064516129
2000/01/01@14:29:28,22290,3.2274378,24791.645161290322
2000/01/01@14:29:29,22291,3.2276252,24794.709677419356
2000/01/01@14:29:30,22292,3.2276252,24797.774193548386
2000/01/01@14:29:31,22293,3.2270628,24800.83870967742
2000/01/01@14:29:32,22294,3.2270628,24803.90322580645
2000/01/01@14:29:34,22296,3.2280002,24810.032258064515
2000/01/01@14:29:35,22297,3.22725,24813.09677419355
2000/01/01@14:29:36,22298,3.22725,24816.16129032258
2000/01/01@14:29:37,22299,3.22725,24819.225806451614
2000/01/01@14:29:38,22300,3.2280002,24822.290322580644
2000/01/01@14:29:39,22301,3.22725,24825.354838709678
2000/01/01@14:29:40,22302,3.2274378,24828.41935483871
2000/01/01@14:29:41,22303,3.22725,24831.483870967742
2000/01/01@14:29:42,22304,3.22725,24834.548387096773
2000/01/01@14:29:43,22305,3.2270628,24837.612903225807
2000/01/01@14:29:44,22306,3.22725,24840.677419354837
2000/01/01@14:29:46,22308,3.2278126,24846.8064516129
2000/01/01@14:29:47,22309,3.2280002,24849.870967741936
2000/01/01@14:29:48,22310,3.2280002,24852.935483870966
2000/01/01@14:29:49,22311,3.22725,24856.0
2000/01/01@14:29:50,22312,3.2270628,24859.3
2000/01/01@14:29:51,22313,3.2281876,24862.6
2000/01/01@14:29:52,22314,3.2274378,24865.9
2000/01/01@14:29:53,22315,3.22725,24869.2
2000/01/01@14:29:54,22316,3.2270628,24872.5
2000/01/01@14:29:55,22317,3.2278126,24875.8
2000/01/01@14:29:56,22318,3.2278126,24879.1
2000/01/01@14:29:58,22320,3.2276252,24885.7
2000/01/01@14:29:59,22321,3.2270628,24889.0
2000/01/01@14:30:00,22322,3.2280002,24892.3
2000/01/01@14:30:01,22323,3.2280002,24895.6
2000/01/01@14:30:02,22324,3.22725,24898.9
2000/01/01@14:30:03,22325,3.2276252,24902.2
2000/01/01@14:30:04,22326,3.22725,24905.5
2000/01/01@14:30:05,22327,3.2278126,24908.8
2000/01/01@14:30:06,22328,3.2280002,24912.1
2000/01/01@14:30:07,22329,3.22725,24915.4
2000/01/01@14:30:08,22330,3.2281876,24918.7
2000/01/01@14:30:10,22332,3.2276252,24925.3
2000/01/01@14:30:11,22333,3.2274378,24928.6
2000/01/01@14:30:12,22334,3.2276252,24931.9
2000/01/01@14:30:13,22335,3.2278126,24935.2
2000/01/01@14:30:14,22336,3.2270628,24938.5
2000/01/01@14:30:15,22337,3.2276252,24941.8
2000/01/01@14:30:16,22338,3.2274378,24945.1
2000/01/01@14:30:17,22339,3.2270628,24948.4
2000/01/01@14:30:18,22340,3.2280002,24951.7
2000/01/01@14:30:19,22341,3.22725,24955.0
2000/01/01@14:30:20,22342,3.2280002,24958.1935483871
2000/01/01@14:30:22,22344,3.22725,24964.58064516129
2000/01/01@14:30:23,22345,3.2274378,24967.774193548386
2000/01/01@14:30:24,22346,3.2270628,24970.967741935485
2000/01/01@14:30:25,22347,3.2278126,24974.16129032258
2000/01/01@14:30:26,22348,3.2274378,24977.354838709678
2000/01/01@14:30:27,22349,3.22725,24980.548387096773
2000/01/01@14:30:28,22350,3.2270628,24983.74193548387
2000/01/01@14:30:29,22351,3.2280002,24986.935483870966
2000/01/01@14:30:30,22352,3.2270628,24990.129032258064
2000/01/01@14:30:31,22353,3.2280002,24993.322580645163
2000/01/01@14:30:32,22354,3.22725,24996.516129032258
2000/01/01@14:30:34,22356,3.22725,25002.90322580645
2000/01/01@14:30:35,22357,3.22725,25006.09677419355
2000/01/01@14:30:36,22358,3.22725,25009.290322580644
2000/01/01@14:30:37,22359,3.2274378,25012.483870967742
2000/01/01@14:30:38,22360,3.2268752,25015.677419354837
2000/01/01@14:30:39,22361,3.2280002,25018.870967741936
2000/01/01@14:30:40,22362,3.2274378,25022.064516129034
2000/01/01@14:30:41,22363,3.22725,25025.25806451613
2000/01/01@14:30:42,22364,3.2270628,25028.451612903227
2000/01/01@14:30:43,22365,3.2268752,25031.645161290322
2000/01/01@14:30:44,22366,3.2278126,25034.83870967742
2000/01/01@14:30:46,22368,3.2280002,25041.225806451614
2000/01/01@14:30:47,22369,3.22725,25044.41935483871
2000/01/01@14:30:48,22370,3.2270628,25047.612903225807
2000/01/01@14:30:49,22371,3.2268752,25050.8064516129
2000/01/01@14:30:50,22372,3.2280002,25054.0
2000/01/01@14:30:51,22373,3.2276252,25057.3
2000/01/01@14:30:52,22374,3.2278126,25060.6
2000/01/01@14:30:53,22375,3.2268752,25063.9
2000/01/01@14:30:54,22376,3.22725,25067.2
2000/01/01@14:30:55,22377,3.2274378,25070.5
2000/01/01@14:30:56,22378,3.22725,25073.8
2000/01/01@14:30:58,22380,3.2280002,25080.4
2000/01/01@14:30:59,22381,3.22725,25083.7
2000/01/01@14:31:00,22382,3.22725,25087.0
2000/01/01@14:31:01,22383,3.2270628,25090.3
2000/01/01@14:31:02,22384,3.2278126,25093.6
2000/01/01@14:31:03,22385,3.22725,25096.9
2000/01/01@14:31:04,22386,3.2276252,25100.2
2000/01/01@14:31:05,22387,3.2280002,25103.5
2000/01/01@14:31:06,22388,3.2280002,25106.8
2000/01/01@14:31:07,22389,3.2278126,25110.1
2000/01/01@14:31:08,22390,3.2270628,25113.4
2000/01/01@14:31:10,22392,3.2276252,25120.0
2000/01/01@14:31:11,22393,3.2280002,25123.3
2000/01/01@14:31:12,22394,3.2278126,25126.6
2000/01/01@14:31:13,22395,3.2276252,25129.9
2000/01/01@14:31:14,22396,3.2278126,25133.2
2000/01/01@14:31:15,22397,3.2276252,25136.5
2000/01/01@14:31:16,22398,3.2276252,25139.8
2000/01/01@14:31:17,22399,3.2278126,25143.1
2000/01/01@14:31:18,22400,3.2276252,25146.4
2000/01/01@14:31:19,22401,3.2270628,25149.7
2000/01/01@14:31:20,22402,3.2280002,25153.0
2000/01/01@14:31:22,22404,3.22725,25158.935483870966
2000/01/01@14:31:23,22405,3.2270628,25161.90322580645
2000/01/01@14:31:24,22406,3.2270628,25164.870967741936
2000/01/01@14:31:25,22407,3.2270628,25167.83870967742
2000/01/01@14:31:26,22408,3.2270628,25170.8064516129
2000/01/01@14:31:27,22409,3.22725,25173.774193548386
2000/01/01@14:31:28,22410,3.22725,25176.74193548387
2000/01/01@14:31:29,22411,3.2270628,25179.709677419356
2000/01/01@14:31:30,22412,3.22725,25182.677419354837
2000/01/01@14:31:31,22413,3.2280002,25185.645161290322
2000/01/01@14:31:32,22414,3.22725,25188.612903225807
2000/01/01@14:31:34,22416,3.2276252,25194.548387096773
2000/01/01@14:31:35,22417,3.2274378,25197.516129032258
2000/01/01@14:31:36,22418,3.22725,25200.483870967742
2000/01/01@14:31:37,22419,3.22725,25203.451612903227
2000/01/01@14:31:38,22420,3.2270628,25206.41935483871
2000/01/01@14:31:39,22421,3.22725,25209.387096774193
2000/01/01@14:31:40,22422,3.2278126,25212.354838709678
2000/01/01@14:31:41,22423,3.2274378,25215.322580645163
2000/01/01@14:31:42,22424,3.2278126,25218.290322580644
2000/01/01@14:31:43,22425,3.22725,25221.25806451613
2000/01/01@14:31:44,22426,3.22725,25224.225806451614
2000/01/01@14:31:46,22428,3.2274378,25230.16129032258
2000/01/01@14:31:47,22429,3.2280002,25233.129032258064
2000/01/01@14:31:48,22430,3.2278126,25236.09677419355
2000/01/01@14:31:49,22431,3.22725,25239.064516129034
2000/01/01@14:31:50,22432,3.2270628,25242.032258064515
2000/01/01@14:31:51,22433,3.2276252,25245.0
2000/01/01@14:31:52,22434,3.2280002,25248.16129032258
2000/01/01@14:31:53,22435,3.2278126,25251.322580645163
2000/01/01@14:31:54,22436,3.2278126,25254.483870967742
2000/01/01@14:31:55,22437,3.22725,25257.645161290322
2000/01/01@14:31:56,22438,3.22725,25260.8064516129
2000/01/01@14:31:57,22439,3.2278126,25263.967741935485
2000/01/01@14:31:59,22441,3.2270628,25270.290322580644
2000/01/01@14:32:00,22442,3.22725,25273.451612903227
2000/01/01@14:32:01,22443,3.2278126,25276.612903225807
2000/01/01@14:32:02,22444,3.2280002,25279.774193548386
2000/01/01@14:32:03,22445,3.22725,25282.935483870966
2000/01/01@14:32:04,22446,3.22725,25286.09677419355
2000/01/01@14:32:05,22447,3.2280002,25289.25806451613
2000/01/01@14:32:06,22448,3.22725,25292.41935483871
2000/01/01@14:32:07,22449,3.2278126,25295.58064516129
2000/01/01@14:32:08,22450,3.2278126,25298.74193548387
2000/01/01@14:32:09,22451,3.2276252,25301.90322580645
2000/01/01@14:32:11,22453,3.2276252,25308.225806451614
2000/01/01@14:32:12,22454,3.2276252,25311.387096774193
2000/01/01@14:32:13,22455,3.2274378,25314.548387096773
2000/01/01@14:32:14,22456,3.2274378,25317.709677419356
2000/01/01@14:32:15,22457,3.2276252,25320.870967741936
2000/01/01@14:32:16,22458,3.2274378,25324.032258064515
2000/01/01@14:32:17,22459,3.2278126,25327.1935483871
2000/01/01@14:32:18,22460,3.2276252,25330.354838709678
2000/01/01@14:32:19,22461,3.2276252,25333.516129032258
2000/01/01@14:32:20,22462,3.2270628,25336.677419354837
2000/01/01@14:32:21,22463,3.2278126,25339.83870967742
2000/01/01@14:32:23,22465,3.22725,25346.333333333332
2000/01/01@14:32:24,22466,3.22725,25349.666666666668
2000/01/01@14:32:25,22467,3.2270628,25353.0
2000/01/01@14:32:26,22468,3.2280002,25356.333333333332
2000/01/01@14:32:27,22469,3.22725,25359.666666666668
2000/01/01@14:32:28,22470,3.2270628,25363.0
2000/01/01@14:32:29,22471,3.2270628,25366.333333333332
2000/01/01@14:32:30,22472,3.2270628,25369.666666666668
2000/01/01@14:32:31,22473,3.22725,25373.0
2000/01/01@14:32:32,22474,3.2268752,25376.333333333332
2000/01/01@14:32:33,22475,3.2280002,25379.666666666668
2000/01/01@14:32:35,22477,3.2281876,25386.333333333332
2000/01/01@14:32:36,22478,3.2274378,25389.666666666668
2000/01/01@14:32:37,22479,3.2270628,25393.0
2000/01/01@14:32:38,22480,3.2281876,25396.333333333332
2000/01/01@14:32:39,22481,3.2278126,25399.666666666668
2000/01/01@14:32:40,22482,3.2278126,25403.0
2000/01/01@14:32:41,22483,3.2281876,25406.333333333332
2000/01/01@14:32:42,22484,3.2276252,25409.666666666668
2000/01/01@14:32:43,22485,3.22725,25413.0
2000/01/01@14:32:44,22486,3.2281876,25416.333333333332
2000/01/01@14:32:45,22487,3.2274378,25419.666666666668
2000/01/01@14:32:47,22489,3.2276252,25426.333333333332
2000/01/01@14:32:48,22490,3.2278126,25429.666666666668
2000/01/01@14:32:49,22491,3.2278126,25433.0
2000/01/01@14:32:50,22492,3.2278126,25436.333333333332
2000/01/01@14:32:51,22493,3.2270628,25439.666666666668
2000/01/01@14:32:52,22494,3.2274378,25443.0
2000/01/01@14:32:53,22495,3.2270628,25446.225806451614
2000/01/01@14:32:54,22496,3.2270628,25449.451612903227
2000/01/01@14:32:55,22497,3.2280002,25452.677419354837
2000/01/01@14:32:56,22498,3.22725,25455.90322580645
2000/01/01@14:32:57,22499,3.22725,25459.129032258064
2000/01/01@14:32:59,22501,3.2280002,25465.58064516129
2000/01/01@14:33:00,22502,3.2274378,25468.8064516129
2000/01/01@14:33:01,22503,3.2270628,25472.032258064515
2000/01/01@14:33:02,22504,3.2278126,25475.25806451613
2000/01/01@14:33:03,22505,3.2276252,25478.483870967742
2000/01/01@14:33:04,22506,3.2278126,25481.709677419356
2000/01/01@14:33:05,22507,3.2270628,25484.935483870966
2000/01/01@14:33:06,22508,3.22725,25488.16129032258
2000/01/01@14:33:07,22509,3.2274378,25491.387096774193
2000/01/01@14:33:08,22510,3.2281876,25494.612903225807
2000/01/01@14:33:09,22511,3.2276252,25497.83870967742
2000/01/01@14:33:11,22513,3.2274378,25504.290322580644
2000/01/01@14:33:12,22514,3.2276252,25507.516129032258
2000/01/01@14:33:13,22515,3.22725,25510.74193548387
2000/01/01@14:33:14,22516,3.22725,25513.967741935485
2000/01/01@14:33:15,22517,3.22725,25517.1935483871
2000/01/01@14:33:16,22518,3.2274378,25520.41935483871
2000/01/01@14:33:17,22519,3.2274378,25523.645161290322
2000/01/01@14:33:18,22520,3.2276252,25526.870967741936
2000/01/01@14:33:19,22521,3.2270628,25530.09677419355
2000/01/01@14:33:20,22522,3.2274378,25533.322580645163
2000/01/01@14:33:21,22523,3.2270628,25536.548387096773
2000/01/01@14:33:23,22525,3.2270628,25543.0
2000/01/01@14:33:24,22526,3.2274378,25546.233333333334
2000/01/01@14:33:25,22527,3.2274378,25549.466666666667
2000/01/01@14:33:26,22528,3.2276252,25552.7
2000/01/01@14:33:27,22529,3.2280002,25555.933333333334
2000/01/01@14:33:28,22530,3.2278126,25559.166666666668
2000/01/01@14:33:29,22531,3.2274378,25562.4
2000/01/01@14:33:30,22532,3.2274378,25565.633333333335
2000/01/01@14:33:31,22533,3.2268752,25568.866666666665
2000/01/01@14:33:32,22534,3.22725,25572.1
2000/01/01@14:33:33,22535,3.22725,25575.333333333332
2000/01/01@14:33:35,22537,3.22725,25581.8
2000/01/01@14:33:36,22538,3.2270628,25585.033333333333
2000/01/01@14:33:37,22539,3.22725,25588.266666666666
2000/01/01@14:33:38,22540,3.2274378,25591.5
2000/01/01@14:33:39,22541,3.2280002,25594.733333333334
2000/01/01@14:33:40,22542,3.2278126,25597.966666666667
2000/01/01@14:33:41,22543,3.2274378,25601.2
2000/01/01@14:33:42,22544,3.2281876,25604.433333333334
2000/01/01@14:33:43,22545,3.2276252,25607.666666666668
2000/01/01@14:33:44,22546,3.22725,25610.9
2000/01/01@14:33:45,22547,3.2274378,25614.133333333335
2000/01/01@14:33:47,22549,3.2276252,25620.6
2000/01/01@14:33:48,22550,3.2281876,25623.833333333332
2000/01/01@14:33:49,22551,3.2280002,25627.066666666666
2000/01/01@14:33:50,22552,3.2281876,25630.3
2000/01/01@14:33:51,22553,3.2274378,25633.533333333333
2000/01/01@14:33:52,22554,3.22725,25636.766666666666
2000/01/01@14:33:53,22555,3.2274378,25640.0
2000/01/01@14:33:54,22556,3.22725,25643.354838709678
2000/01/01@14:33:55,22557,3.22725,25646.709677419356
2000/01/01@14:33:56,22558,3.2280002,25650.064516129034
2000/01/01@14:33:57,22559,3.2278126,25653.41935483871
2000/01/01@14:33:59,22561,3.2274378,25660.129032258064
2000/01/01@14:34:00,22562,3.22725,25663.483870967742
2000/01/01@14:34:01,22563,3.2278126,25666.83870967742
2000/01/01@14:34:02,22564,3.228375,25670.1935483871
2000/01/01@14:34:03,22565,3.2274378,25673.548387096773
2000/01/01@14:34:04,22566,3.22725,25676.90322580645
2000/01/01@14:34:05,22567,3.22725,25680.25806451613
2000/01/01@14:34:06,22568,3.22725,25683.612903225807
2000/01/01@14:34:07,22569,3.2278126,25686.967741935485
2000/01/01@14:34:08,22570,3.228375,25690.322580645163
2000/01/01@14:34:09,22571,3.22725,25693.677419354837
2000/01/01@14:34:11,22573,3.2278126,25700.387096774193
2000/01/01@14:34:12,22574,3.2270628,25703.74193548387
2000/01/01@14:34:13,22575,3.22725,25707.09677419355
2000/01/01@14:34:14,22576,3.22725,25710.451612903227
2000/01/01@14:34:15,22577,3.2280002,25713.8064516129
2000/01/01@14:34:16,22578,3.2274378,25717.16129032258
2000/01/01@14:34:17,22579,3.22725,25720.516129032258
2000/01/01@14:34:18,22580,3.22725,25723.870967741936
2000/01/01@14:34:19,22581,3.22725,25727.225806451614
2000/01/01@14:34:20,22582,3.2274378,25730.58064516129
2000/01/01@14:34:21,22583,3.22725,25733.935483870966
2000/01/01@14:34:23,22585,3.2280002,25740.645161290322
2000/01/01@14:34:24,22586,3.2280002,25744.0
2000/01/01@14:34:25,22587,3.22725,25747.290322580644
2000/01/01@14:34:26,22588,3.22725,25750.58064516129
2000/01/01@14:34:27,22589,3.2278126,25753.870967741936
2000/01/01@14:34:28,22590,3.22725,25757.16129032258
2000/01/01@14:34:29,22591,3.2278126,25760.451612903227
2000/01/01@14:34:30,22592,3.2280002,25763.74193548387
2000/01/01@14:34:31,22593,3.2276252,25767.032258064515
2000/01/01@14:34:32,22594,3.2270628,25770.322580645163
2000/01/01@14:34:33,22595,3.22725,25773.612903225807
2000/01/01@14:34:35,22597,3.22725,25780.1935483871
2000/01/01@14:34:36,22598,3.2278126,25783.483870967742
2000/01/01@14:34:37,22599,3.2270628,25786.774193548386
2000/01/01@14:34:38,22600,3.2278126,25790.064516129034
2000/01/01@14:34:39,22601,3.2270628,25793.354838709678
2000/01/01@14:34:40,22602,3.22725,25796.645161290322
2000/01/01@14:34:41,22603,3.22725,25799.935483870966
2000/01/01@14:34:42,22604,3.2270628,25803.225806451614
2000/01/01@14:34:43,22605,3.2270628,25806.516129032258
2000/01/01@14:34:44,22606,3.2270628,25809.8064516129
2000/01/01@14:34:45,22607,3.2268752,25813.09677419355
2000/01/01@14:34:47,22609,3.22725,25819.677419354837
2000/01/01@14:34:48,22610,3.2278126,25822.967741935485
2000/01/01@14:34:49,22611,3.2278126,25826.25806451613
2000/01/01@14:34:50,22612,3.22725,25829.548387096773
2000/01/01@14:34:51,22613,3.2270628,25832.83870967742
2000/01/01@14:34:52,22614,3.2270628,25836.129032258064
2000/01/01@14:34:53,22615,3.22725,25839.41935483871
2000/01/01@14:34:54,22616,3.2278126,25842.709677419356
2000/01/01@14:34:55,22617,3.22725,25846.0
2000/01/01@14:34:56,22618,3.2276252,25849.266666666666
2000/01/01@14:34:57,22619,3.22725,25852.533333333333
2000/01/01@14:34:59,22621,3.2280002,25859.066666666666
2000/01/01@14:35:00,22622,3.2280002,25862.333333333332
2000/01/01@14:35:01,22623,3.2274378,25865.6
2000/01/01@14:35:02,22624,3.2274378,25868.866666666665
2000/01/01@14:35:03,22625,3.22725,25872.133333333335
2000/01/01@14:35:04,22626,3.2280002,25875.4
2000/01/01@14:35:05,22627,3.22725,25878.666666666668
2000/01/01@14:35:06,22628,3.2270628,25881.933333333334
2000/01/01@14:35:07,22629,3.2270628,25885.2
2000/01/01@14:35:08,22630,3.2270628,25888.466666666667
2000/01/01@14:35:09,22631,3.2270628,25891.733333333334
2000/01/01@14:35:11,22633,3.22725,25898.266666666666
2000/01/01@14:35:12,22634,3.2270628,25901.533333333333
2000/01/01@14:35:13,22635,3.2280002,25904.8
2000/01/01@14:35:14,22636,3.2270628,25908.066666666666
2000/01/01@14:35:15,22637,3.2270628,25911.333333333332
2000/01/01@14:35:16,22638,3.2274378,25914.6
2000/01/01@14:35:17,22639,3.2276252,25917.866666666665
2000/01/01@14:35:18,22640,3.2270628,25921.133333333335
2000/01/01@14:35:19,22641,3.2270628,25924.4
2000/01/01@14:35:20,22642,3.2280002,25927.666666666668
2000/01/01@14:35:21,22643,3.2278126,25930.933333333334
2000/01/01@14:35:23,22645,3.2274378,25937.466666666667
2000/01/01@14:35:24,22646,3.22725,25940.733333333334
2000/01/01@14:35:25,22647,3.2270628,25944.0
2000/01/01@14:35:26,22648,3.2274378,25947.129032258064
2000/01/01@14:35:27,22649,3.2274378,25950.25806451613
2000/01/01@14:35:28,22650,3.22725,25953.387096774193
2000/01/01@14:35:29,22651,3.2280002,25956.516129032258
2000/01/01@14:35:30,22652,3.22725,25959.645161290322
2000/01/01@14:35:31,22653,3.2270628,25962.774193548386
2000/01/01@14:35:32,22654,3.2270628,25965.90322580645
2000/01/01@14:35:33,22655,3.22725,25969.032258064515
2000/01/01@14:35:35,22657,3.22725,25975.290322580644
2000/01/01@14:35:36,22658,3.2276252,25978.41935483871
2000/01/01@14:35:37,22659,3.2278126,25981.548387096773
2000/01/01@14:35:38,22660,3.2270628,25984.677419354837
2000/01/01@14:35:39,22661,3.2274378,25987.8064516129
2000/01/01@14:35:40,22662,3.2270628,25990.935483870966
2000/01/01@14:35:41,22663,3.2280002,25994.064516129034
2000/01/01@14:35:42,22664,3.22725,25997.1935483871
2000/01/01@14:35:43,22665,3.2278126,26000.322580645163
2000/01/01@14:35:44,22666,3.2280002,26003.451612903227
2000/01/01@14:35:45,22667,3.22725,26006.58064516129
2000/01/01@14:35:47,22669,3.2278126,26012.83870967742
2000/01/01@14:35:48,22670,3.2268752,26015.967741935485
2000/01/01@14:35:49,22671,3.22725,26019.09677419355
2000/01/01@14:35:50,22672,3.2278126,26022.225806451614
2000/01/01@14:35:51,22673,3.2278126,26025.354838709678
2000/01/01@14:35:52,22674,3.2270628,26028.483870967742
2000/01/01@14:35:53,22675,3.22725,26031.612903225807
2000/01/01@14:35:54,22676,3.22725,26034.74193548387
2000/01/01@14:35:55,22677,3.22725,26037.870967741936
2000/01/01@14:35:56,22678,3.2274378,26041.0
2000/01/01@14:35:57,22679,3.2274378,26044.433333333334
2000/01/01@14:35:59,22681,3.22725,26051.3
2000/01/01@14:36:00,22682,3.2274378,26054.733333333334
2000/01/01@14:36:01,22683,3.22725,26058.166666666668
2000/01/01@14:36:02,22684,3.2274378,26061.6
2000/01/01@14:36:03,22685,3.2281876,26065.033333333333
2000/01/01@14:36:04,22686,3.2280002,26068.466666666667
2000/01/01@14:36:05,22687,3.2270628,26071.9
2000/01/01@14:36:06,22688,3.2280002,26075.333333333332
2000/01/01@14:36:07,22689,3.2270628,26078.766666666666
2000/01/01@14:36:08,22690,3.2274378,26082.2
2000/01/01@14:36:09,22691,3.2276252,26085.633333333335
2000/01/01@14:36:11,22693,3.2278126,26092.5
2000/01/01@14:36:12,22694,3.2270628,26095.933333333334
2000/01/01@14:36:13,22695,3.2274378,26099.366666666665
2000/01/01@14:36:14,22696,3.2274378,26102.8
2000/01/01@14:36:15,22697,3.22725,26106.233333333334
2000/01/01@14:36:16,22698,3.2274378,26109.666666666668
2000/01/01@14:36:17,22699,3.22725,26113.1
2000/01/01@14:36:18,22700,3.2278126,26116.533333333333
2000/01/01@14:36:19,22701,3.2274378,26119.966666666667
2000/01/01@14:36:20,22702,3.2278126,26123.4
2000/01/01@14:36:21,22703,3.2281876,26126.833333333332
2000/01/01@14:36:23,22705,3.2270628,26133.7
2000/01/01@14:36:24,22706,3.2270628,26137.133333333335
2000/01/01@14:36:25,22707,3.2281876,26140.566666666666
2000/01/01@14:36:26,22708,3.22725,26144.0
2000/01/01@14:36:27,22709,3.2280002,26147.0
2000/01/01@14:36:28,22710,3.2274378,26150.0
2000/01/01@14:36:29,22711,3.22725,26153.0
2000/01/01@14:36:30,22712,3.2268752,26156.0
2000/01/01@14:36:31,22713,3.22725,26159.0
2000/01/01@14:36:32,22714,3.2274378,26162.0
2000/01/01@14:36:33,22715,3.22725,26165.0
2000/01/01@14:36:35,22717,3.2270628,26171.0
2000/01/01@14:36:36,22718,3.2270628,26174.0
2000/01/01@14:36:37,22719,3.2268752,26177.0
2000/01/01@14:36:38,22720,3.2278126,26180.0
2000/01/01@14:36:39,22721,3.2270628,26183.0
2000/01/01@14:36:40,22722,3.2270628,26186.0
2000/01/01@14:36:41,22723,3.2281876,26189.0
2000/01/01@14:36:42,22724,3.2276252,26192.0
2000/01/01@14:36:43,22725,3.2270628,26195.0
2000/01/01@14:36:44,22726,3.2278126,26198.0
2000/01/01@14:36:46,22728,3.22725,26204.0
2000/01/01@14:36:47,22729,3.2270628,26207.0
2000/01/01@14:36:48,22730,3.2276252,26210.0
2000/01/01@14:36:49,22731,3.2270628,26213.0
2000/01/01@14:36:50,22732,3.2274378,26216.0
2000/01/01@14:36:51,22733,3.2270628,26219.0
2000/01/01@14:36:52,22734,3.2270628,26222.0
2000/01/01@14:36:53,22735,3.2274378,26225.0
2000/01/01@14:36:54,22736,3.22725,26228.0
2000/01/01@14:36:55,22737,3.2274378,26231.0
2000/01/01@14:36:56,22738,3.2270628,26234.0
2000/01/01@14:36:58,22740,3.2278126,26239.935483870966
2000/01/01@14:36:59,22741,3.2274378,26242.870967741936
2000/01/01@14:37:00,22742,3.22725,26245.8064516129
2000/01/01@14:37:01,22743,3.2270628,26248.74193548387
2000/01/01@14:37:02,22744,3.2268752,26251.677419354837
2000/01/01@14:37:03,22745,3.22725,26254.612903225807
2000/01/01@14:37:04,22746,3.2270628,26257.548387096773
2000/01/01@14:37:05,22747,3.22725,26260.483870967742
2000/01/01@14:37:06,22748,3.2276252,26263.41935483871
2000/01/01@14:37:07,22749,3.2280002,26266.354838709678
2000/01/01@14:37:08,22750,3.2280002,26269.290322580644
2000/01/01@14:37:10,22752,3.2268752,26275.16129032258
2000/01/01@14:37:11,22753,3.22725,26278.09677419355
2000/01/01@14:37:12,22754,3.2268752,26281.032258064515
2000/01/01@14:37:13,22755,3.22725,26283.967741935485
2000/01/01@14:37:14,22756,3.22725,26286.90322580645
2000/01/01@14:37:15,22757,3.2268752,26289.83870967742
2000/01/01@14:37:16,22758,3.2276252,26292.774193548386
2000/01/01@14:37:17,22759,3.2268752,26295.709677419356
2000/01/01@14:37:18,22760,3.2278126,26298.645161290322
2000/01/01@14:37:19,22761,3.2270628,26301.58064516129
2000/01/01@14:37:20,22762,3.2278126,26304.516129032258
2000/01/01@14:37:22,22764,3.2270628,26310.387096774193
2000/01/01@14:37:23,22765,3.22725,26313.322580645163
2000/01/01@14:37:24,22766,3.2281876,26316.25806451613
2000/01/01@14:37:25,22767,3.2276252,26319.1935483871
2000/01/01@14:37:26,22768,3.2274378,26322.129032258064
2000/01/01@14:37:27,22769,3.2278126,26325.064516129034
2000/01/01@14:37:28,22770,3.2268752,26328.0
2000/01/01@14:37:29,22771,3.2278126,26330.966666666667
2000/01/01@14:37:30,22772,3.2278126,26333.933333333334
2000/01/01@14:37:31,22773,3.2278126,26336.9
2000/01/01@14:37:32,22774,3.2280002,26339.866666666665
2000/01/01@14:37:34,22776,3.22725,26345.8
2000/01/01@14:37:35,22777,3.2278126,26348.766666666666
2000/01/01@14:37:36,22778,3.22725,26351.733333333334
2000/01/01@14:37:37,22779,3.2270628,26354.7
2000/01/01@14:37:38,22780,3.2280002,26357.666666666668
2000/01/01@14:37:39,22781,3.22725,26360.633333333335
2000/01/01@14:37:40,22782,3.2270628,26363.6
2000/01/01@14:37:41,22783,3.2270628,26366.566666666666
2000/01/01@14:37:42,22784,3.2278126,26369.533333333333
2000/01/01@14:37:43,22785,3.2274378,26372.5
2000/01/01@14:37:44,22786,3.2270628,26375.466666666667
2000/01/01@14:37:46,22788,3.2274378,26381.4
2000/01/01@14:37:47,22789,3.2270628,26384.366666666665
2000/01/01@14:37:48,22790,3.2278126,26387.333333333332
2000/01/01@14:37:49,22791,3.2270628,26390.3
2000/01/01@14:37:50,22792,3.22725,26393.266666666666
2000/01/01@14:37:51,22793,3.22725,26396.233333333334
2000/01/01@14:37:52,22794,3.2268752,26399.2
2000/01/01@14:37:53,22795,3.2278126,26402.166666666668
2000/01/01@14:37:54,22796,3.2281876,26405.133333333335
2000/01/01@14:37:55,22797,3.2270628,26408.1
2000/01/01@14:37:56,22798,3.2274378,26411.066666666666
2000/01/01@14:37:58,22800,3.2270628,26417.0
2000/01/01@14:37:59,22801,3.22725,26419.935483870966
2000/01/01@14:38:00,22802,3.2280002,26422.870967741936
2000/01/01@14:38:01,22803,3.2280002,26425.8064516129
2000/01/01@14:38:02,22804,3.22725,26428.74193548387
2000/01/01@14:38:03,22805,3.22725,26431.677419354837
2000/01/01@14:38:04,22806,3.2274378,26434.612903225807
2000/01/01@14:38:05,22807,3.2280002,26437.548387096773
2000/01/01@14:38:06,22808,3.2274378,26440.483870967742
2000/01/01@14:38:07,22809,3.2278126,26443.41935483871
2000/01/01@14:38:08,22810,3.22725,26446.354838709678
2000/01/01@14:38:10,22812,3.2270628,26452.225806451614
2000/01/01@14:38:11,22813,3.22725,26455.16129032258
2000/01/01@14:38:12,22814,3.2280002,26458.09677419355
2000/01/01@14:38:13,22815,3.2281876,26461.032258064515
2000/01/01@14:38:14,22816,3.2274378,26463.967741935485
2000/01/01@14:38:15,22817,3.2276252,26466.90322580645
2000/01/01@14:38:16,22818,3.2280002,26469.83870967742
2000/01/01@14:38:17,22819,3.2280002,26472.774193548386
2000/01/01@14:38:18,22820,3.22725,26475.709677419356
2000/01/01@14:38:19,22821,3.2274378,26478.645161290322
2000/01/01@14:38:20,22822,3.2270628,26481.58064516129
2000/01/01@14:38:22,22824,3.22725,26487.451612903227
2000/01/01@14:38:23,22825,3.2281876,26490.387096774193
2000/01/01@14:38:24,22826,3.2280002,26493.322580645163
2000/01/01@14:38:25,22827,3.2270628,26496.25806451613
2000/01/01@14:38:26,22828,3.2270628,26499.1935483871
2000/01/01@14:38:27,22829,3.22725,26502.129032258064
2000/01/01@14:38:28,22830,3.22725,26505.064516129034
2000/01/01@14:38:29,22831,3.2281876,26508.0
2000/01/01@14:38:30,22832,3.22725,26510.966666666667
2000/01/01@14:38:31,22833,3.2274378,26513.933333333334
2000/01/01@14:38:32,22834,3.2280002,26516.9
2000/01/01@14:38:34,22836,3.22725,26522.833333333332
2000/01/01@14:38:35,22837,3.2278126,26525.8
2000/01/01@14:38:36,22838,3.2278126,26528.766666666666
2000/01/01@14:38:37,22839,3.2281876,26531.733333333334
2000/01/01@14:38:38,22840,3.2274378,26534.7
2000/01/01@14:38:39,22841,3.22725,26537.666666666668
2000/01/01@14:38:40,22842,3.2270628,26540.633333333335
2000/01/01@14:38:41,22843,3.2280002,26543.6
2000/01/01@14:38:42,22844,3.2274378,26546.566666666666
2000/01/01@14:38:43,22845,3.2274378,26549.533333333333
2000/01/01@14:38:44,22846,3.2276252,26552.5
2000/01/01@14:38:46,22848,3.2281876,26558.433333333334
2000/01/01@14:38:47,22849,3.22725,26561.4
2000/01/01@14:38:48,22850,3.2280002,26564.366666666665
2000/01/01@14:38:49,22851,3.2274378,26567.333333333332
2000/01/01@14:38:50,22852,3.22725,26570.3
2000/01/01@14:38:51,22853,3.22725,26573.266666666666
2000/01/01@14:38:52,22854,3.22725,26576.233333333334
2000/01/01@14:38:53,22855,3.2280002,26579.2
2000/01/01@14:38:54,22856,3.2274378,26582.166666666668
2000/01/01@14:38:55,22857,3.2278126,26585.133333333335
2000/01/01@14:38:56,22858,3.22725,26588.1
2000/01/01@14:38:58,22860,3.2280002,26594.033333333333
2000/01/01@14:38:59,22861,3.2276252,26597.0
2000/01/01@14:39:00,22862,3.2270628,26600.064516129034
2000/01/01@14:39:01,22863,3.2280002,26603.129032258064
2000/01/01@14:39:02,22864,3.2270628,26606.1935483871
2000/01/01@14:39:03,22865,3.2268752,26609.25806451613
2000/01/01@14:39:04,22866,3.2268752,26612.322580645163
2000/01/01@14:39:05,22867,3.2274378,26615.387096774193
2000/01/01@14:39:06,22868,3.2281876,26618.451612903227
2000/01/01@14:39:07,22869,3.2280002,26621.516129032258
2000/01/01@14:39:08,22870,3.2270628,26624.58064516129
2000/01/01@14:39:10,22872,3.2270628,26630.709677419356
2000/01/01@14:39:11,22873,3.2280002,26633.774193548386
2000/01/01@14:39:12,22874,3.22725,26636.83870967742
2000/01/01@14:39:13,22875,3.22725,26639.90322580645
2000/01/01@14:39:14,22876,3.2280002,26642.967741935485
2000/01/01@14:39:15,22877,3.2276252,26646.032258064515
2000/01/01@14:39:16,22878,3.2280002,26649.09677419355
2000/01/01@14:39:17,22879,3.2270628,26652.16129032258
2000/01/01@14:39:18,22880,3.2274378,26655.225806451614
2000/01/01@14:39:19,22881,3.2278126,26658.290322580644
2000/01/01@14:39:20,22882,3.2274378,26661.354838709678
2000/01/01@14:39:22,22884,3.2268752,26667.483870967742
2000/01/01@14:39:23,22885,3.22725,26670.548387096773
2000/01/01@14:39:24,22886,3.2278126,26673.612903225807
2000/01/01@14:39:25,22887,3.2270628,26676.677419354837
2000/01/01@14:39:26,22888,3.2274378,26679.74193548387
2000/01/01@14:39:27,22889,3.22725,26682.8064516129
2000/01/01@14:39:28,22890,3.2270628,26685.870967741936
2000/01/01@14:39:29,22891,3.2270628,26688.935483870966
2000/01/01@14:39:30,22892,3.2280002,26692.0
2000/01/01@14:39:31,22893,3.2276252,26695.129032258064
2000/01/01@14:39:32,22894,3.2280002,26698.25806451613
2000/01/01@14:39:34,22896,3.2270628,26704.516129032258
2000/01/01@14:39:35,22897,3.22725,26707.645161290322
2000/01/01@14:39:36,22898,3.2270628,26710.774193548386
2000/01/01@14:39:37,22899,3.2274378,26713.90322580645
2000/01/01@14:39:38,22900,3.2274378,26717.032258064515
2000/01/01@14:39:39,22901,3.2274378,26720.16129032258
2000/01/01@14:39:40,22902,3.2270628,26723.290322580644
2000/01/01@14:39:41,22903,3.2268752,26726.41935483871
2000/01/01@14:39:42,22904,3.2276252,26729.548387096773
2000/01/01@14:39:43,22905,3.2276252,26732.677419354837
2000/01/01@14:39:44,22906,3.2274378,26735.8064516129
2000/01/01@14:39:46,22908,3.2270628,26742.064516129034
2000/01/01@14:39:47,22909,3.2270628,26745.1935483871
2000/01/01@14:39:48,22910,3.2280002,26748.322580645163
2000/01/01@14:39:49,22911,3.2276252,26751.451612903227
2000/01/01@14:39:50,22912,3.2270628,26754.58064516129
2000/01/01@14:39:51,22913,3.2270628,26757.709677419356
2000/01/01@14:39:52,22914,3.2270628,26760.83870967742
2000/01/01@14:39:53,22915,3.2270628,26763.967741935485
2000/01/01@14:39:54,22916,3.22725,26767.09677419355
2000/01/01@14:39:55,22917,3.2268752,26770.225806451614
2000/01/01@14:39:56,22918,3.2276252,26773.354838709678
2000/01/01@14:39:58,22920,3.2270628,26779.612903225807
2000/01/01@14:39:59,22921,3.2270628,26782.74193548387
2000/01/01@14:40:00,22922,3.2278126,26785.870967741936
2000/01/01@14:40:01,22923,3.2268752,26789.0
2000/01/01@14:40:02,22924,3.2280002,26792.366666666665
2000/01/01@14:40:03,22925,3.2268752,26795.733333333334
2000/01/01@14:40:04,22926,3.2276252,26799.1
2000/01/01@14:40:05,22927,3.2270628,26802.466666666667
2000/01/01@14:40:06,22928,3.2276252,26805.833333333332
2000/01/01@14:40:07,22929,3.2278126,26809.2
2000/01/01@14:40:08,22930,3.2276252,26812.566666666666
2000/01/01@14:40:10,22932,3.2280002,26819.3
2000/01/01@14:40:11,22933,3.2270628,26822.666666666668
2000/01/01@14:40:12,22934,3.2270628,26826.033333333333
2000/01/01@14:40:13,22935,3.2270628,26829.4
2000/01/01@14:40:14,22936,3.226688,26832.766666666666
2000/01/01@14:40:15,22937,3.2270628,26836.133333333335
2000/01/01@14:40:16,22938,3.2278126,26839.5
2000/01/01@14:40:17,22939,3.2278126,26842.866666666665
2000/01/01@14:40:18,22940,3.2268752,26846.233333333334
2000/01/01@14:40:19,22941,3.22725,26849.6
2000/01/01@14:40:20,22942,3.2274378,26852.966666666667
2000/01/01@14:40:22,22944,3.2274378,26859.7
2000/01/01@14:40:23,22945,3.2268752,26863.066666666666
2000/01/01@14:40:24,22946,3.2274378,26866.433333333334
2000/01/01@14:40:25,22947,3.2274378,26869.8
2000/01/01@14:40:26,22948,3.22725,26873.166666666668
2000/01/01@14:40:27,22949,3.2270628,26876.533333333333
2000/01/01@14:40:28,22950,3.2278126,26879.9
2000/01/01@14:40:29,22951,3.2276252,26883.266666666666
2000/01/01@14:40:30,22952,3.2274378,26886.633333333335
2000/01/01@14:40:31,22953,3.2276252,26890.0
2000/01/01@14:40:32,22954,3.2268752,26893.387096774193
2000/01/01@14:40:34,22956,3.226688,26900.16129032258
2000/01/01@14:40:35,22957,3.22725,26903.548387096773
2000/01/01@14:40:36,22958,3.2276252,26906.935483870966
2000/01/01@14:40:37,22959,3.2270628,26910.322580645163
2000/01/01@14:40:38,22960,3.2270628,26913.709677419356
2000/01/01@14:40:39,22961,3.2270628,26917.09677419355
2000/01/01@14:40:40,22962,3.2268752,26920.483870967742
2000/01/01@14:40:41,22963,3.2268752,26923.870967741936
2000/01/01@14:40:42,22964,3.22725,26927.25806451613
2000/01/01@14:40:43,22965,3.226688,26930.645161290322
2000/01/01@14:40:44,22966,3.2270628,26934.032258064515
2000/01/01@14:40:46,22968,3.2280002,26940.8064516129
2000/01/01@14:40:47,22969,3.2276252,26944.1935483871
2000/01/01@14:40:48,22970,3.2274378,26947.58064516129
2000/01/01@14:40:49,22971,3.2268752,26950.967741935485
2000/01/01@14:40:50,22972,3.2265,26954.354838709678
2000/01/01@14:40:51,22973,3.2270628,26957.74193548387
2000/01/01@14:40:52,22974,3.2265,26961.129032258064
2000/01/01@14:40:53,22975,3.22725,26964.516129032258
2000/01/01@14:40:54,22976,3.2268752,26967.90322580645
2000/01/01@14:40:55,22977,3.2276252,26971.290322580644
2000/01/01@14:40:57,22978,3.2268752,26978.064516129034
2000/01/01@14:40:58,22980,3.226688,26981.451612903227
2000/01/01@14:40:59,22981,3.2270628,26984.83870967742
2000/01/01@14:41:00,22982,3.2268752,26988.225806451614
2000/01/01@14:41:01,22983,3.2268752,26991.612903225807
2000/01/01@14:41:02,22984,3.2274378,26995.0
2000/01/01@14:41:03,22985,3.2268752,26998.266666666666
2000/01/01@14:41:04,22986,3.2265,27001.533333333333
2000/01/01@14:41:05,22987,3.2278126,27004.8
2000/01/01@14:41:06,22988,3.2268752,27008.066666666666
2000/01/01@14:41:07,22989,3.2274378,27011.333333333332
2000/01/01@14:41:09,22990,3.2265,27017.866666666665
2000/01/01@14:41:10,22992,3.226688,27021.133333333335
2000/01/01@14:41:11,22993,3.2276252,27024.4
2000/01/01@14:41:12,22994,3.2268752,27027.666666666668
2000/01/01@14:41:13,22995,3.226688,27030.933333333334
2000/01/01@14:41:14,22996,3.226688,27034.2
2000/01/01@14:41:15,22997,3.2276252,27037.466666666667
2000/01/01@14:41:16,22998,3.2270628,27040.733333333334
2000/01/01@14:41:17,22999,3.2270628,27044.0
2000/01/01@14:41:18,23000,3.226688,27047.266666666666
2000/01/01@14:41:19,23001,3.2276252,27050.533333333333
2000/01/01@14:41:20,23002,3.2274378,27053.8
2000/01/01@14:41:22,23004,3.2268752,27060.333333333332
2000/01/01@14:41:23,23005,3.22725,27063.6
2000/01/01@14:41:24,23006,3.2265,27066.866666666665
2000/01/01@14:41:25,23007,3.22725,27070.133333333335
2000/01/01@14:41:26,23008,3.22725,27073.4
2000/01/01@14:41:27,23009,3.226688,27076.666666666668
2000/01/01@14:41:28,23010,3.2274378,27079.933333333334
2000/01/01@14:41:29,23011,3.22725,27083.2
2000/01/01@14:41:30,23012,3.2278126,27086.466666666667
2000/01/01@14:41:31,23013,3.2265,27089.733333333334
2000/01/01@14:41:32,23014,3.2268752,27093.0
2000/01/01@14:41:34,23016,3.2265,27099.064516129034
2000/01/01@14:41:35,23017,3.2270628,27102.09677419355
2000/01/01@14:41:36,23018,3.2268752,27105.129032258064
2000/01/01@14:41:37,23019,3.2270628,27108.16129032258
2000/01/01@14:41:38,23020,3.226688,27111.1935483871
2000/01/01@14:41:39,23021,3.2278126,27114.225806451614
2000/01/01@14:41:40,23022,3.2270628,27117.25806451613
2000/01/01@14:41:41,23023,3.2278126,27120.290322580644
2000/01/01@14:41:42,23024,3.2276252,27123.322580645163
2000/01/01@14:41:43,23025,3.226688,27126.354838709678
2000/01/01@14:41:44,23026,3.2276252,27129.387096774193
2000/01/01@14:41:46,23028,3.2270628,27135.451612903227
2000/01/01@14:41:47,23029,3.226688,27138.483870967742
2000/01/01@14:41:48,23030,3.2268752,27141.516129032258
2000/01/01@14:41:49,23031,3.2268752,27144.548387096773
2000/01/01@14:41:50,23032,3.2276252,27147.58064516129
2000/01/01@14:41:51,23033,3.22725,27150.612903225807
2000/01/01@14:41:52,23034,3.2265,27153.645161290322
2000/01/01@14:41:53,23035,3.22725,27156.677419354837
2000/01/01@14:41:54,23036,3.226688,27159.709677419356
2000/01/01@14:41:55,23037,3.226688,27162.74193548387
2000/01/01@14:41:56,23038,3.2268752,27165.774193548386
2000/01/01@14:41:58,23040,3.2276252,27171.83870967742
2000/01/01@14:41:59,23041,3.2274378,27174.870967741936
2000/01/01@14:42:00,23042,3.226688,27177.90322580645
2000/01/01@14:42:01,23043,3.2268752,27180.935483870966
2000/01/01@14:42:02,23044,3.2265,27183.967741935485
2000/01/01@14:42:03,23045,3.22725,27187.0
2000/01/01@14:42:04,23046,3.2270628,27189.939393939392
2000/01/01@14:42:05,23047,3.2265,27192.878787878788
2000/01/01@14:42:06,23048,3.2265,27195.81818181818
2000/01/01@14:42:07,23049,3.226688,27198.757575757576
2000/01/01@14:42:08,23050,3.2270628,27201.696969696968
2000/01/01@14:42:10,23052,3.2270628,27207.575757575756
2000/01/01@14:42:11,23053,3.226688,27210.515151515152
2000/01/01@14:42:12,23054,3.2268752,27213.454545454544
2000/01/01@14:42:13,23055,3.2274378,27216.39393939394
2000/01/01@14:42:14,23056,3.2265,27219.333333333332
2000/01/01@14:42:15,23057,3.2265,27222.272727272728
2000/01/01@14:42:16,23058,3.2265,27225.21212121212
2000/01/01@14:42:17,23059,3.2270628,27228.151515151516
2000/01/01@14:42:18,23060,3.2276252,27231.090909090908
2000/01/01@14:42:19,23061,3.2274378,27234.030303030304
2000/01/01@14:42:20,23062,3.2268752,27236.969696969696
2000/01/01@14:42:22,23064,3.2270628,27242.848484848484
2000/01/01@14:42:23,23065,3.22725,27245.78787878788
2000/01/01@14:42:24,23066,3.226688,27248.727272727272
2000/01/01@14:42:25,23067,3.2270628,27251.666666666668
2000/01/01@14:42:26,23068,3.2274378,27254.60606060606
2000/01/01@14:42:27,23069,3.22725,27257.545454545456
2000/01/01@14:42:28,23070,3.2270628,27260.484848484848
2000/01/01@14:42:29,23071,3.2274378,27263.424242424244
2000/01/01@14:42:30,23072,3.2268752,27266.363636363636
2000/01/01@14:42:31,23073,3.2268752,27269.303030303032
2000/01/01@14:42:32,23074,3.2270628,27272.242424242424
2000/01/01@14:42:34,23076,3.2270628,27278.121212121212
2000/01/01@14:42:35,23077,3.22725,27281.060606060608
2000/01/01@14:42:36,23078,3.2276252,27284.0
2000/01/01@14:42:37,23079,3.2268752,27286.9
2000/01/01@14:42:38,23080,3.2265,27289.8
2000/01/01@14:42:39,23081,3.22725,27292.7
2000/01/01@14:42:40,23082,3.2265,27295.6
2000/01/01@14:42:41,23083,3.2274378,27298.5
2000/01/01@14:42:42,23084,3.2270628,27301.4
2000/01/01@14:42:43,23085,3.226688,27304.3
2000/01/01@14:42:44,23086,3.2268752,27307.2
2000/01/01@14:42:46,23088,3.226688,27313.0
2000/01/01@14:42:47,23089,3.22725,27315.9
2000/01/01@14:42:48,23090,3.2265,27318.8
2000/01/01@14:42:49,23091,3.2276252,27321.7
2000/01/01@14:42:50,23092,3.2270628,27324.6
2000/01/01@14:42:51,23093,3.226688,27327.5
2000/01/01@14:42:52,23094,3.2270628,27330.4
2000/01/01@14:42:53,23095,3.22725,27333.3
2000/01/01@14:42:54,23096,3.2276252,27336.2
2000/01/01@14:42:55,23097,3.226688,27339.1
2000/01/01@14:42:56,23098,3.226688,27342.0
2000/01/01@14:42:58,23100,3.226688,27347.8
2000/01/01@14:42:59,23101,3.2268752,27350.7
2000/01/01@14:43:00,23102,3.2265,27353.6
2000/01/01@14:43:01,23103,3.226688,27356.5
2000/01/01@14:43:02,23104,3.226688,27359.4
2000/01/01@14:43:03,23105,3.22725,27362.3
2000/01/01@14:43:04,23106,3.2265,27365.2
2000/01/01@14:43:05,23107,3.226688,27368.1
2000/01/01@14:43:06,23108,3.2268752,27371.0
2000/01/01@14:43:07,23109,3.226688,27373.90322580645
2000/01/01@14:43:08,23110,3.2276252,27376.8064516129
2000/01/01@14:43:10,23112,3.22725,27382.612903225807
2000/01/01@14:43:11,23113,3.2268752,27385.516129032258
2000/01/01@14:43:12,23114,3.2268752,27388.41935483871
2000/01/01@14:43:13,23115,3.2265,27391.322580645163
2000/01/01@14:43:14,23116,3.226688,27394.225806451614
2000/01/01@14:43:15,23117,3.2278126,27397.129032258064
2000/01/01@14:43:16,23118,3.226688,27400.032258064515
2000/01/01@14:43:17,23119,3.2268752,27402.935483870966
2000/01/01@14:43:18,23120,3.2274378,27405.83870967742
2000/01/01@14:43:19,23121,3.2276252,27408.74193548387
2000/01/01@14:43:20,23122,3.226688,27411.645161290322
2000/01/01@14:43:22,23124,3.2265,27417.451612903227
2000/01/01@14:43:23,23125,3.2268752,27420.354838709678
2000/01/01@14:43:24,23126,3.2274378,27423.25806451613
2000/01/01@14:43:25,23127,3.2268752,27426.16129032258
2000/01/01@14:43:26,23128,3.2270628,27429.064516129034
2000/01/01@14:43:27,23129,3.2270628,27431.967741935485
2000/01/01@14:43:28,23130,3.2274378,27434.870967741936
2000/01/01@14:43:29,23131,3.2270628,27437.774193548386
2000/01/01@14:43:30,23132,3.22725,27440.677419354837
2000/01/01@14:43:31,23133,3.22725,27443.58064516129
2000/01/01@14:43:32,23134,3.226688,27446.483870967742
2000/01/01@14:43:34,23136,3.2268752,27452.290322580644
2000/01/01@14:43:35,23137,3.22725,27455.1935483871
2000/01/01@14:43:36,23138,3.2274378,27458.09677419355
2000/01/01@14:43:37,23139,3.2268752,27461.0
2000/01/01@14:43:38,23140,3.2274378,27463.7
2000/01/01@14:43:39,23141,3.2276252,27466.4
2000/01/01@14:43:40,23142,3.2280002,27469.1
2000/01/01@14:43:41,23143,3.22725,27471.8
2000/01/01@14:43:42,23144,3.2278126,27474.5
2000/01/01@14:43:43,23145,3.226688,27477.2
2000/01/01@14:43:44,23146,3.2268752,27479.9
2000/01/01@14:43:45,23147,3.2274378,27482.6
2000/01/01@14:43:47,23149,3.22725,27488.0
2000/01/01@14:43:48,23150,3.2268752,27490.7
2000/01/01@14:43:49,23151,3.22725,27493.4
2000/01/01@14:43:50,23152,3.2276252,27496.1
2000/01/01@14:43:51,23153,3.2274378,27498.8
2000/01/01@14:43:52,23154,3.2268752,27501.5
2000/01/01@14:43:53,23155,3.2270628,27504.2
2000/01/01@14:43:54,23156,3.2268752,27506.9
2000/01/01@14:43:55,23157,3.226688,27509.6
2000/01/01@14:43:56,23158,3.2268752,27512.3
2000/01/01@14:43:57,23159,3.226688,27515.0
2000/01/01@14:43:59,23161,3.226688,27520.4
2000/01/01@14:44:00,23162,3.226688,27523.1
2000/01/01@14:44:01,23163,3.2268752,27525.8
2000/01/01@14:44:02,23164,3.2268752,27528.5
2000/01/01@14:44:03,23165,3.2268752,27531.2
2000/01/01@14:44:04,23166,3.226688,27533.9
2000/01/01@14:44:05,23167,3.226688,27536.6
2000/01/01@14:44:06,23168,3.226688,27539.3
2000/01/01@14:44:07,23169,3.2276252,27542.0
2000/01/01@14:44:08,23170,3.226688,27545.0
2000/01/01@14:44:09,23171,3.22725,27548.0
2000/01/01@14:44:11,23173,3.2270628,27554.0
2000/01/01@14:44:12,23174,3.2274378,27557.0
2000/01/01@14:44:13,23175,3.2268752,27560.0
2000/01/01@14:44:14,23176,3.226688,27563.0
2000/01/01@14:44:15,23177,3.2268752,27566.0
2000/01/01@14:44:16,23178,3.2274378,27569.0
2000/01/01@14:44:17,23179,3.2276252,27572.0
2000/01/01@14:44:18,23180,3.226688,27575.0
2000/01/01@14:44:19,23181,3.2274378,27578.0
2000/01/01@14:44:20,23182,3.2274378,27581.0
2000/01/01@14:44:21,23183,3.2268752,27584.0
2000/01/01@14:44:23,23185,3.2265,27590.0
2000/01/01@14:44:24,23186,3.22725,27593.0
2000/01/01@14:44:25,23187,3.2268752,27596.0
2000/01/01@14:44:26,23188,3.2274378,27599.0
2000/01/01@14:44:27,23189,3.226688,27602.0
2000/01/01@14:44:28,23190,3.226688,27605.0
2000/01/01@14:44:29,23191,3.2270628,27608.0
2000/01/01@14:44:30,23192,3.2274378,27611.0
2000/01/01@14:44:31,23193,3.2270628,27614.0
2000/01/01@14:44:32,23194,3.226688,27617.0
2000/01/01@14:44:33,23195,3.2265,27620.0
2000/01/01@14:44:35,23197,3.226688,27626.0
2000/01/01@14:44:36,23198,3.226688,27629.0
2000/01/01@14:44:37,23199,3.2265,27632.0
2000/01/01@14:44:38,23200,3.2265,27635.0
2000/01/01@14:44:39,23201,3.2265,27638.032258064515
2000/01/01@14:44:40,23202,3.226688,27641.064516129034
2000/01/01@14:44:41,23203,3.2263126,27644.09677419355
2000/01/01@14:44:42,23204,3.2265,27647.129032258064
2000/01/01@14:44:43,23205,3.2274378,27650.16129032258
2000/01/01@14:44:44,23206,3.22725,27653.1935483871
2000/01/01@14:44:45,23207,3.22725,27656.225806451614
2000/01/01@14:44:47,23209,3.2265,27662.290322580644
2000/01/01@14:44:48,23210,3.2270628,27665.322580645163
2000/01/01@14:44:49,23211,3.2265,27668.354838709678
2000/01/01@14:44:50,23212,3.2268752,27671.387096774193
2000/01/01@14:44:51,23213,3.2268752,27674.41935483871
2000/01/01@14:44:52,23214,3.2270628,27677.451612903227
2000/01/01@14:44:53,23215,3.2276252,27680.483870967742
2000/01/01@14:44:54,23216,3.2274378,27683.516129032258
2000/01/01@14:44:55,23217,3.22725,27686.548387096773
2000/01/01@14:44:56,23218,3.2270628,27689.58064516129
2000/01/01@14:44:57,23219,3.2276252,27692.612903225807
2000/01/01@14:44:59,23221,3.22725,27698.677419354837
2000/01/01@14:45:00,23222,3.2268752,27701.709677419356
2000/01/01@14:45:01,23223,3.2268752,27704.74193548387
2000/01/01@14:45:02,23224,3.2274378,27707.774193548386
2000/01/01@14:45:03,23225,3.226688,27710.8064516129
2000/01/01@14:45:04,23226,3.226688,27713.83870967742
2000/01/01@14:45:05,23227,3.2276252,27716.870967741936
2000/01/01@14:45:06,23228,3.22725,27719.90322580645
2000/01/01@14:45:07,23229,3.2265,27722.935483870966
2000/01/01@14:45:08,23230,3.22725,27725.967741935485
2000/01/01@14:45:09,23231,3.2268752,27729.0
2000/01/01@14:45:11,23233,3.22725,27735.933333333334
2000/01/01@14:45:12,23234,3.2278126,27739.4
2000/01/01@14:45:13,23235,3.2274378,27742.866666666665
2000/01/01@14:45:14,23236,3.226688,27746.333333333332
2000/01/01@14:45:15,23237,3.226688,27749.8
2000/01/01@14:45:16,23238,3.2274378,27753.266666666666
2000/01/01@14:45:17,23239,3.2276252,27756.733333333334
2000/01/01@14:45:18,23240,3.2268752,27760.2
2000/01/01@14:45:19,23241,3.2274378,27763.666666666668
2000/01/01@14:45:20,23242,3.2274378,27767.133333333335
2000/01/01@14:45:21,23243,3.2265,27770.6
2000/01/01@14:45:23,23245,3.226688,27777.533333333333
2000/01/01@14:45:24,23246,3.22725,27781.0
2000/01/01@14:45:25,23247,3.2268752,27784.466666666667
2000/01/01@14:45:26,23248,3.2270628,27787.933333333334
2000/01/01@14:45:27,23249,3.22725,27791.4
2000/01/01@14:45:28,23250,3.22725,27794.866666666665
2000/01/01@14:45:29,23251,3.2276252,27798.333333333332
2000/01/01@14:45:30,23252,3.226688,27801.8
2000/01/01@14:45:31,23253,3.226688,27805.266666666666
2000/01/01@14:45:32,23254,3.2270628,27808.733333333334
2000/01/01@14:45:33,23255,3.2270628,27812.2
2000/01/01@14:45:35,23257,3.2268752,27819.133333333335
2000/01/01@14:45:36,23258,3.2270628,27822.6
2000/01/01@14:45:37,23259,3.22725,27826.066666666666
2000/01/01@14:45:38,23260,3.2268752,27829.533333333333
2000/01/01@14:45:39,23261,3.2265,27833.0
2000/01/01@14:45:40,23262,3.2270628,27836.032258064515
2000/01/01@14:45:41,23263,3.2274378,27839.064516129034
2000/01/01@14:45:42,23264,3.226688,27842.09677419355
2000/01/01@14:45:43,23265,3.2274378,27845.129032258064
2000/01/01@14:45:44,23266,3.22725,27848.16129032258
2000/01/01@14:45:45,23267,3.2270628,27851.1935483871
2000/01/01@14:45:47,23269,3.2274378,27857.25806451613
2000/01/01@14:45:48,23270,3.2274378,27860.290322580644
2000/01/01@14:45:49,23271,3.22725,27863.322580645163
2000/01/01@14:45:50,23272,3.2274378,27866.354838709678
2000/01/01@14:45:51,23273,3.22725,27869.387096774193
2000/01/01@14:45:52,23274,3.2270628,27872.41935483871
2000/01/01@14:45:53,23275,3.22725,27875.451612903227
2000/01/01@14:45:54,23276,3.22725,27878.483870967742
2000/01/01@14:45:55,23277,3.2270628,27881.516129032258
2000/01/01@14:45:56,23278,3.2274378,27884.548387096773
2000/01/01@14:45:57,23279,3.226688,27887.58064516129
2000/01/01@14:45:58,23280,3.2274378,27890.612903225807
2000/01/01@14:46:00,23282,3.2270628,27896.677419354837
2000/01/01@14:46:01,23283,3.2276252,27899.709677419356
2000/01/01@14:46:02,23284,3.226688,27902.74193548387
2000/01/01@14:46:03,23285,3.22725,27905.774193548386
2000/01/01@14:46:04,23286,3.2268752,27908.8064516129
2000/01/01@14:46:05,23287,3.2274378,27911.83870967742
2000/01/01@14:46:06,23288,3.2265,27914.870967741936
2000/01/01@14:46:07,23289,3.2268752,27917.90322580645
2000/01/01@14:46:08,23290,3.226688,27920.935483870966
2000/01/01@14:46:09,23291,3.2265,27923.967741935485
2000/01/01@14:46:10,23292,3.2276252,27927.0
2000/01/01@14:46:12,23294,3.226688,27933.8
2000/01/01@14:46:13,23295,3.2274378,27937.2
2000/01/01@14:46:14,23296,3.2276252,27940.6
2000/01/01@14:46:15,23297,3.226688,27944.0
2000/01/01@14:46:16,23298,3.226688,27947.4
2000/01/01@14:46:17,23299,3.2274378,27950.8
2000/01/01@14:46:18,23300,3.2265,27954.2
2000/01/01@14:46:19,23301,3.2265,27957.6
2000/01/01@14:46:20,23302,3.2276252,27961.0
2000/01/01@14:46:21,23303,3.2265,27964.4
2000/01/01@14:46:22,23304,3.2268752,27967.8
2000/01/01@14:46:24,23306,3.2268752,27974.6
2000/01/01@14:46:25,23307,3.2274378,27978.0
2000/01/01@14:46:26,23308,3.2268752,27981.4
2000/01/01@14:46:27,23309,3.2268752,27984.8
2000/01/01@14:46:28,23310,3.2270628,27988.2
2000/01/01@14:46:29,23311,3.2268752,27991.6
2000/01/01@14:46:30,23312,3.2276252,27995.0
2000/01/01@14:46:31,23313,3.226688,27998.4
2000/01/01@14:46:32,23314,3.2276252,28001.8
2000/01/01@14:46:33,23315,3.2274378,28005.2
2000/01/01@14:46:34,23316,3.226688,28008.6
2000/01/01@14:46:36,23318,3.2270628,28015.4
2000/01/01@14:46:37,23319,3.2274378,28018.8
2000/01/01@14:46:38,23320,3.2270628,28022.2
2000/01/01@14:46:39,23321,3.2268752,28025.6
2000/01/01@14:46:40,23322,3.2268752,28029.0
2000/01/01@14:46:41,23323,3.2274378,28031.83870967742
2000/01/01@14:46:42,23324,3.2274378,28034.677419354837
2000/01/01@14:46:43,23325,3.2268752,28037.516129032258
2000/01/01@14:46:44,23326,3.2270628,28040.354838709678
2000/01/01@14:46:45,23327,3.2278126,28043.1935483871
2000/01/01@14:46:46,23328,3.22725,28046.032258064515
2000/01/01@14:46:48,23330,3.226688,28051.709677419356
2000/01/01@14:46:49,23331,3.226688,28054.548387096773
2000/01/01@14:46:50,23332,3.226688,28057.387096774193
2000/01/01@14:46:51,23333,3.2268752,28060.225806451614
2000/01/01@14:46:52,23334,3.2268752,28063.064516129034
2000/01/01@14:46:53,23335,3.2274378,28065.90322580645
2000/01/01@14:46:54,23336,3.2268752,28068.74193548387
2000/01/01@14:46:55,23337,3.22725,28071.58064516129
2000/01/01@14:46:56,23338,3.226688,28074.41935483871
2000/01/01@14:46:57,23339,3.226688,28077.25806451613
2000/01/01@14:46:58,23340,3.2274378,28080.09677419355
2000/01/01@14:47:00,23342,3.2270628,28085.774193548386
2000/01/01@14:47:01,23343,3.2276252,28088.612903225807
2000/01/01@14:47:02,23344,3.2276252,28091.451612903227
2000/01/01@14:47:03,23345,3.2268752,28094.290322580644
2000/01/01@14:47:04,23346,3.2268752,28097.129032258064
2000/01/01@14:47:05,23347,3.22725,28099.967741935485
2000/01/01@14:47:06,23348,3.2270628,28102.8064516129
2000/01/01@14:47:07,23349,3.2265,28105.645161290322
2000/01/01@14:47:08,23350,3.22725,28108.483870967742
2000/01/01@14:47:09,23351,3.2270628,28111.322580645163
2000/01/01@14:47:10,23352,3.2270628,28114.16129032258
2000/01/01@14:47:12,23354,3.226688,28119.870967741936
2000/01/01@14:47:13,23355,3.226688,28122.74193548387
2000/01/01@14:47:14,23356,3.226688,28125.612903225807
2000/01/01@14:47:15,23357,3.2274378,28128.483870967742
2000/01/01@14:47:16,23358,3.2268752,28131.354838709678
2000/01/01@14:47:17,23359,3.226688,28134.225806451614
2000/01/01@14:47:18,23360,3.226688,28137.09677419355
2000/01/01@14:47:19,23361,3.226688,28139.967741935485
2000/01/01@14:47:20,23362,3.2278126,28142.83870967742
2000/01/01@14:47:21,23363,3.226688,28145.709677419356
2000/01/01@14:47:22,23364,3.2278126,28148.58064516129
2000/01/01@14:47:24,23366,3.2270628,28154.322580645163
2000/01/01@14:47:25,23367,3.2274378,28157.1935483871
2000/01/01@14:47:26,23368,3.2276252,28160.064516129034
2000/01/01@14:47:27,23369,3.2276252,28162.935483870966
2000/01/01@14:47:28,23370,3.2268752,28165.8064516129
2000/01/01@14:47:29,23371,3.2270628,28168.677419354837
2000/01/01@14:47:30,23372,3.226688,28171.548387096773
2000/01/01@14:47:31,23373,3.2268752,28174.41935483871
2000/01/01@14:47:32,23374,3.2270628,28177.290322580644
2000/01/01@14:47:33,23375,3.226688,28180.16129032258
2000/01/01@14:47:34,23376,3.226688,28183.032258064515
2000/01/01@14:47:36,23378,3.226688,28188.774193548386
2000/01/01@14:47:37,23379,3.2274378,28191.645161290322
2000/01/01@14:47:38,23380,3.226688,28194.516129032258
2000/01/01@14:47:39,23381,3.2268752,28197.387096774193
2000/01/01@14:47:40,23382,3.2274378,28200.25806451613
2000/01/01@14:47:41,23383,3.2265,28203.129032258064
2000/01/01@14:47:42,23384,3.22725,28206.0
2000/01/01@14:47:43,23385,3.2265,28208.733333333334
2000/01/01@14:47:44,23386,3.2278126,28211.466666666667
2000/01/01@14:47:45,23387,3.2268752,28214.2
2000/01/01@14:47:46,23388,3.2265,28216.933333333334
2000/01/01@14:47:48,23390,3.2274378,28222.4
2000/01/01@14:47:49,23391,3.2268752,28225.133333333335
2000/01/01@14:47:50,23392,3.226688,28227.866666666665
2000/01/01@14:47:51,23393,3.22725,28230.6
2000/01/01@14:47:52,23394,3.2276252,28233.333333333332
2000/01/01@14:47:53,23395,3.226688,28236.066666666666
2000/01/01@14:47:54,23396,3.2270628,28238.8
2000/01/01@14:47:55,23397,3.2265,28241.533333333333
2000/01/01@14:47:56,23398,3.226688,28244.266666666666
2000/01/01@14:47:57,23399,3.2265,28247.0
2000/01/01@14:47:58,23400,3.2265,28249.733333333334
2000/01/01@14:48:00,23402,3.2274378,28255.2
2000/01/01@14:48:01,23403,3.2268752,28257.933333333334
2000/01/01@14:48:02,23404,3.2274378,28260.666666666668
2000/01/01@14:48:03,23405,3.2270628,28263.4
2000/01/01@14:48:04,23406,3.2270628,28266.133333333335
2000/01/01@14:48:05,23407,3.2265,28268.866666666665
2000/01/01@14:48:06,23408,3.2276252,28271.6
2000/01/01@14:48:07,23409,3.2270628,28274.333333333332
2000/01/01@14:48:08,23410,3.2265,28277.066666666666
2000/01/01@14:48:09,23411,3.226688,28279.8
2000/01/01@14:48:10,23412,3.2265,28282.533333333333
2000/01/01@14:48:12,23414,3.2274378,28288.0
2000/01/01@14:48:13,23415,3.226688,28290.516129032258
2000/01/01@14:48:14,23416,3.22725,28293.032258064515
2000/01/01@14:48:15,23417,3.22725,28295.548387096773
2000/01/01@14:48:16,23418,3.22725,28298.064516129034
2000/01/01@14:48:17,23419,3.2265,28300.58064516129
2000/01/01@14:48:18,23420,3.2268752,28303.09677419355
2000/01/01@14:48:19,23421,3.226688,28305.612903225807
2000/01/01@14:48:20,23422,3.226688,28308.129032258064
2000/01/01@14:48:21,23423,3.226688,28310.645161290322
2000/01/01@14:48:22,23424,3.2268752,28313.16129032258
2000/01/01@14:48:24,23426,3.22725,28318.1935483871
2000/01/01@14:48:25,23427,3.2265,28320.709677419356
2000/01/01@14:48:26,23428,3.2268752,28323.225806451614
2000/01/01@14:48:27,23429,3.2265,28325.74193548387
2000/01/01@14:48:28,23430,3.2270628,28328.25806451613
2000/01/01@14:48:29,23431,3.226688,28330.774193548386
2000/01/01@14:48:30,23432,3.2274378,28333.290322580644
2000/01/01@14:48:31,23433,3.22725,28335.8064516129
2000/01/01@14:48:32,23434,3.2276252,28338.322580645163
2000/01/01@14:48:33,23435,3.22725,28340.83870967742
2000/01/01@14:48:34,23436,3.2268752,28343.354838709678
2000/01/01@14:48:36,23438,3.2270628,28348.387096774193
2000/01/01@14:48:37,23439,3.2274378,28350.90322580645
2000/01/01@14:48:38,23440,3.2274378,28353.41935483871
2000/01/01@14:48:39,23441,3.226688,28355.935483870966
2000/01/01@14:48:40,23442,3.226688,28358.451612903227
2000/01/01@14:48:41,23443,3.22725,28360.967741935485
2000/01/01@14:48:42,23444,3.2265,28363.483870967742
2000/01/01@14:48:43,23445,3.2265,28366.0
2000/01/01@14:48:44,23446,3.2263126,28368.766666666666
2000/01/01@14:48:45,23447,3.2270628,28371.533333333333
2000/01/01@14:48:46,23448,3.2265,28374.3
2000/01/01@14:48:48,23450,3.2274378,28379.833333333332
2000/01/01@14:48:49,23451,3.2268752,28382.6
2000/01/01@14:48:50,23452,3.22725,28385.366666666665
2000/01/01@14:48:51,23453,3.226688,28388.133333333335
2000/01/01@14:48:52,23454,3.2268752,28390.9
2000/01/01@14:48:53,23455,3.2265,28393.666666666668
2000/01/01@14:48:54,23456,3.2268752,28396.433333333334
2000/01/01@14:48:55,23457,3.2274378,28399.2
2000/01/01@14:48:56,23458,3.2270628,28401.966666666667
2000/01/01@14:48:57,23459,3.2274378,28404.733333333334
2000/01/01@14:48:58,23460,3.2270628,28407.5
2000/01/01@14:49:00,23462,3.2265,28413.033333333333
2000/01/01@14:49:01,23463,3.226688,28415.8
2000/01/01@14:49:02,23464,3.226688,28418.566666666666
2000/01/01@14:49:03,23465,3.2265,28421.333333333332
2000/01/01@14:49:04,23466,3.2274378,28424.1
2000/01/01@14:49:05,23467,3.22725,28426.866666666665
2000/01/01@14:49:06,23468,3.2265,28429.633333333335
2000/01/01@14:49:07,23469,3.226688,28432.4
2000/01/01@14:49:08,23470,3.2270628,28435.166666666668
2000/01/01@14:49:09,23471,3.2265,28437.933333333334
2000/01/01@14:49:10,23472,3.22725,28440.7
2000/01/01@14:49:12,23474,3.2270628,28446.233333333334
2000/01/01@14:49:13,23475,3.2265,28449.0
2000/01/01@14:49:14,23476,3.22725,28451.709677419356
2000/01/01@14:49:15,23477,3.226688,28454.41935483871
2000/01/01@14:49:16,23478,3.2263126,28457.129032258064
2000/01/01@14:49:17,23479,3.226688,28459.83870967742
2000/01/01@14:49:18,23480,3.226688,28462.548387096773
2000/01/01@14:49:19,23481,3.22725,28465.25806451613
2000/01/01@14:49:20,23482,3.226688,28467.967741935485
2000/01/01@14:49:21,23483,3.226688,28470.677419354837
2000/01/01@14:49:22,23484,3.2265,28473.387096774193
2000/01/01@14:49:24,23486,3.2270628,28478.8064516129
2000/01/01@14:49:25,23487,3.2263126,28481.516129032258
2000/01/01@14:49:26,23488,3.2268752,28484.225806451614
2000/01/01@14:49:27,23489,3.2276252,28486.935483870966
2000/01/01@14:49:28,23490,3.2265,28489.645161290322
2000/01/01@14:49:29,23491,3.22725,28492.354838709678
2000/01/01@14:49:30,23492,3.2274378,28495.064516129034
2000/01/01@14:49:31,23493,3.2265,28497.774193548386
2000/01/01@14:49:32,23494,3.2263126,28500.483870967742
2000/01/01@14:49:33,23495,3.226688,28503.1935483871
2000/01/01@14:49:34,23496,3.2263126,28505.90322580645
2000/01/01@14:49:36,23498,3.2268752,28511.322580645163
2000/01/01@14:49:37,23499,3.2274378,28514.032258064515
2000/01/01@14:49:38,23500,3.2270628,28516.74193548387
2000/01/01@14:49:39,23501,3.2274378,28519.451612903227
2000/01/01@14:49:40,23502,3.2265,28522.16129032258
2000/01/01@14:49:41,23503,3.2265,28524.870967741936
2000/01/01@14:49:42,23504,3.2263126,28527.58064516129
2000/01/01@14:49:43,23505,3.2263126,28530.290322580644
2000/01/01@14:49:44,23506,3.2274378,28533.0
2000/01/01@14:49:45,23507,3.2270628,28535.766666666666
2000/01/01@14:49:46,23508,3.2265,28538.533333333333
2000/01/01@14:49:48,23510,3.2274378,28544.066666666666
2000/01/01@14:49:49,23511,3.2263126,28546.833333333332
2000/01/01@14:49:50,23512,3.2270628,28549.6
2000/01/01@14:49:51,23513,3.2263126,28552.366666666665
2000/01/01@14:49:52,23514,3.2268752,28555.133333333335
2000/01/01@14:49:53,23515,3.22725,28557.9
2000/01/01@14:49:54,23516,3.22725,28560.666666666668
2000/01/01@14:49:55,23517,3.22725,28563.433333333334
2000/01/01@14:49:56,23518,3.226688,28566.2
2000/01/01@14:49:57,23519,3.2265,28568.966666666667
2000/01/01@14:49:58,23520,3.2263126,28571.733333333334
2000/01/01@14:50:00,23522,3.22725,28577.266666666666
2000/01/01@14:50:01,23523,3.2265,28580.033333333333
2000/01/01@14:50:02,23524,3.22725,28582.8
2000/01/01@14:50:03,23525,3.226688,28585.566666666666
2000/01/01@14:50:04,23526,3.2265,28588.333333333332
2000/01/01@14:50:05,23527,3.2263126,28591.1
2000/01/01@14:50:06,23528,3.22725,28593.866666666665
2000/01/01@14:50:07,23529,3.2263126,28596.633333333335
2000/01/01@14:50:08,23530,3.2265,28599.4
2000/01/01@14:50:09,23531,3.2265,28602.166666666668
2000/01/01@14:50:10,23532,3.226688,28604.933333333334
2000/01/01@14:50:12,23534,3.226688,28610.466666666667
2000/01/01@14:50:13,23535,3.2265,28613.233333333334
2000/01/01@14:50:14,23536,3.2265,28616.0
2000/01/01@14:50:15,23537,3.2265,28618.90322580645
2000/01/01@14:50:16,23538,3.2265,28621.8064516129
2000/01/01@14:50:17,23539,3.2265,28624.709677419356
2000/01/01@14:50:18,23540,3.2261252,28627.612903225807
2000/01/01@14:50:19,23541,3.2274378,28630.516129032258
2000/01/01@14:50:20,23542,3.2265,28633.41935483871
2000/01/01@14:50:21,23543,3.2270628,28636.322580645163
2000/01/01@14:50:22,23544,3.2263126,28639.225806451614
2000/01/01@14:50:23,23545,3.2268752,28642.129032258064
2000/01/01@14:50:25,23547,3.226688,28647.935483870966
2000/01/01@14:50:26,23548,3.226688,28650.83870967742
2000/01/01@14:50:27,23549,3.2274378,28653.74193548387
2000/01/01@14:50:28,23550,3.22725,28656.645161290322
2000/01/01@14:50:29,23551,3.2263126,28659.548387096773
2000/01/01@14:50:30,23552,3.226688,28662.451612903227
2000/01/01@14:50:31,23553,3.2276252,28665.354838709678
2000/01/01@14:50:32,23554,3.2274378,28668.25806451613
2000/01/01@14:50:33,23555,3.2265,28671.16129032258
2000/01/01@14:50:34,23556,3.2263126,28674.064516129034
2000/01/01@14:50:35,23557,3.2268752,28676.967741935485
2000/01/01@14:50:37,23559,3.2265,28682.774193548386
2000/01/01@14:50:38,23560,3.2265,28685.677419354837
2000/01/01@14:50:39,23561,3.2263126,28688.58064516129
2000/01/01@14:50:40,23562,3.226688,28691.483870967742
2000/01/01@14:50:41,23563,3.226688,28694.387096774193
2000/01/01@14:50:42,23564,3.226688,28697.290322580644
2000/01/01@14:50:43,23565,3.2268752,28700.1935483871
2000/01/01@14:50:44,23566,3.2265,28703.09677419355
2000/01/01@14:50:45,23567,3.226688,28706.0
2000/01/01@14:50:46,23568,3.2265,28708.967741935485
2000/01/01@14:50:47,23569,3.2268752,28711.935483870966
2000/01/01@14:50:49,23571,3.2263126,28717.870967741936
2000/01/01@14:50:50,23572,3.22725,28720.83870967742
2000/01/01@14:50:51,23573,3.22725,28723.8064516129
2000/01/01@14:50:52,23574,3.2265,28726.774193548386
2000/01/01@14:50:53,23575,3.2265,28729.74193548387
2000/01/01@14:50:54,23576,3.226688,28732.709677419356
2000/01/01@14:50:55,23577,3.2268752,28735.677419354837
2000/01/01@14:50:56,23578,3.22725,28738.645161290322
2000/01/01@14:50:57,23579,3.22725,28741.612903225807
2000/01/01@14:50:58,23580,3.22725,28744.58064516129
2000/01/01@14:50:59,23581,3.2270628,28747.548387096773
2000/01/01@14:51:01,23583,3.2270628,28753.483870967742
2000/01/01@14:51:02,23584,3.2270628,28756.451612903227
2000/01/01@14:51:03,23585,3.2274378,28759.41935483871
2000/01/01@14:51:04,23586,3.2265,28762.387096774193
2000/01/01@14:51:05,23587,3.22725,28765.354838709678
2000/01/01@14:51:06,23588,3.22725,28768.322580645163
2000/01/01@14:51:07,23589,3.2268752,28771.290322580644
2000/01/01@14:51:08,23590,3.2265,28774.25806451613
2000/01/01@14:51:09,23591,3.2265,28777.225806451614
2000/01/01@14:51:10,23592,3.2268752,28780.1935483871
2000/01/01@14:51:11,23593,3.2263126,28783.16129032258
2000/01/01@14:51:13,23595,3.2270628,28789.09677419355
2000/01/01@14:51:14,23596,3.226688,28792.064516129034
2000/01/01@14:51:15,23597,3.226688,28795.032258064515
2000/01/01@14:51:16,23598,3.2265,28798.0
2000/01/01@14:51:17,23599,3.2274378,28800.9
2000/01/01@14:51:18,23600,3.2265,28803.8
2000/01/01@14:51:19,23601,3.2268752,28806.7
2000/01/01@14:51:20,23602,3.2274378,28809.6
2000/01/01@14:51:21,23603,3.2263126,28812.5
2000/01/01@14:51:22,23604,3.2268752,28815.4
2000/01/01@14:51:23,23605,3.2263126,28818.3
2000/01/01@14:51:25,23607,3.2263126,28824.1
2000/01/01@14:51:26,23608,3.2261252,28827.0
2000/01/01@14:51:27,23609,3.2268752,28829.9
2000/01/01@14:51:28,23610,3.226688,28832.8
2000/01/01@14:51:29,23611,3.2274378,28835.7
2000/01/01@14:51:30,23612,3.226688,28838.6
2000/01/01@14:51:31,23613,3.2265,28841.5
2000/01/01@14:51:32,23614,3.22725,28844.4
2000/01/01@14:51:33,23615,3.2265,28847.3
2000/01/01@14:51:34,23616,3.2265,28850.2
2000/01/01@14:51:35,23617,3.2265,28853.1
2000/01/01@14:51:36,23618,3.2270628,28856.0
2000/01/01@14:51:38,23620,3.2270628,28861.8
2000/01/01@14:51:39,23621,3.226688,28864.7
2000/01/01@14:51:40,23622,3.2265,28867.6
2000/01/01@14:51:41,23623,3.2268752,28870.5
2000/01/01@14:51:42,23624,3.226688,28873.4
2000/01/01@14:51:43,23625,3.226688,28876.3
2000/01/01@14:51:44,23626,3.2265,28879.2
2000/01/01@14:51:45,23627,3.2265,28882.1
2000/01/01@14:51:46,23628,3.2270628,28885.0
2000/01/01@14:51:47,23629,3.2265,28887.90322580645
2000/01/01@14:51:48,23630,3.2274378,28890.8064516129
2000/01/01@14:51:50,23632,3.2265,28896.612903225807
2000/01/01@14:51:51,23633,3.2265,28899.516129032258
2000/01/01@14:51:52,23634,3.22725,28902.41935483871
2000/01/01@14:51:53,23635,3.2268752,28905.322580645163
2000/01/01@14:51:54,23636,3.2265,28908.225806451614
2000/01/01@14:51:55,23637,3.226688,28911.129032258064
2000/01/01@14:51:56,23638,3.2268752,28914.032258064515
2000/01/01@14:51:57,23639,3.2265,28916.935483870966
2000/01/01@14:51:58,23640,3.2270628,28919.83870967742
2000/01/01@14:51:59,23641,3.226688,28922.74193548387
2000/01/01@14:52:00,23642,3.2265,28925.645161290322
2000/01/01@14:52:02,23644,3.2265,28931.451612903227
2000/01/01@14:52:03,23645,3.226688,28934.354838709678
2000/01/01@14:52:04,23646,3.2274378,28937.25806451613
2000/01/01@14:52:05,23647,3.2270628,28940.16129032258
2000/01/01@14:52:06,23648,3.226688,28943.064516129034
2000/01/01@14:52:07,23649,3.226688,28945.967741935485
2000/01/01@14:52:08,23650,3.2270628,28948.870967741936
2000/01/01@14:52:09,23651,3.2265,28951.774193548386
2000/01/01@14:52:10,23652,3.226688,28954.677419354837
2000/01/01@14:52:11,23653,3.226688,28957.58064516129
2000/01/01@14:52:12,23654,3.226688,28960.483870967742
2000/01/01@14:52:14,23656,3.2270628,28966.290322580644
2000/01/01@14:52:15,23657,3.2263126,28969.1935483871
2000/01/01@14:52:16,23658,3.226688,28972.09677419355
2000/01/01@14:52:17,23659,3.2270628,28975.0
2000/01/01@14:52:18,23660,3.226688,28977.9
2000/01/01@14:52:19,23661,3.226688,28980.8
2000/01/01@14:52:20,23662,3.2265,28983.7
2000/01/01@14:52:21,23663,3.22725,28986.6
2000/01/01@14:52:22,23664,3.226688,28989.5
2000/01/01@14:52:23,23665,3.22725,28992.4
2000/01/01@14:52:24,23666,3.2268752,28995.3
2000/01/01@14:52:26,23668,3.2263126,29001.1
2000/01/01@14:52:27,23669,3.22725,29004.0
2000/01/01@14:52:28,23670,3.2274378,29006.9
2000/01/01@14:52:29,23671,3.2268752,29009.8
2000/01/01@14:52:30,23672,3.22725,29012.7
2000/01/01@14:52:31,23673,3.22725,29015.6
2000/01/01@14:52:32,23674,3.2268752,29018.5
2000/01/01@14:52:33,23675,3.2265,29021.4
2000/01/01@14:52:34,23676,3.226688,29024.3
2000/01/01@14:52:35,23677,3.226688,29027.2
2000/01/01@14:52:36,23678,3.2265,29030.1
2000/01/01@14:52:38,23680,3.2265,29035.9
2000/01/01@14:52:39,23681,3.22725,29038.8
2000/01/01@14:52:40,23682,3.226688,29041.7
2000/01/01@14:52:41,23683,3.2268752,29044.6
2000/01/01@14:52:42,23684,3.2265,29047.5
2000/01/01@14:52:43,23685,3.2268752,29050.4
2000/01/01@14:52:44,23686,3.2270628,29053.3
2000/01/01@14:52:45,23687,3.2268752,29056.2
2000/01/01@14:52:46,23688,3.2276252,29059.1
2000/01/01@14:52:47,23689,3.2265,29062.0
2000/01/01@14:52:48,23690,3.2274378,29064.90322580645
2000/01/01@14:52:50,23692,3.2265,29070.709677419356
2000/01/01@14:52:51,23693,3.2268752,29073.612903225807
2000/01/01@14:52:52,23694,3.2265,29076.516129032258
2000/01/01@14:52:53,23695,3.2268752,29079.41935483871
2000/01/01@14:52:54,23696,3.2270628,29082.322580645163
2000/01/01@14:52:55,23697,3.226688,29085.225806451614
2000/01/01@14:52:56,23698,3.2270628,29088.129032258064
2000/01/01@14:52:57,23699,3.2270628,29091.032258064515
2000/01/01@14:52:58,23700,3.2270628,29093.935483870966
2000/01/01@14:52:59,23701,3.2265,29096.83870967742
2000/01/01@14:53:00,23702,3.2270628,29099.74193548387
2000/01/01@14:53:02,23704,3.2265,29105.548387096773
2000/01/01@14:53:03,23705,3.22725,29108.451612903227
2000/01/01@14:53:04,23706,3.226688,29111.354838709678
2000/01/01@14:53:05,23707,3.2265,29114.25806451613
2000/01/01@14:53:06,23708,3.22725,29117.16129032258
2000/01/01@14:53:07,23709,3.226688,29120.064516129034
2000/01/01@14:53:08,23710,3.2263126,29122.967741935485
2000/01/01@14:53:09,23711,3.2270628,29125.870967741936
2000/01/01@14:53:10,23712,3.2268752,29128.774193548386
2000/01/01@14:53:11,23713,3.2268752,29131.677419354837
2000/01/01@14:53:12,23714,3.2270628,29134.58064516129
2000/01/01@14:53:14,23716,3.22725,29140.387096774193
2000/01/01@14:53:15,23717,3.2276252,29143.290322580644
2000/01/01@14:53:16,23718,3.226688,29146.1935483871
2000/01/01@14:53:17,23719,3.226688,29149.09677419355
2000/01/01@14:53:18,23720,3.2268752,29152.0
2000/01/01@14:53:19,23721,3.226688,29154.612903225807
2000/01/01@14:53:20,23722,3.226688,29157.225806451614
2000/01/01@14:53:21,23723,3.2268752,29159.83870967742
2000/01/01@14:53:22,23724,3.2268752,29162.451612903227
2000/01/01@14:53:23,23725,3.226688,29165.064516129034
2000/01/01@14:53:24,23726,3.226688,29167.677419354837
2000/01/01@14:53:26,23728,3.22725,29172.90322580645
2000/01/01@14:53:27,23729,3.226688,29175.516129032258
2000/01/01@14:53:28,23730,3.22725,29178.129032258064
2000/01/01@14:53:29,23731,3.2274378,29180.74193548387
2000/01/01@14:53:30,23732,3.2274378,29183.354838709678
2000/01/01@14:53:31,23733,3.2265,29185.967741935485
2000/01/01@14:53:32,23734,3.226688,29188.58064516129
2000/01/01@14:53:33,23735,3.2274378,29191.1935483871
2000/01/01@14:53:34,23736,3.2263126,29193.8064516129
2000/01/01@14:53:35,23737,3.2268752,29196.41935483871
2000/01/01@14:53:36,23738,3.2265,29199.032258064515
2000/01/01@14:53:38,23740,3.22725,29204.25806451613
2000/01/01@14:53:39,23741,3.2270628,29206.870967741936
2000/01/01@14:53:40,23742,3.2270628,29209.483870967742
2000/01/01@14:53:41,23743,3.2268752,29212.09677419355
2000/01/01@14:53:42,23744,3.226688,29214.709677419356
2000/01/01@14:53:43,23745,3.2268752,29217.322580645163
2000/01/01@14:53:44,23746,3.226688,29219.935483870966
2000/01/01@14:53:45,23747,3.226688,29222.548387096773
2000/01/01@14:53:46,23748,3.2268752,29225.16129032258
2000/01/01@14:53:47,23749,3.22725,29227.774193548386
2000/01/01@14:53:48,23750,3.226688,29230.387096774193
2000/01/01@14:53:50,23752,3.226688,29235.666666666668
2000/01/01@14:53:51,23753,3.2276252,29238.333333333332
2000/01/01@14:53:52,23754,3.22725,29241.0
2000/01/01@14:53:53,23755,3.2268752,29243.666666666668
2000/01/01@14:53:54,23756,3.2274378,29246.333333333332
2000/01/01@14:53:55,23757,3.2263126,29249.0
2000/01/01@14:53:56,23758,3.2274378,29251.666666666668
2000/01/01@14:53:57,23759,3.2265,29254.333333333332
2000/01/01@14:53:58,23760,3.226688,29257.0
2000/01/01@14:53:59,23761,3.2265,29259.666666666668
2000/01/01@14:54:00,23762,3.22725,29262.333333333332
2000/01/01@14:54:02,23764,3.2265,29267.666666666668
2000/01/01@14:54:03,23765,3.2263126,29270.333333333332
2000/01/01@14:54:04,23766,3.226688,29273.0
2000/01/01@14:54:05,23767,3.226688,29275.666666666668
2000/01/01@14:54:06,23768,3.2270628,29278.333333333332
2000/01/01@14:54:07,23769,3.226688,29281.0
2000/01/01@14:54:08,23770,3.2268752,29283.666666666668
2000/01/01@14:54:09,23771,3.2270628,29286.333333333332
2000/01/01@14:54:10,23772,3.22725,29289.0
2000/01/01@14:54:11,23773,3.2263126,29291.666666666668
2000/01/01@14:54:12,23774,3.2274378,29294.333333333332
2000/01/01@14:54:14,23776,3.226688,29299.666666666668
2000/01/01@14:54:15,23777,3.2265,29302.333333333332
2000/01/01@14:54:16,23778,3.2276252,29305.0
2000/01/01@14:54:17,23779,3.2263126,29307.666666666668
2000/01/01@14:54:18,23780,3.2270628,29310.333333333332
2000/01/01@14:54:19,23781,3.2263126,29313.0
2000/01/01@14:54:20,23782,3.22725,29315.387096774193
2000/01/01@14:54:21,23783,3.2263126,29317.774193548386
2000/01/01@14:54:22,23784,3.2263126,29320.16129032258
2000/01/01@14:54:23,23785,3.22725,29322.548387096773
2000/01/01@14:54:24,23786,3.2265,29324.935483870966
2000/01/01@14:54:26,23788,3.22725,29329.709677419356
2000/01/01@14:54:27,23789,3.2268752,29332.09677419355
2000/01/01@14:54:28,23790,3.2263126,29334.483870967742
2000/01/01@14:54:29,23791,3.226688,29336.870967741936
2000/01/01@14:54:30,23792,3.226688,29339.25806451613
2000/01/01@14:54:31,23793,3.2265,29341.645161290322
2000/01/01@14:54:32,23794,3.2265,29344.032258064515
2000/01/01@14:54:33,23795,3.22725,29346.41935483871
2000/01/01@14:54:34,23796,3.2265,29348.8064516129
2000/01/01@14:54:35,23797,3.2265,29351.1935483871
2000/01/01@14:54:36,23798,3.226688,29353.58064516129
2000/01/01@14:54:38,23800,3.226688,29358.354838709678
2000/01/01@14:54:39,23801,3.2268752,29360.74193548387
2000/01/01@14:54:40,23802,3.22725,29363.129032258064
2000/01/01@14:54:41,23803,3.226688,29365.516129032258
2000/01/01@14:54:42,23804,3.2274378,29367.90322580645
2000/01/01@14:54:43,23805,3.226688,29370.290322580644
2000/01/01@14:54:44,23806,3.2263126,29372.677419354837
2000/01/01@14:54:45,23807,3.226688,29375.064516129034
2000/01/01@14:54:46,23808,3.226688,29377.451612903227
2000/01/01@14:54:47,23809,3.2265,29379.83870967742
2000/01/01@14:54:48,23810,3.22725,29382.225806451614
2000/01/01@14:54:50,23812,3.2268752,29387.0
2000/01/01@14:54:51,23813,3.22725,29389.433333333334
2000/01/01@14:54:52,23814,3.22725,29391.866666666665
2000/01/01@14:54:53,23815,3.2265,29394.3
2000/01/01@14:54:54,23816,3.2263126,29396.733333333334
2000/01/01@14:54:55,23817,3.2265,29399.166666666668
2000/01/01@14:54:56,23818,3.2268752,29401.6
2000/01/01@14:54:57,23819,3.2263126,29404.033333333333
2000/01/01@14:54:58,23820,3.2265,29406.466666666667
2000/01/01@14:54:59,23821,3.2268752,29408.9
2000/01/01@14:55:00,23822,3.2263126,29411.333333333332
2000/01/01@14:55:02,23824,3.2265,29416.2
2000/01/01@14:55:03,23825,3.2268752,29418.633333333335
2000/01/01@14:55:04,23826,3.2268752,29421.066666666666
2000/01/01@14:55:05,23827,3.2270628,29423.5
2000/01/01@14:55:06,23828,3.22725,29425.933333333334
2000/01/01@14:55:07,23829,3.2274378,29428.366666666665
2000/01/01@14:55:08,23830,3.226688,29430.8
2000/01/01@14:55:09,23831,3.2274378,29433.233333333334
2000/01/01@14:55:10,23832,3.2265,29435.666666666668
2000/01/01@14:55:11,23833,3.22725,29438.1
2000/01/01@14:55:12,23834,3.2274378,29440.533333333333
2000/01/01@14:55:14,23836,3.2274378,29445.4
2000/01/01@14:55:15,23837,3.2265,29447.833333333332
2000/01/01@14:55:16,23838,3.2265,29450.266666666666
2000/01/01@14:55:17,23839,3.226688,29452.7
2000/01/01@14:55:18,23840,3.226688,29455.133333333335
2000/01/01@14:55:19,23841,3.2265,29457.566666666666
2000/01/01@14:55:20,23842,3.226688,29460.0
2000/01/01@14:55:21,23843,3.2274378,29462.483870967742
2000/01/01@14:55:22,23844,3.2265,29464.967741935485
2000/01/01@14:55:23,23845,3.2265,29467.451612903227
2000/01/01@14:55:24,23846,3.2268752,29469.935483870966
2000/01/01@14:55:26,23848,3.22725,29474.90322580645
2000/01/01@14:55:27,23849,3.226688,29477.387096774193
2000/01/01@14:55:28,23850,3.2265,29479.870967741936
2000/01/01@14:55:29,23851,3.2268752,29482.354838709678
2000/01/01@14:55:30,23852,3.226688,29484.83870967742
2000/01/01@14:55:31,23853,3.226688,29487.322580645163
2000/01/01@14:55:32,23854,3.2268752,29489.8064516129
2000/01/01@14:55:33,23855,3.22725,29492.290322580644
2000/01/01@14:55:34,23856,3.22725,29494.774193548386
2000/01/01@14:55:35,23857,3.2265,29497.25806451613
2000/01/01@14:55:36,23858,3.2265,29499.74193548387
2000/01/01@14:55:38,23859,3.226688,29504.709677419356
2000/01/01@14:55:39,23861,3.2265,29507.1935483871
2000/01/01@14:55:40,23862,3.2274378,29509.677419354837
2000/01/01@14:55:41,23863,3.22725,29512.16129032258
2000/01/01@14:55:42,23864,3.2265,29514.645161290322
2000/01/01@14:55:43,23865,3.2270628,29517.129032258064
2000/01/01@14:55:44,23866,3.2270628,29519.612903225807
2000/01/01@14:55:45,23867,3.2274378,29522.09677419355
2000/01/01@14:55:46,23868,3.22725,29524.58064516129
2000/01/01@14:55:47,23869,3.2270628,29527.064516129034
2000/01/01@14:55:48,23870,3.2263126,29529.548387096773
2000/01/01@14:55:50,23871,3.2263126,29534.516129032258
2000/01/01@14:55:51,23873,3.22725,29537.0
2000/01/01@14:55:52,23874,3.2274378,29539.709677419356
2000/01/01@14:55:53,23875,3.2263126,29542.41935483871
2000/01/01@14:55:54,23876,3.2268752,29545.129032258064
2000/01/01@14:55:55,23877,3.226688,29547.83870967742
2000/01/01@14:55:56,23878,3.22725,29550.548387096773
2000/01/01@14:55:57,23879,3.226688,29553.25806451613
2000/01/01@14:55:58,23880,3.226688,29555.967741935485
2000/01/01@14:55:59,23881,3.2265,29558.677419354837
2000/01/01@14:56:00,23882,3.22725,29561.387096774193
2000/01/01@14:56:02,23883,3.2265,29566.8064516129
2000/01/01@14:56:03,23885,3.2265,29569.516129032258
2000/01/01@14:56:04,23886,3.226688,29572.225806451614
2000/01/01@14:56:05,23887,3.2274378,29574.935483870966
2000/01/01@14:56:06,23888,3.22725,29577.645161290322
2000/01/01@14:56:07,23889,3.226688,29580.354838709678
2000/01/01@14:56:08,23890,3.226688,29583.064516129034
2000/01/01@14:56:09,23891,3.2268752,29585.774193548386
2000/01/01@14:56:10,23892,3.2265,29588.483870967742
2000/01/01@14:56:11,23893,3.22725,29591.1935483871
2000/01/01@14:56:12,23894,3.226688,29593.90322580645
2000/01/01@14:56:13,23895,3.2265,29596.612903225807
2000/01/01@14:56:15,23897,3.2265,29602.032258064515
2000/01/01@14:56:16,23898,3.2268752,29604.74193548387
2000/01/01@14:56:17,23899,3.2265,29607.451612903227
2000/01/01@14:56:18,23900,3.2265,29610.16129032258
2000/01/01@14:56:19,23901,3.2270628,29612.870967741936
2000/01/01@14:56:20,23902,3.2265,29615.58064516129
2000/01/01@14:56:21,23903,3.22725,29618.290322580644
2000/01/01@14:56:22,23904,3.2268752,29621.0
2000/01/01@14:56:23,23905,3.226688,29623.866666666665
2000/01/01@14:56:24,23906,3.22725,29626.733333333334
2000/01/01@14:56:25,23907,3.226688,29629.6
2000/01/01@14:56:27,23909,3.2268752,29635.333333333332
2000/01/01@14:56:28,23910,3.2270628,29638.2
2000/01/01@14:56:29,23911,3.2263126,29641.066666666666
2000/01/01@14:56:30,23912,3.2270628,29643.933333333334
2000/01/01@14:56:31,23913,3.226688,29646.8
2000/01/01@14:56:32,23914,3.2265,29649.666666666668
2000/01/01@14:56:33,23915,3.226688,29652.533333333333
2000/01/01@14:56:34,23916,3.2270628,29655.4
2000/01/01@14:56:35,23917,3.22725,29658.266666666666
2000/01/01@14:56:36,23918,3.2265,29661.133333333335
2000/01/01@14:56:37,23919,3.2265,29664.0
2000/01/01@14:56:39,23921,3.22725,29669.733333333334
2000/01/01@14:56:40,23922,3.2268752,29672.6
2000/01/01@14:56:41,23923,3.22725,29675.466666666667
2000/01/01@14:56:42,23924,3.226688,29678.333333333332
2000/01/01@14:56:43,23925,3.22725,29681.2
2000/01/01@14:56:44,23926,3.2268752,29684.066666666666
2000/01/01@14:56:45,23927,3.2265,29686.933333333334
2000/01/01@14:56:46,23928,3.2265,29689.8
2000/01/01@14:56:47,23929,3.22725,29692.666666666668
2000/01/01@14:56:48,23930,3.2268752,29695.533333333333
2000/01/01@14:56:49,23931,3.22725,29698.4
2000/01/01@14:56:51,23933,3.2268752,29704.133333333335
2000/01/01@14:56:52,23934,3.2268752,29707.0
2000/01/01@14:56:53,23935,3.2265,29709.8064516129
2000/01/01@14:56:54,23936,3.2265,29712.612903225807
2000/01/01@14:56:55,23937,3.226688,29715.41935483871
2000/01/01@14:56:56,23938,3.2274378,29718.225806451614
2000/01/01@14:56:57,23939,3.2270628,29721.032258064515
2000/01/01@14:56:58,23940,3.2265,29723.83870967742
2000/01/01@14:56:59,23941,3.2270628,29726.645161290322
2000/01/01@14:57:00,23942,3.2263126,29729.451612903227
2000/01/01@14:57:01,23943,3.2265,29732.25806451613
2000/01/01@14:57:03,23945,3.2270628,29737.870967741936
2000/01/01@14:57:04,23946,3.2270628,29740.677419354837
2000/01/01@14:57:05,23947,3.2265,29743.483870967742
2000/01/01@14:57:06,23948,3.2268752,29746.290322580644
2000/01/01@14:57:07,23949,3.22725,29749.09677419355
2000/01/01@14:57:08,23950,3.2265,29751.90322580645
2000/01/01@14:57:09,23951,3.2263126,29754.709677419356
2000/01/01@14:57:10,23952,3.2263126,29757.516129032258
2000/01/01@14:57:11,23953,3.2265,29760.322580645163
2000/01/01@14:57:12,23954,3.226688,29763.129032258064
2000/01/01@14:57:13,23955,3.226688,29765.935483870966
2000/01/01@14:57:14,23956,3.22725,29768.74193548387
2000/01/01@14:57:16,23958,3.2270628,29774.354838709678
2000/01/01@14:57:17,23959,3.22725,29777.16129032258
2000/01/01@14:57:18,23960,3.2265,29779.967741935485
2000/01/01@14:57:19,23961,3.2265,29782.774193548386
2000/01/01@14:57:20,23962,3.2270628,29785.58064516129
2000/01/01@14:57:21,23963,3.22725,29788.387096774193
2000/01/01@14:57:22,23964,3.2270628,29791.1935483871
2000/01/01@14:57:23,23965,3.2270628,29794.0
2000/01/01@14:57:24,23966,3.22725,29797.1
2000/01/01@14:57:25,23967,3.2265,29800.2
2000/01/01@14:57:26,23968,3.2265,29803.3
2000/01/01@14:57:28,23970,3.2268752,29809.5
2000/01/01@14:57:29,23971,3.2265,29812.6
2000/01/01@14:57:30,23972,3.2274378,29815.7
2000/01/01@14:57:31,23973,3.2268752,29818.8
2000/01/01@14:57:32,23974,3.2268752,29821.9
2000/01/01@14:57:33,23975,3.2268752,29825.0
2000/01/01@14:57:34,23976,3.2274378,29828.1
2000/01/01@14:57:35,23977,3.2270628,29831.2
2000/01/01@14:57:36,23978,3.226688,29834.3
2000/01/01@14:57:37,23979,3.2265,29837.4
2000/01/01@14:57:38,23980,3.2263126,29840.5
2000/01/01@14:57:40,23982,3.2265,29846.7
2000/01/01@14:57:41,23983,3.2268752,29849.8
2000/01/01@14:57:42,23984,3.2268752,29852.9
2000/01/01@14:57:43,23985,3.2268752,29856.0
2000/01/01@14:57:44,23986,3.22725,29859.1
2000/01/01@14:57:45,23987,3.226688,29862.2
2000/01/01@14:57:46,23988,3.2268752,29865.3
2000/01/01@14:57:47,23989,3.2265,29868.4
2000/01/01@14:57:48,23990,3.2270628,29871.5
2000/01/01@14:57:49,23991,3.2268752,29874.6
2000/01/01@14:57:50,23992,3.2270628,29877.7
2000/01/01@14:57:52,23994,3.2270628,29883.9
2000/01/01@14:57:53,23995,3.22725,29887.0
2000/01/01@14:57:54,23996,3.2265,29889.967741935485
2000/01/01@14:57:55,23997,3.2270628,29892.935483870966
2000/01/01@14:57:56,23998,3.2270628,29895.90322580645
2000/01/01@14:57:57,23999,3.2270628,29898.870967741936
2000/01/01@14:57:58,24000,3.2265,29901.83870967742
2000/01/01@14:57:59,24001,3.2268752,29904.8064516129
2000/01/01@14:58:00,24002,3.22725,29907.774193548386
2000/01/01@14:58:01,24003,3.2270628,29910.74193548387
2000/01/01@14:58:02,24004,3.2265,29913.709677419356
2000/01/01@14:58:04,24005,3.2274378,29919.645161290322
2000/01/01@14:58:05,24007,3.2270628,29922.612903225807
2000/01/01@14:58:06,24008,3.22725,29925.58064516129
2000/01/01@14:58:07,24009,3.2268752,29928.548387096773
2000/01/01@14:58:08,24010,3.22725,29931.516129032258
2000/01/01@14:58:09,24011,3.226688,29934.483870967742
2000/01/01@14:58:10,24012,3.2263126,29937.451612903227
2000/01/01@14:58:11,24013,3.2265,29940.41935483871
2000/01/01@14:58:12,24014,3.22725,29943.387096774193
2000/01/01@14:58:13,24015,3.2265,29946.354838709678
2000/01/01@14:58:14,24016,3.2263126,29949.322580645163
2000/01/01@14:58:16,24018,3.2265,29955.25806451613
2000/01/01@14:58:17,24019,3.2263126,29958.225806451614
2000/01/01@14:58:18,24020,3.226688,29961.1935483871
2000/01/01@14:58:19,24021,3.2263126,29964.16129032258
2000/01/01@14:58:20,24022,3.2263126,29967.129032258064
2000/01/01@14:58:21,24023,3.226688,29970.09677419355
2000/01/01@14:58:22,24024,3.2263126,29973.064516129034
2000/01/01@14:58:23,24025,3.2265,29976.032258064515
2000/01/01@14:58:24,24026,3.22725,29979.0
2000/01/01@14:58:25,24027,3.22725,29982.0
2000/01/01@14:58:26,24028,3.22725,29985.0
2000/01/01@14:58:27,24029,3.2263126,29988.0
2000/01/01@14:58:29,24031,3.2263126,29994.0
2000/01/01@14:58:30,24032,3.22725,29997.0
2000/01/01@14:58:31,24033,3.2265,30000.0
2000/01/01@14:58:32,24034,3.2270628,30003.0
2000/01/01@14:58:33,24035,3.2263126,30006.0
2000/01/01@14:58:34,24036,3.22725,30009.0
2000/01/01@14:58:35,24037,3.2270628,30012.0
2000/01/01@14:58:36,24038,3.2270628,30015.0
2000/01/01@14:58:37,24039,3.22725,30018.0
2000/01/01@14:58:38,24040,3.2274378,30021.0
2000/01/01@14:58:39,24041,3.2270628,30024.0
2000/01/01@14:58:41,24043,3.22725,30030.0
2000/01/01@14:58:42,24044,3.2268752,30033.0
2000/01/01@14:58:43,24045,3.2265,30036.0
2000/01/01@14:58:44,24046,3.2265,30039.0
2000/01/01@14:58:45,24047,3.2268752,30042.0
2000/01/01@14:58:46,24048,3.2265,30045.0
2000/01/01@14:58:47,24049,3.2263126,30048.0
2000/01/01@14:58:48,24050,3.2270628,30051.0
2000/01/01@14:58:49,24051,3.2265,30054.0
2000/01/01@14:58:50,24052,3.226688,30057.0
2000/01/01@14:58:51,24053,3.2265,30060.0
2000/01/01@14:58:53,24055,3.2265,30066.0
2000/01/01@14:58:54,24056,3.2268752,30069.0
2000/01/01@14:58:55,24057,3.2270628,30072.0
2000/01/01@14:58:56,24058,3.2270628,30074.933333333334
2000/01/01@14:58:57,24059,3.2265,30077.866666666665
2000/01/01@14:58:58,24060,3.2263126,30080.8
2000/01/01@14:58:59,24061,3.2265,30083.733333333334
2000/01/01@14:59:00,24062,3.22725,30086.666666666668
2000/01/01@14:59:01,24063,3.226688,30089.6
2000/01/01@14:59:02,24064,3.2263126,30092.533333333333
2000/01/01@14:59:03,24065,3.2270628,30095.466666666667
2000/01/01@14:59:05,24067,3.226688,30101.333333333332
2000/01/01@14:59:06,24068,3.226688,30104.266666666666
2000/01/01@14:59:07,24069,3.2265,30107.2
2000/01/01@14:59:08,24070,3.2270628,30110.133333333335
2000/01/01@14:59:09,24071,3.2274378,30113.066666666666
2000/01/01@14:59:10,24072,3.2263126,30116.0
2000/01/01@14:59:11,24073,3.2268752,30118.933333333334
2000/01/01@14:59:12,24074,3.2261252,30121.866666666665
2000/01/01@14:59:13,24075,3.2274378,30124.8
2000/01/01@14:59:14,24076,3.2261252,30127.733333333334
2000/01/01@14:59:15,24077,3.2268752,30130.666666666668
2000/01/01@14:59:17,24079,3.2261252,30136.533333333333
2000/01/01@14:59:18,24080,3.226688,30139.466666666667
2000/01/01@14:59:19,24081,3.2265,30142.4
2000/01/01@14:59:20,24082,3.22725,30145.333333333332
2000/01/01@14:59:21,24083,3.22725,30148.266666666666
2000/01/01@14:59:22,24084,3.2263126,30151.2
2000/01/01@14:59:23,24085,3.226688,30154.133333333335
2000/01/01@14:59:24,24086,3.2265,30157.066666666666
2000/01/01@14:59:25,24087,3.2263126,30160.0
2000/01/01@14:59:26,24088,3.2263126,30162.645161290322
2000/01/01@14:59:27,24089,3.2263126,30165.290322580644
2000/01/01@14:59:29,24091,3.2265,30170.58064516129
2000/01/01@14:59:30,24092,3.2268752,30173.225806451614
2000/01/01@14:59:31,24093,3.2261252,30175.870967741936
2000/01/01@14:59:32,24094,3.2265,30178.516129032258
2000/01/01@14:59:33,24095,3.2270628,30181.16129032258
2000/01/01@14:59:34,24096,3.2268752,30183.8064516129
2000/01/01@14:59:35,24097,3.2274378,30186.451612903227
2000/01/01@14:59:36,24098,3.2265,30189.09677419355
2000/01/01@14:59:37,24099,3.2263126,30191.74193548387
2000/01/01@14:59:38,24100,3.2265,30194.387096774193
2000/01/01@14:59:39,24101,3.226688,30197.032258064515
2000/01/01@14:59:41,24103,3.2261252,30202.322580645163
2000/01/01@14:59:42,24104,3.2261252,30204.967741935485
2000/01/01@14:59:43,24105,3.2263126,30207.612903225807
2000/01/01@14:59:44,24106,3.2263126,30210.25806451613
2000/01/01@14:59:45,24107,3.2263126,30212.90322580645
2000/01/01@14:59:46,24108,3.2263126,30215.548387096773
2000/01/01@14:59:47,24109,3.2265,30218.1935483871
2000/01/01@14:59:48,24110,3.2261252,30220.83870967742
2000/01/01@14:59:49,24111,3.226688,30223.483870967742
2000/01/01@14:59:50,24112,3.2265,30226.129032258064
2000/01/01@14:59:51,24113,3.2261252,30228.774193548386
2000/01/01@14:59:53,24115,3.2265,30234.064516129034
2000/01/01@14:59:54,24116,3.2261252,30236.709677419356
2000/01/01@14:59:55,24117,3.226688,30239.354838709678
2000/01/01@14:59:56,24118,3.22725,30242.0
2000/01/01@14:59:57,24119,3.2263126,30244.733333333334
2000/01/01@14:59:58,24120,3.226688,30247.466666666667
2000/01/01@14:59:59,24121,3.2265,30250.2
2000/01/01@15:00:00,24122,3.2265,30252.933333333334
2000/01/01@15:00:01,24123,3.2265,30255.666666666668
2000/01/01@15:00:02,24124,3.2270628,30258.4
2000/01/01@15:00:03,24125,3.22725,30261.133333333335
2000/01/01@15:00:05,24127,3.2265,30266.6
2000/01/01@15:00:06,24128,3.2263126,30269.333333333332
2000/01/01@15:00:07,24129,3.22725,30272.066666666666
2000/01/01@15:00:08,24130,3.2265,30274.8
2000/01/01@15:00:09,24131,3.2265,30277.533333333333
2000/01/01@15:00:10,24132,3.2268752,30280.266666666666
2000/01/01@15:00:11,24133,3.2270628,30283.0
2000/01/01@15:00:12,24134,3.2263126,30285.733333333334
2000/01/01@15:00:13,24135,3.2263126,30288.466666666667
2000/01/01@15:00:14,24136,3.2263126,30291.2
2000/01/01@15:00:15,24137,3.226688,30293.933333333334
2000/01/01@15:00:17,24139,3.2263126,30299.4
2000/01/01@15:00:18,24140,3.2268752,30302.133333333335
2000/01/01@15:00:19,24141,3.22725,30304.866666666665
2000/01/01@15:00:20,24142,3.2265,30307.6
2000/01/01@15:00:21,24143,3.2270628,30310.333333333332
2000/01/01@15:00:22,24144,3.226688,30313.066666666666
2000/01/01@15:00:23,24145,3.2265,30315.8
2000/01/01@15:00:24,24146,3.22725,30318.533333333333
2000/01/01@15:00:25,24147,3.2263126,30321.266666666666
2000/01/01@15:00:26,24148,3.2265,30324.0
2000/01/01@15:00:27,24149,3.2265,30326.548387096773
2000/01/01@15:00:29,24151,3.2261252,30331.645161290322
2000/01/01@15:00:30,24152,3.2270628,30334.1935483871
2000/01/01@15:00:31,24153,3.2261252,30336.74193548387
2000/01/01@15:00:32,24154,3.2263126,30339.290322580644
2000/01/01@15:00:33,24155,3.2265,30341.83870967742
2000/01/01@15:00:34,24156,3.2263126,30344.387096774193
2000/01/01@15:00:35,24157,3.2263126,30346.935483870966
2000/01/01@15:00:36,24158,3.2270628,30349.483870967742
2000/01/01@15:00:37,24159,3.22725,30352.032258064515
2000/01/01@15:00:38,24160,3.226688,30354.58064516129
2000/01/01@15:00:39,24161,3.2261252,30357.129032258064
2000/01/01@15:00:41,24163,3.226688,30362.225806451614
2000/01/01@15:00:42,24164,3.2261252,30364.774193548386
2000/01/01@15:00:43,24165,3.2263126,30367.322580645163
2000/01/01@15:00:44,24166,3.2263126,30369.870967741936
2000/01/01@15:00:45,24167,3.2265,30372.41935483871
2000/01/01@15:00:46,24168,3.2263126,30374.967741935485
2000/01/01@15:00:47,24169,3.2270628,30377.516129032258
2000/01/01@15:00:48,24170,3.2274378,30380.064516129034
2000/01/01@15:00:49,24171,3.2268752,30382.612903225807
2000/01/01@15:00:50,24172,3.2263126,30385.16129032258
2000/01/01@15:00:51,24173,3.226688,30387.709677419356
2000/01/01@15:00:53,24175,3.2265,30392.8064516129
2000/01/01@15:00:54,24176,3.2274378,30395.354838709678
2000/01/01@15:00:55,24177,3.226688,30397.90322580645
2000/01/01@15:00:56,24178,3.2261252,30400.451612903227
2000/01/01@15:00:57,24179,3.2263126,30403.0
2000/01/01@15:00:58,24180,3.2270628,30405.483870967742
2000/01/01@15:00:59,24181,3.226688,30407.967741935485
2000/01/01@15:01:00,24182,3.2274378,30410.451612903227
2000/01/01@15:01:01,24183,3.2263126,30412.935483870966
2000/01/01@15:01:02,24184,3.2268752,30415.41935483871
2000/01/01@15:01:03,24185,3.22725,30417.90322580645
2000/01/01@15:01:05,24187,3.2268752,30422.870967741936
2000/01/01@15:01:06,24188,3.2270628,30425.354838709678
2000/01/01@15:01:07,24189,3.2270628,30427.83870967742
2000/01/01@15:01:08,24190,3.2263126,30430.322580645163
2000/01/01@15:01:09,24191,3.2270628,30432.8064516129
2000/01/01@15:01:10,24192,3.2261252,30435.290322580644
2000/01/01@15:01:11,24193,3.2263126,30437.774193548386
2000/01/01@15:01:12,24194,3.2270628,30440.25806451613
2000/01/01@15:01:13,24195,3.2265,30442.74193548387
2000/01/01@15:01:14,24196,3.22725,30445.225806451614
2000/01/01@15:01:15,24197,3.22725,30447.709677419356
2000/01/01@15:01:17,24199,3.2265,30452.677419354837
2000/01/01@15:01:18,24200,3.2270628,30455.16129032258
2000/01/01@15:01:19,24201,3.2268752,30457.645161290322
2000/01/01@15:01:20,24202,3.2265,30460.129032258064
2000/01/01@15:01:21,24203,3.2261252,30462.612903225807
2000/01/01@15:01:22,24204,3.2265,30465.09677419355
2000/01/01@15:01:23,24205,3.2263126,30467.58064516129
2000/01/01@15:01:24,24206,3.22725,30470.064516129034
2000/01/01@15:01:25,24207,3.226688,30472.548387096773
2000/01/01@15:01:26,24208,3.2265,30475.032258064515
2000/01/01@15:01:27,24209,3.2265,30477.516129032258
2000/01/01@15:01:29,24211,3.2263126,30482.8
2000/01/01@15:01:30,24212,3.2265,30485.6
2000/01/01@15:01:31,24213,3.2263126,30488.4
2000/01/01@15:01:32,24214,3.2265,30491.2
2000/01/01@15:01:33,24215,3.2268752,30494.0
2000/01/01@15:01:34,24216,3.2270628,30496.8
2000/01/01@15:01:35,24217,3.226688,30499.6
2000/01/01@15:01:36,24218,3.226688,30502.4
2000/01/01@15:01:37,24219,3.22725,30505.2
2000/01/01@15:01:38,24220,3.2265,30508.0
2000/01/01@15:01:39,24221,3.22725,30510.8
2000/01/01@15:01:41,24223,3.2261252,30516.4
2000/01/01@15:01:42,24224,3.2263126,30519.2
2000/01/01@15:01:43,24225,3.226688,30522.0
2000/01/01@15:01:44,24226,3.2261252,30524.8
2000/01/01@15:01:45,24227,3.22725,30527.6
2000/01/01@15:01:46,24228,3.2263126,30530.4
2000/01/01@15:01:47,24229,3.2268752,30533.2
2000/01/01@15:01:48,24230,3.2263126,30536.0
2000/01/01@15:01:49,24231,3.2270628,30538.8
2000/01/01@15:01:50,24232,3.2265,30541.6
2000/01/01@15:01:51,24233,3.2268752,30544.4
2000/01/01@15:01:53,24235,3.2263126,30550.0
2000/01/01@15:01:54,24236,3.226688,30552.8
2000/01/01@15:01:55,24237,3.2263126,30555.6
2000/01/01@15:01:56,24238,3.2263126,30558.4
2000/01/01@15:01:57,24239,3.2263126,30561.2
2000/01/01@15:01:58,24240,3.2265,30564.0
2000/01/01@15:01:59,24241,3.22725,30566.58064516129
2000/01/01@15:02:00,24242,3.2265,30569.16129032258
2000/01/01@15:02:01,24243,3.22725,30571.74193548387
2000/01/01@15:02:02,24244,3.22725,30574.322580645163
2000/01/01@15:02:03,24245,3.2270628,30576.90322580645
2000/01/01@15:02:05,24247,3.2265,30582.064516129034
2000/01/01@15:02:06,24248,3.2274378,30584.645161290322
2000/01/01@15:02:07,24249,3.2263126,30587.225806451614
2000/01/01@15:02:08,24250,3.22725,30589.8064516129
2000/01/01@15:02:09,24251,3.2265,30592.387096774193
2000/01/01@15:02:10,24252,3.22725,30594.967741935485
2000/01/01@15:02:11,24253,3.2261252,30597.548387096773
2000/01/01@15:02:12,24254,3.2270628,30600.129032258064
2000/01/01@15:02:13,24255,3.2270628,30602.709677419356
2000/01/01@15:02:14,24256,3.2263126,30605.290322580644
2000/01/01@15:02:15,24257,3.2268752,30607.870967741936
2000/01/01@15:02:17,24259,3.226688,30613.032258064515
2000/01/01@15:02:18,24260,3.2263126,30615.612903225807
2000/01/01@15:02:19,24261,3.2263126,30618.1935483871
2000/01/01@15:02:20,24262,3.2268752,30620.774193548386
2000/01/01@15:02:21,24263,3.2263126,30623.354838709678
2000/01/01@15:02:22,24264,3.226688,30625.935483870966
2000/01/01@15:02:23,24265,3.226688,30628.516129032258
2000/01/01@15:02:24,24266,3.2263126,30631.09677419355
2000/01/01@15:02:25,24267,3.2265,30633.677419354837
2000/01/01@15:02:26,24268,3.22725,30636.25806451613
2000/01/01@15:02:27,24269,3.2263126,30638.83870967742
2000/01/01@15:02:29,24271,3.2270628,30644.0
2000/01/01@15:02:30,24272,3.2265,30591.25806451613
2000/01/01@15:02:31,24273,3.226688,30538.516129032258
2000/01/01@15:02:32,24274,3.2265,30485.774193548386
2000/01/01@15:02:33,24275,3.226688,30433.032258064515
2000/01/01@15:02:34,24276,3.2268752,30380.290322580644
2000/01/01@15:02:35,24277,3.2263126,30327.548387096773
2000/01/01@15:02:36,24278,3.2263126,30274.8064516129
2000/01/01@15:02:37,24279,3.2268752,30222.064516129034
2000/01/01@15:02:38,24280,3.2263126,30169.322580645163
2000/01/01@15:02:39,24281,3.2263126,30116.58064516129
2000/01/01@15:02:41,24283,3.2263126,30011.09677419355
2000/01/01@15:02:42,24284,3.2265,29958.354838709678
2000/01/01@15:02:43,24285,3.2268752,29905.612903225807
2000/01/01@15:02:44,24286,3.22725,29852.870967741936
2000/01/01@15:02:45,24287,3.2270628,29800.129032258064
2000/01/01@15:02:46,24288,3.2263126,29747.387096774193
2000/01/01@15:02:47,24289,3.2265,29694.645161290322
2000/01/01@15:02:48,24290,3.22725,29641.90322580645
2000/01/01@15:02:49,24291,3.2261252,29589.16129032258
2000/01/01@15:02:50,24292,3.2270628,29536.41935483871
2000/01/01@15:02:51,24293,3.2268752,29483.677419354837
2000/01/01@15:02:53,24295,3.2261252,29378.1935483871
2000/01/01@15:02:54,24296,3.22725,29325.451612903227
2000/01/01@15:02:55,24297,3.2270628,29272.709677419356
2000/01/01@15:02:56,24298,3.2263126,29219.967741935485
2000/01/01@15:02:57,24299,3.2263126,29167.225806451614
2000/01/01@15:02:58,24300,3.226688,29114.483870967742
2000/01/01@15:02:59,24301,3.226688,29061.74193548387
2000/01/01@15:03:00,24302,3.2261252,29009.0
2000/01/01@15:03:01,24303,3.2270628,28958.933333333334
2000/01/01@15:03:02,24304,3.226688,28908.866666666665
2000/01/01@15:03:03,24305,3.226688,28858.8
2000/01/01@15:03:05,24307,3.2261252,28758.666666666668
2000/01/01@15:03:06,24308,3.2270628,28708.6
2000/01/01@15:03:07,24309,3.2270628,28658.533333333333
2000/01/01@15:03:08,24310,3.2261252,28608.466666666667
2000/01/01@15:03:09,24311,3.2268752,28558.4
2000/01/01@15:03:10,24312,3.2268752,28508.333333333332
2000/01/01@15:03:11,24313,3.2263126,28458.266666666666
2000/01/01@15:03:12,24314,3.2265,28408.2
2000/01/01@15:03:13,24315,3.2265,28358.133333333335
2000/01/01@15:03:14,24316,3.22725,28308.066666666666
2000/01/01@15:03:15,24317,3.2270628,28258.0
2000/01/01@15:03:17,24319,3.226688,28157.866666666665
2000/01/01@15:03:18,24320,3.2261252,28107.8
2000/01/01@15:03:19,24321,3.2263126,28057.733333333334
2000/01/01@15:03:20,24322,3.2265,28007.666666666668
2000/01/01@15:03:21,24323,3.2261252,27957.6
2000/01/01@15:03:22,24324,3.22725,27907.533333333333
2000/01/01@15:03:23,24325,3.2263126,27857.466666666667
2000/01/01@15:03:24,24326,3.2263126,27807.4
2000/01/01@15:03:25,24327,3.2270628,27757.333333333332
2000/01/01@15:03:26,24328,3.2261252,27707.266666666666
2000/01/01@15:03:27,24329,3.2265,27657.2
2000/01/01@15:03:29,24331,3.2265,27557.066666666666
2000/01/01@15:03:30,24332,3.2265,27507.0
2000/01/01@15:03:31,24333,3.2263126,27463.064516129034
2000/01/01@15:03:32,24334,3.2265,27419.129032258064
2000/01/01@15:03:33,24335,3.2261252,27375.1935483871
2000/01/01@15:03:34,24336,3.2265,27331.25806451613
2000/01/01@15:03:35,24337,3.2268752,27287.322580645163
2000/01/01@15:03:36,24338,3.226688,27243.387096774193
2000/01/01@15:03:37,24339,3.2261252,27199.451612903227
2000/01/01@15:03:38,24340,3.226688,27155.516129032258
2000/01/01@15:03:39,24341,3.2265,27111.58064516129
2000/01/01@15:03:41,24343,3.2270628,27023.709677419356
2000/01/01@15:03:42,24344,3.2263126,26979.774193548386
2000/01/01@15:03:43,24345,3.2268752,26935.83870967742
2000/01/01@15:03:44,24346,3.2265,26891.90322580645
2000/01/01@15:03:45,24347,3.2263126,26847.967741935485
2000/01/01@15:03:46,24348,3.2268752,26804.032258064515
2000/01/01@15:03:47,24349,3.2263126,26760.09677419355
2000/01/01@15:03:48,24350,3.2261252,26716.16129032258
2000/01/01@15:03:49,24351,3.2270628,26672.225806451614
2000/01/01@15:03:50,24352,3.226688,26628.290322580644
2000/01/01@15:03:51,24353,3.2261252,26584.354838709678
2000/01/01@15:03:52,24354,3.2259374,26540.41935483871
2000/01/01@15:03:54,24356,3.226688,26452.548387096773
2000/01/01@15:03:55,24357,3.2265,26408.612903225807
2000/01/01@15:03:56,24358,3.2265,26364.677419354837
2000/01/01@15:03:57,24359,3.2270628,26320.74193548387
2000/01/01@15:03:58,24360,3.2270628,26276.8064516129
2000/01/01@15:03:59,24361,3.2259374,26232.870967741936
2000/01/01@15:04:00,24362,3.226688,26188.93548387097
2000/01/01@15:04:01,24363,3.2270628,26145.0
2000/01/01@15:04:02,24364,3.226688,26103.633333333335
2000/01/01@15:04:03,24365,3.2261252,26062.266666666666
2000/01/01@15:04:04,24366,3.2265,26020.9
2000/01/01@15:04:06,24368,3.2259374,25938.166666666668
2000/01/01@15:04:07,24369,3.2263126,25896.8
2000/01/01@15:04:08,24370,3.226688,25855.433333333334
2000/01/01@15:04:09,24371,3.2270628,25814.066666666666
2000/01/01@15:04:10,24372,3.2259374,25772.7
2000/01/01@15:04:11,24373,3.2265,25731.333333333332
2000/01/01@15:04:12,24374,3.2263126,25689.966666666667
2000/01/01@15:04:13,24375,3.2259374,25648.6
2000/01/01@15:04:14,24376,3.2268752,25607.233333333334
2000/01/01@15:04:15,24377,3.2270628,25565.866666666665
2000/01/01@15:04:17,24378,3.2270628,25483.133333333335
2000/01/01@15:04:18,24380,3.2261252,25441.766666666666
2000/01/01@15:04:19,24381,3.2261252,25400.4
2000/01/01@15:04:20,24382,3.2261252,25359.033333333333
2000/01/01@15:04:21,24383,3.2268752,25317.666666666668
2000/01/01@15:04:22,24384,3.2268752,25276.3
2000/01/01@15:04:23,24385,3.2263126,25234.933333333334
2000/01/01@15:04:24,24386,3.2261252,25193.566666666666
2000/01/01@15:04:25,24387,3.2261252,25152.2
2000/01/01@15:04:26,24388,3.2265,25110.833333333332
2000/01/01@15:04:27,24389,3.2268752,25069.466666666667
2000/01/01@15:04:29,24390,3.2268752,24986.733333333334
2000/01/01@15:04:30,24392,3.2265,24945.366666666665
2000/01/01@15:04:31,24393,3.2270628,24904.0
2000/01/01@15:04:32,24394,3.2268752,24868.548387096773
2000/01/01@15:04:33,24395,3.2261252,24833.09677419355
2000/01/01@15:04:34,24396,3.2261252,24797.645161290322
2000/01/01@15:04:35,24397,3.2270628,24762.1935483871
2000/01/01@15:04:36,24398,3.2263126,24726.74193548387
2000/01/01@15:04:37,24399,3.2263126,24691.290322580644
2000/01/01@15:04:38,24400,3.2268752,24655.83870967742
2000/01/01@15:04:39,24401,3.2265,24620.387096774193
2000/01/01@15:04:41,24402,3.226688,24549.483870967742
2000/01/01@15:04:42,24404,3.226688,24514.032258064515
2000/01/01@15:04:43,24405,3.2268752,24478.58064516129
2000/01/01@15:04:44,24406,3.2270628,24443.129032258064
2000/01/01@15:04:45,24407,3.2261252,24407.677419354837
2000/01/01@15:04:46,24408,3.2263126,24372.225806451614
2000/01/01@15:04:47,24409,3.2268752,24336.774193548386
2000/01/01@15:04:48,24410,3.2265,24301.322580645163
2000/01/01@15:04:49,24411,3.2261252,24265.870967741936
2000/01/01@15:04:50,24412,3.2268752,24230.41935483871
2000/01/01@15:04:51,24413,3.2261252,24194.967741935485
2000/01/01@15:04:53,24415,3.2268752,24124.06451612903
2000/01/01@15:04:54,24416,3.2270628,24088.612903225807
2000/01/01@15:04:55,24417,3.2270628,24053.16129032258
2000/01/01@15:04:56,24418,3.2263126,24017.709677419356
2000/01/01@15:04:57,24419,3.2270628,23982.25806451613
2000/01/01@15:04:58,24420,3.2265,23946.8064516129
2000/01/01@15:04:59,24421,3.2261252,23911.354838709678
2000/01/01@15:05:00,24422,3.2265,23875.90322580645
2000/01/01@15:05:01,24423,3.2259374,23840.451612903227
2000/01/01@15:05:02,24424,3.226688,23805.0
2000/01/01@15:05:03,24425,3.2261252,23771.16129032258
2000/01/01@15:05:04,24426,3.2261252,23737.322580645163
2000/01/01@15:05:06,24428,3.226688,23669.645161290322
2000/01/01@15:05:07,24429,3.2261252,23635.8064516129
2000/01/01@15:05:08,24430,3.2261252,23601.967741935485
2000/01/01@15:05:09,24431,3.22575,23568.129032258064
2000/01/01@15:05:10,24432,3.2263126,23534.290322580644
2000/01/01@15:05:11,24433,3.2259374,23500.451612903227
2000/01/01@15:05:12,24434,3.2265,23466.612903225807
2000/01/01@15:05:13,24435,3.2268752,23432.774193548386
2000/01/01@15:05:14,24436,3.2268752,23398.93548387097
2000/01/01@15:05:15,24437,3.226688,23365.09677419355
2000/01/01@15:05:16,24438,3.2270628,23331.25806451613
2000/01/01@15:05:18,24440,3.2261252,23263.58064516129
2000/01/01@15:05:19,24441,3.2263126,23229.74193548387
2000/01/01@15:05:20,24442,3.2261252,23195.90322580645
2000/01/01@15:05:21,24443,3.226688,23162.064516129034
2000/01/01@15:05:22,24444,3.2268752,23128.225806451614
2000/01/01@15:05:23,24445,3.2265,23094.387096774193
2000/01/01@15:05:24,24446,3.2265,23060.548387096773
2000/01/01@15:05:25,24447,3.2270628,23026.709677419356
2000/01/01@15:05:26,24448,3.226688,22992.870967741936
2000/01/01@15:05:27,24449,3.2270628,22959.032258064515
2000/01/01@15:05:28,24450,3.2265,22925.1935483871
2000/01/01@15:05:30,24452,3.2261252,22857.516129032258
2000/01/01@15:05:31,24453,3.2268752,22823.677419354837
2000/01/01@15:05:32,24454,3.226688,22789.83870967742
2000/01/01@15:05:33,24455,3.2259374,22756.0
2000/01/01@15:05:34,24456,3.2259374,22723.833333333332
2000/01/01@15:05:35,24457,3.226688,22691.666666666668
2000/01/01@15:05:36,24458,3.2265,22659.5
2000/01/01@15:05:37,24459,3.2261252,22627.333333333332
2000/01/01@15:05:38,24460,3.2261252,22595.166666666668
2000/01/01@15:05:39,24461,3.2270628,22563.0
2000/01/01@15:05:40,24462,3.2261252,22530.833333333332
2000/01/01@15:05:42,24464,3.2259374,22466.5
2000/01/01@15:05:43,24465,3.2261252,22434.333333333332
2000/01/01@15:05:44,24466,3.2261252,22402.166666666668
2000/01/01@15:05:45,24467,3.2263126,22370.0
2000/01/01@15:05:46,24468,3.2261252,22337.833333333332
2000/01/01@15:05:47,24469,3.2261252,22305.666666666668
2000/01/01@15:05:48,24470,3.2263126,22273.5
2000/01/01@15:05:49,24471,3.2263126,22241.333333333332
2000/01/01@15:05:50,24472,3.2270628,22209.166666666668
2000/01/01@15:05:51,24473,3.2270628,22177.0
2000/01/01@15:05:52,24474,3.2268752,22144.833333333332
2000/01/01@15:05:53,24475,3.2265,22112.666666666668
2000/01/01@15:05:55,24477,3.2265,22048.333333333332
2000/01/01@15:05:56,24478,3.2265,22016.166666666668
2000/01/01@15:05:57,24479,3.2268752,21984.0
2000/01/01@15:05:58,24480,3.2261252,21951.833333333332
2000/01/01@15:05:59,24481,3.2261252,21919.666666666668
2000/01/01@15:06:00,24482,3.2265,21887.5
2000/01/01@15:06:01,24483,3.226688,21855.333333333332
2000/01/01@15:06:02,24484,3.226688,21823.166666666668
2000/01/01@15:06:03,24485,3.2261252,21791.0
2000/01/01@15:06:04,24486,3.226688,21762.548387096773
2000/01/01@15:06:05,24487,3.2270628,21734.09677419355
2000/01/01@15:06:07,24489,3.2265,21677.1935483871
2000/01/01@15:06:08,24490,3.2268752,21648.74193548387
2000/01/01@15:06:09,24491,3.2263126,21620.290322580644
2000/01/01@15:06:10,24492,3.2265,21591.83870967742
2000/01/01@15:06:11,24493,3.2268752,21563.387096774193
2000/01/01@15:06:12,24494,3.2261252,21534.935483870966
2000/01/01@15:06:13,24495,3.2263126,21506.483870967742
2000/01/01@15:06:14,24496,3.2259374,21478.032258064515
2000/01/01@15:06:15,24497,3.2261252,21449.58064516129
2000/01/01@15:06:16,24498,3.2270628,21421.129032258064
2000/01/01@15:06:17,24499,3.2263126,21392.677419354837
2000/01/01@15:06:19,24501,3.2261252,21335.774193548386
2000/01/01@15:06:20,24502,3.2265,21307.322580645163
2000/01/01@15:06:21,24503,3.2263126,21278.870967741936
2000/01/01@15:06:22,24504,3.2265,21250.41935483871
2000/01/01@15:06:23,24505,3.2270628,21221.967741935485
2000/01/01@15:06:24,24506,3.2261252,21193.516129032258
2000/01/01@15:06:25,24507,3.2261252,21165.06451612903
2000/01/01@15:06:26,24508,3.2265,21136.612903225807
2000/01/01@15:06:27,24509,3.2268752,21108.16129032258
2000/01/01@15:06:28,24510,3.2261252,21079.709677419356
2000/01/01@15:06:29,24511,3.2261252,21051.25806451613
2000/01/01@15:06:31,24513,3.2261252,20994.354838709678
2000/01/01@15:06:32,24514,3.2263126,20965.90322580645
2000/01/01@15:06:33,24515,3.2270628,20937.451612903227
2000/01/01@15:06:34,24516,3.2261252,20909.0
2000/01/01@15:06:35,24517,3.2259374,20881.41935483871
2000/01/01@15:06:36,24518,3.2263126,20853.83870967742
2000/01/01@15:06:37,24519,3.2259374,20826.25806451613
2000/01/01@15:06:38,24520,3.2265,20798.677419354837
2000/01/01@15:06:39,24521,3.2270628,20771.09677419355
2000/01/01@15:06:40,24522,3.226688,20743.516129032258
2000/01/01@15:06:41,24523,3.2261252,20715.935483870966
2000/01/01@15:06:43,24525,3.2261252,20660.774193548386
2000/01/01@15:06:44,24526,3.2261252,20633.1935483871
2000/01/01@15:06:45,24527,3.2261252,20605.612903225807
2000/01/01@15:06:46,24528,3.2263126,20578.032258064515
2000/01/01@15:06:47,24529,3.2265,20550.451612903227
2000/01/01@15:06:48,24530,3.2270628,20522.870967741936
2000/01/01@15:06:49,24531,3.2263126,20495.290322580644
2000/01/01@15:06:50,24532,3.2270628,20467.709677419356
2000/01/01@15:06:51,24533,3.2270628,20440.129032258064
2000/01/01@15:06:52,24534,3.2263126,20412.548387096773
2000/01/01@15:06:53,24535,3.2265,20384.967741935485
2000/01/01@15:06:55,24537,3.2261252,20329.8064516129
2000/01/01@15:06:56,24538,3.2263126,20302.225806451614
2000/01/01@15:06:57,24539,3.2261252,20274.645161290322
2000/01/01@15:06:58,24540,3.226688,20247.06451612903
2000/01/01@15:06:59,24541,3.226688,20219.483870967742
2000/01/01@15:07:00,24542,3.2261252,20191.90322580645
2000/01/01@15:07:01,24543,3.226688,20164.322580645163
2000/01/01@15:07:02,24544,3.2268752,20136.74193548387
2000/01/01@15:07:03,24545,3.2261252,20109.16129032258
2000/01/01@15:07:04,24546,3.2270628,20081.58064516129
2000/01/01@15:07:05,24547,3.2261252,20054.0
2000/01/01@15:07:07,24549,3.2261252,20000.333333333332
2000/01/01@15:07:08,24550,3.2261252,19973.5
2000/01/01@15:07:09,24551,3.2261252,19946.666666666668
2000/01/01@15:07:10,24552,3.2263126,19919.833333333332
2000/01/01@15:07:11,24553,3.2268752,19893.0
2000/01/01@15:07:12,24554,3.2268752,19866.166666666668
2000/01/01@15:07:13,24555,3.2265,19839.333333333332
2000/01/01@15:07:14,24556,3.2259374,19812.5
2000/01/01@15:07:15,24557,3.2259374,19785.666666666668
2000/01/01@15:07:16,24558,3.226688,19758.833333333332
2000/01/01@15:07:17,24559,3.226688,19732.0
2000/01/01@15:07:19,24561,3.226688,19678.333333333332
2000/01/01@15:07:20,24562,3.2268752,19651.5
2000/01/01@15:07:21,24563,3.2259374,19624.666666666668
2000/01/01@15:07:22,24564,3.2261252,19597.833333333332
2000/01/01@15:07:23,24565,3.226688,19571.0
2000/01/01@15:07:24,24566,3.2261252,19544.166666666668
2000/01/01@15:07:25,24567,3.2265,19517.333333333332
2000/01/01@15:07:26,24568,3.2261252,19490.5
2000/01/01@15:07:27,24569,3.2259374,19463.666666666668
2000/01/01@15:07:28,24570,3.2259374,19436.833333333332
2000/01/01@15:07:29,24571,3.2261252,19410.0
2000/01/01@15:07:31,24573,3.2265,19356.333333333332
2000/01/01@15:07:32,24574,3.2263126,19329.5
2000/01/01@15:07:33,24575,3.2270628,19302.666666666668
2000/01/01@15:07:34,24576,3.2261252,19275.833333333332
2000/01/01@15:07:35,24577,3.2263126,19249.0
2000/01/01@15:07:36,24578,3.2265,19225.09677419355
2000/01/01@15:07:37,24579,3.2268752,19201.1935483871
2000/01/01@15:07:38,24580,3.2259374,19177.290322580644
2000/01/01@15:07:39,24581,3.2261252,19153.387096774193
2000/01/01@15:07:40,24582,3.2261252,19129.483870967742
2000/01/01@15:07:41,24583,3.2268752,19105.58064516129
2000/01/01@15:07:43,24585,3.2263126,19057.774193548386
2000/01/01@15:07:44,24586,3.2259374,19033.870967741936
2000/01/01@15:07:45,24587,3.2259374,19009.967741935485
2000/01/01@15:07:46,24588,3.2259374,18986.064516129034
2000/01/01@15:07:47,24589,3.2263126,18962.16129032258
2000/01/01@15:07:48,24590,3.2261252,18938.25806451613
2000/01/01@15:07:49,24591,3.2265,18914.354838709678
2000/01/01@15:07:50,24592,3.2259374,18890.451612903227
2000/01/01@15:07:51,24593,3.2268752,18866.548387096773
2000/01/01@15:07:52,24594,3.22575,18842.645161290322
2000/01/01@15:07:53,24595,3.226688,18818.74193548387
2000/01/01@15:07:55,24597,3.2263126,18770.935483870966
2000/01/01@15:07:56,24598,3.2265,18747.032258064515
2000/01/01@15:07:57,24599,3.22575,18723.129032258064
2000/01/01@15:07:58,24600,3.2263126,18699.225806451614
2000/01/01@15:07:59,24601,3.2261252,18675.322580645163
2000/01/01@15:08:00,24602,3.226688,18651.41935483871
2000/01/01@15:08:01,24603,3.2265,18627.516129032258
2000/01/01@15:08:02,24604,3.226688,18603.612903225807
2000/01/01@15:08:03,24605,3.2261252,18579.709677419356
2000/01/01@15:08:04,24606,3.2259374,18555.8064516129
2000/01/01@15:08:05,24607,3.2263126,18531.90322580645
2000/01/01@15:08:07,24609,3.2263126,18484.366666666665
2000/01/01@15:08:08,24610,3.2265,18460.733333333334
2000/01/01@15:08:09,24611,3.2261252,18437.1
2000/01/01@15:08:10,24612,3.2263126,18413.466666666667
2000/01/01@15:08:11,24613,3.2259374,18389.833333333332
2000/01/01@15:08:12,24614,3.226688,18366.2
2000/01/01@15:08:13,24615,3.22575,18342.566666666666
2000/01/01@15:08:14,24616,3.2261252,18318.933333333334
2000/01/01@15:08:15,24617,3.2259374,18295.3
2000/01/01@15:08:16,24618,3.2270628,18271.666666666668
2000/01/01@15:08:17,24619,3.2261252,18248.033333333333
2000/01/01@15:08:19,24621,3.2268752,18200.766666666666
2000/01/01@15:08:20,24622,3.226688,18177.133333333335
2000/01/01@15:08:21,24623,3.2259374,18153.5
2000/01/01@15:08:22,24624,3.2265,18129.866666666665
2000/01/01@15:08:23,24625,3.2261252,18106.233333333334
2000/01/01@15:08:24,24626,3.2261252,18082.6
2000/01/01@15:08:25,24627,3.2265,18058.966666666667
2000/01/01@15:08:26,24628,3.2259374,18035.333333333332
2000/01/01@15:08:27,24629,3.2261252,18011.7
2000/01/01@15:08:28,24630,3.2268752,17988.066666666666
2000/01/01@15:08:29,24631,3.2268752,17964.433333333334
2000/01/01@15:08:31,24633,3.226688,17917.166666666668
2000/01/01@15:08:32,24634,3.2265,17893.533333333333
2000/01/01@15:08:33,24635,3.2261252,17869.9
2000/01/01@15:08:34,24636,3.2261252,17846.266666666666
2000/01/01@15:08:35,24637,3.226688,17822.633333333335
2000/01/01@15:08:36,24638,3.2259374,17799.0
2000/01/01@15:08:37,24639,3.2265,17777.83870967742
2000/01/01@15:08:38,24640,3.22575,17756.677419354837
2000/01/01@15:08:39,24641,3.226688,17735.516129032258
2000/01/01@15:08:40,24642,3.226688,17714.354838709678
2000/01/01@15:08:41,24643,3.2259374,17693.1935483871
2000/01/01@15:08:43,24645,3.2263126,17650.870967741936
2000/01/01@15:08:44,24646,3.2263126,17629.709677419356
2000/01/01@15:08:45,24647,3.2263126,17608.548387096773
2000/01/01@15:08:46,24648,3.2261252,17587.387096774193
2000/01/01@15:08:47,24649,3.2259374,17566.225806451614
2000/01/01@15:08:48,24650,3.2268752,17545.064516129034
2000/01/01@15:08:49,24651,3.2263126,17523.90322580645
2000/01/01@15:08:50,24652,3.2261252,17502.74193548387
2000/01/01@15:08:51,24653,3.2261252,17481.58064516129
2000/01/01@15:08:52,24654,3.2259374,17460.41935483871
2000/01/01@15:08:53,24655,3.2263126,17439.25806451613
2000/01/01@15:08:55,24657,3.2268752,17396.935483870966
2000/01/01@15:08:56,24658,3.226688,17375.774193548386
2000/01/01@15:08:57,24659,3.2265,17354.612903225807
2000/01/01@15:08:58,24660,3.2261252,17333.451612903227
2000/01/01@15:08:59,24661,3.226688,17312.290322580644
2000/01/01@15:09:00,24662,3.226688,17291.129032258064
2000/01/01@15:09:01,24663,3.2261252,17269.967741935485
2000/01/01@15:09:02,24664,3.2259374,17248.8064516129
2000/01/01@15:09:03,24665,3.2259374,17227.645161290322
2000/01/01@15:09:04,24666,3.2259374,17206.483870967742
2000/01/01@15:09:05,24667,3.2263126,17185.322580645163
2000/01/01@15:09:07,24669,3.2263126,17143.0
2000/01/01@15:09:08,24670,3.2263126,17122.16129032258
2000/01/01@15:09:09,24671,3.2261252,17101.322580645163
2000/01/01@15:09:10,24672,3.2259374,17080.483870967742
2000/01/01@15:09:11,24673,3.2259374,17059.645161290322
2000/01/01@15:09:12,24674,3.226688,17038.8064516129
2000/01/01@15:09:13,24675,3.2259374,17017.967741935485
2000/01/01@15:09:14,24676,3.2268752,16997.129032258064
2000/01/01@15:09:15,24677,3.2261252,16976.290322580644
2000/01/01@15:09:16,24678,3.2261252,16955.451612903227
2000/01/01@15:09:17,24679,3.2268752,16934.612903225807
2000/01/01@15:09:19,24681,3.226688,16892.935483870966
2000/01/01@15:09:20,24682,3.2261252,16872.09677419355
2000/01/01@15:09:21,24683,3.2263126,16851.25806451613
2000/01/01@15:09:22,24684,3.2259374,16830.41935483871
2000/01/01@15:09:23,24685,3.22575,16809.58064516129
2000/01/01@15:09:24,24686,3.2263126,16788.74193548387
2000/01/01@15:09:25,24687,3.22575,16767.90322580645
2000/01/01@15:09:26,24688,3.2265,16747.064516129034
2000/01/01@15:09:27,24689,3.226688,16726.225806451614
2000/01/01@15:09:28,24690,3.226688,16705.387096774193
2000/01/01@15:09:29,24691,3.2261252,16684.548387096773
2000/01/01@15:09:31,24693,3.2263126,16642.870967741936
2000/01/01@15:09:32,24694,3.2261252,16622.032258064515
2000/01/01@15:09:33,24695,3.2261252,16601.1935483871
2000/01/01@15:09:34,24696,3.226688,16580.354838709678
2000/01/01@15:09:35,24697,3.2261252,16559.516129032258
2000/01/01@15:09:36,24698,3.2255626,16538.677419354837
2000/01/01@15:09:37,24699,3.2261252,16517.83870967742
2000/01/01@15:09:38,24700,3.2259374,16497.0
2000/01/01@15:09:39,24701,3.2268752,16476.333333333332
2000/01/01@15:09:40,24702,3.22575,16455.666666666668
2000/01/01@15:09:41,24703,3.2259374,16435.0
2000/01/01@15:09:43,24705,3.226688,16393.666666666668
2000/01/01@15:09:44,24706,3.2259374,16373.0
2000/01/01@15:09:45,24707,3.2259374,16352.333333333334
2000/01/01@15:09:46,24708,3.2259374,16331.666666666666
2000/01/01@15:09:47,24709,3.2265,16311.0
2000/01/01@15:09:48,24710,3.2268752,16290.333333333334
2000/01/01@15:09:49,24711,3.2268752,16269.666666666666
2000/01/01@15:09:50,24712,3.22575,16249.0
2000/01/01@15:09:51,24713,3.2261252,16228.333333333334
2000/01/01@15:09:52,24714,3.2261252,16207.666666666666
2000/01/01@15:09:53,24715,3.2268752,16187.0
2000/01/01@15:09:55,24717,3.2265,16145.666666666666
2000/01/01@15:09:56,24718,3.2261252,16125.0
2000/01/01@15:09:57,24719,3.22575,16104.333333333334
2000/01/01@15:09:58,24720,3.2268752,16083.666666666666
2000/01/01@15:09:59,24721,3.22575,16063.0
2000/01/01@15:10:00,24722,3.22575,16042.333333333334
2000/01/01@15:10:01,24723,3.2263126,16021.666666666666
2000/01/01@15:10:02,24724,3.2259374,16001.0
2000/01/01@15:10:03,24725,3.226688,15980.333333333334
2000/01/01@15:10:04,24726,3.226688,15959.666666666666
2000/01/01@15:10:05,24727,3.2259374,15939.0
2000/01/01@15:10:07,24729,3.2259374,15897.666666666666
2000/01/01@15:10:08,24730,3.2270628,15877.0
2000/01/01@15:10:09,24731,3.2259374,15858.58064516129
2000/01/01@15:10:10,24732,3.2265,15840.161290322581
2000/01/01@15:10:11,24733,3.2268752,15821.741935483871
2000/01/01@15:10:12,24734,3.226688,15803.322580645161
2000/01/01@15:10:13,24735,3.2259374,15784.90322580645
2000/01/01@15:10:14,24736,3.2259374,15766.483870967742
2000/01/01@15:10:15,24737,3.2263126,15748.064516129032
2000/01/01@15:10:16,24738,3.2265,15729.645161290322
2000/01/01@15:10:17,24739,3.2261252,15711.225806451614
2000/01/01@15:10:19,24741,3.226688,15674.387096774193
2000/01/01@15:10:20,24742,3.2265,15655.967741935485
2000/01/01@15:10:21,24743,3.2259374,15637.548387096775
2000/01/01@15:10:22,24744,3.2261252,15619.129032258064
2000/01/01@15:10:23,24745,3.2259374,15600.709677419354
2000/01/01@15:10:24,24746,3.2265,15582.290322580646
2000/01/01@15:10:25,24747,3.2259374,15563.870967741936
2000/01/01@15:10:26,24748,3.2261252,15545.451612903225
2000/01/01@15:10:27,24749,3.2265,15527.032258064517
2000/01/01@15:10:28,24750,3.226688,15508.612903225807
2000/01/01@15:10:29,24751,3.2265,15490.193548387097
2000/01/01@15:10:31,24753,3.22575,15453.354838709678
2000/01/01@15:10:32,24754,3.2261252,15434.935483870968
2000/01/01@15:10:33,24755,3.2259374,15416.516129032258
2000/01/01@15:10:34,24756,3.22575,15398.09677419355
2000/01/01@15:10:35,24757,3.2259374,15379.677419354839
2000/01/01@15:10:36,24758,3.2268752,15361.258064516129
2000/01/01@15:10:37,24759,3.22575,15342.838709677419
2000/01/01@15:10:38,24760,3.226688,15324.41935483871
2000/01/01@15:10:39,24761,3.2259374,15306.0
2000/01/01@15:10:40,24762,3.226688,15287.774193548386
2000/01/01@15:10:41,24763,3.2261252,15269.548387096775
2000/01/01@15:10:43,24765,3.2259374,15233.09677419355
2000/01/01@15:10:44,24766,3.2259374,15214.870967741936
2000/01/01@15:10:45,24767,3.2261252,15196.645161290322
2000/01/01@15:10:46,24768,3.2261252,15178.41935483871
2000/01/01@15:10:47,24769,3.2261252,15160.193548387097
2000/01/01@15:10:48,24770,3.2261252,15141.967741935483
2000/01/01@15:10:49,24771,3.2261252,15123.741935483871
2000/01/01@15:10:50,24772,3.2259374,15105.516129032258
2000/01/01@15:10:51,24773,3.2265,15087.290322580646
2000/01/01@15:10:52,24774,3.22575,15069.064516129032
2000/01/01@15:10:53,24775,3.2259374,15050.838709677419
2000/01/01@15:10:55,24777,3.22575,15014.387096774193
2000/01/01@15:10:56,24778,3.2263126,14996.161290322581
2000/01/01@15:10:57,24779,3.226688,14977.935483870968
2000/01/01@15:10:58,24780,3.2259374,14959.709677419354
2000/01/01@15:10:59,24781,3.22575,14941.483870967742
2000/01/01@15:11:00,24782,3.2259374,14923.258064516129
2000/01/01@15:11:01,24783,3.2265,14905.032258064515
2000/01/01@15:11:02,24784,3.2263126,14886.806451612903
2000/01/01@15:11:03,24785,3.2261252,14868.58064516129
2000/01/01@15:11:04,24786,3.226688,14850.354838709678
2000/01/01@15:11:05,24787,3.2268752,14832.129032258064
2000/01/01@15:11:07,24789,3.22575,14795.677419354839
2000/01/01@15:11:08,24790,3.2263126,14777.451612903225
2000/01/01@15:11:09,24791,3.2261252,14759.225806451614
2000/01/01@15:11:10,24792,3.2259374,14741.0
2000/01/01@15:11:11,24793,3.22575,14722.733333333334
2000/01/01@15:11:12,24794,3.226688,14704.466666666667
2000/01/01@15:11:13,24795,3.2259374,14686.2
2000/01/01@15:11:14,24796,3.2261252,14667.933333333332
2000/01/01@15:11:15,24797,3.2261252,14649.666666666666
2000/01/01@15:11:16,24798,3.2263126,14631.4
2000/01/01@15:11:17,24799,3.2263126,14613.133333333333
2000/01/01@15:11:19,24801,3.2261252,14576.6
2000/01/01@15:11:20,24802,3.226688,14558.333333333334
2000/01/01@15:11:21,24803,3.2259374,14540.066666666668
2000/01/01@15:11:22,24804,3.2265,14521.8
2000/01/01@15:11:23,24805,3.2263126,14503.533333333333
2000/01/01@15:11:24,24806,3.2265,14485.266666666666
2000/01/01@15:11:25,24807,3.2268752,14467.0
2000/01/01@15:11:26,24808,3.226688,14448.733333333334
2000/01/01@15:11:27,24809,3.2261252,14430.466666666667
2000/01/01@15:11:28,24810,3.226688,14412.2
2000/01/01@15:11:29,24811,3.2263126,14393.933333333332
2000/01/01@15:11:31,24813,3.22575,14357.4
2000/01/01@15:11:32,24814,3.2259374,14339.133333333333
2000/01/01@15:11:33,24815,3.226688,14320.866666666667
2000/01/01@15:11:34,24816,3.226688,14302.6
2000/01/01@15:11:35,24817,3.2259374,14284.333333333334
2000/01/01@15:11:36,24818,3.226688,14266.066666666668
2000/01/01@15:11:37,24819,3.2261252,14247.8
2000/01/01@15:11:38,24820,3.2263126,14229.533333333333
2000/01/01@15:11:39,24821,3.22575,14211.266666666666
2000/01/01@15:11:40,24822,3.2265,14193.0
2000/01/01@15:11:41,24823,3.22575,14176.451612903225
2000/01/01@15:11:43,24825,3.2259374,14143.354838709678
2000/01/01@15:11:44,24826,3.2261252,14126.806451612903
2000/01/01@15:11:45,24827,3.2259374,14110.258064516129
2000/01/01@15:11:46,24828,3.2261252,14093.709677419354
2000/01/01@15:11:47,24829,3.2265,14077.161290322581
2000/01/01@15:11:48,24830,3.2259374,14060.612903225807
2000/01/01@15:11:49,24831,3.2265,14044.064516129032
2000/01/01@15:11:50,24832,3.226688,14027.516129032258
2000/01/01@15:11:51,24833,3.2265,14010.967741935485
2000/01/01@15:11:52,24834,3.226688,13994.41935483871
2000/01/01@15:11:53,24835,3.2261252,13977.870967741936
2000/01/01@15:11:55,24837,3.2268752,13944.774193548386
2000/01/01@15:11:56,24838,3.2265,13928.225806451614
2000/01/01@15:11:57,24839,3.2261252,13911.677419354839
2000/01/01@15:11:58,24840,3.22575,13895.129032258064
2000/01/01@15:11:59,24841,3.2259374,13878.58064516129
2000/01/01@15:12:00,24842,3.2259374,13862.032258064517
2000/01/01@15:12:01,24843,3.2268752,13845.483870967742
2000/01/01@15:12:02,24844,3.2265,13828.935483870968
2000/01/01@15:12:03,24845,3.2259374,13812.387096774193
2000/01/01@15:12:04,24846,3.2261252,13795.838709677419
2000/01/01@15:12:05,24847,3.2259374,13779.290322580646
2000/01/01@15:12:07,24849,3.2261252,13746.193548387097
2000/01/01@15:12:08,24850,3.2263126,13729.645161290322
2000/01/01@15:12:09,24851,3.2259374,13713.09677419355
2000/01/01@15:12:10,24852,3.2265,13696.548387096775
2000/01/01@15:12:11,24853,3.226688,13680.0
2000/01/01@15:12:12,24854,3.2259374,13663.516129032258
2000/01/01@15:12:13,24855,3.2259374,13647.032258064517
2000/01/01@15:12:14,24856,3.2261252,13630.548387096775
2000/01/01@15:12:15,24857,3.2259374,13614.064516129032
2000/01/01@15:12:16,24858,3.2261252,13597.58064516129
2000/01/01@15:12:18,24859,3.22575,13564.612903225807
2000/01/01@15:12:19,24861,3.226688,13548.129032258064
2000/01/01@15:12:20,24862,3.2259374,13531.645161290322
2000/01/01@15:12:21,24863,3.2268752,13515.161290322581
2000/01/01@15:12:22,24864,3.226688,13498.677419354839
2000/01/01@15:12:23,24865,3.2259374,13482.193548387097
2000/01/01@15:12:24,24866,3.2265,13465.709677419354
2000/01/01@15:12:25,24867,3.22575,13449.225806451614
2000/01/01@15:12:26,24868,3.2268752,13432.741935483871
2000/01/01@15:12:27,24869,3.2259374,13416.258064516129
2000/01/01@15:12:28,24870,3.2268752,13399.774193548386
2000/01/01@15:12:29,24871,3.2261252,13383.290322580646
2000/01/01@15:12:31,24873,3.2263126,13350.322580645161
2000/01/01@15:12:32,24874,3.2263126,13333.838709677419
2000/01/01@15:12:33,24875,3.226688,13317.354838709678
2000/01/01@15:12:34,24876,3.2261252,13300.870967741936
2000/01/01@15:12:35,24877,3.2261252,13284.387096774193
2000/01/01@15:12:36,24878,3.2265,13267.90322580645
2000/01/01@15:12:37,24879,3.2259374,13251.41935483871
2000/01/01@15:12:38,24880,3.2268752,13234.935483870968
2000/01/01@15:12:39,24881,3.2263126,13218.451612903225
2000/01/01@15:12:40,24882,3.2261252,13201.967741935483
2000/01/01@15:12:42,24884,3.2261252,13169.0
2000/01/01@15:12:43,24885,3.2259374,13152.6
2000/01/01@15:12:44,24886,3.2261252,13136.2
2000/01/01@15:12:45,24887,3.2259374,13119.8
2000/01/01@15:12:46,24888,3.226688,13103.4
2000/01/01@15:12:47,24889,3.2263126,13087.0
2000/01/01@15:12:48,24890,3.2259374,13070.6
2000/01/01@15:12:49,24891,3.2265,13054.2
2000/01/01@15:12:50,24892,3.2268752,13037.8
2000/01/01@15:12:51,24893,3.22575,13021.4
2000/01/01@15:12:52,24894,3.226688,13005.0
2000/01/01@15:12:53,24895,3.22575,12988.6
2000/01/01@15:12:55,24897,3.2261252,12955.8
2000/01/01@15:12:56,24898,3.226688,12939.4
2000/01/01@15:12:57,24899,3.2263126,12923.0
2000/01/01@15:12:58,24900,3.2261252,12906.6
2000/01/01@15:12:59,24901,3.226688,12890.2
2000/01/01@15:13:00,24902,3.2259374,12873.8
2000/01/01@15:13:01,24903,3.2265,12857.4
2000/01/01@15:13:02,24904,3.22575,12841.0
2000/01/01@15:13:03,24905,3.22575,12824.6
2000/01/01@15:13:04,24906,3.2265,12808.2
2000/01/01@15:13:05,24907,3.2268752,12791.8
2000/01/01@15:13:07,24909,3.2261252,12759.0
2000/01/01@15:13:08,24910,3.2263126,12742.6
2000/01/01@15:13:09,24911,3.2265,12726.2
2000/01/01@15:13:10,24912,3.2265,12709.8
2000/01/01@15:13:11,24913,3.2263126,12693.4
2000/01/01@15:13:12,24914,3.2255626,12677.0
2000/01/01@15:13:13,24915,3.2261252,12662.032258064517
2000/01/01@15:13:14,24916,3.22575,12647.064516129032
2000/01/01@15:13:15,24917,3.22575,12632.09677419355
2000/01/01@15:13:16,24918,3.2255626,12617.129032258064
2000/01/01@15:13:17,24919,3.2263126,12602.161290322581
2000/01/01@15:13:19,24921,3.2259374,12572.225806451614
2000/01/01@15:13:20,24922,3.22575,12557.258064516129
2000/01/01@15:13:21,24923,3.2261252,12542.290322580646
2000/01/01@15:13:22,24924,3.226688,12527.322580645161
2000/01/01@15:13:23,24925,3.2261252,12512.354838709678
2000/01/01@15:13:24,24926,3.2265,12497.387096774193
2000/01/01@15:13:25,24927,3.226688,12482.41935483871
2000/01/01@15:13:26,24928,3.22575,12467.451612903225
2000/01/01@15:13:27,24929,3.22575,12452.483870967742
2000/01/01@15:13:28,24930,3.2265,12437.516129032258
2000/01/01@15:13:29,24931,3.2261252,12422.548387096775
2000/01/01@15:13:31,24933,3.2263126,12392.612903225807
2000/01/01@15:13:32,24934,3.2259374,12377.645161290322
2000/01/01@15:13:33,24935,3.22575,12362.677419354839
2000/01/01@15:13:34,24936,3.2259374,12347.709677419354
2000/01/01@15:13:35,24937,3.2261252,12332.741935483871
2000/01/01@15:13:36,24938,3.2261252,12317.774193548386
2000/01/01@15:13:37,24939,3.22575,12302.806451612903
2000/01/01@15:13:38,24940,3.2259374,12287.838709677419
2000/01/01@15:13:39,24941,3.2259374,12272.870967741936
2000/01/01@15:13:40,24942,3.22575,12257.90322580645
2000/01/01@15:13:41,24943,3.2265,12242.935483870968
2000/01/01@15:13:43,24945,3.2259374,12213.0
2000/01/01@15:13:44,24946,3.2259374,12197.677419354839
2000/01/01@15:13:45,24947,3.2255626,12182.354838709678
2000/01/01@15:13:46,24948,3.2255626,12167.032258064517
2000/01/01@15:13:47,24949,3.2263126,12151.709677419354
2000/01/01@15:13:48,24950,3.2261252,12136.387096774193
2000/01/01@15:13:49,24951,3.226688,12121.064516129032
2000/01/01@15:13:50,24952,3.2259374,12105.741935483871
2000/01/01@15:13:51,24953,3.226688,12090.41935483871
2000/01/01@15:13:52,24954,3.226688,12075.09677419355
2000/01/01@15:13:53,24955,3.2261252,12059.774193548386
2000/01/01@15:13:55,24957,3.226688,12029.129032258064
2000/01/01@15:13:56,24958,3.2265,12013.806451612903
2000/01/01@15:13:57,24959,3.2265,11998.483870967742
2000/01/01@15:13:58,24960,3.2255626,11983.161290322581
2000/01/01@15:13:59,24961,3.22575,11967.838709677419
2000/01/01@15:14:00,24962,3.2261252,11952.516129032258
2000/01/01@15:14:01,24963,3.2265,11937.193548387097
2000/01/01@15:14:02,24964,3.2265,11921.870967741936
2000/01/01@15:14:03,24965,3.22575,11906.548387096775
2000/01/01@15:14:04,24966,3.2259374,11891.225806451614
2000/01/01@15:14:05,24967,3.2259374,11875.90322580645
2000/01/01@15:14:07,24969,3.2259374,11845.258064516129
2000/01/01@15:14:08,24970,3.2259374,11829.935483870968
2000/01/01@15:14:09,24971,3.2265,11814.612903225807
2000/01/01@15:14:10,24972,3.2265,11799.290322580646
2000/01/01@15:14:11,24973,3.2259374,11783.967741935485
2000/01/01@15:14:12,24974,3.2259374,11768.645161290322
2000/01/01@15:14:13,24975,3.226688,11753.322580645161
2000/01/01@15:14:14,24976,3.2261252,11738.0
2000/01/01@15:14:15,24977,3.226688,11723.3
2000/01/01@15:14:16,24978,3.226688,11708.6
2000/01/01@15:14:17,24979,3.2261252,11693.9
2000/01/01@15:14:19,24981,3.2263126,11664.5
2000/01/01@15:14:20,24982,3.2263126,11649.8
2000/01/01@15:14:21,24983,3.2265,11635.1
2000/01/01@15:14:22,24984,3.22575,11620.4
2000/01/01@15:14:23,24985,3.22575,11605.7
2000/01/01@15:14:24,24986,3.2265,11591.0
2000/01/01@15:14:25,24987,3.2265,11576.3
2000/01/01@15:14:26,24988,3.22575,11561.6
2000/01/01@15:14:27,24989,3.2259374,11546.9
2000/01/01@15:14:28,24990,3.2259374,11532.2
2000/01/01@15:14:29,24991,3.22575,11517.5
2000/01/01@15:14:31,24993,3.2255626,11488.1
2000/01/01@15:14:32,24994,3.2265,11473.4
2000/01/01@15:14:33,24995,3.2265,11458.7
2000/01/01@15:14:34,24996,3.2265,11444.0
2000/01/01@15:14:35,24997,3.2259374,11429.3
2000/01/01@15:14:36,24998,3.2259374,11414.6
2000/01/01@15:14:37,24999,3.22575,11399.9
2000/01/01@15:14:38,25000,3.22575,11385.2
2000/01/01@15:14:39,25001,3.2263126,11370.5
2000/01/01@15:14:40,25002,3.226688,11355.8
2000/01/01@15:14:41,25003,3.226688,11341.1
2000/01/01@15:14:43,25005,3.2265,11311.7
2000/01/01@15:14:44,25006,3.2259374,11297.0
2000/01/01@15:14:45,25007,3.2265,11283.870967741936
2000/01/01@15:14:46,25008,3.2263126,11270.741935483871
2000/01/01@15:14:47,25009,3.22575,11257.612903225807
2000/01/01@15:14:48,25010,3.2255626,11244.483870967742
2000/01/01@15:14:49,25011,3.2263126,11231.354838709678
2000/01/01@15:14:50,25012,3.2255626,11218.225806451614
2000/01/01@15:14:51,25013,3.2261252,11205.09677419355
2000/01/01@15:14:52,25014,3.2255626,11191.967741935483
2000/01/01@15:14:53,25015,3.2255626,11178.838709677419
2000/01/01@15:14:55,25017,3.2255626,11152.58064516129
2000/01/01@15:14:56,25018,3.2261252,11139.451612903225
2000/01/01@15:14:57,25019,3.2255626,11126.322580645161
2000/01/01@15:14:58,25020,3.2259374,11113.193548387097
2000/01/01@15:14:59,25021,3.2263126,11100.064516129032
2000/01/01@15:15:00,25022,3.22575,11086.935483870968
2000/01/01@15:15:01,25023,3.2259374,11073.806451612903
2000/01/01@15:15:02,25024,3.2261252,11060.677419354839
2000/01/01@15:15:03,25025,3.2255626,11047.548387096775
2000/01/01@15:15:04,25026,3.2255626,11034.41935483871
2000/01/01@15:15:05,25027,3.2259374,11021.290322580646
2000/01/01@15:15:06,25028,3.22575,11008.161290322581
2000/01/01@15:15:08,25030,3.2261252,10981.90322580645
2000/01/01@15:15:09,25031,3.2265,10968.774193548386
2000/01/01@15:15:10,25032,3.226688,10955.645161290322
2000/01/01@15:15:11,25033,3.2265,10942.516129032258
2000/01/01@15:15:12,25034,3.2265,10929.387096774193
2000/01/01@15:15:13,25035,3.2255626,10916.258064516129
2000/01/01@15:15:14,25036,3.2265,10903.129032258064
2000/01/01@15:15:15,25037,3.2253752,10890.0
2000/01/01@15:15:16,25038,3.22575,10877.290322580646
2000/01/01@15:15:17,25039,3.22575,10864.58064516129
2000/01/01@15:15:18,25040,3.2265,10851.870967741936
2000/01/01@15:15:20,25042,3.2259374,10826.451612903225
2000/01/01@15:15:21,25043,3.2255626,10813.741935483871
2000/01/01@15:15:22,25044,3.2265,10801.032258064517
2000/01/01@15:15:23,25045,3.2255626,10788.322580645161
2000/01/01@15:15:24,25046,3.2265,10775.612903225807
2000/01/01@15:15:25,25047,3.22575,10762.90322580645
2000/01/01@15:15:26,25048,3.22575,10750.193548387097
2000/01/01@15:15:27,25049,3.2261252,10737.483870967742
2000/01/01@15:15:28,25050,3.2259374,10724.774193548386
2000/01/01@15:15:29,25051,3.2265,10712.064516129032
2000/01/01@15:15:30,25052,3.2259374,10699.354838709678
2000/01/01@15:15:32,25054,3.2261252,10673.935483870968
2000/01/01@15:15:33,25055,3.2259374,10661.225806451614
2000/01/01@15:15:34,25056,3.2255626,10648.516129032258
2000/01/01@15:15:35,25057,3.2265,10635.806451612903
2000/01/01@15:15:36,25058,3.2265,10623.09677419355
2000/01/01@15:15:37,25059,3.2261252,10610.387096774193
2000/01/01@15:15:38,25060,3.2261252,10597.677419354839
2000/01/01@15:15:39,25061,3.2261252,10584.967741935485
2000/01/01@15:15:40,25062,3.22575,10572.258064516129
2000/01/01@15:15:41,25063,3.2265,10559.548387096775
2000/01/01@15:15:42,25064,3.2261252,10546.838709677419
2000/01/01@15:15:44,25066,3.2261252,10521.41935483871
2000/01/01@15:15:45,25067,3.2263126,10508.709677419354
2000/01/01@15:15:46,25068,3.22575,10496.0
2000/01/01@15:15:47,25069,3.2259374,10482.9
2000/01/01@15:15:48,25070,3.2261252,10469.8
2000/01/01@15:15:49,25071,3.22575,10456.7
2000/01/01@15:15:50,25072,3.22575,10443.6
2000/01/01@15:15:51,25073,3.22575,10430.5
2000/01/01@15:15:52,25074,3.2265,10417.4
2000/01/01@15:15:53,25075,3.2255626,10404.3
2000/01/01@15:15:54,25076,3.2265,10391.2
2000/01/01@15:15:56,25078,3.2261252,10365.0
2000/01/01@15:15:57,25079,3.2263126,10351.9
2000/01/01@15:15:58,25080,3.2259374,10338.8
2000/01/01@15:15:59,25081,3.2261252,10325.7
2000/01/01@15:16:00,25082,3.2261252,10312.6
2000/01/01@15:16:01,25083,3.2255626,10299.5
2000/01/01@15:16:02,25084,3.2255626,10286.4
2000/01/01@15:16:03,25085,3.2255626,10273.3
2000/01/01@15:16:04,25086,3.2263126,10260.2
2000/01/01@15:16:05,25087,3.22575,10247.1
2000/01/01@15:16:06,25088,3.22575,10234.0
2000/01/01@15:16:08,25090,3.22575,10207.8
2000/01/01@15:16:09,25091,3.22575,10194.7
2000/01/01@15:16:10,25092,3.2255626,10181.6
2000/01/01@15:16:11,25093,3.2255626,10168.5
2000/01/01@15:16:12,25094,3.2255626,10155.4
2000/01/01@15:16:13,25095,3.2265,10142.3
2000/01/01@15:16:14,25096,3.2259374,10129.2
2000/01/01@15:16:15,25097,3.2263126,10116.1
2000/01/01@15:16:16,25098,3.2259374,10103.0
2000/01/01@15:16:17,25099,3.2253752,10091.354838709678
2000/01/01@15:16:18,25100,3.22575,10079.709677419354
2000/01/01@15:16:20,25102,3.2265,10056.41935483871
2000/01/01@15:16:21,25103,3.2265,10044.774193548386
2000/01/01@15:16:22,25104,3.2259374,10033.129032258064
2000/01/01@15:16:23,25105,3.2255626,10021.483870967742
2000/01/01@15:16:24,25106,3.2255626,10009.838709677419
2000/01/01@15:16:25,25107,3.2265,9998.193548387097
2000/01/01@15:16:26,25108,3.22575,9986.548387096775
2000/01/01@15:16:27,25109,3.2263126,9974.90322580645
2000/01/01@15:16:28,25110,3.22575,9963.258064516129
2000/01/01@15:16:29,25111,3.226688,9951.612903225807
2000/01/01@15:16:30,25112,3.2265,9939.967741935483
2000/01/01@15:16:32,25114,3.2263126,9916.677419354839
2000/01/01@15:16:33,25115,3.2261252,9905.032258064517
2000/01/01@15:16:34,25116,3.2255626,9893.387096774193
2000/01/01@15:16:35,25117,3.2259374,9881.741935483871
2000/01/01@15:16:36,25118,3.22575,9870.09677419355
2000/01/01@15:16:37,25119,3.2253752,9858.451612903225
2000/01/01@15:16:38,25120,3.2261252,9846.806451612903
2000/01/01@15:16:39,25121,3.2255626,9835.161290322581
2000/01/01@15:16:40,25122,3.2255626,9823.516129032258
2000/01/01@15:16:41,25123,3.2253752,9811.870967741936
2000/01/01@15:16:42,25124,3.2265,9800.225806451614
2000/01/01@15:16:44,25126,3.2265,9776.935483870968
2000/01/01@15:16:45,25127,3.22575,9765.290322580646
2000/01/01@15:16:46,25128,3.22575,9753.645161290322
2000/01/01@15:16:47,25129,3.2259374,9742.0
2000/01/01@15:16:48,25130,3.2263126,9730.129032258064
2000/01/01@15:16:49,25131,3.2253752,9718.258064516129
2000/01/01@15:16:50,25132,3.2259374,9706.387096774193
2000/01/01@15:16:51,25133,3.2259374,9694.516129032258
2000/01/01@15:16:52,25134,3.2263126,9682.645161290322
2000/01/01@15:16:53,25135,3.2263126,9670.774193548386
2000/01/01@15:16:54,25136,3.2259374,9658.90322580645
2000/01/01@15:16:56,25138,3.2255626,9635.161290322581
2000/01/01@15:16:57,25139,3.2261252,9623.290322580646
2000/01/01@15:16:58,25140,3.2253752,9611.41935483871
2000/01/01@15:16:59,25141,3.2253752,9599.548387096775
2000/01/01@15:17:00,25142,3.22575,9587.677419354839
2000/01/01@15:17:01,25143,3.2253752,9575.806451612903
2000/01/01@15:17:02,25144,3.2255626,9563.935483870968
2000/01/01@15:17:03,25145,3.2263126,9552.064516129032
2000/01/01@15:17:04,25146,3.2259374,9540.193548387097
2000/01/01@15:17:05,25147,3.2259374,9528.322580645161
2000/01/01@15:17:06,25148,3.22575,9516.451612903225
2000/01/01@15:17:08,25150,3.2255626,9492.709677419354
2000/01/01@15:17:09,25151,3.2263126,9480.838709677419
2000/01/01@15:17:10,25152,3.2253752,9468.967741935483
2000/01/01@15:17:11,25153,3.2255626,9457.09677419355
2000/01/01@15:17:12,25154,3.2259374,9445.225806451614
2000/01/01@15:17:13,25155,3.2263126,9433.354838709678
2000/01/01@15:17:14,25156,3.2263126,9421.483870967742
2000/01/01@15:17:15,25157,3.2261252,9409.612903225807
2000/01/01@15:17:16,25158,3.2259374,9397.741935483871
2000/01/01@15:17:17,25159,3.2261252,9385.870967741936
2000/01/01@15:17:18,25160,3.2259374,9374.0
2000/01/01@15:17:20,25162,3.2255626,9350.709677419354
2000/01/01@15:17:21,25163,3.2255626,9339.064516129032
2000/01/01@15:17:22,25164,3.2263126,9327.41935483871
2000/01/01@15:17:23,25165,3.2263126,9315.774193548386
2000/01/01@15:17:24,25166,3.2265,9304.129032258064
2000/01/01@15:17:25,25167,3.2261252,9292.483870967742
2000/01/01@15:17:26,25168,3.2253752,9280.838709677419
2000/01/01@15:17:27,25169,3.22575,9269.193548387097
2000/01/01@15:17:28,25170,3.2255626,9257.548387096775
2000/01/01@15:17:29,25171,3.2261252,9245.90322580645
2000/01/01@15:17:30,25172,3.2261252,9234.258064516129
2000/01/01@15:17:32,25174,3.2255626,9210.967741935483
2000/01/01@15:17:33,25175,3.2255626,9199.322580645161
2000/01/01@15:17:34,25176,3.2259374,9187.677419354839
2000/01/01@15:17:35,25177,3.2259374,9176.032258064517
2000/01/01@15:17:36,25178,3.22575,9164.387096774193
2000/01/01@15:17:37,25179,3.22575,9152.741935483871
2000/01/01@15:17:38,25180,3.2255626,9141.09677419355
2000/01/01@15:17:39,25181,3.2263126,9129.451612903225
2000/01/01@15:17:40,25182,3.2263126,9117.806451612903
2000/01/01@15:17:41,25183,3.2263126,9106.161290322581
2000/01/01@15:17:42,25184,3.22575,9094.516129032258
2000/01/01@15:17:44,25186,3.2255626,9071.225806451614
2000/01/01@15:17:45,25187,3.2259374,9059.58064516129
2000/01/01@15:17:46,25188,3.2263126,9047.935483870968
2000/01/01@15:17:47,25189,3.2261252,9036.290322580646
2000/01/01@15:17:48,25190,3.2255626,9024.645161290322
2000/01/01@15:17:49,25191,3.2253752,9013.0
2000/01/01@15:17:50,25192,3.2253752,9001.3
2000/01/01@15:17:51,25193,3.2259374,8989.6
2000/01/01@15:17:52,25194,3.2255626,8977.9
2000/01/01@15:17:53,25195,3.2265,8966.2
2000/01/01@15:17:54,25196,3.2259374,8954.5
2000/01/01@15:17:56,25198,3.22575,8931.1
2000/01/01@15:17:57,25199,3.2255626,8919.4
2000/01/01@15:17:58,25200,3.2261252,8907.7
2000/01/01@15:17:59,25201,3.2261252,8896.0
2000/01/01@15:18:00,25202,3.2265,8884.3
2000/01/01@15:18:01,25203,3.226688,8872.6
2000/01/01@15:18:02,25204,3.2259374,8860.9
2000/01/01@15:18:03,25205,3.2263126,8849.2
2000/01/01@15:18:04,25206,3.2259374,8837.5
2000/01/01@15:18:05,25207,3.2253752,8825.8
2000/01/01@15:18:06,25208,3.2263126,8814.1
2000/01/01@15:18:08,25210,3.2259374,8790.7
2000/01/01@15:18:09,25211,3.2255626,8779.0
2000/01/01@15:18:10,25212,3.2255626,8767.3
2000/01/01@15:18:11,25213,3.2263126,8755.6
2000/01/01@15:18:12,25214,3.22575,8743.9
2000/01/01@15:18:13,25215,3.2259374,8732.2
2000/01/01@15:18:14,25216,3.2255626,8720.5
2000/01/01@15:18:15,25217,3.2253752,8708.8
2000/01/01@15:18:16,25218,3.2261252,8697.1
2000/01/01@15:18:17,25219,3.2253752,8685.4
2000/01/01@15:18:18,25220,3.2255626,8673.7
2000/01/01@15:18:20,25222,3.22575,8651.0
2000/01/01@15:18:21,25223,3.2265,8640.0
2000/01/01@15:18:22,25224,3.22575,8629.0
2000/01/01@15:18:23,25225,3.2253752,8618.0
2000/01/01@15:18:24,25226,3.2265,8607.0
2000/01/01@15:18:25,25227,3.2255626,8596.0
2000/01/01@15:18:26,25228,3.22575,8585.0
2000/01/01@15:18:27,25229,3.2263126,8574.0
2000/01/01@15:18:28,25230,3.2259374,8563.0
2000/01/01@15:18:29,25231,3.22575,8552.0
2000/01/01@15:18:30,25232,3.2259374,8541.0
2000/01/01@15:18:32,25234,3.2255626,8519.0
2000/01/01@15:18:33,25235,3.2253752,8508.0
2000/01/01@15:18:34,25236,3.22575,8497.0
2000/01/01@15:18:35,25237,3.22575,8486.0
2000/01/01@15:18:36,25238,3.2265,8475.0
2000/01/01@15:18:37,25239,3.2263126,8464.0
2000/01/01@15:18:38,25240,3.2255626,8453.0
2000/01/01@15:18:39,25241,3.2261252,8442.0
2000/01/01@15:18:40,25242,3.2259374,8431.0
2000/01/01@15:18:41,25243,3.2259374,8420.0
2000/01/01@15:18:42,25244,3.22575,8409.0
2000/01/01@15:18:44,25246,3.2265,8387.0
2000/01/01@15:18:45,25247,3.2263126,8376.0
2000/01/01@15:18:46,25248,3.22575,8365.0
2000/01/01@15:18:47,25249,3.2265,8354.0
2000/01/01@15:18:48,25250,3.22575,8343.0
2000/01/01@15:18:49,25251,3.22575,8332.0
2000/01/01@15:18:50,25252,3.2261252,8321.0
2000/01/01@15:18:51,25253,3.2263126,8310.032258064517
2000/01/01@15:18:52,25254,3.2259374,8299.064516129032
2000/01/01@15:18:53,25255,3.2263126,8288.09677419355
2000/01/01@15:18:54,25256,3.2255626,8277.129032258064
2000/01/01@15:18:56,25258,3.2259374,8255.193548387097
2000/01/01@15:18:57,25259,3.2263126,8244.225806451614
2000/01/01@15:18:58,25260,3.2255626,8233.258064516129
2000/01/01@15:18:59,25261,3.2259374,8222.290322580646
2000/01/01@15:19:00,25262,3.226688,8211.322580645161
2000/01/01@15:19:01,25263,3.22575,8200.354838709678
2000/01/01@15:19:02,25264,3.2265,8189.387096774193
2000/01/01@15:19:03,25265,3.2255626,8178.419354838709
2000/01/01@15:19:04,25266,3.2259374,8167.451612903225
2000/01/01@15:19:05,25267,3.22575,8156.483870967742
2000/01/01@15:19:06,25268,3.2265,8145.5161290322585
2000/01/01@15:19:08,25270,3.2255626,8123.580645161291
2000/01/01@15:19:09,25271,3.22575,8112.612903225807
2000/01/01@15:19:10,25272,3.22575,8101.645161290323
2000/01/01@15:19:11,25273,3.2261252,8090.677419354839
2000/01/01@15:19:12,25274,3.2259374,8079.709677419355
2000/01/01@15:19:13,25275,3.2255626,8068.741935483871
2000/01/01@15:19:14,25276,3.2265,8057.774193548387
2000/01/01@15:19:15,25277,3.2261252,8046.806451612903
2000/01/01@15:19:16,25278,3.2261252,8035.8387096774195
2000/01/01@15:19:17,25279,3.2255626,8024.870967741936
2000/01/01@15:19:18,25280,3.2259374,8013.903225806452
2000/01/01@15:19:20,25282,3.2263126,7991.967741935484
2000/01/01@15:19:21,25283,3.2263126,7981.0
2000/01/01@15:19:22,25284,3.2255626,7970.0
2000/01/01@15:19:23,25285,3.22575,7959.0
2000/01/01@15:19:24,25286,3.2255626,7948.0
2000/01/01@15:19:25,25287,3.22575,7937.0
2000/01/01@15:19:26,25288,3.2255626,7926.0
2000/01/01@15:19:27,25289,3.2255626,7915.0
2000/01/01@15:19:28,25290,3.2263126,7904.0
2000/01/01@15:19:29,25291,3.22575,7893.0
2000/01/01@15:19:30,25292,3.22575,7882.0
2000/01/01@15:19:32,25294,3.2259374,7860.0
2000/01/01@15:19:33,25295,3.2265,7849.0
2000/01/01@15:19:34,25296,3.2255626,7838.0
2000/01/01@15:19:35,25297,3.226688,7827.0
2000/01/01@15:19:36,25298,3.2259374,7816.0
2000/01/01@15:19:37,25299,3.2253752,7805.0
2000/01/01@15:19:38,25300,3.2261252,7794.0
2000/01/01@15:19:39,25301,3.22575,7783.0
2000/01/01@15:19:40,25302,3.2255626,7772.0
2000/01/01@15:19:41,25303,3.2259374,7761.0
2000/01/01@15:19:42,25304,3.22575,7750.0
2000/01/01@15:19:44,25305,3.2265,7728.0
2000/01/01@15:19:45,25307,3.2261252,7717.0
2000/01/01@15:19:46,25308,3.2255626,7706.0
2000/01/01@15:19:47,25309,3.22575,7695.0
2000/01/01@15:19:48,25310,3.2255626,7684.0
2000/01/01@15:19:49,25311,3.22575,7673.0
2000/01/01@15:19:50,25312,3.2261252,7662.0
2000/01/01@15:19:51,25313,3.2253752,7651.0
2000/01/01@15:19:52,25314,3.22575,7640.290322580645
2000/01/01@15:19:53,25315,3.22575,7629.580645161291
2000/01/01@15:19:54,25316,3.2253752,7618.870967741936
2000/01/01@15:19:55,25317,3.2253752,7608.1612903225805
2000/01/01@15:19:57,25319,3.2255626,7586.741935483871
2000/01/01@15:19:58,25320,3.2259374,7576.032258064516
2000/01/01@15:19:59,25321,3.2263126,7565.322580645161
2000/01/01@15:20:00,25322,3.2253752,7554.612903225807
2000/01/01@15:20:01,25323,3.22575,7543.903225806452
2000/01/01@15:20:02,25324,3.2261252,7533.193548387097
2000/01/01@15:20:03,25325,3.2259374,7522.483870967742
2000/01/01@15:20:04,25326,3.2261252,7511.774193548387
2000/01/01@15:20:05,25327,3.2261252,7501.064516129032
2000/01/01@15:20:06,25328,3.2255626,7490.354838709677
2000/01/01@15:20:08,25330,3.2259374,7468.935483870968
2000/01/01@15:20:09,25331,3.2259374,7458.225806451613
2000/01/01@15:20:10,25332,3.2261252,7447.5161290322585
2000/01/01@15:20:11,25333,3.2259374,7436.806451612903
2000/01/01@15:20:12,25334,3.2261252,7426.096774193548
2000/01/01@15:20:13,25335,3.22575,7415.387096774193
2000/01/01@15:20:14,25336,3.2259374,7404.677419354839
2000/01/01@15:20:15,25337,3.2263126,7393.967741935484
2000/01/01@15:20:16,25338,3.2259374,7383.258064516129
2000/01/01@15:20:17,25339,3.2253752,7372.548387096775
2000/01/01@15:20:18,25340,3.2253752,7361.8387096774195
2000/01/01@15:20:20,25342,3.2263126,7340.419354838709
2000/01/01@15:20:21,25343,3.2251876,7329.709677419355
2000/01/01@15:20:22,25344,3.2255626,7319.0
2000/01/01@15:20:23,25345,3.2265,7309.096774193548
2000/01/01@15:20:24,25346,3.2263126,7299.193548387097
2000/01/01@15:20:25,25347,3.2259374,7289.290322580645
2000/01/01@15:20:26,25348,3.2263126,7279.387096774193
2000/01/01@15:20:27,25349,3.2265,7269.4838709677415
2000/01/01@15:20:28,25350,3.2261252,7259.580645161291
2000/01/01@15:20:29,25351,3.2255626,7249.677419354839
2000/01/01@15:20:30,25352,3.22575,7239.774193548387
2000/01/01@15:20:32,25354,3.2255626,7219.967741935484
2000/01/01@15:20:33,25355,3.22575,7210.064516129032
2000/01/01@15:20:34,25356,3.22575,7200.1612903225805
2000/01/01@15:20:35,25357,3.2255626,7190.258064516129
2000/01/01@15:20:36,25358,3.2255626,7180.354838709677
2000/01/01@15:20:37,25359,3.2255626,7170.451612903225
2000/01/01@15:20:38,25360,3.2255626,7160.548387096775
2000/01/01@15:20:39,25361,3.2255626,7150.645161290323
2000/01/01@15:20:40,25362,3.2253752,7140.741935483871
2000/01/01@15:20:41,25363,3.22575,7130.8387096774195
2000/01/01@15:20:42,25364,3.2251876,7120.935483870968
2000/01/01@15:20:44,25366,3.2255626,7101.129032258064
2000/01/01@15:20:45,25367,3.2261252,7091.225806451613
2000/01/01@15:20:46,25368,3.2255626,7081.322580645161
2000/01/01@15:20:47,25369,3.22575,7071.419354838709
2000/01/01@15:20:48,25370,3.2263126,7061.5161290322585
2000/01/01@15:20:49,25371,3.2255626,7051.612903225807
2000/01/01@15:20:50,25372,3.2259374,7041.709677419355
2000/01/01@15:20:51,25373,3.2261252,7031.806451612903
2000/01/01@15:20:52,25374,3.2255626,7021.903225806452
2000/01/01@15:20:53,25375,3.2255626,7012.0
2000/01/01@15:20:54,25376,3.2253752,7001.4838709677415
2000/01/01@15:20:56,25378,3.2253752,6980.451612903225
2000/01/01@15:20:57,25379,3.2255626,6969.935483870968
2000/01/01@15:20:58,25380,3.2261252,6959.419354838709
2000/01/01@15:20:59,25381,3.2263126,6948.903225806452
2000/01/01@15:21:00,25382,3.2261252,6938.387096774193
2000/01/01@15:21:01,25383,3.2251876,6927.870967741936
2000/01/01@15:21:02,25384,3.2255626,6917.354838709677
2000/01/01@15:21:03,25385,3.22575,6906.8387096774195
2000/01/01@15:21:04,25386,3.2255626,6896.322580645161
2000/01/01@15:21:05,25387,3.2255626,6885.806451612903
2000/01/01@15:21:06,25388,3.2261252,6875.290322580645
2000/01/01@15:21:08,25390,3.2265,6854.258064516129
2000/01/01@15:21:09,25391,3.2261252,6843.741935483871
2000/01/01@15:21:10,25392,3.2255626,6833.225806451613
2000/01/01@15:21:11,25393,3.2255626,6822.709677419355
2000/01/01@15:21:12,25394,3.2255626,6812.193548387097
2000/01/01@15:21:13,25395,3.2259374,6801.677419354839
2000/01/01@15:21:14,25396,3.2265,6791.1612903225805
2000/01/01@15:21:15,25397,3.2263126,6780.645161290323
2000/01/01@15:21:16,25398,3.2253752,6770.129032258064
2000/01/01@15:21:17,25399,3.2259374,6759.612903225807
2000/01/01@15:21:18,25400,3.2253752,6749.096774193548
2000/01/01@15:21:20,25402,3.2263126,6728.064516129032
2000/01/01@15:21:21,25403,3.2261252,6717.548387096775
2000/01/01@15:21:22,25404,3.2261252,6707.032258064516
2000/01/01@15:21:23,25405,3.22575,6696.516129032258
2000/01/01@15:21:24,25406,3.2263126,6686.0
2000/01/01@15:21:25,25407,3.2259374,6675.333333333333
2000/01/01@15:21:26,25408,3.2263126,6664.666666666667
2000/01/01@15:21:27,25409,3.2255626,6654.0
2000/01/01@15:21:28,25410,3.2261252,6643.333333333333
2000/01/01@15:21:29,25411,3.22575,6632.666666666667
2000/01/01@15:21:30,25412,3.2255626,6622.0
2000/01/01@15:21:32,25414,3.2255626,6600.666666666667
2000/01/01@15:21:33,25415,3.2251876,6590.0
2000/01/01@15:21:34,25416,3.2253752,6579.333333333333
2000/01/01@15:21:35,25417,3.2253752,6568.666666666667
2000/01/01@15:21:36,25418,3.2255626,6558.0
2000/01/01@15:21:37,25419,3.2253752,6547.333333333333
2000/01/01@15:21:38,25420,3.2253752,6536.666666666667
2000/01/01@15:21:39,25421,3.2255626,6526.0
2000/01/01@15:21:40,25422,3.22575,6515.333333333333
2000/01/01@15:21:41,25423,3.2263126,6504.666666666667
2000/01/01@15:21:42,25424,3.22575,6494.0
2000/01/01@15:21:44,25426,3.2255626,6472.666666666667
2000/01/01@15:21:45,25427,3.2263126,6462.0
2000/01/01@15:21:46,25428,3.2265,6451.333333333333
2000/01/01@15:21:47,25429,3.2263126,6440.666666666667
2000/01/01@15:21:48,25430,3.2261252,6430.0
2000/01/01@15:21:49,25431,3.2255626,6419.333333333333
2000/01/01@15:21:50,25432,3.2261252,6408.666666666667
2000/01/01@15:21:51,25433,3.2255626,6398.0
2000/01/01@15:21:52,25434,3.2265,6387.333333333333
2000/01/01@15:21:53,25435,3.2263126,6376.666666666667
2000/01/01@15:21:54,25436,3.2259374,6366.0
2000/01/01@15:21:56,25437,3.22575,6345.741935483871
2000/01/01@15:21:57,25439,3.2263126,6335.612903225807
2000/01/01@15:21:58,25440,3.2253752,6325.4838709677415
2000/01/01@15:21:59,25441,3.2261252,6315.354838709677
2000/01/01@15:22:00,25442,3.2255626,6305.225806451613
2000/01/01@15:22:01,25443,3.2255626,6295.096774193548
2000/01/01@15:22:02,25444,3.2265,6284.967741935484
2000/01/01@15:22:03,25445,3.2253752,6274.8387096774195
2000/01/01@15:22:04,25446,3.2261252,6264.709677419355
2000/01/01@15:22:05,25447,3.22575,6254.580645161291
2000/01/01@15:22:06,25448,3.2263126,6244.451612903225
2000/01/01@15:22:07,25449,3.2253752,6234.322580645161
2000/01/01@15:22:09,25451,3.22575,6214.064516129032
2000/01/01@15:22:10,25452,3.2253752,6203.935483870968
2000/01/01@15:22:11,25453,3.2253752,6193.806451612903
2000/01/01@15:22:12,25454,3.2255626,6183.677419354839
2000/01/01@15:22:13,25455,3.2255626,6173.548387096775
2000/01/01@15:22:14,25456,3.2255626,6163.419354838709
2000/01/01@15:22:15,25457,3.2253752,6153.290322580645
2000/01/01@15:22:16,25458,3.2253752,6143.1612903225805
2000/01/01@15:22:17,25459,3.2263126,6133.032258064516
2000/01/01@15:22:18,25460,3.2261252,6122.903225806452
2000/01/01@15:22:19,25461,3.2259374,6112.774193548387
2000/01/01@15:22:21,25463,3.2253752,6092.516129032258
2000/01/01@15:22:22,25464,3.2251876,6082.387096774193
2000/01/01@15:22:23,25465,3.2259374,6072.258064516129
2000/01/01@15:22:24,25466,3.2253752,6062.129032258064
2000/01/01@15:22:25,25467,3.22575,6052.0
2000/01/01@15:22:26,25468,3.2261252,6041.935483870968
2000/01/01@15:22:27,25469,3.22575,6031.870967741936
2000/01/01@15:22:28,25470,3.2253752,6021.806451612903
2000/01/01@15:22:29,25471,3.2255626,6011.741935483871
2000/01/01@15:22:30,25472,3.2251876,6001.677419354839
2000/01/01@15:22:32,25473,3.2255626,5981.548387096775
2000/01/01@15:22:33,25475,3.2253752,5971.4838709677415
2000/01/01@15:22:34,25476,3.2253752,5961.419354838709
2000/01/01@15:22:35,25477,3.2261252,5951.354838709677
2000/01/01@15:22:36,25478,3.2253752,5941.290322580645
2000/01/01@15:22:37,25479,3.2261252,5931.225806451613
2000/01/01@15:22:38,25480,3.2255626,5921.1612903225805
2000/01/01@15:22:39,25481,3.2255626,5911.096774193548
2000/01/01@15:22:40,25482,3.2263126,5901.032258064516
2000/01/01@15:22:41,25483,3.2253752,5890.967741935484
2000/01/01@15:22:42,25484,3.2259374,5880.903225806452
2000/01/01@15:22:43,25485,3.2253752,5870.8387096774195
2000/01/01@15:22:45,25487,3.2255626,5850.709677419355
2000/01/01@15:22:46,25488,3.2251876,5840.645161290323
2000/01/01@15:22:47,25489,3.2263126,5830.580645161291
2000/01/01@15:22:48,25490,3.2253752,5820.5161290322585
2000/01/01@15:22:49,25491,3.2263126,5810.451612903225
2000/01/01@15:22:50,25492,3.22575,5800.387096774193
2000/01/01@15:22:51,25493,3.2259374,5790.322580645161
2000/01/01@15:22:52,25494,3.2261252,5780.258064516129
2000/01/01@15:22:53,25495,3.2255626,5770.193548387097
2000/01/01@15:22:54,25496,3.2255626,5760.129032258064
2000/01/01@15:22:55,25497,3.22575,5750.064516129032
2000/01/01@15:22:57,25499,3.2265,5729.580645161291
2000/01/01@15:22:58,25500,3.2255626,5719.1612903225805
2000/01/01@15:22:59,25501,3.2261252,5708.741935483871
2000/01/01@15:23:00,25502,3.22575,5698.322580645161
2000/01/01@15:23:01,25503,3.2265,5687.903225806452
2000/01/01@15:23:02,25504,3.2265,5677.4838709677415
2000/01/01@15:23:03,25505,3.2255626,5667.064516129032
2000/01/01@15:23:04,25506,3.2263126,5656.645161290323
2000/01/01@15:23:05,25507,3.2261252,5646.225806451613
2000/01/01@15:23:06,25508,3.2255626,5635.806451612903
2000/01/01@15:23:07,25509,3.2263126,5625.387096774193
2000/01/01@15:23:09,25511,3.2261252,5604.548387096775
2000/01/01@15:23:10,25512,3.2261252,5594.129032258064
2000/01/01@15:23:11,25513,3.2255626,5583.709677419355
2000/01/01@15:23:12,25514,3.22575,5573.290322580645
2000/01/01@15:23:13,25515,3.2255626,5562.870967741936
2000/01/01@15:23:14,25516,3.2255626,5552.451612903225
2000/01/01@15:23:15,25517,3.2255626,5542.032258064516
2000/01/01@15:23:16,25518,3.2255626,5531.612903225807
2000/01/01@15:23:17,25519,3.22575,5521.193548387097
2000/01/01@15:23:18,25520,3.2253752,5510.774193548387
2000/01/01@15:23:19,25521,3.2255626,5500.354838709677
2000/01/01@15:23:21,25523,3.22575,5479.516129032258
2000/01/01@15:23:22,25524,3.2263126,5469.096774193548
2000/01/01@15:23:23,25525,3.2261252,5458.677419354839
2000/01/01@15:23:24,25526,3.2253752,5448.258064516129
2000/01/01@15:23:25,25527,3.2263126,5437.8387096774195
2000/01/01@15:23:26,25528,3.2261252,5427.419354838709
2000/01/01@15:23:27,25529,3.2253752,5417.0
2000/01/01@15:23:28,25530,3.2253752,5406.266666666666
2000/01/01@15:23:29,25531,3.22575,5395.533333333334
2000/01/01@15:23:30,25532,3.2255626,5384.8
2000/01/01@15:23:31,25533,3.2253752,5374.066666666667
2000/01/01@15:23:33,25535,3.2255626,5352.6
2000/01/01@15:23:34,25536,3.2251876,5341.866666666667
2000/01/01@15:23:35,25537,3.2251876,5331.133333333333
2000/01/01@15:23:36,25538,3.2253752,5320.4
2000/01/01@15:23:37,25539,3.22575,5309.666666666667
2000/01/01@15:23:38,25540,3.2253752,5298.933333333333
2000/01/01@15:23:39,25541,3.2253752,5288.2
2000/01/01@15:23:40,25542,3.2263126,5277.466666666666
2000/01/01@15:23:41,25543,3.2265,5266.733333333334
2000/01/01@15:23:42,25544,3.2253752,5256.0
2000/01/01@15:23:43,25545,3.2263126,5245.266666666666
2000/01/01@15:23:45,25547,3.2251876,5223.8
2000/01/01@15:23:46,25548,3.22575,5213.066666666667
2000/01/01@15:23:47,25549,3.2263126,5202.333333333333
2000/01/01@15:23:48,25550,3.2253752,5191.6
2000/01/01@15:23:49,25551,3.2261252,5180.866666666667
2000/01/01@15:23:50,25552,3.2255626,5170.133333333333
2000/01/01@15:23:51,25553,3.2259374,5159.4
2000/01/01@15:23:52,25554,3.2253752,5148.666666666667
2000/01/01@15:23:53,25555,3.2261252,5137.933333333333
2000/01/01@15:23:54,25556,3.2255626,5127.2
2000/01/01@15:23:55,25557,3.2259374,5116.466666666667
2000/01/01@15:23:57,25559,3.2251876,5095.0
2000/01/01@15:23:58,25560,3.2253752,5084.709677419355
2000/01/01@15:23:59,25561,3.2263126,5074.419354838709
2000/01/01@15:24:00,25562,3.22575,5064.129032258064
2000/01/01@15:24:01,25563,3.2253752,5053.8387096774195
2000/01/01@15:24:02,25564,3.2259374,5043.548387096775
2000/01/01@15:24:03,25565,3.2253752,5033.258064516129
2000/01/01@15:24:04,25566,3.2263126,5022.967741935484
2000/01/01@15:24:05,25567,3.2261252,5012.677419354839
2000/01/01@15:24:06,25568,3.2253752,5002.387096774193
2000/01/01@15:24:07,25569,3.2259374,4992.096774193548
2000/01/01@15:24:08,25570,3.2259374,4981.806451612903
2000/01/01@15:24:10,25572,3.2253752,4961.225806451613
2000/01/01@15:24:11,25573,3.2251876,4950.935483870968
2000/01/01@15:24:12,25574,3.2261252,4940.645161290323
2000/01/01@15:24:13,25575,3.2253752,4930.354838709677
2000/01/01@15:24:14,25576,3.2259374,4920.064516129032
2000/01/01@15:24:15,25577,3.2261252,4909.774193548387
2000/01/01@15:24:16,25578,3.2253752,4899.4838709677415
2000/01/01@15:24:17,25579,3.2255626,4889.193548387097
2000/01/01@15:24:18,25580,3.2255626,4878.903225806452
2000/01/01@15:24:19,25581,3.2253752,4868.612903225807
2000/01/01@15:24:21,25583,3.2255626,4848.032258064516
2000/01/01@15:24:22,25584,3.2251876,4837.741935483871
2000/01/01@15:24:23,25585,3.2253752,4827.451612903225
2000/01/01@15:24:24,25586,3.2255626,4817.1612903225805
2000/01/01@15:24:25,25587,3.2253752,4806.870967741936
2000/01/01@15:24:26,25588,3.2251876,4796.580645161291
2000/01/01@15:24:27,25589,3.2255626,4786.290322580645
2000/01/01@15:24:28,25590,3.2259374,4776.0
2000/01/01@15:24:29,25591,3.2261252,4766.225806451613
2000/01/01@15:24:30,25592,3.22575,4756.451612903225
2000/01/01@15:24:31,25593,3.2259374,4746.677419354839
2000/01/01@15:24:33,25595,3.2261252,4727.129032258064
2000/01/01@15:24:34,25596,3.2255626,4717.354838709677
2000/01/01@15:24:35,25597,3.2251876,4707.580645161291
2000/01/01@15:24:36,25598,3.2263126,4697.806451612903
2000/01/01@15:24:37,25599,3.2253752,4688.032258064516
2000/01/01@15:24:38,25600,3.22575,4678.258064516129
2000/01/01@15:24:39,25601,3.2255626,4668.483870967742
2000/01/01@15:24:40,25602,3.2255626,4658.709677419355
2000/01/01@15:24:41,25603,3.2259374,4648.935483870968
2000/01/01@15:24:42,25604,3.2253752,4639.1612903225805
2000/01/01@15:24:43,25605,3.2251876,4629.387096774193
2000/01/01@15:24:45,25607,3.2259374,4609.8387096774195
2000/01/01@15:24:46,25608,3.2251876,4600.064516129032
2000/01/01@15:24:47,25609,3.2255626,4590.290322580645
2000/01/01@15:24:48,25610,3.2253752,4580.5161290322585
2000/01/01@15:24:49,25611,3.22575,4570.741935483871
2000/01/01@15:24:50,25612,3.2261252,4560.967741935484
2000/01/01@15:24:51,25613,3.2251876,4551.193548387097
2000/01/01@15:24:52,25614,3.2255626,4541.419354838709
2000/01/01@15:24:53,25615,3.2261252,4531.645161290323
2000/01/01@15:24:54,25616,3.22575,4521.870967741936
2000/01/01@15:24:55,25617,3.2261252,4512.096774193548
2000/01/01@15:24:57,25619,3.2261252,4492.548387096775
2000/01/01@15:24:58,25620,3.2253752,4482.774193548387
2000/01/01@15:24:59,25621,3.2251876,4473.0
2000/01/01@15:25:00,25622,3.2253752,4462.870967741936
2000/01/01@15:25:01,25623,3.2259374,4452.741935483871
2000/01/01@15:25:02,25624,3.2259374,4442.612903225807
2000/01/01@15:25:03,25625,3.2253752,4432.4838709677415
2000/01/01@15:25:04,25626,3.2253752,4422.354838709677
2000/01/01@15:25:05,25627,3.2253752,4412.225806451613
2000/01/01@15:25:06,25628,3.2261252,4402.096774193548
2000/01/01@15:25:07,25629,3.2261252,4391.967741935484
2000/01/01@15:25:09,25631,3.2261252,4371.709677419355
2000/01/01@15:25:10,25632,3.2259374,4361.580645161291
2000/01/01@15:25:11,25633,3.2259374,4351.451612903225
2000/01/01@15:25:12,25634,3.2253752,4341.322580645161
2000/01/01@15:25:13,25635,3.2253752,4331.193548387097
2000/01/01@15:25:14,25636,3.2263126,4321.064516129032
2000/01/01@15:25:15,25637,3.22575,4310.935483870968
2000/01/01@15:25:16,25638,3.2261252,4300.806451612903
2000/01/01@15:25:17,25639,3.2261252,4290.677419354839
2000/01/01@15:25:18,25640,3.22575,4280.548387096775
2000/01/01@15:25:19,25641,3.2255626,4270.419354838709
2000/01/01@15:25:21,25643,3.2255626,4250.1612903225805
2000/01/01@15:25:22,25644,3.2255626,4240.032258064516
2000/01/01@15:25:23,25645,3.2261252,4229.903225806452
2000/01/01@15:25:24,25646,3.2253752,4219.774193548387
2000/01/01@15:25:25,25647,3.22575,4209.645161290323
2000/01/01@15:25:26,25648,3.2261252,4199.516129032258
2000/01/01@15:25:27,25649,3.2261252,4189.387096774193
2000/01/01@15:25:28,25650,3.2253752,4179.258064516129
2000/01/01@15:25:29,25651,3.2259374,4169.129032258064
2000/01/01@15:25:30,25652,3.2259374,4159.0
2000/01/01@15:25:31,25653,3.2255626,4149.096774193548
2000/01/01@15:25:33,25655,3.2251876,4129.290322580645
2000/01/01@15:25:34,25656,3.2261252,4119.387096774193
2000/01/01@15:25:35,25657,3.2251876,4109.4838709677415
2000/01/01@15:25:36,25658,3.2259374,4099.580645161291
2000/01/01@15:25:37,25659,3.2253752,4089.6774193548385
2000/01/01@15:25:38,25660,3.2255626,4079.7741935483873
2000/01/01@15:25:39,25661,3.2261252,4069.8709677419356
2000/01/01@15:25:40,25662,3.2253752,4059.967741935484
2000/01/01@15:25:41,25663,3.2251876,4050.064516129032
2000/01/01@15:25:42,25664,3.2253752,4040.1612903225805
2000/01/01@15:25:43,25665,3.22575,4030.2580645161293
2000/01/01@15:25:45,25667,3.2253752,4010.451612903226
2000/01/01@15:25:46,25668,3.2251876,4000.548387096774
2000/01/01@15:25:47,25669,3.2253752,3990.6451612903224
2000/01/01@15:25:48,25670,3.2253752,3980.741935483871
2000/01/01@15:25:49,25671,3.22575,3970.8387096774195
2000/01/01@15:25:50,25672,3.22575,3960.935483870968
2000/01/01@15:25:51,25673,3.2253752,3951.032258064516
2000/01/01@15:25:52,25674,3.2251876,3941.1290322580644
2000/01/01@15:25:53,25675,3.2261252,3931.2258064516127
2000/01/01@15:25:54,25676,3.2255626,3921.3225806451615
2000/01/01@15:25:55,25677,3.2259374,3911.4193548387098
2000/01/01@15:25:57,25679,3.22575,3891.6129032258063
2000/01/01@15:25:58,25680,3.2255626,3881.709677419355
2000/01/01@15:25:59,25681,3.2259374,3871.8064516129034
2000/01/01@15:26:00,25682,3.2253752,3861.9032258064517
2000/01/01@15:26:01,25683,3.2253752,3852.0
2000/01/01@15:26:02,25684,3.2253752,3842.6065573770493
2000/01/01@15:26:03,25685,3.2253752,3833.2131147540986
2000/01/01@15:26:04,25686,3.2253752,3823.8196721311474
2000/01/01@15:26:05,25687,3.2253752,3814.4262295081967
2000/01/01@15:26:06,25688,3.2263126,3805.032786885246
2000/01/01@15:26:07,25689,3.22575,3795.6393442622953
2000/01/01@15:26:09,25691,3.2253752,3776.8524590163934
2000/01/01@15:26:10,25692,3.2253752,3767.4590163934427
2000/01/01@15:26:11,25693,3.2259374,3758.065573770492
2000/01/01@15:26:12,25694,3.2251876,3748.6721311475408
2000/01/01@15:26:13,25695,3.2251876,3739.27868852459
2000/01/01@15:26:14,25696,3.2253752,3729.8852459016393
2000/01/01@15:26:15,25697,3.2255626,3720.4918032786886
2000/01/01@15:26:16,25698,3.2251876,3711.098360655738
2000/01/01@15:26:17,25699,3.2250002,3701.7049180327867
2000/01/01@15:26:18,25700,3.2251876,3692.311475409836
2000/01/01@15:26:19,25701,3.22575,3682.9180327868853
2000/01/01@15:26:21,25703,3.2259374,3664.1311475409834
2000/01/01@15:26:22,25704,3.2253752,3654.7377049180327
2000/01/01@15:26:23,25705,3.2255626,3645.344262295082
2000/01/01@15:26:24,25706,3.2255626,3635.9508196721313
2000/01/01@15:26:25,25707,3.22575,3626.55737704918
2000/01/01@15:26:26,25708,3.2255626,3617.1639344262294
2000/01/01@15:26:27,25709,3.2261252,3607.7704918032787
2000/01/01@15:26:28,25710,3.22575,3598.377049180328
2000/01/01@15:26:29,25711,3.2251876,3588.9836065573772
2000/01/01@15:26:30,25712,3.2255626,3579.590163934426
2000/01/01@15:26:31,25713,3.2259374,3570.1967213114754
2000/01/01@15:26:33,25715,3.2255626,3551.409836065574
2000/01/01@15:26:34,25716,3.2255626,3542.0163934426228
2000/01/01@15:26:35,25717,3.2255626,3532.622950819672
2000/01/01@15:26:36,25718,3.2253752,3523.2295081967213
2000/01/01@15:26:37,25719,3.2255626,3513.8360655737706
2000/01/01@15:26:38,25720,3.2261252,3504.44262295082
2000/01/01@15:26:39,25721,3.2251876,3495.0491803278687
2000/01/01@15:26:40,25722,3.2253752,3485.655737704918
2000/01/01@15:26:41,25723,3.2251876,3476.2622950819673
2000/01/01@15:26:42,25724,3.2253752,3466.868852459016
2000/01/01@15:26:43,25725,3.2261252,3457.4754098360654
2000/01/01@15:26:45,25727,3.2250002,3438.688524590164
2000/01/01@15:26:46,25728,3.2253752,3429.2950819672133
2000/01/01@15:26:47,25729,3.2253752,3419.901639344262
2000/01/01@15:26:48,25730,3.2253752,3410.5081967213114
2000/01/01@15:26:49,25731,3.2253752,3401.1147540983607
2000/01/01@15:26:50,25732,3.2253752,3391.72131147541
2000/01/01@15:26:51,25733,3.2253752,3382.327868852459
2000/01/01@15:26:52,25734,3.2253752,3372.934426229508
2000/01/01@15:26:53,25735,3.2261252,3363.5409836065573
2000/01/01@15:26:54,25736,3.2261252,3354.1475409836066
2000/01/01@15:26:56,25737,3.2251876,3335.3606557377047
2000/01/01@15:26:57,25739,3.2253752,3325.967213114754
2000/01/01@15:26:58,25740,3.22575,3316.5737704918033
2000/01/01@15:26:59,25741,3.2259374,3307.1803278688526
2000/01/01@15:27:00,25742,3.2255626,3297.7868852459014
2000/01/01@15:27:01,25743,3.2253752,3288.3934426229507
2000/01/01@15:27:02,25744,3.2253752,3279.0
2000/01/01@15:27:03,25745,3.2255626,3269.5
2000/01/01@15:27:04,25746,3.2251876,3260.0
2000/01/01@15:27:05,25747,3.2251876,3250.5
2000/01/01@15:27:06,25748,3.2259374,3241.0
2000/01/01@15:27:08,25750,3.2251876,3222.0
2000/01/01@15:27:09,25751,3.2261252,3212.5
2000/01/01@15:27:10,25752,3.2251876,3203.0
2000/01/01@15:27:11,25753,3.2253752,3193.5
2000/01/01@15:27:12,25754,3.2261252,3184.0
2000/01/01@15:27:13,25755,3.2259374,3174.5
2000/01/01@15:27:14,25756,3.2251876,3165.0
2000/01/01@15:27:15,25757,3.2253752,3155.5
2000/01/01@15:27:16,25758,3.2253752,3146.0
2000/01/01@15:27:17,25759,3.2250002,3136.5
2000/01/01@15:27:18,25760,3.22575,3127.0
2000/01/01@15:27:20,25762,3.2250002,3108.0
2000/01/01@15:27:21,25763,3.2259374,3098.5
2000/01/01@15:27:22,25764,3.2251876,3089.0
2000/01/01@15:27:23,25765,3.2251876,3079.5
2000/01/01@15:27:24,25766,3.2261252,3070.0
2000/01/01@15:27:25,25767,3.2251876,3060.5
2000/01/01@15:27:26,25768,3.2259374,3051.0
2000/01/01@15:27:27,25769,3.2251876,3041.5
2000/01/01@15:27:28,25770,3.2251876,3032.0
2000/01/01@15:27:29,25771,3.22575,3022.5
2000/01/01@15:27:30,25772,3.2255626,3013.0
2000/01/01@15:27:32,25774,3.2255626,2994.0
2000/01/01@15:27:33,25775,3.2251876,2985.0967741935483
2000/01/01@15:27:34,25776,3.2251876,2976.1935483870966
2000/01/01@15:27:35,25777,3.2259374,2967.2903225806454
2000/01/01@15:27:36,25778,3.22575,2958.3870967741937
2000/01/01@15:27:37,25779,3.2251876,2949.483870967742
2000/01/01@15:27:38,25780,3.2255626,2940.5806451612902
2000/01/01@15:27:39,25781,3.22575,2931.6774193548385
2000/01/01@15:27:40,25782,3.2250002,2922.7741935483873
2000/01/01@15:27:41,25783,3.2261252,2913.8709677419356
2000/01/01@15:27:42,25784,3.2251876,2904.967741935484
2000/01/01@15:27:44,25786,3.22575,2887.1612903225805
2000/01/01@15:27:45,25787,3.2261252,2878.2580645161293
2000/01/01@15:27:46,25788,3.2251876,2869.3548387096776
2000/01/01@15:27:47,25789,3.2255626,2860.451612903226
2000/01/01@15:27:48,25790,3.2255626,2851.548387096774
2000/01/01@15:27:49,25791,3.2251876,2842.6451612903224
2000/01/01@15:27:50,25792,3.2251876,2833.741935483871
2000/01/01@15:27:51,25793,3.2251876,2824.8387096774195
2000/01/01@15:27:52,25794,3.2259374,2815.935483870968
2000/01/01@15:27:53,25795,3.2251876,2807.032258064516
2000/01/01@15:27:54,25796,3.2251876,2798.1290322580644
2000/01/01@15:27:56,25798,3.2250002,2780.3225806451615
2000/01/01@15:27:57,25799,3.2261252,2771.4193548387098
2000/01/01@15:27:58,25800,3.2251876,2762.516129032258
2000/01/01@15:27:59,25801,3.2255626,2753.6129032258063
2000/01/01@15:28:00,25802,3.2255626,2744.709677419355
2000/01/01@15:28:01,25803,3.2259374,2735.8064516129034
2000/01/01@15:28:02,25804,3.22575,2726.9032258064517
2000/01/01@15:28:03,25805,3.2251876,2718.0
2000/01/01@15:28:04,25806,3.2250002,2709.6129032258063
2000/01/01@15:28:05,25807,3.2261252,2701.2258064516127
2000/01/01@15:28:06,25808,3.2251876,2692.8387096774195
2000/01/01@15:28:08,25810,3.2259374,2676.064516129032
2000/01/01@15:28:09,25811,3.2259374,2667.6774193548385
2000/01/01@15:28:10,25812,3.2255626,2659.2903225806454
2000/01/01@15:28:11,25813,3.22575,2650.9032258064517
2000/01/01@15:28:12,25814,3.2255626,2642.516129032258
2000/01/01@15:28:13,25815,3.2261252,2634.1290322580644
2000/01/01@15:28:14,25816,3.2259374,2625.741935483871
2000/01/01@15:28:15,25817,3.2250002,2617.3548387096776
2000/01/01@15:28:16,25818,3.22575,2608.967741935484
2000/01/01@15:28:17,25819,3.22575,2600.5806451612902
2000/01/01@15:28:18,25820,3.2250002,2592.1935483870966
2000/01/01@15:28:20,25822,3.2255626,2575.4193548387098
2000/01/01@15:28:21,25823,3.2250002,2567.032258064516
2000/01/01@15:28:22,25824,3.2251876,2558.6451612903224
2000/01/01@15:28:23,25825,3.2251876,2550.258064516129
2000/01/01@15:28:24,25826,3.2259374,2541.8709677419356
2000/01/01@15:28:25,25827,3.22575,2533.483870967742
2000/01/01@15:28:26,25828,3.2251876,2525.0967741935483
2000/01/01@15:28:27,25829,3.22575,2516.7096774193546
2000/01/01@15:28:28,25830,3.2259374,2508.3225806451615
2000/01/01@15:28:29,25831,3.2253752,2499.935483870968
2000/01/01@15:28:30,25832,3.2250002,2491.548387096774
2000/01/01@15:28:32,25834,3.2251876,2474.7741935483873
2000/01/01@15:28:33,25835,3.2255626,2466.3870967741937
2000/01/01@15:28:34,25836,3.2259374,2458.0
2000/01/01@15:28:35,25837,3.2259374,2448.8
2000/01/01@15:28:36,25838,3.2251876,2439.6
2000/01/01@15:28:37,25839,3.2253752,2430.4
2000/01/01@15:28:38,25840,3.2255626,2421.2
2000/01/01@15:28:39,25841,3.2255626,2412.0
2000/01/01@15:28:40,25842,3.2250002,2402.8
2000/01/01@15:28:41,25843,3.2251876,2393.6
2000/01/01@15:28:42,25844,3.2255626,2384.4
2000/01/01@15:28:44,25846,3.22575,2366.0
2000/01/01@15:28:45,25847,3.22575,2356.8
2000/01/01@15:28:46,25848,3.2251876,2347.6
2000/01/01@15:28:47,25849,3.22575,2338.4
2000/01/01@15:28:48,25850,3.2251876,2329.2
2000/01/01@15:28:49,25851,3.2250002,2320.0
2000/01/01@15:28:50,25852,3.2251876,2310.8
2000/01/01@15:28:51,25853,3.2255626,2301.6
2000/01/01@15:28:52,25854,3.22575,2292.4
2000/01/01@15:28:53,25855,3.2251876,2283.2
2000/01/01@15:28:54,25856,3.2255626,2274.0
2000/01/01@15:28:56,25858,3.2253752,2255.6
2000/01/01@15:28:57,25859,3.2251876,2246.4
2000/01/01@15:28:58,25860,3.2253752,2237.2
2000/01/01@15:28:59,25861,3.2251876,2228.0
2000/01/01@15:29:00,25862,3.2253752,2218.8
2000/01/01@15:29:01,25863,3.2250002,2209.6
2000/01/01@15:29:02,25864,3.22575,2200.4
2000/01/01@15:29:03,25865,3.2259374,2191.2
2000/01/01@15:29:04,25866,3.2255626,2182.0
2000/01/01@15:29:05,25867,3.2261252,2172.6451612903224
2000/01/01@15:29:06,25868,3.22575,2163.2903225806454
2000/01/01@15:29:08,25870,3.2259374,2144.5806451612902
2000/01/01@15:29:09,25871,3.2251876,2135.2258064516127
2000/01/01@15:29:10,25872,3.2259374,2125.8709677419356
2000/01/01@15:29:11,25873,3.2253752,2116.516129032258
2000/01/01@15:29:12,25874,3.2259374,2107.1612903225805
2000/01/01@15:29:13,25875,3.2253752,2097.8064516129034
2000/01/01@15:29:14,25876,3.2253752,2088.451612903226
2000/01/01@15:29:15,25877,3.2261252,2079.0967741935483
2000/01/01@15:29:16,25878,3.2253752,2069.7419354838707
2000/01/01@15:29:17,25879,3.2259374,2060.3870967741937
2000/01/01@15:29:18,25880,3.2253752,2051.032258064516
2000/01/01@15:29:20,25882,3.22575,2032.3225806451612
2000/01/01@15:29:21,25883,3.2255626,2022.967741935484
2000/01/01@15:29:22,25884,3.2250002,2013.6129032258063
2000/01/01@15:29:23,25885,3.2251876,2004.258064516129
2000/01/01@15:29:24,25886,3.2255626,1994.9032258064517
2000/01/01@15:29:25,25887,3.2251876,1985.5483870967741
2000/01/01@15:29:26,25888,3.2259374,1976.1935483870968
2000/01/01@15:29:27,25889,3.2259374,1966.8387096774193
2000/01/01@15:29:28,25890,3.2250002,1957.483870967742
2000/01/01@15:29:29,25891,3.2248128,1948.1290322580644
2000/01/01@15:29:30,25892,3.2253752,1938.774193548387
2000/01/01@15:29:32,25894,3.2250002,1920.0645161290322
2000/01/01@15:29:33,25895,3.2259374,1910.7096774193549
2000/01/01@15:29:34,25896,3.2251876,1901.3548387096773
2000/01/01@15:29:35,25897,3.2250002,1892.0
2000/01/01@15:29:36,25898,3.2259374,1883.1290322580646
2000/01/01@15:29:37,25899,3.2251876,1874.258064516129
2000/01/01@15:29:38,25900,3.2251876,1865.3870967741937
2000/01/01@15:29:39,25901,3.2253752,1856.516129032258
2000/01/01@15:29:40,25902,3.22575,1847.6451612903227
2000/01/01@15:29:41,25903,3.22575,1838.774193548387
2000/01/01@15:29:42,25904,3.2248128,1829.9032258064517
2000/01/01@15:29:44,25906,3.2248128,1812.1612903225807
2000/01/01@15:29:45,25907,3.2250002,1803.2903225806451
2000/01/01@15:29:46,25908,3.22575,1794.4193548387098
2000/01/01@15:29:47,25909,3.2259374,1785.5483870967741
2000/01/01@15:29:48,25910,3.2251876,1776.6774193548388
2000/01/01@15:29:49,25911,3.2259374,1767.8064516129032
2000/01/01@15:29:50,25912,3.2251876,1758.9354838709678
2000/01/01@15:29:51,25913,3.2253752,1750.0645161290322
2000/01/01@15:29:52,25914,3.2255626,1741.1935483870968
2000/01/01@15:29:53,25915,3.2255626,1732.3225806451612
2000/01/01@15:29:54,25916,3.22575,1723.4516129032259
2000/01/01@15:29:56,25918,3.22575,1705.7096774193549
2000/01/01@15:29:57,25919,3.2259374,1696.8387096774193
2000/01/01@15:29:58,25920,3.2251876,1687.967741935484
2000/01/01@15:29:59,25921,3.22575,1679.0967741935483
2000/01/01@15:30:00,25922,3.2253752,1670.225806451613
2000/01/01@15:30:01,25923,3.2251876,1661.3548387096773
2000/01/01@15:30:02,25924,3.22575,1652.483870967742
2000/01/01@15:30:03,25925,3.2255626,1643.6129032258063
2000/01/01@15:30:04,25926,3.2255626,1634.741935483871
2000/01/01@15:30:05,25927,3.2250002,1625.8709677419356
2000/01/01@15:30:06,25928,3.22575,1617.0
2000/01/01@15:30:08,25930,3.2253752,1597.7333333333333
2000/01/01@15:30:09,25931,3.2253752,1588.1
2000/01/01@15:30:10,25932,3.2255626,1578.4666666666667
2000/01/01@15:30:11,25933,3.2253752,1568.8333333333333
2000/01/01@15:30:12,25934,3.2251876,1559.2
2000/01/01@15:30:13,25935,3.2259374,1549.5666666666666
2000/01/01@15:30:14,25936,3.22575,1539.9333333333334
2000/01/01@15:30:15,25937,3.2253752,1530.3
2000/01/01@15:30:16,25938,3.2253752,1520.6666666666667
2000/01/01@15:30:17,25939,3.22575,1511.0333333333333
2000/01/01@15:30:18,25940,3.2259374,1501.4
2000/01/01@15:30:20,25942,3.22575,1482.1333333333332
2000/01/01@15:30:21,25943,3.2259374,1472.5
2000/01/01@15:30:22,25944,3.2255626,1462.8666666666668
2000/01/01@15:30:23,25945,3.2250002,1453.2333333333333
2000/01/01@15:30:24,25946,3.2251876,1443.6
2000/01/01@15:30:25,25947,3.2255626,1433.9666666666667
2000/01/01@15:30:26,25948,3.2255626,1424.3333333333333
2000/01/01@15:30:27,25949,3.2251876,1414.7
2000/01/01@15:30:28,25950,3.2251876,1405.0666666666666
2000/01/01@15:30:29,25951,3.22575,1395.4333333333334
2000/01/01@15:30:30,25952,3.2250002,1385.8
2000/01/01@15:30:32,25954,3.2253752,1366.5333333333333
2000/01/01@15:30:33,25955,3.2253752,1356.9
2000/01/01@15:30:34,25956,3.2255626,1347.2666666666667
2000/01/01@15:30:35,25957,3.2255626,1337.6333333333332
2000/01/01@15:30:36,25958,3.22575,1328.0
2000/01/01@15:30:37,25959,3.2250002,1319.6129032258063
2000/01/01@15:30:38,25960,3.2253752,1311.225806451613
2000/01/01@15:30:39,25961,3.2250002,1302.8387096774193
2000/01/01@15:30:40,25962,3.2253752,1294.4516129032259
2000/01/01@15:30:41,25963,3.22575,1286.0645161290322
2000/01/01@15:30:42,25964,3.2250002,1277.6774193548388
2000/01/01@15:30:44,25966,3.2250002,1260.9032258064517
2000/01/01@15:30:45,25967,3.2253752,1252.516129032258
2000/01/01@15:30:46,25968,3.22575,1244.1290322580644
2000/01/01@15:30:47,25969,3.2251876,1235.741935483871
2000/01/01@15:30:48,25970,3.2250002,1227.3548387096773
2000/01/01@15:30:49,25971,3.2251876,1218.967741935484
2000/01/01@15:30:50,25972,3.2253752,1210.5806451612902
2000/01/01@15:30:51,25973,3.2255626,1202.1935483870968
2000/01/01@15:30:52,25974,3.2251876,1193.8064516129032
2000/01/01@15:30:53,25975,3.2251876,1185.4193548387098
2000/01/01@15:30:55,25976,3.2251876,1168.6451612903227
2000/01/01@15:30:56,25978,3.2259374,1160.258064516129
2000/01/01@15:30:57,25979,3.2253752,1151.8709677419356
2000/01/01@15:30:58,25980,3.22575,1143.483870967742
2000/01/01@15:30:59,25981,3.2255626,1135.0967741935483
2000/01/01@15:31:00,25982,3.22575,1126.7096774193549
2000/01/01@15:31:01,25983,3.22575,1118.3225806451612
2000/01/01@15:31:02,25984,3.2255626,1109.9354838709678
2000/01/01@15:31:03,25985,3.2253752,1101.5483870967741
2000/01/01@15:31:04,25986,3.2259374,1093.1612903225807
2000/01/01@15:31:05,25987,3.22575,1084.774193548387
2000/01/01@15:31:07,25989,3.2251876,1068.0
2000/01/01@15:31:08,25990,3.2259374,1059.6129032258063
2000/01/01@15:31:09,25991,3.2259374,1051.225806451613
2000/01/01@15:31:10,25992,3.2255626,1042.8387096774195
2000/01/01@15:31:11,25993,3.2253752,1034.4516129032259
2000/01/01@15:31:12,25994,3.2255626,1026.0645161290322
2000/01/01@15:31:13,25995,3.2255626,1017.6774193548388
2000/01/01@15:31:14,25996,3.2251876,1009.2903225806451
2000/01/01@15:31:15,25997,3.2251876,1000.9032258064517
2000/01/01@15:31:16,25998,3.2253752,992.516129032258
2000/01/01@15:31:17,25999,3.2261252,984.1290322580645
2000/01/01@15:31:19,26001,3.2253752,967.3548387096774
2000/01/01@15:31:20,26002,3.2253752,958.9677419354839
2000/01/01@15:31:21,26003,3.2250002,950.5806451612904
2000/01/01@15:31:22,26004,3.2250002,942.1935483870968
2000/01/01@15:31:23,26005,3.2251876,933.8064516129032
2000/01/01@15:31:24,26006,3.2259374,925.4193548387098
2000/01/01@15:31:25,26007,3.22575,917.0322580645161
2000/01/01@15:31:26,26008,3.22575,908.6451612903227
2000/01/01@15:31:27,26009,3.2253752,900.258064516129
2000/01/01@15:31:28,26010,3.2259374,891.8709677419355
2000/01/01@15:31:29,26011,3.2259374,883.483870967742
2000/01/01@15:31:31,26013,3.2248128,866.7096774193549
2000/01/01@15:31:32,26014,3.2255626,858.3225806451613
2000/01/01@15:31:33,26015,3.2251876,849.9354838709678
2000/01/01@15:31:34,26016,3.2259374,841.5483870967741
2000/01/01@15:31:35,26017,3.2261252,833.1612903225807
2000/01/01@15:31:36,26018,3.2261252,824.7741935483871
2000/01/01@15:31:37,26019,3.2253752,816.3870967741937
2000/01/01@15:31:38,26020,3.2251876,808.0
2000/01/01@15:31:39,26021,3.2250002,800.483870967742
2000/01/01@15:31:40,26022,3.2253752,792.9677419354839
2000/01/01@15:31:41,26023,3.2253752,785.4516129032259
2000/01/01@15:31:43,26025,3.2259374,770.4193548387096
2000/01/01@15:31:44,26026,3.2253752,762.9032258064516
2000/01/01@15:31:45,26027,3.2251876,755.3870967741935
2000/01/01@15:31:46,26028,3.22575,747.8709677419355
2000/01/01@15:31:47,26029,3.2250002,740.3548387096774
2000/01/01@15:31:48,26030,3.2253752,732.8387096774194
2000/01/01@15:31:49,26031,3.2253752,725.3225806451612
2000/01/01@15:31:50,26032,3.2250002,717.8064516129032
2000/01/01@15:31:51,26033,3.2250002,710.2903225806451
2000/01/01@15:31:52,26034,3.2255626,702.7741935483871
2000/01/01@15:31:53,26035,3.2253752,695.258064516129
2000/01/01@15:31:55,26037,3.2253752,680.2258064516129
2000/01/01@15:31:56,26038,3.22575,672.7096774193549
2000/01/01@15:31:57,26039,3.2259374,665.1935483870968
2000/01/01@15:31:58,26040,3.2259374,657.6774193548387
2000/01/01@15:31:59,26041,3.2250002,650.1612903225806
2000/01/01@15:32:00,26042,3.22575,642.6451612903226
2000/01/01@15:32:01,26043,3.2259374,635.1290322580645
2000/01/01@15:32:02,26044,3.2259374,627.6129032258065
2000/01/01@15:32:03,26045,3.2250002,620.0967741935484
2000/01/01@15:32:04,26046,3.2251876,612.5806451612902
2000/01/01@15:32:05,26047,3.2259374,605.0645161290322
2000/01/01@15:32:07,26049,3.2251876,590.0322580645161
2000/01/01@15:32:08,26050,3.2259374,582.516129032258
2000/01/01@15:32:09,26051,3.2261252,575.0
