datetime,elapsed_s,humidity_percent,Elevation_m
2026/08/01@14:11:42,8,41.19173,21312.870967741936
2026/08/01@14:11:43,9,40.816356,21316.129032258064
2026/08/01@14:11:44,10,40.44709,21319.387096774193
2026/08/01@14:11:45,11,40.163272,21322.645161290322
2026/08/01@14:11:46,12,40.12665,21325.90322580645
2026/08/01@14:11:47,13,40.09308,21329.16129032258
2026/08/01@14:11:48,14,40.05188,21332.41935483871
2026/08/01@14:11:50,16,39.93286,21338.935483870966
2026/08/01@14:11:51,17,39.83215,21342.1935483871
2026/08/01@14:11:52,18,39.60784,21345.451612903227
2026/08/01@14:11:53,19,39.36217,21348.709677419356
2026/08/01@14:11:54,20,39.13329,21351.967741935485
2026/08/01@14:11:55,21,38.840312,21355.225806451614
2026/08/01@14:11:56,22,38.7762268,21358.483870967742
2026/08/01@14:11:57,23,38.90898,21361.74193548387
2026/08/01@14:11:58,24,39.04631,21365.0
2026/08/01@14:11:59,25,39.215688,21368.451612903227
2026/08/01@14:12:01,27,39.27062,21375.354838709678
2026/08/01@14:12:02,28,39.380484,21378.8064516129
2026/08/01@14:12:03,29,39.417108,21382.25806451613
2026/08/01@14:12:04,30,39.406424,21385.709677419356
2026/08/01@14:12:05,31,39.499504,21389.16129032258
2026/08/01@14:12:06,32,39.557488,21392.612903225807
2026/08/01@14:12:07,33,39.5819,21396.064516129034
2026/08/01@14:12:08,34,39.6231,21399.516129032258
2026/08/01@14:12:09,35,39.67651,21402.967741935485
2026/08/01@14:12:10,36,39.636836,21406.41935483871
2026/08/01@14:12:12,37,39.57122,21413.322580645163
2026/08/01@14:12:13,39,39.57122,21416.774193548386
2026/08/01@14:12:14,40,39.4934,21420.225806451614
2026/08/01@14:12:15,41,39.398796,21423.677419354837
2026/08/01@14:12:16,42,39.319448,21427.129032258064
2026/08/01@14:12:17,43,39.30724,21430.58064516129
2026/08/01@14:12:18,44,39.269092,21434.032258064515
2026/08/01@14:12:19,45,39.27062,21437.483870967742
2026/08/01@14:12:20,46,39.21416,21440.935483870966
2026/08/01@14:12:21,47,39.15923,21444.387096774193
2026/08/01@14:12:22,48,39.12871,21447.83870967742
2026/08/01@14:12:24,50,39.131764,21454.74193548387
2026/08/01@14:12:25,51,39.032576,21458.1935483871
2026/08/01@14:12:26,52,39.040208,21461.645161290322
2026/08/01@14:12:27,53,39.050888,21465.09677419355
2026/08/01@14:12:28,54,39.050888,21468.548387096773
2026/08/01@14:12:29,55,39.028,21472.0
2026/08/01@14:12:30,56,38.99901,21475.466666666667
2026/08/01@14:12:31,57,38.904404,21478.933333333334
2026/08/01@14:12:32,58,38.794536,21482.4
2026/08/01@14:12:33,59,38.623636,21485.866666666665
2026/08/01@14:12:35,61,38.541236,21492.8
2026/08/01@14:12:36,62,38.515296,21496.266666666666
2026/08/01@14:12:37,63,38.519876,21499.733333333334
2026/08/01@14:12:38,64,38.426796,21503.2
2026/08/01@14:12:39,65,38.45121,21506.666666666668
2026/08/01@14:12:40,66,38.39628,21510.133333333335
2026/08/01@14:12:41,67,38.318456,21513.6
2026/08/01@14:12:42,68,38.321508,21517.066666666666
2026/08/01@14:12:43,69,38.144504,21520.533333333333
2026/08/01@14:12:44,70,37.90036,21524.0
2026/08/01@14:12:46,72,37.727932,21530.933333333334
2026/08/01@14:12:47,73,37.552452,21534.4
2026/08/01@14:12:48,74,37.392236,21537.866666666665
2026/08/01@14:12:49,75,37.152668,21541.333333333332
2026/08/01@14:12:50,76,37.111464,21544.8
2026/08/01@14:12:51,77,37.25948,21548.266666666666
2026/08/01@14:12:52,78,37.392236,21551.733333333334
2026/08/01@14:12:53,79,37.540244,21555.2
2026/08/01@14:12:54,80,37.650112,21558.666666666668
2026/08/01@14:12:55,81,37.819484,21562.133333333335
2026/08/01@14:12:57,83,37.92935,21569.066666666666
2026/08/01@14:12:58,84,37.984284,21572.533333333333
2026/08/01@14:12:59,85,38.09262,21576.0
2026/08/01@14:13:00,86,38.1033032,21579.129032258064
2026/08/01@14:13:01,87,38.17197,21582.25806451613
2026/08/01@14:13:02,88,38.158236,21585.387096774193
2026/08/01@14:13:03,89,38.188756,21588.516129032258
2026/08/01@14:13:04,90,38.175024,21591.645161290322
2026/08/01@14:13:05,91,38.188756,21594.774193548386
2026/08/01@14:13:06,92,38.10788,21597.90322580645
2026/08/01@14:13:08,93,38.080412,21604.16129032258
2026/08/01@14:13:09,95,38.10788,21607.290322580644
2026/08/01@14:13:10,96,38.094148,21610.41935483871
2026/08/01@14:13:11,97,38.057524,21613.548387096773
2026/08/01@14:13:12,98,38.0285336,21616.677419354837
2026/08/01@14:13:13,99,38.06668,21619.8064516129
2026/08/01@14:13:14,100,38.057524,21622.935483870966
2026/08/01@14:13:15,101,37.961396,21626.064516129034
2026/08/01@14:13:16,102,37.964448,21629.1935483871
2026/08/01@14:13:17,103,37.961396,21632.322580645163
2026/08/01@14:13:18,104,37.97513,21635.451612903227
2026/08/01@14:13:20,106,37.88205,21641.709677419356
2026/08/01@14:13:21,107,37.860684,21644.83870967742
2026/08/01@14:13:22,108,37.859156,21647.967741935485
2026/08/01@14:13:23,109,37.82864,21651.09677419355
2026/08/01@14:13:24,110,37.80575,21654.225806451614
2026/08/01@14:13:25,111,37.79202,21657.354838709678
2026/08/01@14:13:26,112,37.819484,21660.483870967742
2026/08/01@14:13:27,113,37.77676,21663.612903225807
2026/08/01@14:13:28,114,37.790492,21666.74193548387
2026/08/01@14:13:29,115,37.79202,21669.870967741936
2026/08/01@14:13:31,117,37.767604,21676.0
2026/08/01@14:13:32,118,37.808804,21679.0
2026/08/01@14:13:33,119,37.83169,21682.0
2026/08/01@14:13:34,120,37.874416,21685.0
2026/08/01@14:13:35,121,37.833216,21688.0
2026/08/01@14:13:36,122,37.9018836,21691.0
2026/08/01@14:13:37,123,37.877472,21694.0
2026/08/01@14:13:38,124,37.888152,21697.0
2026/08/01@14:13:39,125,37.91867,21700.0
2026/08/01@14:13:40,126,37.92935,21703.0
2026/08/01@14:13:42,128,37.91867,21709.0
2026/08/01@14:13:43,129,37.91867,21712.0
2026/08/01@14:13:44,130,37.94156,21715.0
2026/08/01@14:13:45,131,37.91867,21718.0
2026/08/01@14:13:46,132,37.860684,21721.0
2026/08/01@14:13:47,133,37.808804,21724.0
2026/08/01@14:13:48,134,37.79965,21727.0
2026/08/01@14:13:49,135,37.83627,21730.0
2026/08/01@14:13:50,136,37.796596,21733.0
2026/08/01@14:13:51,137,37.83627,21736.0
2026/08/01@14:13:52,138,37.856104,21739.0
2026/08/01@14:13:54,140,37.86526,21745.0
2026/08/01@14:13:55,141,37.827116,21748.0
2026/08/01@14:13:56,142,37.7035168,21751.0
2026/08/01@14:13:57,143,37.543296,21754.0
2026/08/01@14:13:58,144,37.436484,21757.0
2026/08/01@14:13:59,145,37.396812,21760.0
2026/08/01@14:14:00,146,37.305256,21763.0
2026/08/01@14:14:01,147,37.34493,21765.870967741936
2026/08/01@14:14:02,148,37.27779,21768.74193548387
2026/08/01@14:14:03,149,37.212176,21771.612903225807
2026/08/01@14:14:05,151,37.143512,21777.354838709678
2026/08/01@14:14:06,152,37.11757,21780.225806451614
2026/08/01@14:14:07,153,37.12062,21783.09677419355
2026/08/01@14:14:08,154,37.14504,21785.967741935485
2026/08/01@14:14:09,155,37.212176,21788.83870967742
2026/08/01@14:14:10,156,37.26711,21791.709677419356
2026/08/01@14:14:11,157,37.28084,21794.58064516129
2026/08/01@14:14:12,158,37.253376,21797.451612903227
2026/08/01@14:14:13,159,37.387656,21800.322580645163
2026/08/01@14:14:14,160,37.483788,21803.1935483871
2026/08/01@14:14:16,162,37.561608,21808.935483870966
2026/08/01@14:14:17,163,37.576868,21811.8064516129
2026/08/01@14:14:18,164,37.563132,21814.677419354837
2026/08/01@14:14:19,165,37.547876,21817.548387096773
2026/08/01@14:14:20,166,37.535668,21820.41935483871
2026/08/01@14:14:21,167,37.44259,21823.290322580644
2026/08/01@14:14:22,168,37.40139,21826.16129032258
2026/08/01@14:14:23,169,37.24422,21829.032258064515
2026/08/01@14:14:24,170,37.135884,21831.90322580645
2026/08/01@14:14:25,171,37.0534816,21834.774193548386
2026/08/01@14:14:27,173,36.934464,21840.516129032258
2026/08/01@14:14:28,174,36.896316,21843.387096774193
2026/08/01@14:14:29,175,36.82765,21846.25806451613
2026/08/01@14:14:30,176,36.824596,21849.129032258064
2026/08/01@14:14:31,177,36.84138,21852.0
2026/08/01@14:14:32,178,36.868848,21855.064516129034
2026/08/01@14:14:33,179,36.937516,21858.129032258064
2026/08/01@14:14:34,180,36.92073,21861.1935483871
2026/08/01@14:14:35,181,37.044328,21864.25806451613
2026/08/01@14:14:36,182,37.111464,21867.322580645163
2026/08/01@14:14:38,184,37.14046,21873.451612903227
2026/08/01@14:14:39,185,37.16335,21876.516129032258
2026/08/01@14:14:40,186,37.1770832,21879.58064516129
2026/08/01@14:14:41,187,37.232012,21882.645161290322
2026/08/01@14:14:42,188,37.230488,21885.709677419356
2026/08/01@14:14:43,189,37.180132,21888.774193548386
2026/08/01@14:14:44,190,37.138936,21891.83870967742
2026/08/01@14:14:45,191,37.193868,21894.90322580645
2026/08/01@14:14:46,192,37.1664,21897.967741935485
2026/08/01@14:14:47,193,37.125204,21901.032258064515
2026/08/01@14:14:49,194,37.152668,21907.16129032258
2026/08/01@14:14:50,196,37.111464,21910.225806451614
2026/08/01@14:14:51,197,37.154192,21913.290322580644
2026/08/01@14:14:52,198,37.143512,21916.354838709678
2026/08/01@14:14:53,199,37.2076,21919.41935483871
2026/08/01@14:14:54,200,37.235064,21922.483870967742
2026/08/01@14:14:55,201,37.250324,21925.548387096773
2026/08/01@14:14:56,202,37.276264,21928.612903225807
2026/08/01@14:14:57,203,37.31441,21931.677419354837
2026/08/01@14:14:58,204,37.31899,21934.74193548387
2026/08/01@14:14:59,205,37.31441,21937.8064516129
2026/08/01@14:15:01,207,37.33272,21943.935483870966
2026/08/01@14:15:02,208,37.30373,21947.0
2026/08/01@14:15:03,209,37.291524,21950.333333333332
2026/08/01@14:15:04,210,37.253376,21953.666666666668
2026/08/01@14:15:05,211,37.264056,21957.0
2026/08/01@14:15:06,212,37.294576,21960.333333333332
2026/08/01@14:15:07,213,37.212176,21963.666666666668
2026/08/01@14:15:08,214,37.18471,21967.0
2026/08/01@14:15:09,215,37.186236,21970.333333333332
2026/08/01@14:15:10,216,37.195392,21973.666666666668
2026/08/01@14:15:12,218,37.19997,21980.333333333332
2026/08/01@14:15:13,219,37.239644,21983.666666666668
2026/08/01@14:15:14,220,37.30373,21987.0
2026/08/01@14:15:15,221,37.34493,21990.333333333332
2026/08/01@14:15:16,222,37.317464,21993.666666666668
2026/08/01@14:15:17,223,37.33272,21997.0
2026/08/01@14:15:18,224,37.19997,22000.333333333332
2026/08/01@14:15:19,225,37.11757,22003.666666666668
2026/08/01@14:15:20,226,37.03517,22007.0
2026/08/01@14:15:21,227,37.090104,22010.333333333332
2026/08/01@14:15:23,229,37.03517,22017.0
2026/08/01@14:15:24,230,36.99855,22020.333333333332
2026/08/01@14:15:25,231,36.99855,22023.666666666668
2026/08/01@14:15:26,232,36.99855,22027.0
2026/08/01@14:15:27,233,37.07637,22030.333333333332
2026/08/01@14:15:28,234,37.0794216,22033.666666666668
2026/08/01@14:15:29,235,37.051956,22037.0
2026/08/01@14:15:30,236,37.0794216,22040.333333333332
2026/08/01@14:15:31,237,37.062636,22043.666666666668
2026/08/01@14:15:32,238,36.960404,22047.0
2026/08/01@14:15:33,239,36.929884,22050.032258064515
2026/08/01@14:15:35,241,36.852064,22056.09677419355
2026/08/01@14:15:36,242,36.83833,22059.129032258064
2026/08/01@14:15:37,243,36.772716,22062.16129032258
2026/08/01@14:15:38,244,36.731516,22065.1935483871
2026/08/01@14:15:39,245,36.7422,22068.225806451614
2026/08/01@14:15:40,246,36.783396,22071.25806451613
2026/08/01@14:15:41,247,36.83833,22074.290322580644
2026/08/01@14:15:42,248,36.87953,22077.322580645163
2026/08/01@14:15:43,249,36.929884,22080.354838709678
2026/08/01@14:15:44,250,36.932936,22083.387096774193
2026/08/01@14:15:46,252,36.96193,22089.451612903227
2026/08/01@14:15:47,253,36.932936,22092.483870967742
2026/08/01@14:15:48,254,36.974136,22095.516129032258
2026/08/01@14:15:49,255,36.98787,22098.548387096773
2026/08/01@14:15:50,256,37.0428,22101.58064516129
2026/08/01@14:15:51,257,37.056532,22104.612903225807
2026/08/01@14:15:52,258,37.108412,22107.645161290322
2026/08/01@14:15:53,259,37.122148,22110.677419354837
2026/08/01@14:15:54,260,37.149616,22113.709677419356
2026/08/01@14:15:55,261,37.097732,22116.74193548387
2026/08/01@14:15:57,263,37.111464,22122.8064516129
2026/08/01@14:15:58,264,37.1770832,22125.83870967742
2026/08/01@14:15:59,265,37.16335,22128.870967741936
2026/08/01@14:16:00,266,37.18929,22131.90322580645
2026/08/01@14:16:01,267,37.232012,22134.935483870966
2026/08/01@14:16:02,268,37.271688,22137.967741935485
2026/08/01@14:16:03,269,37.299152,22141.0
2026/08/01@14:16:04,270,37.245748,22144.366666666665
2026/08/01@14:16:05,271,37.271688,22147.733333333334
2026/08/01@14:16:06,272,37.245748,22151.1
2026/08/01@14:16:08,274,37.204548,22157.833333333332
2026/08/01@14:16:09,275,37.1664,22161.2
2026/08/01@14:16:10,276,37.193868,22164.566666666666
2026/08/01@14:16:11,277,37.190816,22167.933333333334
2026/08/01@14:16:12,278,37.14046,22171.3
2026/08/01@14:16:13,279,37.180132,22174.666666666668
2026/08/01@14:16:14,280,37.157244,22178.033333333333
2026/08/01@14:16:15,281,37.071792,22181.4
2026/08/01@14:16:16,282,37.10231,22184.766666666666
2026/08/01@14:16:17,283,37.10231,22188.133333333335
2026/08/01@14:16:18,284,37.074844,22191.5
2026/08/01@14:16:20,286,37.11757,22198.233333333334
2026/08/01@14:16:21,287,37.154192,22201.6
2026/08/01@14:16:22,288,37.157244,22204.966666666667
2026/08/01@14:16:23,289,37.167928,22208.333333333332
2026/08/01@14:16:24,290,37.180132,22211.7
2026/08/01@14:16:25,291,37.167928,22215.066666666666
2026/08/01@14:16:26,292,37.18471,22218.433333333334
2026/08/01@14:16:27,293,37.143512,22221.8
2026/08/01@14:16:28,294,37.103836,22225.166666666668
2026/08/01@14:16:29,295,37.074844,22228.533333333333
2026/08/01@14:16:31,297,37.048904,22235.266666666666
2026/08/01@14:16:32,298,36.98329,22238.633333333335
2026/08/01@14:16:33,299,37.012284,22242.0
2026/08/01@14:16:34,300,36.997024,22245.483870967742
2026/08/01@14:16:35,301,36.997024,22248.967741935485
2026/08/01@14:16:36,302,36.955824,22252.451612903227
2026/08/01@14:16:37,303,36.984816,22255.935483870966
2026/08/01@14:16:38,304,36.929884,22259.41935483871
2026/08/01@14:16:39,305,36.888688,22262.90322580645
2026/08/01@14:16:40,306,36.888688,22266.387096774193
2026/08/01@14:16:42,308,36.795604,22273.354838709678
2026/08/01@14:16:43,309,36.795604,22276.83870967742
2026/08/01@14:16:44,310,36.810864,22280.322580645163
2026/08/01@14:16:45,311,36.7422,22283.8064516129
2026/08/01@14:16:46,312,36.7544068,22287.290322580644
2026/08/01@14:16:47,313,36.717784,22290.774193548386
2026/08/01@14:16:48,314,36.740672,22294.25806451613
2026/08/01@14:16:49,315,36.662852,22297.74193548387
2026/08/01@14:16:50,316,36.676588,22301.225806451614
2026/08/01@14:16:51,317,36.66438,22304.709677419356
2026/08/01@14:16:53,319,36.701,22311.677419354837
2026/08/01@14:16:54,320,36.650648,22315.16129032258
2026/08/01@14:16:55,321,36.69032,22318.645161290322
2026/08/01@14:16:56,322,36.69032,22322.129032258064
2026/08/01@14:16:57,323,36.69032,22325.612903225807
2026/08/01@14:16:58,324,36.650648,22329.09677419355
2026/08/01@14:16:59,325,36.60029,22332.58064516129
2026/08/01@14:17:00,326,36.5041568,22336.064516129034
2026/08/01@14:17:01,327,36.502632,22339.548387096773
2026/08/01@14:17:02,328,36.369876,22343.032258064515
2026/08/01@14:17:04,330,36.394296,22350.0
2026/08/01@14:17:05,331,36.356144,22353.733333333334
2026/08/01@14:17:06,332,36.30274,22357.466666666667
2026/08/01@14:17:07,333,36.292056,22361.2
2026/08/01@14:17:08,334,36.278324,22364.933333333334
2026/08/01@14:17:09,335,36.26154,22368.666666666668
2026/08/01@14:17:10,336,36.30274,22372.4
2026/08/01@14:17:11,337,36.23865,22376.133333333335
2026/08/01@14:17:12,338,36.275272,22379.866666666665
2026/08/01@14:17:13,339,36.292056,22383.6
2026/08/01@14:17:14,340,36.356144,22387.333333333332
2026/08/01@14:17:16,342,36.394296,22394.8
2026/08/01@14:17:17,343,36.394296,22398.533333333333
2026/08/01@14:17:18,344,36.438544,22402.266666666666
2026/08/01@14:17:19,345,36.449228,22406.0
2026/08/01@14:17:20,346,36.46296,22409.733333333334
2026/08/01@14:17:21,347,36.46601,22413.466666666667
2026/08/01@14:17:22,348,36.449228,22417.2
2026/08/01@14:17:23,349,36.39277,22420.933333333334
2026/08/01@14:17:24,350,36.39277,22424.666666666668
2026/08/01@14:17:25,351,36.314944,22428.4
2026/08/01@14:17:27,353,36.356144,22435.866666666665
2026/08/01@14:17:28,354,36.330204,22439.6
2026/08/01@14:17:29,355,36.351568,22443.333333333332
2026/08/01@14:17:30,356,36.353092,22447.066666666666
2026/08/01@14:17:31,357,36.34241,22450.8
2026/08/01@14:17:32,358,36.356144,22454.533333333333
2026/08/01@14:17:33,359,36.435492,22458.266666666666
2026/08/01@14:17:34,360,36.38056,22462.0
2026/08/01@14:17:35,361,36.44007,22465.41935483871
2026/08/01@14:17:36,362,36.42176,22468.83870967742
2026/08/01@14:17:38,364,36.438544,22475.677419354837
2026/08/01@14:17:39,365,36.41108,22479.09677419355
2026/08/01@14:17:40,366,36.408028,22482.516129032258
2026/08/01@14:17:41,367,36.369876,22485.935483870966
2026/08/01@14:17:42,368,36.42176,22489.354838709678
2026/08/01@14:17:43,369,36.32868,22492.774193548386
2026/08/01@14:17:44,370,36.366824,22496.1935483871
2026/08/01@14:17:45,371,36.301212,22499.612903225807
2026/08/01@14:17:46,372,36.32868,22503.032258064515
2026/08/01@14:17:47,373,36.275272,22506.451612903227
2026/08/01@14:17:49,375,36.292056,22513.290322580644
2026/08/01@14:17:50,376,36.301212,22516.709677419356
2026/08/01@14:17:51,377,36.30274,22520.129032258064
2026/08/01@14:17:52,378,36.275272,22523.548387096773
2026/08/01@14:17:53,379,36.34241,22526.967741935485
2026/08/01@14:17:54,380,36.275272,22530.387096774193
2026/08/01@14:17:55,381,36.301212,22533.8064516129
2026/08/01@14:17:56,382,36.247808,22537.225806451614
2026/08/01@14:17:57,383,36.223392,22540.645161290322
2026/08/01@14:17:58,384,36.20966,22544.064516129034
2026/08/01@14:17:59,385,36.237124,22547.483870967742
2026/08/01@14:18:01,387,36.16846,22554.322580645163
2026/08/01@14:18:02,388,36.11505,22557.74193548387
2026/08/01@14:18:03,389,36.151676,22561.16129032258
2026/08/01@14:18:04,390,36.14252,22564.58064516129
2026/08/01@14:18:05,391,36.099792,22568.0
2026/08/01@14:18:06,392,36.01892,22571.1935483871
2026/08/01@14:18:07,393,35.96704,22574.387096774193
2026/08/01@14:18:08,394,35.898376,22577.58064516129
2026/08/01@14:18:09,395,35.8312352,22580.774193548386
2026/08/01@14:18:10,396,35.8175,22583.967741935485
2026/08/01@14:18:12,398,35.80377,22590.354838709678
2026/08/01@14:18:13,399,35.753416,22593.548387096773
2026/08/01@14:18:14,400,35.73968,22596.74193548387
2026/08/01@14:18:15,401,35.753416,22599.935483870966
2026/08/01@14:18:16,402,35.7564668,22603.129032258064
2026/08/01@14:18:17,403,35.701536,22606.322580645163
2026/08/01@14:18:18,404,35.701536,22609.516129032258
2026/08/01@14:18:19,405,35.7564668,22612.709677419356
2026/08/01@14:18:20,406,35.7564668,22615.90322580645
2026/08/01@14:18:21,407,35.767148,22619.09677419355
2026/08/01@14:18:23,409,35.82208,22625.483870967742
2026/08/01@14:18:24,410,35.83581,22628.677419354837
2026/08/01@14:18:25,411,35.8587,22631.870967741936
2026/08/01@14:18:26,412,35.83581,22635.064516129034
2026/08/01@14:18:27,413,35.863276,22638.25806451613
2026/08/01@14:18:28,414,35.852596,22641.451612903227
2026/08/01@14:18:29,415,35.82208,22644.645161290322
2026/08/01@14:18:30,416,35.79919,22647.83870967742
2026/08/01@14:18:31,417,35.852596,22651.032258064515
2026/08/01@14:18:32,418,35.7564668,22654.225806451614
2026/08/01@14:18:34,420,35.79919,22660.612903225807
2026/08/01@14:18:35,421,35.74731,22663.8064516129
2026/08/01@14:18:36,422,35.811396,22667.0
2026/08/01@14:18:37,423,35.785456,22670.466666666667
2026/08/01@14:18:38,424,35.854124,22673.933333333334
2026/08/01@14:18:39,425,35.8800668,22677.4
2026/08/01@14:18:40,426,35.854124,22680.866666666665
2026/08/01@14:18:41,427,35.86633,22684.333333333332
2026/08/01@14:18:42,428,35.84344,22687.8
2026/08/01@14:18:43,429,35.78851,22691.266666666666
2026/08/01@14:18:44,430,35.774776,22694.733333333334
2026/08/01@14:18:46,432,35.693904,22701.666666666668
2026/08/01@14:18:47,433,35.66644,22705.133333333335
2026/08/01@14:18:48,434,35.65118,22708.6
2026/08/01@14:18:49,435,35.515372,22712.066666666666
2026/08/01@14:18:50,436,35.5062168,22715.533333333333
2026/08/01@14:18:51,437,35.518424,22719.0
2026/08/01@14:18:52,438,35.532156,22722.466666666667
2026/08/01@14:18:53,439,35.49096,22725.933333333334
2026/08/01@14:18:54,440,35.451288,22729.4
2026/08/01@14:18:55,441,35.396356,22732.866666666665
2026/08/01@14:18:57,443,35.3048,22739.8
2026/08/01@14:18:58,444,35.291064,22743.266666666666
2026/08/01@14:18:59,445,35.291064,22746.733333333334
2026/08/01@14:19:00,446,35.3307384,22750.2
2026/08/01@14:19:01,447,35.368884,22753.666666666668
2026/08/01@14:19:02,448,35.437552,22757.133333333335
2026/08/01@14:19:03,449,35.474176,22760.6
2026/08/01@14:19:04,450,35.49096,22764.066666666666
2026/08/01@14:19:05,451,35.34447,22767.533333333333
2026/08/01@14:19:06,452,35.291064,22771.0
2026/08/01@14:19:08,454,35.28954,22777.451612903227
2026/08/01@14:19:09,455,35.3048,22780.677419354837
2026/08/01@14:19:10,456,35.332264,22783.90322580645
2026/08/01@14:19:11,457,35.345996,22787.129032258064
2026/08/01@14:19:12,458,35.321584,22790.354838709678
2026/08/01@14:19:13,459,35.277332,22793.58064516129
2026/08/01@14:19:14,460,35.21172,22796.8064516129
2026/08/01@14:19:15,461,35.294116,22800.032258064515
2026/08/01@14:19:16,462,35.345996,22803.25806451613
2026/08/01@14:19:17,463,35.39025,22806.483870967742
2026/08/01@14:19:19,465,35.399408,22812.935483870966
2026/08/01@14:19:20,466,35.481804,22816.16129032258
2026/08/01@14:19:21,467,35.547416,22819.387096774193
2026/08/01@14:19:22,468,35.536736,22822.612903225807
2026/08/01@14:19:23,469,35.588616,22825.83870967742
2026/08/01@14:19:24,470,35.64355,22829.064516129034
2026/08/01@14:19:25,471,35.547416,22832.290322580644
2026/08/01@14:19:26,472,35.455864,22835.516129032258
2026/08/01@14:19:27,473,35.373464,22838.74193548387
2026/08/01@14:19:28,474,35.34905,22841.967741935485
2026/08/01@14:19:29,475,35.445184,22845.1935483871
2026/08/01@14:19:31,477,35.48333,22851.645161290322
2026/08/01@14:19:32,478,35.500116,22854.870967741936
2026/08/01@14:19:33,479,35.536736,22858.09677419355
2026/08/01@14:19:34,480,35.6069236,22861.322580645163
2026/08/01@14:19:35,481,35.63287,22864.548387096773
2026/08/01@14:19:36,482,35.6878,22867.774193548386
2026/08/01@14:19:37,483,35.767148,22871.0
2026/08/01@14:19:38,484,35.67407,22874.266666666666
2026/08/01@14:19:39,485,35.591668,22877.533333333333
2026/08/01@14:19:40,486,35.63287,22880.8
2026/08/01@14:19:42,488,35.67407,22887.333333333332
2026/08/01@14:19:43,489,35.742732,22890.6
2026/08/01@14:19:44,490,35.82208,22893.866666666665
2026/08/01@14:19:45,491,35.838864,22897.133333333335
2026/08/01@14:19:46,492,35.90753,22900.4
2026/08/01@14:19:47,493,35.957884,22903.666666666668
2026/08/01@14:19:48,494,35.999084,22906.933333333334
2026/08/01@14:19:49,495,36.012816,22910.2
2026/08/01@14:19:50,496,36.040284,22913.466666666667
2026/08/01@14:19:51,497,36.064696,22916.733333333334
2026/08/01@14:19:53,499,36.105896,22923.266666666666
2026/08/01@14:19:54,500,36.07843,22926.533333333333
2026/08/01@14:19:55,501,36.064696,22929.8
2026/08/01@14:19:56,502,36.105896,22933.066666666666
2026/08/01@14:19:57,503,36.0814816,22936.333333333332
2026/08/01@14:19:58,504,35.986876,22939.6
2026/08/01@14:19:59,505,36.00061,22942.866666666665
2026/08/01@14:20:00,506,36.04181,22946.133333333335
2026/08/01@14:20:01,507,36.0555432,22949.4
2026/08/01@14:20:02,508,36.0814816,22952.666666666668
2026/08/01@14:20:04,510,36.04181,22959.2
2026/08/01@14:20:05,511,36.017396,22962.466666666667
2026/08/01@14:20:06,512,35.96399,22965.733333333334
2026/08/01@14:20:07,513,35.84039,22969.0
2026/08/01@14:20:08,514,35.761044,22972.25806451613
2026/08/01@14:20:09,515,35.706112,22975.516129032258
2026/08/01@14:20:10,516,35.628292,22978.774193548386
2026/08/01@14:20:11,517,35.559624,22982.032258064515
2026/08/01@14:20:12,518,35.600824,22985.290322580644
2026/08/01@14:20:13,519,35.532156,22988.548387096773
2026/08/01@14:20:15,521,35.56115,22995.064516129034
2026/08/01@14:20:16,522,35.614556,22998.322580645163
2026/08/01@14:20:17,523,35.652708,23001.58064516129
2026/08/01@14:20:18,524,35.6298168,23004.83870967742
2026/08/01@14:20:19,525,35.652708,23008.09677419355
2026/08/01@14:20:20,526,35.61608,23011.354838709678
2026/08/01@14:20:21,527,35.61608,23014.612903225807
2026/08/01@14:20:22,528,35.58709,23017.870967741936
2026/08/01@14:20:23,529,35.652708,23021.129032258064
2026/08/01@14:20:24,530,35.61608,23024.387096774193
2026/08/01@14:20:25,531,35.614556,23027.645161290322
2026/08/01@14:20:27,533,35.74731,23034.16129032258
2026/08/01@14:20:28,534,35.776304,23037.41935483871
2026/08/01@14:20:29,535,35.76562,23040.677419354837
2026/08/01@14:20:30,536,35.78851,23043.935483870966
2026/08/01@14:20:31,537,35.779356,23047.1935483871
2026/08/01@14:20:32,538,35.779356,23050.451612903227
2026/08/01@14:20:33,539,35.78851,23053.709677419356
2026/08/01@14:20:34,540,35.72595,23056.967741935485
2026/08/01@14:20:35,541,35.66949,23060.225806451614
2026/08/01@14:20:36,542,35.6298168,23063.483870967742
2026/08/01@14:20:38,544,35.6054,23070.0
2026/08/01@14:20:39,545,35.591668,23073.1935483871
2026/08/01@14:20:40,546,35.58709,23076.387096774193
2026/08/01@14:20:41,547,35.536736,23079.58064516129
2026/08/01@14:20:42,548,35.50927,23082.774193548386
2026/08/01@14:20:43,549,35.52453,23085.967741935485
2026/08/01@14:20:44,550,35.495536,23089.16129032258
2026/08/01@14:20:45,551,35.455864,23092.354838709678
2026/08/01@14:20:46,552,35.458916,23095.548387096773
2026/08/01@14:20:47,553,35.52758,23098.74193548387
2026/08/01@14:20:49,555,35.510796,23105.129032258064
2026/08/01@14:20:50,556,35.43145,23108.322580645163
2026/08/01@14:20:51,557,35.403984,23111.516129032258
2026/08/01@14:20:52,558,35.294116,23114.709677419356
2026/08/01@14:20:53,559,35.27123,23117.90322580645
2026/08/01@14:20:54,560,35.1751,23121.09677419355
2026/08/01@14:20:55,561,35.092696,23124.290322580644
2026/08/01@14:20:56,562,35.08049,23127.483870967742
2026/08/01@14:20:57,563,34.970628,23130.677419354837
2026/08/01@14:20:58,564,35.001144,23133.870967741936
2026/08/01@14:21:00,566,34.998092,23140.25806451613
2026/08/01@14:21:01,567,35.001144,23143.451612903227
2026/08/01@14:21:02,568,35.066756,23146.645161290322
2026/08/01@14:21:03,569,35.0515,23149.83870967742
2026/08/01@14:21:04,570,35.078964,23153.032258064515
2026/08/01@14:21:05,571,35.042344,23156.225806451614
2026/08/01@14:21:06,572,35.0515,23159.41935483871
2026/08/01@14:21:07,573,35.03929,23162.612903225807
2026/08/01@14:21:08,574,35.037764,23165.8064516129
2026/08/01@14:21:09,575,35.03929,23169.0
2026/08/01@14:21:10,576,35.0515,23172.5
2026/08/01@14:21:12,578,35.078964,23179.5
2026/08/01@14:21:13,579,35.066756,23183.0
2026/08/01@14:21:14,580,34.98436,23186.5
2026/08/01@14:21:15,581,34.97368,23190.0
2026/08/01@14:21:16,582,34.87755,23193.5
2026/08/01@14:21:17,583,34.85008,23197.0
2026/08/01@14:21:18,584,34.836344,23200.5
2026/08/01@14:21:19,585,34.795148,23204.0
2026/08/01@14:21:20,586,34.80888,23207.5
2026/08/01@14:21:21,587,34.75395,23211.0
2026/08/01@14:21:23,589,34.80888,23218.0
2026/08/01@14:21:24,590,34.822612,23221.5
2026/08/01@14:21:25,591,34.75395,23225.0
2026/08/01@14:21:26,592,34.7814136,23228.5
2026/08/01@14:21:27,593,34.81956,23232.0
2026/08/01@14:21:28,594,34.86076,23235.5
2026/08/01@14:21:29,595,34.874492,23239.0
2026/08/01@14:21:30,596,34.91417,23242.5
2026/08/01@14:21:31,597,34.9691,23246.0
2026/08/01@14:21:32,598,35.024032,23249.5
2026/08/01@14:21:34,600,34.98436,23256.5
2026/08/01@14:21:35,601,35.037764,23260.0
2026/08/01@14:21:36,602,35.04692,23263.5
2026/08/01@14:21:37,603,34.98436,23267.0
2026/08/01@14:21:38,604,35.02556,23270.5
2026/08/01@14:21:39,605,35.03929,23274.0
2026/08/01@14:21:40,606,35.066756,23277.25806451613
2026/08/01@14:21:41,607,35.10338,23280.516129032258
2026/08/01@14:21:42,608,35.1339,23283.774193548386
2026/08/01@14:21:43,609,35.199512,23287.032258064515
2026/08/01@14:21:44,610,35.25292,23290.290322580644
2026/08/01@14:21:46,612,35.216296,23296.8064516129
2026/08/01@14:21:47,613,35.27123,23300.064516129034
2026/08/01@14:21:48,614,35.335316,23303.322580645163
2026/08/01@14:21:49,615,35.321584,23306.58064516129
2026/08/01@14:21:50,616,35.37652,23309.83870967742
2026/08/01@14:21:51,617,35.403984,23313.09677419355
2026/08/01@14:21:52,618,35.403984,23316.354838709678
2026/08/01@14:21:53,619,35.43145,23319.612903225807
2026/08/01@14:21:54,620,35.48333,23322.870967741936
2026/08/01@14:21:55,621,35.510796,23326.129032258064
2026/08/01@14:21:57,623,35.591668,23332.645161290322
2026/08/01@14:21:58,624,35.593192,23335.90322580645
2026/08/01@14:21:59,625,35.646604,23339.16129032258
2026/08/01@14:22:00,626,35.715268,23342.41935483871
2026/08/01@14:22:01,627,35.73968,23345.677419354837
2026/08/01@14:22:02,628,35.753416,23348.935483870966
2026/08/01@14:22:03,629,35.78393,23352.1935483871
2026/08/01@14:22:04,630,35.808344,23355.451612903227
2026/08/01@14:22:05,631,35.849544,23358.709677419356
2026/08/01@14:22:06,632,35.83581,23361.967741935485
2026/08/01@14:22:08,634,35.86633,23368.483870967742
2026/08/01@14:22:09,635,35.811396,23371.74193548387
2026/08/01@14:22:10,636,35.794612,23375.0
2026/08/01@14:22:11,637,35.78393,23378.266666666666
2026/08/01@14:22:12,638,35.7702,23381.533333333333
2026/08/01@14:22:13,639,35.689328,23384.8
2026/08/01@14:22:14,640,35.637448,23388.066666666666
2026/08/01@14:22:15,641,35.689328,23391.333333333332
2026/08/01@14:22:16,642,35.6786468,23394.6
2026/08/01@14:22:17,643,35.675596,23397.866666666665
2026/08/01@14:22:19,645,35.706112,23404.4
2026/08/01@14:22:20,646,35.664912,23407.666666666668
2026/08/01@14:22:21,647,35.611504,23410.933333333334
2026/08/01@14:22:22,648,35.66644,23414.2
2026/08/01@14:22:23,649,35.638972,23417.466666666667
2026/08/01@14:22:24,650,35.584036,23420.733333333334
2026/08/01@14:22:25,651,35.463492,23424.0
2026/08/01@14:22:26,652,35.3307384,23427.266666666666
2026/08/01@14:22:27,653,35.236132,23430.533333333333
2026/08/01@14:22:28,654,35.112532,23433.8
2026/08/01@14:22:30,656,34.978256,23440.333333333332
2026/08/01@14:22:31,657,34.897384,23443.6
2026/08/01@14:22:32,658,34.818036,23446.866666666665
2026/08/01@14:22:33,659,34.70817,23450.133333333335
2026/08/01@14:22:34,660,34.6273,23453.4
2026/08/01@14:22:35,661,34.5311636,23456.666666666668
2026/08/01@14:22:36,662,34.506752,23459.933333333334
2026/08/01@14:22:37,663,34.45182,23463.2
2026/08/01@14:22:38,664,34.357212,23466.466666666667
2026/08/01@14:22:39,665,34.222936,23469.733333333334
2026/08/01@14:22:40,666,34.19547,23473.0
2026/08/01@14:22:42,668,34.155796,23478.935483870966
2026/08/01@14:22:43,669,34.210728,23481.90322580645
2026/08/01@14:22:44,670,34.210728,23484.870967741936
2026/08/01@14:22:45,671,34.178684,23487.83870967742
2026/08/01@14:22:46,672,34.113068,23490.8064516129
2026/08/01@14:22:47,673,34.04898,23493.774193548386
2026/08/01@14:22:48,674,33.99405,23496.74193548387
2026/08/01@14:22:49,675,33.977264,23499.709677419356
2026/08/01@14:22:50,676,33.925384,23502.677419354837
2026/08/01@14:22:51,677,33.92691,23505.645161290322
2026/08/01@14:22:53,679,33.89792,23511.58064516129
2026/08/01@14:22:54,680,33.913176,23514.548387096773
2026/08/01@14:22:55,681,33.922332,23517.516129032258
2026/08/01@14:22:56,682,33.899444,23520.483870967742
2026/08/01@14:22:57,683,33.913176,23523.451612903227
2026/08/01@14:22:58,684,33.939116,23526.41935483871
2026/08/01@14:22:59,685,34.016936,23529.387096774193
2026/08/01@14:23:00,686,34.032196,23532.354838709678
2026/08/01@14:23:01,687,34.126804,23535.322580645163
2026/08/01@14:23:02,688,34.126804,23538.290322580644
2026/08/01@14:23:04,690,34.218356,23544.225806451614
2026/08/01@14:23:05,691,34.20615,23547.1935483871
2026/08/01@14:23:06,692,34.222936,23550.16129032258
2026/08/01@14:23:07,693,34.259556,23553.129032258064
2026/08/01@14:23:08,694,34.329748,23556.09677419355
2026/08/01@14:23:09,695,34.30228,23559.064516129034
2026/08/01@14:23:10,696,34.259556,23562.032258064515
2026/08/01@14:23:11,697,34.2504,23565.0
2026/08/01@14:23:12,698,34.277868,23568.225806451614
2026/08/01@14:23:13,699,34.233616,23571.451612903227
2026/08/01@14:23:15,701,34.181736,23577.90322580645
2026/08/01@14:23:16,702,34.19547,23581.129032258064
2026/08/01@14:23:17,703,34.181736,23584.354838709678
2026/08/01@14:23:18,704,34.140536,23587.58064516129
2026/08/01@14:23:19,705,34.12833,23590.8064516129
2026/08/01@14:23:20,706,34.16953,23594.032258064515
2026/08/01@14:23:21,707,34.158848,23597.25806451613
2026/08/01@14:23:22,708,34.12833,23600.483870967742
2026/08/01@14:23:23,709,34.16953,23603.709677419356
2026/08/01@14:23:24,710,34.18326,23606.935483870966
2026/08/01@14:23:25,711,34.277868,23610.16129032258
2026/08/01@14:23:27,713,34.264132,23616.612903225807
2026/08/01@14:23:28,714,34.238192,23619.83870967742
2026/08/01@14:23:29,715,34.264132,23623.064516129034
2026/08/01@14:23:30,716,34.277868,23626.290322580644
2026/08/01@14:23:31,717,34.329748,23629.516129032258
2026/08/01@14:23:32,718,34.38468,23632.74193548387
2026/08/01@14:23:33,719,34.398416,23635.967741935485
2026/08/01@14:23:34,720,34.479288,23639.1935483871
2026/08/01@14:23:35,721,34.49302,23642.41935483871
2026/08/01@14:23:36,722,34.517432,23645.645161290322
2026/08/01@14:23:38,724,34.54795,23652.09677419355
2026/08/01@14:23:39,725,34.575416,23655.322580645163
2026/08/01@14:23:40,726,34.54795,23658.548387096773
2026/08/01@14:23:41,727,34.613564,23661.774193548386
2026/08/01@14:23:42,728,34.6807068,23665.0
2026/08/01@14:23:43,729,34.699016,23668.566666666666
2026/08/01@14:23:44,730,34.776836,23672.133333333335
2026/08/01@14:23:45,731,34.773784,23675.7
2026/08/01@14:23:46,732,34.699016,23679.266666666666
2026/08/01@14:23:47,733,34.6273,23682.833333333332
2026/08/01@14:23:49,735,34.630352,23689.966666666667
2026/08/01@14:23:50,736,34.576944,23693.533333333333
2026/08/01@14:23:51,737,34.602884,23697.1
2026/08/01@14:23:52,738,34.6685,23700.666666666668
2026/08/01@14:23:53,739,34.685284,23704.233333333334
2026/08/01@14:23:54,740,34.64561,23707.8
2026/08/01@14:23:55,741,34.695964,23711.366666666665
2026/08/01@14:23:56,742,34.72343,23714.933333333334
2026/08/01@14:23:57,743,34.818036,23718.5
2026/08/01@14:23:58,744,34.8332936,23722.066666666666
2026/08/01@14:24:00,746,34.818036,23729.2
2026/08/01@14:24:01,747,34.859232,23732.766666666666
2026/08/01@14:24:02,748,34.872968,23736.333333333332
2026/08/01@14:24:03,749,34.900436,23739.9
2026/08/01@14:24:04,750,34.911116,23743.466666666667
2026/08/01@14:24:05,751,34.982832,23747.033333333333
2026/08/01@14:24:06,752,35.007248,23750.6
2026/08/01@14:24:07,753,35.007248,23754.166666666668
2026/08/01@14:24:08,754,35.048448,23757.733333333334
2026/08/01@14:24:09,755,35.11711,23761.3
2026/08/01@14:24:10,756,35.143056,23764.866666666665
2026/08/01@14:24:12,758,35.101852,23772.0
2026/08/01@14:24:13,759,35.143056,23775.322580645163
2026/08/01@14:24:14,760,35.156788,23778.645161290322
2026/08/01@14:24:15,761,35.14458,23781.967741935485
2026/08/01@14:24:16,762,35.130848,23785.290322580644
2026/08/01@14:24:17,763,35.101852,23788.612903225807
2026/08/01@14:24:18,764,35.11711,23791.935483870966
2026/08/01@14:24:19,765,35.06218,23795.25806451613
2026/08/01@14:24:20,766,35.037764,23798.58064516129
2026/08/01@14:24:21,767,35.0103,23801.90322580645
2026/08/01@14:24:23,769,34.94316,23808.548387096773
2026/08/01@14:24:24,770,34.901964,23811.870967741936
2026/08/01@14:24:25,771,34.91417,23815.1935483871
2026/08/01@14:24:26,772,34.94316,23818.516129032258
2026/08/01@14:24:27,773,34.8332936,23821.83870967742
2026/08/01@14:24:28,774,34.804304,23825.16129032258
2026/08/01@14:24:29,775,34.7554736,23828.483870967742
2026/08/01@14:24:30,776,34.74174,23831.8064516129
2026/08/01@14:24:31,777,34.740216,23835.129032258064
2026/08/01@14:24:32,778,34.740216,23838.451612903227
2026/08/01@14:24:34,780,34.75395,23845.09677419355
2026/08/01@14:24:35,781,34.750896,23848.41935483871
2026/08/01@14:24:36,782,34.76463,23851.74193548387
2026/08/01@14:24:37,783,34.76463,23855.064516129034
2026/08/01@14:24:38,784,34.750896,23858.387096774193
2026/08/01@14:24:39,785,34.776836,23861.709677419356
2026/08/01@14:24:40,786,34.75395,23865.032258064515
2026/08/01@14:24:41,787,34.763104,23868.354838709678
2026/08/01@14:24:42,788,34.685284,23871.677419354837
2026/08/01@14:24:43,789,34.659344,23875.0
2026/08/01@14:24:45,791,34.737164,23881.6
2026/08/01@14:24:46,792,34.737164,23884.9
2026/08/01@14:24:47,793,34.773784,23888.2
2026/08/01@14:24:48,794,34.818036,23891.5
2026/08/01@14:24:49,795,34.911116,23894.8
2026/08/01@14:24:50,796,34.901964,23898.1
2026/08/01@14:24:51,797,34.856184,23901.4
2026/08/01@14:24:52,798,34.886704,23904.7
2026/08/01@14:24:53,799,34.831768,23908.0
2026/08/01@14:24:54,800,34.886704,23911.3
2026/08/01@14:24:56,801,34.927904,23917.9
2026/08/01@14:24:57,803,34.900436,23921.2
2026/08/01@14:24:58,804,34.80125,23924.5
2026/08/01@14:24:59,805,34.763104,23927.8
2026/08/01@14:25:00,806,34.695964,23931.1
2026/08/01@14:25:01,807,34.68681,23934.4
2026/08/01@14:25:02,808,34.644084,23937.7
2026/08/01@14:25:03,809,34.561684,23941.0
2026/08/01@14:25:04,810,34.480812,23944.3
2026/08/01@14:25:05,811,34.373996,23947.6
2026/08/01@14:25:06,812,34.3327968,23950.9
2026/08/01@14:25:08,814,34.305332,23957.5
2026/08/01@14:25:09,815,34.238192,23960.8
2026/08/01@14:25:10,816,34.22446,23964.1
2026/08/01@14:25:11,817,34.293124,23967.4
2026/08/01@14:25:12,818,34.2504,23970.7
2026/08/01@14:25:13,819,34.264132,23974.0
2026/08/01@14:25:14,820,34.24735,23977.451612903227
2026/08/01@14:25:15,821,34.27329,23980.90322580645
2026/08/01@14:25:16,822,34.341952,23984.354838709678
2026/08/01@14:25:17,823,34.300756,23987.8064516129
2026/08/01@14:25:19,825,34.259556,23994.709677419356
2026/08/01@14:25:20,826,34.17716,23998.16129032258
2026/08/01@14:25:21,827,34.192416,24001.612903225807
2026/08/01@14:25:22,828,34.192416,24005.064516129034
2026/08/01@14:25:23,829,34.149692,24008.516129032258
2026/08/01@14:25:24,830,34.068816,24011.967741935485
2026/08/01@14:25:25,831,33.957428,24015.41935483871
2026/08/01@14:25:26,832,33.824672,24018.870967741936
2026/08/01@14:25:27,833,33.7834736,24022.322580645163
2026/08/01@14:25:28,834,33.78805,24025.774193548386
2026/08/01@14:25:30,836,33.760584,24032.677419354837
2026/08/01@14:25:31,837,33.824672,24036.129032258064
2026/08/01@14:25:32,838,33.86587,24039.58064516129
2026/08/01@14:25:33,839,33.98642,24043.032258064515
2026/08/01@14:25:34,840,33.98642,24046.483870967742
2026/08/01@14:25:35,841,34.122224,24049.935483870966
2026/08/01@14:25:36,842,34.10544,24053.387096774193
2026/08/01@14:25:37,843,34.18784,24056.83870967742
2026/08/01@14:25:38,844,34.227512,24060.290322580644
2026/08/01@14:25:39,845,34.282444,24063.74193548387
2026/08/01@14:25:40,846,34.35111,24067.1935483871
2026/08/01@14:25:42,848,34.375528,24074.09677419355
2026/08/01@14:25:43,849,34.36484,24077.548387096773
2026/08/01@14:25:44,850,34.416724,24081.0
2026/08/01@14:25:45,851,34.457924,24084.322580645163
2026/08/01@14:25:46,852,34.4304568,24087.645161290322
2026/08/01@14:25:47,853,34.502176,24090.967741935485
2026/08/01@14:25:48,854,34.43351,24094.290322580644
2026/08/01@14:25:49,855,34.43351,24097.612903225807
2026/08/01@14:25:50,856,34.460976,24100.935483870966
2026/08/01@14:25:51,857,34.406044,24104.25806451613
2026/08/01@14:25:53,859,34.402992,24110.90322580645
2026/08/01@14:25:54,860,34.37858,24114.225806451614
2026/08/01@14:25:55,861,34.323644,24117.548387096773
2026/08/01@14:25:56,862,34.282444,24120.870967741936
2026/08/01@14:25:57,863,34.204624,24124.1935483871
2026/08/01@14:25:58,864,34.204624,24127.516129032258
2026/08/01@14:25:59,865,34.24277,24130.83870967742
2026/08/01@14:26:00,866,34.22904,24134.16129032258
2026/08/01@14:26:01,867,34.218356,24137.483870967742
2026/08/01@14:26:02,868,34.32517,24140.8064516129
2026/08/01@14:26:04,870,34.36484,24147.451612903227
2026/08/01@14:26:05,871,34.435036,24150.774193548386
2026/08/01@14:26:06,872,34.471656,24154.09677419355
2026/08/01@14:26:07,873,34.419776,24157.41935483871
2026/08/01@14:26:08,874,34.48844,24160.74193548387
2026/08/01@14:26:09,875,34.435036,24164.064516129034
2026/08/01@14:26:10,876,34.489968,24167.387096774193
2026/08/01@14:26:11,877,34.52659,24170.709677419356
2026/08/01@14:26:12,878,34.489968,24174.032258064515
2026/08/01@14:26:13,879,34.5037,24177.354838709678
2026/08/01@14:26:15,881,34.47471,24184.0
2026/08/01@14:26:16,882,34.457924,24187.266666666666
2026/08/01@14:26:17,883,34.543372,24190.533333333333
2026/08/01@14:26:18,884,34.543372,24193.8
2026/08/01@14:26:19,885,34.55253,24197.066666666666
2026/08/01@14:26:20,886,34.54032,24200.333333333332
2026/08/01@14:26:21,887,34.58152,24203.6
2026/08/01@14:26:22,888,34.595252,24206.866666666665
2026/08/01@14:26:23,889,34.58152,24210.133333333335
2026/08/01@14:26:24,890,34.621192,24213.4
2026/08/01@14:26:26,891,34.662396,24219.933333333334
2026/08/01@14:26:27,893,34.659344,24223.2
2026/08/01@14:26:28,894,34.662396,24226.466666666667
2026/08/01@14:26:29,895,34.717328,24229.733333333334
2026/08/01@14:26:30,896,34.659344,24233.0
2026/08/01@14:26:31,897,34.595252,24236.266666666666
2026/08/01@14:26:32,898,34.502176,24239.533333333333
2026/08/01@14:26:33,899,34.489968,24242.8
2026/08/01@14:26:34,900,34.58457,24246.066666666666
2026/08/01@14:26:35,901,34.595252,24249.333333333332
2026/08/01@14:26:36,902,34.598304,24252.6
2026/08/01@14:26:38,904,34.65324,24259.133333333335
2026/08/01@14:26:39,905,34.65019,24262.4
2026/08/01@14:26:40,906,34.66392,24265.666666666668
2026/08/01@14:26:41,907,34.636456,24268.933333333334
2026/08/01@14:26:42,908,34.57084,24272.2
2026/08/01@14:26:43,909,34.5311636,24275.466666666667
2026/08/01@14:26:44,910,34.5037,24278.733333333334
2026/08/01@14:26:45,911,34.40757,24282.0
2026/08/01@14:26:46,912,34.38468,24285.064516129034
2026/08/01@14:26:47,913,34.259556,24288.129032258064
2026/08/01@14:26:49,915,34.181736,24294.25806451613
2026/08/01@14:26:50,916,34.192416,24297.322580645163
2026/08/01@14:26:51,917,34.181736,24300.387096774193
2026/08/01@14:26:52,918,34.163424,24303.451612903227
2026/08/01@14:26:53,919,34.15427,24306.516129032258
2026/08/01@14:26:54,920,34.07187,24309.58064516129
2026/08/01@14:26:55,921,34.15427,24312.645161290322
2026/08/01@14:26:56,922,34.122224,24315.709677419356
2026/08/01@14:26:57,923,34.15427,24318.774193548386
2026/08/01@14:26:58,924,34.15122,24321.83870967742
2026/08/01@14:27:00,926,34.16495,24327.967741935485
2026/08/01@14:27:01,927,34.218356,24331.032258064515
2026/08/01@14:27:02,928,34.288548,24334.09677419355
2026/08/01@14:27:03,929,34.256504,24337.16129032258
2026/08/01@14:27:04,930,34.3389,24340.225806451614
2026/08/01@14:27:05,931,34.341952,24343.290322580644
2026/08/01@14:27:06,932,34.341952,24346.354838709678
2026/08/01@14:27:07,933,34.34348,24349.41935483871
2026/08/01@14:27:08,934,34.355688,24352.483870967742
2026/08/01@14:27:09,935,34.39689,24355.548387096773
2026/08/01@14:27:10,936,34.383156,24358.612903225807
2026/08/01@14:27:12,938,34.393836,24364.74193548387
2026/08/01@14:27:13,939,34.355688,24367.8064516129
2026/08/01@14:27:14,940,34.412148,24370.870967741936
2026/08/01@14:27:15,941,34.460976,24373.935483870966
2026/08/01@14:27:16,942,34.506752,24377.0
2026/08/01@14:27:17,943,34.5311636,24380.3
2026/08/01@14:27:18,944,34.57084,24383.6
2026/08/01@14:27:19,945,34.59983,24386.9
2026/08/01@14:27:20,946,34.612036,24390.2
2026/08/01@14:27:21,947,34.691388,24393.5
2026/08/01@14:27:23,949,34.66392,24400.1
2026/08/01@14:27:24,950,34.69444,24403.4
2026/08/01@14:27:25,951,34.69444,24406.7
2026/08/01@14:27:26,952,34.70817,24410.0
2026/08/01@14:27:27,953,34.732584,24413.3
2026/08/01@14:27:28,954,34.735636,24416.6
2026/08/01@14:27:29,955,34.799724,24419.9
2026/08/01@14:27:30,956,34.799724,24423.2
2026/08/01@14:27:31,957,34.814984,24426.5
2026/08/01@14:27:32,958,34.828716,24429.8
2026/08/01@14:27:34,960,34.814984,24436.4
2026/08/01@14:27:35,961,34.735636,24439.7
2026/08/01@14:27:36,962,34.666972,24443.0
2026/08/01@14:27:37,963,34.6273,24446.3
2026/08/01@14:27:38,964,34.657816,24449.6
2026/08/01@14:27:39,965,34.666972,24452.9
2026/08/01@14:27:40,966,34.735636,24456.2
2026/08/01@14:27:41,967,34.750896,24459.5
2026/08/01@14:27:42,968,34.818036,24462.8
2026/08/01@14:27:43,969,34.882124,24466.1
2026/08/01@14:27:45,971,34.979784,24472.7
2026/08/01@14:27:46,972,35.019456,24476.0
2026/08/01@14:27:47,973,35.08812,24479.064516129034
2026/08/01@14:27:48,974,35.0576032,24482.129032258064
2026/08/01@14:27:49,975,35.071336,24485.1935483871
2026/08/01@14:27:50,976,35.071336,24488.25806451613
2026/08/01@14:27:51,977,35.165944,24491.322580645163
2026/08/01@14:27:52,978,35.140004,24494.387096774193
2026/08/01@14:27:53,979,35.24529,24497.451612903227
2026/08/01@14:27:54,980,35.208668,24500.516129032258
2026/08/01@14:27:55,981,35.236132,24503.58064516129
2026/08/01@14:27:57,983,35.277332,24509.709677419356
2026/08/01@14:27:58,984,35.291064,24512.774193548386
2026/08/01@14:27:59,985,35.28954,24515.83870967742
2026/08/01@14:28:00,986,35.2636,24518.90322580645
2026/08/01@14:28:01,987,35.317004,24521.967741935485
2026/08/01@14:28:02,988,35.303272,24525.032258064515
2026/08/01@14:28:03,989,35.332264,24528.09677419355
2026/08/01@14:28:04,990,35.277332,24531.16129032258
2026/08/01@14:28:05,991,35.345996,24534.225806451614
2026/08/01@14:28:06,992,35.345996,24537.290322580644
2026/08/01@14:28:08,994,35.294116,24543.41935483871
2026/08/01@14:28:09,995,35.294116,24546.483870967742
2026/08/01@14:28:10,996,35.277332,24549.548387096773
2026/08/01@14:28:11,997,35.239184,24552.612903225807
2026/08/01@14:28:12,998,35.225452,24555.677419354837
2026/08/01@14:28:13,999,35.21172,24558.74193548387
2026/08/01@14:28:14,1000,35.24071,24561.8064516129
2026/08/01@14:28:15,1001,35.22698,24564.870967741936
2026/08/01@14:28:16,1002,35.202564,24567.935483870966
2026/08/01@14:28:17,1003,35.22698,24571.0
2026/08/01@14:28:19,1005,35.24071,24577.133333333335
2026/08/01@14:28:20,1006,35.17052,24580.2
2026/08/01@14:28:21,1007,35.1339,24583.266666666666
2026/08/01@14:28:22,1008,35.147632,24586.333333333332
2026/08/01@14:28:23,1009,35.161364,24589.4
2026/08/01@14:28:24,1010,35.18883,24592.466666666667
2026/08/01@14:28:25,1011,35.18883,24595.533333333333
2026/08/01@14:28:26,1012,35.14916,24598.6
2026/08/01@14:28:27,1013,35.130848,24601.666666666668
2026/08/01@14:28:28,1014,35.06523,24604.733333333334
2026/08/01@14:28:30,1016,34.946212,24610.866666666665
2026/08/01@14:28:31,1017,34.892808,24613.933333333334
2026/08/01@14:28:32,1018,34.851604,24617.0
2026/08/01@14:28:33,1019,34.82719,24620.066666666666
2026/08/01@14:28:34,1020,34.76005,24623.133333333335
2026/08/01@14:28:35,1021,34.732584,24626.2
2026/08/01@14:28:36,1022,34.70512,24629.266666666666
2026/08/01@14:28:37,1023,34.70512,24632.333333333332
2026/08/01@14:28:38,1024,34.732584,24635.4
2026/08/01@14:28:39,1025,34.76005,24638.466666666667
2026/08/01@14:28:40,1026,34.840924,24641.533333333333
2026/08/01@14:28:42,1028,34.82719,24647.666666666668
2026/08/01@14:28:43,1029,34.82719,24650.733333333334
2026/08/01@14:28:44,1030,34.882124,24653.8
2026/08/01@14:28:45,1031,34.879076,24656.866666666665
2026/08/01@14:28:46,1032,34.840924,24659.933333333334
2026/08/01@14:28:47,1033,34.732584,24663.0
2026/08/01@14:28:48,1034,34.666972,24666.16129032258
2026/08/01@14:28:49,1035,34.517432,24669.322580645163
2026/08/01@14:28:50,1036,34.4625,24672.483870967742
2026/08/01@14:28:51,1037,34.45182,24675.645161290322
2026/08/01@14:28:53,1039,34.48844,24681.967741935485
2026/08/01@14:28:54,1040,34.502176,24685.129032258064
2026/08/01@14:28:55,1041,34.515908,24688.290322580644
2026/08/01@14:28:56,1042,34.5571068,24691.451612903227
2026/08/01@14:28:57,1043,34.5571068,24694.612903225807
2026/08/01@14:28:58,1044,34.598304,24697.774193548386
2026/08/01@14:28:59,1045,34.612036,24700.935483870966
2026/08/01@14:29:00,1046,34.4625,24704.09677419355
2026/08/01@14:29:01,1047,34.47471,24707.25806451613
2026/08/01@14:29:02,1048,34.383156,24710.41935483871
2026/08/01@14:29:04,1050,34.39689,24716.74193548387
2026/08/01@14:29:05,1051,34.39689,24719.90322580645
2026/08/01@14:29:06,1052,34.46708,24723.064516129034
2026/08/01@14:29:07,1053,34.489968,24726.225806451614
2026/08/01@14:29:08,1054,34.602884,24729.387096774193
2026/08/01@14:29:09,1055,34.69444,24732.548387096773
2026/08/01@14:29:10,1056,34.69444,24735.709677419356
2026/08/01@14:29:11,1057,34.721904,24738.870967741936
2026/08/01@14:29:12,1058,34.74632,24742.032258064515
2026/08/01@14:29:13,1059,34.773784,24745.1935483871
2026/08/01@14:29:15,1061,34.840924,24751.516129032258
2026/08/01@14:29:16,1062,34.856184,24754.677419354837
2026/08/01@14:29:17,1063,34.813456,24757.83870967742
2026/08/01@14:29:18,1064,34.709696,24761.0
2026/08/01@14:29:19,1065,34.709696,24764.064516129034
2026/08/01@14:29:20,1066,34.613564,24767.129032258064
2026/08/01@14:29:21,1067,34.616616,24770.1935483871
2026/08/01@14:29:22,1068,34.479288,24773.25806451613
2026/08/01@14:29:23,1069,34.360264,24776.322580645163
2026/08/01@14:29:24,1070,34.22446,24779.387096774193
2026/08/01@14:29:25,1071,34.032196,24782.451612903227
2026/08/01@14:29:27,1073,33.91165,24788.58064516129
2026/08/01@14:29:28,1074,33.80331,24791.645161290322
2026/08/01@14:29:29,1075,33.71023,24794.709677419356
2026/08/01@14:29:30,1076,33.66598,24797.774193548386
2026/08/01@14:29:31,1077,33.574424,24800.83870967742
2026/08/01@14:29:32,1078,33.5317,24803.90322580645
2026/08/01@14:29:33,1079,33.463036,24806.967741935485
2026/08/01@14:29:34,1080,33.444724,24810.032258064515
2026/08/01@14:29:35,1081,33.400476,24813.09677419355
2026/08/01@14:29:36,1082,33.38674,24816.16129032258
2026/08/01@14:29:37,1083,33.385216,24819.225806451614
2026/08/01@14:29:39,1085,33.302816,24825.354838709678
2026/08/01@14:29:40,1086,33.281452,24828.41935483871
2026/08/01@14:29:41,1087,33.21126,24831.483870967742
2026/08/01@14:29:42,1088,33.22652,24834.548387096773
2026/08/01@14:29:43,1089,33.21126,24837.612903225807
2026/08/01@14:29:44,1090,33.16701,24840.677419354837
2026/08/01@14:29:45,1091,33.22652,24843.74193548387
2026/08/01@14:29:46,1092,33.21126,24846.8064516129
2026/08/01@14:29:47,1093,33.224996,24849.870967741936
2026/08/01@14:29:48,1094,33.151752,24852.935483870966
2026/08/01@14:29:50,1096,33.124284,24859.3
2026/08/01@14:29:51,1097,33.037308,24862.6
2026/08/01@14:29:52,1098,33.00679,24865.9
2026/08/01@14:29:53,1099,32.964064,24869.2
2026/08/01@14:29:54,1100,32.9778,24872.5
2026/08/01@14:29:55,1101,32.979324,24875.8
2026/08/01@14:29:56,1102,32.906084,24879.1
2026/08/01@14:29:57,1103,32.832836,24882.4
2026/08/01@14:29:58,1104,32.822156,24885.7
2026/08/01@14:29:59,1105,32.74586,24889.0
2026/08/01@14:30:01,1107,32.748912,24895.6
2026/08/01@14:30:02,1108,32.7718,24898.9
2026/08/01@14:30:03,1109,32.658886,24902.2
2026/08/01@14:30:04,1110,32.700084,24905.5
2026/08/01@14:30:05,1111,32.658886,24908.8
2026/08/01@14:30:06,1112,32.57038,24912.1
2026/08/01@14:30:07,1113,32.542916,24915.4
2026/08/01@14:30:08,1114,32.52613,24918.7
2026/08/01@14:30:09,1115,32.480356,24922.0
2026/08/01@14:30:10,1116,32.391852,24925.3
2026/08/01@14:30:11,1117,32.361332,24928.6
2026/08/01@14:30:13,1119,32.364384,24935.2
2026/08/01@14:30:14,1120,32.320132,24938.5
2026/08/01@14:30:15,1121,32.274356,24941.8
2026/08/01@14:30:16,1122,32.263676,24945.1
2026/08/01@14:30:17,1123,32.260624,24948.4
2026/08/01@14:30:18,1124,32.245364,24951.7
2026/08/01@14:30:19,1125,32.245364,24955.0
2026/08/01@14:30:20,1126,32.19959,24958.1935483871
2026/08/01@14:30:21,1127,32.16907,24961.387096774193
2026/08/01@14:30:22,1128,32.141604,24964.58064516129
2026/08/01@14:30:24,1130,32.172124,24970.967741935485
2026/08/01@14:30:25,1131,32.080568,24974.16129032258
2026/08/01@14:30:26,1132,32.126348,24977.354838709678
2026/08/01@14:30:27,1133,32.0531,24980.548387096773
2026/08/01@14:30:28,1134,32.039368,24983.74193548387
2026/08/01@14:30:29,1135,32.0119,24986.935483870966
2026/08/01@14:30:30,1136,32.00885,24990.129032258064
2026/08/01@14:30:31,1137,31.93866,24993.322580645163
2026/08/01@14:30:32,1138,31.966126,24996.516129032258
2026/08/01@14:30:33,1139,31.920348,24999.709677419356
2026/08/01@14:30:35,1141,31.876096,25006.09677419355
2026/08/01@14:30:36,1142,31.834898,25009.290322580644
2026/08/01@14:30:37,1143,31.792172,25012.483870967742
2026/08/01@14:30:38,1144,31.775386,25015.677419354837
2026/08/01@14:30:39,1145,31.80743,25018.870967741936
2026/08/01@14:30:40,1146,31.90814,25022.064516129034
2026/08/01@14:30:41,1147,31.860838,25025.25806451613
2026/08/01@14:30:42,1148,31.862364,25028.451612903227
2026/08/01@14:30:43,1149,31.81964,25031.645161290322
2026/08/01@14:30:44,1150,31.862364,25034.83870967742
2026/08/01@14:30:46,1152,31.862364,25041.225806451614
2026/08/01@14:30:47,1153,31.892882,25044.41935483871
2026/08/01@14:30:48,1154,31.862364,25047.612903225807
2026/08/01@14:30:49,1155,31.953918,25050.8064516129
2026/08/01@14:30:50,1156,31.981384,25054.0
2026/08/01@14:30:51,1157,31.935606,25057.3
2026/08/01@14:30:52,1158,31.993592,25060.6
2026/08/01@14:30:53,1159,31.924924,25063.9
2026/08/01@14:30:54,1160,31.93866,25067.2
2026/08/01@14:30:55,1161,31.952392,25070.5
2026/08/01@14:30:56,1162,31.93408,25073.8
2026/08/01@14:30:58,1164,31.892882,25080.4
2026/08/01@14:30:59,1165,31.78912,25083.7
2026/08/01@14:31:00,1166,31.77081,25087.0
2026/08/01@14:31:01,1167,31.641108,25090.3
2026/08/01@14:31:02,1168,31.595332,25093.6
2026/08/01@14:31:03,1169,31.595332,25096.9
2026/08/01@14:31:04,1170,31.480888,25100.2
2026/08/01@14:31:05,1171,31.45037,25103.5
2026/08/01@14:31:06,1172,31.407644,25106.8
2026/08/01@14:31:07,1173,31.436636,25110.1
2026/08/01@14:31:09,1175,31.480888,25116.7
2026/08/01@14:31:10,1176,31.627374,25120.0
2026/08/01@14:31:11,1177,31.709774,25123.3
2026/08/01@14:31:12,1178,31.624322,25126.6
2026/08/01@14:31:13,1179,31.564814,25129.9
2026/08/01@14:31:14,1180,31.627374,25133.2
2026/08/01@14:31:15,1181,31.696042,25136.5
2026/08/01@14:31:16,1182,31.65484,25139.8
2026/08/01@14:31:17,1183,31.65484,25143.1
2026/08/01@14:31:18,1184,31.53582,25146.4
2026/08/01@14:31:20,1186,31.567866,25153.0
2026/08/01@14:31:21,1187,31.564814,25155.967741935485
2026/08/01@14:31:22,1188,31.595332,25158.935483870966
2026/08/01@14:31:23,1189,31.583124,25161.90322580645
2026/08/01@14:31:24,1190,31.47631,25164.870967741936
2026/08/01@14:31:25,1191,31.43511,25167.83870967742
2026/08/01@14:31:26,1192,31.403066,25170.8064516129
2026/08/01@14:31:27,1193,31.39086,25173.774193548386
2026/08/01@14:31:28,1194,31.403066,25176.74193548387
2026/08/01@14:31:29,1195,31.418326,25179.709677419356
2026/08/01@14:31:31,1197,31.2993068,25185.645161290322
2026/08/01@14:31:32,1198,31.207752,25188.612903225807
2026/08/01@14:31:33,1199,31.161974,25191.58064516129
2026/08/01@14:31:34,1200,31.116198,25194.548387096773
2026/08/01@14:31:35,1201,31.046006,25197.516129032258
2026/08/01@14:31:36,1202,31.046006,25200.483870967742
2026/08/01@14:31:37,1203,31.001754,25203.451612903227
2026/08/01@14:31:38,1204,30.969712,25206.41935483871
2026/08/01@14:31:39,1205,30.988022,25209.387096774193
2026/08/01@14:31:40,1206,31.000228,25212.354838709678
2026/08/01@14:31:42,1208,31.097886,25218.290322580644
2026/08/01@14:31:43,1209,31.073474,25221.25806451613
2026/08/01@14:31:44,1210,31.042954,25224.225806451614
2026/08/01@14:31:45,1211,31.070422,25227.1935483871
2026/08/01@14:31:46,1212,31.056686,25230.16129032258
2026/08/01@14:31:47,1213,31.056686,25233.129032258064
2026/08/01@14:31:48,1214,31.100938,25236.09677419355
2026/08/01@14:31:49,1215,31.05516,25239.064516129034
2026/08/01@14:31:50,1216,31.114672,25242.032258064515
2026/08/01@14:31:51,1217,31.146716,25245.0
2026/08/01@14:31:52,1218,31.146716,25248.16129032258
2026/08/01@14:31:54,1220,31.216908,25254.483870967742
2026/08/01@14:31:55,1221,31.2489516,25257.645161290322
2026/08/01@14:31:56,1222,31.32067,25260.8064516129
2026/08/01@14:31:57,1223,31.453422,25263.967741935485
2026/08/01@14:31:58,1224,31.519036,25267.129032258064
2026/08/01@14:31:59,1225,31.540398,25270.290322580644
2026/08/01@14:32:00,1226,31.578546,25273.451612903227
2026/08/01@14:32:01,1227,31.581598,25276.612903225807
2026/08/01@14:32:02,1228,31.50988,25279.774193548386
2026/08/01@14:32:03,1229,31.47631,25282.935483870966
2026/08/01@14:32:05,1231,31.50988,25289.25806451613
2026/08/01@14:32:06,1232,31.389334,25292.41935483871
2026/08/01@14:32:07,1233,31.33135,25295.58064516129
2026/08/01@14:32:08,1234,31.288624,25298.74193548387
2026/08/01@14:32:09,1235,31.258106,25301.90322580645
2026/08/01@14:32:10,1236,31.258106,25305.064516129034
2026/08/01@14:32:11,1237,31.270314,25308.225806451614
2026/08/01@14:32:12,1238,31.19402,25311.387096774193
2026/08/01@14:32:13,1239,31.13756,25314.548387096773
2026/08/01@14:32:14,1240,31.064318,25317.709677419356
2026/08/01@14:32:16,1242,31.03685,25324.032258064515
2026/08/01@14:32:17,1243,31.006332,25327.1935483871
2026/08/01@14:32:18,1244,31.038376,25330.354838709678
2026/08/01@14:32:19,1245,31.020066,25333.516129032258
2026/08/01@14:32:20,1246,30.978866,25336.677419354837
2026/08/01@14:32:21,1247,30.97734,25339.83870967742
2026/08/01@14:32:22,1248,30.974288,25343.0
2026/08/01@14:32:23,1249,30.882734,25346.333333333332
2026/08/01@14:32:24,1250,30.896468,25349.666666666668
2026/08/01@14:32:25,1251,30.872054,25353.0
2026/08/01@14:32:27,1253,30.869002,25359.666666666668
2026/08/01@14:32:28,1254,30.8232268,25363.0
2026/08/01@14:32:29,1255,30.780498,25366.333333333332
2026/08/01@14:32:30,1256,30.84001,25369.666666666668
2026/08/01@14:32:31,1257,30.766766,25373.0
2026/08/01@14:32:32,1258,30.8232268,25376.333333333332
2026/08/01@14:32:33,1259,30.914778,25379.666666666668
2026/08/01@14:32:34,1260,30.986496,25383.0
2026/08/01@14:32:35,1261,31.02922,25386.333333333332
2026/08/01@14:32:36,1262,31.070422,25389.666666666668
2026/08/01@14:32:37,1263,31.084154,25393.0
2026/08/01@14:32:39,1265,31.02922,25399.666666666668
2026/08/01@14:32:40,1266,30.972764,25403.0
2026/08/01@14:32:41,1267,30.972764,25406.333333333332
2026/08/01@14:32:42,1268,31.013962,25409.666666666668
2026/08/01@14:32:43,1269,31.041428,25413.0
2026/08/01@14:32:44,1270,31.01091,25416.333333333332
2026/08/01@14:32:45,1271,30.995652,25419.666666666668
2026/08/01@14:32:46,1272,30.908674,25423.0
2026/08/01@14:32:47,1273,30.835432,25426.333333333332
2026/08/01@14:32:48,1274,30.867476,25429.666666666668
2026/08/01@14:32:50,1276,30.89189,25436.333333333332
2026/08/01@14:32:51,1277,30.890364,25439.666666666668
2026/08/01@14:32:52,1278,30.789654,25443.0
2026/08/01@14:32:53,1279,30.77592,25446.225806451614
2026/08/01@14:32:54,1280,30.730144,25449.451612903227
2026/08/01@14:32:55,1281,30.717938,25452.677419354837
2026/08/01@14:32:56,1282,30.704204,25455.90322580645
2026/08/01@14:32:57,1283,30.67216,25459.129032258064
2026/08/01@14:32:58,1284,30.716412,25462.354838709678
2026/08/01@14:32:59,1285,30.704204,25465.58064516129
2026/08/01@14:33:01,1287,30.644694,25472.032258064515
2026/08/01@14:33:02,1288,30.688946,25475.25806451613
2026/08/01@14:33:03,1289,30.702678,25478.483870967742
2026/08/01@14:33:04,1290,30.716412,25481.709677419356
2026/08/01@14:33:05,1291,30.759136,25484.935483870966
2026/08/01@14:33:06,1292,30.8491636,25488.16129032258
2026/08/01@14:33:07,1293,30.8491636,25491.387096774193
2026/08/01@14:33:08,1294,30.873579,25494.612903225807
2026/08/01@14:33:09,1295,30.933088,25497.83870967742
2026/08/01@14:33:10,1296,30.890364,25501.064516129034
2026/08/01@14:33:12,1298,30.91783,25507.516129032258
2026/08/01@14:33:13,1299,30.905622,25510.74193548387
2026/08/01@14:33:14,1300,30.93614,25513.967741935485
2026/08/01@14:33:15,1301,30.890364,25517.1935483871
2026/08/01@14:33:16,1302,30.965134,25520.41935483871
2026/08/01@14:33:17,1303,31.024642,25523.645161290322
2026/08/01@14:33:18,1304,31.052108,25526.870967741936
2026/08/01@14:33:19,1305,31.074998,25530.09677419355
2026/08/01@14:33:20,1306,31.023118,25533.322580645163
2026/08/01@14:33:21,1307,30.97734,25536.548387096773
2026/08/01@14:33:23,1309,30.9926,25543.0
2026/08/01@14:33:24,1310,30.949874,25546.233333333334
2026/08/01@14:33:25,1311,30.946824,25549.466666666667
2026/08/01@14:33:26,1312,30.904096,25552.7
2026/08/01@14:33:27,1313,30.846114,25555.933333333334
2026/08/01@14:33:28,1314,30.81407,25559.166666666668
2026/08/01@14:33:29,1315,30.789654,25562.4
2026/08/01@14:33:30,1316,30.786602,25565.633333333335
2026/08/01@14:33:31,1317,30.725566,25568.866666666665
2026/08/01@14:33:32,1318,30.69505,25572.1
2026/08/01@14:33:34,1319,30.560768,25578.566666666666
2026/08/01@14:33:35,1321,30.543984,25581.8
2026/08/01@14:33:36,1322,30.42954,25585.033333333333
2026/08/01@14:33:37,1323,30.386816,25588.266666666666
2026/08/01@14:33:38,1324,30.370032,25591.5
2026/08/01@14:33:39,1325,30.283054,25594.733333333334
2026/08/01@14:33:40,1326,30.24033,25597.966666666667
2026/08/01@14:33:41,1327,30.212864,25601.2
2026/08/01@14:33:42,1328,30.212864,25604.433333333334
2026/08/01@14:33:43,1329,30.25864,25607.666666666668
2026/08/01@14:33:44,1330,30.283054,25610.9
2026/08/01@14:33:46,1332,30.255588,25617.366666666665
2026/08/01@14:33:47,1333,30.3151,25620.6
2026/08/01@14:33:48,1334,30.373084,25623.833333333332
2026/08/01@14:33:49,1335,30.281528,25627.066666666666
2026/08/01@14:33:50,1336,30.194554,25630.3
2026/08/01@14:33:51,1337,30.1503016,25633.533333333333
2026/08/01@14:33:52,1338,30.077058,25636.766666666666
2026/08/01@14:33:53,1339,30.093844,25640.0
2026/08/01@14:33:54,1340,30.1503016,25643.354838709678
2026/08/01@14:33:55,1341,30.264744,25646.709677419356
2026/08/01@14:33:57,1343,30.164034,25653.41935483871
2026/08/01@14:33:58,1344,30.194554,25656.774193548386
2026/08/01@14:33:59,1345,30.1503016,25660.129032258064
2026/08/01@14:34:00,1346,30.180818,25663.483870967742
2026/08/01@14:34:01,1347,30.254062,25666.83870967742
2026/08/01@14:34:02,1348,30.281528,25670.1935483871
2026/08/01@14:34:03,1349,30.313574,25673.548387096773
2026/08/01@14:34:04,1350,30.31052,25676.90322580645
2026/08/01@14:34:05,1351,30.328832,25680.25806451613
2026/08/01@14:34:06,1352,30.34104,25683.612903225807
2026/08/01@14:34:08,1354,30.4249632,25690.322580645163
2026/08/01@14:34:09,1355,30.354772,25693.677419354837
2026/08/01@14:34:10,1356,30.25101,25697.032258064515
2026/08/01@14:34:11,1357,30.22202,25700.387096774193
2026/08/01@14:34:12,1358,30.17624,25703.74193548387
2026/08/01@14:34:13,1359,30.070956,25707.09677419355
2026/08/01@14:34:14,1360,29.907682,25710.451612903227
2026/08/01@14:34:15,1361,29.83444,25713.8064516129
2026/08/01@14:34:16,1362,29.764248,25717.16129032258
2026/08/01@14:34:17,1363,29.67727,25720.516129032258
2026/08/01@14:34:19,1365,29.617762,25727.225806451614
2026/08/01@14:34:20,1366,29.571986,25730.58064516129
2026/08/01@14:34:21,1367,29.514,25733.935483870966
2026/08/01@14:34:22,1368,29.440758,25737.290322580644
2026/08/01@14:34:23,1369,29.381246,25740.645161290322
2026/08/01@14:34:24,1370,29.352254,25744.0
2026/08/01@14:34:25,1371,29.367514,25747.290322580644
2026/08/01@14:34:26,1372,29.425498,25750.58064516129
2026/08/01@14:34:27,1373,29.45449,25753.870967741936
2026/08/01@14:34:28,1374,29.55825,25757.16129032258
2026/08/01@14:34:29,1375,29.645228,25760.451612903227
2026/08/01@14:34:31,1377,29.672694,25767.032258064515
2026/08/01@14:34:32,1378,29.65896,25770.322580645163
2026/08/01@14:34:33,1379,29.65896,25773.612903225807
2026/08/01@14:34:34,1380,29.642176,25776.90322580645
2026/08/01@14:34:35,1381,29.645228,25780.1935483871
2026/08/01@14:34:36,1382,29.718472,25783.483870967742
2026/08/01@14:34:37,1383,29.802394,25786.774193548386
2026/08/01@14:34:38,1384,29.906156,25790.064516129034
2026/08/01@14:34:39,1385,29.9794,25793.354838709678
2026/08/01@14:34:40,1386,30.022126,25796.645161290322
2026/08/01@14:34:42,1388,30.109102,25803.225806451614
2026/08/01@14:34:43,1389,30.093844,25806.516129032258
2026/08/01@14:34:44,1390,29.990082,25809.8064516129
2026/08/01@14:34:45,1391,29.958038,25813.09677419355
2026/08/01@14:34:46,1392,29.814604,25816.387096774193
2026/08/01@14:34:47,1393,29.81613,25819.677419354837
2026/08/01@14:34:48,1394,29.773404,25822.967741935485
2026/08/01@14:34:49,1395,29.846648,25826.25806451613
2026/08/01@14:34:50,1396,29.8756384,25829.548387096773
2026/08/01@14:34:51,1397,29.887846,25832.83870967742
2026/08/01@14:34:53,1399,29.86038,25839.41935483871
2026/08/01@14:34:54,1400,29.756618,25842.709677419356
2026/08/01@14:34:55,1401,29.69711,25846.0
2026/08/01@14:34:56,1402,29.623866,25849.266666666666
2026/08/01@14:34:57,1403,29.535362,25852.533333333333
2026/08/01@14:34:58,1404,29.436178,25855.8
2026/08/01@14:34:59,1405,29.404134,25859.066666666666
2026/08/01@14:35:00,1406,29.477378,25862.333333333332
2026/08/01@14:35:01,1407,29.567408,25865.6
2026/08/01@14:35:02,1408,29.504844,25868.866666666665
2026/08/01@14:35:04,1410,29.4499132,25875.4
2026/08/01@14:35:05,1411,29.399558,25878.666666666668
2026/08/01@14:35:06,1412,29.298848,25881.933333333334
2026/08/01@14:35:07,1413,29.22408,25885.2
2026/08/01@14:35:08,1414,29.077592,25888.466666666667
2026/08/01@14:35:09,1415,29.068438,25891.733333333334
2026/08/01@14:35:10,1416,29.036392,25895.0
2026/08/01@14:35:11,1417,29.065386,25898.266666666666
2026/08/01@14:35:12,1418,29.06386,25901.533333333333
2026/08/01@14:35:13,1419,28.972306,25904.8
2026/08/01@14:35:15,1421,28.909742,25911.333333333332
2026/08/01@14:35:16,1422,28.841078,25914.6
2026/08/01@14:35:17,1423,28.767834,25917.866666666665
2026/08/01@14:35:18,1424,28.752574,25921.133333333335
2026/08/01@14:35:19,1425,28.752574,25924.4
2026/08/01@14:35:20,1426,28.871596,25927.666666666668
2026/08/01@14:35:21,1427,28.958572,25930.933333333334
2026/08/01@14:35:22,1428,29.060806,25934.2
2026/08/01@14:35:23,1429,29.161516,25937.466666666667
2026/08/01@14:35:24,1430,29.27901,25940.733333333334
2026/08/01@14:35:25,1431,29.349204,25944.0
2026/08/01@14:35:27,1433,29.362936,25950.25806451613
2026/08/01@14:35:28,1434,29.36141,25953.387096774193
2026/08/01@14:35:29,1435,29.257648,25956.516129032258
2026/08/01@14:35:30,1436,29.214924,25959.645161290322
2026/08/01@14:35:31,1437,29.169146,25962.774193548386
2026/08/01@14:35:32,1438,29.114214,25965.90322580645
2026/08/01@14:35:33,1439,29.100482,25969.032258064515
2026/08/01@14:35:34,1440,29.155412,25972.16129032258
2026/08/01@14:35:35,1441,29.214924,25975.290322580644
2026/08/01@14:35:36,1442,29.143206,25978.41935483871
2026/08/01@14:35:38,1444,29.156938,25984.677419354837
2026/08/01@14:35:39,1445,29.124896,25987.8064516129
2026/08/01@14:35:40,1446,29.256122,25990.935483870966
2026/08/01@14:35:41,1447,29.375144,25994.064516129034
2026/08/01@14:35:42,1448,29.301899,25997.1935483871
2026/08/01@14:35:43,1449,29.283588,26000.322580645163
2026/08/01@14:35:44,1450,29.211872,26003.451612903227
2026/08/01@14:35:45,1451,29.283588,26006.58064516129
2026/08/01@14:35:46,1452,29.19814,26009.709677419356
2026/08/01@14:35:47,1453,29.155412,26012.83870967742
2026/08/01@14:35:49,1455,29.155412,26019.09677419355
2026/08/01@14:35:50,1456,29.12337,26022.225806451614
2026/08/01@14:35:51,1457,29.079118,26025.354838709678
2026/08/01@14:35:52,1458,29.036392,26028.483870967742
2026/08/01@14:35:53,1459,29.005874,26031.612903225807
2026/08/01@14:35:54,1460,28.990616,26034.74193548387
2026/08/01@14:35:55,1461,29.004348,26037.870967741936
2026/08/01@14:35:56,1462,28.917372,26041.0
2026/08/01@14:35:57,1463,28.990616,26044.433333333334
2026/08/01@14:35:58,1464,29.028762,26047.866666666665
2026/08/01@14:36:00,1466,28.912794,26054.733333333334
2026/08/01@14:36:01,1467,28.82582,26058.166666666668
2026/08/01@14:36:02,1468,28.722058,26061.6
2026/08/01@14:36:03,1469,28.633554,26065.033333333333
2026/08/01@14:36:04,1470,28.606088,26068.466666666667
2026/08/01@14:36:05,1471,28.592356,26071.9
2026/08/01@14:36:06,1472,28.621348,26075.333333333332
2026/08/01@14:36:07,1473,28.603036,26078.766666666666
2026/08/01@14:36:08,1474,28.648814,26082.2
2026/08/01@14:36:09,1475,28.606088,26085.633333333335
2026/08/01@14:36:11,1477,28.557258,26092.5
2026/08/01@14:36:12,1478,28.409246,26095.933333333334
2026/08/01@14:36:13,1479,28.308536,26099.366666666665
2026/08/01@14:36:14,1480,28.249028,26102.8
2026/08/01@14:36:15,1481,28.1025416,26106.233333333334
2026/08/01@14:36:16,1482,27.985046,26109.666666666668
2026/08/01@14:36:17,1483,27.914854,26113.1
2026/08/01@14:36:18,1484,27.83856,26116.533333333333
2026/08/01@14:36:19,1485,27.779048,26119.966666666667
2026/08/01@14:36:20,1486,27.649348,26123.4
2026/08/01@14:36:22,1488,27.516594,26130.266666666666
2026/08/01@14:36:23,1489,27.45861,26133.7
2026/08/01@14:36:24,1490,27.371634,26137.133333333335
2026/08/01@14:36:25,1491,27.3579,26140.566666666666
2026/08/01@14:36:26,1492,27.371634,26144.0
2026/08/01@14:36:27,1493,27.41741,26147.0
2026/08/01@14:36:28,1494,27.5028616,26150.0
2026/08/01@14:36:29,1495,27.548638,26153.0
2026/08/01@14:36:30,1496,27.66308,26156.0
2026/08/01@14:36:31,1497,27.649348,26159.0
2026/08/01@14:36:32,1498,27.779048,26162.0
2026/08/01@14:36:34,1500,27.779048,26168.0
2026/08/01@14:36:35,1501,27.869078,26171.0
2026/08/01@14:36:36,1502,27.925536,26174.0
2026/08/01@14:36:37,1503,28.05371,26177.0
2026/08/01@14:36:38,1504,28.171206,26180.0
2026/08/01@14:36:39,1505,28.232242,26183.0
2026/08/01@14:36:40,1506,28.358892,26186.0
2026/08/01@14:36:41,1507,28.400092,26189.0
2026/08/01@14:36:42,1508,28.520638,26192.0
2026/08/01@14:36:43,1509,28.592356,26195.0
2026/08/01@14:36:45,1511,28.561836,26201.0
2026/08/01@14:36:46,1512,28.593882,26204.0
2026/08/01@14:36:47,1513,28.561836,26207.0
2026/08/01@14:36:48,1514,28.561836,26210.0
2026/08/01@14:36:49,1515,28.593882,26213.0
2026/08/01@14:36:50,1516,28.65339,26216.0
2026/08/01@14:36:51,1517,28.63508,26219.0
2026/08/01@14:36:52,1518,28.638132,26222.0
2026/08/01@14:36:53,1519,28.592356,26225.0
2026/08/01@14:36:54,1520,28.546578,26228.0
2026/08/01@14:36:56,1522,28.400092,26234.0
2026/08/01@14:36:57,1523,28.227664,26237.0
2026/08/01@14:36:58,1524,28.198674,26239.935483870966
2026/08/01@14:36:59,1525,28.107118,26242.870967741936
2026/08/01@14:37:00,1526,27.989624,26245.8064516129
2026/08/01@14:37:01,1527,27.870604,26248.74193548387
2026/08/01@14:37:02,1528,27.814146,26251.677419354837
2026/08/01@14:37:03,1529,27.731746,26254.612903225807
2026/08/01@14:37:04,1530,27.70123,26257.548387096773
2026/08/01@14:37:05,1531,27.658502,26260.483870967742
2026/08/01@14:37:07,1533,27.728694,26266.354838709678
2026/08/01@14:37:08,1534,27.772946,26269.290322580644
2026/08/01@14:37:09,1535,27.759212,26272.225806451614
2026/08/01@14:37:10,1536,27.814146,26275.16129032258
2026/08/01@14:37:11,1537,27.786678,26278.09677419355
2026/08/01@14:37:12,1538,27.783626,26281.032258064515
2026/08/01@14:37:13,1539,27.79736,26283.967741935485
2026/08/01@14:37:14,1540,27.72717,26286.90322580645
2026/08/01@14:37:15,1541,27.814146,26289.83870967742
2026/08/01@14:37:16,1542,27.869078,26292.774193548386
2026/08/01@14:37:18,1544,27.9026468,26298.645161290322
2026/08/01@14:37:19,1545,27.974366,26301.58064516129
2026/08/01@14:37:20,1546,27.98352,26304.516129032258
2026/08/01@14:37:21,1547,27.823302,26307.451612903227
2026/08/01@14:37:22,1548,27.779048,26310.387096774193
2026/08/01@14:37:23,1549,27.6783384,26313.322580645163
2026/08/01@14:37:24,1550,27.68139,26316.25806451613
2026/08/01@14:37:25,1551,27.68139,26319.1935483871
2026/08/01@14:37:26,1552,27.811092,26322.129032258064
2026/08/01@14:37:27,1553,27.85687,26325.064516129034
2026/08/01@14:37:29,1555,27.930112,26330.966666666667
2026/08/01@14:37:30,1556,28.001832,26333.933333333334
2026/08/01@14:37:31,1557,28.015564,26336.9
2026/08/01@14:37:32,1558,28.001832,26339.866666666665
2026/08/01@14:37:33,1559,27.95758,26342.833333333332
2026/08/01@14:37:34,1560,27.942322,26345.8
2026/08/01@14:37:35,1561,27.985046,26348.766666666666
2026/08/01@14:37:36,1562,27.943848,26351.733333333334
2026/08/01@14:37:37,1563,27.928587,26354.7
2026/08/01@14:37:38,1564,27.969788,26357.666666666668
2026/08/01@14:37:39,1565,27.943848,26360.633333333335
2026/08/01@14:37:41,1567,28.003356,26366.566666666666
2026/08/01@14:37:42,1568,28.044556,26369.533333333333
2026/08/01@14:37:43,1569,28.044556,26372.5
2026/08/01@14:37:44,1570,28.029296,26375.466666666667
2026/08/01@14:37:45,1571,27.928587,26378.433333333334
2026/08/01@14:37:46,1572,27.960632,26381.4
2026/08/01@14:37:47,1573,27.971314,26384.366666666665
2026/08/01@14:37:48,1574,28.003356,26387.333333333332
2026/08/01@14:37:49,1575,27.988098,26390.3
2026/08/01@14:37:50,1576,27.91638,26393.266666666666
2026/08/01@14:37:52,1578,27.612726,26399.2
2026/08/01@14:37:53,1579,27.333486,26402.166666666668
2026/08/01@14:37:54,1580,27.11986,26405.133333333335
2026/08/01@14:37:55,1581,27.013046,26408.1
2026/08/01@14:37:56,1582,26.781108,26411.066666666666
2026/08/01@14:37:57,1583,26.561378,26414.033333333333
2026/08/01@14:37:58,1584,26.227208,26417.0
2026/08/01@14:37:59,1585,25.983062,26419.935483870966
2026/08/01@14:38:00,1586,25.703824,26422.870967741936
2026/08/01@14:38:01,1587,25.42916,26425.8064516129
2026/08/01@14:38:03,1589,25.1819632,26431.677419354837
2026/08/01@14:38:04,1590,24.950028,26434.612903225807
2026/08/01@14:38:05,1591,24.8065908,26437.548387096773
2026/08/01@14:38:06,1592,24.776074,26440.483870967742
2026/08/01@14:38:07,1593,24.600596,26443.41935483871
2026/08/01@14:38:08,1594,24.4815736,26446.354838709678
2026/08/01@14:38:09,1595,24.30457,26449.290322580644
2026/08/01@14:38:10,1596,24.222172,26452.225806451614
2026/08/01@14:38:11,1597,24.2069132,26455.16129032258
2026/08/01@14:38:12,1598,24.19318,26458.09677419355
2026/08/01@14:38:14,1600,24.3534,26463.967741935485
2026/08/01@14:38:15,1601,24.541084,26466.90322580645
2026/08/01@14:38:16,1602,24.757762,26469.83870967742
2026/08/01@14:38:17,1603,24.934766,26472.774193548386
2026/08/01@14:38:18,1604,25.119402,26475.709677419356
2026/08/01@14:38:19,1605,25.192646,26478.645161290322
2026/08/01@14:38:20,1606,25.119402,26481.58064516129
2026/08/01@14:38:21,1607,24.943924,26484.516129032258
2026/08/01@14:38:22,1608,24.715038,26487.451612903227
2026/08/01@14:38:23,1609,24.62501,26490.387096774193
2026/08/01@14:38:24,1610,24.510566,26493.322580645163
2026/08/01@14:38:26,1612,24.377814,26499.1935483871
2026/08/01@14:38:27,1613,24.235904,26502.129032258064
2026/08/01@14:38:28,1614,24.135194,26505.064516129034
2026/08/01@14:38:29,1615,24.0329584,26508.0
2026/08/01@14:38:30,1616,24.046692,26510.966666666667
2026/08/01@14:38:31,1617,24.106204,26513.933333333334
2026/08/01@14:38:32,1618,24.203862,26516.9
2026/08/01@14:38:33,1619,24.26337,26519.866666666665
2026/08/01@14:38:34,1620,24.40833,26522.833333333332
2026/08/01@14:38:35,1621,24.496834,26525.8
2026/08/01@14:38:37,1623,24.655528,26531.733333333334
2026/08/01@14:38:38,1624,24.72572,26534.7
2026/08/01@14:38:39,1625,24.843214,26537.666666666668
2026/08/01@14:38:40,1626,24.884412,26540.633333333335
2026/08/01@14:38:41,1627,24.829482,26543.6
2026/08/01@14:38:42,1628,24.753186,26546.566666666666
2026/08/01@14:38:43,1629,24.66926,26549.533333333333
2026/08/01@14:38:44,1630,24.696728,26552.5
2026/08/01@14:38:45,1631,24.7562368,26555.466666666667
2026/08/01@14:38:46,1632,24.783702,26558.433333333334
2026/08/01@14:38:48,1634,24.840162,26564.366666666665
2026/08/01@14:38:49,1635,24.87068,26567.333333333332
2026/08/01@14:38:50,1636,24.753186,26570.3
2026/08/01@14:38:51,1637,24.867628,26573.266666666666
2026/08/01@14:38:52,1638,24.913404,26576.233333333334
2026/08/01@14:38:53,1639,24.986648,26579.2
2026/08/01@14:38:54,1640,25.099566,26582.166666666668
2026/08/01@14:38:55,1641,25.218586,26585.133333333335
2026/08/01@14:38:56,1642,25.36202,26588.1
2026/08/01@14:38:57,1643,25.4062708,26591.066666666666
2026/08/01@14:38:59,1645,25.461204,26597.0
2026/08/01@14:39:00,1646,25.46273,26600.064516129034
2026/08/01@14:39:01,1647,25.479516,26603.129032258064
2026/08/01@14:39:02,1648,25.416952,26606.1935483871
2026/08/01@14:39:03,1649,25.433736,26609.25806451613
2026/08/01@14:39:04,1650,25.348288,26612.322580645163
2026/08/01@14:39:05,1651,25.256732,26615.387096774193
2026/08/01@14:39:06,1652,24.994278,26618.451612903227
2026/08/01@14:39:07,1653,24.707408,26621.516129032258
2026/08/01@14:39:08,1654,24.618906,26624.58064516129
2026/08/01@14:39:10,1656,24.49073,26630.709677419356
2026/08/01@14:39:11,1657,24.518196,26633.774193548386
2026/08/01@14:39:12,1658,24.59144,26636.83870967742
2026/08/01@14:39:13,1659,24.618906,26639.90322580645
2026/08/01@14:39:14,1660,24.515144,26642.967741935485
2026/08/01@14:39:15,1661,24.267948,26646.032258064515
2026/08/01@14:39:16,1662,24.180972,26649.09677419355
2026/08/01@14:39:17,1663,24.135194,26652.16129032258
2026/08/01@14:39:18,1664,24.093996,26655.225806451614
2026/08/01@14:39:19,1665,23.93225,26658.290322580644
2026/08/01@14:39:20,1666,23.759822,26661.354838709678
2026/08/01@14:39:22,1668,23.46685,26667.483870967742
2026/08/01@14:39:23,1669,23.350882,26670.548387096773
2026/08/01@14:39:24,1670,23.282216,26673.612903225807
2026/08/01@14:39:25,1671,23.236438,26676.677419354837
2026/08/01@14:39:26,1672,23.236438,26679.74193548387
2026/08/01@14:39:27,1673,23.393606,26682.8064516129
2026/08/01@14:39:28,1674,23.570612,26685.870967741936
2026/08/01@14:39:29,1675,23.62707,26688.935483870966
2026/08/01@14:39:30,1676,23.685052,26692.0
2026/08/01@14:39:31,1677,23.709468,26695.129032258064
2026/08/01@14:39:33,1679,23.581294,26701.387096774193
2026/08/01@14:39:34,1680,23.540092,26704.516129032258
2026/08/01@14:39:35,1681,23.480584,26707.645161290322
2026/08/01@14:39:36,1682,23.424124,26710.774193548386
2026/08/01@14:39:37,1683,23.437858,26713.90322580645
2026/08/01@14:39:38,1684,23.40734,26717.032258064515
2026/08/01@14:39:39,1685,23.421072,26720.16129032258
2026/08/01@14:39:40,1686,23.494316,26723.290322580644
2026/08/01@14:39:41,1687,23.506524,26726.41935483871
2026/08/01@14:39:42,1688,23.581294,26729.548387096773
2026/08/01@14:39:44,1690,23.636224,26735.8064516129
2026/08/01@14:39:45,1691,23.649958,26738.935483870966
2026/08/01@14:39:46,1692,23.66369,26742.064516129034
2026/08/01@14:39:47,1693,23.636224,26745.1935483871
2026/08/01@14:39:48,1694,23.54467,26748.322580645163
2026/08/01@14:39:49,1695,23.604182,26751.451612903227
2026/08/01@14:39:50,1696,23.5935,26754.58064516129
2026/08/01@14:39:51,1697,23.617914,26757.709677419356
2026/08/01@14:39:52,1698,23.721676,26760.83870967742
2026/08/01@14:39:53,1699,23.837644,26763.967741935485
2026/08/01@14:39:55,1701,23.938354,26770.225806451614
2026/08/01@14:39:56,1702,24.011596,26773.354838709678
2026/08/01@14:39:57,1703,24.037536,26776.483870967742
2026/08/01@14:39:58,1704,23.920042,26779.612903225807
2026/08/01@14:39:59,1705,23.849852,26782.74193548387
2026/08/01@14:40:00,1706,23.735408,26785.870967741936
2026/08/01@14:40:01,1707,23.718624,26789.0
2026/08/01@14:40:02,1708,23.749142,26792.366666666665
2026/08/01@14:40:03,1709,23.804074,26795.733333333334
2026/08/01@14:40:04,1710,23.920042,26799.1
2026/08/01@14:40:06,1712,23.993286,26805.833333333332
2026/08/01@14:40:07,1713,24.069582,26809.2
2026/08/01@14:40:08,1714,24.05127,26812.566666666666
2026/08/01@14:40:09,1715,24.11078,26815.933333333334
2026/08/01@14:40:10,1716,24.138246,26819.3
2026/08/01@14:40:11,1717,24.080264,26822.666666666668
2026/08/01@14:40:12,1718,23.978028,26826.033333333333
2026/08/01@14:40:13,1719,24.01007,26829.4
2026/08/01@14:40:14,1720,23.993286,26832.766666666666
2026/08/01@14:40:15,1721,24.01007,26836.133333333335
2026/08/01@14:40:16,1722,24.0070192,26839.5
2026/08/01@14:40:18,1724,24.078738,26846.233333333334
2026/08/01@14:40:19,1725,24.138246,26849.6
2026/08/01@14:40:20,1726,24.222172,26852.966666666667
2026/08/01@14:40:21,1727,24.354926,26856.333333333332
2026/08/01@14:40:22,1728,24.428168,26859.7
2026/08/01@14:40:23,1729,24.428168,26863.066666666666
2026/08/01@14:40:24,1730,24.440376,26866.433333333334
2026/08/01@14:40:25,1731,24.469368,26869.8
2026/08/01@14:40:26,1732,24.336614,26873.166666666668
2026/08/01@14:40:27,1733,24.176394,26876.533333333333
2026/08/01@14:40:29,1735,24.034484,26883.266666666666
2026/08/01@14:40:30,1736,23.877318,26886.633333333335
2026/08/01@14:40:31,1737,23.8468,26890.0
2026/08/01@14:40:32,1738,23.730832,26893.387096774193
2026/08/01@14:40:33,1739,23.773556,26896.774193548386
2026/08/01@14:40:34,1740,23.79034,26900.16129032258
2026/08/01@14:40:35,1741,23.877318,26903.548387096773
2026/08/01@14:40:36,1742,23.950562,26906.935483870966
2026/08/01@14:40:37,1743,23.99176,26910.322580645163
2026/08/01@14:40:38,1744,23.974976,26913.709677419356
2026/08/01@14:40:40,1746,23.90631,26920.483870967742
2026/08/01@14:40:41,1747,23.787288,26923.870967741936
2026/08/01@14:40:42,1748,23.639276,26927.25806451613
2026/08/01@14:40:43,1749,23.5523,26930.645161290322
2026/08/01@14:40:44,1750,23.453118,26934.032258064515
2026/08/01@14:40:45,1751,23.39208,26937.41935483871
2026/08/01@14:40:46,1752,23.40734,26940.8064516129
2026/08/01@14:40:47,1753,23.424124,26944.1935483871
2026/08/01@14:40:48,1754,23.44854,26947.58064516129
2026/08/01@14:40:49,1755,23.419546,26950.967741935485
2026/08/01@14:40:51,1757,23.318838,26957.74193548387
2026/08/01@14:40:52,1758,23.29137,26961.129032258064
2026/08/01@14:40:53,1759,23.315786,26964.516129032258
2026/08/01@14:40:54,1760,23.39208,26967.90322580645
2026/08/01@14:40:55,1761,23.419546,26971.290322580644
2026/08/01@14:40:56,1762,23.476006,26974.677419354837
2026/08/01@14:40:57,1763,23.389028,26978.064516129034
2026/08/01@14:40:58,1764,23.346304,26981.451612903227
2026/08/01@14:40:59,1765,23.270008,26984.83870967742
2026/08/01@14:41:00,1766,23.123522,26988.225806451614
2026/08/01@14:41:02,1768,23.0457,26995.0
2026/08/01@14:41:03,1769,22.844282,26998.266666666666
2026/08/01@14:41:04,1770,22.702374,27001.533333333333
2026/08/01@14:41:05,1771,22.645914,27004.8
2026/08/01@14:41:06,1772,22.581828,27008.066666666666
2026/08/01@14:41:07,1773,22.504006,27011.333333333332
2026/08/01@14:41:08,1774,22.549782,27014.6
2026/08/01@14:41:09,1775,22.627604,27017.866666666665
2026/08/01@14:41:10,1776,22.674906,27021.133333333335
2026/08/01@14:41:11,1777,22.751202,27024.4
2026/08/01@14:41:12,1778,22.764934,27027.666666666668
2026/08/01@14:41:14,1780,22.952622,27034.2
2026/08/01@14:41:15,1781,22.998398,27037.466666666667
2026/08/01@14:41:16,1782,22.935834,27040.733333333334
2026/08/01@14:41:17,1783,22.871748,27044.0
2026/08/01@14:41:18,1784,22.68864,27047.266666666666
2026/08/01@14:41:19,1785,22.624552,27050.533333333333
2026/08/01@14:41:20,1786,22.560462,27053.8
2026/08/01@14:41:21,1787,22.46891,27057.066666666666
2026/08/01@14:41:22,1788,22.37583,27060.333333333332
2026/08/01@14:41:23,1789,22.281224,27063.6
2026/08/01@14:41:25,1791,22.281224,27070.133333333335
2026/08/01@14:41:26,1792,22.299534,27073.4
2026/08/01@14:41:27,1793,22.343786,27076.666666666668
2026/08/01@14:41:28,1794,22.514686,27079.933333333334
2026/08/01@14:41:29,1795,22.652018,27083.2
2026/08/01@14:41:30,1796,22.821394,27086.466666666667
2026/08/01@14:41:31,1797,22.865644,27089.733333333334
2026/08/01@14:41:32,1798,22.743572,27093.0
2026/08/01@14:41:33,1799,22.619974,27096.032258064515
2026/08/01@14:41:34,1800,22.572672,27099.064516129034
2026/08/01@14:41:36,1802,22.523842,27105.129032258064
2026/08/01@14:41:37,1803,22.444496,27108.16129032258
2026/08/01@14:41:38,1804,22.34989,27111.1935483871
2026/08/01@14:41:39,1805,22.27512,27114.225806451614
2026/08/01@14:41:40,1806,22.258336,27117.25806451613
2026/08/01@14:41:41,1807,22.243076,27120.290322580644
2026/08/01@14:41:42,1808,22.25681,27123.322580645163
2026/08/01@14:41:43,1809,22.146944,27126.354838709678
2026/08/01@14:41:44,1810,22.024872,27129.387096774193
2026/08/01@14:41:45,1811,21.91348,27132.41935483871
2026/08/01@14:41:47,1813,21.725796,27138.483870967742
2026/08/01@14:41:48,1814,21.634242,27141.516129032258
2026/08/01@14:41:49,1815,21.588464,27144.548387096773
2026/08/01@14:41:50,1816,21.4786,27147.58064516129
2026/08/01@14:41:51,1817,21.480126,27150.612903225807
2026/08/01@14:41:52,1818,21.542686,27153.645161290322
2026/08/01@14:41:53,1819,21.588464,27156.677419354837
2026/08/01@14:41:54,1820,21.75784,27159.709677419356
2026/08/01@14:41:55,1821,21.9104284,27162.74193548387
2026/08/01@14:41:56,1822,21.972992,27165.774193548386
2026/08/01@14:41:58,1824,21.908904,27171.83870967742
2026/08/01@14:41:59,1825,21.878386,27174.870967741936
2026/08/01@14:42:00,1826,21.812772,27177.90322580645
2026/08/01@14:42:01,1827,21.629664,27180.935483870966
2026/08/01@14:42:02,1828,21.48928,27183.967741935485
2026/08/01@14:42:03,1829,21.457238,27187.0
2026/08/01@14:42:04,1830,21.37789,27189.939393939392
2026/08/01@14:42:05,1831,21.4114584,27192.878787878788
2026/08/01@14:42:06,1832,21.37789,27195.81818181818
2026/08/01@14:42:07,1833,21.501488,27198.757575757576
2026/08/01@14:42:08,1834,21.374838,27201.696969696968
2026/08/01@14:42:10,1836,21.3611052,27207.575757575756
2026/08/01@14:42:11,1837,21.434348,27210.515151515152
2026/08/01@14:42:12,1838,21.451134,27213.454545454544
2026/08/01@14:42:13,1839,21.434348,27216.39393939394
2026/08/01@14:42:14,1840,21.368734,27219.333333333332
2026/08/01@14:42:15,1841,21.25887,27222.272727272728
2026/08/01@14:42:16,1842,21.104754,27225.21212121212
2026/08/01@14:42:17,1843,21.025406,27228.151515151516
2026/08/01@14:42:18,1844,20.981156,27231.090909090908
2026/08/01@14:42:19,1845,20.952164,27234.030303030304
2026/08/01@14:42:21,1847,20.981156,27239.909090909092
2026/08/01@14:42:22,1848,21.040664,27242.848484848484
2026/08/01@14:42:23,1849,21.121538,27245.78787878788
2026/08/01@14:42:24,1850,21.338216,27248.727272727272
2026/08/01@14:42:25,1851,21.521324,27251.666666666668
2026/08/01@14:42:26,1852,21.76852,27254.60606060606
2026/08/01@14:42:27,1853,21.924162,27257.545454545456
2026/08/01@14:42:28,1854,22.043182,27260.484848484848
2026/08/01@14:42:29,1855,21.982148,27263.424242424244
2026/08/01@14:42:30,1856,21.979096,27266.363636363636
2026/08/01@14:42:32,1858,21.982148,27272.242424242424
2026/08/01@14:42:33,1859,21.933318,27275.18181818182
2026/08/01@14:42:34,1860,21.88754,27278.121212121212
2026/08/01@14:42:35,1861,21.841764,27281.060606060608
2026/08/01@14:42:36,1862,21.795986,27284.0
2026/08/01@14:42:37,1863,21.795986,27286.9
2026/08/01@14:42:38,1864,21.840238,27289.8
2026/08/01@14:42:39,1865,21.638818,27292.7
2026/08/01@14:42:40,1866,21.562524,27295.6
2026/08/01@14:42:41,1867,21.51522,27298.5
2026/08/01@14:42:43,1869,21.469444,27304.3
2026/08/01@14:42:44,1870,21.562524,27307.2
2026/08/01@14:42:45,1871,21.57931,27310.1
2026/08/01@14:42:46,1872,21.670862,27313.0
2026/08/01@14:42:47,1873,21.821928,27315.9
2026/08/01@14:42:48,1874,21.791408,27318.8
2026/08/01@14:42:49,1875,21.66781,27321.7
2026/08/01@14:42:50,1876,21.759366,27324.6
2026/08/01@14:42:51,1877,21.709012,27327.5
2026/08/01@14:42:52,1878,21.6357668,27330.4
2026/08/01@14:42:54,1879,21.603724,27336.2
2026/08/01@14:42:55,1881,21.603724,27339.1
2026/08/01@14:42:56,1882,21.647974,27342.0
2026/08/01@14:42:57,1883,21.617456,27344.9
2026/08/01@14:42:58,1884,21.63119,27347.8
2026/08/01@14:42:59,1885,21.661706,27350.7
2026/08/01@14:43:00,1886,21.676966,27353.6
2026/08/01@14:43:01,1887,21.661706,27356.5
2026/08/01@14:43:02,1888,21.567102,27359.4
2026/08/01@14:43:03,1889,21.409934,27362.3
2026/08/01@14:43:04,1890,21.301594,27365.2
2026/08/01@14:43:06,1892,21.347372,27371.0
2026/08/01@14:43:07,1893,21.347372,27373.90322580645
2026/08/01@14:43:08,1894,21.379416,27376.8064516129
2026/08/01@14:43:09,1895,21.364156,27379.709677419356
2026/08/01@14:43:10,1896,21.3611052,27382.612903225807
2026/08/01@14:43:11,1897,21.190204,27385.516129032258
2026/08/01@14:43:12,1898,21.08034,27388.41935483871
2026/08/01@14:43:13,1899,20.99031,27391.322580645163
2026/08/01@14:43:14,1900,20.958268,27394.225806451614
2026/08/01@14:43:15,1901,20.958268,27397.129032258064
2026/08/01@14:43:17,1903,21.034562,27402.935483870966
2026/08/01@14:43:18,1904,20.988784,27405.83870967742
2026/08/01@14:43:19,1905,20.828566,27408.74193548387
2026/08/01@14:43:20,1906,20.69276,27411.645161290322
2026/08/01@14:43:21,1907,20.613412,27414.548387096773
2026/08/01@14:43:22,1908,20.582896,27417.451612903227
2026/08/01@14:43:23,1909,20.518806,27420.354838709678
2026/08/01@14:43:24,1910,20.457772,27423.25806451613
2026/08/01@14:43:25,1911,20.331122,27426.16129032258
2026/08/01@14:43:26,1912,20.285344,27429.064516129034
2026/08/01@14:43:28,1914,20.334174,27434.870967741936
2026/08/01@14:43:29,1915,20.37995,27437.774193548386
2026/08/01@14:43:30,1916,20.58137,27440.677419354837
2026/08/01@14:43:31,1917,20.779736,27443.58064516129
2026/08/01@14:43:32,1918,20.903334,27446.483870967742
2026/08/01@14:43:33,1919,21.089494,27449.387096774193
2026/08/01@14:43:34,1920,21.226826,27452.290322580644
2026/08/01@14:43:35,1921,21.3962,27455.1935483871
2026/08/01@14:43:36,1922,21.551842,27458.09677419355
2026/08/01@14:43:37,1923,21.766994,27461.0
2026/08/01@14:43:39,1925,21.904326,27466.4
2026/08/01@14:43:40,1926,21.795986,27469.1
2026/08/01@14:43:41,1927,21.689174,27471.8
2026/08/01@14:43:42,1928,21.47097,27474.5
2026/08/01@14:43:43,1929,21.409934,27477.2
2026/08/01@14:43:44,1930,21.2863344,27479.9
2026/08/01@14:43:45,1931,21.240558,27482.6
2026/08/01@14:43:46,1932,21.255818,27485.3
2026/08/01@14:43:47,1933,21.31838,27488.0
2026/08/01@14:43:48,1934,21.345846,27490.7
2026/08/01@14:43:50,1935,21.159686,27496.1
2026/08/01@14:43:51,1937,21.19173,27498.8
2026/08/01@14:43:52,1938,21.19173,27501.5
2026/08/01@14:43:53,1939,21.173418,27504.2
2026/08/01@14:43:54,1940,21.048294,27506.9
2026/08/01@14:43:55,1941,20.892652,27509.6
2026/08/01@14:43:56,1942,20.724804,27512.3
2026/08/01@14:43:57,1943,20.613412,27515.0
2026/08/01@14:43:58,1944,20.425726,27517.7
2026/08/01@14:43:59,1945,20.303654,27520.4
2026/08/01@14:44:00,1946,20.2533,27523.1
2026/08/01@14:44:02,1948,20.114442,27528.5
2026/08/01@14:44:03,1949,19.945068,27531.2
2026/08/01@14:44:04,1950,19.835204,27533.9
2026/08/01@14:44:05,1951,19.786374,27536.6
2026/08/01@14:44:06,1952,19.77264,27539.3
2026/08/01@14:44:07,1953,19.633784,27542.0
2026/08/01@14:44:08,1954,19.693294,27545.0
2026/08/01@14:44:09,1955,19.629206,27548.0
2026/08/01@14:44:10,1956,19.644464,27551.0
2026/08/01@14:44:11,1957,19.642938,27554.0
2026/08/01@14:44:13,1959,19.597162,27560.0
2026/08/01@14:44:14,1960,19.548332,27563.0
2026/08/01@14:44:15,1961,19.551384,27566.0
2026/08/01@14:44:16,1962,19.578852,27569.0
2026/08/01@14:44:17,1963,19.656672,27572.0
2026/08/01@14:44:18,1964,19.65362,27575.0
2026/08/01@14:44:19,1965,19.621576,27578.0
2026/08/01@14:44:20,1966,19.574274,27581.0
2026/08/01@14:44:21,1967,19.546806,27584.0
2026/08/01@14:44:22,1968,19.497978,27587.0
2026/08/01@14:44:24,1970,19.592584,27593.0
2026/08/01@14:44:25,1971,19.71313,27596.0
2026/08/01@14:44:26,1972,19.79095,27599.0
2026/08/01@14:44:27,1973,19.942016,27602.0
2026/08/01@14:44:28,1974,19.864194,27605.0
2026/08/01@14:44:29,1975,19.803158,27608.0
2026/08/01@14:44:30,1976,19.864194,27611.0
2026/08/01@14:44:31,1977,19.845884,27614.0
2026/08/01@14:44:32,1978,19.784848,27617.0
2026/08/01@14:44:33,1979,19.73907,27620.0
2026/08/01@14:44:35,1981,19.676508,27626.0
2026/08/01@14:44:36,1982,19.707028,27629.0
2026/08/01@14:44:37,1983,19.688716,27632.0
2026/08/01@14:44:38,1984,19.565118,27635.0
2026/08/01@14:44:39,1985,19.626154,27638.032258064515
2026/08/01@14:44:40,1986,19.656672,27641.064516129034
2026/08/01@14:44:41,1987,19.607844,27644.09677419355
2026/08/01@14:44:42,1988,19.607844,27647.129032258064
2026/08/01@14:44:43,1989,19.597162,27650.16129032258
2026/08/01@14:44:44,1990,19.607844,27653.1935483871
2026/08/01@14:44:45,1991,19.685664,27656.225806451614
2026/08/01@14:44:47,1993,19.7634852,27662.290322580644
2026/08/01@14:44:48,1994,19.731442,27665.322580645163
2026/08/01@14:44:49,1995,19.697872,27668.354838709678
2026/08/01@14:44:50,1996,19.711606,27671.387096774193
2026/08/01@14:44:51,1997,19.665826,27674.41935483871
2026/08/01@14:44:52,1998,19.6627736,27677.451612903227
2026/08/01@14:44:53,1999,19.644464,27680.483870967742
2026/08/01@14:44:54,2000,19.598688,27683.516129032258
2026/08/01@14:44:55,2001,19.569696,27686.548387096773
2026/08/01@14:44:56,2002,19.446098,27689.58064516129
2026/08/01@14:44:58,2004,19.461358,27695.645161290322
2026/08/01@14:44:59,2005,19.584956,27698.677419354837
2026/08/01@14:45:00,2006,19.566644,27701.709677419356
2026/08/01@14:45:01,2007,19.548332,27704.74193548387
2026/08/01@14:45:02,2008,19.468986,27707.774193548386
2026/08/01@14:45:03,2009,19.39269,27710.8064516129
2026/08/01@14:45:04,2010,19.31487,27713.83870967742
2026/08/01@14:45:05,2011,19.2401,27716.870967741936
2026/08/01@14:45:06,2012,19.253834,27719.90322580645
2026/08/01@14:45:07,2013,19.253834,27722.935483870966
2026/08/01@14:45:09,2015,19.205006,27729.0
2026/08/01@14:45:10,2016,19.143968,27732.466666666667
2026/08/01@14:45:11,2017,19.176012,27735.933333333334
2026/08/01@14:45:12,2018,19.1134516,27739.4
2026/08/01@14:45:13,2019,19.081408,27742.866666666665
2026/08/01@14:45:14,2020,19.1134516,27746.333333333332
2026/08/01@14:45:15,2021,19.22179,27749.8
2026/08/01@14:45:16,2022,19.391164,27753.266666666666
2026/08/01@14:45:17,2023,19.48272,27756.733333333334
2026/08/01@14:45:18,2024,19.63531,27760.2
2026/08/01@14:45:20,2026,19.775692,27767.133333333335
2026/08/01@14:45:21,2027,19.9130224,27770.6
2026/08/01@14:45:22,2028,19.926756,27774.066666666666
2026/08/01@14:45:23,2029,19.958802,27777.533333333333
2026/08/01@14:45:24,2030,20.001526,27781.0
2026/08/01@14:45:25,2031,20.065614,27784.466666666667
2026/08/01@14:45:26,2032,20.138856,27787.933333333334
2026/08/01@14:45:27,2033,20.125124,27791.4
2026/08/01@14:45:28,2034,20.125124,27794.866666666665
2026/08/01@14:45:29,2035,20.123598,27798.333333333332
2026/08/01@14:45:31,2037,20.120546,27805.266666666666
2026/08/01@14:45:32,2038,20.07477,27808.733333333334
2026/08/01@14:45:33,2039,19.98169,27812.2
2026/08/01@14:45:34,2040,19.766536,27815.666666666668
2026/08/01@14:45:35,2041,19.642938,27819.133333333335
2026/08/01@14:45:36,2042,19.565118,27822.6
2026/08/01@14:45:37,2043,19.502556,27826.066666666666
2026/08/01@14:45:38,2044,19.424734,27829.533333333333
2026/08/01@14:45:39,2045,19.409476,27833.0
2026/08/01@14:45:40,2046,19.409476,27836.032258064515
2026/08/01@14:45:42,2048,19.470512,27842.09677419355
2026/08/01@14:45:43,2049,19.565118,27845.129032258064
2026/08/01@14:45:44,2050,19.658198,27848.16129032258
2026/08/01@14:45:45,2051,19.826048,27851.1935483871
2026/08/01@14:45:46,2052,20.024414,27854.225806451614
2026/08/01@14:45:47,2053,20.161746,27857.25806451613
2026/08/01@14:45:48,2054,20.331122,27860.290322580644
2026/08/01@14:45:49,2055,20.43946,27863.322580645163
2026/08/01@14:45:50,2056,20.608836,27866.354838709678
2026/08/01@14:45:51,2057,20.6363016,27869.387096774193
2026/08/01@14:45:52,2058,20.453194,27872.41935483871
2026/08/01@14:45:54,2060,20.436408,27878.483870967742
2026/08/01@14:45:55,2061,20.326544,27881.516129032258
2026/08/01@14:45:56,2062,20.141908,27884.548387096773
2026/08/01@14:45:57,2063,20.004578,27887.58064516129
2026/08/01@14:45:58,2064,19.848936,27890.612903225807
2026/08/01@14:45:59,2065,19.786374,27893.645161290322
2026/08/01@14:46:00,2066,19.77264,27896.677419354837
2026/08/01@14:46:01,2067,19.818418,27899.709677419356
2026/08/01@14:46:02,2068,19.909972,27902.74193548387
2026/08/01@14:46:03,2069,20.004578,27905.774193548386
2026/08/01@14:46:05,2071,20.23499,27911.83870967742
2026/08/01@14:46:06,2072,20.389104,27914.870967741936
2026/08/01@14:46:07,2073,20.555428,27917.90322580645
2026/08/01@14:46:08,2074,20.646982,27920.935483870966
2026/08/01@14:46:09,2075,20.494392,27923.967741935485
2026/08/01@14:46:10,2076,20.35401,27927.0
2026/08/01@14:46:11,2077,20.1709,27930.4
2026/08/01@14:46:12,2078,20.015258,27933.8
2026/08/01@14:46:13,2079,19.894712,27937.2
2026/08/01@14:46:14,2080,19.845884,27940.6
2026/08/01@14:46:16,2082,19.845884,27947.4
2026/08/01@14:46:17,2083,19.908446,27950.8
2026/08/01@14:46:18,2084,20.015258,27954.2
2026/08/01@14:46:19,2085,20.20142,27957.6
2026/08/01@14:46:20,2086,20.230412,27961.0
2026/08/01@14:46:21,2087,20.244144,27964.4
2026/08/01@14:46:22,2088,20.303654,27967.8
2026/08/01@14:46:23,2089,20.306706,27971.2
2026/08/01@14:46:24,2090,20.303654,27974.6
2026/08/01@14:46:25,2091,20.215152,27978.0
2026/08/01@14:46:27,2093,20.215152,27984.8
2026/08/01@14:46:28,2094,20.07477,27988.2
2026/08/01@14:46:29,2095,20.010682,27991.6
2026/08/01@14:46:30,2096,19.949646,27995.0
2026/08/01@14:46:31,2097,19.809262,27998.4
2026/08/01@14:46:32,2098,19.606318,28001.8
2026/08/01@14:46:33,2099,19.514762,28005.2
2026/08/01@14:46:34,2100,19.423208,28008.6
2026/08/01@14:46:35,2101,19.29961,28012.0
2026/08/01@14:46:36,2102,19.081408,28015.4
2026/08/01@14:46:38,2104,19.006638,28022.2
2026/08/01@14:46:39,2105,18.944076,28025.6
2026/08/01@14:46:40,2106,18.95781,28029.0
2026/08/01@14:46:41,2107,19.049362,28031.83870967742
2026/08/01@14:46:42,2108,19.143968,28034.677419354837
2026/08/01@14:46:43,2109,19.2813,28037.516129032258
2026/08/01@14:46:44,2110,19.3881132,28040.354838709678
2026/08/01@14:46:45,2111,19.48272,28043.1935483871
2026/08/01@14:46:46,2112,19.62005,28046.032258064515
2026/08/01@14:46:47,2113,19.681086,28048.870967741936
2026/08/01@14:46:48,2114,19.758908,28051.709677419356
2026/08/01@14:46:49,2115,19.789424,28054.548387096773
2026/08/01@14:46:51,2117,20.0,28060.225806451614
2026/08/01@14:46:52,2118,20.050354,28063.064516129034
2026/08/01@14:46:53,2119,20.077822,28065.90322580645
2026/08/01@14:46:54,2120,20.061036,28068.74193548387
2026/08/01@14:46:55,2121,20.0,28071.58064516129
2026/08/01@14:46:56,2122,19.937438,28074.41935483871
2026/08/01@14:46:57,2123,19.766536,28077.25806451613
2026/08/01@14:46:58,2124,19.690242,28080.09677419355
2026/08/01@14:46:59,2125,19.630732,28082.935483870966
2026/08/01@14:47:00,2126,19.584956,28085.774193548386
2026/08/01@14:47:02,2128,19.647516,28091.451612903227
2026/08/01@14:47:03,2129,19.6124208,28094.290322580644
2026/08/01@14:47:04,2130,19.487298,28097.129032258064
2026/08/01@14:47:05,2131,19.411002,28099.967741935485
2026/08/01@14:47:06,2132,19.272144,28102.8064516129
2026/08/01@14:47:07,2133,19.085986,28105.645161290322
2026/08/01@14:47:08,2134,19.008164,28108.483870967742
2026/08/01@14:47:09,2135,18.869306,28111.322580645163
2026/08/01@14:47:10,2136,18.760968,28114.16129032258
2026/08/01@14:47:11,2137,18.701458,28117.0
2026/08/01@14:47:13,2139,18.71519,28122.74193548387
2026/08/01@14:47:14,2140,18.608378,28125.612903225807
2026/08/01@14:47:15,2141,18.422216,28128.483870967742
2026/08/01@14:47:16,2142,18.4390032,28131.354838709678
2026/08/01@14:47:17,2143,18.347448,28134.225806451614
2026/08/01@14:47:18,2144,18.422216,28137.09677419355
2026/08/01@14:47:19,2145,18.562602,28139.967741935485
2026/08/01@14:47:20,2146,18.747234,28142.83870967742
2026/08/01@14:47:21,2147,18.960862,28145.709677419356
2026/08/01@14:47:22,2148,19.157702,28148.58064516129
2026/08/01@14:47:24,2150,19.17296,28154.322580645163
2026/08/01@14:47:25,2151,19.079882,28157.1935483871
2026/08/01@14:47:26,2152,19.017318,28160.064516129034
2026/08/01@14:47:27,2153,18.896772,28162.935483870966
2026/08/01@14:47:28,2154,18.861678,28165.8064516129
2026/08/01@14:47:29,2155,18.834212,28168.677419354837
2026/08/01@14:47:30,2156,18.832686,28171.548387096773
2026/08/01@14:47:31,2157,18.925764,28174.41935483871
2026/08/01@14:47:32,2158,19.093614,28177.290322580644
2026/08/01@14:47:33,2159,19.235524,28180.16129032258
2026/08/01@14:47:35,2160,19.4934,28185.90322580645
2026/08/01@14:47:36,2162,19.708554,28188.774193548386
2026/08/01@14:47:37,2163,19.845884,28191.645161290322
2026/08/01@14:47:38,2164,19.845884,28194.516129032258
2026/08/01@14:47:39,2165,19.890134,28197.387096774193
2026/08/01@14:47:40,2166,19.73602,28200.25806451613
2026/08/01@14:47:41,2167,19.674982,28203.129032258064
2026/08/01@14:47:42,2168,19.473564,28206.0
2026/08/01@14:47:43,2169,19.3636984,28208.733333333334
2026/08/01@14:47:44,2170,19.209584,28211.466666666667
2026/08/01@14:47:45,2171,19.085986,28214.2
2026/08/01@14:47:47,2173,18.99443,28219.666666666668
2026/08/01@14:47:48,2174,18.870832,28222.4
2026/08/01@14:47:49,2175,18.745708,28225.133333333335
2026/08/01@14:47:50,2176,18.562602,28227.866666666665
2026/08/01@14:47:51,2177,18.530556,28230.6
2026/08/01@14:47:52,2178,18.3901732,28233.333333333332
2026/08/01@14:47:53,2179,18.278782,28236.066666666666
2026/08/01@14:47:54,2180,18.1887552,28238.8
2026/08/01@14:47:55,2181,18.109408,28241.533333333333
2026/08/01@14:47:56,2182,18.065156,28244.266666666666
2026/08/01@14:47:58,2184,18.017852,28249.733333333334
2026/08/01@14:47:59,2185,18.049896,28252.466666666667
2026/08/01@14:48:00,2186,18.124666,28255.2
2026/08/01@14:48:01,2187,18.219272,28257.933333333334
2026/08/01@14:48:02,2188,18.353552,28260.666666666668
2026/08/01@14:48:03,2189,18.385596,28263.4
2026/08/01@14:48:04,2190,18.370336,28266.133333333335
2026/08/01@14:48:05,2191,18.47715,28268.866666666665
2026/08/01@14:48:06,2192,18.612956,28271.6
2026/08/01@14:48:07,2193,18.67399,28274.333333333332
2026/08/01@14:48:09,2195,18.751812,28279.8
2026/08/01@14:48:10,2196,18.796062,28282.533333333333
2026/08/01@14:48:11,2197,18.905928,28285.266666666666
2026/08/01@14:48:12,2198,19.011216,28288.0
2026/08/01@14:48:13,2199,19.104296,28290.516129032258
2026/08/01@14:48:14,2200,19.2126352,28293.032258064515
2026/08/01@14:48:15,2201,19.473564,28295.548387096773
2026/08/01@14:48:16,2202,19.580378,28298.064516129034
2026/08/01@14:48:17,2203,19.685664,28300.58064516129
2026/08/01@14:48:18,2204,19.794002,28303.09677419355
2026/08/01@14:48:20,2206,19.670404,28308.129032258064
2026/08/01@14:48:21,2207,19.423208,28310.645161290322
2026/08/01@14:48:22,2208,19.301136,28313.16129032258
2026/08/01@14:48:23,2209,19.131762,28315.677419354837
2026/08/01@14:48:24,2210,19.067674,28318.1935483871
2026/08/01@14:48:25,2211,18.944076,28320.709677419356
2026/08/01@14:48:26,2212,18.898298,28323.225806451614
2026/08/01@14:48:27,2213,18.728924,28325.74193548387
2026/08/01@14:48:28,2214,18.654154,28328.25806451613
2026/08/01@14:48:29,2215,18.65568,28330.774193548386
2026/08/01@14:48:30,2216,18.701458,28333.290322580644
2026/08/01@14:48:32,2218,18.745708,28338.322580645163
2026/08/01@14:48:33,2219,18.7136652,28340.83870967742
2026/08/01@14:48:34,2220,18.55497,28343.354838709678
2026/08/01@14:48:35,2221,18.40238,28345.870967741936
2026/08/01@14:48:36,2222,18.35813,28348.387096774193
2026/08/01@14:48:37,2223,18.280308,28350.90322580645
2026/08/01@14:48:38,2224,18.219272,28353.41935483871
2026/08/01@14:48:39,2225,18.234532,28355.935483870966
2026/08/01@14:48:40,2226,18.388648,28358.451612903227
2026/08/01@14:48:41,2227,18.512246,28360.967741935485
2026/08/01@14:48:43,2229,18.649576,28366.0
2026/08/01@14:48:44,2230,18.829634,28368.766666666666
2026/08/01@14:48:45,2231,18.861678,28371.533333333333
2026/08/01@14:48:46,2232,18.924238,28374.3
2026/08/01@14:48:47,2233,18.829634,28377.066666666666
2026/08/01@14:48:48,2234,18.768596,28379.833333333332
2026/08/01@14:48:49,2235,18.846418,28382.6
2026/08/01@14:48:50,2236,18.861678,28385.366666666665
2026/08/01@14:48:51,2237,19.012742,28388.133333333335
2026/08/01@14:48:52,2238,18.933394,28390.9
2026/08/01@14:48:54,2240,18.843366,28396.433333333334
2026/08/01@14:48:55,2241,18.706036,28399.2
2026/08/01@14:48:56,2242,18.765544,28401.966666666667
2026/08/01@14:48:57,2243,18.814374,28404.733333333334
2026/08/01@14:48:58,2244,18.736554,28407.5
2026/08/01@14:48:59,2245,18.626688,28410.266666666666
2026/08/01@14:49:00,2246,18.580912,28413.033333333333
2026/08/01@14:49:01,2247,18.440528,28415.8
2026/08/01@14:49:02,2248,18.255894,28418.566666666666
2026/08/01@14:49:03,2249,18.069734,28421.333333333332
2026/08/01@14:49:05,2251,17.932402,28426.866666666665
2026/08/01@14:49:06,2252,17.734036,28429.633333333335
2026/08/01@14:49:07,2253,17.625696,28432.4
2026/08/01@14:49:08,2254,17.5646608,28435.166666666668
2026/08/01@14:49:09,2255,17.566186,28437.933333333334
2026/08/01@14:49:10,2256,17.534142,28440.7
2026/08/01@14:49:11,2257,17.610438,28443.466666666667
2026/08/01@14:49:12,2258,17.779812,28446.233333333334
2026/08/01@14:49:13,2259,17.857634,28449.0
2026/08/01@14:49:14,2260,18.027008,28451.709677419356
2026/08/01@14:49:16,2262,18.271152,28457.129032258064
2026/08/01@14:49:17,2263,18.454262,28459.83870967742
2026/08/01@14:49:18,2264,18.62211,28462.548387096773
2026/08/01@14:49:19,2265,18.777752,28465.25806451613
2026/08/01@14:49:20,2266,18.88304,28467.967741935485
2026/08/01@14:49:21,2267,19.067674,28470.677419354837
2026/08/01@14:49:22,2268,19.145494,28473.387096774193
2026/08/01@14:49:23,2269,19.253834,28476.09677419355
2026/08/01@14:49:24,2270,19.267566,28478.8064516129
2026/08/01@14:49:25,2271,19.253834,28481.516129032258
2026/08/01@14:49:27,2273,19.205006,28486.935483870966
2026/08/01@14:49:28,2274,19.267566,28489.645161290322
2026/08/01@14:49:29,2275,19.359122,28492.354838709678
2026/08/01@14:49:30,2276,19.406424,28495.064516129034
2026/08/01@14:49:31,2277,19.484246,28497.774193548386
2026/08/01@14:49:32,2278,19.621576,28500.483870967742
2026/08/01@14:49:33,2279,19.65362,28503.1935483871
2026/08/01@14:49:34,2280,19.726864,28505.90322580645
2026/08/01@14:49:35,2281,19.699398,28508.612903225807
2026/08/01@14:49:36,2282,19.71313,28511.322580645163
2026/08/01@14:49:37,2283,19.745174,28514.032258064515
2026/08/01@14:49:39,2285,19.867246,28519.451612903227
2026/08/01@14:49:40,2286,19.942016,28522.16129032258
2026/08/01@14:49:41,2287,20.022888,28524.870967741936
2026/08/01@14:49:42,2288,20.111392,28527.58064516129
2026/08/01@14:49:43,2289,20.1709,28530.290322580644
2026/08/01@14:49:44,2290,20.280766,28533.0
2026/08/01@14:49:45,2291,20.386054,28535.766666666666
2026/08/01@14:49:46,2292,20.494392,28538.533333333333
2026/08/01@14:49:47,2293,20.526436,28541.3
2026/08/01@14:49:48,2294,20.61799,28544.066666666666
2026/08/01@14:49:50,2296,20.572214,28549.6
2026/08/01@14:49:51,2297,20.663766,28552.366666666665
2026/08/01@14:49:52,2298,20.756848,28555.133333333335
2026/08/01@14:49:53,2299,20.7873652,28557.9
2026/08/01@14:49:54,2300,20.81941,28560.666666666668
2026/08/01@14:49:55,2301,20.894178,28563.433333333334
2026/08/01@14:49:56,2302,20.802624,28566.2
2026/08/01@14:49:57,2303,20.650034,28568.966666666667
2026/08/01@14:49:58,2304,20.587472,28571.733333333334
2026/08/01@14:49:59,2305,20.590524,28574.5
2026/08/01@14:50:01,2307,20.55848,28580.033333333333
2026/08/01@14:50:02,2308,20.418096,28582.8
2026/08/01@14:50:03,2309,20.251774,28585.566666666666
2026/08/01@14:50:04,2310,20.129702,28588.333333333332
2026/08/01@14:50:05,2311,20.050354,28591.1
2026/08/01@14:50:06,2312,19.9130224,28593.866666666665
2026/08/01@14:50:07,2313,19.758908,28596.633333333335
2026/08/01@14:50:08,2314,19.56054,28599.4
2026/08/01@14:50:09,2315,19.391164,28602.166666666668
2026/08/01@14:50:10,2316,19.282826,28604.933333333334
2026/08/01@14:50:12,2318,19.267566,28610.466666666667
2026/08/01@14:50:13,2319,19.205006,28613.233333333334
2026/08/01@14:50:14,2320,19.176012,28616.0
2026/08/01@14:50:15,2321,19.08446,28618.90322580645
2026/08/01@14:50:16,2322,18.992904,28621.8064516129
2026/08/01@14:50:17,2323,19.024948,28624.709677419356
2026/08/01@14:50:18,2324,19.024948,28627.612903225807
2026/08/01@14:50:19,2325,19.09514,28630.516129032258
2026/08/01@14:50:20,2326,19.098192,28633.41935483871
2026/08/01@14:50:21,2327,19.067674,28636.322580645163
2026/08/01@14:50:23,2329,18.928816,28642.129032258064
2026/08/01@14:50:24,2330,18.944076,28645.032258064515
2026/08/01@14:50:25,2331,18.944076,28647.935483870966
2026/08/01@14:50:26,2332,19.006638,28650.83870967742
2026/08/01@14:50:27,2333,19.02037,28653.74193548387
2026/08/01@14:50:28,2334,19.127184,28656.645161290322
2026/08/01@14:50:29,2335,19.03563,28659.548387096773
2026/08/01@14:50:30,2336,18.9883268,28662.451612903227
2026/08/01@14:50:31,2337,18.850996,28665.354838709678
2026/08/01@14:50:32,2338,18.773174,28668.25806451613
2026/08/01@14:50:33,2339,18.7136652,28671.16129032258
2026/08/01@14:50:35,2341,18.745708,28676.967741935485
2026/08/01@14:50:36,2342,18.7747,28679.870967741936
2026/08/01@14:50:37,2343,18.915082,28682.774193548386
2026/08/01@14:50:38,2344,19.049362,28685.677419354837
2026/08/01@14:50:39,2345,19.218738,28688.58064516129
2026/08/01@14:50:40,2346,19.401846,28691.483870967742
2026/08/01@14:50:41,2347,19.5880068,28694.387096774193
2026/08/01@14:50:42,2348,19.633784,28697.290322580644
2026/08/01@14:50:43,2349,19.803158,28700.1935483871
2026/08/01@14:50:44,2350,19.818418,28703.09677419355
2026/08/01@14:50:46,2352,19.969482,28708.967741935485
2026/08/01@14:50:47,2353,20.079348,28711.935483870966
2026/08/01@14:50:48,2354,20.215152,28714.90322580645
2026/08/01@14:50:49,2355,20.384528,28717.870967741936
2026/08/01@14:50:50,2356,20.521858,28720.83870967742
2026/08/01@14:50:51,2357,20.613412,28723.8064516129
2026/08/01@14:50:52,2358,20.75227,28726.774193548386
2026/08/01@14:50:53,2359,20.843824,28729.74193548387
2026/08/01@14:50:54,2360,20.921644,28732.709677419356
2026/08/01@14:50:55,2361,21.045242,28735.677419354837
2026/08/01@14:50:57,2363,21.136796,28741.612903225807
2026/08/01@14:50:58,2364,21.213092,28744.58064516129
2026/08/01@14:50:59,2365,21.274128,28747.548387096773
2026/08/01@14:51:00,2366,21.25887,28750.516129032258
2026/08/01@14:51:01,2367,21.196308,28753.483870967742
2026/08/01@14:51:02,2368,21.135272,28756.451612903227
2026/08/01@14:51:03,2369,21.121538,28759.41935483871
2026/08/01@14:51:04,2370,21.136796,28762.387096774193
2026/08/01@14:51:05,2371,21.153582,28765.354838709678
2026/08/01@14:51:06,2372,21.28786,28768.322580645163
2026/08/01@14:51:08,2374,21.382468,28774.25806451613
2026/08/01@14:51:09,2375,21.428244,28777.225806451614
2026/08/01@14:51:10,2376,21.457238,28780.1935483871
2026/08/01@14:51:11,2377,21.519798,28783.16129032258
2026/08/01@14:51:12,2378,21.565576,28786.129032258064
2026/08/01@14:51:13,2379,21.59762,28789.09677419355
2026/08/01@14:51:14,2380,21.672388,28792.064516129034
2026/08/01@14:51:15,2381,21.7319,28795.032258064515
2026/08/01@14:51:16,2382,21.643396,28798.0
2026/08/01@14:51:17,2383,21.611352,28800.9
2026/08/01@14:51:19,2385,21.580836,28806.7
2026/08/01@14:51:20,2386,21.59762,28809.6
2026/08/01@14:51:21,2387,21.538108,28812.5
2026/08/01@14:51:22,2388,21.551842,28815.4
2026/08/01@14:51:23,2389,21.48928,28818.3
2026/08/01@14:51:24,2390,21.457238,28821.2
2026/08/01@14:51:25,2391,21.474022,28824.1
2026/08/01@14:51:26,2392,21.382468,28827.0
2026/08/01@14:51:27,2393,21.25887,28829.9
2026/08/01@14:51:28,2394,21.09102,28832.8
2026/08/01@14:51:29,2395,20.99794,28835.7
2026/08/01@14:51:31,2397,20.906386,28841.5
2026/08/01@14:51:32,2398,20.769054,28844.4
2026/08/01@14:51:33,2399,20.709546,28847.3
2026/08/01@14:51:34,2400,20.709546,28850.2
2026/08/01@14:51:35,2401,20.65919,28853.1
2026/08/01@14:51:36,2402,20.77058,28856.0
2026/08/01@14:51:37,2403,20.843824,28858.9
2026/08/01@14:51:38,2404,20.921644,28861.8
2026/08/01@14:51:39,2405,21.0116732,28864.7
2026/08/01@14:51:40,2406,20.99794,28867.6
2026/08/01@14:51:42,2408,20.949112,28873.4
2026/08/01@14:51:43,2409,20.967422,28876.3
2026/08/01@14:51:44,2410,20.93843,28879.2
2026/08/01@14:51:45,2411,20.967422,28882.1
2026/08/01@14:51:46,2412,20.921644,28885.0
2026/08/01@14:51:47,2413,20.99794,28887.90322580645
2026/08/01@14:51:48,2414,21.045242,28890.8064516129
2026/08/01@14:51:49,2415,21.104754,28893.709677419356
2026/08/01@14:51:50,2416,21.089494,28896.612903225807
2026/08/01@14:51:51,2417,21.05745,28899.516129032258
2026/08/01@14:51:53,2419,21.029984,28905.322580645163
2026/08/01@14:51:54,2420,21.0116732,28908.225806451614
2026/08/01@14:51:55,2421,20.949112,28911.129032258064
2026/08/01@14:51:56,2422,20.949112,28914.032258064515
2026/08/01@14:51:57,2423,20.875868,28916.935483870966
2026/08/01@14:51:58,2424,20.888074,28919.83870967742
2026/08/01@14:51:59,2425,20.903334,28922.74193548387
2026/08/01@14:52:00,2426,20.935378,28925.645161290322
2026/08/01@14:52:01,2427,20.935378,28928.548387096773
2026/08/01@14:52:02,2428,20.981156,28931.451612903227
2026/08/01@14:52:04,2430,21.089494,28937.25806451613
2026/08/01@14:52:05,2431,21.104754,28940.16129032258
2026/08/01@14:52:06,2432,20.981156,28943.064516129034
2026/08/01@14:52:07,2433,20.842298,28945.967741935485
2026/08/01@14:52:08,2434,20.688182,28948.870967741936
2026/08/01@14:52:09,2435,20.476082,28951.774193548386
2026/08/01@14:52:10,2436,20.381476,28954.677419354837
2026/08/01@14:52:11,2437,20.367742,28957.58064516129
2026/08/01@14:52:12,2438,20.306706,28960.483870967742
2026/08/01@14:52:13,2439,20.367742,28963.387096774193
2026/08/01@14:52:15,2441,20.430304,28969.1935483871
2026/08/01@14:52:16,2442,20.59968,28972.09677419355
2026/08/01@14:52:17,2443,20.656138,28975.0
2026/08/01@14:52:18,2444,20.77821,28977.9
2026/08/01@14:52:19,2445,20.874342,28980.8
2026/08/01@14:52:20,2446,20.917066,28983.7
2026/08/01@14:52:21,2447,21.008622,28986.6
2026/08/01@14:52:22,2448,20.962844,28989.5
2026/08/01@14:52:23,2449,20.77821,28992.4
2026/08/01@14:52:24,2450,20.640878,28995.3
2026/08/01@14:52:26,2452,20.535592,29001.1
2026/08/01@14:52:27,2453,20.440986,29004.0
2026/08/01@14:52:28,2454,20.457772,29006.9
2026/08/01@14:52:29,2455,20.518806,29009.8
2026/08/01@14:52:30,2456,20.66987,29012.7
2026/08/01@14:52:31,2457,20.715648,29015.6
2026/08/01@14:52:32,2458,20.810254,29018.5
2026/08/01@14:52:33,2459,20.823988,29021.4
2026/08/01@14:52:34,2460,20.962844,29024.3
2026/08/01@14:52:35,2461,21.022354,29027.2
2026/08/01@14:52:36,2462,21.130694,29030.1
2026/08/01@14:52:38,2464,21.17647,29035.9
2026/08/01@14:52:39,2465,21.300068,29038.8
2026/08/01@14:52:40,2466,21.391622,29041.7
2026/08/01@14:52:41,2467,21.438926,29044.6
2026/08/01@14:52:42,2468,21.498436,29047.5
2026/08/01@14:52:43,2469,21.574732,29050.4
2026/08/01@14:52:44,2470,21.620508,29053.3
2026/08/01@14:52:45,2471,21.66781,29056.2
2026/08/01@14:52:46,2472,21.71664,29059.1
2026/08/01@14:52:47,2473,21.773098,29062.0
2026/08/01@14:52:49,2475,21.789882,29067.8064516129
2026/08/01@14:52:50,2476,21.808194,29070.709677419356
2026/08/01@14:52:51,2477,21.823454,29073.612903225807
2026/08/01@14:52:52,2478,21.821928,29076.516129032258
2026/08/01@14:52:53,2479,21.821928,29079.41935483871
2026/08/01@14:52:54,2480,21.773098,29082.322580645163
2026/08/01@14:52:55,2481,21.547264,29085.225806451614
2026/08/01@14:52:56,2482,21.3611052,29088.129032258064
2026/08/01@14:52:57,2483,21.283284,29091.032258064515
2026/08/01@14:52:58,2484,21.113908,29093.935483870966
2026/08/01@14:53:00,2486,21.025406,29099.74193548387
2026/08/01@14:53:01,2487,20.883498,29102.645161290322
2026/08/01@14:53:02,2488,20.6866544,29105.548387096773
2026/08/01@14:53:03,2489,20.595102,29108.451612903227
2026/08/01@14:53:04,2490,20.457772,29111.354838709678
2026/08/01@14:53:05,2491,20.425726,29114.25806451613
2026/08/01@14:53:06,2492,20.471504,29117.16129032258
2026/08/01@14:53:07,2493,20.535592,29120.064516129034
2026/08/01@14:53:08,2494,20.624094,29122.967741935485
2026/08/01@14:53:09,2495,20.624094,29125.870967741936
2026/08/01@14:53:11,2497,20.701916,29131.677419354837
2026/08/01@14:53:12,2498,20.791942,29134.58064516129
2026/08/01@14:53:13,2499,20.701916,29137.483870967742
2026/08/01@14:53:14,2500,20.640878,29140.387096774193
2026/08/01@14:53:15,2501,20.608836,29143.290322580644
2026/08/01@14:53:16,2502,20.53254,29146.1935483871
2026/08/01@14:53:17,2503,20.482186,29149.09677419355
2026/08/01@14:53:18,2504,20.331122,29152.0
2026/08/01@14:53:19,2505,20.148012,29154.612903225807
2026/08/01@14:53:20,2506,20.10071,29157.225806451614
2026/08/01@14:53:22,2508,20.0869776,29162.451612903227
2026/08/01@14:53:23,2509,20.073244,29165.064516129034
2026/08/01@14:53:24,2510,20.115968,29167.677419354837
2026/08/01@14:53:25,2511,19.990844,29170.290322580644
2026/08/01@14:53:26,2512,19.9176,29172.90322580645
2026/08/01@14:53:27,2513,19.812314,29175.516129032258
2026/08/01@14:53:28,2514,19.794002,29178.129032258064
2026/08/01@14:53:29,2515,19.777218,29180.74193548387
2026/08/01@14:53:30,2516,19.822996,29183.354838709678
2026/08/01@14:53:31,2517,19.9176,29185.967741935485
2026/08/01@14:53:32,2518,19.99237,29188.58064516129
2026/08/01@14:53:34,2520,20.083926,29193.8064516129
2026/08/01@14:53:35,2521,20.083926,29196.41935483871
2026/08/01@14:53:36,2522,20.083926,29199.032258064515
2026/08/01@14:53:37,2523,20.146486,29201.645161290322
2026/08/01@14:53:38,2524,20.146486,29204.25806451613
2026/08/01@14:53:39,2525,20.129702,29206.870967741936
2026/08/01@14:53:40,2526,20.173952,29209.483870967742
2026/08/01@14:53:41,2527,20.23499,29212.09677419355
2026/08/01@14:53:42,2528,20.358588,29214.709677419356
2026/08/01@14:53:43,2529,20.370794,29217.322580645163
2026/08/01@14:53:45,2531,20.340276,29222.548387096773
2026/08/01@14:53:46,2532,20.187686,29225.16129032258
2026/08/01@14:53:47,2533,20.047302,29227.774193548386
2026/08/01@14:53:48,2534,19.8626684,29230.387096774193
2026/08/01@14:53:49,2535,19.693294,29233.0
2026/08/01@14:53:50,2536,19.4934,29235.666666666668
2026/08/01@14:53:51,2537,19.2629884,29238.333333333332
2026/08/01@14:53:52,2538,19.15465,29241.0
2026/08/01@14:53:53,2539,19.140916,29243.666666666668
2026/08/01@14:53:54,2540,19.15465,29246.333333333332
2026/08/01@14:53:56,2542,19.111926,29251.666666666668
2026/08/01@14:53:57,2543,19.090562,29254.333333333332
2026/08/01@14:53:58,2544,19.015792,29257.0
2026/08/01@14:53:59,2545,18.939498,29259.666666666668
2026/08/01@14:54:00,2546,18.860152,29262.333333333332
2026/08/01@14:54:01,2547,18.860152,29265.0
2026/08/01@14:54:02,2548,18.797588,29267.666666666668
2026/08/01@14:54:03,2549,18.67399,29270.333333333332
2026/08/01@14:54:04,2550,18.518348,29273.0
2026/08/01@14:54:05,2551,18.44358,29275.666666666668
2026/08/01@14:54:07,2553,18.303196,29281.0
2026/08/01@14:54:08,2554,18.287938,29283.666666666668
2026/08/01@14:54:09,2555,18.335242,29286.333333333332
2026/08/01@14:54:10,2556,18.348974,29289.0
2026/08/01@14:54:11,2557,18.454262,29291.666666666668
2026/08/01@14:54:12,2558,18.64042,29294.333333333332
2026/08/01@14:54:13,2559,18.7640184,29297.0
2026/08/01@14:54:14,2560,18.930342,29299.666666666668
2026/08/01@14:54:15,2561,19.040206,29302.333333333332
2026/08/01@14:54:16,2562,19.16228,29305.0
2026/08/01@14:54:18,2564,19.23705,29310.333333333332
2026/08/01@14:54:19,2565,19.391164,29313.0
2026/08/01@14:54:20,2566,19.404898,29315.387096774193
2026/08/01@14:54:21,2567,19.401846,29317.774193548386
2026/08/01@14:54:22,2568,19.327078,29320.16129032258
2026/08/01@14:54:23,2569,19.342336,29322.548387096773
2026/08/01@14:54:24,2570,19.282826,29324.935483870966
2026/08/01@14:54:25,2571,19.295032,29327.322580645163
2026/08/01@14:54:26,2572,19.327078,29329.709677419356
2026/08/01@14:54:27,2573,19.35607,29332.09677419355
2026/08/01@14:54:28,2574,19.41863,29334.483870967742
2026/08/01@14:54:30,2576,19.4934,29339.25806451613
2026/08/01@14:54:31,2577,19.4934,29341.645161290322
2026/08/01@14:54:32,2578,19.571222,29344.032258064515
2026/08/01@14:54:33,2579,19.60174,29346.41935483871
2026/08/01@14:54:34,2580,19.4934,29348.8064516129
2026/08/01@14:54:35,2581,19.383536,29351.1935483871
2026/08/01@14:54:36,2582,19.29198,29353.58064516129
2026/08/01@14:54:37,2583,19.093614,29355.967741935485
2026/08/01@14:54:38,2584,18.98375,29358.354838709678
2026/08/01@14:54:39,2585,18.843366,29360.74193548387
2026/08/01@14:54:41,2587,18.612956,29365.516129032258
2026/08/01@14:54:42,2588,18.493934,29367.90322580645
2026/08/01@14:54:43,2589,18.32456,29370.290322580644
2026/08/01@14:54:44,2590,18.27573,29372.677419354837
2026/08/01@14:54:45,2591,18.321508,29375.064516129034
2026/08/01@14:54:46,2592,18.335242,29377.451612903227
2026/08/01@14:54:47,2593,18.426794,29379.83870967742
2026/08/01@14:54:48,2594,18.319982,29382.225806451614
2026/08/01@14:54:49,2595,18.25742,29384.612903225807
2026/08/01@14:54:50,2596,18.118562,29387.0
2026/08/01@14:54:52,2598,18.133822,29391.866666666665
2026/08/01@14:54:53,2599,18.088046,29394.3
2026/08/01@14:54:54,2600,18.11551,29396.733333333334
2026/08/01@14:54:55,2601,18.010224,29399.166666666668
2026/08/01@14:54:56,2602,17.918668,29401.6
2026/08/01@14:54:57,2603,17.811856,29404.033333333333
2026/08/01@14:54:58,2604,17.71725,29406.466666666667
2026/08/01@14:54:59,2605,17.747768,29408.9
2026/08/01@14:55:00,2606,17.715724,29411.333333333332
2026/08/01@14:55:01,2607,17.697414,29413.766666666666
2026/08/01@14:55:02,2608,17.68368,29416.2
2026/08/01@14:55:04,2610,17.621118,29421.066666666666
2026/08/01@14:55:05,2611,17.47921,29423.5
2026/08/01@14:55:06,2612,17.387656,29425.933333333334
2026/08/01@14:55:07,2613,17.309834,29428.366666666665
2026/08/01@14:55:08,2614,17.157244,29430.8
2026/08/01@14:55:09,2615,17.097734,29433.233333333334
2026/08/01@14:55:10,2616,17.079424,29435.666666666668
2026/08/01@14:55:11,2617,17.097734,29438.1
2026/08/01@14:55:12,2618,17.172502,29440.533333333333
2026/08/01@14:55:13,2619,17.309834,29442.966666666667
2026/08/01@14:55:15,2621,17.401388,29447.833333333332
2026/08/01@14:55:16,2622,17.4609,29450.266666666666
2026/08/01@14:55:17,2623,17.44564,29452.7
2026/08/01@14:55:18,2624,17.399862,29455.133333333335
2026/08/01@14:55:19,2625,17.364768,29457.566666666666
2026/08/01@14:55:20,2626,17.300678,29460.0
2026/08/01@14:55:21,2627,17.227436,29462.483870967742
2026/08/01@14:55:22,2628,17.163348,29464.967741935485
2026/08/01@14:55:23,2629,17.03975,29467.451612903227
2026/08/01@14:55:24,2630,17.03975,29469.935483870966
2026/08/01@14:55:26,2632,16.932936,29474.90322580645
2026/08/01@14:55:27,2633,16.870374,29477.387096774193
2026/08/01@14:55:28,2634,16.900892,29479.870967741936
2026/08/01@14:55:29,2635,17.021438,29482.354838709678
2026/08/01@14:55:30,2636,17.035172,29484.83870967742
2026/08/01@14:55:31,2637,16.974136,29487.322580645163
2026/08/01@14:55:32,2638,16.955826,29489.8064516129
2026/08/01@14:55:33,2639,16.87953,29492.290322580644
2026/08/01@14:55:34,2640,16.818494,29494.774193548386
2026/08/01@14:55:35,2641,16.710156,29497.25806451613
2026/08/01@14:55:37,2643,16.664378,29502.225806451614
2026/08/01@14:55:38,2644,16.54078,29504.709677419356
2026/08/01@14:55:39,2645,16.508736,29507.1935483871
2026/08/01@14:55:40,2646,16.46296,29509.677419354837
2026/08/01@14:55:41,2647,16.554512,29512.16129032258
2026/08/01@14:55:42,2648,16.722362,29514.645161290322
2026/08/01@14:55:43,2649,16.86122,29517.129032258064
2026/08/01@14:55:44,2650,16.951248,29519.612903225807
2026/08/01@14:55:45,2651,17.012284,29522.09677419355
2026/08/01@14:55:46,2652,16.99855,29524.58064516129
2026/08/01@14:55:48,2654,16.997024,29529.548387096773
2026/08/01@14:55:49,2655,17.071794,29532.032258064515
2026/08/01@14:55:50,2656,17.163348,29534.516129032258
2026/08/01@14:55:51,2657,17.222858,29537.0
2026/08/01@14:55:52,2658,17.31899,29539.709677419356
2026/08/01@14:55:53,2659,17.592126,29542.41935483871
2026/08/01@14:55:54,2660,17.637904,29545.129032258064
2026/08/01@14:55:55,2661,17.74319,29547.83870967742
2026/08/01@14:55:56,2662,17.75845,29550.548387096773
2026/08/01@14:55:57,2663,17.6653692,29553.25806451613
2026/08/01@14:55:59,2664,17.60586,29558.677419354837
2026/08/01@14:56:00,2666,17.634852,29561.387096774193
2026/08/01@14:56:01,2667,17.697414,29564.09677419355
2026/08/01@14:56:02,2668,17.775234,29566.8064516129
2026/08/01@14:56:03,2669,17.785916,29569.516129032258
2026/08/01@14:56:04,2670,17.7401392,29572.225806451614
2026/08/01@14:56:05,2671,17.692836,29574.935483870966
2026/08/01@14:56:06,2672,17.6150136,29577.645161290322
2026/08/01@14:56:07,2673,17.555504,29580.354838709678
2026/08/01@14:56:08,2674,17.524986,29583.064516129034
2026/08/01@14:56:09,2675,17.58755,29585.774193548386
2026/08/01@14:56:11,2677,17.584498,29591.1935483871
2026/08/01@14:56:12,2678,17.566186,29593.90322580645
2026/08/01@14:56:13,2679,17.50515,29596.612903225807
2026/08/01@14:56:14,2680,17.354086,29599.322580645163
2026/08/01@14:56:15,2681,17.2915232,29602.032258064515
2026/08/01@14:56:16,2682,17.157244,29604.74193548387
2026/08/01@14:56:17,2683,17.076372,29607.451612903227
2026/08/01@14:56:18,2684,17.012284,29610.16129032258
2026/08/01@14:56:19,2685,16.934462,29612.870967741936
2026/08/01@14:56:20,2686,16.842908,29615.58064516129
2026/08/01@14:56:22,2688,16.71931,29621.0
2026/08/01@14:56:23,2689,16.691844,29623.866666666665
2026/08/01@14:56:24,2690,16.704052,29626.733333333334
2026/08/01@14:56:25,2691,16.701,29629.6
2026/08/01@14:56:26,2692,16.655222,29632.466666666667
2026/08/01@14:56:27,2693,16.580454,29635.333333333332
2026/08/01@14:56:28,2694,16.49958,29638.2
2026/08/01@14:56:29,2695,16.421758,29641.066666666666
2026/08/01@14:56:30,2696,16.330206,29643.933333333334
2026/08/01@14:56:31,2697,16.195926,29646.8
2026/08/01@14:56:33,2699,16.147096,29652.533333333333
2026/08/01@14:56:34,2700,16.147096,29655.4
2026/08/01@14:56:35,2701,16.177614,29658.266666666666
2026/08/01@14:56:36,2702,16.223392,29661.133333333335
2026/08/01@14:56:37,2703,16.205082,29664.0
2026/08/01@14:56:38,2704,16.247806,29666.866666666665
2026/08/01@14:56:39,2705,16.173036,29669.733333333334
2026/08/01@14:56:40,2706,16.174562,29672.6
2026/08/01@14:56:41,2707,16.264592,29675.466666666667
2026/08/01@14:56:42,2708,16.310368,29678.333333333332
2026/08/01@14:56:44,2710,16.353094,29684.066666666666
2026/08/01@14:56:45,2711,16.461434,29686.933333333334
2026/08/01@14:56:46,2712,16.430914,29689.8
2026/08/01@14:56:47,2713,16.490426,29692.666666666668
2026/08/01@14:56:48,2714,16.520942,29695.533333333333
2026/08/01@14:56:49,2715,16.490426,29698.4
2026/08/01@14:56:50,2716,16.552986,29701.266666666666
2026/08/01@14:56:51,2717,16.566721,29704.133333333335
2026/08/01@14:56:52,2718,16.627756,29707.0
2026/08/01@14:56:53,2719,16.612498,29709.8064516129
2026/08/01@14:56:54,2720,16.704052,29712.612903225807
2026/08/01@14:56:56,2722,16.870374,29718.225806451614
2026/08/01@14:56:57,2723,17.056534,29721.032258064515
2026/08/01@14:56:58,2724,17.2076,29723.83870967742
2026/08/01@14:56:59,2725,17.328146,29726.645161290322
2026/08/01@14:57:00,2726,17.468528,29729.451612903227
2026/08/01@14:57:01,2727,17.47921,29732.25806451613
2026/08/01@14:57:02,2728,17.55703,29735.064516129034
2026/08/01@14:57:03,2729,17.55703,29737.870967741936
2026/08/01@14:57:04,2730,17.648584,29740.677419354837
2026/08/01@14:57:05,2731,17.753872,29743.483870967742
2026/08/01@14:57:07,2733,17.7401392,29749.09677419355
2026/08/01@14:57:08,2734,17.72488,29751.90322580645
2026/08/01@14:57:09,2735,17.692836,29754.709677419356
2026/08/01@14:57:10,2736,17.692836,29757.516129032258
2026/08/01@14:57:11,2737,17.72488,29760.322580645163
2026/08/01@14:57:12,2738,17.785916,29763.129032258064
2026/08/01@14:57:13,2739,17.831694,29765.935483870966
2026/08/01@14:57:14,2740,17.891202,29768.74193548387
2026/08/01@14:57:15,2741,17.904936,29771.548387096773
2026/08/01@14:57:16,2742,17.845426,29774.354838709678
2026/08/01@14:57:18,2744,17.845426,29779.967741935485
2026/08/01@14:57:19,2745,17.891202,29782.774193548386
2026/08/01@14:57:20,2746,17.918668,29785.58064516129
2026/08/01@14:57:21,2747,17.962922,29788.387096774193
2026/08/01@14:57:22,2748,17.872892,29791.1935483871
2026/08/01@14:57:23,2749,17.766078,29794.0
2026/08/01@14:57:24,2750,17.674524,29797.1
2026/08/01@14:57:25,2751,17.674524,29800.2
2026/08/01@14:57:26,2752,17.64248,29803.3
2026/08/01@14:57:27,2753,17.65774,29806.4
2026/08/01@14:57:29,2754,17.701992,29812.6
2026/08/01@14:57:30,2756,17.656214,29815.7
2026/08/01@14:57:31,2757,17.64248,29818.8
2026/08/01@14:57:32,2758,17.611964,29821.9
2026/08/01@14:57:33,2759,17.685206,29825.0
2026/08/01@14:57:34,2760,17.62417,29828.1
2026/08/01@14:57:35,2761,17.621118,29831.2
2026/08/01@14:57:36,2762,17.529564,29834.3
2026/08/01@14:57:37,2763,17.405966,29837.4
2026/08/01@14:57:38,2764,17.331198,29840.5
2026/08/01@14:57:39,2765,17.112994,29843.6
2026/08/01@14:57:41,2767,16.94667,29849.8
2026/08/01@14:57:42,2768,16.852064,29852.9
2026/08/01@14:57:43,2769,16.713208,29856.0
2026/08/01@14:57:44,2770,16.572824,29859.1
2026/08/01@14:57:45,2771,16.452278,29862.2
2026/08/01@14:57:46,2772,16.38819,29865.3
2026/08/01@14:57:47,2773,16.266118,29868.4
2026/08/01@14:57:48,2774,16.174562,29871.5
2026/08/01@14:57:49,2775,16.128786,29874.6
2026/08/01@14:57:50,2776,16.206608,29877.7
2026/08/01@14:57:52,2778,16.250858,29883.9
2026/08/01@14:57:53,2779,16.357672,29887.0
2026/08/01@14:57:54,2780,16.435492,29889.967741935485
2026/08/01@14:57:55,2781,16.554512,29892.935483870966
2026/08/01@14:57:56,2782,16.617075,29895.90322580645
2026/08/01@14:57:57,2783,16.70863,29898.870967741936
2026/08/01@14:57:58,2784,16.768138,29901.83870967742
2026/08/01@14:57:59,2785,16.705578,29904.8064516129
2026/08/01@14:58:00,2786,16.705578,29907.774193548386
2026/08/01@14:58:01,2787,16.612498,29910.74193548387
2026/08/01@14:58:03,2789,16.598764,29916.677419354837
2026/08/01@14:58:04,2790,16.536202,29919.645161290322
2026/08/01@14:58:05,2791,16.476692,29922.612903225807
2026/08/01@14:58:06,2792,16.58198,29925.58064516129
2026/08/01@14:58:07,2793,16.549934,29928.548387096773
2026/08/01@14:58:08,2794,16.673532,29931.516129032258
2026/08/01@14:58:09,2795,16.749828,29934.483870967742
2026/08/01@14:58:10,2796,16.792552,29937.451612903227
2026/08/01@14:58:11,2797,16.792552,29940.41935483871
2026/08/01@14:58:12,2798,16.731518,29943.387096774193
2026/08/01@14:58:14,2800,16.731518,29949.322580645163
2026/08/01@14:58:15,2801,16.701,29952.290322580644
2026/08/01@14:58:16,2802,16.68574,29955.25806451613
2026/08/01@14:58:17,2803,16.68574,29958.225806451614
2026/08/01@14:58:18,2804,16.701,29961.1935483871
2026/08/01@14:58:19,2805,16.777294,29964.16129032258
2026/08/01@14:58:20,2806,16.852064,29967.129032258064
2026/08/01@14:58:21,2807,16.868848,29970.09677419355
2026/08/01@14:58:22,2808,17.00618,29973.064516129034
2026/08/01@14:58:23,2809,17.108416,29976.032258064515
2026/08/01@14:58:25,2811,17.27779,29982.0
2026/08/01@14:58:26,2812,17.276264,29985.0
2026/08/01@14:58:27,2813,17.289998,29988.0
2026/08/01@14:58:28,2814,17.167924,29991.0
2026/08/01@14:58:29,2815,17.061112,29994.0
2026/08/01@14:58:30,2816,17.061112,29997.0
2026/08/01@14:58:31,2817,17.061112,30000.0
2026/08/01@14:58:32,2818,17.18471,30003.0
2026/08/01@14:58:33,2819,17.273212,30006.0
2026/08/01@14:58:34,2820,17.395284,30009.0
2026/08/01@14:58:36,2822,17.48684,30015.0
2026/08/01@14:58:37,2823,17.592126,30018.0
2026/08/01@14:58:38,2824,17.561608,30021.0
2026/08/01@14:58:39,2825,17.543296,30024.0
2026/08/01@14:58:40,2826,17.468528,30027.0
2026/08/01@14:58:41,2827,17.300678,30030.0
2026/08/01@14:58:42,2828,17.239644,30033.0
2026/08/01@14:58:43,2829,17.163348,30036.0
2026/08/01@14:58:44,2830,17.129778,30039.0
2026/08/01@14:58:45,2831,16.989396,30042.0
2026/08/01@14:58:46,2832,16.928358,30045.0
2026/08/01@14:58:48,2834,16.791028,30051.0
2026/08/01@14:58:49,2835,16.653696,30054.0
2026/08/01@14:58:50,2836,16.577402,30057.0
2026/08/01@14:58:51,2837,16.530098,30060.0
2026/08/01@14:58:52,2838,16.392766,30063.0
2026/08/01@14:58:53,2839,16.374456,30066.0
2026/08/01@14:58:54,2840,16.314948,30069.0
2026/08/01@14:58:55,2841,16.252384,30072.0
2026/08/01@14:58:56,2842,16.191349,30074.933333333334
2026/08/01@14:58:57,2843,16.159304,30077.866666666665
2026/08/01@14:58:59,2845,16.142519,30083.733333333334
2026/08/01@14:59:00,2846,16.096742,30086.666666666668
2026/08/01@14:59:01,2847,15.957885,30089.6
2026/08/01@14:59:02,2848,16.032654,30092.533333333333
2026/08/01@14:59:03,2849,15.877012,30095.466666666667
2026/08/01@14:59:04,2850,15.802243,30098.4
2026/08/01@14:59:05,2851,15.710689,30101.333333333332
2026/08/01@14:59:06,2852,15.632868,30104.266666666666
2026/08/01@14:59:07,2853,15.58709,30107.2
2026/08/01@14:59:08,2854,15.538262,30110.133333333335
2026/08/01@14:59:10,2856,15.463492,30116.0
2026/08/01@14:59:11,2857,15.431449,30118.933333333334
2026/08/01@14:59:12,2858,15.396353,30121.866666666665
2026/08/01@14:59:13,2859,15.38262,30124.8
2026/08/01@14:59:14,2860,15.303273,30127.733333333334
2026/08/01@14:59:15,2861,15.259022,30130.666666666668
2026/08/01@14:59:16,2862,15.254444,30133.6
2026/08/01@14:59:17,2863,15.152208,30136.533333333333
2026/08/01@14:59:18,2864,15.089646,30139.466666666667
2026/08/01@14:59:19,2865,15.071336,30142.4
2026/08/01@14:59:21,2867,15.133898,30148.266666666666
2026/08/01@14:59:22,2868,15.194934,30151.2
2026/08/01@14:59:23,2869,15.391775,30154.133333333335
2026/08/01@14:59:24,2870,15.437552,30157.066666666666
2026/08/01@14:59:25,2871,15.634394,30160.0
2026/08/01@14:59:26,2872,15.696956,30162.645161290322
2026/08/01@14:59:27,2873,15.817502,30165.290322580644
2026/08/01@14:59:28,2874,15.92279,30167.935483870966
2026/08/01@14:59:29,2875,16.046386,30170.58064516129
2026/08/01@14:59:30,2876,16.092165,30173.225806451614
2026/08/01@14:59:32,2878,16.197452,30178.516129032258
2026/08/01@14:59:33,2879,16.243228,30181.16129032258
2026/08/01@14:59:34,2880,16.319524,30183.8064516129
2026/08/01@14:59:35,2881,16.38056,30186.451612903227
2026/08/01@14:59:36,2882,16.42481,30189.09677419355
2026/08/01@14:59:37,2883,16.42481,30191.74193548387
2026/08/01@14:59:38,2884,16.42481,30194.387096774193
2026/08/01@14:59:39,2885,16.485848,30197.032258064515
2026/08/01@14:59:40,2886,16.498054,30199.677419354837
2026/08/01@14:59:41,2887,16.452278,30202.322580645163
2026/08/01@14:59:42,2888,16.375982,30204.967741935485
2026/08/01@14:59:44,2890,16.314948,30210.25806451613
2026/08/01@14:59:45,2891,16.22034,30212.90322580645
2026/08/01@14:59:46,2892,16.128786,30215.548387096773
2026/08/01@14:59:47,2893,16.050964,30218.1935483871
2026/08/01@14:59:48,2894,15.959411,30220.83870967742
2026/08/01@14:59:49,2895,15.912108,30223.483870967742
2026/08/01@14:59:50,2896,15.834287,30226.129032258064
2026/08/01@14:59:51,2897,15.790036,30228.774193548386
2026/08/01@14:59:52,2898,15.729,30231.41935483871
2026/08/01@14:59:53,2899,15.725948,30234.064516129034
2026/08/01@14:59:55,2901,15.619135,30239.354838709678
2026/08/01@14:59:56,2902,15.680171,30242.0
2026/08/01@14:59:57,2903,15.588616,30244.733333333334
2026/08/01@14:59:58,2904,15.619135,30247.466666666667
2026/08/01@14:59:59,2905,15.573358,30250.2
2026/08/01@15:00:00,2906,15.556573,30252.933333333334
2026/08/01@15:00:01,2907,15.573358,30255.666666666668
2026/08/01@15:00:02,2908,15.541314,30258.4
2026/08/01@15:00:03,2909,15.52758,30261.133333333335
2026/08/01@15:00:04,2910,15.616083,30263.866666666665
2026/08/01@15:00:06,2912,15.66186,30269.333333333332
2026/08/01@15:00:07,2913,15.692378,30272.066666666666
2026/08/01@15:00:08,2914,15.6740668,30274.8
2026/08/01@15:00:09,2915,15.642023,30277.533333333333
2026/08/01@15:00:10,2916,15.547418,30280.266666666666
2026/08/01@15:00:11,2917,15.472649,30283.0
2026/08/01@15:00:12,2918,15.399405,30285.733333333334
2026/08/01@15:00:13,2919,15.396353,30288.466666666667
2026/08/01@15:00:14,2920,15.364309,30291.2
2026/08/01@15:00:15,2921,15.353628,30293.933333333334
2026/08/01@15:00:17,2923,15.353628,30299.4
2026/08/01@15:00:18,2924,15.472649,30302.133333333335
2026/08/01@15:00:19,2925,15.533685,30304.866666666665
2026/08/01@15:00:20,2926,15.66949,30307.6
2026/08/01@15:00:21,2927,15.793088,30310.333333333332
2026/08/01@15:00:22,2928,15.835813,30313.066666666666
2026/08/01@15:00:23,2929,15.820554,30315.8
2026/08/01@15:00:24,2930,15.863279,30318.533333333333
2026/08/01@15:00:25,2931,15.835813,30321.266666666666
2026/08/01@15:00:26,2932,15.866331,30324.0
2026/08/01@15:00:28,2934,15.957885,30329.09677419355
2026/08/01@15:00:29,2935,16.078432,30331.645161290322
2026/08/01@15:00:30,2936,16.124208,30334.1935483871
2026/08/01@15:00:31,2937,16.150148,30336.74193548387
2026/08/01@15:00:32,2938,16.105898,30339.290322580644
2026/08/01@15:00:33,2939,15.999084,30341.83870967742
2026/08/01@15:00:34,2940,15.96704,30344.387096774193
2026/08/01@15:00:35,2941,15.909057,30346.935483870966
2026/08/01@15:00:36,2942,15.893797,30349.483870967742
2026/08/01@15:00:37,2943,15.890745,30352.032258064515
2026/08/01@15:00:39,2945,15.96704,30357.129032258064
2026/08/01@15:00:40,2946,16.06012,30359.677419354837
2026/08/01@15:00:41,2947,16.133364,30362.225806451614
2026/08/01@15:00:42,2948,16.289006,30364.774193548386
2026/08/01@15:00:43,2949,16.421758,30367.322580645163
2026/08/01@15:00:44,2950,16.530098,30369.870967741936
2026/08/01@15:00:45,2951,16.623178,30372.41935483871
2026/08/01@15:00:46,2952,16.667429,30374.967741935485
2026/08/01@15:00:47,2953,16.774242,30377.516129032258
2026/08/01@15:00:48,2954,16.896314,30380.064516129034
2026/08/01@15:00:50,2955,16.791028,30385.16129032258
2026/08/01@15:00:51,2957,16.8154432,30387.709677419356
2026/08/01@15:00:52,2958,16.681162,30390.25806451613
2026/08/01@15:00:53,2959,16.571298,30392.8064516129
2026/08/01@15:00:54,2960,16.417181,30395.354838709678
2026/08/01@15:00:55,2961,16.311894,30397.90322580645
2026/08/01@15:00:56,2962,16.177614,30400.451612903227
2026/08/01@15:00:57,2963,16.206608,30403.0
2026/08/01@15:00:58,2964,16.22034,30405.483870967742
2026/08/01@15:00:59,2965,16.205082,30407.967741935485
2026/08/01@15:01:00,2966,16.296634,30410.451612903227
2026/08/01@15:01:02,2968,16.296634,30415.41935483871
2026/08/01@15:01:03,2969,16.357672,30417.90322580645
2026/08/01@15:01:04,2970,16.449226,30420.387096774193
2026/08/01@15:01:05,2971,16.522468,30422.870967741936
2026/08/01@15:01:06,2972,16.568246,30425.354838709678
2026/08/01@15:01:07,2973,16.568246,30427.83870967742
2026/08/01@15:01:08,2974,16.4477,30430.322580645163
2026/08/01@15:01:09,2975,16.337836,30432.8064516129
2026/08/01@15:01:10,2976,16.22797,30435.290322580644
2026/08/01@15:01:11,2977,16.122682,30437.774193548386
2026/08/01@15:01:13,2979,15.985352,30442.74193548387
2026/08/01@15:01:14,2980,15.92279,30445.225806451614
2026/08/01@15:01:15,2981,15.844969,30447.709677419356
2026/08/01@15:01:16,2982,15.756466,30450.1935483871
2026/08/01@15:01:17,2983,15.756466,30452.677419354837
2026/08/01@15:01:18,2984,15.844969,30455.16129032258
2026/08/01@15:01:19,2985,15.831235,30457.645161290322
2026/08/01@15:01:20,2986,15.877012,30460.129032258064
2026/08/01@15:01:21,2987,15.829709,30462.612903225807
2026/08/01@15:01:22,2988,15.890745,30465.09677419355
2026/08/01@15:01:24,2990,15.950255,30470.064516129034
2026/08/01@15:01:25,2991,16.04486,30472.548387096773
2026/08/01@15:01:26,2992,16.118104,30475.032258064515
2026/08/01@15:01:27,2993,16.192874,30477.516129032258
2026/08/01@15:01:28,2994,16.316473,30480.0
2026/08/01@15:01:29,2995,16.452278,30482.8
2026/08/01@15:01:30,2996,16.527046,30485.6
2026/08/01@15:01:31,2997,16.713208,30488.4
2026/08/01@15:01:32,2998,16.78645,30491.2
2026/08/01@15:01:33,2999,16.833754,30494.0
2026/08/01@15:01:35,3000,16.906996,30499.6
2026/08/01@15:01:36,3002,16.8154432,30502.4
2026/08/01@15:01:37,3003,16.754406,30505.2
2026/08/01@15:01:38,3004,16.662852,30508.0
2026/08/01@15:01:39,3005,16.614024,30510.8
2026/08/01@15:01:40,3006,16.508736,30513.6
2026/08/01@15:01:41,3007,16.433966,30516.4
2026/08/01@15:01:42,3008,16.461434,30519.2
2026/08/01@15:01:43,3009,16.430914,30522.0
2026/08/01@15:01:44,3010,16.383612,30524.8
2026/08/01@15:01:45,3011,16.292057,30527.6
2026/08/01@15:01:47,3013,16.211186,30533.2
2026/08/01@15:01:48,3014,16.06012,30536.0
2026/08/01@15:01:49,3015,16.00061,30538.8
2026/08/01@15:01:50,3016,15.939574,30541.6
2026/08/01@15:01:51,3017,15.863279,30544.4
2026/08/01@15:01:52,3018,15.909057,30547.2
2026/08/01@15:01:53,3019,15.909057,30550.0
2026/08/01@15:01:54,3020,15.986877,30552.8
2026/08/01@15:01:55,3021,15.9365232,30555.6
2026/08/01@15:01:56,3022,15.968566,30558.4
2026/08/01@15:01:58,3024,16.073854,30564.0
2026/08/01@15:01:59,3025,16.11963,30566.58064516129
2026/08/01@15:02:00,3026,16.211186,30569.16129032258
2026/08/01@15:02:01,3027,16.20966,30571.74193548387
2026/08/01@15:02:02,3028,16.206608,30574.322580645163
2026/08/01@15:02:03,3029,16.115054,30576.90322580645
2026/08/01@15:02:04,3030,16.054016,30579.483870967742
2026/08/01@15:02:05,3031,15.918212,30582.064516129034
2026/08/01@15:02:06,3032,15.886168,30584.645161290322
2026/08/01@15:02:07,3033,15.857176,30587.225806451614
2026/08/01@15:02:09,3035,15.838864,30592.387096774193
2026/08/01@15:02:10,3036,15.793088,30594.967741935485
2026/08/01@15:02:11,3037,15.761044,30597.548387096773
2026/08/01@15:02:12,3038,15.730526,30600.129032258064
2026/08/01@15:02:13,3039,15.652704,30602.709677419356
2026/08/01@15:02:14,3040,15.652704,30605.290322580644
2026/08/01@15:02:15,3041,15.54284,30607.870967741936
2026/08/01@15:02:16,3042,15.46807,30610.451612903227
2026/08/01@15:02:17,3043,15.391775,30613.032258064515
2026/08/01@15:02:18,3044,15.373465,30615.612903225807
2026/08/01@15:02:20,3046,15.207141,30620.774193548386
2026/08/01@15:02:21,3047,15.220875,30623.354838709678
2026/08/01@15:02:22,3048,15.156787,30625.935483870966
2026/08/01@15:02:23,3049,15.048448,30628.516129032258
2026/08/01@15:02:24,3050,14.970627,30631.09677419355
2026/08/01@15:02:25,3051,14.941634,30633.677419354837
2026/08/01@15:02:26,3052,14.819562,30636.25806451613
2026/08/01@15:02:27,3053,14.804303,30638.83870967742
2026/08/01@15:02:28,3054,14.758526,30641.41935483871
2026/08/01@15:02:29,3055,14.836347,30644.0
2026/08/01@15:02:31,3056,14.882124,30538.516129032258
2026/08/01@15:02:32,3058,15.00267,30485.774193548386
2026/08/01@15:02:33,3059,15.107958,30433.032258064515
2026/08/01@15:02:34,3060,15.1247432,30380.290322580644
2026/08/01@15:02:35,3061,15.23003,30327.548387096773
2026/08/01@15:02:36,3062,15.259022,30274.8064516129
2026/08/01@15:02:37,3063,15.275806,30222.064516129034
2026/08/01@15:02:38,3064,15.396353,30169.322580645163
2026/08/01@15:02:39,3065,15.362783,30116.58064516129
2026/08/01@15:02:40,3066,15.318532,30063.83870967742
2026/08/01@15:02:41,3067,15.335317,30011.09677419355
2026/08/01@15:02:43,3069,15.28954,29905.612903225807
2026/08/01@15:02:44,3070,15.300221,29852.870967741936
2026/08/01@15:02:45,3071,15.300221,29800.129032258064
2026/08/01@15:02:46,3072,15.300221,29747.387096774193
2026/08/01@15:02:47,3073,15.300221,29694.645161290322
2026/08/01@15:02:48,3074,15.284963,29641.90322580645
2026/08/01@15:02:49,3075,15.252918,29589.16129032258
2026/08/01@15:02:50,3076,15.147631,29536.41935483871
2026/08/01@15:02:51,3077,15.039292,29483.677419354837
2026/08/01@15:02:52,3078,15.085069,29430.93548387097
2026/08/01@15:02:54,3080,15.117113,29325.451612903227
2026/08/01@15:02:55,3081,15.190356,29272.709677419356
2026/08/01@15:02:56,3082,15.295644,29219.967741935485
2026/08/01@15:02:57,3083,15.295644,29167.225806451614
2026/08/01@15:02:58,3084,15.436027,29114.483870967742
2026/08/01@15:02:59,3085,15.495537,29061.74193548387
2026/08/01@15:03:00,3086,15.478752,29009.0
2026/08/01@15:03:01,3087,15.463492,28958.933333333334
2026/08/01@15:03:02,3088,15.478752,28908.866666666665
2026/08/01@15:03:03,3089,15.538262,28858.8
2026/08/01@15:03:05,3091,15.600824,28758.666666666668
2026/08/01@15:03:06,3092,15.642023,28708.6
2026/08/01@15:03:07,3093,15.596247,28658.533333333333
2026/08/01@15:03:08,3094,15.4741744,28608.466666666667
2026/08/01@15:03:09,3095,15.396353,28558.4
2026/08/01@15:03:10,3096,15.32311,28508.333333333332
2026/08/01@15:03:11,3097,15.291066,28458.266666666666
2026/08/01@15:03:12,3098,15.368887,28408.2
2026/08/01@15:03:13,3099,15.428397,28358.133333333335
2026/08/01@15:03:14,3100,15.490959,28308.066666666666
2026/08/01@15:03:16,3102,15.490959,28207.933333333334
2026/08/01@15:03:17,3103,15.550469,28157.866666666665
2026/08/01@15:03:18,3104,15.596247,28107.8
2026/08/01@15:03:19,3105,15.6740668,28057.733333333334
2026/08/01@15:03:20,3106,15.779354,28007.666666666668
2026/08/01@15:03:21,3107,15.790036,27957.6
2026/08/01@15:03:22,3108,15.806821,27907.533333333333
2026/08/01@15:03:23,3109,15.729,27857.466666666667
2026/08/01@15:03:24,3110,15.715266,27807.4
2026/08/01@15:03:25,3111,15.761044,27757.333333333332
2026/08/01@15:03:27,3112,15.698482,27657.2
2026/08/01@15:03:28,3114,15.761044,27607.13333333333
2026/08/01@15:03:29,3115,15.790036,27557.066666666666
2026/08/01@15:03:30,3116,15.757992,27507.0
2026/08/01@15:03:31,3117,15.744259,27463.064516129034
2026/08/01@15:03:32,3118,15.715266,27419.129032258064
2026/08/01@15:03:33,3119,15.803769,27375.1935483871
2026/08/01@15:03:34,3120,15.912108,27331.25806451613
2026/08/01@15:03:35,3121,15.9411,27287.322580645163
2026/08/01@15:03:36,3122,16.017395,27243.387096774193
2026/08/01@15:03:37,3123,16.137942,27199.451612903227
2026/08/01@15:03:39,3125,16.154726,27111.58064516129
2026/08/01@15:03:40,3126,16.215764,27067.645161290322
2026/08/01@15:03:41,3127,16.289006,27023.709677419356
2026/08/01@15:03:42,3128,16.365302,26979.774193548386
2026/08/01@15:03:43,3129,16.365302,26935.83870967742
2026/08/01@15:03:44,3130,16.365302,26891.90322580645
2026/08/01@15:03:45,3131,16.260014,26847.967741935485
2026/08/01@15:03:46,3132,16.241703,26804.032258064515
2026/08/01@15:03:47,3133,16.165408,26760.09677419355
2026/08/01@15:03:48,3134,16.195926,26716.16129032258
2026/08/01@15:03:50,3136,16.147096,26628.290322580644
2026/08/01@15:03:51,3137,16.104372,26584.354838709678
2026/08/01@15:03:52,3138,15.980774,26540.41935483871
2026/08/01@15:03:53,3139,15.812924,26496.483870967742
2026/08/01@15:03:54,3140,15.735104,26452.548387096773
2026/08/01@15:03:55,3141,15.6740668,26408.612903225807
2026/08/01@15:03:56,3142,15.6115052,26364.677419354837
2026/08/01@15:03:57,3143,15.62829,26320.74193548387
2026/08/01@15:03:58,3144,15.582513,26276.8064516129
2026/08/01@15:03:59,3145,15.582513,26232.870967741936
2026/08/01@15:04:00,3146,15.564202,26188.93548387097
2026/08/01@15:04:02,3148,15.579461,26103.633333333335
2026/08/01@15:04:03,3149,15.50164,26062.266666666666
2026/08/01@15:04:04,3150,15.50164,26020.9
2026/08/01@15:04:05,3151,15.472649,25979.533333333333
2026/08/01@15:04:06,3152,15.455863,25938.166666666668
2026/08/01@15:04:07,3153,15.518425,25896.8
2026/08/01@15:04:08,3154,15.50164,25855.433333333334
2026/08/01@15:04:09,3155,15.564202,25814.066666666666
2026/08/01@15:04:10,3156,15.532159,25772.7
2026/08/01@15:04:11,3157,15.605402,25731.333333333332
2026/08/01@15:04:13,3159,15.46807,25648.6
2026/08/01@15:04:14,3160,15.469597,25607.233333333334
2026/08/01@15:04:15,3161,15.405508,25565.866666666665
2026/08/01@15:04:16,3162,15.300221,25524.5
2026/08/01@15:04:17,3163,15.284963,25483.133333333335
2026/08/01@15:04:18,3164,15.254444,25441.766666666666
2026/08/01@15:04:19,3165,15.254444,25400.4
2026/08/01@15:04:20,3166,15.252918,25359.033333333333
2026/08/01@15:04:21,3167,15.220875,25317.666666666668
2026/08/01@15:04:22,3168,15.217822,25276.3
2026/08/01@15:04:24,3170,15.083543,25193.566666666666
2026/08/01@15:04:25,3171,14.988937,25152.2
2026/08/01@15:04:26,3172,14.975204,25110.833333333332
2026/08/01@15:04:27,3173,14.869917,25069.466666666667
2026/08/01@15:04:28,3174,14.927901,25028.1
2026/08/01@15:04:29,3175,14.94316,24986.733333333334
2026/08/01@15:04:30,3176,15.033189,24945.366666666665
2026/08/01@15:04:31,3177,15.126268,24904.0
2026/08/01@15:04:32,3178,15.217822,24868.548387096773
2026/08/01@15:04:33,3179,15.309377,24833.09677419355
2026/08/01@15:04:35,3181,15.339894,24762.1935483871
2026/08/01@15:04:36,3182,15.460441,24726.74193548387
2026/08/01@15:04:37,3183,15.596247,24691.290322580644
2026/08/01@15:04:38,3184,15.643549,24655.83870967742
2026/08/01@15:04:39,3185,15.671016,24620.387096774193
2026/08/01@15:04:40,3186,15.655756,24584.935483870966
2026/08/01@15:04:41,3187,15.60998,24549.483870967742
2026/08/01@15:04:42,3188,15.652704,24514.032258064515
2026/08/01@15:04:43,3189,15.6878,24478.58064516129
2026/08/01@15:04:44,3190,15.642023,24443.129032258064
2026/08/01@15:04:45,3191,15.564202,24407.677419354837
2026/08/01@15:04:47,3193,15.564202,24336.774193548386
2026/08/01@15:04:48,3194,15.486382,24301.322580645163
2026/08/01@15:04:49,3195,15.42382,24265.870967741936
2026/08/01@15:04:50,3196,15.410087,24230.41935483871
2026/08/01@15:04:51,3197,15.34905,24194.967741935485
2026/08/01@15:04:52,3198,15.304799,24159.516129032258
2026/08/01@15:04:53,3199,15.257496,24124.06451612903
2026/08/01@15:04:54,3200,15.181201,24088.612903225807
2026/08/01@15:04:55,3201,15.226978,24053.16129032258
2026/08/01@15:04:56,3202,15.226978,24017.709677419356
2026/08/01@15:04:58,3204,15.225452,23946.8064516129
2026/08/01@15:04:59,3205,15.332265,23911.354838709678
2026/08/01@15:05:00,3206,15.454337,23875.90322580645
2026/08/01@15:05:01,3207,15.545892,23840.451612903227
2026/08/01@15:05:02,3208,15.637445,23805.0
2026/08/01@15:05:03,3209,15.729,23771.16129032258
2026/08/01@15:05:04,3210,15.693904,23737.322580645163
2026/08/01@15:05:05,3211,15.710689,23703.483870967742
2026/08/01@15:05:06,3212,15.588616,23669.645161290322
2026/08/01@15:05:07,3213,15.588616,23635.8064516129
2026/08/01@15:05:09,3215,15.513847,23568.129032258064
2026/08/01@15:05:10,3216,15.405508,23534.290322580644
2026/08/01@15:05:11,3217,15.313954,23500.451612903227
2026/08/01@15:05:12,3218,15.190356,23466.612903225807
2026/08/01@15:05:13,3219,15.115587,23432.774193548386
2026/08/01@15:05:14,3220,15.0103,23398.93548387097
2026/08/01@15:05:15,3221,14.915694,23365.09677419355
2026/08/01@15:05:16,3222,14.810407,23331.25806451613
2026/08/01@15:05:17,3223,14.808881,23297.41935483871
2026/08/01@15:05:18,3224,14.781415,23263.58064516129
2026/08/01@15:05:20,3226,14.869917,23195.90322580645
2026/08/01@15:05:21,3227,14.929427,23162.064516129034
2026/08/01@15:05:22,3228,14.961471,23128.225806451614
2026/08/01@15:05:23,3229,15.06981,23094.387096774193
2026/08/01@15:05:24,3230,15.112535,23060.548387096773
2026/08/01@15:05:25,3231,15.248341,23026.709677419356
2026/08/01@15:05:26,3232,15.217822,22992.870967741936
2026/08/01@15:05:27,3233,15.202563,22959.032258064515
2026/08/01@15:05:28,3234,15.156787,22925.1935483871
2026/08/01@15:05:29,3235,15.094225,22891.354838709678
2026/08/01@15:05:31,3237,14.973679,22823.677419354837
2026/08/01@15:05:32,3238,15.005722,22789.83870967742
2026/08/01@15:05:33,3239,14.837873,22756.0
2026/08/01@15:05:34,3240,14.822614,22723.833333333332
2026/08/01@15:05:35,3241,14.822614,22691.666666666668
2026/08/01@15:05:36,3242,14.776836,22659.5
2026/08/01@15:05:37,3243,14.776836,22627.333333333332
2026/08/01@15:05:38,3244,14.699016,22595.166666666668
2026/08/01@15:05:39,3245,14.639505,22563.0
2026/08/01@15:05:40,3246,14.653238,22530.833333333332
2026/08/01@15:05:42,3248,14.593728,22466.5
2026/08/01@15:05:43,3249,14.56321,22434.333333333332
2026/08/01@15:05:44,3250,14.502174,22402.166666666668
2026/08/01@15:05:45,3251,14.456397,22370.0
2026/08/01@15:05:46,3252,14.407569,22337.833333333332
2026/08/01@15:05:47,3253,14.35111,22305.666666666668
2026/08/01@15:05:48,3254,14.378576,22273.5
2026/08/01@15:05:49,3255,14.502174,22241.333333333332
2026/08/01@15:05:50,3256,14.515907,22209.166666666668
2026/08/01@15:05:51,3257,14.5449,22177.0
2026/08/01@15:05:52,3258,14.666972,22144.833333333332
2026/08/01@15:05:54,3260,14.650187,22080.5
2026/08/01@15:05:55,3261,14.695964,22048.333333333332
2026/08/01@15:05:56,3262,14.621195,22016.166666666668
2026/08/01@15:05:57,3263,14.666972,21984.0
2026/08/01@15:05:58,3264,14.572366,21951.833333333332
2026/08/01@15:05:59,3265,14.558633,21919.666666666668
2026/08/01@15:06:00,3266,14.480812,21887.5
2026/08/01@15:06:01,3267,14.419776,21855.333333333332
2026/08/01@15:06:02,3268,14.373999,21823.166666666668
2026/08/01@15:06:03,3269,14.34348,21791.0
2026/08/01@15:06:05,3271,14.329747,21734.09677419355
2026/08/01@15:06:06,3272,14.328221,21705.645161290322
2026/08/01@15:06:07,3273,14.34348,21677.1935483871
2026/08/01@15:06:08,3274,14.389257,21648.74193548387
2026/08/01@15:06:09,3275,14.40299,21620.290322580644
2026/08/01@15:06:10,3276,14.401464,21591.83870967742
2026/08/01@15:06:11,3277,14.370947,21563.387096774193
2026/08/01@15:06:12,3278,14.416724,21534.935483870966
2026/08/01@15:06:13,3279,14.462501,21506.483870967742
2026/08/01@15:06:14,3280,14.494545,21478.032258064515
2026/08/01@15:06:16,3282,14.433509,21421.129032258064
2026/08/01@15:06:17,3283,14.493019,21392.677419354837
2026/08/01@15:06:18,3284,14.508278,21364.225806451614
2026/08/01@15:06:19,3285,14.584573,21335.774193548386
2026/08/01@15:06:20,3286,14.627298,21307.322580645163
2026/08/01@15:06:21,3287,14.718853,21278.870967741936
2026/08/01@15:06:22,3288,14.686809,21250.41935483871
2026/08/01@15:06:23,3289,14.644083,21221.967741935485
2026/08/01@15:06:24,3290,14.627298,21193.516129032258
2026/08/01@15:06:25,3291,14.598307,21165.06451612903
2026/08/01@15:06:27,3293,14.581521,21108.16129032258
2026/08/01@15:06:28,3294,14.625772,21079.709677419356
2026/08/01@15:06:29,3295,14.613565,21051.25806451613
2026/08/01@15:06:30,3296,14.552529,21022.8064516129
2026/08/01@15:06:31,3297,14.595255,20994.354838709678
2026/08/01@15:06:32,3298,14.595255,20965.90322580645
2026/08/01@15:06:33,3299,14.517433,20937.451612903227
2026/08/01@15:06:34,3300,14.506752,20909.0
2026/08/01@15:06:35,3301,14.549478,20881.41935483871
2026/08/01@15:06:36,3302,14.517433,20853.83870967742
2026/08/01@15:06:38,3304,14.61204,20798.677419354837
2026/08/01@15:06:39,3305,14.61204,20771.09677419355
2026/08/01@15:06:40,3306,14.639505,20743.516129032258
2026/08/01@15:06:41,3307,14.657817,20715.935483870966
2026/08/01@15:06:42,3308,14.744793,20688.354838709678
2026/08/01@15:06:43,3309,14.79057,20660.774193548386
2026/08/01@15:06:44,3310,14.822614,20633.1935483871
2026/08/01@15:06:45,3311,14.911117,20605.612903225807
2026/08/01@15:06:46,3312,14.956893,20578.032258064515
2026/08/01@15:06:47,3313,15.11101,20550.451612903227
2026/08/01@15:06:49,3314,15.23003,20495.290322580644
2026/08/01@15:06:50,3316,15.336843,20467.709677419356
2026/08/01@15:06:51,3317,15.445182,20440.129032258064
2026/08/01@15:06:52,3318,15.550469,20412.548387096773
2026/08/01@15:06:53,3319,15.596247,20384.967741935485
2026/08/01@15:06:54,3320,15.684749,20357.387096774193
2026/08/01@15:06:55,3321,15.730526,20329.8064516129
2026/08/01@15:06:56,3322,15.779354,20302.225806451614
2026/08/01@15:06:57,3323,15.835813,20274.645161290322
2026/08/01@15:06:58,3324,15.898375,20247.06451612903
2026/08/01@15:07:00,3325,15.912108,20191.90322580645
2026/08/01@15:07:01,3327,15.973145,20164.322580645163
2026/08/01@15:07:02,3328,16.050964,20136.74193548387
2026/08/01@15:07:03,3329,16.124208,20109.16129032258
2026/08/01@15:07:04,3330,16.20203,20081.58064516129
2026/08/01@15:07:05,3331,16.275272,20054.0
2026/08/01@15:07:06,3332,16.337836,20027.166666666668
2026/08/01@15:07:07,3333,16.385138,20000.333333333332
2026/08/01@15:07:08,3334,16.51789,19973.5
2026/08/01@15:07:09,3335,16.595712,19946.666666666668
2026/08/01@15:07:10,3336,16.655222,19919.833333333332
2026/08/01@15:07:12,3338,16.806286,19866.166666666668
2026/08/01@15:07:13,3339,16.836806,19839.333333333332
2026/08/01@15:07:14,3340,16.792552,19812.5
2026/08/01@15:07:15,3341,16.823072,19785.666666666668
2026/08/01@15:07:16,3342,16.774242,19758.833333333332
2026/08/01@15:07:17,3343,16.791028,19732.0
2026/08/01@15:07:18,3344,16.791028,19705.166666666668
2026/08/01@15:07:19,3345,16.884108,19678.333333333332
2026/08/01@15:07:20,3346,16.868848,19651.5
2026/08/01@15:07:21,3347,16.928358,19624.666666666668
2026/08/01@15:07:23,3349,16.957352,19571.0
2026/08/01@15:07:24,3350,16.942092,19544.166666666668
2026/08/01@15:07:25,3351,17.021438,19517.333333333332
2026/08/01@15:07:26,3352,17.035172,19490.5
2026/08/01@15:07:27,3353,17.0656916,19463.666666666668
2026/08/01@15:07:28,3354,17.108416,19436.833333333332
2026/08/01@15:07:29,3355,17.1252,19410.0
2026/08/01@15:07:30,3356,17.097734,19383.166666666668
2026/08/01@15:07:31,3357,17.019912,19356.333333333332
2026/08/01@15:07:32,3358,17.019912,19329.5
2026/08/01@15:07:34,3360,16.974136,19275.833333333332
2026/08/01@15:07:35,3361,16.957352,19249.0
2026/08/01@15:07:36,3362,16.8657968,19225.09677419355
2026/08/01@15:07:37,3363,16.76051,19201.1935483871
2026/08/01@15:07:38,3364,16.717784,19177.290322580644
2026/08/01@15:07:39,3365,16.655222,19153.387096774193
2026/08/01@15:07:40,3366,16.594186,19129.483870967742
2026/08/01@15:07:41,3367,16.60792,19105.58064516129
2026/08/01@15:07:42,3368,16.562142,19081.677419354837
2026/08/01@15:07:43,3369,16.667429,19057.774193548386
2026/08/01@15:07:45,3370,16.594186,19009.967741935485
2026/08/01@15:07:46,3372,16.49958,18986.064516129034
2026/08/01@15:07:47,3373,16.470588,18962.16129032258
2026/08/01@15:07:48,3374,16.394292,18938.25806451613
2026/08/01@15:07:49,3375,16.365302,18914.354838709678
2026/08/01@15:07:50,3376,16.319524,18890.451612903227
2026/08/01@15:07:51,3377,16.302738,18866.548387096773
2026/08/01@15:07:52,3378,16.28748,18842.645161290322
2026/08/01@15:07:53,3379,16.392766,18818.74193548387
2026/08/01@15:07:54,3380,16.408026,18794.83870967742
2026/08/01@15:07:55,3381,16.485848,18770.935483870966
2026/08/01@15:07:57,3383,16.55909,18723.129032258064
2026/08/01@15:07:58,3384,16.604868,18699.225806451614
2026/08/01@15:07:59,3385,16.635386,18675.322580645163
2026/08/01@15:08:00,3386,16.621652,18651.41935483871
2026/08/01@15:08:01,3387,16.591135,18627.516129032258
2026/08/01@15:08:02,3388,16.575876,18603.612903225807
2026/08/01@15:08:03,3389,16.55909,18579.709677419356
2026/08/01@15:08:04,3390,16.498054,18555.8064516129
2026/08/01@15:08:05,3391,16.6186,18531.90322580645
2026/08/01@15:08:06,3392,16.681162,18508.0
2026/08/01@15:08:08,3394,16.710156,18460.733333333334
2026/08/01@15:08:09,3395,16.755932,18437.1
2026/08/01@15:08:10,3396,16.710156,18413.466666666667
2026/08/01@15:08:11,3397,16.664378,18389.833333333332
2026/08/01@15:08:12,3398,16.681162,18366.2
2026/08/01@15:08:13,3399,16.603342,18342.566666666666
2026/08/01@15:08:14,3400,16.649118,18318.933333333334
2026/08/01@15:08:15,3401,16.662852,18295.3
2026/08/01@15:08:16,3402,16.58961,18271.666666666668
2026/08/01@15:08:17,3403,16.60029,18248.033333333333
2026/08/01@15:08:19,3405,16.572824,18200.766666666666
2026/08/01@15:08:20,3406,16.572824,18177.133333333335
2026/08/01@15:08:21,3407,16.632334,18153.5
2026/08/01@15:08:22,3408,16.617075,18129.866666666665
2026/08/01@15:08:23,3409,16.568246,18106.233333333334
2026/08/01@15:08:24,3410,16.479744,18082.6
2026/08/01@15:08:25,3411,16.38819,18058.966666666667
2026/08/01@15:08:26,3412,16.339362,18035.333333333332
2026/08/01@15:08:27,3413,16.311894,18011.7
2026/08/01@15:08:28,3414,16.27985,17988.066666666666
2026/08/01@15:08:30,3416,16.264592,17940.8
2026/08/01@15:08:31,3417,16.339362,17917.166666666668
2026/08/01@15:08:32,3418,16.26154,17893.533333333333
2026/08/01@15:08:33,3419,16.250858,17869.9
2026/08/01@15:08:34,3420,16.0647,17846.266666666666
2026/08/01@15:08:35,3421,16.037232,17822.633333333335
2026/08/01@15:08:36,3422,15.962462,17799.0
2026/08/01@15:08:37,3423,15.959411,17777.83870967742
2026/08/01@15:08:38,3424,15.898375,17756.677419354837
2026/08/01@15:08:39,3425,15.793088,17735.516129032258
2026/08/01@15:08:40,3426,15.655756,17714.354838709678
2026/08/01@15:08:42,3428,15.579461,17672.032258064515
2026/08/01@15:08:43,3429,15.597773,17650.870967741936
2026/08/01@15:08:44,3430,15.547418,17629.709677419356
2026/08/01@15:08:45,3431,15.455863,17608.548387096773
2026/08/01@15:08:46,3432,15.440604,17587.387096774193
2026/08/01@15:08:47,3433,15.378042,17566.225806451614
2026/08/01@15:08:48,3434,15.335317,17545.064516129034
2026/08/01@15:08:49,3435,15.318532,17523.90322580645
2026/08/01@15:08:50,3436,15.243763,17502.74193548387
2026/08/01@15:08:51,3437,15.304799,17481.58064516129
2026/08/01@15:08:53,3439,15.259022,17439.25806451613
2026/08/01@15:08:54,3440,15.304799,17418.09677419355
2026/08/01@15:08:55,3441,15.394827,17396.935483870966
2026/08/01@15:08:56,3442,15.391775,17375.774193548386
2026/08/01@15:08:57,3443,15.391775,17354.612903225807
2026/08/01@15:08:58,3444,15.313954,17333.451612903227
2026/08/01@15:08:59,3445,15.268177,17312.290322580644
2026/08/01@15:09:00,3446,15.194934,17291.129032258064
2026/08/01@15:09:01,3447,15.071336,17269.967741935485
2026/08/01@15:09:02,3448,15.117113,17248.8064516129
2026/08/01@15:09:04,3450,14.964522,17206.483870967742
2026/08/01@15:09:05,3451,14.978256,17185.322580645163
2026/08/01@15:09:06,3452,14.947738,17164.16129032258
2026/08/01@15:09:07,3453,15.0103,17143.0
2026/08/01@15:09:08,3454,15.0103,17122.16129032258
2026/08/01@15:09:09,3455,15.085069,17101.322580645163
2026/08/01@15:09:10,3456,15.130846,17080.483870967742
2026/08/01@15:09:11,3457,15.143053,17059.645161290322
2026/08/01@15:09:12,3458,15.172046,17038.8064516129
2026/08/01@15:09:13,3459,15.112535,17017.967741935485
2026/08/01@15:09:15,3461,15.097277,16976.290322580644
2026/08/01@15:09:16,3462,15.12932,16955.451612903227
2026/08/01@15:09:17,3463,15.156787,16934.612903225807
2026/08/01@15:09:18,3464,15.231556,16913.774193548386
2026/08/01@15:09:19,3465,15.249866,16892.935483870966
2026/08/01@15:09:20,3466,15.294118,16872.09677419355
2026/08/01@15:09:21,3467,15.353628,16851.25806451613
2026/08/01@15:09:22,3468,15.336843,16830.41935483871
2026/08/01@15:09:23,3469,15.248341,16809.58064516129
2026/08/01@15:09:24,3470,15.231556,16788.74193548387
2026/08/01@15:09:26,3472,15.17052,16747.064516129034
2026/08/01@15:09:27,3473,15.065232,16726.225806451614
2026/08/01@15:09:28,3474,15.0621808,16705.387096774193
2026/08/01@15:09:29,3475,15.046922,16684.548387096773
2026/08/01@15:09:30,3476,15.078965,16663.709677419356
2026/08/01@15:09:31,3477,15.030136,16642.870967741936
2026/08/01@15:09:32,3478,15.152208,16622.032258064515
2026/08/01@15:09:33,3479,15.1247432,16601.1935483871
2026/08/01@15:09:34,3480,15.121691,16580.354838709678
2026/08/01@15:09:35,3481,15.121691,16559.516129032258
2026/08/01@15:09:37,3483,15.089646,16517.83870967742
2026/08/01@15:09:38,3484,15.106432,16497.0
2026/08/01@15:09:39,3485,15.167468,16476.333333333332
2026/08/01@15:09:40,3486,15.121691,16455.666666666668
2026/08/01@15:09:41,3487,15.089646,16435.0
2026/08/01@15:09:42,3488,15.089646,16414.333333333332
2026/08/01@15:09:43,3489,15.089646,16393.666666666668
2026/08/01@15:09:44,3490,15.089646,16373.0
2026/08/01@15:09:45,3491,15.152208,16352.333333333334
2026/08/01@15:09:46,3492,15.089646,16331.666666666666
2026/08/01@15:09:47,3493,15.167468,16311.0
2026/08/01@15:09:49,3495,15.317006,16269.666666666666
2026/08/01@15:09:50,3496,15.303273,16249.0
2026/08/01@15:09:51,3497,15.422294,16228.333333333334
2026/08/01@15:09:52,3498,15.497063,16207.666666666666
2026/08/01@15:09:53,3499,15.632868,16187.0
2026/08/01@15:09:54,3500,15.619135,16166.333333333334
2026/08/01@15:09:55,3501,15.648127,16145.666666666666
2026/08/01@15:09:56,3502,15.588616,16125.0
2026/08/01@15:09:57,3503,15.588616,16104.333333333334
2026/08/01@15:09:58,3504,15.54284,16083.666666666666
2026/08/01@15:10:00,3506,15.556573,16042.333333333334
2026/08/01@15:10:01,3507,15.481804,16021.666666666666
2026/08/01@15:10:02,3508,15.481804,16001.0
2026/08/01@15:10:03,3509,15.373465,15980.333333333334
2026/08/01@15:10:04,3510,15.268177,15959.666666666666
2026/08/01@15:10:05,3511,15.176623,15939.0
2026/08/01@15:10:06,3512,15.161365,15918.333333333334
2026/08/01@15:10:07,3513,15.130846,15897.666666666666
2026/08/01@15:10:08,3514,15.071336,15877.0
2026/08/01@15:10:09,3515,15.0103,15858.58064516129
2026/08/01@15:10:11,3517,14.961471,15821.741935483871
2026/08/01@15:10:12,3518,14.872969,15803.322580645161
2026/08/01@15:10:13,3519,14.856184,15784.90322580645
2026/08/01@15:10:14,3520,14.90196,15766.483870967742
2026/08/01@15:10:15,3521,14.90196,15748.064516129032
2026/08/01@15:10:16,3522,14.90196,15729.645161290322
2026/08/01@15:10:17,3523,14.856184,15711.225806451614
2026/08/01@15:10:18,3524,14.869917,15692.806451612903
2026/08/01@15:10:19,3525,14.869917,15674.387096774193
2026/08/01@15:10:20,3526,14.840924,15655.967741935485
2026/08/01@15:10:22,3528,14.763103,15619.129032258064
2026/08/01@15:10:23,3529,14.717326,15600.709677419354
2026/08/01@15:10:24,3530,14.641031,15582.290322580646
2026/08/01@15:10:25,3531,14.595255,15563.870967741936
2026/08/01@15:10:26,3532,14.673076,15545.451612903225
2026/08/01@15:10:27,3533,14.685283,15527.032258064517
2026/08/01@15:10:28,3534,14.700542,15508.612903225807
2026/08/01@15:10:29,3535,14.792096,15490.193548387097
2026/08/01@15:10:30,3536,14.837873,15471.774193548386
2026/08/01@15:10:31,3537,14.973679,15453.354838709678
2026/08/01@15:10:33,3539,15.078965,15416.516129032258
2026/08/01@15:10:34,3540,15.17052,15398.09677419355
2026/08/01@15:10:35,3541,15.231556,15379.677419354839
2026/08/01@15:10:36,3542,15.275806,15361.258064516129
2026/08/01@15:10:37,3543,15.304799,15342.838709677419
2026/08/01@15:10:38,3544,15.364309,15324.41935483871
2026/08/01@15:10:39,3545,15.34905,15306.0
2026/08/01@15:10:40,3546,15.335317,15287.774193548386
2026/08/01@15:10:41,3547,15.396353,15269.548387096775
2026/08/01@15:10:42,3548,15.396353,15251.322580645161
2026/08/01@15:10:44,3550,15.454337,15214.870967741936
2026/08/01@15:10:45,3551,15.42382,15196.645161290322
2026/08/01@15:10:46,3552,15.46807,15178.41935483871
2026/08/01@15:10:47,3553,15.408561,15160.193548387097
2026/08/01@15:10:48,3554,15.391775,15141.967741935483
2026/08/01@15:10:49,3555,15.317006,15123.741935483871
2026/08/01@15:10:50,3556,15.303273,15105.516129032258
2026/08/01@15:10:51,3557,15.272755,15087.290322580646
2026/08/01@15:10:52,3558,15.284963,15069.064516129032
2026/08/01@15:10:53,3559,15.345999,15050.838709677419
2026/08/01@15:10:54,3560,15.46807,15032.612903225807
2026/08/01@15:10:56,3562,15.52758,14996.161290322581
2026/08/01@15:10:57,3563,15.573358,14977.935483870968
2026/08/01@15:10:58,3564,15.664912,14959.709677419354
2026/08/01@15:10:59,3565,15.710689,14941.483870967742
2026/08/01@15:11:00,3566,15.783933,14923.258064516129
2026/08/01@15:11:01,3567,15.861753,14905.032258064515
2026/08/01@15:11:02,3568,15.921264,14886.806451612903
2026/08/01@15:11:03,3569,15.980774,14868.58064516129
2026/08/01@15:11:04,3570,16.02655,14850.354838709678
2026/08/01@15:11:05,3571,15.9365232,14832.129032258064
2026/08/01@15:11:07,3573,15.890745,14795.677419354839
2026/08/01@15:11:08,3574,15.843442,14777.451612903225
2026/08/01@15:11:09,3575,15.767147,14759.225806451614
2026/08/01@15:11:10,3576,15.692378,14741.0
2026/08/01@15:11:11,3577,15.675593,14722.733333333334
2026/08/01@15:11:12,3578,15.614557,14704.466666666667
2026/08/01@15:11:13,3579,15.58709,14686.2
2026/08/01@15:11:14,3580,15.524529,14667.933333333332
2026/08/01@15:11:15,3581,15.556573,14649.666666666666
2026/08/01@15:11:16,3582,15.541314,14631.4
2026/08/01@15:11:18,3584,15.556573,14594.866666666667
2026/08/01@15:11:19,3585,15.538262,14576.6
2026/08/01@15:11:20,3586,15.523003,14558.333333333334
2026/08/01@15:11:21,3587,15.600824,14540.066666666668
2026/08/01@15:11:22,3588,15.584039,14521.8
2026/08/01@15:11:23,3589,15.66186,14503.533333333333
2026/08/01@15:11:24,3590,15.721371,14485.266666666666
2026/08/01@15:11:25,3591,15.765621,14467.0
2026/08/01@15:11:26,3592,15.826657,14448.733333333334
2026/08/01@15:11:27,3593,15.918212,14430.466666666667
2026/08/01@15:11:29,3595,15.962462,14393.933333333332
2026/08/01@15:11:30,3596,16.023498,14375.666666666666
2026/08/01@15:11:31,3597,16.086062,14357.4
2026/08/01@15:11:32,3598,16.14557,14339.133333333333
2026/08/01@15:11:33,3599,16.173036,14320.866666666667
2026/08/01@15:11:34,3600,16.278324,14302.6
2026/08/01@15:11:35,3601,16.356146,14284.333333333334
2026/08/01@15:11:36,3602,16.339362,14266.066666666668
2026/08/01@15:11:37,3603,16.415656,14247.8
2026/08/01@15:11:38,3604,16.522468,14229.533333333333
2026/08/01@15:11:40,3606,16.50721,14193.0
2026/08/01@15:11:41,3607,16.58198,14176.451612903225
2026/08/01@15:11:42,3608,16.598764,14159.90322580645
2026/08/01@15:11:43,3609,16.687266,14143.354838709678
2026/08/01@15:11:44,3610,16.687266,14126.806451612903
2026/08/01@15:11:45,3611,16.792552,14110.258064516129
2026/08/01@15:11:46,3612,16.810864,14093.709677419354
2026/08/01@15:11:47,3613,16.900892,14077.161290322581
2026/08/01@15:11:48,3614,16.916152,14060.612903225807
2026/08/01@15:11:49,3615,16.975662,14044.064516129032
2026/08/01@15:11:50,3616,16.975662,14027.516129032258
2026/08/01@15:11:52,3618,17.048904,13994.41935483871
2026/08/01@15:11:53,3619,17.048904,13977.870967741936
2026/08/01@15:11:54,3620,17.0656916,13961.322580645161
2026/08/01@15:11:55,3621,17.111468,13944.774193548386
2026/08/01@15:11:56,3622,17.111468,13928.225806451614
2026/08/01@15:11:57,3623,17.08095,13911.677419354839
2026/08/01@15:11:58,3624,17.0656916,13895.129032258064
2026/08/01@15:11:59,3625,16.992446,13878.58064516129
2026/08/01@15:12:00,3626,17.019912,13862.032258064517
2026/08/01@15:12:01,3627,17.00618,13845.483870967742
2026/08/01@15:12:03,3629,17.111468,13812.387096774193
2026/08/01@15:12:04,3630,17.08095,13795.838709677419
2026/08/01@15:12:05,3631,17.1252,13779.290322580646
2026/08/01@15:12:06,3632,17.08095,13762.741935483871
2026/08/01@15:12:07,3633,17.157244,13746.193548387097
2026/08/01@15:12:08,3634,17.170976,13729.645161290322
2026/08/01@15:12:09,3635,17.203022,13713.09677419355
2026/08/01@15:12:10,3636,17.213704,13696.548387096775
2026/08/01@15:12:11,3637,17.167924,13680.0
2026/08/01@15:12:12,3638,17.1252,13663.516129032258
2026/08/01@15:12:14,3640,17.003128,13630.548387096775
2026/08/01@15:12:15,3641,17.019912,13614.064516129032
2026/08/01@15:12:16,3642,16.957352,13597.58064516129
2026/08/01@15:12:17,3643,16.914626,13581.09677419355
2026/08/01@15:12:18,3644,16.957352,13564.612903225807
2026/08/01@15:12:19,3645,16.911574,13548.129032258064
2026/08/01@15:12:20,3646,16.928358,13531.645161290322
2026/08/01@15:12:21,3647,16.868848,13515.161290322581
2026/08/01@15:12:22,3648,16.911574,13498.677419354839
2026/08/01@15:12:23,3649,16.974136,13482.193548387097
2026/08/01@15:12:25,3651,16.989396,13449.225806451614
2026/08/01@15:12:26,3652,17.001602,13432.741935483871
2026/08/01@15:12:27,3653,17.047378,13416.258064516129
2026/08/01@15:12:28,3654,17.06264,13399.774193548386
2026/08/01@15:12:29,3655,17.033646,13383.290322580646
2026/08/01@15:12:30,3656,16.98787,13366.806451612903
2026/08/01@15:12:31,3657,16.939042,13350.322580645161
2026/08/01@15:12:32,3658,16.87953,13333.838709677419
2026/08/01@15:12:33,3659,16.774242,13317.354838709678
2026/08/01@15:12:34,3660,16.791028,13300.870967741936
2026/08/01@15:12:36,3662,16.76051,13267.90322580645
2026/08/01@15:12:37,3663,16.772716,13251.41935483871
2026/08/01@15:12:38,3664,16.772716,13234.935483870968
2026/08/01@15:12:39,3665,16.742198,13218.451612903225
2026/08/01@15:12:40,3666,16.772716,13201.967741935483
2026/08/01@15:12:41,3667,16.82002,13185.483870967742
2026/08/01@15:12:42,3668,16.758984,13169.0
2026/08/01@15:12:43,3669,16.742198,13152.6
2026/08/01@15:12:44,3670,16.653696,13136.2
2026/08/01@15:12:45,3671,16.591135,13119.8
2026/08/01@15:12:46,3672,16.49958,13103.4
2026/08/01@15:12:48,3674,16.470588,13070.6
2026/08/01@15:12:49,3675,16.408026,13054.2
2026/08/01@15:12:50,3676,16.301212,13037.8
2026/08/01@15:12:51,3677,16.256962,13021.4
2026/08/01@15:12:52,3678,16.151674,13005.0
2026/08/01@15:12:53,3679,16.104372,12988.6
2026/08/01@15:12:54,3680,15.985352,12972.2
2026/08/01@15:12:55,3681,16.06012,12955.8
2026/08/01@15:12:56,3682,16.073854,12939.4
2026/08/01@15:12:57,3683,16.04181,12923.0
2026/08/01@15:12:59,3685,16.09064,12890.2
2026/08/01@15:13:00,3686,16.150148,12873.8
2026/08/01@15:13:01,3687,16.17914,12857.4
2026/08/01@15:13:02,3688,16.256962,12841.0
2026/08/01@15:13:03,3689,16.316473,12824.6
2026/08/01@15:13:04,3690,16.421758,12808.2
2026/08/01@15:13:05,3691,16.467536,12791.8
2026/08/01@15:13:06,3692,16.557564,12775.4
2026/08/01@15:13:07,3693,16.603342,12759.0
2026/08/01@15:13:08,3694,16.55909,12742.6
2026/08/01@15:13:10,3696,16.60029,12709.8
2026/08/01@15:13:11,3697,16.617075,12693.4
2026/08/01@15:13:12,3698,16.649118,12677.0
2026/08/01@15:13:13,3699,16.705578,12662.032258064517
2026/08/01@15:13:14,3700,16.783398,12647.064516129032
2026/08/01@15:13:15,3701,16.768138,12632.09677419355
2026/08/01@15:13:16,3702,16.873426,12617.129032258064
2026/08/01@15:13:17,3703,16.888686,12602.161290322581
2026/08/01@15:13:18,3704,16.964982,12587.193548387097
2026/08/01@15:13:19,3705,17.053482,12572.225806451614
2026/08/01@15:13:21,3707,17.03975,12542.290322580646
2026/08/01@15:13:22,3708,17.071794,12527.322580645161
2026/08/01@15:13:23,3709,17.09926,12512.354838709678
2026/08/01@15:13:24,3710,17.161822,12497.387096774193
2026/08/01@15:13:25,3711,17.193866,12482.41935483871
2026/08/01@15:13:26,3712,17.221332,12467.451612903225
2026/08/01@15:13:27,3713,17.15877,12452.483870967742
2026/08/01@15:13:28,3714,17.221332,12437.516129032258
2026/08/01@15:13:29,3715,17.148088,12422.548387096775
2026/08/01@15:13:30,3716,17.09926,12407.58064516129
2026/08/01@15:13:31,3717,17.007706,12392.612903225807
2026/08/01@15:13:33,3719,16.992446,12362.677419354839
2026/08/01@15:13:34,3720,16.920728,12347.709677419354
2026/08/01@15:13:35,3721,16.870374,12332.741935483871
2026/08/01@15:13:36,3722,16.902418,12317.774193548386
2026/08/01@15:13:37,3723,16.859694,12302.806451612903
2026/08/01@15:13:38,3724,16.77882,12287.838709677419
2026/08/01@15:13:39,3725,16.737622,12272.870967741936
2026/08/01@15:13:40,3726,16.691844,12257.90322580645
2026/08/01@15:13:41,3727,16.614024,12242.935483870968
2026/08/01@15:13:42,3728,16.568246,12227.967741935485
2026/08/01@15:13:44,3730,16.598764,12197.677419354839
2026/08/01@15:13:45,3731,16.552986,12182.354838709678
2026/08/01@15:13:46,3732,16.6598,12167.032258064517
2026/08/01@15:13:47,3733,16.673532,12151.709677419354
2026/08/01@15:13:48,3734,16.71931,12136.387096774193
2026/08/01@15:13:49,3735,16.749828,12121.064516129032
2026/08/01@15:13:50,3736,16.795604,12105.741935483871
2026/08/01@15:13:51,3737,16.763562,12090.41935483871
2026/08/01@15:13:52,3738,16.795604,12075.09677419355
2026/08/01@15:13:53,3739,16.810864,12059.774193548386
2026/08/01@15:13:55,3741,16.77882,12029.129032258064
2026/08/01@15:13:56,3742,16.856642,12013.806451612903
2026/08/01@15:13:57,3743,16.868848,11998.483870967742
2026/08/01@15:13:58,3744,16.900892,11983.161290322581
2026/08/01@15:13:59,3745,16.868848,11967.838709677419
2026/08/01@15:14:00,3746,16.884108,11952.516129032258
2026/08/01@15:14:01,3747,16.929884,11937.193548387097
2026/08/01@15:14:02,3748,16.960404,11921.870967741936
2026/08/01@15:14:03,3749,16.975662,11906.548387096775
2026/08/01@15:14:04,3750,17.00618,11891.225806451614
2026/08/01@15:14:06,3752,17.033646,11860.58064516129
2026/08/01@15:14:07,3753,17.051956,11845.258064516129
2026/08/01@15:14:08,3754,17.048904,11829.935483870968
2026/08/01@15:14:09,3755,17.08095,11814.612903225807
2026/08/01@15:14:10,3756,17.094682,11799.290322580646
2026/08/01@15:14:11,3757,17.094682,11783.967741935485
2026/08/01@15:14:12,3758,17.170976,11768.645161290322
2026/08/01@15:14:13,3759,17.19997,11753.322580645161
2026/08/01@15:14:14,3760,17.170976,11738.0
2026/08/01@15:14:15,3761,17.216754,11723.3
2026/08/01@15:14:17,3763,17.248798,11693.9
2026/08/01@15:14:18,3764,17.305256,11679.2
2026/08/01@15:14:19,3765,17.322042,11664.5
2026/08/01@15:14:20,3766,17.39681,11649.8
2026/08/01@15:14:21,3767,17.415122,11635.1
2026/08/01@15:14:22,3768,17.427328,11620.4
2026/08/01@15:14:23,3769,17.39681,11605.7
2026/08/01@15:14:24,3770,17.305256,11591.0
2026/08/01@15:14:25,3771,17.337302,11576.3
2026/08/01@15:14:26,3772,17.354086,11561.6
2026/08/01@15:14:27,3773,17.413596,11546.9
2026/08/01@15:14:29,3775,17.470054,11517.5
2026/08/01@15:14:30,3776,17.413596,11502.8
2026/08/01@15:14:31,3777,17.427328,11488.1
2026/08/01@15:14:32,3778,17.456322,11473.4
2026/08/01@15:14:33,3779,17.546348,11458.7
2026/08/01@15:14:34,3780,17.546348,11444.0
2026/08/01@15:14:35,3781,17.502098,11429.3
2026/08/01@15:14:36,3782,17.547874,11414.6
2026/08/01@15:14:37,3783,17.547874,11399.9
2026/08/01@15:14:38,3784,17.546348,11385.2
2026/08/01@15:14:40,3786,17.547874,11355.8
2026/08/01@15:14:41,3787,17.607386,11341.1
2026/08/01@15:14:42,3788,17.634852,11326.4
2026/08/01@15:14:43,3789,17.68368,11311.7
2026/08/01@15:14:44,3790,17.669946,11297.0
2026/08/01@15:14:45,3791,17.68368,11283.870967741936
2026/08/01@15:14:46,3792,17.729458,11270.741935483871
2026/08/01@15:14:47,3793,17.68368,11257.612903225807
2026/08/01@15:14:48,3794,17.726406,11244.483870967742
2026/08/01@15:14:49,3795,17.756924,11231.354838709678
2026/08/01@15:14:51,3797,17.634852,11205.09677419355
2026/08/01@15:14:52,3798,17.561608,11191.967741935483
2026/08/01@15:14:53,3799,17.546348,11178.838709677419
2026/08/01@15:14:54,3800,17.454796,11165.709677419354
2026/08/01@15:14:55,3801,17.349508,11152.58064516129
2026/08/01@15:14:56,3802,17.300678,11139.451612903225
2026/08/01@15:14:57,3803,17.227436,11126.322580645161
2026/08/01@15:14:58,3804,17.135882,11113.193548387097
2026/08/01@15:14:59,3805,17.10689,11100.064516129032
2026/08/01@15:15:00,3806,17.061112,11086.935483870968
2026/08/01@15:15:02,3808,17.044326,11060.677419354839
2026/08/01@15:15:03,3809,17.044326,11047.548387096775
2026/08/01@15:15:04,3810,16.984818,11034.41935483871
2026/08/01@15:15:05,3811,16.984818,11021.290322580646
2026/08/01@15:15:06,3812,17.0168616,11008.161290322581
2026/08/01@15:15:07,3813,17.076372,10995.032258064517
2026/08/01@15:15:08,3814,17.138934,10981.90322580645
2026/08/01@15:15:09,3815,17.1663984,10968.774193548386
2026/08/01@15:15:10,3816,17.22591,10955.645161290322
2026/08/01@15:15:11,3817,17.2411692,10942.516129032258
2026/08/01@15:15:13,3819,17.254902,10916.258064516129
2026/08/01@15:15:14,3820,17.332724,10903.129032258064
2026/08/01@15:15:15,3821,17.314414,10890.0
2026/08/01@15:15:16,3822,17.392232,10877.290322580646
2026/08/01@15:15:17,3823,17.409018,10864.58064516129
2026/08/01@15:15:18,3824,17.42275,10851.870967741936
2026/08/01@15:15:19,3825,17.438012,10839.161290322581
2026/08/01@15:15:20,3826,17.514306,10826.451612903225
2026/08/01@15:15:21,3827,17.4654768,10813.741935483871
2026/08/01@15:15:22,3828,17.47921,10801.032258064517
2026/08/01@15:15:23,3829,17.482262,10788.322580645161
2026/08/01@15:15:25,3831,17.4654768,10762.90322580645
2026/08/01@15:15:26,3832,17.451744,10750.193548387097
2026/08/01@15:15:27,3833,17.482262,10737.483870967742
2026/08/01@15:15:28,3834,17.54177,10724.774193548386
2026/08/01@15:15:29,3835,17.619592,10712.064516129032
2026/08/01@15:15:30,3836,17.58755,10699.354838709678
2026/08/01@15:15:31,3837,17.584498,10686.645161290322
2026/08/01@15:15:32,3838,17.584498,10673.935483870968
2026/08/01@15:15:33,3839,17.61654,10661.225806451614
2026/08/01@15:15:34,3840,17.647058,10648.516129032258
2026/08/01@15:15:36,3842,17.619592,10623.09677419355
2026/08/01@15:15:37,3843,17.721828,10610.387096774193
2026/08/01@15:15:38,3844,17.619592,10597.677419354839
2026/08/01@15:15:39,3845,17.692836,10584.967741935485
2026/08/01@15:15:40,3846,17.630274,10572.258064516129
2026/08/01@15:15:41,3847,17.601282,10559.548387096775
2026/08/01@15:15:42,3848,17.570764,10546.838709677419
2026/08/01@15:15:43,3849,17.54177,10534.129032258064
2026/08/01@15:15:44,3850,17.451744,10521.41935483871
2026/08/01@15:15:45,3851,17.405966,10508.709677419354
2026/08/01@15:15:47,3853,17.34493,10482.9
2026/08/01@15:15:48,3854,17.358664,10469.8
2026/08/01@15:15:49,3855,17.250324,10456.7
2026/08/01@15:15:50,3856,17.17708,10443.6
2026/08/01@15:15:51,3857,17.09926,10430.5
2026/08/01@15:15:52,3858,17.03975,10417.4
2026/08/01@15:15:53,3859,16.934462,10404.3
2026/08/01@15:15:54,3860,16.888686,10391.2
2026/08/01@15:15:55,3861,16.919202,10378.1
2026/08/01@15:15:56,3862,16.873426,10365.0
2026/08/01@15:15:58,3864,16.82765,10338.8
2026/08/01@15:15:59,3865,16.800182,10325.7
2026/08/01@15:16:00,3866,16.79713,10312.6
2026/08/01@15:16:01,3867,16.842908,10299.5
2026/08/01@15:16:02,3868,16.842908,10286.4
2026/08/01@15:16:03,3869,16.873426,10273.3
2026/08/01@15:16:04,3870,16.948196,10260.2
2026/08/01@15:16:05,3871,16.919202,10247.1
2026/08/01@15:16:06,3872,16.978714,10234.0
2026/08/01@15:16:07,3873,16.993972,10220.9
2026/08/01@15:16:09,3875,17.038224,10194.7
2026/08/01@15:16:10,3876,17.084002,10181.6
2026/08/01@15:16:11,3877,17.15877,10168.5
2026/08/01@15:16:12,3878,17.15877,10155.4
2026/08/01@15:16:13,3879,17.236592,10142.3
2026/08/01@15:16:14,3880,17.236592,10129.2
2026/08/01@15:16:15,3881,17.236592,10116.1
2026/08/01@15:16:16,3882,17.221332,10103.0
2026/08/01@15:16:17,3883,17.221332,10091.354838709678
2026/08/01@15:16:18,3884,17.235066,10079.709677419354
2026/08/01@15:16:19,3885,17.264058,10068.064516129032
2026/08/01@15:16:21,3887,17.236592,10044.774193548386
2026/08/01@15:16:22,3888,17.203022,10033.129032258064
2026/08/01@15:16:23,3889,17.186236,10021.483870967742
2026/08/01@15:16:24,3890,17.175554,10009.838709677419
2026/08/01@15:16:25,3891,17.14351,9998.193548387097
2026/08/01@15:16:26,3892,17.14351,9986.548387096775
2026/08/01@15:16:27,3893,17.129778,9974.90322580645
2026/08/01@15:16:28,3894,17.097734,9963.258064516129
2026/08/01@15:16:29,3895,17.035172,9951.612903225807
2026/08/01@15:16:30,3896,17.007706,9939.967741935483
2026/08/01@15:16:32,3898,16.96193,9916.677419354839
2026/08/01@15:16:33,3899,16.809338,9905.032258064517
2026/08/01@15:16:34,3900,16.795604,9893.387096774193
2026/08/01@15:16:35,3901,16.749828,9881.741935483871
2026/08/01@15:16:36,3902,16.71931,9870.09677419355
2026/08/01@15:16:37,3903,16.795604,9858.451612903225
2026/08/01@15:16:38,3904,16.823072,9846.806451612903
2026/08/01@15:16:39,3905,16.855116,9835.161290322581
2026/08/01@15:16:40,3906,16.900892,9823.516129032258
2026/08/01@15:16:41,3907,16.992446,9811.870967741936
2026/08/01@15:16:43,3909,17.035172,9788.58064516129
2026/08/01@15:16:44,3910,17.094682,9776.935483870968
2026/08/01@15:16:45,3911,17.14046,9765.290322580646
2026/08/01@15:16:46,3912,17.126726,9753.645161290322
2026/08/01@15:16:47,3913,17.18471,9742.0
2026/08/01@15:16:48,3914,17.157244,9730.129032258064
2026/08/01@15:16:49,3915,17.216754,9718.258064516129
2026/08/01@15:16:50,3916,17.18471,9706.387096774193
2026/08/01@15:16:51,3917,17.186236,9694.516129032258
2026/08/01@15:16:52,3918,17.230488,9682.645161290322
2026/08/01@15:16:54,3920,17.19997,9658.90322580645
2026/08/01@15:16:55,3921,17.18471,9647.032258064517
2026/08/01@15:16:56,3922,17.170976,9635.161290322581
2026/08/01@15:16:57,3923,17.154192,9623.290322580646
2026/08/01@15:16:58,3924,17.094682,9611.41935483871
2026/08/01@15:16:59,3925,17.048904,9599.548387096775
2026/08/01@15:17:00,3926,17.0656916,9587.677419354839
2026/08/01@15:17:01,3927,17.003128,9575.806451612903
2026/08/01@15:17:02,3928,17.079424,9563.935483870968
2026/08/01@15:17:03,3929,17.033646,9552.064516129032
2026/08/01@15:17:04,3930,17.079424,9540.193548387097
2026/08/01@15:17:06,3932,17.18471,9516.451612903225
2026/08/01@15:17:07,3933,17.1252,9504.58064516129
2026/08/01@15:17:08,3934,17.213704,9492.709677419354
2026/08/01@15:17:09,3935,17.230488,9480.838709677419
2026/08/01@15:17:10,3936,17.289998,9468.967741935483
2026/08/01@15:17:11,3937,17.276264,9457.09677419355
2026/08/01@15:17:12,3938,17.364768,9445.225806451614
2026/08/01@15:17:13,3939,17.349508,9433.354838709678
2026/08/01@15:17:14,3940,17.410544,9421.483870967742
2026/08/01@15:17:15,3941,17.454796,9409.612903225807
2026/08/01@15:17:17,3943,17.427328,9385.870967741936
2026/08/01@15:17:18,3944,17.470054,9374.0
2026/08/01@15:17:19,3945,17.454796,9362.354838709678
2026/08/01@15:17:20,3946,17.337302,9350.709677419354
2026/08/01@15:17:21,3947,17.364768,9339.064516129032
2026/08/01@15:17:22,3948,17.276264,9327.41935483871
2026/08/01@15:17:23,3949,17.273212,9315.774193548386
2026/08/01@15:17:24,3950,17.213704,9304.129032258064
2026/08/01@15:17:25,3951,17.213704,9292.483870967742
2026/08/01@15:17:26,3952,17.213704,9280.838709677419
2026/08/01@15:17:28,3954,17.195392,9257.548387096775
2026/08/01@15:17:29,3955,17.152666,9245.90322580645
2026/08/01@15:17:30,3956,17.122148,9234.258064516129
2026/08/01@15:17:31,3957,17.076372,9222.612903225807
2026/08/01@15:17:32,3958,17.015336,9210.967741935483
2026/08/01@15:17:33,3959,16.925306,9199.322580645161
2026/08/01@15:17:34,3960,16.910048,9187.677419354839
2026/08/01@15:17:35,3961,16.818494,9176.032258064517
2026/08/01@15:17:36,3962,16.774242,9164.387096774193
2026/08/01@15:17:37,3963,16.728466,9152.741935483871
2026/08/01@15:17:39,3965,16.667429,9129.451612903225
2026/08/01@15:17:40,3966,16.636912,9117.806451612903
2026/08/01@15:17:41,3967,16.591135,9106.161290322581
2026/08/01@15:17:42,3968,16.516366,9094.516129032258
2026/08/01@15:17:43,3969,16.530098,9082.870967741936
2026/08/01@15:17:44,3970,16.545356,9071.225806451614
2026/08/01@15:17:45,3971,16.604868,9059.58064516129
2026/08/01@15:17:46,3972,16.696422,9047.935483870968
2026/08/01@15:17:47,3973,16.787976,9036.290322580646
2026/08/01@15:17:48,3974,16.801708,9024.645161290322
2026/08/01@15:17:50,3976,16.818494,9001.3
2026/08/01@15:17:51,3977,16.92378,8989.6
2026/08/01@15:17:52,3978,16.939042,8977.9
2026/08/01@15:17:53,3979,17.012284,8966.2
2026/08/01@15:17:54,3980,17.0428,8954.5
2026/08/01@15:17:55,3981,17.061112,8942.8
2026/08/01@15:17:56,3982,17.134356,8931.1
2026/08/01@15:17:57,3983,17.17708,8919.4
2026/08/01@15:17:58,3984,17.193866,8907.7
2026/08/01@15:17:59,3985,17.239644,8896.0
2026/08/01@15:18:00,3986,17.1663984,8884.3
2026/08/01@15:18:02,3988,17.148088,8860.9
2026/08/01@15:18:03,3989,17.149614,8849.2
2026/08/01@15:18:04,3990,17.103838,8837.5
2026/08/01@15:18:05,3991,17.071794,8825.8
2026/08/01@15:18:06,3992,16.997024,8814.1
2026/08/01@15:18:07,3993,16.920728,8802.4
2026/08/01@15:18:08,3994,16.98024,8790.7
2026/08/01@15:18:09,3995,16.952774,8779.0
2026/08/01@15:18:10,3996,16.983292,8767.3
2026/08/01@15:18:11,3997,17.0428,8755.6
2026/08/01@15:18:13,3999,17.0428,8732.2
2026/08/01@15:18:14,4000,17.131304,8720.5
2026/08/01@15:18:15,4001,17.08858,8708.8
2026/08/01@15:18:16,4002,17.131304,8697.1
2026/08/01@15:18:17,4003,17.222858,8685.4
2026/08/01@15:18:18,4004,17.17708,8673.7
2026/08/01@15:18:19,4005,17.131304,8662.0
2026/08/01@15:18:20,4006,17.102312,8651.0
2026/08/01@15:18:21,4007,17.085528,8640.0
2026/08/01@15:18:22,4008,17.085528,8629.0
2026/08/01@15:18:24,4010,17.08858,8607.0
2026/08/01@15:18:25,4011,17.148088,8596.0
2026/08/01@15:18:26,4012,17.161822,8585.0
2026/08/01@15:18:27,4013,17.1908144,8574.0
2026/08/01@15:18:28,4014,17.145036,8563.0
2026/08/01@15:18:29,4015,17.102312,8552.0
2026/08/01@15:18:30,4016,17.02449,8541.0
2026/08/01@15:18:31,4017,16.98024,8530.0
2026/08/01@15:18:32,4018,17.02449,8519.0
2026/08/01@15:18:33,4019,17.056534,8508.0
2026/08/01@15:18:35,4021,17.084002,8486.0
2026/08/01@15:18:36,4022,17.1160452,8475.0
2026/08/01@15:18:37,4023,17.161822,8464.0
2026/08/01@15:18:38,4024,17.161822,8453.0
2026/08/01@15:18:39,4025,17.145036,8442.0
2026/08/01@15:18:40,4026,17.1908144,8431.0
2026/08/01@15:18:41,4027,17.129778,8420.0
2026/08/01@15:18:42,4028,17.129778,8409.0
2026/08/01@15:18:43,4029,17.09926,8398.0
2026/08/01@15:18:44,4030,17.18929,8387.0
2026/08/01@15:18:46,4032,17.145036,8365.0
2026/08/01@15:18:47,4033,17.161822,8354.0
2026/08/01@15:18:48,4034,17.161822,8343.0
2026/08/01@15:18:49,4035,17.175554,8332.0
2026/08/01@15:18:50,4036,17.18929,8321.0
2026/08/01@15:18:51,4037,17.232014,8310.032258064517
2026/08/01@15:18:52,4038,17.235066,8299.064516129032
2026/08/01@15:18:53,4039,17.235066,8288.09677419355
2026/08/01@15:18:54,4040,17.309834,8277.129032258064
2026/08/01@15:18:55,4041,17.3403532,8266.161290322581
2026/08/01@15:18:56,4042,17.369344,8255.193548387097
2026/08/01@15:18:58,4044,17.399862,8233.258064516129
2026/08/01@15:18:59,4045,17.431906,8222.290322580646
2026/08/01@15:19:00,4046,17.44564,8211.322580645161
2026/08/01@15:19:01,4047,17.491416,8200.354838709678
2026/08/01@15:19:02,4048,17.491416,8189.387096774193
2026/08/01@15:19:03,4049,17.50515,8178.419354838709
2026/08/01@15:19:04,4050,17.431906,8167.451612903225
2026/08/01@15:19:05,4051,17.38613,8156.483870967742
2026/08/01@15:19:06,4052,17.308308,8145.5161290322585
2026/08/01@15:19:07,4053,17.203022,8134.548387096775
2026/08/01@15:19:09,4055,17.112994,8112.612903225807
2026/08/01@15:19:10,4056,17.053482,8101.645161290323
2026/08/01@15:19:11,4057,16.975662,8090.677419354839
2026/08/01@15:19:12,4058,16.89784,8079.709677419355
2026/08/01@15:19:13,4059,16.824598,8068.741935483871
2026/08/01@15:19:14,4060,16.749828,8057.774193548387
2026/08/01@15:19:15,4061,16.733044,8046.806451612903
2026/08/01@15:19:16,4062,16.658274,8035.8387096774195
2026/08/01@15:19:17,4063,16.595712,8024.870967741936
2026/08/01@15:19:18,4064,16.64454,8013.903225806452
2026/08/01@15:19:20,4066,16.536202,7991.967741935484
2026/08/01@15:19:21,4067,16.504158,7981.0
2026/08/01@15:19:22,4068,16.58198,7970.0
2026/08/01@15:19:23,4069,16.566721,7959.0
2026/08/01@15:19:24,4070,16.566721,7948.0
2026/08/01@15:19:25,4071,16.62623,7937.0
2026/08/01@15:19:26,4072,16.672006,7926.0
2026/08/01@15:19:27,4073,16.672006,7915.0
2026/08/01@15:19:28,4074,16.731518,7904.0
2026/08/01@15:19:29,4075,16.836806,7893.0
2026/08/01@15:19:31,4077,16.884108,7871.0
2026/08/01@15:19:32,4078,16.957352,7860.0
2026/08/01@15:19:33,4079,16.957352,7849.0
2026/08/01@15:19:34,4080,17.035172,7838.0
2026/08/01@15:19:35,4081,17.111468,7827.0
2026/08/01@15:19:36,4082,17.18471,7816.0
2026/08/01@15:19:37,4083,17.19997,7805.0
2026/08/01@15:19:38,4084,17.19997,7794.0
2026/08/01@15:19:39,4085,17.216754,7783.0
2026/08/01@15:19:40,4086,17.230488,7772.0
2026/08/01@15:19:42,4087,17.289998,7750.0
2026/08/01@15:19:43,4089,17.25948,7739.0
2026/08/01@15:19:44,4090,17.167924,7728.0
2026/08/01@15:19:45,4091,17.154192,7717.0
2026/08/01@15:19:46,4092,17.001602,7706.0
2026/08/01@15:19:47,4093,16.971084,7695.0
2026/08/01@15:19:48,4094,16.974136,7684.0
2026/08/01@15:19:49,4095,16.943618,7673.0
2026/08/01@15:19:50,4096,16.911574,7662.0
2026/08/01@15:19:51,4097,16.911574,7651.0
2026/08/01@15:19:52,4098,16.850538,7640.290322580645
2026/08/01@15:19:54,4100,16.787976,7618.870967741936
2026/08/01@15:19:55,4101,16.714734,7608.1612903225805
2026/08/01@15:19:56,4102,16.639964,7597.451612903225
2026/08/01@15:19:57,4103,16.609446,7586.741935483871
2026/08/01@15:19:58,4104,16.562142,7576.032258064516
2026/08/01@15:19:59,4105,16.4889,7565.322580645161
2026/08/01@15:20:00,4106,16.394292,7554.612903225807
2026/08/01@15:20:01,4107,16.365302,7543.903225806452
2026/08/01@15:20:02,4108,16.275272,7533.193548387097
2026/08/01@15:20:03,4109,16.154726,7522.483870967742
2026/08/01@15:20:05,4111,16.154726,7501.064516129032
2026/08/01@15:20:06,4112,16.046386,7490.354838709677
2026/08/01@15:20:07,4113,15.954833,7479.645161290323
2026/08/01@15:20:08,4114,15.849546,7468.935483870968
2026/08/01@15:20:09,4115,15.757992,7458.225806451613
2026/08/01@15:20:10,4116,15.683223,7447.5161290322585
2026/08/01@15:20:11,4117,15.652704,7436.806451612903
2026/08/01@15:20:12,4118,15.60998,7426.096774193548
2026/08/01@15:20:13,4119,15.66949,7415.387096774193
2026/08/01@15:20:14,4120,15.742733,7404.677419354839
2026/08/01@15:20:16,4122,15.774776,7383.258064516129
2026/08/01@15:20:17,4123,15.817502,7372.548387096775
2026/08/01@15:20:18,4124,15.848021,7361.8387096774195
2026/08/01@15:20:19,4125,15.893797,7351.129032258064
2026/08/01@15:20:20,4126,16.014344,7340.419354838709
2026/08/01@15:20:21,4127,16.04486,7329.709677419355
2026/08/01@15:20:22,4128,16.11963,7319.0
2026/08/01@15:20:23,4129,16.163882,7309.096774193548
2026/08/01@15:20:24,4130,16.256962,7299.193548387097
2026/08/01@15:20:25,4131,16.284428,7289.290322580645
2026/08/01@15:20:27,4133,16.284428,7269.4838709677415
2026/08/01@15:20:28,4134,16.270694,7259.580645161291
2026/08/01@15:20:29,4135,16.284428,7249.677419354839
2026/08/01@15:20:30,4136,16.301212,7239.774193548387
2026/08/01@15:20:31,4137,16.29816,7229.870967741936
2026/08/01@15:20:32,4138,16.270694,7219.967741935484
2026/08/01@15:20:33,4139,16.238652,7210.064516129032
2026/08/01@15:20:34,4140,16.150148,7200.1612903225805
2026/08/01@15:20:35,4141,16.255436,7190.258064516129
2026/08/01@15:20:36,4142,16.270694,7180.354838709677
2026/08/01@15:20:38,4144,16.223392,7160.548387096775
2026/08/01@15:20:39,4145,16.20966,7150.645161290323
2026/08/01@15:20:40,4146,16.211186,7140.741935483871
2026/08/01@15:20:41,4147,16.118104,7130.8387096774195
2026/08/01@15:20:42,4148,16.133364,7120.935483870968
2026/08/01@15:20:43,4149,16.072328,7111.032258064516
2026/08/01@15:20:44,4150,16.09064,7101.129032258064
2026/08/01@15:20:45,4151,16.150148,7091.225806451613
2026/08/01@15:20:46,4152,16.195926,7081.322580645161
2026/08/01@15:20:47,4153,16.223392,7071.419354838709
2026/08/01@15:20:48,4154,16.238652,7061.5161290322585
2026/08/01@15:20:50,4156,16.282902,7041.709677419355
2026/08/01@15:20:51,4157,16.314948,7031.806451612903
2026/08/01@15:20:52,4158,16.29816,7021.903225806452
2026/08/01@15:20:53,4159,16.375982,7012.0
2026/08/01@15:20:54,4160,16.343938,7001.4838709677415
2026/08/01@15:20:55,4161,16.403448,6990.967741935484
2026/08/01@15:20:56,4162,16.360724,6980.451612903225
2026/08/01@15:20:57,4163,16.343938,6969.935483870968
2026/08/01@15:20:58,4164,16.269168,6959.419354838709
2026/08/01@15:20:59,4165,16.20966,6948.903225806452
2026/08/01@15:21:01,4167,16.131838,6927.870967741936
2026/08/01@15:21:02,4168,16.104372,6917.354838709677
2026/08/01@15:21:03,4169,16.118104,6906.8387096774195
2026/08/01@15:21:04,4170,16.115054,6896.322580645161
2026/08/01@15:21:05,4171,16.22034,6885.806451612903
2026/08/01@15:21:06,4172,16.255436,6875.290322580645
2026/08/01@15:21:07,4173,16.29816,6864.774193548387
2026/08/01@15:21:08,4174,16.314948,6854.258064516129
2026/08/01@15:21:09,4175,16.342412,6843.741935483871
2026/08/01@15:21:10,4176,16.466012,6833.225806451613
2026/08/01@15:21:11,4177,16.4477,6822.709677419355
2026/08/01@15:21:13,4179,16.552986,6801.677419354839
2026/08/01@15:21:14,4180,16.568246,6791.1612903225805
2026/08/01@15:21:15,4181,16.554512,6780.645161290323
2026/08/01@15:21:16,4182,16.508736,6770.129032258064
2026/08/01@15:21:17,4183,16.479744,6759.612903225807
2026/08/01@15:21:18,4184,16.479744,6749.096774193548
2026/08/01@15:21:19,4185,16.52552,6738.580645161291
2026/08/01@15:21:20,4186,16.54078,6728.064516129032
2026/08/01@15:21:21,4187,16.646066,6717.548387096775
2026/08/01@15:21:22,4188,16.614024,6707.032258064516
2026/08/01@15:21:24,4190,16.69032,6686.0
2026/08/01@15:21:25,4191,16.691844,6675.333333333333
2026/08/01@15:21:26,4192,16.733044,6664.666666666667
2026/08/01@15:21:27,4193,16.810864,6654.0
2026/08/01@15:21:28,4194,16.824598,6643.333333333333
2026/08/01@15:21:29,4195,16.856642,6632.666666666667
2026/08/01@15:21:30,4196,16.94667,6622.0
2026/08/01@15:21:31,4197,16.916152,6611.333333333333
2026/08/01@15:21:32,4198,16.94667,6600.666666666667
2026/08/01@15:21:33,4199,17.00618,6590.0
2026/08/01@15:21:35,4201,17.038224,6568.666666666667
2026/08/01@15:21:36,4202,17.084002,6558.0
2026/08/01@15:21:37,4203,17.08095,6547.333333333333
2026/08/01@15:21:38,4204,17.038224,6536.666666666667
2026/08/01@15:21:39,4205,17.00618,6526.0
2026/08/01@15:21:40,4206,17.021438,6515.333333333333
2026/08/01@15:21:41,4207,16.989396,6504.666666666667
2026/08/01@15:21:42,4208,16.975662,6494.0
2026/08/01@15:21:43,4209,17.00618,6483.333333333333
2026/08/01@15:21:44,4210,17.038224,6472.666666666667
2026/08/01@15:21:45,4211,17.00618,6462.0
2026/08/01@15:21:47,4213,17.021438,6440.666666666667
2026/08/01@15:21:48,4214,17.021438,6430.0
2026/08/01@15:21:49,4215,17.021438,6419.333333333333
2026/08/01@15:21:50,4216,17.00618,6408.666666666667
2026/08/01@15:21:51,4217,16.884108,6398.0
2026/08/01@15:21:52,4218,16.870374,6387.333333333333
2026/08/01@15:21:53,4219,16.765088,6376.666666666667
2026/08/01@15:21:54,4220,16.672006,6366.0
2026/08/01@15:21:55,4221,16.58198,6355.870967741936
2026/08/01@15:21:56,4222,16.476692,6345.741935483871
2026/08/01@15:21:58,4224,16.385138,6325.4838709677415
2026/08/01@15:21:59,4225,16.234074,6315.354838709677
2026/08/01@15:22:00,4226,16.128786,6305.225806451613
2026/08/01@15:22:01,4227,16.021972,6295.096774193548
2026/08/01@15:22:02,4228,16.037232,6284.967741935484
2026/08/01@15:22:03,4229,16.00824,6274.8387096774195
2026/08/01@15:22:04,4230,16.050964,6264.709677419355
2026/08/01@15:22:05,4231,16.06775,6254.580645161291
2026/08/01@15:22:06,4232,16.128786,6244.451612903225
2026/08/01@15:22:07,4233,16.113528,6234.322580645161
2026/08/01@15:22:09,4235,16.142519,6214.064516129032
2026/08/01@15:22:10,4236,16.142519,6203.935483870968
2026/08/01@15:22:11,4237,16.173036,6193.806451612903
2026/08/01@15:22:12,4238,16.156252,6183.677419354839
2026/08/01@15:22:13,4239,16.205082,6173.548387096775
2026/08/01@15:22:14,4240,16.173036,6163.419354838709
2026/08/01@15:22:15,4241,16.18677,6153.290322580645
2026/08/01@15:22:16,4242,16.188298,6143.1612903225805
2026/08/01@15:22:17,4243,16.12726,6133.032258064516
2026/08/01@15:22:18,4244,16.142519,6122.903225806452
2026/08/01@15:22:20,4246,16.113528,6102.645161290323
2026/08/01@15:22:21,4247,16.081484,6092.516129032258
2026/08/01@15:22:22,4248,16.08301,6082.387096774193
2026/08/01@15:22:23,4249,16.037232,6072.258064516129
2026/08/01@15:22:24,4250,16.050964,6062.129032258064
2026/08/01@15:22:25,4251,16.096742,6052.0
2026/08/01@15:22:26,4252,16.037232,6041.935483870968
2026/08/01@15:22:27,4253,16.049438,6031.870967741936
2026/08/01@15:22:28,4254,16.049438,6021.806451612903
2026/08/01@15:22:29,4255,15.959411,6011.741935483871
2026/08/01@15:22:31,4257,15.959411,5991.612903225807
2026/08/01@15:22:32,4258,15.854124,5981.548387096775
2026/08/01@15:22:33,4259,15.794614,5971.4838709677415
2026/08/01@15:22:34,4260,15.762569,5961.419354838709
2026/08/01@15:22:35,4261,15.7488368,5951.354838709677
2026/08/01@15:22:36,4262,15.793088,5941.290322580645
2026/08/01@15:22:37,4263,15.793088,5931.225806451613
2026/08/01@15:22:38,4264,15.825131,5921.1612903225805
2026/08/01@15:22:39,4265,15.898375,5911.096774193548
2026/08/01@15:22:40,4266,15.986877,5901.032258064516
2026/08/01@15:22:42,4268,16.003662,5880.903225806452
2026/08/01@15:22:43,4269,16.078432,5870.8387096774195
2026/08/01@15:22:44,4270,16.110476,5860.774193548387
2026/08/01@15:22:45,4271,16.154726,5850.709677419355
2026/08/01@15:22:46,4272,16.18677,5840.645161290323
2026/08/01@15:22:47,4273,16.18677,5830.580645161291
2026/08/01@15:22:48,4274,16.200504,5820.5161290322585
2026/08/01@15:22:49,4275,16.154726,5810.451612903225
2026/08/01@15:22:50,4276,16.10895,5800.387096774193
2026/08/01@15:22:51,4277,16.078432,5790.322580645161
2026/08/01@15:22:52,4278,16.0647,5780.258064516129
2026/08/01@15:22:54,4280,16.0647,5760.129032258064
2026/08/01@15:22:55,4281,16.10895,5750.064516129032
2026/08/01@15:22:56,4282,16.095216,5740.0
2026/08/01@15:22:57,4283,16.183718,5729.580645161291
2026/08/01@15:22:58,4284,16.214238,5719.1612903225805
2026/08/01@15:22:59,4285,16.26154,5708.741935483871
2026/08/01@15:23:00,4286,16.26154,5698.322580645161
2026/08/01@15:23:01,4287,16.351568,5687.903225806452
2026/08/01@15:23:02,4288,16.379034,5677.4838709677415
2026/08/01@15:23:03,4289,16.348516,5667.064516129032
2026/08/01@15:23:05,4291,16.30579,5646.225806451613
2026/08/01@15:23:06,4292,16.260014,5635.806451612903
2026/08/01@15:23:07,4293,16.211186,5625.387096774193
2026/08/01@15:23:08,4294,16.092165,5614.967741935484
2026/08/01@15:23:09,4295,15.985352,5604.548387096775
2026/08/01@15:23:10,4296,15.866331,5594.129032258064
2026/08/01@15:23:11,4297,15.895323,5583.709677419355
2026/08/01@15:23:12,4298,15.790036,5573.290322580645
2026/08/01@15:23:13,4299,15.806821,5562.870967741936
2026/08/01@15:23:14,4300,15.790036,5552.451612903225
2026/08/01@15:23:16,4302,15.803769,5531.612903225807
2026/08/01@15:23:17,4303,15.790036,5521.193548387097
2026/08/01@15:23:18,4304,15.820554,5510.774193548387
2026/08/01@15:23:19,4305,15.761044,5500.354838709677
2026/08/01@15:23:20,4306,15.712214,5489.935483870968
2026/08/01@15:23:21,4307,15.666438,5479.516129032258
2026/08/01@15:23:22,4308,15.683223,5469.096774193548
2026/08/01@15:23:23,4309,15.666438,5458.677419354839
2026/08/01@15:23:24,4310,15.729,5448.258064516129
2026/08/01@15:23:25,4311,15.78851,5437.8387096774195
2026/08/01@15:23:27,4313,15.834287,5417.0
2026/08/01@15:23:28,4314,15.866331,5406.266666666666
2026/08/01@15:23:29,4315,15.9823,5395.533333333334
2026/08/01@15:23:30,4316,16.014344,5384.8
2026/08/01@15:23:31,4317,16.04486,5374.066666666667
2026/08/01@15:23:32,4318,16.165408,5363.333333333333
2026/08/01@15:23:33,4319,16.165408,5352.6
2026/08/01@15:23:34,4320,16.182192,5341.866666666667
2026/08/01@15:23:35,4321,16.136416,5331.133333333333
2026/08/01@15:23:36,4322,16.182192,5320.4
2026/08/01@15:23:37,4323,16.22797,5309.666666666667
2026/08/01@15:23:39,4325,16.316473,5288.2
2026/08/01@15:23:40,4326,16.302738,5277.466666666666
2026/08/01@15:23:41,4327,16.314948,5266.733333333334
2026/08/01@15:23:42,4328,16.34699,5256.0
2026/08/01@15:23:43,4329,16.392766,5245.266666666666
2026/08/01@15:23:44,4330,16.421758,5234.533333333334
2026/08/01@15:23:45,4331,16.435492,5223.8
2026/08/01@15:23:46,4332,16.435492,5213.066666666667
2026/08/01@15:23:47,4333,16.452278,5202.333333333333
2026/08/01@15:23:48,4334,16.511788,5191.6
2026/08/01@15:23:50,4336,16.48127,5170.133333333333
2026/08/01@15:23:51,4337,16.557564,5159.4
2026/08/01@15:23:52,4338,16.530098,5148.666666666667
2026/08/01@15:23:53,4339,16.54383,5137.933333333333
2026/08/01@15:23:54,4340,16.557564,5127.2
2026/08/01@15:23:55,4341,16.452278,5116.466666666667
2026/08/01@15:23:56,4342,16.269168,5105.733333333334
2026/08/01@15:23:57,4343,16.255436,5095.0
2026/08/01@15:23:58,4344,16.09064,5084.709677419355
2026/08/01@15:23:59,4345,16.073854,5074.419354838709
2026/08/01@15:24:01,4347,15.980774,5053.8387096774195
2026/08/01@15:24:02,4348,15.92279,5043.548387096775
2026/08/01@15:24:03,4349,15.831235,5033.258064516129
2026/08/01@15:24:04,4350,15.725948,5022.967741935484
2026/08/01@15:24:05,4351,15.710689,5012.677419354839
2026/08/01@15:24:06,4352,15.724422,5002.387096774193
2026/08/01@15:24:07,4353,15.770199,4992.096774193548
2026/08/01@15:24:08,4354,15.739681,4981.806451612903
2026/08/01@15:24:09,4355,15.770199,4971.516129032258
2026/08/01@15:24:10,4356,15.739681,4961.225806451613
2026/08/01@15:24:12,4358,15.696956,4940.645161290323
2026/08/01@15:24:13,4359,15.710689,4930.354838709677
2026/08/01@15:24:14,4360,15.693904,4920.064516129032
2026/08/01@15:24:15,4361,15.724422,4909.774193548387
2026/08/01@15:24:16,4362,15.724422,4899.4838709677415
2026/08/01@15:24:17,4363,15.707637,4889.193548387097
2026/08/01@15:24:18,4364,15.770199,4878.903225806452
2026/08/01@15:24:19,4365,15.770199,4868.612903225807
2026/08/01@15:24:20,4366,15.815976,4858.322580645161
2026/08/01@15:24:21,4367,15.829709,4848.032258064516
2026/08/01@15:24:23,4369,15.934997,4827.451612903225
2026/08/01@15:24:24,4370,15.980774,4817.1612903225805
2026/08/01@15:24:25,4371,16.012818,4806.870967741936
2026/08/01@15:24:26,4372,16.055542,4796.580645161291
2026/08/01@15:24:27,4373,16.177614,4786.290322580645
2026/08/01@15:24:28,4374,16.177614,4776.0
2026/08/01@15:24:29,4375,16.266118,4766.225806451613
2026/08/01@15:24:30,4376,16.22034,4756.451612903225
2026/08/01@15:24:31,4377,16.266118,4746.677419354839
2026/08/01@15:24:32,4378,16.311894,4736.903225806452
2026/08/01@15:24:33,4379,16.342412,4727.129032258064
2026/08/01@15:24:35,4381,16.4477,4707.580645161291
2026/08/01@15:24:36,4382,16.433966,4697.806451612903
2026/08/01@15:24:37,4383,16.420232,4688.032258064516
2026/08/01@15:24:38,4384,16.401922,4678.258064516129
2026/08/01@15:24:39,4385,16.282902,4668.483870967742
2026/08/01@15:24:40,4386,16.192874,4658.709677419355
2026/08/01@15:24:41,4387,16.16083,4648.935483870968
2026/08/01@15:24:42,4388,16.14557,4639.1612903225805
2026/08/01@15:24:43,4389,16.115054,4629.387096774193
2026/08/01@15:24:44,4390,16.099794,4619.612903225807
2026/08/01@15:24:46,4392,16.054016,4600.064516129032
2026/08/01@15:24:47,4393,15.921264,4590.290322580645
2026/08/01@15:24:48,4394,15.815976,4580.5161290322585
2026/08/01@15:24:49,4395,15.707637,4570.741935483871
2026/08/01@15:24:50,4396,15.678645,4560.967741935484
2026/08/01@15:24:51,4397,15.66186,4551.193548387097
2026/08/01@15:24:52,4398,15.588616,4541.419354838709
2026/08/01@15:24:53,4399,15.573358,4531.645161290323
2026/08/01@15:24:54,4400,15.58709,4521.870967741936
2026/08/01@15:24:55,4401,15.541314,4512.096774193548
2026/08/01@15:24:57,4403,15.52758,4492.548387096775
2026/08/01@15:24:58,4404,15.495537,4482.774193548387
2026/08/01@15:24:59,4405,15.449759,4473.0
2026/08/01@15:25:00,4406,15.449759,4462.870967741936
2026/08/01@15:25:01,4407,15.373465,4452.741935483871
2026/08/01@15:25:02,4408,15.327687,4442.612903225807
2026/08/01@15:25:03,4409,15.317006,4432.4838709677415
2026/08/01@15:25:04,4410,15.239185,4422.354838709677
2026/08/01@15:25:05,4411,15.222401,4412.225806451613
2026/08/01@15:25:06,4412,15.222401,4402.096774193548
2026/08/01@15:25:08,4414,15.268177,4381.8387096774195
2026/08/01@15:25:09,4415,15.298696,4371.709677419355
2026/08/01@15:25:10,4416,15.317006,4361.580645161291
2026/08/01@15:25:11,4417,15.327687,4351.451612903225
2026/08/01@15:25:12,4418,15.239185,4341.322580645161
2026/08/01@15:25:13,4419,15.252918,4331.193548387097
2026/08/01@15:25:14,4420,15.222401,4321.064516129032
2026/08/01@15:25:15,4421,15.266651,4310.935483870968
2026/08/01@15:25:16,4422,15.344473,4300.806451612903
2026/08/01@15:25:17,4423,15.344473,4290.677419354839
2026/08/01@15:25:19,4425,15.371939,4270.419354838709
2026/08/01@15:25:20,4426,15.419242,4260.290322580645
2026/08/01@15:25:21,4427,15.449759,4250.1612903225805
2026/08/01@15:25:22,4428,15.465018,4240.032258064516
2026/08/01@15:25:23,4429,15.538262,4229.903225806452
2026/08/01@15:25:24,4430,15.524529,4219.774193548387
2026/08/01@15:25:25,4431,15.555047,4209.645161290323
2026/08/01@15:25:26,4432,15.446708,4199.516129032258
2026/08/01@15:25:27,4433,15.419242,4189.387096774193
2026/08/01@15:25:28,4434,15.359732,4179.258064516129
2026/08/01@15:25:30,4436,15.326161,4159.0
2026/08/01@15:25:31,4437,15.371939,4149.096774193548
2026/08/01@15:25:32,4438,15.371939,4139.193548387097
2026/08/01@15:25:33,4439,15.387198,4129.290322580645
2026/08/01@15:25:34,4440,15.326161,4119.387096774193
2026/08/01@15:25:35,4441,15.313954,4109.4838709677415
2026/08/01@15:25:36,4442,15.204089,4099.580645161291
2026/08/01@15:25:37,4443,15.220875,4089.6774193548385
2026/08/01@15:25:38,4444,15.130846,4079.7741935483873
2026/08/01@15:25:39,4445,15.147631,4069.8709677419356
2026/08/01@15:25:41,4447,15.130846,4050.064516129032
2026/08/01@15:25:42,4448,15.06981,4040.1612903225805
2026/08/01@15:25:43,4449,14.993515,4030.2580645161293
2026/08/01@15:25:44,4450,14.920272,4020.3548387096776
2026/08/01@15:25:45,4451,14.964522,4010.451612903226
2026/08/01@15:25:46,4452,14.947738,4000.548387096774
2026/08/01@15:25:47,4453,14.905012,3990.6451612903224
2026/08/01@15:25:48,4454,14.872969,3980.741935483871
2026/08/01@15:25:49,4455,14.827191,3970.8387096774195
2026/08/01@15:25:50,4456,14.753948,3960.935483870968
2026/08/01@15:25:51,4457,14.767681,3951.032258064516
2026/08/01@15:25:53,4459,14.813458,3931.2258064516127
2026/08/01@15:25:54,4460,14.84245,3921.3225806451615
2026/08/01@15:25:55,4461,14.888227,3911.4193548387098
2026/08/01@15:25:56,4462,14.90196,3901.516129032258
2026/08/01@15:25:57,4463,14.932479,3891.6129032258063
2026/08/01@15:25:58,4464,14.84245,3881.709677419355
2026/08/01@15:25:59,4465,14.869917,3871.8064516129034
2026/08/01@15:26:00,4466,14.90196,3861.9032258064517
2026/08/01@15:26:01,4467,14.886702,3852.0
2026/08/01@15:26:02,4468,14.856184,3842.6065573770493
2026/08/01@15:26:04,4470,14.932479,3823.8196721311474
2026/08/01@15:26:05,4471,15.037766,3814.4262295081967
2026/08/01@15:26:06,4472,15.085069,3805.032786885246
2026/08/01@15:26:07,4473,15.12932,3795.6393442622953
2026/08/01@15:26:08,4474,15.158313,3786.245901639344
2026/08/01@15:26:09,4475,15.234608,3776.8524590163934
2026/08/01@15:26:10,4476,15.249866,3767.4590163934427
2026/08/01@15:26:11,4477,15.38262,3758.065573770492
2026/08/01@15:26:12,4478,15.445182,3748.6721311475408
2026/08/01@15:26:13,4479,15.506218,3739.27868852459
2026/08/01@15:26:15,4481,15.596247,3720.4918032786886
2026/08/01@15:26:16,4482,15.60998,3711.098360655738
2026/08/01@15:26:17,4483,15.6740668,3701.7049180327867
2026/08/01@15:26:18,4484,15.747311,3692.311475409836
2026/08/01@15:26:19,4485,15.808347,3682.9180327868853
2026/08/01@15:26:20,4486,15.866331,3673.5245901639346
2026/08/01@15:26:21,4487,15.898375,3664.1311475409834
2026/08/01@15:26:22,4488,15.913634,3654.7377049180327
2026/08/01@15:26:23,4489,15.9411,3645.344262295082
2026/08/01@15:26:24,4490,15.986877,3635.9508196721313
2026/08/01@15:26:26,4492,16.032654,3617.1639344262294
2026/08/01@15:26:27,4493,16.01892,3607.7704918032787
2026/08/01@15:26:28,4494,15.913634,3598.377049180328
2026/08/01@15:26:29,4495,15.898375,3588.9836065573772
2026/08/01@15:26:30,4496,15.854124,3579.590163934426
2026/08/01@15:26:31,4497,15.820554,3570.1967213114754
2026/08/01@15:26:32,4498,15.793088,3560.8032786885246
2026/08/01@15:26:33,4499,15.747311,3551.409836065574
2026/08/01@15:26:34,4500,15.776302,3542.0163934426228
2026/08/01@15:26:35,4501,15.730526,3532.622950819672
2026/08/01@15:26:36,4502,15.730526,3523.2295081967213
2026/08/01@15:26:38,4504,15.776302,3504.44262295082
2026/08/01@15:26:39,4505,15.835813,3495.0491803278687
2026/08/01@15:26:40,4506,15.852598,3485.655737704918
2026/08/01@15:26:41,4507,15.898375,3476.2622950819673
2026/08/01@15:26:42,4508,15.971619,3466.868852459016
2026/08/01@15:26:43,4509,16.003662,3457.4754098360654
2026/08/01@15:26:44,4510,16.078432,3448.0819672131147
2026/08/01@15:26:45,4511,16.0647,3438.688524590164
2026/08/01@15:26:46,4512,16.168458,3429.2950819672133
2026/08/01@15:26:47,4513,16.136416,3419.901639344262
2026/08/01@15:26:49,4515,16.214238,3401.1147540983607
2026/08/01@15:26:50,4516,16.22797,3391.72131147541
2026/08/01@15:26:51,4517,16.183718,3382.327868852459
2026/08/01@15:26:52,4518,16.273746,3372.934426229508
2026/08/01@15:26:53,4519,16.273746,3363.5409836065573
2026/08/01@15:26:54,4520,16.348516,3354.1475409836066
2026/08/01@15:26:55,4521,16.348516,3344.754098360656
2026/08/01@15:26:56,4522,16.36225,3335.3606557377047
2026/08/01@15:26:57,4523,16.394292,3325.967213114754
2026/08/01@15:26:58,4524,16.42481,3316.5737704918033
2026/08/01@15:27:00,4526,16.421758,3297.7868852459014
2026/08/01@15:27:01,4527,16.440072,3288.3934426229507
2026/08/01@15:27:02,4528,16.467536,3279.0
2026/08/01@15:27:03,4529,16.438546,3269.5
2026/08/01@15:27:04,4530,16.394292,3260.0
2026/08/01@15:27:05,4531,16.348516,3250.5
2026/08/01@15:27:06,4532,16.36225,3241.0
2026/08/01@15:27:07,4533,16.316473,3231.5
2026/08/01@15:27:08,4534,16.348516,3222.0
2026/08/01@15:27:09,4535,16.360724,3212.5
2026/08/01@15:27:11,4537,16.36225,3193.5
2026/08/01@15:27:12,4538,16.408026,3184.0
2026/08/01@15:27:13,4539,16.438546,3174.5
2026/08/01@15:27:14,4540,16.394292,3165.0
2026/08/01@15:27:15,4541,16.421758,3155.5
2026/08/01@15:27:16,4542,16.453804,3146.0
2026/08/01@15:27:17,4543,16.408026,3136.5
2026/08/01@15:27:18,4544,16.360724,3127.0
2026/08/01@15:27:19,4545,16.256962,3117.5
2026/08/01@15:27:20,4546,16.195926,3108.0
2026/08/01@15:27:22,4548,16.168458,3089.0
2026/08/01@15:27:23,4549,16.06012,3079.5
2026/08/01@15:27:24,4550,16.076906,3070.0
2026/08/01@15:27:25,4551,16.09064,3060.5
2026/08/01@15:27:26,4552,16.04486,3051.0
2026/08/01@15:27:27,4553,16.04486,3041.5
2026/08/01@15:27:28,4554,16.06012,3032.0
2026/08/01@15:27:29,4555,16.105898,3022.5
2026/08/01@15:27:30,4556,16.165408,3013.0
2026/08/01@15:27:31,4557,16.192874,3003.5
2026/08/01@15:27:33,4558,16.195926,2985.0967741935483
2026/08/01@15:27:34,4560,16.150148,2976.1935483870966
2026/08/01@15:27:35,4561,16.11963,2967.2903225806454
2026/08/01@15:27:36,4562,16.087588,2958.3870967741937
2026/08/01@15:27:37,4563,16.04486,2949.483870967742
2026/08/01@15:27:38,4564,16.087588,2940.5806451612902
2026/08/01@15:27:39,4565,16.06012,2931.6774193548385
2026/08/01@15:27:40,4566,16.087588,2922.7741935483873
2026/08/01@15:27:41,4567,16.014344,2913.8709677419356
2026/08/01@15:27:42,4568,16.028076,2904.967741935484
2026/08/01@15:27:43,4569,15.9823,2896.064516129032
2026/08/01@15:27:45,4571,15.92279,2878.2580645161293
2026/08/01@15:27:46,4572,15.803769,2869.3548387096776
2026/08/01@15:27:47,4573,15.742733,2860.451612903226
2026/08/01@15:27:48,4574,15.606928,2851.548387096774
2026/08/01@15:27:49,4575,15.515373,2842.6451612903224
2026/08/01@15:27:50,4576,15.486382,2833.741935483871
2026/08/01@15:27:51,4577,15.455863,2824.8387096774195
2026/08/01@15:27:52,4578,15.500114,2815.935483870968
2026/08/01@15:27:53,4579,15.437552,2807.032258064516
2026/08/01@15:27:54,4580,15.48333,2798.1290322580644
2026/08/01@15:27:56,4582,15.486382,2780.3225806451615
2026/08/01@15:27:57,4583,15.545892,2771.4193548387098
2026/08/01@15:27:58,4584,15.559625,2762.516129032258
2026/08/01@15:27:59,4585,15.545892,2753.6129032258063
2026/08/01@15:28:00,4586,15.515373,2744.709677419355
2026/08/01@15:28:01,4587,15.54284,2735.8064516129034
2026/08/01@15:28:02,4588,15.54284,2726.9032258064517
2026/08/01@15:28:03,4589,15.605402,2718.0
2026/08/01@15:28:04,4590,15.605402,2709.6129032258063
2026/08/01@15:28:05,4591,15.648127,2701.2258064516127
2026/08/01@15:28:07,4593,15.651178,2684.451612903226
2026/08/01@15:28:08,4594,15.739681,2676.064516129032
2026/08/01@15:28:09,4595,15.710689,2667.6774193548385
2026/08/01@15:28:10,4596,15.648127,2659.2903225806454
2026/08/01@15:28:11,4597,15.680171,2650.9032258064517
2026/08/01@15:28:12,4598,15.588616,2642.516129032258
2026/08/01@15:28:13,4599,15.574883,2634.1290322580644
2026/08/01@15:28:14,4600,15.52758,2625.741935483871
2026/08/01@15:28:15,4601,15.513847,2617.3548387096776
2026/08/01@15:28:16,4602,15.454337,2608.967741935484
2026/08/01@15:28:18,4604,15.410087,2592.1935483870966
2026/08/01@15:28:19,4605,15.437552,2583.8064516129034
2026/08/01@15:28:20,4606,15.497063,2575.4193548387098
2026/08/01@15:28:21,4607,15.497063,2567.032258064516
2026/08/01@15:28:22,4608,15.48333,2558.6451612903224
2026/08/01@15:28:23,4609,15.454337,2550.258064516129
2026/08/01@15:28:24,4610,15.437552,2541.8709677419356
2026/08/01@15:28:25,4611,15.303273,2533.483870967742
2026/08/01@15:28:26,4612,15.226978,2525.0967741935483
2026/08/01@15:28:27,4613,15.181201,2516.7096774193546
2026/08/01@15:28:29,4615,15.121691,2499.935483870968
2026/08/01@15:28:30,4616,15.060655,2491.548387096774
2026/08/01@15:28:31,4617,15.02861,2483.1612903225805
2026/08/01@15:28:32,4618,14.998093,2474.7741935483873
2026/08/01@15:28:33,4619,14.909591,2466.3870967741937
2026/08/01@15:28:34,4620,14.938582,2458.0
2026/08/01@15:28:35,4621,14.892805,2448.8
2026/08/01@15:28:36,4622,15.02861,2439.6
2026/08/01@15:28:37,4623,15.074388,2430.4
2026/08/01@15:28:38,4624,15.060655,2421.2
2026/08/01@15:28:39,4625,15.10338,2412.0
2026/08/01@15:28:41,4627,15.165942,2393.6
2026/08/01@15:28:42,4628,15.225452,2384.4
2026/08/01@15:28:43,4629,15.240711,2375.2
2026/08/01@15:28:44,4630,15.193408,2366.0
2026/08/01@15:28:45,4631,15.225452,2356.8
2026/08/01@15:28:46,4632,15.208667,2347.6
2026/08/01@15:28:47,4633,15.208667,2338.4
2026/08/01@15:28:48,4634,15.240711,2329.2
2026/08/01@15:28:49,4635,15.345999,2320.0
2026/08/01@15:28:50,4636,15.359732,2310.8
2026/08/01@15:28:52,4638,15.390249,2292.4
2026/08/01@15:28:53,4639,15.478752,2283.2
2026/08/01@15:28:54,4640,15.541314,2274.0
2026/08/01@15:28:55,4641,15.541314,2264.8
2026/08/01@15:28:56,4642,15.555047,2255.6
2026/08/01@15:28:57,4643,15.600824,2246.4
2026/08/01@15:28:58,4644,15.600824,2237.2
2026/08/01@15:28:59,4645,15.616083,2228.0
2026/08/01@15:29:00,4646,15.556573,2218.8
2026/08/01@15:29:01,4647,15.556573,2209.6
2026/08/01@15:29:03,4649,15.432975,2191.2
2026/08/01@15:29:04,4650,15.358206,2182.0
2026/08/01@15:29:05,4651,15.300221,2172.6451612903224
2026/08/01@15:29:06,4652,15.208667,2163.2903225806454
2026/08/01@15:29:07,4653,15.208667,2153.935483870968
2026/08/01@15:29:08,4654,15.147631,2144.5806451612902
2026/08/01@15:29:09,4655,15.133898,2135.2258064516127
2026/08/01@15:29:10,4656,15.208667,2125.8709677419356
2026/08/01@15:29:11,4657,15.240711,2116.516129032258
2026/08/01@15:29:12,4658,15.300221,2107.1612903225805
2026/08/01@15:29:14,4660,15.344473,2088.451612903226
2026/08/01@15:29:15,4661,15.390249,2079.0967741935483
2026/08/01@15:29:16,4662,15.451285,2069.7419354838707
2026/08/01@15:29:17,4663,15.478752,2060.3870967741937
2026/08/01@15:29:18,4664,15.570306,2051.032258064516
2026/08/01@15:29:19,4665,15.600824,2041.6774193548388
2026/08/01@15:29:20,4666,15.632868,2032.3225806451612
2026/08/01@15:29:21,4667,15.689326,2022.967741935484
2026/08/01@15:29:22,4668,15.721371,2013.6129032258063
2026/08/01@15:29:23,4669,15.738155,2004.258064516129
2026/08/01@15:29:25,4671,15.735104,1985.5483870967741
2026/08/01@15:29:26,4672,15.721371,1976.1935483870968
2026/08/01@15:29:27,4673,15.7488368,1966.8387096774193
2026/08/01@15:29:28,4674,15.78088,1957.483870967742
2026/08/01@15:29:29,4675,15.843442,1948.1290322580644
2026/08/01@15:29:30,4676,15.870909,1938.774193548387
2026/08/01@15:29:31,4677,15.8999,1929.4193548387098
2026/08/01@15:29:32,4678,15.931945,1920.0645161290322
2026/08/01@15:29:33,4679,15.991455,1910.7096774193549
2026/08/01@15:29:34,4680,15.994507,1901.3548387096773
2026/08/01@15:29:36,4682,16.037232,1883.1290322580646
2026/08/01@15:29:37,4683,16.054016,1874.258064516129
2026/08/01@15:29:38,4684,16.113528,1865.3870967741937
2026/08/01@15:29:39,4685,16.08301,1856.516129032258
2026/08/01@15:29:40,4686,16.096742,1847.6451612903227
2026/08/01@15:29:41,4687,16.06775,1838.774193548387
2026/08/01@15:29:42,4688,16.00824,1829.9032258064517
2026/08/01@15:29:43,4689,15.854124,1821.032258064516
2026/08/01@15:29:44,4690,15.765621,1812.1612903225807
2026/08/01@15:29:45,4691,15.721371,1803.2903225806451
2026/08/01@15:29:46,4692,15.582513,1794.4193548387098
2026/08/01@15:29:48,4694,15.538262,1776.6774193548388
2026/08/01@15:29:49,4695,15.478752,1767.8064516129032
2026/08/01@15:29:50,4696,15.390249,1758.9354838709678
2026/08/01@15:29:51,4697,15.312428,1750.0645161290322
2026/08/01@15:29:52,4698,15.144579,1741.1935483870968
2026/08/01@15:29:53,4699,15.147631,1732.3225806451612
2026/08/01@15:29:54,4700,15.071336,1723.4516129032259
2026/08/01@15:29:55,4701,14.996567,1714.5806451612902
2026/08/01@15:29:56,4702,14.966048,1705.7096774193549
2026/08/01@15:29:57,4703,14.979782,1696.8387096774193
2026/08/01@15:29:59,4705,14.966048,1679.0967741935483
2026/08/01@15:30:00,4706,15.039292,1670.225806451613
2026/08/01@15:30:01,4707,15.101854,1661.3548387096773
2026/08/01@15:30:02,4708,15.130846,1652.483870967742
2026/08/01@15:30:03,4709,15.190356,1643.6129032258063
2026/08/01@15:30:04,4710,15.207141,1634.741935483871
2026/08/01@15:30:05,4711,15.281911,1625.8709677419356
2026/08/01@15:30:06,4712,15.371939,1617.0
2026/08/01@15:30:07,4713,15.431449,1607.3666666666666
2026/08/01@15:30:08,4714,15.465018,1597.7333333333333
2026/08/01@15:30:10,4716,15.523003,1578.4666666666667
2026/08/01@15:30:11,4717,15.582513,1568.8333333333333
2026/08/01@15:30:12,4718,15.614557,1559.2
2026/08/01@15:30:13,4719,15.6878,1549.5666666666666
2026/08/01@15:30:14,4720,15.735104,1539.9333333333334
2026/08/01@15:30:15,4721,15.779354,1530.3
2026/08/01@15:30:16,4722,15.7488368,1520.6666666666667
2026/08/01@15:30:17,4723,15.808347,1511.0333333333333
2026/08/01@15:30:18,4724,15.825131,1501.4
2026/08/01@15:30:19,4725,15.8999,1491.7666666666667
2026/08/01@15:30:21,4727,15.945678,1472.5
2026/08/01@15:30:22,4728,15.945678,1462.8666666666668
2026/08/01@15:30:23,4729,16.01892,1453.2333333333333
2026/08/01@15:30:24,4730,16.005188,1443.6
2026/08/01@15:30:25,4731,16.050964,1433.9666666666667
2026/08/01@15:30:26,4732,16.035706,1424.3333333333333
2026/08/01@15:30:27,4733,16.081484,1414.7
2026/08/01@15:30:28,4734,16.12726,1405.0666666666666
2026/08/01@15:30:29,4735,16.154726,1395.4333333333334
2026/08/01@15:30:30,4736,16.183718,1385.8
2026/08/01@15:30:32,4738,16.232548,1366.5333333333333
2026/08/01@15:30:33,4739,16.200504,1356.9
2026/08/01@15:30:34,4740,16.26154,1347.2666666666667
2026/08/01@15:30:35,4741,16.275272,1337.6333333333332
2026/08/01@15:30:36,4742,16.289006,1328.0
2026/08/01@15:30:37,4743,16.30579,1319.6129032258063
2026/08/01@15:30:38,4744,16.32105,1311.225806451613
2026/08/01@15:30:39,4745,16.337836,1302.8387096774193
2026/08/01@15:30:40,4746,16.337836,1294.4516129032259
2026/08/01@15:30:41,4747,16.411078,1286.0645161290322
2026/08/01@15:30:42,4748,16.411078,1277.6774193548388
2026/08/01@15:30:44,4750,16.411078,1260.9032258064517
2026/08/01@15:30:45,4751,16.443122,1252.516129032258
2026/08/01@15:30:46,4752,16.504158,1244.1290322580644
2026/08/01@15:30:47,4753,16.443122,1235.741935483871
2026/08/01@15:30:48,4754,16.516366,1227.3548387096773
2026/08/01@15:30:49,4755,16.502632,1218.967741935484
2026/08/01@15:30:50,4756,16.516366,1210.5806451612902
2026/08/01@15:30:51,4757,16.531624,1202.1935483870968
2026/08/01@15:30:52,4758,16.51789,1193.8064516129032
2026/08/01@15:30:53,4759,16.516366,1185.4193548387098
2026/08/01@15:30:55,4761,16.548408,1168.6451612903227
2026/08/01@15:30:56,4762,16.516366,1160.258064516129
2026/08/01@15:30:57,4763,16.548408,1151.8709677419356
2026/08/01@15:30:58,4764,16.594186,1143.483870967742
2026/08/01@15:30:59,4765,16.609446,1135.0967741935483
2026/08/01@15:31:00,4766,16.591135,1126.7096774193549
2026/08/01@15:31:01,4767,16.621652,1118.3225806451612
2026/08/01@15:31:02,4768,16.621652,1109.9354838709678
2026/08/01@15:31:03,4769,16.621652,1101.5483870967741
2026/08/01@15:31:04,4770,16.621652,1093.1612903225807
2026/08/01@15:31:06,4772,16.636912,1076.3870967741937
2026/08/01@15:31:07,4773,16.577402,1068.0
2026/08/01@15:31:08,4774,16.577402,1059.6129032258063
2026/08/01@15:31:09,4775,16.60792,1051.225806451613
2026/08/01@15:31:10,4776,16.591135,1042.8387096774195
2026/08/01@15:31:11,4777,16.548408,1034.4516129032259
2026/08/01@15:31:12,4778,16.516366,1026.0645161290322
2026/08/01@15:31:13,4779,16.502632,1017.6774193548388
2026/08/01@15:31:14,4780,16.502632,1009.2903225806451
2026/08/01@15:31:15,4781,16.504158,1000.9032258064517
2026/08/01@15:31:17,4783,16.56367,984.1290322580645
2026/08/01@15:31:18,4784,16.516366,975.741935483871
2026/08/01@15:31:19,4785,16.504158,967.3548387096774
2026/08/01@15:31:20,4786,16.577402,958.9677419354839
2026/08/01@15:31:21,4787,16.621652,950.5806451612904
2026/08/01@15:31:22,4788,16.609446,942.1935483870968
2026/08/01@15:31:23,4789,16.60792,933.8064516129032
2026/08/01@15:31:24,4790,16.635386,925.4193548387098
2026/08/01@15:31:25,4791,16.621652,917.0322580645161
2026/08/01@15:31:26,4792,16.636912,908.6451612903227
2026/08/01@15:31:28,4794,16.636912,891.8709677419355
2026/08/01@15:31:29,4795,16.6186,883.483870967742
2026/08/01@15:31:30,4796,16.696422,875.0967741935484
2026/08/01@15:31:31,4797,16.772716,866.7096774193549
2026/08/01@15:31:32,4798,16.713208,858.3225806451613
2026/08/01@15:31:33,4799,16.728466,849.9354838709678
2026/08/01@15:31:34,4800,16.742198,841.5483870967741
2026/08/01@15:31:35,4801,16.713208,833.1612903225807
2026/08/01@15:31:36,4802,16.758984,824.7741935483871
2026/08/01@15:31:37,4803,16.742198,816.3870967741937
2026/08/01@15:31:38,4804,16.755932,808.0
2026/08/01@15:31:40,4806,16.78645,792.9677419354839
2026/08/01@15:31:41,4807,16.742198,785.4516129032259
2026/08/01@15:31:42,4808,16.728466,777.9354838709677
2026/08/01@15:31:43,4809,16.801708,770.4193548387096
2026/08/01@15:31:44,4810,16.801708,762.9032258064516
2026/08/01@15:31:45,4811,16.801708,755.3870967741935
2026/08/01@15:31:46,4812,16.847486,747.8709677419355
2026/08/01@15:31:47,4813,16.818494,740.3548387096774
2026/08/01@15:31:48,4814,16.818494,732.8387096774194
2026/08/01@15:31:49,4815,16.833754,725.3225806451612
2026/08/01@15:31:51,4817,16.833754,710.2903225806451
2026/08/01@15:31:52,4818,16.86122,702.7741935483871
2026/08/01@15:31:53,4819,16.833754,695.258064516129
2026/08/01@15:31:54,4820,16.906996,687.741935483871
2026/08/01@15:31:55,4821,16.864272,680.2258064516129
2026/08/01@15:31:56,4822,16.84596,672.7096774193549
2026/08/01@15:31:57,4823,16.864272,665.1935483870968
2026/08/01@15:31:58,4824,16.832228,657.6774193548387
2026/08/01@15:31:59,4825,16.84596,650.1612903225806
2026/08/01@15:32:00,4826,16.772716,642.6451612903226
2026/08/01@15:32:02,4828,16.864272,627.6129032258065
2026/08/01@15:32:03,4829,16.864272,620.0967741935484
2026/08/01@15:32:04,4830,16.893262,612.5806451612902
2026/08/01@15:32:05,4831,16.893262,605.0645161290322
2026/08/01@15:32:06,4832,16.893262,597.5483870967741
2026/08/01@15:32:07,4833,16.864272,590.0322580645161
2026/08/01@15:32:08,4834,16.878004,582.516129032258
2026/08/01@15:32:09,4835,16.818494,575.0
