datetime,elapsed_s,voltage,Elevation_m
2026/08/01@14:11:47,7,2.6990002,21329.16129032258
2026/08/01@14:11:48,8,2.7005,21332.41935483871
2026/08/01@14:11:49,9,2.7010002,21335.677419354837
2026/08/01@14:11:50,10,2.709,21338.935483870966
2026/08/01@14:11:51,11,2.710375,21342.1935483871
2026/08/01@14:11:53,13,2.7122502,21348.709677419356
2026/08/01@14:11:54,14,2.7192502,21351.967741935485
2026/08/01@14:11:55,15,2.716875,21355.225806451614
2026/08/01@14:11:56,16,2.716,21358.483870967742
2026/08/01@14:11:57,17,2.7187502,21361.74193548387
2026/08/01@14:11:58,18,2.7192502,21365.0
2026/08/01@14:11:59,19,2.7193752,21368.451612903227
2026/08/01@14:12:00,20,2.723375,21371.90322580645
2026/08/01@14:12:01,21,2.7296252,21375.354838709678
2026/08/01@14:12:02,22,2.743375,21378.8064516129
2026/08/01@14:12:03,23,2.742,21382.25806451613
2026/08/01@14:12:05,25,2.73775,21389.16129032258
2026/08/01@14:12:06,26,2.7417502,21392.612903225807
2026/08/01@14:12:07,27,2.622375,21396.064516129034
2026/08/01@14:12:08,28,2.6312502,21399.516129032258
2026/08/01@14:12:09,29,2.7422502,21402.967741935485
2026/08/01@14:12:10,30,2.742,21406.41935483871
2026/08/01@14:12:11,31,2.741625,21409.870967741936
2026/08/01@14:12:12,32,2.7413752,21413.322580645163
2026/08/01@14:12:13,33,2.741625,21416.774193548386
2026/08/01@14:12:14,34,2.73725,21420.225806451614
2026/08/01@14:12:15,35,2.7397502,21423.677419354837
2026/08/01@14:12:17,37,2.736375,21430.58064516129
2026/08/01@14:12:18,38,2.7345002,21434.032258064515
2026/08/01@14:12:19,39,2.73775,21437.483870967742
2026/08/01@14:12:20,40,2.739,21440.935483870966
2026/08/01@14:12:21,41,2.7392502,21444.387096774193
2026/08/01@14:12:22,42,2.7325,21447.83870967742
2026/08/01@14:12:23,43,2.736875,21451.290322580644
2026/08/01@14:12:24,44,2.7375002,21454.74193548387
2026/08/01@14:12:25,45,2.73775,21458.1935483871
2026/08/01@14:12:26,46,2.73125,21461.645161290322
2026/08/01@14:12:27,47,2.736875,21465.09677419355
2026/08/01@14:12:29,49,2.7371252,21472.0
2026/08/01@14:12:30,50,2.7375002,21475.466666666667
2026/08/01@14:12:31,51,2.7383752,21478.933333333334
2026/08/01@14:12:32,52,2.7323752,21482.4
2026/08/01@14:12:33,53,2.7326252,21485.866666666665
2026/08/01@14:12:34,54,2.7315002,21489.333333333332
2026/08/01@14:12:35,55,2.7325,21492.8
2026/08/01@14:12:36,56,2.7318752,21496.266666666666
2026/08/01@14:12:37,57,2.7231252,21499.733333333334
2026/08/01@14:12:38,58,2.723,21503.2
2026/08/01@14:12:39,59,2.73825,21506.666666666668
2026/08/01@14:12:41,61,2.7385,21513.6
2026/08/01@14:12:42,62,2.738125,21517.066666666666
2026/08/01@14:12:43,63,2.73775,21520.533333333333
2026/08/01@14:12:44,64,2.7376252,21524.0
2026/08/01@14:12:45,65,2.7378752,21527.466666666667
2026/08/01@14:12:46,66,2.7385,21530.933333333334
2026/08/01@14:12:47,67,2.7385,21534.4
2026/08/01@14:12:48,68,2.72775,21537.866666666665
2026/08/01@14:12:49,69,2.7297502,21541.333333333332
2026/08/01@14:12:50,70,2.7405002,21544.8
2026/08/01@14:12:51,71,2.73475,21548.266666666666
2026/08/01@14:12:53,73,2.7396252,21555.2
2026/08/01@14:12:54,74,2.740375,21558.666666666668
2026/08/01@14:12:55,75,2.61625,21562.133333333335
2026/08/01@14:12:56,76,2.6237502,21565.6
2026/08/01@14:12:57,77,2.62275,21569.066666666666
2026/08/01@14:12:58,78,2.594875,21572.533333333333
2026/08/01@14:12:59,79,2.59925,21576.0
2026/08/01@14:13:00,80,2.7345002,21579.129032258064
2026/08/01@14:13:01,81,2.73475,21582.25806451613
2026/08/01@14:13:02,82,2.7378752,21585.387096774193
2026/08/01@14:13:03,83,2.7297502,21588.516129032258
2026/08/01@14:13:05,85,2.696125,21594.774193548386
2026/08/01@14:13:06,86,2.72425,21597.90322580645
2026/08/01@14:13:07,87,2.7310002,21601.032258064515
2026/08/01@14:13:08,88,2.72125,21604.16129032258
2026/08/01@14:13:09,89,2.714375,21607.290322580644
2026/08/01@14:13:10,90,2.673875,21610.41935483871
2026/08/01@14:13:11,91,2.6363752,21613.548387096773
2026/08/01@14:13:12,92,2.6650002,21616.677419354837
2026/08/01@14:13:13,93,2.6347502,21619.8064516129
2026/08/01@14:13:14,94,2.627875,21622.935483870966
2026/08/01@14:13:15,95,2.6281252,21626.064516129034
2026/08/01@14:13:17,97,2.6476252,21632.322580645163
2026/08/01@14:13:18,98,2.7188752,21635.451612903227
2026/08/01@14:13:19,99,2.7113752,21638.58064516129
2026/08/01@14:13:20,100,2.73475,21641.709677419356
2026/08/01@14:13:21,101,2.7385,21644.83870967742
2026/08/01@14:13:22,102,2.7380002,21647.967741935485
2026/08/01@14:13:23,103,2.6605,21651.09677419355
2026/08/01@14:13:24,104,2.731125,21654.225806451614
2026/08/01@14:13:25,105,2.731625,21657.354838709678
2026/08/01@14:13:26,106,2.682625,21660.483870967742
2026/08/01@14:13:27,107,2.7396252,21663.612903225807
2026/08/01@14:13:29,109,2.7325,21669.870967741936
2026/08/01@14:13:30,110,2.6245,21673.0
2026/08/01@14:13:31,111,2.74125,21676.0
2026/08/01@14:13:32,112,2.74025,21679.0
2026/08/01@14:13:33,113,2.7401252,21682.0
2026/08/01@14:13:34,114,2.6711252,21685.0
2026/08/01@14:13:35,115,2.7475002,21688.0
2026/08/01@14:13:36,116,2.745125,21691.0
2026/08/01@14:13:37,117,2.7427502,21694.0
2026/08/01@14:13:38,118,2.7496252,21697.0
2026/08/01@14:13:39,119,2.7510002,21700.0
2026/08/01@14:13:41,121,2.7297502,21706.0
2026/08/01@14:13:42,122,2.729,21709.0
2026/08/01@14:13:43,123,2.733875,21712.0
2026/08/01@14:13:44,124,2.7422502,21715.0
2026/08/01@14:13:45,125,2.7478752,21718.0
2026/08/01@14:13:46,126,2.7397502,21721.0
2026/08/01@14:13:47,127,2.73475,21724.0
2026/08/01@14:13:48,128,2.74475,21727.0
2026/08/01@14:13:49,129,2.746,21730.0
2026/08/01@14:13:50,130,2.7436252,21733.0
2026/08/01@14:13:51,131,2.7422502,21736.0
2026/08/01@14:13:53,133,2.742,21742.0
2026/08/01@14:13:54,134,2.7475002,21745.0
2026/08/01@14:13:55,135,2.743375,21748.0
2026/08/01@14:13:56,136,2.743,21751.0
2026/08/01@14:13:57,137,2.742125,21754.0
2026/08/01@14:13:58,138,2.7265,21757.0
2026/08/01@14:13:59,139,2.72475,21760.0
2026/08/01@14:14:00,140,2.6871252,21763.0
2026/08/01@14:14:01,141,2.7385,21765.870967741936
2026/08/01@14:14:02,142,2.7485,21768.74193548387
2026/08/01@14:14:03,143,2.745125,21771.612903225807
2026/08/01@14:14:04,144,2.7401252,21774.483870967742
2026/08/01@14:14:06,146,2.7392502,21780.225806451614
2026/08/01@14:14:07,147,2.7395,21783.09677419355
2026/08/01@14:14:08,148,2.7392502,21785.967741935485
2026/08/01@14:14:09,149,2.7115002,21788.83870967742
2026/08/01@14:14:10,150,2.739375,21791.709677419356
2026/08/01@14:14:11,151,2.7400002,21794.58064516129
2026/08/01@14:14:12,152,2.7375002,21797.451612903227
2026/08/01@14:14:13,153,2.7232502,21800.322580645163
2026/08/01@14:14:14,154,2.72725,21803.1935483871
2026/08/01@14:14:15,155,2.738125,21806.064516129034
2026/08/01@14:14:16,156,2.739125,21808.935483870966
2026/08/01@14:14:18,158,2.7401252,21814.677419354837
2026/08/01@14:14:19,159,2.739875,21817.548387096773
2026/08/01@14:14:20,160,2.7396252,21820.41935483871
2026/08/01@14:14:21,161,2.739,21823.290322580644
2026/08/01@14:14:22,162,2.7395,21826.16129032258
2026/08/01@14:14:23,163,2.739125,21829.032258064515
2026/08/01@14:14:24,164,2.7388752,21831.90322580645
2026/08/01@14:14:25,165,2.7388752,21834.774193548386
2026/08/01@14:14:26,166,2.7388752,21837.645161290322
2026/08/01@14:14:27,167,2.738625,21840.516129032258
2026/08/01@14:14:28,168,2.7383752,21843.387096774193
2026/08/01@14:14:30,170,2.7385,21849.129032258064
2026/08/01@14:14:31,171,2.737375,21852.0
2026/08/01@14:14:32,172,2.7370002,21855.064516129034
2026/08/01@14:14:33,173,2.716375,21858.129032258064
2026/08/01@14:14:34,174,2.7371252,21861.1935483871
2026/08/01@14:14:35,175,2.736875,21864.25806451613
2026/08/01@14:14:36,176,2.7336252,21867.322580645163
2026/08/01@14:14:37,177,2.7140002,21870.387096774193
2026/08/01@14:14:38,178,2.7362502,21873.451612903227
2026/08/01@14:14:39,179,2.7361252,21876.516129032258
2026/08/01@14:14:40,180,2.7293752,21879.58064516129
2026/08/01@14:14:42,182,2.6445,21885.709677419356
2026/08/01@14:14:43,183,2.637375,21888.774193548386
2026/08/01@14:14:44,184,2.6328752,21891.83870967742
2026/08/01@14:14:45,185,2.63275,21894.90322580645
2026/08/01@14:14:46,186,2.6290002,21897.967741935485
2026/08/01@14:14:47,187,2.62975,21901.032258064515
2026/08/01@14:14:48,188,2.628375,21904.09677419355
2026/08/01@14:14:49,189,2.6298752,21907.16129032258
2026/08/01@14:14:50,190,2.6346252,21910.225806451614
2026/08/01@14:14:51,191,2.6365002,21913.290322580644
2026/08/01@14:14:52,192,2.6390002,21916.354838709678
2026/08/01@14:14:54,194,2.63525,21922.483870967742
2026/08/01@14:14:55,195,2.637375,21925.548387096773
2026/08/01@14:14:56,196,2.637375,21928.612903225807
2026/08/01@14:14:57,197,2.638,21931.677419354837
2026/08/01@14:14:58,198,2.6386252,21934.74193548387
2026/08/01@14:14:59,199,2.6368752,21937.8064516129
2026/08/01@14:15:00,200,2.6356252,21940.870967741936
2026/08/01@14:15:01,201,2.637125,21943.935483870966
2026/08/01@14:15:02,202,2.627875,21947.0
2026/08/01@14:15:03,203,2.6342502,21950.333333333332
2026/08/01@14:15:04,204,2.6402502,21953.666666666668
2026/08/01@14:15:06,206,2.64,21960.333333333332
2026/08/01@14:15:07,207,2.6356252,21963.666666666668
2026/08/01@14:15:08,208,2.636125,21967.0
2026/08/01@14:15:09,209,2.629625,21970.333333333332
2026/08/01@14:15:10,210,2.629625,21973.666666666668
2026/08/01@14:15:11,211,2.6346252,21977.0
2026/08/01@14:15:12,212,2.63525,21980.333333333332
2026/08/01@14:15:13,213,2.6285002,21983.666666666668
2026/08/01@14:15:14,214,2.6277502,21987.0
2026/08/01@14:15:15,215,2.628875,21990.333333333332
2026/08/01@14:15:16,216,2.628375,21993.666666666668
2026/08/01@14:15:18,218,2.62575,22000.333333333332
2026/08/01@14:15:19,219,2.6332502,22003.666666666668
2026/08/01@14:15:20,220,2.636625,22007.0
2026/08/01@14:15:21,221,2.6341252,22010.333333333332
2026/08/01@14:15:22,222,2.637875,22013.666666666668
2026/08/01@14:15:23,223,2.6328752,22017.0
2026/08/01@14:15:24,224,2.6260002,22020.333333333332
2026/08/01@14:15:25,225,2.627,22023.666666666668
2026/08/01@14:15:26,226,2.62325,22027.0
2026/08/01@14:15:27,227,2.629625,22030.333333333332
2026/08/01@14:15:28,228,2.638875,22033.666666666668
2026/08/01@14:15:30,230,2.63875,22040.333333333332
2026/08/01@14:15:31,231,2.638875,22043.666666666668
2026/08/01@14:15:32,232,2.637875,22047.0
2026/08/01@14:15:33,233,2.648375,22050.032258064515
2026/08/01@14:15:34,234,2.6435,22053.064516129034
2026/08/01@14:15:35,235,2.6432502,22056.09677419355
2026/08/01@14:15:36,236,2.6471252,22059.129032258064
2026/08/01@14:15:37,237,2.6438752,22062.16129032258
2026/08/01@14:15:38,238,2.6432502,22065.1935483871
2026/08/01@14:15:39,239,2.6485002,22068.225806451614
2026/08/01@14:15:40,240,2.6481252,22071.25806451613
2026/08/01@14:15:42,241,2.6468752,22077.322580645163
2026/08/01@14:15:43,243,2.742,22080.354838709678
2026/08/01@14:15:44,244,2.74425,22083.387096774193
2026/08/01@14:15:45,245,2.7361252,22086.41935483871
2026/08/01@14:15:46,246,2.722875,22089.451612903227
2026/08/01@14:15:47,247,2.715625,22092.483870967742
2026/08/01@14:15:48,248,2.7113752,22095.516129032258
2026/08/01@14:15:49,249,2.694375,22098.548387096773
2026/08/01@14:15:50,250,2.6702502,22101.58064516129
2026/08/01@14:15:51,251,2.6605,22104.612903225807
2026/08/01@14:15:52,252,2.6597502,22107.645161290322
2026/08/01@14:15:53,253,2.6576252,22110.677419354837
2026/08/01@14:15:55,255,2.647,22116.74193548387
2026/08/01@14:15:56,256,2.6235,22119.774193548386
2026/08/01@14:15:57,257,2.61925,22122.8064516129
2026/08/01@14:15:58,258,2.6125002,22125.83870967742
2026/08/01@14:15:59,259,2.601,22128.870967741936
2026/08/01@14:16:00,260,2.603625,22131.90322580645
2026/08/01@14:16:01,261,2.6045,22134.935483870966
2026/08/01@14:16:02,262,2.597625,22137.967741935485
2026/08/01@14:16:03,263,2.5937502,22141.0
2026/08/01@14:16:04,264,2.60025,22144.366666666665
2026/08/01@14:16:05,265,2.595375,22147.733333333334
2026/08/01@14:16:07,267,2.5900002,22154.466666666667
2026/08/01@14:16:08,268,2.5975,22157.833333333332
2026/08/01@14:16:09,269,2.5843752,22161.2
2026/08/01@14:16:10,270,2.5986252,22164.566666666666
2026/08/01@14:16:11,271,2.601875,22167.933333333334
2026/08/01@14:16:12,272,2.6035002,22171.3
2026/08/01@14:16:13,273,2.604125,22174.666666666668
2026/08/01@14:16:14,274,2.610125,22178.033333333333
2026/08/01@14:16:15,275,2.614875,22181.4
2026/08/01@14:16:16,276,2.6128752,22184.766666666666
2026/08/01@14:16:17,277,2.6130002,22188.133333333335
2026/08/01@14:16:19,279,2.60675,22194.866666666665
2026/08/01@14:16:20,280,2.59625,22198.233333333334
2026/08/01@14:16:21,281,2.594,22201.6
2026/08/01@14:16:22,282,2.6030002,22204.966666666667
2026/08/01@14:16:23,283,2.601375,22208.333333333332
2026/08/01@14:16:24,284,2.6047502,22211.7
2026/08/01@14:16:25,285,2.599375,22215.066666666666
2026/08/01@14:16:26,286,2.600625,22218.433333333334
2026/08/01@14:16:27,287,2.6060002,22221.8
2026/08/01@14:16:28,288,2.6055002,22225.166666666668
2026/08/01@14:16:29,289,2.5981252,22228.533333333333
2026/08/01@14:16:31,291,2.6051252,22235.266666666666
2026/08/01@14:16:32,292,2.6033752,22238.633333333335
2026/08/01@14:16:33,293,2.6007502,22242.0
2026/08/01@14:16:34,294,2.5917502,22245.483870967742
2026/08/01@14:16:35,295,2.6091252,22248.967741935485
2026/08/01@14:16:36,296,2.6185002,22252.451612903227
2026/08/01@14:16:37,297,2.6085002,22255.935483870966
2026/08/01@14:16:38,298,2.6272502,22259.41935483871
2026/08/01@14:16:39,299,2.637,22262.90322580645
2026/08/01@14:16:40,300,2.639125,22266.387096774193
2026/08/01@14:16:41,301,2.62175,22269.870967741936
2026/08/01@14:16:43,303,2.6173752,22276.83870967742
2026/08/01@14:16:44,304,2.598875,22280.322580645163
2026/08/01@14:16:45,305,2.60975,22283.8064516129
2026/08/01@14:16:46,306,2.5905,22287.290322580644
2026/08/01@14:16:47,307,2.5878752,22290.774193548386
2026/08/01@14:16:48,308,2.5963752,22294.25806451613
2026/08/01@14:16:49,309,2.5972502,22297.74193548387
2026/08/01@14:16:50,310,2.59275,22301.225806451614
2026/08/01@14:16:51,311,2.5977502,22304.709677419356
2026/08/01@14:16:52,312,2.598375,22308.1935483871
2026/08/01@14:16:53,313,2.5926252,22311.677419354837
2026/08/01@14:16:55,315,2.5860002,22318.645161290322
2026/08/01@14:16:56,316,2.594875,22322.129032258064
2026/08/01@14:16:57,317,2.6028752,22325.612903225807
2026/08/01@14:16:58,318,2.603125,22329.09677419355
2026/08/01@14:16:59,319,2.603125,22332.58064516129
2026/08/01@14:17:00,320,2.6008752,22336.064516129034
2026/08/01@14:17:01,321,2.592375,22339.548387096773
2026/08/01@14:17:02,322,2.595875,22343.032258064515
2026/08/01@14:17:03,323,2.5985,22346.516129032258
2026/08/01@14:17:04,324,2.5935002,22350.0
2026/08/01@14:17:05,325,2.603625,22353.733333333334
2026/08/01@14:17:07,327,2.6093752,22361.2
2026/08/01@14:17:08,328,2.6015,22364.933333333334
2026/08/01@14:17:09,329,2.5998752,22368.666666666668
2026/08/01@14:17:10,330,2.604875,22372.4
2026/08/01@14:17:11,331,2.6021252,22376.133333333335
2026/08/01@14:17:12,332,2.60275,22379.866666666665
2026/08/01@14:17:13,333,2.6047502,22383.6
2026/08/01@14:17:14,334,2.606125,22387.333333333332
2026/08/01@14:17:15,335,2.6045,22391.066666666666
2026/08/01@14:17:16,336,2.607,22394.8
2026/08/01@14:17:17,337,2.604875,22398.533333333333
2026/08/01@14:17:19,339,2.6026252,22406.0
2026/08/01@14:17:20,340,2.604125,22409.733333333334
2026/08/01@14:17:21,341,2.6037502,22413.466666666667
2026/08/01@14:17:22,342,2.6026252,22417.2
2026/08/01@14:17:23,343,2.6228752,22420.933333333334
2026/08/01@14:17:24,344,2.6121252,22424.666666666668
2026/08/01@14:17:25,345,2.6107502,22428.4
2026/08/01@14:17:26,346,2.6098752,22432.133333333335
2026/08/01@14:17:27,347,2.6090002,22435.866666666665
2026/08/01@14:17:28,348,2.6072502,22439.6
2026/08/01@14:17:29,349,2.608375,22443.333333333332
2026/08/01@14:17:31,351,2.6108752,22450.8
2026/08/01@14:17:32,352,2.613625,22454.533333333333
2026/08/01@14:17:33,353,2.642625,22458.266666666666
2026/08/01@14:17:34,354,2.6221252,22462.0
2026/08/01@14:17:35,355,2.6145,22465.41935483871
2026/08/01@14:17:36,356,2.6203752,22468.83870967742
2026/08/01@14:17:37,357,2.6220002,22472.25806451613
2026/08/01@14:17:38,358,2.618875,22475.677419354837
2026/08/01@14:17:39,359,2.6202502,22479.09677419355
2026/08/01@14:17:40,360,2.621,22482.516129032258
2026/08/01@14:17:41,361,2.621375,22485.935483870966
2026/08/01@14:17:43,363,2.6233752,22492.774193548386
2026/08/01@14:17:44,364,2.635375,22496.1935483871
2026/08/01@14:17:45,365,2.6428752,22499.612903225807
2026/08/01@14:17:46,366,2.651375,22503.032258064515
2026/08/01@14:17:47,367,2.655625,22506.451612903227
2026/08/01@14:17:48,368,2.6068752,22509.870967741936
2026/08/01@14:17:49,369,2.5998752,22513.290322580644
2026/08/01@14:17:50,370,2.5851252,22516.709677419356
2026/08/01@14:17:51,371,2.58925,22520.129032258064
2026/08/01@14:17:52,372,2.6105,22523.548387096773
2026/08/01@14:17:53,373,2.5900002,22526.967741935485
2026/08/01@14:17:55,375,2.597875,22533.8064516129
2026/08/01@14:17:56,376,2.609625,22537.225806451614
2026/08/01@14:17:57,377,2.611,22540.645161290322
2026/08/01@14:17:58,378,2.6117502,22544.064516129034
2026/08/01@14:17:59,379,2.594125,22547.483870967742
2026/08/01@14:18:00,380,2.559375,22550.90322580645
2026/08/01@14:18:01,381,2.588,22554.322580645163
2026/08/01@14:18:02,382,2.59625,22557.74193548387
2026/08/01@14:18:03,383,2.6273752,22561.16129032258
2026/08/01@14:18:04,384,2.6376252,22564.58064516129
2026/08/01@14:18:05,385,2.687875,22568.0
2026/08/01@14:18:07,387,2.69775,22574.387096774193
2026/08/01@14:18:08,388,2.69475,22577.58064516129
2026/08/01@14:18:09,389,2.7150002,22580.774193548386
2026/08/01@14:18:10,390,2.6857502,22583.967741935485
2026/08/01@14:18:11,391,2.6837502,22587.16129032258
2026/08/01@14:18:12,392,2.6815002,22590.354838709678
2026/08/01@14:18:13,393,2.7297502,22593.548387096773
2026/08/01@14:18:14,394,2.7243752,22596.74193548387
2026/08/01@14:18:15,395,2.7131252,22599.935483870966
2026/08/01@14:18:16,396,2.645375,22603.129032258064
2026/08/01@14:18:17,397,2.673125,22606.322580645163
2026/08/01@14:18:19,399,2.7187502,22612.709677419356
2026/08/01@14:18:20,400,2.7150002,22615.90322580645
2026/08/01@14:18:21,401,2.719875,22619.09677419355
2026/08/01@14:18:22,402,2.7213752,22622.290322580644
2026/08/01@14:18:23,403,2.765125,22625.483870967742
2026/08/01@14:18:24,404,2.7812502,22628.677419354837
2026/08/01@14:18:25,405,2.7810002,22631.870967741936
2026/08/01@14:18:26,406,2.747375,22635.064516129034
2026/08/01@14:18:27,407,2.7801252,22638.25806451613
2026/08/01@14:18:28,408,2.762125,22641.451612903227
2026/08/01@14:18:29,409,2.72375,22644.645161290322
2026/08/01@14:18:31,411,2.7035,22651.032258064515
2026/08/01@14:18:32,412,2.7023752,22654.225806451614
2026/08/01@14:18:33,413,2.702125,22657.41935483871
2026/08/01@14:18:34,414,2.690875,22660.612903225807
2026/08/01@14:18:35,415,2.699625,22663.8064516129
2026/08/01@14:18:36,416,2.6953752,22667.0
2026/08/01@14:18:37,417,2.6981252,22670.466666666667
2026/08/01@14:18:38,418,2.6993752,22673.933333333334
2026/08/01@14:18:39,419,2.6925,22677.4
2026/08/01@14:18:40,420,2.697375,22680.866666666665
2026/08/01@14:18:41,421,2.696875,22684.333333333332
2026/08/01@14:18:43,423,2.697,22691.266666666666
2026/08/01@14:18:44,424,2.695125,22694.733333333334
2026/08/01@14:18:45,425,2.6927502,22698.2
2026/08/01@14:18:46,426,2.69425,22701.666666666668
2026/08/01@14:18:47,427,2.692625,22705.133333333335
2026/08/01@14:18:48,428,2.6885002,22708.6
2026/08/01@14:18:49,429,2.68875,22712.066666666666
2026/08/01@14:18:50,430,2.691375,22715.533333333333
2026/08/01@14:18:51,431,2.6697502,22719.0
2026/08/01@14:18:52,432,2.6883752,22722.466666666667
2026/08/01@14:18:53,433,2.6935,22725.933333333334
2026/08/01@14:18:55,434,2.6416252,22732.866666666665
2026/08/01@14:18:56,436,2.6927502,22736.333333333332
2026/08/01@14:18:57,437,2.694375,22739.8
2026/08/01@14:18:58,438,2.68,22743.266666666666
2026/08/01@14:18:59,439,2.682625,22746.733333333334
2026/08/01@14:19:00,440,2.6758752,22750.2
2026/08/01@14:19:01,441,2.663,22753.666666666668
2026/08/01@14:19:02,442,2.679625,22757.133333333335
2026/08/01@14:19:03,443,2.6565,22760.6
2026/08/01@14:19:04,444,2.67875,22764.066666666666
2026/08/01@14:19:05,445,2.7027502,22767.533333333333
2026/08/01@14:19:06,446,2.7046252,22771.0
2026/08/01@14:19:08,448,2.6797502,22777.451612903227
2026/08/01@14:19:09,449,2.6545,22780.677419354837
2026/08/01@14:19:10,450,2.6475,22783.90322580645
2026/08/01@14:19:11,451,2.662625,22787.129032258064
2026/08/01@14:19:12,452,2.7035,22790.354838709678
2026/08/01@14:19:13,453,2.70775,22793.58064516129
2026/08/01@14:19:14,454,2.705125,22796.8064516129
2026/08/01@14:19:15,455,2.683,22800.032258064515
2026/08/01@14:19:16,456,2.6393752,22803.25806451613
2026/08/01@14:19:17,457,2.6520002,22806.483870967742
2026/08/01@14:19:18,458,2.6788752,22809.709677419356
2026/08/01@14:19:20,460,2.691375,22816.16129032258
2026/08/01@14:19:21,461,2.690375,22819.387096774193
2026/08/01@14:19:22,462,2.6898752,22822.612903225807
2026/08/01@14:19:23,463,2.6948752,22825.83870967742
2026/08/01@14:19:24,464,2.7013752,22829.064516129034
2026/08/01@14:19:25,465,2.6872502,22832.290322580644
2026/08/01@14:19:26,466,2.6928752,22835.516129032258
2026/08/01@14:19:27,467,2.6871252,22838.74193548387
2026/08/01@14:19:28,468,2.6836252,22841.967741935485
2026/08/01@14:19:29,469,2.6668752,22845.1935483871
2026/08/01@14:19:30,470,2.6660002,22848.41935483871
2026/08/01@14:19:32,472,2.6421252,22854.870967741936
2026/08/01@14:19:33,473,2.631875,22858.09677419355
2026/08/01@14:19:34,474,2.62975,22861.322580645163
2026/08/01@14:19:35,475,2.676875,22864.548387096773
2026/08/01@14:19:36,476,2.6825002,22867.774193548386
2026/08/01@14:19:37,477,2.6875002,22871.0
2026/08/01@14:19:38,478,2.6918752,22874.266666666666
2026/08/01@14:19:39,479,2.695125,22877.533333333333
2026/08/01@14:19:40,480,2.6953752,22880.8
2026/08/01@14:19:41,481,2.6945002,22884.066666666666
2026/08/01@14:19:42,482,2.693375,22887.333333333332
2026/08/01@14:19:44,484,2.6615002,22893.866666666665
2026/08/01@14:19:45,485,2.6677502,22897.133333333335
2026/08/01@14:19:46,486,2.6512502,22900.4
2026/08/01@14:19:47,487,2.6428752,22903.666666666668
2026/08/01@14:19:48,488,2.652625,22906.933333333334
2026/08/01@14:19:49,489,2.626125,22910.2
2026/08/01@14:19:50,490,2.6441252,22913.466666666667
2026/08/01@14:19:51,491,2.6927502,22916.733333333334
2026/08/01@14:19:52,492,2.6810002,22920.0
2026/08/01@14:19:53,493,2.6902502,22923.266666666666
2026/08/01@14:19:54,494,2.6902502,22926.533333333333
2026/08/01@14:19:56,496,2.6892502,22933.066666666666
2026/08/01@14:19:57,497,2.6905,22936.333333333332
2026/08/01@14:19:58,498,2.690875,22939.6
2026/08/01@14:19:59,499,2.69125,22942.866666666665
2026/08/01@14:20:00,500,2.6915002,22946.133333333335
2026/08/01@14:20:01,501,2.693375,22949.4
2026/08/01@14:20:02,502,2.6953752,22952.666666666668
2026/08/01@14:20:03,503,2.6907502,22955.933333333334
2026/08/01@14:20:04,504,2.6398752,22959.2
2026/08/01@14:20:05,505,2.6567502,22962.466666666667
2026/08/01@14:20:06,506,2.702125,22965.733333333334
2026/08/01@14:20:08,508,2.6828752,22972.25806451613
2026/08/01@14:20:09,509,2.684,22975.516129032258
2026/08/01@14:20:10,510,2.6711252,22978.774193548386
2026/08/01@14:20:11,511,2.669625,22982.032258064515
2026/08/01@14:20:12,512,2.680875,22985.290322580644
2026/08/01@14:20:13,513,2.6798752,22988.548387096773
2026/08/01@14:20:14,514,2.6907502,22991.8064516129
2026/08/01@14:20:15,515,2.6853752,22995.064516129034
2026/08/01@14:20:16,516,2.6865,22998.322580645163
2026/08/01@14:20:17,517,2.6950002,23001.58064516129
2026/08/01@14:20:18,518,2.6562502,23004.83870967742
2026/08/01@14:20:20,520,2.7553752,23011.354838709678
2026/08/01@14:20:21,521,2.7903752,23014.612903225807
2026/08/01@14:20:22,522,2.7861252,23017.870967741936
2026/08/01@14:20:23,523,2.7083752,23021.129032258064
2026/08/01@14:20:24,524,2.710875,23024.387096774193
2026/08/01@14:20:25,525,2.785,23027.645161290322
2026/08/01@14:20:26,526,2.713,23030.90322580645
2026/08/01@14:20:27,527,2.779,23034.16129032258
2026/08/01@14:20:28,528,2.7883752,23037.41935483871
2026/08/01@14:20:29,529,2.6893752,23040.677419354837
2026/08/01@14:20:30,530,2.7083752,23043.935483870966
2026/08/01@14:20:32,532,2.70425,23050.451612903227
2026/08/01@14:20:33,533,2.7023752,23053.709677419356
2026/08/01@14:20:34,534,2.7025,23056.967741935485
2026/08/01@14:20:35,535,2.769875,23060.225806451614
2026/08/01@14:20:36,536,2.6980002,23063.483870967742
2026/08/01@14:20:37,537,2.7410002,23066.74193548387
2026/08/01@14:20:38,538,2.7531252,23070.0
2026/08/01@14:20:39,539,2.7283752,23073.1935483871
2026/08/01@14:20:40,540,2.7213752,23076.387096774193
2026/08/01@14:20:41,541,2.73,23079.58064516129
2026/08/01@14:20:42,542,2.737375,23082.774193548386
2026/08/01@14:20:44,544,2.7508752,23089.16129032258
2026/08/01@14:20:45,545,2.772,23092.354838709678
2026/08/01@14:20:46,546,2.7625,23095.548387096773
2026/08/01@14:20:47,547,2.705625,23098.74193548387
2026/08/01@14:20:48,548,2.7727502,23101.935483870966
2026/08/01@14:20:49,549,2.6880002,23105.129032258064
2026/08/01@14:20:50,550,2.6758752,23108.322580645163
2026/08/01@14:20:51,551,2.7762502,23111.516129032258
2026/08/01@14:20:52,552,2.718125,23114.709677419356
2026/08/01@14:20:53,553,2.6955002,23117.90322580645
2026/08/01@14:20:54,554,2.6963752,23121.09677419355
2026/08/01@14:20:56,556,2.7102502,23127.483870967742
2026/08/01@14:20:57,557,2.6966252,23130.677419354837
2026/08/01@14:20:58,558,2.755125,23133.870967741936
2026/08/01@14:20:59,559,2.7747502,23137.064516129034
2026/08/01@14:21:00,560,2.764125,23140.25806451613
2026/08/01@14:21:01,561,2.73825,23143.451612903227
2026/08/01@14:21:02,562,2.6975002,23146.645161290322
2026/08/01@14:21:03,563,2.7332502,23149.83870967742
2026/08/01@14:21:04,564,2.7443752,23153.032258064515
2026/08/01@14:21:05,565,2.7165,23156.225806451614
2026/08/01@14:21:06,566,2.7252502,23159.41935483871
2026/08/01@14:21:08,568,2.7097502,23165.8064516129
2026/08/01@14:21:09,569,2.716,23169.0
2026/08/01@14:21:10,570,2.7827502,23172.5
2026/08/01@14:21:11,571,2.7770002,23176.0
2026/08/01@14:21:12,572,2.784625,23179.5
2026/08/01@14:21:13,573,2.7821252,23183.0
2026/08/01@14:21:14,574,2.7855,23186.5
2026/08/01@14:21:15,575,2.785875,23190.0
2026/08/01@14:21:16,576,2.6958752,23193.5
2026/08/01@14:21:17,577,2.7835002,23197.0
2026/08/01@14:21:18,578,2.783375,23200.5
2026/08/01@14:21:20,580,2.78075,23207.5
2026/08/01@14:21:21,581,2.691375,23211.0
2026/08/01@14:21:22,582,2.6937502,23214.5
2026/08/01@14:21:23,583,2.7462502,23218.0
2026/08/01@14:21:24,584,2.7766252,23221.5
2026/08/01@14:21:25,585,2.6941252,23225.0
2026/08/01@14:21:26,586,2.6941252,23228.5
2026/08/01@14:21:27,587,2.7648752,23232.0
2026/08/01@14:21:28,588,2.6967502,23235.5
2026/08/01@14:21:29,589,2.692125,23239.0
2026/08/01@14:21:30,590,2.6920002,23242.5
2026/08/01@14:21:32,592,2.6953752,23249.5
2026/08/01@14:21:33,593,2.696,23253.0
2026/08/01@14:21:34,594,2.695625,23256.5
2026/08/01@14:21:35,595,2.693125,23260.0
2026/08/01@14:21:36,596,2.6972502,23263.5
2026/08/01@14:21:37,597,2.696875,23267.0
2026/08/01@14:21:38,598,2.69525,23270.5
2026/08/01@14:21:39,599,2.693125,23274.0
2026/08/01@14:21:40,600,2.6966252,23277.25806451613
2026/08/01@14:21:41,601,2.7248752,23280.516129032258
2026/08/01@14:21:42,602,2.782375,23283.774193548386
2026/08/01@14:21:44,604,2.7020002,23290.290322580644
2026/08/01@14:21:45,605,2.70175,23293.548387096773
2026/08/01@14:21:46,606,2.7770002,23296.8064516129
2026/08/01@14:21:47,607,2.7670002,23300.064516129034
2026/08/01@14:21:48,608,2.684,23303.322580645163
2026/08/01@14:21:49,609,2.6827502,23306.58064516129
2026/08/01@14:21:50,610,2.6762502,23309.83870967742
2026/08/01@14:21:51,611,2.6746252,23313.09677419355
2026/08/01@14:21:52,612,2.6781252,23316.354838709678
2026/08/01@14:21:53,613,2.6790002,23319.612903225807
2026/08/01@14:21:54,614,2.677375,23322.870967741936
2026/08/01@14:21:56,616,2.6776252,23329.387096774193
2026/08/01@14:21:57,617,2.6802502,23332.645161290322
2026/08/01@14:21:58,618,2.68,23335.90322580645
2026/08/01@14:21:59,619,2.676625,23339.16129032258
2026/08/01@14:22:00,620,2.673,23342.41935483871
2026/08/01@14:22:01,621,2.6672502,23345.677419354837
2026/08/01@14:22:02,622,2.668375,23348.935483870966
2026/08/01@14:22:03,623,2.67525,23352.1935483871
2026/08/01@14:22:04,624,2.6671252,23355.451612903227
2026/08/01@14:22:05,625,2.6535,23358.709677419356
2026/08/01@14:22:06,626,2.6706252,23361.967741935485
2026/08/01@14:22:08,628,2.673,23368.483870967742
2026/08/01@14:22:09,629,2.6677502,23371.74193548387
2026/08/01@14:22:10,630,2.664375,23375.0
2026/08/01@14:22:11,631,2.669125,23378.266666666666
2026/08/01@14:22:12,632,2.6720002,23381.533333333333
2026/08/01@14:22:13,633,2.65575,23384.8
2026/08/01@14:22:14,634,2.6497502,23388.066666666666
2026/08/01@14:22:15,635,2.664375,23391.333333333332
2026/08/01@14:22:16,636,2.6455002,23394.6
2026/08/01@14:22:17,637,2.6428752,23397.866666666665
2026/08/01@14:22:18,638,2.658375,23401.133333333335
2026/08/01@14:22:20,640,2.646625,23407.666666666668
2026/08/01@14:22:21,641,2.6467502,23410.933333333334
2026/08/01@14:22:22,642,2.6602502,23414.2
2026/08/01@14:22:23,643,2.660875,23417.466666666667
2026/08/01@14:22:24,644,2.6507502,23420.733333333334
2026/08/01@14:22:25,645,2.65,23424.0
2026/08/01@14:22:26,646,2.687375,23427.266666666666
2026/08/01@14:22:27,647,2.6755002,23430.533333333333
2026/08/01@14:22:28,648,2.68175,23433.8
2026/08/01@14:22:29,649,2.6811252,23437.066666666666
2026/08/01@14:22:30,650,2.66475,23440.333333333332
2026/08/01@14:22:32,652,2.65525,23446.866666666665
2026/08/01@14:22:33,653,2.6595002,23450.133333333335
2026/08/01@14:22:34,654,2.6576252,23453.4
2026/08/01@14:22:35,655,2.654875,23456.666666666668
2026/08/01@14:22:36,656,2.6568752,23459.933333333334
2026/08/01@14:22:37,657,2.6560002,23463.2
2026/08/01@14:22:38,658,2.6545,23466.466666666667
2026/08/01@14:22:39,659,2.653875,23469.733333333334
2026/08/01@14:22:40,660,2.6641252,23473.0
2026/08/01@14:22:41,661,2.6525002,23475.967741935485
2026/08/01@14:22:42,662,2.6488752,23478.935483870966
2026/08/01@14:22:44,664,2.65175,23484.870967741936
2026/08/01@14:22:45,665,2.66225,23487.83870967742
2026/08/01@14:22:46,666,2.664,23490.8064516129
2026/08/01@14:22:47,667,2.6590002,23493.774193548386
2026/08/01@14:22:48,668,2.6636252,23496.74193548387
2026/08/01@14:22:49,669,2.6665,23499.709677419356
2026/08/01@14:22:50,670,2.6555002,23502.677419354837
2026/08/01@14:22:51,671,2.6521252,23505.645161290322
2026/08/01@14:22:52,672,2.6458752,23508.612903225807
2026/08/01@14:22:53,673,2.651,23511.58064516129
2026/08/01@14:22:54,674,2.6523752,23514.548387096773
2026/08/01@14:22:56,676,2.6542502,23520.483870967742
2026/08/01@14:22:57,677,2.6506252,23523.451612903227
2026/08/01@14:22:58,678,2.6511252,23526.41935483871
2026/08/01@14:22:59,679,2.6541252,23529.387096774193
2026/08/01@14:23:00,680,2.651,23532.354838709678
2026/08/01@14:23:01,681,2.647375,23535.322580645163
2026/08/01@14:23:02,682,2.6398752,23538.290322580644
2026/08/01@14:23:03,683,2.6471252,23541.25806451613
2026/08/01@14:23:04,684,2.6493752,23544.225806451614
2026/08/01@14:23:05,685,2.6438752,23547.1935483871
2026/08/01@14:23:06,686,2.6488752,23550.16129032258
2026/08/01@14:23:08,688,2.6476252,23556.09677419355
2026/08/01@14:23:09,689,2.6393752,23559.064516129034
2026/08/01@14:23:10,690,2.651875,23562.032258064515
2026/08/01@14:23:11,691,2.6506252,23565.0
2026/08/01@14:23:12,692,2.6590002,23568.225806451614
2026/08/01@14:23:13,693,2.654,23571.451612903227
2026/08/01@14:23:14,694,2.6486252,23574.677419354837
2026/08/01@14:23:15,695,2.6541252,23577.90322580645
2026/08/01@14:23:16,696,2.6515002,23581.129032258064
2026/08/01@14:23:17,697,2.65175,23584.354838709678
2026/08/01@14:23:18,698,2.6565,23587.58064516129
2026/08/01@14:23:20,700,2.653875,23594.032258064515
2026/08/01@14:23:21,701,2.6495002,23597.25806451613
2026/08/01@14:23:22,702,2.65275,23600.483870967742
2026/08/01@14:23:23,703,2.6507502,23603.709677419356
2026/08/01@14:23:24,704,2.6475,23606.935483870966
2026/08/01@14:23:25,705,2.6520002,23610.16129032258
2026/08/01@14:23:26,706,2.6515002,23613.387096774193
2026/08/01@14:23:27,707,2.647875,23616.612903225807
2026/08/01@14:23:28,708,2.6525002,23619.83870967742
2026/08/01@14:23:29,709,2.6535,23623.064516129034
2026/08/01@14:23:30,710,2.651875,23626.290322580644
2026/08/01@14:23:31,711,2.6546252,23629.516129032258
2026/08/01@14:23:33,713,2.6607502,23635.967741935485
2026/08/01@14:23:34,714,2.6627502,23639.1935483871
2026/08/01@14:23:35,715,2.6595002,23642.41935483871
2026/08/01@14:23:36,716,2.6605,23645.645161290322
2026/08/01@14:23:37,717,2.6568752,23648.870967741936
2026/08/01@14:23:38,718,2.6558752,23652.09677419355
2026/08/01@14:23:39,719,2.65925,23655.322580645163
2026/08/01@14:23:40,720,2.659125,23658.548387096773
2026/08/01@14:23:41,721,2.659625,23661.774193548386
2026/08/01@14:23:42,722,2.660375,23665.0
2026/08/01@14:23:43,723,2.6535,23668.566666666666
2026/08/01@14:23:45,725,2.646625,23675.7
2026/08/01@14:23:46,726,2.647,23679.266666666666
2026/08/01@14:23:47,727,2.646125,23682.833333333332
2026/08/01@14:23:48,728,2.646625,23686.4
2026/08/01@14:23:49,729,2.644,23689.966666666667
2026/08/01@14:23:50,730,2.6503752,23693.533333333333
2026/08/01@14:23:51,731,2.6498752,23697.1
2026/08/01@14:23:52,732,2.6468752,23700.666666666668
2026/08/01@14:23:53,733,2.6467502,23704.233333333334
2026/08/01@14:23:54,734,2.6481252,23707.8
2026/08/01@14:23:55,735,2.646125,23711.366666666665
2026/08/01@14:23:57,737,2.6460002,23718.5
2026/08/01@14:23:58,738,2.649125,23722.066666666666
2026/08/01@14:23:59,739,2.6446252,23725.633333333335
2026/08/01@14:24:00,740,2.6338752,23729.2
2026/08/01@14:24:01,741,2.670875,23732.766666666666
2026/08/01@14:24:02,742,2.66175,23736.333333333332
2026/08/01@14:24:03,743,2.6495002,23739.9
2026/08/01@14:24:04,744,2.649125,23743.466666666667
2026/08/01@14:24:05,745,2.65275,23747.033333333333
2026/08/01@14:24:06,746,2.6660002,23750.6
2026/08/01@14:24:07,747,2.6620002,23754.166666666668
2026/08/01@14:24:09,749,2.6792502,23761.3
2026/08/01@14:24:10,750,2.6595002,23764.866666666665
2026/08/01@14:24:11,751,2.6932502,23768.433333333334
2026/08/01@14:24:12,752,2.7023752,23772.0
2026/08/01@14:24:13,753,2.7132502,23775.322580645163
2026/08/01@14:24:14,754,2.6781252,23778.645161290322
2026/08/01@14:24:15,755,2.712125,23781.967741935485
2026/08/01@14:24:16,756,2.6898752,23785.290322580644
2026/08/01@14:24:17,757,2.74375,23788.612903225807
2026/08/01@14:24:18,758,2.75125,23791.935483870966
2026/08/01@14:24:19,759,2.759,23795.25806451613
2026/08/01@14:24:21,761,2.7595,23801.90322580645
2026/08/01@14:24:22,762,2.7531252,23805.225806451614
2026/08/01@14:24:23,763,2.7475002,23808.548387096773
2026/08/01@14:24:24,764,2.7431252,23811.870967741936
2026/08/01@14:24:25,765,2.7366252,23815.1935483871
2026/08/01@14:24:26,766,2.736875,23818.516129032258
2026/08/01@14:24:27,767,2.740375,23821.83870967742
2026/08/01@14:24:28,768,2.7613752,23825.16129032258
2026/08/01@14:24:29,769,2.7591252,23828.483870967742
2026/08/01@14:24:30,770,2.7771252,23831.8064516129
2026/08/01@14:24:31,771,2.7838752,23835.129032258064
2026/08/01@14:24:33,773,2.7857502,23841.774193548386
2026/08/01@14:24:34,774,2.7891252,23845.09677419355
2026/08/01@14:24:35,775,2.7873752,23848.41935483871
2026/08/01@14:24:36,776,2.7870002,23851.74193548387
2026/08/01@14:24:37,777,2.7868752,23855.064516129034
2026/08/01@14:24:38,778,2.7886252,23858.387096774193
2026/08/01@14:24:39,779,2.7840002,23861.709677419356
2026/08/01@14:24:40,780,2.784625,23865.032258064515
2026/08/01@14:24:41,781,2.7840002,23868.354838709678
2026/08/01@14:24:42,782,2.7822502,23871.677419354837
2026/08/01@14:24:43,783,2.7815,23875.0
2026/08/01@14:24:45,785,2.7835002,23881.6
2026/08/01@14:24:46,786,2.7821252,23884.9
2026/08/01@14:24:47,787,2.7791252,23888.2
2026/08/01@14:24:48,788,2.7752502,23891.5
2026/08/01@14:24:49,789,2.6762502,23894.8
2026/08/01@14:24:50,790,2.7835002,23898.1
2026/08/01@14:24:51,791,2.776875,23901.4
2026/08/01@14:24:52,792,2.6697502,23904.7
2026/08/01@14:24:53,793,2.688625,23908.0
2026/08/01@14:24:54,794,2.7848752,23911.3
2026/08/01@14:24:55,795,2.770375,23914.6
2026/08/01@14:24:57,797,2.759,23921.2
2026/08/01@14:24:58,798,2.726875,23924.5
2026/08/01@14:24:59,799,2.7840002,23927.8
2026/08/01@14:25:00,800,2.786375,23931.1
2026/08/01@14:25:01,801,2.7866252,23934.4
2026/08/01@14:25:02,802,2.780625,23937.7
2026/08/01@14:25:03,803,2.77975,23941.0
2026/08/01@14:25:04,804,2.7805002,23944.3
2026/08/01@14:25:05,805,2.7770002,23947.6
2026/08/01@14:25:06,806,2.776,23950.9
2026/08/01@14:25:07,807,2.775125,23954.2
2026/08/01@14:25:09,809,2.7765002,23960.8
2026/08/01@14:25:10,810,2.77425,23964.1
2026/08/01@14:25:11,811,2.7020002,23967.4
2026/08/01@14:25:12,812,2.6741252,23970.7
2026/08/01@14:25:13,813,2.6790002,23974.0
2026/08/01@14:25:14,814,2.674875,23977.451612903227
2026/08/01@14:25:15,815,2.7647502,23980.90322580645
2026/08/01@14:25:16,816,2.6785002,23984.354838709678
2026/08/01@14:25:17,817,2.673125,23987.8064516129
2026/08/01@14:25:18,818,2.6788752,23991.25806451613
2026/08/01@14:25:19,819,2.7631252,23994.709677419356
2026/08/01@14:25:21,821,2.782875,24001.612903225807
2026/08/01@14:25:22,822,2.771125,24005.064516129034
2026/08/01@14:25:23,823,2.66125,24008.516129032258
2026/08/01@14:25:24,824,2.6668752,24011.967741935485
2026/08/01@14:25:25,825,2.708125,24015.41935483871
2026/08/01@14:25:26,826,2.77025,24018.870967741936
2026/08/01@14:25:27,827,2.6581252,24022.322580645163
2026/08/01@14:25:28,828,2.663875,24025.774193548386
2026/08/01@14:25:29,829,2.6645002,24029.225806451614
2026/08/01@14:25:30,830,2.66,24032.677419354837
2026/08/01@14:25:31,831,2.78425,24036.129032258064
2026/08/01@14:25:33,833,2.7671252,24043.032258064515
2026/08/01@14:25:34,834,2.772375,24046.483870967742
2026/08/01@14:25:35,835,2.7622502,24049.935483870966
2026/08/01@14:25:36,836,2.785,24053.387096774193
2026/08/01@14:25:37,837,2.770375,24056.83870967742
2026/08/01@14:25:38,838,2.7710002,24060.290322580644
2026/08/01@14:25:39,839,2.779875,24063.74193548387
2026/08/01@14:25:40,840,2.7722502,24067.1935483871
2026/08/01@14:25:41,841,2.7735002,24070.645161290322
2026/08/01@14:25:42,842,2.7665002,24074.09677419355
2026/08/01@14:25:43,843,2.7782502,24077.548387096773
2026/08/01@14:25:45,845,2.7736252,24084.322580645163
2026/08/01@14:25:46,846,2.7708752,24087.645161290322
2026/08/01@14:25:47,847,2.7753752,24090.967741935485
2026/08/01@14:25:48,848,2.77425,24094.290322580644
2026/08/01@14:25:49,849,2.77425,24097.612903225807
2026/08/01@14:25:50,850,2.7736252,24100.935483870966
2026/08/01@14:25:51,851,2.7752502,24104.25806451613
2026/08/01@14:25:52,852,2.772875,24107.58064516129
2026/08/01@14:25:53,853,2.77375,24110.90322580645
2026/08/01@14:25:54,854,2.776,24114.225806451614
2026/08/01@14:25:55,855,2.7680002,24117.548387096773
2026/08/01@14:25:57,857,2.7695,24124.1935483871
2026/08/01@14:25:58,858,2.7675002,24127.516129032258
2026/08/01@14:25:59,859,2.7748752,24130.83870967742
2026/08/01@14:26:00,860,2.7822502,24134.16129032258
2026/08/01@14:26:01,861,2.7800002,24137.483870967742
2026/08/01@14:26:02,862,2.7747502,24140.8064516129
2026/08/01@14:26:03,863,2.7692502,24144.129032258064
2026/08/01@14:26:04,864,2.7680002,24147.451612903227
2026/08/01@14:26:05,865,2.7685,24150.774193548386
2026/08/01@14:26:06,866,2.769,24154.09677419355
2026/08/01@14:26:07,867,2.77425,24157.41935483871
2026/08/01@14:26:09,869,2.7757502,24164.064516129034
2026/08/01@14:26:10,870,2.776,24167.387096774193
2026/08/01@14:26:11,871,2.7718752,24170.709677419356
2026/08/01@14:26:12,872,2.7730002,24174.032258064515
2026/08/01@14:26:13,873,2.7725,24177.354838709678
2026/08/01@14:26:14,874,2.7682502,24180.677419354837
2026/08/01@14:26:15,875,2.7708752,24184.0
2026/08/01@14:26:16,876,2.7680002,24187.266666666666
2026/08/01@14:26:17,877,2.7713752,24190.533333333333
2026/08/01@14:26:18,878,2.727375,24193.8
2026/08/01@14:26:19,879,2.7762502,24197.066666666666
2026/08/01@14:26:21,881,2.762125,24203.6
2026/08/01@14:26:22,882,2.7710002,24206.866666666665
2026/08/01@14:26:23,883,2.771125,24210.133333333335
2026/08/01@14:26:24,884,2.770625,24213.4
2026/08/01@14:26:25,885,2.7705002,24216.666666666668
2026/08/01@14:26:26,886,2.7687502,24219.933333333334
2026/08/01@14:26:27,887,2.768125,24223.2
2026/08/01@14:26:28,888,2.768625,24226.466666666667
2026/08/01@14:26:29,889,2.7683752,24229.733333333334
2026/08/01@14:26:30,890,2.7671252,24233.0
2026/08/01@14:26:31,891,2.7671252,24236.266666666666
2026/08/01@14:26:33,893,2.769,24242.8
2026/08/01@14:26:34,894,2.767625,24246.066666666666
2026/08/01@14:26:35,895,2.767625,24249.333333333332
2026/08/01@14:26:36,896,2.766875,24252.6
2026/08/01@14:26:37,897,2.7666252,24255.866666666665
2026/08/01@14:26:38,898,2.7656252,24259.133333333335
2026/08/01@14:26:39,899,2.7687502,24262.4
2026/08/01@14:26:40,900,2.7657502,24265.666666666668
2026/08/01@14:26:41,901,2.7680002,24268.933333333334
2026/08/01@14:26:42,902,2.7670002,24272.2
2026/08/01@14:26:43,903,2.768125,24275.466666666667
2026/08/01@14:26:45,905,2.768625,24282.0
2026/08/01@14:26:46,906,2.76725,24285.064516129034
2026/08/01@14:26:47,907,2.7652502,24288.129032258064
2026/08/01@14:26:48,908,2.766375,24291.1935483871
2026/08/01@14:26:49,909,2.7652502,24294.25806451613
2026/08/01@14:26:50,910,2.7630002,24297.322580645163
2026/08/01@14:26:51,911,2.7636252,24300.387096774193
2026/08/01@14:26:52,912,2.7640002,24303.451612903227
2026/08/01@14:26:53,913,2.763375,24306.516129032258
2026/08/01@14:26:54,914,2.7643752,24309.58064516129
2026/08/01@14:26:55,915,2.7682502,24312.645161290322
2026/08/01@14:26:57,917,2.7685,24318.774193548386
2026/08/01@14:26:58,918,2.767625,24321.83870967742
2026/08/01@14:26:59,919,2.7661252,24324.90322580645
2026/08/01@14:27:00,920,2.765875,24327.967741935485
2026/08/01@14:27:01,921,2.76375,24331.032258064515
2026/08/01@14:27:02,922,2.7647502,24334.09677419355
2026/08/01@14:27:03,923,2.7638752,24337.16129032258
2026/08/01@14:27:04,924,2.7605002,24340.225806451614
2026/08/01@14:27:05,925,2.7592502,24343.290322580644
2026/08/01@14:27:06,926,2.7626252,24346.354838709678
2026/08/01@14:27:07,927,2.7600002,24349.41935483871
2026/08/01@14:27:09,928,2.7631252,24355.548387096773
2026/08/01@14:27:10,930,2.7582502,24358.612903225807
2026/08/01@14:27:11,931,2.7601252,24361.677419354837
2026/08/01@14:27:12,932,2.75675,24364.74193548387
2026/08/01@14:27:13,933,2.7592502,24367.8064516129
2026/08/01@14:27:14,934,2.759375,24370.870967741936
2026/08/01@14:27:15,935,2.6550002,24373.935483870966
2026/08/01@14:27:16,936,2.6553752,24377.0
2026/08/01@14:27:17,937,2.6567502,24380.3
2026/08/01@14:27:18,938,2.6542502,24383.6
2026/08/01@14:27:19,939,2.7580002,24386.9
2026/08/01@14:27:21,941,2.6745002,24393.5
2026/08/01@14:27:22,942,2.6477502,24396.8
2026/08/01@14:27:23,943,2.6485002,24400.1
2026/08/01@14:27:24,944,2.64875,24403.4
2026/08/01@14:27:25,945,2.651,24406.7
2026/08/01@14:27:26,946,2.653125,24410.0
2026/08/01@14:27:27,947,2.6498752,24413.3
2026/08/01@14:27:28,948,2.7582502,24416.6
2026/08/01@14:27:29,949,2.6490002,24419.9
2026/08/01@14:27:30,950,2.6885002,24423.2
2026/08/01@14:27:31,951,2.7327502,24426.5
2026/08/01@14:27:33,953,2.761625,24433.1
2026/08/01@14:27:34,954,2.7445002,24436.4
2026/08/01@14:27:35,955,2.65925,24439.7
2026/08/01@14:27:36,956,2.6650002,24443.0
2026/08/01@14:27:37,957,2.7638752,24446.3
2026/08/01@14:27:38,958,2.765,24449.6
2026/08/01@14:27:39,959,2.766,24452.9
2026/08/01@14:27:40,960,2.7605002,24456.2
2026/08/01@14:27:41,961,2.770625,24459.5
2026/08/01@14:27:42,962,2.72175,24462.8
2026/08/01@14:27:43,963,2.720875,24466.1
2026/08/01@14:27:45,964,2.6833752,24472.7
2026/08/01@14:27:46,966,2.6651252,24476.0
2026/08/01@14:27:47,967,2.674375,24479.064516129034
2026/08/01@14:27:48,968,2.6633752,24482.129032258064
2026/08/01@14:27:49,969,2.65575,24485.1935483871
2026/08/01@14:27:50,970,2.65475,24488.25806451613
2026/08/01@14:27:51,971,2.6521252,24491.322580645163
2026/08/01@14:27:52,972,2.65275,24494.387096774193
2026/08/01@14:27:53,973,2.6438752,24497.451612903227
2026/08/01@14:27:54,974,2.6467502,24500.516129032258
2026/08/01@14:27:55,975,2.69775,24503.58064516129
2026/08/01@14:27:56,976,2.7406252,24506.645161290322
2026/08/01@14:27:58,978,2.6972502,24512.774193548386
2026/08/01@14:27:59,979,2.64575,24515.83870967742
2026/08/01@14:28:00,980,2.6450002,24518.90322580645
2026/08/01@14:28:01,981,2.6476252,24521.967741935485
2026/08/01@14:28:02,982,2.647,24525.032258064515
2026/08/01@14:28:03,983,2.6512502,24528.09677419355
2026/08/01@14:28:04,984,2.6550002,24531.16129032258
2026/08/01@14:28:05,985,2.6663752,24534.225806451614
2026/08/01@14:28:06,986,2.6620002,24537.290322580644
2026/08/01@14:28:07,987,2.6563752,24540.354838709678
2026/08/01@14:28:08,988,2.6590002,24543.41935483871
2026/08/01@14:28:10,990,2.6576252,24549.548387096773
2026/08/01@14:28:11,991,2.6580002,24552.612903225807
2026/08/01@14:28:12,992,2.6571252,24555.677419354837
2026/08/01@14:28:13,993,2.65875,24558.74193548387
2026/08/01@14:28:14,994,2.6615002,24561.8064516129
2026/08/01@14:28:15,995,2.65875,24564.870967741936
2026/08/01@14:28:16,996,2.6615002,24567.935483870966
2026/08/01@14:28:17,997,2.65925,24571.0
2026/08/01@14:28:18,998,2.660125,24574.066666666666
2026/08/01@14:28:19,999,2.663,24577.133333333335
2026/08/01@14:28:20,1000,2.6635,24580.2
2026/08/01@14:28:22,1002,2.770625,24586.333333333332
2026/08/01@14:28:23,1003,2.7515002,24589.4
2026/08/01@14:28:24,1004,2.7545002,24592.466666666667
2026/08/01@14:28:25,1005,2.64825,24595.533333333333
2026/08/01@14:28:26,1006,2.6495002,24598.6
2026/08/01@14:28:27,1007,2.666625,24601.666666666668
2026/08/01@14:28:28,1008,2.667875,24604.733333333334
2026/08/01@14:28:29,1009,2.7717502,24607.8
2026/08/01@14:28:30,1010,2.755875,24610.866666666665
2026/08/01@14:28:31,1011,2.73775,24613.933333333334
2026/08/01@14:28:32,1012,2.664,24617.0
2026/08/01@14:28:34,1014,2.6697502,24623.133333333335
2026/08/01@14:28:35,1015,2.6623752,24626.2
2026/08/01@14:28:36,1016,2.683125,24629.266666666666
2026/08/01@14:28:37,1017,2.6537502,24632.333333333332
2026/08/01@14:28:38,1018,2.7710002,24635.4
2026/08/01@14:28:39,1019,2.728625,24638.466666666667
2026/08/01@14:28:40,1020,2.6751252,24641.533333333333
2026/08/01@14:28:41,1021,2.68225,24644.6
2026/08/01@14:28:42,1022,2.718625,24647.666666666668
2026/08/01@14:28:43,1023,2.663875,24650.733333333334
2026/08/01@14:28:44,1024,2.6568752,24653.8
2026/08/01@14:28:46,1026,2.63525,24659.933333333334
2026/08/01@14:28:47,1027,2.6523752,24663.0
2026/08/01@14:28:48,1028,2.733,24666.16129032258
2026/08/01@14:28:49,1029,2.7566252,24669.322580645163
2026/08/01@14:28:50,1030,2.7452502,24672.483870967742
2026/08/01@14:28:51,1031,2.7131252,24675.645161290322
2026/08/01@14:28:52,1032,2.7170002,24678.8064516129
2026/08/01@14:28:53,1033,2.7392502,24681.967741935485
2026/08/01@14:28:54,1034,2.744625,24685.129032258064
2026/08/01@14:28:55,1035,2.741625,24688.290322580644
2026/08/01@14:28:56,1036,2.733,24691.451612903227
2026/08/01@14:28:58,1038,2.686125,24697.774193548386
2026/08/01@14:28:59,1039,2.6728752,24700.935483870966
2026/08/01@14:29:00,1040,2.67,24704.09677419355
2026/08/01@14:29:01,1041,2.6671252,24707.25806451613
2026/08/01@14:29:02,1042,2.6675,24710.41935483871
2026/08/01@14:29:03,1043,2.6753752,24713.58064516129
2026/08/01@14:29:04,1044,2.6732502,24716.74193548387
2026/08/01@14:29:05,1045,2.673125,24719.90322580645
2026/08/01@14:29:06,1046,2.6866252,24723.064516129034
2026/08/01@14:29:07,1047,2.7062502,24726.225806451614
2026/08/01@14:29:08,1048,2.66825,24729.387096774193
2026/08/01@14:29:10,1050,2.6705,24735.709677419356
2026/08/01@14:29:11,1051,2.7022502,24738.870967741936
2026/08/01@14:29:12,1052,2.6811252,24742.032258064515
2026/08/01@14:29:13,1053,2.6980002,24745.1935483871
2026/08/01@14:29:14,1054,2.7127502,24748.354838709678
2026/08/01@14:29:15,1055,2.675625,24751.516129032258
2026/08/01@14:29:16,1056,2.6802502,24754.677419354837
2026/08/01@14:29:17,1057,2.6807502,24757.83870967742
2026/08/01@14:29:18,1058,2.6750002,24761.0
2026/08/01@14:29:19,1059,2.6736252,24764.064516129034
2026/08/01@14:29:20,1060,2.743375,24767.129032258064
2026/08/01@14:29:22,1062,2.746875,24773.25806451613
2026/08/01@14:29:23,1063,2.786,24776.322580645163
2026/08/01@14:29:24,1064,2.761125,24779.387096774193
2026/08/01@14:29:25,1065,2.7582502,24782.451612903227
2026/08/01@14:29:26,1066,2.74125,24785.516129032258
2026/08/01@14:29:27,1067,2.762,24788.58064516129
2026/08/01@14:29:28,1068,2.761625,24791.645161290322
2026/08/01@14:29:29,1069,2.768125,24794.709677419356
2026/08/01@14:29:30,1070,2.7685,24797.774193548386
2026/08/01@14:29:31,1071,2.771125,24800.83870967742
2026/08/01@14:29:32,1072,2.7745002,24803.90322580645
2026/08/01@14:29:34,1074,2.7595,24810.032258064515
2026/08/01@14:29:35,1075,2.76775,24813.09677419355
2026/08/01@14:29:36,1076,2.7762502,24816.16129032258
2026/08/01@14:29:37,1077,2.778875,24819.225806451614
2026/08/01@14:29:38,1078,2.763375,24822.290322580644
2026/08/01@14:29:39,1079,2.7522502,24825.354838709678
2026/08/01@14:29:40,1080,2.7640002,24828.41935483871
2026/08/01@14:29:41,1081,2.7761252,24831.483870967742
2026/08/01@14:29:42,1082,2.7717502,24834.548387096773
2026/08/01@14:29:43,1083,2.7653752,24837.612903225807
2026/08/01@14:29:44,1084,2.7508752,24840.677419354837
2026/08/01@14:29:46,1086,2.749,24846.8064516129
2026/08/01@14:29:47,1087,2.75375,24849.870967741936
2026/08/01@14:29:48,1088,2.7687502,24852.935483870966
2026/08/01@14:29:49,1089,2.7755,24856.0
2026/08/01@14:29:50,1090,2.7722502,24859.3
2026/08/01@14:29:51,1091,2.7695,24862.6
2026/08/01@14:29:52,1092,2.753375,24865.9
2026/08/01@14:29:53,1093,2.7497502,24869.2
2026/08/01@14:29:54,1094,2.7515002,24872.5
2026/08/01@14:29:55,1095,2.761125,24875.8
2026/08/01@14:29:56,1096,2.7665002,24879.1
2026/08/01@14:29:57,1097,2.7670002,24882.4
2026/08/01@14:29:59,1099,2.7627502,24889.0
2026/08/01@14:30:00,1100,2.761125,24892.3
2026/08/01@14:30:01,1101,2.7617502,24895.6
2026/08/01@14:30:02,1102,2.763375,24898.9
2026/08/01@14:30:03,1103,2.763375,24902.2
2026/08/01@14:30:04,1104,2.7613752,24905.5
2026/08/01@14:30:05,1105,2.7626252,24908.8
2026/08/01@14:30:06,1106,2.754125,24912.1
2026/08/01@14:30:07,1107,2.7571252,24915.4
2026/08/01@14:30:08,1108,2.7688752,24918.7
2026/08/01@14:30:09,1109,2.76725,24922.0
2026/08/01@14:30:11,1111,2.765125,24928.6
2026/08/01@14:30:12,1112,2.758125,24931.9
2026/08/01@14:30:13,1113,2.76125,24935.2
2026/08/01@14:30:14,1114,2.760375,24938.5
2026/08/01@14:30:15,1115,2.7652502,24941.8
2026/08/01@14:30:16,1116,2.777625,24945.1
2026/08/01@14:30:17,1117,2.761625,24948.4
2026/08/01@14:30:18,1118,2.76325,24951.7
2026/08/01@14:30:19,1119,2.759875,24955.0
2026/08/01@14:30:20,1120,2.7675002,24958.1935483871
2026/08/01@14:30:21,1121,2.7666252,24961.387096774193
2026/08/01@14:30:23,1123,2.7682502,24967.774193548386
2026/08/01@14:30:24,1124,2.7717502,24970.967741935485
2026/08/01@14:30:25,1125,2.7540002,24974.16129032258
2026/08/01@14:30:26,1126,2.762125,24977.354838709678
2026/08/01@14:30:27,1127,2.7510002,24980.548387096773
2026/08/01@14:30:28,1128,2.7700002,24983.74193548387
2026/08/01@14:30:29,1129,2.7796252,24986.935483870966
2026/08/01@14:30:30,1130,2.762,24990.129032258064
2026/08/01@14:30:31,1131,2.76375,24993.322580645163
2026/08/01@14:30:32,1132,2.761125,24996.516129032258
2026/08/01@14:30:33,1133,2.772,24999.709677419356
2026/08/01@14:30:35,1135,2.7595,25006.09677419355
2026/08/01@14:30:36,1136,2.7656252,25009.290322580644
2026/08/01@14:30:37,1137,2.7726252,25012.483870967742
2026/08/01@14:30:38,1138,2.76725,25015.677419354837
2026/08/01@14:30:39,1139,2.765125,25018.870967741936
2026/08/01@14:30:40,1140,2.7606252,25022.064516129034
2026/08/01@14:30:41,1141,2.762375,25025.25806451613
2026/08/01@14:30:42,1142,2.7571252,25028.451612903227
2026/08/01@14:30:43,1143,2.7575002,25031.645161290322
2026/08/01@14:30:44,1144,2.75775,25034.83870967742
2026/08/01@14:30:45,1145,2.754625,25038.032258064515
2026/08/01@14:30:47,1147,2.75775,25044.41935483871
2026/08/01@14:30:48,1148,2.753375,25047.612903225807
2026/08/01@14:30:49,1149,2.7548752,25050.8064516129
2026/08/01@14:30:50,1150,2.7588752,25054.0
2026/08/01@14:30:51,1151,2.7627502,25057.3
2026/08/01@14:30:52,1152,2.7627502,25060.6
2026/08/01@14:30:53,1153,2.7595,25063.9
2026/08/01@14:30:54,1154,2.762375,25067.2
2026/08/01@14:30:55,1155,2.7685,25070.5
2026/08/01@14:30:56,1156,2.7715,25073.8
2026/08/01@14:30:57,1157,2.77725,25077.1
2026/08/01@14:30:59,1159,2.762875,25083.7
2026/08/01@14:31:00,1160,2.764625,25087.0
2026/08/01@14:31:01,1161,2.765875,25090.3
2026/08/01@14:31:02,1162,2.7647502,25093.6
2026/08/01@14:31:03,1163,2.7671252,25096.9
2026/08/01@14:31:04,1164,2.761625,25100.2
2026/08/01@14:31:05,1165,2.762875,25103.5
2026/08/01@14:31:06,1166,2.7601252,25106.8
2026/08/01@14:31:07,1167,2.7745002,25110.1
2026/08/01@14:31:08,1168,2.7786252,25113.4
2026/08/01@14:31:09,1169,2.7626252,25116.7
2026/08/01@14:31:11,1170,2.7532502,25123.3
2026/08/01@14:31:12,1172,2.76975,25126.6
2026/08/01@14:31:13,1173,2.7791252,25129.9
2026/08/01@14:31:14,1174,2.7800002,25133.2
2026/08/01@14:31:15,1175,2.7752502,25136.5
2026/08/01@14:31:16,1176,2.77725,25139.8
2026/08/01@14:31:17,1177,2.7761252,25143.1
2026/08/01@14:31:18,1178,2.7808752,25146.4
2026/08/01@14:31:19,1179,2.778875,25149.7
2026/08/01@14:31:20,1180,2.7715,25153.0
2026/08/01@14:31:21,1181,2.7630002,25155.967741935485
2026/08/01@14:31:22,1182,2.75475,25158.935483870966
2026/08/01@14:31:24,1184,2.75775,25164.870967741936
2026/08/01@14:31:25,1185,2.76325,25167.83870967742
2026/08/01@14:31:26,1186,2.7645002,25170.8064516129
2026/08/01@14:31:27,1187,2.75775,25173.774193548386
2026/08/01@14:31:28,1188,2.767625,25176.74193548387
2026/08/01@14:31:29,1189,2.7800002,25179.709677419356
2026/08/01@14:31:30,1190,2.7653752,25182.677419354837
2026/08/01@14:31:31,1191,2.7582502,25185.645161290322
2026/08/01@14:31:32,1192,2.7631252,25188.612903225807
2026/08/01@14:31:33,1193,2.75675,25191.58064516129
2026/08/01@14:31:34,1194,2.7683752,25194.548387096773
2026/08/01@14:31:36,1196,2.77675,25200.483870967742
2026/08/01@14:31:37,1197,2.751625,25203.451612903227
2026/08/01@14:31:38,1198,2.7665002,25206.41935483871
2026/08/01@14:31:39,1199,2.762375,25209.387096774193
2026/08/01@14:31:40,1200,2.7596252,25212.354838709678
2026/08/01@14:31:41,1201,2.762375,25215.322580645163
2026/08/01@14:31:42,1202,2.7675002,25218.290322580644
2026/08/01@14:31:43,1203,2.7740002,25221.25806451613
2026/08/01@14:31:44,1204,2.7762502,25224.225806451614
2026/08/01@14:31:45,1205,2.7727502,25227.1935483871
2026/08/01@14:31:47,1206,2.7647502,25233.129032258064
2026/08/01@14:31:48,1208,2.7588752,25236.09677419355
2026/08/01@14:31:49,1209,2.7627502,25239.064516129034
2026/08/01@14:31:50,1210,2.7640002,25242.032258064515
2026/08/01@14:31:51,1211,2.7645002,25245.0
2026/08/01@14:31:52,1212,2.7638752,25248.16129032258
2026/08/01@14:31:53,1213,2.755875,25251.322580645163
2026/08/01@14:31:54,1214,2.778,25254.483870967742
2026/08/01@14:31:55,1215,2.779,25257.645161290322
2026/08/01@14:31:56,1216,2.7782502,25260.8064516129
2026/08/01@14:31:57,1217,2.7740002,25263.967741935485
2026/08/01@14:31:59,1218,2.769375,25270.290322580644
2026/08/01@14:32:00,1220,2.7717502,25273.451612903227
2026/08/01@14:32:01,1221,2.779875,25276.612903225807
2026/08/01@14:32:02,1222,2.75375,25279.774193548386
2026/08/01@14:32:03,1223,2.761625,25282.935483870966
2026/08/01@14:32:04,1224,2.7608752,25286.09677419355
2026/08/01@14:32:05,1225,2.7610002,25289.25806451613
2026/08/01@14:32:06,1226,2.768125,25292.41935483871
2026/08/01@14:32:07,1227,2.78025,25295.58064516129
2026/08/01@14:32:08,1228,2.7738752,25298.74193548387
2026/08/01@14:32:09,1229,2.7721252,25301.90322580645
2026/08/01@14:32:10,1230,2.772875,25305.064516129034
2026/08/01@14:32:12,1232,2.7771252,25311.387096774193
2026/08/01@14:32:13,1233,2.76075,25314.548387096773
2026/08/01@14:32:14,1234,2.7652502,25317.709677419356
2026/08/01@14:32:15,1235,2.764125,25320.870967741936
2026/08/01@14:32:16,1236,2.770625,25324.032258064515
2026/08/01@14:32:17,1237,2.779875,25327.1935483871
2026/08/01@14:32:18,1238,2.7671252,25330.354838709678
2026/08/01@14:32:19,1239,2.7600002,25333.516129032258
2026/08/01@14:32:20,1240,2.77325,25336.677419354837
2026/08/01@14:32:21,1241,2.7822502,25339.83870967742
2026/08/01@14:32:22,1242,2.7566252,25343.0
2026/08/01@14:32:24,1244,2.762,25349.666666666668
2026/08/01@14:32:25,1245,2.7678752,25353.0
2026/08/01@14:32:26,1246,2.7691252,25356.333333333332
2026/08/01@14:32:27,1247,2.76775,25359.666666666668
2026/08/01@14:32:28,1248,2.7655,25363.0
2026/08/01@14:32:29,1249,2.772,25366.333333333332
2026/08/01@14:32:30,1250,2.7743752,25369.666666666668
2026/08/01@14:32:31,1251,2.7818752,25373.0
2026/08/01@14:32:32,1252,2.7595,25376.333333333332
2026/08/01@14:32:33,1253,2.7721252,25379.666666666668
2026/08/01@14:32:34,1254,2.7687502,25383.0
2026/08/01@14:32:36,1256,2.7680002,25389.666666666668
2026/08/01@14:32:37,1257,2.768625,25393.0
2026/08/01@14:32:38,1258,2.77425,25396.333333333332
2026/08/01@14:32:39,1259,2.7783752,25399.666666666668
2026/08/01@14:32:40,1260,2.772,25403.0
2026/08/01@14:32:41,1261,2.7683752,25406.333333333332
2026/08/01@14:32:42,1262,2.760375,25409.666666666668
2026/08/01@14:32:43,1263,2.765125,25413.0
2026/08/01@14:32:44,1264,2.76075,25416.333333333332
2026/08/01@14:32:45,1265,2.7648752,25419.666666666668
2026/08/01@14:32:46,1266,2.768125,25423.0
2026/08/01@14:32:48,1268,2.772375,25429.666666666668
2026/08/01@14:32:49,1269,2.775875,25433.0
2026/08/01@14:32:50,1270,2.7762502,25436.333333333332
2026/08/01@14:32:51,1271,2.779375,25439.666666666668
2026/08/01@14:32:52,1272,2.7692502,25443.0
2026/08/01@14:32:53,1273,2.7617502,25446.225806451614
2026/08/01@14:32:54,1274,2.7766252,25449.451612903227
2026/08/01@14:32:55,1275,2.7800002,25452.677419354837
2026/08/01@14:32:56,1276,2.762125,25455.90322580645
2026/08/01@14:32:57,1277,2.7700002,25459.129032258064
2026/08/01@14:32:58,1278,2.7655,25462.354838709678
2026/08/01@14:33:00,1280,2.764125,25468.8064516129
2026/08/01@14:33:01,1281,2.766,25472.032258064515
2026/08/01@14:33:02,1282,2.764625,25475.25806451613
2026/08/01@14:33:03,1283,2.7626252,25478.483870967742
2026/08/01@14:33:04,1284,2.7655,25481.709677419356
2026/08/01@14:33:05,1285,2.772875,25484.935483870966
2026/08/01@14:33:06,1286,2.773375,25488.16129032258
2026/08/01@14:33:07,1287,2.764625,25491.387096774193
2026/08/01@14:33:08,1288,2.7838752,25494.612903225807
2026/08/01@14:33:09,1289,2.7830002,25497.83870967742
2026/08/01@14:33:10,1290,2.77725,25501.064516129034
2026/08/01@14:33:12,1292,2.777625,25507.516129032258
2026/08/01@14:33:13,1293,2.7736252,25510.74193548387
2026/08/01@14:33:14,1294,2.7730002,25513.967741935485
2026/08/01@14:33:15,1295,2.775125,25517.1935483871
2026/08/01@14:33:16,1296,2.78025,25520.41935483871
2026/08/01@14:33:17,1297,2.785875,25523.645161290322
2026/08/01@14:33:18,1298,2.76775,25526.870967741936
2026/08/01@14:33:19,1299,2.7795002,25530.09677419355
2026/08/01@14:33:20,1300,2.7773752,25533.322580645163
2026/08/01@14:33:21,1301,2.7712502,25536.548387096773
2026/08/01@14:33:22,1302,2.76375,25539.774193548386
2026/08/01@14:33:24,1304,2.756375,25546.233333333334
2026/08/01@14:33:25,1305,2.7555,25549.466666666667
2026/08/01@14:33:26,1306,2.7666252,25552.7
2026/08/01@14:33:27,1307,2.7752502,25555.933333333334
2026/08/01@14:33:28,1308,2.770625,25559.166666666668
2026/08/01@14:33:29,1309,2.770375,25562.4
2026/08/01@14:33:30,1310,2.776375,25565.633333333335
2026/08/01@14:33:31,1311,2.7743752,25568.866666666665
2026/08/01@14:33:32,1312,2.7701252,25572.1
2026/08/01@14:33:33,1313,2.7665002,25575.333333333332
2026/08/01@14:33:34,1314,2.7757502,25578.566666666666
2026/08/01@14:33:36,1316,2.788,25585.033333333333
2026/08/01@14:33:37,1317,2.7597502,25588.266666666666
2026/08/01@14:33:38,1318,2.7755,25591.5
2026/08/01@14:33:39,1319,2.7673752,25594.733333333334
2026/08/01@14:33:40,1320,2.765125,25597.966666666667
2026/08/01@14:33:41,1321,2.7800002,25601.2
2026/08/01@14:33:42,1322,2.7903752,25604.433333333334
2026/08/01@14:33:43,1323,2.765125,25607.666666666668
2026/08/01@14:33:44,1324,2.776,25610.9
2026/08/01@14:33:45,1325,2.772875,25614.133333333335
2026/08/01@14:33:46,1326,2.7747502,25617.366666666665
2026/08/01@14:33:48,1328,2.777625,25623.833333333332
2026/08/01@14:33:49,1329,2.7687502,25627.066666666666
2026/08/01@14:33:50,1330,2.782375,25630.3
2026/08/01@14:33:51,1331,2.7903752,25633.533333333333
2026/08/01@14:33:52,1332,2.76125,25636.766666666666
2026/08/01@14:33:53,1333,2.771125,25640.0
2026/08/01@14:33:54,1334,2.764625,25643.354838709678
2026/08/01@14:33:55,1335,2.774625,25646.709677419356
2026/08/01@14:33:56,1336,2.76725,25650.064516129034
2026/08/01@14:33:57,1337,2.7708752,25653.41935483871
2026/08/01@14:33:58,1338,2.7883752,25656.774193548386
2026/08/01@14:34:00,1340,2.7738752,25663.483870967742
2026/08/01@14:34:01,1341,2.7696252,25666.83870967742
2026/08/01@14:34:02,1342,2.770375,25670.1935483871
2026/08/01@14:34:03,1343,2.7752502,25673.548387096773
2026/08/01@14:34:04,1344,2.785875,25676.90322580645
2026/08/01@14:34:05,1345,2.776875,25680.25806451613
2026/08/01@14:34:06,1346,2.7745002,25683.612903225807
2026/08/01@14:34:07,1347,2.778,25686.967741935485
2026/08/01@14:34:08,1348,2.78375,25690.322580645163
2026/08/01@14:34:09,1349,2.7688752,25693.677419354837
2026/08/01@14:34:10,1350,2.765125,25697.032258064515
2026/08/01@14:34:12,1352,2.7680002,25703.74193548387
2026/08/01@14:34:13,1353,2.769875,25707.09677419355
2026/08/01@14:34:14,1354,2.7826252,25710.451612903227
2026/08/01@14:34:15,1355,2.7786252,25713.8064516129
2026/08/01@14:34:16,1356,2.7718752,25717.16129032258
2026/08/01@14:34:17,1357,2.772375,25720.516129032258
2026/08/01@14:34:18,1358,2.7736252,25723.870967741936
2026/08/01@14:34:19,1359,2.7821252,25727.225806451614
2026/08/01@14:34:20,1360,2.789875,25730.58064516129
2026/08/01@14:34:21,1361,2.765125,25733.935483870966
2026/08/01@14:34:22,1362,2.76975,25737.290322580644
2026/08/01@14:34:23,1363,2.7773752,25740.645161290322
2026/08/01@14:34:25,1365,2.795,25747.290322580644
2026/08/01@14:34:26,1366,2.7718752,25750.58064516129
2026/08/01@14:34:27,1367,2.7801252,25753.870967741936
2026/08/01@14:34:28,1368,2.778,25757.16129032258
2026/08/01@14:34:29,1369,2.7765002,25760.451612903227
2026/08/01@14:34:30,1370,2.7791252,25763.74193548387
2026/08/01@14:34:31,1371,2.7786252,25767.032258064515
2026/08/01@14:34:32,1372,2.779,25770.322580645163
2026/08/01@14:34:33,1373,2.77425,25773.612903225807
2026/08/01@14:34:34,1374,2.772875,25776.90322580645
2026/08/01@14:34:35,1375,2.77025,25780.1935483871
2026/08/01@14:34:37,1377,2.7691252,25786.774193548386
2026/08/01@14:34:38,1378,2.7753752,25790.064516129034
2026/08/01@14:34:39,1379,2.7803752,25793.354838709678
2026/08/01@14:34:40,1380,2.779375,25796.645161290322
2026/08/01@14:34:41,1381,2.77675,25799.935483870966
2026/08/01@14:34:42,1382,2.7747502,25803.225806451614
2026/08/01@14:34:43,1383,2.776875,25806.516129032258
2026/08/01@14:34:44,1384,2.778,25809.8064516129
2026/08/01@14:34:45,1385,2.7783752,25813.09677419355
2026/08/01@14:34:46,1386,2.7803752,25816.387096774193
2026/08/01@14:34:47,1387,2.7770002,25819.677419354837
2026/08/01@14:34:49,1389,2.77425,25826.25806451613
2026/08/01@14:34:50,1390,2.784125,25829.548387096773
2026/08/01@14:34:51,1391,2.785875,25832.83870967742
2026/08/01@14:34:52,1392,2.78325,25836.129032258064
2026/08/01@14:34:53,1393,2.7721252,25839.41935483871
2026/08/01@14:34:54,1394,2.792875,25842.709677419356
2026/08/01@14:34:55,1395,2.78325,25846.0
2026/08/01@14:34:56,1396,2.7773752,25849.266666666666
2026/08/01@14:34:57,1397,2.7791252,25852.533333333333
2026/08/01@14:34:58,1398,2.7787502,25855.8
2026/08/01@14:34:59,1399,2.7796252,25859.066666666666
2026/08/01@14:35:01,1401,2.7796252,25865.6
2026/08/01@14:35:02,1402,2.7848752,25868.866666666665
2026/08/01@14:35:03,1403,2.7861252,25872.133333333335
2026/08/01@14:35:04,1404,2.784125,25875.4
2026/08/01@14:35:05,1405,2.7815,25878.666666666668
2026/08/01@14:35:06,1406,2.780625,25881.933333333334
2026/08/01@14:35:07,1407,2.7831252,25885.2
2026/08/01@14:35:08,1408,2.781125,25888.466666666667
2026/08/01@14:35:09,1409,2.7825,25891.733333333334
2026/08/01@14:35:10,1410,2.779875,25895.0
2026/08/01@14:35:11,1411,2.7752502,25898.266666666666
2026/08/01@14:35:13,1413,2.7825,25904.8
2026/08/01@14:35:14,1414,2.7940002,25908.066666666666
2026/08/01@14:35:15,1415,2.779875,25911.333333333332
2026/08/01@14:35:16,1416,2.7856252,25914.6
2026/08/01@14:35:17,1417,2.7821252,25917.866666666665
2026/08/01@14:35:18,1418,2.778,25921.133333333335
2026/08/01@14:35:19,1419,2.7786252,25924.4
2026/08/01@14:35:20,1420,2.78625,25927.666666666668
2026/08/01@14:35:21,1421,2.7960002,25930.933333333334
2026/08/01@14:35:22,1422,2.7747502,25934.2
2026/08/01@14:35:23,1423,2.785375,25937.466666666667
2026/08/01@14:35:25,1425,2.784125,25944.0
2026/08/01@14:35:26,1426,2.7840002,25947.129032258064
2026/08/01@14:35:27,1427,2.7692502,25950.25806451613
2026/08/01@14:35:28,1428,2.7970002,25953.387096774193
2026/08/01@14:35:29,1429,2.7845002,25956.516129032258
2026/08/01@14:35:30,1430,2.7825,25959.645161290322
2026/08/01@14:35:31,1431,2.783375,25962.774193548386
2026/08/01@14:35:32,1432,2.7835002,25965.90322580645
2026/08/01@14:35:33,1433,2.7812502,25969.032258064515
2026/08/01@14:35:34,1434,2.7762502,25972.16129032258
2026/08/01@14:35:35,1435,2.782875,25975.290322580644
2026/08/01@14:35:37,1437,2.785875,25981.548387096773
2026/08/01@14:35:38,1438,2.784625,25984.677419354837
2026/08/01@14:35:39,1439,2.7762502,25987.8064516129
2026/08/01@14:35:40,1440,2.78625,25990.935483870966
2026/08/01@14:35:41,1441,2.7843752,25994.064516129034
2026/08/01@14:35:42,1442,2.7825,25997.1935483871
2026/08/01@14:35:43,1443,2.783375,26000.322580645163
2026/08/01@14:35:44,1444,2.7756252,26003.451612903227
2026/08/01@14:35:45,1445,2.8001252,26006.58064516129
2026/08/01@14:35:46,1446,2.796375,26009.709677419356
2026/08/01@14:35:47,1447,2.795,26012.83870967742
2026/08/01@14:35:49,1449,2.7948752,26019.09677419355
2026/08/01@14:35:50,1450,2.7991252,26022.225806451614
2026/08/01@14:35:51,1451,2.777625,26025.354838709678
2026/08/01@14:35:52,1452,2.7868752,26028.483870967742
2026/08/01@14:35:53,1453,2.782,26031.612903225807
2026/08/01@14:35:54,1454,2.7803752,26034.74193548387
2026/08/01@14:35:55,1455,2.782875,26037.870967741936
2026/08/01@14:35:56,1456,2.7870002,26041.0
2026/08/01@14:35:57,1457,2.78625,26044.433333333334
2026/08/01@14:35:58,1458,2.7796252,26047.866666666665
2026/08/01@14:35:59,1459,2.77675,26051.3
2026/08/01@14:36:01,1461,2.788875,26058.166666666668
2026/08/01@14:36:02,1462,2.78425,26061.6
2026/08/01@14:36:03,1463,2.7805002,26065.033333333333
2026/08/01@14:36:04,1464,2.7838752,26068.466666666667
2026/08/01@14:36:05,1465,2.7878752,26071.9
2026/08/01@14:36:06,1466,2.792,26075.333333333332
2026/08/01@14:36:07,1467,2.795375,26078.766666666666
2026/08/01@14:36:08,1468,2.7978752,26082.2
2026/08/01@14:36:09,1469,2.7957502,26085.633333333335
2026/08/01@14:36:10,1470,2.793625,26089.066666666666
2026/08/01@14:36:11,1471,2.7948752,26092.5
2026/08/01@14:36:13,1473,2.7977502,26099.366666666665
2026/08/01@14:36:14,1474,2.79975,26102.8
2026/08/01@14:36:15,1475,2.80025,26106.233333333334
2026/08/01@14:36:16,1476,2.7986252,26109.666666666668
2026/08/01@14:36:17,1477,2.7983752,26113.1
2026/08/01@14:36:18,1478,2.8005002,26116.533333333333
2026/08/01@14:36:19,1479,2.8021252,26119.966666666667
2026/08/01@14:36:20,1480,2.782375,26123.4
2026/08/01@14:36:21,1481,2.791125,26126.833333333332
2026/08/01@14:36:22,1482,2.787125,26130.266666666666
2026/08/01@14:36:23,1483,2.7822502,26133.7
2026/08/01@14:36:25,1485,2.784625,26140.566666666666
2026/08/01@14:36:26,1486,2.7913752,26144.0
2026/08/01@14:36:27,1487,2.798875,26147.0
2026/08/01@14:36:28,1488,2.8015,26150.0
2026/08/01@14:36:29,1489,2.8017502,26153.0
2026/08/01@14:36:30,1490,2.8001252,26156.0
2026/08/01@14:36:31,1491,2.79725,26159.0
2026/08/01@14:36:32,1492,2.7917502,26162.0
2026/08/01@14:36:33,1493,2.7873752,26165.0
2026/08/01@14:36:34,1494,2.784625,26168.0
2026/08/01@14:36:35,1495,2.7882502,26171.0
2026/08/01@14:36:37,1497,2.7927502,26177.0
2026/08/01@14:36:38,1498,2.791625,26180.0
2026/08/01@14:36:39,1499,2.8016252,26183.0
2026/08/01@14:36:40,1500,2.80075,26186.0
2026/08/01@14:36:41,1501,2.8045,26189.0
2026/08/01@14:36:42,1502,2.7878752,26192.0
2026/08/01@14:36:43,1503,2.786375,26195.0
2026/08/01@14:36:44,1504,2.7905002,26198.0
2026/08/01@14:36:45,1505,2.79025,26201.0
2026/08/01@14:36:46,1506,2.7887502,26204.0
2026/08/01@14:36:47,1507,2.80625,26207.0
2026/08/01@14:36:49,1509,2.8008752,26213.0
2026/08/01@14:36:50,1510,2.799875,26216.0
2026/08/01@14:36:51,1511,2.802,26219.0
2026/08/01@14:36:52,1512,2.8065002,26222.0
2026/08/01@14:36:53,1513,2.808,26225.0
2026/08/01@14:36:54,1514,2.8066252,26228.0
2026/08/01@14:36:55,1515,2.8012502,26231.0
2026/08/01@14:36:56,1516,2.802,26234.0
2026/08/01@14:36:57,1517,2.7722502,26237.0
2026/08/01@14:36:58,1518,2.7891252,26239.935483870966
2026/08/01@14:36:59,1519,2.7866252,26242.870967741936
2026/08/01@14:37:01,1521,2.8008752,26248.74193548387
2026/08/01@14:37:02,1522,2.792375,26251.677419354837
2026/08/01@14:37:03,1523,2.7830002,26254.612903225807
2026/08/01@14:37:04,1524,2.7896252,26257.548387096773
2026/08/01@14:37:05,1525,2.8025002,26260.483870967742
2026/08/01@14:37:06,1526,2.781625,26263.41935483871
2026/08/01@14:37:07,1527,2.789875,26266.354838709678
2026/08/01@14:37:08,1528,2.7831252,26269.290322580644
2026/08/01@14:37:09,1529,2.7786252,26272.225806451614
2026/08/01@14:37:10,1530,2.7796252,26275.16129032258
2026/08/01@14:37:11,1531,2.7866252,26278.09677419355
2026/08/01@14:37:13,1533,2.7903752,26283.967741935485
2026/08/01@14:37:14,1534,2.78675,26286.90322580645
2026/08/01@14:37:15,1535,2.7900002,26289.83870967742
2026/08/01@14:37:16,1536,2.798,26292.774193548386
2026/08/01@14:37:17,1537,2.8048752,26295.709677419356
2026/08/01@14:37:18,1538,2.8082502,26298.645161290322
2026/08/01@14:37:19,1539,2.80725,26301.58064516129
2026/08/01@14:37:20,1540,2.804125,26304.516129032258
2026/08/01@14:37:21,1541,2.8061252,26307.451612903227
2026/08/01@14:37:22,1542,2.7821252,26310.387096774193
2026/08/01@14:37:23,1543,2.789375,26313.322580645163
2026/08/01@14:37:25,1545,2.7925,26319.1935483871
2026/08/01@14:37:26,1546,2.8031252,26322.129032258064
2026/08/01@14:37:27,1547,2.792,26325.064516129034
2026/08/01@14:37:28,1548,2.787125,26328.0
2026/08/01@14:37:29,1549,2.782375,26330.966666666667
2026/08/01@14:37:30,1550,2.78425,26333.933333333334
2026/08/01@14:37:31,1551,2.78675,26336.9
2026/08/01@14:37:32,1552,2.7883752,26339.866666666665
2026/08/01@14:37:33,1553,2.7891252,26342.833333333332
2026/08/01@14:37:34,1554,2.789,26345.8
2026/08/01@14:37:35,1555,2.787625,26348.766666666666
2026/08/01@14:37:37,1556,2.7870002,26354.7
2026/08/01@14:37:38,1558,2.7970002,26357.666666666668
2026/08/01@14:37:39,1559,2.80625,26360.633333333335
2026/08/01@14:37:40,1560,2.8115,26363.6
2026/08/01@14:37:41,1561,2.8121252,26366.566666666666
2026/08/01@14:37:42,1562,2.8096252,26369.533333333333
2026/08/01@14:37:43,1563,2.804625,26372.5
2026/08/01@14:37:44,1564,2.8026252,26375.466666666667
2026/08/01@14:37:45,1565,2.807125,26378.433333333334
2026/08/01@14:37:46,1566,2.8115,26381.4
2026/08/01@14:37:47,1567,2.7926252,26384.366666666665
2026/08/01@14:37:49,1568,2.7947502,26390.3
2026/08/01@14:37:50,1570,2.7852502,26393.266666666666
2026/08/01@14:37:51,1571,2.7782502,26396.233333333334
2026/08/01@14:37:52,1572,2.8121252,26399.2
2026/08/01@14:37:53,1573,2.8052502,26402.166666666668
2026/08/01@14:37:54,1574,2.7960002,26405.133333333335
2026/08/01@14:37:55,1575,2.788,26408.1
2026/08/01@14:37:56,1576,2.785,26411.066666666666
2026/08/01@14:37:57,1577,2.789375,26414.033333333333
2026/08/01@14:37:58,1578,2.797125,26417.0
2026/08/01@14:37:59,1579,2.803625,26419.935483870966
2026/08/01@14:38:01,1580,2.8096252,26425.8064516129
2026/08/01@14:38:02,1582,2.795875,26428.74193548387
2026/08/01@14:38:03,1583,2.797625,26431.677419354837
2026/08/01@14:38:04,1584,2.793625,26434.612903225807
2026/08/01@14:38:05,1585,2.7961252,26437.548387096773
2026/08/01@14:38:06,1586,2.8026252,26440.483870967742
2026/08/01@14:38:07,1587,2.8122502,26443.41935483871
2026/08/01@14:38:08,1588,2.797125,26446.354838709678
2026/08/01@14:38:09,1589,2.798,26449.290322580644
2026/08/01@14:38:10,1590,2.7921252,26452.225806451614
2026/08/01@14:38:11,1591,2.7905002,26455.16129032258
2026/08/01@14:38:12,1592,2.7970002,26458.09677419355
2026/08/01@14:38:14,1594,2.8003752,26463.967741935485
2026/08/01@14:38:15,1595,2.807625,26466.90322580645
2026/08/01@14:38:16,1596,2.8107502,26469.83870967742
2026/08/01@14:38:17,1597,2.8070002,26472.774193548386
2026/08/01@14:38:18,1598,2.81275,26475.709677419356
2026/08/01@14:38:19,1599,2.8107502,26478.645161290322
2026/08/01@14:38:20,1600,2.802875,26481.58064516129
2026/08/01@14:38:21,1601,2.7943752,26484.516129032258
2026/08/01@14:38:22,1602,2.7891252,26487.451612903227
2026/08/01@14:38:23,1603,2.7945,26490.387096774193
2026/08/01@14:38:24,1604,2.8003752,26493.322580645163
2026/08/01@14:38:26,1606,2.7905002,26499.1935483871
2026/08/01@14:38:27,1607,2.7845002,26502.129032258064
2026/08/01@14:38:28,1608,2.8061252,26505.064516129034
2026/08/01@14:38:29,1609,2.81275,26508.0
2026/08/01@14:38:30,1610,2.81275,26510.966666666667
2026/08/01@14:38:31,1611,2.81375,26513.933333333334
2026/08/01@14:38:32,1612,2.8138752,26516.9
2026/08/01@14:38:33,1613,2.812875,26519.866666666665
2026/08/01@14:38:34,1614,2.80025,26522.833333333332
2026/08/01@14:38:35,1615,2.78425,26525.8
2026/08/01@14:38:36,1616,2.7803752,26528.766666666666
2026/08/01@14:38:38,1618,2.7815,26534.7
2026/08/01@14:38:39,1619,2.7852502,26537.666666666668
2026/08/01@14:38:40,1620,2.8121252,26540.633333333335
2026/08/01@14:38:41,1621,2.8070002,26543.6
2026/08/01@14:38:42,1622,2.8001252,26546.566666666666
2026/08/01@14:38:43,1623,2.79675,26549.533333333333
2026/08/01@14:38:44,1624,2.793375,26552.5
2026/08/01@14:38:45,1625,2.790625,26555.466666666667
2026/08/01@14:38:46,1626,2.789,26558.433333333334
2026/08/01@14:38:47,1627,2.7892502,26561.4
2026/08/01@14:38:48,1628,2.7925,26564.366666666665
2026/08/01@14:38:50,1630,2.792875,26570.3
2026/08/01@14:38:51,1631,2.790625,26573.266666666666
2026/08/01@14:38:52,1632,2.7900002,26576.233333333334
2026/08/01@14:38:53,1633,2.79075,26579.2
2026/08/01@14:38:54,1634,2.79025,26582.166666666668
2026/08/01@14:38:55,1635,2.7887502,26585.133333333335
2026/08/01@14:38:56,1636,2.7931252,26588.1
2026/08/01@14:38:57,1637,2.801,26591.066666666666
2026/08/01@14:38:58,1638,2.80325,26594.033333333333
2026/08/01@14:38:59,1639,2.8038752,26597.0
2026/08/01@14:39:00,1640,2.8033752,26600.064516129034
2026/08/01@14:39:02,1642,2.804125,26606.1935483871
2026/08/01@14:39:03,1643,2.801875,26609.25806451613
2026/08/01@14:39:04,1644,2.79975,26612.322580645163
2026/08/01@14:39:05,1645,2.8008752,26615.387096774193
2026/08/01@14:39:06,1646,2.8048752,26618.451612903227
2026/08/01@14:39:07,1647,2.8095002,26621.516129032258
2026/08/01@14:39:08,1648,2.8122502,26624.58064516129
2026/08/01@14:39:09,1649,2.8117502,26627.645161290322
2026/08/01@14:39:10,1650,2.8113752,26630.709677419356
2026/08/01@14:39:11,1651,2.812,26633.774193548386
2026/08/01@14:39:12,1652,2.8138752,26636.83870967742
2026/08/01@14:39:14,1654,2.8138752,26642.967741935485
2026/08/01@14:39:15,1655,2.814125,26646.032258064515
2026/08/01@14:39:16,1656,2.809375,26649.09677419355
2026/08/01@14:39:17,1657,2.8005002,26652.16129032258
2026/08/01@14:39:18,1658,2.7931252,26655.225806451614
2026/08/01@14:39:19,1659,2.794125,26658.290322580644
2026/08/01@14:39:20,1660,2.7956252,26661.354838709678
2026/08/01@14:39:21,1661,2.797625,26664.41935483871
2026/08/01@14:39:22,1662,2.795375,26667.483870967742
2026/08/01@14:39:23,1663,2.80025,26670.548387096773
2026/08/01@14:39:24,1664,2.8026252,26673.612903225807
2026/08/01@14:39:26,1666,2.811,26679.74193548387
2026/08/01@14:39:27,1667,2.815875,26682.8064516129
2026/08/01@14:39:28,1668,2.7892502,26685.870967741936
2026/08/01@14:39:29,1669,2.7975002,26688.935483870966
2026/08/01@14:39:30,1670,2.7951252,26692.0
2026/08/01@14:39:31,1671,2.7935002,26695.129032258064
2026/08/01@14:39:32,1672,2.7957502,26698.25806451613
2026/08/01@14:39:33,1673,2.7983752,26701.387096774193
2026/08/01@14:39:34,1674,2.7992502,26704.516129032258
2026/08/01@14:39:35,1675,2.794125,26707.645161290322
2026/08/01@14:39:36,1676,2.7886252,26710.774193548386
2026/08/01@14:39:38,1678,2.8031252,26717.032258064515
2026/08/01@14:39:39,1679,2.8142502,26720.16129032258
2026/08/01@14:39:40,1680,2.816375,26723.290322580644
2026/08/01@14:39:41,1681,2.8152502,26726.41935483871
2026/08/01@14:39:42,1682,2.8143752,26729.548387096773
2026/08/01@14:39:43,1683,2.810625,26732.677419354837
2026/08/01@14:39:44,1684,2.8048752,26735.8064516129
2026/08/01@14:39:45,1685,2.799,26738.935483870966
2026/08/01@14:39:46,1686,2.7926252,26742.064516129034
2026/08/01@14:39:47,1687,2.7931252,26745.1935483871
2026/08/01@14:39:48,1688,2.7982502,26748.322580645163
2026/08/01@14:39:50,1690,2.8012502,26754.58064516129
2026/08/01@14:39:51,1691,2.8043752,26757.709677419356
2026/08/01@14:39:52,1692,2.809375,26760.83870967742
2026/08/01@14:39:53,1693,2.812375,26763.967741935485
2026/08/01@14:39:54,1694,2.8135002,26767.09677419355
2026/08/01@14:39:55,1695,2.8133752,26770.225806451614
2026/08/01@14:39:56,1696,2.809,26773.354838709678
2026/08/01@14:39:57,1697,2.802375,26776.483870967742
2026/08/01@14:39:58,1698,2.7951252,26779.612903225807
2026/08/01@14:39:59,1699,2.7987502,26782.74193548387
2026/08/01@14:40:00,1700,2.8015,26785.870967741936
2026/08/01@14:40:02,1702,2.7996252,26792.366666666665
2026/08/01@14:40:03,1703,2.8001252,26795.733333333334
2026/08/01@14:40:04,1704,2.799,26799.1
2026/08/01@14:40:05,1705,2.797625,26802.466666666667
2026/08/01@14:40:06,1706,2.7965002,26805.833333333332
2026/08/01@14:40:07,1707,2.797125,26809.2
2026/08/01@14:40:08,1708,2.7977502,26812.566666666666
2026/08/01@14:40:09,1709,2.7992502,26815.933333333334
2026/08/01@14:40:10,1710,2.802,26819.3
2026/08/01@14:40:11,1711,2.7977502,26822.666666666668
2026/08/01@14:40:12,1712,2.7957502,26826.033333333333
2026/08/01@14:40:14,1714,2.79625,26832.766666666666
2026/08/01@14:40:15,1715,2.7951252,26836.133333333335
2026/08/01@14:40:16,1716,2.7970002,26839.5
2026/08/01@14:40:17,1717,2.798875,26842.866666666665
2026/08/01@14:40:18,1718,2.8038752,26846.233333333334
2026/08/01@14:40:19,1719,2.8061252,26849.6
2026/08/01@14:40:20,1720,2.812875,26852.966666666667
2026/08/01@14:40:21,1721,2.8161252,26856.333333333332
2026/08/01@14:40:22,1722,2.7882502,26859.7
2026/08/01@14:40:23,1723,2.8003752,26863.066666666666
2026/08/01@14:40:24,1724,2.792875,26866.433333333334
2026/08/01@14:40:26,1726,2.8060002,26873.166666666668
2026/08/01@14:40:27,1727,2.8168752,26876.533333333333
2026/08/01@14:40:28,1728,2.8140002,26879.9
2026/08/01@14:40:29,1729,2.8140002,26883.266666666666
2026/08/01@14:40:30,1730,2.814625,26886.633333333335
2026/08/01@14:40:31,1731,2.8165002,26890.0
2026/08/01@14:40:32,1732,2.818,26893.387096774193
2026/08/01@14:40:33,1733,2.785,26896.774193548386
2026/08/01@14:40:34,1734,2.8017502,26900.16129032258
2026/08/01@14:40:35,1735,2.8013752,26903.548387096773
2026/08/01@14:40:36,1736,2.798125,26906.935483870966
2026/08/01@14:40:38,1738,2.7938752,26913.709677419356
2026/08/01@14:40:39,1739,2.7957502,26917.09677419355
2026/08/01@14:40:40,1740,2.7968752,26920.483870967742
2026/08/01@14:40:41,1741,2.7977502,26923.870967741936
2026/08/01@14:40:42,1742,2.80025,26927.25806451613
2026/08/01@14:40:43,1743,2.8045,26930.645161290322
2026/08/01@14:40:44,1744,2.802875,26934.032258064515
2026/08/01@14:40:45,1745,2.7951252,26937.41935483871
2026/08/01@14:40:46,1746,2.7925,26940.8064516129
2026/08/01@14:40:47,1747,2.7912502,26944.1935483871
2026/08/01@14:40:48,1748,2.789,26947.58064516129
2026/08/01@14:40:50,1750,2.7886252,26954.354838709678
2026/08/01@14:40:51,1751,2.789,26957.74193548387
2026/08/01@14:40:52,1752,2.8217502,26961.129032258064
2026/08/01@14:40:53,1753,2.8203752,26964.516129032258
2026/08/01@14:40:54,1754,2.8185,26967.90322580645
2026/08/01@14:40:55,1755,2.8196252,26971.290322580644
2026/08/01@14:40:56,1756,2.79725,26974.677419354837
2026/08/01@14:40:57,1757,2.8026252,26978.064516129034
2026/08/01@14:40:58,1758,2.79725,26981.451612903227
2026/08/01@14:40:59,1759,2.8070002,26984.83870967742
2026/08/01@14:41:00,1760,2.8116252,26988.225806451614
2026/08/01@14:41:02,1762,2.8173752,26995.0
2026/08/01@14:41:03,1763,2.8098752,26998.266666666666
2026/08/01@14:41:04,1764,2.8047502,27001.533333333333
2026/08/01@14:41:05,1765,2.8048752,27004.8
2026/08/01@14:41:06,1766,2.8051252,27008.066666666666
2026/08/01@14:41:07,1767,2.8003752,27011.333333333332
2026/08/01@14:41:08,1768,2.7975002,27014.6
2026/08/01@14:41:09,1769,2.811125,27017.866666666665
2026/08/01@14:41:10,1770,2.8212502,27021.133333333335
2026/08/01@14:41:11,1771,2.793625,27024.4
2026/08/01@14:41:12,1772,2.7985,27027.666666666668
2026/08/01@14:41:14,1774,2.7956252,27034.2
2026/08/01@14:41:15,1775,2.7961252,27037.466666666667
2026/08/01@14:41:16,1776,2.7977502,27040.733333333334
2026/08/01@14:41:17,1777,2.8231252,27044.0
2026/08/01@14:41:18,1778,2.8177502,27047.266666666666
2026/08/01@14:41:19,1779,2.8098752,27050.533333333333
2026/08/01@14:41:20,1780,2.8061252,27053.8
2026/08/01@14:41:21,1781,2.806375,27057.066666666666
2026/08/01@14:41:22,1782,2.8070002,27060.333333333332
2026/08/01@14:41:23,1783,2.8083752,27063.6
2026/08/01@14:41:24,1784,2.8121252,27066.866666666665
2026/08/01@14:41:26,1786,2.818375,27073.4
2026/08/01@14:41:27,1787,2.79625,27076.666666666668
2026/08/01@14:41:28,1788,2.8087502,27079.933333333334
2026/08/01@14:41:29,1789,2.80325,27083.2
2026/08/01@14:41:30,1790,2.8001252,27086.466666666667
2026/08/01@14:41:31,1791,2.7983752,27089.733333333334
2026/08/01@14:41:32,1792,2.8005002,27093.0
2026/08/01@14:41:33,1793,2.8047502,27096.032258064515
2026/08/01@14:41:34,1794,2.8047502,27099.064516129034
2026/08/01@14:41:35,1795,2.790625,27102.09677419355
2026/08/01@14:41:36,1796,2.8130002,27105.129032258064
2026/08/01@14:41:38,1798,2.8191252,27111.1935483871
2026/08/01@14:41:39,1799,2.807125,27114.225806451614
2026/08/01@14:41:40,1800,2.8025002,27117.25806451613
2026/08/01@14:41:41,1801,2.80625,27120.290322580644
2026/08/01@14:41:42,1802,2.8040002,27123.322580645163
2026/08/01@14:41:43,1803,2.799375,27126.354838709678
2026/08/01@14:41:44,1804,2.811,27129.387096774193
2026/08/01@14:41:45,1805,2.82025,27132.41935483871
2026/08/01@14:41:46,1806,2.790625,27135.451612903227
2026/08/01@14:41:47,1807,2.797625,27138.483870967742
2026/08/01@14:41:48,1808,2.8087502,27141.516129032258
2026/08/01@14:41:50,1810,2.805375,27147.58064516129
2026/08/01@14:41:51,1811,2.8017502,27150.612903225807
2026/08/01@14:41:52,1812,2.8047502,27153.645161290322
2026/08/01@14:41:53,1813,2.810625,27156.677419354837
2026/08/01@14:41:54,1814,2.8198752,27159.709677419356
2026/08/01@14:41:55,1815,2.8225002,27162.74193548387
2026/08/01@14:41:56,1816,2.821875,27165.774193548386
2026/08/01@14:41:57,1817,2.821125,27168.8064516129
2026/08/01@14:41:58,1818,2.8138752,27171.83870967742
2026/08/01@14:41:59,1819,2.8073752,27174.870967741936
2026/08/01@14:42:00,1820,2.801,27177.90322580645
2026/08/01@14:42:02,1822,2.8043752,27183.967741935485
2026/08/01@14:42:03,1823,2.8056252,27187.0
2026/08/01@14:42:04,1824,2.8065002,27189.939393939392
2026/08/01@14:42:05,1825,2.8030002,27192.878787878788
2026/08/01@14:42:06,1826,2.80375,27195.81818181818
2026/08/01@14:42:07,1827,2.82325,27198.757575757576
2026/08/01@14:42:08,1828,2.822375,27201.696969696968
2026/08/01@14:42:09,1829,2.8160002,27204.636363636364
2026/08/01@14:42:10,1830,2.8068752,27207.575757575756
2026/08/01@14:42:11,1831,2.802375,27210.515151515152
2026/08/01@14:42:12,1832,2.8043752,27213.454545454544
2026/08/01@14:42:14,1834,2.8077502,27219.333333333332
2026/08/01@14:42:15,1835,2.8073752,27222.272727272728
2026/08/01@14:42:16,1836,2.8073752,27225.21212121212
2026/08/01@14:42:17,1837,2.8056252,27228.151515151516
2026/08/01@14:42:18,1838,2.8055,27231.090909090908
2026/08/01@14:42:19,1839,2.8047502,27234.030303030304
2026/08/01@14:42:20,1840,2.8045,27236.969696969696
2026/08/01@14:42:21,1841,2.8131252,27239.909090909092
2026/08/01@14:42:22,1842,2.8216252,27242.848484848484
2026/08/01@14:42:23,1843,2.802375,27245.78787878788
2026/08/01@14:42:24,1844,2.807125,27248.727272727272
2026/08/01@14:42:26,1846,2.8013752,27254.60606060606
2026/08/01@14:42:27,1847,2.80075,27257.545454545456
2026/08/01@14:42:28,1848,2.80025,27260.484848484848
2026/08/01@14:42:29,1849,2.801875,27263.424242424244
2026/08/01@14:42:30,1850,2.8040002,27266.363636363636
2026/08/01@14:42:31,1851,2.807125,27269.303030303032
2026/08/01@14:42:32,1852,2.8095002,27272.242424242424
2026/08/01@14:42:33,1853,2.8008752,27275.18181818182
2026/08/01@14:42:34,1854,2.801,27278.121212121212
2026/08/01@14:42:35,1855,2.8103752,27281.060606060608
2026/08/01@14:42:36,1856,2.80975,27284.0
2026/08/01@14:42:38,1857,2.8047502,27289.8
2026/08/01@14:42:39,1859,2.8112502,27292.7
2026/08/01@14:42:40,1860,2.8242502,27295.6
2026/08/01@14:42:41,1861,2.8033752,27298.5
2026/08/01@14:42:42,1862,2.8147502,27301.4
2026/08/01@14:42:43,1863,2.8135002,27304.3
2026/08/01@14:42:44,1864,2.8098752,27307.2
2026/08/01@14:42:45,1865,2.80675,27310.1
2026/08/01@14:42:46,1866,2.807125,27313.0
2026/08/01@14:42:47,1867,2.8122502,27315.9
2026/08/01@14:42:48,1868,2.8151252,27318.8
2026/08/01@14:42:49,1869,2.804125,27321.7
2026/08/01@14:42:51,1871,2.825875,27327.5
2026/08/01@14:42:52,1872,2.8190002,27330.4
2026/08/01@14:42:53,1873,2.8168752,27333.3
2026/08/01@14:42:54,1874,2.81675,27336.2
2026/08/01@14:42:55,1875,2.8155,27339.1
2026/08/01@14:42:56,1876,2.811875,27342.0
2026/08/01@14:42:57,1877,2.808,27344.9
2026/08/01@14:42:58,1878,2.805375,27347.8
2026/08/01@14:42:59,1879,2.805375,27350.7
2026/08/01@14:43:00,1880,2.8105002,27353.6
2026/08/01@14:43:02,1881,2.8126252,27359.4
2026/08/01@14:43:03,1883,2.809375,27362.3
2026/08/01@14:43:04,1884,2.808125,27365.2
2026/08/01@14:43:05,1885,2.8073752,27368.1
2026/08/01@14:43:06,1886,2.8083752,27371.0
2026/08/01@14:43:07,1887,2.8177502,27373.90322580645
2026/08/01@14:43:08,1888,2.822,27376.8064516129
2026/08/01@14:43:09,1889,2.80625,27379.709677419356
2026/08/01@14:43:10,1890,2.8107502,27382.612903225807
2026/08/01@14:43:11,1891,2.8083752,27385.516129032258
2026/08/01@14:43:12,1892,2.8198752,27388.41935483871
2026/08/01@14:43:14,1893,2.824875,27394.225806451614
2026/08/01@14:43:15,1895,2.795,27397.129032258064
2026/08/01@14:43:16,1896,2.8112502,27400.032258064515
2026/08/01@14:43:17,1897,2.809,27402.935483870966
2026/08/01@14:43:18,1898,2.818,27405.83870967742
2026/08/01@14:43:19,1899,2.828875,27408.74193548387
2026/08/01@14:43:20,1900,2.7982502,27411.645161290322
2026/08/01@14:43:21,1901,2.810625,27414.548387096773
2026/08/01@14:43:22,1902,2.81625,27417.451612903227
2026/08/01@14:43:23,1903,2.815,27420.354838709678
2026/08/01@14:43:24,1904,2.8131252,27423.25806451613
2026/08/01@14:43:25,1905,2.8077502,27426.16129032258
2026/08/01@14:43:27,1907,2.813625,27431.967741935485
2026/08/01@14:43:28,1908,2.821,27434.870967741936
2026/08/01@14:43:29,1909,2.830125,27437.774193548386
2026/08/01@14:43:30,1910,2.8052502,27440.677419354837
2026/08/01@14:43:31,1911,2.808,27443.58064516129
2026/08/01@14:43:32,1912,2.8012502,27446.483870967742
2026/08/01@14:43:33,1913,2.8190002,27449.387096774193
2026/08/01@14:43:34,1914,2.8033752,27452.290322580644
2026/08/01@14:43:35,1915,2.8152502,27455.1935483871
2026/08/01@14:43:36,1916,2.8170002,27458.09677419355
2026/08/01@14:43:37,1917,2.8131252,27461.0
2026/08/01@14:43:39,1919,2.8112502,27466.4
2026/08/01@14:43:40,1920,2.8105002,27469.1
2026/08/01@14:43:41,1921,2.8156252,27471.8
2026/08/01@14:43:42,1922,2.8083752,27474.5
2026/08/01@14:43:43,1923,2.8315,27477.2
2026/08/01@14:43:44,1924,2.8272502,27479.9
2026/08/01@14:43:45,1925,2.822375,27482.6
2026/08/01@14:43:46,1926,2.8217502,27485.3
2026/08/01@14:43:47,1927,2.8205002,27488.0
2026/08/01@14:43:48,1928,2.8187502,27490.7
2026/08/01@14:43:49,1929,2.8156252,27493.4
2026/08/01@14:43:51,1931,2.8098752,27498.8
2026/08/01@14:43:52,1932,2.814625,27501.5
2026/08/01@14:43:53,1933,2.8160002,27504.2
2026/08/01@14:43:54,1934,2.8161252,27506.9
2026/08/01@14:43:55,1935,2.8175,27509.6
2026/08/01@14:43:56,1936,2.8177502,27512.3
2026/08/01@14:43:57,1937,2.816625,27515.0
2026/08/01@14:43:58,1938,2.8142502,27517.7
2026/08/01@14:43:59,1939,2.81325,27520.4
2026/08/01@14:44:00,1940,2.812375,27523.1
2026/08/01@14:44:01,1941,2.821,27525.8
2026/08/01@14:44:03,1943,2.824625,27531.2
2026/08/01@14:44:04,1944,2.831875,27533.9
2026/08/01@14:44:05,1945,2.816375,27536.6
2026/08/01@14:44:06,1946,2.8116252,27539.3
2026/08/01@14:44:07,1947,2.8147502,27542.0
2026/08/01@14:44:08,1948,2.8215,27545.0
2026/08/01@14:44:09,1949,2.8295002,27548.0
2026/08/01@14:44:10,1950,2.830625,27551.0
2026/08/01@14:44:11,1951,2.7977502,27554.0
2026/08/01@14:44:12,1952,2.8031252,27557.0
2026/08/01@14:44:13,1953,2.8030002,27560.0
2026/08/01@14:44:15,1955,2.8172502,27566.0
2026/08/01@14:44:16,1956,2.8191252,27569.0
2026/08/01@14:44:17,1957,2.818,27572.0
2026/08/01@14:44:18,1958,2.8135002,27575.0
2026/08/01@14:44:19,1959,2.8098752,27578.0
2026/08/01@14:44:20,1960,2.8116252,27581.0
2026/08/01@14:44:21,1961,2.8151252,27584.0
2026/08/01@14:44:22,1962,2.8165002,27587.0
2026/08/01@14:44:23,1963,2.81275,27590.0
2026/08/01@14:44:24,1964,2.81025,27593.0
2026/08/01@14:44:25,1965,2.8175,27596.0
2026/08/01@14:44:27,1967,2.822375,27602.0
2026/08/01@14:44:28,1968,2.8185,27605.0
2026/08/01@14:44:29,1969,2.8121252,27608.0
2026/08/01@14:44:30,1970,2.8112502,27611.0
2026/08/01@14:44:31,1971,2.8156252,27614.0
2026/08/01@14:44:32,1972,2.8217502,27617.0
2026/08/01@14:44:33,1973,2.8207502,27620.0
2026/08/01@14:44:34,1974,2.8198752,27623.0
2026/08/01@14:44:35,1975,2.8140002,27626.0
2026/08/01@14:44:36,1976,2.81275,27629.0
2026/08/01@14:44:37,1977,2.8161252,27632.0
2026/08/01@14:44:39,1979,2.8225002,27638.032258064515
2026/08/01@14:44:40,1980,2.824125,27641.064516129034
2026/08/01@14:44:41,1981,2.819375,27644.09677419355
2026/08/01@14:44:42,1982,2.8216252,27647.129032258064
2026/08/01@14:44:43,1983,2.8216252,27650.16129032258
2026/08/01@14:44:44,1984,2.8238752,27653.1935483871
2026/08/01@14:44:45,1985,2.82375,27656.225806451614
2026/08/01@14:44:46,1986,2.8221252,27659.25806451613
2026/08/01@14:44:47,1987,2.8205002,27662.290322580644
2026/08/01@14:44:48,1988,2.820125,27665.322580645163
2026/08/01@14:44:49,1989,2.822,27668.354838709678
2026/08/01@14:44:51,1991,2.8196252,27674.41935483871
2026/08/01@14:44:52,1992,2.8207502,27677.451612903227
2026/08/01@14:44:53,1993,2.820125,27680.483870967742
2026/08/01@14:44:54,1994,2.822375,27683.516129032258
2026/08/01@14:44:55,1995,2.8212502,27686.548387096773
2026/08/01@14:44:56,1996,2.824625,27689.58064516129
2026/08/01@14:44:57,1997,2.8286252,27692.612903225807
2026/08/01@14:44:58,1998,2.832,27695.645161290322
2026/08/01@14:44:59,1999,2.834875,27698.677419354837
2026/08/01@14:45:00,2000,2.8308752,27701.709677419356
2026/08/01@14:45:01,2001,2.8238752,27704.74193548387
2026/08/01@14:45:03,2003,2.821875,27710.8064516129
2026/08/01@14:45:04,2004,2.8273752,27713.83870967742
2026/08/01@14:45:05,2005,2.8338752,27716.870967741936
2026/08/01@14:45:06,2006,2.8377502,27719.90322580645
2026/08/01@14:45:07,2007,2.824625,27722.935483870966
2026/08/01@14:45:08,2008,2.8207502,27725.967741935485
2026/08/01@14:45:09,2009,2.8260002,27729.0
2026/08/01@14:45:10,2010,2.8382502,27732.466666666667
2026/08/01@14:45:11,2011,2.82025,27735.933333333334
2026/08/01@14:45:12,2012,2.8277502,27739.4
2026/08/01@14:45:13,2013,2.822875,27742.866666666665
2026/08/01@14:45:15,2015,2.82375,27749.8
2026/08/01@14:45:16,2016,2.8313752,27753.266666666666
2026/08/01@14:45:17,2017,2.8398752,27756.733333333334
2026/08/01@14:45:18,2018,2.818375,27760.2
2026/08/01@14:45:19,2019,2.8273752,27763.666666666668
2026/08/01@14:45:20,2020,2.825875,27767.133333333335
2026/08/01@14:45:21,2021,2.8245,27770.6
2026/08/01@14:45:22,2022,2.8255002,27774.066666666666
2026/08/01@14:45:23,2023,2.8107502,27777.533333333333
2026/08/01@14:45:24,2024,2.840125,27781.0
2026/08/01@14:45:25,2025,2.8355002,27784.466666666667
2026/08/01@14:45:27,2027,2.82925,27791.4
2026/08/01@14:45:28,2028,2.8251252,27794.866666666665
2026/08/01@14:45:29,2029,2.8178752,27798.333333333332
2026/08/01@14:45:30,2030,2.822875,27801.8
2026/08/01@14:45:31,2031,2.827625,27805.266666666666
2026/08/01@14:45:32,2032,2.828875,27808.733333333334
2026/08/01@14:45:33,2033,2.8290002,27812.2
2026/08/01@14:45:34,2034,2.8286252,27815.666666666668
2026/08/01@14:45:35,2035,2.82675,27819.133333333335
2026/08/01@14:45:36,2036,2.8263752,27822.6
2026/08/01@14:45:37,2037,2.8240002,27826.066666666666
2026/08/01@14:45:39,2039,2.8251252,27833.0
2026/08/01@14:45:40,2040,2.830625,27836.032258064515
2026/08/01@14:45:41,2041,2.8398752,27839.064516129034
2026/08/01@14:45:42,2042,2.8126252,27842.09677419355
2026/08/01@14:45:43,2043,2.828,27845.129032258064
2026/08/01@14:45:44,2044,2.820625,27848.16129032258
2026/08/01@14:45:45,2045,2.826625,27851.1935483871
2026/08/01@14:45:46,2046,2.830125,27854.225806451614
2026/08/01@14:45:47,2047,2.8335002,27857.25806451613
2026/08/01@14:45:48,2048,2.8361252,27860.290322580644
2026/08/01@14:45:49,2049,2.8337502,27863.322580645163
2026/08/01@14:45:51,2051,2.832375,27869.387096774193
2026/08/01@14:45:52,2052,2.8240002,27872.41935483871
2026/08/01@14:45:53,2053,2.8252502,27875.451612903227
2026/08/01@14:45:54,2054,2.8278752,27878.483870967742
2026/08/01@14:45:55,2055,2.8152502,27881.516129032258
2026/08/01@14:45:56,2056,2.8435002,27884.548387096773
2026/08/01@14:45:57,2057,2.843125,27887.58064516129
2026/08/01@14:45:58,2058,2.8426252,27890.612903225807
2026/08/01@14:45:59,2059,2.8426252,27893.645161290322
2026/08/01@14:46:00,2060,2.828,27896.677419354837
2026/08/01@14:46:01,2061,2.8290002,27899.709677419356
2026/08/01@14:46:03,2062,2.8273752,27905.774193548386
2026/08/01@14:46:04,2064,2.8251252,27908.8064516129
2026/08/01@14:46:05,2065,2.831125,27911.83870967742
2026/08/01@14:46:06,2066,2.828375,27914.870967741936
2026/08/01@14:46:07,2067,2.82625,27917.90322580645
2026/08/01@14:46:08,2068,2.8245,27920.935483870966
2026/08/01@14:46:09,2069,2.8217502,27923.967741935485
2026/08/01@14:46:10,2070,2.8278752,27927.0
2026/08/01@14:46:11,2071,2.831125,27930.4
2026/08/01@14:46:12,2072,2.82575,27933.8
2026/08/01@14:46:13,2073,2.8221252,27937.2
2026/08/01@14:46:14,2074,2.818375,27940.6
2026/08/01@14:46:16,2076,2.8156252,27947.4
2026/08/01@14:46:17,2077,2.8172502,27950.8
2026/08/01@14:46:18,2078,2.8472502,27954.2
2026/08/01@14:46:19,2079,2.844,27957.6
2026/08/01@14:46:20,2080,2.8372502,27961.0
2026/08/01@14:46:21,2081,2.8308752,27964.4
2026/08/01@14:46:22,2082,2.8316252,27967.8
2026/08/01@14:46:23,2083,2.831,27971.2
2026/08/01@14:46:24,2084,2.8303752,27974.6
2026/08/01@14:46:25,2085,2.83575,27978.0
2026/08/01@14:46:26,2086,2.84225,27981.4
2026/08/01@14:46:28,2088,2.825875,27988.2
2026/08/01@14:46:29,2089,2.8325002,27991.6
2026/08/01@14:46:30,2090,2.8313752,27995.0
2026/08/01@14:46:31,2091,2.828875,27998.4
2026/08/01@14:46:32,2092,2.8251252,28001.8
2026/08/01@14:46:33,2093,2.824875,28005.2
2026/08/01@14:46:34,2094,2.8255002,28008.6
2026/08/01@14:46:35,2095,2.8281252,28012.0
2026/08/01@14:46:36,2096,2.833625,28015.4
2026/08/01@14:46:37,2097,2.83625,28018.8
2026/08/01@14:46:38,2098,2.8421252,28022.2
2026/08/01@14:46:40,2100,2.842375,28029.0
2026/08/01@14:46:41,2101,2.822875,28031.83870967742
2026/08/01@14:46:42,2102,2.8351252,28034.677419354837
2026/08/01@14:46:43,2103,2.8321252,28037.516129032258
2026/08/01@14:46:44,2104,2.8305002,28040.354838709678
2026/08/01@14:46:45,2105,2.8305002,28043.1935483871
2026/08/01@14:46:46,2106,2.8291252,28046.032258064515
2026/08/01@14:46:47,2107,2.8305002,28048.870967741936
2026/08/01@14:46:48,2108,2.8300002,28051.709677419356
2026/08/01@14:46:49,2109,2.826625,28054.548387096773
2026/08/01@14:46:50,2110,2.8233752,28057.387096774193
2026/08/01@14:46:52,2112,2.8275,28063.064516129034
2026/08/01@14:46:53,2113,2.82975,28065.90322580645
2026/08/01@14:46:54,2114,2.8282502,28068.74193548387
2026/08/01@14:46:55,2115,2.830625,28071.58064516129
2026/08/01@14:46:56,2116,2.8308752,28074.41935483871
2026/08/01@14:46:57,2117,2.82925,28077.25806451613
2026/08/01@14:46:58,2118,2.827125,28080.09677419355
2026/08/01@14:46:59,2119,2.826625,28082.935483870966
2026/08/01@14:47:00,2120,2.827625,28085.774193548386
2026/08/01@14:47:01,2121,2.8363752,28088.612903225807
2026/08/01@14:47:02,2122,2.8372502,28091.451612903227
2026/08/01@14:47:04,2124,2.8426252,28097.129032258064
2026/08/01@14:47:05,2125,2.847875,28099.967741935485
2026/08/01@14:47:06,2126,2.8286252,28102.8064516129
2026/08/01@14:47:07,2127,2.8333752,28105.645161290322
2026/08/01@14:47:08,2128,2.8330002,28108.483870967742
2026/08/01@14:47:09,2129,2.8377502,28111.322580645163
2026/08/01@14:47:10,2130,2.83675,28114.16129032258
2026/08/01@14:47:11,2131,2.8442502,28117.0
2026/08/01@14:47:12,2132,2.822,28119.870967741936
2026/08/01@14:47:13,2133,2.8335002,28122.74193548387
2026/08/01@14:47:14,2134,2.8317502,28125.612903225807
2026/08/01@14:47:15,2135,2.8402502,28128.483870967742
2026/08/01@14:47:17,2137,2.8465002,28134.225806451614
2026/08/01@14:47:18,2138,2.838875,28137.09677419355
2026/08/01@14:47:19,2139,2.825,28139.967741935485
2026/08/01@14:47:20,2140,2.8263752,28142.83870967742
2026/08/01@14:47:21,2141,2.8273752,28145.709677419356
2026/08/01@14:47:22,2142,2.8338752,28148.58064516129
2026/08/01@14:47:23,2143,2.8486252,28151.451612903227
2026/08/01@14:47:24,2144,2.8482502,28154.322580645163
2026/08/01@14:47:25,2145,2.8446252,28157.1935483871
2026/08/01@14:47:26,2146,2.8430002,28160.064516129034
2026/08/01@14:47:27,2147,2.8412502,28162.935483870966
2026/08/01@14:47:29,2149,2.841875,28168.677419354837
2026/08/01@14:47:30,2150,2.8451252,28171.548387096773
2026/08/01@14:47:31,2151,2.8491252,28174.41935483871
2026/08/01@14:47:32,2152,2.833625,28177.290322580644
2026/08/01@14:47:33,2153,2.8360002,28180.16129032258
2026/08/01@14:47:34,2154,2.8296252,28183.032258064515
2026/08/01@14:47:35,2155,2.8333752,28185.90322580645
2026/08/01@14:47:36,2156,2.833625,28188.774193548386
2026/08/01@14:47:37,2157,2.834,28191.645161290322
2026/08/01@14:47:38,2158,2.8282502,28194.516129032258
2026/08/01@14:47:39,2159,2.8317502,28197.387096774193
2026/08/01@14:47:41,2161,2.834125,28203.129032258064
2026/08/01@14:47:42,2162,2.8391252,28206.0
2026/08/01@14:47:43,2163,2.8372502,28208.733333333334
2026/08/01@14:47:44,2164,2.8363752,28211.466666666667
2026/08/01@14:47:45,2165,2.8285,28214.2
2026/08/01@14:47:46,2166,2.828,28216.933333333334
2026/08/01@14:47:47,2167,2.8286252,28219.666666666668
2026/08/01@14:47:48,2168,2.828,28222.4
2026/08/01@14:47:49,2169,2.8370002,28225.133333333335
2026/08/01@14:47:50,2170,2.837125,28227.866666666665
2026/08/01@14:47:51,2171,2.8373752,28230.6
2026/08/01@14:47:53,2173,2.8377502,28236.066666666666
2026/08/01@14:47:54,2174,2.8387502,28238.8
2026/08/01@14:47:55,2175,2.8398752,28241.533333333333
2026/08/01@14:47:56,2176,2.8381252,28244.266666666666
2026/08/01@14:47:57,2177,2.835375,28247.0
2026/08/01@14:47:58,2178,2.833625,28249.733333333334
2026/08/01@14:47:59,2179,2.83575,28252.466666666667
2026/08/01@14:48:00,2180,2.8337502,28255.2
2026/08/01@14:48:01,2181,2.8338752,28257.933333333334
2026/08/01@14:48:02,2182,2.8326252,28260.666666666668
2026/08/01@14:48:03,2183,2.8346252,28263.4
2026/08/01@14:48:05,2185,2.835375,28268.866666666665
2026/08/01@14:48:06,2186,2.83925,28271.6
2026/08/01@14:48:07,2187,2.830625,28274.333333333332
2026/08/01@14:48:08,2188,2.8372502,28277.066666666666
2026/08/01@14:48:09,2189,2.825875,28279.8
2026/08/01@14:48:10,2190,2.8221252,28282.533333333333
2026/08/01@14:48:11,2191,2.8373752,28285.266666666666
2026/08/01@14:48:12,2192,2.83675,28288.0
2026/08/01@14:48:13,2193,2.8355002,28290.516129032258
2026/08/01@14:48:14,2194,2.841375,28293.032258064515
2026/08/01@14:48:15,2195,2.8475,28295.548387096773
2026/08/01@14:48:17,2197,2.8498752,28300.58064516129
2026/08/01@14:48:18,2198,2.8493752,28303.09677419355
2026/08/01@14:48:19,2199,2.8468752,28305.612903225807
2026/08/01@14:48:20,2200,2.8405,28308.129032258064
2026/08/01@14:48:21,2201,2.8326252,28310.645161290322
2026/08/01@14:48:22,2202,2.8345,28313.16129032258
2026/08/01@14:48:23,2203,2.8402502,28315.677419354837
2026/08/01@14:48:24,2204,2.842375,28318.1935483871
2026/08/01@14:48:25,2205,2.8435002,28320.709677419356
2026/08/01@14:48:26,2206,2.8428752,28323.225806451614
2026/08/01@14:48:27,2207,2.841,28325.74193548387
2026/08/01@14:48:29,2209,2.837625,28330.774193548386
2026/08/01@14:48:30,2210,2.836625,28333.290322580644
2026/08/01@14:48:31,2211,2.835875,28335.8064516129
2026/08/01@14:48:32,2212,2.844125,28338.322580645163
2026/08/01@14:48:33,2213,2.8537502,28340.83870967742
2026/08/01@14:48:34,2214,2.8330002,28343.354838709678
2026/08/01@14:48:35,2215,2.8398752,28345.870967741936
2026/08/01@14:48:36,2216,2.8390002,28348.387096774193
2026/08/01@14:48:37,2217,2.8417502,28350.90322580645
2026/08/01@14:48:38,2218,2.844875,28353.41935483871
2026/08/01@14:48:39,2219,2.8512502,28355.935483870966
2026/08/01@14:48:41,2221,2.84675,28360.967741935485
2026/08/01@14:48:42,2222,2.8330002,28363.483870967742
2026/08/01@14:48:43,2223,2.8416252,28366.0
2026/08/01@14:48:44,2224,2.841375,28368.766666666666
2026/08/01@14:48:45,2225,2.8386252,28371.533333333333
2026/08/01@14:48:46,2226,2.8233752,28374.3
2026/08/01@14:48:47,2227,2.8486252,28377.066666666666
2026/08/01@14:48:48,2228,2.856125,28379.833333333332
2026/08/01@14:48:49,2229,2.832,28382.6
2026/08/01@14:48:50,2230,2.8316252,28385.366666666665
2026/08/01@14:48:51,2231,2.8403752,28388.133333333335
2026/08/01@14:48:53,2233,2.8386252,28393.666666666668
2026/08/01@14:48:54,2234,2.837125,28396.433333333334
2026/08/01@14:48:55,2235,2.8435002,28399.2
2026/08/01@14:48:56,2236,2.84275,28401.966666666667
2026/08/01@14:48:57,2237,2.8433752,28404.733333333334
2026/08/01@14:48:58,2238,2.8455002,28407.5
2026/08/01@14:48:59,2239,2.8463752,28410.266666666666
2026/08/01@14:49:00,2240,2.844875,28413.033333333333
2026/08/01@14:49:01,2241,2.8365002,28415.8
2026/08/01@14:49:02,2242,2.8351252,28418.566666666666
2026/08/01@14:49:03,2243,2.8355002,28421.333333333332
2026/08/01@14:49:05,2245,2.8386252,28426.866666666665
2026/08/01@14:49:06,2246,2.840125,28429.633333333335
2026/08/01@14:49:07,2247,2.840125,28432.4
2026/08/01@14:49:08,2248,2.83925,28435.166666666668
2026/08/01@14:49:09,2249,2.8375,28437.933333333334
2026/08/01@14:49:10,2250,2.8368752,28440.7
2026/08/01@14:49:11,2251,2.8438752,28443.466666666667
2026/08/01@14:49:12,2252,2.8445,28446.233333333334
2026/08/01@14:49:13,2253,2.84675,28449.0
2026/08/01@14:49:14,2254,2.8482502,28451.709677419356
2026/08/01@14:49:15,2255,2.8500002,28454.41935483871
2026/08/01@14:49:17,2257,2.8500002,28459.83870967742
2026/08/01@14:49:18,2258,2.8461252,28462.548387096773
2026/08/01@14:49:19,2259,2.8378752,28465.25806451613
2026/08/01@14:49:20,2260,2.834875,28467.967741935485
2026/08/01@14:49:21,2261,2.83925,28470.677419354837
2026/08/01@14:49:22,2262,2.8330002,28473.387096774193
2026/08/01@14:49:23,2263,2.8605,28476.09677419355
2026/08/01@14:49:24,2264,2.8556252,28478.8064516129
2026/08/01@14:49:25,2265,2.844,28481.516129032258
2026/08/01@14:49:26,2266,2.8328752,28484.225806451614
2026/08/01@14:49:27,2267,2.8370002,28486.935483870966
2026/08/01@14:49:29,2269,2.8425002,28492.354838709678
2026/08/01@14:49:30,2270,2.844125,28495.064516129034
2026/08/01@14:49:31,2271,2.856125,28497.774193548386
2026/08/01@14:49:32,2272,2.847125,28500.483870967742
2026/08/01@14:49:33,2273,2.8396252,28503.1935483871
2026/08/01@14:49:34,2274,2.8355002,28505.90322580645
2026/08/01@14:49:35,2275,2.841875,28508.612903225807
2026/08/01@14:49:36,2276,2.8345,28511.322580645163
2026/08/01@14:49:37,2277,2.85925,28514.032258064515
2026/08/01@14:49:38,2278,2.8526252,28516.74193548387
2026/08/01@14:49:39,2279,2.8442502,28519.451612903227
2026/08/01@14:49:41,2281,2.83975,28524.870967741936
2026/08/01@14:49:42,2282,2.8370002,28527.58064516129
2026/08/01@14:49:43,2283,2.83675,28530.290322580644
2026/08/01@14:49:44,2284,2.8377502,28533.0
2026/08/01@14:49:45,2285,2.8400002,28535.766666666666
2026/08/01@14:49:46,2286,2.8400002,28538.533333333333
2026/08/01@14:49:47,2287,2.8263752,28541.3
2026/08/01@14:49:48,2288,2.857,28544.066666666666
2026/08/01@14:49:49,2289,2.8515,28546.833333333332
2026/08/01@14:49:50,2290,2.844125,28549.6
2026/08/01@14:49:51,2291,2.8396252,28552.366666666665
2026/08/01@14:49:53,2292,2.834125,28557.9
2026/08/01@14:49:54,2294,2.835375,28560.666666666668
2026/08/01@14:49:55,2295,2.8360002,28563.433333333334
2026/08/01@14:49:56,2296,2.8373752,28566.2
2026/08/01@14:49:57,2297,2.835,28568.966666666667
2026/08/01@14:49:58,2298,2.834,28571.733333333334
2026/08/01@14:49:59,2299,2.836625,28574.5
2026/08/01@14:50:00,2300,2.8400002,28577.266666666666
2026/08/01@14:50:01,2301,2.8426252,28580.033333333333
2026/08/01@14:50:02,2302,2.841875,28582.8
2026/08/01@14:50:03,2303,2.8407502,28585.566666666666
2026/08/01@14:50:05,2304,2.837625,28591.1
2026/08/01@14:50:06,2306,2.8377502,28593.866666666665
2026/08/01@14:50:07,2307,2.8372502,28596.633333333335
2026/08/01@14:50:08,2308,2.837625,28599.4
2026/08/01@14:50:09,2309,2.8408752,28602.166666666668
2026/08/01@14:50:10,2310,2.842375,28604.933333333334
2026/08/01@14:50:11,2311,2.8433752,28607.7
2026/08/01@14:50:12,2312,2.8470002,28610.466666666667
2026/08/01@14:50:13,2313,2.85275,28613.233333333334
2026/08/01@14:50:14,2314,2.8416252,28616.0
2026/08/01@14:50:15,2315,2.8295002,28618.90322580645
2026/08/01@14:50:16,2316,2.8363752,28621.8064516129
2026/08/01@14:50:18,2318,2.8337502,28627.612903225807
2026/08/01@14:50:19,2319,2.834875,28630.516129032258
2026/08/01@14:50:20,2320,2.837125,28633.41935483871
2026/08/01@14:50:21,2321,2.8417502,28636.322580645163
2026/08/01@14:50:22,2322,2.842375,28639.225806451614
2026/08/01@14:50:23,2323,2.8456252,28642.129032258064
2026/08/01@14:50:24,2324,2.84925,28645.032258064515
2026/08/01@14:50:25,2325,2.851875,28647.935483870966
2026/08/01@14:50:26,2326,2.8525002,28650.83870967742
2026/08/01@14:50:27,2327,2.848875,28653.74193548387
2026/08/01@14:50:28,2328,2.822375,28656.645161290322
2026/08/01@14:50:30,2330,2.8346252,28662.451612903227
2026/08/01@14:50:31,2331,2.8222502,28665.354838709678
2026/08/01@14:50:32,2332,2.8373752,28668.25806451613
2026/08/01@14:50:33,2333,2.8382502,28671.16129032258
2026/08/01@14:50:34,2334,2.8403752,28674.064516129034
2026/08/01@14:50:35,2335,2.83975,28676.967741935485
2026/08/01@14:50:36,2336,2.838,28679.870967741936
2026/08/01@14:50:37,2337,2.8368752,28682.774193548386
2026/08/01@14:50:38,2338,2.837125,28685.677419354837
2026/08/01@14:50:39,2339,2.8381252,28688.58064516129
2026/08/01@14:50:40,2340,2.838,28691.483870967742
2026/08/01@14:50:42,2342,2.8375,28697.290322580644
2026/08/01@14:50:43,2343,2.8373752,28700.1935483871
2026/08/01@14:50:44,2344,2.8281252,28703.09677419355
2026/08/01@14:50:45,2345,2.822875,28706.0
2026/08/01@14:50:46,2346,2.8520002,28708.967741935485
2026/08/01@14:50:47,2347,2.85275,28711.935483870966
2026/08/01@14:50:48,2348,2.8508752,28714.90322580645
2026/08/01@14:50:49,2349,2.84975,28717.870967741936
2026/08/01@14:50:50,2350,2.849625,28720.83870967742
2026/08/01@14:50:51,2351,2.84925,28723.8064516129
2026/08/01@14:50:52,2352,2.8490002,28726.774193548386
2026/08/01@14:50:54,2354,2.846625,28732.709677419356
2026/08/01@14:50:55,2355,2.8446252,28735.677419354837
2026/08/01@14:50:56,2356,2.8416252,28738.645161290322
2026/08/01@14:50:57,2357,2.8412502,28741.612903225807
2026/08/01@14:50:58,2358,2.8398752,28744.58064516129
2026/08/01@14:50:59,2359,2.837625,28747.548387096773
2026/08/01@14:51:00,2360,2.83575,28750.516129032258
2026/08/01@14:51:01,2361,2.82975,28753.483870967742
2026/08/01@14:51:02,2362,2.83225,28756.451612903227
2026/08/01@14:51:03,2363,2.8342502,28759.41935483871
2026/08/01@14:51:04,2364,2.837125,28762.387096774193
2026/08/01@14:51:06,2366,2.8381252,28768.322580645163
2026/08/01@14:51:07,2367,2.8378752,28771.290322580644
2026/08/01@14:51:08,2368,2.8375,28774.25806451613
2026/08/01@14:51:09,2369,2.8361252,28777.225806451614
2026/08/01@14:51:10,2370,2.8270002,28780.1935483871
2026/08/01@14:51:11,2371,2.8255002,28783.16129032258
2026/08/01@14:51:12,2372,2.8500002,28786.129032258064
2026/08/01@14:51:13,2373,2.8452502,28789.09677419355
2026/08/01@14:51:14,2374,2.84325,28792.064516129034
2026/08/01@14:51:15,2375,2.8435002,28795.032258064515
2026/08/01@14:51:16,2376,2.841875,28798.0
2026/08/01@14:51:18,2378,2.837625,28803.8
2026/08/01@14:51:19,2379,2.8330002,28806.7
2026/08/01@14:51:20,2380,2.8308752,28809.6
2026/08/01@14:51:21,2381,2.831,28812.5
2026/08/01@14:51:22,2382,2.8360002,28815.4
2026/08/01@14:51:23,2383,2.8370002,28818.3
2026/08/01@14:51:24,2384,2.8363752,28821.2
2026/08/01@14:51:25,2385,2.836625,28824.1
2026/08/01@14:51:26,2386,2.839375,28827.0
2026/08/01@14:51:27,2387,2.844875,28829.9
2026/08/01@14:51:28,2388,2.8486252,28832.8
2026/08/01@14:51:30,2390,2.8515,28838.6
2026/08/01@14:51:31,2391,2.8415,28841.5
2026/08/01@14:51:32,2392,2.820625,28844.4
2026/08/01@14:51:33,2393,2.826625,28847.3
2026/08/01@14:51:34,2394,2.835875,28850.2
2026/08/01@14:51:35,2395,2.8381252,28853.1
2026/08/01@14:51:36,2396,2.837125,28856.0
2026/08/01@14:51:37,2397,2.836625,28858.9
2026/08/01@14:51:38,2398,2.8343752,28861.8
2026/08/01@14:51:39,2399,2.834875,28864.7
2026/08/01@14:51:40,2400,2.832375,28867.6
2026/08/01@14:51:42,2402,2.825875,28873.4
2026/08/01@14:51:43,2403,2.8178752,28876.3
2026/08/01@14:51:44,2404,2.834875,28879.2
2026/08/01@14:51:45,2405,2.8495002,28882.1
2026/08/01@14:51:46,2406,2.850625,28885.0
2026/08/01@14:51:47,2407,2.8502502,28887.90322580645
2026/08/01@14:51:48,2408,2.848875,28890.8064516129
2026/08/01@14:51:49,2409,2.8472502,28893.709677419356
2026/08/01@14:51:50,2410,2.846625,28896.612903225807
2026/08/01@14:51:51,2411,2.8452502,28899.516129032258
2026/08/01@14:51:52,2412,2.8425002,28902.41935483871
2026/08/01@14:51:54,2414,2.8396252,28908.225806451614
2026/08/01@14:51:55,2415,2.8373752,28911.129032258064
2026/08/01@14:51:56,2416,2.8391252,28914.032258064515
2026/08/01@14:51:57,2417,2.842375,28916.935483870966
2026/08/01@14:51:58,2418,2.8455002,28919.83870967742
2026/08/01@14:51:59,2419,2.847125,28922.74193548387
2026/08/01@14:52:00,2420,2.847625,28925.645161290322
2026/08/01@14:52:01,2421,2.8386252,28928.548387096773
2026/08/01@14:52:02,2422,2.814625,28931.451612903227
2026/08/01@14:52:03,2423,2.822875,28934.354838709678
2026/08/01@14:52:04,2424,2.8355002,28937.25806451613
2026/08/01@14:52:06,2426,2.834875,28943.064516129034
2026/08/01@14:52:07,2427,2.8305002,28945.967741935485
2026/08/01@14:52:08,2428,2.8265002,28948.870967741936
2026/08/01@14:52:09,2429,2.8277502,28951.774193548386
2026/08/01@14:52:10,2430,2.831125,28954.677419354837
2026/08/01@14:52:11,2431,2.83275,28957.58064516129
2026/08/01@14:52:12,2432,2.831125,28960.483870967742
2026/08/01@14:52:13,2433,2.8265002,28963.387096774193
2026/08/01@14:52:14,2434,2.8251252,28966.290322580644
2026/08/01@14:52:15,2435,2.8275,28969.1935483871
2026/08/01@14:52:16,2436,2.8307502,28972.09677419355
2026/08/01@14:52:18,2438,2.8287502,28977.9
2026/08/01@14:52:19,2439,2.8252502,28980.8
2026/08/01@14:52:20,2440,2.8245,28983.7
2026/08/01@14:52:21,2441,2.8270002,28986.6
2026/08/01@14:52:22,2442,2.8307502,28989.5
2026/08/01@14:52:23,2443,2.8326252,28992.4
2026/08/01@14:52:24,2444,2.8330002,28995.3
2026/08/01@14:52:25,2445,2.8313752,28998.2
2026/08/01@14:52:26,2446,2.83275,29001.1
2026/08/01@14:52:27,2447,2.835,29004.0
2026/08/01@14:52:28,2448,2.8372502,29006.9
2026/08/01@14:52:30,2450,2.83325,29012.7
2026/08/01@14:52:31,2451,2.8315,29015.6
2026/08/01@14:52:32,2452,2.83325,29018.5
2026/08/01@14:52:33,2453,2.8330002,29021.4
2026/08/01@14:52:34,2454,2.833625,29024.3
2026/08/01@14:52:35,2455,2.8333752,29027.2
2026/08/01@14:52:36,2456,2.8333752,29030.1
2026/08/01@14:52:37,2457,2.8338752,29033.0
2026/08/01@14:52:38,2458,2.8346252,29035.9
2026/08/01@14:52:39,2459,2.8343752,29038.8
2026/08/01@14:52:40,2460,2.834125,29041.7
2026/08/01@14:52:42,2462,2.833125,29047.5
2026/08/01@14:52:43,2463,2.83225,29050.4
2026/08/01@14:52:44,2464,2.8330002,29053.3
2026/08/01@14:52:45,2465,2.8212502,29056.2
2026/08/01@14:52:46,2466,2.81625,29059.1
2026/08/01@14:52:47,2467,2.8231252,29062.0
2026/08/01@14:52:48,2468,2.8247502,29064.90322580645
2026/08/01@14:52:49,2469,2.8490002,29067.8064516129
2026/08/01@14:52:50,2470,2.8475,29070.709677419356
2026/08/01@14:52:51,2471,2.8375,29073.612903225807
2026/08/01@14:52:52,2472,2.841875,29076.516129032258
2026/08/01@14:52:54,2474,2.8477502,29082.322580645163
2026/08/01@14:52:55,2475,2.8485002,29085.225806451614
2026/08/01@14:52:56,2476,2.843125,29088.129032258064
2026/08/01@14:52:57,2477,2.8165002,29091.032258064515
2026/08/01@14:52:58,2478,2.8177502,29093.935483870966
2026/08/01@14:52:59,2479,2.8321252,29096.83870967742
2026/08/01@14:53:00,2480,2.8355002,29099.74193548387
2026/08/01@14:53:01,2481,2.8305002,29102.645161290322
2026/08/01@14:53:02,2482,2.8277502,29105.548387096773
2026/08/01@14:53:03,2483,2.8251252,29108.451612903227
2026/08/01@14:53:04,2484,2.8328752,29111.354838709678
2026/08/01@14:53:06,2486,2.840625,29117.16129032258
2026/08/01@14:53:07,2487,2.8461252,29120.064516129034
2026/08/01@14:53:08,2488,2.82975,29122.967741935485
2026/08/01@14:53:09,2489,2.82325,29125.870967741936
2026/08/01@14:53:10,2490,2.8330002,29128.774193548386
2026/08/01@14:53:11,2491,2.8307502,29131.677419354837
2026/08/01@14:53:12,2492,2.829375,29134.58064516129
2026/08/01@14:53:13,2493,2.8282502,29137.483870967742
2026/08/01@14:53:14,2494,2.82625,29140.387096774193
2026/08/01@14:53:15,2495,2.82575,29143.290322580644
2026/08/01@14:53:16,2496,2.82375,29146.1935483871
2026/08/01@14:53:18,2498,2.825875,29152.0
2026/08/01@14:53:19,2499,2.8286252,29154.612903225807
2026/08/01@14:53:20,2500,2.831125,29157.225806451614
2026/08/01@14:53:21,2501,2.830625,29159.83870967742
2026/08/01@14:53:22,2502,2.8281252,29162.451612903227
2026/08/01@14:53:23,2503,2.8230002,29165.064516129034
2026/08/01@14:53:24,2504,2.8226252,29167.677419354837
2026/08/01@14:53:25,2505,2.833125,29170.290322580644
2026/08/01@14:53:26,2506,2.8378752,29172.90322580645
2026/08/01@14:53:27,2507,2.8398752,29175.516129032258
2026/08/01@14:53:28,2508,2.834125,29178.129032258064
2026/08/01@14:53:30,2510,2.8290002,29183.354838709678
2026/08/01@14:53:31,2511,2.8272502,29185.967741935485
2026/08/01@14:53:32,2512,2.8338752,29188.58064516129
2026/08/01@14:53:33,2513,2.830625,29191.1935483871
2026/08/01@14:53:34,2514,2.8300002,29193.8064516129
2026/08/01@14:53:35,2515,2.827625,29196.41935483871
2026/08/01@14:53:36,2516,2.8268752,29199.032258064515
2026/08/01@14:53:37,2517,2.834,29201.645161290322
2026/08/01@14:53:38,2518,2.837125,29204.25806451613
2026/08/01@14:53:39,2519,2.8233752,29206.870967741936
2026/08/01@14:53:40,2520,2.84625,29209.483870967742
2026/08/01@14:53:42,2521,2.8400002,29214.709677419356
2026/08/01@14:53:43,2523,2.8363752,29217.322580645163
2026/08/01@14:53:44,2524,2.8370002,29219.935483870966
2026/08/01@14:53:45,2525,2.83025,29222.548387096773
2026/08/01@14:53:46,2526,2.8317502,29225.16129032258
2026/08/01@14:53:47,2527,2.8342502,29227.774193548386
2026/08/01@14:53:48,2528,2.8185,29230.387096774193
2026/08/01@14:53:49,2529,2.84975,29233.0
2026/08/01@14:53:50,2530,2.8470002,29235.666666666668
2026/08/01@14:53:51,2531,2.8455002,29238.333333333332
2026/08/01@14:53:52,2532,2.8460002,29241.0
2026/08/01@14:53:53,2533,2.8498752,29243.666666666668
2026/08/01@14:53:55,2535,2.8212502,29249.0
2026/08/01@14:53:56,2536,2.8351252,29251.666666666668
2026/08/01@14:53:57,2537,2.8335002,29254.333333333332
2026/08/01@14:53:58,2538,2.8281252,29257.0
2026/08/01@14:53:59,2539,2.8247502,29259.666666666668
2026/08/01@14:54:00,2540,2.8373752,29262.333333333332
2026/08/01@14:54:01,2541,2.847625,29265.0
2026/08/01@14:54:02,2542,2.8546252,29267.666666666668
2026/08/01@14:54:03,2543,2.8377502,29270.333333333332
2026/08/01@14:54:04,2544,2.83325,29273.0
2026/08/01@14:54:05,2545,2.8300002,29275.666666666668
2026/08/01@14:54:07,2547,2.837625,29281.0
2026/08/01@14:54:08,2548,2.8446252,29283.666666666668
2026/08/01@14:54:09,2549,2.8516252,29286.333333333332
2026/08/01@14:54:10,2550,2.8207502,29289.0
2026/08/01@14:54:11,2551,2.8296252,29291.666666666668
2026/08/01@14:54:12,2552,2.824125,29294.333333333332
2026/08/01@14:54:13,2553,2.8351252,29297.0
2026/08/01@14:54:14,2554,2.8443752,29299.666666666668
2026/08/01@14:54:15,2555,2.847125,29302.333333333332
2026/08/01@14:54:16,2556,2.8443752,29305.0
2026/08/01@14:54:18,2557,2.8385,29310.333333333332
2026/08/01@14:54:19,2559,2.837625,29313.0
2026/08/01@14:54:20,2560,2.8428752,29315.387096774193
2026/08/01@14:54:21,2561,2.8473752,29317.774193548386
2026/08/01@14:54:22,2562,2.8452502,29320.16129032258
2026/08/01@14:54:23,2563,2.8407502,29322.548387096773
2026/08/01@14:54:24,2564,2.83675,29324.935483870966
2026/08/01@14:54:25,2565,2.8356252,29327.322580645163
2026/08/01@14:54:26,2566,2.8411252,29329.709677419356
2026/08/01@14:54:27,2567,2.8493752,29332.09677419355
2026/08/01@14:54:28,2568,2.8582502,29334.483870967742
2026/08/01@14:54:29,2569,2.8343752,29336.870967741936
2026/08/01@14:54:31,2571,2.840125,29341.645161290322
2026/08/01@14:54:32,2572,2.838375,29344.032258064515
2026/08/01@14:54:33,2573,2.8408752,29346.41935483871
2026/08/01@14:54:34,2574,2.8428752,29348.8064516129
2026/08/01@14:54:35,2575,2.833625,29351.1935483871
2026/08/01@14:54:36,2576,2.8465002,29353.58064516129
2026/08/01@14:54:37,2577,2.8543752,29355.967741935485
2026/08/01@14:54:38,2578,2.8526252,29358.354838709678
2026/08/01@14:54:39,2579,2.853125,29360.74193548387
2026/08/01@14:54:40,2580,2.8567502,29363.129032258064
2026/08/01@14:54:41,2581,2.831875,29365.516129032258
2026/08/01@14:54:43,2583,2.8338752,29370.290322580644
2026/08/01@14:54:44,2584,2.83975,29372.677419354837
2026/08/01@14:54:45,2585,2.838875,29375.064516129034
2026/08/01@14:54:46,2586,2.8396252,29377.451612903227
2026/08/01@14:54:47,2587,2.8533752,29379.83870967742
2026/08/01@14:54:48,2588,2.8282502,29382.225806451614
2026/08/01@14:54:49,2589,2.841875,29384.612903225807
2026/08/01@14:54:50,2590,2.8387502,29387.0
2026/08/01@14:54:51,2591,2.8356252,29389.433333333334
2026/08/01@14:54:52,2592,2.8382502,29391.866666666665
2026/08/01@14:54:53,2593,2.8370002,29394.3
2026/08/01@14:54:55,2595,2.8396252,29399.166666666668
2026/08/01@14:54:56,2596,2.8463752,29401.6
2026/08/01@14:54:57,2597,2.8555002,29404.033333333333
2026/08/01@14:54:58,2598,2.8595002,29406.466666666667
2026/08/01@14:54:59,2599,2.8356252,29408.9
2026/08/01@14:55:00,2600,2.8465002,29411.333333333332
2026/08/01@14:55:01,2601,2.8412502,29413.766666666666
2026/08/01@14:55:02,2602,2.838375,29416.2
2026/08/01@14:55:03,2603,2.8486252,29418.633333333335
2026/08/01@14:55:04,2604,2.851875,29421.066666666666
2026/08/01@14:55:06,2605,2.855,29425.933333333334
2026/08/01@14:55:07,2607,2.8556252,29428.366666666665
2026/08/01@14:55:08,2608,2.8567502,29430.8
2026/08/01@14:55:09,2609,2.8581252,29433.233333333334
2026/08/01@14:55:10,2610,2.859625,29435.666666666668
2026/08/01@14:55:11,2611,2.861375,29438.1
2026/08/01@14:55:12,2612,2.8593752,29440.533333333333
2026/08/01@14:55:13,2613,2.8608752,29442.966666666667
2026/08/01@14:55:14,2614,2.8608752,29445.4
2026/08/01@14:55:15,2615,2.8573752,29447.833333333332
2026/08/01@14:55:16,2616,2.8520002,29450.266666666666
2026/08/01@14:55:17,2617,2.848375,29452.7
2026/08/01@14:55:19,2619,2.847875,29457.566666666666
2026/08/01@14:55:20,2620,2.843125,29460.0
2026/08/01@14:55:21,2621,2.8425002,29462.483870967742
2026/08/01@14:55:22,2622,2.8437502,29464.967741935485
2026/08/01@14:55:23,2623,2.8481252,29467.451612903227
2026/08/01@14:55:24,2624,2.8526252,29469.935483870966
2026/08/01@14:55:25,2625,2.8560002,29472.41935483871
2026/08/01@14:55:26,2626,2.858375,29474.90322580645
2026/08/01@14:55:27,2627,2.851375,29477.387096774193
2026/08/01@14:55:28,2628,2.8373752,29479.870967741936
2026/08/01@14:55:29,2629,2.843125,29482.354838709678
2026/08/01@14:55:31,2631,2.8408752,29487.322580645163
2026/08/01@14:55:32,2632,2.8530002,29489.8064516129
2026/08/01@14:55:33,2633,2.8598752,29492.290322580644
2026/08/01@14:55:34,2634,2.861375,29494.774193548386
2026/08/01@14:55:35,2635,2.850625,29497.25806451613
2026/08/01@14:55:36,2636,2.8300002,29499.74193548387
2026/08/01@14:55:37,2637,2.8408752,29502.225806451614
2026/08/01@14:55:38,2638,2.8546252,29504.709677419356
2026/08/01@14:55:39,2639,2.8517502,29507.1935483871
2026/08/01@14:55:40,2640,2.8482502,29509.677419354837
2026/08/01@14:55:41,2641,2.8435002,29512.16129032258
2026/08/01@14:55:43,2643,2.840625,29517.129032258064
2026/08/01@14:55:44,2644,2.843625,29519.612903225807
2026/08/01@14:55:45,2645,2.8460002,29522.09677419355
2026/08/01@14:55:46,2646,2.851875,29524.58064516129
2026/08/01@14:55:47,2647,2.850125,29527.064516129034
2026/08/01@14:55:48,2648,2.8451252,29529.548387096773
2026/08/01@14:55:49,2649,2.844,29532.032258064515
2026/08/01@14:55:50,2650,2.84925,29534.516129032258
2026/08/01@14:55:51,2651,2.8481252,29537.0
2026/08/01@14:55:52,2652,2.8443752,29539.709677419356
2026/08/01@14:55:53,2653,2.852375,29542.41935483871
2026/08/01@14:55:55,2655,2.8542502,29547.83870967742
2026/08/01@14:55:56,2656,2.8552502,29550.548387096773
2026/08/01@14:55:57,2657,2.8512502,29553.25806451613
2026/08/01@14:55:58,2658,2.8481252,29555.967741935485
2026/08/01@14:55:59,2659,2.85225,29558.677419354837
2026/08/01@14:56:00,2660,2.8533752,29561.387096774193
2026/08/01@14:56:01,2661,2.8545,29564.09677419355
2026/08/01@14:56:02,2662,2.855,29566.8064516129
2026/08/01@14:56:03,2663,2.8443752,29569.516129032258
2026/08/01@14:56:04,2664,2.8608752,29572.225806451614
2026/08/01@14:56:05,2665,2.8660002,29574.935483870966
2026/08/01@14:56:07,2667,2.864,29580.354838709678
2026/08/01@14:56:08,2668,2.864,29583.064516129034
2026/08/01@14:56:09,2669,2.8655002,29585.774193548386
2026/08/01@14:56:10,2670,2.85225,29588.483870967742
2026/08/01@14:56:11,2671,2.8521252,29591.1935483871
2026/08/01@14:56:12,2672,2.8481252,29593.90322580645
2026/08/01@14:56:13,2673,2.854,29596.612903225807
2026/08/01@14:56:14,2674,2.863125,29599.322580645163
2026/08/01@14:56:15,2675,2.8677502,29602.032258064515
2026/08/01@14:56:16,2676,2.8438752,29604.74193548387
2026/08/01@14:56:17,2677,2.8558752,29607.451612903227
2026/08/01@14:56:19,2679,2.8500002,29612.870967741936
2026/08/01@14:56:20,2680,2.8565002,29615.58064516129
2026/08/01@14:56:21,2681,2.8677502,29618.290322580644
2026/08/01@14:56:22,2682,2.8560002,29621.0
2026/08/01@14:56:23,2683,2.85275,29623.866666666665
2026/08/01@14:56:24,2684,2.8576252,29626.733333333334
2026/08/01@14:56:25,2685,2.867125,29629.6
2026/08/01@14:56:26,2686,2.83925,29632.466666666667
2026/08/01@14:56:27,2687,2.8515,29635.333333333332
2026/08/01@14:56:28,2688,2.8495002,29638.2
2026/08/01@14:56:29,2689,2.858875,29641.066666666666
2026/08/01@14:56:31,2691,2.8647502,29646.8
2026/08/01@14:56:32,2692,2.8686252,29649.666666666668
2026/08/01@14:56:33,2693,2.8485002,29652.533333333333
2026/08/01@14:56:34,2694,2.85575,29655.4
2026/08/01@14:56:35,2695,2.8560002,29658.266666666666
2026/08/01@14:56:36,2696,2.857,29661.133333333335
2026/08/01@14:56:37,2697,2.8628752,29664.0
2026/08/01@14:56:38,2698,2.8707502,29666.866666666665
2026/08/01@14:56:39,2699,2.8438752,29669.733333333334
2026/08/01@14:56:40,2700,2.8551252,29672.6
2026/08/01@14:56:41,2701,2.8617502,29675.466666666667
2026/08/01@14:56:43,2703,2.8593752,29681.2
2026/08/01@14:56:44,2704,2.855,29684.066666666666
2026/08/01@14:56:45,2705,2.8533752,29686.933333333334
2026/08/01@14:56:46,2706,2.857875,29689.8
2026/08/01@14:56:47,2707,2.8530002,29692.666666666668
2026/08/01@14:56:48,2708,2.8538752,29695.533333333333
2026/08/01@14:56:49,2709,2.8452502,29698.4
2026/08/01@14:56:50,2710,2.8502502,29701.266666666666
2026/08/01@14:56:51,2711,2.8495002,29704.133333333335
2026/08/01@14:56:52,2712,2.8573752,29707.0
2026/08/01@14:56:53,2713,2.8565002,29709.8064516129
2026/08/01@14:56:55,2715,2.8581252,29715.41935483871
2026/08/01@14:56:56,2716,2.8565002,29718.225806451614
2026/08/01@14:56:57,2717,2.85975,29721.032258064515
2026/08/01@14:56:58,2718,2.8616252,29723.83870967742
2026/08/01@14:56:59,2719,2.861,29726.645161290322
2026/08/01@14:57:00,2720,2.8638752,29729.451612903227
2026/08/01@14:57:01,2721,2.86325,29732.25806451613
2026/08/01@14:57:02,2722,2.8617502,29735.064516129034
2026/08/01@14:57:03,2723,2.86275,29737.870967741936
2026/08/01@14:57:04,2724,2.8702502,29740.677419354837
2026/08/01@14:57:05,2725,2.87625,29743.483870967742
2026/08/01@14:57:07,2727,2.878,29749.09677419355
2026/08/01@14:57:08,2728,2.8747502,29751.90322580645
2026/08/01@14:57:09,2729,2.8637502,29754.709677419356
2026/08/01@14:57:10,2730,2.8558752,29757.516129032258
2026/08/01@14:57:11,2731,2.8511252,29760.322580645163
2026/08/01@14:57:12,2732,2.8586252,29763.129032258064
2026/08/01@14:57:13,2733,2.8667502,29765.935483870966
2026/08/01@14:57:14,2734,2.874,29768.74193548387
2026/08/01@14:57:15,2735,2.87625,29771.548387096773
2026/08/01@14:57:16,2736,2.846625,29774.354838709678
2026/08/01@14:57:17,2737,2.8625002,29777.16129032258
2026/08/01@14:57:19,2739,2.8638752,29782.774193548386
2026/08/01@14:57:20,2740,2.8677502,29785.58064516129
2026/08/01@14:57:21,2741,2.8681252,29788.387096774193
2026/08/01@14:57:22,2742,2.8546252,29791.1935483871
2026/08/01@14:57:23,2743,2.8773752,29794.0
2026/08/01@14:57:24,2744,2.8672502,29797.1
2026/08/01@14:57:25,2745,2.8607502,29800.2
2026/08/01@14:57:26,2746,2.8628752,29803.3
2026/08/01@14:57:27,2747,2.86275,29806.4
2026/08/01@14:57:28,2748,2.864,29809.5
2026/08/01@14:57:29,2749,2.8542502,29812.6
2026/08/01@14:57:31,2751,2.8806252,29818.8
2026/08/01@14:57:32,2752,2.8758752,29821.9
2026/08/01@14:57:33,2753,2.867875,29825.0
2026/08/01@14:57:34,2754,2.8563752,29828.1
2026/08/01@14:57:35,2755,2.8558752,29831.2
2026/08/01@14:57:36,2756,2.861875,29834.3
2026/08/01@14:57:37,2757,2.8573752,29837.4
2026/08/01@14:57:38,2758,2.8537502,29840.5
2026/08/01@14:57:39,2759,2.8712502,29843.6
2026/08/01@14:57:40,2760,2.868875,29846.7
2026/08/01@14:57:41,2761,2.84975,29849.8
2026/08/01@14:57:43,2763,2.8646252,29856.0
2026/08/01@14:57:44,2764,2.8686252,29859.1
2026/08/01@14:57:45,2765,2.8635,29862.2
2026/08/01@14:57:46,2766,2.86625,29865.3
2026/08/01@14:57:47,2767,2.87625,29868.4
2026/08/01@14:57:48,2768,2.853125,29871.5
2026/08/01@14:57:49,2769,2.8667502,29874.6
2026/08/01@14:57:50,2770,2.8737502,29877.7
2026/08/01@14:57:51,2771,2.877875,29880.8
2026/08/01@14:57:52,2772,2.8625002,29883.9
2026/08/01@14:57:53,2773,2.8486252,29887.0
2026/08/01@14:57:55,2775,2.865375,29892.935483870966
2026/08/01@14:57:56,2776,2.8723752,29895.90322580645
2026/08/01@14:57:57,2777,2.8768752,29898.870967741936
2026/08/01@14:57:58,2778,2.8730002,29901.83870967742
2026/08/01@14:57:59,2779,2.8673752,29904.8064516129
2026/08/01@14:58:00,2780,2.858875,29907.774193548386
2026/08/01@14:58:01,2781,2.86325,29910.74193548387
2026/08/01@14:58:02,2782,2.86875,29913.709677419356
2026/08/01@14:58:03,2783,2.86625,29916.677419354837
2026/08/01@14:58:04,2784,2.8635,29919.645161290322
2026/08/01@14:58:05,2785,2.866125,29922.612903225807
2026/08/01@14:58:07,2787,2.8723752,29928.548387096773
2026/08/01@14:58:08,2788,2.8833752,29931.516129032258
2026/08/01@14:58:09,2789,2.85625,29934.483870967742
2026/08/01@14:58:10,2790,2.87275,29937.451612903227
2026/08/01@14:58:11,2791,2.8685002,29940.41935483871
2026/08/01@14:58:12,2792,2.860125,29943.387096774193
2026/08/01@14:58:13,2793,2.8577502,29946.354838709678
2026/08/01@14:58:14,2794,2.8577502,29949.322580645163
2026/08/01@14:58:15,2795,2.8651252,29952.290322580644
2026/08/01@14:58:16,2796,2.8716252,29955.25806451613
2026/08/01@14:58:17,2797,2.8695002,29958.225806451614
2026/08/01@14:58:19,2799,2.8647502,29964.16129032258
2026/08/01@14:58:20,2800,2.8611252,29967.129032258064
2026/08/01@14:58:21,2801,2.864,29970.09677419355
2026/08/01@14:58:22,2802,2.873625,29973.064516129034
2026/08/01@14:58:23,2803,2.8815002,29976.032258064515
2026/08/01@14:58:24,2804,2.8816252,29979.0
2026/08/01@14:58:25,2805,2.8795002,29982.0
2026/08/01@14:58:26,2806,2.8760002,29985.0
2026/08/01@14:58:27,2807,2.8733752,29988.0
2026/08/01@14:58:28,2808,2.8760002,29991.0
2026/08/01@14:58:29,2809,2.8741252,29994.0
2026/08/01@14:58:31,2811,2.8747502,30000.0
2026/08/01@14:58:32,2812,2.87925,30003.0
2026/08/01@14:58:33,2813,2.8858752,30006.0
2026/08/01@14:58:34,2814,2.864,30009.0
2026/08/01@14:58:35,2815,2.8738752,30012.0
2026/08/01@14:58:36,2816,2.8730002,30015.0
2026/08/01@14:58:37,2817,2.8730002,30018.0
2026/08/01@14:58:38,2818,2.874375,30021.0
2026/08/01@14:58:39,2819,2.8615,30024.0
2026/08/01@14:58:40,2820,2.8868752,30027.0
2026/08/01@14:58:41,2821,2.8863752,30030.0
2026/08/01@14:58:43,2823,2.88625,30036.0
2026/08/01@14:58:44,2824,2.8782502,30039.0
2026/08/01@14:58:45,2825,2.85925,30042.0
2026/08/01@14:58:46,2826,2.8735,30045.0
2026/08/01@14:58:47,2827,2.8693752,30048.0
2026/08/01@14:58:48,2828,2.876125,30051.0
2026/08/01@14:58:49,2829,2.8846252,30054.0
2026/08/01@14:58:50,2830,2.8747502,30057.0
2026/08/01@14:58:51,2831,2.8733752,30060.0
2026/08/01@14:58:52,2832,2.870125,30063.0
2026/08/01@14:58:53,2833,2.8742502,30066.0
2026/08/01@14:58:55,2835,2.8863752,30072.0
2026/08/01@14:58:56,2836,2.887875,30074.933333333334
2026/08/01@14:58:57,2837,2.8667502,30077.866666666665
2026/08/01@14:58:58,2838,2.8735,30080.8
2026/08/01@14:58:59,2839,2.871,30083.733333333334
2026/08/01@14:59:00,2840,2.8742502,30086.666666666668
2026/08/01@14:59:01,2841,2.883125,30089.6
2026/08/01@14:59:02,2842,2.8897502,30092.533333333333
2026/08/01@14:59:03,2843,2.8635,30095.466666666667
2026/08/01@14:59:04,2844,2.8711252,30098.4
2026/08/01@14:59:05,2845,2.8763752,30101.333333333332
2026/08/01@14:59:07,2847,2.8735,30107.2
2026/08/01@14:59:08,2848,2.871375,30110.133333333335
2026/08/01@14:59:09,2849,2.8777502,30113.066666666666
2026/08/01@14:59:10,2850,2.884,30116.0
2026/08/01@14:59:11,2851,2.8868752,30118.933333333334
2026/08/01@14:59:12,2852,2.889125,30121.866666666665
2026/08/01@14:59:13,2853,2.89,30124.8
2026/08/01@14:59:14,2854,2.889625,30127.733333333334
2026/08/01@14:59:15,2855,2.8881252,30130.666666666668
2026/08/01@14:59:16,2856,2.8860002,30133.6
2026/08/01@14:59:17,2857,2.8845,30136.533333333333
2026/08/01@14:59:19,2859,2.887,30142.4
2026/08/01@14:59:20,2860,2.8890002,30145.333333333332
2026/08/01@14:59:21,2861,2.8847502,30148.266666666666
2026/08/01@14:59:22,2862,2.887375,30151.2
2026/08/01@14:59:23,2863,2.89275,30154.133333333335
2026/08/01@14:59:24,2864,2.8933752,30157.066666666666
2026/08/01@14:59:25,2865,2.887375,30160.0
2026/08/01@14:59:26,2866,2.8758752,30162.645161290322
2026/08/01@14:59:27,2867,2.8716252,30165.290322580644
2026/08/01@14:59:28,2868,2.877,30167.935483870966
2026/08/01@14:59:29,2869,2.8807502,30170.58064516129
2026/08/01@14:59:31,2870,2.86875,30175.870967741936
2026/08/01@14:59:32,2872,2.8885002,30178.516129032258
2026/08/01@14:59:33,2873,2.8790002,30181.16129032258
2026/08/01@14:59:34,2874,2.8776252,30183.8064516129
2026/08/01@14:59:35,2875,2.878,30186.451612903227
2026/08/01@14:59:36,2876,2.87275,30189.09677419355
2026/08/01@14:59:37,2877,2.8733752,30191.74193548387
2026/08/01@14:59:38,2878,2.8735,30194.387096774193
2026/08/01@14:59:39,2879,2.8590002,30197.032258064515
2026/08/01@14:59:40,2880,2.894875,30199.677419354837
2026/08/01@14:59:41,2881,2.8915002,30202.322580645163
2026/08/01@14:59:42,2882,2.8850002,30204.967741935485
2026/08/01@14:59:44,2884,2.8715002,30210.25806451613
2026/08/01@14:59:45,2885,2.872625,30212.90322580645
2026/08/01@14:59:46,2886,2.87275,30215.548387096773
2026/08/01@14:59:47,2887,2.8767502,30218.1935483871
2026/08/01@14:59:48,2888,2.879125,30220.83870967742
2026/08/01@14:59:49,2889,2.87575,30223.483870967742
2026/08/01@14:59:50,2890,2.8805,30226.129032258064
2026/08/01@14:59:51,2891,2.8877502,30228.774193548386
2026/08/01@14:59:52,2892,2.8681252,30231.41935483871
2026/08/01@14:59:53,2893,2.8765002,30234.064516129034
2026/08/01@14:59:54,2894,2.874875,30236.709677419356
2026/08/01@14:59:56,2896,2.8880002,30242.0
2026/08/01@14:59:57,2897,2.86625,30244.733333333334
2026/08/01@14:59:58,2898,2.8793752,30247.466666666667
2026/08/01@14:59:59,2899,2.873625,30250.2
2026/08/01@15:00:00,2900,2.8777502,30252.933333333334
2026/08/01@15:00:01,2901,2.89,30255.666666666668
2026/08/01@15:00:02,2902,2.88575,30258.4
2026/08/01@15:00:03,2903,2.873125,30261.133333333335
2026/08/01@15:00:04,2904,2.8832502,30263.866666666665
2026/08/01@15:00:05,2905,2.8811252,30266.6
2026/08/01@15:00:06,2906,2.877,30269.333333333332
2026/08/01@15:00:08,2908,2.884,30274.8
2026/08/01@15:00:09,2909,2.88925,30277.533333333333
2026/08/01@15:00:10,2910,2.8938752,30280.266666666666
2026/08/01@15:00:11,2911,2.894875,30283.0
2026/08/01@15:00:12,2912,2.8876252,30285.733333333334
2026/08/01@15:00:13,2913,2.8732502,30288.466666666667
2026/08/01@15:00:14,2914,2.8793752,30291.2
2026/08/01@15:00:15,2915,2.8805,30293.933333333334
2026/08/01@15:00:16,2916,2.87875,30296.666666666668
2026/08/01@15:00:17,2917,2.877125,30299.4
2026/08/01@15:00:18,2918,2.884,30302.133333333335
2026/08/01@15:00:20,2920,2.8860002,30307.6
2026/08/01@15:00:21,2921,2.887375,30310.333333333332
2026/08/01@15:00:22,2922,2.8872502,30313.066666666666
2026/08/01@15:00:23,2923,2.8835,30315.8
2026/08/01@15:00:24,2924,2.87925,30318.533333333333
2026/08/01@15:00:25,2925,2.881875,30321.266666666666
2026/08/01@15:00:26,2926,2.8837502,30324.0
2026/08/01@15:00:27,2927,2.8835,30326.548387096773
2026/08/01@15:00:28,2928,2.88525,30329.09677419355
2026/08/01@15:00:29,2929,2.8795002,30331.645161290322
2026/08/01@15:00:30,2930,2.8720002,30334.1935483871
2026/08/01@15:00:32,2932,2.8993752,30339.290322580644
2026/08/01@15:00:33,2933,2.900125,30341.83870967742
2026/08/01@15:00:34,2934,2.8962502,30344.387096774193
2026/08/01@15:00:35,2935,2.8953752,30346.935483870966
2026/08/01@15:00:36,2936,2.8886252,30349.483870967742
2026/08/01@15:00:37,2937,2.8772502,30352.032258064515
2026/08/01@15:00:38,2938,2.8876252,30354.58064516129
2026/08/01@15:00:39,2939,2.8828752,30357.129032258064
2026/08/01@15:00:40,2940,2.877875,30359.677419354837
2026/08/01@15:00:41,2941,2.881,30362.225806451614
2026/08/01@15:00:42,2942,2.881375,30364.774193548386
2026/08/01@15:00:44,2944,2.87925,30369.870967741936
2026/08/01@15:00:45,2945,2.881,30372.41935483871
2026/08/01@15:00:46,2946,2.879125,30374.967741935485
2026/08/01@15:00:47,2947,2.8855002,30377.516129032258
2026/08/01@15:00:48,2948,2.8865002,30380.064516129034
2026/08/01@15:00:49,2949,2.8903752,30382.612903225807
2026/08/01@15:00:50,2950,2.8916252,30385.16129032258
2026/08/01@15:00:51,2951,2.896125,30387.709677419356
2026/08/01@15:00:52,2952,2.89925,30390.25806451613
2026/08/01@15:00:53,2953,2.8838752,30392.8064516129
2026/08/01@15:00:54,2954,2.8876252,30395.354838709678
2026/08/01@15:00:56,2956,2.8832502,30400.451612903227
2026/08/01@15:00:57,2957,2.8928752,30403.0
2026/08/01@15:00:58,2958,2.8998752,30405.483870967742
2026/08/01@15:00:59,2959,2.877125,30407.967741935485
2026/08/01@15:01:00,2960,2.8802502,30410.451612903227
2026/08/01@15:01:01,2961,2.881875,30412.935483870966
2026/08/01@15:01:02,2962,2.8911252,30415.41935483871
2026/08/01@15:01:03,2963,2.8930002,30417.90322580645
2026/08/01@15:01:04,2964,2.8935,30420.387096774193
2026/08/01@15:01:05,2965,2.8916252,30422.870967741936
2026/08/01@15:01:06,2966,2.88925,30425.354838709678
2026/08/01@15:01:08,2968,2.884875,30430.322580645163
2026/08/01@15:01:09,2969,2.883625,30432.8064516129
2026/08/01@15:01:10,2970,2.8871252,30435.290322580644
2026/08/01@15:01:11,2971,2.8893752,30437.774193548386
2026/08/01@15:01:12,2972,2.8811252,30440.25806451613
2026/08/01@15:01:13,2973,2.88275,30442.74193548387
2026/08/01@15:01:14,2974,2.8735,30445.225806451614
2026/08/01@15:01:15,2975,2.8865002,30447.709677419356
2026/08/01@15:01:16,2976,2.8881252,30450.1935483871
2026/08/01@15:01:17,2977,2.89225,30452.677419354837
2026/08/01@15:01:18,2978,2.8905,30455.16129032258
2026/08/01@15:01:20,2980,2.8871252,30460.129032258064
2026/08/01@15:01:21,2981,2.8847502,30462.612903225807
2026/08/01@15:01:22,2982,2.883625,30465.09677419355
2026/08/01@15:01:23,2983,2.8847502,30467.58064516129
2026/08/01@15:01:24,2984,2.887,30470.064516129034
2026/08/01@15:01:25,2985,2.88825,30472.548387096773
2026/08/01@15:01:26,2986,2.887375,30475.032258064515
2026/08/01@15:01:27,2987,2.884375,30477.516129032258
2026/08/01@15:01:28,2988,2.891375,30480.0
2026/08/01@15:01:29,2989,2.9006252,30482.8
2026/08/01@15:01:30,2990,2.9042502,30485.6
2026/08/01@15:01:32,2992,2.9042502,30491.2
2026/08/01@15:01:33,2993,2.9021252,30494.0
2026/08/01@15:01:34,2994,2.897375,30496.8
2026/08/01@15:01:35,2995,2.891875,30499.6
2026/08/01@15:01:36,2996,2.8912502,30502.4
2026/08/01@15:01:37,2997,2.8841252,30505.2
2026/08/01@15:01:38,2998,2.9081252,30508.0
2026/08/01@15:01:39,2999,2.906125,30510.8
2026/08/01@15:01:40,3000,2.9046252,30513.6
2026/08/01@15:01:41,3001,2.9046252,30516.4
2026/08/01@15:01:42,3002,2.9067502,30519.2
2026/08/01@15:01:44,3004,2.8875,30524.8
2026/08/01@15:01:45,3005,2.8920002,30527.6
2026/08/01@15:01:46,3006,2.88625,30530.4
2026/08/01@15:01:47,3007,2.88575,30533.2
2026/08/01@15:01:48,3008,2.8928752,30536.0
2026/08/01@15:01:49,3009,2.90225,30538.8
2026/08/01@15:01:50,3010,2.9062502,30541.6
2026/08/01@15:01:51,3011,2.8795002,30544.4
2026/08/01@15:01:52,3012,2.8986252,30547.2
2026/08/01@15:01:53,3013,2.8971252,30550.0
2026/08/01@15:01:54,3014,2.8903752,30552.8
2026/08/01@15:01:56,3015,2.8855002,30558.4
2026/08/01@15:01:57,3017,2.8845,30561.2
2026/08/01@15:01:58,3018,2.8915002,30564.0
2026/08/01@15:01:59,3019,2.8985002,30566.58064516129
2026/08/01@15:02:00,3020,2.8990002,30569.16129032258
2026/08/01@15:02:01,3021,2.8806252,30571.74193548387
2026/08/01@15:02:02,3022,2.903,30574.322580645163
2026/08/01@15:02:03,3023,2.8958752,30576.90322580645
2026/08/01@15:02:04,3024,2.89275,30579.483870967742
2026/08/01@15:02:05,3025,2.8968752,30582.064516129034
2026/08/01@15:02:06,3026,2.895625,30584.645161290322
2026/08/01@15:02:07,3027,2.894,30587.225806451614
2026/08/01@15:02:09,3029,2.8933752,30592.387096774193
2026/08/01@15:02:10,3030,2.8998752,30594.967741935485
2026/08/01@15:02:11,3031,2.9090002,30597.548387096773
2026/08/01@15:02:12,3032,2.88825,30600.129032258064
2026/08/01@15:02:13,3033,2.89575,30602.709677419356
2026/08/01@15:02:14,3034,2.8916252,30605.290322580644
2026/08/01@15:02:15,3035,2.8858752,30607.870967741936
2026/08/01@15:02:16,3036,2.8888752,30610.451612903227
2026/08/01@15:02:17,3037,2.8938752,30613.032258064515
2026/08/01@15:02:18,3038,2.8993752,30615.612903225807
2026/08/01@15:02:19,3039,2.900875,30618.1935483871
2026/08/01@15:02:21,3041,2.9042502,30623.354838709678
2026/08/01@15:02:22,3042,2.906625,30625.935483870966
2026/08/01@15:02:23,3043,2.8993752,30628.516129032258
2026/08/01@15:02:24,3044,2.8953752,30631.09677419355
2026/08/01@15:02:25,3045,2.8921252,30633.677419354837
2026/08/01@15:02:26,3046,2.89,30636.25806451613
2026/08/01@15:02:27,3047,2.893125,30638.83870967742
2026/08/01@15:02:28,3048,2.9016252,30641.41935483871
2026/08/01@15:02:29,3049,2.9080002,30644.0
2026/08/01@15:02:30,3050,2.913,30591.25806451613
2026/08/01@15:02:31,3051,2.884875,30538.516129032258
2026/08/01@15:02:33,3053,2.8976252,30433.032258064515
2026/08/01@15:02:34,3054,2.907375,30380.290322580644
2026/08/01@15:02:35,3055,2.8971252,30327.548387096773
2026/08/01@15:02:36,3056,2.8975,30274.8064516129
2026/08/01@15:02:37,3057,2.8988752,30222.064516129034
2026/08/01@15:02:38,3058,2.8962502,30169.322580645163
2026/08/01@15:02:39,3059,2.8953752,30116.58064516129
2026/08/01@15:02:40,3060,2.8980002,30063.83870967742
2026/08/01@15:02:41,3061,2.9023752,30011.09677419355
2026/08/01@15:02:42,3062,2.897875,29958.354838709678
2026/08/01@15:02:43,3063,2.8950002,29905.612903225807
2026/08/01@15:02:45,3065,2.8933752,29800.129032258064
2026/08/01@15:02:46,3066,2.8912502,29747.387096774193
2026/08/01@15:02:47,3067,2.891875,29694.645161290322
2026/08/01@15:02:48,3068,2.8977502,29641.90322580645
2026/08/01@15:02:49,3069,2.9127502,29589.16129032258
2026/08/01@15:02:50,3070,2.9127502,29536.41935483871
2026/08/01@15:02:51,3071,2.9101252,29483.677419354837
2026/08/01@15:02:52,3072,2.9033752,29430.93548387097
2026/08/01@15:02:53,3073,2.9032502,29378.1935483871
2026/08/01@15:02:54,3074,2.906625,29325.451612903227
2026/08/01@15:02:55,3075,2.910875,29272.709677419356
2026/08/01@15:02:57,3077,2.9110002,29167.225806451614
2026/08/01@15:02:58,3078,2.9027502,29114.483870967742
2026/08/01@15:02:59,3079,2.8920002,29061.74193548387
2026/08/01@15:03:00,3080,2.8850002,29009.0
2026/08/01@15:03:01,3081,2.8912502,28958.933333333334
2026/08/01@15:03:02,3082,2.8997502,28908.866666666665
2026/08/01@15:03:03,3083,2.90225,28858.8
2026/08/01@15:03:04,3084,2.89875,28808.733333333334
2026/08/01@15:03:05,3085,2.8821252,28758.666666666668
2026/08/01@15:03:06,3086,2.9085002,28708.6
2026/08/01@15:03:07,3087,2.90575,28658.533333333333
2026/08/01@15:03:09,3089,2.9041252,28558.4
2026/08/01@15:03:10,3090,2.8993752,28508.333333333332
2026/08/01@15:03:11,3091,2.8920002,28458.266666666666
2026/08/01@15:03:12,3092,2.8906252,28408.2
2026/08/01@15:03:13,3093,2.8911252,28358.133333333335
2026/08/01@15:03:14,3094,2.903875,28308.066666666666
2026/08/01@15:03:15,3095,2.913125,28258.0
2026/08/01@15:03:16,3096,2.914875,28207.933333333334
2026/08/01@15:03:17,3097,2.9028752,28157.866666666665
2026/08/01@15:03:18,3098,2.9007502,28107.8
2026/08/01@15:03:20,3099,2.9080002,28007.666666666668
2026/08/01@15:03:21,3101,2.9058752,27957.6
2026/08/01@15:03:22,3102,2.907,27907.533333333333
2026/08/01@15:03:23,3103,2.903125,27857.466666666667
2026/08/01@15:03:24,3104,2.894875,27807.4
2026/08/01@15:03:25,3105,2.8851252,27757.333333333332
2026/08/01@15:03:26,3106,2.890875,27707.266666666666
2026/08/01@15:03:27,3107,2.904,27657.2
2026/08/01@15:03:28,3108,2.91475,27607.13333333333
2026/08/01@15:03:29,3109,2.9175002,27557.066666666666
2026/08/01@15:03:30,3110,2.8812502,27507.0
2026/08/01@15:03:31,3111,2.8877502,27463.064516129034
2026/08/01@15:03:33,3113,2.8895002,27375.1935483871
2026/08/01@15:03:34,3114,2.89475,27331.25806451613
2026/08/01@15:03:35,3115,2.9002502,27287.322580645163
2026/08/01@15:03:36,3116,2.901,27243.387096774193
2026/08/01@15:03:37,3117,2.893125,27199.451612903227
2026/08/01@15:03:38,3118,2.8893752,27155.516129032258
2026/08/01@15:03:39,3119,2.891875,27111.58064516129
2026/08/01@15:03:40,3120,2.8985002,27067.645161290322
2026/08/01@15:03:41,3121,2.901,27023.709677419356
2026/08/01@15:03:42,3122,2.8958752,26979.774193548386
2026/08/01@15:03:43,3123,2.8921252,26935.83870967742
2026/08/01@15:03:45,3125,2.8916252,26847.967741935485
2026/08/01@15:03:46,3126,2.9002502,26804.032258064515
2026/08/01@15:03:47,3127,2.9055002,26760.09677419355
2026/08/01@15:03:48,3128,2.9072502,26716.16129032258
2026/08/01@15:03:49,3129,2.902625,26672.225806451614
2026/08/01@15:03:50,3130,2.8942502,26628.290322580644
2026/08/01@15:03:51,3131,2.8946252,26584.354838709678
2026/08/01@15:03:52,3132,2.9011252,26540.41935483871
2026/08/01@15:03:53,3133,2.9063752,26496.483870967742
2026/08/01@15:03:54,3134,2.9036252,26452.548387096773
2026/08/01@15:03:55,3135,2.89525,26408.612903225807
2026/08/01@15:03:57,3137,2.8933752,26320.74193548387
2026/08/01@15:03:58,3138,2.903875,26276.8064516129
2026/08/01@15:03:59,3139,2.915625,26232.870967741936
2026/08/01@15:04:00,3140,2.91825,26188.93548387097
2026/08/01@15:04:01,3141,2.918625,26145.0
2026/08/01@15:04:02,3142,2.9068752,26103.633333333335
2026/08/01@15:04:03,3143,2.893625,26062.266666666666
2026/08/01@15:04:04,3144,2.8981252,26020.9
2026/08/01@15:04:05,3145,2.897875,25979.533333333333
2026/08/01@15:04:06,3146,2.9055002,25938.166666666668
2026/08/01@15:04:07,3147,2.9075,25896.8
2026/08/01@15:04:09,3149,2.9046252,25814.066666666666
2026/08/01@15:04:10,3150,2.907,25772.7
2026/08/01@15:04:11,3151,2.9155002,25731.333333333332
2026/08/01@15:04:12,3152,2.9177502,25689.966666666667
2026/08/01@15:04:13,3153,2.9145002,25648.6
2026/08/01@15:04:14,3154,2.9037502,25607.233333333334
2026/08/01@15:04:15,3155,2.893125,25565.866666666665
2026/08/01@15:04:16,3156,2.8905,25524.5
2026/08/01@15:04:17,3157,2.8990002,25483.133333333335
2026/08/01@15:04:18,3158,2.9077502,25441.766666666666
2026/08/01@15:04:19,3159,2.912625,25400.4
2026/08/01@15:04:21,3161,2.9181252,25317.666666666668
2026/08/01@15:04:22,3162,2.89275,25276.3
2026/08/01@15:04:23,3163,2.9015002,25234.933333333334
2026/08/01@15:04:24,3164,2.8990002,25193.566666666666
2026/08/01@15:04:25,3165,2.90525,25152.2
2026/08/01@15:04:26,3166,2.9097502,25110.833333333332
2026/08/01@15:04:27,3167,2.9135,25069.466666666667
2026/08/01@15:04:28,3168,2.9142502,25028.1
2026/08/01@15:04:29,3169,2.889625,24986.733333333334
2026/08/01@15:04:30,3170,2.9016252,24945.366666666665
2026/08/01@15:04:31,3171,2.89875,24904.0
2026/08/01@15:04:33,3173,2.9037502,24833.09677419355
2026/08/01@15:04:34,3174,2.9045002,24797.645161290322
2026/08/01@15:04:35,3175,2.906125,24762.1935483871
2026/08/01@15:04:36,3176,2.907,24726.74193548387
2026/08/01@15:04:37,3177,2.905625,24691.290322580644
2026/08/01@15:04:38,3178,2.9012502,24655.83870967742
2026/08/01@15:04:39,3179,2.9051252,24620.387096774193
2026/08/01@15:04:40,3180,2.8938752,24584.935483870966
2026/08/01@15:04:41,3181,2.9195,24549.483870967742
2026/08/01@15:04:42,3182,2.9151252,24514.032258064515
2026/08/01@15:04:43,3183,2.912125,24478.58064516129
2026/08/01@15:04:44,3184,2.9060002,24443.129032258064
2026/08/01@15:04:46,3186,2.9075,24372.225806451614
2026/08/01@15:04:47,3187,2.9175002,24336.774193548386
2026/08/01@15:04:48,3188,2.9085002,24301.322580645163
2026/08/01@15:04:49,3189,2.9015002,24265.870967741936
2026/08/01@15:04:50,3190,2.900125,24230.41935483871
2026/08/01@15:04:51,3191,2.8993752,24194.967741935485
2026/08/01@15:04:52,3192,2.9006252,24159.516129032258
2026/08/01@15:04:53,3193,2.90575,24124.06451612903
2026/08/01@15:04:54,3194,2.907875,24088.612903225807
2026/08/01@15:04:55,3195,2.901375,24053.16129032258
2026/08/01@15:04:56,3196,2.9077502,24017.709677419356
2026/08/01@15:04:58,3198,2.9072502,23946.8064516129
2026/08/01@15:04:59,3199,2.9063752,23911.354838709678
2026/08/01@15:05:00,3200,2.9088752,23875.90322580645
2026/08/01@15:05:01,3201,2.907875,23840.451612903227
2026/08/01@15:05:02,3202,2.9045002,23805.0
2026/08/01@15:05:03,3203,2.90475,23771.16129032258
2026/08/01@15:05:04,3204,2.908375,23737.322580645163
2026/08/01@15:05:05,3205,2.90925,23703.483870967742
2026/08/01@15:05:06,3206,2.9015002,23669.645161290322
2026/08/01@15:05:07,3207,2.9123752,23635.8064516129
2026/08/01@15:05:08,3208,2.9185002,23601.967741935485
2026/08/01@15:05:10,3210,2.9167502,23534.290322580644
2026/08/01@15:05:11,3211,2.917,23500.451612903227
2026/08/01@15:05:12,3212,2.9176252,23466.612903225807
2026/08/01@15:05:13,3213,2.9202502,23432.774193548386
2026/08/01@15:05:14,3214,2.9207502,23398.93548387097
2026/08/01@15:05:15,3215,2.920375,23365.09677419355
2026/08/01@15:05:16,3216,2.911375,23331.25806451613
2026/08/01@15:05:17,3217,2.891,23297.41935483871
2026/08/01@15:05:18,3218,2.899125,23263.58064516129
2026/08/01@15:05:19,3219,2.911375,23229.74193548387
2026/08/01@15:05:20,3220,2.9080002,23195.90322580645
2026/08/01@15:05:22,3222,2.9027502,23128.225806451614
2026/08/01@15:05:23,3223,2.8976252,23094.387096774193
2026/08/01@15:05:24,3224,2.8967502,23060.548387096773
2026/08/01@15:05:25,3225,2.8980002,23026.709677419356
2026/08/01@15:05:26,3226,2.9015002,22992.870967741936
2026/08/01@15:05:27,3227,2.9015002,22959.032258064515
2026/08/01@15:05:28,3228,2.905625,22925.1935483871
2026/08/01@15:05:29,3229,2.9060002,22891.354838709678
2026/08/01@15:05:30,3230,2.891875,22857.516129032258
2026/08/01@15:05:31,3231,2.90225,22823.677419354837
2026/08/01@15:05:32,3232,2.895625,22789.83870967742
2026/08/01@15:05:34,3234,2.8928752,22723.833333333332
2026/08/01@15:05:35,3235,2.9058752,22691.666666666668
2026/08/01@15:05:36,3236,2.8976252,22659.5
2026/08/01@15:05:37,3237,2.9023752,22627.333333333332
2026/08/01@15:05:38,3238,2.9015002,22595.166666666668
2026/08/01@15:05:39,3239,2.9050002,22563.0
2026/08/01@15:05:40,3240,2.895625,22530.833333333332
2026/08/01@15:05:41,3241,2.9135,22498.666666666668
2026/08/01@15:05:42,3242,2.9228752,22466.5
2026/08/01@15:05:43,3243,2.9220002,22434.333333333332
2026/08/01@15:05:44,3244,2.9202502,22402.166666666668
2026/08/01@15:05:46,3246,2.9180002,22337.833333333332
2026/08/01@15:05:47,3247,2.916625,22305.666666666668
2026/08/01@15:05:48,3248,2.9160002,22273.5
2026/08/01@15:05:49,3249,2.914875,22241.333333333332
2026/08/01@15:05:50,3250,2.9115002,22209.166666666668
2026/08/01@15:05:51,3251,2.9045002,22177.0
2026/08/01@15:05:52,3252,2.8958752,22144.833333333332
2026/08/01@15:05:53,3253,2.8953752,22112.666666666668
2026/08/01@15:05:54,3254,2.9035,22080.5
2026/08/01@15:05:55,3255,2.9080002,22048.333333333332
2026/08/01@15:05:56,3256,2.9062502,22016.166666666668
2026/08/01@15:05:58,3258,2.92125,21951.833333333332
2026/08/01@15:05:59,3259,2.920375,21919.666666666668
2026/08/01@15:06:00,3260,2.9168752,21887.5
2026/08/01@15:06:01,3261,2.9168752,21855.333333333332
2026/08/01@15:06:02,3262,2.9176252,21823.166666666668
2026/08/01@15:06:03,3263,2.9158752,21791.0
2026/08/01@15:06:04,3264,2.9142502,21762.548387096773
2026/08/01@15:06:05,3265,2.9145002,21734.09677419355
2026/08/01@15:06:06,3266,2.9172502,21705.645161290322
2026/08/01@15:06:07,3267,2.9190002,21677.1935483871
2026/08/01@15:06:08,3268,2.92,21648.74193548387
2026/08/01@15:06:10,3270,2.9102502,21591.83870967742
2026/08/01@15:06:11,3271,2.887,21563.387096774193
2026/08/01@15:06:12,3272,2.8906252,21534.935483870966
2026/08/01@15:06:13,3273,2.893125,21506.483870967742
2026/08/01@15:06:14,3274,2.9058752,21478.032258064515
2026/08/01@15:06:15,3275,2.907375,21449.58064516129
2026/08/01@15:06:16,3276,2.9027502,21421.129032258064
2026/08/01@15:06:17,3277,2.8998752,21392.677419354837
2026/08/01@15:06:18,3278,2.9,21364.225806451614
2026/08/01@15:06:19,3279,2.9036252,21335.774193548386
2026/08/01@15:06:20,3280,2.903125,21307.322580645163
2026/08/01@15:06:22,3282,2.8998752,21250.41935483871
2026/08/01@15:06:23,3283,2.8972502,21221.967741935485
2026/08/01@15:06:24,3284,2.8967502,21193.516129032258
2026/08/01@15:06:25,3285,2.899625,21165.06451612903
2026/08/01@15:06:26,3286,2.9006252,21136.612903225807
2026/08/01@15:06:27,3287,2.900875,21108.16129032258
2026/08/01@15:06:28,3288,2.898375,21079.709677419356
2026/08/01@15:06:29,3289,2.89825,21051.25806451613
2026/08/01@15:06:30,3290,2.90175,21022.8064516129
2026/08/01@15:06:31,3291,2.9045002,20994.354838709678
2026/08/01@15:06:32,3292,2.9046252,20965.90322580645
2026/08/01@15:06:34,3294,2.90225,20909.0
2026/08/01@15:06:35,3295,2.901375,20881.41935483871
2026/08/01@15:06:36,3296,2.90225,20853.83870967742
2026/08/01@15:06:37,3297,2.9041252,20826.25806451613
2026/08/01@15:06:38,3298,2.9058752,20798.677419354837
2026/08/01@15:06:39,3299,2.906625,20771.09677419355
2026/08/01@15:06:40,3300,2.90475,20743.516129032258
2026/08/01@15:06:41,3301,2.904375,20715.935483870966
2026/08/01@15:06:42,3302,2.89275,20688.354838709678
2026/08/01@15:06:43,3303,2.9015002,20660.774193548386
2026/08/01@15:06:44,3304,2.8935,20633.1935483871
2026/08/01@15:06:46,3306,2.9198752,20578.032258064515
2026/08/01@15:06:47,3307,2.9181252,20550.451612903227
2026/08/01@15:06:48,3308,2.9127502,20522.870967741936
2026/08/01@15:06:49,3309,2.90875,20495.290322580644
2026/08/01@15:06:50,3310,2.90525,20467.709677419356
2026/08/01@15:06:51,3311,2.9016252,20440.129032258064
2026/08/01@15:06:52,3312,2.8975,20412.548387096773
2026/08/01@15:06:53,3313,2.8981252,20384.967741935485
2026/08/01@15:06:54,3314,2.89925,20357.387096774193
2026/08/01@15:06:55,3315,2.9027502,20329.8064516129
2026/08/01@15:06:56,3316,2.9067502,20302.225806451614
2026/08/01@15:06:58,3318,2.9055002,20247.06451612903
2026/08/01@15:06:59,3319,2.8960002,20219.483870967742
2026/08/01@15:07:00,3320,2.8906252,20191.90322580645
2026/08/01@15:07:01,3321,2.89525,20164.322580645163
2026/08/01@15:07:02,3322,2.91575,20136.74193548387
2026/08/01@15:07:03,3323,2.919125,20109.16129032258
2026/08/01@15:07:04,3324,2.9167502,20081.58064516129
2026/08/01@15:07:05,3325,2.9116252,20054.0
2026/08/01@15:07:06,3326,2.9062502,20027.166666666668
2026/08/01@15:07:07,3327,2.901875,20000.333333333332
2026/08/01@15:07:08,3328,2.901,19973.5
2026/08/01@15:07:10,3330,2.8971252,19919.833333333332
2026/08/01@15:07:11,3331,2.8958752,19893.0
2026/08/01@15:07:12,3332,2.8971252,19866.166666666668
2026/08/01@15:07:13,3333,2.8980002,19839.333333333332
2026/08/01@15:07:14,3334,2.9035,19812.5
2026/08/01@15:07:15,3335,2.905625,19785.666666666668
2026/08/01@15:07:16,3336,2.904875,19758.833333333332
2026/08/01@15:07:17,3337,2.9002502,19732.0
2026/08/01@15:07:18,3338,2.894875,19705.166666666668
2026/08/01@15:07:19,3339,2.8960002,19678.333333333332
2026/08/01@15:07:20,3340,2.9016252,19651.5
2026/08/01@15:07:22,3342,2.889625,19597.833333333332
2026/08/01@15:07:23,3343,2.8988752,19571.0
2026/08/01@15:07:24,3344,2.906625,19544.166666666668
2026/08/01@15:07:25,3345,2.9146252,19517.333333333332
2026/08/01@15:07:26,3346,2.913,19490.5
2026/08/01@15:07:27,3347,2.9098752,19463.666666666668
2026/08/01@15:07:28,3348,2.9085002,19436.833333333332
2026/08/01@15:07:29,3349,2.9053752,19410.0
2026/08/01@15:07:30,3350,2.9025002,19383.166666666668
2026/08/01@15:07:31,3351,2.8990002,19356.333333333332
2026/08/01@15:07:32,3352,2.8971252,19329.5
2026/08/01@15:07:34,3354,2.8963752,19275.833333333332
2026/08/01@15:07:35,3355,2.894,19249.0
2026/08/01@15:07:36,3356,2.8930002,19225.09677419355
2026/08/01@15:07:37,3357,2.8911252,19201.1935483871
2026/08/01@15:07:38,3358,2.8916252,19177.290322580644
2026/08/01@15:07:39,3359,2.894875,19153.387096774193
2026/08/01@15:07:40,3360,2.8986252,19129.483870967742
2026/08/01@15:07:41,3361,2.901375,19105.58064516129
2026/08/01@15:07:42,3362,2.899125,19081.677419354837
2026/08/01@15:07:43,3363,2.899625,19057.774193548386
2026/08/01@15:07:44,3364,2.9012502,19033.870967741936
2026/08/01@15:07:46,3366,2.905625,18986.064516129034
2026/08/01@15:07:47,3367,2.9065,18962.16129032258
2026/08/01@15:07:48,3368,2.904875,18938.25806451613
2026/08/01@15:07:49,3369,2.9027502,18914.354838709678
2026/08/01@15:07:50,3370,2.9,18890.451612903227
2026/08/01@15:07:51,3371,2.9023752,18866.548387096773
2026/08/01@15:07:52,3372,2.90475,18842.645161290322
2026/08/01@15:07:53,3373,2.9067502,18818.74193548387
2026/08/01@15:07:54,3374,2.9035,18794.83870967742
2026/08/01@15:07:55,3375,2.9006252,18770.935483870966
2026/08/01@15:07:56,3376,2.903125,18747.032258064515
2026/08/01@15:07:58,3378,2.9075,18699.225806451614
2026/08/01@15:07:59,3379,2.9077502,18675.322580645163
2026/08/01@15:08:00,3380,2.9025002,18651.41935483871
2026/08/01@15:08:01,3381,2.89575,18627.516129032258
2026/08/01@15:08:02,3382,2.8921252,18603.612903225807
2026/08/01@15:08:03,3383,2.8960002,18579.709677419356
2026/08/01@15:08:04,3384,2.9006252,18555.8064516129
2026/08/01@15:08:05,3385,2.902625,18531.90322580645
2026/08/01@15:08:06,3386,2.8995002,18508.0
2026/08/01@15:08:07,3387,2.8971252,18484.366666666665
2026/08/01@15:08:08,3388,2.89925,18460.733333333334
2026/08/01@15:08:10,3390,2.8868752,18413.466666666667
2026/08/01@15:08:11,3391,2.891,18389.833333333332
2026/08/01@15:08:12,3392,2.917875,18366.2
2026/08/01@15:08:13,3393,2.9135,18342.566666666666
2026/08/01@15:08:14,3394,2.9068752,18318.933333333334
2026/08/01@15:08:15,3395,2.9028752,18295.3
2026/08/01@15:08:16,3396,2.9058752,18271.666666666668
2026/08/01@15:08:17,3397,2.9086252,18248.033333333333
2026/08/01@15:08:18,3398,2.908375,18224.4
2026/08/01@15:08:19,3399,2.903875,18200.766666666666
2026/08/01@15:08:20,3400,2.9015002,18177.133333333335
2026/08/01@15:08:22,3402,2.9046252,18129.866666666665
2026/08/01@15:08:23,3403,2.9102502,18106.233333333334
2026/08/01@15:08:24,3404,2.913,18082.6
2026/08/01@15:08:25,3405,2.9111252,18058.966666666667
2026/08/01@15:08:26,3406,2.908375,18035.333333333332
2026/08/01@15:08:27,3407,2.9071252,18011.7
2026/08/01@15:08:28,3408,2.9116252,17988.066666666666
2026/08/01@15:08:29,3409,2.9165,17964.433333333334
2026/08/01@15:08:30,3410,2.9175002,17940.8
2026/08/01@15:08:31,3411,2.884875,17917.166666666668
2026/08/01@15:08:32,3412,2.8881252,17893.533333333333
2026/08/01@15:08:34,3414,2.8903752,17846.266666666666
2026/08/01@15:08:35,3415,2.8995002,17822.633333333335
2026/08/01@15:08:36,3416,2.9016252,17799.0
2026/08/01@15:08:37,3417,2.8977502,17777.83870967742
2026/08/01@15:08:38,3418,2.8865002,17756.677419354837
2026/08/01@15:08:39,3419,2.8782502,17735.516129032258
2026/08/01@15:08:40,3420,2.88875,17714.354838709678
2026/08/01@15:08:41,3421,2.8997502,17693.1935483871
2026/08/01@15:08:42,3422,2.9041252,17672.032258064515
2026/08/01@15:08:43,3423,2.901375,17650.870967741936
2026/08/01@15:08:44,3424,2.8953752,17629.709677419356
2026/08/01@15:08:46,3426,2.887875,17587.387096774193
2026/08/01@15:08:47,3427,2.891875,17566.225806451614
2026/08/01@15:08:48,3428,2.8990002,17545.064516129034
2026/08/01@15:08:49,3429,2.9020002,17523.90322580645
2026/08/01@15:08:50,3430,2.897875,17502.74193548387
2026/08/01@15:08:51,3431,2.888375,17481.58064516129
2026/08/01@15:08:52,3432,2.8856252,17460.41935483871
2026/08/01@15:08:53,3433,2.8935,17439.25806451613
2026/08/01@15:08:54,3434,2.9011252,17418.09677419355
2026/08/01@15:08:55,3435,2.901875,17396.935483870966
2026/08/01@15:08:56,3436,2.89875,17375.774193548386
2026/08/01@15:08:58,3438,2.896625,17333.451612903227
2026/08/01@15:08:59,3439,2.8907502,17312.290322580644
2026/08/01@15:09:00,3440,2.9055002,17291.129032258064
2026/08/01@15:09:01,3441,2.9177502,17269.967741935485
2026/08/01@15:09:02,3442,2.9155002,17248.8064516129
2026/08/01@15:09:03,3443,2.909625,17227.645161290322
2026/08/01@15:09:04,3444,2.9075,17206.483870967742
2026/08/01@15:09:05,3445,2.9116252,17185.322580645163
2026/08/01@15:09:06,3446,2.9133752,17164.16129032258
2026/08/01@15:09:07,3447,2.8986252,17143.0
2026/08/01@15:09:08,3448,2.896125,17122.16129032258
2026/08/01@15:09:10,3449,2.8915002,17080.483870967742
2026/08/01@15:09:11,3451,2.8825002,17059.645161290322
2026/08/01@15:09:12,3452,2.9036252,17038.8064516129
2026/08/01@15:09:13,3453,2.9127502,17017.967741935485
2026/08/01@15:09:14,3454,2.906125,16997.129032258064
2026/08/01@15:09:15,3455,2.8923752,16976.290322580644
2026/08/01@15:09:16,3456,2.885375,16955.451612903227
2026/08/01@15:09:17,3457,2.89175,16934.612903225807
2026/08/01@15:09:18,3458,2.8980002,16913.774193548386
2026/08/01@15:09:19,3459,2.9077502,16892.935483870966
2026/08/01@15:09:20,3460,2.9037502,16872.09677419355
2026/08/01@15:09:21,3461,2.8960002,16851.25806451613
2026/08/01@15:09:23,3463,2.8875,16809.58064516129
2026/08/01@15:09:24,3464,2.888375,16788.74193548387
2026/08/01@15:09:25,3465,2.897375,16767.90322580645
2026/08/01@15:09:26,3466,2.90175,16747.064516129034
2026/08/01@15:09:27,3467,2.9003752,16726.225806451614
2026/08/01@15:09:28,3468,2.8951252,16705.387096774193
2026/08/01@15:09:29,3469,2.9012502,16684.548387096773
2026/08/01@15:09:30,3470,2.90475,16663.709677419356
2026/08/01@15:09:31,3471,2.9063752,16642.870967741936
2026/08/01@15:09:32,3472,2.903875,16622.032258064515
2026/08/01@15:09:33,3473,2.900125,16601.1935483871
2026/08/01@15:09:35,3475,2.8976252,16559.516129032258
2026/08/01@15:09:36,3476,2.8945002,16538.677419354837
2026/08/01@15:09:37,3477,2.894875,16517.83870967742
2026/08/01@15:09:38,3478,2.8962502,16497.0
2026/08/01@15:09:39,3479,2.89575,16476.333333333332
2026/08/01@15:09:40,3480,2.8942502,16455.666666666668
2026/08/01@15:09:41,3481,2.8895002,16435.0
2026/08/01@15:09:42,3482,2.8893752,16414.333333333332
2026/08/01@15:09:43,3483,2.89225,16393.666666666668
2026/08/01@15:09:44,3484,2.89825,16373.0
2026/08/01@15:09:45,3485,2.9011252,16352.333333333334
2026/08/01@15:09:47,3487,2.9016252,16311.0
2026/08/01@15:09:48,3488,2.901375,16290.333333333334
2026/08/01@15:09:49,3489,2.9025002,16269.666666666666
2026/08/01@15:09:50,3490,2.9055002,16249.0
2026/08/01@15:09:51,3491,2.8925002,16228.333333333334
2026/08/01@15:09:52,3492,2.887875,16207.666666666666
2026/08/01@15:09:53,3493,2.913125,16187.0
2026/08/01@15:09:54,3494,2.9110002,16166.333333333334
2026/08/01@15:09:55,3495,2.9086252,16145.666666666666
2026/08/01@15:09:56,3496,2.907,16125.0
2026/08/01@15:09:57,3497,2.9046252,16104.333333333334
2026/08/01@15:09:59,3499,2.8980002,16063.0
2026/08/01@15:10:00,3500,2.890875,16042.333333333334
2026/08/01@15:10:01,3501,2.8903752,16021.666666666666
2026/08/01@15:10:02,3502,2.8950002,16001.0
2026/08/01@15:10:03,3503,2.894375,15980.333333333334
2026/08/01@15:10:04,3504,2.89475,15959.666666666666
2026/08/01@15:10:05,3505,2.8920002,15939.0
2026/08/01@15:10:06,3506,2.8937502,15918.333333333334
2026/08/01@15:10:07,3507,2.8977502,15897.666666666666
2026/08/01@15:10:08,3508,2.8997502,15877.0
2026/08/01@15:10:09,3509,2.8990002,15858.58064516129
2026/08/01@15:10:11,3511,2.8933752,15821.741935483871
2026/08/01@15:10:12,3512,2.8898752,15803.322580645161
2026/08/01@15:10:13,3513,2.8885002,15784.90322580645
2026/08/01@15:10:14,3514,2.8941252,15766.483870967742
2026/08/01@15:10:15,3515,2.89925,15748.064516129032
2026/08/01@15:10:16,3516,2.9005,15729.645161290322
2026/08/01@15:10:17,3517,2.895625,15711.225806451614
2026/08/01@15:10:18,3518,2.8912502,15692.806451612903
2026/08/01@15:10:19,3519,2.893125,15674.387096774193
2026/08/01@15:10:20,3520,2.899125,15655.967741935485
2026/08/01@15:10:21,3521,2.9016252,15637.548387096775
2026/08/01@15:10:23,3523,2.899625,15600.709677419354
2026/08/01@15:10:24,3524,2.8955002,15582.290322580646
2026/08/01@15:10:25,3525,2.893125,15563.870967741936
2026/08/01@15:10:26,3526,2.8958752,15545.451612903225
2026/08/01@15:10:27,3527,2.9,15527.032258064517
2026/08/01@15:10:28,3528,2.9006252,15508.612903225807
2026/08/01@15:10:29,3529,2.8951252,15490.193548387097
2026/08/01@15:10:30,3530,2.8921252,15471.774193548386
2026/08/01@15:10:31,3531,2.89575,15453.354838709678
2026/08/01@15:10:32,3532,2.9021252,15434.935483870968
2026/08/01@15:10:33,3533,2.9041252,15416.516129032258
2026/08/01@15:10:35,3535,2.9011252,15379.677419354839
2026/08/01@15:10:36,3536,2.8967502,15361.258064516129
2026/08/01@15:10:37,3537,2.8963752,15342.838709677419
2026/08/01@15:10:38,3538,2.9006252,15324.41935483871
2026/08/01@15:10:39,3539,2.901875,15306.0
2026/08/01@15:10:40,3540,2.89225,15287.774193548386
2026/08/01@15:10:41,3541,2.8877502,15269.548387096775
2026/08/01@15:10:42,3542,2.8920002,15251.322580645161
2026/08/01@15:10:43,3543,2.9033752,15233.09677419355
2026/08/01@15:10:44,3544,2.914,15214.870967741936
2026/08/01@15:10:45,3545,2.9127502,15196.645161290322
2026/08/01@15:10:47,3547,2.9027502,15160.193548387097
2026/08/01@15:10:48,3548,2.8828752,15141.967741935483
2026/08/01@15:10:49,3549,2.8768752,15123.741935483871
2026/08/01@15:10:50,3550,2.891375,15105.516129032258
2026/08/01@15:10:51,3551,2.9035,15087.290322580646
2026/08/01@15:10:52,3552,2.902625,15069.064516129032
2026/08/01@15:10:53,3553,2.8958752,15050.838709677419
2026/08/01@15:10:54,3554,2.8902502,15032.612903225807
2026/08/01@15:10:55,3555,2.888375,15014.387096774193
2026/08/01@15:10:56,3556,2.9045002,14996.161290322581
2026/08/01@15:10:57,3557,2.9153752,14977.935483870968
2026/08/01@15:10:59,3559,2.9146252,14941.483870967742
2026/08/01@15:11:00,3560,2.9095002,14923.258064516129
2026/08/01@15:11:01,3561,2.9015002,14905.032258064515
2026/08/01@15:11:02,3562,2.8950002,14886.806451612903
2026/08/01@15:11:03,3563,2.897875,14868.58064516129
2026/08/01@15:11:04,3564,2.90225,14850.354838709678
2026/08/01@15:11:05,3565,2.897875,14832.129032258064
2026/08/01@15:11:06,3566,2.89475,14813.90322580645
2026/08/01@15:11:07,3567,2.893125,14795.677419354839
2026/08/01@15:11:08,3568,2.894375,14777.451612903225
2026/08/01@15:11:09,3569,2.8975,14759.225806451614
2026/08/01@15:11:11,3571,2.898375,14722.733333333334
2026/08/01@15:11:12,3572,2.8965,14704.466666666667
2026/08/01@15:11:13,3573,2.894,14686.2
2026/08/01@15:11:14,3574,2.895625,14667.933333333332
2026/08/01@15:11:15,3575,2.8997502,14649.666666666666
2026/08/01@15:11:16,3576,2.9046252,14631.4
2026/08/01@15:11:17,3577,2.9065,14613.133333333333
2026/08/01@15:11:18,3578,2.907875,14594.866666666667
2026/08/01@15:11:19,3579,2.9027502,14576.6
2026/08/01@15:11:20,3580,2.8846252,14558.333333333334
2026/08/01@15:11:21,3581,2.8902502,14540.066666666668
2026/08/01@15:11:23,3583,2.901375,14503.533333333333
2026/08/01@15:11:24,3584,2.899125,14485.266666666666
2026/08/01@15:11:25,3585,2.8951252,14467.0
2026/08/01@15:11:26,3586,2.89525,14448.733333333334
2026/08/01@15:11:27,3587,2.89575,14430.466666666667
2026/08/01@15:11:28,3588,2.89225,14412.2
2026/08/01@15:11:29,3589,2.89,14393.933333333332
2026/08/01@15:11:30,3590,2.8875,14375.666666666666
2026/08/01@15:11:31,3591,2.89,14357.4
2026/08/01@15:11:32,3592,2.8916252,14339.133333333333
2026/08/01@15:11:33,3593,2.8938752,14320.866666666667
2026/08/01@15:11:35,3595,2.8930002,14284.333333333334
2026/08/01@15:11:36,3596,2.8902502,14266.066666666668
2026/08/01@15:11:37,3597,2.8911252,14247.8
2026/08/01@15:11:38,3598,2.8933752,14229.533333333333
2026/08/01@15:11:39,3599,2.8963752,14211.266666666666
2026/08/01@15:11:40,3600,2.89475,14193.0
2026/08/01@15:11:41,3601,2.8932502,14176.451612903225
2026/08/01@15:11:42,3602,2.8933752,14159.90322580645
2026/08/01@15:11:43,3603,2.896625,14143.354838709678
2026/08/01@15:11:44,3604,2.9002502,14126.806451612903
2026/08/01@15:11:45,3605,2.9007502,14110.258064516129
2026/08/01@15:11:47,3607,2.8962502,14077.161290322581
2026/08/01@15:11:48,3608,2.8877502,14060.612903225807
2026/08/01@15:11:49,3609,2.877,14044.064516129032
2026/08/01@15:11:50,3610,2.899625,14027.516129032258
2026/08/01@15:11:51,3611,2.9127502,14010.967741935485
2026/08/01@15:11:52,3612,2.9098752,13994.41935483871
2026/08/01@15:11:53,3613,2.9058752,13977.870967741936
2026/08/01@15:11:54,3614,2.903875,13961.322580645161
2026/08/01@15:11:55,3615,2.9071252,13944.774193548386
2026/08/01@15:11:56,3616,2.9095002,13928.225806451614
2026/08/01@15:11:57,3617,2.9080002,13911.677419354839
2026/08/01@15:11:59,3619,2.9033752,13878.58064516129
2026/08/01@15:12:00,3620,2.8962502,13862.032258064517
2026/08/01@15:12:01,3621,2.89475,13845.483870967742
2026/08/01@15:12:02,3622,2.8951252,13828.935483870968
2026/08/01@15:12:03,3623,2.8975,13812.387096774193
2026/08/01@15:12:04,3624,2.896125,13795.838709677419
2026/08/01@15:12:05,3625,2.889125,13779.290322580646
2026/08/01@15:12:06,3626,2.8806252,13762.741935483871
2026/08/01@15:12:07,3627,2.881,13746.193548387097
2026/08/01@15:12:08,3628,2.8885002,13729.645161290322
2026/08/01@15:12:09,3629,2.8921252,13713.09677419355
2026/08/01@15:12:11,3631,2.8911252,13680.0
2026/08/01@15:12:12,3632,2.8845,13663.516129032258
2026/08/01@15:12:13,3633,2.881875,13647.032258064517
2026/08/01@15:12:14,3634,2.887375,13630.548387096775
2026/08/01@15:12:15,3635,2.8950002,13614.064516129032
2026/08/01@15:12:16,3636,2.8972502,13597.58064516129
2026/08/01@15:12:17,3637,2.89225,13581.09677419355
2026/08/01@15:12:18,3638,2.884375,13564.612903225807
2026/08/01@15:12:19,3639,2.880875,13548.129032258064
2026/08/01@15:12:20,3640,2.8886252,13531.645161290322
2026/08/01@15:12:21,3641,2.8942502,13515.161290322581
2026/08/01@15:12:23,3643,2.8950002,13482.193548387097
2026/08/01@15:12:24,3644,2.8886252,13465.709677419354
2026/08/01@15:12:25,3645,2.88525,13449.225806451614
2026/08/01@15:12:26,3646,2.8893752,13432.741935483871
2026/08/01@15:12:27,3647,2.8946252,13416.258064516129
2026/08/01@15:12:28,3648,2.88875,13399.774193548386
2026/08/01@15:12:29,3649,2.8898752,13383.290322580646
2026/08/01@15:12:30,3650,2.8776252,13366.806451612903
2026/08/01@15:12:31,3651,2.89575,13350.322580645161
2026/08/01@15:12:32,3652,2.9081252,13333.838709677419
2026/08/01@15:12:33,3653,2.9095002,13317.354838709678
2026/08/01@15:12:35,3655,2.90825,13284.387096774193
2026/08/01@15:12:36,3656,2.9055002,13267.90322580645
2026/08/01@15:12:37,3657,2.903875,13251.41935483871
2026/08/01@15:12:38,3658,2.9063752,13234.935483870968
2026/08/01@15:12:39,3659,2.907375,13218.451612903225
2026/08/01@15:12:40,3660,2.906125,13201.967741935483
2026/08/01@15:12:41,3661,2.893625,13185.483870967742
2026/08/01@15:12:42,3662,2.894,13169.0
2026/08/01@15:12:43,3663,2.8951252,13152.6
2026/08/01@15:12:44,3664,2.8953752,13136.2
2026/08/01@15:12:45,3665,2.8905,13119.8
2026/08/01@15:12:47,3667,2.877,13087.0
2026/08/01@15:12:48,3668,2.87525,13070.6
2026/08/01@15:12:49,3669,2.8732502,13054.2
2026/08/01@15:12:50,3670,2.8773752,13037.8
2026/08/01@15:12:51,3671,2.87925,13021.4
2026/08/01@15:12:52,3672,2.8751252,13005.0
2026/08/01@15:12:53,3673,2.8775,12988.6
2026/08/01@15:12:54,3674,2.8807502,12972.2
2026/08/01@15:12:55,3675,2.88175,12955.8
2026/08/01@15:12:56,3676,2.884375,12939.4
2026/08/01@15:12:57,3677,2.8760002,12923.0
2026/08/01@15:12:58,3678,2.8921252,12906.6
2026/08/01@15:13:00,3680,2.903875,12873.8
2026/08/01@15:13:01,3681,2.900875,12857.4
2026/08/01@15:13:02,3682,2.8958752,12841.0
2026/08/01@15:13:03,3683,2.890125,12824.6
2026/08/01@15:13:04,3684,2.8858752,12808.2
2026/08/01@15:13:05,3685,2.8838752,12791.8
2026/08/01@15:13:06,3686,2.8858752,12775.4
2026/08/01@15:13:07,3687,2.8875,12759.0
2026/08/01@15:13:08,3688,2.877,12742.6
2026/08/01@15:13:09,3689,2.871375,12726.2
2026/08/01@15:13:10,3690,2.89175,12709.8
2026/08/01@15:13:12,3692,2.8998752,12677.0
2026/08/01@15:13:13,3693,2.897375,12662.032258064517
2026/08/01@15:13:14,3694,2.894375,12647.064516129032
2026/08/01@15:13:15,3695,2.8890002,12632.09677419355
2026/08/01@15:13:16,3696,2.88625,12617.129032258064
2026/08/01@15:13:17,3697,2.882625,12602.161290322581
2026/08/01@15:13:18,3698,2.8855002,12587.193548387097
2026/08/01@15:13:19,3699,2.8871252,12572.225806451614
2026/08/01@15:13:20,3700,2.884375,12557.258064516129
2026/08/01@15:13:21,3701,2.885375,12542.290322580646
2026/08/01@15:13:22,3702,2.8828752,12527.322580645161
2026/08/01@15:13:24,3704,2.8815002,12497.387096774193
2026/08/01@15:13:25,3705,2.893125,12482.41935483871
2026/08/01@15:13:26,3706,2.9002502,12467.451612903225
2026/08/01@15:13:27,3707,2.8965,12452.483870967742
2026/08/01@15:13:28,3708,2.89275,12437.516129032258
2026/08/01@15:13:29,3709,2.8925002,12422.548387096775
2026/08/01@15:13:30,3710,2.89275,12407.58064516129
2026/08/01@15:13:31,3711,2.892625,12392.612903225807
2026/08/01@15:13:32,3712,2.889125,12377.645161290322
2026/08/01@15:13:33,3713,2.884,12362.677419354839
2026/08/01@15:13:34,3714,2.8815002,12347.709677419354
2026/08/01@15:13:36,3716,2.88225,12317.774193548386
2026/08/01@15:13:37,3717,2.8842502,12302.806451612903
2026/08/01@15:13:38,3718,2.882625,12287.838709677419
2026/08/01@15:13:39,3719,2.8768752,12272.870967741936
2026/08/01@15:13:40,3720,2.87225,12257.90322580645
2026/08/01@15:13:41,3721,2.87625,12242.935483870968
2026/08/01@15:13:42,3722,2.8812502,12227.967741935485
2026/08/01@15:13:43,3723,2.88225,12213.0
2026/08/01@15:13:44,3724,2.88175,12197.677419354839
2026/08/01@15:13:45,3725,2.8802502,12182.354838709678
2026/08/01@15:13:46,3726,2.8812502,12167.032258064517
2026/08/01@15:13:48,3728,2.8838752,12136.387096774193
2026/08/01@15:13:49,3729,2.88525,12121.064516129032
2026/08/01@15:13:50,3730,2.8785002,12105.741935483871
2026/08/01@15:13:51,3731,2.867125,12090.41935483871
2026/08/01@15:13:52,3732,2.8930002,12075.09677419355
2026/08/01@15:13:53,3733,2.8972502,12059.774193548386
2026/08/01@15:13:54,3734,2.89225,12044.451612903225
2026/08/01@15:13:55,3735,2.8837502,12029.129032258064
2026/08/01@15:13:56,3736,2.87575,12013.806451612903
2026/08/01@15:13:57,3737,2.871375,11998.483870967742
2026/08/01@15:13:58,3738,2.877875,11983.161290322581
2026/08/01@15:14:00,3740,2.8832502,11952.516129032258
2026/08/01@15:14:01,3741,2.8867502,11937.193548387097
2026/08/01@15:14:02,3742,2.8832502,11921.870967741936
2026/08/01@15:14:03,3743,2.86875,11906.548387096775
2026/08/01@15:14:04,3744,2.889125,11891.225806451614
2026/08/01@15:14:05,3745,2.8986252,11875.90322580645
2026/08/01@15:14:06,3746,2.89575,11860.58064516129
2026/08/01@15:14:07,3747,2.8890002,11845.258064516129
2026/08/01@15:14:08,3748,2.8806252,11829.935483870968
2026/08/01@15:14:09,3749,2.877,11814.612903225807
2026/08/01@15:14:10,3750,2.8747502,11799.290322580646
2026/08/01@15:14:12,3752,2.879125,11768.645161290322
2026/08/01@15:14:13,3753,2.8807502,11753.322580645161
2026/08/01@15:14:14,3754,2.8797502,11738.0
2026/08/01@15:14:15,3755,2.8803752,11723.3
2026/08/01@15:14:16,3756,2.8763752,11708.6
2026/08/01@15:14:17,3757,2.875375,11693.9
2026/08/01@15:14:18,3758,2.891875,11679.2
2026/08/01@15:14:19,3759,2.897,11664.5
2026/08/01@15:14:20,3760,2.8907502,11649.8
2026/08/01@15:14:21,3761,2.886125,11635.1
2026/08/01@15:14:22,3762,2.885375,11620.4
2026/08/01@15:14:24,3764,2.8865002,11591.0
2026/08/01@15:14:25,3765,2.88525,11576.3
2026/08/01@15:14:26,3766,2.8786252,11561.6
2026/08/01@15:14:27,3767,2.8716252,11546.9
2026/08/01@15:14:28,3768,2.8712502,11532.2
2026/08/01@15:14:29,3769,2.8763752,11517.5
2026/08/01@15:14:30,3770,2.8798752,11502.8
2026/08/01@15:14:31,3771,2.8805,11488.1
2026/08/01@15:14:32,3772,2.8798752,11473.4
2026/08/01@15:14:33,3773,2.8723752,11458.7
2026/08/01@15:14:34,3774,2.872625,11444.0
2026/08/01@15:14:36,3776,2.887375,11414.6
2026/08/01@15:14:37,3777,2.8968752,11399.9
2026/08/01@15:14:38,3778,2.891375,11385.2
2026/08/01@15:14:39,3779,2.8850002,11370.5
2026/08/01@15:14:40,3780,2.8798752,11355.8
2026/08/01@15:14:41,3781,2.8803752,11341.1
2026/08/01@15:14:42,3782,2.877,11326.4
2026/08/01@15:14:43,3783,2.8786252,11311.7
2026/08/01@15:14:44,3784,2.877875,11297.0
2026/08/01@15:14:45,3785,2.8751252,11283.870967741936
2026/08/01@15:14:46,3786,2.8776252,11270.741935483871
2026/08/01@15:14:48,3788,2.879625,11244.483870967742
2026/08/01@15:14:49,3789,2.88225,11231.354838709678
2026/08/01@15:14:50,3790,2.88175,11218.225806451614
2026/08/01@15:14:51,3791,2.8686252,11205.09677419355
2026/08/01@15:14:52,3792,2.87225,11191.967741935483
2026/08/01@15:14:53,3793,2.8705,11178.838709677419
2026/08/01@15:14:54,3794,2.870125,11165.709677419354
2026/08/01@15:14:55,3795,2.8691252,11152.58064516129
2026/08/01@15:14:56,3796,2.86875,11139.451612903225
2026/08/01@15:14:57,3797,2.8851252,11126.322580645161
2026/08/01@15:14:58,3798,2.886125,11113.193548387097
2026/08/01@15:15:00,3800,2.8975,11086.935483870968
2026/08/01@15:15:01,3801,2.8990002,11073.806451612903
2026/08/01@15:15:02,3802,2.894875,11060.677419354839
2026/08/01@15:15:03,3803,2.8912502,11047.548387096775
2026/08/01@15:15:04,3804,2.8898752,11034.41935483871
2026/08/01@15:15:05,3805,2.8912502,11021.290322580646
2026/08/01@15:15:06,3806,2.8912502,11008.161290322581
2026/08/01@15:15:07,3807,2.8875,10995.032258064517
2026/08/01@15:15:08,3808,2.88525,10981.90322580645
2026/08/01@15:15:09,3809,2.88225,10968.774193548386
2026/08/01@15:15:10,3810,2.8856252,10955.645161290322
2026/08/01@15:15:12,3812,2.8850002,10929.387096774193
2026/08/01@15:15:13,3813,2.881875,10916.258064516129
2026/08/01@15:15:14,3814,2.8741252,10903.129032258064
2026/08/01@15:15:15,3815,2.8738752,10890.0
2026/08/01@15:15:16,3816,2.8790002,10877.290322580646
2026/08/01@15:15:17,3817,2.8806252,10864.58064516129
2026/08/01@15:15:18,3818,2.8802502,10851.870967741936
2026/08/01@15:15:19,3819,2.8600002,10839.161290322581
2026/08/01@15:15:20,3820,2.8902502,10826.451612903225
2026/08/01@15:15:21,3821,2.88275,10813.741935483871
2026/08/01@15:15:22,3822,2.8763752,10801.032258064517
2026/08/01@15:15:24,3824,2.874375,10775.612903225807
2026/08/01@15:15:25,3825,2.8720002,10762.90322580645
2026/08/01@15:15:26,3826,2.8758752,10750.193548387097
2026/08/01@15:15:27,3827,2.877,10737.483870967742
2026/08/01@15:15:28,3828,2.8793752,10724.774193548386
2026/08/01@15:15:29,3829,2.8786252,10712.064516129032
2026/08/01@15:15:30,3830,2.877125,10699.354838709678
2026/08/01@15:15:31,3831,2.87625,10686.645161290322
2026/08/01@15:15:32,3832,2.8723752,10673.935483870968
2026/08/01@15:15:33,3833,2.868875,10661.225806451614
2026/08/01@15:15:34,3834,2.8745,10648.516129032258
2026/08/01@15:15:36,3835,2.8658752,10623.09677419355
2026/08/01@15:15:37,3837,2.8802502,10610.387096774193
2026/08/01@15:15:38,3838,2.891875,10597.677419354839
2026/08/01@15:15:39,3839,2.8921252,10584.967741935485
2026/08/01@15:15:40,3840,2.8888752,10572.258064516129
2026/08/01@15:15:41,3841,2.8828752,10559.548387096775
2026/08/01@15:15:42,3842,2.8767502,10546.838709677419
2026/08/01@15:15:43,3843,2.878375,10534.129032258064
2026/08/01@15:15:44,3844,2.8735,10521.41935483871
2026/08/01@15:15:45,3845,2.8707502,10508.709677419354
2026/08/01@15:15:46,3846,2.8675,10496.0
2026/08/01@15:15:47,3847,2.868875,10482.9
2026/08/01@15:15:49,3849,2.8691252,10456.7
2026/08/01@15:15:50,3850,2.8705,10443.6
2026/08/01@15:15:51,3851,2.8751252,10430.5
2026/08/01@15:15:52,3852,2.8786252,10417.4
2026/08/01@15:15:53,3853,2.879125,10404.3
2026/08/01@15:15:54,3854,2.8765002,10391.2
2026/08/01@15:15:55,3855,2.870625,10378.1
2026/08/01@15:15:56,3856,2.8788752,10365.0
2026/08/01@15:15:57,3857,2.8673752,10351.9
2026/08/01@15:15:58,3858,2.8906252,10338.8
2026/08/01@15:15:59,3859,2.88925,10325.7
2026/08/01@15:16:01,3861,2.8875,10299.5
2026/08/01@15:16:02,3862,2.8872502,10286.4
2026/08/01@15:16:03,3863,2.8856252,10273.3
2026/08/01@15:16:04,3864,2.8790002,10260.2
2026/08/01@15:16:05,3865,2.8725002,10247.1
2026/08/01@15:16:06,3866,2.8715002,10234.0
2026/08/01@15:16:07,3867,2.876625,10220.9
2026/08/01@15:16:08,3868,2.8760002,10207.8
2026/08/01@15:16:09,3869,2.87275,10194.7
2026/08/01@15:16:10,3870,2.871,10181.6
2026/08/01@15:16:11,3871,2.8733752,10168.5
2026/08/01@15:16:13,3873,2.880125,10142.3
2026/08/01@15:16:14,3874,2.879625,10129.2
2026/08/01@15:16:15,3875,2.8641252,10116.1
2026/08/01@15:16:16,3876,2.8846252,10103.0
2026/08/01@15:16:17,3877,2.884375,10091.354838709678
2026/08/01@15:16:18,3878,2.8802502,10079.709677419354
2026/08/01@15:16:19,3879,2.875375,10068.064516129032
2026/08/01@15:16:20,3880,2.870625,10056.41935483871
2026/08/01@15:16:21,3881,2.8668752,10044.774193548386
2026/08/01@15:16:22,3882,2.870625,10033.129032258064
2026/08/01@15:16:23,3883,2.874,10021.483870967742
2026/08/01@15:16:25,3885,2.8788752,9998.193548387097
2026/08/01@15:16:26,3886,2.8773752,9986.548387096775
2026/08/01@15:16:27,3887,2.8721252,9974.90322580645
2026/08/01@15:16:28,3888,2.8712502,9963.258064516129
2026/08/01@15:16:29,3889,2.890875,9951.612903225807
2026/08/01@15:16:30,3890,2.8850002,9939.967741935483
2026/08/01@15:16:31,3891,2.8805,9928.322580645161
2026/08/01@15:16:32,3892,2.880125,9916.677419354839
2026/08/01@15:16:33,3893,2.879625,9905.032258064517
2026/08/01@15:16:34,3894,2.8763752,9893.387096774193
2026/08/01@15:16:35,3895,2.8700002,9881.741935483871
2026/08/01@15:16:37,3897,2.8595002,9858.451612903225
2026/08/01@15:16:38,3898,2.8641252,9846.806451612903
2026/08/01@15:16:39,3899,2.87225,9835.161290322581
2026/08/01@15:16:40,3900,2.87925,9823.516129032258
2026/08/01@15:16:41,3901,2.8777502,9811.870967741936
2026/08/01@15:16:42,3902,2.8745,9800.225806451614
2026/08/01@15:16:43,3903,2.874,9788.58064516129
2026/08/01@15:16:44,3904,2.8621252,9776.935483870968
2026/08/01@15:16:45,3905,2.8617502,9765.290322580646
2026/08/01@15:16:46,3906,2.8902502,9753.645161290322
2026/08/01@15:16:47,3907,2.8837502,9742.0
2026/08/01@15:16:49,3909,2.874,9718.258064516129
2026/08/01@15:16:50,3910,2.8681252,9706.387096774193
2026/08/01@15:16:51,3911,2.8647502,9694.516129032258
2026/08/01@15:16:52,3912,2.870125,9682.645161290322
2026/08/01@15:16:53,3913,2.8732502,9670.774193548386
2026/08/01@15:16:54,3914,2.8767502,9658.90322580645
2026/08/01@15:16:55,3915,2.877125,9647.032258064517
2026/08/01@15:16:56,3916,2.8668752,9635.161290322581
2026/08/01@15:16:57,3917,2.865375,9623.290322580646
2026/08/01@15:16:58,3918,2.8925002,9611.41935483871
2026/08/01@15:16:59,3919,2.8906252,9599.548387096775
2026/08/01@15:17:01,3921,2.8863752,9575.806451612903
2026/08/01@15:17:02,3922,2.88225,9563.935483870968
2026/08/01@15:17:03,3923,2.8786252,9552.064516129032
2026/08/01@15:17:04,3924,2.8777502,9540.193548387097
2026/08/01@15:17:05,3925,2.8765002,9528.322580645161
2026/08/01@15:17:06,3926,2.8728752,9516.451612903225
2026/08/01@15:17:07,3927,2.8695002,9504.58064516129
2026/08/01@15:17:08,3928,2.8637502,9492.709677419354
2026/08/01@15:17:09,3929,2.8677502,9480.838709677419
2026/08/01@15:17:10,3930,2.8725002,9468.967741935483
2026/08/01@15:17:11,3931,2.87525,9457.09677419355
2026/08/01@15:17:13,3933,2.876625,9433.354838709678
2026/08/01@15:17:14,3934,2.876625,9421.483870967742
2026/08/01@15:17:15,3935,2.867125,9409.612903225807
2026/08/01@15:17:16,3936,2.8786252,9397.741935483871
2026/08/01@15:17:17,3937,2.8872502,9385.870967741936
2026/08/01@15:17:18,3938,2.8788752,9374.0
2026/08/01@15:17:19,3939,2.87225,9362.354838709678
2026/08/01@15:17:20,3940,2.867875,9350.709677419354
2026/08/01@15:17:21,3941,2.864,9339.064516129032
2026/08/01@15:17:22,3942,2.8673752,9327.41935483871
2026/08/01@15:17:23,3943,2.8707502,9315.774193548386
2026/08/01@15:17:25,3945,2.876125,9292.483870967742
2026/08/01@15:17:26,3946,2.8777502,9280.838709677419
2026/08/01@15:17:27,3947,2.8658752,9269.193548387097
2026/08/01@15:17:28,3948,2.8620002,9257.548387096775
2026/08/01@15:17:29,3949,2.8905,9245.90322580645
2026/08/01@15:17:30,3950,2.8876252,9234.258064516129
2026/08/01@15:17:31,3951,2.8842502,9222.612903225807
2026/08/01@15:17:32,3952,2.879125,9210.967741935483
2026/08/01@15:17:33,3953,2.87275,9199.322580645161
2026/08/01@15:17:34,3954,2.8682502,9187.677419354839
2026/08/01@15:17:35,3955,2.8646252,9176.032258064517
2026/08/01@15:17:37,3957,2.8642502,9152.741935483871
2026/08/01@15:17:38,3958,2.8663752,9141.09677419355
2026/08/01@15:17:39,3959,2.8675,9129.451612903225
2026/08/01@15:17:40,3960,2.8686252,9117.806451612903
2026/08/01@15:17:41,3961,2.868875,9106.161290322581
2026/08/01@15:17:42,3962,2.8698752,9094.516129032258
2026/08/01@15:17:43,3963,2.873125,9082.870967741936
2026/08/01@15:17:44,3964,2.876625,9071.225806451614
2026/08/01@15:17:45,3965,2.8775,9059.58064516129
2026/08/01@15:17:46,3966,2.8751252,9047.935483870968
2026/08/01@15:17:47,3967,2.8725002,9036.290322580646
2026/08/01@15:17:49,3969,2.865375,9013.0
2026/08/01@15:17:50,3970,2.8733752,9001.3
2026/08/01@15:17:51,3971,2.8886252,8989.6
2026/08/01@15:17:52,3972,2.884,8977.9
2026/08/01@15:17:53,3973,2.876125,8966.2
2026/08/01@15:17:54,3974,2.8708752,8954.5
2026/08/01@15:17:55,3975,2.8712502,8942.8
2026/08/01@15:17:56,3976,2.86875,8931.1
2026/08/01@15:17:57,3977,2.8703752,8919.4
2026/08/01@15:17:58,3978,2.8712502,8907.7
2026/08/01@15:17:59,3979,2.8720002,8896.0
2026/08/01@15:18:01,3981,2.8735,8872.6
2026/08/01@15:18:02,3982,2.8605,8860.9
2026/08/01@15:18:03,3983,2.8602502,8849.2
2026/08/01@15:18:04,3984,2.8790002,8837.5
2026/08/01@15:18:05,3985,2.887875,8825.8
2026/08/01@15:18:06,3986,2.885375,8814.1
2026/08/01@15:18:07,3987,2.883625,8802.4
2026/08/01@15:18:08,3988,2.8816252,8790.7
2026/08/01@15:18:09,3989,2.8781252,8779.0
2026/08/01@15:18:10,3990,2.8745,8767.3
2026/08/01@15:18:11,3991,2.86975,8755.6
2026/08/01@15:18:13,3993,2.8647502,8732.2
2026/08/01@15:18:14,3994,2.8681252,8720.5
2026/08/01@15:18:15,3995,2.872625,8708.8
2026/08/01@15:18:16,3996,2.867125,8697.1
2026/08/01@15:18:17,3997,2.8630002,8685.4
2026/08/01@15:18:18,3998,2.8868752,8673.7
2026/08/01@15:18:19,3999,2.881875,8662.0
2026/08/01@15:18:20,4000,2.875375,8651.0
2026/08/01@15:18:21,4001,2.8656252,8640.0
2026/08/01@15:18:22,4002,2.8635,8629.0
2026/08/01@15:18:23,4003,2.8681252,8618.0
2026/08/01@15:18:25,4005,2.8728752,8596.0
2026/08/01@15:18:26,4006,2.875375,8585.0
2026/08/01@15:18:27,4007,2.86925,8574.0
2026/08/01@15:18:28,4008,2.8615,8563.0
2026/08/01@15:18:29,4009,2.8750002,8552.0
2026/08/01@15:18:30,4010,2.887375,8541.0
2026/08/01@15:18:31,4011,2.88575,8530.0
2026/08/01@15:18:32,4012,2.8820002,8519.0
2026/08/01@15:18:33,4013,2.8751252,8508.0
2026/08/01@15:18:34,4014,2.8730002,8497.0
2026/08/01@15:18:35,4015,2.876125,8486.0
2026/08/01@15:18:37,4017,2.878,8464.0
2026/08/01@15:18:38,4018,2.8732502,8453.0
2026/08/01@15:18:39,4019,2.8612502,8442.0
2026/08/01@15:18:40,4020,2.861375,8431.0
2026/08/01@15:18:41,4021,2.8668752,8420.0
2026/08/01@15:18:42,4022,2.8737502,8409.0
2026/08/01@15:18:43,4023,2.8760002,8398.0
2026/08/01@15:18:44,4024,2.8716252,8387.0
2026/08/01@15:18:45,4025,2.868875,8376.0
2026/08/01@15:18:46,4026,2.86275,8365.0
2026/08/01@15:18:47,4027,2.8646252,8354.0
2026/08/01@15:18:49,4029,2.867,8332.0
2026/08/01@15:18:50,4030,2.8595002,8321.0
2026/08/01@15:18:51,4031,2.8707502,8310.032258064517
2026/08/01@15:18:52,4032,2.871375,8299.064516129032
2026/08/01@15:18:53,4033,2.873125,8288.09677419355
2026/08/01@15:18:54,4034,2.88525,8277.129032258064
2026/08/01@15:18:55,4035,2.88625,8266.161290322581
2026/08/01@15:18:56,4036,2.8832502,8255.193548387097
2026/08/01@15:18:57,4037,2.8735,8244.225806451614
2026/08/01@15:18:58,4038,2.8635,8233.258064516129
2026/08/01@15:18:59,4039,2.8603752,8222.290322580646
2026/08/01@15:19:01,4041,2.8676252,8200.354838709678
2026/08/01@15:19:02,4042,2.871875,8189.387096774193
2026/08/01@15:19:03,4043,2.8715002,8178.419354838709
2026/08/01@15:19:04,4044,2.86325,8167.451612903225
2026/08/01@15:19:05,4045,2.859625,8156.483870967742
2026/08/01@15:19:06,4046,2.8646252,8145.5161290322585
2026/08/01@15:19:07,4047,2.871375,8134.548387096775
2026/08/01@15:19:08,4048,2.871875,8123.580645161291
2026/08/01@15:19:09,4049,2.8560002,8112.612903225807
2026/08/01@15:19:10,4050,2.86225,8101.645161290323
2026/08/01@15:19:11,4051,2.8511252,8090.677419354839
2026/08/01@15:19:13,4053,2.8538752,8068.741935483871
2026/08/01@15:19:14,4054,2.8633752,8057.774193548387
2026/08/01@15:19:15,4055,2.88225,8046.806451612903
2026/08/01@15:19:16,4056,2.8868752,8035.8387096774195
2026/08/01@15:19:17,4057,2.8860002,8024.870967741936
2026/08/01@15:19:18,4058,2.8856252,8013.903225806452
2026/08/01@15:19:19,4059,2.883125,8002.935483870968
2026/08/01@15:19:20,4060,2.8788752,7991.967741935484
2026/08/01@15:19:21,4061,2.8732502,7981.0
2026/08/01@15:19:22,4062,2.8725002,7970.0
2026/08/01@15:19:23,4063,2.870125,7959.0
2026/08/01@15:19:25,4065,2.867875,7937.0
2026/08/01@15:19:26,4066,2.8633752,7926.0
2026/08/01@15:19:27,4067,2.8621252,7915.0
2026/08/01@15:19:28,4068,2.8642502,7904.0
2026/08/01@15:19:29,4069,2.867875,7893.0
2026/08/01@15:19:30,4070,2.8693752,7882.0
2026/08/01@15:19:31,4071,2.868,7871.0
2026/08/01@15:19:32,4072,2.8685002,7860.0
2026/08/01@15:19:33,4073,2.8693752,7849.0
2026/08/01@15:19:34,4074,2.8581252,7838.0
2026/08/01@15:19:35,4075,2.8537502,7827.0
2026/08/01@15:19:37,4077,2.884875,7805.0
2026/08/01@15:19:38,4078,2.87925,7794.0
2026/08/01@15:19:39,4079,2.8737502,7783.0
2026/08/01@15:19:40,4080,2.867875,7772.0
2026/08/01@15:19:41,4081,2.865375,7761.0
2026/08/01@15:19:42,4082,2.8641252,7750.0
2026/08/01@15:19:43,4083,2.8667502,7739.0
2026/08/01@15:19:44,4084,2.866125,7728.0
2026/08/01@15:19:45,4085,2.867,7717.0
2026/08/01@15:19:46,4086,2.871,7706.0
2026/08/01@15:19:47,4087,2.874,7695.0
2026/08/01@15:19:48,4088,2.874375,7684.0
2026/08/01@15:19:50,4090,2.863125,7662.0
2026/08/01@15:19:51,4091,2.85925,7651.0
2026/08/01@15:19:52,4092,2.872625,7640.290322580645
2026/08/01@15:19:53,4093,2.8798752,7629.580645161291
2026/08/01@15:19:54,4094,2.87875,7618.870967741936
2026/08/01@15:19:55,4095,2.8768752,7608.1612903225805
2026/08/01@15:19:56,4096,2.8703752,7597.451612903225
2026/08/01@15:19:57,4097,2.8660002,7586.741935483871
2026/08/01@15:19:58,4098,2.867,7576.032258064516
2026/08/01@15:19:59,4099,2.87575,7565.322580645161
2026/08/01@15:20:00,4100,2.881875,7554.612903225807
2026/08/01@15:20:02,4102,2.88175,7533.193548387097
2026/08/01@15:20:03,4103,2.878,7522.483870967742
2026/08/01@15:20:04,4104,2.871,7511.774193548387
2026/08/01@15:20:05,4105,2.870625,7501.064516129032
2026/08/01@15:20:06,4106,2.8716252,7490.354838709677
2026/08/01@15:20:07,4107,2.877875,7479.645161290323
2026/08/01@15:20:08,4108,2.875375,7468.935483870968
2026/08/01@15:20:09,4109,2.8675,7458.225806451613
2026/08/01@15:20:10,4110,2.856625,7447.5161290322585
2026/08/01@15:20:11,4111,2.848875,7436.806451612903
2026/08/01@15:20:12,4112,2.858875,7426.096774193548
2026/08/01@15:20:14,4114,2.8655002,7404.677419354839
2026/08/01@15:20:15,4115,2.8647502,7393.967741935484
2026/08/01@15:20:16,4116,2.86275,7383.258064516129
2026/08/01@15:20:17,4117,2.8642502,7372.548387096775
2026/08/01@15:20:18,4118,2.8656252,7361.8387096774195
2026/08/01@15:20:19,4119,2.8695002,7351.129032258064
2026/08/01@15:20:20,4120,2.8690002,7340.419354838709
2026/08/01@15:20:21,4121,2.8711252,7329.709677419355
2026/08/01@15:20:22,4122,2.8690002,7319.0
2026/08/01@15:20:23,4123,2.8673752,7309.096774193548
2026/08/01@15:20:24,4124,2.868375,7299.193548387097
2026/08/01@15:20:26,4126,2.86925,7279.387096774193
2026/08/01@15:20:27,4127,2.86525,7269.4838709677415
2026/08/01@15:20:28,4128,2.8620002,7259.580645161291
2026/08/01@15:20:29,4129,2.864,7249.677419354839
2026/08/01@15:20:30,4130,2.8598752,7239.774193548387
2026/08/01@15:20:31,4131,2.8637502,7229.870967741936
2026/08/01@15:20:32,4132,2.877875,7219.967741935484
2026/08/01@15:20:33,4133,2.88575,7210.064516129032
2026/08/01@15:20:34,4134,2.884,7200.1612903225805
2026/08/01@15:20:35,4135,2.884,7190.258064516129
2026/08/01@15:20:36,4136,2.8856252,7180.354838709677
2026/08/01@15:20:38,4138,2.884375,7160.548387096775
2026/08/01@15:20:39,4139,2.879625,7150.645161290323
2026/08/01@15:20:40,4140,2.8705,7140.741935483871
2026/08/01@15:20:41,4141,2.8672502,7130.8387096774195
2026/08/01@15:20:42,4142,2.867875,7120.935483870968
2026/08/01@15:20:43,4143,2.8721252,7111.032258064516
2026/08/01@15:20:44,4144,2.867875,7101.129032258064
2026/08/01@15:20:45,4145,2.8626252,7091.225806451613
2026/08/01@15:20:46,4146,2.860125,7081.322580645161
2026/08/01@15:20:47,4147,2.8615,7071.419354838709
2026/08/01@15:20:48,4148,2.8675,7061.5161290322585
2026/08/01@15:20:50,4150,2.8725002,7041.709677419355
2026/08/01@15:20:51,4151,2.8728752,7031.806451612903
2026/08/01@15:20:52,4152,2.8603752,7021.903225806452
2026/08/01@15:20:53,4153,2.8711252,7012.0
2026/08/01@15:20:54,4154,2.8855002,7001.4838709677415
2026/08/01@15:20:55,4155,2.8846252,6990.967741935484
2026/08/01@15:20:56,4156,2.884,6980.451612903225
2026/08/01@15:20:57,4157,2.8811252,6969.935483870968
2026/08/01@15:20:58,4158,2.8765002,6959.419354838709
2026/08/01@15:20:59,4159,2.8705,6948.903225806452
2026/08/01@15:21:00,4160,2.8665002,6938.387096774193
2026/08/01@15:21:02,4162,2.86525,6917.354838709677
2026/08/01@15:21:03,4163,2.8691252,6906.8387096774195
2026/08/01@15:21:04,4164,2.8647502,6896.322580645161
2026/08/01@15:21:05,4165,2.86225,6885.806451612903
2026/08/01@15:21:06,4166,2.8577502,6875.290322580645
2026/08/01@15:21:07,4167,2.8572502,6864.774193548387
2026/08/01@15:21:08,4168,2.86325,6854.258064516129
2026/08/01@15:21:09,4169,2.8708752,6843.741935483871
2026/08/01@15:21:10,4170,2.874875,6833.225806451613
2026/08/01@15:21:11,4171,2.8712502,6822.709677419355
2026/08/01@15:21:12,4172,2.8617502,6812.193548387097
2026/08/01@15:21:14,4174,2.861,6791.1612903225805
2026/08/01@15:21:15,4175,2.858375,6780.645161290323
2026/08/01@15:21:16,4176,2.88875,6770.129032258064
2026/08/01@15:21:17,4177,2.8847502,6759.612903225807
2026/08/01@15:21:18,4178,2.877125,6749.096774193548
2026/08/01@15:21:19,4179,2.8703752,6738.580645161291
2026/08/01@15:21:20,4180,2.8705,6728.064516129032
2026/08/01@15:21:21,4181,2.86975,6717.548387096775
2026/08/01@15:21:22,4182,2.868,6707.032258064516
2026/08/01@15:21:23,4183,2.8630002,6696.516129032258
2026/08/01@15:21:24,4184,2.8598752,6686.0
2026/08/01@15:21:26,4186,2.863125,6664.666666666667
2026/08/01@15:21:27,4187,2.8660002,6654.0
2026/08/01@15:21:28,4188,2.867,6643.333333333333
2026/08/01@15:21:29,4189,2.8647502,6632.666666666667
2026/08/01@15:21:30,4190,2.867875,6622.0
2026/08/01@15:21:31,4191,2.8708752,6611.333333333333
2026/08/01@15:21:32,4192,2.8720002,6600.666666666667
2026/08/01@15:21:33,4193,2.8691252,6590.0
2026/08/01@15:21:34,4194,2.868,6579.333333333333
2026/08/01@15:21:35,4195,2.8673752,6568.666666666667
2026/08/01@15:21:36,4196,2.868875,6558.0
2026/08/01@15:21:38,4198,2.8641252,6536.666666666667
2026/08/01@15:21:39,4199,2.8612502,6526.0
2026/08/01@15:21:40,4200,2.8715002,6515.333333333333
2026/08/01@15:21:41,4201,2.8705,6504.666666666667
2026/08/01@15:21:42,4202,2.8712502,6494.0
2026/08/01@15:21:43,4203,2.8703752,6483.333333333333
2026/08/01@15:21:44,4204,2.8703752,6472.666666666667
2026/08/01@15:21:45,4205,2.8686252,6462.0
2026/08/01@15:21:46,4206,2.8665002,6451.333333333333
2026/08/01@15:21:47,4207,2.8650002,6440.666666666667
2026/08/01@15:21:48,4208,2.8630002,6430.0
2026/08/01@15:21:50,4210,2.8605,6408.666666666667
2026/08/01@15:21:51,4211,2.85925,6398.0
2026/08/01@15:21:52,4212,2.8605,6387.333333333333
2026/08/01@15:21:53,4213,2.8655002,6376.666666666667
2026/08/01@15:21:54,4214,2.8682502,6366.0
2026/08/01@15:21:55,4215,2.866125,6355.870967741936
2026/08/01@15:21:56,4216,2.861375,6345.741935483871
2026/08/01@15:21:57,4217,2.8595002,6335.612903225807
2026/08/01@15:21:58,4218,2.8630002,6325.4838709677415
2026/08/01@15:21:59,4219,2.8660002,6315.354838709677
2026/08/01@15:22:00,4220,2.8695002,6305.225806451613
2026/08/01@15:22:01,4221,2.8665002,6295.096774193548
2026/08/01@15:22:03,4223,2.8615,6274.8387096774195
2026/08/01@15:22:04,4224,2.8638752,6264.709677419355
2026/08/01@15:22:05,4225,2.8708752,6254.580645161291
2026/08/01@15:22:06,4226,2.8758752,6244.451612903225
2026/08/01@15:22:07,4227,2.877125,6234.322580645161
2026/08/01@15:22:08,4228,2.8755002,6224.193548387097
2026/08/01@15:22:09,4229,2.8732502,6214.064516129032
2026/08/01@15:22:10,4230,2.874875,6203.935483870968
2026/08/01@15:22:11,4231,2.8773752,6193.806451612903
2026/08/01@15:22:12,4232,2.8781252,6183.677419354839
2026/08/01@15:22:13,4233,2.874,6173.548387096775
2026/08/01@15:22:15,4235,2.867,6153.290322580645
2026/08/01@15:22:16,4236,2.8635,6143.1612903225805
2026/08/01@15:22:17,4237,2.8658752,6133.032258064516
2026/08/01@15:22:18,4238,2.8702502,6122.903225806452
2026/08/01@15:22:19,4239,2.8668752,6112.774193548387
2026/08/01@15:22:20,4240,2.8605,6102.645161290323
2026/08/01@15:22:21,4241,2.853125,6092.516129032258
2026/08/01@15:22:22,4242,2.8521252,6082.387096774193
2026/08/01@15:22:23,4243,2.8591252,6072.258064516129
2026/08/01@15:22:24,4244,2.8638752,6062.129032258064
2026/08/01@15:22:25,4245,2.86525,6052.0
2026/08/01@15:22:27,4247,2.8620002,6031.870967741936
2026/08/01@15:22:28,4248,2.858,6021.806451612903
2026/08/01@15:22:29,4249,2.8565002,6011.741935483871
2026/08/01@15:22:30,4250,2.864875,6001.677419354839
2026/08/01@15:22:31,4251,2.8720002,5991.612903225807
2026/08/01@15:22:32,4252,2.8730002,5981.548387096775
2026/08/01@15:22:33,4253,2.8686252,5971.4838709677415
2026/08/01@15:22:34,4254,2.866625,5961.419354838709
2026/08/01@15:22:35,4255,2.8720002,5951.354838709677
2026/08/01@15:22:36,4256,2.879625,5941.290322580645
2026/08/01@15:22:37,4257,2.8830002,5931.225806451613
2026/08/01@15:22:39,4259,2.880875,5911.096774193548
2026/08/01@15:22:40,4260,2.8702502,5901.032258064516
2026/08/01@15:22:41,4261,2.871375,5890.967741935484
2026/08/01@15:22:42,4262,2.8730002,5880.903225806452
2026/08/01@15:22:43,4263,2.8841252,5870.8387096774195
2026/08/01@15:22:44,4264,2.8823752,5860.774193548387
2026/08/01@15:22:45,4265,2.879625,5850.709677419355
2026/08/01@15:22:46,4266,2.8772502,5840.645161290323
2026/08/01@15:22:47,4267,2.8772502,5830.580645161291
2026/08/01@15:22:48,4268,2.8768752,5820.5161290322585
2026/08/01@15:22:49,4269,2.8747502,5810.451612903225
2026/08/01@15:22:51,4271,2.8723752,5790.322580645161
2026/08/01@15:22:52,4272,2.8741252,5780.258064516129
2026/08/01@15:22:53,4273,2.8756252,5770.193548387097
2026/08/01@15:22:54,4274,2.8775,5760.129032258064
2026/08/01@15:22:55,4275,2.878,5750.064516129032
2026/08/01@15:22:56,4276,2.8690002,5740.0
2026/08/01@15:22:57,4277,2.8651252,5729.580645161291
2026/08/01@15:22:58,4278,2.848,5719.1612903225805
2026/08/01@15:22:59,4279,2.850625,5708.741935483871
2026/08/01@15:23:00,4280,2.8447502,5698.322580645161
2026/08/01@15:23:01,4281,2.845375,5687.903225806452
2026/08/01@15:23:03,4283,2.8455002,5667.064516129032
2026/08/01@15:23:04,4284,2.847625,5656.645161290323
2026/08/01@15:23:05,4285,2.8533752,5646.225806451613
2026/08/01@15:23:06,4286,2.8641252,5635.806451612903
2026/08/01@15:23:07,4287,2.87175,5625.387096774193
2026/08/01@15:23:08,4288,2.86975,5614.967741935484
2026/08/01@15:23:09,4289,2.8673752,5604.548387096775
2026/08/01@15:23:10,4290,2.8526252,5594.129032258064
2026/08/01@15:23:11,4291,2.8530002,5583.709677419355
2026/08/01@15:23:12,4292,2.8563752,5573.290322580645
2026/08/01@15:23:13,4293,2.8563752,5562.870967741936
2026/08/01@15:23:15,4295,2.8603752,5542.032258064516
2026/08/01@15:23:16,4296,2.86575,5531.612903225807
2026/08/01@15:23:17,4297,2.8665002,5521.193548387097
2026/08/01@15:23:18,4298,2.8656252,5510.774193548387
2026/08/01@15:23:19,4299,2.8635,5500.354838709677
2026/08/01@15:23:20,4300,2.8567502,5489.935483870968
2026/08/01@15:23:21,4301,2.86625,5479.516129032258
2026/08/01@15:23:22,4302,2.86925,5469.096774193548
2026/08/01@15:23:23,4303,2.8728752,5458.677419354839
2026/08/01@15:23:24,4304,2.86925,5448.258064516129
2026/08/01@15:23:25,4305,2.8658752,5437.8387096774195
2026/08/01@15:23:27,4307,2.8582502,5417.0
2026/08/01@15:23:28,4308,2.8625002,5406.266666666666
2026/08/01@15:23:29,4309,2.867,5395.533333333334
2026/08/01@15:23:30,4310,2.860625,5384.8
2026/08/01@15:23:31,4311,2.84875,5374.066666666667
2026/08/01@15:23:32,4312,2.855375,5363.333333333333
2026/08/01@15:23:33,4313,2.8585002,5352.6
2026/08/01@15:23:34,4314,2.871,5341.866666666667
2026/08/01@15:23:35,4315,2.8803752,5331.133333333333
2026/08/01@15:23:36,4316,2.876125,5320.4
2026/08/01@15:23:37,4317,2.8700002,5309.666666666667
2026/08/01@15:23:39,4318,2.8637502,5288.2
2026/08/01@15:23:40,4320,2.8620002,5277.466666666666
2026/08/01@15:23:41,4321,2.864,5266.733333333334
2026/08/01@15:23:42,4322,2.86325,5256.0
2026/08/01@15:23:43,4323,2.8598752,5245.266666666666
2026/08/01@15:23:44,4324,2.85575,5234.533333333334
2026/08/01@15:23:45,4325,2.8556252,5223.8
2026/08/01@15:23:46,4326,2.8591252,5213.066666666667
2026/08/01@15:23:47,4327,2.864375,5202.333333333333
2026/08/01@15:23:48,4328,2.867,5191.6
2026/08/01@15:23:49,4329,2.8645,5180.866666666667
2026/08/01@15:23:50,4330,2.8558752,5170.133333333333
2026/08/01@15:23:52,4332,2.843625,5148.666666666667
2026/08/01@15:23:53,4333,2.85275,5137.933333333333
2026/08/01@15:23:54,4334,2.8795002,5127.2
2026/08/01@15:23:55,4335,2.8816252,5116.466666666667
2026/08/01@15:23:56,4336,2.8781252,5105.733333333334
2026/08/01@15:23:57,4337,2.8738752,5095.0
2026/08/01@15:23:58,4338,2.871375,5084.709677419355
2026/08/01@15:23:59,4339,2.8730002,5074.419354838709
2026/08/01@15:24:00,4340,2.8767502,5064.129032258064
2026/08/01@15:24:01,4341,2.88,5053.8387096774195
2026/08/01@15:24:02,4342,2.861,5043.548387096775
2026/08/01@15:24:04,4344,2.8481252,5022.967741935484
2026/08/01@15:24:05,4345,2.8585002,5012.677419354839
2026/08/01@15:24:06,4346,2.8633752,5002.387096774193
2026/08/01@15:24:07,4347,2.8658752,4992.096774193548
2026/08/01@15:24:08,4348,2.8665002,4981.806451612903
2026/08/01@15:24:09,4349,2.864375,4971.516129032258
2026/08/01@15:24:10,4350,2.8556252,4961.225806451613
2026/08/01@15:24:11,4351,2.8475,4950.935483870968
2026/08/01@15:24:12,4352,2.8490002,4940.645161290323
2026/08/01@15:24:13,4353,2.8582502,4930.354838709677
2026/08/01@15:24:14,4354,2.8591252,4920.064516129032
2026/08/01@15:24:16,4356,2.853125,4899.4838709677415
2026/08/01@15:24:17,4357,2.846625,4889.193548387097
2026/08/01@15:24:18,4358,2.8505,4878.903225806452
2026/08/01@15:24:19,4359,2.8590002,4868.612903225807
2026/08/01@15:24:20,4360,2.86525,4858.322580645161
2026/08/01@15:24:21,4361,2.8655002,4848.032258064516
2026/08/01@15:24:22,4362,2.8626252,4837.741935483871
2026/08/01@15:24:23,4363,2.8628752,4827.451612903225
2026/08/01@15:24:24,4364,2.8645,4817.1612903225805
2026/08/01@15:24:25,4365,2.864875,4806.870967741936
2026/08/01@15:24:26,4366,2.8481252,4796.580645161291
2026/08/01@15:24:28,4368,2.8481252,4776.0
2026/08/01@15:24:29,4369,2.8693752,4766.225806451613
2026/08/01@15:24:30,4370,2.8747502,4756.451612903225
2026/08/01@15:24:31,4371,2.870125,4746.677419354839
2026/08/01@15:24:32,4372,2.8685002,4736.903225806452
2026/08/01@15:24:33,4373,2.8668752,4727.129032258064
2026/08/01@15:24:34,4374,2.8665002,4717.354838709677
2026/08/01@15:24:35,4375,2.865375,4707.580645161291
2026/08/01@15:24:36,4376,2.86325,4697.806451612903
2026/08/01@15:24:37,4377,2.8625002,4688.032258064516
2026/08/01@15:24:38,4378,2.85975,4678.258064516129
2026/08/01@15:24:40,4380,2.8612502,4658.709677419355
2026/08/01@15:24:41,4381,2.8603752,4648.935483870968
2026/08/01@15:24:42,4382,2.858375,4639.1612903225805
2026/08/01@15:24:43,4383,2.85925,4629.387096774193
2026/08/01@15:24:44,4384,2.863125,4619.612903225807
2026/08/01@15:24:45,4385,2.8685002,4609.8387096774195
2026/08/01@15:24:46,4386,2.8707502,4600.064516129032
2026/08/01@15:24:47,4387,2.8730002,4590.290322580645
2026/08/01@15:24:48,4388,2.873125,4580.5161290322585
2026/08/01@15:24:49,4389,2.852375,4570.741935483871
2026/08/01@15:24:50,4390,2.8555002,4560.967741935484
2026/08/01@15:24:52,4392,2.863125,4541.419354838709
2026/08/01@15:24:53,4393,2.858875,4531.645161290323
2026/08/01@15:24:54,4394,2.8573752,4521.870967741936
2026/08/01@15:24:55,4395,2.8567502,4512.096774193548
2026/08/01@15:24:56,4396,2.8598752,4502.322580645161
2026/08/01@15:24:57,4397,2.86275,4492.548387096775
2026/08/01@15:24:58,4398,2.864875,4482.774193548387
2026/08/01@15:24:59,4399,2.868,4473.0
2026/08/01@15:25:00,4400,2.8733752,4462.870967741936
2026/08/01@15:25:01,4401,2.8758752,4452.741935483871
2026/08/01@15:25:02,4402,2.8673752,4442.612903225807
2026/08/01@15:25:04,4404,2.8420002,4422.354838709677
2026/08/01@15:25:05,4405,2.8538752,4412.225806451613
2026/08/01@15:25:06,4406,2.860125,4402.096774193548
2026/08/01@15:25:07,4407,2.8620002,4391.967741935484
2026/08/01@15:25:08,4408,2.8628752,4381.8387096774195
2026/08/01@15:25:09,4409,2.861875,4371.709677419355
2026/08/01@15:25:10,4410,2.8611252,4361.580645161291
2026/08/01@15:25:11,4411,2.860125,4351.451612903225
2026/08/01@15:25:12,4412,2.857,4341.322580645161
2026/08/01@15:25:13,4413,2.8552502,4331.193548387097
2026/08/01@15:25:14,4414,2.8558752,4321.064516129032
2026/08/01@15:25:16,4416,2.8567502,4300.806451612903
2026/08/01@15:25:17,4417,2.857,4290.677419354839
2026/08/01@15:25:18,4418,2.8551252,4280.548387096775
2026/08/01@15:25:19,4419,2.852375,4270.419354838709
2026/08/01@15:25:20,4420,2.8556252,4260.290322580645
2026/08/01@15:25:21,4421,2.859625,4250.1612903225805
2026/08/01@15:25:22,4422,2.8616252,4240.032258064516
2026/08/01@15:25:23,4423,2.860125,4229.903225806452
2026/08/01@15:25:24,4424,2.857875,4219.774193548387
2026/08/01@15:25:25,4425,2.857,4209.645161290323
2026/08/01@15:25:26,4426,2.8590002,4199.516129032258
2026/08/01@15:25:28,4428,2.85925,4179.258064516129
2026/08/01@15:25:29,4429,2.855375,4169.129032258064
2026/08/01@15:25:30,4430,2.857125,4159.0
2026/08/01@15:25:31,4431,2.8581252,4149.096774193548
2026/08/01@15:25:32,4432,2.865375,4139.193548387097
2026/08/01@15:25:33,4433,2.8715002,4129.290322580645
2026/08/01@15:25:34,4434,2.8741252,4119.387096774193
2026/08/01@15:25:35,4435,2.871,4109.4838709677415
2026/08/01@15:25:36,4436,2.8612502,4099.580645161291
2026/08/01@15:25:37,4437,2.8568752,4089.6774193548385
2026/08/01@15:25:38,4438,2.865375,4079.7741935483873
2026/08/01@15:25:40,4440,2.864875,4059.967741935484
2026/08/01@15:25:41,4441,2.8600002,4050.064516129032
2026/08/01@15:25:42,4442,2.85975,4040.1612903225805
2026/08/01@15:25:43,4443,2.857125,4030.2580645161293
2026/08/01@15:25:44,4444,2.8616252,4020.3548387096776
2026/08/01@15:25:45,4445,2.8617502,4010.451612903226
2026/08/01@15:25:46,4446,2.8682502,4000.548387096774
2026/08/01@15:25:47,4447,2.872625,3990.6451612903224
2026/08/01@15:25:48,4448,2.87525,3980.741935483871
2026/08/01@15:25:49,4449,2.8658752,3970.8387096774195
2026/08/01@15:25:50,4450,2.8395002,3960.935483870968
2026/08/01@15:25:52,4452,2.8477502,3941.1290322580644
2026/08/01@15:25:53,4453,2.864,3931.2258064516127
2026/08/01@15:25:54,4454,2.8651252,3921.3225806451615
2026/08/01@15:25:55,4455,2.8590002,3911.4193548387098
2026/08/01@15:25:56,4456,2.8555002,3901.516129032258
2026/08/01@15:25:57,4457,2.854125,3891.6129032258063
2026/08/01@15:25:58,4458,2.8581252,3881.709677419355
2026/08/01@15:25:59,4459,2.8577502,3871.8064516129034
2026/08/01@15:26:00,4460,2.85625,3861.9032258064517
2026/08/01@15:26:01,4461,2.8521252,3852.0
2026/08/01@15:26:02,4462,2.849625,3842.6065573770493
2026/08/01@15:26:04,4464,2.8542502,3823.8196721311474
2026/08/01@15:26:05,4465,2.857,3814.4262295081967
2026/08/01@15:26:06,4466,2.86325,3805.032786885246
2026/08/01@15:26:07,4467,2.8646252,3795.6393442622953
2026/08/01@15:26:08,4468,2.86575,3786.245901639344
2026/08/01@15:26:09,4469,2.8626252,3776.8524590163934
2026/08/01@15:26:10,4470,2.8620002,3767.4590163934427
2026/08/01@15:26:11,4471,2.8630002,3758.065573770492
2026/08/01@15:26:12,4472,2.8645,3748.6721311475408
2026/08/01@15:26:13,4473,2.86325,3739.27868852459
2026/08/01@15:26:14,4474,2.8581252,3729.8852459016393
2026/08/01@15:26:16,4476,2.8526252,3711.098360655738
2026/08/01@15:26:17,4477,2.85325,3701.7049180327867
2026/08/01@15:26:18,4478,2.8568752,3692.311475409836
2026/08/01@15:26:19,4479,2.858375,3682.9180327868853
2026/08/01@15:26:20,4480,2.8595002,3673.5245901639346
2026/08/01@15:26:21,4481,2.8575,3664.1311475409834
2026/08/01@15:26:22,4482,2.857,3654.7377049180327
2026/08/01@15:26:23,4483,2.8590002,3645.344262295082
2026/08/01@15:26:24,4484,2.860125,3635.9508196721313
2026/08/01@15:26:25,4485,2.8621252,3626.55737704918
2026/08/01@15:26:26,4486,2.861375,3617.1639344262294
2026/08/01@15:26:28,4488,2.8590002,3598.377049180328
2026/08/01@15:26:29,4489,2.8558752,3588.9836065573772
2026/08/01@15:26:30,4490,2.8576252,3579.590163934426
2026/08/01@15:26:31,4491,2.8607502,3570.1967213114754
2026/08/01@15:26:32,4492,2.8637502,3560.8032786885246
2026/08/01@15:26:33,4493,2.861375,3551.409836065574
2026/08/01@15:26:34,4494,2.854125,3542.0163934426228
2026/08/01@15:26:35,4495,2.848875,3532.622950819672
2026/08/01@15:26:36,4496,2.8528752,3523.2295081967213
2026/08/01@15:26:37,4497,2.8660002,3513.8360655737706
2026/08/01@15:26:38,4498,2.8656252,3504.44262295082
2026/08/01@15:26:39,4499,2.8611252,3495.0491803278687
2026/08/01@15:26:41,4501,2.8558752,3476.2622950819673
2026/08/01@15:26:42,4502,2.8605,3466.868852459016
2026/08/01@15:26:43,4503,2.8676252,3457.4754098360654
2026/08/01@15:26:44,4504,2.8708752,3448.0819672131147
2026/08/01@15:26:45,4505,2.8665002,3438.688524590164
2026/08/01@15:26:46,4506,2.859625,3429.2950819672133
2026/08/01@15:26:47,4507,2.8575,3419.901639344262
2026/08/01@15:26:48,4508,2.8595002,3410.5081967213114
2026/08/01@15:26:49,4509,2.86325,3401.1147540983607
2026/08/01@15:26:50,4510,2.863125,3391.72131147541
2026/08/01@15:26:51,4511,2.8591252,3382.327868852459
2026/08/01@15:26:53,4513,2.8508752,3363.5409836065573
2026/08/01@15:26:54,4514,2.8503752,3354.1475409836066
2026/08/01@15:26:55,4515,2.8525002,3344.754098360656
2026/08/01@15:26:56,4516,2.85625,3335.3606557377047
2026/08/01@15:26:57,4517,2.8600002,3325.967213114754
2026/08/01@15:26:58,4518,2.8576252,3316.5737704918033
2026/08/01@15:26:59,4519,2.8533752,3307.1803278688526
2026/08/01@15:27:00,4520,2.8516252,3297.7868852459014
2026/08/01@15:27:01,4521,2.8567502,3288.3934426229507
2026/08/01@15:27:02,4522,2.8621252,3279.0
2026/08/01@15:27:03,4523,2.8635,3269.5
2026/08/01@15:27:05,4525,2.8591252,3250.5
2026/08/01@15:27:06,4526,2.8528752,3241.0
2026/08/01@15:27:07,4527,2.8526252,3231.5
2026/08/01@15:27:08,4528,2.85875,3222.0
2026/08/01@15:27:09,4529,2.8635,3212.5
2026/08/01@15:27:10,4530,2.8612502,3203.0
2026/08/01@15:27:11,4531,2.8575,3193.5
2026/08/01@15:27:12,4532,2.8552502,3184.0
2026/08/01@15:27:13,4533,2.8577502,3174.5
2026/08/01@15:27:14,4534,2.861375,3165.0
2026/08/01@15:27:15,4535,2.8638752,3155.5
2026/08/01@15:27:17,4537,2.8625002,3136.5
2026/08/01@15:27:18,4538,2.857875,3127.0
2026/08/01@15:27:19,4539,2.8573752,3117.5
2026/08/01@15:27:20,4540,2.8607502,3108.0
2026/08/01@15:27:21,4541,2.865375,3098.5
2026/08/01@15:27:22,4542,2.865375,3089.0
2026/08/01@15:27:23,4543,2.862375,3079.5
2026/08/01@15:27:24,4544,2.858,3070.0
2026/08/01@15:27:25,4545,2.8585002,3060.5
2026/08/01@15:27:26,4546,2.861375,3051.0
2026/08/01@15:27:27,4547,2.861875,3041.5
2026/08/01@15:27:29,4549,2.8585002,3022.5
2026/08/01@15:27:30,4550,2.8543752,3013.0
2026/08/01@15:27:31,4551,2.8533752,3003.5
2026/08/01@15:27:32,4552,2.85225,2994.0
2026/08/01@15:27:33,4553,2.8558752,2985.0967741935483
2026/08/01@15:27:34,4554,2.8585002,2976.1935483870966
2026/08/01@15:27:35,4555,2.861375,2967.2903225806454
2026/08/01@15:27:36,4556,2.8593752,2958.3870967741937
2026/08/01@15:27:37,4557,2.858875,2949.483870967742
2026/08/01@15:27:38,4558,2.8602502,2940.5806451612902
2026/08/01@15:27:39,4559,2.863125,2931.6774193548385
2026/08/01@15:27:41,4561,2.8633752,2913.8709677419356
2026/08/01@15:27:42,4562,2.85975,2904.967741935484
2026/08/01@15:27:43,4563,2.855,2896.064516129032
2026/08/01@15:27:44,4564,2.851875,2887.1612903225805
2026/08/01@15:27:45,4565,2.854125,2878.2580645161293
2026/08/01@15:27:46,4566,2.856625,2869.3548387096776
2026/08/01@15:27:47,4567,2.85975,2860.451612903226
2026/08/01@15:27:48,4568,2.8575,2851.548387096774
2026/08/01@15:27:49,4569,2.8555002,2842.6451612903224
2026/08/01@15:27:50,4570,2.853625,2833.741935483871
2026/08/01@15:27:51,4571,2.85875,2824.8387096774195
2026/08/01@15:27:53,4573,2.8628752,2807.032258064516
2026/08/01@15:27:54,4574,2.8660002,2798.1290322580644
2026/08/01@15:27:55,4575,2.869625,2789.2258064516127
2026/08/01@15:27:56,4576,2.8723752,2780.3225806451615
2026/08/01@15:27:57,4577,2.8738752,2771.4193548387098
2026/08/01@15:27:58,4578,2.8742502,2762.516129032258
2026/08/01@15:27:59,4579,2.8733752,2753.6129032258063
2026/08/01@15:28:00,4580,2.872625,2744.709677419355
2026/08/01@15:28:01,4581,2.870125,2735.8064516129034
2026/08/01@15:28:02,4582,2.8676252,2726.9032258064517
2026/08/01@15:28:03,4583,2.8686252,2718.0
2026/08/01@15:28:05,4585,2.869625,2701.2258064516127
2026/08/01@15:28:06,4586,2.8728752,2692.8387096774195
2026/08/01@15:28:07,4587,2.8735,2684.451612903226
2026/08/01@15:28:08,4588,2.8747502,2676.064516129032
2026/08/01@15:28:09,4589,2.8758752,2667.6774193548385
2026/08/01@15:28:10,4590,2.8776252,2659.2903225806454
2026/08/01@15:28:11,4591,2.8805,2650.9032258064517
2026/08/01@15:28:12,4592,2.881,2642.516129032258
2026/08/01@15:28:13,4593,2.8811252,2634.1290322580644
2026/08/01@15:28:14,4594,2.8695002,2625.741935483871
2026/08/01@15:28:15,4595,2.845875,2617.3548387096776
2026/08/01@15:28:17,4597,2.8538752,2600.5806451612902
2026/08/01@15:28:18,4598,2.8551252,2592.1935483870966
2026/08/01@15:28:19,4599,2.86575,2583.8064516129034
2026/08/01@15:28:20,4600,2.86575,2575.4193548387098
2026/08/01@15:28:21,4601,2.8617502,2567.032258064516
2026/08/01@15:28:22,4602,2.861375,2558.6451612903224
2026/08/01@15:28:23,4603,2.8635,2550.258064516129
2026/08/01@15:28:24,4604,2.8642502,2541.8709677419356
2026/08/01@15:28:25,4605,2.863625,2533.483870967742
2026/08/01@15:28:26,4606,2.8658752,2525.0967741935483
2026/08/01@15:28:27,4607,2.8655002,2516.7096774193546
2026/08/01@15:28:29,4609,2.8675,2499.935483870968
2026/08/01@15:28:30,4610,2.8663752,2491.548387096774
2026/08/01@15:28:31,4611,2.86575,2483.1612903225805
2026/08/01@15:28:32,4612,2.864,2474.7741935483873
2026/08/01@15:28:33,4613,2.8647502,2466.3870967741937
2026/08/01@15:28:34,4614,2.868,2458.0
2026/08/01@15:28:35,4615,2.8693752,2448.8
2026/08/01@15:28:36,4616,2.8685002,2439.6
2026/08/01@15:28:37,4617,2.863625,2430.4
2026/08/01@15:28:38,4618,2.845,2421.2
2026/08/01@15:28:39,4619,2.8507502,2412.0
2026/08/01@15:28:41,4621,2.8803752,2393.6
2026/08/01@15:28:42,4622,2.8767502,2384.4
2026/08/01@15:28:43,4623,2.867125,2375.2
2026/08/01@15:28:44,4624,2.8556252,2366.0
2026/08/01@15:28:45,4625,2.8538752,2356.8
2026/08/01@15:28:46,4626,2.8620002,2347.6
2026/08/01@15:28:47,4627,2.8677502,2338.4
2026/08/01@15:28:48,4628,2.8645,2329.2
2026/08/01@15:28:49,4629,2.8567502,2320.0
2026/08/01@15:28:50,4630,2.8517502,2310.8
2026/08/01@15:28:51,4631,2.857,2301.6
2026/08/01@15:28:53,4633,2.8647502,2283.2
2026/08/01@15:28:54,4634,2.8675,2274.0
2026/08/01@15:28:55,4635,2.8641252,2264.8
2026/08/01@15:28:56,4636,2.8572502,2255.6
2026/08/01@15:28:57,4637,2.8591252,2246.4
2026/08/01@15:28:58,4638,2.8528752,2237.2
2026/08/01@15:28:59,4639,2.8663752,2228.0
2026/08/01@15:29:00,4640,2.8837502,2218.8
2026/08/01@15:29:01,4641,2.880125,2209.6
2026/08/01@15:29:02,4642,2.87575,2200.4
2026/08/01@15:29:03,4643,2.8763752,2191.2
2026/08/01@15:29:05,4645,2.8755002,2172.6451612903224
2026/08/01@15:29:06,4646,2.8732502,2163.2903225806454
2026/08/01@15:29:07,4647,2.8676252,2153.935483870968
2026/08/01@15:29:08,4648,2.867,2144.5806451612902
2026/08/01@15:29:09,4649,2.867875,2135.2258064516127
2026/08/01@15:29:10,4650,2.867875,2125.8709677419356
2026/08/01@15:29:11,4651,2.8650002,2116.516129032258
2026/08/01@15:29:12,4652,2.8642502,2107.1612903225805
2026/08/01@15:29:13,4653,2.8673752,2097.8064516129034
2026/08/01@15:29:14,4654,2.8667502,2088.451612903226
2026/08/01@15:29:15,4655,2.86525,2079.0967741935483
2026/08/01@15:29:17,4657,2.8620002,2060.3870967741937
2026/08/01@15:29:18,4658,2.8581252,2051.032258064516
2026/08/01@15:29:19,4659,2.8603752,2041.6774193548388
2026/08/01@15:29:20,4660,2.861375,2032.3225806451612
2026/08/01@15:29:21,4661,2.8620002,2022.967741935484
2026/08/01@15:29:22,4662,2.854125,2013.6129032258063
2026/08/01@15:29:23,4663,2.861375,2004.258064516129
2026/08/01@15:29:24,4664,2.8767502,1994.9032258064517
2026/08/01@15:29:25,4665,2.8720002,1985.5483870967741
2026/08/01@15:29:26,4666,2.865375,1976.1935483870968
2026/08/01@15:29:27,4667,2.8617502,1966.8387096774193
2026/08/01@15:29:29,4669,2.8607502,1948.1290322580644
2026/08/01@15:29:30,4670,2.8638752,1938.774193548387
2026/08/01@15:29:31,4671,2.864,1929.4193548387098
2026/08/01@15:29:32,4672,2.858,1920.0645161290322
2026/08/01@15:29:33,4673,2.8568752,1910.7096774193549
2026/08/01@15:29:34,4674,2.8593752,1901.3548387096773
2026/08/01@15:29:35,4675,2.8611252,1892.0
2026/08/01@15:29:36,4676,2.8628752,1883.1290322580646
2026/08/01@15:29:37,4677,2.8625002,1874.258064516129
2026/08/01@15:29:38,4678,2.8525002,1865.3870967741937
2026/08/01@15:29:39,4679,2.8452502,1856.516129032258
2026/08/01@15:29:41,4681,2.8708752,1838.774193548387
2026/08/01@15:29:42,4682,2.8767502,1829.9032258064517
2026/08/01@15:29:43,4683,2.8741252,1821.032258064516
2026/08/01@15:29:44,4684,2.871,1812.1612903225807
2026/08/01@15:29:45,4685,2.8676252,1803.2903225806451
2026/08/01@15:29:46,4686,2.8651252,1794.4193548387098
2026/08/01@15:29:47,4687,2.8650002,1785.5483870967741
2026/08/01@15:29:48,4688,2.864,1776.6774193548388
2026/08/01@15:29:49,4689,2.8642502,1767.8064516129032
2026/08/01@15:29:50,4690,2.8620002,1758.9354838709678
2026/08/01@15:29:51,4691,2.86225,1750.0645161290322
2026/08/01@15:29:53,4693,2.86225,1732.3225806451612
2026/08/01@15:29:54,4694,2.8617502,1723.4516129032259
2026/08/01@15:29:55,4695,2.8600002,1714.5806451612902
2026/08/01@15:29:56,4696,2.8538752,1705.7096774193549
2026/08/01@15:29:57,4697,2.85225,1696.8387096774193
2026/08/01@15:29:58,4698,2.8535002,1687.967741935484
2026/08/01@15:29:59,4699,2.8581252,1679.0967741935483
2026/08/01@15:30:00,4700,2.86225,1670.225806451613
2026/08/01@15:30:01,4701,2.84925,1661.3548387096773
2026/08/01@15:30:02,4702,2.874875,1652.483870967742
2026/08/01@15:30:03,4703,2.868875,1643.6129032258063
2026/08/01@15:30:05,4705,2.8617502,1625.8709677419356
2026/08/01@15:30:06,4706,2.8608752,1617.0
2026/08/01@15:30:07,4707,2.8598752,1607.3666666666666
2026/08/01@15:30:08,4708,2.860625,1597.7333333333333
2026/08/01@15:30:09,4709,2.858,1588.1
2026/08/01@15:30:10,4710,2.858375,1578.4666666666667
2026/08/01@15:30:11,4711,2.8417502,1568.8333333333333
2026/08/01@15:30:12,4712,2.8620002,1559.2
2026/08/01@15:30:13,4713,2.877125,1549.5666666666666
2026/08/01@15:30:14,4714,2.87225,1539.9333333333334
2026/08/01@15:30:15,4715,2.8647502,1530.3
2026/08/01@15:30:17,4717,2.855375,1511.0333333333333
2026/08/01@15:30:18,4718,2.855375,1501.4
2026/08/01@15:30:19,4719,2.8585002,1491.7666666666667
2026/08/01@15:30:20,4720,2.8555002,1482.1333333333332
2026/08/01@15:30:21,4721,2.854,1472.5
2026/08/01@15:30:22,4722,2.8517502,1462.8666666666668
2026/08/01@15:30:23,4723,2.8525002,1453.2333333333333
2026/08/01@15:30:24,4724,2.8586252,1443.6
2026/08/01@15:30:25,4725,2.8628752,1433.9666666666667
2026/08/01@15:30:26,4726,2.86275,1424.3333333333333
2026/08/01@15:30:27,4727,2.8503752,1414.7
2026/08/01@15:30:29,4729,2.841,1395.4333333333334
2026/08/01@15:30:30,4730,2.8650002,1385.8
2026/08/01@15:30:31,4731,2.8730002,1376.1666666666667
2026/08/01@15:30:32,4732,2.8691252,1366.5333333333333
2026/08/01@15:30:33,4733,2.863125,1356.9
2026/08/01@15:30:34,4734,2.8560002,1347.2666666666667
2026/08/01@15:30:35,4735,2.847875,1337.6333333333332
2026/08/01@15:30:36,4736,2.851,1328.0
2026/08/01@15:30:37,4737,2.8598752,1319.6129032258063
2026/08/01@15:30:38,4738,2.8615,1311.225806451613
2026/08/01@15:30:39,4739,2.8461252,1302.8387096774193
2026/08/01@15:30:41,4741,2.8378752,1286.0645161290322
2026/08/01@15:30:42,4742,2.8625002,1277.6774193548388
2026/08/01@15:30:43,4743,2.8705,1269.2903225806451
2026/08/01@15:30:44,4744,2.8720002,1260.9032258064517
2026/08/01@15:30:45,4745,2.8707502,1252.516129032258
2026/08/01@15:30:46,4746,2.8641252,1244.1290322580644
2026/08/01@15:30:47,4747,2.854875,1235.741935483871
2026/08/01@15:30:48,4748,2.8505,1227.3548387096773
2026/08/01@15:30:49,4749,2.853125,1218.967741935484
2026/08/01@15:30:50,4750,2.857,1210.5806451612902
2026/08/01@15:30:51,4751,2.8575,1202.1935483870968
2026/08/01@15:30:53,4753,2.8568752,1185.4193548387098
2026/08/01@15:30:54,4754,2.856125,1177.032258064516
2026/08/01@15:30:55,4755,2.8525002,1168.6451612903227
2026/08/01@15:30:56,4756,2.8420002,1160.258064516129
2026/08/01@15:30:57,4757,2.8716252,1151.8709677419356
2026/08/01@15:30:58,4758,2.871875,1143.483870967742
2026/08/01@15:30:59,4759,2.8672502,1135.0967741935483
2026/08/01@15:31:00,4760,2.8611252,1126.7096774193549
2026/08/01@15:31:01,4761,2.858,1118.3225806451612
2026/08/01@15:31:02,4762,2.8575,1109.9354838709678
2026/08/01@15:31:03,4763,2.8537502,1101.5483870967741
2026/08/01@15:31:05,4765,2.8516252,1084.774193548387
2026/08/01@15:31:06,4766,2.85225,1076.3870967741937
2026/08/01@15:31:07,4767,2.8525002,1068.0
2026/08/01@15:31:08,4768,2.857,1059.6129032258063
2026/08/01@15:31:09,4769,2.859625,1051.225806451613
2026/08/01@15:31:10,4770,2.85975,1042.8387096774195
2026/08/01@15:31:11,4771,2.8560002,1034.4516129032259
2026/08/01@15:31:12,4772,2.8451252,1026.0645161290322
2026/08/01@15:31:13,4773,2.851375,1017.6774193548388
2026/08/01@15:31:14,4774,2.8446252,1009.2903225806451
2026/08/01@15:31:15,4775,2.8668752,1000.9032258064517
2026/08/01@15:31:17,4777,2.873125,984.1290322580645
2026/08/01@15:31:18,4778,2.8686252,975.741935483871
2026/08/01@15:31:19,4779,2.8646252,967.3548387096774
2026/08/01@15:31:20,4780,2.85925,958.9677419354839
2026/08/01@15:31:21,4781,2.8520002,950.5806451612904
2026/08/01@15:31:22,4782,2.8508752,942.1935483870968
2026/08/01@15:31:23,4783,2.85225,933.8064516129032
2026/08/01@15:31:24,4784,2.8573752,925.4193548387098
2026/08/01@15:31:25,4785,2.8515,917.0322580645161
2026/08/01@15:31:26,4786,2.85575,908.6451612903227
2026/08/01@15:31:27,4787,2.8732502,900.258064516129
2026/08/01@15:31:29,4788,2.8700002,883.483870967742
2026/08/01@15:31:30,4790,2.8633752,875.0967741935484
2026/08/01@15:31:31,4791,2.8563752,866.7096774193549
2026/08/01@15:31:32,4792,2.850625,858.3225806451613
2026/08/01@15:31:33,4793,2.851875,849.9354838709678
2026/08/01@15:31:34,4794,2.8558752,841.5483870967741
2026/08/01@15:31:35,4795,2.8576252,833.1612903225807
2026/08/01@15:31:36,4796,2.8577502,824.7741935483871
2026/08/01@15:31:37,4797,2.851,816.3870967741937
2026/08/01@15:31:38,4798,2.8508752,808.0
2026/08/01@15:31:39,4799,2.8396252,800.483870967742
2026/08/01@15:31:40,4800,2.86325,792.9677419354839
2026/08/01@15:31:42,4802,2.87225,777.9354838709677
2026/08/01@15:31:43,4803,2.8700002,770.4193548387096
2026/08/01@15:31:44,4804,2.86525,762.9032258064516
2026/08/01@15:31:45,4805,2.8616252,755.3870967741935
2026/08/01@15:31:46,4806,2.8590002,747.8709677419355
2026/08/01@15:31:47,4807,2.8520002,740.3548387096774
2026/08/01@15:31:48,4808,2.847625,732.8387096774194
2026/08/01@15:31:49,4809,2.84875,725.3225806451612
2026/08/01@15:31:50,4810,2.85575,717.8064516129032
2026/08/01@15:31:51,4811,2.8598752,710.2903225806451
2026/08/01@15:31:52,4812,2.8537502,702.7741935483871
2026/08/01@15:31:54,4814,2.8437502,687.741935483871
2026/08/01@15:31:55,4815,2.8635,680.2258064516129
2026/08/01@15:31:56,4816,2.8691252,672.7096774193549
2026/08/01@15:31:57,4817,2.8650002,665.1935483870968
2026/08/01@15:31:58,4818,2.862375,657.6774193548387
2026/08/01@15:31:59,4819,2.8582502,650.1612903225806
2026/08/01@15:32:00,4820,2.8538752,642.6451612903226
2026/08/01@15:32:01,4821,2.848375,635.1290322580645
2026/08/01@15:32:02,4822,2.846625,627.6129032258065
2026/08/01@15:32:03,4823,2.85225,620.0967741935484
2026/08/01@15:32:04,4824,2.85625,612.5806451612902
2026/08/01@15:32:06,4826,2.8576252,597.5483870967741
2026/08/01@15:32:07,4827,2.8586252,590.0322580645161
2026/08/01@15:32:08,4828,2.8590002,582.516129032258
2026/08/01@15:32:09,4829,2.844,575.0
