2026/08/01@14:11:46,9,520.00008
2026/08/01@14:11:46,9,520.00008
2026/08/01@14:11:47,10,520.00008
2026/08/01@14:11:48,11,520.00008
2026/08/01@14:11:49,12,520.00008
2026/08/01@14:11:50,13,520.00008
2026/08/01@14:11:51,14,520.00008
2026/08/01@14:11:52,15,520.00008
2026/08/01@14:11:54,17,520.00008
2026/08/01@14:11:55,18,520.00008
2026/08/01@14:11:56,19,520.00008
2026/08/01@14:11:57,20,520.00008
2026/08/01@14:11:58,21,520.00008
2026/08/01@14:11:59,22,520.00008
2026/08/01@14:12:00,23,520.00008
2026/08/01@14:12:01,24,520.00008
2026/08/01@14:12:02,25,520.00008
2026/08/01@14:12:03,26,520.00008
2026/08/01@14:12:04,27,520.00008
2026/08/01@14:12:06,29,520.00008
2026/08/01@14:12:07,30,520.00008
2026/08/01@14:12:08,31,520.00008
2026/08/01@14:12:09,32,520.00008
2026/08/01@14:12:10,33,520.00008
2026/08/01@14:12:11,34,520.00008
2026/08/01@14:12:12,35,520.00008
2026/08/01@14:12:13,36,520.00008
2026/08/01@14:12:14,37,520.00008
2026/08/01@14:12:15,38,520.00008
2026/08/01@14:12:16,39,520.00008
2026/08/01@14:12:18,41,520.00008
2026/08/01@14:12:19,42,520.00008
2026/08/01@14:12:20,43,520.00008
2026/08/01@14:12:21,44,520.00008
2026/08/01@14:12:22,45,520.00008
2026/08/01@14:12:23,46,520.00008
2026/08/01@14:12:24,47,520.00008
2026/08/01@14:12:25,48,520.00008
2026/08/01@14:12:26,49,520.00008
2026/08/01@14:12:27,50,520.00008
2026/08/01@14:12:28,51,520.00008
2026/08/01@14:12:30,53,520.00008
2026/08/01@14:12:31,54,520.00008
2026/08/01@14:12:32,55,520.00008
2026/08/01@14:12:33,56,520.00008
2026/08/01@14:12:34,57,520.00008
2026/08/01@14:12:35,58,520.00008
2026/08/01@14:12:36,59,520.00008
2026/08/01@14:12:37,60,520.00008
2026/08/01@14:12:38,61,520.00008
2026/08/01@14:12:39,62,520.00008
2026/08/01@14:12:40,63,520.00008
2026/08/01@14:12:42,65,520.00008
2026/08/01@14:12:43,66,520.00008
2026/08/01@14:12:44,67,520.00008
2026/08/01@14:12:45,68,520.00008
2026/08/01@14:12:46,69,520.00008
2026/08/01@14:12:47,70,520.00008
2026/08/01@14:12:48,71,520.00008
2026/08/01@14:12:49,72,520.00008
2026/08/01@14:12:50,73,520.00008
2026/08/01@14:12:51,74,520.00008
2026/08/01@14:12:52,75,520.00008
2026/08/01@14:12:54,77,520.00008
2026/08/01@14:12:55,78,520.00008
2026/08/01@14:12:56,79,520.00008
2026/08/01@14:12:57,80,520.00008
2026/08/01@14:12:58,81,520.00008
2026/08/01@14:12:59,82,520.00008
2026/08/01@14:13:00,83,520.00008
2026/08/01@14:13:01,84,520.00008
2026/08/01@14:13:02,85,520.00008
2026/08/01@14:13:03,86,520.00008
2026/08/01@14:13:04,87,520.00008
2026/08/01@14:13:06,89,520.00008
2026/08/01@14:13:07,90,520.00008
2026/08/01@14:13:08,91,520.00008
2026/08/01@14:13:09,92,520.00008
2026/08/01@14:13:10,93,520.00008
2026/08/01@14:13:11,94,520.00008
2026/08/01@14:13:12,95,520.00008
2026/08/01@14:13:13,96,520.00008
2026/08/01@14:13:14,97,520.00008
2026/08/01@14:13:15,98,520.00008
2026/08/01@14:13:16,99,520.00008
2026/08/01@14:13:18,101,520.00008
2026/08/01@14:13:19,102,520.00008
2026/08/01@14:13:20,103,520.00008
2026/08/01@14:13:21,104,520.00008
2026/08/01@14:13:22,105,520.00008
2026/08/01@14:13:23,106,520.00008
2026/08/01@14:13:24,107,520.00008
2026/08/01@14:13:25,108,520.00008
2026/08/01@14:13:26,109,520.00008
2026/08/01@14:13:27,110,520.00008
2026/08/01@14:13:28,111,520.00008
2026/08/01@14:13:30,113,520.00008
2026/08/01@14:13:31,114,520.00008
2026/08/01@14:13:32,115,520.00008
2026/08/01@14:13:33,116,520.00008
2026/08/01@14:13:34,117,520.00008
2026/08/01@14:13:35,118,520.00008
2026/08/01@14:13:36,119,520.00008
2026/08/01@14:13:37,120,520.00008
2026/08/01@14:13:38,121,520.00008
2026/08/01@14:13:39,122,520.00008
2026/08/01@14:13:40,123,520.00008
2026/08/01@14:13:42,125,520.00008
2026/08/01@14:13:43,126,520.00008
2026/08/01@14:13:44,127,520.00008
2026/08/01@14:13:45,128,520.00008
2026/08/01@14:13:46,129,520.00008
2026/08/01@14:13:47,130,520.00008
2026/08/01@14:13:48,131,520.00008
2026/08/01@14:13:49,132,520.00008
2026/08/01@14:13:50,133,520.00008
2026/08/01@14:13:51,134,520.00008
2026/08/01@14:13:52,135,520.00008
2026/08/01@14:13:54,137,520.00008
2026/08/01@14:13:55,138,520.00008
2026/08/01@14:13:56,139,520.00008
2026/08/01@14:13:57,140,520.00008
2026/08/01@14:13:58,141,520.00008
2026/08/01@14:13:59,142,520.00008
2026/08/01@14:14:00,143,520.00008
2026/08/01@14:14:01,144,520.00008
2026/08/01@14:14:02,145,520.00008
2026/08/01@14:14:03,146,520.00008
2026/08/01@14:14:04,147,520.00008
2026/08/01@14:14:06,149,520.00008
2026/08/01@14:14:07,150,520.00008
2026/08/01@14:14:08,151,520.00008
2026/08/01@14:14:09,152,520.00008
2026/08/01@14:14:10,153,520.00008
2026/08/01@14:14:11,154,520.00008
2026/08/01@14:14:12,155,520.00008
2026/08/01@14:14:13,156,520.00008
2026/08/01@14:14:14,157,520.00008
2026/08/01@14:14:15,158,520.00008
2026/08/01@14:14:16,159,520.00008
2026/08/01@14:14:18,161,520.00008
2026/08/01@14:14:19,162,520.00008
2026/08/01@14:14:20,163,520.00008
2026/08/01@14:14:21,164,520.00008
2026/08/01@14:14:22,165,520.00008
2026/08/01@14:14:23,166,520.00008
2026/08/01@14:14:24,167,520.00008
2026/08/01@14:14:25,168,520.00008
2026/08/01@14:14:26,169,520.00008
2026/08/01@14:14:27,170,520.00008
2026/08/01@14:14:28,171,520.00008
2026/08/01@14:14:30,173,520.00008
2026/08/01@14:14:31,174,520.00008
2026/08/01@14:14:32,175,520.00008
2026/08/01@14:14:33,176,520.00008
2026/08/01@14:14:34,177,520.00008
2026/08/01@14:14:35,178,520.00008
2026/08/01@14:14:36,179,520.00008
2026/08/01@14:14:37,180,520.00008
2026/08/01@14:14:38,181,520.00008
2026/08/01@14:14:39,182,520.00008
2026/08/01@14:14:40,183,520.00008
2026/08/01@14:14:42,185,520.00008
2026/08/01@14:14:43,186,520.00008
2026/08/01@14:14:44,187,520.00008
2026/08/01@14:14:45,188,520.00008
2026/08/01@14:14:46,189,520.00008
2026/08/01@14:14:47,190,520.00008
2026/08/01@14:14:48,191,520.00008
2026/08/01@14:14:49,192,520.00008
2026/08/01@14:14:50,193,520.00008
2026/08/01@14:14:51,194,520.00008
2026/08/01@14:14:52,195,520.00008
2026/08/01@14:14:54,197,520.00008
2026/08/01@14:14:55,198,520.00008
2026/08/01@14:14:56,199,520.00008
2026/08/01@14:14:57,200,520.00008
2026/08/01@14:14:58,201,520.00008
2026/08/01@14:14:59,202,520.00008
2026/08/01@14:15:00,203,520.00008
2026/08/01@14:15:01,204,520.00008
2026/08/01@14:15:02,205,520.00008
2026/08/01@14:15:03,206,520.00008
2026/08/01@14:15:04,207,520.00008
2026/08/01@14:15:06,209,520.00008
2026/08/01@14:15:07,210,520.00008
2026/08/01@14:15:08,211,520.00008
2026/08/01@14:15:09,212,520.00008
2026/08/01@14:15:10,213,520.00008
2026/08/01@14:15:11,214,520.00008
2026/08/01@14:15:12,215,520.00008
2026/08/01@14:15:13,216,520.00008
2026/08/01@14:15:14,217,520.00008
2026/08/01@14:15:15,218,520.00008
2026/08/01@14:15:16,219,520.00008
2026/08/01@14:15:18,221,520.00008
2026/08/01@14:15:19,222,520.00008
2026/08/01@14:15:20,223,520.00008
2026/08/01@14:15:21,224,520.00008
2026/08/01@14:15:22,225,520.00008
2026/08/01@14:15:23,226,520.00008
2026/08/01@14:15:24,227,520.00008
2026/08/01@14:15:25,228,520.00008
2026/08/01@14:15:26,229,520.00008
2026/08/01@14:15:27,230,520.00008
2026/08/01@14:15:28,231,520.00008
2026/08/01@14:15:30,233,520.00008
2026/08/01@14:15:31,234,520.00008
2026/08/01@14:15:32,235,520.00008
2026/08/01@14:15:33,236,520.00008
2026/08/01@14:15:34,237,519.5
2026/08/01@14:15:35,238,520.00008
2026/08/01@14:15:36,239,519.5
2026/08/01@14:15:37,240,520.00008
2026/08/01@14:15:38,241,520.00008
2026/08/01@14:15:39,242,520.00008
2026/08/01@14:15:40,243,520.00008
2026/08/01@14:15:42,245,520.00008
2026/08/01@14:15:43,246,520.00008
2026/08/01@14:15:44,247,520.00008
2026/08/01@14:15:45,248,520.00008
2026/08/01@14:15:46,249,520.00008
2026/08/01@14:15:47,250,520.00008
2026/08/01@14:15:48,251,520.00008
2026/08/01@14:15:49,252,520.00008
2026/08/01@14:15:50,253,519.5
2026/08/01@14:15:51,254,520.00008
2026/08/01@14:15:52,255,520.00008
2026/08/01@14:15:54,257,520.00008
2026/08/01@14:15:55,258,520.00008
2026/08/01@14:15:56,259,520.00008
2026/08/01@14:15:57,260,520.00008
2026/08/01@14:15:58,261,520.00008
2026/08/01@14:15:59,262,520.00008
2026/08/01@14:16:00,263,519.5
2026/08/01@14:16:01,264,520.00008
2026/08/01@14:16:02,265,520.00008
2026/08/01@14:16:03,266,520.00008
2026/08/01@14:16:04,267,520.00008
2026/08/01@14:16:06,269,520.00008
2026/08/01@14:16:07,270,520.00008
2026/08/01@14:16:08,271,520.00008
2026/08/01@14:16:09,272,520.00008
2026/08/01@14:16:10,273,520.00008
2026/08/01@14:16:11,274,520.00008
2026/08/01@14:16:12,275,519.5
2026/08/01@14:16:13,276,520.00008
2026/08/01@14:16:14,277,520.00008
2026/08/01@14:16:15,278,520.00008
2026/08/01@14:16:16,279,520.00008
2026/08/01@14:16:18,281,519.5
2026/08/01@14:16:19,282,519.5
2026/08/01@14:16:20,283,520.00008
2026/08/01@14:16:21,284,520.00008
2026/08/01@14:16:22,285,520.00008
2026/08/01@14:16:23,286,520.00008
2026/08/01@14:16:24,287,520.00008
2026/08/01@14:16:25,288,519.5
2026/08/01@14:16:26,289,520.00008
2026/08/01@14:16:27,290,520.00008
2026/08/01@14:16:28,291,520.00008
2026/08/01@14:16:30,293,520.00008
2026/08/01@14:16:31,294,361.22504
2026/08/01@14:16:32,295,361.97508
2026/08/01@14:16:33,296,361.02504
2026/08/01@14:16:34,297,361.95
2026/08/01@14:16:35,298,362.025032
2026/08/01@14:16:36,299,361.60004
2026/08/01@14:16:37,300,363.02504
2026/08/01@14:16:38,301,362.72504
2026/08/01@14:16:39,302,362.52504
2026/08/01@14:16:40,303,362.70004
2026/08/01@14:16:42,305,362.275
2026/08/01@14:16:43,306,362.42504
2026/08/01@14:16:44,307,362.67504
2026/08/01@14:16:45,308,362.575
2026/08/01@14:16:46,309,362.825
2026/08/01@14:16:47,310,362.70004
2026/08/01@14:16:48,311,363.20004
2026/08/01@14:16:49,312,367.12504
2026/08/01@14:16:50,313,362.10004
2026/08/01@14:16:51,314,362.275
2026/08/01@14:16:53,315,362.10004
2026/08/01@14:16:54,317,373.000068
2026/08/01@14:16:55,318,363.45008
2026/08/01@14:16:56,319,362.67504
2026/08/01@14:16:57,320,362.85008
2026/08/01@14:16:58,321,362.47504
2026/08/01@14:16:59,322,362.47504
2026/08/01@14:17:00,323,362.250036
2026/08/01@14:17:01,324,362.42504
2026/08/01@14:17:02,325,362.225
2026/08/01@14:17:03,326,362.275
2026/08/01@14:17:05,328,362.10004
2026/08/01@14:17:06,329,362.17504
2026/08/01@14:17:07,330,362.17504
2026/08/01@14:17:08,331,362.00004
2026/08/01@14:17:09,332,362.12504
2026/08/01@14:17:10,333,362.400032
2026/08/01@14:17:11,334,362.250036
2026/08/01@14:17:12,335,362.17504
2026/08/01@14:17:13,336,362.42504
2026/08/01@14:17:14,337,362.70004
2026/08/01@14:17:15,338,362.35004
2026/08/01@14:17:17,340,362.20004
2026/08/01@14:17:18,341,362.80004
2026/08/01@14:17:19,342,362.00004
2026/08/01@14:17:20,343,362.37504
2026/08/01@14:17:21,344,361.92504
2026/08/01@14:17:22,345,362.00004
2026/08/01@14:17:23,346,361.97508
2026/08/01@14:17:24,347,362.00004
2026/08/01@14:17:25,348,361.92504
2026/08/01@14:17:26,349,361.57504
2026/08/01@14:17:27,350,361.97508
2026/08/01@14:17:29,352,385.050016
2026/08/01@14:17:30,353,363.125068
2026/08/01@14:17:31,354,362.500068
2026/08/01@14:17:32,355,362.20004
2026/08/01@14:17:33,356,362.37504
2026/08/01@14:17:34,357,362.75
2026/08/01@14:17:35,358,362.17504
2026/08/01@14:17:36,359,362.32504
2026/08/01@14:17:37,360,362.70004
2026/08/01@14:17:38,361,361.65004
2026/08/01@14:17:39,362,361.57504
2026/08/01@14:17:41,364,361.57504
2026/08/01@14:17:42,365,361.97508
2026/08/01@14:17:43,366,362.050016
2026/08/01@14:17:44,367,361.92504
2026/08/01@14:17:45,368,362.62504
2026/08/01@14:17:46,369,362.07504
2026/08/01@14:17:47,370,362.025032
2026/08/01@14:17:48,371,362.00004
2026/08/01@14:17:49,372,361.92504
2026/08/01@14:17:50,373,361.92504
2026/08/01@14:17:51,374,361.95
2026/08/01@14:17:53,376,361.90004
2026/08/01@14:17:54,377,361.57504
2026/08/01@14:17:55,378,361.92504
2026/08/01@14:17:56,379,361.90004
2026/08/01@14:17:57,380,361.95
2026/08/01@14:17:58,381,361.92504
2026/08/01@14:17:59,382,361.85004
2026/08/01@14:18:00,383,361.60004
2026/08/01@14:18:01,384,361.90004
2026/08/01@14:18:02,385,361.60004
2026/08/01@14:18:03,386,362.050016
2026/08/01@14:18:05,388,361.85004
2026/08/01@14:18:06,389,361.90004
2026/08/01@14:18:07,390,361.85004
2026/08/01@14:18:08,391,362.025032
2026/08/01@14:18:09,392,361.87504
2026/08/01@14:18:10,393,361.90004
2026/08/01@14:18:11,394,361.95
2026/08/01@14:18:12,395,361.90004
2026/08/01@14:18:13,396,361.57504
2026/08/01@14:18:14,397,361.90004
2026/08/01@14:18:15,398,362.77504
2026/08/01@14:18:17,400,361.50004
2026/08/01@14:18:18,401,361.92504
2026/08/01@14:18:19,402,361.87504
2026/08/01@14:18:20,403,361.90004
2026/08/01@14:18:21,404,361.95
2026/08/01@14:18:22,405,361.72508
2026/08/01@14:18:23,406,361.95
2026/08/01@14:18:24,407,361.57504
2026/08/01@14:18:25,408,362.00004
2026/08/01@14:18:26,409,361.90004
2026/08/01@14:18:27,410,361.55004
2026/08/01@14:18:29,412,361.95
2026/08/01@14:18:30,413,361.97508
2026/08/01@14:18:31,414,367.82504
2026/08/01@14:18:32,415,361.95
2026/08/01@14:18:33,416,361.95
2026/08/01@14:18:34,417,361.97508
2026/08/01@14:18:35,418,362.00004
2026/08/01@14:18:36,419,362.10004
2026/08/01@14:18:37,420,362.10004
2026/08/01@14:18:38,421,361.95
2026/08/01@14:18:39,422,361.7
2026/08/01@14:18:41,424,361.90004
2026/08/01@14:18:42,425,361.675016
2026/08/01@14:18:43,426,361.95
2026/08/01@14:18:44,427,361.97508
2026/08/01@14:18:45,428,362.07504
2026/08/01@14:18:46,429,361.95
2026/08/01@14:18:47,430,520.00008
2026/08/01@14:18:48,431,520.00008
2026/08/01@14:18:49,432,520.00008
2026/08/01@14:18:50,433,520.00008
2026/08/01@14:18:51,434,519.5
2026/08/01@14:18:53,436,520.00008
2026/08/01@14:18:54,437,519.5
2026/08/01@14:18:55,438,520.00008
2026/08/01@14:18:56,439,519.5
2026/08/01@14:18:57,440,520.00008
2026/08/01@14:18:58,441,520.00008
2026/08/01@14:18:59,442,520.00008
2026/08/01@14:19:00,443,520.00008
2026/08/01@14:19:01,444,519.5
2026/08/01@14:19:02,445,519.5
2026/08/01@14:19:03,446,520.00008
2026/08/01@14:19:05,448,520.00008
2026/08/01@14:19:06,449,520.00008
2026/08/01@14:19:07,450,519.5
2026/08/01@14:19:08,451,519.5
2026/08/01@14:19:09,452,520.00008
2026/08/01@14:19:10,453,519.5
2026/08/01@14:19:11,454,519.5
2026/08/01@14:19:12,455,520.00008
2026/08/01@14:19:13,456,520.00008
2026/08/01@14:19:14,457,520.00008
2026/08/01@14:19:15,458,520.00008
2026/08/01@14:19:17,460,519.5
2026/08/01@14:19:18,461,519.5
2026/08/01@14:19:19,462,520.00008
2026/08/01@14:19:20,463,519.5
2026/08/01@14:19:21,464,520.00008
2026/08/01@14:19:22,465,520.00008
2026/08/01@14:19:23,466,519.5
2026/08/01@14:19:24,467,519.5
2026/08/01@14:19:25,468,519.5
2026/08/01@14:19:26,469,519.5
2026/08/01@14:19:27,470,520.00008
2026/08/01@14:19:29,472,520.00008
2026/08/01@14:19:30,473,519.5
2026/08/01@14:19:31,474,520.00008
2026/08/01@14:19:32,475,519.5
2026/08/01@14:19:33,476,519.5
2026/08/01@14:19:34,477,520.00008
2026/08/01@14:19:35,478,520.00008
2026/08/01@14:19:36,479,519.5
2026/08/01@14:19:37,480,519.5
2026/08/01@14:19:38,481,519.5
2026/08/01@14:19:39,482,520.00008
2026/08/01@14:19:41,484,519.5
2026/08/01@14:19:42,485,519.5
2026/08/01@14:19:43,486,520.00008
2026/08/01@14:19:44,487,520.00008
2026/08/01@14:19:45,488,520.00008
2026/08/01@14:19:46,489,519.5
2026/08/01@14:19:47,490,519.5
2026/08/01@14:19:48,491,519.5
2026/08/01@14:19:49,492,519.5
2026/08/01@14:19:50,493,519.5
2026/08/01@14:19:51,494,520.00008
2026/08/01@14:19:53,496,520.00008
2026/08/01@14:19:54,497,520.00008
2026/08/01@14:19:55,498,520.00008
2026/08/01@14:19:56,499,519.5
2026/08/01@14:19:57,500,519.5
2026/08/01@14:19:58,501,520.00008
2026/08/01@14:19:59,502,520.00008
2026/08/01@14:20:00,503,519.5
2026/08/01@14:20:01,504,519.5
2026/08/01@14:20:02,505,519.5
2026/08/01@14:20:03,506,519.5
2026/08/01@14:20:04,507,520.00008
2026/08/01@14:20:06,509,519.5
2026/08/01@14:20:07,510,519.5
2026/08/01@14:20:08,511,519.5
2026/08/01@14:20:09,512,519.5
2026/08/01@14:20:10,513,519.5
2026/08/01@14:20:11,514,519.5
2026/08/01@14:20:12,515,519.5
2026/08/01@14:20:13,516,519.5
2026/08/01@14:20:14,517,520.00008
2026/08/01@14:20:15,518,519.5
2026/08/01@14:20:16,519,520.00008
2026/08/01@14:20:18,521,519.5
2026/08/01@14:20:19,522,519.5
2026/08/01@14:20:20,523,520.00008
2026/08/01@14:20:21,524,520.00008
2026/08/01@14:20:22,525,519.5
2026/08/01@14:20:23,526,519.5
2026/08/01@14:20:24,527,519.5
2026/08/01@14:20:25,528,519.5
2026/08/01@14:20:26,529,519.5
2026/08/01@14:20:27,530,519.5
2026/08/01@14:20:28,531,519.5
2026/08/01@14:20:30,533,520.00008
2026/08/01@14:20:31,534,519.5
2026/08/01@14:20:32,535,520.00008
2026/08/01@14:20:33,536,520.00008
2026/08/01@14:20:34,537,519.5
2026/08/01@14:20:35,538,519.5
2026/08/01@14:20:36,539,520.00008
2026/08/01@14:20:37,540,520.00008
2026/08/01@14:20:38,541,519.5
2026/08/01@14:20:39,542,519.5
2026/08/01@14:20:40,543,519.5
2026/08/01@14:20:42,545,519.5
2026/08/01@14:20:43,546,520.00008
2026/08/01@14:20:44,547,519.5
2026/08/01@14:20:45,548,520.00008
2026/08/01@14:20:46,549,519.5
2026/08/01@14:20:47,550,519.5
2026/08/01@14:20:48,551,520.00008
2026/08/01@14:20:49,552,519.5
2026/08/01@14:20:50,553,519.5
2026/08/01@14:20:51,554,520.00008
2026/08/01@14:20:52,555,519.5
2026/08/01@14:20:54,557,519.5
2026/08/01@14:20:55,558,519.5
2026/08/01@14:20:56,559,519.5
2026/08/01@14:20:57,560,519.5
2026/08/01@14:20:58,561,519.5
2026/08/01@14:20:59,562,519.5
2026/08/01@14:21:00,563,519.5
2026/08/01@14:21:01,564,520.00008
2026/08/01@14:21:02,565,519.5
2026/08/01@14:21:03,566,519.5
2026/08/01@14:21:04,567,519.5
2026/08/01@14:21:06,568,519.5
2026/08/01@14:21:07,570,519.5
2026/08/01@14:21:08,571,519.5
2026/08/01@14:21:09,572,519.5
2026/08/01@14:21:10,573,519.5
2026/08/01@14:21:11,574,519.5
2026/08/01@14:21:12,575,519.5
2026/08/01@14:21:13,576,519.5
2026/08/01@14:21:14,577,519.5
2026/08/01@14:21:15,578,519.5
2026/08/01@14:21:16,579,519.5
2026/08/01@14:21:17,580,519.5
2026/08/01@14:21:19,582,519.5
2026/08/01@14:21:20,583,519.5
2026/08/01@14:21:21,584,519.5
2026/08/01@14:21:22,585,519.5
2026/08/01@14:21:23,586,519.5
2026/08/01@14:21:24,587,519.5
2026/08/01@14:21:25,588,519.5
2026/08/01@14:21:26,589,520.00008
2026/08/01@14:21:27,590,519.5
2026/08/01@14:21:28,591,519.5
2026/08/01@14:21:29,592,519.5
2026/08/01@14:21:31,594,519.5
2026/08/01@14:21:32,595,519.5
2026/08/01@14:21:33,596,519.5
2026/08/01@14:21:34,597,520.00008
2026/08/01@14:21:35,598,519.5
2026/08/01@14:21:36,599,519.5
2026/08/01@14:21:37,600,519.5
2026/08/01@14:21:38,601,519.5
2026/08/01@14:21:39,602,519.5
2026/08/01@14:21:40,603,519.5
2026/08/01@14:21:41,604,519.5
2026/08/01@14:21:43,606,519.5
2026/08/01@14:21:44,607,519.5
2026/08/01@14:21:45,608,519.5
2026/08/01@14:21:46,609,519.5
2026/08/01@14:21:47,610,520.00008
2026/08/01@14:21:48,611,519.5
2026/08/01@14:21:49,612,519.5
2026/08/01@14:21:50,613,519.5
2026/08/01@14:21:51,614,519.5
2026/08/01@14:21:52,615,519.5
2026/08/01@14:21:53,616,519.5
2026/08/01@14:21:55,617,519.5
2026/08/01@14:21:56,619,519.5
2026/08/01@14:21:57,620,519.5
2026/08/01@14:21:58,621,520.00008
2026/08/01@14:21:59,622,520.00008
2026/08/01@14:22:00,623,519.5
2026/08/01@14:22:01,624,520.00008
2026/08/01@14:22:02,625,519.5
2026/08/01@14:22:03,626,519.5
2026/08/01@14:22:04,627,519.5
2026/08/01@14:22:05,628,519.5
2026/08/01@14:22:06,629,519.5
2026/08/01@14:22:08,631,519.5
2026/08/01@14:22:09,632,519.5
2026/08/01@14:22:10,633,519.5
2026/08/01@14:22:11,634,519.5
2026/08/01@14:22:12,635,519.5
2026/08/01@14:22:13,636,519.5
2026/08/01@14:22:14,637,519.5
2026/08/01@14:22:15,638,519.5
2026/08/01@14:22:16,639,519.5
2026/08/01@14:22:17,640,519.5
2026/08/01@14:22:18,641,519.5
2026/08/01@14:22:20,643,519.5
2026/08/01@14:22:21,644,519.5
2026/08/01@14:22:22,645,519.5
2026/08/01@14:22:23,646,520.00008
2026/08/01@14:22:24,647,519.5
2026/08/01@14:22:25,648,519.5
2026/08/01@14:22:26,649,519.5
2026/08/01@14:22:27,650,519.5
2026/08/01@14:22:28,651,519.5
2026/08/01@14:22:29,652,519.5
2026/08/01@14:22:30,653,519.5
2026/08/01@14:22:32,655,519.5
2026/08/01@14:22:33,656,519.5
2026/08/01@14:22:34,657,519.5
2026/08/01@14:22:35,658,519.5
2026/08/01@14:22:36,659,519.5
2026/08/01@14:22:37,660,520.00008
2026/08/01@14:22:38,661,519.5
2026/08/01@14:22:39,662,519.5
2026/08/01@14:22:40,663,519.5
2026/08/01@14:22:41,664,519.5
2026/08/01@14:22:42,665,519.5
2026/08/01@14:22:44,667,519.5
2026/08/01@14:22:45,668,519.5
2026/08/01@14:22:46,669,519.5
2026/08/01@14:22:47,670,519.5
2026/08/01@14:22:48,671,519.5
2026/08/01@14:22:49,672,519.5
2026/08/01@14:22:50,673,519.5
2026/08/01@14:22:51,674,519.5
2026/08/01@14:22:52,675,519.5
2026/08/01@14:22:53,676,519.00008
2026/08/01@14:22:54,677,519.5
2026/08/01@14:22:56,679,519.5
2026/08/01@14:22:57,680,519.5
2026/08/01@14:22:58,681,520.00008
2026/08/01@14:22:59,682,519.5
2026/08/01@14:23:00,683,519.5
2026/08/01@14:23:01,684,519.5
2026/08/01@14:23:02,685,519.5
2026/08/01@14:23:03,686,519.5
2026/08/01@14:23:04,687,519.5
2026/08/01@14:23:05,688,519.5
2026/08/01@14:23:06,689,519.5
2026/08/01@14:23:07,690,519.5
2026/08/01@14:23:09,692,519.5
2026/08/01@14:23:10,693,519.5
2026/08/01@14:23:11,694,519.5
2026/08/01@14:23:12,695,519.5
2026/08/01@14:23:13,696,519.5
2026/08/01@14:23:14,697,519.5
2026/08/01@14:23:15,698,519.5
2026/08/01@14:23:16,699,519.5
2026/08/01@14:23:17,700,519.5
2026/08/01@14:23:18,701,519.5
2026/08/01@14:23:19,702,519.5
2026/08/01@14:23:21,704,519.5
2026/08/01@14:23:22,705,519.5
2026/08/01@14:23:23,706,519.5
2026/08/01@14:23:24,707,519.5
2026/08/01@14:23:25,708,519.5
2026/08/01@14:23:26,709,519.5
2026/08/01@14:23:27,710,520.00008
2026/08/01@14:23:28,711,519.5
2026/08/01@14:23:29,712,519.5
2026/08/01@14:23:30,713,519.5
2026/08/01@14:23:31,714,520.00008
2026/08/01@14:23:33,716,519.5
2026/08/01@14:23:34,717,519.5
2026/08/01@14:23:35,718,519.5
2026/08/01@14:23:36,719,519.5
2026/08/01@14:23:37,720,519.5
2026/08/01@14:23:38,721,519.5
2026/08/01@14:23:39,722,519.5
2026/08/01@14:23:40,723,519.5
2026/08/01@14:23:41,724,519.5
2026/08/01@14:23:42,725,519.5
2026/08/01@14:23:43,726,519.5
2026/08/01@14:23:45,728,519.5
2026/08/01@14:23:46,729,519.5
2026/08/01@14:23:47,730,519.5
2026/08/01@14:23:48,731,519.5
2026/08/01@14:23:49,732,519.5
2026/08/01@14:23:50,733,519.5
2026/08/01@14:23:51,734,519.5
2026/08/01@14:23:52,735,519.5
2026/08/01@14:23:53,736,519.5
2026/08/01@14:23:54,737,519.5
2026/08/01@14:23:55,738,519.5
2026/08/01@14:23:57,740,519.5
2026/08/01@14:23:58,741,519.5
2026/08/01@14:23:59,742,519.5
2026/08/01@14:24:00,743,519.5
2026/08/01@14:24:01,744,519.5
2026/08/01@14:24:02,745,519.5
2026/08/01@14:24:03,746,519.5
2026/08/01@14:24:04,747,519.00008
2026/08/01@14:24:05,748,519.5
2026/08/01@14:24:06,749,519.5
2026/08/01@14:24:07,750,519.5
2026/08/01@14:24:08,751,519.5
2026/08/01@14:24:10,753,519.5
2026/08/01@14:24:11,754,519.5
2026/08/01@14:24:12,755,519.5
2026/08/01@14:24:13,756,519.5
2026/08/01@14:24:14,757,519.5
2026/08/01@14:24:15,758,519.5
2026/08/01@14:24:16,759,519.5
2026/08/01@14:24:17,760,519.5
2026/08/01@14:24:18,761,519.5
2026/08/01@14:24:19,762,519.5
2026/08/01@14:24:20,763,519.5
2026/08/01@14:24:22,765,519.5
2026/08/01@14:24:23,766,519.5
2026/08/01@14:24:24,767,519.5
2026/08/01@14:24:25,768,519.5
2026/08/01@14:24:26,769,519.5
2026/08/01@14:24:27,770,519.5
2026/08/01@14:24:28,771,519.5
2026/08/01@14:24:29,772,519.5
2026/08/01@14:24:30,773,519.5
2026/08/01@14:24:31,774,519.5
2026/08/01@14:24:32,775,519.5
2026/08/01@14:24:34,777,519.5
2026/08/01@14:24:35,778,519.5
2026/08/01@14:24:36,779,519.5
2026/08/01@14:24:37,780,519.5
2026/08/01@14:24:38,781,519.5
2026/08/01@14:24:39,782,519.5
2026/08/01@14:24:40,783,519.5
2026/08/01@14:24:41,784,519.5
2026/08/01@14:24:42,785,519.5
2026/08/01@14:24:43,786,519.5
2026/08/01@14:24:44,787,519.5
2026/08/01@14:24:46,788,519.5
2026/08/01@14:24:47,790,519.5
2026/08/01@14:24:48,791,519.5
2026/08/01@14:24:49,792,519.5
2026/08/01@14:24:50,793,519.5
2026/08/01@14:24:51,794,519.5
2026/08/01@14:24:52,795,519.5
2026/08/01@14:24:53,796,519.5
2026/08/01@14:24:54,797,519.5
2026/08/01@14:24:55,798,519.5
2026/08/01@14:24:56,799,520.00008
2026/08/01@14:24:57,800,519.5
2026/08/01@14:24:59,802,519.5
2026/08/01@14:25:00,803,519.5
2026/08/01@14:25:01,804,519.5
2026/08/01@14:25:02,805,519.5
2026/08/01@14:25:03,806,519.5
2026/08/01@14:25:04,807,519.5
2026/08/01@14:25:05,808,519.5
2026/08/01@14:25:06,809,519.5
2026/08/01@14:25:07,810,519.5
2026/08/01@14:25:08,811,519.5
2026/08/01@14:25:09,812,519.5
2026/08/01@14:25:11,814,519.5
2026/08/01@14:25:12,815,519.5
2026/08/01@14:25:13,816,519.5
2026/08/01@14:25:14,817,519.5
2026/08/01@14:25:15,818,519.5
2026/08/01@14:25:16,819,519.5
2026/08/01@14:25:17,820,519.5
2026/08/01@14:25:18,821,519.5
2026/08/01@14:25:19,822,519.5
2026/08/01@14:25:20,823,519.5
2026/08/01@14:25:21,824,519.5
2026/08/01@14:25:23,826,519.5
2026/08/01@14:25:24,827,519.5
2026/08/01@14:25:25,828,519.5
2026/08/01@14:25:26,829,519.5
2026/08/01@14:25:27,830,519.5
2026/08/01@14:25:28,831,519.5
2026/08/01@14:25:29,832,519.5
2026/08/01@14:25:30,833,519.5
2026/08/01@14:25:31,834,519.5
2026/08/01@14:25:32,835,519.5
2026/08/01@14:25:33,836,519.5
2026/08/01@14:25:35,838,519.5
2026/08/01@14:25:36,839,519.5
2026/08/01@14:25:37,840,519.5
2026/08/01@14:25:38,841,519.5
2026/08/01@14:25:39,842,519.5
2026/08/01@14:25:40,843,519.5
2026/08/01@14:25:41,844,519.5
2026/08/01@14:25:42,845,519.5
2026/08/01@14:25:43,846,519.5
2026/08/01@14:25:44,847,519.5
2026/08/01@14:25:45,848,519.5
2026/08/01@14:25:46,849,519.5
2026/08/01@14:25:48,851,519.5
2026/08/01@14:25:49,852,519.5
2026/08/01@14:25:50,853,519.5
2026/08/01@14:25:51,854,519.5
2026/08/01@14:25:52,855,519.5
2026/08/01@14:25:53,856,519.5
2026/08/01@14:25:54,857,519.5
2026/08/01@14:25:55,858,519.5
2026/08/01@14:25:56,859,519.5
2026/08/01@14:25:57,860,519.5
2026/08/01@14:25:58,861,519.5
2026/08/01@14:26:00,863,519.5
2026/08/01@14:26:01,864,519.5
2026/08/01@14:26:02,865,519.5
2026/08/01@14:26:03,866,519.5
2026/08/01@14:26:04,867,519.5
2026/08/01@14:26:05,868,519.5
2026/08/01@14:26:06,869,519.5
2026/08/01@14:26:07,870,519.5
2026/08/01@14:26:08,871,519.5
2026/08/01@14:26:09,872,519.5
2026/08/01@14:26:10,873,519.5
2026/08/01@14:26:12,875,519.5
2026/08/01@14:26:13,876,519.5
2026/08/01@14:26:14,877,519.5
2026/08/01@14:26:15,878,519.5
2026/08/01@14:26:16,879,519.5
2026/08/01@14:26:17,880,519.5
2026/08/01@14:26:18,881,519.5
2026/08/01@14:26:19,882,519.5
2026/08/01@14:26:20,883,519.5
2026/08/01@14:26:21,884,519.5
2026/08/01@14:26:22,885,519.5
2026/08/01@14:26:24,887,519.5
2026/08/01@14:26:25,888,519.5
2026/08/01@14:26:26,889,519.5
2026/08/01@14:26:27,890,519.5
2026/08/01@14:26:28,891,519.5
2026/08/01@14:26:29,892,519.5
2026/08/01@14:26:30,893,519.5
2026/08/01@14:26:31,894,520.00008
2026/08/01@14:26:32,895,519.5
2026/08/01@14:26:33,896,519.5
2026/08/01@14:26:34,897,519.5
2026/08/01@14:26:35,898,519.5
2026/08/01@14:26:37,900,519.5
2026/08/01@14:26:38,901,519.5
2026/08/01@14:26:39,902,519.5
2026/08/01@14:26:40,903,519.5
2026/08/01@14:26:41,904,519.5
2026/08/01@14:26:42,905,519.5
2026/08/01@14:26:43,906,519.5
2026/08/01@14:26:44,907,519.5
2026/08/01@14:26:45,908,519.5
2026/08/01@14:26:46,909,519.5
2026/08/01@14:26:47,910,519.5
2026/08/01@14:26:49,912,519.5
2026/08/01@14:26:50,913,519.5
2026/08/01@14:26:51,914,519.5
2026/08/01@14:26:52,915,519.5
2026/08/01@14:26:53,916,519.5
2026/08/01@14:26:54,917,519.5
2026/08/01@14:26:55,918,519.5
2026/08/01@14:26:56,919,519.5
2026/08/01@14:26:57,920,519.5
2026/08/01@14:26:58,921,519.5
2026/08/01@14:26:59,922,519.5
2026/08/01@14:27:01,924,519.5
2026/08/01@14:27:02,925,519.5
2026/08/01@14:27:03,926,519.5
2026/08/01@14:27:04,927,519.5
2026/08/01@14:27:05,928,519.5
2026/08/01@14:27:06,929,519.5
2026/08/01@14:27:07,930,519.5
2026/08/01@14:27:08,931,519.5
2026/08/01@14:27:09,932,519.5
2026/08/01@14:27:10,933,519.5
2026/08/01@14:27:11,934,519.5
2026/08/01@14:27:13,936,519.5
2026/08/01@14:27:14,937,519.5
2026/08/01@14:27:15,938,519.5
2026/08/01@14:27:16,939,519.5
2026/08/01@14:27:17,940,519.5
2026/08/01@14:27:18,941,519.5
2026/08/01@14:27:19,942,519.5
2026/08/01@14:27:20,943,519.5
2026/08/01@14:27:21,944,519.5
2026/08/01@14:27:22,945,519.5
2026/08/01@14:27:23,946,519.5
2026/08/01@14:27:24,947,519.5
2026/08/01@14:27:26,949,519.5
2026/08/01@14:27:27,950,519.5
2026/08/01@14:27:28,951,519.5
2026/08/01@14:27:29,952,519.5
2026/08/01@14:27:30,953,519.5
2026/08/01@14:27:31,954,519.5
2026/08/01@14:27:32,955,519.5
2026/08/01@14:27:33,956,519.5
2026/08/01@14:27:34,957,519.5
2026/08/01@14:27:35,958,519.5
2026/08/01@14:27:36,959,519.5
2026/08/01@14:27:38,961,519.5
2026/08/01@14:27:39,962,519.5
2026/08/01@14:27:40,963,519.5
2026/08/01@14:27:41,964,519.5
2026/08/01@14:27:42,965,519.5
2026/08/01@14:27:43,966,519.5
2026/08/01@14:27:44,967,519.5
2026/08/01@14:27:45,968,519.5
2026/08/01@14:27:46,969,519.5
2026/08/01@14:27:47,970,519.5
2026/08/01@14:27:48,971,519.5
2026/08/01@14:27:50,973,519.5
2026/08/01@14:27:51,974,519.5
2026/08/01@14:27:52,975,519.5
2026/08/01@14:27:53,976,519.5
2026/08/01@14:27:54,977,519.5
2026/08/01@14:27:55,978,519.5
2026/08/01@14:27:56,979,519.5
2026/08/01@14:27:57,980,519.5
2026/08/01@14:27:58,981,519.5
2026/08/01@14:27:59,982,519.5
2026/08/01@14:28:00,983,519.5
2026/08/01@14:28:02,985,519.5
2026/08/01@14:28:03,986,519.5
2026/08/01@14:28:04,987,519.5
2026/08/01@14:28:05,988,519.5
2026/08/01@14:28:06,989,519.5
2026/08/01@14:28:07,990,519.5
2026/08/01@14:28:08,991,519.5
2026/08/01@14:28:09,992,519.5
2026/08/01@14:28:10,993,519.5
2026/08/01@14:28:11,994,519.5
2026/08/01@14:28:12,995,519.5
2026/08/01@14:28:14,996,519.5
2026/08/01@14:28:15,998,519.5
2026/08/01@14:28:16,999,519.5
2026/08/01@14:28:17,1000,519.5
2026/08/01@14:28:18,1001,519.5
2026/08/01@14:28:19,1002,519.5
2026/08/01@14:28:20,1003,519.5
2026/08/01@14:28:21,1004,519.5
2026/08/01@14:28:22,1005,519.5
2026/08/01@14:28:23,1006,519.5
2026/08/01@14:28:24,1007,519.5
2026/08/01@14:28:25,1008,519.5
2026/08/01@14:28:27,1010,519.5
2026/08/01@14:28:28,1011,519.5
2026/08/01@14:28:29,1012,519.5
2026/08/01@14:28:30,1013,519.5
2026/08/01@14:28:31,1014,519.00008
2026/08/01@14:28:32,1015,519.5
2026/08/01@14:28:33,1016,519.5
2026/08/01@14:28:34,1017,519.5
2026/08/01@14:28:35,1018,519.5
2026/08/01@14:28:36,1019,519.5
2026/08/01@14:28:37,1020,519.5
2026/08/01@14:28:39,1022,519.5
2026/08/01@14:28:40,1023,519.5
2026/08/01@14:28:41,1024,519.5
2026/08/01@14:28:42,1025,519.5
2026/08/01@14:28:43,1026,519.5
2026/08/01@14:28:44,1027,519.5
2026/08/01@14:28:45,1028,519.5
2026/08/01@14:28:46,1029,519.5
2026/08/01@14:28:47,1030,519.5
2026/08/01@14:28:48,1031,519.5
2026/08/01@14:28:49,1032,519.5
2026/08/01@14:28:51,1034,519.5
2026/08/01@14:28:52,1035,519.5
2026/08/01@14:28:53,1036,519.5
2026/08/01@14:28:54,1037,519.5
2026/08/01@14:28:55,1038,519.5
2026/08/01@14:28:56,1039,519.5
2026/08/01@14:28:57,1040,519.5
2026/08/01@14:28:58,1041,519.5
2026/08/01@14:28:59,1042,519.5
2026/08/01@14:29:00,1043,519.5
2026/08/01@14:29:01,1044,519.5
2026/08/01@14:29:02,1045,519.5
2026/08/01@14:29:04,1047,519.5
2026/08/01@14:29:05,1048,519.5
2026/08/01@14:29:06,1049,519.00008
2026/08/01@14:29:07,1050,519.5
2026/08/01@14:29:08,1051,519.5
2026/08/01@14:29:09,1052,519.5
2026/08/01@14:29:10,1053,519.5
2026/08/01@14:29:11,1054,519.5
2026/08/01@14:29:12,1055,519.5
2026/08/01@14:29:13,1056,381.325
2026/08/01@14:29:14,1057,364.00004
2026/08/01@14:29:16,1059,519.5
2026/08/01@14:29:17,1060,519.5
2026/08/01@14:29:18,1061,519.5
2026/08/01@14:29:19,1062,519.5
2026/08/01@14:29:20,1063,519.5
2026/08/01@14:29:21,1064,519.5
2026/08/01@14:29:22,1065,519.5
2026/08/01@14:29:23,1066,519.5
2026/08/01@14:29:24,1067,519.5
2026/08/01@14:29:25,1068,519.5
2026/08/01@14:29:26,1069,519.5
2026/08/01@14:29:28,1071,519.5
2026/08/01@14:29:29,1072,519.5
2026/08/01@14:29:30,1073,519.5
2026/08/01@14:29:31,1074,519.5
2026/08/01@14:29:32,1075,519.5
2026/08/01@14:29:33,1076,519.5
2026/08/01@14:29:34,1077,519.5
2026/08/01@14:29:35,1078,519.5
2026/08/01@14:29:36,1079,519.5
2026/08/01@14:29:37,1080,519.5
2026/08/01@14:29:38,1081,519.5
2026/08/01@14:29:40,1083,519.5
2026/08/01@14:29:41,1084,519.5
2026/08/01@14:29:42,1085,519.5
2026/08/01@14:29:43,1086,519.5
2026/08/01@14:29:44,1087,519.5
2026/08/01@14:29:45,1088,519.5
2026/08/01@14:29:46,1089,519.5
2026/08/01@14:29:47,1090,519.5
2026/08/01@14:29:48,1091,519.5
2026/08/01@14:29:49,1092,519.5
2026/08/01@14:29:50,1093,519.5
2026/08/01@14:29:52,1094,519.5
2026/08/01@14:29:53,1096,519.5
2026/08/01@14:29:54,1097,519.5
2026/08/01@14:29:55,1098,519.5
2026/08/01@14:29:56,1099,519.5
2026/08/01@14:29:57,1100,519.5
2026/08/01@14:29:58,1101,519.5
2026/08/01@14:29:59,1102,519.5
2026/08/01@14:30:00,1103,519.5
2026/08/01@14:30:01,1104,519.00008
2026/08/01@14:30:02,1105,519.5
2026/08/01@14:30:03,1106,519.5
2026/08/01@14:30:05,1108,519.5
2026/08/01@14:30:06,1109,519.5
2026/08/01@14:30:07,1110,519.5
2026/08/01@14:30:08,1111,519.5
2026/08/01@14:30:09,1112,519.5
2026/08/01@14:30:10,1113,519.5
2026/08/01@14:30:11,1114,519.5
2026/08/01@14:30:12,1115,519.5
2026/08/01@14:30:13,1116,519.5
2026/08/01@14:30:14,1117,519.5
2026/08/01@14:30:15,1118,519.5
2026/08/01@14:30:17,1120,519.5
2026/08/01@14:30:18,1121,519.5
2026/08/01@14:30:19,1122,519.5
2026/08/01@14:30:20,1123,519.5
2026/08/01@14:30:21,1124,519.5
2026/08/01@14:30:22,1125,519.5
2026/08/01@14:30:23,1126,519.5
2026/08/01@14:30:24,1127,519.5
2026/08/01@14:30:25,1128,519.5
2026/08/01@14:30:26,1129,519.5
2026/08/01@14:30:27,1130,519.5
2026/08/01@14:30:29,1132,519.00008
2026/08/01@14:30:30,1133,519.5
2026/08/01@14:30:31,1134,519.5
2026/08/01@14:30:32,1135,519.5
2026/08/01@14:30:33,1136,519.5
2026/08/01@14:30:34,1137,519.5
2026/08/01@14:30:35,1138,519.5
2026/08/01@14:30:36,1139,519.5
2026/08/01@14:30:37,1140,519.5
2026/08/01@14:30:38,1141,519.5
2026/08/01@14:30:39,1142,519.5
2026/08/01@14:30:40,1143,519.5
2026/08/01@14:30:42,1144,519.5
2026/08/01@14:30:43,1146,519.5
2026/08/01@14:30:44,1147,519.5
2026/08/01@14:30:45,1148,519.5
2026/08/01@14:30:46,1149,519.5
2026/08/01@14:30:47,1150,519.5
2026/08/01@14:30:48,1151,519.00008
2026/08/01@14:30:49,1152,519.5
2026/08/01@14:30:50,1153,519.5
2026/08/01@14:30:51,1154,519.5
2026/08/01@14:30:52,1155,519.5
2026/08/01@14:30:53,1156,519.5
2026/08/01@14:30:55,1158,519.5
2026/08/01@14:30:56,1159,519.5
2026/08/01@14:30:57,1160,519.5
2026/08/01@14:30:58,1161,519.5
2026/08/01@14:30:59,1162,519.5
2026/08/01@14:31:00,1163,519.5
2026/08/01@14:31:01,1164,519.5
2026/08/01@14:31:02,1165,519.5
2026/08/01@14:31:03,1166,519.5
2026/08/01@14:31:04,1167,519.5
2026/08/01@14:31:05,1168,519.5
2026/08/01@14:31:07,1170,519.5
2026/08/01@14:31:08,1171,519.5
2026/08/01@14:31:09,1172,519.5
2026/08/01@14:31:10,1173,519.5
2026/08/01@14:31:11,1174,519.5
2026/08/01@14:31:12,1175,519.5
2026/08/01@14:31:13,1176,519.5
2026/08/01@14:31:14,1177,519.5
2026/08/01@14:31:15,1178,519.5
2026/08/01@14:31:16,1179,519.5
2026/08/01@14:31:17,1180,519.5
2026/08/01@14:31:19,1182,519.5
2026/08/01@14:31:20,1183,519.5
2026/08/01@14:31:21,1184,519.5
2026/08/01@14:31:22,1185,519.5
2026/08/01@14:31:23,1186,519.5
2026/08/01@14:31:24,1187,519.5
2026/08/01@14:31:25,1188,519.5
2026/08/01@14:31:26,1189,519.5
2026/08/01@14:31:27,1190,519.5
2026/08/01@14:31:28,1191,519.5
2026/08/01@14:31:29,1192,519.5
2026/08/01@14:31:30,1193,519.5
2026/08/01@14:31:32,1195,519.5
2026/08/01@14:31:33,1196,519.5
2026/08/01@14:31:34,1197,519.5
2026/08/01@14:31:35,1198,519.5
2026/08/01@14:31:36,1199,519.5
2026/08/01@14:31:37,1200,519.5
2026/08/01@14:31:38,1201,519.5
2026/08/01@14:31:39,1202,519.5
2026/08/01@14:31:40,1203,519.5
2026/08/01@14:31:41,1204,519.5
2026/08/01@14:31:42,1205,519.5
2026/08/01@14:31:44,1207,519.5
2026/08/01@14:31:45,1208,519.5
2026/08/01@14:31:46,1209,519.5
2026/08/01@14:31:47,1210,519.5
2026/08/01@14:31:48,1211,519.5
2026/08/01@14:31:49,1212,519.5
2026/08/01@14:31:50,1213,519.5
2026/08/01@14:31:51,1214,519.5
2026/08/01@14:31:52,1215,519.5
2026/08/01@14:31:53,1216,519.5
2026/08/01@14:31:54,1217,519.5
2026/08/01@14:31:56,1219,519.5
2026/08/01@14:31:57,1220,519.5
2026/08/01@14:31:58,1221,519.5
2026/08/01@14:31:59,1222,519.5
2026/08/01@14:32:00,1223,519.5
2026/08/01@14:32:01,1224,519.5
2026/08/01@14:32:02,1225,519.5
2026/08/01@14:32:03,1226,519.5
2026/08/01@14:32:04,1227,519.5
2026/08/01@14:32:05,1228,519.5
2026/08/01@14:32:06,1229,519.5
2026/08/01@14:32:08,1231,519.5
2026/08/01@14:32:09,1232,519.5
2026/08/01@14:32:10,1233,519.5
2026/08/01@14:32:11,1234,519.5
2026/08/01@14:32:12,1235,519.5
2026/08/01@14:32:13,1236,519.5
2026/08/01@14:32:14,1237,519.5
2026/08/01@14:32:15,1238,519.5
2026/08/01@14:32:16,1239,519.5
2026/08/01@14:32:17,1240,519.5
2026/08/01@14:32:18,1241,519.5
2026/08/01@14:32:20,1243,519.5
2026/08/01@14:32:21,1244,519.5
2026/08/01@14:32:22,1245,519.5
2026/08/01@14:32:23,1246,519.5
2026/08/01@14:32:24,1247,519.5
2026/08/01@14:32:25,1248,519.5
2026/08/01@14:32:26,1249,519.5
2026/08/01@14:32:27,1250,519.5
2026/08/01@14:32:28,1251,519.5
2026/08/01@14:32:29,1252,519.5
2026/08/01@14:32:30,1253,519.5
2026/08/01@14:32:31,1254,519.5
2026/08/01@14:32:33,1256,519.5
2026/08/01@14:32:34,1257,519.5
2026/08/01@14:32:35,1258,519.5
2026/08/01@14:32:36,1259,519.5
2026/08/01@14:32:37,1260,519.5
2026/08/01@14:32:38,1261,519.5
2026/08/01@14:32:39,1262,519.5
2026/08/01@14:32:40,1263,519.5
2026/08/01@14:32:41,1264,519.5
2026/08/01@14:32:42,1265,519.5
2026/08/01@14:32:43,1266,519.5
2026/08/01@14:32:45,1268,519.5
2026/08/01@14:32:46,1269,519.5
2026/08/01@14:32:47,1270,519.5
2026/08/01@14:32:48,1271,519.5
2026/08/01@14:32:49,1272,519.5
2026/08/01@14:32:50,1273,519.5
2026/08/01@14:32:51,1274,519.5
2026/08/01@14:32:52,1275,519.5
2026/08/01@14:32:53,1276,519.5
2026/08/01@14:32:54,1277,519.5
2026/08/01@14:32:55,1278,519.5
2026/08/01@14:32:57,1280,519.5
2026/08/01@14:32:58,1281,519.5
2026/08/01@14:32:59,1282,519.5
2026/08/01@14:33:00,1283,519.5
2026/08/01@14:33:01,1284,519.5
2026/08/01@14:33:02,1285,519.5
2026/08/01@14:33:03,1286,519.5
2026/08/01@14:33:04,1287,519.5
2026/08/01@14:33:05,1288,519.5
2026/08/01@14:33:06,1289,519.5
2026/08/01@14:33:07,1290,519.5
2026/08/01@14:33:09,1292,519.5
2026/08/01@14:33:10,1293,519.5
2026/08/01@14:33:11,1294,519.5
2026/08/01@14:33:12,1295,519.5
2026/08/01@14:33:13,1296,519.5
2026/08/01@14:33:14,1297,519.5
2026/08/01@14:33:15,1298,520.00008
2026/08/01@14:33:16,1299,519.5
2026/08/01@14:33:17,1300,519.5
2026/08/01@14:33:18,1301,519.5
2026/08/01@14:33:19,1302,519.5
2026/08/01@14:33:20,1303,519.5
2026/08/01@14:33:22,1305,519.5
2026/08/01@14:33:23,1306,519.5
2026/08/01@14:33:24,1307,519.5
2026/08/01@14:33:25,1308,519.5
2026/08/01@14:33:26,1309,519.5
2026/08/01@14:33:27,1310,519.5
2026/08/01@14:33:28,1311,519.5
2026/08/01@14:33:29,1312,519.5
2026/08/01@14:33:30,1313,519.5
2026/08/01@14:33:31,1314,519.5
2026/08/01@14:33:32,1315,519.5
2026/08/01@14:33:34,1317,519.5
2026/08/01@14:33:35,1318,519.5
2026/08/01@14:33:36,1319,519.5
2026/08/01@14:33:37,1320,519.5
2026/08/01@14:33:38,1321,519.5
2026/08/01@14:33:39,1322,519.5
2026/08/01@14:33:40,1323,519.5
2026/08/01@14:33:41,1324,519.5
2026/08/01@14:33:42,1325,519.5
2026/08/01@14:33:43,1326,519.5
2026/08/01@14:33:44,1327,519.5
2026/08/01@14:33:46,1329,519.5
2026/08/01@14:33:47,1330,519.5
2026/08/01@14:33:48,1331,519.5
2026/08/01@14:33:49,1332,519.5
2026/08/01@14:33:50,1333,519.5
2026/08/01@14:33:51,1334,519.5
2026/08/01@14:33:52,1335,519.5
2026/08/01@14:33:53,1336,519.5
2026/08/01@14:33:54,1337,519.5
2026/08/01@14:33:55,1338,519.5
2026/08/01@14:33:56,1339,519.5
2026/08/01@14:33:58,1341,519.5
2026/08/01@14:33:59,1342,519.5
2026/08/01@14:34:00,1343,519.5
2026/08/01@14:34:01,1344,519.5
2026/08/01@14:34:02,1345,519.5
2026/08/01@14:34:03,1346,520.00008
2026/08/01@14:34:04,1347,519.5
2026/08/01@14:34:05,1348,519.5
2026/08/01@14:34:06,1349,519.5
2026/08/01@14:34:07,1350,519.5
2026/08/01@14:34:08,1351,519.5
2026/08/01@14:34:10,1352,519.5
2026/08/01@14:34:11,1354,519.5
2026/08/01@14:34:12,1355,519.5
2026/08/01@14:34:13,1356,519.5
2026/08/01@14:34:14,1357,519.5
2026/08/01@14:34:15,1358,519.5
2026/08/01@14:34:16,1359,519.5
2026/08/01@14:34:17,1360,519.5
2026/08/01@14:34:18,1361,519.5
2026/08/01@14:34:19,1362,519.5
2026/08/01@14:34:20,1363,519.5
2026/08/01@14:34:21,1364,519.5
2026/08/01@14:34:23,1366,519.5
2026/08/01@14:34:24,1367,519.5
2026/08/01@14:34:25,1368,519.5
2026/08/01@14:34:26,1369,519.5
2026/08/01@14:34:27,1370,519.5
2026/08/01@14:34:28,1371,519.5
2026/08/01@14:34:29,1372,519.5
2026/08/01@14:34:30,1373,519.5
2026/08/01@14:34:31,1374,519.5
2026/08/01@14:34:32,1375,519.5
2026/08/01@14:34:33,1376,519.5
2026/08/01@14:34:35,1378,519.5
2026/08/01@14:34:36,1379,519.5
2026/08/01@14:34:37,1380,519.5
2026/08/01@14:34:38,1381,519.5
2026/08/01@14:34:39,1382,520.00008
2026/08/01@14:34:40,1383,519.5
2026/08/01@14:34:41,1384,519.5
2026/08/01@14:34:42,1385,519.5
2026/08/01@14:34:43,1386,520.00008
2026/08/01@14:34:44,1387,519.5
2026/08/01@14:34:45,1388,519.5
2026/08/01@14:34:47,1390,519.5
2026/08/01@14:34:48,1391,519.5
2026/08/01@14:34:49,1392,519.5
2026/08/01@14:34:50,1393,519.5
2026/08/01@14:34:51,1394,520.00008
2026/08/01@14:34:52,1395,519.5
2026/08/01@14:34:53,1396,520.00008
2026/08/01@14:34:54,1397,519.5
2026/08/01@14:34:55,1398,519.5
2026/08/01@14:34:56,1399,519.5
2026/08/01@14:34:57,1400,519.5
2026/08/01@14:34:59,1401,519.5
2026/08/01@14:35:00,1403,519.5
2026/08/01@14:35:01,1404,520.00008
2026/08/01@14:35:02,1405,519.5
2026/08/01@14:35:03,1406,519.5
2026/08/01@14:35:04,1407,519.5
2026/08/01@14:35:05,1408,519.5
2026/08/01@14:35:06,1409,519.5
2026/08/01@14:35:07,1410,519.5
2026/08/01@14:35:08,1411,519.5
2026/08/01@14:35:09,1412,520.00008
2026/08/01@14:35:10,1413,519.5
2026/08/01@14:35:12,1415,519.5
2026/08/01@14:35:13,1416,520.00008
2026/08/01@14:35:14,1417,519.5
2026/08/01@14:35:15,1418,520.00008
2026/08/01@14:35:16,1419,519.5
2026/08/01@14:35:17,1420,519.5
2026/08/01@14:35:18,1421,519.5
2026/08/01@14:35:19,1422,519.5
2026/08/01@14:35:20,1423,519.5
2026/08/01@14:35:21,1424,519.5
2026/08/01@14:35:22,1425,519.5
2026/08/01@14:35:24,1427,519.5
2026/08/01@14:35:25,1428,519.5
2026/08/01@14:35:26,1429,520.00008
2026/08/01@14:35:27,1430,519.5
2026/08/01@14:35:28,1431,520.00008
2026/08/01@14:35:29,1432,519.5
2026/08/01@14:35:30,1433,520.00008
2026/08/01@14:35:31,1434,519.5
2026/08/01@14:35:32,1435,519.5
2026/08/01@14:35:33,1436,520.00008
2026/08/01@14:35:34,1437,520.00008
2026/08/01@14:35:36,1439,519.5
2026/08/01@14:35:37,1440,519.5
2026/08/01@14:35:38,1441,519.5
2026/08/01@14:35:39,1442,519.5
2026/08/01@14:35:40,1443,519.5
2026/08/01@14:35:41,1444,520.00008
2026/08/01@14:35:42,1445,519.5
2026/08/01@14:35:43,1446,519.5
2026/08/01@14:35:44,1447,519.5
2026/08/01@14:35:45,1448,520.00008
2026/08/01@14:35:46,1449,519.5
2026/08/01@14:35:48,1451,520.00008
2026/08/01@14:35:49,1452,519.5
2026/08/01@14:35:50,1453,519.5
2026/08/01@14:35:51,1454,519.5
2026/08/01@14:35:52,1455,520.00008
2026/08/01@14:35:53,1456,520.00008
2026/08/01@14:35:54,1457,519.5
2026/08/01@14:35:55,1458,520.00008
2026/08/01@14:35:56,1459,520.00008
2026/08/01@14:35:57,1460,519.5
2026/08/01@14:35:58,1461,519.5
2026/08/01@14:36:00,1463,519.5
2026/08/01@14:36:01,1464,520.00008
2026/08/01@14:36:02,1465,519.5
2026/08/01@14:36:03,1466,519.5
2026/08/01@14:36:04,1467,520.00008
2026/08/01@14:36:05,1468,520.00008
2026/08/01@14:36:06,1469,519.5
2026/08/01@14:36:07,1470,520.00008
2026/08/01@14:36:08,1471,519.5
2026/08/01@14:36:09,1472,519.5
2026/08/01@14:36:10,1473,520.00008
2026/08/01@14:36:12,1475,519.5
2026/08/01@14:36:13,1476,520.00008
2026/08/01@14:36:14,1477,519.5
2026/08/01@14:36:15,1478,520.00008
2026/08/01@14:36:16,1479,520.00008
2026/08/01@14:36:17,1480,519.5
2026/08/01@14:36:18,1481,520.00008
2026/08/01@14:36:19,1482,520.00008
2026/08/01@14:36:20,1483,520.00008
2026/08/01@14:36:21,1484,520.00008
2026/08/01@14:36:22,1485,519.5
2026/08/01@14:36:23,1486,520.00008
2026/08/01@14:36:25,1488,520.00008
2026/08/01@14:36:26,1489,519.5
2026/08/01@14:36:27,1490,520.00008
2026/08/01@14:36:28,1491,519.5
2026/08/01@14:36:29,1492,520.00008
2026/08/01@14:36:30,1493,520.00008
2026/08/01@14:36:31,1494,520.00008
2026/08/01@14:36:32,1495,520.00008
2026/08/01@14:36:33,1496,520.00008
2026/08/01@14:36:34,1497,520.00008
2026/08/01@14:36:36,1499,520.00008
2026/08/01@14:36:37,1500,519.5
2026/08/01@14:36:38,1501,520.00008
2026/08/01@14:36:39,1502,520.00008
2026/08/01@14:36:40,1503,519.5
2026/08/01@14:36:41,1504,520.00008
2026/08/01@14:36:42,1505,519.5
2026/08/01@14:36:43,1506,520.00008
2026/08/01@14:36:44,1507,520.00008
2026/08/01@14:36:45,1508,519.5
2026/08/01@14:36:46,1509,520.00008
2026/08/01@14:36:48,1511,519.5
2026/08/01@14:36:49,1512,519.5
2026/08/01@14:36:50,1513,520.00008
2026/08/01@14:36:51,1514,520.00008
2026/08/01@14:36:52,1515,520.00008
2026/08/01@14:36:53,1516,520.00008
2026/08/01@14:36:54,1517,520.00008
2026/08/01@14:36:55,1518,520.00008
2026/08/01@14:36:56,1519,519.5
2026/08/01@14:36:57,1520,520.00008
2026/08/01@14:36:58,1521,520.00008
2026/08/01@14:37:00,1523,520.00008
2026/08/01@14:37:01,1524,520.00008
2026/08/01@14:37:02,1525,520.00008
2026/08/01@14:37:03,1526,520.00008
2026/08/01@14:37:04,1527,519.5
2026/08/01@14:37:05,1528,520.00008
2026/08/01@14:37:06,1529,520.00008
2026/08/01@14:37:07,1530,520.00008
2026/08/01@14:37:08,1531,520.00008
2026/08/01@14:37:09,1532,520.00008
2026/08/01@14:37:10,1533,520.00008
2026/08/01@14:37:12,1534,519.5
2026/08/01@14:37:13,1536,520.00008
2026/08/01@14:37:14,1537,520.00008
2026/08/01@14:37:15,1538,520.00008
2026/08/01@14:37:16,1539,520.00008
2026/08/01@14:37:17,1540,520.00008
2026/08/01@14:37:18,1541,520.00008
2026/08/01@14:37:19,1542,520.00008
2026/08/01@14:37:20,1543,520.00008
2026/08/01@14:37:21,1544,520.00008
2026/08/01@14:37:22,1545,519.5
2026/08/01@14:37:24,1547,520.00008
2026/08/01@14:37:25,1548,520.00008
2026/08/01@14:37:26,1549,520.00008
2026/08/01@14:37:27,1550,520.00008
2026/08/01@14:37:28,1551,520.00008
2026/08/01@14:37:29,1552,520.00008
2026/08/01@14:37:30,1553,520.00008
2026/08/01@14:37:31,1554,520.00008
2026/08/01@14:37:32,1555,520.00008
2026/08/01@14:37:33,1556,519.5
2026/08/01@14:37:34,1557,520.00008
2026/08/01@14:37:36,1559,520.00008
2026/08/01@14:37:37,1560,519.5
2026/08/01@14:37:38,1561,520.00008
2026/08/01@14:37:39,1562,520.00008
2026/08/01@14:37:40,1563,520.00008
2026/08/01@14:37:41,1564,520.00008
2026/08/01@14:37:42,1565,520.00008
2026/08/01@14:37:43,1566,520.00008
2026/08/01@14:37:44,1567,520.00008
2026/08/01@14:37:45,1568,520.00008
2026/08/01@14:37:46,1569,520.00008
2026/08/01@14:37:48,1571,520.00008
2026/08/01@14:37:49,1572,520.00008
2026/08/01@14:37:50,1573,520.00008
2026/08/01@14:37:51,1574,520.00008
2026/08/01@14:37:52,1575,520.00008
2026/08/01@14:37:53,1576,520.00008
2026/08/01@14:37:54,1577,520.00008
2026/08/01@14:37:55,1578,520.00008
2026/08/01@14:37:56,1579,520.00008
2026/08/01@14:37:57,1580,520.00008
2026/08/01@14:37:58,1581,520.00008
2026/08/01@14:38:00,1583,520.00008
2026/08/01@14:38:01,1584,520.00008
2026/08/01@14:38:02,1585,520.00008
2026/08/01@14:38:03,1586,520.00008
2026/08/01@14:38:04,1587,520.00008
2026/08/01@14:38:05,1588,520.00008
2026/08/01@14:38:06,1589,520.00008
2026/08/01@14:38:07,1590,520.00008
2026/08/01@14:38:08,1591,520.00008
2026/08/01@14:38:09,1592,520.00008
2026/08/01@14:38:10,1593,520.00008
2026/08/01@14:38:12,1595,520.00008
2026/08/01@14:38:13,1596,520.00008
2026/08/01@14:38:14,1597,520.00008
2026/08/01@14:38:15,1598,520.00008
2026/08/01@14:38:16,1599,520.00008
2026/08/01@14:38:17,1600,520.00008
2026/08/01@14:38:18,1601,520.00008
2026/08/01@14:38:19,1602,520.00008
2026/08/01@14:38:20,1603,520.00008
2026/08/01@14:38:21,1604,520.00008
2026/08/01@14:38:22,1605,520.00008
2026/08/01@14:38:24,1607,520.00008
2026/08/01@14:38:25,1608,520.00008
2026/08/01@14:38:26,1609,520.00008
2026/08/01@14:38:27,1610,520.00008
2026/08/01@14:38:28,1611,520.00008
2026/08/01@14:38:29,1612,520.00008
2026/08/01@14:38:30,1613,520.00008
2026/08/01@14:38:31,1614,520.00008
2026/08/01@14:38:32,1615,520.00008
2026/08/01@14:38:33,1616,520.00008
2026/08/01@14:38:34,1617,520.00008
2026/08/01@14:38:36,1619,520.00008
2026/08/01@14:38:37,1620,520.00008
2026/08/01@14:38:38,1621,520.00008
2026/08/01@14:38:39,1622,520.00008
2026/08/01@14:38:40,1623,520.00008
2026/08/01@14:38:41,1624,520.00008
2026/08/01@14:38:42,1625,520.00008
2026/08/01@14:38:43,1626,520.00008
2026/08/01@14:38:44,1627,520.00008
2026/08/01@14:38:45,1628,520.00008
2026/08/01@14:38:46,1629,520.00008
2026/08/01@14:38:48,1631,520.00008
2026/08/01@14:38:49,1632,520.00008
2026/08/01@14:38:50,1633,520.00008
2026/08/01@14:38:51,1634,520.00008
2026/08/01@14:38:52,1635,520.00008
2026/08/01@14:38:53,1636,520.00008
2026/08/01@14:38:54,1637,520.00008
2026/08/01@14:38:55,1638,520.00008
2026/08/01@14:38:56,1639,520.00008
2026/08/01@14:38:57,1640,520.00008
2026/08/01@14:38:58,1641,520.00008
2026/08/01@14:39:00,1643,520.00008
2026/08/01@14:39:01,1644,520.00008
2026/08/01@14:39:02,1645,520.00008
2026/08/01@14:39:03,1646,520.00008
2026/08/01@14:39:04,1647,520.00008
2026/08/01@14:39:05,1648,520.00008
2026/08/01@14:39:06,1649,520.00008
2026/08/01@14:39:07,1650,520.00008
2026/08/01@14:39:08,1651,520.00008
2026/08/01@14:39:09,1652,520.00008
2026/08/01@14:39:10,1653,520.00008
2026/08/01@14:39:12,1655,520.00008
2026/08/01@14:39:13,1656,520.00008
2026/08/01@14:39:14,1657,520.00008
2026/08/01@14:39:15,1658,520.00008
2026/08/01@14:39:16,1659,520.00008
2026/08/01@14:39:17,1660,520.00008
2026/08/01@14:39:18,1661,520.00008
2026/08/01@14:39:19,1662,520.00008
2026/08/01@14:39:20,1663,520.00008
2026/08/01@14:39:21,1664,520.00008
2026/08/01@14:39:22,1665,520.00008
2026/08/01@14:39:24,1667,520.00008
2026/08/01@14:39:25,1668,520.00008
2026/08/01@14:39:26,1669,520.00008
2026/08/01@14:39:27,1670,520.00008
2026/08/01@14:39:28,1671,520.00008
2026/08/01@14:39:29,1672,520.00008
2026/08/01@14:39:30,1673,520.00008
2026/08/01@14:39:31,1674,520.00008
2026/08/01@14:39:32,1675,520.00008
2026/08/01@14:39:33,1676,520.00008
2026/08/01@14:39:34,1677,520.00008
2026/08/01@14:39:36,1679,520.00008
2026/08/01@14:39:37,1680,520.00008
2026/08/01@14:39:38,1681,520.00008
2026/08/01@14:39:39,1682,520.00008
2026/08/01@14:39:40,1683,520.00008
2026/08/01@14:39:41,1684,520.00008
2026/08/01@14:39:42,1685,520.00008
2026/08/01@14:39:43,1686,520.00008
2026/08/01@14:39:44,1687,520.00008
2026/08/01@14:39:45,1688,520.00008
2026/08/01@14:39:46,1689,520.00008
2026/08/01@14:39:48,1691,520.00008
2026/08/01@14:39:49,1692,520.00008
2026/08/01@14:39:50,1693,520.00008
2026/08/01@14:39:51,1694,520.00008
2026/08/01@14:39:52,1695,520.00008
2026/08/01@14:39:53,1696,520.00008
2026/08/01@14:39:54,1697,520.00008
2026/08/01@14:39:55,1698,520.00008
2026/08/01@14:39:56,1699,520.00008
2026/08/01@14:39:57,1700,520.00008
2026/08/01@14:39:58,1701,520.00008
2026/08/01@14:40:00,1703,520.00008
2026/08/01@14:40:01,1704,520.00008
2026/08/01@14:40:02,1705,520.00008
2026/08/01@14:40:03,1706,520.00008
2026/08/01@14:40:04,1707,520.00008
2026/08/01@14:40:05,1708,520.00008
2026/08/01@14:40:06,1709,520.00008
2026/08/01@14:40:07,1710,520.00008
2026/08/01@14:40:08,1711,520.00008
2026/08/01@14:40:09,1712,520.00008
2026/08/01@14:40:10,1713,520.00008
2026/08/01@14:40:12,1715,520.00008
2026/08/01@14:40:13,1716,520.00008
2026/08/01@14:40:14,1717,520.00008
2026/08/01@14:40:15,1718,520.00008
2026/08/01@14:40:16,1719,520.00008
2026/08/01@14:40:17,1720,520.00008
2026/08/01@14:40:18,1721,520.00008
2026/08/01@14:40:19,1722,520.00008
2026/08/01@14:40:20,1723,520.00008
2026/08/01@14:40:21,1724,520.00008
2026/08/01@14:40:22,1725,520.00008
2026/08/01@14:40:24,1727,520.00008
2026/08/01@14:40:25,1728,520.00008
2026/08/01@14:40:26,1729,520.00008
2026/08/01@14:40:27,1730,520.00008
2026/08/01@14:40:28,1731,520.00008
2026/08/01@14:40:29,1732,520.00008
2026/08/01@14:40:30,1733,520.00008
2026/08/01@14:40:31,1734,520.00008
2026/08/01@14:40:32,1735,520.00008
2026/08/01@14:40:33,1736,520.00008
2026/08/01@14:40:34,1737,520.00008
2026/08/01@14:40:36,1739,520.00008
2026/08/01@14:40:37,1740,520.00008
2026/08/01@14:40:38,1741,520.00008
2026/08/01@14:40:39,1742,520.00008
2026/08/01@14:40:40,1743,520.00008
2026/08/01@14:40:41,1744,520.00008
2026/08/01@14:40:42,1745,520.00008
2026/08/01@14:40:43,1746,520.00008
2026/08/01@14:40:44,1747,520.00008
2026/08/01@14:40:45,1748,520.00008
2026/08/01@14:40:46,1749,520.00008
2026/08/01@14:40:48,1751,520.00008
2026/08/01@14:40:49,1752,520.00008
2026/08/01@14:40:50,1753,520.00008
2026/08/01@14:40:51,1754,520.00008
2026/08/01@14:40:52,1755,520.00008
2026/08/01@14:40:53,1756,520.00008
2026/08/01@14:40:54,1757,520.00008
2026/08/01@14:40:55,1758,520.00008
2026/08/01@14:40:56,1759,520.00008
2026/08/01@14:40:57,1760,520.00008
2026/08/01@14:40:58,1761,520.00008
2026/08/01@14:41:00,1763,520.00008
2026/08/01@14:41:01,1764,520.00008
2026/08/01@14:41:02,1765,520.00008
2026/08/01@14:41:03,1766,520.00008
2026/08/01@14:41:04,1767,520.00008
2026/08/01@14:41:05,1768,520.00008
2026/08/01@14:41:06,1769,520.00008
2026/08/01@14:41:07,1770,520.00008
2026/08/01@14:41:08,1771,520.00008
2026/08/01@14:41:09,1772,520.00008
2026/08/01@14:41:10,1773,520.00008
2026/08/01@14:41:12,1775,520.00008
2026/08/01@14:41:13,1776,520.00008
2026/08/01@14:41:14,1777,520.00008
2026/08/01@14:41:15,1778,520.00008
2026/08/01@14:41:16,1779,520.00008
2026/08/01@14:41:17,1780,520.00008
2026/08/01@14:41:18,1781,520.00008
2026/08/01@14:41:19,1782,520.00008
2026/08/01@14:41:20,1783,520.00008
2026/08/01@14:41:21,1784,520.00008
2026/08/01@14:41:22,1785,520.00008
2026/08/01@14:41:24,1787,520.00008
2026/08/01@14:41:25,1788,520.00008
2026/08/01@14:41:26,1789,520.00008
2026/08/01@14:41:27,1790,520.00008
2026/08/01@14:41:28,1791,520.00008
2026/08/01@14:41:29,1792,520.00008
2026/08/01@14:41:30,1793,520.00008
2026/08/01@14:41:31,1794,520.00008
2026/08/01@14:41:32,1795,520.00008
2026/08/01@14:41:33,1796,520.00008
2026/08/01@14:41:34,1797,520.00008
2026/08/01@14:41:36,1799,520.00008
2026/08/01@14:41:37,1800,520.00008
2026/08/01@14:41:38,1801,520.00008
2026/08/01@14:41:39,1802,520.00008
2026/08/01@14:41:40,1803,520.00008
2026/08/01@14:41:41,1804,520.00008
2026/08/01@14:41:42,1805,520.00008
2026/08/01@14:41:43,1806,520.00008
2026/08/01@14:41:44,1807,520.00008
2026/08/01@14:41:45,1808,520.00008
2026/08/01@14:41:46,1809,520.00008
2026/08/01@14:41:48,1811,520.00008
2026/08/01@14:41:49,1812,520.00008
2026/08/01@14:41:50,1813,520.00008
2026/08/01@14:41:51,1814,520.00008
2026/08/01@14:41:52,1815,520.00008
2026/08/01@14:41:53,1816,520.00008
2026/08/01@14:41:54,1817,520.00008
2026/08/01@14:41:55,1818,520.00008
2026/08/01@14:41:56,1819,520.00008
2026/08/01@14:41:57,1820,520.00008
2026/08/01@14:41:58,1821,520.00008
2026/08/01@14:42:00,1823,520.00008
2026/08/01@14:42:01,1824,520.00008
2026/08/01@14:42:02,1825,520.00008
2026/08/01@14:42:03,1826,520.00008
2026/08/01@14:42:04,1827,520.00008
2026/08/01@14:42:05,1828,520.00008
2026/08/01@14:42:06,1829,520.00008
2026/08/01@14:42:07,1830,520.00008
2026/08/01@14:42:08,1831,520.00008
2026/08/01@14:42:09,1832,520.00008
2026/08/01@14:42:10,1833,520.00008
2026/08/01@14:42:12,1835,520.00008
2026/08/01@14:42:13,1836,520.00008
2026/08/01@14:42:14,1837,520.00008
2026/08/01@14:42:15,1838,520.00008
2026/08/01@14:42:16,1839,520.00008
2026/08/01@14:42:17,1840,520.00008
2026/08/01@14:42:18,1841,520.00008
2026/08/01@14:42:19,1842,520.00008
2026/08/01@14:42:20,1843,520.00008
2026/08/01@14:42:21,1844,520.00008
2026/08/01@14:42:22,1845,520.00008
2026/08/01@14:42:24,1847,520.00008
2026/08/01@14:42:25,1848,520.00008
2026/08/01@14:42:26,1849,520.00008
2026/08/01@14:42:27,1850,520.00008
2026/08/01@14:42:28,1851,520.00008
2026/08/01@14:42:29,1852,520.00008
2026/08/01@14:42:30,1853,520.00008
2026/08/01@14:42:31,1854,520.00008
2026/08/01@14:42:32,1855,520.00008
2026/08/01@14:42:33,1856,520.00008
2026/08/01@14:42:34,1857,520.00008
2026/08/01@14:42:36,1859,520.00008
2026/08/01@14:42:37,1860,520.00008
2026/08/01@14:42:38,1861,520.00008
2026/08/01@14:42:39,1862,520.00008
2026/08/01@14:42:40,1863,520.00008
2026/08/01@14:42:41,1864,520.00008
2026/08/01@14:42:42,1865,520.00008
2026/08/01@14:42:43,1866,520.00008
2026/08/01@14:42:44,1867,520.00008
2026/08/01@14:42:45,1868,520.00008
2026/08/01@14:42:46,1869,520.00008
2026/08/01@14:42:48,1871,520.00008
2026/08/01@14:42:49,1872,520.00008
2026/08/01@14:42:50,1873,520.00008
2026/08/01@14:42:51,1874,520.00008
2026/08/01@14:42:52,1875,520.00008
2026/08/01@14:42:53,1876,520.00008
2026/08/01@14:42:54,1877,520.00008
2026/08/01@14:42:55,1878,520.00008
2026/08/01@14:42:56,1879,520.00008
2026/08/01@14:42:57,1880,520.00008
2026/08/01@14:42:58,1881,520.00008
2026/08/01@14:43:00,1883,520.00008
2026/08/01@14:43:01,1884,520.00008
2026/08/01@14:43:02,1885,520.00008
2026/08/01@14:43:03,1886,520.00008
2026/08/01@14:43:04,1887,520.00008
2026/08/01@14:43:05,1888,520.00008
2026/08/01@14:43:06,1889,520.00008
2026/08/01@14:43:07,1890,520.00008
2026/08/01@14:43:08,1891,520.00008
2026/08/01@14:43:09,1892,520.00008
2026/08/01@14:43:10,1893,520.00008
2026/08/01@14:43:12,1895,520.00008
2026/08/01@14:43:13,1896,520.00008
2026/08/01@14:43:14,1897,520.00008
2026/08/01@14:43:15,1898,520.00008
2026/08/01@14:43:16,1899,520.00008
2026/08/01@14:43:17,1900,520.00008
2026/08/01@14:43:18,1901,520.00008
2026/08/01@14:43:19,1902,520.00008
2026/08/01@14:43:20,1903,520.00008
2026/08/01@14:43:21,1904,520.00008
2026/08/01@14:43:22,1905,520.00008
2026/08/01@14:43:24,1907,520.00008
2026/08/01@14:43:25,1908,520.00008
2026/08/01@14:43:26,1909,520.00008
2026/08/01@14:43:27,1910,520.00008
2026/08/01@14:43:28,1911,520.00008
2026/08/01@14:43:29,1912,520.00008
2026/08/01@14:43:30,1913,520.00008
2026/08/01@14:43:31,1914,520.00008
2026/08/01@14:43:32,1915,520.00008
2026/08/01@14:43:33,1916,520.00008
2026/08/01@14:43:34,1917,520.00008
2026/08/01@14:43:36,1919,520.00008
2026/08/01@14:43:37,1920,520.00008
2026/08/01@14:43:38,1921,520.00008
2026/08/01@14:43:39,1922,520.00008
2026/08/01@14:43:40,1923,520.00008
2026/08/01@14:43:41,1924,520.00008
2026/08/01@14:43:42,1925,520.00008
2026/08/01@14:43:43,1926,520.00008
2026/08/01@14:43:44,1927,520.00008
2026/08/01@14:43:45,1928,520.00008
2026/08/01@14:43:46,1929,520.00008
2026/08/01@14:43:48,1931,520.00008
2026/08/01@14:43:49,1932,520.00008
2026/08/01@14:43:50,1933,520.00008
2026/08/01@14:43:51,1934,520.00008
2026/08/01@14:43:52,1935,520.00008
2026/08/01@14:43:53,1936,520.00008
2026/08/01@14:43:54,1937,520.00008
2026/08/01@14:43:55,1938,520.00008
2026/08/01@14:43:56,1939,520.00008
2026/08/01@14:43:57,1940,520.00008
2026/08/01@14:43:58,1941,520.00008
2026/08/01@14:44:00,1943,520.00008
2026/08/01@14:44:01,1944,520.00008
2026/08/01@14:44:02,1945,520.00008
2026/08/01@14:44:03,1946,520.00008
2026/08/01@14:44:04,1947,520.00008
2026/08/01@14:44:05,1948,520.00008
2026/08/01@14:44:06,1949,520.00008
2026/08/01@14:44:07,1950,520.00008
2026/08/01@14:44:08,1951,520.00008
2026/08/01@14:44:09,1952,520.00008
2026/08/01@14:44:10,1953,520.00008
2026/08/01@14:44:12,1955,520.00008
2026/08/01@14:44:13,1956,520.00008
2026/08/01@14:44:14,1957,520.00008
2026/08/01@14:44:15,1958,520.00008
2026/08/01@14:44:16,1959,520.00008
2026/08/01@14:44:17,1960,520.00008
2026/08/01@14:44:18,1961,520.00008
2026/08/01@14:44:19,1962,520.00008
2026/08/01@14:44:20,1963,520.00008
2026/08/01@14:44:21,1964,520.00008
2026/08/01@14:44:22,1965,520.00008
2026/08/01@14:44:24,1967,520.00008
2026/08/01@14:44:25,1968,520.00008
2026/08/01@14:44:26,1969,520.00008
2026/08/01@14:44:27,1970,520.00008
2026/08/01@14:44:28,1971,520.00008
2026/08/01@14:44:29,1972,520.00008
2026/08/01@14:44:30,1973,520.00008
2026/08/01@14:44:31,1974,520.00008
2026/08/01@14:44:32,1975,520.00008
2026/08/01@14:44:33,1976,520.00008
2026/08/01@14:44:34,1977,520.00008
2026/08/01@14:44:36,1979,520.00008
2026/08/01@14:44:37,1980,520.00008
2026/08/01@14:44:38,1981,520.00008
2026/08/01@14:44:39,1982,520.00008
2026/08/01@14:44:40,1983,520.00008
2026/08/01@14:44:41,1984,520.00008
2026/08/01@14:44:42,1985,520.00008
2026/08/01@14:44:43,1986,520.00008
2026/08/01@14:44:44,1987,520.00008
2026/08/01@14:44:45,1988,520.00008
2026/08/01@14:44:47,1989,520.00008
2026/08/01@14:44:48,1991,520.00008
2026/08/01@14:44:49,1992,520.00008
2026/08/01@14:44:50,1993,520.00008
2026/08/01@14:44:51,1994,520.00008
2026/08/01@14:44:52,1995,520.00008
2026/08/01@14:44:53,1996,520.00008
2026/08/01@14:44:54,1997,520.00008
2026/08/01@14:44:55,1998,520.00008
2026/08/01@14:44:56,1999,520.50008
2026/08/01@14:44:57,2000,520.00008
2026/08/01@14:44:59,2002,520.00008
2026/08/01@14:45:00,2003,520.00008
2026/08/01@14:45:01,2004,520.00008
2026/08/01@14:45:02,2005,520.50008
2026/08/01@14:45:03,2006,520.00008
2026/08/01@14:45:04,2007,520.00008
2026/08/01@14:45:05,2008,520.00008
2026/08/01@14:45:06,2009,520.00008
2026/08/01@14:45:07,2010,520.00008
2026/08/01@14:45:08,2011,520.00008
2026/08/01@14:45:09,2012,520.50008
2026/08/01@14:45:11,2014,520.00008
2026/08/01@14:45:12,2015,520.00008
2026/08/01@14:45:13,2016,520.00008
2026/08/01@14:45:14,2017,520.00008
2026/08/01@14:45:15,2018,520.00008
2026/08/01@14:45:16,2019,520.50008
2026/08/01@14:45:17,2020,520.00008
2026/08/01@14:45:18,2021,520.00008
2026/08/01@14:45:19,2022,520.00008
2026/08/01@14:45:20,2023,520.50008
2026/08/01@14:45:21,2024,520.00008
2026/08/01@14:45:23,2026,520.00008
2026/08/01@14:45:24,2027,520.00008
2026/08/01@14:45:25,2028,520.00008
2026/08/01@14:45:26,2029,520.00008
2026/08/01@14:45:27,2030,520.00008
2026/08/01@14:45:28,2031,520.00008
2026/08/01@14:45:29,2032,520.50008
2026/08/01@14:45:30,2033,520.00008
2026/08/01@14:45:31,2034,520.00008
2026/08/01@14:45:32,2035,520.00008
2026/08/01@14:45:33,2036,520.00008
2026/08/01@14:45:35,2038,520.00008
2026/08/01@14:45:36,2039,520.00008
2026/08/01@14:45:37,2040,520.00008
2026/08/01@14:45:38,2041,520.50008
2026/08/01@14:45:39,2042,520.00008
2026/08/01@14:45:40,2043,520.00008
2026/08/01@14:45:41,2044,520.50008
2026/08/01@14:45:42,2045,520.00008
2026/08/01@14:45:43,2046,520.00008
2026/08/01@14:45:44,2047,520.50008
2026/08/01@14:45:45,2048,520.00008
2026/08/01@14:45:47,2050,520.50008
2026/08/01@14:45:48,2051,520.00008
2026/08/01@14:45:49,2052,520.50008
2026/08/01@14:45:50,2053,520.50008
2026/08/01@14:45:51,2054,520.00008
2026/08/01@14:45:52,2055,520.00008
2026/08/01@14:45:53,2056,520.00008
2026/08/01@14:45:54,2057,520.50008
2026/08/01@14:45:55,2058,520.00008
2026/08/01@14:45:56,2059,520.50008
2026/08/01@14:45:57,2060,520.50008
2026/08/01@14:45:59,2062,520.50008
2026/08/01@14:46:00,2063,520.00008
2026/08/01@14:46:01,2064,520.50008
2026/08/01@14:46:02,2065,520.00008
2026/08/01@14:46:03,2066,520.50008
2026/08/01@14:46:04,2067,520.50008
2026/08/01@14:46:05,2068,520.50008
2026/08/01@14:46:06,2069,520.50008
2026/08/01@14:46:07,2070,520.50008
2026/08/01@14:46:08,2071,520.50008
2026/08/01@14:46:09,2072,520.50008
2026/08/01@14:46:11,2074,520.50008
2026/08/01@14:46:12,2075,520.50008
2026/08/01@14:46:13,2076,520.00008
2026/08/01@14:46:14,2077,520.50008
2026/08/01@14:46:15,2078,520.50008
2026/08/01@14:46:16,2079,520.50008
2026/08/01@14:46:17,2080,520.50008
2026/08/01@14:46:18,2081,520.00008
2026/08/01@14:46:19,2082,520.00008
2026/08/01@14:46:20,2083,520.50008
2026/08/01@14:46:21,2084,520.00008
2026/08/01@14:46:23,2086,520.50008
2026/08/01@14:46:24,2087,520.50008
2026/08/01@14:46:25,2088,520.00008
2026/08/01@14:46:26,2089,520.50008
2026/08/01@14:46:27,2090,520.50008
2026/08/01@14:46:28,2091,520.50008
2026/08/01@14:46:29,2092,520.50008
2026/08/01@14:46:30,2093,520.50008
2026/08/01@14:46:31,2094,520.50008
2026/08/01@14:46:32,2095,520.50008
2026/08/01@14:46:33,2096,520.50008
2026/08/01@14:46:35,2098,520.50008
2026/08/01@14:46:36,2099,520.50008
2026/08/01@14:46:37,2100,520.50008
2026/08/01@14:46:38,2101,520.50008
2026/08/01@14:46:39,2102,520.50008
2026/08/01@14:46:40,2103,520.50008
2026/08/01@14:46:41,2104,520.50008
2026/08/01@14:46:42,2105,520.50008
2026/08/01@14:46:43,2106,520.50008
2026/08/01@14:46:44,2107,520.00008
2026/08/01@14:46:45,2108,520.50008
2026/08/01@14:46:47,2110,520.50008
2026/08/01@14:46:48,2111,520.50008
2026/08/01@14:46:49,2112,520.50008
2026/08/01@14:46:50,2113,520.50008
2026/08/01@14:46:51,2114,520.50008
2026/08/01@14:46:52,2115,520.50008
2026/08/01@14:46:53,2116,520.50008
2026/08/01@14:46:54,2117,520.50008
2026/08/01@14:46:55,2118,520.50008
2026/08/01@14:46:56,2119,520.50008
2026/08/01@14:46:57,2120,520.50008
2026/08/01@14:46:59,2122,520.50008
2026/08/01@14:47:00,2123,520.50008
2026/08/01@14:47:01,2124,520.50008
2026/08/01@14:47:02,2125,520.50008
2026/08/01@14:47:03,2126,520.50008
2026/08/01@14:47:04,2127,520.50008
2026/08/01@14:47:05,2128,520.50008
2026/08/01@14:47:06,2129,520.50008
2026/08/01@14:47:07,2130,520.50008
2026/08/01@14:47:08,2131,520.50008
2026/08/01@14:47:09,2132,520.50008
2026/08/01@14:47:11,2134,520.50008
2026/08/01@14:47:12,2135,520.50008
2026/08/01@14:47:13,2136,520.50008
2026/08/01@14:47:14,2137,520.50008
2026/08/01@14:47:15,2138,520.50008
2026/08/01@14:47:16,2139,520.50008
2026/08/01@14:47:17,2140,520.50008
2026/08/01@14:47:18,2141,520.50008
2026/08/01@14:47:19,2142,520.50008
2026/08/01@14:47:20,2143,520.50008
2026/08/01@14:47:21,2144,520.50008
2026/08/01@14:47:23,2146,520.50008
2026/08/01@14:47:24,2147,520.50008
2026/08/01@14:47:25,2148,520.50008
2026/08/01@14:47:26,2149,520.50008
2026/08/01@14:47:27,2150,520.50008
2026/08/01@14:47:28,2151,520.50008
2026/08/01@14:47:29,2152,520.50008
2026/08/01@14:47:30,2153,520.50008
2026/08/01@14:47:31,2154,520.50008
2026/08/01@14:47:32,2155,520.50008
2026/08/01@14:47:33,2156,520.50008
2026/08/01@14:47:35,2158,520.50008
2026/08/01@14:47:36,2159,520.50008
2026/08/01@14:47:37,2160,520.50008
2026/08/01@14:47:38,2161,520.50008
2026/08/01@14:47:39,2162,520.50008
2026/08/01@14:47:40,2163,520.50008
2026/08/01@14:47:41,2164,520.50008
2026/08/01@14:47:42,2165,520.50008
2026/08/01@14:47:43,2166,520.50008
2026/08/01@14:47:44,2167,520.50008
2026/08/01@14:47:45,2168,520.50008
2026/08/01@14:47:47,2170,520.50008
2026/08/01@14:47:48,2171,520.50008
2026/08/01@14:47:49,2172,520.50008
2026/08/01@14:47:50,2173,520.50008
2026/08/01@14:47:51,2174,520.50008
2026/08/01@14:47:52,2175,520.50008
2026/08/01@14:47:53,2176,520.50008
2026/08/01@14:47:54,2177,520.50008
2026/08/01@14:47:55,2178,520.50008
2026/08/01@14:47:56,2179,520.50008
2026/08/01@14:47:57,2180,520.50008
2026/08/01@14:47:59,2182,520.50008
2026/08/01@14:48:00,2183,520.50008
2026/08/01@14:48:01,2184,520.50008
2026/08/01@14:48:02,2185,520.50008
2026/08/01@14:48:03,2186,520.50008
2026/08/01@14:48:04,2187,520.50008
2026/08/01@14:48:05,2188,520.50008
2026/08/01@14:48:06,2189,520.50008
2026/08/01@14:48:07,2190,520.50008
2026/08/01@14:48:08,2191,520.50008
2026/08/01@14:48:09,2192,520.50008
2026/08/01@14:48:10,2193,520.50008
2026/08/01@14:48:12,2195,520.50008
2026/08/01@14:48:13,2196,520.50008
2026/08/01@14:48:14,2197,520.50008
2026/08/01@14:48:15,2198,520.50008
2026/08/01@14:48:16,2199,520.50008
2026/08/01@14:48:17,2200,520.50008
2026/08/01@14:48:18,2201,520.50008
2026/08/01@14:48:19,2202,520.50008
2026/08/01@14:48:20,2203,520.50008
2026/08/01@14:48:21,2204,520.50008
2026/08/01@14:48:22,2205,520.50008
2026/08/01@14:48:24,2207,520.50008
2026/08/01@14:48:25,2208,520.50008
2026/08/01@14:48:26,2209,520.50008
2026/08/01@14:48:27,2210,520.50008
2026/08/01@14:48:28,2211,520.50008
2026/08/01@14:48:29,2212,520.50008
2026/08/01@14:48:30,2213,520.50008
2026/08/01@14:48:31,2214,520.50008
2026/08/01@14:48:32,2215,520.50008
2026/08/01@14:48:33,2216,520.50008
2026/08/01@14:48:34,2217,520.50008
2026/08/01@14:48:36,2219,520.50008
2026/08/01@14:48:37,2220,520.50008
2026/08/01@14:48:38,2221,520.50008
2026/08/01@14:48:39,2222,520.50008
2026/08/01@14:48:40,2223,520.50008
2026/08/01@14:48:41,2224,520.50008
2026/08/01@14:48:42,2225,520.50008
2026/08/01@14:48:43,2226,520.50008
2026/08/01@14:48:44,2227,520.50008
2026/08/01@14:48:45,2228,520.50008
2026/08/01@14:48:47,2230,520.50008
2026/08/01@14:48:48,2231,520.50008
2026/08/01@14:48:49,2232,520.50008
2026/08/01@14:48:50,2233,520.50008
2026/08/01@14:48:51,2234,520.50008
2026/08/01@14:48:52,2235,520.50008
2026/08/01@14:48:53,2236,520.50008
2026/08/01@14:48:54,2237,520.50008
2026/08/01@14:48:55,2238,520.50008
2026/08/01@14:48:56,2239,520.50008
2026/08/01@14:48:57,2240,520.50008
2026/08/01@14:48:59,2242,520.50008
2026/08/01@14:49:00,2243,520.50008
2026/08/01@14:49:01,2244,520.50008
2026/08/01@14:49:02,2245,520.50008
2026/08/01@14:49:03,2246,520.50008
2026/08/01@14:49:04,2247,520.50008
2026/08/01@14:49:05,2248,520.50008
2026/08/01@14:49:06,2249,520.50008
2026/08/01@14:49:07,2250,520.50008
2026/08/01@14:49:08,2251,520.50008
2026/08/01@14:49:09,2252,520.50008
2026/08/01@14:49:11,2254,520.50008
2026/08/01@14:49:12,2255,520.50008
2026/08/01@14:49:13,2256,520.50008
2026/08/01@14:49:14,2257,520.50008
2026/08/01@14:49:15,2258,520.50008
2026/08/01@14:49:16,2259,520.50008
2026/08/01@14:49:17,2260,520.50008
2026/08/01@14:49:18,2261,520.50008
2026/08/01@14:49:19,2262,520.50008
2026/08/01@14:49:20,2263,520.50008
2026/08/01@14:49:21,2264,520.50008
2026/08/01@14:49:23,2266,520.50008
2026/08/01@14:49:24,2267,520.50008
2026/08/01@14:49:25,2268,520.50008
2026/08/01@14:49:26,2269,520.50008
2026/08/01@14:49:27,2270,520.50008
2026/08/01@14:49:28,2271,520.50008
2026/08/01@14:49:29,2272,520.50008
2026/08/01@14:49:30,2273,520.50008
2026/08/01@14:49:31,2274,520.50008
2026/08/01@14:49:32,2275,520.50008
2026/08/01@14:49:33,2276,520.50008
2026/08/01@14:49:35,2278,520.50008
2026/08/01@14:49:36,2279,520.50008
2026/08/01@14:49:37,2280,520.50008
2026/08/01@14:49:38,2281,520.50008
2026/08/01@14:49:39,2282,520.50008
2026/08/01@14:49:40,2283,520.50008
2026/08/01@14:49:41,2284,520.50008
2026/08/01@14:49:42,2285,520.50008
2026/08/01@14:49:43,2286,520.50008
2026/08/01@14:49:44,2287,520.50008
2026/08/01@14:49:45,2288,520.50008
2026/08/01@14:49:47,2290,520.50008
2026/08/01@14:49:48,2291,520.50008
2026/08/01@14:49:49,2292,520.50008
2026/08/01@14:49:50,2293,520.50008
2026/08/01@14:49:51,2294,520.50008
2026/08/01@14:49:52,2295,520.50008
2026/08/01@14:49:53,2296,520.50008
2026/08/01@14:49:54,2297,520.50008
2026/08/01@14:49:55,2298,520.50008
2026/08/01@14:49:56,2299,520.50008
2026/08/01@14:49:57,2300,520.50008
2026/08/01@14:49:59,2302,520.50008
2026/08/01@14:50:00,2303,520.50008
2026/08/01@14:50:01,2304,520.50008
2026/08/01@14:50:02,2305,520.50008
2026/08/01@14:50:03,2306,520.50008
2026/08/01@14:50:04,2307,520.50008
2026/08/01@14:50:05,2308,520.50008
2026/08/01@14:50:06,2309,520.50008
2026/08/01@14:50:07,2310,520.50008
2026/08/01@14:50:08,2311,521.025
2026/08/01@14:50:09,2312,520.50008
2026/08/01@14:50:11,2314,520.50008
2026/08/01@14:50:12,2315,520.50008
2026/08/01@14:50:13,2316,520.50008
2026/08/01@14:50:14,2317,520.50008
2026/08/01@14:50:15,2318,520.50008
2026/08/01@14:50:16,2319,520.50008
2026/08/01@14:50:17,2320,520.50008
2026/08/01@14:50:18,2321,520.50008
2026/08/01@14:50:19,2322,520.50008
2026/08/01@14:50:20,2323,520.50008
2026/08/01@14:50:21,2324,520.50008
2026/08/01@14:50:23,2326,520.50008
2026/08/01@14:50:24,2327,520.50008
2026/08/01@14:50:25,2328,520.50008
2026/08/01@14:50:26,2329,520.50008
2026/08/01@14:50:27,2330,520.50008
2026/08/01@14:50:28,2331,520.50008
2026/08/01@14:50:29,2332,520.50008
2026/08/01@14:50:30,2333,520.50008
2026/08/01@14:50:31,2334,520.50008
2026/08/01@14:50:32,2335,520.50008
2026/08/01@14:50:33,2336,520.50008
2026/08/01@14:50:35,2338,520.50008
2026/08/01@14:50:36,2339,520.50008
2026/08/01@14:50:37,2340,520.50008
2026/08/01@14:50:38,2341,520.50008
2026/08/01@14:50:39,2342,520.50008
2026/08/01@14:50:40,2343,520.50008
2026/08/01@14:50:41,2344,520.50008
2026/08/01@14:50:42,2345,520.50008
2026/08/01@14:50:43,2346,520.50008
2026/08/01@14:50:44,2347,520.50008
2026/08/01@14:50:45,2348,520.50008
2026/08/01@14:50:47,2350,520.50008
2026/08/01@14:50:48,2351,520.50008
2026/08/01@14:50:49,2352,520.50008
2026/08/01@14:50:50,2353,520.50008
2026/08/01@14:50:51,2354,520.50008
2026/08/01@14:50:52,2355,520.50008
2026/08/01@14:50:53,2356,520.50008
2026/08/01@14:50:54,2357,520.50008
2026/08/01@14:50:55,2358,520.50008
2026/08/01@14:50:56,2359,520.50008
2026/08/01@14:50:57,2360,520.50008
2026/08/01@14:50:59,2362,520.50008
2026/08/01@14:51:00,2363,521.025
2026/08/01@14:51:01,2364,520.50008
2026/08/01@14:51:02,2365,520.50008
2026/08/01@14:51:03,2366,520.50008
2026/08/01@14:51:04,2367,520.50008
2026/08/01@14:51:05,2368,520.50008
2026/08/01@14:51:06,2369,521.025
2026/08/01@14:51:07,2370,520.50008
2026/08/01@14:51:08,2371,520.50008
2026/08/01@14:51:09,2372,520.50008
2026/08/01@14:51:11,2374,520.50008
2026/08/01@14:51:12,2375,520.50008
2026/08/01@14:51:13,2376,520.50008
2026/08/01@14:51:14,2377,520.50008
2026/08/01@14:51:15,2378,520.50008
2026/08/01@14:51:16,2379,520.50008
2026/08/01@14:51:17,2380,520.50008
2026/08/01@14:51:18,2381,520.50008
2026/08/01@14:51:19,2382,520.50008
2026/08/01@14:51:20,2383,521.025
2026/08/01@14:51:21,2384,521.025
2026/08/01@14:51:23,2386,520.50008
2026/08/01@14:51:24,2387,520.50008
2026/08/01@14:51:25,2388,520.50008
2026/08/01@14:51:26,2389,520.50008
2026/08/01@14:51:27,2390,520.50008
2026/08/01@14:51:28,2391,520.50008
2026/08/01@14:51:29,2392,520.50008
2026/08/01@14:51:30,2393,520.50008
2026/08/01@14:51:31,2394,520.50008
2026/08/01@14:51:32,2395,520.50008
2026/08/01@14:51:33,2396,520.50008
2026/08/01@14:51:35,2398,520.50008
2026/08/01@14:51:36,2399,520.50008
2026/08/01@14:51:37,2400,520.50008
2026/08/01@14:51:38,2401,520.50008
2026/08/01@14:51:39,2402,520.50008
2026/08/01@14:51:40,2403,521.025
2026/08/01@14:51:41,2404,520.50008
2026/08/01@14:51:42,2405,520.50008
2026/08/01@14:51:43,2406,520.50008
2026/08/01@14:51:44,2407,520.50008
2026/08/01@14:51:45,2408,521.025
2026/08/01@14:51:47,2410,520.50008
2026/08/01@14:51:48,2411,521.025
2026/08/01@14:51:49,2412,520.50008
2026/08/01@14:51:50,2413,520.50008
2026/08/01@14:51:51,2414,520.50008
2026/08/01@14:51:52,2415,520.50008
2026/08/01@14:51:53,2416,520.50008
2026/08/01@14:51:54,2417,520.50008
2026/08/01@14:51:55,2418,520.50008
2026/08/01@14:51:56,2419,520.50008
2026/08/01@14:51:57,2420,520.50008
2026/08/01@14:51:59,2422,520.50008
2026/08/01@14:52:00,2423,520.50008
2026/08/01@14:52:01,2424,520.50008
2026/08/01@14:52:02,2425,521.025
2026/08/01@14:52:03,2426,520.50008
2026/08/01@14:52:04,2427,520.50008
2026/08/01@14:52:05,2428,520.50008
2026/08/01@14:52:06,2429,520.50008
2026/08/01@14:52:07,2430,520.50008
2026/08/01@14:52:08,2431,520.50008
2026/08/01@14:52:09,2432,520.50008
2026/08/01@14:52:11,2434,520.50008
2026/08/01@14:52:12,2435,520.50008
2026/08/01@14:52:13,2436,520.50008
2026/08/01@14:52:14,2437,520.50008
2026/08/01@14:52:15,2438,520.50008
2026/08/01@14:52:16,2439,520.50008
2026/08/01@14:52:17,2440,520.50008
2026/08/01@14:52:18,2441,520.50008
2026/08/01@14:52:19,2442,520.50008
2026/08/01@14:52:20,2443,520.50008
2026/08/01@14:52:21,2444,520.50008
2026/08/01@14:52:23,2446,520.50008
2026/08/01@14:52:24,2447,521.025
2026/08/01@14:52:25,2448,521.025
2026/08/01@14:52:26,2449,520.50008
2026/08/01@14:52:27,2450,520.50008
2026/08/01@14:52:28,2451,520.50008
2026/08/01@14:52:29,2452,520.50008
2026/08/01@14:52:30,2453,520.50008
2026/08/01@14:52:31,2454,520.50008
2026/08/01@14:52:32,2455,520.50008
2026/08/01@14:52:33,2456,520.50008
2026/08/01@14:52:35,2458,520.50008
2026/08/01@14:52:36,2459,520.50008
2026/08/01@14:52:37,2460,520.50008
2026/08/01@14:52:38,2461,520.50008
2026/08/01@14:52:39,2462,520.50008
2026/08/01@14:52:40,2463,520.50008
2026/08/01@14:52:41,2464,520.50008
2026/08/01@14:52:42,2465,520.50008
2026/08/01@14:52:43,2466,520.50008
2026/08/01@14:52:44,2467,521.025
2026/08/01@14:52:45,2468,520.50008
2026/08/01@14:52:47,2470,520.50008
2026/08/01@14:52:48,2471,520.50008
2026/08/01@14:52:49,2472,520.50008
2026/08/01@14:52:50,2473,521.025
2026/08/01@14:52:51,2474,520.50008
2026/08/01@14:52:52,2475,520.50008
2026/08/01@14:52:53,2476,520.50008
2026/08/01@14:52:54,2477,520.50008
2026/08/01@14:52:55,2478,520.50008
2026/08/01@14:52:56,2479,520.50008
2026/08/01@14:52:57,2480,520.50008
2026/08/01@14:52:59,2482,520.50008
2026/08/01@14:53:00,2483,520.50008
2026/08/01@14:53:01,2484,520.50008
2026/08/01@14:53:02,2485,520.50008
2026/08/01@14:53:03,2486,520.50008
2026/08/01@14:53:04,2487,521.025
2026/08/01@14:53:05,2488,521.025
2026/08/01@14:53:06,2489,520.50008
2026/08/01@14:53:07,2490,520.50008
2026/08/01@14:53:08,2491,520.50008
2026/08/01@14:53:09,2492,520.50008
2026/08/01@14:53:11,2494,520.50008
2026/08/01@14:53:12,2495,520.50008
2026/08/01@14:53:13,2496,520.50008
2026/08/01@14:53:14,2497,520.50008
2026/08/01@14:53:15,2498,520.50008
2026/08/01@14:53:16,2499,520.50008
2026/08/01@14:53:17,2500,520.50008
2026/08/01@14:53:18,2501,520.50008
2026/08/01@14:53:19,2502,520.50008
2026/08/01@14:53:20,2503,520.50008
2026/08/01@14:53:21,2504,521.025
2026/08/01@14:53:23,2506,520.50008
2026/08/01@14:53:24,2507,520.50008
2026/08/01@14:53:25,2508,520.50008
2026/08/01@14:53:26,2509,520.50008
2026/08/01@14:53:27,2510,520.50008
2026/08/01@14:53:28,2511,520.50008
2026/08/01@14:53:29,2512,520.50008
2026/08/01@14:53:30,2513,520.50008
2026/08/01@14:53:31,2514,521.025
2026/08/01@14:53:32,2515,521.025
2026/08/01@14:53:33,2516,520.50008
2026/08/01@14:53:35,2518,521.025
2026/08/01@14:53:36,2519,520.50008
2026/08/01@14:53:37,2520,520.50008
2026/08/01@14:53:38,2521,520.50008
2026/08/01@14:53:39,2522,520.50008
2026/08/01@14:53:40,2523,520.50008
2026/08/01@14:53:41,2524,520.50008
2026/08/01@14:53:42,2525,520.50008
2026/08/01@14:53:43,2526,520.50008
2026/08/01@14:53:44,2527,520.50008
2026/08/01@14:53:45,2528,520.50008
2026/08/01@14:53:47,2530,520.50008
2026/08/01@14:53:48,2531,520.50008
2026/08/01@14:53:49,2532,520.50008
2026/08/01@14:53:50,2533,520.50008
2026/08/01@14:53:51,2534,521.025
2026/08/01@14:53:52,2535,520.50008
2026/08/01@14:53:53,2536,520.50008
2026/08/01@14:53:54,2537,521.025
2026/08/01@14:53:55,2538,520.50008
2026/08/01@14:53:56,2539,520.50008
2026/08/01@14:53:57,2540,520.50008
2026/08/01@14:53:59,2542,520.50008
2026/08/01@14:54:00,2543,520.50008
2026/08/01@14:54:01,2544,521.025
2026/08/01@14:54:02,2545,521.025
2026/08/01@14:54:03,2546,520.50008
2026/08/01@14:54:04,2547,520.50008
2026/08/01@14:54:05,2548,520.50008
2026/08/01@14:54:06,2549,520.50008
2026/08/01@14:54:07,2550,520.50008
2026/08/01@14:54:08,2551,520.50008
2026/08/01@14:54:09,2552,520.50008
2026/08/01@14:54:11,2554,520.50008
2026/08/01@14:54:12,2555,520.50008
2026/08/01@14:54:13,2556,520.50008
2026/08/01@14:54:14,2557,521.025
2026/08/01@14:54:15,2558,520.50008
2026/08/01@14:54:16,2559,520.50008
2026/08/01@14:54:17,2560,520.50008
2026/08/01@14:54:18,2561,520.50008
2026/08/01@14:54:19,2562,520.50008
2026/08/01@14:54:20,2563,521.025
2026/08/01@14:54:21,2564,521.025
2026/08/01@14:54:23,2566,520.50008
2026/08/01@14:54:24,2567,520.50008
2026/08/01@14:54:25,2568,520.50008
2026/08/01@14:54:26,2569,520.50008
2026/08/01@14:54:27,2570,520.50008
2026/08/01@14:54:28,2571,520.50008
2026/08/01@14:54:29,2572,520.50008
2026/08/01@14:54:30,2573,520.50008
2026/08/01@14:54:31,2574,521.025
2026/08/01@14:54:32,2575,520.50008
2026/08/01@14:54:33,2576,521.025
2026/08/01@14:54:35,2578,520.50008
2026/08/01@14:54:36,2579,520.50008
2026/08/01@14:54:37,2580,520.50008
2026/08/01@14:54:38,2581,520.50008
2026/08/01@14:54:39,2582,520.50008
2026/08/01@14:54:40,2583,520.50008
2026/08/01@14:54:41,2584,521.025
2026/08/01@14:54:42,2585,521.025
2026/08/01@14:54:43,2586,521.025
2026/08/01@14:54:44,2587,521.025
2026/08/01@14:54:45,2588,520.50008
2026/08/01@14:54:47,2590,521.025
2026/08/01@14:54:48,2591,520.50008
2026/08/01@14:54:49,2592,520.50008
2026/08/01@14:54:50,2593,520.50008
2026/08/01@14:54:51,2594,521.025
2026/08/01@14:54:52,2595,520.50008
2026/08/01@14:54:53,2596,520.50008
2026/08/01@14:54:54,2597,521.025
2026/08/01@14:54:55,2598,520.50008
2026/08/01@14:54:56,2599,520.50008
2026/08/01@14:54:57,2600,521.025
2026/08/01@14:54:59,2602,520.50008
2026/08/01@14:55:00,2603,520.50008
2026/08/01@14:55:01,2604,520.50008
2026/08/01@14:55:02,2605,521.025
2026/08/01@14:55:03,2606,520.50008
2026/08/01@14:55:04,2607,520.50008
2026/08/01@14:55:05,2608,520.50008
2026/08/01@14:55:06,2609,520.50008
2026/08/01@14:55:07,2610,521.025
2026/08/01@14:55:08,2611,520.50008
2026/08/01@14:55:09,2612,520.50008
2026/08/01@14:55:11,2614,521.025
2026/08/01@14:55:12,2615,520.50008
2026/08/01@14:55:13,2616,521.5251
2026/08/01@14:55:14,2617,521.025
2026/08/01@14:55:15,2618,521.025
2026/08/01@14:55:16,2619,520.50008
2026/08/01@14:55:17,2620,521.025
2026/08/01@14:55:18,2621,521.025
2026/08/01@14:55:19,2622,520.50008
2026/08/01@14:55:20,2623,520.50008
2026/08/01@14:55:21,2624,521.025
2026/08/01@14:55:23,2626,521.025
2026/08/01@14:55:24,2627,520.50008
2026/08/01@14:55:25,2628,520.50008
2026/08/01@14:55:26,2629,521.025
2026/08/01@14:55:27,2630,520.50008
2026/08/01@14:55:28,2631,521.025
2026/08/01@14:55:29,2632,520.50008
2026/08/01@14:55:30,2633,520.50008
2026/08/01@14:55:31,2634,521.025
2026/08/01@14:55:32,2635,520.50008
2026/08/01@14:55:33,2636,521.025
2026/08/01@14:55:34,2637,521.025
2026/08/01@14:55:36,2639,521.025
2026/08/01@14:55:37,2640,520.50008
2026/08/01@14:55:38,2641,521.025
2026/08/01@14:55:39,2642,521.025
2026/08/01@14:55:40,2643,521.025
2026/08/01@14:55:41,2644,521.025
2026/08/01@14:55:42,2645,521.025
2026/08/01@14:55:43,2646,521.025
2026/08/01@14:55:44,2647,520.50008
2026/08/01@14:55:45,2648,521.025
2026/08/01@14:55:46,2649,520.50008
2026/08/01@14:55:48,2651,521.025
2026/08/01@14:55:49,2652,521.025
2026/08/01@14:55:50,2653,521.025
2026/08/01@14:55:51,2654,521.025
2026/08/01@14:55:52,2655,521.025
2026/08/01@14:55:53,2656,520.50008
2026/08/01@14:55:54,2657,521.025
2026/08/01@14:55:55,2658,521.5251
2026/08/01@14:55:56,2659,521.025
2026/08/01@14:55:57,2660,521.025
2026/08/01@14:55:58,2661,520.50008
2026/08/01@14:56:00,2663,521.025
2026/08/01@14:56:01,2664,521.025
2026/08/01@14:56:02,2665,521.025
2026/08/01@14:56:03,2666,520.50008
2026/08/01@14:56:04,2667,521.025
2026/08/01@14:56:05,2668,521.025
2026/08/01@14:56:06,2669,521.025
2026/08/01@14:56:07,2670,521.025
2026/08/01@14:56:08,2671,521.025
2026/08/01@14:56:09,2672,521.025
2026/08/01@14:56:10,2673,520.50008
2026/08/01@14:56:12,2675,521.025
2026/08/01@14:56:13,2676,521.025
2026/08/01@14:56:14,2677,521.025
2026/08/01@14:56:15,2678,521.025
2026/08/01@14:56:16,2679,521.025
2026/08/01@14:56:17,2680,521.5251
2026/08/01@14:56:18,2681,521.025
2026/08/01@14:56:19,2682,521.025
2026/08/01@14:56:20,2683,521.5251
2026/08/01@14:56:21,2684,521.025
2026/08/01@14:56:22,2685,521.5251
2026/08/01@14:56:24,2686,521.025
2026/08/01@14:56:25,2688,521.025
2026/08/01@14:56:26,2689,521.5251
2026/08/01@14:56:27,2690,521.5251
2026/08/01@14:56:28,2691,521.025
2026/08/01@14:56:29,2692,521.025
2026/08/01@14:56:30,2693,521.025
2026/08/01@14:56:31,2694,521.5251
2026/08/01@14:56:32,2695,521.025
2026/08/01@14:56:33,2696,521.025
2026/08/01@14:56:34,2697,521.5251
2026/08/01@14:56:35,2698,521.025
2026/08/01@14:56:37,2700,521.025
2026/08/01@14:56:38,2701,521.025
2026/08/01@14:56:39,2702,521.5251
2026/08/01@14:56:40,2703,521.5251
2026/08/01@14:56:41,2704,521.025
2026/08/01@14:56:42,2705,521.025
2026/08/01@14:56:43,2706,521.025
2026/08/01@14:56:44,2707,521.5251
2026/08/01@14:56:45,2708,521.5251
2026/08/01@14:56:46,2709,521.5251
2026/08/01@14:56:47,2710,521.025
2026/08/01@14:56:49,2712,521.025
2026/08/01@14:56:50,2713,521.025
2026/08/01@14:56:51,2714,521.025
2026/08/01@14:56:52,2715,521.025
2026/08/01@14:56:53,2716,521.025
2026/08/01@14:56:54,2717,521.5251
2026/08/01@14:56:55,2718,521.025
2026/08/01@14:56:56,2719,521.025
2026/08/01@14:56:57,2720,521.5251
2026/08/01@14:56:58,2721,521.5251
2026/08/01@14:56:59,2722,521.025
2026/08/01@14:57:01,2724,521.025
2026/08/01@14:57:02,2725,521.5251
2026/08/01@14:57:03,2726,521.025
2026/08/01@14:57:04,2727,521.025
2026/08/01@14:57:05,2728,521.025
2026/08/01@14:57:06,2729,521.5251
2026/08/01@14:57:07,2730,521.025
2026/08/01@14:57:08,2731,521.025
2026/08/01@14:57:09,2732,521.5251
2026/08/01@14:57:10,2733,521.025
2026/08/01@14:57:11,2734,521.025
2026/08/01@14:57:13,2736,521.5251
2026/08/01@14:57:14,2737,521.025
2026/08/01@14:57:15,2738,521.025
2026/08/01@14:57:16,2739,521.5251
2026/08/01@14:57:17,2740,521.025
2026/08/01@14:57:18,2741,521.5251
2026/08/01@14:57:19,2742,521.025
2026/08/01@14:57:20,2743,521.025
2026/08/01@14:57:21,2744,521.025
2026/08/01@14:57:22,2745,521.025
2026/08/01@14:57:23,2746,521.025
2026/08/01@14:57:24,2747,521.5251
2026/08/01@14:57:26,2749,521.5251
2026/08/01@14:57:27,2750,521.025
2026/08/01@14:57:28,2751,521.025
2026/08/01@14:57:29,2752,521.025
2026/08/01@14:57:30,2753,521.025
2026/08/01@14:57:31,2754,521.025
2026/08/01@14:57:32,2755,521.5251
2026/08/01@14:57:33,2756,521.025
2026/08/01@14:57:34,2757,521.025
2026/08/01@14:57:35,2758,521.025
2026/08/01@14:57:36,2759,521.025
2026/08/01@14:57:38,2761,521.025
2026/08/01@14:57:39,2762,521.025
2026/08/01@14:57:40,2763,521.025
2026/08/01@14:57:41,2764,521.025
2026/08/01@14:57:42,2765,521.5251
2026/08/01@14:57:43,2766,521.025
2026/08/01@14:57:44,2767,521.025
2026/08/01@14:57:45,2768,521.025
2026/08/01@14:57:46,2769,521.025
2026/08/01@14:57:47,2770,521.025
2026/08/01@14:57:48,2771,521.025
2026/08/01@14:57:50,2773,521.025
2026/08/01@14:57:51,2774,521.025
2026/08/01@14:57:52,2775,521.025
2026/08/01@14:57:53,2776,521.025
2026/08/01@14:57:54,2777,521.025
2026/08/01@14:57:55,2778,521.5251
2026/08/01@14:57:56,2779,521.5251
2026/08/01@14:57:57,2780,521.025
2026/08/01@14:57:58,2781,521.025
2026/08/01@14:57:59,2782,521.025
2026/08/01@14:58:00,2783,521.5251
2026/08/01@14:58:02,2785,521.5251
2026/08/01@14:58:03,2786,521.5251
2026/08/01@14:58:04,2787,521.025
2026/08/01@14:58:05,2788,521.5251
2026/08/01@14:58:06,2789,521.5251
2026/08/01@14:58:07,2790,521.025
2026/08/01@14:58:08,2791,521.5251
2026/08/01@14:58:09,2792,521.5251
2026/08/01@14:58:10,2793,521.025
2026/08/01@14:58:11,2794,521.025
2026/08/01@14:58:12,2795,521.025
2026/08/01@14:58:14,2796,521.025
2026/08/01@14:58:15,2798,521.5251
2026/08/01@14:58:16,2799,521.5251
2026/08/01@14:58:17,2800,521.5251
2026/08/01@14:58:18,2801,521.025
2026/08/01@14:58:19,2802,521.025
2026/08/01@14:58:20,2803,521.025
2026/08/01@14:58:21,2804,521.025
2026/08/01@14:58:22,2805,521.025
2026/08/01@14:58:23,2806,521.025
2026/08/01@14:58:24,2807,521.025
2026/08/01@14:58:25,2808,521.5251
2026/08/01@14:58:27,2810,521.5251
2026/08/01@14:58:28,2811,521.025
2026/08/01@14:58:29,2812,521.025
2026/08/01@14:58:30,2813,521.025
2026/08/01@14:58:31,2814,521.025
2026/08/01@14:58:32,2815,521.025
2026/08/01@14:58:33,2816,521.5251
2026/08/01@14:58:34,2817,521.5251
2026/08/01@14:58:35,2818,521.025
2026/08/01@14:58:36,2819,521.5251
2026/08/01@14:58:37,2820,521.5251
2026/08/01@14:58:39,2822,521.025
2026/08/01@14:58:40,2823,521.5251
2026/08/01@14:58:41,2824,521.025
2026/08/01@14:58:42,2825,521.025
2026/08/01@14:58:43,2826,521.025
2026/08/01@14:58:44,2827,521.025
2026/08/01@14:58:45,2828,521.025
2026/08/01@14:58:46,2829,521.025
2026/08/01@14:58:47,2830,521.025
2026/08/01@14:58:48,2831,521.025
2026/08/01@14:58:49,2832,521.5251
2026/08/01@14:58:51,2834,521.025
2026/08/01@14:58:52,2835,521.025
2026/08/01@14:58:53,2836,521.025
2026/08/01@14:58:54,2837,521.5251
2026/08/01@14:58:55,2838,521.5251
2026/08/01@14:58:56,2839,521.025
2026/08/01@14:58:57,2840,521.025
2026/08/01@14:58:58,2841,521.5251
2026/08/01@14:58:59,2842,521.025
2026/08/01@14:59:00,2843,521.5251
2026/08/01@14:59:01,2844,521.025
2026/08/01@14:59:03,2846,521.5251
2026/08/01@14:59:04,2847,521.5251
2026/08/01@14:59:05,2848,521.025
2026/08/01@14:59:06,2849,521.025
2026/08/01@14:59:07,2850,521.5251
2026/08/01@14:59:08,2851,521.025
2026/08/01@14:59:09,2852,521.025
2026/08/01@14:59:10,2853,521.025
2026/08/01@14:59:11,2854,521.5251
2026/08/01@14:59:12,2855,521.025
2026/08/01@14:59:13,2856,521.5251
2026/08/01@14:59:15,2858,521.5251
2026/08/01@14:59:16,2859,521.025
2026/08/01@14:59:17,2860,521.025
2026/08/01@14:59:18,2861,521.5251
2026/08/01@14:59:19,2862,521.5251
2026/08/01@14:59:20,2863,521.5251
2026/08/01@14:59:21,2864,521.5251
2026/08/01@14:59:22,2865,521.025
2026/08/01@14:59:23,2866,521.025
2026/08/01@14:59:24,2867,521.025
2026/08/01@14:59:25,2868,521.5251
2026/08/01@14:59:27,2870,521.5251
2026/08/01@14:59:28,2871,521.5251
2026/08/01@14:59:29,2872,521.5251
2026/08/01@14:59:30,2873,521.025
2026/08/01@14:59:31,2874,521.5251
2026/08/01@14:59:32,2875,521.025
2026/08/01@14:59:33,2876,521.025
2026/08/01@14:59:34,2877,521.025
2026/08/01@14:59:35,2878,521.5251
2026/08/01@14:59:36,2879,521.5251
2026/08/01@14:59:37,2880,521.5251
2026/08/01@14:59:39,2881,521.5251
2026/08/01@14:59:40,2883,521.5251
2026/08/01@14:59:41,2884,521.5251
2026/08/01@14:59:42,2885,521.025
2026/08/01@14:59:43,2886,521.025
2026/08/01@14:59:44,2887,521.025
2026/08/01@14:59:45,2888,521.025
2026/08/01@14:59:46,2889,521.5251
2026/08/01@14:59:47,2890,521.5251
2026/08/01@14:59:48,2891,521.5251
2026/08/01@14:59:49,2892,521.5251
2026/08/01@14:59:50,2893,521.5251
2026/08/01@14:59:52,2895,521.025
2026/08/01@14:59:53,2896,521.025
2026/08/01@14:59:54,2897,521.5251
2026/08/01@14:59:55,2898,521.5251
2026/08/01@14:59:56,2899,521.5251
2026/08/01@14:59:57,2900,521.5251
2026/08/01@14:59:58,2901,521.5251
2026/08/01@14:59:59,2902,521.025
2026/08/01@15:00:00,2903,521.5251
2026/08/01@15:00:01,2904,521.5251
2026/08/01@15:00:02,2905,521.025
2026/08/01@15:00:04,2907,521.5251
2026/08/01@15:00:05,2908,521.5251
2026/08/01@15:00:06,2909,521.025
2026/08/01@15:00:07,2910,521.5251
2026/08/01@15:00:08,2911,521.025
2026/08/01@15:00:09,2912,521.5251
2026/08/01@15:00:10,2913,521.5251
2026/08/01@15:00:11,2914,521.5251
2026/08/01@15:00:12,2915,521.025
2026/08/01@15:00:13,2916,521.5251
2026/08/01@15:00:14,2917,521.025
2026/08/01@15:00:16,2919,521.025
2026/08/01@15:00:17,2920,521.5251
2026/08/01@15:00:18,2921,521.5251
2026/08/01@15:00:19,2922,521.5251
2026/08/01@15:00:20,2923,521.5251
2026/08/01@15:00:21,2924,521.5251
2026/08/01@15:00:22,2925,521.5251
2026/08/01@15:00:23,2926,521.025
2026/08/01@15:00:24,2927,521.025
2026/08/01@15:00:25,2928,521.5251
2026/08/01@15:00:26,2929,521.5251
2026/08/01@15:00:28,2931,521.5251
2026/08/01@15:00:29,2932,521.5251
2026/08/01@15:00:30,2933,521.5251
2026/08/01@15:00:31,2934,521.5251
2026/08/01@15:00:32,2935,521.5251
2026/08/01@15:00:33,2936,521.5251
2026/08/01@15:00:34,2937,521.025
2026/08/01@15:00:35,2938,521.5251
2026/08/01@15:00:36,2939,521.5251
2026/08/01@15:00:37,2940,521.5251
2026/08/01@15:00:38,2941,521.5251
2026/08/01@15:00:40,2943,521.5251
2026/08/01@15:00:41,2944,521.5251
2026/08/01@15:00:42,2945,521.5251
2026/08/01@15:00:43,2946,521.025
2026/08/01@15:00:44,2947,521.5251
2026/08/01@15:00:45,2948,521.5251
2026/08/01@15:00:46,2949,521.5251
2026/08/01@15:00:47,2950,521.5251
2026/08/01@15:00:48,2951,521.5251
2026/08/01@15:00:49,2952,521.5251
2026/08/01@15:00:50,2953,521.025
2026/08/01@15:00:52,2955,521.5251
2026/08/01@15:00:53,2956,521.5251
2026/08/01@15:00:54,2957,521.5251
2026/08/01@15:00:55,2958,521.5251
2026/08/01@15:00:56,2959,521.5251
2026/08/01@15:00:57,2960,521.5251
2026/08/01@15:00:58,2961,521.5251
2026/08/01@15:00:59,2962,521.5251
2026/08/01@15:01:00,2963,521.5251
2026/08/01@15:01:01,2964,521.5251
2026/08/01@15:01:02,2965,521.5251
2026/08/01@15:01:04,2967,521.025
2026/08/01@15:01:05,2968,521.5251
2026/08/01@15:01:06,2969,521.5251
2026/08/01@15:01:07,2970,521.025
2026/08/01@15:01:08,2971,521.5251
2026/08/01@15:01:09,2972,521.5251
2026/08/01@15:01:10,2973,521.5251
2026/08/01@15:01:11,2974,521.5251
2026/08/01@15:01:12,2975,521.5251
2026/08/01@15:01:13,2976,521.025
2026/08/01@15:01:14,2977,521.5251
2026/08/01@15:01:16,2979,521.5251
2026/08/01@15:01:17,2980,521.5251
2026/08/01@15:01:18,2981,521.5251
2026/08/01@15:01:19,2982,521.5251
2026/08/01@15:01:20,2983,521.025
2026/08/01@15:01:21,2984,521.5251
2026/08/01@15:01:22,2985,521.5251
2026/08/01@15:01:23,2986,521.025
2026/08/01@15:01:24,2987,521.025
2026/08/01@15:01:25,2988,521.5251
2026/08/01@15:01:26,2989,521.5251
2026/08/01@15:01:28,2991,521.5251
2026/08/01@15:01:29,2992,521.5251
2026/08/01@15:01:30,2993,521.5251
2026/08/01@15:01:31,2994,521.5251
2026/08/01@15:01:32,2995,521.5251
2026/08/01@15:01:33,2996,521.5251
2026/08/01@15:01:34,2997,521.5251
2026/08/01@15:01:35,2998,521.5251
2026/08/01@15:01:36,2999,521.5251
2026/08/01@15:01:37,3000,521.5251
2026/08/01@15:01:38,3001,521.5251
2026/08/01@15:01:39,3002,521.5251
2026/08/01@15:01:41,3004,521.5251
2026/08/01@15:01:42,3005,521.5251
2026/08/01@15:01:43,3006,521.5251
2026/08/01@15:01:44,3007,521.5251
2026/08/01@15:01:45,3008,522.025
2026/08/01@15:01:46,3009,521.5251
2026/08/01@15:01:47,3010,521.5251
2026/08/01@15:01:48,3011,522.025
2026/08/01@15:01:49,3012,521.5251
2026/08/01@15:01:50,3013,521.5251
2026/08/01@15:01:51,3014,521.5251
2026/08/01@15:01:53,3016,521.5251
2026/08/01@15:01:54,3017,522.025
2026/08/01@15:01:55,3018,522.025
2026/08/01@15:01:56,3019,521.5251
2026/08/01@15:01:57,3020,522.025
2026/08/01@15:01:58,3021,521.5251
2026/08/01@15:01:59,3022,521.5251
2026/08/01@15:02:00,3023,522.025
2026/08/01@15:02:01,3024,521.5251
2026/08/01@15:02:02,3025,521.025
2026/08/01@15:02:03,3026,522.025
2026/08/01@15:02:05,3028,522.025
2026/08/01@15:02:06,3029,521.5251
2026/08/01@15:02:07,3030,522.025
2026/08/01@15:02:08,3031,521.5251
2026/08/01@15:02:09,3032,521.5251
2026/08/01@15:02:10,3033,522.025
2026/08/01@15:02:11,3034,521.025
2026/08/01@15:02:12,3035,521.5251
2026/08/01@15:02:13,3036,522.025
2026/08/01@15:02:14,3037,522.025
2026/08/01@15:02:15,3038,521.5251
2026/08/01@15:02:17,3040,521.5251
2026/08/01@15:02:18,3041,522.025
2026/08/01@15:02:19,3042,522.025
2026/08/01@15:02:20,3043,521.5251
2026/08/01@15:02:21,3044,522.025
2026/08/01@15:02:22,3045,522.025
2026/08/01@15:02:23,3046,521.5251
2026/08/01@15:02:24,3047,522.025
2026/08/01@15:02:25,3048,521.5251
2026/08/01@15:02:26,3049,522.025
2026/08/01@15:02:27,3050,522.025
2026/08/01@15:02:29,3052,522.025
2026/08/01@15:02:30,3053,522.025
2026/08/01@15:02:31,3054,522.025
2026/08/01@15:02:32,3055,522.025
2026/08/01@15:02:33,3056,522.025
2026/08/01@15:02:34,3057,522.025
2026/08/01@15:02:35,3058,522.025
2026/08/01@15:02:36,3059,522.025
2026/08/01@15:02:37,3060,522.025
2026/08/01@15:02:38,3061,522.025
2026/08/01@15:02:39,3062,522.025
2026/08/01@15:02:41,3063,522.025
2026/08/01@15:02:42,3065,521.5251
2026/08/01@15:02:43,3066,522.025
2026/08/01@15:02:44,3067,522.025
2026/08/01@15:02:45,3068,522.025
2026/08/01@15:02:46,3069,521.5251
2026/08/01@15:02:47,3070,522.025
2026/08/01@15:02:48,3071,522.025
2026/08/01@15:02:49,3072,522.025
2026/08/01@15:02:50,3073,522.025
2026/08/01@15:02:51,3074,522.025
2026/08/01@15:02:52,3075,522.025
2026/08/01@15:02:54,3077,522.025
2026/08/01@15:02:55,3078,522.025
2026/08/01@15:02:56,3079,522.025
2026/08/01@15:02:57,3080,522.025
2026/08/01@15:02:58,3081,522.025
2026/08/01@15:02:59,3082,522.025
2026/08/01@15:03:00,3083,522.025
2026/08/01@15:03:01,3084,522.025
2026/08/01@15:03:02,3085,522.025
2026/08/01@15:03:03,3086,522.025
2026/08/01@15:03:04,3087,522.025
2026/08/01@15:03:06,3089,522.025
2026/08/01@15:03:07,3090,522.025
2026/08/01@15:03:08,3091,522.025
2026/08/01@15:03:09,3092,522.025
2026/08/01@15:03:10,3093,522.025
2026/08/01@15:03:11,3094,522.025
2026/08/01@15:03:12,3095,522.025
2026/08/01@15:03:13,3096,522.025
2026/08/01@15:03:14,3097,522.025
2026/08/01@15:03:15,3098,522.025
2026/08/01@15:03:16,3099,522.025
2026/08/01@15:03:18,3101,522.025
2026/08/01@15:03:19,3102,522.025
2026/08/01@15:03:20,3103,522.025
2026/08/01@15:03:21,3104,522.025
2026/08/01@15:03:22,3105,522.025
2026/08/01@15:03:23,3106,522.025
2026/08/01@15:03:24,3107,522.025
2026/08/01@15:03:25,3108,522.025
2026/08/01@15:03:26,3109,522.025
2026/08/01@15:03:27,3110,522.025
2026/08/01@15:03:28,3111,522.025
2026/08/01@15:03:29,3112,522.025
2026/08/01@15:03:31,3114,522.025
2026/08/01@15:03:32,3115,522.025
2026/08/01@15:03:33,3116,522.025
2026/08/01@15:03:34,3117,522.025
2026/08/01@15:03:35,3118,522.025
2026/08/01@15:03:36,3119,522.025
2026/08/01@15:03:37,3120,522.025
2026/08/01@15:03:38,3121,522.025
2026/08/01@15:03:39,3122,522.025
2026/08/01@15:03:40,3123,522.025
2026/08/01@15:03:41,3124,522.025
2026/08/01@15:03:43,3126,522.025
2026/08/01@15:03:44,3127,522.025
2026/08/01@15:03:45,3128,522.025
2026/08/01@15:03:46,3129,522.025
2026/08/01@15:03:47,3130,522.025
2026/08/01@15:03:48,3131,522.025
2026/08/01@15:03:49,3132,522.025
2026/08/01@15:03:50,3133,522.025
2026/08/01@15:03:51,3134,522.025
2026/08/01@15:03:52,3135,522.025
2026/08/01@15:03:53,3136,522.025
2026/08/01@15:03:55,3138,522.025
2026/08/01@15:03:56,3139,522.025
2026/08/01@15:03:57,3140,522.025
2026/08/01@15:03:58,3141,522.025
2026/08/01@15:03:59,3142,522.025
2026/08/01@15:04:00,3143,522.025
2026/08/01@15:04:01,3144,522.025
2026/08/01@15:04:02,3145,522.025
2026/08/01@15:04:03,3146,522.025
2026/08/01@15:04:04,3147,522.025
2026/08/01@15:04:05,3148,522.025
2026/08/01@15:04:07,3150,522.025
2026/08/01@15:04:08,3151,522.025
2026/08/01@15:04:09,3152,522.025
2026/08/01@15:04:10,3153,522.025
2026/08/01@15:04:11,3154,522.025
2026/08/01@15:04:12,3155,522.025
2026/08/01@15:04:13,3156,522.025
2026/08/01@15:04:14,3157,522.025
2026/08/01@15:04:15,3158,522.025
2026/08/01@15:04:16,3159,522.025
2026/08/01@15:04:17,3160,522.025
2026/08/01@15:04:18,3161,522.025
2026/08/01@15:04:20,3163,522.025
2026/08/01@15:04:21,3164,522.025
2026/08/01@15:04:22,3165,522.025
2026/08/01@15:04:23,3166,522.025
2026/08/01@15:04:24,3167,522.025
2026/08/01@15:04:25,3168,522.025
2026/08/01@15:04:26,3169,522.025
2026/08/01@15:04:27,3170,522.025
2026/08/01@15:04:28,3171,522.025
2026/08/01@15:04:29,3172,522.025
2026/08/01@15:04:30,3173,522.025
2026/08/01@15:04:32,3175,522.025
2026/08/01@15:04:33,3176,522.025
2026/08/01@15:04:34,3177,522.025
2026/08/01@15:04:35,3178,522.025
2026/08/01@15:04:36,3179,522.025
2026/08/01@15:04:37,3180,522.025
2026/08/01@15:04:38,3181,522.025
2026/08/01@15:04:39,3182,522.025
2026/08/01@15:04:40,3183,522.025
2026/08/01@15:04:41,3184,522.025
2026/08/01@15:04:42,3185,522.025
2026/08/01@15:04:44,3187,522.025
2026/08/01@15:04:45,3188,522.025
2026/08/01@15:04:46,3189,522.025
2026/08/01@15:04:47,3190,522.025
2026/08/01@15:04:48,3191,522.025
2026/08/01@15:04:49,3192,522.025
2026/08/01@15:04:50,3193,522.025
2026/08/01@15:04:51,3194,522.025
2026/08/01@15:04:52,3195,522.025
2026/08/01@15:04:53,3196,522.025
2026/08/01@15:04:54,3197,522.025
2026/08/01@15:04:56,3199,522.025
2026/08/01@15:04:57,3200,522.025
2026/08/01@15:04:58,3201,522.025
2026/08/01@15:04:59,3202,522.025
2026/08/01@15:05:00,3203,522.025
2026/08/01@15:05:01,3204,522.025
2026/08/01@15:05:02,3205,522.025
2026/08/01@15:05:03,3206,522.025
2026/08/01@15:05:04,3207,522.025
2026/08/01@15:05:05,3208,522.025
2026/08/01@15:05:06,3209,522.025
2026/08/01@15:05:07,3210,522.025
2026/08/01@15:05:09,3212,522.025
2026/08/01@15:05:10,3213,522.025
2026/08/01@15:05:11,3214,522.025
2026/08/01@15:05:12,3215,522.025
2026/08/01@15:05:13,3216,522.025
2026/08/01@15:05:14,3217,522.025
2026/08/01@15:05:15,3218,522.025
2026/08/01@15:05:16,3219,522.025
2026/08/01@15:05:17,3220,522.025
2026/08/01@15:05:18,3221,522.025
2026/08/01@15:05:19,3222,522.025
2026/08/01@15:05:21,3224,522.025
2026/08/01@15:05:22,3225,522.025
2026/08/01@15:05:23,3226,522.025
2026/08/01@15:05:24,3227,522.025
2026/08/01@15:05:25,3228,522.025
2026/08/01@15:05:26,3229,522.025
2026/08/01@15:05:27,3230,522.025
2026/08/01@15:05:28,3231,522.025
2026/08/01@15:05:29,3232,522.025
2026/08/01@15:05:30,3233,522.025
2026/08/01@15:05:31,3234,522.025
2026/08/01@15:05:33,3236,522.025
2026/08/01@15:05:34,3237,522.025
2026/08/01@15:05:35,3238,522.025
2026/08/01@15:05:36,3239,522.025
2026/08/01@15:05:37,3240,522.025
2026/08/01@15:05:38,3241,522.025
2026/08/01@15:05:39,3242,522.025
2026/08/01@15:05:40,3243,522.025
2026/08/01@15:05:41,3244,522.025
2026/08/01@15:05:42,3245,522.025
2026/08/01@15:05:43,3246,522.025
2026/08/01@15:05:44,3247,522.025
2026/08/01@15:05:46,3249,522.025
2026/08/01@15:05:47,3250,522.025
2026/08/01@15:05:48,3251,522.025
2026/08/01@15:05:49,3252,522.025
2026/08/01@15:05:50,3253,522.025
2026/08/01@15:05:51,3254,522.025
2026/08/01@15:05:52,3255,522.025
2026/08/01@15:05:53,3256,522.025
2026/08/01@15:05:54,3257,522.025
2026/08/01@15:05:55,3258,522.025
2026/08/01@15:05:56,3259,522.025
2026/08/01@15:05:58,3261,522.025
2026/08/01@15:05:59,3262,522.025
2026/08/01@15:06:00,3263,522.025
2026/08/01@15:06:01,3264,522.025
2026/08/01@15:06:02,3265,522.025
2026/08/01@15:06:03,3266,522.025
2026/08/01@15:06:04,3267,522.025
2026/08/01@15:06:05,3268,522.025
2026/08/01@15:06:06,3269,522.025
2026/08/01@15:06:07,3270,522.025
2026/08/01@15:06:08,3271,522.025
2026/08/01@15:06:09,3272,522.025
2026/08/01@15:06:11,3274,522.025
2026/08/01@15:06:12,3275,522.025
2026/08/01@15:06:13,3276,522.025
2026/08/01@15:06:14,3277,522.025
2026/08/01@15:06:15,3278,522.025
2026/08/01@15:06:16,3279,522.025
2026/08/01@15:06:17,3280,522.025
2026/08/01@15:06:18,3281,522.025
2026/08/01@15:06:19,3282,522.025
2026/08/01@15:06:20,3283,522.025
2026/08/01@15:06:21,3284,522.025
2026/08/01@15:06:23,3286,522.025
2026/08/01@15:06:24,3287,522.025
2026/08/01@15:06:25,3288,522.025
2026/08/01@15:06:26,3289,522.025
2026/08/01@15:06:27,3290,522.025
2026/08/01@15:06:28,3291,522.025
2026/08/01@15:06:29,3292,522.025
2026/08/01@15:06:30,3293,522.025
2026/08/01@15:06:31,3294,522.025
2026/08/01@15:06:32,3295,522.025
2026/08/01@15:06:33,3296,522.025
2026/08/01@15:06:35,3298,522.025
2026/08/01@15:06:36,3299,522.025
2026/08/01@15:06:37,3300,522.025
2026/08/01@15:06:38,3301,522.025
2026/08/01@15:06:39,3302,522.025
2026/08/01@15:06:40,3303,522.025
2026/08/01@15:06:41,3304,522.025
2026/08/01@15:06:42,3305,522.025
2026/08/01@15:06:43,3306,522.025
2026/08/01@15:06:44,3307,522.025
2026/08/01@15:06:45,3308,522.025
2026/08/01@15:06:47,3310,522.025
2026/08/01@15:06:48,3311,522.025
2026/08/01@15:06:49,3312,522.025
2026/08/01@15:06:50,3313,522.025
2026/08/01@15:06:51,3314,522.025
2026/08/01@15:06:52,3315,522.025
2026/08/01@15:06:53,3316,522.025
2026/08/01@15:06:54,3317,522.025
2026/08/01@15:06:55,3318,522.025
2026/08/01@15:06:56,3319,522.025
2026/08/01@15:06:57,3320,522.025
2026/08/01@15:06:58,3321,522.025
2026/08/01@15:07:00,3323,522.025
2026/08/01@15:07:01,3324,522.025
2026/08/01@15:07:02,3325,522.025
2026/08/01@15:07:03,3326,522.025
2026/08/01@15:07:04,3327,522.025
2026/08/01@15:07:05,3328,522.025
2026/08/01@15:07:06,3329,522.025
2026/08/01@15:07:07,3330,522.025
2026/08/01@15:07:08,3331,522.025
2026/08/01@15:07:09,3332,522.025
2026/08/01@15:07:10,3333,522.025
2026/08/01@15:07:12,3335,522.025
2026/08/01@15:07:13,3336,522.025
2026/08/01@15:07:14,3337,522.025
2026/08/01@15:07:15,3338,522.025
2026/08/01@15:07:16,3339,522.025
2026/08/01@15:07:17,3340,522.025
2026/08/01@15:07:18,3341,522.025
2026/08/01@15:07:19,3342,522.025
2026/08/01@15:07:20,3343,522.025
2026/08/01@15:07:21,3344,522.025
2026/08/01@15:07:22,3345,522.025
2026/08/01@15:07:24,3347,522.025
2026/08/01@15:07:25,3348,522.025
2026/08/01@15:07:26,3349,522.025
2026/08/01@15:07:27,3350,522.025
2026/08/01@15:07:28,3351,522.025
2026/08/01@15:07:29,3352,522.025
2026/08/01@15:07:30,3353,522.025
2026/08/01@15:07:31,3354,522.025
2026/08/01@15:07:32,3355,522.025
2026/08/01@15:07:33,3356,522.025
2026/08/01@15:07:34,3357,522.025
2026/08/01@15:07:36,3358,522.025
2026/08/01@15:07:37,3360,522.025
2026/08/01@15:07:38,3361,522.025
2026/08/01@15:07:39,3362,522.025
2026/08/01@15:07:40,3363,522.025
2026/08/01@15:07:41,3364,522.025
2026/08/01@15:07:42,3365,522.025
2026/08/01@15:07:43,3366,522.025
2026/08/01@15:07:44,3367,522.025
2026/08/01@15:07:45,3368,522.025
2026/08/01@15:07:46,3369,522.025
2026/08/01@15:07:47,3370,522.025
2026/08/01@15:07:49,3372,522.025
2026/08/01@15:07:50,3373,522.025
2026/08/01@15:07:51,3374,522.025
2026/08/01@15:07:52,3375,522.025
2026/08/01@15:07:53,3376,522.025
2026/08/01@15:07:54,3377,522.025
2026/08/01@15:07:55,3378,522.025
2026/08/01@15:07:56,3379,522.025
2026/08/01@15:07:57,3380,522.025
2026/08/01@15:07:58,3381,522.025
2026/08/01@15:07:59,3382,522.025
2026/08/01@15:08:01,3384,522.025
2026/08/01@15:08:02,3385,522.025
2026/08/01@15:08:03,3386,522.025
2026/08/01@15:08:04,3387,522.025
2026/08/01@15:08:05,3388,522.025
2026/08/01@15:08:06,3389,522.025
2026/08/01@15:08:07,3390,522.025
2026/08/01@15:08:08,3391,522.025
2026/08/01@15:08:09,3392,522.025
2026/08/01@15:08:10,3393,522.025
2026/08/01@15:08:11,3394,522.025
2026/08/01@15:08:13,3396,522.025
2026/08/01@15:08:14,3397,522.025
2026/08/01@15:08:15,3398,522.025
2026/08/01@15:08:16,3399,522.025
2026/08/01@15:08:17,3400,522.025
2026/08/01@15:08:18,3401,522.025
2026/08/01@15:08:19,3402,522.025
2026/08/01@15:08:20,3403,522.025
2026/08/01@15:08:21,3404,522.025
2026/08/01@15:08:22,3405,522.025
2026/08/01@15:08:23,3406,522.025
2026/08/01@15:08:25,3408,522.025
2026/08/01@15:08:26,3409,522.025
2026/08/01@15:08:27,3410,522.025
2026/08/01@15:08:28,3411,522.025
2026/08/01@15:08:29,3412,522.025
2026/08/01@15:08:30,3413,522.025
2026/08/01@15:08:31,3414,522.025
2026/08/01@15:08:32,3415,522.025
2026/08/01@15:08:33,3416,522.025
2026/08/01@15:08:34,3417,522.025
2026/08/01@15:08:35,3418,522.025
2026/08/01@15:08:36,3419,522.025
2026/08/01@15:08:38,3421,522.025
2026/08/01@15:08:39,3422,522.025
2026/08/01@15:08:40,3423,522.025
2026/08/01@15:08:41,3424,522.025
2026/08/01@15:08:42,3425,522.025
2026/08/01@15:08:43,3426,522.025
2026/08/01@15:08:44,3427,522.025
2026/08/01@15:08:45,3428,522.025
2026/08/01@15:08:46,3429,522.025
2026/08/01@15:08:47,3430,522.025
2026/08/01@15:08:48,3431,522.025
2026/08/01@15:08:50,3433,522.025
2026/08/01@15:08:51,3434,522.025
2026/08/01@15:08:52,3435,522.025
2026/08/01@15:08:53,3436,522.025
2026/08/01@15:08:54,3437,522.025
2026/08/01@15:08:55,3438,522.025
2026/08/01@15:08:56,3439,522.025
2026/08/01@15:08:57,3440,522.025
2026/08/01@15:08:58,3441,522.025
2026/08/01@15:08:59,3442,522.025
2026/08/01@15:09:00,3443,522.025
2026/08/01@15:09:02,3445,522.025
2026/08/01@15:09:03,3446,522.025
2026/08/01@15:09:04,3447,522.025
2026/08/01@15:09:05,3448,522.025
2026/08/01@15:09:06,3449,522.025
2026/08/01@15:09:07,3450,522.025
2026/08/01@15:09:08,3451,522.025
2026/08/01@15:09:09,3452,522.025
2026/08/01@15:09:10,3453,522.025
2026/08/01@15:09:11,3454,522.025
2026/08/01@15:09:12,3455,522.025
2026/08/01@15:09:14,3457,522.025
2026/08/01@15:09:15,3458,522.025
2026/08/01@15:09:16,3459,522.025
2026/08/01@15:09:17,3460,522.025
2026/08/01@15:09:18,3461,522.025
2026/08/01@15:09:19,3462,522.025
2026/08/01@15:09:20,3463,522.025
2026/08/01@15:09:21,3464,522.025
2026/08/01@15:09:22,3465,522.025
2026/08/01@15:09:23,3466,522.025
2026/08/01@15:09:24,3467,522.025
2026/08/01@15:09:25,3468,522.025
2026/08/01@15:09:27,3470,522.025
2026/08/01@15:09:28,3471,522.025
2026/08/01@15:09:29,3472,522.025
2026/08/01@15:09:30,3473,522.025
2026/08/01@15:09:31,3474,522.025
2026/08/01@15:09:32,3475,522.025
2026/08/01@15:09:33,3476,522.025
2026/08/01@15:09:34,3477,522.025
2026/08/01@15:09:35,3478,522.525
2026/08/01@15:09:36,3479,522.025
2026/08/01@15:09:37,3480,522.025
2026/08/01@15:09:39,3482,522.025
2026/08/01@15:09:40,3483,522.025
2026/08/01@15:09:41,3484,522.025
2026/08/01@15:09:42,3485,522.025
2026/08/01@15:09:43,3486,522.525
2026/08/01@15:09:44,3487,522.525
2026/08/01@15:09:45,3488,522.025
2026/08/01@15:09:46,3489,522.025
2026/08/01@15:09:47,3490,522.025
2026/08/01@15:09:48,3491,522.025
2026/08/01@15:09:49,3492,522.025
2026/08/01@15:09:51,3494,522.025
2026/08/01@15:09:52,3495,522.025
2026/08/01@15:09:53,3496,522.025
2026/08/01@15:09:54,3497,522.025
2026/08/01@15:09:55,3498,522.525
2026/08/01@15:09:56,3499,522.025
2026/08/01@15:09:57,3500,522.025
2026/08/01@15:09:58,3501,522.025
2026/08/01@15:09:59,3502,522.025
2026/08/01@15:10:00,3503,522.025
2026/08/01@15:10:01,3504,522.025
2026/08/01@15:10:03,3506,522.025
2026/08/01@15:10:04,3507,522.025
2026/08/01@15:10:05,3508,522.025
2026/08/01@15:10:06,3509,522.025
2026/08/01@15:10:07,3510,522.025
2026/08/01@15:10:08,3511,522.025
2026/08/01@15:10:09,3512,522.025
2026/08/01@15:10:10,3513,522.525
2026/08/01@15:10:11,3514,522.025
2026/08/01@15:10:12,3515,522.525
2026/08/01@15:10:13,3516,522.025
2026/08/01@15:10:14,3517,522.025
2026/08/01@15:10:16,3519,522.525
2026/08/01@15:10:17,3520,522.525
2026/08/01@15:10:18,3521,522.025
2026/08/01@15:10:19,3522,522.025
2026/08/01@15:10:20,3523,522.025
2026/08/01@15:10:21,3524,522.525
2026/08/01@15:10:22,3525,522.525
2026/08/01@15:10:23,3526,522.525
2026/08/01@15:10:24,3527,522.525
2026/08/01@15:10:25,3528,522.025
2026/08/01@15:10:26,3529,522.525
2026/08/01@15:10:28,3531,522.525
2026/08/01@15:10:29,3532,522.025
2026/08/01@15:10:30,3533,522.025
2026/08/01@15:10:31,3534,522.025
2026/08/01@15:10:32,3535,522.025
2026/08/01@15:10:33,3536,522.525
2026/08/01@15:10:34,3537,522.525
2026/08/01@15:10:35,3538,522.025
2026/08/01@15:10:36,3539,522.525
2026/08/01@15:10:37,3540,522.525
2026/08/01@15:10:38,3541,522.025
2026/08/01@15:10:40,3543,522.525
2026/08/01@15:10:41,3544,522.025
2026/08/01@15:10:42,3545,522.525
2026/08/01@15:10:43,3546,522.525
2026/08/01@15:10:44,3547,522.525
2026/08/01@15:10:45,3548,522.525
2026/08/01@15:10:46,3549,522.525
2026/08/01@15:10:47,3550,522.025
2026/08/01@15:10:48,3551,522.525
2026/08/01@15:10:49,3552,522.525
2026/08/01@15:10:50,3553,522.025
2026/08/01@15:10:52,3555,522.525
2026/08/01@15:10:53,3556,522.025
2026/08/01@15:10:54,3557,522.025
2026/08/01@15:10:55,3558,522.525
2026/08/01@15:10:56,3559,522.525
2026/08/01@15:10:57,3560,522.025
2026/08/01@15:10:58,3561,522.525
2026/08/01@15:10:59,3562,522.525
2026/08/01@15:11:00,3563,522.525
2026/08/01@15:11:01,3564,522.525
2026/08/01@15:11:02,3565,522.025
2026/08/01@15:11:03,3566,522.025
2026/08/01@15:11:05,3568,522.525
2026/08/01@15:11:06,3569,522.025
2026/08/01@15:11:07,3570,522.525
2026/08/01@15:11:08,3571,522.525
2026/08/01@15:11:09,3572,522.525
2026/08/01@15:11:10,3573,522.025
2026/08/01@15:11:11,3574,522.025
2026/08/01@15:11:12,3575,522.525
2026/08/01@15:11:13,3576,522.525
2026/08/01@15:11:14,3577,522.525
2026/08/01@15:11:15,3578,522.025
2026/08/01@15:11:17,3580,522.525
2026/08/01@15:11:18,3581,522.025
2026/08/01@15:11:19,3582,522.525
2026/08/01@15:11:20,3583,522.525
2026/08/01@15:11:21,3584,522.525
2026/08/01@15:11:22,3585,522.525
2026/08/01@15:11:23,3586,522.525
2026/08/01@15:11:24,3587,522.525
2026/08/01@15:11:25,3588,522.525
2026/08/01@15:11:26,3589,522.525
2026/08/01@15:11:27,3590,522.525
2026/08/01@15:11:29,3592,522.525
2026/08/01@15:11:30,3593,522.525
2026/08/01@15:11:31,3594,522.525
2026/08/01@15:11:32,3595,522.525
2026/08/01@15:11:33,3596,522.025
2026/08/01@15:11:34,3597,522.025
2026/08/01@15:11:35,3598,522.525
2026/08/01@15:11:36,3599,522.525
2026/08/01@15:11:37,3600,522.525
2026/08/01@15:11:38,3601,522.525
2026/08/01@15:11:39,3602,522.525
2026/08/01@15:11:41,3604,522.525
2026/08/01@15:11:42,3605,522.525
2026/08/01@15:11:43,3606,522.525
2026/08/01@15:11:44,3607,522.525
2026/08/01@15:11:45,3608,522.525
2026/08/01@15:11:46,3609,522.525
2026/08/01@15:11:47,3610,522.525
2026/08/01@15:11:48,3611,522.525
2026/08/01@15:11:49,3612,522.525
2026/08/01@15:11:50,3613,522.525
2026/08/01@15:11:51,3614,522.525
2026/08/01@15:11:53,3615,522.525
2026/08/01@15:11:54,3617,522.525
2026/08/01@15:11:55,3618,522.525
2026/08/01@15:11:56,3619,522.525
2026/08/01@15:11:57,3620,522.525
2026/08/01@15:11:58,3621,522.525
2026/08/01@15:11:59,3622,522.525
2026/08/01@15:12:00,3623,522.525
2026/08/01@15:12:01,3624,522.525
2026/08/01@15:12:02,3625,522.525
2026/08/01@15:12:03,3626,522.525
2026/08/01@15:12:04,3627,522.525
2026/08/01@15:12:06,3629,522.525
2026/08/01@15:12:07,3630,522.525
2026/08/01@15:12:08,3631,522.525
2026/08/01@15:12:09,3632,522.525
2026/08/01@15:12:10,3633,522.525
2026/08/01@15:12:11,3634,522.525
2026/08/01@15:12:12,3635,522.525
2026/08/01@15:12:13,3636,522.525
2026/08/01@15:12:14,3637,522.525
2026/08/01@15:12:15,3638,522.525
2026/08/01@15:12:16,3639,522.525
2026/08/01@15:12:18,3641,522.525
2026/08/01@15:12:19,3642,522.525
2026/08/01@15:12:20,3643,522.525
2026/08/01@15:12:21,3644,522.525
2026/08/01@15:12:22,3645,522.525
2026/08/01@15:12:23,3646,522.525
2026/08/01@15:12:24,3647,522.525
2026/08/01@15:12:25,3648,522.525
2026/08/01@15:12:26,3649,522.525
2026/08/01@15:12:27,3650,522.525
2026/08/01@15:12:28,3651,522.525
2026/08/01@15:12:30,3653,522.525
2026/08/01@15:12:31,3654,522.525
2026/08/01@15:12:32,3655,522.525
2026/08/01@15:12:33,3656,522.525
2026/08/01@15:12:34,3657,522.525
2026/08/01@15:12:35,3658,522.525
2026/08/01@15:12:36,3659,522.525
2026/08/01@15:12:37,3660,522.525
2026/08/01@15:12:38,3661,522.525
2026/08/01@15:12:39,3662,522.525
2026/08/01@15:12:40,3663,522.525
2026/08/01@15:12:41,3664,522.525
2026/08/01@15:12:43,3666,522.525
2026/08/01@15:12:44,3667,522.525
2026/08/01@15:12:45,3668,522.525
2026/08/01@15:12:46,3669,522.525
2026/08/01@15:12:47,3670,522.525
2026/08/01@15:12:48,3671,522.525
2026/08/01@15:12:49,3672,522.525
2026/08/01@15:12:50,3673,522.525
2026/08/01@15:12:51,3674,522.525
2026/08/01@15:12:52,3675,522.525
2026/08/01@15:12:53,3676,522.525
2026/08/01@15:12:55,3678,522.525
2026/08/01@15:12:56,3679,522.525
2026/08/01@15:12:57,3680,522.525
2026/08/01@15:12:58,3681,522.525
2026/08/01@15:12:59,3682,522.525
2026/08/01@15:13:00,3683,522.525
2026/08/01@15:13:01,3684,522.525
2026/08/01@15:13:02,3685,522.525
2026/08/01@15:13:03,3686,522.525
2026/08/01@15:13:04,3687,522.525
2026/08/01@15:13:05,3688,522.525
2026/08/01@15:13:07,3690,522.525
2026/08/01@15:13:08,3691,522.525
2026/08/01@15:13:09,3692,522.525
2026/08/01@15:13:10,3693,522.525
2026/08/01@15:13:11,3694,522.525
2026/08/01@15:13:12,3695,522.525
2026/08/01@15:13:13,3696,522.525
2026/08/01@15:13:14,3697,522.525
2026/08/01@15:13:15,3698,522.525
2026/08/01@15:13:16,3699,522.525
2026/08/01@15:13:17,3700,522.525
2026/08/01@15:13:19,3701,522.525
2026/08/01@15:13:20,3703,522.525
2026/08/01@15:13:21,3704,522.525
2026/08/01@15:13:22,3705,522.525
2026/08/01@15:13:23,3706,522.525
2026/08/01@15:13:24,3707,522.525
2026/08/01@15:13:25,3708,522.525
2026/08/01@15:13:26,3709,522.525
2026/08/01@15:13:27,3710,522.525
2026/08/01@15:13:28,3711,522.525
2026/08/01@15:13:29,3712,522.525
2026/08/01@15:13:30,3713,522.525
2026/08/01@15:13:32,3715,522.525
2026/08/01@15:13:33,3716,522.525
2026/08/01@15:13:34,3717,522.525
2026/08/01@15:13:35,3718,522.525
2026/08/01@15:13:36,3719,522.525
2026/08/01@15:13:37,3720,522.525
2026/08/01@15:13:38,3721,522.525
2026/08/01@15:13:39,3722,522.525
2026/08/01@15:13:40,3723,522.525
2026/08/01@15:13:41,3724,522.525
2026/08/01@15:13:42,3725,522.525
2026/08/01@15:13:44,3727,522.525
2026/08/01@15:13:45,3728,522.525
2026/08/01@15:13:46,3729,522.525
2026/08/01@15:13:47,3730,522.525
2026/08/01@15:13:48,3731,522.525
2026/08/01@15:13:49,3732,522.525
2026/08/01@15:13:50,3733,522.525
2026/08/01@15:13:51,3734,522.525
2026/08/01@15:13:52,3735,522.525
2026/08/01@15:13:53,3736,522.525
2026/08/01@15:13:54,3737,522.525
2026/08/01@15:13:56,3739,522.525
2026/08/01@15:13:57,3740,522.525
2026/08/01@15:13:58,3741,522.525
2026/08/01@15:13:59,3742,522.525
2026/08/01@15:14:00,3743,522.525
2026/08/01@15:14:01,3744,522.525
2026/08/01@15:14:02,3745,522.525
2026/08/01@15:14:03,3746,522.525
2026/08/01@15:14:04,3747,522.525
2026/08/01@15:14:05,3748,522.525
2026/08/01@15:14:06,3749,522.525
2026/08/01@15:14:08,3750,522.525
2026/08/01@15:14:09,3752,522.525
2026/08/01@15:14:10,3753,522.525
2026/08/01@15:14:11,3754,522.525
2026/08/01@15:14:12,3755,522.525
2026/08/01@15:14:13,3756,522.525
2026/08/01@15:14:14,3757,522.525
2026/08/01@15:14:15,3758,522.525
2026/08/01@15:14:16,3759,522.525
2026/08/01@15:14:17,3760,522.525
2026/08/01@15:14:18,3761,522.525
2026/08/01@15:14:19,3762,522.525
2026/08/01@15:14:21,3764,522.525
2026/08/01@15:14:22,3765,522.525
2026/08/01@15:14:23,3766,522.525
2026/08/01@15:14:24,3767,522.525
2026/08/01@15:14:25,3768,522.525
2026/08/01@15:14:26,3769,522.525
2026/08/01@15:14:27,3770,522.525
2026/08/01@15:14:28,3771,522.525
2026/08/01@15:14:29,3772,522.525
2026/08/01@15:14:30,3773,522.525
2026/08/01@15:14:31,3774,522.525
2026/08/01@15:14:33,3776,522.525
2026/08/01@15:14:34,3777,522.525
2026/08/01@15:14:35,3778,522.525
2026/08/01@15:14:36,3779,522.525
2026/08/01@15:14:37,3780,522.525
2026/08/01@15:14:38,3781,522.525
2026/08/01@15:14:39,3782,522.525
2026/08/01@15:14:40,3783,522.525
2026/08/01@15:14:41,3784,522.525
2026/08/01@15:14:42,3785,522.525
2026/08/01@15:14:43,3786,522.525
2026/08/01@15:14:45,3788,522.525
2026/08/01@15:14:46,3789,522.525
2026/08/01@15:14:47,3790,522.525
2026/08/01@15:14:48,3791,522.525
2026/08/01@15:14:49,3792,522.525
2026/08/01@15:14:50,3793,522.525
2026/08/01@15:14:51,3794,522.525
2026/08/01@15:14:52,3795,522.525
2026/08/01@15:14:53,3796,522.525
2026/08/01@15:14:54,3797,522.525
2026/08/01@15:14:55,3798,522.525
2026/08/01@15:14:57,3800,522.525
2026/08/01@15:14:58,3801,522.525
2026/08/01@15:14:59,3802,522.525
2026/08/01@15:15:00,3803,522.525
2026/08/01@15:15:01,3804,522.525
2026/08/01@15:15:02,3805,522.525
2026/08/01@15:15:03,3806,522.525
2026/08/01@15:15:04,3807,522.025
2026/08/01@15:15:05,3808,522.525
2026/08/01@15:15:06,3809,522.525
2026/08/01@15:15:07,3810,522.525
2026/08/01@15:15:08,3811,522.525
2026/08/01@15:15:10,3813,522.025
2026/08/01@15:15:11,3814,522.525
2026/08/01@15:15:12,3815,522.525
2026/08/01@15:15:13,3816,522.525
2026/08/01@15:15:14,3817,522.525
2026/08/01@15:15:15,3818,522.525
2026/08/01@15:15:16,3819,522.525
2026/08/01@15:15:17,3820,522.525
2026/08/01@15:15:18,3821,522.525
2026/08/01@15:15:19,3822,522.525
2026/08/01@15:15:20,3823,522.525
2026/08/01@15:15:22,3825,522.525
2026/08/01@15:15:23,3826,522.525
2026/08/01@15:15:24,3827,522.525
2026/08/01@15:15:25,3828,522.525
2026/08/01@15:15:26,3829,522.525
2026/08/01@15:15:27,3830,522.525
2026/08/01@15:15:28,3831,522.525
2026/08/01@15:15:29,3832,522.525
2026/08/01@15:15:30,3833,522.525
2026/08/01@15:15:31,3834,522.525
2026/08/01@15:15:32,3835,522.525
2026/08/01@15:15:34,3837,522.525
2026/08/01@15:15:35,3838,522.525
2026/08/01@15:15:36,3839,522.525
2026/08/01@15:15:37,3840,522.525
2026/08/01@15:15:38,3841,522.525
2026/08/01@15:15:39,3842,522.525
2026/08/01@15:15:40,3843,522.525
2026/08/01@15:15:41,3844,522.525
2026/08/01@15:15:42,3845,522.525
2026/08/01@15:15:43,3846,522.525
2026/08/01@15:15:44,3847,522.525
2026/08/01@15:15:46,3849,522.525
2026/08/01@15:15:47,3850,522.525
2026/08/01@15:15:48,3851,522.525
2026/08/01@15:15:49,3852,522.525
2026/08/01@15:15:50,3853,522.525
2026/08/01@15:15:51,3854,522.525
2026/08/01@15:15:52,3855,522.525
2026/08/01@15:15:53,3856,522.525
2026/08/01@15:15:54,3857,522.525
2026/08/01@15:15:55,3858,522.525
2026/08/01@15:15:56,3859,522.525
2026/08/01@15:15:57,3860,522.525
2026/08/01@15:15:59,3862,522.525
2026/08/01@15:16:00,3863,522.525
2026/08/01@15:16:01,3864,522.525
2026/08/01@15:16:02,3865,522.525
2026/08/01@15:16:03,3866,522.525
2026/08/01@15:16:04,3867,522.525
2026/08/01@15:16:05,3868,522.525
2026/08/01@15:16:06,3869,522.525
2026/08/01@15:16:07,3870,522.525
2026/08/01@15:16:08,3871,522.525
2026/08/01@15:16:09,3872,522.525
2026/08/01@15:16:11,3874,522.525
2026/08/01@15:16:12,3875,522.525
2026/08/01@15:16:13,3876,522.525
2026/08/01@15:16:14,3877,522.525
2026/08/01@15:16:15,3878,522.525
2026/08/01@15:16:16,3879,522.525
2026/08/01@15:16:17,3880,522.525
2026/08/01@15:16:18,3881,522.525
2026/08/01@15:16:19,3882,522.525
2026/08/01@15:16:20,3883,522.525
2026/08/01@15:16:21,3884,522.525
2026/08/01@15:16:23,3886,522.525
2026/08/01@15:16:24,3887,522.525
2026/08/01@15:16:25,3888,522.525
2026/08/01@15:16:26,3889,522.525
2026/08/01@15:16:27,3890,522.525
2026/08/01@15:16:28,3891,522.525
2026/08/01@15:16:29,3892,522.525
2026/08/01@15:16:30,3893,522.525
2026/08/01@15:16:31,3894,522.525
2026/08/01@15:16:32,3895,522.525
2026/08/01@15:16:33,3896,522.525
2026/08/01@15:16:35,3898,522.525
2026/08/01@15:16:36,3899,522.525
2026/08/01@15:16:37,3900,522.525
2026/08/01@15:16:38,3901,522.525
2026/08/01@15:16:39,3902,522.525
2026/08/01@15:16:40,3903,522.525
2026/08/01@15:16:41,3904,522.525
2026/08/01@15:16:42,3905,522.525
2026/08/01@15:16:43,3906,522.525
2026/08/01@15:16:44,3907,522.525
2026/08/01@15:16:45,3908,522.525
2026/08/01@15:16:46,3909,522.525
2026/08/01@15:16:48,3911,522.525
2026/08/01@15:16:49,3912,522.525
2026/08/01@15:16:50,3913,522.525
2026/08/01@15:16:51,3914,522.525
2026/08/01@15:16:52,3915,522.525
2026/08/01@15:16:53,3916,522.525
2026/08/01@15:16:54,3917,522.525
2026/08/01@15:16:55,3918,522.525
2026/08/01@15:16:56,3919,522.525
2026/08/01@15:16:57,3920,522.525
2026/08/01@15:16:58,3921,522.525
2026/08/01@15:17:00,3923,522.525
2026/08/01@15:17:01,3924,522.525
2026/08/01@15:17:02,3925,522.525
2026/08/01@15:17:03,3926,522.525
2026/08/01@15:17:04,3927,522.525
2026/08/01@15:17:05,3928,522.525
2026/08/01@15:17:06,3929,522.525
2026/08/01@15:17:07,3930,522.525
2026/08/01@15:17:08,3931,522.525
2026/08/01@15:17:09,3932,522.525
2026/08/01@15:17:10,3933,522.525
2026/08/01@15:17:12,3935,522.525
2026/08/01@15:17:13,3936,522.525
2026/08/01@15:17:14,3937,522.525
2026/08/01@15:17:15,3938,522.525
2026/08/01@15:17:16,3939,522.525
2026/08/01@15:17:17,3940,522.525
2026/08/01@15:17:18,3941,522.525
2026/08/01@15:17:19,3942,522.525
2026/08/01@15:17:20,3943,522.525
2026/08/01@15:17:21,3944,522.525
2026/08/01@15:17:22,3945,522.525
2026/08/01@15:17:24,3947,522.525
2026/08/01@15:17:25,3948,522.525
2026/08/01@15:17:26,3949,522.525
2026/08/01@15:17:27,3950,522.525
2026/08/01@15:17:28,3951,522.525
2026/08/01@15:17:29,3952,522.525
2026/08/01@15:17:30,3953,522.525
2026/08/01@15:17:31,3954,522.525
2026/08/01@15:17:32,3955,522.525
2026/08/01@15:17:33,3956,522.525
2026/08/01@15:17:34,3957,522.525
2026/08/01@15:17:36,3958,522.525
2026/08/01@15:17:37,3960,522.525
2026/08/01@15:17:38,3961,522.525
2026/08/01@15:17:39,3962,522.525
2026/08/01@15:17:40,3963,522.525
2026/08/01@15:17:41,3964,522.525
2026/08/01@15:17:42,3965,522.525
2026/08/01@15:17:43,3966,522.525
2026/08/01@15:17:44,3967,522.525
2026/08/01@15:17:45,3968,522.525
2026/08/01@15:17:46,3969,522.525
2026/08/01@15:17:47,3970,522.525
2026/08/01@15:17:49,3972,522.525
2026/08/01@15:17:50,3973,522.525
2026/08/01@15:17:51,3974,522.525
2026/08/01@15:17:52,3975,522.525
2026/08/01@15:17:53,3976,522.525
2026/08/01@15:17:54,3977,522.525
2026/08/01@15:17:55,3978,522.525
2026/08/01@15:17:56,3979,522.525
2026/08/01@15:17:57,3980,522.525
2026/08/01@15:17:58,3981,522.525
2026/08/01@15:17:59,3982,522.525
2026/08/01@15:18:01,3984,522.525
2026/08/01@15:18:02,3985,522.525
2026/08/01@15:18:03,3986,522.525
2026/08/01@15:18:04,3987,522.525
2026/08/01@15:18:05,3988,522.525
2026/08/01@15:18:06,3989,522.525
2026/08/01@15:18:07,3990,522.525
2026/08/01@15:18:08,3991,522.525
2026/08/01@15:18:09,3992,522.525
2026/08/01@15:18:10,3993,522.525
2026/08/01@15:18:11,3994,522.525
2026/08/01@15:18:13,3996,522.525
2026/08/01@15:18:14,3997,522.525
2026/08/01@15:18:15,3998,522.525
2026/08/01@15:18:16,3999,522.525
2026/08/01@15:18:17,4000,522.525
2026/08/01@15:18:18,4001,522.525
2026/08/01@15:18:19,4002,522.525
2026/08/01@15:18:20,4003,522.525
2026/08/01@15:18:21,4004,522.525
2026/08/01@15:18:22,4005,522.525
2026/08/01@15:18:23,4006,522.525
2026/08/01@15:18:24,4007,522.525
2026/08/01@15:18:26,4009,522.525
2026/08/01@15:18:27,4010,522.525
2026/08/01@15:18:28,4011,522.525
2026/08/01@15:18:29,4012,522.525
2026/08/01@15:18:30,4013,522.525
2026/08/01@15:18:31,4014,522.525
2026/08/01@15:18:32,4015,522.525
2026/08/01@15:18:33,4016,522.525
2026/08/01@15:18:34,4017,522.525
2026/08/01@15:18:35,4018,522.525
2026/08/01@15:18:36,4019,522.525
2026/08/01@15:18:38,4021,522.525
2026/08/01@15:18:39,4022,522.525
2026/08/01@15:18:40,4023,522.525
2026/08/01@15:18:41,4024,522.525
2026/08/01@15:18:42,4025,522.525
2026/08/01@15:18:43,4026,522.525
2026/08/01@15:18:44,4027,522.525
2026/08/01@15:18:45,4028,522.525
2026/08/01@15:18:46,4029,522.525
2026/08/01@15:18:47,4030,522.525
2026/08/01@15:18:48,4031,522.525
2026/08/01@15:18:50,4033,522.525
2026/08/01@15:18:51,4034,522.525
2026/08/01@15:18:52,4035,522.525
2026/08/01@15:18:53,4036,522.525
2026/08/01@15:18:54,4037,522.525
2026/08/01@15:18:55,4038,522.525
2026/08/01@15:18:56,4039,522.525
2026/08/01@15:18:57,4040,522.525
2026/08/01@15:18:58,4041,522.525
2026/08/01@15:18:59,4042,522.525
2026/08/01@15:19:00,4043,522.525
2026/08/01@15:19:02,4045,522.525
2026/08/01@15:19:03,4046,522.525
2026/08/01@15:19:04,4047,522.525
2026/08/01@15:19:05,4048,522.525
2026/08/01@15:19:06,4049,522.525
2026/08/01@15:19:07,4050,522.525
2026/08/01@15:19:08,4051,522.525
2026/08/01@15:19:09,4052,522.525
2026/08/01@15:19:10,4053,522.525
2026/08/01@15:19:11,4054,522.525
2026/08/01@15:19:12,4055,522.525
2026/08/01@15:19:14,4057,522.525
2026/08/01@15:19:15,4058,522.525
2026/08/01@15:19:16,4059,522.525
2026/08/01@15:19:17,4060,522.525
2026/08/01@15:19:18,4061,522.525
2026/08/01@15:19:19,4062,522.525
2026/08/01@15:19:20,4063,522.525
2026/08/01@15:19:21,4064,522.525
2026/08/01@15:19:22,4065,522.525
2026/08/01@15:19:23,4066,522.525
2026/08/01@15:19:24,4067,522.525
2026/08/01@15:19:25,4068,522.525
2026/08/01@15:19:27,4070,522.525
2026/08/01@15:19:28,4071,522.525
2026/08/01@15:19:29,4072,522.525
2026/08/01@15:19:30,4073,522.525
2026/08/01@15:19:31,4074,522.525
2026/08/01@15:19:32,4075,522.525
2026/08/01@15:19:33,4076,522.525
2026/08/01@15:19:34,4077,522.525
2026/08/01@15:19:35,4078,522.525
2026/08/01@15:19:36,4079,522.525
2026/08/01@15:19:37,4080,522.525
2026/08/01@15:19:39,4082,522.525
2026/08/01@15:19:40,4083,522.525
2026/08/01@15:19:41,4084,522.525
2026/08/01@15:19:42,4085,522.525
2026/08/01@15:19:43,4086,522.525
2026/08/01@15:19:44,4087,522.525
2026/08/01@15:19:45,4088,522.525
2026/08/01@15:19:46,4089,522.525
2026/08/01@15:19:47,4090,522.525
2026/08/01@15:19:48,4091,522.525
2026/08/01@15:19:49,4092,522.525
2026/08/01@15:19:51,4094,522.525
2026/08/01@15:19:52,4095,522.525
2026/08/01@15:19:53,4096,522.525
2026/08/01@15:19:54,4097,522.525
2026/08/01@15:19:55,4098,522.525
2026/08/01@15:19:56,4099,522.525
2026/08/01@15:19:57,4100,522.525
2026/08/01@15:19:58,4101,522.525
2026/08/01@15:19:59,4102,522.525
2026/08/01@15:20:00,4103,522.525
2026/08/01@15:20:01,4104,522.525
2026/08/01@15:20:03,4105,522.525
2026/08/01@15:20:04,4107,522.525
2026/08/01@15:20:05,4108,522.525
2026/08/01@15:20:06,4109,522.525
2026/08/01@15:20:07,4110,522.525
2026/08/01@15:20:08,4111,522.525
2026/08/01@15:20:09,4112,522.525
2026/08/01@15:20:10,4113,522.525
2026/08/01@15:20:11,4114,522.525
2026/08/01@15:20:12,4115,522.525
2026/08/01@15:20:13,4116,522.525
2026/08/01@15:20:14,4117,522.525
2026/08/01@15:20:16,4119,522.525
2026/08/01@15:20:17,4120,522.525
2026/08/01@15:20:18,4121,522.525
2026/08/01@15:20:19,4122,522.525
2026/08/01@15:20:20,4123,522.525
2026/08/01@15:20:21,4124,522.525
2026/08/01@15:20:22,4125,522.525
2026/08/01@15:20:23,4126,522.525
2026/08/01@15:20:24,4127,522.525
2026/08/01@15:20:25,4128,522.525
2026/08/01@15:20:26,4129,522.525
2026/08/01@15:20:28,4131,522.525
2026/08/01@15:20:29,4132,522.525
2026/08/01@15:20:30,4133,522.525
2026/08/01@15:20:31,4134,522.525
2026/08/01@15:20:32,4135,522.525
2026/08/01@15:20:33,4136,522.525
2026/08/01@15:20:34,4137,522.525
2026/08/01@15:20:35,4138,522.525
2026/08/01@15:20:36,4139,522.525
2026/08/01@15:20:37,4140,522.525
2026/08/01@15:20:38,4141,522.525
2026/08/01@15:20:40,4143,522.525
2026/08/01@15:20:41,4144,522.525
2026/08/01@15:20:42,4145,522.525
2026/08/01@15:20:43,4146,522.525
2026/08/01@15:20:44,4147,522.525
2026/08/01@15:20:45,4148,522.525
2026/08/01@15:20:46,4149,522.525
2026/08/01@15:20:47,4150,522.525
2026/08/01@15:20:48,4151,522.525
2026/08/01@15:20:49,4152,522.525
2026/08/01@15:20:50,4153,522.525
2026/08/01@15:20:51,4154,522.525
2026/08/01@15:20:53,4156,522.525
2026/08/01@15:20:54,4157,522.525
2026/08/01@15:20:55,4158,522.525
2026/08/01@15:20:56,4159,522.525
2026/08/01@15:20:57,4160,522.525
2026/08/01@15:20:58,4161,522.525
2026/08/01@15:20:59,4162,522.525
2026/08/01@15:21:00,4163,522.525
2026/08/01@15:21:01,4164,522.525
2026/08/01@15:21:02,4165,522.525
2026/08/01@15:21:03,4166,522.525
2026/08/01@15:21:05,4168,522.525
2026/08/01@15:21:06,4169,522.525
2026/08/01@15:21:07,4170,522.525
2026/08/01@15:21:08,4171,522.525
2026/08/01@15:21:09,4172,522.525
2026/08/01@15:21:10,4173,522.525
2026/08/01@15:21:11,4174,522.525
2026/08/01@15:21:12,4175,522.525
2026/08/01@15:21:13,4176,522.525
2026/08/01@15:21:14,4177,522.525
2026/08/01@15:21:15,4178,522.525
2026/08/01@15:21:17,4180,522.525
2026/08/01@15:21:18,4181,522.525
2026/08/01@15:21:19,4182,522.525
2026/08/01@15:21:20,4183,522.525
2026/08/01@15:21:21,4184,522.525
2026/08/01@15:21:22,4185,522.525
2026/08/01@15:21:23,4186,522.525
2026/08/01@15:21:24,4187,522.525
2026/08/01@15:21:25,4188,522.525
2026/08/01@15:21:26,4189,522.525
2026/08/01@15:21:27,4190,522.525
2026/08/01@15:21:29,4192,522.525
2026/08/01@15:21:30,4193,522.525
2026/08/01@15:21:31,4194,522.525
2026/08/01@15:21:32,4195,522.525
2026/08/01@15:21:33,4196,522.525
2026/08/01@15:21:34,4197,522.525
2026/08/01@15:21:35,4198,522.525
2026/08/01@15:21:36,4199,522.525
2026/08/01@15:21:37,4200,522.525
2026/08/01@15:21:38,4201,522.525
2026/08/01@15:21:39,4202,522.525
2026/08/01@15:21:41,4204,522.525
2026/08/01@15:21:42,4205,522.525
2026/08/01@15:21:43,4206,522.525
2026/08/01@15:21:44,4207,522.525
2026/08/01@15:21:45,4208,522.525
2026/08/01@15:21:46,4209,522.525
2026/08/01@15:21:47,4210,522.525
2026/08/01@15:21:48,4211,522.525
2026/08/01@15:21:49,4212,522.525
2026/08/01@15:21:50,4213,522.525
2026/08/01@15:21:51,4214,522.525
2026/08/01@15:21:52,4215,522.525
2026/08/01@15:21:54,4217,522.525
2026/08/01@15:21:55,4218,522.525
2026/08/01@15:21:56,4219,522.525
2026/08/01@15:21:57,4220,522.525
2026/08/01@15:21:58,4221,522.525
2026/08/01@15:21:59,4222,522.525
2026/08/01@15:22:00,4223,522.525
2026/08/01@15:22:01,4224,522.525
2026/08/01@15:22:02,4225,522.525
2026/08/01@15:22:03,4226,522.525
2026/08/01@15:22:04,4227,522.525
2026/08/01@15:22:06,4229,522.525
2026/08/01@15:22:07,4230,522.525
2026/08/01@15:22:08,4231,522.525
2026/08/01@15:22:09,4232,522.525
2026/08/01@15:22:10,4233,522.525
2026/08/01@15:22:11,4234,522.525
2026/08/01@15:22:12,4235,522.525
2026/08/01@15:22:13,4236,522.525
2026/08/01@15:22:14,4237,522.525
2026/08/01@15:22:15,4238,522.525
2026/08/01@15:22:16,4239,522.525
2026/08/01@15:22:18,4241,522.525
2026/08/01@15:22:19,4242,522.525
2026/08/01@15:22:20,4243,522.525
2026/08/01@15:22:21,4244,522.525
2026/08/01@15:22:22,4245,522.525
2026/08/01@15:22:23,4246,522.525
2026/08/01@15:22:24,4247,522.525
2026/08/01@15:22:25,4248,522.525
2026/08/01@15:22:26,4249,522.525
2026/08/01@15:22:27,4250,522.525
2026/08/01@15:22:28,4251,522.525
2026/08/01@15:22:29,4252,522.525
2026/08/01@15:22:31,4254,522.525
2026/08/01@15:22:32,4255,522.525
2026/08/01@15:22:33,4256,522.525
2026/08/01@15:22:34,4257,522.525
2026/08/01@15:22:35,4258,522.525
2026/08/01@15:22:36,4259,522.525
2026/08/01@15:22:37,4260,522.525
2026/08/01@15:22:38,4261,522.525
2026/08/01@15:22:39,4262,522.525
2026/08/01@15:22:40,4263,522.525
2026/08/01@15:22:41,4264,522.525
2026/08/01@15:22:43,4266,522.525
2026/08/01@15:22:44,4267,522.525
2026/08/01@15:22:45,4268,522.525
2026/08/01@15:22:46,4269,522.525
2026/08/01@15:22:47,4270,522.525
2026/08/01@15:22:48,4271,522.525
2026/08/01@15:22:49,4272,522.525
2026/08/01@15:22:50,4273,522.525
2026/08/01@15:22:51,4274,522.525
2026/08/01@15:22:52,4275,522.525
2026/08/01@15:22:53,4276,522.525
2026/08/01@15:22:55,4278,522.525
2026/08/01@15:22:56,4279,522.525
2026/08/01@15:22:57,4280,522.525
2026/08/01@15:22:58,4281,522.525
2026/08/01@15:22:59,4282,522.525
2026/08/01@15:23:00,4283,522.525
2026/08/01@15:23:01,4284,522.525
2026/08/01@15:23:02,4285,522.525
2026/08/01@15:23:03,4286,522.525
2026/08/01@15:23:04,4287,522.525
2026/08/01@15:23:05,4288,522.525
2026/08/01@15:23:07,4289,522.525
2026/08/01@15:23:08,4291,522.525
2026/08/01@15:23:09,4292,522.525
2026/08/01@15:23:10,4293,522.525
2026/08/01@15:23:11,4294,522.525
2026/08/01@15:23:12,4295,522.525
2026/08/01@15:23:13,4296,522.525
2026/08/01@15:23:14,4297,522.525
2026/08/01@15:23:15,4298,522.525
2026/08/01@15:23:16,4299,522.525
2026/08/01@15:23:17,4300,522.525
2026/08/01@15:23:18,4301,522.525
2026/08/01@15:23:20,4303,522.525
2026/08/01@15:23:21,4304,522.525
2026/08/01@15:23:22,4305,522.525
2026/08/01@15:23:23,4306,522.525
2026/08/01@15:23:24,4307,522.525
2026/08/01@15:23:25,4308,522.525
2026/08/01@15:23:26,4309,522.525
2026/08/01@15:23:27,4310,522.525
2026/08/01@15:23:28,4311,522.525
2026/08/01@15:23:29,4312,522.525
2026/08/01@15:23:30,4313,522.525
2026/08/01@15:23:32,4315,522.525
2026/08/01@15:23:33,4316,522.525
2026/08/01@15:23:34,4317,522.525
2026/08/01@15:23:35,4318,522.525
2026/08/01@15:23:36,4319,522.525
2026/08/01@15:23:37,4320,522.525
2026/08/01@15:23:38,4321,522.525
2026/08/01@15:23:39,4322,522.525
2026/08/01@15:23:40,4323,522.525
2026/08/01@15:23:41,4324,522.525
2026/08/01@15:23:42,4325,522.525
2026/08/01@15:23:43,4326,522.525
2026/08/01@15:23:45,4328,522.525
2026/08/01@15:23:46,4329,522.525
2026/08/01@15:23:47,4330,522.525
2026/08/01@15:23:48,4331,522.525
2026/08/01@15:23:49,4332,522.525
2026/08/01@15:23:50,4333,522.525
2026/08/01@15:23:51,4334,522.525
2026/08/01@15:23:52,4335,522.525
2026/08/01@15:23:53,4336,522.525
2026/08/01@15:23:54,4337,522.525
2026/08/01@15:23:55,4338,522.525
2026/08/01@15:23:57,4340,522.525
2026/08/01@15:23:58,4341,522.525
2026/08/01@15:23:59,4342,522.525
2026/08/01@15:24:00,4343,522.525
2026/08/01@15:24:01,4344,522.525
2026/08/01@15:24:02,4345,522.525
2026/08/01@15:24:03,4346,522.525
2026/08/01@15:24:04,4347,522.525
2026/08/01@15:24:05,4348,522.525
2026/08/01@15:24:06,4349,522.525
2026/08/01@15:24:07,4350,522.525
2026/08/01@15:24:09,4352,522.525
2026/08/01@15:24:10,4353,522.525
2026/08/01@15:24:11,4354,522.525
2026/08/01@15:24:12,4355,522.525
2026/08/01@15:24:13,4356,522.525
2026/08/01@15:24:14,4357,522.525
2026/08/01@15:24:15,4358,522.525
2026/08/01@15:24:16,4359,522.525
2026/08/01@15:24:17,4360,522.525
2026/08/01@15:24:18,4361,522.525
2026/08/01@15:24:19,4362,522.525
2026/08/01@15:24:21,4363,522.525
2026/08/01@15:24:22,4365,522.525
2026/08/01@15:24:23,4366,522.525
2026/08/01@15:24:24,4367,522.525
2026/08/01@15:24:25,4368,522.525
2026/08/01@15:24:26,4369,522.525
2026/08/01@15:24:27,4370,522.525
2026/08/01@15:24:28,4371,522.525
2026/08/01@15:24:29,4372,522.525
2026/08/01@15:24:30,4373,522.525
2026/08/01@15:24:31,4374,522.525
2026/08/01@15:24:32,4375,522.525
2026/08/01@15:24:34,4377,522.525
2026/08/01@15:24:35,4378,522.525
2026/08/01@15:24:36,4379,522.525
2026/08/01@15:24:37,4380,522.525
2026/08/01@15:24:38,4381,522.525
2026/08/01@15:24:39,4382,522.525
2026/08/01@15:24:40,4383,522.525
2026/08/01@15:24:41,4384,522.525
2026/08/01@15:24:42,4385,522.525
2026/08/01@15:24:43,4386,522.525
2026/08/01@15:24:44,4387,522.525
2026/08/01@15:24:46,4389,522.525
2026/08/01@15:24:47,4390,522.525
2026/08/01@15:24:48,4391,522.525
2026/08/01@15:24:49,4392,522.525
2026/08/01@15:24:50,4393,522.525
2026/08/01@15:24:51,4394,522.525
2026/08/01@15:24:52,4395,522.525
2026/08/01@15:24:53,4396,522.525
2026/08/01@15:24:54,4397,522.525
2026/08/01@15:24:55,4398,522.525
2026/08/01@15:24:56,4399,522.525
2026/08/01@15:24:58,4401,522.525
2026/08/01@15:24:59,4402,522.525
2026/08/01@15:25:00,4403,522.525
2026/08/01@15:25:01,4404,522.525
2026/08/01@15:25:02,4405,522.525
2026/08/01@15:25:03,4406,522.525
2026/08/01@15:25:04,4407,522.525
2026/08/01@15:25:05,4408,522.525
2026/08/01@15:25:06,4409,522.525
2026/08/01@15:25:07,4410,522.525
2026/08/01@15:25:08,4411,522.525
2026/08/01@15:25:10,4413,522.525
2026/08/01@15:25:11,4414,522.525
2026/08/01@15:25:12,4415,522.525
2026/08/01@15:25:13,4416,522.525
2026/08/01@15:25:14,4417,522.525
2026/08/01@15:25:15,4418,522.525
2026/08/01@15:25:16,4419,522.525
2026/08/01@15:25:17,4420,522.525
2026/08/01@15:25:18,4421,522.525
2026/08/01@15:25:19,4422,522.525
2026/08/01@15:25:20,4423,522.525
2026/08/01@15:25:21,4424,522.525
2026/08/01@15:25:23,4426,522.525
2026/08/01@15:25:24,4427,522.525
2026/08/01@15:25:25,4428,522.525
2026/08/01@15:25:26,4429,522.525
2026/08/01@15:25:27,4430,522.525
2026/08/01@15:25:28,4431,522.525
2026/08/01@15:25:29,4432,522.525
2026/08/01@15:25:30,4433,522.525
2026/08/01@15:25:31,4434,522.525
2026/08/01@15:25:32,4435,522.525
2026/08/01@15:25:33,4436,522.525
2026/08/01@15:25:35,4438,522.525
2026/08/01@15:25:36,4439,522.525
2026/08/01@15:25:37,4440,522.525
2026/08/01@15:25:38,4441,522.525
2026/08/01@15:25:39,4442,522.525
2026/08/01@15:25:40,4443,522.525
2026/08/01@15:25:41,4444,522.525
2026/08/01@15:25:42,4445,522.525
2026/08/01@15:25:43,4446,522.525
2026/08/01@15:25:44,4447,522.525
2026/08/01@15:25:45,4448,522.525
2026/08/01@15:25:47,4450,522.525
2026/08/01@15:25:48,4451,522.525
2026/08/01@15:25:49,4452,522.525
2026/08/01@15:25:50,4453,522.525
2026/08/01@15:25:51,4454,522.525
2026/08/01@15:25:52,4455,522.525
2026/08/01@15:25:53,4456,522.525
2026/08/01@15:25:54,4457,522.525
2026/08/01@15:25:55,4458,522.525
2026/08/01@15:25:56,4459,522.525
2026/08/01@15:25:57,4460,522.525
2026/08/01@15:25:59,4462,522.525
2026/08/01@15:26:00,4463,522.525
2026/08/01@15:26:01,4464,522.525
2026/08/01@15:26:02,4465,522.525
2026/08/01@15:26:03,4466,522.525
2026/08/01@15:26:04,4467,522.525
2026/08/01@15:26:05,4468,522.525
2026/08/01@15:26:06,4469,522.525
2026/08/01@15:26:07,4470,522.525
2026/08/01@15:26:08,4471,522.525
2026/08/01@15:26:09,4472,522.525
2026/08/01@15:26:11,4474,522.525
2026/08/01@15:26:12,4475,522.525
2026/08/01@15:26:13,4476,522.525
2026/08/01@15:26:14,4477,522.525
2026/08/01@15:26:15,4478,522.525
2026/08/01@15:26:16,4479,522.525
2026/08/01@15:26:17,4480,522.525
2026/08/01@15:26:18,4481,522.525
2026/08/01@15:26:19,4482,522.525
2026/08/01@15:26:20,4483,522.525
2026/08/01@15:26:21,4484,522.525
2026/08/01@15:26:23,4486,522.525
2026/08/01@15:26:24,4487,522.525
2026/08/01@15:26:25,4488,522.525
2026/08/01@15:26:26,4489,522.525
2026/08/01@15:26:27,4490,522.525
2026/08/01@15:26:28,4491,522.525
2026/08/01@15:26:29,4492,522.525
2026/08/01@15:26:30,4493,522.525
2026/08/01@15:26:31,4494,522.525
2026/08/01@15:26:32,4495,522.525
2026/08/01@15:26:33,4496,522.525
2026/08/01@15:26:35,4497,522.525
2026/08/01@15:26:36,4499,522.525
2026/08/01@15:26:37,4500,522.525
2026/08/01@15:26:38,4501,522.525
2026/08/01@15:26:39,4502,522.525
2026/08/01@15:26:40,4503,522.525
2026/08/01@15:26:41,4504,522.525
2026/08/01@15:26:42,4505,522.525
2026/08/01@15:26:43,4506,522.525
2026/08/01@15:26:44,4507,522.525
2026/08/01@15:26:45,4508,522.525
2026/08/01@15:26:46,4509,522.525
2026/08/01@15:26:48,4511,522.525
2026/08/01@15:26:49,4512,522.525
2026/08/01@15:26:50,4513,522.525
2026/08/01@15:26:51,4514,522.525
2026/08/01@15:26:52,4515,522.525
2026/08/01@15:26:53,4516,522.525
2026/08/01@15:26:54,4517,522.525
2026/08/01@15:26:55,4518,522.525
2026/08/01@15:26:56,4519,522.525
2026/08/01@15:26:57,4520,522.525
2026/08/01@15:26:58,4521,522.525
2026/08/01@15:27:00,4523,522.525
2026/08/01@15:27:01,4524,522.525
2026/08/01@15:27:02,4525,522.525
2026/08/01@15:27:03,4526,522.525
2026/08/01@15:27:04,4527,522.525
2026/08/01@15:27:05,4528,522.525
2026/08/01@15:27:06,4529,522.525
2026/08/01@15:27:07,4530,522.525
2026/08/01@15:27:08,4531,522.525
2026/08/01@15:27:09,4532,522.525
2026/08/01@15:27:10,4533,522.525
2026/08/01@15:27:12,4535,522.525
2026/08/01@15:27:13,4536,522.525
2026/08/01@15:27:14,4537,522.525
2026/08/01@15:27:15,4538,522.525
2026/08/01@15:27:16,4539,522.525
2026/08/01@15:27:17,4540,522.525
2026/08/01@15:27:18,4541,522.525
2026/08/01@15:27:19,4542,522.525
2026/08/01@15:27:20,4543,522.525
2026/08/01@15:27:21,4544,522.525
2026/08/01@15:27:22,4545,522.525
2026/08/01@15:27:24,4547,522.525
2026/08/01@15:27:25,4548,522.525
2026/08/01@15:27:26,4549,522.525
2026/08/01@15:27:27,4550,522.525
2026/08/01@15:27:28,4551,522.525
2026/08/01@15:27:29,4552,522.525
2026/08/01@15:27:30,4553,522.525
2026/08/01@15:27:31,4554,522.525
2026/08/01@15:27:32,4555,522.525
2026/08/01@15:27:33,4556,522.525
2026/08/01@15:27:34,4557,522.525
2026/08/01@15:27:35,4558,522.525
2026/08/01@15:27:37,4560,522.525
2026/08/01@15:27:38,4561,522.525
2026/08/01@15:27:39,4562,522.525
2026/08/01@15:27:40,4563,522.525
2026/08/01@15:27:41,4564,522.525
2026/08/01@15:27:42,4565,522.525
2026/08/01@15:27:43,4566,522.525
2026/08/01@15:27:44,4567,522.525
2026/08/01@15:27:45,4568,522.525
2026/08/01@15:27:46,4569,522.525
2026/08/01@15:27:47,4570,522.525
2026/08/01@15:27:49,4572,522.525
2026/08/01@15:27:50,4573,522.525
2026/08/01@15:27:51,4574,522.525
2026/08/01@15:27:52,4575,522.525
2026/08/01@15:27:53,4576,522.525
2026/08/01@15:27:54,4577,522.525
2026/08/01@15:27:55,4578,522.525
2026/08/01@15:27:56,4579,522.525
2026/08/01@15:27:57,4580,522.525
2026/08/01@15:27:58,4581,522.525
2026/08/01@15:27:59,4582,522.525
2026/08/01@15:28:01,4584,522.525
2026/08/01@15:28:02,4585,522.525
2026/08/01@15:28:03,4586,522.525
2026/08/01@15:28:04,4587,522.525
2026/08/01@15:28:05,4588,522.525
2026/08/01@15:28:06,4589,522.525
2026/08/01@15:28:07,4590,522.525
2026/08/01@15:28:08,4591,522.525
2026/08/01@15:28:09,4592,522.525
2026/08/01@15:28:10,4593,522.525
2026/08/01@15:28:11,4594,522.525
2026/08/01@15:28:13,4596,522.525
2026/08/01@15:28:14,4597,522.525
2026/08/01@15:28:15,4598,522.525
2026/08/01@15:28:16,4599,522.525
2026/08/01@15:28:17,4600,522.525
2026/08/01@15:28:18,4601,522.525
2026/08/01@15:28:19,4602,522.525
2026/08/01@15:28:20,4603,522.525
2026/08/01@15:28:21,4604,522.525
2026/08/01@15:28:22,4605,522.525
2026/08/01@15:28:23,4606,522.525
2026/08/01@15:28:25,4608,522.525
2026/08/01@15:28:26,4609,522.525
2026/08/01@15:28:27,4610,522.525
2026/08/01@15:28:28,4611,522.525
2026/08/01@15:28:29,4612,522.525
2026/08/01@15:28:30,4613,522.525
2026/08/01@15:28:31,4614,522.525
2026/08/01@15:28:32,4615,522.525
2026/08/01@15:28:33,4616,522.525
2026/08/01@15:28:34,4617,522.525
2026/08/01@15:28:35,4618,522.525
2026/08/01@15:28:37,4620,522.525
2026/08/01@15:28:38,4621,522.525
2026/08/01@15:28:39,4622,522.525
2026/08/01@15:28:40,4623,522.525
2026/08/01@15:28:41,4624,522.525
2026/08/01@15:28:42,4625,522.525
2026/08/01@15:28:43,4626,522.525
2026/08/01@15:28:44,4627,522.525
2026/08/01@15:28:45,4628,522.525
2026/08/01@15:28:46,4629,522.525
2026/08/01@15:28:47,4630,522.525
2026/08/01@15:28:48,4631,522.525
2026/08/01@15:28:50,4633,522.525
2026/08/01@15:28:51,4634,522.525
2026/08/01@15:28:52,4635,522.525
2026/08/01@15:28:53,4636,522.525
2026/08/01@15:28:54,4637,522.525
2026/08/01@15:28:55,4638,522.525
2026/08/01@15:28:56,4639,522.525
2026/08/01@15:28:57,4640,522.525
2026/08/01@15:28:58,4641,522.525
2026/08/01@15:28:59,4642,522.525
2026/08/01@15:29:00,4643,522.525
2026/08/01@15:29:02,4645,522.525
2026/08/01@15:29:03,4646,522.525
2026/08/01@15:29:04,4647,522.525
2026/08/01@15:29:05,4648,522.525
2026/08/01@15:29:06,4649,522.525
2026/08/01@15:29:07,4650,522.525
2026/08/01@15:29:08,4651,522.525
2026/08/01@15:29:09,4652,522.525
2026/08/01@15:29:10,4653,522.525
2026/08/01@15:29:11,4654,522.525
2026/08/01@15:29:12,4655,522.525
2026/08/01@15:29:14,4657,522.525
2026/08/01@15:29:15,4658,522.525
2026/08/01@15:29:16,4659,522.525
2026/08/01@15:29:17,4660,522.525
2026/08/01@15:29:18,4661,522.525
2026/08/01@15:29:19,4662,522.525
2026/08/01@15:29:20,4663,522.525
2026/08/01@15:29:21,4664,522.525
2026/08/01@15:29:22,4665,522.525
2026/08/01@15:29:23,4666,522.525
2026/08/01@15:29:24,4667,522.525
2026/08/01@15:29:26,4669,522.525
2026/08/01@15:29:27,4670,522.525
2026/08/01@15:29:28,4671,522.525
2026/08/01@15:29:29,4672,522.525
2026/08/01@15:29:30,4673,522.525
2026/08/01@15:29:31,4674,522.525
2026/08/01@15:29:32,4675,522.525
2026/08/01@15:29:33,4676,522.525
2026/08/01@15:29:34,4677,522.525
2026/08/01@15:29:35,4678,522.525
2026/08/01@15:29:36,4679,522.525
2026/08/01@15:29:38,4681,522.525
2026/08/01@15:29:39,4682,522.525
2026/08/01@15:29:40,4683,522.525
2026/08/01@15:29:41,4684,522.525
2026/08/01@15:29:42,4685,522.525
2026/08/01@15:29:43,4686,522.525
2026/08/01@15:29:44,4687,522.525
2026/08/01@15:29:45,4688,522.525
2026/08/01@15:29:46,4689,522.525
2026/08/01@15:29:47,4690,522.525
2026/08/01@15:29:48,4691,522.525
2026/08/01@15:29:49,4692,522.525
2026/08/01@15:29:51,4694,522.525
2026/08/01@15:29:52,4695,522.525
2026/08/01@15:29:53,4696,522.525
2026/08/01@15:29:54,4697,522.525
2026/08/01@15:29:55,4698,522.525
2026/08/01@15:29:56,4699,522.525
2026/08/01@15:29:57,4700,522.525
2026/08/01@15:29:58,4701,522.525
2026/08/01@15:29:59,4702,522.525
2026/08/01@15:30:00,4703,522.525
2026/08/01@15:30:01,4704,522.525
2026/08/01@15:30:03,4706,522.525
2026/08/01@15:30:04,4707,522.525
2026/08/01@15:30:05,4708,522.525
2026/08/01@15:30:06,4709,522.525
2026/08/01@15:30:07,4710,522.525
2026/08/01@15:30:08,4711,522.525
2026/08/01@15:30:09,4712,522.525
2026/08/01@15:30:10,4713,522.525
2026/08/01@15:30:11,4714,522.525
2026/08/01@15:30:12,4715,522.525
2026/08/01@15:30:13,4716,522.525
2026/08/01@15:30:15,4718,522.525
2026/08/01@15:30:16,4719,522.525
2026/08/01@15:30:17,4720,522.525
2026/08/01@15:30:18,4721,522.525
2026/08/01@15:30:19,4722,522.525
2026/08/01@15:30:20,4723,522.525
2026/08/01@15:30:21,4724,522.525
2026/08/01@15:30:22,4725,522.525
2026/08/01@15:30:23,4726,522.525
2026/08/01@15:30:24,4727,522.525
2026/08/01@15:30:25,4728,522.525
2026/08/01@15:30:27,4730,522.525
2026/08/01@15:30:28,4731,522.525
2026/08/01@15:30:29,4732,522.525
2026/08/01@15:30:30,4733,522.525
2026/08/01@15:30:31,4734,522.525
2026/08/01@15:30:32,4735,522.525
2026/08/01@15:30:33,4736,522.525
2026/08/01@15:30:34,4737,522.525
2026/08/01@15:30:35,4738,522.525
2026/08/01@15:30:36,4739,522.525
2026/08/01@15:30:37,4740,522.525
2026/08/01@15:30:39,4742,522.525
2026/08/01@15:30:40,4743,522.525
2026/08/01@15:30:41,4744,522.525
2026/08/01@15:30:42,4745,522.525
2026/08/01@15:30:43,4746,522.525
2026/08/01@15:30:44,4747,522.525
2026/08/01@15:30:45,4748,522.525
2026/08/01@15:30:46,4749,522.525
2026/08/01@15:30:47,4750,522.525
2026/08/01@15:30:48,4751,522.525
2026/08/01@15:30:49,4752,522.525
2026/08/01@15:30:51,4753,522.525
2026/08/01@15:30:52,4755,522.525
2026/08/01@15:30:53,4756,522.525
2026/08/01@15:30:54,4757,522.525
2026/08/01@15:30:55,4758,522.525
2026/08/01@15:30:56,4759,522.525
2026/08/01@15:30:57,4760,522.525
2026/08/01@15:30:58,4761,522.525
2026/08/01@15:30:59,4762,522.525
2026/08/01@15:31:00,4763,522.525
2026/08/01@15:31:01,4764,523.025
2026/08/01@15:31:02,4765,522.525
2026/08/01@15:31:04,4767,522.525
2026/08/01@15:31:05,4768,522.525
2026/08/01@15:31:06,4769,522.525
2026/08/01@15:31:07,4770,522.525
2026/08/01@15:31:08,4771,522.525
2026/08/01@15:31:09,4772,522.525
2026/08/01@15:31:10,4773,522.525
2026/08/01@15:31:11,4774,522.525
2026/08/01@15:31:12,4775,522.525
2026/08/01@15:31:13,4776,522.525
2026/08/01@15:31:14,4777,522.525
2026/08/01@15:31:16,4779,522.525
2026/08/01@15:31:17,4780,522.525
2026/08/01@15:31:18,4781,522.525
2026/08/01@15:31:19,4782,522.525
2026/08/01@15:31:20,4783,522.525
2026/08/01@15:31:21,4784,522.525
2026/08/01@15:31:22,4785,522.525
2026/08/01@15:31:23,4786,522.525
2026/08/01@15:31:24,4787,522.525
2026/08/01@15:31:25,4788,522.525
2026/08/01@15:31:26,4789,522.525
2026/08/01@15:31:28,4791,522.525
2026/08/01@15:31:29,4792,522.525
2026/08/01@15:31:30,4793,522.525
2026/08/01@15:31:31,4794,522.525
2026/08/01@15:31:32,4795,522.525
2026/08/01@15:31:33,4796,522.525
2026/08/01@15:31:34,4797,522.525
2026/08/01@15:31:35,4798,522.525
2026/08/01@15:31:36,4799,522.525
2026/08/01@15:31:37,4800,522.525
2026/08/01@15:31:38,4801,522.525
2026/08/01@15:31:39,4802,522.525
2026/08/01@15:31:41,4804,522.525
2026/08/01@15:31:42,4805,522.525
2026/08/01@15:31:43,4806,522.525
2026/08/01@15:31:44,4807,522.525
2026/08/01@15:31:45,4808,522.525
2026/08/01@15:31:46,4809,522.525
2026/08/01@15:31:47,4810,522.525
2026/08/01@15:31:48,4811,522.525
2026/08/01@15:31:49,4812,522.525
2026/08/01@15:31:50,4813,522.525
2026/08/01@15:31:51,4814,522.525
2026/08/01@15:31:53,4816,522.525
2026/08/01@15:31:54,4817,522.525
2026/08/01@15:31:55,4818,522.525
2026/08/01@15:31:56,4819,522.525
2026/08/01@15:31:57,4820,522.525
2026/08/01@15:31:58,4821,522.525
2026/08/01@15:31:59,4822,522.525
2026/08/01@15:32:00,4823,522.525
2026/08/01@15:32:01,4824,522.525
2026/08/01@15:32:02,4825,522.525
2026/08/01@15:32:03,4826,522.525
2026/08/01@15:32:05,4828,522.525
2026/08/01@15:32:06,4829,522.525
2026/08/01@15:32:07,4830,522.525
2026/08/01@15:32:08,4831,522.525
2026/08/01@15:32:09,4832,522.525
2026/08/01@15:32:10,4833,522.525
2026/08/01@15:32:11,4834,522.525
2026/08/01@15:32:12,4835,522.525
2026/08/01@15:32:13,4836,522.525
2026/08/01@15:32:14,4837,522.525
2026/08/01@15:32:15,4838,522.525
2026/08/01@15:32:17,4840,522.525
2026/08/01@15:32:18,4841,522.525
2026/08/01@15:32:19,4842,522.525
2026/08/01@15:32:20,4843,522.525
2026/08/01@15:32:21,4844,522.525
2026/08/01@15:32:22,4845,522.525
2026/08/01@15:32:23,4846,522.525
2026/08/01@15:32:24,4847,522.525
2026/08/01@15:32:25,4848,522.525
2026/08/01@15:32:26,4849,522.525
2026/08/01@15:32:27,4850,522.525
2026/08/01@15:32:29,4852,522.525
2026/08/01@15:32:30,4853,522.525
2026/08/01@15:32:31,4854,522.525
2026/08/01@15:32:32,4855,522.525
2026/08/01@15:32:33,4856,522.525
2026/08/01@15:32:34,4857,522.525
2026/08/01@15:32:35,4858,522.525
2026/08/01@15:32:36,4859,522.525
2026/08/01@15:32:37,4860,522.525
2026/08/01@15:32:38,4861,522.525
2026/08/01@15:32:39,4862,522.525
2026/08/01@15:32:40,4863,522.525
2026/08/01@15:32:42,4865,522.525
2026/08/01@15:32:43,4866,522.525
2026/08/01@15:32:44,4867,522.525
2026/08/01@15:32:45,4868,522.525
2026/08/01@15:32:46,4869,522.525
2026/08/01@15:32:47,4870,522.525
2026/08/01@15:32:48,4871,522.525
2026/08/01@15:32:49,4872,522.525
2026/08/01@15:32:50,4873,522.525
2026/08/01@15:32:51,4874,522.525
2026/08/01@15:32:52,4875,522.525
2026/08/01@15:32:54,4877,522.525
2026/08/01@15:32:55,4878,522.525
2026/08/01@15:32:56,4879,522.525
2026/08/01@15:32:57,4880,522.525
2026/08/01@15:32:58,4881,522.525
2026/08/01@15:32:59,4882,522.525
2026/08/01@15:33:00,4883,522.525
2026/08/01@15:33:01,4884,522.525
2026/08/01@15:33:02,4885,522.525
2026/08/01@15:33:03,4886,522.525
2026/08/01@15:33:04,4887,522.525
2026/08/01@15:33:06,4889,522.525
2026/08/01@15:33:07,4890,522.525
2026/08/01@15:33:08,4891,522.525
2026/08/01@15:33:09,4892,522.525
2026/08/01@15:33:10,4893,522.525
2026/08/01@15:33:11,4894,522.525
2026/08/01@15:33:12,4895,522.525
2026/08/01@15:33:13,4896,522.525
2026/08/01@15:33:14,4897,522.525
2026/08/01@15:33:15,4898,522.525
2026/08/01@15:33:16,4899,522.525
2026/08/01@15:33:18,4901,522.525
2026/08/01@15:33:19,4902,522.525
2026/08/01@15:33:20,4903,522.525
2026/08/01@15:33:21,4904,522.525
2026/08/01@15:33:22,4905,522.525
2026/08/01@15:33:23,4906,522.525
2026/08/01@15:33:24,4907,522.525
2026/08/01@15:33:25,4908,522.525
2026/08/01@15:33:26,4909,522.525
2026/08/01@15:33:27,4910,522.525
2026/08/01@15:33:28,4911,522.525
2026/08/01@15:33:30,4913,522.525
2026/08/01@15:33:31,4914,522.525
2026/08/01@15:33:32,4915,522.525
2026/08/01@15:33:33,4916,522.525
2026/08/01@15:33:34,4917,522.525
2026/08/01@15:33:35,4918,522.525
2026/08/01@15:33:36,4919,522.525
2026/08/01@15:33:37,4920,522.525
2026/08/01@15:33:38,4921,522.525
2026/08/01@15:33:39,4922,522.525
2026/08/01@15:33:40,4923,522.525
2026/08/01@15:33:41,4924,522.525
2026/08/01@15:33:43,4926,522.525
2026/08/01@15:33:44,4927,522.525
2026/08/01@15:33:45,4928,522.525
2026/08/01@15:33:46,4929,522.525
2026/08/01@15:33:47,4930,522.525
2026/08/01@15:33:48,4931,522.525
2026/08/01@15:33:49,4932,522.525
2026/08/01@15:33:50,4933,522.525
2026/08/01@15:33:51,4934,522.525
2026/08/01@15:33:52,4935,522.525
2026/08/01@15:33:53,4936,522.525
2026/08/01@15:33:55,4938,522.525
2026/08/01@15:33:56,4939,522.525
2026/08/01@15:33:57,4940,522.525
2026/08/01@15:33:58,4941,522.525
2026/08/01@15:33:59,4942,522.525
2026/08/01@15:34:00,4943,522.525
2026/08/01@15:34:01,4944,522.525
2026/08/01@15:34:02,4945,522.525
2026/08/01@15:34:03,4946,522.525
2026/08/01@15:34:04,4947,522.525
2026/08/01@15:34:05,4948,522.525
2026/08/01@15:34:07,4950,522.525
2026/08/01@15:34:08,4951,522.525
2026/08/01@15:34:09,4952,522.525
2026/08/01@15:34:10,4953,522.525
2026/08/01@15:34:11,4954,522.525
2026/08/01@15:34:12,4955,522.525
2026/08/01@15:34:13,4956,522.525
2026/08/01@15:34:14,4957,522.525
2026/08/01@15:34:15,4958,522.525
2026/08/01@15:34:16,4959,522.525
2026/08/01@15:34:17,4960,522.525
2026/08/01@15:34:19,4962,522.525
2026/08/01@15:34:20,4963,522.525
2026/08/01@15:34:21,4964,522.525
2026/08/01@15:34:22,4965,522.525
2026/08/01@15:34:23,4966,522.525
2026/08/01@15:34:24,4967,522.525
2026/08/01@15:34:25,4968,522.525
2026/08/01@15:34:26,4969,522.525
2026/08/01@15:34:27,4970,522.525
2026/08/01@15:34:28,4971,522.525
2026/08/01@15:34:29,4972,522.525
2026/08/01@15:34:31,4974,522.525
2026/08/01@15:34:32,4975,522.525
2026/08/01@15:34:33,4976,522.525
2026/08/01@15:34:34,4977,522.525
2026/08/01@15:34:35,4978,522.525
2026/08/01@15:34:36,4979,522.525
2026/08/01@15:34:37,4980,522.525
2026/08/01@15:34:38,4981,522.525
2026/08/01@15:34:39,4982,522.525
2026/08/01@15:34:40,4983,522.525
2026/08/01@15:34:41,4984,522.525
2026/08/01@15:34:42,4985,522.525
2026/08/01@15:34:44,4987,522.525
2026/08/01@15:34:45,4988,522.525
2026/08/01@15:34:46,4989,522.525
2026/08/01@15:34:47,4990,522.525
2026/08/01@15:34:48,4991,522.525
2026/08/01@15:34:49,4992,522.525
2026/08/01@15:34:50,4993,522.525
2026/08/01@15:34:51,4994,522.525
2026/08/01@15:34:52,4995,522.525
2026/08/01@15:34:53,4996,522.525
2026/08/01@15:34:54,4997,522.525
2026/08/01@15:34:56,4999,522.525
2026/08/01@15:34:57,5000,522.525
2026/08/01@15:34:58,5001,522.525
2026/08/01@15:34:59,5002,522.525
2026/08/01@15:35:00,5003,522.525
2026/08/01@15:35:01,5004,522.525
2026/08/01@15:35:02,5005,522.525
2026/08/01@15:35:03,5006,522.525
2026/08/01@15:35:04,5007,522.525
2026/08/01@15:35:05,5008,522.525
2026/08/01@15:35:06,5009,522.525
2026/08/01@15:35:08,5011,522.525
2026/08/01@15:35:09,5012,522.525
2026/08/01@15:35:10,5013,522.525
2026/08/01@15:35:11,5014,522.525
2026/08/01@15:35:12,5015,522.525
2026/08/01@15:35:13,5016,522.525
2026/08/01@15:35:14,5017,522.525
2026/08/01@15:35:15,5018,522.525
2026/08/01@15:35:16,5019,522.525
2026/08/01@15:35:17,5020,522.525
2026/08/01@15:35:18,5021,522.525
2026/08/01@15:35:20,5023,522.525
2026/08/01@15:35:21,5024,522.525
2026/08/01@15:35:22,5025,522.525
2026/08/01@15:35:23,5026,522.525
2026/08/01@15:35:24,5027,522.525
2026/08/01@15:35:25,5028,522.525
2026/08/01@15:35:26,5029,522.525
2026/08/01@15:35:27,5030,522.525
2026/08/01@15:35:28,5031,522.525
2026/08/01@15:35:29,5032,522.525
2026/08/01@15:35:30,5033,522.525
2026/08/01@15:35:32,5035,522.525
2026/08/01@15:35:33,5036,522.525
2026/08/01@15:35:34,5037,522.525
2026/08/01@15:35:35,5038,522.525
2026/08/01@15:35:36,5039,522.525
2026/08/01@15:35:37,5040,522.525
2026/08/01@15:35:38,5041,522.525
2026/08/01@15:35:39,5042,522.525
2026/08/01@15:35:40,5043,522.525
2026/08/01@15:35:41,5044,522.525
2026/08/01@15:35:42,5045,522.525
2026/08/01@15:35:44,5046,522.525
2026/08/01@15:35:45,5048,522.525
2026/08/01@15:35:46,5049,522.525
2026/08/01@15:35:47,5050,522.525
2026/08/01@15:35:48,5051,522.525
2026/08/01@15:35:49,5052,522.525
2026/08/01@15:35:50,5053,522.525
2026/08/01@15:35:51,5054,522.525
2026/08/01@15:35:52,5055,522.525
2026/08/01@15:35:53,5056,522.525
2026/08/01@15:35:54,5057,522.525
2026/08/01@15:35:55,5058,522.525
2026/08/01@15:35:57,5060,522.525
2026/08/01@15:35:58,5061,522.525
2026/08/01@15:35:59,5062,522.525
2026/08/01@15:36:00,5063,522.525
2026/08/01@15:36:01,5064,522.525
2026/08/01@15:36:02,5065,522.525
2026/08/01@15:36:03,5066,522.525
2026/08/01@15:36:04,5067,522.525
2026/08/01@15:36:05,5068,522.525
2026/08/01@15:36:06,5069,522.525
2026/08/01@15:36:07,5070,523.025
2026/08/01@15:36:09,5072,522.525
2026/08/01@15:36:10,5073,522.525
2026/08/01@15:36:11,5074,522.525
2026/08/01@15:36:12,5075,522.525
2026/08/01@15:36:13,5076,522.525
2026/08/01@15:36:14,5077,522.525
2026/08/01@15:36:15,5078,522.525
2026/08/01@15:36:16,5079,522.525
2026/08/01@15:36:17,5080,522.525
2026/08/01@15:36:18,5081,522.525
2026/08/01@15:36:19,5082,522.525
2026/08/01@15:36:21,5084,522.525
2026/08/01@15:36:22,5085,522.525
2026/08/01@15:36:23,5086,522.525
2026/08/01@15:36:24,5087,522.525
2026/08/01@15:36:25,5088,522.525
2026/08/01@15:36:26,5089,522.525
2026/08/01@15:36:27,5090,522.525
2026/08/01@15:36:28,5091,522.525
2026/08/01@15:36:29,5092,522.525
2026/08/01@15:36:30,5093,522.525
2026/08/01@15:36:31,5094,522.525
2026/08/01@15:36:33,5096,522.525
2026/08/01@15:36:34,5097,522.525
2026/08/01@15:36:35,5098,522.525
2026/08/01@15:36:36,5099,522.525
2026/08/01@15:36:37,5100,522.525
2026/08/01@15:36:38,5101,522.525
2026/08/01@15:36:39,5102,522.525
2026/08/01@15:36:40,5103,522.525
2026/08/01@15:36:41,5104,522.525
2026/08/01@15:36:42,5105,522.525
2026/08/01@15:36:43,5106,522.525
2026/08/01@15:36:44,5107,522.525
2026/08/01@15:36:46,5109,522.525
2026/08/01@15:36:47,5110,522.525
2026/08/01@15:36:48,5111,522.525
2026/08/01@15:36:49,5112,522.525
2026/08/01@15:36:50,5113,522.525
2026/08/01@15:36:51,5114,522.525
2026/08/01@15:36:52,5115,522.525
2026/08/01@15:36:53,5116,522.525
2026/08/01@15:36:54,5117,522.525
2026/08/01@15:36:55,5118,522.525
2026/08/01@15:36:56,5119,522.525
2026/08/01@15:36:58,5121,522.525
2026/08/01@15:36:59,5122,522.525
2026/08/01@15:37:00,5123,522.525
2026/08/01@15:37:01,5124,522.525
2026/08/01@15:37:02,5125,522.525
2026/08/01@15:37:03,5126,522.525
2026/08/01@15:37:04,5127,522.525
2026/08/01@15:37:05,5128,522.525
2026/08/01@15:37:06,5129,522.525
2026/08/01@15:37:07,5130,522.525
2026/08/01@15:37:08,5131,522.525
2026/08/01@15:37:10,5133,522.525
2026/08/01@15:37:11,5134,522.525
2026/08/01@15:37:12,5135,522.525
2026/08/01@15:37:13,5136,522.525
2026/08/01@15:37:14,5137,522.525
2026/08/01@15:37:15,5138,522.525
2026/08/01@15:37:16,5139,522.525
2026/08/01@15:37:17,5140,522.525
2026/08/01@15:37:18,5141,522.525
2026/08/01@15:37:19,5142,522.525
2026/08/01@15:37:20,5143,522.525
2026/08/01@15:37:22,5145,522.525
2026/08/01@15:37:23,5146,522.525
2026/08/01@15:37:24,5147,522.525
2026/08/01@15:37:25,5148,522.525
2026/08/01@15:37:26,5149,522.525
2026/08/01@15:37:27,5150,522.525
2026/08/01@15:37:28,5151,522.525
2026/08/01@15:37:29,5152,522.525
2026/08/01@15:37:30,5153,522.525
2026/08/01@15:37:31,5154,522.525
2026/08/01@15:37:32,5155,522.525
2026/08/01@15:37:34,5157,522.525
2026/08/01@15:37:35,5158,522.525
2026/08/01@15:37:36,5159,522.525
2026/08/01@15:37:37,5160,522.525
2026/08/01@15:37:38,5161,522.525
2026/08/01@15:37:39,5162,522.525
2026/08/01@15:37:40,5163,522.525
2026/08/01@15:37:41,5164,522.525
2026/08/01@15:37:42,5165,522.525
2026/08/01@15:37:43,5166,522.525
2026/08/01@15:37:44,5167,522.525
2026/08/01@15:37:45,5168,522.525
2026/08/01@15:37:47,5170,522.525
2026/08/01@15:37:48,5171,522.525
2026/08/01@15:37:49,5172,522.525
2026/08/01@15:37:50,5173,522.525
2026/08/01@15:37:51,5174,522.525
2026/08/01@15:37:52,5175,522.525
2026/08/01@15:37:53,5176,522.525
2026/08/01@15:37:54,5177,522.525
2026/08/01@15:37:55,5178,522.525
2026/08/01@15:37:56,5179,522.525
2026/08/01@15:37:57,5180,522.525
2026/08/01@15:37:59,5182,522.525
2026/08/01@15:38:00,5183,522.525
2026/08/01@15:38:01,5184,522.525
2026/08/01@15:38:02,5185,522.525
2026/08/01@15:38:03,5186,522.525
2026/08/01@15:38:04,5187,523.025
2026/08/01@15:38:05,5188,522.525
2026/08/01@15:38:06,5189,522.525
2026/08/01@15:38:07,5190,522.525
2026/08/01@15:38:08,5191,522.525
2026/08/01@15:38:09,5192,522.525
2026/08/01@15:38:11,5194,522.525
2026/08/01@15:38:12,5195,522.525
2026/08/01@15:38:13,5196,522.525
2026/08/01@15:38:14,5197,522.525
2026/08/01@15:38:15,5198,522.525
2026/08/01@15:38:16,5199,522.525
2026/08/01@15:38:17,5200,522.525
2026/08/01@15:38:18,5201,522.525
2026/08/01@15:38:19,5202,522.525
2026/08/01@15:38:20,5203,522.525
2026/08/01@15:38:21,5204,522.525
2026/08/01@15:38:23,5206,522.525
2026/08/01@15:38:24,5207,522.525
2026/08/01@15:38:25,5208,522.525
2026/08/01@15:38:26,5209,522.525
2026/08/01@15:38:27,5210,522.525
2026/08/01@15:38:28,5211,522.525
2026/08/01@15:38:29,5212,522.525
2026/08/01@15:38:30,5213,522.525
2026/08/01@15:38:31,5214,522.525
2026/08/01@15:38:32,5215,522.525
2026/08/01@15:38:33,5216,523.025
2026/08/01@15:38:34,5217,522.525
2026/08/01@15:38:36,5219,522.525
2026/08/01@15:38:37,5220,522.525
2026/08/01@15:38:38,5221,522.525
2026/08/01@15:38:39,5222,522.525
2026/08/01@15:38:40,5223,522.525
2026/08/01@15:38:41,5224,522.525
2026/08/01@15:38:42,5225,523.025
2026/08/01@15:38:43,5226,522.525
2026/08/01@15:38:44,5227,522.525
2026/08/01@15:38:45,5228,522.525
2026/08/01@15:38:46,5229,522.525
2026/08/01@15:38:48,5231,522.525
2026/08/01@15:38:49,5232,522.525
2026/08/01@15:38:50,5233,522.525
2026/08/01@15:38:51,5234,522.525
2026/08/01@15:38:52,5235,522.525
2026/08/01@15:38:53,5236,522.525
2026/08/01@15:38:54,5237,522.525
2026/08/01@15:38:55,5238,522.525
2026/08/01@15:38:56,5239,523.025
2026/08/01@15:38:57,5240,522.525
2026/08/01@15:38:58,5241,522.525
2026/08/01@15:39:00,5243,522.525
2026/08/01@15:39:01,5244,522.525
2026/08/01@15:39:02,5245,522.525
2026/08/01@15:39:03,5246,522.525
2026/08/01@15:39:04,5247,523.025
2026/08/01@15:39:05,5248,522.525
2026/08/01@15:39:06,5249,522.525
2026/08/01@15:39:07,5250,522.525
2026/08/01@15:39:08,5251,522.525
2026/08/01@15:39:09,5252,522.525
2026/08/01@15:39:10,5253,522.525
2026/08/01@15:39:12,5255,522.525
2026/08/01@15:39:13,5256,522.525
2026/08/01@15:39:14,5257,522.525
2026/08/01@15:39:15,5258,522.525
2026/08/01@15:39:16,5259,522.525
2026/08/01@15:39:17,5260,522.525
2026/08/01@15:39:18,5261,522.525
2026/08/01@15:39:19,5262,522.525
2026/08/01@15:39:20,5263,522.525
2026/08/01@15:39:21,5264,522.525
2026/08/01@15:39:22,5265,522.525
2026/08/01@15:39:24,5266,522.525
2026/08/01@15:39:25,5268,522.525
2026/08/01@15:39:26,5269,522.525
2026/08/01@15:39:27,5270,522.525
2026/08/01@15:39:28,5271,522.525
2026/08/01@15:39:29,5272,522.525
2026/08/01@15:39:30,5273,522.525
2026/08/01@15:39:31,5274,522.525
2026/08/01@15:39:32,5275,522.525
2026/08/01@15:39:33,5276,522.525
2026/08/01@15:39:34,5277,522.525
2026/08/01@15:39:35,5278,522.525
2026/08/01@15:39:37,5280,522.525
2026/08/01@15:39:38,5281,522.525
2026/08/01@15:39:39,5282,522.525
2026/08/01@15:39:40,5283,522.525
2026/08/01@15:39:41,5284,522.525
2026/08/01@15:39:42,5285,522.525
2026/08/01@15:39:43,5286,522.525
2026/08/01@15:39:44,5287,522.525
2026/08/01@15:39:45,5288,522.525
2026/08/01@15:39:46,5289,522.525
2026/08/01@15:39:47,5290,522.525
2026/08/01@15:39:49,5292,522.525
2026/08/01@15:39:50,5293,522.525
2026/08/01@15:39:51,5294,522.525
2026/08/01@15:39:52,5295,522.525
2026/08/01@15:39:53,5296,522.525
2026/08/01@15:39:54,5297,522.525
2026/08/01@15:39:55,5298,522.525
2026/08/01@15:39:56,5299,522.525
2026/08/01@15:39:57,5300,523.025
2026/08/01@15:39:58,5301,522.525
2026/08/01@15:39:59,5302,522.525
2026/08/01@15:40:01,5304,522.525
2026/08/01@15:40:02,5305,522.525
2026/08/01@15:40:03,5306,522.525
2026/08/01@15:40:04,5307,522.525
2026/08/01@15:40:05,5308,522.525
2026/08/01@15:40:06,5309,522.525
2026/08/01@15:40:07,5310,522.525
2026/08/01@15:40:08,5311,522.525
2026/08/01@15:40:09,5312,522.525
2026/08/01@15:40:10,5313,522.525
2026/08/01@15:40:11,5314,523.025
2026/08/01@15:40:13,5316,522.525
2026/08/01@15:40:14,5317,522.525
2026/08/01@15:40:15,5318,522.525
2026/08/01@15:40:16,5319,522.525
2026/08/01@15:40:17,5320,522.525
2026/08/01@15:40:18,5321,522.525
2026/08/01@15:40:19,5322,522.525
2026/08/01@15:40:20,5323,522.525
2026/08/01@15:40:21,5324,522.525
2026/08/01@15:40:22,5325,522.525
2026/08/01@15:40:23,5326,522.525
2026/08/01@15:40:24,5327,522.525
2026/08/01@15:40:26,5329,522.525
2026/08/01@15:40:27,5330,522.525
2026/08/01@15:40:28,5331,522.525
2026/08/01@15:40:29,5332,523.025
2026/08/01@15:40:30,5333,522.525
2026/08/01@15:40:31,5334,522.525
2026/08/01@15:40:32,5335,522.525
2026/08/01@15:40:33,5336,522.525
2026/08/01@15:40:34,5337,523.025
2026/08/01@15:40:35,5338,522.525
2026/08/01@15:40:36,5339,522.525
2026/08/01@15:40:38,5341,522.525
2026/08/01@15:40:39,5342,522.525
2026/08/01@15:40:40,5343,522.525
2026/08/01@15:40:41,5344,522.525
2026/08/01@15:40:42,5345,522.525
2026/08/01@15:40:43,5346,522.525
2026/08/01@15:40:44,5347,522.525
2026/08/01@15:40:45,5348,522.525
2026/08/01@15:40:46,5349,522.525
2026/08/01@15:40:47,5350,522.525
2026/08/01@15:40:48,5351,523.025
2026/08/01@15:40:50,5353,522.525
2026/08/01@15:40:51,5354,522.525
2026/08/01@15:40:52,5355,522.525
2026/08/01@15:40:53,5356,523.025
2026/08/01@15:40:54,5357,523.025
2026/08/01@15:40:55,5358,522.525
2026/08/01@15:40:56,5359,522.525
2026/08/01@15:40:57,5360,522.525
2026/08/01@15:40:58,5361,522.525
2026/08/01@15:40:59,5362,522.525
2026/08/01@15:41:00,5363,522.525
2026/08/01@15:41:02,5364,522.525
2026/08/01@15:41:03,5366,522.525
2026/08/01@15:41:04,5367,522.525
2026/08/01@15:41:05,5368,522.525
2026/08/01@15:41:06,5369,523.025
2026/08/01@15:41:07,5370,522.525
2026/08/01@15:41:08,5371,522.525
2026/08/01@15:41:09,5372,522.525
2026/08/01@15:41:10,5373,522.525
2026/08/01@15:41:11,5374,522.525
2026/08/01@15:41:12,5375,522.525
2026/08/01@15:41:13,5376,522.525
2026/08/01@15:41:15,5378,522.525
2026/08/01@15:41:16,5379,522.525
2026/08/01@15:41:17,5380,522.525
2026/08/01@15:41:18,5381,522.525
2026/08/01@15:41:19,5382,522.525
2026/08/01@15:41:20,5383,522.525
2026/08/01@15:41:21,5384,522.525
2026/08/01@15:41:22,5385,522.525
2026/08/01@15:41:23,5386,522.525
2026/08/01@15:41:24,5387,522.525
2026/08/01@15:41:25,5388,522.525
2026/08/01@15:41:27,5390,522.525
2026/08/01@15:41:28,5391,522.525
2026/08/01@15:41:29,5392,522.525
2026/08/01@15:41:30,5393,522.025
2026/08/01@15:41:31,5394,522.525
2026/08/01@15:41:32,5395,522.525
2026/08/01@15:41:33,5396,522.525
2026/08/01@15:41:34,5397,522.525
2026/08/01@15:41:35,5398,522.525
2026/08/01@15:41:36,5399,522.525
2026/08/01@15:41:37,5400,522.525
2026/08/01@15:41:39,5402,522.525
2026/08/01@15:41:40,5403,522.525
2026/08/01@15:41:41,5404,522.525
2026/08/01@15:41:42,5405,522.525
2026/08/01@15:41:43,5406,523.025
2026/08/01@15:41:44,5407,522.525
2026/08/01@15:41:45,5408,522.525
2026/08/01@15:41:46,5409,523.025
2026/08/01@15:41:47,5410,522.525
2026/08/01@15:41:48,5411,522.525
2026/08/01@15:41:49,5412,522.525
2026/08/01@15:41:50,5413,523.025
2026/08/01@15:41:52,5415,522.525
2026/08/01@15:41:53,5416,522.525
2026/08/01@15:41:54,5417,522.525
2026/08/01@15:41:55,5418,522.525
2026/08/01@15:41:56,5419,522.525
2026/08/01@15:41:57,5420,522.525
2026/08/01@15:41:58,5421,522.525
2026/08/01@15:41:59,5422,522.525
2026/08/01@15:42:00,5423,522.525
2026/08/01@15:42:01,5424,522.525
2026/08/01@15:42:02,5425,522.525
2026/08/01@15:42:04,5427,522.525
2026/08/01@15:42:05,5428,522.525
2026/08/01@15:42:06,5429,522.525
2026/08/01@15:42:07,5430,522.525
2026/08/01@15:42:08,5431,522.525
2026/08/01@15:42:09,5432,522.525
2026/08/01@15:42:10,5433,522.525
2026/08/01@15:42:11,5434,522.525
2026/08/01@15:42:12,5435,522.525
2026/08/01@15:42:13,5436,522.525
2026/08/01@15:42:14,5437,522.525
2026/08/01@15:42:15,5438,522.525
2026/08/01@15:42:17,5440,523.025
2026/08/01@15:42:18,5441,522.525
2026/08/01@15:42:19,5442,522.525
2026/08/01@15:42:20,5443,522.525
2026/08/01@15:42:21,5444,523.025
2026/08/01@15:42:22,5445,522.525
2026/08/01@15:42:23,5446,522.525
2026/08/01@15:42:24,5447,522.525
2026/08/01@15:42:25,5448,522.525
2026/08/01@15:42:26,5449,522.525
2026/08/01@15:42:27,5450,522.525
2026/08/01@15:42:29,5452,522.525
2026/08/01@15:42:30,5453,522.525
2026/08/01@15:42:31,5454,522.525
2026/08/01@15:42:32,5455,522.525
2026/08/01@15:42:33,5456,522.525
2026/08/01@15:42:34,5457,522.525
2026/08/01@15:42:35,5458,522.525
2026/08/01@15:42:36,5459,522.525
2026/08/01@15:42:37,5460,522.525
2026/08/01@15:42:38,5461,522.525
2026/08/01@15:42:39,5462,522.525
2026/08/01@15:42:41,5464,522.525
2026/08/01@15:42:42,5465,522.525
2026/08/01@15:42:43,5466,522.525
2026/08/01@15:42:44,5467,522.525
2026/08/01@15:42:45,5468,522.525
2026/08/01@15:42:46,5469,522.525
2026/08/01@15:42:47,5470,522.525
2026/08/01@15:42:48,5471,523.025
2026/08/01@15:42:49,5472,522.525
2026/08/01@15:42:50,5473,522.525
2026/08/01@15:42:51,5474,522.525
2026/08/01@15:42:53,5476,522.525
2026/08/01@15:42:54,5477,522.525
2026/08/01@15:42:55,5478,522.525
2026/08/01@15:42:56,5479,522.525
2026/08/01@15:42:57,5480,523.025
2026/08/01@15:42:58,5481,522.525
2026/08/01@15:42:59,5482,522.525
2026/08/01@15:43:00,5483,522.525
2026/08/01@15:43:01,5484,523.025
2026/08/01@15:43:02,5485,522.525
2026/08/01@15:43:03,5486,522.525
2026/08/01@15:43:05,5488,522.525
2026/08/01@15:43:06,5489,522.525
2026/08/01@15:43:07,5490,522.525
2026/08/01@15:43:08,5491,522.525
2026/08/01@15:43:09,5492,522.525
2026/08/01@15:43:10,5493,522.525
2026/08/01@15:43:11,5494,522.525
2026/08/01@15:43:12,5495,522.525
2026/08/01@15:43:13,5496,522.525
2026/08/01@15:43:14,5497,523.025
2026/08/01@15:43:15,5498,522.525
2026/08/01@15:43:16,5499,522.525
2026/08/01@15:43:18,5501,522.525
2026/08/01@15:43:19,5502,522.525
2026/08/01@15:43:20,5503,522.525
2026/08/01@15:43:21,5504,522.525
2026/08/01@15:43:22,5505,522.525
2026/08/01@15:43:23,5506,523.025
2026/08/01@15:43:24,5507,522.525
2026/08/01@15:43:25,5508,522.525
2026/08/01@15:43:26,5509,522.525
2026/08/01@15:43:27,5510,522.525
2026/08/01@15:43:28,5511,522.525
2026/08/01@15:43:30,5513,522.525
2026/08/01@15:43:31,5514,522.525
2026/08/01@15:43:32,5515,522.525
2026/08/01@15:43:33,5516,522.525
2026/08/01@15:43:34,5517,523.025
2026/08/01@15:43:35,5518,522.525
2026/08/01@15:43:36,5519,522.525
2026/08/01@15:43:37,5520,522.525
2026/08/01@15:43:38,5521,522.525
2026/08/01@15:43:39,5522,522.525
2026/08/01@15:43:40,5523,522.525
2026/08/01@15:43:42,5525,523.025
2026/08/01@15:43:43,5526,523.025
2026/08/01@15:43:44,5527,522.525
2026/08/01@15:43:45,5528,522.525
2026/08/01@15:43:46,5529,522.525
2026/08/01@15:43:47,5530,522.525
2026/08/01@15:43:48,5531,522.525
2026/08/01@15:43:49,5532,522.525
2026/08/01@15:43:50,5533,522.525
2026/08/01@15:43:51,5534,522.525
2026/08/01@15:43:52,5535,522.525
2026/08/01@15:43:54,5537,522.525
2026/08/01@15:43:55,5538,522.525
2026/08/01@15:43:56,5539,522.525
2026/08/01@15:43:57,5540,522.525
2026/08/01@15:43:58,5541,522.525
2026/08/01@15:43:59,5542,522.525
2026/08/01@15:44:00,5543,522.525
2026/08/01@15:44:01,5544,522.525
2026/08/01@15:44:02,5545,522.525
2026/08/01@15:44:03,5546,522.525
2026/08/01@15:44:04,5547,523.025
2026/08/01@15:44:06,5549,522.525
2026/08/01@15:44:07,5550,522.525
2026/08/01@15:44:08,5551,522.525
2026/08/01@15:44:09,5552,522.525
2026/08/01@15:44:10,5553,522.525
2026/08/01@15:44:11,5554,522.525
2026/08/01@15:44:12,5555,522.525
2026/08/01@15:44:13,5556,522.525
2026/08/01@15:44:14,5557,522.525
2026/08/01@15:44:15,5558,522.525
2026/08/01@15:44:16,5559,522.525
2026/08/01@15:44:18,5561,523.025
2026/08/01@15:44:19,5562,522.525
2026/08/01@15:44:20,5563,522.525
2026/08/01@15:44:21,5564,522.525
2026/08/01@15:44:22,5565,522.525
2026/08/01@15:44:23,5566,522.525
2026/08/01@15:44:24,5567,522.525
2026/08/01@15:44:25,5568,522.525
2026/08/01@15:44:26,5569,522.525
2026/08/01@15:44:27,5570,522.525
2026/08/01@15:44:28,5571,522.525
2026/08/01@15:44:29,5572,522.525
2026/08/01@15:44:31,5574,522.525
2026/08/01@15:44:32,5575,522.525
2026/08/01@15:44:33,5576,522.525
2026/08/01@15:44:34,5577,522.525
2026/08/01@15:44:35,5578,522.525
2026/08/01@15:44:36,5579,522.525
2026/08/01@15:44:37,5580,523.025
2026/08/01@15:44:38,5581,522.525
2026/08/01@15:44:39,5582,522.525
2026/08/01@15:44:40,5583,522.525
2026/08/01@15:44:41,5584,522.525
2026/08/01@15:44:43,5586,522.525
2026/08/01@15:44:44,5587,522.525
2026/08/01@15:44:45,5588,522.525
2026/08/01@15:44:46,5589,522.525
2026/08/01@15:44:47,5590,522.525
2026/08/01@15:44:48,5591,522.525
2026/08/01@15:44:49,5592,522.525
2026/08/01@15:44:50,5593,522.525
2026/08/01@15:44:51,5594,522.525
2026/08/01@15:44:52,5595,523.025
2026/08/01@15:44:53,5596,522.525
2026/08/01@15:44:55,5598,522.525
2026/08/01@15:44:56,5599,522.525
2026/08/01@15:44:57,5600,522.525
2026/08/01@15:44:58,5601,523.025
2026/08/01@15:44:59,5602,522.525
2026/08/01@15:45:00,5603,522.525
2026/08/01@15:45:01,5604,522.525
2026/08/01@15:45:02,5605,522.525
2026/08/01@15:45:03,5606,522.525
2026/08/01@15:45:04,5607,522.525
2026/08/01@15:45:05,5608,522.525
2026/08/01@15:45:07,5610,522.525
2026/08/01@15:45:08,5611,522.525
2026/08/01@15:45:09,5612,522.525
2026/08/01@15:45:10,5613,522.525
2026/08/01@15:45:11,5614,522.525
2026/08/01@15:45:12,5615,522.525
2026/08/01@15:45:13,5616,523.025
2026/08/01@15:45:14,5617,523.025
2026/08/01@15:45:15,5618,522.525
2026/08/01@15:45:16,5619,522.525
2026/08/01@15:45:17,5620,522.525
2026/08/01@15:45:18,5621,522.525
2026/08/01@15:45:20,5623,522.525
2026/08/01@15:45:21,5624,522.525
2026/08/01@15:45:22,5625,523.025
2026/08/01@15:45:23,5626,522.525
2026/08/01@15:45:24,5627,523.025
2026/08/01@15:45:25,5628,522.525
2026/08/01@15:45:26,5629,522.525
2026/08/01@15:45:27,5630,522.525
2026/08/01@15:45:28,5631,522.525
2026/08/01@15:45:29,5632,522.525
2026/08/01@15:45:30,5633,522.525
2026/08/01@15:45:32,5635,522.525
2026/08/01@15:45:33,5636,522.525
2026/08/01@15:45:34,5637,522.525
2026/08/01@15:45:35,5638,522.525
2026/08/01@15:45:36,5639,523.025
2026/08/01@15:45:37,5640,522.525
2026/08/01@15:45:38,5641,522.525
2026/08/01@15:45:39,5642,522.525
2026/08/01@15:45:40,5643,523.025
2026/08/01@15:45:41,5644,523.025
2026/08/01@15:45:42,5645,522.525
2026/08/01@15:45:44,5647,522.525
2026/08/01@15:45:45,5648,522.525
2026/08/01@15:45:46,5649,522.525
2026/08/01@15:45:47,5650,522.525
2026/08/01@15:45:48,5651,523.025
2026/08/01@15:45:49,5652,522.525
2026/08/01@15:45:50,5653,522.525
2026/08/01@15:45:51,5654,522.525
2026/08/01@15:45:52,5655,522.525
2026/08/01@15:45:53,5656,523.025
2026/08/01@15:45:54,5657,523.025
2026/08/01@15:45:56,5659,522.525
2026/08/01@15:45:57,5660,522.525
2026/08/01@15:45:58,5661,522.525
2026/08/01@15:45:59,5662,522.525
2026/08/01@15:46:00,5663,523.025
2026/08/01@15:46:01,5664,523.025
2026/08/01@15:46:02,5665,522.525
2026/08/01@15:46:03,5666,522.525
2026/08/01@15:46:04,5667,522.525
2026/08/01@15:46:05,5668,523.025
2026/08/01@15:46:06,5669,522.525
2026/08/01@15:46:08,5670,522.525
2026/08/01@15:46:09,5672,522.525
2026/08/01@15:46:10,5673,522.525
2026/08/01@15:46:11,5674,522.525
2026/08/01@15:46:12,5675,522.525
2026/08/01@15:46:13,5676,523.025
2026/08/01@15:46:14,5677,523.025
2026/08/01@15:46:15,5678,523.025
2026/08/01@15:46:16,5679,522.525
2026/08/01@15:46:17,5680,522.525
2026/08/01@15:46:18,5681,522.525
2026/08/01@15:46:19,5682,522.525
2026/08/01@15:46:21,5684,523.025
2026/08/01@15:46:22,5685,522.525
2026/08/01@15:46:23,5686,522.525
2026/08/01@15:46:24,5687,522.525
2026/08/01@15:46:25,5688,523.025
2026/08/01@15:46:26,5689,523.025
2026/08/01@15:46:27,5690,522.525
2026/08/01@15:46:28,5691,522.525
2026/08/01@15:46:29,5692,522.525
2026/08/01@15:46:30,5693,523.025
2026/08/01@15:46:31,5694,523.025
2026/08/01@15:46:33,5696,522.525
2026/08/01@15:46:34,5697,523.025
2026/08/01@15:46:35,5698,522.525
2026/08/01@15:46:36,5699,522.525
2026/08/01@15:46:37,5700,522.525
2026/08/01@15:46:38,5701,522.525
2026/08/01@15:46:39,5702,522.525
2026/08/01@15:46:40,5703,523.025
2026/08/01@15:46:41,5704,522.525
2026/08/01@15:46:42,5705,522.525
2026/08/01@15:46:43,5706,522.525
2026/08/01@15:46:45,5708,522.525
2026/08/01@15:46:46,5709,522.525
2026/08/01@15:46:47,5710,522.525
2026/08/01@15:46:48,5711,522.525
2026/08/01@15:46:49,5712,522.525
2026/08/01@15:46:50,5713,522.525
2026/08/01@15:46:51,5714,522.525
2026/08/01@15:46:52,5715,523.025
2026/08/01@15:46:53,5716,522.525
2026/08/01@15:46:54,5717,522.525
2026/08/01@15:46:55,5718,523.025
2026/08/01@15:46:57,5720,522.525
2026/08/01@15:46:58,5721,522.525
2026/08/01@15:46:59,5722,522.525
2026/08/01@15:47:00,5723,522.525
2026/08/01@15:47:01,5724,522.525
2026/08/01@15:47:02,5725,523.025
2026/08/01@15:47:03,5726,523.025
2026/08/01@15:47:04,5727,522.525
2026/08/01@15:47:05,5728,522.525
2026/08/01@15:47:06,5729,522.525
2026/08/01@15:47:07,5730,522.525
2026/08/01@15:47:09,5731,522.525
2026/08/01@15:47:10,5733,522.525
2026/08/01@15:47:11,5734,523.025
2026/08/01@15:47:12,5735,522.525
2026/08/01@15:47:13,5736,523.025
2026/08/01@15:47:14,5737,522.525
2026/08/01@15:47:15,5738,522.525
2026/08/01@15:47:16,5739,522.525
2026/08/01@15:47:17,5740,522.525
2026/08/01@15:47:18,5741,522.525
2026/08/01@15:47:19,5742,522.525
2026/08/01@15:47:20,5743,522.525
2026/08/01@15:47:22,5745,522.525
2026/08/01@15:47:23,5746,522.525
2026/08/01@15:47:24,5747,522.525
2026/08/01@15:47:25,5748,522.525
2026/08/01@15:47:26,5749,522.525
2026/08/01@15:47:27,5750,523.025
2026/08/01@15:47:28,5751,522.525
2026/08/01@15:47:29,5752,522.525
2026/08/01@15:47:30,5753,522.525
2026/08/01@15:47:31,5754,522.525
2026/08/01@15:47:32,5755,523.025
2026/08/01@15:47:34,5757,522.525
2026/08/01@15:47:35,5758,522.525
2026/08/01@15:47:36,5759,523.025
2026/08/01@15:47:37,5760,523.025
2026/08/01@15:47:38,5761,522.525
2026/08/01@15:47:39,5762,523.025
2026/08/01@15:47:40,5763,522.525
2026/08/01@15:47:41,5764,522.525
2026/08/01@15:47:42,5765,522.525
2026/08/01@15:47:43,5766,522.525
2026/08/01@15:47:44,5767,522.525
2026/08/01@15:47:46,5769,522.525
2026/08/01@15:47:47,5770,522.525
2026/08/01@15:47:48,5771,522.525
2026/08/01@15:47:49,5772,523.025
2026/08/01@15:47:50,5773,522.525
2026/08/01@15:47:51,5774,522.525
2026/08/01@15:47:52,5775,523.025
2026/08/01@15:47:53,5776,522.525
2026/08/01@15:47:54,5777,522.525
2026/08/01@15:47:55,5778,522.525
2026/08/01@15:47:56,5779,522.525
2026/08/01@15:47:58,5781,523.025
2026/08/01@15:47:59,5782,522.525
2026/08/01@15:48:00,5783,522.525
2026/08/01@15:48:01,5784,523.025
2026/08/01@15:48:02,5785,523.025
2026/08/01@15:48:03,5786,523.025
2026/08/01@15:48:04,5787,523.025
2026/08/01@15:48:05,5788,522.525
2026/08/01@15:48:06,5789,522.525
2026/08/01@15:48:07,5790,522.525
2026/08/01@15:48:08,5791,522.525
2026/08/01@15:48:09,5792,523.025
2026/08/01@15:48:11,5794,522.525
2026/08/01@15:48:12,5795,522.525
2026/08/01@15:48:13,5796,522.525
2026/08/01@15:48:14,5797,522.525
2026/08/01@15:48:15,5798,522.525
2026/08/01@15:48:16,5799,522.525
2026/08/01@15:48:17,5800,522.525
2026/08/01@15:48:18,5801,522.525
2026/08/01@15:48:19,5802,522.525
2026/08/01@15:48:20,5803,522.525
2026/08/01@15:48:21,5804,522.525
2026/08/01@15:48:23,5806,522.525
2026/08/01@15:48:24,5807,523.025
2026/08/01@15:48:25,5808,522.525
2026/08/01@15:48:26,5809,522.525
2026/08/01@15:48:27,5810,522.525
2026/08/01@15:48:28,5811,523.025
2026/08/01@15:48:29,5812,522.525
2026/08/01@15:48:30,5813,522.525
2026/08/01@15:48:31,5814,522.525
2026/08/01@15:48:32,5815,522.525
2026/08/01@15:48:33,5816,522.525
2026/08/01@15:48:35,5818,522.525
2026/08/01@15:48:36,5819,522.525
2026/08/01@15:48:37,5820,522.525
2026/08/01@15:48:38,5821,522.525
2026/08/01@15:48:39,5822,522.525
2026/08/01@15:48:40,5823,523.025
2026/08/01@15:48:41,5824,522.525
2026/08/01@15:48:42,5825,523.025
2026/08/01@15:48:43,5826,523.025
2026/08/01@15:48:44,5827,522.525
2026/08/01@15:48:45,5828,522.525
2026/08/01@15:48:47,5830,522.525
2026/08/01@15:48:48,5831,522.525
2026/08/01@15:48:49,5832,523.025
2026/08/01@15:48:50,5833,522.525
2026/08/01@15:48:51,5834,522.525
2026/08/01@15:48:52,5835,522.525
2026/08/01@15:48:53,5836,522.525
2026/08/01@15:48:54,5837,522.525
2026/08/01@15:48:55,5838,522.525
2026/08/01@15:48:56,5839,523.025
2026/08/01@15:48:57,5840,523.025
2026/08/01@15:48:59,5842,522.525
2026/08/01@15:49:00,5843,522.525
2026/08/01@15:49:01,5844,522.525
2026/08/01@15:49:02,5845,522.525
2026/08/01@15:49:03,5846,522.525
2026/08/01@15:49:04,5847,523.025
2026/08/01@15:49:05,5848,522.525
2026/08/01@15:49:06,5849,523.025
2026/08/01@15:49:07,5850,523.025
2026/08/01@15:49:08,5851,522.525
2026/08/01@15:49:09,5852,522.525
2026/08/01@15:49:11,5854,522.525
2026/08/01@15:49:12,5855,522.525
2026/08/01@15:49:13,5856,522.525
2026/08/01@15:49:14,5857,522.525
2026/08/01@15:49:15,5858,522.525
2026/08/01@15:49:16,5859,523.025
2026/08/01@15:49:17,5860,523.025
2026/08/01@15:49:18,5861,522.525
2026/08/01@15:49:19,5862,523.025
2026/08/01@15:49:20,5863,522.525
2026/08/01@15:49:21,5864,522.525
2026/08/01@15:49:22,5865,522.525
2026/08/01@15:49:24,5867,522.525
2026/08/01@15:49:25,5868,522.525
2026/08/01@15:49:26,5869,522.525
2026/08/01@15:49:27,5870,522.525
2026/08/01@15:49:28,5871,522.525
2026/08/01@15:49:29,5872,522.525
2026/08/01@15:49:30,5873,522.525
2026/08/01@15:49:31,5874,522.525
2026/08/01@15:49:32,5875,522.525
2026/08/01@15:49:33,5876,522.525
2026/08/01@15:49:34,5877,522.525
2026/08/01@15:49:36,5879,522.525
2026/08/01@15:49:37,5880,523.025
2026/08/01@15:49:38,5881,522.025
2026/08/01@15:49:39,5882,522.525
2026/08/01@15:49:40,5883,522.525
2026/08/01@15:49:41,5884,522.525
2026/08/01@15:49:42,5885,522.525
2026/08/01@15:49:43,5886,522.525
2026/08/01@15:49:44,5887,522.525
2026/08/01@15:49:45,5888,522.525
2026/08/01@15:49:46,5889,522.525
2026/08/01@15:49:48,5891,523.025
2026/08/01@15:49:49,5892,522.525
2026/08/01@15:49:50,5893,522.525
2026/08/01@15:49:51,5894,522.525
2026/08/01@15:49:52,5895,522.525
2026/08/01@15:49:53,5896,522.525
2026/08/01@15:49:54,5897,522.525
2026/08/01@15:49:55,5898,522.525
2026/08/01@15:49:56,5899,522.525
2026/08/01@15:49:57,5900,522.525
2026/08/01@15:49:58,5901,522.525
2026/08/01@15:50:00,5903,522.525
2026/08/01@15:50:01,5904,522.525
2026/08/01@15:50:02,5905,522.525
2026/08/01@15:50:03,5906,522.525
2026/08/01@15:50:04,5907,522.525
2026/08/01@15:50:05,5908,522.525
2026/08/01@15:50:06,5909,522.525
2026/08/01@15:50:07,5910,522.525
2026/08/01@15:50:08,5911,522.525
2026/08/01@15:50:09,5912,522.525
2026/08/01@15:50:10,5913,522.525
2026/08/01@15:50:11,5914,523.025
2026/08/01@15:50:13,5916,522.525
2026/08/01@15:50:14,5917,522.525
2026/08/01@15:50:15,5918,523.025
2026/08/01@15:50:16,5919,523.025
2026/08/01@15:50:17,5920,522.025
2026/08/01@15:50:18,5921,522.525
2026/08/01@15:50:19,5922,522.525
2026/08/01@15:50:20,5923,523.025
2026/08/01@15:50:21,5924,522.525
2026/08/01@15:50:22,5925,522.525
2026/08/01@15:50:23,5926,522.525
2026/08/01@15:50:25,5928,522.525
2026/08/01@15:50:26,5929,522.525
2026/08/01@15:50:27,5930,522.525
2026/08/01@15:50:28,5931,522.525
2026/08/01@15:50:29,5932,522.525
2026/08/01@15:50:30,5933,522.525
2026/08/01@15:50:31,5934,522.525
2026/08/01@15:50:32,5935,522.525
2026/08/01@15:50:33,5936,522.525
2026/08/01@15:50:34,5937,523.025
2026/08/01@15:50:35,5938,522.525
2026/08/01@15:50:37,5940,522.525
2026/08/01@15:50:38,5941,522.525
2026/08/01@15:50:39,5942,522.525
2026/08/01@15:50:40,5943,522.525
2026/08/01@15:50:41,5944,522.525
2026/08/01@15:50:42,5945,522.525
2026/08/01@15:50:43,5946,523.025
2026/08/01@15:50:44,5947,523.025
2026/08/01@15:50:45,5948,522.525
2026/08/01@15:50:46,5949,522.525
2026/08/01@15:50:47,5950,522.525
2026/08/01@15:50:49,5952,522.525
2026/08/01@15:50:50,5953,522.525
2026/08/01@15:50:51,5954,522.525
2026/08/01@15:50:52,5955,522.525
2026/08/01@15:50:53,5956,522.525
2026/08/01@15:50:54,5957,523.025
2026/08/01@15:50:55,5958,522.525
2026/08/01@15:50:56,5959,522.525
2026/08/01@15:50:57,5960,523.025
2026/08/01@15:50:58,5961,522.525
2026/08/01@15:50:59,5962,522.525
2026/08/01@15:51:01,5963,522.525
2026/08/01@15:51:02,5965,522.525
2026/08/01@15:51:03,5966,522.525
2026/08/01@15:51:04,5967,522.525
2026/08/01@15:51:05,5968,522.525
2026/08/01@15:51:06,5969,522.525
2026/08/01@15:51:07,5970,522.525
2026/08/01@15:51:08,5971,523.025
2026/08/01@15:51:09,5972,522.525
2026/08/01@15:51:10,5973,522.525
2026/08/01@15:51:11,5974,522.525
2026/08/01@15:51:12,5975,522.525
2026/08/01@15:51:14,5977,522.525
2026/08/01@15:51:15,5978,522.525
2026/08/01@15:51:16,5979,523.025
2026/08/01@15:51:17,5980,522.525
2026/08/01@15:51:18,5981,523.025
2026/08/01@15:51:19,5982,522.525
2026/08/01@15:51:20,5983,522.525
2026/08/01@15:51:21,5984,522.525
2026/08/01@15:51:22,5985,523.025
2026/08/01@15:51:23,5986,522.525
2026/08/01@15:51:24,5987,522.525
2026/08/01@15:51:26,5989,522.525
2026/08/01@15:51:27,5990,522.525
2026/08/01@15:51:28,5991,522.525
2026/08/01@15:51:29,5992,522.525
2026/08/01@15:51:30,5993,522.525
2026/08/01@15:51:31,5994,522.525
2026/08/01@15:51:32,5995,522.525
2026/08/01@15:51:33,5996,523.025
2026/08/01@15:51:34,5997,522.525
2026/08/01@15:51:35,5998,522.525
2026/08/01@15:51:36,5999,522.525
2026/08/01@15:51:38,6001,522.525
2026/08/01@15:51:39,6002,522.525
2026/08/01@15:51:40,6003,523.025
2026/08/01@15:51:41,6004,522.525
2026/08/01@15:51:42,6005,522.525
2026/08/01@15:51:43,6006,522.525
2026/08/01@15:51:44,6007,522.525
2026/08/01@15:51:45,6008,522.525
2026/08/01@15:51:46,6009,522.525
2026/08/01@15:51:47,6010,522.525
2026/08/01@15:51:48,6011,522.525
2026/08/01@15:51:50,6013,522.525
2026/08/01@15:51:51,6014,523.025
2026/08/01@15:51:52,6015,522.525
2026/08/01@15:51:53,6016,522.525
2026/08/01@15:51:54,6017,522.525
2026/08/01@15:51:55,6018,523.025
2026/08/01@15:51:56,6019,523.025
2026/08/01@15:51:57,6020,522.525
2026/08/01@15:51:58,6021,522.525
2026/08/01@15:51:59,6022,522.525
2026/08/01@15:52:00,6023,522.525
2026/08/01@15:52:02,6024,522.525
2026/08/01@15:52:03,6026,522.525
2026/08/01@15:52:04,6027,523.025
2026/08/01@15:52:05,6028,522.525
2026/08/01@15:52:06,6029,522.525
2026/08/01@15:52:07,6030,523.025
2026/08/01@15:52:08,6031,522.525
2026/08/01@15:52:09,6032,522.525
2026/08/01@15:52:10,6033,522.525
2026/08/01@15:52:11,6034,522.525
2026/08/01@15:52:12,6035,522.525
2026/08/01@15:52:13,6036,523.025
2026/08/01@15:52:15,6038,522.525
2026/08/01@15:52:16,6039,522.525
2026/08/01@15:52:17,6040,522.525
2026/08/01@15:52:18,6041,522.525
2026/08/01@15:52:19,6042,522.525
2026/08/01@15:52:20,6043,522.525
2026/08/01@15:52:21,6044,522.525
2026/08/01@15:52:22,6045,522.525
2026/08/01@15:52:23,6046,522.525
2026/08/01@15:52:24,6047,522.525
2026/08/01@15:52:25,6048,522.525
2026/08/01@15:52:27,6050,522.525
2026/08/01@15:52:28,6051,522.525
2026/08/01@15:52:29,6052,523.025
2026/08/01@15:52:30,6053,522.525
2026/08/01@15:52:31,6054,522.525
2026/08/01@15:52:32,6055,522.525
2026/08/01@15:52:33,6056,522.525
2026/08/01@15:52:34,6057,522.525
2026/08/01@15:52:35,6058,523.025
2026/08/01@15:52:36,6059,522.525
2026/08/01@15:52:37,6060,522.525
2026/08/01@15:52:39,6062,522.525
2026/08/01@15:52:40,6063,522.525
2026/08/01@15:52:41,6064,522.525
2026/08/01@15:52:42,6065,523.025
2026/08/01@15:52:43,6066,522.525
2026/08/01@15:52:44,6067,522.525
2026/08/01@15:52:45,6068,523.025
2026/08/01@15:52:46,6069,522.525
2026/08/01@15:52:47,6070,522.525
2026/08/01@15:52:48,6071,522.525
2026/08/01@15:52:49,6072,523.025
2026/08/01@15:52:51,6074,523.025
2026/08/01@15:52:52,6075,522.525
2026/08/01@15:52:53,6076,522.525
2026/08/01@15:52:54,6077,522.525
2026/08/01@15:52:55,6078,523.025
2026/08/01@15:52:56,6079,522.525
2026/08/01@15:52:57,6080,522.525
2026/08/01@15:52:58,6081,522.525
2026/08/01@15:52:59,6082,522.525
2026/08/01@15:53:00,6083,522.525
2026/08/01@15:53:01,6084,523.025
2026/08/01@15:53:03,6086,522.525
2026/08/01@15:53:04,6087,522.525
2026/08/01@15:53:05,6088,522.525
2026/08/01@15:53:06,6089,522.525
2026/08/01@15:53:07,6090,522.525
2026/08/01@15:53:08,6091,522.525
2026/08/01@15:53:09,6092,522.525
2026/08/01@15:53:10,6093,522.525
2026/08/01@15:53:11,6094,523.025
2026/08/01@15:53:12,6095,522.525
2026/08/01@15:53:13,6096,522.525
2026/08/01@15:53:14,6097,522.525
2026/08/01@15:53:16,6099,522.525
2026/08/01@15:53:17,6100,522.525
2026/08/01@15:53:18,6101,522.525
2026/08/01@15:53:19,6102,522.525
2026/08/01@15:53:20,6103,523.025
2026/08/01@15:53:21,6104,522.525
2026/08/01@15:53:22,6105,522.525
2026/08/01@15:53:23,6106,522.525
2026/08/01@15:53:24,6107,522.525
2026/08/01@15:53:25,6108,522.525
2026/08/01@15:53:26,6109,522.525
2026/08/01@15:53:28,6111,523.025
2026/08/01@15:53:29,6112,523.025
2026/08/01@15:53:30,6113,522.525
2026/08/01@15:53:31,6114,522.525
2026/08/01@15:53:32,6115,522.525
2026/08/01@15:53:33,6116,522.525
2026/08/01@15:53:34,6117,522.525
2026/08/01@15:53:35,6118,522.525
2026/08/01@15:53:36,6119,523.025
2026/08/01@15:53:37,6120,523.025
2026/08/01@15:53:38,6121,522.525
2026/08/01@15:53:40,6123,522.525
2026/08/01@15:53:41,6124,522.525
2026/08/01@15:53:42,6125,522.525
2026/08/01@15:53:43,6126,522.525
2026/08/01@15:53:44,6127,522.525
2026/08/01@15:53:45,6128,522.525
2026/08/01@15:53:46,6129,522.525
2026/08/01@15:53:47,6130,522.525
2026/08/01@15:53:48,6131,522.525
2026/08/01@15:53:49,6132,522.525
2026/08/01@15:53:50,6133,522.525
2026/08/01@15:53:52,6135,522.525
2026/08/01@15:53:53,6136,522.525
2026/08/01@15:53:54,6137,522.525
2026/08/01@15:53:55,6138,522.525
2026/08/01@15:53:56,6139,522.525
2026/08/01@15:53:57,6140,522.525
2026/08/01@15:53:58,6141,522.525
2026/08/01@15:53:59,6142,522.525
2026/08/01@15:54:00,6143,522.525
2026/08/01@15:54:01,6144,522.525
2026/08/01@15:54:02,6145,522.525
2026/08/01@15:54:04,6146,522.525
2026/08/01@15:54:05,6148,523.025
2026/08/01@15:54:06,6149,522.525
2026/08/01@15:54:07,6150,522.525
2026/08/01@15:54:08,6151,522.525
2026/08/01@15:54:09,6152,522.525
2026/08/01@15:54:10,6153,522.525
2026/08/01@15:54:11,6154,522.525
2026/08/01@15:54:12,6155,522.525
2026/08/01@15:54:13,6156,523.025
2026/08/01@15:54:14,6157,522.525
2026/08/01@15:54:15,6158,523.025
2026/08/01@15:54:17,6160,522.525
2026/08/01@15:54:18,6161,522.525
2026/08/01@15:54:19,6162,522.525
2026/08/01@15:54:20,6163,522.525
2026/08/01@15:54:21,6164,523.025
2026/08/01@15:54:22,6165,522.525
2026/08/01@15:54:23,6166,522.525
2026/08/01@15:54:24,6167,522.525
2026/08/01@15:54:25,6168,522.525
2026/08/01@15:54:26,6169,523.025
2026/08/01@15:54:27,6170,523.025
2026/08/01@15:54:29,6172,522.525
2026/08/01@15:54:30,6173,522.525
2026/08/01@15:54:31,6174,522.525
2026/08/01@15:54:32,6175,522.525
2026/08/01@15:54:33,6176,523.025
2026/08/01@15:54:34,6177,522.525
2026/08/01@15:54:35,6178,522.525
2026/08/01@15:54:36,6179,522.525
2026/08/01@15:54:37,6180,522.525
2026/08/01@15:54:38,6181,523.025
2026/08/01@15:54:39,6182,523.025
2026/08/01@15:54:41,6184,522.525
2026/08/01@15:54:42,6185,522.525
2026/08/01@15:54:43,6186,523.025
2026/08/01@15:54:44,6187,523.025
2026/08/01@15:54:45,6188,523.025
2026/08/01@15:54:46,6189,522.525
2026/08/01@15:54:47,6190,522.525
2026/08/01@15:54:48,6191,522.525
2026/08/01@15:54:49,6192,522.525
2026/08/01@15:54:50,6193,522.525
2026/08/01@15:54:51,6194,522.525
2026/08/01@15:54:53,6196,523.025
2026/08/01@15:54:54,6197,522.525
2026/08/01@15:54:55,6198,522.525
2026/08/01@15:54:56,6199,523.025
2026/08/01@15:54:57,6200,522.525
2026/08/01@15:54:58,6201,523.025
2026/08/01@15:54:59,6202,522.525
2026/08/01@15:55:00,6203,522.525
2026/08/01@15:55:01,6204,522.525
2026/08/01@15:55:02,6205,522.525
2026/08/01@15:55:03,6206,523.025
2026/08/01@15:55:04,6207,522.525
2026/08/01@15:55:06,6209,523.025
2026/08/01@15:55:07,6210,523.025
2026/08/01@15:55:08,6211,522.525
2026/08/01@15:55:09,6212,522.525
2026/08/01@15:55:10,6213,523.025
2026/08/01@15:55:11,6214,522.525
2026/08/01@15:55:12,6215,522.525
2026/08/01@15:55:13,6216,522.525
2026/08/01@15:55:14,6217,522.525
2026/08/01@15:55:15,6218,522.525
2026/08/01@15:55:17,6219,522.525
2026/08/01@15:55:18,6221,522.525
2026/08/01@15:55:19,6222,523.025
2026/08/01@15:55:20,6223,523.025
2026/08/01@15:55:21,6224,522.525
2026/08/01@15:55:22,6225,522.525
2026/08/01@15:55:23,6226,522.525
2026/08/01@15:55:24,6227,523.025
2026/08/01@15:55:25,6228,523.025
2026/08/01@15:55:26,6229,522.525
2026/08/01@15:55:27,6230,522.525
2026/08/01@15:55:28,6231,522.525
2026/08/01@15:55:30,6233,523.025
2026/08/01@15:55:31,6234,522.525
2026/08/01@15:55:32,6235,522.525
2026/08/01@15:55:33,6236,523.025
2026/08/01@15:55:34,6237,523.025
2026/08/01@15:55:35,6238,522.525
2026/08/01@15:55:36,6239,523.025
2026/08/01@15:55:37,6240,522.525
2026/08/01@15:55:38,6241,522.525
2026/08/01@15:55:39,6242,522.525
2026/08/01@15:55:40,6243,522.525
2026/08/01@15:55:42,6245,523.025
2026/08/01@15:55:43,6246,522.525
2026/08/01@15:55:44,6247,522.525
2026/08/01@15:55:45,6248,523.025
2026/08/01@15:55:46,6249,522.525
2026/08/01@15:55:47,6250,522.525
2026/08/01@15:55:48,6251,522.525
2026/08/01@15:55:49,6252,523.025
2026/08/01@15:55:50,6253,522.525
2026/08/01@15:55:51,6254,522.525
2026/08/01@15:55:52,6255,522.525
2026/08/01@15:55:54,6257,523.025
2026/08/01@15:55:55,6258,523.025
2026/08/01@15:55:56,6259,523.025
2026/08/01@15:55:57,6260,523.025
2026/08/01@15:55:58,6261,522.525
2026/08/01@15:55:59,6262,522.525
2026/08/01@15:56:00,6263,522.525
2026/08/01@15:56:01,6264,523.025
2026/08/01@15:56:02,6265,522.525
2026/08/01@15:56:03,6266,522.525
2026/08/01@15:56:04,6267,522.525
2026/08/01@15:56:06,6269,522.525
2026/08/01@15:56:07,6270,522.525
2026/08/01@15:56:08,6271,522.525
2026/08/01@15:56:09,6272,522.525
2026/08/01@15:56:10,6273,523.025
2026/08/01@15:56:11,6274,523.025
2026/08/01@15:56:12,6275,523.025
2026/08/01@15:56:13,6276,522.525
2026/08/01@15:56:14,6277,522.525
2026/08/01@15:56:15,6278,522.525
2026/08/01@15:56:16,6279,522.525
2026/08/01@15:56:17,6280,522.525
2026/08/01@15:56:19,6282,522.525
2026/08/01@15:56:20,6283,522.525
2026/08/01@15:56:21,6284,522.525
2026/08/01@15:56:22,6285,522.525
2026/08/01@15:56:23,6286,522.525
2026/08/01@15:56:24,6287,522.525
2026/08/01@15:56:25,6288,522.525
2026/08/01@15:56:26,6289,522.525
2026/08/01@15:56:27,6290,522.525
2026/08/01@15:56:28,6291,522.525
2026/08/01@15:56:29,6292,522.525
2026/08/01@15:56:31,6294,522.525
2026/08/01@15:56:32,6295,522.525
2026/08/01@15:56:33,6296,522.525
2026/08/01@15:56:34,6297,522.525
2026/08/01@15:56:35,6298,522.525
2026/08/01@15:56:36,6299,523.025
2026/08/01@15:56:37,6300,522.525
2026/08/01@15:56:38,6301,522.525
2026/08/01@15:56:39,6302,522.525
2026/08/01@15:56:40,6303,522.525
2026/08/01@15:56:41,6304,522.525
2026/08/01@15:56:43,6306,523.025
2026/08/01@15:56:44,6307,522.525
2026/08/01@15:56:45,6308,522.525
2026/08/01@15:56:46,6309,522.525
2026/08/01@15:56:47,6310,523.025
2026/08/01@15:56:48,6311,522.525
2026/08/01@15:56:49,6312,523.025
2026/08/01@15:56:50,6313,522.525
2026/08/01@15:56:51,6314,522.525
2026/08/01@15:56:52,6315,522.525
2026/08/01@15:56:53,6316,523.025
2026/08/01@15:56:55,6318,523.025
2026/08/01@15:56:56,6319,522.525
2026/08/01@15:56:57,6320,522.525
2026/08/01@15:56:58,6321,522.525
2026/08/01@15:56:59,6322,522.525
2026/08/01@15:57:00,6323,523.025
2026/08/01@15:57:01,6324,522.525
2026/08/01@15:57:02,6325,522.525
2026/08/01@15:57:03,6326,522.525
2026/08/01@15:57:04,6327,522.525
2026/08/01@15:57:05,6328,522.525
2026/08/01@15:57:07,6330,522.525
2026/08/01@15:57:08,6331,522.525
2026/08/01@15:57:09,6332,523.025
2026/08/01@15:57:10,6333,522.525
2026/08/01@15:57:11,6334,522.525
2026/08/01@15:57:12,6335,522.525
2026/08/01@15:57:13,6336,523.025
2026/08/01@15:57:14,6337,522.525
2026/08/01@15:57:15,6338,522.525
2026/08/01@15:57:16,6339,522.525
2026/08/01@15:57:17,6340,523.025
2026/08/01@15:57:18,6341,522.525
2026/08/01@15:57:20,6343,522.525
2026/08/01@15:57:21,6344,522.525
2026/08/01@15:57:22,6345,523.025
2026/08/01@15:57:23,6346,522.525
2026/08/01@15:57:24,6347,522.525
2026/08/01@15:57:25,6348,523.025
2026/08/01@15:57:26,6349,522.525
2026/08/01@15:57:27,6350,522.525
2026/08/01@15:57:28,6351,522.525
2026/08/01@15:57:29,6352,522.525
2026/08/01@15:57:31,6353,522.525
2026/08/01@15:57:32,6355,522.525
2026/08/01@15:57:33,6356,522.525
2026/08/01@15:57:34,6357,522.525
2026/08/01@15:57:35,6358,522.525
2026/08/01@15:57:36,6359,523.025
2026/08/01@15:57:37,6360,522.525
2026/08/01@15:57:38,6361,522.525
2026/08/01@15:57:39,6362,522.525
2026/08/01@15:57:40,6363,522.525
2026/08/01@15:57:41,6364,522.525
2026/08/01@15:57:42,6365,522.525
2026/08/01@15:57:44,6367,523.025
2026/08/01@15:57:45,6368,522.525
2026/08/01@15:57:46,6369,522.525
2026/08/01@15:57:47,6370,522.525
2026/08/01@15:57:48,6371,522.525
2026/08/01@15:57:49,6372,522.525
2026/08/01@15:57:50,6373,523.025
2026/08/01@15:57:51,6374,522.525
2026/08/01@15:57:52,6375,522.525
2026/08/01@15:57:53,6376,522.525
2026/08/01@15:57:54,6377,522.525
2026/08/01@15:57:56,6379,522.525
2026/08/01@15:57:57,6380,522.525
2026/08/01@15:57:58,6381,522.525
2026/08/01@15:57:59,6382,522.525
2026/08/01@15:58:00,6383,522.525
2026/08/01@15:58:01,6384,522.525
2026/08/01@15:58:02,6385,522.525
2026/08/01@15:58:03,6386,522.525
2026/08/01@15:58:04,6387,522.525
2026/08/01@15:58:05,6388,523.025
2026/08/01@15:58:06,6389,522.525
2026/08/01@15:58:08,6391,522.525
2026/08/01@15:58:09,6392,522.525
2026/08/01@15:58:10,6393,522.525
2026/08/01@15:58:11,6394,523.025
2026/08/01@15:58:12,6395,522.525
2026/08/01@15:58:13,6396,522.525
2026/08/01@15:58:14,6397,522.525
2026/08/01@15:58:15,6398,522.525
2026/08/01@15:58:16,6399,522.525
2026/08/01@15:58:17,6400,522.525
2026/08/01@15:58:18,6401,523.025
2026/08/01@15:58:20,6403,522.525
2026/08/01@15:58:21,6404,522.525
2026/08/01@15:58:22,6405,522.525
2026/08/01@15:58:23,6406,522.525
2026/08/01@15:58:24,6407,522.525
2026/08/01@15:58:25,6408,522.525
2026/08/01@15:58:26,6409,523.025
2026/08/01@15:58:27,6410,523.025
2026/08/01@15:58:28,6411,522.525
2026/08/01@15:58:29,6412,522.525
2026/08/01@15:58:30,6413,522.525
2026/08/01@15:58:31,6414,522.525
2026/08/01@15:58:33,6416,522.525
2026/08/01@15:58:34,6417,522.525
2026/08/01@15:58:35,6418,523.025
2026/08/01@15:58:36,6419,523.025
2026/08/01@15:58:37,6420,522.525
2026/08/01@15:58:38,6421,522.525
2026/08/01@15:58:39,6422,522.525
2026/08/01@15:58:40,6423,522.525
2026/08/01@15:58:41,6424,522.525
2026/08/01@15:58:42,6425,523.025
2026/08/01@15:58:43,6426,523.025
2026/08/01@15:58:45,6428,522.525
2026/08/01@15:58:46,6429,522.525
2026/08/01@15:58:47,6430,522.525
2026/08/01@15:58:48,6431,523.025
2026/08/01@15:58:49,6432,523.025
2026/08/01@15:58:50,6433,522.525
2026/08/01@15:58:51,6434,522.525
2026/08/01@15:58:52,6435,522.525
2026/08/01@15:58:53,6436,522.525
2026/08/01@15:58:54,6437,522.525
2026/08/01@15:58:55,6438,522.525
2026/08/01@15:58:57,6440,522.525
2026/08/01@15:58:58,6441,522.525
2026/08/01@15:58:59,6442,522.525
2026/08/01@15:59:00,6443,522.525
2026/08/01@15:59:01,6444,522.525
2026/08/01@15:59:02,6445,522.525
2026/08/01@15:59:03,6446,522.525
2026/08/01@15:59:04,6447,522.525
2026/08/01@15:59:05,6448,522.525
2026/08/01@15:59:06,6449,522.525
2026/08/01@15:59:07,6450,522.525
2026/08/01@15:59:09,6451,522.525
2026/08/01@15:59:10,6453,522.525
2026/08/01@15:59:11,6454,522.525
2026/08/01@15:59:12,6455,522.525
2026/08/01@15:59:13,6456,522.525
2026/08/01@15:59:14,6457,523.025
2026/08/01@15:59:15,6458,522.525
2026/08/01@15:59:16,6459,522.525
2026/08/01@15:59:17,6460,522.525
2026/08/01@15:59:18,6461,522.525
2026/08/01@15:59:19,6462,522.525
2026/08/01@15:59:20,6463,522.525
2026/08/01@15:59:22,6465,522.525
2026/08/01@15:59:23,6466,522.525
2026/08/01@15:59:24,6467,522.525
2026/08/01@15:59:25,6468,522.525
2026/08/01@15:59:26,6469,522.525
2026/08/01@15:59:27,6470,522.525
2026/08/01@15:59:28,6471,522.525
2026/08/01@15:59:29,6472,522.525
2026/08/01@15:59:30,6473,522.525
2026/08/01@15:59:31,6474,522.525
2026/08/01@15:59:32,6475,522.525
2026/08/01@15:59:34,6477,522.525
2026/08/01@15:59:35,6478,522.525
2026/08/01@15:59:36,6479,522.525
2026/08/01@15:59:37,6480,522.525
2026/08/01@15:59:38,6481,523.025
2026/08/01@15:59:39,6482,523.025
2026/08/01@15:59:40,6483,522.525
2026/08/01@15:59:41,6484,522.525
2026/08/01@15:59:42,6485,522.525
2026/08/01@15:59:43,6486,523.025
2026/08/01@15:59:44,6487,522.525
2026/08/01@15:59:45,6488,522.525
2026/08/01@15:59:47,6490,522.525
2026/08/01@15:59:48,6491,522.525
2026/08/01@15:59:49,6492,522.525
2026/08/01@15:59:50,6493,522.525
2026/08/01@15:59:51,6494,522.525
2026/08/01@15:59:52,6495,522.525
2026/08/01@15:59:53,6496,522.525
2026/08/01@15:59:54,6497,522.525
2026/08/01@15:59:55,6498,522.525
2026/08/01@15:59:56,6499,523.025
2026/08/01@15:59:57,6500,522.525
2026/08/01@15:59:59,6502,522.525
2026/08/01@16:00:00,6503,522.525
2026/08/01@16:00:01,6504,522.525
2026/08/01@16:00:02,6505,522.525
2026/08/01@16:00:03,6506,523.025
2026/08/01@16:00:04,6507,523.025
2026/08/01@16:00:05,6508,522.525
2026/08/01@16:00:06,6509,522.525
2026/08/01@16:00:07,6510,522.525
2026/08/01@16:00:08,6511,522.525
2026/08/01@16:00:09,6512,522.525
2026/08/01@16:00:11,6514,522.525
2026/08/01@16:00:12,6515,522.525
2026/08/01@16:00:13,6516,522.525
2026/08/01@16:00:14,6517,522.525
2026/08/01@16:00:15,6518,522.525
2026/08/01@16:00:16,6519,522.525
2026/08/01@16:00:17,6520,522.525
2026/08/01@16:00:18,6521,522.525
2026/08/01@16:00:19,6522,522.525
2026/08/01@16:00:20,6523,522.525
2026/08/01@16:00:21,6524,522.525
2026/08/01@16:00:22,6525,522.525
2026/08/01@16:00:24,6527,522.525
2026/08/01@16:00:25,6528,522.525
2026/08/01@16:00:26,6529,522.525
2026/08/01@16:00:27,6530,522.525
2026/08/01@16:00:28,6531,522.525
2026/08/01@16:00:29,6532,523.025
2026/08/01@16:00:30,6533,522.525
2026/08/01@16:00:31,6534,522.525
2026/08/01@16:00:32,6535,522.525
2026/08/01@16:00:33,6536,522.525
2026/08/01@16:00:34,6537,522.525
2026/08/01@16:00:36,6539,522.525
2026/08/01@16:00:37,6540,522.525
2026/08/01@16:00:38,6541,522.525
2026/08/01@16:00:39,6542,523.025
2026/08/01@16:00:40,6543,522.525
2026/08/01@16:00:41,6544,522.525
2026/08/01@16:00:42,6545,522.525
2026/08/01@16:00:43,6546,522.525
2026/08/01@16:00:44,6547,522.525
2026/08/01@16:00:45,6548,523.025
2026/08/01@16:00:46,6549,522.525
2026/08/01@16:00:48,6551,522.525
2026/08/01@16:00:49,6552,522.525
2026/08/01@16:00:50,6553,522.525
2026/08/01@16:00:51,6554,522.525
2026/08/01@16:00:52,6555,522.525
2026/08/01@16:00:53,6556,522.525
2026/08/01@16:00:54,6557,523.025
2026/08/01@16:00:55,6558,523.025
2026/08/01@16:00:56,6559,522.525
2026/08/01@16:00:57,6560,522.525
2026/08/01@16:00:58,6561,522.525
2026/08/01@16:01:00,6563,523.025
2026/08/01@16:01:01,6564,522.525
2026/08/01@16:01:02,6565,522.525
2026/08/01@16:01:03,6566,522.525
2026/08/01@16:01:04,6567,522.525
2026/08/01@16:01:05,6568,522.525
2026/08/01@16:01:06,6569,522.525
2026/08/01@16:01:07,6570,522.525
2026/08/01@16:01:08,6571,522.525
2026/08/01@16:01:09,6572,522.525
2026/08/01@16:01:10,6573,522.525
2026/08/01@16:01:12,6574,522.525
2026/08/01@16:01:13,6576,522.525
2026/08/01@16:01:14,6577,522.525
2026/08/01@16:01:15,6578,522.525
2026/08/01@16:01:16,6579,522.525
2026/08/01@16:01:17,6580,522.525
2026/08/01@16:01:18,6581,522.525
2026/08/01@16:01:19,6582,523.025
2026/08/01@16:01:20,6583,523.025
2026/08/01@16:01:21,6584,522.525
2026/08/01@16:01:22,6585,522.525
2026/08/01@16:01:23,6586,522.525
2026/08/01@16:01:25,6588,522.525
2026/08/01@16:01:26,6589,522.525
2026/08/01@16:01:27,6590,523.025
2026/08/01@16:01:28,6591,522.525
2026/08/01@16:01:29,6592,522.525
2026/08/01@16:01:30,6593,522.525
2026/08/01@16:01:31,6594,522.525
2026/08/01@16:01:32,6595,522.525
2026/08/01@16:01:33,6596,522.525
2026/08/01@16:01:34,6597,522.525
2026/08/01@16:01:35,6598,522.525
2026/08/01@16:01:37,6600,522.525
2026/08/01@16:01:38,6601,522.525
2026/08/01@16:01:39,6602,523.025
2026/08/01@16:01:40,6603,523.025
2026/08/01@16:01:41,6604,522.525
2026/08/01@16:01:42,6605,522.525
2026/08/01@16:01:43,6606,522.525
2026/08/01@16:01:44,6607,522.525
2026/08/01@16:01:45,6608,522.525
2026/08/01@16:01:46,6609,522.525
2026/08/01@16:01:47,6610,523.025
2026/08/01@16:01:49,6612,522.525
2026/08/01@16:01:50,6613,522.525
2026/08/01@16:01:51,6614,522.525
2026/08/01@16:01:52,6615,523.025
2026/08/01@16:01:53,6616,522.525
2026/08/01@16:01:54,6617,522.525
2026/08/01@16:01:55,6618,522.525
2026/08/01@16:01:56,6619,522.525
2026/08/01@16:01:57,6620,522.525
2026/08/01@16:01:58,6621,522.525
2026/08/01@16:01:59,6622,522.525
2026/08/01@16:02:01,6624,522.525
2026/08/01@16:02:02,6625,522.525
2026/08/01@16:02:03,6626,523.025
2026/08/01@16:02:04,6627,522.525
2026/08/01@16:02:05,6628,522.525
2026/08/01@16:02:06,6629,522.525
2026/08/01@16:02:07,6630,522.525
2026/08/01@16:02:08,6631,522.525
2026/08/01@16:02:09,6632,522.525
2026/08/01@16:02:10,6633,522.525
2026/08/01@16:02:11,6634,522.525
2026/08/01@16:02:13,6635,522.525
2026/08/01@16:02:14,6637,522.525
2026/08/01@16:02:15,6638,522.525
2026/08/01@16:02:16,6639,522.525
2026/08/01@16:02:17,6640,522.525
2026/08/01@16:02:18,6641,522.525
2026/08/01@16:02:19,6642,522.525
2026/08/01@16:02:20,6643,522.525
2026/08/01@16:02:21,6644,522.525
2026/08/01@16:02:22,6645,522.525
2026/08/01@16:02:23,6646,522.525
2026/08/01@16:02:24,6647,522.525
2026/08/01@16:02:26,6649,522.525
2026/08/01@16:02:27,6650,522.525
2026/08/01@16:02:28,6651,522.525
2026/08/01@16:02:29,6652,522.525
2026/08/01@16:02:30,6653,522.525
2026/08/01@16:02:31,6654,522.525
2026/08/01@16:02:32,6655,522.525
2026/08/01@16:02:33,6656,522.525
2026/08/01@16:02:34,6657,522.525
2026/08/01@16:02:35,6658,522.525
2026/08/01@16:02:36,6659,522.525
2026/08/01@16:02:38,6661,522.525
2026/08/01@16:02:39,6662,522.525
2026/08/01@16:02:40,6663,522.525
2026/08/01@16:02:41,6664,522.525
2026/08/01@16:02:42,6665,522.525
2026/08/01@16:02:43,6666,522.525
2026/08/01@16:02:44,6667,522.525
2026/08/01@16:02:45,6668,522.525
2026/08/01@16:02:46,6669,522.525
2026/08/01@16:02:47,6670,522.525
2026/08/01@16:02:48,6671,522.525
2026/08/01@16:02:50,6673,523.025
2026/08/01@16:02:51,6674,522.525
2026/08/01@16:02:52,6675,522.525
2026/08/01@16:02:53,6676,522.525
2026/08/01@16:02:54,6677,522.525
2026/08/01@16:02:55,6678,522.525
2026/08/01@16:02:56,6679,522.525
2026/08/01@16:02:57,6680,522.525
2026/08/01@16:02:58,6681,522.525
2026/08/01@16:02:59,6682,523.025
2026/08/01@16:03:00,6683,523.025
2026/08/01@16:03:02,6685,522.525
2026/08/01@16:03:03,6686,522.525
2026/08/01@16:03:04,6687,522.525
2026/08/01@16:03:05,6688,522.525
2026/08/01@16:03:06,6689,522.525
2026/08/01@16:03:07,6690,522.525
2026/08/01@16:03:08,6691,522.525
2026/08/01@16:03:09,6692,522.525
2026/08/01@16:03:10,6693,522.525
2026/08/01@16:03:11,6694,522.525
2026/08/01@16:03:12,6695,522.525
2026/08/01@16:03:13,6696,522.525
2026/08/01@16:03:15,6698,522.525
2026/08/01@16:03:16,6699,522.525
2026/08/01@16:03:17,6700,522.525
2026/08/01@16:03:18,6701,523.025
2026/08/01@16:03:19,6702,522.525
2026/08/01@16:03:20,6703,522.525
2026/08/01@16:03:21,6704,522.525
2026/08/01@16:03:22,6705,522.525
2026/08/01@16:03:23,6706,522.525
2026/08/01@16:03:24,6707,523.025
2026/08/01@16:03:25,6708,522.525
2026/08/01@16:03:27,6710,523.025
2026/08/01@16:03:28,6711,522.525
2026/08/01@16:03:29,6712,522.525
2026/08/01@16:03:30,6713,522.525
2026/08/01@16:03:31,6714,522.525
2026/08/01@16:03:32,6715,523.025
2026/08/01@16:03:33,6716,522.525
2026/08/01@16:03:34,6717,522.525
2026/08/01@16:03:35,6718,522.525
2026/08/01@16:03:36,6719,522.525
2026/08/01@16:03:37,6720,522.525
2026/08/01@16:03:39,6722,522.525
2026/08/01@16:03:40,6723,522.525
2026/08/01@16:03:41,6724,522.525
2026/08/01@16:03:42,6725,522.525
2026/08/01@16:03:43,6726,522.525
2026/08/01@16:03:44,6727,522.525
2026/08/01@16:03:45,6728,522.525
2026/08/01@16:03:46,6729,522.525
2026/08/01@16:03:47,6730,522.525
2026/08/01@16:03:48,6731,522.525
2026/08/01@16:03:49,6732,522.525
2026/08/01@16:03:51,6734,522.525
2026/08/01@16:03:52,6735,522.525
2026/08/01@16:03:53,6736,522.525
2026/08/01@16:03:54,6737,522.525
2026/08/01@16:03:55,6738,522.525
2026/08/01@16:03:56,6739,522.525
2026/08/01@16:03:57,6740,522.525
2026/08/01@16:03:58,6741,522.525
2026/08/01@16:03:59,6742,522.525
2026/08/01@16:04:00,6743,522.525
2026/08/01@16:04:01,6744,522.525
2026/08/01@16:04:03,6746,522.525
2026/08/01@16:04:04,6747,522.525
2026/08/01@16:04:05,6748,522.525
2026/08/01@16:04:06,6749,522.525
2026/08/01@16:04:07,6750,522.525
2026/08/01@16:04:08,6751,522.525
2026/08/01@16:04:09,6752,523.025
2026/08/01@16:04:10,6753,522.525
2026/08/01@16:04:11,6754,522.525
2026/08/01@16:04:12,6755,522.525
2026/08/01@16:04:13,6756,522.525
2026/08/01@16:04:14,6757,522.525
2026/08/01@16:04:16,6759,522.525
2026/08/01@16:04:17,6760,522.525
2026/08/01@16:04:18,6761,523.025
2026/08/01@16:04:19,6762,522.525
2026/08/01@16:04:20,6763,522.525
2026/08/01@16:04:21,6764,522.525
2026/08/01@16:04:22,6765,522.525
2026/08/01@16:04:23,6766,522.525
2026/08/01@16:04:24,6767,522.525
2026/08/01@16:04:25,6768,522.525
2026/08/01@16:04:26,6769,522.525
2026/08/01@16:04:28,6771,522.525
2026/08/01@16:04:29,6772,522.525
2026/08/01@16:04:30,6773,522.525
2026/08/01@16:04:31,6774,522.525
2026/08/01@16:04:32,6775,522.525
2026/08/01@16:04:33,6776,522.525
2026/08/01@16:04:34,6777,522.525
2026/08/01@16:04:35,6778,522.525
2026/08/01@16:04:36,6779,522.525
2026/08/01@16:04:37,6780,522.525
2026/08/01@16:04:38,6781,522.525
2026/08/01@16:04:40,6783,522.525
2026/08/01@16:04:41,6784,522.525
2026/08/01@16:04:42,6785,522.525
2026/08/01@16:04:43,6786,522.525
2026/08/01@16:04:44,6787,522.525
2026/08/01@16:04:45,6788,522.525
2026/08/01@16:04:46,6789,522.525
2026/08/01@16:04:47,6790,522.525
2026/08/01@16:04:48,6791,522.525
2026/08/01@16:04:49,6792,522.525
2026/08/01@16:04:50,6793,522.525
2026/08/01@16:04:52,6795,522.525
2026/08/01@16:04:53,6796,522.525
2026/08/01@16:04:54,6797,522.525
2026/08/01@16:04:55,6798,522.525
2026/08/01@16:04:56,6799,522.525
2026/08/01@16:04:57,6800,522.525
2026/08/01@16:04:58,6801,522.525
2026/08/01@16:04:59,6802,522.525
2026/08/01@16:05:00,6803,522.525
2026/08/01@16:05:01,6804,522.525
2026/08/01@16:05:02,6805,522.525
2026/08/01@16:05:04,6807,522.525
2026/08/01@16:05:05,6808,522.525
2026/08/01@16:05:06,6809,522.525
2026/08/01@16:05:07,6810,522.525
2026/08/01@16:05:08,6811,522.525
2026/08/01@16:05:09,6812,522.525
2026/08/01@16:05:10,6813,522.525
2026/08/01@16:05:11,6814,522.525
2026/08/01@16:05:12,6815,522.525
2026/08/01@16:05:13,6816,522.525
2026/08/01@16:05:14,6817,522.525
2026/08/01@16:05:15,6818,522.525
2026/08/01@16:05:17,6820,522.525
2026/08/01@16:05:18,6821,523.025
2026/08/01@16:05:19,6822,522.525
2026/08/01@16:05:20,6823,523.025
2026/08/01@16:05:21,6824,522.525
2026/08/01@16:05:22,6825,522.525
2026/08/01@16:05:23,6826,522.525
2026/08/01@16:05:24,6827,522.525
2026/08/01@16:05:25,6828,523.025
2026/08/01@16:05:26,6829,522.525
2026/08/01@16:05:27,6830,522.525
2026/08/01@16:05:29,6832,522.525
2026/08/01@16:05:30,6833,522.525
2026/08/01@16:05:31,6834,522.525
2026/08/01@16:05:32,6835,522.525
2026/08/01@16:05:33,6836,522.525
2026/08/01@16:05:34,6837,522.525
2026/08/01@16:05:35,6838,522.525
2026/08/01@16:05:36,6839,522.525
2026/08/01@16:05:37,6840,522.525
2026/08/01@16:05:38,6841,522.525
2026/08/01@16:05:39,6842,523.025
2026/08/01@16:05:41,6844,522.525
2026/08/01@16:05:42,6845,522.525
2026/08/01@16:05:43,6846,522.525
2026/08/01@16:05:44,6847,522.525
2026/08/01@16:05:45,6848,522.525
2026/08/01@16:05:46,6849,522.525
2026/08/01@16:05:47,6850,522.525
2026/08/01@16:05:48,6851,522.525
2026/08/01@16:05:49,6852,522.525
2026/08/01@16:05:50,6853,522.525
2026/08/01@16:05:51,6854,522.525
2026/08/01@16:05:53,6856,522.525
2026/08/01@16:05:54,6857,522.525
2026/08/01@16:05:55,6858,522.525
2026/08/01@16:05:56,6859,522.525
2026/08/01@16:05:57,6860,523.025
2026/08/01@16:05:58,6861,522.525
2026/08/01@16:05:59,6862,522.525
2026/08/01@16:06:00,6863,522.525
2026/08/01@16:06:01,6864,522.525
2026/08/01@16:06:02,6865,522.525
2026/08/01@16:06:03,6866,522.525
2026/08/01@16:06:04,6867,522.525
2026/08/01@16:06:06,6869,522.525
2026/08/01@16:06:07,6870,522.525
2026/08/01@16:06:08,6871,522.525
2026/08/01@16:06:09,6872,522.525
2026/08/01@16:06:10,6873,522.525
2026/08/01@16:06:11,6874,522.525
2026/08/01@16:06:12,6875,522.525
2026/08/01@16:06:13,6876,522.525
2026/08/01@16:06:14,6877,522.525
2026/08/01@16:06:15,6878,522.525
2026/08/01@16:06:16,6879,522.525
2026/08/01@16:06:18,6881,523.025
2026/08/01@16:06:19,6882,522.525
2026/08/01@16:06:20,6883,522.525
2026/08/01@16:06:21,6884,522.525
2026/08/01@16:06:22,6885,522.525
2026/08/01@16:06:23,6886,522.525
2026/08/01@16:06:24,6887,522.525
2026/08/01@16:06:25,6888,522.525
2026/08/01@16:06:26,6889,522.525
2026/08/01@16:06:27,6890,522.525
2026/08/01@16:06:28,6891,522.525
2026/08/01@16:06:30,6893,522.525
2026/08/01@16:06:31,6894,522.525
2026/08/01@16:06:32,6895,522.525
2026/08/01@16:06:33,6896,522.525
2026/08/01@16:06:34,6897,522.525
2026/08/01@16:06:35,6898,522.525
2026/08/01@16:06:36,6899,522.525
2026/08/01@16:06:37,6900,522.525
2026/08/01@16:06:38,6901,522.525
2026/08/01@16:06:39,6902,522.525
2026/08/01@16:06:40,6903,522.525
2026/08/01@16:06:42,6905,522.525
2026/08/01@16:06:43,6906,522.525
2026/08/01@16:06:44,6907,522.525
2026/08/01@16:06:45,6908,522.525
2026/08/01@16:06:46,6909,522.525
2026/08/01@16:06:47,6910,522.525
2026/08/01@16:06:48,6911,522.525
2026/08/01@16:06:49,6912,522.525
2026/08/01@16:06:50,6913,522.525
2026/08/01@16:06:51,6914,522.525
2026/08/01@16:06:52,6915,522.525
2026/08/01@16:06:54,6917,522.525
2026/08/01@16:06:55,6918,522.525
2026/08/01@16:06:56,6919,522.525
2026/08/01@16:06:57,6920,522.525
2026/08/01@16:06:58,6921,522.525
2026/08/01@16:06:59,6922,522.525
2026/08/01@16:07:00,6923,522.525
2026/08/01@16:07:01,6924,522.525
2026/08/01@16:07:02,6925,522.525
2026/08/01@16:07:03,6926,522.525
2026/08/01@16:07:04,6927,522.525
2026/08/01@16:07:06,6928,522.525
2026/08/01@16:07:07,6930,522.525
2026/08/01@16:07:08,6931,522.525
2026/08/01@16:07:09,6932,522.525
2026/08/01@16:07:10,6933,522.525
2026/08/01@16:07:11,6934,522.525
2026/08/01@16:07:12,6935,522.525
2026/08/01@16:07:13,6936,522.525
2026/08/01@16:07:14,6937,522.525
2026/08/01@16:07:15,6938,522.525
2026/08/01@16:07:16,6939,522.525
2026/08/01@16:07:17,6940,522.525
2026/08/01@16:07:19,6942,522.525
2026/08/01@16:07:20,6943,522.525
2026/08/01@16:07:21,6944,522.525
2026/08/01@16:07:22,6945,522.525
2026/08/01@16:07:23,6946,522.525
2026/08/01@16:07:24,6947,522.525
2026/08/01@16:07:25,6948,522.525
2026/08/01@16:07:26,6949,522.525
2026/08/01@16:07:27,6950,522.525
2026/08/01@16:07:28,6951,522.525
2026/08/01@16:07:29,6952,522.525
2026/08/01@16:07:31,6954,522.525
2026/08/01@16:07:32,6955,522.525
2026/08/01@16:07:33,6956,522.525
2026/08/01@16:07:34,6957,522.525
2026/08/01@16:07:35,6958,522.525
2026/08/01@16:07:36,6959,522.525
2026/08/01@16:07:37,6960,522.525
2026/08/01@16:07:38,6961,522.525
2026/08/01@16:07:39,6962,522.525
2026/08/01@16:07:40,6963,522.525
2026/08/01@16:07:41,6964,522.525
2026/08/01@16:07:43,6966,522.525
2026/08/01@16:07:44,6967,522.525
2026/08/01@16:07:45,6968,522.525
2026/08/01@16:07:46,6969,522.525
2026/08/01@16:07:47,6970,522.525
2026/08/01@16:07:48,6971,522.525
2026/08/01@16:07:49,6972,522.525
2026/08/01@16:07:50,6973,522.525
2026/08/01@16:07:51,6974,522.525
2026/08/01@16:07:52,6975,522.525
2026/08/01@16:07:53,6976,522.525
2026/08/01@16:07:55,6977,522.525
2026/08/01@16:07:56,6979,522.525
2026/08/01@16:07:57,6980,522.525
2026/08/01@16:07:58,6981,522.525
2026/08/01@16:07:59,6982,522.525
2026/08/01@16:08:00,6983,522.525
2026/08/01@16:08:01,6984,522.525
2026/08/01@16:08:02,6985,522.525
2026/08/01@16:08:03,6986,522.525
2026/08/01@16:08:04,6987,522.525
2026/08/01@16:08:05,6988,522.525
2026/08/01@16:08:06,6989,522.525
2026/08/01@16:08:08,6991,522.525
2026/08/01@16:08:09,6992,522.525
2026/08/01@16:08:10,6993,522.525
2026/08/01@16:08:11,6994,522.525
2026/08/01@16:08:12,6995,522.525
2026/08/01@16:08:13,6996,522.525
2026/08/01@16:08:14,6997,522.525
2026/08/01@16:08:15,6998,522.525
2026/08/01@16:08:16,6999,522.525
2026/08/01@16:08:17,7000,522.525
2026/08/01@16:08:18,7001,522.525
2026/08/01@16:08:20,7003,522.525
2026/08/01@16:08:21,7004,522.525
2026/08/01@16:08:22,7005,522.525
2026/08/01@16:08:23,7006,522.525
2026/08/01@16:08:24,7007,522.525
2026/08/01@16:08:25,7008,522.525
2026/08/01@16:08:26,7009,522.525
2026/08/01@16:08:27,7010,522.525
2026/08/01@16:08:28,7011,522.525
2026/08/01@16:08:29,7012,522.525
2026/08/01@16:08:30,7013,522.525
2026/08/01@16:08:32,7015,522.525
2026/08/01@16:08:33,7016,522.525
2026/08/01@16:08:34,7017,522.525
2026/08/01@16:08:35,7018,522.525
2026/08/01@16:08:36,7019,522.525
2026/08/01@16:08:37,7020,522.525
2026/08/01@16:08:38,7021,522.525
2026/08/01@16:08:39,7022,522.525
2026/08/01@16:08:40,7023,522.525
2026/08/01@16:08:41,7024,522.525
2026/08/01@16:08:42,7025,522.525
2026/08/01@16:08:44,7027,522.525
2026/08/01@16:08:45,7028,522.525
2026/08/01@16:08:46,7029,522.525
2026/08/01@16:08:47,7030,522.525
2026/08/01@16:08:48,7031,522.525
2026/08/01@16:08:49,7032,522.525
2026/08/01@16:08:50,7033,522.525
2026/08/01@16:08:51,7034,522.525
2026/08/01@16:08:52,7035,522.525
2026/08/01@16:08:53,7036,522.525
2026/08/01@16:08:54,7037,522.525
2026/08/01@16:08:55,7038,522.525
2026/08/01@16:08:57,7040,522.525
2026/08/01@16:08:58,7041,522.525
2026/08/01@16:08:59,7042,522.525
2026/08/01@16:09:00,7043,522.525
2026/08/01@16:09:01,7044,522.525
2026/08/01@16:09:02,7045,522.525
2026/08/01@16:09:03,7046,522.525
2026/08/01@16:09:04,7047,522.525
2026/08/01@16:09:05,7048,522.525
2026/08/01@16:09:06,7049,522.525
2026/08/01@16:09:07,7050,522.525
2026/08/01@16:09:09,7052,522.525
2026/08/01@16:09:10,7053,522.525
2026/08/01@16:09:11,7054,522.525
2026/08/01@16:09:12,7055,522.525
2026/08/01@16:09:13,7056,522.525
2026/08/01@16:09:14,7057,522.525
2026/08/01@16:09:15,7058,522.525
2026/08/01@16:09:16,7059,522.525
2026/08/01@16:09:17,7060,522.525
2026/08/01@16:09:18,7061,522.525
2026/08/01@16:09:19,7062,522.525
2026/08/01@16:09:21,7064,522.525
2026/08/01@16:09:22,7065,522.525
2026/08/01@16:09:23,7066,522.525
2026/08/01@16:09:24,7067,522.525
2026/08/01@16:09:25,7068,522.525
2026/08/01@16:09:26,7069,522.525
2026/08/01@16:09:27,7070,522.525
2026/08/01@16:09:28,7071,522.525
2026/08/01@16:09:29,7072,522.525
2026/08/01@16:09:30,7073,522.525
2026/08/01@16:09:31,7074,522.525
2026/08/01@16:09:33,7076,522.525
2026/08/01@16:09:34,7077,522.525
2026/08/01@16:09:35,7078,522.525
2026/08/01@16:09:36,7079,522.525
2026/08/01@16:09:37,7080,522.525
2026/08/01@16:09:38,7081,522.525
2026/08/01@16:09:39,7082,522.525
2026/08/01@16:09:40,7083,522.525
2026/08/01@16:09:41,7084,522.525
2026/08/01@16:09:42,7085,522.525
2026/08/01@16:09:43,7086,522.525
2026/08/01@16:09:45,7087,522.525
2026/08/01@16:09:46,7089,522.525
2026/08/01@16:09:47,7090,522.525
2026/08/01@16:09:48,7091,522.525
2026/08/01@16:09:49,7092,522.525
2026/08/01@16:09:50,7093,522.525
2026/08/01@16:09:51,7094,522.525
2026/08/01@16:09:52,7095,522.525
2026/08/01@16:09:53,7096,522.525
2026/08/01@16:09:54,7097,522.525
2026/08/01@16:09:55,7098,522.525
2026/08/01@16:09:56,7099,522.525
2026/08/01@16:09:58,7101,522.525
2026/08/01@16:09:59,7102,522.525
2026/08/01@16:10:00,7103,522.525
2026/08/01@16:10:01,7104,522.525
2026/08/01@16:10:02,7105,522.525
2026/08/01@16:10:03,7106,522.525
2026/08/01@16:10:04,7107,522.525
2026/08/01@16:10:05,7108,522.525
2026/08/01@16:10:06,7109,522.525
2026/08/01@16:10:07,7110,522.525
2026/08/01@16:10:08,7111,522.525
2026/08/01@16:10:10,7113,522.525
2026/08/01@16:10:11,7114,522.525
2026/08/01@16:10:12,7115,522.525
2026/08/01@16:10:13,7116,522.525
2026/08/01@16:10:14,7117,522.525
2026/08/01@16:10:15,7118,522.525
2026/08/01@16:10:16,7119,522.525
2026/08/01@16:10:17,7120,522.525
2026/08/01@16:10:18,7121,522.525
2026/08/01@16:10:19,7122,522.525
2026/08/01@16:10:20,7123,522.525
2026/08/01@16:10:22,7125,522.525
2026/08/01@16:10:23,7126,522.525
2026/08/01@16:10:24,7127,522.525
2026/08/01@16:10:25,7128,522.525
2026/08/01@16:10:26,7129,522.525
2026/08/01@16:10:27,7130,522.525
2026/08/01@16:10:28,7131,522.525
2026/08/01@16:10:29,7132,522.525
2026/08/01@16:10:30,7133,522.525
2026/08/01@16:10:31,7134,522.525
2026/08/01@16:10:32,7135,522.525
2026/08/01@16:10:34,7137,522.525
2026/08/01@16:10:35,7138,522.525
2026/08/01@16:10:36,7139,522.525
2026/08/01@16:10:37,7140,522.525
2026/08/01@16:10:38,7141,522.525
2026/08/01@16:10:39,7142,522.525
2026/08/01@16:10:40,7143,522.525
2026/08/01@16:10:41,7144,522.525
2026/08/01@16:10:42,7145,522.525
2026/08/01@16:10:43,7146,522.525
2026/08/01@16:10:44,7147,522.525
2026/08/01@16:10:46,7149,522.525
2026/08/01@16:10:47,7150,522.525
2026/08/01@16:10:48,7151,522.525
2026/08/01@16:10:49,7152,522.525
2026/08/01@16:10:50,7153,522.525
2026/08/01@16:10:51,7154,522.525
2026/08/01@16:10:52,7155,522.525
2026/08/01@16:10:53,7156,522.525
2026/08/01@16:10:54,7157,522.525
2026/08/01@16:10:55,7158,522.525
2026/08/01@16:10:56,7159,522.525
2026/08/01@16:10:57,7160,522.525
2026/08/01@16:10:59,7162,522.525
2026/08/01@16:11:00,7163,522.525
2026/08/01@16:11:01,7164,522.525
2026/08/01@16:11:02,7165,522.525
2026/08/01@16:11:03,7166,522.525
2026/08/01@16:11:04,7167,522.525
2026/08/01@16:11:05,7168,522.525
2026/08/01@16:11:06,7169,522.525
2026/08/01@16:11:07,7170,522.525
2026/08/01@16:11:08,7171,522.525
2026/08/01@16:11:09,7172,522.525
2026/08/01@16:11:11,7174,522.525
2026/08/01@16:11:12,7175,522.525
2026/08/01@16:11:13,7176,522.525
2026/08/01@16:11:14,7177,522.525
2026/08/01@16:11:15,7178,522.525
2026/08/01@16:11:16,7179,522.525
2026/08/01@16:11:17,7180,522.525
2026/08/01@16:11:18,7181,522.525
2026/08/01@16:11:19,7182,522.525
2026/08/01@16:11:20,7183,522.525
2026/08/01@16:11:21,7184,522.525
2026/08/01@16:11:23,7186,522.525
2026/08/01@16:11:24,7187,522.525
2026/08/01@16:11:25,7188,522.525
2026/08/01@16:11:26,7189,522.525
2026/08/01@16:11:27,7190,522.525
2026/08/01@16:11:28,7191,522.525
2026/08/01@16:11:29,7192,522.525
2026/08/01@16:11:30,7193,522.525
2026/08/01@16:11:31,7194,522.525
2026/08/01@16:11:32,7195,522.525
2026/08/01@16:11:33,7196,522.525
2026/08/01@16:11:35,7198,522.525
2026/08/01@16:11:36,7199,522.525
2026/08/01@16:11:37,7200,522.525
2026/08/01@16:11:38,7201,522.525
2026/08/01@16:11:39,7202,522.525
2026/08/01@16:11:40,7203,522.525
2026/08/01@16:11:41,7204,522.525
2026/08/01@16:11:42,7205,522.525
2026/08/01@16:11:43,7206,522.525
2026/08/01@16:11:44,7207,522.525
2026/08/01@16:11:45,7208,522.525
2026/08/01@16:11:46,7209,522.525
2026/08/01@16:11:48,7211,522.525
2026/08/01@16:11:49,7212,522.525
2026/08/01@16:11:50,7213,522.525
2026/08/01@16:11:51,7214,522.525
2026/08/01@16:11:52,7215,522.525
2026/08/01@16:11:53,7216,522.525
2026/08/01@16:11:54,7217,522.525
2026/08/01@16:11:55,7218,522.525
2026/08/01@16:11:56,7219,522.525
2026/08/01@16:11:57,7220,522.525
2026/08/01@16:11:58,7221,522.525
2026/08/01@16:12:00,7223,522.525
2026/08/01@16:12:01,7224,522.525
2026/08/01@16:12:02,7225,522.525
2026/08/01@16:12:03,7226,522.525
2026/08/01@16:12:04,7227,522.525
2026/08/01@16:12:05,7228,522.525
2026/08/01@16:12:06,7229,522.525
2026/08/01@16:12:07,7230,522.525
2026/08/01@16:12:08,7231,522.525
2026/08/01@16:12:09,7232,522.525
2026/08/01@16:12:10,7233,522.525
2026/08/01@16:12:12,7235,522.525
2026/08/01@16:12:13,7236,522.525
2026/08/01@16:12:14,7237,522.525
2026/08/01@16:12:15,7238,522.525
2026/08/01@16:12:16,7239,522.525
2026/08/01@16:12:17,7240,522.525
2026/08/01@16:12:18,7241,522.525
2026/08/01@16:12:19,7242,522.525
2026/08/01@16:12:20,7243,522.525
2026/08/01@16:12:21,7244,522.525
2026/08/01@16:12:22,7245,522.525
2026/08/01@16:12:24,7247,522.525
2026/08/01@16:12:25,7248,522.525
2026/08/01@16:12:26,7249,522.525
2026/08/01@16:12:27,7250,522.525
2026/08/01@16:12:28,7251,522.525
2026/08/01@16:12:29,7252,522.525
2026/08/01@16:12:30,7253,522.525
2026/08/01@16:12:31,7254,522.525
2026/08/01@16:12:32,7255,522.525
2026/08/01@16:12:33,7256,522.525
2026/08/01@16:12:34,7257,522.525
2026/08/01@16:12:36,7259,522.525
2026/08/01@16:12:37,7260,522.525
2026/08/01@16:12:38,7261,522.525
2026/08/01@16:12:39,7262,522.525
2026/08/01@16:12:40,7263,522.525
2026/08/01@16:12:41,7264,522.525
2026/08/01@16:12:42,7265,522.525
2026/08/01@16:12:43,7266,522.525
2026/08/01@16:12:44,7267,522.525
2026/08/01@16:12:45,7268,522.525
2026/08/01@16:12:46,7269,522.525
2026/08/01@16:12:47,7270,522.525
2026/08/01@16:12:49,7272,522.525
2026/08/01@16:12:50,7273,522.525
2026/08/01@16:12:51,7274,522.525
2026/08/01@16:12:52,7275,522.525
2026/08/01@16:12:53,7276,522.525
2026/08/01@16:12:54,7277,522.525
2026/08/01@16:12:55,7278,522.525
2026/08/01@16:12:56,7279,522.525
2026/08/01@16:12:57,7280,522.525
2026/08/01@16:12:58,7281,522.525
2026/08/01@16:12:59,7282,522.525
2026/08/01@16:13:01,7284,522.525
2026/08/01@16:13:02,7285,522.525
2026/08/01@16:13:03,7286,522.525
2026/08/01@16:13:04,7287,522.525
2026/08/01@16:13:05,7288,522.525
2026/08/01@16:13:06,7289,522.525
2026/08/01@16:13:07,7290,522.525
2026/08/01@16:13:08,7291,522.525
2026/08/01@16:13:09,7292,522.525
2026/08/01@16:13:10,7293,522.525
2026/08/01@16:13:11,7294,522.525
2026/08/01@16:13:13,7296,522.525
2026/08/01@16:13:14,7297,522.525
2026/08/01@16:13:15,7298,522.525
2026/08/01@16:13:16,7299,522.525
2026/08/01@16:13:17,7300,522.525
2026/08/01@16:13:18,7301,522.525
2026/08/01@16:13:19,7302,522.525
2026/08/01@16:13:20,7303,522.525
2026/08/01@16:13:21,7304,522.525
2026/08/01@16:13:22,7305,522.525
2026/08/01@16:13:23,7306,522.525
2026/08/01@16:13:25,7308,522.525
2026/08/01@16:13:26,7309,522.525
2026/08/01@16:13:27,7310,522.525
2026/08/01@16:13:28,7311,522.525
2026/08/01@16:13:29,7312,522.525
2026/08/01@16:13:30,7313,522.525
2026/08/01@16:13:31,7314,522.525
2026/08/01@16:13:32,7315,522.525
2026/08/01@16:13:33,7316,522.525
2026/08/01@16:13:34,7317,522.525
2026/08/01@16:13:35,7318,522.525
2026/08/01@16:13:37,7320,522.525
2026/08/01@16:13:38,7321,522.525
2026/08/01@16:13:39,7322,522.525
2026/08/01@16:13:40,7323,522.525
2026/08/01@16:13:41,7324,522.525
2026/08/01@16:13:42,7325,522.525
2026/08/01@16:13:43,7326,522.525
2026/08/01@16:13:44,7327,522.525
2026/08/01@16:13:45,7328,522.525
2026/08/01@16:13:46,7329,522.525
2026/08/01@16:13:47,7330,522.525
2026/08/01@16:13:48,7331,522.525
2026/08/01@16:13:50,7333,522.525
2026/08/01@16:13:51,7334,522.525
2026/08/01@16:13:52,7335,522.525
2026/08/01@16:13:53,7336,522.525
2026/08/01@16:13:54,7337,522.525
2026/08/01@16:13:55,7338,522.525
2026/08/01@16:13:56,7339,522.525
2026/08/01@16:13:57,7340,522.525
2026/08/01@16:13:58,7341,522.525
2026/08/01@16:13:59,7342,522.525
2026/08/01@16:14:00,7343,522.525
2026/08/01@16:14:02,7345,522.525
2026/08/01@16:14:03,7346,522.525
2026/08/01@16:14:04,7347,522.525
2026/08/01@16:14:05,7348,522.525
2026/08/01@16:14:06,7349,522.525
2026/08/01@16:14:07,7350,522.525
2026/08/01@16:14:08,7351,522.525
2026/08/01@16:14:09,7352,522.525
2026/08/01@16:14:10,7353,522.525
2026/08/01@16:14:11,7354,522.525
2026/08/01@16:14:12,7355,522.525
2026/08/01@16:14:14,7357,522.525
2026/08/01@16:14:15,7358,522.525
2026/08/01@16:14:16,7359,522.525
2026/08/01@16:14:17,7360,522.525
2026/08/01@16:14:18,7361,522.525
2026/08/01@16:14:19,7362,522.525
2026/08/01@16:14:20,7363,522.525
2026/08/01@16:14:21,7364,522.525
2026/08/01@16:14:22,7365,522.525
2026/08/01@16:14:23,7366,522.525
2026/08/01@16:14:24,7367,522.525
2026/08/01@16:14:26,7369,522.525
2026/08/01@16:14:27,7370,522.525
2026/08/01@16:14:28,7371,522.525
2026/08/01@16:14:29,7372,522.525
2026/08/01@16:14:30,7373,522.525
2026/08/01@16:14:31,7374,522.525
2026/08/01@16:14:32,7375,522.525
2026/08/01@16:14:33,7376,522.525
2026/08/01@16:14:34,7377,522.525
2026/08/01@16:14:35,7378,522.525
2026/08/01@16:14:36,7379,522.525
2026/08/01@16:14:38,7380,522.525
2026/08/01@16:14:39,7382,522.525
2026/08/01@16:14:40,7383,522.525
2026/08/01@16:14:41,7384,522.525
2026/08/01@16:14:42,7385,522.525
2026/08/01@16:14:43,7386,522.525
2026/08/01@16:14:44,7387,522.525
2026/08/01@16:14:45,7388,522.525
2026/08/01@16:14:46,7389,522.525
2026/08/01@16:14:47,7390,522.525
2026/08/01@16:14:48,7391,522.525
2026/08/01@16:14:49,7392,522.525
2026/08/01@16:14:51,7394,522.525
2026/08/01@16:14:52,7395,522.525
2026/08/01@16:14:53,7396,522.525
2026/08/01@16:14:54,7397,522.525
2026/08/01@16:14:55,7398,522.525
2026/08/01@16:14:56,7399,522.525
2026/08/01@16:14:57,7400,522.525
2026/08/01@16:14:58,7401,522.525
2026/08/01@16:14:59,7402,522.525
2026/08/01@16:15:00,7403,522.525
2026/08/01@16:15:01,7404,522.525
2026/08/01@16:15:03,7406,522.525
2026/08/01@16:15:04,7407,522.525
2026/08/01@16:15:05,7408,522.525
2026/08/01@16:15:06,7409,522.525
2026/08/01@16:15:07,7410,522.525
2026/08/01@16:15:08,7411,522.525
2026/08/01@16:15:09,7412,522.525
2026/08/01@16:15:10,7413,522.525
2026/08/01@16:15:11,7414,522.525
2026/08/01@16:15:12,7415,522.525
2026/08/01@16:15:13,7416,522.525
2026/08/01@16:15:15,7418,522.525
2026/08/01@16:15:16,7419,522.525
2026/08/01@16:15:17,7420,522.525
2026/08/01@16:15:18,7421,522.525
2026/08/01@16:15:19,7422,522.525
2026/08/01@16:15:20,7423,522.525
2026/08/01@16:15:21,7424,522.525
2026/08/01@16:15:22,7425,522.525
2026/08/01@16:15:23,7426,522.525
2026/08/01@16:15:24,7427,522.525
2026/08/01@16:15:25,7428,522.525
2026/08/01@16:15:27,7430,522.525
2026/08/01@16:15:28,7431,522.525
2026/08/01@16:15:29,7432,522.525
2026/08/01@16:15:30,7433,522.525
2026/08/01@16:15:31,7434,522.525
2026/08/01@16:15:32,7435,522.525
2026/08/01@16:15:33,7436,522.525
2026/08/01@16:15:34,7437,522.525
2026/08/01@16:15:35,7438,522.525
2026/08/01@16:15:36,7439,522.525
2026/08/01@16:15:37,7440,522.525
2026/08/01@16:15:38,7441,522.525
2026/08/01@16:15:40,7443,522.525
2026/08/01@16:15:41,7444,522.525
2026/08/01@16:15:42,7445,522.525
2026/08/01@16:15:43,7446,522.525
2026/08/01@16:15:44,7447,522.525
2026/08/01@16:15:45,7448,522.525
2026/08/01@16:15:46,7449,522.525
2026/08/01@16:15:47,7450,522.525
2026/08/01@16:15:48,7451,522.525
2026/08/01@16:15:49,7452,522.525
2026/08/01@16:15:50,7453,522.525
2026/08/01@16:15:52,7455,522.525
2026/08/01@16:15:53,7456,522.525
2026/08/01@16:15:54,7457,522.525
2026/08/01@16:15:55,7458,522.525
2026/08/01@16:15:56,7459,522.525
2026/08/01@16:15:57,7460,522.525
2026/08/01@16:15:58,7461,522.525
2026/08/01@16:15:59,7462,522.525
2026/08/01@16:16:00,7463,522.525
2026/08/01@16:16:01,7464,522.525
2026/08/01@16:16:02,7465,522.525
2026/08/01@16:16:04,7467,522.525
2026/08/01@16:16:05,7468,522.525
2026/08/01@16:16:06,7469,522.525
2026/08/01@16:16:07,7470,522.525
2026/08/01@16:16:08,7471,522.525
2026/08/01@16:16:09,7472,522.525
2026/08/01@16:16:10,7473,522.525
2026/08/01@16:16:11,7474,522.525
2026/08/01@16:16:12,7475,522.525
2026/08/01@16:16:13,7476,522.525
2026/08/01@16:16:14,7477,522.525
2026/08/01@16:16:16,7479,522.525
2026/08/01@16:16:17,7480,522.525
2026/08/01@16:16:18,7481,522.525
2026/08/01@16:16:19,7482,522.525
2026/08/01@16:16:20,7483,522.525
2026/08/01@16:16:21,7484,522.525
2026/08/01@16:16:22,7485,522.525
2026/08/01@16:16:23,7486,522.525
2026/08/01@16:16:24,7487,522.525
2026/08/01@16:16:25,7488,522.525
2026/08/01@16:16:26,7489,522.525
2026/08/01@16:16:28,7491,522.525
2026/08/01@16:16:29,7492,522.525
2026/08/01@16:16:30,7493,522.525
2026/08/01@16:16:31,7494,522.525
2026/08/01@16:16:32,7495,522.525
2026/08/01@16:16:33,7496,522.525
2026/08/01@16:16:34,7497,522.525
2026/08/01@16:16:35,7498,522.525
2026/08/01@16:16:36,7499,522.525
2026/08/01@16:16:37,7500,522.525
2026/08/01@16:16:38,7501,522.525
2026/08/01@16:16:39,7502,522.525
2026/08/01@16:16:41,7504,522.525
2026/08/01@16:16:42,7505,522.525
2026/08/01@16:16:43,7506,522.525
2026/08/01@16:16:44,7507,522.525
2026/08/01@16:16:45,7508,522.525
2026/08/01@16:16:46,7509,522.525
2026/08/01@16:16:47,7510,522.525
2026/08/01@16:16:48,7511,522.525
2026/08/01@16:16:49,7512,522.525
2026/08/01@16:16:50,7513,522.525
2026/08/01@16:16:51,7514,522.525
2026/08/01@16:16:53,7516,522.525
2026/08/01@16:16:54,7517,522.525
2026/08/01@16:16:55,7518,522.525
2026/08/01@16:16:56,7519,522.525
2026/08/01@16:16:57,7520,522.525
2026/08/01@16:16:58,7521,522.525
2026/08/01@16:16:59,7522,522.525
2026/08/01@16:17:00,7523,522.525
2026/08/01@16:17:01,7524,522.525
2026/08/01@16:17:02,7525,522.525
2026/08/01@16:17:03,7526,522.525
2026/08/01@16:17:05,7528,522.525
2026/08/01@16:17:06,7529,522.525
2026/08/01@16:17:07,7530,522.525
2026/08/01@16:17:08,7531,522.525
2026/08/01@16:17:09,7532,522.525
2026/08/01@16:17:10,7533,522.525
2026/08/01@16:17:11,7534,522.525
2026/08/01@16:17:12,7535,522.525
2026/08/01@16:17:13,7536,522.525
2026/08/01@16:17:14,7537,522.525
2026/08/01@16:17:15,7538,522.525
2026/08/01@16:17:17,7540,522.525
2026/08/01@16:17:18,7541,522.525
2026/08/01@16:17:19,7542,522.525
2026/08/01@16:17:20,7543,522.525
2026/08/01@16:17:21,7544,522.525
2026/08/01@16:17:22,7545,522.525
2026/08/01@16:17:23,7546,522.525
2026/08/01@16:17:24,7547,522.525
2026/08/01@16:17:25,7548,522.525
2026/08/01@16:17:26,7549,522.525
2026/08/01@16:17:27,7550,522.525
2026/08/01@16:17:28,7551,522.525
2026/08/01@16:17:30,7553,522.525
2026/08/01@16:17:31,7554,522.525
2026/08/01@16:17:32,7555,522.525
2026/08/01@16:17:33,7556,522.525
2026/08/01@16:17:34,7557,522.525
2026/08/01@16:17:35,7558,522.525
2026/08/01@16:17:36,7559,522.525
2026/08/01@16:17:37,7560,522.525
2026/08/01@16:17:38,7561,522.525
2026/08/01@16:17:39,7562,522.525
2026/08/01@16:17:40,7563,522.525
2026/08/01@16:17:42,7565,522.525
2026/08/01@16:17:43,7566,522.525
2026/08/01@16:17:44,7567,522.525
2026/08/01@16:17:45,7568,522.525
2026/08/01@16:17:46,7569,522.525
2026/08/01@16:17:47,7570,522.525
2026/08/01@16:17:48,7571,522.525
2026/08/01@16:17:49,7572,522.525
2026/08/01@16:17:50,7573,522.525
2026/08/01@16:17:51,7574,522.525
2026/08/01@16:17:52,7575,522.525
2026/08/01@16:17:53,7576,522.525
2026/08/01@16:17:55,7578,522.525
2026/08/01@16:17:56,7579,522.525
2026/08/01@16:17:57,7580,522.525
2026/08/01@16:17:58,7581,522.525
2026/08/01@16:17:59,7582,522.525
2026/08/01@16:18:00,7583,522.525
2026/08/01@16:18:01,7584,522.525
2026/08/01@16:18:02,7585,522.525
2026/08/01@16:18:03,7586,522.525
2026/08/01@16:18:04,7587,522.525
2026/08/01@16:18:05,7588,522.525
2026/08/01@16:18:07,7590,522.525
2026/08/01@16:18:08,7591,522.525
2026/08/01@16:18:09,7592,522.525
2026/08/01@16:18:10,7593,522.525
2026/08/01@16:18:11,7594,522.525
2026/08/01@16:18:12,7595,522.525
2026/08/01@16:18:13,7596,522.525
2026/08/01@16:18:14,7597,522.525
2026/08/01@16:18:15,7598,522.525
2026/08/01@16:18:16,7599,522.525
2026/08/01@16:18:17,7600,522.525
2026/08/01@16:18:19,7601,522.525
2026/08/01@16:18:20,7603,522.525
2026/08/01@16:18:21,7604,522.525
2026/08/01@16:18:22,7605,522.525
2026/08/01@16:18:23,7606,522.525
2026/08/01@16:18:24,7607,522.525
2026/08/01@16:18:25,7608,522.525
2026/08/01@16:18:26,7609,522.525
2026/08/01@16:18:27,7610,522.525
2026/08/01@16:18:28,7611,522.525
2026/08/01@16:18:29,7612,522.525
2026/08/01@16:18:30,7613,522.525
2026/08/01@16:18:32,7615,522.525
2026/08/01@16:18:33,7616,522.525
2026/08/01@16:18:34,7617,522.525
2026/08/01@16:18:35,7618,522.525
2026/08/01@16:18:36,7619,522.525
2026/08/01@16:18:37,7620,522.525
2026/08/01@16:18:38,7621,522.525
2026/08/01@16:18:39,7622,522.525
2026/08/01@16:18:40,7623,522.525
2026/08/01@16:18:41,7624,522.525
2026/08/01@16:18:42,7625,522.525
2026/08/01@16:18:44,7627,522.525
2026/08/01@16:18:45,7628,522.525
2026/08/01@16:18:46,7629,522.525
2026/08/01@16:18:47,7630,522.525
2026/08/01@16:18:48,7631,522.525
2026/08/01@16:18:49,7632,522.525
2026/08/01@16:18:50,7633,522.525
2026/08/01@16:18:51,7634,522.525
2026/08/01@16:18:52,7635,522.525
2026/08/01@16:18:53,7636,522.525
2026/08/01@16:18:54,7637,522.525
2026/08/01@16:18:56,7639,522.525
2026/08/01@16:18:57,7640,522.525
2026/08/01@16:18:58,7641,522.525
2026/08/01@16:18:59,7642,522.525
2026/08/01@16:19:00,7643,522.525
2026/08/01@16:19:01,7644,522.525
2026/08/01@16:19:02,7645,522.525
2026/08/01@16:19:03,7646,522.525
2026/08/01@16:19:04,7647,522.525
2026/08/01@16:19:05,7648,522.525
2026/08/01@16:19:06,7649,522.525
2026/08/01@16:19:08,7651,522.525
2026/08/01@16:19:09,7652,522.525
2026/08/01@16:19:10,7653,522.525
2026/08/01@16:19:11,7654,522.525
2026/08/01@16:19:12,7655,522.525
2026/08/01@16:19:13,7656,522.525
2026/08/01@16:19:14,7657,522.525
2026/08/01@16:19:15,7658,522.525
2026/08/01@16:19:16,7659,522.525
2026/08/01@16:19:17,7660,522.525
2026/08/01@16:19:18,7661,522.525
2026/08/01@16:19:19,7662,522.525
2026/08/01@16:19:21,7664,522.525
2026/08/01@16:19:22,7665,522.525
2026/08/01@16:19:23,7666,522.525
2026/08/01@16:19:24,7667,522.525
2026/08/01@16:19:25,7668,522.525
2026/08/01@16:19:26,7669,522.525
2026/08/01@16:19:27,7670,522.525
2026/08/01@16:19:28,7671,522.525
2026/08/01@16:19:29,7672,522.525
2026/08/01@16:19:30,7673,522.525
2026/08/01@16:19:31,7674,522.525
2026/08/01@16:19:33,7676,522.525
2026/08/01@16:19:34,7677,522.525
2026/08/01@16:19:35,7678,522.525
2026/08/01@16:19:36,7679,522.525
2026/08/01@16:19:37,7680,522.525
2026/08/01@16:19:38,7681,522.525
2026/08/01@16:19:39,7682,522.525
2026/08/01@16:19:40,7683,522.525
2026/08/01@16:19:41,7684,522.525
2026/08/01@16:19:42,7685,522.525
2026/08/01@16:19:43,7686,522.525
2026/08/01@16:19:45,7688,522.525
2026/08/01@16:19:46,7689,522.525
2026/08/01@16:19:47,7690,522.525
2026/08/01@16:19:48,7691,522.525
2026/08/01@16:19:49,7692,522.525
2026/08/01@16:19:50,7693,522.525
2026/08/01@16:19:51,7694,522.525
2026/08/01@16:19:52,7695,522.525
2026/08/01@16:19:53,7696,522.525
2026/08/01@16:19:54,7697,522.525
2026/08/01@16:19:55,7698,522.525
2026/08/01@16:19:57,7700,522.525
2026/08/01@16:19:58,7701,522.525
2026/08/01@16:19:59,7702,522.525
2026/08/01@16:20:00,7703,522.525
2026/08/01@16:20:01,7704,522.525
2026/08/01@16:20:02,7705,522.525
2026/08/01@16:20:03,7706,522.525
2026/08/01@16:20:04,7707,522.525
2026/08/01@16:20:05,7708,522.525
2026/08/01@16:20:06,7709,522.525
2026/08/01@16:20:07,7710,522.525
2026/08/01@16:20:09,7712,522.525
2026/08/01@16:20:10,7713,522.525
2026/08/01@16:20:11,7714,522.525
2026/08/01@16:20:12,7715,522.525
2026/08/01@16:20:13,7716,522.525
2026/08/01@16:20:14,7717,522.525
2026/08/01@16:20:15,7718,522.525
2026/08/01@16:20:16,7719,522.525
2026/08/01@16:20:17,7720,522.525
2026/08/01@16:20:18,7721,522.525
2026/08/01@16:20:19,7722,522.525
2026/08/01@16:20:21,7723,522.525
2026/08/01@16:20:22,7725,522.525
2026/08/01@16:20:23,7726,522.525
2026/08/01@16:20:24,7727,522.525
2026/08/01@16:20:25,7728,522.525
2026/08/01@16:20:26,7729,522.525
2026/08/01@16:20:27,7730,522.525
2026/08/01@16:20:28,7731,522.525
2026/08/01@16:20:29,7732,522.525
2026/08/01@16:20:30,7733,522.525
2026/08/01@16:20:31,7734,522.525
2026/08/01@16:20:32,7735,522.525
2026/08/01@16:20:34,7737,522.525
2026/08/01@16:20:35,7738,522.525
2026/08/01@16:20:36,7739,522.525
2026/08/01@16:20:37,7740,522.525
2026/08/01@16:20:38,7741,522.525
2026/08/01@16:20:39,7742,522.525
2026/08/01@16:20:40,7743,522.525
2026/08/01@16:20:41,7744,522.525
2026/08/01@16:20:42,7745,522.525
2026/08/01@16:20:43,7746,522.525
2026/08/01@16:20:44,7747,522.525
2026/08/01@16:20:46,7749,522.525
2026/08/01@16:20:47,7750,522.525
2026/08/01@16:20:48,7751,522.525
2026/08/01@16:20:49,7752,522.525
2026/08/01@16:20:50,7753,522.525
2026/08/01@16:20:51,7754,522.525
2026/08/01@16:20:52,7755,522.525
2026/08/01@16:20:53,7756,522.525
2026/08/01@16:20:54,7757,522.525
2026/08/01@16:20:55,7758,522.525
2026/08/01@16:20:56,7759,522.525
2026/08/01@16:20:58,7761,522.525
2026/08/01@16:20:59,7762,522.525
2026/08/01@16:21:00,7763,522.525
2026/08/01@16:21:01,7764,522.525
2026/08/01@16:21:02,7765,522.525
2026/08/01@16:21:03,7766,522.525
2026/08/01@16:21:04,7767,522.525
2026/08/01@16:21:05,7768,522.525
2026/08/01@16:21:06,7769,522.525
2026/08/01@16:21:07,7770,522.525
2026/08/01@16:21:08,7771,522.525
2026/08/01@16:21:10,7773,522.525
2026/08/01@16:21:11,7774,522.525
2026/08/01@16:21:12,7775,522.525
2026/08/01@16:21:13,7776,522.525
2026/08/01@16:21:14,7777,522.525
2026/08/01@16:21:15,7778,522.525
2026/08/01@16:21:16,7779,522.525
2026/08/01@16:21:17,7780,522.525
2026/08/01@16:21:18,7781,522.525
2026/08/01@16:21:19,7782,522.525
2026/08/01@16:21:20,7783,522.525
2026/08/01@16:21:21,7784,522.525
2026/08/01@16:21:23,7786,522.525
2026/08/01@16:21:24,7787,522.525
2026/08/01@16:21:25,7788,522.525
2026/08/01@16:21:26,7789,522.525
2026/08/01@16:21:27,7790,522.525
2026/08/01@16:21:28,7791,522.525
2026/08/01@16:21:29,7792,522.525
2026/08/01@16:21:30,7793,522.525
2026/08/01@16:21:31,7794,522.525
2026/08/01@16:21:32,7795,522.525
2026/08/01@16:21:33,7796,522.525
2026/08/01@16:21:35,7798,522.525
2026/08/01@16:21:36,7799,522.525
2026/08/01@16:21:37,7800,522.525
2026/08/01@16:21:38,7801,522.525
2026/08/01@16:21:39,7802,522.525
2026/08/01@16:21:40,7803,522.525
2026/08/01@16:21:41,7804,522.525
2026/08/01@16:21:42,7805,522.525
2026/08/01@16:21:43,7806,522.525
2026/08/01@16:21:44,7807,522.525
2026/08/01@16:21:45,7808,522.525
2026/08/01@16:21:47,7810,522.525
2026/08/01@16:21:48,7811,522.525
2026/08/01@16:21:49,7812,522.525
2026/08/01@16:21:50,7813,522.025
2026/08/01@16:21:51,7814,522.525
2026/08/01@16:21:52,7815,522.525
2026/08/01@16:21:53,7816,522.525
2026/08/01@16:21:54,7817,522.525
2026/08/01@16:21:55,7818,522.525
2026/08/01@16:21:56,7819,522.525
2026/08/01@16:21:57,7820,522.525
2026/08/01@16:21:59,7822,522.525
2026/08/01@16:22:00,7823,522.525
2026/08/01@16:22:01,7824,522.525
2026/08/01@16:22:02,7825,522.525
2026/08/01@16:22:03,7826,522.525
2026/08/01@16:22:04,7827,522.525
2026/08/01@16:22:05,7828,522.525
2026/08/01@16:22:06,7829,522.525
2026/08/01@16:22:07,7830,522.525
2026/08/01@16:22:08,7831,522.525
2026/08/01@16:22:09,7832,522.525
2026/08/01@16:22:11,7834,522.525
2026/08/01@16:22:12,7835,522.525
2026/08/01@16:22:13,7836,522.525
2026/08/01@16:22:14,7837,522.525
2026/08/01@16:22:15,7838,522.525
2026/08/01@16:22:16,7839,522.525
2026/08/01@16:22:17,7840,522.525
2026/08/01@16:22:18,7841,522.525
2026/08/01@16:22:19,7842,522.525
2026/08/01@16:22:20,7843,522.525
2026/08/01@16:22:21,7844,522.525
2026/08/01@16:22:22,7845,522.525
2026/08/01@16:22:24,7847,522.525
2026/08/01@16:22:25,7848,522.525
2026/08/01@16:22:26,7849,522.525
2026/08/01@16:22:27,7850,522.525
2026/08/01@16:22:28,7851,522.525
2026/08/01@16:22:29,7852,522.525
2026/08/01@16:22:30,7853,522.525
2026/08/01@16:22:31,7854,522.525
2026/08/01@16:22:32,7855,522.525
2026/08/01@16:22:33,7856,522.525
2026/08/01@16:22:34,7857,522.525
2026/08/01@16:22:36,7859,522.525
2026/08/01@16:22:37,7860,522.525
2026/08/01@16:22:38,7861,522.525
2026/08/01@16:22:39,7862,522.525
2026/08/01@16:22:40,7863,522.525
2026/08/01@16:22:41,7864,522.525
2026/08/01@16:22:42,7865,522.525
2026/08/01@16:22:43,7866,522.525
2026/08/01@16:22:44,7867,522.525
2026/08/01@16:22:45,7868,522.525
2026/08/01@16:22:46,7869,522.525
2026/08/01@16:22:48,7871,522.525
2026/08/01@16:22:49,7872,522.525
2026/08/01@16:22:50,7873,522.525
2026/08/01@16:22:51,7874,522.525
2026/08/01@16:22:52,7875,522.525
2026/08/01@16:22:53,7876,522.525
2026/08/01@16:22:54,7877,522.525
2026/08/01@16:22:55,7878,522.525
2026/08/01@16:22:56,7879,522.525
2026/08/01@16:22:57,7880,522.525
2026/08/01@16:22:58,7881,522.025
2026/08/01@16:23:00,7883,522.525
2026/08/01@16:23:01,7884,522.525
2026/08/01@16:23:02,7885,522.525
2026/08/01@16:23:03,7886,522.525
2026/08/01@16:23:04,7887,522.525
2026/08/01@16:23:05,7888,522.525
2026/08/01@16:23:06,7889,522.525
2026/08/01@16:23:07,7890,522.525
2026/08/01@16:23:08,7891,522.525
2026/08/01@16:23:09,7892,522.525
2026/08/01@16:23:10,7893,522.525
2026/08/01@16:23:11,7894,522.525
2026/08/01@16:23:13,7896,522.525
2026/08/01@16:23:14,7897,522.525
2026/08/01@16:23:15,7898,522.525
2026/08/01@16:23:16,7899,522.525
2026/08/01@16:23:17,7900,522.525
2026/08/01@16:23:18,7901,522.525
2026/08/01@16:23:19,7902,522.525
2026/08/01@16:23:20,7903,522.525
2026/08/01@16:23:21,7904,522.525
2026/08/01@16:23:22,7905,522.525
2026/08/01@16:23:23,7906,522.525
2026/08/01@16:23:25,7908,522.525
2026/08/01@16:23:26,7909,522.525
2026/08/01@16:23:27,7910,522.525
2026/08/01@16:23:28,7911,522.525
2026/08/01@16:23:29,7912,522.525
2026/08/01@16:23:30,7913,522.525
2026/08/01@16:23:31,7914,522.525
2026/08/01@16:23:32,7915,522.525
2026/08/01@16:23:33,7916,522.525
2026/08/01@16:23:34,7917,522.525
2026/08/01@16:23:35,7918,522.525
2026/08/01@16:23:37,7920,522.525
2026/08/01@16:23:38,7921,522.525
2026/08/01@16:23:39,7922,522.525
2026/08/01@16:23:40,7923,522.525
2026/08/01@16:23:41,7924,522.525
2026/08/01@16:23:42,7925,522.525
2026/08/01@16:23:43,7926,522.525
2026/08/01@16:23:44,7927,522.525
2026/08/01@16:23:45,7928,522.525
2026/08/01@16:23:46,7929,522.525
2026/08/01@16:23:47,7930,522.525
2026/08/01@16:23:49,7932,522.525
2026/08/01@16:23:50,7933,522.525
2026/08/01@16:23:51,7934,522.525
2026/08/01@16:23:52,7935,522.525
2026/08/01@16:23:53,7936,522.525
2026/08/01@16:23:54,7937,522.525
2026/08/01@16:23:55,7938,522.525
2026/08/01@16:23:56,7939,522.525
2026/08/01@16:23:57,7940,522.525
2026/08/01@16:23:58,7941,522.525
2026/08/01@16:23:59,7942,522.525
2026/08/01@16:24:01,7943,522.525
2026/08/01@16:24:02,7945,522.525
2026/08/01@16:24:03,7946,522.525
2026/08/01@16:24:04,7947,522.525
2026/08/01@16:24:05,7948,522.525
2026/08/01@16:24:06,7949,522.525
2026/08/01@16:24:07,7950,522.525
2026/08/01@16:24:08,7951,522.525
2026/08/01@16:24:09,7952,522.525
2026/08/01@16:24:10,7953,522.525
2026/08/01@16:24:11,7954,522.525
2026/08/01@16:24:12,7955,522.525
2026/08/01@16:24:14,7957,522.525
2026/08/01@16:24:15,7958,522.525
2026/08/01@16:24:16,7959,522.525
2026/08/01@16:24:17,7960,522.525
2026/08/01@16:24:18,7961,522.525
2026/08/01@16:24:19,7962,522.525
2026/08/01@16:24:20,7963,522.525
2026/08/01@16:24:21,7964,522.525
2026/08/01@16:24:22,7965,522.525
2026/08/01@16:24:23,7966,522.525
2026/08/01@16:24:24,7967,522.525
2026/08/01@16:24:26,7969,522.525
2026/08/01@16:24:27,7970,522.525
2026/08/01@16:24:28,7971,522.525
2026/08/01@16:24:29,7972,522.525
2026/08/01@16:24:30,7973,522.525
2026/08/01@16:24:31,7974,522.525
2026/08/01@16:24:32,7975,522.525
2026/08/01@16:24:33,7976,522.525
2026/08/01@16:24:34,7977,522.525
2026/08/01@16:24:35,7978,522.525
2026/08/01@16:24:36,7979,522.525
2026/08/01@16:24:38,7981,522.525
2026/08/01@16:24:39,7982,522.525
2026/08/01@16:24:40,7983,522.525
2026/08/01@16:24:41,7984,522.525
2026/08/01@16:24:42,7985,522.525
2026/08/01@16:24:43,7986,522.525
2026/08/01@16:24:44,7987,522.525
2026/08/01@16:24:45,7988,522.525
2026/08/01@16:24:46,7989,522.525
2026/08/01@16:24:47,7990,522.525
2026/08/01@16:24:48,7991,522.525
2026/08/01@16:24:50,7993,522.525
2026/08/01@16:24:51,7994,522.525
2026/08/01@16:24:52,7995,522.525
2026/08/01@16:24:53,7996,522.525
2026/08/01@16:24:54,7997,522.525
2026/08/01@16:24:55,7998,522.525
2026/08/01@16:24:56,7999,522.525
2026/08/01@16:24:57,8000,522.525
2026/08/01@16:24:58,8001,522.525
2026/08/01@16:24:59,8002,522.525
2026/08/01@16:25:00,8003,522.525
2026/08/01@16:25:02,8004,522.525
2026/08/01@16:25:03,8006,522.525
2026/08/01@16:25:04,8007,522.525
2026/08/01@16:25:05,8008,522.525
2026/08/01@16:25:06,8009,522.525
2026/08/01@16:25:07,8010,522.525
2026/08/01@16:25:08,8011,522.525
2026/08/01@16:25:09,8012,522.525
2026/08/01@16:25:10,8013,522.525
2026/08/01@16:25:11,8014,522.525
2026/08/01@16:25:12,8015,522.525
2026/08/01@16:25:13,8016,522.525
2026/08/01@16:25:15,8018,522.525
2026/08/01@16:25:16,8019,522.025
2026/08/01@16:25:17,8020,522.525
2026/08/01@16:25:18,8021,522.525
2026/08/01@16:25:19,8022,522.525
2026/08/01@16:25:20,8023,522.525
2026/08/01@16:25:21,8024,522.525
2026/08/01@16:25:22,8025,522.525
2026/08/01@16:25:23,8026,522.525
2026/08/01@16:25:24,8027,522.525
2026/08/01@16:25:25,8028,522.525
2026/08/01@16:25:27,8030,522.525
2026/08/01@16:25:28,8031,522.525
2026/08/01@16:25:29,8032,522.525
2026/08/01@16:25:30,8033,522.525
2026/08/01@16:25:31,8034,522.525
2026/08/01@16:25:32,8035,522.525
2026/08/01@16:25:33,8036,522.525
2026/08/01@16:25:34,8037,522.525
2026/08/01@16:25:35,8038,522.525
2026/08/01@16:25:36,8039,522.525
2026/08/01@16:25:37,8040,522.525
2026/08/01@16:25:39,8042,522.025
2026/08/01@16:25:40,8043,522.525
2026/08/01@16:25:41,8044,522.525
2026/08/01@16:25:42,8045,522.525
2026/08/01@16:25:43,8046,522.525
2026/08/01@16:25:44,8047,522.525
2026/08/01@16:25:45,8048,522.525
2026/08/01@16:25:46,8049,522.525
2026/08/01@16:25:47,8050,522.525
2026/08/01@16:25:48,8051,522.525
2026/08/01@16:25:49,8052,522.525
2026/08/01@16:25:51,8054,522.525
2026/08/01@16:25:52,8055,522.525
2026/08/01@16:25:53,8056,522.525
2026/08/01@16:25:54,8057,522.525
2026/08/01@16:25:55,8058,522.525
2026/08/01@16:25:56,8059,522.525
2026/08/01@16:25:57,8060,522.525
2026/08/01@16:25:58,8061,522.525
2026/08/01@16:25:59,8062,522.525
2026/08/01@16:26:00,8063,522.525
2026/08/01@16:26:01,8064,522.525
2026/08/01@16:26:02,8065,522.525
2026/08/01@16:26:04,8067,522.525
2026/08/01@16:26:05,8068,522.525
2026/08/01@16:26:06,8069,522.525
2026/08/01@16:26:07,8070,522.525
2026/08/01@16:26:08,8071,522.525
2026/08/01@16:26:09,8072,522.525
2026/08/01@16:26:10,8073,522.525
2026/08/01@16:26:11,8074,522.525
2026/08/01@16:26:12,8075,522.525
2026/08/01@16:26:13,8076,522.525
2026/08/01@16:26:14,8077,522.525
2026/08/01@16:26:16,8079,522.525
2026/08/01@16:26:17,8080,522.525
2026/08/01@16:26:18,8081,522.525
2026/08/01@16:26:19,8082,522.525
2026/08/01@16:26:20,8083,522.525
2026/08/01@16:26:21,8084,522.525
2026/08/01@16:26:22,8085,522.525
2026/08/01@16:26:23,8086,522.525
2026/08/01@16:26:24,8087,522.525
2026/08/01@16:26:25,8088,522.525
2026/08/01@16:26:26,8089,522.525
2026/08/01@16:26:28,8091,522.525
2026/08/01@16:26:29,8092,522.525
2026/08/01@16:26:30,8093,522.525
2026/08/01@16:26:31,8094,522.525
2026/08/01@16:26:32,8095,522.525
2026/08/01@16:26:33,8096,522.525
2026/08/01@16:26:34,8097,522.525
2026/08/01@16:26:35,8098,522.525
2026/08/01@16:26:36,8099,522.525
2026/08/01@16:26:37,8100,522.525
2026/08/01@16:26:38,8101,522.525
2026/08/01@16:26:40,8103,522.525
2026/08/01@16:26:41,8104,522.525
2026/08/01@16:26:42,8105,522.525
2026/08/01@16:26:43,8106,522.525
2026/08/01@16:26:44,8107,522.525
2026/08/01@16:26:45,8108,522.525
2026/08/01@16:26:46,8109,522.525
2026/08/01@16:26:47,8110,522.525
2026/08/01@16:26:48,8111,522.525
2026/08/01@16:26:49,8112,522.525
2026/08/01@16:26:50,8113,522.525
2026/08/01@16:26:52,8115,522.525
2026/08/01@16:26:53,8116,522.525
2026/08/01@16:26:54,8117,522.525
2026/08/01@16:26:55,8118,522.525
2026/08/01@16:26:56,8119,522.525
2026/08/01@16:26:57,8120,522.525
2026/08/01@16:26:58,8121,522.525
2026/08/01@16:26:59,8122,522.525
2026/08/01@16:27:00,8123,522.525
2026/08/01@16:27:01,8124,522.525
2026/08/01@16:27:02,8125,522.525
2026/08/01@16:27:03,8126,522.525
2026/08/01@16:27:05,8128,522.525
2026/08/01@16:27:06,8129,522.525
2026/08/01@16:27:07,8130,522.525
2026/08/01@16:27:08,8131,522.525
2026/08/01@16:27:09,8132,522.525
2026/08/01@16:27:10,8133,522.525
2026/08/01@16:27:11,8134,522.525
2026/08/01@16:27:12,8135,522.525
2026/08/01@16:27:13,8136,522.525
2026/08/01@16:27:14,8137,522.525
2026/08/01@16:27:15,8138,522.525
2026/08/01@16:27:17,8140,522.525
2026/08/01@16:27:18,8141,522.525
2026/08/01@16:27:19,8142,522.525
2026/08/01@16:27:20,8143,522.525
2026/08/01@16:27:21,8144,522.525
2026/08/01@16:27:22,8145,522.525
2026/08/01@16:27:23,8146,522.525
2026/08/01@16:27:24,8147,522.525
2026/08/01@16:27:25,8148,522.525
2026/08/01@16:27:26,8149,522.525
2026/08/01@16:27:27,8150,522.525
2026/08/01@16:27:29,8152,522.525
2026/08/01@16:27:30,8153,522.525
2026/08/01@16:27:31,8154,522.525
2026/08/01@16:27:32,8155,522.525
2026/08/01@16:27:33,8156,522.525
2026/08/01@16:27:34,8157,522.525
2026/08/01@16:27:35,8158,522.525
2026/08/01@16:27:36,8159,522.525
2026/08/01@16:27:37,8160,522.525
2026/08/01@16:27:38,8161,522.525
2026/08/01@16:27:39,8162,522.525
2026/08/01@16:27:41,8164,522.525
2026/08/01@16:27:42,8165,522.025
2026/08/01@16:27:43,8166,522.525
2026/08/01@16:27:44,8167,522.525
2026/08/01@16:27:45,8168,522.525
2026/08/01@16:27:46,8169,522.525
2026/08/01@16:27:47,8170,522.525
2026/08/01@16:27:48,8171,522.525
2026/08/01@16:27:49,8172,522.525
2026/08/01@16:27:50,8173,522.525
2026/08/01@16:27:51,8174,522.525
2026/08/01@16:27:52,8175,522.525
2026/08/01@16:27:54,8177,522.525
2026/08/01@16:27:55,8178,522.525
2026/08/01@16:27:56,8179,522.525
2026/08/01@16:27:57,8180,522.525
2026/08/01@16:27:58,8181,522.525
2026/08/01@16:27:59,8182,522.525
2026/08/01@16:28:00,8183,522.525
2026/08/01@16:28:01,8184,522.525
2026/08/01@16:28:02,8185,522.525
2026/08/01@16:28:03,8186,522.525
2026/08/01@16:28:04,8187,522.525
2026/08/01@16:28:06,8189,522.025
2026/08/01@16:28:07,8190,522.525
2026/08/01@16:28:08,8191,522.525
2026/08/01@16:28:09,8192,522.525
2026/08/01@16:28:10,8193,522.525
2026/08/01@16:28:11,8194,522.525
2026/08/01@16:28:12,8195,522.525
2026/08/01@16:28:13,8196,522.525
2026/08/01@16:28:14,8197,522.525
2026/08/01@16:28:15,8198,522.525
2026/08/01@16:28:16,8199,522.525
2026/08/01@16:28:18,8201,522.525
2026/08/01@16:28:19,8202,522.525
2026/08/01@16:28:20,8203,522.525
2026/08/01@16:28:21,8204,522.525
2026/08/01@16:28:22,8205,522.525
2026/08/01@16:28:23,8206,522.525
2026/08/01@16:28:24,8207,522.025
2026/08/01@16:28:25,8208,522.525
2026/08/01@16:28:26,8209,522.525
2026/08/01@16:28:27,8210,522.525
2026/08/01@16:28:28,8211,522.525
2026/08/01@16:28:30,8213,522.525
2026/08/01@16:28:31,8214,522.525
2026/08/01@16:28:32,8215,522.525
2026/08/01@16:28:33,8216,522.525
2026/08/01@16:28:34,8217,522.525
2026/08/01@16:28:35,8218,522.525
2026/08/01@16:28:36,8219,522.525
2026/08/01@16:28:37,8220,522.525
2026/08/01@16:28:38,8221,522.525
2026/08/01@16:28:39,8222,522.525
2026/08/01@16:28:40,8223,522.525
2026/08/01@16:28:42,8225,522.525
2026/08/01@16:28:43,8226,522.525
2026/08/01@16:28:44,8227,522.525
2026/08/01@16:28:45,8228,522.525
2026/08/01@16:28:46,8229,522.525
2026/08/01@16:28:47,8230,522.525
2026/08/01@16:28:48,8231,522.525
2026/08/01@16:28:49,8232,522.025
2026/08/01@16:28:50,8233,522.525
2026/08/01@16:28:51,8234,522.525
2026/08/01@16:28:52,8235,522.525
2026/08/01@16:28:53,8236,522.525
2026/08/01@16:28:55,8238,522.525
2026/08/01@16:28:56,8239,522.525
2026/08/01@16:28:57,8240,522.525
2026/08/01@16:28:58,8241,522.525
2026/08/01@16:28:59,8242,522.525
2026/08/01@16:29:00,8243,522.525
2026/08/01@16:29:01,8244,522.525
2026/08/01@16:29:02,8245,522.525
2026/08/01@16:29:03,8246,522.525
2026/08/01@16:29:04,8247,522.525
2026/08/01@16:29:05,8248,522.525
2026/08/01@16:29:07,8250,522.525
2026/08/01@16:29:08,8251,522.525
2026/08/01@16:29:09,8252,522.525
2026/08/01@16:29:10,8253,522.525
2026/08/01@16:29:11,8254,522.525
2026/08/01@16:29:12,8255,522.525
2026/08/01@16:29:13,8256,522.525
2026/08/01@16:29:14,8257,522.525
2026/08/01@16:29:15,8258,522.525
2026/08/01@16:29:16,8259,522.525
2026/08/01@16:29:17,8260,522.025
2026/08/01@16:29:19,8262,522.525
2026/08/01@16:29:20,8263,522.525
2026/08/01@16:29:21,8264,522.525
2026/08/01@16:29:22,8265,522.525
2026/08/01@16:29:23,8266,522.525
2026/08/01@16:29:24,8267,522.525
2026/08/01@16:29:25,8268,522.525
2026/08/01@16:29:26,8269,522.525
2026/08/01@16:29:27,8270,522.525
2026/08/01@16:29:28,8271,522.525
2026/08/01@16:29:29,8272,522.525
2026/08/01@16:29:31,8274,522.525
2026/08/01@16:29:32,8275,522.525
2026/08/01@16:29:33,8276,522.525
2026/08/01@16:29:34,8277,522.525
2026/08/01@16:29:35,8278,522.525
2026/08/01@16:29:36,8279,522.525
2026/08/01@16:29:37,8280,522.525
2026/08/01@16:29:38,8281,522.525
2026/08/01@16:29:39,8282,522.525
2026/08/01@16:29:40,8283,522.525
2026/08/01@16:29:41,8284,522.525
2026/08/01@16:29:43,8286,522.525
2026/08/01@16:29:44,8287,522.525
2026/08/01@16:29:45,8288,522.525
2026/08/01@16:29:46,8289,522.525
2026/08/01@16:29:47,8290,522.525
2026/08/01@16:29:48,8291,522.525
2026/08/01@16:29:49,8292,522.525
2026/08/01@16:29:50,8293,522.525
2026/08/01@16:29:51,8294,522.525
2026/08/01@16:29:52,8295,522.525
2026/08/01@16:29:53,8296,522.525
2026/08/01@16:29:55,8297,522.525
2026/08/01@16:29:56,8299,522.525
2026/08/01@16:29:57,8300,522.525
2026/08/01@16:29:58,8301,522.525
2026/08/01@16:29:59,8302,522.525
2026/08/01@16:30:00,8303,522.525
2026/08/01@16:30:01,8304,522.525
2026/08/01@16:30:02,8305,522.525
2026/08/01@16:30:03,8306,522.525
2026/08/01@16:30:04,8307,522.525
2026/08/01@16:30:05,8308,522.525
2026/08/01@16:30:06,8309,522.525
2026/08/01@16:30:08,8311,522.525
2026/08/01@16:30:09,8312,522.525
2026/08/01@16:30:10,8313,522.525
2026/08/01@16:30:11,8314,522.525
2026/08/01@16:30:12,8315,522.525
2026/08/01@16:30:13,8316,522.525
2026/08/01@16:30:14,8317,522.525
2026/08/01@16:30:15,8318,522.525
2026/08/01@16:30:16,8319,522.525
2026/08/01@16:30:17,8320,522.525
2026/08/01@16:30:18,8321,522.525
2026/08/01@16:30:20,8323,522.525
2026/08/01@16:30:21,8324,522.525
2026/08/01@16:30:22,8325,522.525
2026/08/01@16:30:23,8326,522.525
2026/08/01@16:30:24,8327,522.525
2026/08/01@16:30:25,8328,522.525
2026/08/01@16:30:26,8329,522.525
2026/08/01@16:30:27,8330,522.525
2026/08/01@16:30:28,8331,522.525
2026/08/01@16:30:29,8332,522.525
2026/08/01@16:30:30,8333,522.525
2026/08/01@16:30:32,8335,522.525
2026/08/01@16:30:33,8336,522.525
2026/08/01@16:30:34,8337,522.525
2026/08/01@16:30:35,8338,522.525
2026/08/01@16:30:36,8339,522.525
2026/08/01@16:30:37,8340,522.525
2026/08/01@16:30:38,8341,522.525
2026/08/01@16:30:39,8342,522.525
2026/08/01@16:30:40,8343,522.525
2026/08/01@16:30:41,8344,522.525
2026/08/01@16:30:42,8345,522.525
2026/08/01@16:30:44,8347,522.525
2026/08/01@16:30:45,8348,522.525
2026/08/01@16:30:46,8349,522.525
2026/08/01@16:30:47,8350,522.525
2026/08/01@16:30:48,8351,522.525
2026/08/01@16:30:49,8352,522.525
2026/08/01@16:30:50,8353,522.525
2026/08/01@16:30:51,8354,522.525
2026/08/01@16:30:52,8355,522.525
2026/08/01@16:30:53,8356,522.525
2026/08/01@16:30:54,8357,522.525
2026/08/01@16:30:55,8358,522.525
2026/08/01@16:30:57,8360,522.525
2026/08/01@16:30:58,8361,522.525
2026/08/01@16:30:59,8362,522.525
2026/08/01@16:31:00,8363,522.525
2026/08/01@16:31:01,8364,522.525
2026/08/01@16:31:02,8365,522.525
2026/08/01@16:31:03,8366,522.525
2026/08/01@16:31:04,8367,522.525
2026/08/01@16:31:05,8368,522.525
2026/08/01@16:31:06,8369,522.525
2026/08/01@16:31:07,8370,522.525
2026/08/01@16:31:09,8372,522.525
2026/08/01@16:31:10,8373,522.525
2026/08/01@16:31:11,8374,522.525
2026/08/01@16:31:12,8375,522.525
2026/08/01@16:31:13,8376,522.525
2026/08/01@16:31:14,8377,522.525
2026/08/01@16:31:15,8378,522.525
2026/08/01@16:31:16,8379,522.525
2026/08/01@16:31:17,8380,522.525
2026/08/01@16:31:18,8381,522.525
2026/08/01@16:31:19,8382,522.525
2026/08/01@16:31:21,8384,522.525
2026/08/01@16:31:22,8385,522.525
2026/08/01@16:31:23,8386,522.525
2026/08/01@16:31:24,8387,522.525
2026/08/01@16:31:25,8388,522.525
2026/08/01@16:31:26,8389,522.525
2026/08/01@16:31:27,8390,522.525
2026/08/01@16:31:28,8391,522.525
2026/08/01@16:31:29,8392,522.525
2026/08/01@16:31:30,8393,522.525
2026/08/01@16:31:31,8394,522.525
2026/08/01@16:31:33,8396,522.525
2026/08/01@16:31:34,8397,522.525
2026/08/01@16:31:35,8398,522.525
2026/08/01@16:31:36,8399,522.525
2026/08/01@16:31:37,8400,522.525
2026/08/01@16:31:38,8401,522.525
2026/08/01@16:31:39,8402,522.525
2026/08/01@16:31:40,8403,522.525
2026/08/01@16:31:41,8404,522.525
2026/08/01@16:31:42,8405,522.525
2026/08/01@16:31:43,8406,522.525
2026/08/01@16:31:45,8408,522.525
2026/08/01@16:31:46,8409,522.525
2026/08/01@16:31:47,8410,522.525
2026/08/01@16:31:48,8411,522.525
2026/08/01@16:31:49,8412,522.525
2026/08/01@16:31:50,8413,522.525
2026/08/01@16:31:51,8414,522.525
2026/08/01@16:31:52,8415,522.525
2026/08/01@16:31:53,8416,522.525
2026/08/01@16:31:54,8417,522.525
2026/08/01@16:31:55,8418,522.525
2026/08/01@16:31:57,8419,522.525
2026/08/01@16:31:58,8421,522.525
2026/08/01@16:31:59,8422,522.525
2026/08/01@16:32:00,8423,522.525
2026/08/01@16:32:01,8424,522.525
2026/08/01@16:32:02,8425,522.525
2026/08/01@16:32:03,8426,522.525
2026/08/01@16:32:04,8427,522.525
2026/08/01@16:32:05,8428,522.525
2026/08/01@16:32:06,8429,522.525
2026/08/01@16:32:07,8430,522.525
2026/08/01@16:32:08,8431,522.525
2026/08/01@16:32:10,8433,522.525
2026/08/01@16:32:11,8434,522.525
2026/08/01@16:32:12,8435,522.525
2026/08/01@16:32:13,8436,522.525
2026/08/01@16:32:14,8437,522.525
2026/08/01@16:32:15,8438,522.525
2026/08/01@16:32:16,8439,522.525
2026/08/01@16:32:17,8440,522.525
2026/08/01@16:32:18,8441,522.525
2026/08/01@16:32:19,8442,522.525
2026/08/01@16:32:20,8443,522.525
2026/08/01@16:32:22,8445,522.525
2026/08/01@16:32:23,8446,522.525
2026/08/01@16:32:24,8447,522.525
2026/08/01@16:32:25,8448,522.525
2026/08/01@16:32:26,8449,522.525
2026/08/01@16:32:27,8450,522.525
2026/08/01@16:32:28,8451,522.525
2026/08/01@16:32:29,8452,522.525
2026/08/01@16:32:30,8453,522.525
2026/08/01@16:32:31,8454,522.525
2026/08/01@16:32:32,8455,522.525
2026/08/01@16:32:34,8457,522.525
2026/08/01@16:32:35,8458,522.525
2026/08/01@16:32:36,8459,522.525
2026/08/01@16:32:37,8460,522.525
2026/08/01@16:32:38,8461,522.525
2026/08/01@16:32:39,8462,522.525
2026/08/01@16:32:40,8463,522.525
2026/08/01@16:32:41,8464,522.525
2026/08/01@16:32:42,8465,522.525
2026/08/01@16:32:43,8466,522.525
2026/08/01@16:32:44,8467,522.525
2026/08/01@16:32:46,8469,522.525
2026/08/01@16:32:47,8470,522.525
2026/08/01@16:32:48,8471,522.525
2026/08/01@16:32:49,8472,522.525
2026/08/01@16:32:50,8473,522.525
2026/08/01@16:32:51,8474,522.525
2026/08/01@16:32:52,8475,522.525
2026/08/01@16:32:53,8476,522.525
2026/08/01@16:32:54,8477,522.525
2026/08/01@16:32:55,8478,522.525
2026/08/01@16:32:56,8479,522.525
2026/08/01@16:32:57,8480,522.525
2026/08/01@16:32:59,8482,522.525
2026/08/01@16:33:00,8483,522.525
2026/08/01@16:33:01,8484,522.525
2026/08/01@16:33:02,8485,522.525
2026/08/01@16:33:03,8486,522.525
2026/08/01@16:33:04,8487,522.525
2026/08/01@16:33:05,8488,522.525
2026/08/01@16:33:06,8489,522.525
2026/08/01@16:33:07,8490,522.525
2026/08/01@16:33:08,8491,522.525
2026/08/01@16:33:09,8492,522.525
2026/08/01@16:33:11,8494,522.525
2026/08/01@16:33:12,8495,522.525
2026/08/01@16:33:13,8496,522.525
2026/08/01@16:33:14,8497,522.525
2026/08/01@16:33:15,8498,522.525
2026/08/01@16:33:16,8499,522.525
2026/08/01@16:33:17,8500,522.525
2026/08/01@16:33:18,8501,522.525
2026/08/01@16:33:19,8502,522.525
2026/08/01@16:33:20,8503,522.525
2026/08/01@16:33:21,8504,522.525
2026/08/01@16:33:23,8506,522.525
2026/08/01@16:33:24,8507,522.525
2026/08/01@16:33:25,8508,522.525
2026/08/01@16:33:26,8509,522.525
2026/08/01@16:33:27,8510,522.525
2026/08/01@16:33:28,8511,522.525
2026/08/01@16:33:29,8512,522.525
2026/08/01@16:33:30,8513,522.525
2026/08/01@16:33:31,8514,522.525
2026/08/01@16:33:32,8515,522.525
2026/08/01@16:33:33,8516,522.525
2026/08/01@16:33:35,8518,522.525
2026/08/01@16:33:36,8519,522.525
2026/08/01@16:33:37,8520,522.525
2026/08/01@16:33:38,8521,522.525
2026/08/01@16:33:39,8522,522.525
2026/08/01@16:33:40,8523,522.525
2026/08/01@16:33:41,8524,522.525
2026/08/01@16:33:42,8525,522.525
2026/08/01@16:33:43,8526,522.525
2026/08/01@16:33:44,8527,522.525
2026/08/01@16:33:45,8528,522.525
2026/08/01@16:33:47,8530,522.525
2026/08/01@16:33:48,8531,522.525
2026/08/01@16:33:49,8532,522.525
2026/08/01@16:33:50,8533,522.525
2026/08/01@16:33:51,8534,522.525
2026/08/01@16:33:52,8535,522.525
2026/08/01@16:33:53,8536,522.525
2026/08/01@16:33:54,8537,522.525
2026/08/01@16:33:55,8538,522.525
2026/08/01@16:33:56,8539,522.525
2026/08/01@16:33:57,8540,522.525
2026/08/01@16:33:59,8541,522.525
2026/08/01@16:34:00,8543,522.525
2026/08/01@16:34:01,8544,522.525
2026/08/01@16:34:02,8545,522.525
2026/08/01@16:34:03,8546,522.525
2026/08/01@16:34:04,8547,522.525
2026/08/01@16:34:05,8548,522.525
2026/08/01@16:34:06,8549,522.525
2026/08/01@16:34:07,8550,522.525
2026/08/01@16:34:08,8551,522.525
2026/08/01@16:34:09,8552,522.525
2026/08/01@16:34:10,8553,522.525
2026/08/01@16:34:12,8555,522.525
2026/08/01@16:34:13,8556,522.525
2026/08/01@16:34:14,8557,522.525
2026/08/01@16:34:15,8558,522.525
2026/08/01@16:34:16,8559,522.525
2026/08/01@16:34:17,8560,522.525
2026/08/01@16:34:18,8561,522.525
2026/08/01@16:34:19,8562,522.525
2026/08/01@16:34:20,8563,522.525
2026/08/01@16:34:21,8564,522.525
2026/08/01@16:34:22,8565,522.525
2026/08/01@16:34:24,8567,522.525
2026/08/01@16:34:25,8568,522.525
2026/08/01@16:34:26,8569,522.525
2026/08/01@16:34:27,8570,522.525
2026/08/01@16:34:28,8571,522.525
2026/08/01@16:34:29,8572,522.525
2026/08/01@16:34:30,8573,522.525
2026/08/01@16:34:31,8574,522.525
2026/08/01@16:34:32,8575,522.525
2026/08/01@16:34:33,8576,522.525
2026/08/01@16:34:34,8577,522.525
2026/08/01@16:34:36,8579,522.525
2026/08/01@16:34:37,8580,522.525
2026/08/01@16:34:38,8581,522.525
2026/08/01@16:34:39,8582,522.525
2026/08/01@16:34:40,8583,522.525
2026/08/01@16:34:41,8584,522.525
2026/08/01@16:34:42,8585,522.525
2026/08/01@16:34:43,8586,522.525
2026/08/01@16:34:44,8587,522.525
2026/08/01@16:34:45,8588,522.525
2026/08/01@16:34:46,8589,522.525
2026/08/01@16:34:48,8591,522.525
2026/08/01@16:34:49,8592,522.525
2026/08/01@16:34:50,8593,522.525
2026/08/01@16:34:51,8594,522.525
2026/08/01@16:34:52,8595,522.525
2026/08/01@16:34:53,8596,522.525
2026/08/01@16:34:54,8597,522.525
2026/08/01@16:34:55,8598,522.525
2026/08/01@16:34:56,8599,522.525
2026/08/01@16:34:57,8600,522.525
2026/08/01@16:34:58,8601,522.525
2026/08/01@16:35:00,8602,522.525
2026/08/01@16:35:01,8604,522.525
2026/08/01@16:35:02,8605,522.525
2026/08/01@16:35:03,8606,522.525
2026/08/01@16:35:04,8607,522.525
2026/08/01@16:35:05,8608,522.525
2026/08/01@16:35:06,8609,522.525
2026/08/01@16:35:07,8610,522.525
2026/08/01@16:35:08,8611,522.525
2026/08/01@16:35:09,8612,522.525
2026/08/01@16:35:10,8613,522.525
2026/08/01@16:35:11,8614,522.025
2026/08/01@16:35:13,8616,522.525
2026/08/01@16:35:14,8617,522.525
2026/08/01@16:35:15,8618,522.525
2026/08/01@16:35:16,8619,522.525
2026/08/01@16:35:17,8620,522.525
2026/08/01@16:35:18,8621,522.525
2026/08/01@16:35:19,8622,522.525
2026/08/01@16:35:20,8623,522.525
2026/08/01@16:35:21,8624,522.525
2026/08/01@16:35:22,8625,522.525
2026/08/01@16:35:23,8626,522.525
2026/08/01@16:35:25,8628,522.525
2026/08/01@16:35:26,8629,522.525
2026/08/01@16:35:27,8630,522.525
2026/08/01@16:35:28,8631,522.525
2026/08/01@16:35:29,8632,522.525
2026/08/01@16:35:30,8633,522.525
2026/08/01@16:35:31,8634,522.525
2026/08/01@16:35:32,8635,522.525
2026/08/01@16:35:33,8636,522.525
2026/08/01@16:35:34,8637,522.525
2026/08/01@16:35:35,8638,522.525
2026/08/01@16:35:37,8640,522.525
2026/08/01@16:35:38,8641,522.525
2026/08/01@16:35:39,8642,522.525
2026/08/01@16:35:40,8643,522.525
2026/08/01@16:35:41,8644,522.525
2026/08/01@16:35:42,8645,522.525
2026/08/01@16:35:43,8646,522.525
2026/08/01@16:35:44,8647,522.525
2026/08/01@16:35:45,8648,522.525
2026/08/01@16:35:46,8649,522.525
2026/08/01@16:35:47,8650,522.525
2026/08/01@16:35:48,8651,522.525
2026/08/01@16:35:50,8653,522.525
2026/08/01@16:35:51,8654,522.525
2026/08/01@16:35:52,8655,522.525
2026/08/01@16:35:53,8656,522.525
2026/08/01@16:35:54,8657,522.525
2026/08/01@16:35:55,8658,522.525
2026/08/01@16:35:56,8659,522.525
2026/08/01@16:35:57,8660,522.525
2026/08/01@16:35:58,8661,522.525
2026/08/01@16:35:59,8662,522.525
2026/08/01@16:36:00,8663,522.525
2026/08/01@16:36:02,8664,522.525
2026/08/01@16:36:03,8666,522.525
2026/08/01@16:36:04,8667,522.525
2026/08/01@16:36:05,8668,522.525
2026/08/01@16:36:06,8669,522.525
2026/08/01@16:36:07,8670,522.525
2026/08/01@16:36:08,8671,522.525
2026/08/01@16:36:09,8672,522.525
2026/08/01@16:36:10,8673,522.525
2026/08/01@16:36:11,8674,522.525
2026/08/01@16:36:12,8675,522.525
2026/08/01@16:36:13,8676,522.525
2026/08/01@16:36:15,8678,522.525
2026/08/01@16:36:16,8679,522.525
2026/08/01@16:36:17,8680,522.525
2026/08/01@16:36:18,8681,522.525
2026/08/01@16:36:19,8682,522.525
2026/08/01@16:36:20,8683,522.525
2026/08/01@16:36:21,8684,522.525
2026/08/01@16:36:22,8685,522.525
2026/08/01@16:36:23,8686,522.525
2026/08/01@16:36:24,8687,522.525
2026/08/01@16:36:25,8688,522.525
2026/08/01@16:36:27,8690,522.525
2026/08/01@16:36:28,8691,522.525
2026/08/01@16:36:29,8692,522.025
2026/08/01@16:36:30,8693,522.525
2026/08/01@16:36:31,8694,522.525
2026/08/01@16:36:32,8695,522.525
2026/08/01@16:36:33,8696,522.525
2026/08/01@16:36:34,8697,522.525
2026/08/01@16:36:35,8698,522.525
2026/08/01@16:36:36,8699,522.525
2026/08/01@16:36:37,8700,522.525
2026/08/01@16:36:39,8702,522.525
2026/08/01@16:36:40,8703,522.525
2026/08/01@16:36:41,8704,522.525
2026/08/01@16:36:42,8705,522.525
2026/08/01@16:36:43,8706,522.525
2026/08/01@16:36:44,8707,522.525
2026/08/01@16:36:45,8708,522.525
2026/08/01@16:36:46,8709,522.525
2026/08/01@16:36:47,8710,522.525
2026/08/01@16:36:48,8711,522.525
2026/08/01@16:36:49,8712,522.525
2026/08/01@16:36:51,8713,522.525
2026/08/01@16:36:52,8715,522.525
2026/08/01@16:36:53,8716,522.525
2026/08/01@16:36:54,8717,522.525
2026/08/01@16:36:55,8718,522.525
2026/08/01@16:36:56,8719,522.525
2026/08/01@16:36:57,8720,522.525
2026/08/01@16:36:58,8721,522.525
2026/08/01@16:36:59,8722,522.525
2026/08/01@16:37:00,8723,522.525
2026/08/01@16:37:01,8724,522.525
2026/08/01@16:37:02,8725,522.525
2026/08/01@16:37:04,8727,522.525
2026/08/01@16:37:05,8728,522.525
2026/08/01@16:37:06,8729,522.525
2026/08/01@16:37:07,8730,522.525
2026/08/01@16:37:08,8731,522.525
2026/08/01@16:37:09,8732,522.525
2026/08/01@16:37:10,8733,522.525
2026/08/01@16:37:11,8734,522.525
2026/08/01@16:37:12,8735,522.525
2026/08/01@16:37:13,8736,522.525
2026/08/01@16:37:14,8737,522.525
2026/08/01@16:37:16,8739,522.525
2026/08/01@16:37:17,8740,522.525
2026/08/01@16:37:18,8741,522.525
2026/08/01@16:37:19,8742,522.525
2026/08/01@16:37:20,8743,522.525
2026/08/01@16:37:21,8744,522.025
2026/08/01@16:37:22,8745,522.525
2026/08/01@16:37:23,8746,522.525
2026/08/01@16:37:24,8747,522.525
2026/08/01@16:37:25,8748,522.525
2026/08/01@16:37:26,8749,522.525
2026/08/01@16:37:28,8751,522.525
2026/08/01@16:37:29,8752,522.525
2026/08/01@16:37:30,8753,522.525
2026/08/01@16:37:31,8754,522.525
2026/08/01@16:37:32,8755,522.525
2026/08/01@16:37:33,8756,522.525
2026/08/01@16:37:34,8757,522.525
2026/08/01@16:37:35,8758,522.525
2026/08/01@16:37:36,8759,522.025
2026/08/01@16:37:37,8760,522.525
2026/08/01@16:37:38,8761,522.525
2026/08/01@16:37:40,8763,522.525
2026/08/01@16:37:41,8764,522.525
2026/08/01@16:37:42,8765,522.525
2026/08/01@16:37:43,8766,522.025
2026/08/01@16:37:44,8767,522.525
2026/08/01@16:37:45,8768,522.525
2026/08/01@16:37:46,8769,522.525
2026/08/01@16:37:47,8770,522.525
2026/08/01@16:37:48,8771,522.525
2026/08/01@16:37:49,8772,522.525
2026/08/01@16:37:50,8773,522.525
2026/08/01@16:37:51,8774,522.525
2026/08/01@16:37:53,8776,522.525
2026/08/01@16:37:54,8777,522.525
2026/08/01@16:37:55,8778,522.525
2026/08/01@16:37:56,8779,522.525
2026/08/01@16:37:57,8780,522.525
2026/08/01@16:37:58,8781,522.525
2026/08/01@16:37:59,8782,522.525
2026/08/01@16:38:00,8783,522.525
2026/08/01@16:38:01,8784,522.525
2026/08/01@16:38:02,8785,522.525
2026/08/01@16:38:03,8786,522.525
2026/08/01@16:38:05,8788,522.525
2026/08/01@16:38:06,8789,522.525
2026/08/01@16:38:07,8790,522.525
2026/08/01@16:38:08,8791,522.525
2026/08/01@16:38:09,8792,522.525
2026/08/01@16:38:10,8793,522.525
2026/08/01@16:38:11,8794,522.525
2026/08/01@16:38:12,8795,522.525
2026/08/01@16:38:13,8796,522.525
2026/08/01@16:38:14,8797,522.525
2026/08/01@16:38:15,8798,522.525
2026/08/01@16:38:17,8800,522.525
2026/08/01@16:38:18,8801,522.525
2026/08/01@16:38:19,8802,522.525
2026/08/01@16:38:20,8803,522.525
2026/08/01@16:38:21,8804,522.525
2026/08/01@16:38:22,8805,522.525
2026/08/01@16:38:23,8806,522.525
2026/08/01@16:38:24,8807,522.525
2026/08/01@16:38:25,8808,522.525
2026/08/01@16:38:26,8809,522.525
2026/08/01@16:38:27,8810,522.525
2026/08/01@16:38:29,8812,522.525
2026/08/01@16:38:30,8813,522.525
2026/08/01@16:38:31,8814,522.525
2026/08/01@16:38:32,8815,522.525
2026/08/01@16:38:33,8816,522.525
2026/08/01@16:38:34,8817,522.525
2026/08/01@16:38:35,8818,522.525
2026/08/01@16:38:36,8819,522.525
2026/08/01@16:38:37,8820,522.525
2026/08/01@16:38:38,8821,522.525
2026/08/01@16:38:39,8822,522.525
2026/08/01@16:38:41,8824,522.525
2026/08/01@16:38:42,8825,522.525
2026/08/01@16:38:43,8826,522.525
2026/08/01@16:38:44,8827,522.525
2026/08/01@16:38:45,8828,522.525
2026/08/01@16:38:46,8829,522.525
2026/08/01@16:38:47,8830,522.525
2026/08/01@16:38:48,8831,522.525
2026/08/01@16:38:49,8832,522.525
2026/08/01@16:38:50,8833,522.525
2026/08/01@16:38:51,8834,522.525
2026/08/01@16:38:52,8835,522.525
2026/08/01@16:38:54,8837,522.525
2026/08/01@16:38:55,8838,522.525
2026/08/01@16:38:56,8839,522.525
2026/08/01@16:38:57,8840,522.525
2026/08/01@16:38:58,8841,522.525
2026/08/01@16:38:59,8842,522.525
2026/08/01@16:39:00,8843,522.525
2026/08/01@16:39:01,8844,522.525
2026/08/01@16:39:02,8845,522.525
2026/08/01@16:39:03,8846,522.525
2026/08/01@16:39:04,8847,522.525
2026/08/01@16:39:06,8849,522.525
2026/08/01@16:39:07,8850,522.525
2026/08/01@16:39:08,8851,522.525
2026/08/01@16:39:09,8852,522.525
2026/08/01@16:39:10,8853,522.525
2026/08/01@16:39:11,8854,522.525
2026/08/01@16:39:12,8855,522.525
2026/08/01@16:39:13,8856,522.525
2026/08/01@16:39:14,8857,522.525
2026/08/01@16:39:15,8858,522.525
2026/08/01@16:39:16,8859,522.525
2026/08/01@16:39:18,8861,522.525
2026/08/01@16:39:19,8862,522.525
2026/08/01@16:39:20,8863,522.525
2026/08/01@16:39:21,8864,522.525
2026/08/01@16:39:22,8865,522.525
2026/08/01@16:39:23,8866,522.525
2026/08/01@16:39:24,8867,522.525
2026/08/01@16:39:25,8868,522.525
2026/08/01@16:39:26,8869,522.525
2026/08/01@16:39:27,8870,522.525
2026/08/01@16:39:28,8871,522.525
2026/08/01@16:39:30,8873,522.525
2026/08/01@16:39:31,8874,522.525
2026/08/01@16:39:32,8875,522.525
2026/08/01@16:39:33,8876,522.525
2026/08/01@16:39:34,8877,522.525
2026/08/01@16:39:35,8878,522.525
2026/08/01@16:39:36,8879,522.525
2026/08/01@16:39:37,8880,522.525
2026/08/01@16:39:38,8881,522.525
2026/08/01@16:39:39,8882,522.525
2026/08/01@16:39:40,8883,522.525
2026/08/01@16:39:41,8884,522.525
2026/08/01@16:39:43,8886,522.525
2026/08/01@16:39:44,8887,522.525
2026/08/01@16:39:45,8888,522.525
2026/08/01@16:39:46,8889,522.525
2026/08/01@16:39:47,8890,522.525
2026/08/01@16:39:48,8891,522.525
2026/08/01@16:39:49,8892,522.525
2026/08/01@16:39:50,8893,522.525
2026/08/01@16:39:51,8894,522.525
2026/08/01@16:39:52,8895,522.525
2026/08/01@16:39:53,8896,522.525
2026/08/01@16:39:55,8898,522.525
2026/08/01@16:39:56,8899,522.525
2026/08/01@16:39:57,8900,522.525
2026/08/01@16:39:58,8901,522.525
2026/08/01@16:39:59,8902,522.525
2026/08/01@16:40:00,8903,522.525
2026/08/01@16:40:01,8904,522.525
2026/08/01@16:40:02,8905,522.525
2026/08/01@16:40:03,8906,522.525
2026/08/01@16:40:04,8907,522.525
2026/08/01@16:40:05,8908,522.525
2026/08/01@16:40:07,8910,522.525
2026/08/01@16:40:08,8911,522.525
2026/08/01@16:40:09,8912,522.525
2026/08/01@16:40:10,8913,522.525
2026/08/01@16:40:11,8914,522.525
2026/08/01@16:40:12,8915,522.525
2026/08/01@16:40:13,8916,522.525
2026/08/01@16:40:14,8917,522.525
2026/08/01@16:40:15,8918,522.525
2026/08/01@16:40:16,8919,522.525
2026/08/01@16:40:17,8920,522.525
2026/08/01@16:40:19,8922,522.525
2026/08/01@16:40:20,8923,522.525
2026/08/01@16:40:21,8924,522.525
2026/08/01@16:40:22,8925,522.525
2026/08/01@16:40:23,8926,522.525
2026/08/01@16:40:24,8927,522.525
2026/08/01@16:40:25,8928,522.525
2026/08/01@16:40:26,8929,522.525
2026/08/01@16:40:27,8930,522.525
2026/08/01@16:40:28,8931,522.525
2026/08/01@16:40:29,8932,522.525
2026/08/01@16:40:31,8934,522.525
2026/08/01@16:40:32,8935,522.525
2026/08/01@16:40:33,8936,522.525
2026/08/01@16:40:34,8937,522.525
2026/08/01@16:40:35,8938,522.525
2026/08/01@16:40:36,8939,522.525
2026/08/01@16:40:37,8940,522.525
2026/08/01@16:40:38,8941,522.525
2026/08/01@16:40:39,8942,522.525
2026/08/01@16:40:40,8943,522.525
2026/08/01@16:40:41,8944,522.525
2026/08/01@16:40:43,8945,522.525
2026/08/01@16:40:44,8947,522.525
2026/08/01@16:40:45,8948,522.525
2026/08/01@16:40:46,8949,522.025
2026/08/01@16:40:47,8950,522.525
2026/08/01@16:40:48,8951,522.525
2026/08/01@16:40:49,8952,522.525
2026/08/01@16:40:50,8953,522.525
2026/08/01@16:40:51,8954,522.525
2026/08/01@16:40:52,8955,522.525
2026/08/01@16:40:53,8956,522.525
2026/08/01@16:40:54,8957,522.525
2026/08/01@16:40:56,8959,522.525
2026/08/01@16:40:57,8960,522.525
2026/08/01@16:40:58,8961,522.525
2026/08/01@16:40:59,8962,522.525
2026/08/01@16:41:00,8963,522.525
2026/08/01@16:41:01,8964,522.525
2026/08/01@16:41:02,8965,522.525
2026/08/01@16:41:03,8966,522.525
2026/08/01@16:41:04,8967,522.525
2026/08/01@16:41:05,8968,522.525
2026/08/01@16:41:06,8969,522.525
2026/08/01@16:41:08,8971,522.525
2026/08/01@16:41:09,8972,522.525
2026/08/01@16:41:10,8973,522.525
2026/08/01@16:41:11,8974,522.525
2026/08/01@16:41:12,8975,522.525
2026/08/01@16:41:13,8976,522.525
2026/08/01@16:41:14,8977,522.525
2026/08/01@16:41:15,8978,522.525
2026/08/01@16:41:16,8979,522.525
2026/08/01@16:41:17,8980,522.525
2026/08/01@16:41:18,8981,522.025
2026/08/01@16:41:20,8983,522.525
2026/08/01@16:41:21,8984,522.525
2026/08/01@16:41:22,8985,522.525
2026/08/01@16:41:23,8986,522.525
2026/08/01@16:41:24,8987,522.525
2026/08/01@16:41:25,8988,522.525
2026/08/01@16:41:26,8989,522.525
2026/08/01@16:41:27,8990,522.525
2026/08/01@16:41:28,8991,522.525
2026/08/01@16:41:29,8992,522.525
2026/08/01@16:41:30,8993,522.525
2026/08/01@16:41:32,8995,522.525
2026/08/01@16:41:33,8996,522.525
2026/08/01@16:41:34,8997,522.525
2026/08/01@16:41:35,8998,522.525
2026/08/01@16:41:36,8999,522.525
2026/08/01@16:41:37,9000,522.525
2026/08/01@16:41:38,9001,522.525
2026/08/01@16:41:39,9002,522.525
2026/08/01@16:41:40,9003,522.525
2026/08/01@16:41:41,9004,522.525
2026/08/01@16:41:42,9005,522.525
2026/08/01@16:41:43,9006,522.525
2026/08/01@16:41:45,9008,522.025
2026/08/01@16:41:46,9009,522.525
2026/08/01@16:41:47,9010,522.525
2026/08/01@16:41:48,9011,522.525
2026/08/01@16:41:49,9012,522.525
2026/08/01@16:41:50,9013,522.525
2026/08/01@16:41:51,9014,522.525
2026/08/01@16:41:52,9015,522.525
2026/08/01@16:41:53,9016,522.525
2026/08/01@16:41:54,9017,522.525
2026/08/01@16:41:55,9018,522.525
2026/08/01@16:41:57,9020,522.525
2026/08/01@16:41:58,9021,522.525
2026/08/01@16:41:59,9022,522.525
2026/08/01@16:42:00,9023,522.525
2026/08/01@16:42:01,9024,522.525
2026/08/01@16:42:02,9025,522.025
2026/08/01@16:42:03,9026,522.525
2026/08/01@16:42:04,9027,522.525
2026/08/01@16:42:05,9028,522.525
2026/08/01@16:42:06,9029,522.525
2026/08/01@16:42:07,9030,522.525
2026/08/01@16:42:09,9032,522.525
2026/08/01@16:42:10,9033,522.525
2026/08/01@16:42:11,9034,522.525
2026/08/01@16:42:12,9035,522.525
2026/08/01@16:42:13,9036,522.525
2026/08/01@16:42:14,9037,522.525
2026/08/01@16:42:15,9038,522.525
2026/08/01@16:42:16,9039,522.525
2026/08/01@16:42:17,9040,522.525
2026/08/01@16:42:18,9041,522.525
2026/08/01@16:42:19,9042,522.525
2026/08/01@16:42:21,9044,522.525
2026/08/01@16:42:22,9045,522.525
2026/08/01@16:42:23,9046,522.525
2026/08/01@16:42:24,9047,522.525
2026/08/01@16:42:25,9048,522.525
2026/08/01@16:42:26,9049,522.525
2026/08/01@16:42:27,9050,522.525
2026/08/01@16:42:28,9051,522.525
2026/08/01@16:42:29,9052,522.525
2026/08/01@16:42:30,9053,522.525
2026/08/01@16:42:31,9054,522.525
2026/08/01@16:42:33,9055,522.525
2026/08/01@16:42:34,9057,522.525
2026/08/01@16:42:35,9058,522.525
2026/08/01@16:42:36,9059,522.525
2026/08/01@16:42:37,9060,522.525
2026/08/01@16:42:38,9061,522.525
2026/08/01@16:42:39,9062,522.525
2026/08/01@16:42:40,9063,522.525
2026/08/01@16:42:41,9064,522.525
2026/08/01@16:42:42,9065,522.525
2026/08/01@16:42:43,9066,522.525
2026/08/01@16:42:44,9067,522.525
2026/08/01@16:42:46,9069,522.525
2026/08/01@16:42:47,9070,522.525
2026/08/01@16:42:48,9071,522.525
2026/08/01@16:42:49,9072,522.525
2026/08/01@16:42:50,9073,522.525
2026/08/01@16:42:51,9074,522.525
2026/08/01@16:42:52,9075,522.525
2026/08/01@16:42:53,9076,522.525
2026/08/01@16:42:54,9077,522.525
2026/08/01@16:42:55,9078,522.525
2026/08/01@16:42:56,9079,522.525
2026/08/01@16:42:58,9081,522.525
2026/08/01@16:42:59,9082,522.525
2026/08/01@16:43:00,9083,522.525
2026/08/01@16:43:01,9084,522.525
2026/08/01@16:43:02,9085,522.525
2026/08/01@16:43:03,9086,522.525
2026/08/01@16:43:04,9087,522.525
2026/08/01@16:43:05,9088,522.525
2026/08/01@16:43:06,9089,522.525
2026/08/01@16:43:07,9090,522.525
2026/08/01@16:43:08,9091,522.525
2026/08/01@16:43:10,9093,522.525
2026/08/01@16:43:11,9094,522.525
2026/08/01@16:43:12,9095,522.525
2026/08/01@16:43:13,9096,522.525
2026/08/01@16:43:14,9097,522.525
2026/08/01@16:43:15,9098,522.525
2026/08/01@16:43:16,9099,522.525
2026/08/01@16:43:17,9100,522.525
2026/08/01@16:43:18,9101,522.525
2026/08/01@16:43:19,9102,522.525
2026/08/01@16:43:20,9103,522.525
2026/08/01@16:43:22,9105,522.525
2026/08/01@16:43:23,9106,522.525
2026/08/01@16:43:24,9107,522.525
2026/08/01@16:43:25,9108,522.525
2026/08/01@16:43:26,9109,522.525
2026/08/01@16:43:27,9110,522.525
2026/08/01@16:43:28,9111,522.525
2026/08/01@16:43:29,9112,522.525
2026/08/01@16:43:30,9113,522.525
2026/08/01@16:43:31,9114,522.525
2026/08/01@16:43:32,9115,522.525
2026/08/01@16:43:34,9116,522.525
2026/08/01@16:43:35,9118,522.525
2026/08/01@16:43:36,9119,522.525
2026/08/01@16:43:37,9120,522.525
2026/08/01@16:43:38,9121,522.525
2026/08/01@16:43:39,9122,522.525
2026/08/01@16:43:40,9123,522.525
2026/08/01@16:43:41,9124,522.525
2026/08/01@16:43:42,9125,522.525
2026/08/01@16:43:43,9126,522.525
2026/08/01@16:43:44,9127,522.525
2026/08/01@16:43:45,9128,522.525
2026/08/01@16:43:47,9130,522.525
2026/08/01@16:43:48,9131,522.525
2026/08/01@16:43:49,9132,522.525
2026/08/01@16:43:50,9133,522.525
2026/08/01@16:43:51,9134,522.525
2026/08/01@16:43:52,9135,522.525
2026/08/01@16:43:53,9136,522.525
2026/08/01@16:43:54,9137,522.525
2026/08/01@16:43:55,9138,522.525
2026/08/01@16:43:56,9139,522.525
2026/08/01@16:43:57,9140,522.525
2026/08/01@16:43:59,9142,522.525
2026/08/01@16:44:00,9143,522.525
2026/08/01@16:44:01,9144,522.525
2026/08/01@16:44:02,9145,522.525
2026/08/01@16:44:03,9146,522.525
2026/08/01@16:44:04,9147,522.525
2026/08/01@16:44:05,9148,522.525
2026/08/01@16:44:06,9149,522.025
2026/08/01@16:44:07,9150,522.525
2026/08/01@16:44:08,9151,522.525
2026/08/01@16:44:09,9152,522.525
2026/08/01@16:44:11,9154,522.525
2026/08/01@16:44:12,9155,522.525
2026/08/01@16:44:13,9156,522.525
2026/08/01@16:44:14,9157,522.525
2026/08/01@16:44:15,9158,522.525
2026/08/01@16:44:16,9159,522.525
2026/08/01@16:44:17,9160,522.525
2026/08/01@16:44:18,9161,522.525
2026/08/01@16:44:19,9162,522.525
2026/08/01@16:44:20,9163,522.525
2026/08/01@16:44:21,9164,522.525
2026/08/01@16:44:23,9166,522.525
2026/08/01@16:44:24,9167,522.525
2026/08/01@16:44:25,9168,522.525
2026/08/01@16:44:26,9169,522.525
2026/08/01@16:44:27,9170,522.525
2026/08/01@16:44:28,9171,522.525
2026/08/01@16:44:29,9172,522.525
2026/08/01@16:44:30,9173,522.525
2026/08/01@16:44:31,9174,522.525
2026/08/01@16:44:32,9175,522.525
2026/08/01@16:44:33,9176,522.525
2026/08/01@16:44:34,9177,522.525
2026/08/01@16:44:36,9179,522.525
2026/08/01@16:44:37,9180,522.525
2026/08/01@16:44:38,9181,522.525
2026/08/01@16:44:39,9182,522.525
2026/08/01@16:44:40,9183,522.525
2026/08/01@16:44:41,9184,522.525
2026/08/01@16:44:42,9185,522.525
2026/08/01@16:44:43,9186,522.525
2026/08/01@16:44:44,9187,522.525
2026/08/01@16:44:45,9188,522.525
2026/08/01@16:44:46,9189,522.525
2026/08/01@16:44:48,9191,522.525
2026/08/01@16:44:49,9192,522.525
2026/08/01@16:44:50,9193,522.525
2026/08/01@16:44:51,9194,522.525
2026/08/01@16:44:52,9195,522.525
2026/08/01@16:44:53,9196,522.525
2026/08/01@16:44:54,9197,522.525
2026/08/01@16:44:55,9198,522.525
2026/08/01@16:44:56,9199,522.525
2026/08/01@16:44:57,9200,522.525
2026/08/01@16:44:58,9201,522.525
2026/08/01@16:45:00,9203,522.525
2026/08/01@16:45:01,9204,522.525
2026/08/01@16:45:02,9205,522.525
2026/08/01@16:45:03,9206,522.525
2026/08/01@16:45:04,9207,522.525
2026/08/01@16:45:05,9208,522.525
2026/08/01@16:45:06,9209,522.525
2026/08/01@16:45:07,9210,522.525
2026/08/01@16:45:08,9211,522.525
2026/08/01@16:45:09,9212,522.525
2026/08/01@16:45:10,9213,522.525
2026/08/01@16:45:12,9215,522.525
2026/08/01@16:45:13,9216,522.525
2026/08/01@16:45:14,9217,522.525
2026/08/01@16:45:15,9218,522.525
2026/08/01@16:45:16,9219,522.525
2026/08/01@16:45:17,9220,522.525
2026/08/01@16:45:18,9221,522.525
2026/08/01@16:45:19,9222,522.525
2026/08/01@16:45:20,9223,522.525
2026/08/01@16:45:21,9224,522.525
2026/08/01@16:45:22,9225,522.525
2026/08/01@16:45:24,9227,522.525
2026/08/01@16:45:25,9228,522.525
2026/08/01@16:45:26,9229,522.525
2026/08/01@16:45:27,9230,522.525
2026/08/01@16:45:28,9231,522.525
2026/08/01@16:45:29,9232,522.525
2026/08/01@16:45:30,9233,522.525
2026/08/01@16:45:31,9234,522.525
2026/08/01@16:45:32,9235,522.525
2026/08/01@16:45:33,9236,522.525
2026/08/01@16:45:34,9237,522.525
2026/08/01@16:45:35,9238,522.525
2026/08/01@16:45:37,9240,522.525
2026/08/01@16:45:38,9241,522.525
2026/08/01@16:45:39,9242,522.525
2026/08/01@16:45:40,9243,522.525
2026/08/01@16:45:41,9244,522.525
2026/08/01@16:45:42,9245,522.525
2026/08/01@16:45:43,9246,522.525
2026/08/01@16:45:44,9247,522.525
2026/08/01@16:45:45,9248,522.525
2026/08/01@16:45:46,9249,522.525
2026/08/01@16:45:47,9250,522.525
2026/08/01@16:45:49,9252,522.525
2026/08/01@16:45:50,9253,522.525
2026/08/01@16:45:51,9254,522.525
2026/08/01@16:45:52,9255,522.525
2026/08/01@16:45:53,9256,522.525
2026/08/01@16:45:54,9257,522.525
2026/08/01@16:45:55,9258,522.525
2026/08/01@16:45:56,9259,522.525
2026/08/01@16:45:57,9260,522.525
2026/08/01@16:45:58,9261,522.525
2026/08/01@16:45:59,9262,522.525
2026/08/01@16:46:01,9264,522.525
2026/08/01@16:46:02,9265,522.525
2026/08/01@16:46:03,9266,522.525
2026/08/01@16:46:04,9267,522.525
2026/08/01@16:46:05,9268,522.525
2026/08/01@16:46:06,9269,522.525
2026/08/01@16:46:07,9270,522.525
2026/08/01@16:46:08,9271,522.025
2026/08/01@16:46:09,9272,522.525
2026/08/01@16:46:10,9273,522.525
2026/08/01@16:46:11,9274,522.525
2026/08/01@16:46:13,9276,522.525
2026/08/01@16:46:14,9277,522.525
2026/08/01@16:46:15,9278,522.525
2026/08/01@16:46:16,9279,522.525
2026/08/01@16:46:17,9280,522.525
2026/08/01@16:46:18,9281,522.525
2026/08/01@16:46:19,9282,522.525
2026/08/01@16:46:20,9283,522.525
2026/08/01@16:46:21,9284,522.525
2026/08/01@16:46:22,9285,522.525
2026/08/01@16:46:23,9286,522.525
2026/08/01@16:46:24,9287,522.525
2026/08/01@16:46:26,9289,522.525
2026/08/01@16:46:27,9290,522.025
2026/08/01@16:46:28,9291,522.525
2026/08/01@16:46:29,9292,522.525
2026/08/01@16:46:30,9293,522.525
2026/08/01@16:46:31,9294,522.525
2026/08/01@16:46:32,9295,522.525
2026/08/01@16:46:33,9296,522.525
2026/08/01@16:46:34,9297,522.525
2026/08/01@16:46:35,9298,522.525
2026/08/01@16:46:36,9299,522.525
2026/08/01@16:46:38,9301,522.525
2026/08/01@16:46:39,9302,522.525
2026/08/01@16:46:40,9303,522.525
2026/08/01@16:46:41,9304,522.525
2026/08/01@16:46:42,9305,522.525
2026/08/01@16:46:43,9306,522.525
2026/08/01@16:46:44,9307,522.525
2026/08/01@16:46:45,9308,522.525
2026/08/01@16:46:46,9309,522.525
2026/08/01@16:46:47,9310,522.525
2026/08/01@16:46:48,9311,522.525
2026/08/01@16:46:50,9313,522.525
2026/08/01@16:46:51,9314,522.525
2026/08/01@16:46:52,9315,522.525
2026/08/01@16:46:53,9316,522.525
2026/08/01@16:46:54,9317,522.525
2026/08/01@16:46:55,9318,522.525
2026/08/01@16:46:56,9319,522.525
2026/08/01@16:46:57,9320,522.525
2026/08/01@16:46:58,9321,522.525
2026/08/01@16:46:59,9322,522.525
2026/08/01@16:47:00,9323,522.525
2026/08/01@16:47:02,9325,522.525
2026/08/01@16:47:03,9326,522.525
2026/08/01@16:47:04,9327,522.525
2026/08/01@16:47:05,9328,522.525
2026/08/01@16:47:06,9329,522.525
2026/08/01@16:47:07,9330,522.525
2026/08/01@16:47:08,9331,522.525
2026/08/01@16:47:09,9332,522.525
2026/08/01@16:47:10,9333,522.525
2026/08/01@16:47:11,9334,522.525
2026/08/01@16:47:12,9335,522.525
2026/08/01@16:47:14,9337,522.525
2026/08/01@16:47:15,9338,522.525
2026/08/01@16:47:16,9339,522.525
2026/08/01@16:47:17,9340,522.525
2026/08/01@16:47:18,9341,522.525
2026/08/01@16:47:19,9342,522.525
2026/08/01@16:47:20,9343,522.525
2026/08/01@16:47:21,9344,522.525
2026/08/01@16:47:22,9345,522.525
2026/08/01@16:47:23,9346,522.525
2026/08/01@16:47:24,9347,522.525
2026/08/01@16:47:25,9348,522.525
2026/08/01@16:47:27,9350,522.525
2026/08/01@16:47:28,9351,522.525
2026/08/01@16:47:29,9352,522.525
2026/08/01@16:47:30,9353,522.525
2026/08/01@16:47:31,9354,522.525
2026/08/01@16:47:32,9355,522.525
2026/08/01@16:47:33,9356,522.525
2026/08/01@16:47:34,9357,522.525
2026/08/01@16:47:35,9358,522.525
2026/08/01@16:47:36,9359,522.525
2026/08/01@16:47:37,9360,522.525
2026/08/01@16:47:39,9362,522.525
2026/08/01@16:47:40,9363,522.525
2026/08/01@16:47:41,9364,522.525
2026/08/01@16:47:42,9365,522.525
2026/08/01@16:47:43,9366,522.525
2026/08/01@16:47:44,9367,522.525
2026/08/01@16:47:45,9368,522.525
2026/08/01@16:47:46,9369,522.525
2026/08/01@16:47:47,9370,522.025
2026/08/01@16:47:48,9371,522.525
2026/08/01@16:47:49,9372,522.525
2026/08/01@16:47:51,9374,522.525
2026/08/01@16:47:52,9375,522.525
2026/08/01@16:47:53,9376,522.525
2026/08/01@16:47:54,9377,522.525
2026/08/01@16:47:55,9378,522.525
2026/08/01@16:47:56,9379,522.525
2026/08/01@16:47:57,9380,522.525
2026/08/01@16:47:58,9381,522.525
2026/08/01@16:47:59,9382,522.525
2026/08/01@16:48:00,9383,522.525
2026/08/01@16:48:01,9384,522.525
2026/08/01@16:48:03,9386,522.525
2026/08/01@16:48:04,9387,522.525
2026/08/01@16:48:05,9388,522.525
2026/08/01@16:48:06,9389,522.525
2026/08/01@16:48:07,9390,522.525
2026/08/01@16:48:08,9391,522.525
2026/08/01@16:48:09,9392,522.525
2026/08/01@16:48:10,9393,522.525
2026/08/01@16:48:11,9394,522.525
2026/08/01@16:48:12,9395,522.525
2026/08/01@16:48:13,9396,522.525
2026/08/01@16:48:15,9398,522.525
2026/08/01@16:48:16,9399,522.525
2026/08/01@16:48:17,9400,522.525
2026/08/01@16:48:18,9401,522.525
2026/08/01@16:48:19,9402,522.525
2026/08/01@16:48:20,9403,522.525
2026/08/01@16:48:21,9404,522.525
2026/08/01@16:48:22,9405,522.525
2026/08/01@16:48:23,9406,522.525
2026/08/01@16:48:24,9407,522.525
2026/08/01@16:48:25,9408,522.525
2026/08/01@16:48:26,9409,522.525
2026/08/01@16:48:28,9411,522.525
2026/08/01@16:48:29,9412,522.525
2026/08/01@16:48:30,9413,522.525
2026/08/01@16:48:31,9414,522.025
2026/08/01@16:48:32,9415,522.525
2026/08/01@16:48:33,9416,522.525
2026/08/01@16:48:34,9417,522.525
2026/08/01@16:48:35,9418,522.525
2026/08/01@16:48:36,9419,522.525
2026/08/01@16:48:37,9420,522.525
2026/08/01@16:48:38,9421,522.525
2026/08/01@16:48:40,9423,522.525
2026/08/01@16:48:41,9424,522.525
2026/08/01@16:48:42,9425,522.525
2026/08/01@16:48:43,9426,522.525
2026/08/01@16:48:44,9427,522.525
2026/08/01@16:48:45,9428,522.525
2026/08/01@16:48:46,9429,522.525
2026/08/01@16:48:47,9430,522.525
2026/08/01@16:48:48,9431,522.525
2026/08/01@16:48:49,9432,522.525
2026/08/01@16:48:50,9433,522.525
2026/08/01@16:48:52,9435,522.525
2026/08/01@16:48:53,9436,522.525
2026/08/01@16:48:54,9437,522.525
2026/08/01@16:48:55,9438,522.525
2026/08/01@16:48:56,9439,522.525
2026/08/01@16:48:57,9440,522.525
2026/08/01@16:48:58,9441,522.525
2026/08/01@16:48:59,9442,522.525
2026/08/01@16:49:00,9443,522.525
2026/08/01@16:49:01,9444,522.525
2026/08/01@16:49:02,9445,522.525
2026/08/01@16:49:04,9447,522.525
2026/08/01@16:49:05,9448,522.525
2026/08/01@16:49:06,9449,522.525
2026/08/01@16:49:07,9450,522.525
2026/08/01@16:49:08,9451,522.525
2026/08/01@16:49:09,9452,522.525
2026/08/01@16:49:10,9453,522.525
2026/08/01@16:49:11,9454,522.525
2026/08/01@16:49:12,9455,522.525
2026/08/01@16:49:13,9456,522.525
2026/08/01@16:49:14,9457,522.525
2026/08/01@16:49:16,9459,522.525
2026/08/01@16:49:17,9460,522.525
2026/08/01@16:49:18,9461,522.525
2026/08/01@16:49:19,9462,522.525
2026/08/01@16:49:20,9463,522.525
2026/08/01@16:49:21,9464,522.525
2026/08/01@16:49:22,9465,522.525
2026/08/01@16:49:23,9466,522.525
2026/08/01@16:49:24,9467,522.525
2026/08/01@16:49:25,9468,522.525
2026/08/01@16:49:26,9469,522.525
2026/08/01@16:49:27,9470,522.525
2026/08/01@16:49:29,9472,522.525
2026/08/01@16:49:30,9473,522.525
2026/08/01@16:49:31,9474,522.525
2026/08/01@16:49:32,9475,522.525
2026/08/01@16:49:33,9476,522.525
2026/08/01@16:49:34,9477,522.525
2026/08/01@16:49:35,9478,522.525
2026/08/01@16:49:36,9479,522.525
2026/08/01@16:49:37,9480,522.525
2026/08/01@16:49:38,9481,522.525
2026/08/01@16:49:39,9482,522.525
2026/08/01@16:49:41,9484,522.525
2026/08/01@16:49:42,9485,522.525
2026/08/01@16:49:43,9486,522.525
2026/08/01@16:49:44,9487,522.525
2026/08/01@16:49:45,9488,522.525
2026/08/01@16:49:46,9489,522.525
2026/08/01@16:49:47,9490,522.525
2026/08/01@16:49:48,9491,522.525
2026/08/01@16:49:49,9492,522.525
2026/08/01@16:49:50,9493,522.525
2026/08/01@16:49:51,9494,522.525
2026/08/01@16:49:53,9496,522.525
2026/08/01@16:49:54,9497,522.525
2026/08/01@16:49:55,9498,522.525
2026/08/01@16:49:56,9499,522.525
2026/08/01@16:49:57,9500,522.525
2026/08/01@16:49:58,9501,522.525
2026/08/01@16:49:59,9502,522.525
2026/08/01@16:50:00,9503,522.525
2026/08/01@16:50:01,9504,522.525
2026/08/01@16:50:02,9505,522.525
2026/08/01@16:50:03,9506,522.525
2026/08/01@16:50:05,9508,522.525
2026/08/01@16:50:06,9509,522.025
2026/08/01@16:50:07,9510,522.525
2026/08/01@16:50:08,9511,522.525
2026/08/01@16:50:09,9512,522.525
2026/08/01@16:50:10,9513,522.525
2026/08/01@16:50:11,9514,522.025
2026/08/01@16:50:12,9515,522.525
2026/08/01@16:50:13,9516,522.525
2026/08/01@16:50:14,9517,522.525
2026/08/01@16:50:15,9518,522.525
2026/08/01@16:50:17,9520,522.525
2026/08/01@16:50:18,9521,522.525
2026/08/01@16:50:19,9522,522.525
2026/08/01@16:50:20,9523,522.525
2026/08/01@16:50:21,9524,522.525
2026/08/01@16:50:22,9525,522.525
2026/08/01@16:50:23,9526,522.525
2026/08/01@16:50:24,9527,522.525
2026/08/01@16:50:25,9528,522.525
2026/08/01@16:50:26,9529,522.525
2026/08/01@16:50:27,9530,522.525
2026/08/01@16:50:28,9531,522.525
2026/08/01@16:50:30,9533,522.525
2026/08/01@16:50:31,9534,522.525
2026/08/01@16:50:32,9535,522.525
2026/08/01@16:50:33,9536,522.525
2026/08/01@16:50:34,9537,522.525
2026/08/01@16:50:35,9538,522.525
2026/08/01@16:50:36,9539,522.525
2026/08/01@16:50:37,9540,522.525
2026/08/01@16:50:38,9541,522.525
2026/08/01@16:50:39,9542,522.525
2026/08/01@16:50:40,9543,522.525
2026/08/01@16:50:42,9545,522.525
2026/08/01@16:50:43,9546,522.525
2026/08/01@16:50:44,9547,522.525
2026/08/01@16:50:45,9548,522.525
2026/08/01@16:50:46,9549,522.525
2026/08/01@16:50:47,9550,522.525
2026/08/01@16:50:48,9551,522.525
2026/08/01@16:50:49,9552,522.525
2026/08/01@16:50:50,9553,522.525
2026/08/01@16:50:51,9554,522.525
2026/08/01@16:50:52,9555,522.525
2026/08/01@16:50:54,9557,522.525
2026/08/01@16:50:55,9558,522.525
2026/08/01@16:50:56,9559,522.525
2026/08/01@16:50:57,9560,522.525
2026/08/01@16:50:58,9561,522.525
2026/08/01@16:50:59,9562,522.525
2026/08/01@16:51:00,9563,522.525
2026/08/01@16:51:01,9564,522.525
2026/08/01@16:51:02,9565,522.525
2026/08/01@16:51:03,9566,522.525
2026/08/01@16:51:04,9567,522.525
2026/08/01@16:51:06,9569,522.525
2026/08/01@16:51:07,9570,522.525
2026/08/01@16:51:08,9571,522.525
2026/08/01@16:51:09,9572,522.525
2026/08/01@16:51:10,9573,522.525
2026/08/01@16:51:11,9574,522.525
2026/08/01@16:51:12,9575,522.525
2026/08/01@16:51:13,9576,522.525
2026/08/01@16:51:14,9577,522.525
2026/08/01@16:51:15,9578,522.525
2026/08/01@16:51:16,9579,522.525
2026/08/01@16:51:18,9581,522.525
2026/08/01@16:51:19,9582,522.525
2026/08/01@16:51:20,9583,522.525
2026/08/01@16:51:21,9584,522.525
2026/08/01@16:51:22,9585,522.525
2026/08/01@16:51:23,9586,522.525
2026/08/01@16:51:24,9587,522.525
2026/08/01@16:51:25,9588,522.525
2026/08/01@16:51:26,9589,522.525
2026/08/01@16:51:27,9590,522.525
2026/08/01@16:51:28,9591,522.525
2026/08/01@16:51:29,9592,522.525
2026/08/01@16:51:31,9594,522.525
2026/08/01@16:51:32,9595,522.525
2026/08/01@16:51:33,9596,522.525
2026/08/01@16:51:34,9597,522.525
2026/08/01@16:51:35,9598,522.525
2026/08/01@16:51:36,9599,522.525
2026/08/01@16:51:37,9600,522.525
2026/08/01@16:51:38,9601,522.525
2026/08/01@16:51:39,9602,522.525
2026/08/01@16:51:40,9603,522.525
2026/08/01@16:51:41,9604,522.525
2026/08/01@16:51:43,9606,522.525
2026/08/01@16:51:44,9607,522.525
2026/08/01@16:51:45,9608,522.525
2026/08/01@16:51:46,9609,522.525
2026/08/01@16:51:47,9610,522.525
2026/08/01@16:51:48,9611,522.525
2026/08/01@16:51:49,9612,522.525
2026/08/01@16:51:50,9613,522.525
2026/08/01@16:51:51,9614,522.525
2026/08/01@16:51:52,9615,522.525
2026/08/01@16:51:53,9616,522.525
2026/08/01@16:51:55,9618,522.525
2026/08/01@16:51:56,9619,522.525
2026/08/01@16:51:57,9620,522.525
2026/08/01@16:51:58,9621,522.525
2026/08/01@16:51:59,9622,522.525
2026/08/01@16:52:00,9623,522.525
2026/08/01@16:52:01,9624,522.525
2026/08/01@16:52:02,9625,522.525
2026/08/01@16:52:03,9626,522.525
2026/08/01@16:52:04,9627,522.525
2026/08/01@16:52:05,9628,522.525
2026/08/01@16:52:07,9630,522.525
2026/08/01@16:52:08,9631,522.525
2026/08/01@16:52:09,9632,522.525
2026/08/01@16:52:10,9633,522.525
2026/08/01@16:52:11,9634,522.525
2026/08/01@16:52:12,9635,522.525
2026/08/01@16:52:13,9636,522.525
2026/08/01@16:52:14,9637,522.525
2026/08/01@16:52:15,9638,522.525
2026/08/01@16:52:16,9639,522.525
2026/08/01@16:52:17,9640,522.525
2026/08/01@16:52:18,9641,522.525
2026/08/01@16:52:20,9643,522.525
2026/08/01@16:52:21,9644,522.525
2026/08/01@16:52:22,9645,522.525
2026/08/01@16:52:23,9646,522.525
2026/08/01@16:52:24,9647,522.525
2026/08/01@16:52:25,9648,522.525
2026/08/01@16:52:26,9649,522.525
2026/08/01@16:52:27,9650,522.525
2026/08/01@16:52:28,9651,522.525
2026/08/01@16:52:29,9652,522.525
2026/08/01@16:52:30,9653,522.525
2026/08/01@16:52:32,9655,522.525
2026/08/01@16:52:33,9656,522.525
2026/08/01@16:52:34,9657,522.525
2026/08/01@16:52:35,9658,522.525
2026/08/01@16:52:36,9659,522.525
2026/08/01@16:52:37,9660,522.525
2026/08/01@16:52:38,9661,522.525
2026/08/01@16:52:39,9662,522.525
2026/08/01@16:52:40,9663,522.525
2026/08/01@16:52:41,9664,522.525
2026/08/01@16:52:42,9665,522.525
2026/08/01@16:52:44,9667,522.525
2026/08/01@16:52:45,9668,522.525
2026/08/01@16:52:46,9669,522.525
2026/08/01@16:52:47,9670,522.525
2026/08/01@16:52:48,9671,522.525
2026/08/01@16:52:49,9672,522.025
2026/08/01@16:52:50,9673,522.525
2026/08/01@16:52:51,9674,522.525
2026/08/01@16:52:52,9675,522.525
2026/08/01@16:52:53,9676,522.525
2026/08/01@16:52:54,9677,522.525
2026/08/01@16:52:56,9679,522.525
2026/08/01@16:52:57,9680,522.525
2026/08/01@16:52:58,9681,522.525
2026/08/01@16:52:59,9682,522.525
2026/08/01@16:53:00,9683,522.525
2026/08/01@16:53:01,9684,522.025
2026/08/01@16:53:02,9685,522.525
2026/08/01@16:53:03,9686,522.525
2026/08/01@16:53:04,9687,522.525
2026/08/01@16:53:05,9688,522.525
2026/08/01@16:53:06,9689,522.525
2026/08/01@16:53:08,9691,522.525
2026/08/01@16:53:09,9692,522.525
2026/08/01@16:53:10,9693,522.525
2026/08/01@16:53:11,9694,522.525
2026/08/01@16:53:12,9695,522.525
2026/08/01@16:53:13,9696,522.525
2026/08/01@16:53:14,9697,522.525
2026/08/01@16:53:15,9698,522.525
2026/08/01@16:53:16,9699,522.525
2026/08/01@16:53:17,9700,522.525
2026/08/01@16:53:18,9701,522.525
2026/08/01@16:53:19,9702,522.525
2026/08/01@16:53:21,9704,522.525
2026/08/01@16:53:22,9705,522.525
2026/08/01@16:53:23,9706,522.525
2026/08/01@16:53:24,9707,522.525
2026/08/01@16:53:25,9708,522.525
2026/08/01@16:53:26,9709,522.525
2026/08/01@16:53:27,9710,522.525
2026/08/01@16:53:28,9711,522.525
2026/08/01@16:53:29,9712,522.525
2026/08/01@16:53:30,9713,522.525
2026/08/01@16:53:31,9714,522.525
2026/08/01@16:53:33,9716,522.525
2026/08/01@16:53:34,9717,522.025
2026/08/01@16:53:35,9718,522.525
2026/08/01@16:53:36,9719,522.525
2026/08/01@16:53:37,9720,522.525
2026/08/01@16:53:38,9721,522.525
2026/08/01@16:53:39,9722,522.525
2026/08/01@16:53:40,9723,522.525
2026/08/01@16:53:41,9724,522.025
2026/08/01@16:53:42,9725,522.525
2026/08/01@16:53:43,9726,522.525
2026/08/01@16:53:45,9728,522.525
2026/08/01@16:53:46,9729,522.525
2026/08/01@16:53:47,9730,522.525
2026/08/01@16:53:48,9731,522.525
2026/08/01@16:53:49,9732,522.525
2026/08/01@16:53:50,9733,522.525
2026/08/01@16:53:51,9734,522.525
2026/08/01@16:53:52,9735,522.525
2026/08/01@16:53:53,9736,522.525
2026/08/01@16:53:54,9737,522.525
2026/08/01@16:53:55,9738,522.525
2026/08/01@16:53:56,9739,522.525
2026/08/01@16:53:58,9741,522.525
2026/08/01@16:53:59,9742,522.525
2026/08/01@16:54:00,9743,522.525
2026/08/01@16:54:01,9744,522.525
2026/08/01@16:54:02,9745,522.525
2026/08/01@16:54:03,9746,522.525
2026/08/01@16:54:04,9747,522.525
2026/08/01@16:54:05,9748,522.525
2026/08/01@16:54:06,9749,522.525
2026/08/01@16:54:07,9750,522.525
2026/08/01@16:54:08,9751,522.525
2026/08/01@16:54:10,9753,522.525
2026/08/01@16:54:11,9754,522.525
2026/08/01@16:54:12,9755,522.025
2026/08/01@16:54:13,9756,522.525
2026/08/01@16:54:14,9757,522.525
2026/08/01@16:54:15,9758,522.525
2026/08/01@16:54:16,9759,522.525
2026/08/01@16:54:17,9760,522.025
2026/08/01@16:54:18,9761,522.525
2026/08/01@16:54:19,9762,522.525
2026/08/01@16:54:20,9763,522.525
2026/08/01@16:54:21,9764,522.525
2026/08/01@16:54:23,9766,522.525
2026/08/01@16:54:24,9767,522.525
2026/08/01@16:54:25,9768,522.525
2026/08/01@16:54:26,9769,522.525
2026/08/01@16:54:27,9770,522.525
2026/08/01@16:54:28,9771,522.525
2026/08/01@16:54:29,9772,522.525
2026/08/01@16:54:30,9773,522.525
2026/08/01@16:54:31,9774,522.525
2026/08/01@16:54:32,9775,522.525
2026/08/01@16:54:33,9776,522.525
2026/08/01@16:54:35,9778,522.525
2026/08/01@16:54:36,9779,522.525
2026/08/01@16:54:37,9780,522.525
2026/08/01@16:54:38,9781,522.525
2026/08/01@16:54:39,9782,522.525
2026/08/01@16:54:40,9783,522.525
2026/08/01@16:54:41,9784,522.525
2026/08/01@16:54:42,9785,522.525
2026/08/01@16:54:43,9786,522.525
2026/08/01@16:54:44,9787,522.525
2026/08/01@16:54:45,9788,522.525
2026/08/01@16:54:47,9790,522.525
2026/08/01@16:54:48,9791,522.525
2026/08/01@16:54:49,9792,522.525
2026/08/01@16:54:50,9793,522.525
2026/08/01@16:54:51,9794,522.525
2026/08/01@16:54:52,9795,522.525
2026/08/01@16:54:53,9796,522.525
2026/08/01@16:54:54,9797,522.525
2026/08/01@16:54:55,9798,522.525
2026/08/01@16:54:56,9799,522.525
2026/08/01@16:54:57,9800,522.525
2026/08/01@16:54:59,9802,522.525
2026/08/01@16:55:00,9803,522.525
2026/08/01@16:55:01,9804,522.525
2026/08/01@16:55:02,9805,522.525
2026/08/01@16:55:03,9806,522.525
2026/08/01@16:55:04,9807,522.525
2026/08/01@16:55:05,9808,522.525
2026/08/01@16:55:06,9809,522.525
2026/08/01@16:55:07,9810,522.525
2026/08/01@16:55:08,9811,522.525
2026/08/01@16:55:09,9812,522.525
2026/08/01@16:55:11,9814,522.525
2026/08/01@16:55:12,9815,522.525
2026/08/01@16:55:13,9816,522.525
2026/08/01@16:55:14,9817,522.525
2026/08/01@16:55:15,9818,522.525
2026/08/01@16:55:16,9819,522.525
2026/08/01@16:55:17,9820,522.525
2026/08/01@16:55:18,9821,522.525
2026/08/01@16:55:19,9822,522.525
2026/08/01@16:55:20,9823,522.525
2026/08/01@16:55:21,9824,522.525
2026/08/01@16:55:22,9825,522.525
2026/08/01@16:55:24,9827,522.525
2026/08/01@16:55:25,9828,522.525
2026/08/01@16:55:26,9829,522.525
2026/08/01@16:55:27,9830,522.525
2026/08/01@16:55:28,9831,522.525
2026/08/01@16:55:29,9832,522.525
2026/08/01@16:55:30,9833,522.525
2026/08/01@16:55:31,9834,522.525
2026/08/01@16:55:32,9835,522.525
2026/08/01@16:55:33,9836,522.525
2026/08/01@16:55:34,9837,522.525
2026/08/01@16:55:36,9839,522.525
2026/08/01@16:55:37,9840,522.525
2026/08/01@16:55:38,9841,522.525
2026/08/01@16:55:39,9842,522.525
2026/08/01@16:55:40,9843,522.525
2026/08/01@16:55:41,9844,522.525
2026/08/01@16:55:42,9845,522.525
2026/08/01@16:55:43,9846,522.525
2026/08/01@16:55:44,9847,522.525
2026/08/01@16:55:45,9848,522.525
2026/08/01@16:55:46,9849,522.525
2026/08/01@16:55:48,9851,522.525
2026/08/01@16:55:49,9852,522.525
2026/08/01@16:55:50,9853,522.525
2026/08/01@16:55:51,9854,522.525
2026/08/01@16:55:52,9855,522.525
2026/08/01@16:55:53,9856,522.525
2026/08/01@16:55:54,9857,522.525
2026/08/01@16:55:55,9858,522.525
2026/08/01@16:55:56,9859,522.525
2026/08/01@16:55:57,9860,522.525
2026/08/01@16:55:58,9861,522.525
2026/08/01@16:56:00,9863,522.525
2026/08/01@16:56:01,9864,522.525
2026/08/01@16:56:02,9865,522.525
2026/08/01@16:56:03,9866,522.525
2026/08/01@16:56:04,9867,522.525
2026/08/01@16:56:05,9868,522.525
2026/08/01@16:56:06,9869,522.525
2026/08/01@16:56:07,9870,522.525
2026/08/01@16:56:08,9871,522.525
2026/08/01@16:56:09,9872,522.525
2026/08/01@16:56:10,9873,522.525
2026/08/01@16:56:12,9875,522.525
2026/08/01@16:56:13,9876,522.525
2026/08/01@16:56:14,9877,522.525
2026/08/01@16:56:15,9878,522.525
2026/08/01@16:56:16,9879,522.525
2026/08/01@16:56:17,9880,522.525
2026/08/01@16:56:18,9881,522.025
2026/08/01@16:56:19,9882,522.525
2026/08/01@16:56:20,9883,522.525
2026/08/01@16:56:21,9884,522.525
2026/08/01@16:56:22,9885,522.525
2026/08/01@16:56:23,9886,522.525
2026/08/01@16:56:25,9888,522.525
2026/08/01@16:56:26,9889,522.525
2026/08/01@16:56:27,9890,522.525
2026/08/01@16:56:28,9891,522.525
2026/08/01@16:56:29,9892,522.525
2026/08/01@16:56:30,9893,522.525
2026/08/01@16:56:31,9894,522.525
2026/08/01@16:56:32,9895,522.525
2026/08/01@16:56:33,9896,522.525
2026/08/01@16:56:34,9897,522.525
2026/08/01@16:56:35,9898,522.525
2026/08/01@16:56:37,9900,522.525
2026/08/01@16:56:38,9901,522.525
2026/08/01@16:56:39,9902,522.525
2026/08/01@16:56:40,9903,522.525
2026/08/01@16:56:41,9904,522.525
2026/08/01@16:56:42,9905,522.525
2026/08/01@16:56:43,9906,522.525
2026/08/01@16:56:44,9907,522.525
2026/08/01@16:56:45,9908,522.525
2026/08/01@16:56:46,9909,522.025
2026/08/01@16:56:47,9910,522.525
2026/08/01@16:56:49,9912,522.525
2026/08/01@16:56:50,9913,522.525
2026/08/01@16:56:51,9914,522.525
2026/08/01@16:56:52,9915,522.525
2026/08/01@16:56:53,9916,522.525
2026/08/01@16:56:54,9917,522.525
2026/08/01@16:56:55,9918,522.525
2026/08/01@16:56:56,9919,522.525
2026/08/01@16:56:57,9920,522.525
2026/08/01@16:56:58,9921,522.525
2026/08/01@16:56:59,9922,522.525
2026/08/01@16:57:01,9924,522.525
2026/08/01@16:57:02,9925,522.525
2026/08/01@16:57:03,9926,522.525
2026/08/01@16:57:04,9927,522.525
2026/08/01@16:57:05,9928,522.525
2026/08/01@16:57:06,9929,522.525
2026/08/01@16:57:07,9930,522.525
2026/08/01@16:57:08,9931,522.525
2026/08/01@16:57:09,9932,522.525
2026/08/01@16:57:10,9933,522.525
2026/08/01@16:57:11,9934,522.525
2026/08/01@16:57:13,9935,522.525
2026/08/01@16:57:14,9937,522.525
2026/08/01@16:57:15,9938,522.525
2026/08/01@16:57:16,9939,522.525
2026/08/01@16:57:17,9940,522.525
2026/08/01@16:57:18,9941,522.525
2026/08/01@16:57:19,9942,522.525
2026/08/01@16:57:20,9943,522.525
2026/08/01@16:57:21,9944,522.525
2026/08/01@16:57:22,9945,522.525
2026/08/01@16:57:23,9946,522.525
2026/08/01@16:57:24,9947,522.525
2026/08/01@16:57:26,9949,522.525
2026/08/01@16:57:27,9950,522.525
2026/08/01@16:57:28,9951,522.525
2026/08/01@16:57:29,9952,522.525
2026/08/01@16:57:30,9953,522.525
2026/08/01@16:57:31,9954,522.525
2026/08/01@16:57:32,9955,522.525
2026/08/01@16:57:33,9956,522.525
2026/08/01@16:57:34,9957,522.525
2026/08/01@16:57:35,9958,522.525
2026/08/01@16:57:36,9959,522.525
2026/08/01@16:57:38,9961,522.525
2026/08/01@16:57:39,9962,522.525
2026/08/01@16:57:40,9963,522.525
2026/08/01@16:57:41,9964,522.525
2026/08/01@16:57:42,9965,522.525
2026/08/01@16:57:43,9966,522.525
2026/08/01@16:57:44,9967,522.525
2026/08/01@16:57:45,9968,522.525
2026/08/01@16:57:46,9969,522.525
2026/08/01@16:57:47,9970,522.025
2026/08/01@16:57:48,9971,522.525
2026/08/01@16:57:50,9973,522.525
2026/08/01@16:57:51,9974,522.525
2026/08/01@16:57:52,9975,522.525
2026/08/01@16:57:53,9976,522.525
2026/08/01@16:57:54,9977,522.525
2026/08/01@16:57:55,9978,522.525
2026/08/01@16:57:56,9979,522.525
2026/08/01@16:57:57,9980,522.525
2026/08/01@16:57:58,9981,522.525
2026/08/01@16:57:59,9982,522.525
2026/08/01@16:58:00,9983,522.525
2026/08/01@16:58:02,9984,522.525
2026/08/01@16:58:03,9986,522.525
2026/08/01@16:58:04,9987,522.525
2026/08/01@16:58:05,9988,522.525
2026/08/01@16:58:06,9989,522.525
2026/08/01@16:58:07,9990,522.525
2026/08/01@16:58:08,9991,522.025
2026/08/01@16:58:09,9992,522.525
2026/08/01@16:58:10,9993,522.525
2026/08/01@16:58:11,9994,522.525
2026/08/01@16:58:12,9995,522.525
2026/08/01@16:58:14,9996,522.525
2026/08/01@16:58:15,9998,522.525
2026/08/01@16:58:16,9999,522.525
2026/08/01@16:58:17,10000,522.525
2026/08/01@16:58:18,10001,522.525
2026/08/01@16:58:19,10002,522.525
2026/08/01@16:58:20,10003,522.525
2026/08/01@16:58:21,10004,522.525
2026/08/01@16:58:22,10005,522.525
2026/08/01@16:58:23,10006,522.525
2026/08/01@16:58:24,10007,522.525
2026/08/01@16:58:25,10008,522.525
2026/08/01@16:58:27,10010,522.525
2026/08/01@16:58:28,10011,522.525
2026/08/01@16:58:29,10012,522.525
2026/08/01@16:58:30,10013,522.525
2026/08/01@16:58:31,10014,522.525
2026/08/01@16:58:32,10015,522.525
2026/08/01@16:58:33,10016,522.525
2026/08/01@16:58:34,10017,522.525
2026/08/01@16:58:35,10018,522.525
2026/08/01@16:58:36,10019,522.525
2026/08/01@16:58:37,10020,522.525
2026/08/01@16:58:39,10022,522.025
2026/08/01@16:58:40,10023,522.525
2026/08/01@16:58:41,10024,522.525
2026/08/01@16:58:42,10025,522.025
2026/08/01@16:58:43,10026,522.525
2026/08/01@16:58:44,10027,522.025
2026/08/01@16:58:45,10028,522.525
2026/08/01@16:58:46,10029,522.525
2026/08/01@16:58:47,10030,522.525
2026/08/01@16:58:48,10031,522.525
2026/08/01@16:58:49,10032,522.525
2026/08/01@16:58:51,10034,522.525
2026/08/01@16:58:52,10035,522.525
2026/08/01@16:58:53,10036,522.525
2026/08/01@16:58:54,10037,522.525
2026/08/01@16:58:55,10038,522.525
2026/08/01@16:58:56,10039,522.525
2026/08/01@16:58:57,10040,522.525
2026/08/01@16:58:58,10041,522.525
2026/08/01@16:58:59,10042,522.525
2026/08/01@16:59:00,10043,522.525
2026/08/01@16:59:01,10044,522.525
2026/08/01@16:59:03,10046,522.525
2026/08/01@16:59:04,10047,522.525
2026/08/01@16:59:05,10048,522.525
2026/08/01@16:59:06,10049,522.525
2026/08/01@16:59:07,10050,522.525
2026/08/01@16:59:08,10051,522.525
2026/08/01@16:59:09,10052,522.525
2026/08/01@16:59:10,10053,522.525
2026/08/01@16:59:11,10054,522.525
2026/08/01@16:59:12,10055,522.525
2026/08/01@16:59:13,10056,522.525
2026/08/01@16:59:15,10057,522.025
2026/08/01@16:59:16,10059,522.525
2026/08/01@16:59:17,10060,522.525
2026/08/01@16:59:18,10061,522.525
2026/08/01@16:59:19,10062,522.525
2026/08/01@16:59:20,10063,522.525
2026/08/01@16:59:21,10064,522.525
2026/08/01@16:59:22,10065,522.525
2026/08/01@16:59:23,10066,522.525
2026/08/01@16:59:24,10067,522.525
2026/08/01@16:59:25,10068,522.525
2026/08/01@16:59:26,10069,522.525
2026/08/01@16:59:28,10071,522.525
2026/08/01@16:59:29,10072,522.525
2026/08/01@16:59:30,10073,522.525
2026/08/01@16:59:31,10074,522.025
2026/08/01@16:59:32,10075,522.525
2026/08/01@16:59:33,10076,522.525
2026/08/01@16:59:34,10077,522.525
2026/08/01@16:59:35,10078,522.525
2026/08/01@16:59:36,10079,522.525
2026/08/01@16:59:37,10080,522.525
2026/08/01@16:59:38,10081,522.525
2026/08/01@16:59:40,10083,522.525
2026/08/01@16:59:41,10084,522.525
2026/08/01@16:59:42,10085,522.525
2026/08/01@16:59:43,10086,522.525
2026/08/01@16:59:44,10087,522.525
2026/08/01@16:59:45,10088,522.525
2026/08/01@16:59:46,10089,522.525
2026/08/01@16:59:47,10090,522.025
2026/08/01@16:59:48,10091,522.525
2026/08/01@16:59:49,10092,522.525
2026/08/01@16:59:50,10093,522.525
2026/08/01@16:59:52,10095,522.525
2026/08/01@16:59:53,10096,522.525
2026/08/01@16:59:54,10097,522.525
2026/08/01@16:59:55,10098,522.525
2026/08/01@16:59:56,10099,522.025
2026/08/01@16:59:57,10100,522.525
2026/08/01@16:59:58,10101,522.525
2026/08/01@16:59:59,10102,522.025
2026/08/01@17:00:00,10103,522.525
2026/08/01@17:00:01,10104,522.525
2026/08/01@17:00:02,10105,522.025
2026/08/01@17:00:04,10107,522.025
2026/08/01@17:00:05,10108,522.525
2026/08/01@17:00:06,10109,522.525
2026/08/01@17:00:07,10110,522.525
2026/08/01@17:00:08,10111,522.525
2026/08/01@17:00:09,10112,522.525
2026/08/01@17:00:10,10113,522.025
2026/08/01@17:00:11,10114,522.525
2026/08/01@17:00:12,10115,522.025
2026/08/01@17:00:13,10116,522.525
2026/08/01@17:00:14,10117,522.525
2026/08/01@17:00:16,10118,522.525
2026/08/01@17:00:17,10120,522.525
2026/08/01@17:00:18,10121,522.525
2026/08/01@17:00:19,10122,522.525
2026/08/01@17:00:20,10123,522.525
2026/08/01@17:00:21,10124,522.525
2026/08/01@17:00:22,10125,522.025
2026/08/01@17:00:23,10126,522.525
2026/08/01@17:00:24,10127,522.525
2026/08/01@17:00:25,10128,522.525
2026/08/01@17:00:26,10129,522.525
2026/08/01@17:00:27,10130,522.525
2026/08/01@17:00:29,10132,522.525
2026/08/01@17:00:30,10133,522.525
2026/08/01@17:00:31,10134,522.525
2026/08/01@17:00:32,10135,522.525
2026/08/01@17:00:33,10136,522.525
2026/08/01@17:00:34,10137,522.525
2026/08/01@17:00:35,10138,522.525
2026/08/01@17:00:36,10139,522.525
2026/08/01@17:00:37,10140,522.525
2026/08/01@17:00:38,10141,522.525
2026/08/01@17:00:39,10142,522.525
2026/08/01@17:00:41,10144,522.525
2026/08/01@17:00:42,10145,522.525
2026/08/01@17:00:43,10146,522.525
2026/08/01@17:00:44,10147,522.525
2026/08/01@17:00:45,10148,522.525
2026/08/01@17:00:46,10149,522.525
2026/08/01@17:00:47,10150,522.525
2026/08/01@17:00:48,10151,522.525
2026/08/01@17:00:49,10152,522.525
2026/08/01@17:00:50,10153,522.525
2026/08/01@17:00:51,10154,522.025
2026/08/01@17:00:53,10156,522.025
2026/08/01@17:00:54,10157,522.525
2026/08/01@17:00:55,10158,522.525
2026/08/01@17:00:56,10159,522.525
2026/08/01@17:00:57,10160,522.525
2026/08/01@17:00:58,10161,522.025
2026/08/01@17:00:59,10162,522.525
2026/08/01@17:01:00,10163,522.525
2026/08/01@17:01:01,10164,522.525
2026/08/01@17:01:02,10165,522.025
2026/08/01@17:01:03,10166,522.025
2026/08/01@17:01:05,10168,522.525
2026/08/01@17:01:06,10169,522.525
2026/08/01@17:01:07,10170,522.525
2026/08/01@17:01:08,10171,522.525
2026/08/01@17:01:09,10172,522.525
2026/08/01@17:01:10,10173,522.025
2026/08/01@17:01:11,10174,522.525
2026/08/01@17:01:12,10175,522.525
2026/08/01@17:01:13,10176,522.025
2026/08/01@17:01:14,10177,522.525
2026/08/01@17:01:15,10178,522.525
2026/08/01@17:01:17,10179,522.025
2026/08/01@17:01:18,10181,522.525
2026/08/01@17:01:19,10182,522.525
2026/08/01@17:01:20,10183,522.025
2026/08/01@17:01:21,10184,522.025
2026/08/01@17:01:22,10185,522.025
2026/08/01@17:01:23,10186,522.525
2026/08/01@17:01:24,10187,522.025
2026/08/01@17:01:25,10188,522.525
2026/08/01@17:01:26,10189,522.025
2026/08/01@17:01:27,10190,522.525
2026/08/01@17:01:28,10191,522.525
2026/08/01@17:01:30,10193,522.025
2026/08/01@17:01:31,10194,522.525
2026/08/01@17:01:32,10195,522.025
2026/08/01@17:01:33,10196,522.525
2026/08/01@17:01:34,10197,522.025
2026/08/01@17:01:35,10198,522.525
2026/08/01@17:01:36,10199,522.025
2026/08/01@17:01:37,10200,522.525
2026/08/01@17:01:38,10201,522.525
2026/08/01@17:01:39,10202,522.525
2026/08/01@17:01:40,10203,522.525
2026/08/01@17:01:42,10205,522.525
2026/08/01@17:01:43,10206,522.025
2026/08/01@17:01:44,10207,522.525
2026/08/01@17:01:45,10208,522.525
2026/08/01@17:01:46,10209,522.525
2026/08/01@17:01:47,10210,522.525
2026/08/01@17:01:48,10211,522.525
2026/08/01@17:01:49,10212,522.525
2026/08/01@17:01:50,10213,522.025
2026/08/01@17:01:51,10214,522.025
2026/08/01@17:01:52,10215,522.525
2026/08/01@17:01:54,10217,522.525
2026/08/01@17:01:55,10218,522.025
2026/08/01@17:01:56,10219,522.525
2026/08/01@17:01:57,10220,522.525
2026/08/01@17:01:58,10221,522.025
2026/08/01@17:01:59,10222,522.025
2026/08/01@17:02:00,10223,522.525
2026/08/01@17:02:01,10224,522.525
2026/08/01@17:02:02,10225,522.025
2026/08/01@17:02:03,10226,522.025
2026/08/01@17:02:04,10227,522.525
2026/08/01@17:02:06,10229,522.525
2026/08/01@17:02:07,10230,522.525
2026/08/01@17:02:08,10231,522.525
2026/08/01@17:02:09,10232,522.525
2026/08/01@17:02:10,10233,522.025
2026/08/01@17:02:11,10234,522.025
2026/08/01@17:02:12,10235,522.525
2026/08/01@17:02:13,10236,522.525
2026/08/01@17:02:14,10237,522.525
2026/08/01@17:02:15,10238,522.025
2026/08/01@17:02:16,10239,522.525
2026/08/01@17:02:17,10240,522.525
2026/08/01@17:02:19,10242,522.025
2026/08/01@17:02:20,10243,522.525
2026/08/01@17:02:21,10244,522.025
2026/08/01@17:02:22,10245,522.025
2026/08/01@17:02:23,10246,522.525
2026/08/01@17:02:24,10247,522.525
2026/08/01@17:02:25,10248,522.525
2026/08/01@17:02:26,10249,522.025
2026/08/01@17:02:27,10250,522.525
2026/08/01@17:02:28,10251,522.025
2026/08/01@17:02:29,10252,522.525
2026/08/01@17:02:31,10254,522.525
2026/08/01@17:02:32,10255,522.525
2026/08/01@17:02:33,10256,522.525
2026/08/01@17:02:34,10257,522.525
2026/08/01@17:02:35,10258,522.025
2026/08/01@17:02:36,10259,522.525
2026/08/01@17:02:37,10260,522.525
2026/08/01@17:02:38,10261,522.525
2026/08/01@17:02:39,10262,522.025
2026/08/01@17:02:40,10263,522.525
2026/08/01@17:02:41,10264,522.525
2026/08/01@17:02:43,10266,522.525
2026/08/01@17:02:44,10267,522.525
2026/08/01@17:02:45,10268,522.525
2026/08/01@17:02:46,10269,522.525
2026/08/01@17:02:47,10270,522.025
2026/08/01@17:02:48,10271,522.025
2026/08/01@17:02:49,10272,522.525
2026/08/01@17:02:50,10273,522.025
2026/08/01@17:02:51,10274,522.525
2026/08/01@17:02:52,10275,522.025
2026/08/01@17:02:53,10276,522.025
2026/08/01@17:02:55,10278,522.525
2026/08/01@17:02:56,10279,522.525
2026/08/01@17:02:57,10280,522.525
2026/08/01@17:02:58,10281,522.525
2026/08/01@17:02:59,10282,522.025
2026/08/01@17:03:00,10283,522.025
2026/08/01@17:03:01,10284,522.525
2026/08/01@17:03:02,10285,522.525
2026/08/01@17:03:03,10286,522.525
2026/08/01@17:03:04,10287,522.025
2026/08/01@17:03:05,10288,522.525
2026/08/01@17:03:07,10290,522.525
2026/08/01@17:03:08,10291,522.525
2026/08/01@17:03:09,10292,522.025
2026/08/01@17:03:10,10293,522.525
2026/08/01@17:03:11,10294,522.025
2026/08/01@17:03:12,10295,522.025
2026/08/01@17:03:13,10296,522.525
2026/08/01@17:03:14,10297,522.525
2026/08/01@17:03:15,10298,522.525
2026/08/01@17:03:16,10299,522.025
2026/08/01@17:03:17,10300,522.525
2026/08/01@17:03:18,10301,522.525
2026/08/01@17:03:20,10303,521.5251
2026/08/01@17:03:21,10304,522.025
2026/08/01@17:03:22,10305,522.525
2026/08/01@17:03:23,10306,522.025
2026/08/01@17:03:24,10307,522.525
2026/08/01@17:03:25,10308,522.525
2026/08/01@17:03:26,10309,522.025
2026/08/01@17:03:27,10310,522.525
2026/08/01@17:03:28,10311,522.525
2026/08/01@17:03:29,10312,522.025
2026/08/01@17:03:30,10313,522.525
2026/08/01@17:03:32,10315,522.025
2026/08/01@17:03:33,10316,522.025
2026/08/01@17:03:34,10317,522.525
2026/08/01@17:03:35,10318,522.525
2026/08/01@17:03:36,10319,522.025
2026/08/01@17:03:37,10320,522.525
2026/08/01@17:03:38,10321,522.025
2026/08/01@17:03:39,10322,522.025
2026/08/01@17:03:40,10323,522.025
2026/08/01@17:03:41,10324,522.525
2026/08/01@17:03:42,10325,522.025
2026/08/01@17:03:44,10327,522.025
2026/08/01@17:03:45,10328,522.525
2026/08/01@17:03:46,10329,522.525
2026/08/01@17:03:47,10330,522.025
2026/08/01@17:03:48,10331,522.025
2026/08/01@17:03:49,10332,522.025
2026/08/01@17:03:50,10333,522.025
2026/08/01@17:03:51,10334,522.025
2026/08/01@17:03:52,10335,522.525
2026/08/01@17:03:53,10336,522.025
2026/08/01@17:03:54,10337,522.025
2026/08/01@17:03:56,10339,522.025
2026/08/01@17:03:57,10340,522.025
2026/08/01@17:03:58,10341,522.025
2026/08/01@17:03:59,10342,522.525
2026/08/01@17:04:00,10343,522.025
2026/08/01@17:04:01,10344,522.525
2026/08/01@17:04:02,10345,522.525
2026/08/01@17:04:03,10346,522.025
2026/08/01@17:04:04,10347,522.025
2026/08/01@17:04:05,10348,522.525
2026/08/01@17:04:06,10349,522.525
2026/08/01@17:04:08,10351,522.025
2026/08/01@17:04:09,10352,522.025
2026/08/01@17:04:10,10353,522.525
2026/08/01@17:04:11,10354,522.525
2026/08/01@17:04:12,10355,522.025
2026/08/01@17:04:13,10356,522.025
2026/08/01@17:04:14,10357,522.025
2026/08/01@17:04:15,10358,522.025
2026/08/01@17:04:16,10359,522.525
2026/08/01@17:04:17,10360,522.025
2026/08/01@17:04:18,10361,522.025
2026/08/01@17:04:19,10362,522.025
2026/08/01@17:04:21,10364,522.025
2026/08/01@17:04:22,10365,522.525
2026/08/01@17:04:23,10366,522.525
2026/08/01@17:04:24,10367,522.025
2026/08/01@17:04:25,10368,522.025
2026/08/01@17:04:26,10369,522.525
2026/08/01@17:04:27,10370,522.525
2026/08/01@17:04:28,10371,522.525
2026/08/01@17:04:29,10372,522.525
2026/08/01@17:04:30,10373,521.5251
2026/08/01@17:04:31,10374,522.025
2026/08/01@17:04:33,10376,522.525
2026/08/01@17:04:34,10377,522.525
2026/08/01@17:04:35,10378,522.025
2026/08/01@17:04:36,10379,522.025
2026/08/01@17:04:37,10380,522.025
2026/08/01@17:04:38,10381,522.525
2026/08/01@17:04:39,10382,522.525
2026/08/01@17:04:40,10383,522.025
2026/08/01@17:04:41,10384,522.525
2026/08/01@17:04:42,10385,522.025
2026/08/01@17:04:43,10386,522.025
2026/08/01@17:04:45,10388,522.525
2026/08/01@17:04:46,10389,522.525
2026/08/01@17:04:47,10390,522.025
2026/08/01@17:04:48,10391,522.025
2026/08/01@17:04:49,10392,522.025
2026/08/01@17:04:50,10393,522.025
2026/08/01@17:04:51,10394,522.025
2026/08/01@17:04:52,10395,522.025
2026/08/01@17:04:53,10396,522.525
2026/08/01@17:04:54,10397,522.025
2026/08/01@17:04:55,10398,522.025
2026/08/01@17:04:57,10400,522.025
2026/08/01@17:04:58,10401,522.525
2026/08/01@17:04:59,10402,522.525
2026/08/01@17:05:00,10403,522.025
2026/08/01@17:05:01,10404,522.025
2026/08/01@17:05:02,10405,522.525
2026/08/01@17:05:03,10406,522.025
2026/08/01@17:05:04,10407,522.525
2026/08/01@17:05:05,10408,522.025
2026/08/01@17:05:06,10409,522.025
2026/08/01@17:05:07,10410,522.025
2026/08/01@17:05:09,10412,522.025
2026/08/01@17:05:10,10413,522.025
2026/08/01@17:05:11,10414,522.025
2026/08/01@17:05:12,10415,522.525
2026/08/01@17:05:13,10416,522.025
2026/08/01@17:05:14,10417,522.525
2026/08/01@17:05:15,10418,522.025
2026/08/01@17:05:16,10419,522.025
2026/08/01@17:05:17,10420,522.525
2026/08/01@17:05:18,10421,522.525
2026/08/01@17:05:19,10422,522.025
2026/08/01@17:05:20,10423,522.525
2026/08/01@17:05:22,10425,522.025
2026/08/01@17:05:23,10426,522.025
2026/08/01@17:05:24,10427,522.525
2026/08/01@17:05:25,10428,522.525
2026/08/01@17:05:26,10429,522.025
2026/08/01@17:05:27,10430,522.525
2026/08/01@17:05:28,10431,522.025
2026/08/01@17:05:29,10432,522.525
2026/08/01@17:05:30,10433,522.025
2026/08/01@17:05:31,10434,522.525
2026/08/01@17:05:32,10435,522.525
2026/08/01@17:05:34,10437,522.025
2026/08/01@17:05:35,10438,522.025
2026/08/01@17:05:36,10439,522.525
2026/08/01@17:05:37,10440,522.525
2026/08/01@17:05:38,10441,522.025
2026/08/01@17:05:39,10442,522.025
2026/08/01@17:05:40,10443,522.525
2026/08/01@17:05:41,10444,522.525
2026/08/01@17:05:42,10445,522.025
2026/08/01@17:05:43,10446,522.025
2026/08/01@17:05:44,10447,522.025
2026/08/01@17:05:46,10449,522.025
2026/08/01@17:05:47,10450,522.025
2026/08/01@17:05:48,10451,522.525
2026/08/01@17:05:49,10452,522.525
2026/08/01@17:05:50,10453,522.025
2026/08/01@17:05:51,10454,522.025
2026/08/01@17:05:52,10455,522.525
2026/08/01@17:05:53,10456,521.5251
2026/08/01@17:05:54,10457,522.025
2026/08/01@17:05:55,10458,522.525
2026/08/01@17:05:56,10459,522.525
2026/08/01@17:05:58,10461,522.525
2026/08/01@17:05:59,10462,522.525
2026/08/01@17:06:00,10463,522.525
2026/08/01@17:06:01,10464,522.525
2026/08/01@17:06:02,10465,522.025
2026/08/01@17:06:03,10466,522.525
2026/08/01@17:06:04,10467,522.525
2026/08/01@17:06:05,10468,522.525
2026/08/01@17:06:06,10469,522.525
2026/08/01@17:06:07,10470,522.025
2026/08/01@17:06:08,10471,522.525
2026/08/01@17:06:10,10473,522.525
2026/08/01@17:06:11,10474,522.025
2026/08/01@17:06:12,10475,522.525
2026/08/01@17:06:13,10476,522.525
2026/08/01@17:06:14,10477,522.025
2026/08/01@17:06:15,10478,522.025
2026/08/01@17:06:16,10479,522.025
2026/08/01@17:06:17,10480,522.525
2026/08/01@17:06:18,10481,522.525
2026/08/01@17:06:19,10482,522.525
2026/08/01@17:06:20,10483,522.025
2026/08/01@17:06:22,10484,522.025
2026/08/01@17:06:23,10486,522.025
2026/08/01@17:06:24,10487,522.525
2026/08/01@17:06:25,10488,522.525
2026/08/01@17:06:26,10489,522.025
2026/08/01@17:06:27,10490,522.025
2026/08/01@17:06:28,10491,522.525
2026/08/01@17:06:29,10492,522.525
2026/08/01@17:06:30,10493,522.525
2026/08/01@17:06:31,10494,522.025
2026/08/01@17:06:32,10495,522.025
2026/08/01@17:06:33,10496,522.025
2026/08/01@17:06:35,10498,522.525
2026/08/01@17:06:36,10499,522.525
2026/08/01@17:06:37,10500,522.525
2026/08/01@17:06:38,10501,522.525
2026/08/01@17:06:39,10502,521.5251
2026/08/01@17:06:40,10503,522.025
2026/08/01@17:06:41,10504,522.525
2026/08/01@17:06:42,10505,522.525
2026/08/01@17:06:43,10506,522.025
2026/08/01@17:06:44,10507,522.525
2026/08/01@17:06:45,10508,522.525
2026/08/01@17:06:47,10510,522.025
2026/08/01@17:06:48,10511,522.525
2026/08/01@17:06:49,10512,522.025
2026/08/01@17:06:50,10513,522.525
2026/08/01@17:06:51,10514,522.525
2026/08/01@17:06:52,10515,522.025
2026/08/01@17:06:53,10516,522.525
2026/08/01@17:06:54,10517,522.025
2026/08/01@17:06:55,10518,522.525
2026/08/01@17:06:56,10519,522.525
2026/08/01@17:06:57,10520,522.025
2026/08/01@17:06:59,10522,522.525
2026/08/01@17:07:00,10523,522.025
2026/08/01@17:07:01,10524,522.525
2026/08/01@17:07:02,10525,522.525
2026/08/01@17:07:03,10526,522.525
2026/08/01@17:07:04,10527,522.525
2026/08/01@17:07:05,10528,522.525
2026/08/01@17:07:06,10529,522.525
2026/08/01@17:07:07,10530,522.525
2026/08/01@17:07:08,10531,522.525
2026/08/01@17:07:09,10532,522.525
2026/08/01@17:07:11,10534,522.525
2026/08/01@17:07:12,10535,522.525
2026/08/01@17:07:13,10536,522.525
2026/08/01@17:07:14,10537,522.025
2026/08/01@17:07:15,10538,522.525
2026/08/01@17:07:16,10539,522.525
2026/08/01@17:07:17,10540,522.525
2026/08/01@17:07:18,10541,522.025
2026/08/01@17:07:19,10542,522.525
2026/08/01@17:07:20,10543,522.525
2026/08/01@17:07:21,10544,522.525
2026/08/01@17:07:23,10546,522.025
2026/08/01@17:07:24,10547,522.525
2026/08/01@17:07:25,10548,522.525
2026/08/01@17:07:26,10549,522.525
2026/08/01@17:07:27,10550,522.025
2026/08/01@17:07:28,10551,522.525
2026/08/01@17:07:29,10552,522.525
2026/08/01@17:07:30,10553,522.525
2026/08/01@17:07:31,10554,522.525
2026/08/01@17:07:32,10555,522.525
2026/08/01@17:07:33,10556,522.525
2026/08/01@17:07:35,10557,522.525
2026/08/01@17:07:36,10559,522.525
2026/08/01@17:07:37,10560,522.525
2026/08/01@17:07:38,10561,522.525
2026/08/01@17:07:39,10562,522.525
2026/08/01@17:07:40,10563,522.525
2026/08/01@17:07:41,10564,522.525
2026/08/01@17:07:42,10565,522.525
2026/08/01@17:07:43,10566,522.525
2026/08/01@17:07:44,10567,522.525
2026/08/01@17:07:45,10568,522.525
2026/08/01@17:07:46,10569,522.025
2026/08/01@17:07:48,10571,522.525
2026/08/01@17:07:49,10572,522.525
2026/08/01@17:07:50,10573,522.525
2026/08/01@17:07:51,10574,522.525
2026/08/01@17:07:52,10575,522.525
2026/08/01@17:07:53,10576,522.525
2026/08/01@17:07:54,10577,522.525
2026/08/01@17:07:55,10578,522.525
2026/08/01@17:07:56,10579,522.025
2026/08/01@17:07:57,10580,522.525
2026/08/01@17:07:58,10581,522.525
2026/08/01@17:08:00,10583,522.525
2026/08/01@17:08:01,10584,522.525
2026/08/01@17:08:02,10585,522.525
2026/08/01@17:08:03,10586,522.525
2026/08/01@17:08:04,10587,522.525
2026/08/01@17:08:05,10588,522.525
2026/08/01@17:08:06,10589,522.525
2026/08/01@17:08:07,10590,522.525
2026/08/01@17:08:08,10591,522.525
2026/08/01@17:08:09,10592,522.525
2026/08/01@17:08:10,10593,522.525
2026/08/01@17:08:12,10595,522.525
2026/08/01@17:08:13,10596,522.525
2026/08/01@17:08:14,10597,522.525
2026/08/01@17:08:15,10598,522.525
2026/08/01@17:08:16,10599,522.525
2026/08/01@17:08:17,10600,522.525
2026/08/01@17:08:18,10601,522.525
2026/08/01@17:08:19,10602,522.525
2026/08/01@17:08:20,10603,522.525
2026/08/01@17:08:21,10604,522.525
2026/08/01@17:08:22,10605,522.525
2026/08/01@17:08:24,10607,522.525
2026/08/01@17:08:25,10608,522.525
2026/08/01@17:08:26,10609,522.525
2026/08/01@17:08:27,10610,522.525
2026/08/01@17:08:28,10611,522.525
2026/08/01@17:08:29,10612,522.525
2026/08/01@17:08:30,10613,522.525
2026/08/01@17:08:31,10614,522.525
2026/08/01@17:08:32,10615,522.525
2026/08/01@17:08:33,10616,522.525
2026/08/01@17:08:34,10617,522.525
2026/08/01@17:08:36,10618,522.525
2026/08/01@17:08:37,10620,522.525
2026/08/01@17:08:38,10621,522.525
2026/08/01@17:08:39,10622,522.525
2026/08/01@17:08:40,10623,522.525
2026/08/01@17:08:41,10624,522.525
2026/08/01@17:08:42,10625,522.525
2026/08/01@17:08:43,10626,522.525
2026/08/01@17:08:44,10627,522.525
2026/08/01@17:08:45,10628,522.525
2026/08/01@17:08:46,10629,522.525
2026/08/01@17:08:47,10630,522.525
2026/08/01@17:08:49,10632,522.525
2026/08/01@17:08:50,10633,522.525
2026/08/01@17:08:51,10634,522.525
2026/08/01@17:08:52,10635,522.525
2026/08/01@17:08:53,10636,522.525
2026/08/01@17:08:54,10637,522.525
2026/08/01@17:08:55,10638,522.525
2026/08/01@17:08:56,10639,522.525
2026/08/01@17:08:57,10640,522.525
2026/08/01@17:08:58,10641,522.525
2026/08/01@17:08:59,10642,522.525
2026/08/01@17:09:01,10644,522.525
2026/08/01@17:09:02,10645,522.525
2026/08/01@17:09:03,10646,522.525
2026/08/01@17:09:04,10647,522.525
2026/08/01@17:09:05,10648,522.525
2026/08/01@17:09:06,10649,522.525
2026/08/01@17:09:07,10650,522.525
2026/08/01@17:09:08,10651,522.525
2026/08/01@17:09:09,10652,522.525
2026/08/01@17:09:10,10653,522.525
2026/08/01@17:09:11,10654,522.525
2026/08/01@17:09:13,10656,522.525
2026/08/01@17:09:14,10657,522.525
2026/08/01@17:09:15,10658,522.525
2026/08/01@17:09:16,10659,522.525
2026/08/01@17:09:17,10660,522.525
2026/08/01@17:09:18,10661,522.525
2026/08/01@17:09:19,10662,522.525
2026/08/01@17:09:20,10663,522.525
2026/08/01@17:09:21,10664,522.525
2026/08/01@17:09:22,10665,522.525
2026/08/01@17:09:23,10666,522.525
2026/08/01@17:09:25,10668,522.525
2026/08/01@17:09:26,10669,522.525
2026/08/01@17:09:27,10670,522.525
2026/08/01@17:09:28,10671,522.525
2026/08/01@17:09:29,10672,522.525
2026/08/01@17:09:30,10673,522.525
2026/08/01@17:09:31,10674,522.525
2026/08/01@17:09:32,10675,522.525
2026/08/01@17:09:33,10676,522.525
2026/08/01@17:09:34,10677,522.525
2026/08/01@17:09:35,10678,522.525
2026/08/01@17:09:37,10680,522.525
2026/08/01@17:09:38,10681,522.525
2026/08/01@17:09:39,10682,522.525
2026/08/01@17:09:40,10683,522.525
2026/08/01@17:09:41,10684,522.525
2026/08/01@17:09:42,10685,522.525
2026/08/01@17:09:43,10686,522.525
2026/08/01@17:09:44,10687,522.525
2026/08/01@17:09:45,10688,522.525
2026/08/01@17:09:46,10689,522.525
2026/08/01@17:09:47,10690,522.525
2026/08/01@17:09:49,10691,522.525
2026/08/01@17:09:50,10693,522.525
2026/08/01@17:09:51,10694,522.525
2026/08/01@17:09:52,10695,522.525
2026/08/01@17:09:53,10696,522.525
2026/08/01@17:09:54,10697,522.525
2026/08/01@17:09:55,10698,522.525
2026/08/01@17:09:56,10699,522.525
2026/08/01@17:09:57,10700,522.525
2026/08/01@17:09:58,10701,522.525
2026/08/01@17:09:59,10702,522.525
2026/08/01@17:10:00,10703,522.525
2026/08/01@17:10:02,10705,522.525
2026/08/01@17:10:03,10706,522.525
2026/08/01@17:10:04,10707,522.525
2026/08/01@17:10:05,10708,522.525
2026/08/01@17:10:06,10709,522.525
2026/08/01@17:10:07,10710,522.525
2026/08/01@17:10:08,10711,522.525
2026/08/01@17:10:09,10712,522.525
2026/08/01@17:10:10,10713,522.525
2026/08/01@17:10:11,10714,522.525
2026/08/01@17:10:12,10715,522.525
2026/08/01@17:10:14,10717,522.525
2026/08/01@17:10:15,10718,522.525
2026/08/01@17:10:16,10719,522.525
2026/08/01@17:10:17,10720,522.525
2026/08/01@17:10:18,10721,522.525
2026/08/01@17:10:19,10722,522.525
2026/08/01@17:10:20,10723,522.525
2026/08/01@17:10:21,10724,522.525
2026/08/01@17:10:22,10725,522.525
2026/08/01@17:10:23,10726,522.525
2026/08/01@17:10:24,10727,522.525
2026/08/01@17:10:26,10729,522.525
2026/08/01@17:10:27,10730,522.525
2026/08/01@17:10:28,10731,522.525
2026/08/01@17:10:29,10732,522.525
2026/08/01@17:10:30,10733,522.525
2026/08/01@17:10:31,10734,522.525
2026/08/01@17:10:32,10735,522.525
2026/08/01@17:10:33,10736,522.525
2026/08/01@17:10:34,10737,522.525
2026/08/01@17:10:35,10738,522.525
2026/08/01@17:10:36,10739,522.525
2026/08/01@17:10:37,10740,522.525
2026/08/01@17:10:39,10742,522.525
2026/08/01@17:10:40,10743,522.525
2026/08/01@17:10:41,10744,522.525
2026/08/01@17:10:42,10745,522.525
2026/08/01@17:10:43,10746,522.525
2026/08/01@17:10:44,10747,522.525
2026/08/01@17:10:45,10748,522.525
2026/08/01@17:10:46,10749,522.525
2026/08/01@17:10:47,10750,522.525
2026/08/01@17:10:48,10751,522.525
2026/08/01@17:10:49,10752,522.525
2026/08/01@17:10:51,10754,522.525
2026/08/01@17:10:52,10755,522.525
2026/08/01@17:10:53,10756,522.525
2026/08/01@17:10:54,10757,522.525
2026/08/01@17:10:55,10758,522.525
2026/08/01@17:10:56,10759,522.525
2026/08/01@17:10:57,10760,522.525
2026/08/01@17:10:58,10761,522.525
2026/08/01@17:10:59,10762,522.525
2026/08/01@17:11:00,10763,522.525
2026/08/01@17:11:01,10764,522.525
2026/08/01@17:11:03,10766,522.525
2026/08/01@17:11:04,10767,522.525
2026/08/01@17:11:05,10768,522.525
2026/08/01@17:11:06,10769,522.525
2026/08/01@17:11:07,10770,522.525
2026/08/01@17:11:08,10771,522.525
2026/08/01@17:11:09,10772,522.525
2026/08/01@17:11:10,10773,522.525
2026/08/01@17:11:11,10774,522.525
2026/08/01@17:11:12,10775,522.525
2026/08/01@17:11:13,10776,522.525
2026/08/01@17:11:15,10778,522.525
2026/08/01@17:11:16,10779,522.525
2026/08/01@17:11:17,10780,522.525
2026/08/01@17:11:18,10781,522.525
2026/08/01@17:11:19,10782,522.525
2026/08/01@17:11:20,10783,522.525
2026/08/01@17:11:21,10784,522.525
2026/08/01@17:11:22,10785,522.525
2026/08/01@17:11:23,10786,522.525
2026/08/01@17:11:24,10787,522.525
2026/08/01@17:11:25,10788,522.525
2026/08/01@17:11:27,10789,522.525
2026/08/01@17:11:28,10791,522.525
2026/08/01@17:11:29,10792,522.525
2026/08/01@17:11:30,10793,522.525
2026/08/01@17:11:31,10794,522.525
2026/08/01@17:11:32,10795,522.525
2026/08/01@17:11:33,10796,522.525
2026/08/01@17:11:34,10797,522.525
2026/08/01@17:11:35,10798,522.525
2026/08/01@17:11:36,10799,522.525
2026/08/01@17:11:37,10800,522.525
2026/08/01@17:11:38,10801,522.525
2026/08/01@17:11:40,10802,522.525
2026/08/01@17:11:41,10804,522.525
2026/08/01@17:11:42,10805,522.525
2026/08/01@17:11:43,10806,522.525
2026/08/01@17:11:44,10807,522.525
2026/08/01@17:11:45,10808,522.525
2026/08/01@17:11:46,10809,522.525
2026/08/01@17:11:47,10810,522.525
2026/08/01@17:11:48,10811,522.525
2026/08/01@17:11:49,10812,522.525
2026/08/01@17:11:50,10813,522.525
2026/08/01@17:11:51,10814,522.525
2026/08/01@17:11:53,10816,522.525
2026/08/01@17:11:54,10817,522.525
2026/08/01@17:11:55,10818,522.525
2026/08/01@17:11:56,10819,522.525
2026/08/01@17:11:57,10820,522.525
2026/08/01@17:11:58,10821,522.525
2026/08/01@17:11:59,10822,522.525
2026/08/01@17:12:00,10823,522.525
2026/08/01@17:12:01,10824,522.525
2026/08/01@17:12:02,10825,522.525
2026/08/01@17:12:03,10826,522.525
2026/08/01@17:12:05,10828,522.525
2026/08/01@17:12:06,10829,522.525
2026/08/01@17:12:07,10830,522.525
2026/08/01@17:12:08,10831,522.525
2026/08/01@17:12:09,10832,522.525
2026/08/01@17:12:10,10833,522.525
2026/08/01@17:12:11,10834,522.525
2026/08/01@17:12:12,10835,522.525
2026/08/01@17:12:13,10836,522.525
2026/08/01@17:12:14,10837,522.525
2026/08/01@17:12:15,10838,522.525
2026/08/01@17:12:17,10840,522.525
2026/08/01@17:12:18,10841,522.525
2026/08/01@17:12:19,10842,522.525
2026/08/01@17:12:20,10843,522.525
2026/08/01@17:12:21,10844,522.525
2026/08/01@17:12:22,10845,522.525
2026/08/01@17:12:23,10846,522.525
2026/08/01@17:12:24,10847,522.525
2026/08/01@17:12:25,10848,522.525
2026/08/01@17:12:26,10849,522.525
2026/08/01@17:12:27,10850,522.525
2026/08/01@17:12:29,10852,522.525
2026/08/01@17:12:30,10853,522.525
2026/08/01@17:12:31,10854,523.025
2026/08/01@17:12:32,10855,522.525
2026/08/01@17:12:33,10856,522.525
2026/08/01@17:12:34,10857,522.525
2026/08/01@17:12:35,10858,522.525
2026/08/01@17:12:36,10859,522.525
2026/08/01@17:12:37,10860,522.525
2026/08/01@17:12:38,10861,523.025
2026/08/01@17:12:39,10862,523.025
2026/08/01@17:12:41,10863,522.525
2026/08/01@17:12:42,10865,523.025
2026/08/01@17:12:43,10866,523.025
2026/08/01@17:12:44,10867,522.525
2026/08/01@17:12:45,10868,522.525
2026/08/01@17:12:46,10869,523.025
2026/08/01@17:12:47,10870,522.525
2026/08/01@17:12:48,10871,523.025
2026/08/01@17:12:49,10872,523.025
2026/08/01@17:12:50,10873,522.525
2026/08/01@17:12:51,10874,523.025
2026/08/01@17:12:52,10875,522.525
2026/08/01@17:12:54,10877,522.525
2026/08/01@17:12:55,10878,522.525
2026/08/01@17:12:56,10879,522.525
2026/08/01@17:12:57,10880,523.025
2026/08/01@17:12:58,10881,523.025
2026/08/01@17:12:59,10882,523.025
2026/08/01@17:13:00,10883,522.525
2026/08/01@17:13:01,10884,522.525
2026/08/01@17:13:02,10885,522.525
2026/08/01@17:13:03,10886,522.525
2026/08/01@17:13:04,10887,522.525
2026/08/01@17:13:06,10889,522.525
2026/08/01@17:13:07,10890,523.025
2026/08/01@17:13:08,10891,523.025
2026/08/01@17:13:09,10892,523.025
2026/08/01@17:13:10,10893,523.025
2026/08/01@17:13:11,10894,522.525
2026/08/01@17:13:12,10895,522.525
2026/08/01@17:13:13,10896,523.025
2026/08/01@17:13:14,10897,523.025
2026/08/01@17:13:15,10898,523.025
2026/08/01@17:13:16,10899,523.025
2026/08/01@17:13:18,10901,522.525
2026/08/01@17:13:19,10902,522.525
2026/08/01@17:13:20,10903,522.525
2026/08/01@17:13:21,10904,522.525
2026/08/01@17:13:22,10905,523.025
2026/08/01@17:13:23,10906,523.025
2026/08/01@17:13:24,10907,523.025
2026/08/01@17:13:25,10908,523.025
2026/08/01@17:13:26,10909,522.525
2026/08/01@17:13:27,10910,523.025
2026/08/01@17:13:28,10911,522.525
2026/08/01@17:13:30,10913,522.525
2026/08/01@17:13:31,10914,522.525
2026/08/01@17:13:32,10915,523.025
2026/08/01@17:13:33,10916,523.025
2026/08/01@17:13:34,10917,523.025
2026/08/01@17:13:35,10918,523.025
2026/08/01@17:13:36,10919,523.025
2026/08/01@17:13:37,10920,523.025
2026/08/01@17:13:38,10921,523.025
2026/08/01@17:13:39,10922,523.025
2026/08/01@17:13:40,10923,523.025
2026/08/01@17:13:42,10925,523.025
2026/08/01@17:13:43,10926,523.025
2026/08/01@17:13:44,10927,523.025
2026/08/01@17:13:45,10928,523.025
2026/08/01@17:13:46,10929,523.025
2026/08/01@17:13:47,10930,523.025
2026/08/01@17:13:48,10931,522.525
2026/08/01@17:13:49,10932,523.025
2026/08/01@17:13:50,10933,523.025
2026/08/01@17:13:51,10934,523.025
2026/08/01@17:13:52,10935,523.025
2026/08/01@17:13:53,10936,523.025
2026/08/01@17:13:55,10938,523.025
2026/08/01@17:13:56,10939,523.025
2026/08/01@17:13:57,10940,523.025
2026/08/01@17:13:58,10941,523.025
2026/08/01@17:13:59,10942,523.025
2026/08/01@17:14:00,10943,523.025
2026/08/01@17:14:01,10944,523.025
2026/08/01@17:14:02,10945,523.025
2026/08/01@17:14:03,10946,523.025
2026/08/01@17:14:04,10947,523.025
2026/08/01@17:14:05,10948,523.025
2026/08/01@17:14:07,10950,523.025
2026/08/01@17:14:08,10951,523.025
2026/08/01@17:14:09,10952,523.025
2026/08/01@17:14:10,10953,523.025
2026/08/01@17:14:11,10954,523.025
2026/08/01@17:14:12,10955,523.025
2026/08/01@17:14:13,10956,523.025
2026/08/01@17:14:14,10957,523.025
2026/08/01@17:14:15,10958,523.025
2026/08/01@17:14:16,10959,523.025
2026/08/01@17:14:17,10960,523.025
2026/08/01@17:14:19,10962,523.025
2026/08/01@17:14:20,10963,523.025
2026/08/01@17:14:21,10964,523.025
2026/08/01@17:14:22,10965,523.025
2026/08/01@17:14:23,10966,523.025
2026/08/01@17:14:24,10967,523.025
2026/08/01@17:14:25,10968,523.025
2026/08/01@17:14:26,10969,523.025
2026/08/01@17:14:27,10970,523.025
2026/08/01@17:14:28,10971,523.025
2026/08/01@17:14:29,10972,523.025
2026/08/01@17:14:31,10974,523.025
2026/08/01@17:14:32,10975,523.025
2026/08/01@17:14:33,10976,523.025
2026/08/01@17:14:34,10977,523.025
2026/08/01@17:14:35,10978,523.025
2026/08/01@17:14:36,10979,523.025
2026/08/01@17:14:37,10980,523.025
2026/08/01@17:14:38,10981,523.025
2026/08/01@17:14:39,10982,523.025
2026/08/01@17:14:40,10983,523.025
2026/08/01@17:14:41,10984,523.025
2026/08/01@17:14:43,10986,523.025
2026/08/01@17:14:44,10987,523.025
2026/08/01@17:14:45,10988,523.025
2026/08/01@17:14:46,10989,523.025
2026/08/01@17:14:47,10990,523.025
2026/08/01@17:14:48,10991,523.025
2026/08/01@17:14:49,10992,523.025
2026/08/01@17:14:50,10993,523.025
2026/08/01@17:14:51,10994,523.025
2026/08/01@17:14:52,10995,523.025
2026/08/01@17:14:53,10996,523.025
2026/08/01@17:14:55,10997,523.025
2026/08/01@17:14:56,10999,523.025
2026/08/01@17:14:57,11000,523.025
2026/08/01@17:14:58,11001,523.025
2026/08/01@17:14:59,11002,523.025
2026/08/01@17:15:00,11003,523.025
2026/08/01@17:15:01,11004,523.025
2026/08/01@17:15:02,11005,523.025
2026/08/01@17:15:03,11006,523.025
2026/08/01@17:15:04,11007,523.025
2026/08/01@17:15:05,11008,523.025
2026/08/01@17:15:06,11009,523.025
2026/08/01@17:15:08,11011,523.025
2026/08/01@17:15:09,11012,523.025
2026/08/01@17:15:10,11013,523.025
2026/08/01@17:15:11,11014,523.025
2026/08/01@17:15:12,11015,523.025
2026/08/01@17:15:13,11016,523.025
2026/08/01@17:15:14,11017,523.025
2026/08/01@17:15:15,11018,523.025
2026/08/01@17:15:16,11019,523.025
2026/08/01@17:15:17,11020,523.025
2026/08/01@17:15:18,11021,523.025
2026/08/01@17:15:20,11023,523.025
2026/08/01@17:15:21,11024,523.025
2026/08/01@17:15:22,11025,523.025
2026/08/01@17:15:23,11026,523.025
2026/08/01@17:15:24,11027,523.025
2026/08/01@17:15:25,11028,523.025
2026/08/01@17:15:26,11029,523.025
2026/08/01@17:15:27,11030,523.025
2026/08/01@17:15:28,11031,523.025
2026/08/01@17:15:29,11032,523.025
2026/08/01@17:15:30,11033,523.025
2026/08/01@17:15:32,11035,523.025
2026/08/01@17:15:33,11036,523.025
2026/08/01@17:15:34,11037,523.025
2026/08/01@17:15:35,11038,523.025
2026/08/01@17:15:36,11039,523.025
2026/08/01@17:15:37,11040,523.025
2026/08/01@17:15:38,11041,523.025
2026/08/01@17:15:39,11042,523.025
2026/08/01@17:15:40,11043,523.025
2026/08/01@17:15:41,11044,523.025
2026/08/01@17:15:42,11045,523.025
2026/08/01@17:15:44,11047,523.025
2026/08/01@17:15:45,11048,523.025
2026/08/01@17:15:46,11049,523.025
2026/08/01@17:15:47,11050,523.025
2026/08/01@17:15:48,11051,523.025
2026/08/01@17:15:49,11052,523.025
2026/08/01@17:15:50,11053,523.025
2026/08/01@17:15:51,11054,523.025
2026/08/01@17:15:52,11055,523.025
2026/08/01@17:15:53,11056,523.025
2026/08/01@17:15:54,11057,523.025
2026/08/01@17:15:55,11058,523.025
2026/08/01@17:15:57,11060,523.025
2026/08/01@17:15:58,11061,523.025
2026/08/01@17:15:59,11062,523.025
2026/08/01@17:16:00,11063,523.025
2026/08/01@17:16:01,11064,523.025
2026/08/01@17:16:02,11065,523.025
2026/08/01@17:16:03,11066,523.025
2026/08/01@17:16:04,11067,523.025
2026/08/01@17:16:05,11068,523.025
2026/08/01@17:16:06,11069,523.025
2026/08/01@17:16:07,11070,523.025
2026/08/01@17:16:09,11072,523.025
2026/08/01@17:16:10,11073,523.025
2026/08/01@17:16:11,11074,523.025
2026/08/01@17:16:12,11075,523.025
2026/08/01@17:16:13,11076,523.025
2026/08/01@17:16:14,11077,523.025
2026/08/01@17:16:15,11078,523.025
2026/08/01@17:16:16,11079,523.025
2026/08/01@17:16:17,11080,523.025
2026/08/01@17:16:18,11081,523.025
2026/08/01@17:16:19,11082,523.025
2026/08/01@17:16:21,11084,523.025
2026/08/01@17:16:22,11085,523.025
2026/08/01@17:16:23,11086,523.025
2026/08/01@17:16:24,11087,523.025
2026/08/01@17:16:25,11088,523.025
2026/08/01@17:16:26,11089,523.025
2026/08/01@17:16:27,11090,523.025
2026/08/01@17:16:28,11091,523.025
2026/08/01@17:16:29,11092,523.025
2026/08/01@17:16:30,11093,523.025
2026/08/01@17:16:31,11094,523.025
2026/08/01@17:16:33,11096,523.025
2026/08/01@17:16:34,11097,523.025
2026/08/01@17:16:35,11098,523.025
2026/08/01@17:16:36,11099,523.025
2026/08/01@17:16:37,11100,523.025
2026/08/01@17:16:38,11101,523.025
2026/08/01@17:16:39,11102,523.025
2026/08/01@17:16:40,11103,523.025
2026/08/01@17:16:41,11104,523.025
2026/08/01@17:16:42,11105,523.025
2026/08/01@17:16:43,11106,523.025
2026/08/01@17:16:45,11108,523.025
2026/08/01@17:16:46,11109,523.025
2026/08/01@17:16:47,11110,523.025
2026/08/01@17:16:48,11111,523.025
2026/08/01@17:16:49,11112,523.025
2026/08/01@17:16:50,11113,523.025
2026/08/01@17:16:51,11114,523.025
2026/08/01@17:16:52,11115,523.025
2026/08/01@17:16:53,11116,523.025
2026/08/01@17:16:54,11117,523.025
2026/08/01@17:16:55,11118,523.025
2026/08/01@17:16:57,11120,523.025
2026/08/01@17:16:58,11121,523.025
2026/08/01@17:16:59,11122,523.025
2026/08/01@17:17:00,11123,523.025
2026/08/01@17:17:01,11124,523.025
2026/08/01@17:17:02,11125,523.025
2026/08/01@17:17:03,11126,523.025
2026/08/01@17:17:04,11127,523.025
2026/08/01@17:17:05,11128,523.025
2026/08/01@17:17:06,11129,523.025
2026/08/01@17:17:07,11130,523.025
2026/08/01@17:17:08,11131,523.025
2026/08/01@17:17:10,11133,523.025
2026/08/01@17:17:11,11134,523.025
2026/08/01@17:17:12,11135,523.025
2026/08/01@17:17:13,11136,523.025
2026/08/01@17:17:14,11137,523.025
2026/08/01@17:17:15,11138,523.025
2026/08/01@17:17:16,11139,523.025
2026/08/01@17:17:17,11140,523.025
2026/08/01@17:17:18,11141,523.5251
2026/08/01@17:17:19,11142,523.5251
2026/08/01@17:17:20,11143,523.5251
2026/08/01@17:17:22,11145,523.5251
2026/08/01@17:17:23,11146,523.025
2026/08/01@17:17:24,11147,523.025
2026/08/01@17:17:25,11148,523.5251
2026/08/01@17:17:26,11149,523.025
2026/08/01@17:17:27,11150,523.025
2026/08/01@17:17:28,11151,523.5251
2026/08/01@17:17:29,11152,523.5251
2026/08/01@17:17:30,11153,523.025
2026/08/01@17:17:31,11154,523.025
2026/08/01@17:17:32,11155,523.5251
2026/08/01@17:17:34,11157,523.025
2026/08/01@17:17:35,11158,523.025
2026/08/01@17:17:36,11159,523.5251
2026/08/01@17:17:37,11160,523.025
2026/08/01@17:17:38,11161,523.5251
2026/08/01@17:17:39,11162,523.5251
2026/08/01@17:17:40,11163,523.025
2026/08/01@17:17:41,11164,523.5251
2026/08/01@17:17:42,11165,523.5251
2026/08/01@17:17:43,11166,523.5251
2026/08/01@17:17:44,11167,523.5251
2026/08/01@17:17:46,11169,523.5251
2026/08/01@17:17:47,11170,523.5251
2026/08/01@17:17:48,11171,523.025
2026/08/01@17:17:49,11172,523.5251
2026/08/01@17:17:50,11173,523.5251
2026/08/01@17:17:51,11174,523.5251
2026/08/01@17:17:52,11175,523.5251
2026/08/01@17:17:53,11176,523.5251
2026/08/01@17:17:54,11177,523.5251
2026/08/01@17:17:55,11178,523.5251
2026/08/01@17:17:56,11179,523.5251
2026/08/01@17:17:58,11181,523.025
2026/08/01@17:17:59,11182,523.5251
2026/08/01@17:18:00,11183,523.5251
2026/08/01@17:18:01,11184,523.5251
2026/08/01@17:18:02,11185,523.5251
2026/08/01@17:18:03,11186,523.5251
2026/08/01@17:18:04,11187,523.5251
2026/08/01@17:18:05,11188,523.5251
2026/08/01@17:18:06,11189,523.5251
2026/08/01@17:18:07,11190,523.5251
2026/08/01@17:18:08,11191,523.5251
2026/08/01@17:18:10,11193,523.5251
2026/08/01@17:18:11,11194,523.5251
2026/08/01@17:18:12,11195,523.5251
2026/08/01@17:18:13,11196,523.5251
2026/08/01@17:18:14,11197,523.5251
2026/08/01@17:18:15,11198,523.5251
2026/08/01@17:18:16,11199,523.5251
2026/08/01@17:18:17,11200,523.5251
2026/08/01@17:18:18,11201,523.5251
2026/08/01@17:18:19,11202,523.5251
2026/08/01@17:18:20,11203,523.5251
2026/08/01@17:18:22,11205,523.5251
2026/08/01@17:18:23,11206,523.5251
2026/08/01@17:18:24,11207,523.5251
2026/08/01@17:18:25,11208,523.5251
2026/08/01@17:18:26,11209,523.5251
2026/08/01@17:18:27,11210,523.5251
2026/08/01@17:18:28,11211,523.5251
2026/08/01@17:18:29,11212,523.5251
2026/08/01@17:18:30,11213,523.5251
2026/08/01@17:18:31,11214,523.5251
2026/08/01@17:18:32,11215,523.5251
2026/08/01@17:18:34,11217,523.5251
2026/08/01@17:18:35,11218,523.5251
2026/08/01@17:18:36,11219,523.5251
2026/08/01@17:18:37,11220,523.5251
2026/08/01@17:18:38,11221,523.5251
2026/08/01@17:18:39,11222,523.5251
2026/08/01@17:18:40,11223,523.5251
2026/08/01@17:18:41,11224,523.5251
2026/08/01@17:18:42,11225,523.5251
2026/08/01@17:18:43,11226,523.5251
2026/08/01@17:18:44,11227,523.5251
2026/08/01@17:18:46,11229,523.5251
2026/08/01@17:18:47,11230,523.5251
2026/08/01@17:18:48,11231,523.5251
2026/08/01@17:18:49,11232,523.5251
2026/08/01@17:18:50,11233,523.5251
2026/08/01@17:18:51,11234,523.5251
2026/08/01@17:18:52,11235,523.5251
2026/08/01@17:18:53,11236,523.5251
2026/08/01@17:18:54,11237,523.5251
2026/08/01@17:18:55,11238,523.5251
2026/08/01@17:18:56,11239,523.5251
2026/08/01@17:18:58,11241,523.5251
2026/08/01@17:18:59,11242,523.5251
2026/08/01@17:19:00,11243,523.5251
2026/08/01@17:19:01,11244,523.5251
2026/08/01@17:19:02,11245,523.5251
2026/08/01@17:19:03,11246,523.5251
2026/08/01@17:19:04,11247,523.5251
2026/08/01@17:19:05,11248,523.5251
2026/08/01@17:19:06,11249,523.5251
2026/08/01@17:19:07,11250,523.5251
2026/08/01@17:19:08,11251,523.5251
2026/08/01@17:19:10,11253,523.5251
2026/08/01@17:19:11,11254,523.5251
2026/08/01@17:19:12,11255,523.5251
2026/08/01@17:19:13,11256,523.5251
2026/08/01@17:19:14,11257,523.5251
2026/08/01@17:19:15,11258,523.5251
2026/08/01@17:19:16,11259,523.5251
2026/08/01@17:19:17,11260,523.5251
2026/08/01@17:19:18,11261,523.5251
2026/08/01@17:19:19,11262,523.5251
2026/08/01@17:19:20,11263,523.5251
2026/08/01@17:19:22,11265,523.5251
2026/08/01@17:19:23,11266,523.5251
2026/08/01@17:19:24,11267,523.5251
2026/08/01@17:19:25,11268,523.5251
2026/08/01@17:19:26,11269,523.5251
2026/08/01@17:19:27,11270,523.5251
2026/08/01@17:19:28,11271,523.5251
2026/08/01@17:19:29,11272,523.5251
2026/08/01@17:19:30,11273,523.5251
2026/08/01@17:19:31,11274,523.5251
2026/08/01@17:19:32,11275,523.5251
2026/08/01@17:19:34,11277,523.5251
2026/08/01@17:19:35,11278,523.5251
2026/08/01@17:19:36,11279,523.5251
2026/08/01@17:19:37,11280,523.5251
2026/08/01@17:19:38,11281,523.5251
2026/08/01@17:19:39,11282,523.5251
2026/08/01@17:19:40,11283,523.5251
2026/08/01@17:19:41,11284,523.5251
2026/08/01@17:19:42,11285,523.5251
2026/08/01@17:19:43,11286,523.5251
2026/08/01@17:19:44,11287,523.5251
2026/08/01@17:19:46,11289,523.5251
2026/08/01@17:19:47,11290,523.5251
2026/08/01@17:19:48,11291,523.5251
2026/08/01@17:19:49,11292,523.5251
2026/08/01@17:19:50,11293,523.5251
2026/08/01@17:19:51,11294,523.5251
2026/08/01@17:19:52,11295,523.5251
2026/08/01@17:19:53,11296,523.5251
2026/08/01@17:19:54,11297,523.5251
2026/08/01@17:19:55,11298,523.5251
2026/08/01@17:19:56,11299,523.5251
2026/08/01@17:19:58,11301,523.5251
2026/08/01@17:19:59,11302,523.5251
2026/08/01@17:20:00,11303,523.5251
2026/08/01@17:20:01,11304,523.5251
2026/08/01@17:20:02,11305,523.5251
2026/08/01@17:20:03,11306,523.5251
2026/08/01@17:20:04,11307,523.5251
2026/08/01@17:20:05,11308,523.5251
2026/08/01@17:20:06,11309,523.5251
2026/08/01@17:20:07,11310,523.5251
