datetime,elapsed_s,uvindex,Elevation_m
2026/08/01@14:11:46,7,0.2126087,21325.90322580645
2026/08/01@14:11:47,8,0.20913044,21329.16129032258
2026/08/01@14:11:48,9,0.182173908,21332.41935483871
2026/08/01@14:11:49,10,0.18347826,21335.677419354837
2026/08/01@14:11:50,11,0.1852174,21338.935483870966
2026/08/01@14:11:51,12,0.170434784,21342.1935483871
2026/08/01@14:11:52,13,0.25695652,21345.451612903227
2026/08/01@14:11:54,15,0.22217392,21351.967741935485
2026/08/01@14:11:55,16,0.20913044,21355.225806451614
2026/08/01@14:11:56,17,0.201739132,21358.483870967742
2026/08/01@14:11:57,18,0.20913044,21361.74193548387
2026/08/01@14:11:58,19,0.21043478,21365.0
2026/08/01@14:11:59,20,0.2552174,21368.451612903227
2026/08/01@14:12:00,21,0.19347826,21371.90322580645
2026/08/01@14:12:01,22,0.29173914,21375.354838709678
2026/08/01@14:12:02,23,0.31391304,21378.8064516129
2026/08/01@14:12:03,24,0.26826088,21382.25806451613
2026/08/01@14:12:04,25,0.38434784,21385.709677419356
2026/08/01@14:12:05,26,0.36739132,21389.16129032258
2026/08/01@14:12:07,28,0.32086956,21396.064516129034
2026/08/01@14:12:08,29,0.32608696,21399.516129032258
2026/08/01@14:12:09,30,0.33,21402.967741935485
2026/08/01@14:12:10,31,0.33,21406.41935483871
2026/08/01@14:12:11,32,0.33347828,21409.870967741936
2026/08/01@14:12:12,33,0.33086956,21413.322580645163
2026/08/01@14:12:13,34,0.3195652,21416.774193548386
2026/08/01@14:12:14,35,0.32130436,21420.225806451614
2026/08/01@14:12:15,36,0.04478261,21423.677419354837
2026/08/01@14:12:16,37,0.08695652,21427.129032258064
2026/08/01@14:12:17,38,0.112173912,21430.58064516129
2026/08/01@14:12:18,39,0.14608696,21434.032258064515
2026/08/01@14:12:20,41,0.115652176,21440.935483870966
2026/08/01@14:12:21,42,0.2826087,21444.387096774193
2026/08/01@14:12:22,43,0.23826086,21447.83870967742
2026/08/01@14:12:23,44,0.11260869,21451.290322580644
2026/08/01@14:12:24,45,0.11347826,21454.74193548387
2026/08/01@14:12:25,46,0.11347826,21458.1935483871
2026/08/01@14:12:26,47,0.17347826,21461.645161290322
2026/08/01@14:12:27,48,0.110434784,21465.09677419355
2026/08/01@14:12:28,49,0.110434784,21468.548387096773
2026/08/01@14:12:29,50,0.110434784,21472.0
2026/08/01@14:12:30,51,0.27913044,21475.466666666667
2026/08/01@14:12:31,52,0.237391316,21478.933333333334
2026/08/01@14:12:33,54,0.229130432,21485.866666666665
2026/08/01@14:12:34,55,0.3104348,21489.333333333332
2026/08/01@14:12:35,56,0.33,21492.8
2026/08/01@14:12:36,57,0.30130434,21496.266666666666
2026/08/01@14:12:37,58,0.09521739,21499.733333333334
2026/08/01@14:12:38,59,0.33347828,21503.2
2026/08/01@14:12:39,60,0.32956524,21506.666666666668
2026/08/01@14:12:40,61,0.33,21510.133333333335
2026/08/01@14:12:41,62,0.39652176,21513.6
2026/08/01@14:12:42,63,0.4,21517.066666666666
2026/08/01@14:12:43,64,0.399565216,21520.533333333333
2026/08/01@14:12:44,65,0.398260868,21524.0
2026/08/01@14:12:46,67,0.398260868,21530.933333333334
2026/08/01@14:12:47,68,0.177826092,21534.4
2026/08/01@14:12:48,69,0.17956522,21537.866666666665
2026/08/01@14:12:49,70,0.336521736,21541.333333333332
2026/08/01@14:12:50,71,0.30304348,21544.8
2026/08/01@14:12:51,72,0.29086956,21548.266666666666
2026/08/01@14:12:52,73,0.30391306,21551.733333333334
2026/08/01@14:12:53,74,0.33782608,21555.2
2026/08/01@14:12:54,75,0.06,21558.666666666668
2026/08/01@14:12:55,76,0.06,21562.133333333335
2026/08/01@14:12:56,77,0.056086956,21565.6
2026/08/01@14:12:57,78,0.27913044,21569.066666666666
2026/08/01@14:12:59,80,0.12739131,21576.0
2026/08/01@14:13:00,81,0.08869565,21579.129032258064
2026/08/01@14:13:01,82,0.3021739,21582.25806451613
2026/08/01@14:13:02,83,0.31652172,21585.387096774193
2026/08/01@14:13:03,84,0.30043476,21588.516129032258
2026/08/01@14:13:04,85,0.3121739,21591.645161290322
2026/08/01@14:13:05,86,0.375217368,21594.774193548386
2026/08/01@14:13:06,87,0.38217392,21597.90322580645
2026/08/01@14:13:07,88,0.40391304,21601.032258064515
2026/08/01@14:13:08,89,0.39391304,21604.16129032258
2026/08/01@14:13:09,90,0.42608696,21607.290322580644
2026/08/01@14:13:10,91,0.43173912,21610.41935483871
2026/08/01@14:13:12,93,0.44130436,21616.677419354837
2026/08/01@14:13:13,94,0.43,21619.8064516129
2026/08/01@14:13:14,95,0.10173913,21622.935483870966
2026/08/01@14:13:15,96,0.074347824,21626.064516129034
2026/08/01@14:13:16,97,0.440434784,21629.1935483871
2026/08/01@14:13:17,98,0.36347828,21632.322580645163
2026/08/01@14:13:18,99,0.42608696,21635.451612903227
2026/08/01@14:13:19,100,0.45217392,21638.58064516129
2026/08/01@14:13:20,101,0.44695652,21641.709677419356
2026/08/01@14:13:21,102,0.4226087,21644.83870967742
2026/08/01@14:13:22,103,0.44695652,21647.967741935485
2026/08/01@14:13:23,104,0.4573913,21651.09677419355
2026/08/01@14:13:25,106,0.42347828,21657.354838709678
2026/08/01@14:13:26,107,0.4452174,21660.483870967742
2026/08/01@14:13:27,108,0.46173912,21663.612903225807
2026/08/01@14:13:28,109,0.458260868,21666.74193548387
2026/08/01@14:13:29,110,0.456956536,21669.870967741936
2026/08/01@14:13:30,111,0.4626087,21673.0
2026/08/01@14:13:31,112,0.4421739,21676.0
2026/08/01@14:13:32,113,0.3552174,21679.0
2026/08/01@14:13:33,114,0.3704348,21682.0
2026/08/01@14:13:34,115,0.34608696,21685.0
2026/08/01@14:13:35,116,0.42695652,21688.0
2026/08/01@14:13:36,117,0.1926087,21691.0
2026/08/01@14:13:38,119,0.3178261,21697.0
2026/08/01@14:13:39,120,0.400869568,21700.0
2026/08/01@14:13:40,121,0.2504348,21703.0
2026/08/01@14:13:41,122,0.20956522,21706.0
2026/08/01@14:13:42,123,0.10478261,21709.0
2026/08/01@14:13:43,124,0.08695652,21712.0
2026/08/01@14:13:44,125,0.10217391,21715.0
2026/08/01@14:13:45,126,0.072608696,21718.0
2026/08/01@14:13:46,127,0.07173913,21721.0
2026/08/01@14:13:47,128,0.09652174,21724.0
2026/08/01@14:13:48,129,0.231304352,21727.0
2026/08/01@14:13:49,130,0.28,21730.0
2026/08/01@14:13:51,132,0.2630435,21736.0
2026/08/01@14:13:52,133,0.09869565,21739.0
2026/08/01@14:13:53,134,0.39043476,21742.0
2026/08/01@14:13:54,135,0.3569565,21745.0
2026/08/01@14:13:55,136,0.3552174,21748.0
2026/08/01@14:13:56,137,0.36173912,21751.0
2026/08/01@14:13:57,138,0.39043476,21754.0
2026/08/01@14:13:58,139,0.368260868,21757.0
2026/08/01@14:13:59,140,0.4,21760.0
2026/08/01@14:14:00,141,0.42130436,21763.0
2026/08/01@14:14:01,142,0.4026087,21765.870967741936
2026/08/01@14:14:02,143,0.5008696,21768.74193548387
2026/08/01@14:14:03,144,0.4395652,21771.612903225807
2026/08/01@14:14:05,146,0.424347816,21777.354838709678
2026/08/01@14:14:06,147,0.41826088,21780.225806451614
2026/08/01@14:14:07,148,0.4226087,21783.09677419355
2026/08/01@14:14:08,149,0.42130436,21785.967741935485
2026/08/01@14:14:09,150,0.435217368,21788.83870967742
2026/08/01@14:14:10,151,0.42695652,21791.709677419356
2026/08/01@14:14:11,152,0.43130434,21794.58064516129
2026/08/01@14:14:12,153,0.43173912,21797.451612903227
2026/08/01@14:14:13,154,0.435217368,21800.322580645163
2026/08/01@14:14:14,155,0.42130436,21803.1935483871
2026/08/01@14:14:15,156,0.42782608,21806.064516129034
2026/08/01@14:14:16,157,0.43565216,21808.935483870966
2026/08/01@14:14:18,159,0.15478261,21814.677419354837
2026/08/01@14:14:19,160,0.42695652,21817.548387096773
2026/08/01@14:14:20,161,0.4226087,21820.41935483871
2026/08/01@14:14:21,162,0.42173912,21823.290322580644
2026/08/01@14:14:22,163,0.4230435,21826.16129032258
2026/08/01@14:14:23,164,0.424347816,21829.032258064515
2026/08/01@14:14:24,165,0.42782608,21831.90322580645
2026/08/01@14:14:25,166,0.42652176,21834.774193548386
2026/08/01@14:14:26,167,0.43565216,21837.645161290322
2026/08/01@14:14:27,168,0.4,21840.516129032258
2026/08/01@14:14:28,169,0.39913044,21843.387096774193
2026/08/01@14:14:29,170,0.404782632,21846.25806451613
2026/08/01@14:14:31,172,0.40434784,21852.0
2026/08/01@14:14:32,173,0.41130436,21855.064516129034
2026/08/01@14:14:33,174,0.41130436,21858.129032258064
2026/08/01@14:14:34,175,0.41956524,21861.1935483871
2026/08/01@14:14:35,176,0.4147826,21864.25806451613
2026/08/01@14:14:36,177,0.3926087,21867.322580645163
2026/08/01@14:14:37,178,0.4021739,21870.387096774193
2026/08/01@14:14:38,179,0.3726087,21873.451612903227
2026/08/01@14:14:39,180,0.08608696,21876.516129032258
2026/08/01@14:14:40,181,0.08652174,21879.58064516129
2026/08/01@14:14:41,182,0.08608696,21882.645161290322
2026/08/01@14:14:42,183,0.067391304,21885.709677419356
2026/08/01@14:14:44,185,0.02,21891.83870967742
2026/08/01@14:14:45,186,0.03521739,21894.90322580645
2026/08/01@14:14:46,187,0.09,21897.967741935485
2026/08/01@14:14:47,188,0.09739131,21901.032258064515
2026/08/01@14:14:48,189,0.09565217,21904.09677419355
2026/08/01@14:14:49,190,0.09739131,21907.16129032258
2026/08/01@14:14:50,191,0.08434783,21910.225806451614
2026/08/01@14:14:51,192,0.08304348,21913.290322580644
2026/08/01@14:14:52,193,0.08434783,21916.354838709678
2026/08/01@14:14:53,194,0.078695656,21919.41935483871
2026/08/01@14:14:54,195,0.04695652,21922.483870967742
2026/08/01@14:14:55,196,0.0539130432,21925.548387096773
2026/08/01@14:14:57,198,0.06,21931.677419354837
2026/08/01@14:14:58,199,0.07521739,21934.74193548387
2026/08/01@14:14:59,200,0.07826087,21937.8064516129
2026/08/01@14:15:00,201,0.39086956,21940.870967741936
2026/08/01@14:15:01,202,0.113913048,21943.935483870966
2026/08/01@14:15:02,203,0.109130432,21947.0
2026/08/01@14:15:03,204,0.11,21950.333333333332
2026/08/01@14:15:04,205,0.11260869,21953.666666666668
2026/08/01@14:15:05,206,0.100869568,21957.0
2026/08/01@14:15:06,207,0.08608696,21960.333333333332
2026/08/01@14:15:07,208,0.09695652,21963.666666666668
2026/08/01@14:15:08,209,0.08869565,21967.0
2026/08/01@14:15:10,211,0.09391304,21973.666666666668
2026/08/01@14:15:11,212,0.094782608,21977.0
2026/08/01@14:15:12,213,0.09,21980.333333333332
2026/08/01@14:15:13,214,0.08608696,21983.666666666668
2026/08/01@14:15:14,215,0.076956532,21987.0
2026/08/01@14:15:15,216,0.085217392,21990.333333333332
2026/08/01@14:15:16,217,0.07347826,21993.666666666668
2026/08/01@14:15:17,218,0.09521739,21997.0
2026/08/01@14:15:18,219,0.08782609,22000.333333333332
2026/08/01@14:15:19,220,0.10347826,22003.666666666668
2026/08/01@14:15:20,221,0.112173912,22007.0
2026/08/01@14:15:21,222,0.09739131,22010.333333333332
2026/08/01@14:15:22,223,0.09869565,22013.666666666668
2026/08/01@14:15:24,225,0.09,22020.333333333332
2026/08/01@14:15:25,226,0.2426087,22023.666666666668
2026/08/01@14:15:26,227,0.26130436,22027.0
2026/08/01@14:15:27,228,0.31565216,22030.333333333332
2026/08/01@14:15:28,229,0.350434784,22033.666666666668
2026/08/01@14:15:29,230,0.34391304,22037.0
2026/08/01@14:15:30,231,0.33130434,22040.333333333332
2026/08/01@14:15:31,232,0.32826088,22043.666666666668
2026/08/01@14:15:32,233,0.3330435,22047.0
2026/08/01@14:15:33,234,0.36,22050.032258064515
2026/08/01@14:15:34,235,0.355652184,22053.064516129034
2026/08/01@14:15:35,236,0.33608696,22056.09677419355
2026/08/01@14:15:37,238,0.27652174,22062.16129032258
2026/08/01@14:15:38,239,0.083478264,22065.1935483871
2026/08/01@14:15:39,240,0.08217391,22068.225806451614
2026/08/01@14:15:40,241,0.09391304,22071.25806451613
2026/08/01@14:15:41,242,0.09521739,22074.290322580644
2026/08/01@14:15:42,243,0.31391304,22077.322580645163
2026/08/01@14:15:43,244,0.3043478,22080.354838709678
2026/08/01@14:15:44,245,0.2721739,22083.387096774193
2026/08/01@14:15:45,246,0.233913052,22086.41935483871
2026/08/01@14:15:46,247,0.22130434,22089.451612903227
2026/08/01@14:15:47,248,0.2078261,22092.483870967742
2026/08/01@14:15:48,249,0.17130434,22095.516129032258
2026/08/01@14:15:50,251,0.14304348,22101.58064516129
2026/08/01@14:15:51,252,0.13652174,22104.612903225807
2026/08/01@14:15:52,253,0.13304348,22107.645161290322
2026/08/01@14:15:53,254,0.13043478,22110.677419354837
2026/08/01@14:15:54,255,0.11,22113.709677419356
2026/08/01@14:15:55,256,0.08782609,22116.74193548387
2026/08/01@14:15:56,257,0.07652174,22119.774193548386
2026/08/01@14:15:57,258,0.07652174,22122.8064516129
2026/08/01@14:15:58,259,0.07608695,22125.83870967742
2026/08/01@14:15:59,260,0.07608695,22128.870967741936
2026/08/01@14:16:00,261,0.07956522,22131.90322580645
2026/08/01@14:16:01,262,0.07347826,22134.935483870966
2026/08/01@14:16:03,264,0.063043476,22141.0
2026/08/01@14:16:04,265,0.070869568,22144.366666666665
2026/08/01@14:16:05,266,0.07,22147.733333333334
2026/08/01@14:16:06,267,0.070869568,22151.1
2026/08/01@14:16:07,268,0.07130435,22154.466666666667
2026/08/01@14:16:08,269,0.07130435,22157.833333333332
2026/08/01@14:16:09,270,0.07478261,22161.2
2026/08/01@14:16:10,271,0.07130435,22164.566666666666
2026/08/01@14:16:11,272,0.07304348,22167.933333333334
2026/08/01@14:16:12,273,0.072608696,22171.3
2026/08/01@14:16:13,274,0.066086952,22174.666666666668
2026/08/01@14:16:14,275,0.06565218,22178.033333333333
2026/08/01@14:16:16,277,0.064347824,22184.766666666666
2026/08/01@14:16:17,278,0.069130432,22188.133333333335
2026/08/01@14:16:18,279,0.069130432,22191.5
2026/08/01@14:16:19,280,0.059565216,22194.866666666665
2026/08/01@14:16:20,281,0.050434784,22198.233333333334
2026/08/01@14:16:21,282,0.048695652,22201.6
2026/08/01@14:16:22,283,0.050869564,22204.966666666667
2026/08/01@14:16:23,284,0.053043476,22208.333333333332
2026/08/01@14:16:24,285,0.037826088,22211.7
2026/08/01@14:16:25,286,0.0013043479,22215.066666666666
2026/08/01@14:16:26,287,0.00173913036,22218.433333333334
2026/08/01@14:16:27,288,0.00173913036,22221.8
2026/08/01@14:16:29,290,0.000434782632,22228.533333333333
2026/08/01@14:16:30,291,0.0013043479,22231.9
2026/08/01@14:16:31,292,0.000434782632,22235.266666666666
2026/08/01@14:16:32,293,0.0013043479,22238.633333333335
2026/08/01@14:16:33,294,0.00173913036,22242.0
2026/08/01@14:16:34,295,0.00173913036,22245.483870967742
2026/08/01@14:16:35,296,0.064347824,22248.967741935485
2026/08/01@14:16:36,297,0.074347824,22252.451612903227
2026/08/01@14:16:37,298,0.080434784,22255.935483870966
2026/08/01@14:16:38,299,0.076956532,22259.41935483871
2026/08/01@14:16:39,300,0.07478261,22262.90322580645
2026/08/01@14:16:40,301,0.051304348,22266.387096774193
2026/08/01@14:16:42,303,0.049130436,22273.354838709678
2026/08/01@14:16:43,304,0.04478261,22276.83870967742
2026/08/01@14:16:44,305,0.049130436,22280.322580645163
2026/08/01@14:16:45,306,0.050434784,22283.8064516129
2026/08/01@14:16:46,307,0.049130436,22287.290322580644
2026/08/01@14:16:47,308,0.050869564,22290.774193548386
2026/08/01@14:16:48,309,0.051304348,22294.25806451613
2026/08/01@14:16:49,310,0.048695652,22297.74193548387
2026/08/01@14:16:50,311,0.050434784,22301.225806451614
2026/08/01@14:16:51,312,0.050434784,22304.709677419356
2026/08/01@14:16:52,313,0.04956522,22308.1935483871
2026/08/01@14:16:53,314,0.050434784,22311.677419354837
2026/08/01@14:16:55,316,0.051304348,22318.645161290322
2026/08/01@14:16:56,317,0.05478261,22322.129032258064
2026/08/01@14:16:57,318,0.054347824,22325.612903225807
2026/08/01@14:16:58,319,0.055652176,22329.09677419355
2026/08/01@14:16:59,320,0.050434784,22332.58064516129
2026/08/01@14:17:00,321,0.048695652,22336.064516129034
2026/08/01@14:17:01,322,0.047826084,22339.548387096773
2026/08/01@14:17:02,323,0.049130436,22343.032258064515
2026/08/01@14:17:03,324,0.048695652,22346.516129032258
2026/08/01@14:17:04,325,0.052173912,22350.0
2026/08/01@14:17:05,326,0.05478261,22353.733333333334
2026/08/01@14:17:06,327,0.052173912,22357.466666666667
2026/08/01@14:17:08,329,0.0539130432,22364.933333333334
2026/08/01@14:17:09,330,0.051304348,22368.666666666668
2026/08/01@14:17:10,331,0.051304348,22372.4
2026/08/01@14:17:11,332,0.052608696,22376.133333333335
2026/08/01@14:17:12,333,0.052173912,22379.866666666665
2026/08/01@14:17:13,334,0.053043476,22383.6
2026/08/01@14:17:14,335,0.054347824,22387.333333333332
2026/08/01@14:17:15,336,0.06347826,22391.066666666666
2026/08/01@14:17:16,337,0.05478261,22394.8
2026/08/01@14:17:17,338,0.0539130432,22398.533333333333
2026/08/01@14:17:18,339,0.054347824,22402.266666666666
2026/08/01@14:17:19,340,0.054347824,22406.0
2026/08/01@14:17:21,342,0.08608696,22413.466666666667
2026/08/01@14:17:22,343,0.10173913,22417.2
2026/08/01@14:17:23,344,0.094782608,22420.933333333334
2026/08/01@14:17:24,345,0.10521739,22424.666666666668
2026/08/01@14:17:25,346,0.10695652,22428.4
2026/08/01@14:17:26,347,0.10652174,22432.133333333335
2026/08/01@14:17:27,348,0.10652174,22435.866666666665
2026/08/01@14:17:28,349,0.107391304,22439.6
2026/08/01@14:17:29,350,0.107391304,22443.333333333332
2026/08/01@14:17:30,351,0.10826087,22447.066666666666
2026/08/01@14:17:31,352,0.07782609,22450.8
2026/08/01@14:17:32,353,0.07478261,22454.533333333333
2026/08/01@14:17:34,355,0.083478264,22462.0
2026/08/01@14:17:35,356,0.09913044,22465.41935483871
2026/08/01@14:17:36,357,0.07521739,22468.83870967742
2026/08/01@14:17:37,358,0.09521739,22472.25806451613
2026/08/01@14:17:38,359,0.09869565,22475.677419354837
2026/08/01@14:17:39,360,0.09739131,22479.09677419355
2026/08/01@14:17:40,361,0.10043478,22482.516129032258
2026/08/01@14:17:41,362,0.100869568,22485.935483870966
2026/08/01@14:17:42,363,0.1,22489.354838709678
2026/08/01@14:17:43,364,0.09739131,22492.774193548386
2026/08/01@14:17:44,365,0.09217391,22496.1935483871
2026/08/01@14:17:45,366,0.094782608,22499.612903225807
2026/08/01@14:17:46,367,0.09695652,22503.032258064515
2026/08/01@14:17:48,369,0.09391304,22509.870967741936
2026/08/01@14:17:49,370,0.10869565,22513.290322580644
2026/08/01@14:17:50,371,0.110434784,22516.709677419356
2026/08/01@14:17:51,372,0.11173913,22520.129032258064
2026/08/01@14:17:52,373,0.08869565,22523.548387096773
2026/08/01@14:17:53,374,0.085217392,22526.967741935485
2026/08/01@14:17:54,375,0.09521739,22530.387096774193
2026/08/01@14:17:55,376,0.10304348,22533.8064516129
2026/08/01@14:17:56,377,0.107391304,22537.225806451614
2026/08/01@14:17:57,378,0.10869565,22540.645161290322
2026/08/01@14:17:58,379,0.11521739,22544.064516129034
2026/08/01@14:17:59,380,0.14565218,22547.483870967742
2026/08/01@14:18:01,382,0.12434783,22554.322580645163
2026/08/01@14:18:02,383,0.09130435,22557.74193548387
2026/08/01@14:18:03,384,0.09217391,22561.16129032258
2026/08/01@14:18:04,385,0.09,22564.58064516129
2026/08/01@14:18:05,386,0.07173913,22568.0
2026/08/01@14:18:06,387,0.069565216,22571.1935483871
2026/08/01@14:18:07,388,0.074347824,22574.387096774193
2026/08/01@14:18:08,389,0.10826087,22577.58064516129
2026/08/01@14:18:09,390,0.10652174,22580.774193548386
2026/08/01@14:18:10,391,0.07130435,22583.967741935485
2026/08/01@14:18:11,392,0.1747826,22587.16129032258
2026/08/01@14:18:12,393,0.1973913,22590.354838709678
2026/08/01@14:18:14,395,0.1526087,22596.74193548387
2026/08/01@14:18:15,396,0.12695652,22599.935483870966
2026/08/01@14:18:16,397,0.055652176,22603.129032258064
2026/08/01@14:18:17,398,0.16608696,22606.322580645163
2026/08/01@14:18:18,399,0.23304348,22609.516129032258
2026/08/01@14:18:19,400,0.2878261,22612.709677419356
2026/08/01@14:18:20,401,0.10826087,22615.90322580645
2026/08/01@14:18:21,402,0.2873913,22619.09677419355
2026/08/01@14:18:22,403,0.11521739,22622.290322580644
2026/08/01@14:18:23,404,0.29434782,22625.483870967742
2026/08/01@14:18:24,405,0.455652184,22628.677419354837
2026/08/01@14:18:25,406,0.3569565,22631.870967741936
2026/08/01@14:18:27,408,0.3652174,22638.25806451613
2026/08/01@14:18:28,409,0.094782608,22641.451612903227
2026/08/01@14:18:29,410,0.1373913,22644.645161290322
2026/08/01@14:18:30,411,0.12608695,22647.83870967742
2026/08/01@14:18:31,412,0.1226087,22651.032258064515
2026/08/01@14:18:32,413,0.09652174,22654.225806451614
2026/08/01@14:18:33,414,0.15173914,22657.41935483871
2026/08/01@14:18:34,415,0.11913043,22660.612903225807
2026/08/01@14:18:35,416,0.09130435,22663.8064516129
2026/08/01@14:18:36,417,0.110434784,22667.0
2026/08/01@14:18:37,418,0.11347826,22670.466666666667
2026/08/01@14:18:38,419,0.13043478,22673.933333333334
2026/08/01@14:18:40,421,0.116956532,22680.866666666665
2026/08/01@14:18:41,422,0.12086956,22684.333333333332
2026/08/01@14:18:42,423,0.115652176,22687.8
2026/08/01@14:18:43,424,0.116956532,22691.266666666666
2026/08/01@14:18:44,425,0.12434783,22694.733333333334
2026/08/01@14:18:45,426,0.12043478,22698.2
2026/08/01@14:18:46,427,0.11913043,22701.666666666668
2026/08/01@14:18:47,428,0.12086956,22705.133333333335
2026/08/01@14:18:48,429,0.118695656,22708.6
2026/08/01@14:18:49,430,0.09,22712.066666666666
2026/08/01@14:18:50,431,0.08652174,22715.533333333333
2026/08/01@14:18:51,432,0.08869565,22719.0
2026/08/01@14:18:53,434,0.072608696,22725.933333333334
2026/08/01@14:18:54,435,0.063043476,22729.4
2026/08/01@14:18:55,436,0.1,22732.866666666665
2026/08/01@14:18:56,437,0.11260869,22736.333333333332
2026/08/01@14:18:57,438,0.09695652,22739.8
2026/08/01@14:18:58,439,0.085217392,22743.266666666666
2026/08/01@14:18:59,440,0.054347824,22746.733333333334
2026/08/01@14:19:00,441,0.08826087,22750.2
2026/08/01@14:19:01,442,0.12434783,22753.666666666668
2026/08/01@14:19:02,443,0.15173914,22757.133333333335
2026/08/01@14:19:03,444,0.14782609,22760.6
2026/08/01@14:19:04,445,0.043913044,22764.066666666666
2026/08/01@14:19:06,447,0.04043478,22771.0
2026/08/01@14:19:07,448,0.14782609,22774.225806451614
2026/08/01@14:19:08,449,0.13652174,22777.451612903227
2026/08/01@14:19:09,450,0.13652174,22780.677419354837
2026/08/01@14:19:10,451,0.14391304,22783.90322580645
2026/08/01@14:19:11,452,0.12869565,22787.129032258064
2026/08/01@14:19:12,453,0.13086956,22790.354838709678
2026/08/01@14:19:13,454,0.1447826,22793.58064516129
2026/08/01@14:19:14,455,0.14043478,22796.8064516129
2026/08/01@14:19:15,456,0.14043478,22800.032258064515
2026/08/01@14:19:16,457,0.13565217,22803.25806451613
2026/08/01@14:19:17,458,0.06478261,22806.483870967742
2026/08/01@14:19:19,460,0.13652174,22812.935483870966
2026/08/01@14:19:20,461,0.12608695,22816.16129032258
2026/08/01@14:19:21,462,0.12217391,22819.387096774193
2026/08/01@14:19:22,463,0.12217391,22822.612903225807
2026/08/01@14:19:23,464,0.12565218,22825.83870967742
2026/08/01@14:19:24,465,0.118695656,22829.064516129034
2026/08/01@14:19:25,466,0.12043478,22832.290322580644
2026/08/01@14:19:26,467,0.1173913,22835.516129032258
2026/08/01@14:19:27,468,0.13130436,22838.74193548387
2026/08/01@14:19:28,469,0.14217392,22841.967741935485
2026/08/01@14:19:29,470,0.14782609,22845.1935483871
2026/08/01@14:19:30,471,0.13826087,22848.41935483871
2026/08/01@14:19:32,473,0.14043478,22854.870967741936
2026/08/01@14:19:33,474,0.1373913,22858.09677419355
2026/08/01@14:19:34,475,0.13304348,22861.322580645163
2026/08/01@14:19:35,476,0.11608696,22864.548387096773
2026/08/01@14:19:36,477,0.10869565,22867.774193548386
2026/08/01@14:19:37,478,0.11608696,22871.0
2026/08/01@14:19:38,479,0.11260869,22874.266666666666
2026/08/01@14:19:39,480,0.12173913,22877.533333333333
2026/08/01@14:19:40,481,0.14217392,22880.8
2026/08/01@14:19:41,482,0.12913044,22884.066666666666
2026/08/01@14:19:42,483,0.13608696,22887.333333333332
2026/08/01@14:19:43,484,0.113913048,22890.6
2026/08/01@14:19:45,486,0.067826088,22897.133333333335
2026/08/01@14:19:46,487,0.03521739,22900.4
2026/08/01@14:19:47,488,0.018695652,22903.666666666668
2026/08/01@14:19:48,489,0.02347826,22906.933333333334
2026/08/01@14:19:49,490,0.069565216,22910.2
2026/08/01@14:19:50,491,0.11086956,22913.466666666667
2026/08/01@14:19:51,492,0.11913043,22916.733333333334
2026/08/01@14:19:52,493,0.118695656,22920.0
2026/08/01@14:19:53,494,0.12086956,22923.266666666666
2026/08/01@14:19:54,495,0.12217391,22926.533333333333
2026/08/01@14:19:55,496,0.12173913,22929.8
2026/08/01@14:19:56,497,0.12565218,22933.066666666666
2026/08/01@14:19:58,499,0.12434783,22939.6
2026/08/01@14:19:59,500,0.1226087,22942.866666666665
2026/08/01@14:20:00,501,0.12956522,22946.133333333335
2026/08/01@14:20:01,502,0.12913044,22949.4
2026/08/01@14:20:02,503,0.12782608,22952.666666666668
2026/08/01@14:20:03,504,0.12434783,22955.933333333334
2026/08/01@14:20:04,505,0.12608695,22959.2
2026/08/01@14:20:05,506,0.11608696,22962.466666666667
2026/08/01@14:20:06,507,0.11782609,22965.733333333334
2026/08/01@14:20:07,508,0.12086956,22969.0
2026/08/01@14:20:08,509,0.1226087,22972.25806451613
2026/08/01@14:20:09,510,0.12391304,22975.516129032258
2026/08/01@14:20:11,512,0.1326087,22982.032258064515
2026/08/01@14:20:12,513,0.12869565,22985.290322580644
2026/08/01@14:20:13,514,0.13913043,22988.548387096773
2026/08/01@14:20:14,515,0.15826086,22991.8064516129
2026/08/01@14:20:15,516,0.14608696,22995.064516129034
2026/08/01@14:20:16,517,0.34695652,22998.322580645163
2026/08/01@14:20:17,518,0.14826088,23001.58064516129
2026/08/01@14:20:18,519,0.25,23004.83870967742
2026/08/01@14:20:19,520,0.31130436,23008.09677419355
2026/08/01@14:20:20,521,0.32434782,23011.354838709678
2026/08/01@14:20:21,522,0.15782608,23014.612903225807
2026/08/01@14:20:22,523,0.16,23017.870967741936
2026/08/01@14:20:23,524,0.16521738,23021.129032258064
2026/08/01@14:20:25,526,0.16478262,23027.645161290322
2026/08/01@14:20:26,527,0.16478262,23030.90322580645
2026/08/01@14:20:27,528,0.15434782,23034.16129032258
2026/08/01@14:20:28,529,0.15913044,23037.41935483871
2026/08/01@14:20:29,530,0.42347828,23040.677419354837
2026/08/01@14:20:30,531,0.391304352,23043.935483870966
2026/08/01@14:20:31,532,0.36217392,23047.1935483871
2026/08/01@14:20:32,533,0.3647826,23050.451612903227
2026/08/01@14:20:33,534,0.36,23053.709677419356
2026/08/01@14:20:34,535,0.38434784,23056.967741935485
2026/08/01@14:20:35,536,0.31130436,23060.225806451614
2026/08/01@14:20:36,537,0.34304348,23063.483870967742
2026/08/01@14:20:38,539,0.31826088,23070.0
2026/08/01@14:20:39,540,0.31608696,23073.1935483871
2026/08/01@14:20:40,541,0.3047826,23076.387096774193
2026/08/01@14:20:41,542,0.35347824,23079.58064516129
2026/08/01@14:20:42,543,0.3352174,23082.774193548386
2026/08/01@14:20:43,544,0.3330435,23085.967741935485
2026/08/01@14:20:44,545,0.3352174,23089.16129032258
2026/08/01@14:20:45,546,0.33608696,23092.354838709678
2026/08/01@14:20:46,547,0.38086956,23095.548387096773
2026/08/01@14:20:47,548,0.38391304,23098.74193548387
2026/08/01@14:20:48,549,0.380434784,23101.935483870966
2026/08/01@14:20:49,550,0.35347824,23105.129032258064
2026/08/01@14:20:51,552,0.39043476,23111.516129032258
2026/08/01@14:20:52,553,0.32304348,23114.709677419356
2026/08/01@14:20:53,554,0.43565216,23117.90322580645
2026/08/01@14:20:54,555,0.4452174,23121.09677419355
2026/08/01@14:20:55,556,0.48782608,23124.290322580644
2026/08/01@14:20:56,557,0.32608696,23127.483870967742
2026/08/01@14:20:57,558,0.358695636,23130.677419354837
2026/08/01@14:20:58,559,0.37391304,23133.870967741936
2026/08/01@14:20:59,560,0.3652174,23137.064516129034
2026/08/01@14:21:00,561,0.32173914,23140.25806451613
2026/08/01@14:21:01,562,0.454347816,23143.451612903227
2026/08/01@14:21:02,563,0.39608696,23146.645161290322
2026/08/01@14:21:04,565,0.338260868,23153.032258064515
2026/08/01@14:21:05,566,0.368260868,23156.225806451614
2026/08/01@14:21:06,567,0.3652174,23159.41935483871
2026/08/01@14:21:07,568,0.32956524,23162.612903225807
2026/08/01@14:21:08,569,0.32608696,23165.8064516129
2026/08/01@14:21:09,570,0.32,23169.0
2026/08/01@14:21:10,571,0.358695636,23172.5
2026/08/01@14:21:11,572,0.3226087,23176.0
2026/08/01@14:21:12,573,0.41434784,23179.5
2026/08/01@14:21:13,574,0.39565218,23183.0
2026/08/01@14:21:14,575,0.35,23186.5
2026/08/01@14:21:15,576,0.1526087,23190.0
2026/08/01@14:21:17,578,0.416086936,23197.0
2026/08/01@14:21:18,579,0.41086956,23200.5
2026/08/01@14:21:19,580,0.404782632,23204.0
2026/08/01@14:21:20,581,0.15,23207.5
2026/08/01@14:21:21,582,0.404782632,23211.0
2026/08/01@14:21:22,583,0.3795652,23214.5
2026/08/01@14:21:23,584,0.39652176,23218.0
2026/08/01@14:21:24,585,0.394347816,23221.5
2026/08/01@14:21:25,586,0.404782632,23225.0
2026/08/01@14:21:26,587,0.37695652,23228.5
2026/08/01@14:21:27,588,0.39913044,23232.0
2026/08/01@14:21:28,589,0.399565216,23235.5
2026/08/01@14:21:30,591,0.15478261,23242.5
2026/08/01@14:21:31,592,0.4252174,23246.0
2026/08/01@14:21:32,593,0.4026087,23249.5
2026/08/01@14:21:33,594,0.400869568,23253.0
2026/08/01@14:21:34,595,0.248260868,23256.5
2026/08/01@14:21:35,596,0.38391304,23260.0
2026/08/01@14:21:36,597,0.4095652,23263.5
2026/08/01@14:21:37,598,0.39086956,23267.0
2026/08/01@14:21:38,599,0.19217392,23270.5
2026/08/01@14:21:39,600,0.3552174,23274.0
2026/08/01@14:21:40,601,0.1373913,23277.25806451613
2026/08/01@14:21:41,602,0.12565218,23280.516129032258
2026/08/01@14:21:43,604,0.12565218,23287.032258064515
2026/08/01@14:21:44,605,0.11521739,23290.290322580644
2026/08/01@14:21:45,606,0.34869568,23293.548387096773
2026/08/01@14:21:46,607,0.11086956,23296.8064516129
2026/08/01@14:21:47,608,0.13826087,23300.064516129034
2026/08/01@14:21:48,609,0.15652174,23303.322580645163
2026/08/01@14:21:49,610,0.12217391,23306.58064516129
2026/08/01@14:21:50,611,0.25608696,23309.83870967742
2026/08/01@14:21:51,612,0.26,23313.09677419355
2026/08/01@14:21:52,613,0.25652172,23316.354838709678
2026/08/01@14:21:53,614,0.24086956,23319.612903225807
2026/08/01@14:21:54,615,0.28173912,23322.870967741936
2026/08/01@14:21:56,617,0.29913044,23329.387096774193
2026/08/01@14:21:57,618,0.30608696,23332.645161290322
2026/08/01@14:21:58,619,0.25,23335.90322580645
2026/08/01@14:21:59,620,0.10695652,23339.16129032258
2026/08/01@14:22:00,621,0.21782608,23342.41935483871
2026/08/01@14:22:01,622,0.19173912,23345.677419354837
2026/08/01@14:22:02,623,0.12217391,23348.935483870966
2026/08/01@14:22:03,624,0.11,23352.1935483871
2026/08/01@14:22:04,625,0.13086956,23355.451612903227
2026/08/01@14:22:05,626,0.16521738,23358.709677419356
2026/08/01@14:22:06,627,0.1747826,23361.967741935485
2026/08/01@14:22:07,628,0.11260869,23365.225806451614
2026/08/01@14:22:09,630,0.07782609,23371.74193548387
2026/08/01@14:22:10,631,0.21304348,23375.0
2026/08/01@14:22:11,632,0.23913044,23378.266666666666
2026/08/01@14:22:12,633,0.18043478,23381.533333333333
2026/08/01@14:22:13,634,0.14391304,23384.8
2026/08/01@14:22:14,635,0.14130434,23388.066666666666
2026/08/01@14:22:15,636,0.12086956,23391.333333333332
2026/08/01@14:22:16,637,0.06826087,23394.6
2026/08/01@14:22:17,638,0.116956532,23397.866666666665
2026/08/01@14:22:18,639,0.11521739,23401.133333333335
2026/08/01@14:22:19,640,0.07173913,23404.4
2026/08/01@14:22:20,641,0.105652176,23407.666666666668
2026/08/01@14:22:22,643,0.11782609,23414.2
2026/08/01@14:22:23,644,0.1,23417.466666666667
2026/08/01@14:22:24,645,0.09217391,23420.733333333334
2026/08/01@14:22:25,646,0.12347826,23424.0
2026/08/01@14:22:26,647,0.13086956,23427.266666666666
2026/08/01@14:22:27,648,0.1226087,23430.533333333333
2026/08/01@14:22:28,649,0.12695652,23433.8
2026/08/01@14:22:29,650,0.12913044,23437.066666666666
2026/08/01@14:22:30,651,0.12434783,23440.333333333332
2026/08/01@14:22:31,652,0.1252174,23443.6
2026/08/01@14:22:32,653,0.11782609,23446.866666666665
2026/08/01@14:22:33,654,0.11260869,23450.133333333335
2026/08/01@14:22:35,656,0.11608696,23456.666666666668
2026/08/01@14:22:36,657,0.118695656,23459.933333333334
2026/08/01@14:22:37,658,0.115652176,23463.2
2026/08/01@14:22:38,659,0.1173913,23466.466666666667
2026/08/01@14:22:39,660,0.12173913,23469.733333333334
2026/08/01@14:22:40,661,0.12086956,23473.0
2026/08/01@14:22:41,662,0.11347826,23475.967741935485
2026/08/01@14:22:42,663,0.11434782,23478.935483870966
2026/08/01@14:22:43,664,0.12173913,23481.90322580645
2026/08/01@14:22:44,665,0.11956522,23484.870967741936
2026/08/01@14:22:45,666,0.12434783,23487.83870967742
2026/08/01@14:22:46,667,0.11782609,23490.8064516129
2026/08/01@14:22:48,669,0.11260869,23496.74193548387
2026/08/01@14:22:49,670,0.12086956,23499.709677419356
2026/08/01@14:22:50,671,0.12086956,23502.677419354837
2026/08/01@14:22:51,672,0.116956532,23505.645161290322
2026/08/01@14:22:52,673,0.1,23508.612903225807
2026/08/01@14:22:53,674,0.11086956,23511.58064516129
2026/08/01@14:22:54,675,0.11347826,23514.548387096773
2026/08/01@14:22:55,676,0.110434784,23517.516129032258
2026/08/01@14:22:56,677,0.112173912,23520.483870967742
2026/08/01@14:22:57,678,0.11086956,23523.451612903227
2026/08/01@14:22:58,679,0.109130432,23526.41935483871
2026/08/01@14:22:59,680,0.109130432,23529.387096774193
2026/08/01@14:23:01,682,0.10304348,23535.322580645163
2026/08/01@14:23:02,683,0.10043478,23538.290322580644
2026/08/01@14:23:03,684,0.109130432,23541.25806451613
2026/08/01@14:23:04,685,0.09913044,23544.225806451614
2026/08/01@14:23:05,686,0.08173913,23547.1935483871
2026/08/01@14:23:06,687,0.08173913,23550.16129032258
2026/08/01@14:23:07,688,0.09217391,23553.129032258064
2026/08/01@14:23:08,689,0.09391304,23556.09677419355
2026/08/01@14:23:09,690,0.08695652,23559.064516129034
2026/08/01@14:23:10,691,0.070869568,23562.032258064515
2026/08/01@14:23:11,692,0.105652176,23565.0
2026/08/01@14:23:12,693,0.10521739,23568.225806451614
2026/08/01@14:23:14,695,0.094782608,23574.677419354837
2026/08/01@14:23:15,696,0.10391305,23577.90322580645
2026/08/01@14:23:16,697,0.10347826,23581.129032258064
2026/08/01@14:23:17,698,0.10043478,23584.354838709678
2026/08/01@14:23:18,699,0.10521739,23587.58064516129
2026/08/01@14:23:19,700,0.10304348,23590.8064516129
2026/08/01@14:23:20,701,0.100869568,23594.032258064515
2026/08/01@14:23:21,702,0.10391305,23597.25806451613
2026/08/01@14:23:22,703,0.10304348,23600.483870967742
2026/08/01@14:23:23,704,0.100869568,23603.709677419356
2026/08/01@14:23:24,705,0.10304348,23606.935483870966
2026/08/01@14:23:25,706,0.105652176,23610.16129032258
2026/08/01@14:23:27,708,0.10304348,23616.612903225807
2026/08/01@14:23:28,709,0.10391305,23619.83870967742
2026/08/01@14:23:29,710,0.10391305,23623.064516129034
2026/08/01@14:23:30,711,0.10347826,23626.290322580644
2026/08/01@14:23:31,712,0.10521739,23629.516129032258
2026/08/01@14:23:32,713,0.10347826,23632.74193548387
2026/08/01@14:23:33,714,0.10869565,23635.967741935485
2026/08/01@14:23:34,715,0.10521739,23639.1935483871
2026/08/01@14:23:35,716,0.10391305,23642.41935483871
2026/08/01@14:23:36,717,0.10391305,23645.645161290322
2026/08/01@14:23:37,718,0.10217391,23648.870967741936
2026/08/01@14:23:38,719,0.10217391,23652.09677419355
2026/08/01@14:23:40,721,0.10521739,23658.548387096773
2026/08/01@14:23:41,722,0.107391304,23661.774193548386
2026/08/01@14:23:42,723,0.100869568,23665.0
2026/08/01@14:23:43,724,0.10391305,23668.566666666666
2026/08/01@14:23:44,725,0.09347826,23672.133333333335
2026/08/01@14:23:45,726,0.1,23675.7
2026/08/01@14:23:46,727,0.1,23679.266666666666
2026/08/01@14:23:47,728,0.105652176,23682.833333333332
2026/08/01@14:23:48,729,0.105652176,23686.4
2026/08/01@14:23:49,730,0.10652174,23689.966666666667
2026/08/01@14:23:50,731,0.10521739,23693.533333333333
2026/08/01@14:23:51,732,0.10391305,23697.1
2026/08/01@14:23:52,733,0.10347826,23700.666666666668
2026/08/01@14:23:54,735,0.09826087,23707.8
2026/08/01@14:23:55,736,0.10173913,23711.366666666665
2026/08/01@14:23:56,737,0.10695652,23714.933333333334
2026/08/01@14:23:57,738,0.105652176,23718.5
2026/08/01@14:23:58,739,0.10391305,23722.066666666666
2026/08/01@14:23:59,740,0.11608696,23725.633333333335
2026/08/01@14:24:00,741,0.11782609,23729.2
2026/08/01@14:24:01,742,0.11782609,23732.766666666666
2026/08/01@14:24:02,743,0.11086956,23736.333333333332
2026/08/01@14:24:03,744,0.11260869,23739.9
2026/08/01@14:24:04,745,0.11608696,23743.466666666667
2026/08/01@14:24:06,746,0.12086956,23750.6
2026/08/01@14:24:07,748,0.11,23754.166666666668
2026/08/01@14:24:08,749,0.09043478,23757.733333333334
2026/08/01@14:24:09,750,0.09826087,23761.3
2026/08/01@14:24:10,751,0.1,23764.866666666665
2026/08/01@14:24:11,752,0.1,23768.433333333334
2026/08/01@14:24:12,753,0.08608696,23772.0
2026/08/01@14:24:13,754,0.12043478,23775.322580645163
2026/08/01@14:24:14,755,0.12782608,23778.645161290322
2026/08/01@14:24:15,756,0.17826086,23781.967741935485
2026/08/01@14:24:16,757,0.17391304,23785.290322580644
2026/08/01@14:24:17,758,0.22478262,23788.612903225807
2026/08/01@14:24:18,759,0.21304348,23791.935483870966
2026/08/01@14:24:20,761,0.208695652,23798.58064516129
2026/08/01@14:24:21,762,0.201739132,23801.90322580645
2026/08/01@14:24:22,763,0.19217392,23805.225806451614
2026/08/01@14:24:23,764,0.19,23808.548387096773
2026/08/01@14:24:24,765,0.17652174,23811.870967741936
2026/08/01@14:24:25,766,0.18913044,23815.1935483871
2026/08/01@14:24:26,767,0.212173908,23818.516129032258
2026/08/01@14:24:27,768,0.21086956,23821.83870967742
2026/08/01@14:24:28,769,0.2669565,23825.16129032258
2026/08/01@14:24:29,770,0.3021739,23828.483870967742
2026/08/01@14:24:30,771,0.3973913,23831.8064516129
2026/08/01@14:24:31,772,0.24086956,23835.129032258064
2026/08/01@14:24:33,774,0.23565218,23841.774193548386
2026/08/01@14:24:34,775,0.27913044,23845.09677419355
2026/08/01@14:24:35,776,0.2595652,23848.41935483871
2026/08/01@14:24:36,777,0.25304348,23851.74193548387
2026/08/01@14:24:37,778,0.37695652,23855.064516129034
2026/08/01@14:24:38,779,0.36739132,23858.387096774193
2026/08/01@14:24:39,780,0.351739136,23861.709677419356
2026/08/01@14:24:40,781,0.38956524,23865.032258064515
2026/08/01@14:24:41,782,0.34608696,23868.354838709678
2026/08/01@14:24:42,783,0.36043476,23871.677419354837
2026/08/01@14:24:43,784,0.3647826,23875.0
2026/08/01@14:24:44,785,0.37565216,23878.3
2026/08/01@14:24:46,787,0.355652184,23884.9
2026/08/01@14:24:47,788,0.3726087,23888.2
2026/08/01@14:24:48,789,0.14086956,23891.5
2026/08/01@14:24:49,790,0.22565218,23894.8
2026/08/01@14:24:50,791,0.16869566,23898.1
2026/08/01@14:24:51,792,0.13913043,23901.4
2026/08/01@14:24:52,793,0.13652174,23904.7
2026/08/01@14:24:53,794,0.2673913,23908.0
2026/08/01@14:24:54,795,0.37391304,23911.3
2026/08/01@14:24:55,796,0.46913044,23914.6
2026/08/01@14:24:56,797,0.40391304,23917.9
2026/08/01@14:24:57,798,0.45391304,23921.2
2026/08/01@14:24:59,800,0.391304352,23927.8
2026/08/01@14:25:00,801,0.33130434,23931.1
2026/08/01@14:25:01,802,0.28,23934.4
2026/08/01@14:25:02,803,0.28608696,23937.7
2026/08/01@14:25:03,804,0.23304348,23941.0
2026/08/01@14:25:04,805,0.28,23944.3
2026/08/01@14:25:05,806,0.27,23947.6
2026/08/01@14:25:06,807,0.28,23950.9
2026/08/01@14:25:07,808,0.23826086,23954.2
2026/08/01@14:25:08,809,0.27521738,23957.5
2026/08/01@14:25:09,810,0.40565216,23960.8
2026/08/01@14:25:10,811,0.41,23964.1
2026/08/01@14:25:12,813,0.41304348,23970.7
2026/08/01@14:25:13,814,0.3404348,23974.0
2026/08/01@14:25:14,815,0.32434782,23977.451612903227
2026/08/01@14:25:15,816,0.35,23980.90322580645
2026/08/01@14:25:16,817,0.37869568,23984.354838709678
2026/08/01@14:25:17,818,0.32304348,23987.8064516129
2026/08/01@14:25:18,819,0.35391304,23991.25806451613
2026/08/01@14:25:19,820,0.40304348,23994.709677419356
2026/08/01@14:25:20,821,0.36652176,23998.16129032258
2026/08/01@14:25:21,822,0.3252174,24001.612903225807
2026/08/01@14:25:22,823,0.355652184,24005.064516129034
2026/08/01@14:25:23,824,0.39391304,24008.516129032258
2026/08/01@14:25:25,826,0.478695636,24015.41935483871
2026/08/01@14:25:26,827,0.35304348,24018.870967741936
2026/08/01@14:25:27,828,0.13434782,24022.322580645163
2026/08/01@14:25:28,829,0.14391304,24025.774193548386
2026/08/01@14:25:29,830,0.31130436,24029.225806451614
2026/08/01@14:25:30,831,0.13913043,24032.677419354837
2026/08/01@14:25:31,832,0.23,24036.129032258064
2026/08/01@14:25:32,833,0.3195652,24039.58064516129
2026/08/01@14:25:33,834,0.28913044,24043.032258064515
2026/08/01@14:25:34,835,0.28173912,24046.483870967742
2026/08/01@14:25:35,836,0.26869564,24049.935483870966
2026/08/01@14:25:36,837,0.3226087,24053.387096774193
2026/08/01@14:25:38,839,0.2673913,24060.290322580644
2026/08/01@14:25:39,840,0.064347824,24063.74193548387
2026/08/01@14:25:40,841,0.30304348,24067.1935483871
2026/08/01@14:25:41,842,0.27913044,24070.645161290322
2026/08/01@14:25:42,843,0.23086956,24074.09677419355
2026/08/01@14:25:43,844,0.19043478,24077.548387096773
2026/08/01@14:25:44,845,0.15826086,24081.0
2026/08/01@14:25:45,846,0.24869566,24084.322580645163
2026/08/01@14:25:46,847,0.17565218,24087.645161290322
2026/08/01@14:25:47,848,0.23173914,24090.967741935485
2026/08/01@14:25:48,849,0.10869565,24094.290322580644
2026/08/01@14:25:49,850,0.21086956,24097.612903225807
2026/08/01@14:25:51,851,0.19695652,24104.25806451613
2026/08/01@14:25:52,853,0.177826092,24107.58064516129
2026/08/01@14:25:53,854,0.13391304,24110.90322580645
2026/08/01@14:25:54,855,0.12869565,24114.225806451614
2026/08/01@14:25:55,856,0.29347824,24117.548387096773
2026/08/01@14:25:56,857,0.28695652,24120.870967741936
2026/08/01@14:25:57,858,0.36913044,24124.1935483871
2026/08/01@14:25:58,859,0.36,24127.516129032258
2026/08/01@14:25:59,860,0.27391306,24130.83870967742
2026/08/01@14:26:00,861,0.28173912,24134.16129032258
2026/08/01@14:26:01,862,0.2878261,24137.483870967742
2026/08/01@14:26:02,863,0.41304348,24140.8064516129
2026/08/01@14:26:04,864,0.31565216,24147.451612903227
2026/08/01@14:26:05,866,0.31478262,24150.774193548386
2026/08/01@14:26:06,867,0.20956522,24154.09677419355
2026/08/01@14:26:07,868,0.14434783,24157.41935483871
2026/08/01@14:26:08,869,0.248260868,24160.74193548387
2026/08/01@14:26:09,870,0.232608684,24164.064516129034
2026/08/01@14:26:10,871,0.20217392,24167.387096774193
2026/08/01@14:26:11,872,0.18043478,24170.709677419356
2026/08/01@14:26:12,873,0.17130434,24174.032258064515
2026/08/01@14:26:13,874,0.188260868,24177.354838709678
2026/08/01@14:26:14,875,0.199130432,24180.677419354837
2026/08/01@14:26:15,876,0.19217392,24184.0
2026/08/01@14:26:17,878,0.113913048,24190.533333333333
2026/08/01@14:26:18,879,0.047826084,24193.8
2026/08/01@14:26:19,880,0.12782608,24197.066666666666
2026/08/01@14:26:20,881,0.06826087,24200.333333333332
2026/08/01@14:26:21,882,0.1473913,24203.6
2026/08/01@14:26:22,883,0.16173912,24206.866666666665
2026/08/01@14:26:23,884,0.15173914,24210.133333333335
2026/08/01@14:26:24,885,0.24956522,24213.4
2026/08/01@14:26:25,886,0.21782608,24216.666666666668
2026/08/01@14:26:26,887,0.13782608,24219.933333333334
2026/08/01@14:26:27,888,0.15608695,24223.2
2026/08/01@14:26:28,889,0.13391304,24226.466666666667
2026/08/01@14:26:30,891,0.13217391,24233.0
2026/08/01@14:26:31,892,0.1252174,24236.266666666666
2026/08/01@14:26:32,893,0.14391304,24239.533333333333
2026/08/01@14:26:33,894,0.1373913,24242.8
2026/08/01@14:26:34,895,0.21391304,24246.066666666666
2026/08/01@14:26:35,896,0.18695652,24249.333333333332
2026/08/01@14:26:36,897,0.12434783,24252.6
2026/08/01@14:26:37,898,0.115652176,24255.866666666665
2026/08/01@14:26:38,899,0.13434782,24259.133333333335
2026/08/01@14:26:39,900,0.19347826,24262.4
2026/08/01@14:26:40,901,0.15913044,24265.666666666668
2026/08/01@14:26:41,902,0.187391316,24268.933333333334
2026/08/01@14:26:42,903,0.16434782,24272.2
2026/08/01@14:26:44,905,0.30086956,24278.733333333334
2026/08/01@14:26:45,906,0.13782608,24282.0
2026/08/01@14:26:46,907,0.1426087,24285.064516129034
2026/08/01@14:26:47,908,0.11956522,24288.129032258064
2026/08/01@14:26:48,909,0.12565218,24291.1935483871
2026/08/01@14:26:49,910,0.18913044,24294.25806451613
2026/08/01@14:26:50,911,0.2152174,24297.322580645163
2026/08/01@14:26:51,912,0.17391304,24300.387096774193
2026/08/01@14:26:52,913,0.1526087,24303.451612903227
2026/08/01@14:26:53,914,0.13956522,24306.516129032258
2026/08/01@14:26:54,915,0.3026087,24309.58064516129
2026/08/01@14:26:55,916,0.36739132,24312.645161290322
2026/08/01@14:26:57,918,0.33782608,24318.774193548386
2026/08/01@14:26:58,919,0.26130436,24321.83870967742
2026/08/01@14:26:59,920,0.2973913,24324.90322580645
2026/08/01@14:27:00,921,0.27695652,24327.967741935485
2026/08/01@14:27:01,922,0.28347826,24331.032258064515
2026/08/01@14:27:02,923,0.29608696,24334.09677419355
2026/08/01@14:27:03,924,0.22826088,24337.16129032258
2026/08/01@14:27:04,925,0.23,24340.225806451614
2026/08/01@14:27:05,926,0.16956522,24343.290322580644
2026/08/01@14:27:06,927,0.25695652,24346.354838709678
2026/08/01@14:27:07,928,0.208695652,24349.41935483871
2026/08/01@14:27:08,929,0.16695653,24352.483870967742
2026/08/01@14:27:10,931,0.2578261,24358.612903225807
2026/08/01@14:27:11,932,0.17347826,24361.677419354837
2026/08/01@14:27:12,933,0.13782608,24364.74193548387
2026/08/01@14:27:13,934,0.12347826,24367.8064516129
2026/08/01@14:27:14,935,0.12217391,24370.870967741936
2026/08/01@14:27:15,936,0.380434784,24373.935483870966
2026/08/01@14:27:16,937,0.3404348,24377.0
2026/08/01@14:27:17,938,0.3478261,24380.3
2026/08/01@14:27:18,939,0.12608695,24383.6
2026/08/01@14:27:19,940,0.12608695,24386.9
2026/08/01@14:27:20,941,0.12739131,24390.2
2026/08/01@14:27:21,942,0.13391304,24393.5
2026/08/01@14:27:23,944,0.13217391,24400.1
2026/08/01@14:27:24,945,0.13565217,24403.4
2026/08/01@14:27:25,946,0.13130436,24406.7
2026/08/01@14:27:26,947,0.13217391,24410.0
2026/08/01@14:27:27,948,0.12565218,24413.3
2026/08/01@14:27:28,949,0.12695652,24416.6
2026/08/01@14:27:29,950,0.12739131,24419.9
2026/08/01@14:27:30,951,0.12434783,24423.2
2026/08/01@14:27:31,952,0.12739131,24426.5
2026/08/01@14:27:32,953,0.12565218,24429.8
2026/08/01@14:27:33,954,0.13956522,24433.1
2026/08/01@14:27:34,955,0.34304348,24436.4
2026/08/01@14:27:36,957,0.32173914,24443.0
2026/08/01@14:27:37,958,0.223043468,24446.3
2026/08/01@14:27:38,959,0.36173912,24449.6
2026/08/01@14:27:39,960,0.23434782,24452.9
2026/08/01@14:27:40,961,0.248260868,24456.2
2026/08/01@14:27:41,962,0.32652172,24459.5
2026/08/01@14:27:42,963,0.32347824,24462.8
2026/08/01@14:27:43,964,0.48217392,24466.1
2026/08/01@14:27:44,965,0.35304348,24469.4
2026/08/01@14:27:45,966,0.35391304,24472.7
2026/08/01@14:27:46,967,0.40826088,24476.0
2026/08/01@14:27:47,968,0.3726087,24479.064516129034
2026/08/01@14:27:49,970,0.3973913,24485.1935483871
2026/08/01@14:27:50,971,0.34304348,24488.25806451613
2026/08/01@14:27:51,972,0.3652174,24491.322580645163
2026/08/01@14:27:52,973,0.38217392,24494.387096774193
2026/08/01@14:27:53,974,0.351739136,24497.451612903227
2026/08/01@14:27:54,975,0.3647826,24500.516129032258
2026/08/01@14:27:55,976,0.41434784,24503.58064516129
2026/08/01@14:27:56,977,0.40826088,24506.645161290322
2026/08/01@14:27:57,978,0.35826088,24509.709677419356
2026/08/01@14:27:58,979,0.435217368,24512.774193548386
2026/08/01@14:27:59,980,0.118695656,24515.83870967742
2026/08/01@14:28:00,981,0.118695656,24518.90322580645
2026/08/01@14:28:02,983,0.3347826,24525.032258064515
2026/08/01@14:28:03,984,0.3326087,24528.09677419355
2026/08/01@14:28:04,985,0.38913044,24531.16129032258
2026/08/01@14:28:05,986,0.37608696,24534.225806451614
2026/08/01@14:28:06,987,0.40826088,24537.290322580644
2026/08/01@14:28:07,988,0.39391304,24540.354838709678
2026/08/01@14:28:08,989,0.34130436,24543.41935483871
2026/08/01@14:28:09,990,0.34130436,24546.483870967742
2026/08/01@14:28:10,991,0.338260868,24549.548387096773
2026/08/01@14:28:11,992,0.3495652,24552.612903225807
2026/08/01@14:28:12,993,0.36,24555.677419354837
2026/08/01@14:28:13,994,0.34608696,24558.74193548387
2026/08/01@14:28:15,996,0.35826088,24564.870967741936
2026/08/01@14:28:16,997,0.33086956,24567.935483870966
2026/08/01@14:28:17,998,0.345217368,24571.0
2026/08/01@14:28:18,999,0.3343478,24574.066666666666
2026/08/01@14:28:19,1000,0.36695652,24577.133333333335
2026/08/01@14:28:20,1001,0.33695652,24580.2
2026/08/01@14:28:21,1002,0.2804348,24583.266666666666
2026/08/01@14:28:22,1003,0.33347828,24586.333333333332
2026/08/01@14:28:23,1004,0.30739132,24589.4
2026/08/01@14:28:24,1005,0.29043478,24592.466666666667
2026/08/01@14:28:25,1006,0.12086956,24595.533333333333
2026/08/01@14:28:26,1007,0.10652174,24598.6
2026/08/01@14:28:28,1009,0.31478262,24604.733333333334
2026/08/01@14:28:29,1010,0.11521739,24607.8
2026/08/01@14:28:30,1011,0.29391304,24610.866666666665
2026/08/01@14:28:31,1012,0.29217392,24613.933333333334
2026/08/01@14:28:32,1013,0.32173914,24617.0
2026/08/01@14:28:33,1014,0.32130436,24620.066666666666
2026/08/01@14:28:34,1015,0.36086956,24623.133333333335
2026/08/01@14:28:35,1016,0.35826088,24626.2
2026/08/01@14:28:36,1017,0.36043476,24629.266666666666
2026/08/01@14:28:37,1018,0.3573913,24632.333333333332
2026/08/01@14:28:38,1019,0.23086956,24635.4
2026/08/01@14:28:39,1020,0.33608696,24638.466666666667
2026/08/01@14:28:41,1022,0.32304348,24644.6
2026/08/01@14:28:42,1023,0.36695652,24647.666666666668
2026/08/01@14:28:43,1024,0.35,24650.733333333334
2026/08/01@14:28:44,1025,0.237391316,24653.8
2026/08/01@14:28:45,1026,0.13608696,24656.866666666665
2026/08/01@14:28:46,1027,0.203913036,24659.933333333334
2026/08/01@14:28:47,1028,0.31608696,24663.0
2026/08/01@14:28:48,1029,0.13652174,24666.16129032258
2026/08/01@14:28:49,1030,0.18695652,24669.322580645163
2026/08/01@14:28:50,1031,0.31478262,24672.483870967742
2026/08/01@14:28:51,1032,0.201739132,24675.645161290322
2026/08/01@14:28:52,1033,0.30043476,24678.8064516129
2026/08/01@14:28:54,1035,0.2821739,24685.129032258064
2026/08/01@14:28:55,1036,0.22652174,24688.290322580644
2026/08/01@14:28:56,1037,0.394347816,24691.451612903227
2026/08/01@14:28:57,1038,0.51521736,24694.612903225807
2026/08/01@14:28:58,1039,0.11956522,24697.774193548386
2026/08/01@14:28:59,1040,0.12217391,24700.935483870966
2026/08/01@14:29:00,1041,0.12739131,24704.09677419355
2026/08/01@14:29:01,1042,0.12782608,24707.25806451613
2026/08/01@14:29:02,1043,0.12434783,24710.41935483871
2026/08/01@14:29:03,1044,0.12782608,24713.58064516129
2026/08/01@14:29:04,1045,0.13130436,24716.74193548387
2026/08/01@14:29:05,1046,0.13782608,24719.90322580645
2026/08/01@14:29:07,1048,0.11,24726.225806451614
2026/08/01@14:29:08,1049,0.1326087,24729.387096774193
2026/08/01@14:29:09,1050,0.12739131,24732.548387096773
2026/08/01@14:29:10,1051,0.45391304,24735.709677419356
2026/08/01@14:29:11,1052,0.35826088,24738.870967741936
2026/08/01@14:29:12,1053,0.14217392,24742.032258064515
2026/08/01@14:29:13,1054,0.2673913,24745.1935483871
2026/08/01@14:29:14,1055,0.12913044,24748.354838709678
2026/08/01@14:29:15,1056,0.08695652,24751.516129032258
2026/08/01@14:29:16,1057,0.11,24754.677419354837
2026/08/01@14:29:17,1058,0.1252174,24757.83870967742
2026/08/01@14:29:18,1059,0.12565218,24761.0
2026/08/01@14:29:20,1061,0.29391304,24767.129032258064
2026/08/01@14:29:21,1062,0.4147826,24770.1935483871
2026/08/01@14:29:22,1063,0.4778261,24773.25806451613
2026/08/01@14:29:23,1064,0.31086956,24776.322580645163
2026/08/01@14:29:24,1065,0.21869566,24779.387096774193
2026/08/01@14:29:25,1066,0.43391304,24782.451612903227
2026/08/01@14:29:26,1067,0.38130436,24785.516129032258
2026/08/01@14:29:27,1068,0.36086956,24788.58064516129
2026/08/01@14:29:28,1069,0.3647826,24791.645161290322
2026/08/01@14:29:29,1070,0.229130432,24794.709677419356
2026/08/01@14:29:30,1071,0.23434782,24797.774193548386
2026/08/01@14:29:31,1072,0.37,24800.83870967742
2026/08/01@14:29:33,1074,0.3704348,24806.967741935485
2026/08/01@14:29:34,1075,0.346521732,24810.032258064515
2026/08/01@14:29:35,1076,0.21869566,24813.09677419355
2026/08/01@14:29:36,1077,0.42130436,24816.16129032258
2026/08/01@14:29:37,1078,0.3869565,24819.225806451614
2026/08/01@14:29:38,1079,0.31826088,24822.290322580644
2026/08/01@14:29:39,1080,0.16608696,24825.354838709678
2026/08/01@14:29:40,1081,0.3421739,24828.41935483871
2026/08/01@14:29:41,1082,0.49434784,24831.483870967742
2026/08/01@14:29:42,1083,0.39086956,24834.548387096773
2026/08/01@14:29:43,1084,0.3869565,24837.612903225807
2026/08/01@14:29:44,1085,0.08304348,24840.677419354837
2026/08/01@14:29:46,1086,0.33695652,24846.8064516129
2026/08/01@14:29:47,1088,0.35,24849.870967741936
2026/08/01@14:29:48,1089,0.3704348,24852.935483870966
2026/08/01@14:29:49,1090,0.380434784,24856.0
2026/08/01@14:29:50,1091,0.29956524,24859.3
2026/08/01@14:29:51,1092,0.178695652,24862.6
2026/08/01@14:29:52,1093,0.12869565,24865.9
2026/08/01@14:29:53,1094,0.14043478,24869.2
2026/08/01@14:29:54,1095,0.16304348,24872.5
2026/08/01@14:29:55,1096,0.25869566,24875.8
2026/08/01@14:29:56,1097,0.24304348,24879.1
2026/08/01@14:29:57,1098,0.20565218,24882.4
2026/08/01@14:29:58,1099,0.24434782,24885.7
2026/08/01@14:30:00,1101,0.11086956,24892.3
2026/08/01@14:30:01,1102,0.2426087,24895.6
2026/08/01@14:30:02,1103,0.25608696,24898.9
2026/08/01@14:30:03,1104,0.30956522,24902.2
2026/08/01@14:30:04,1105,0.406521736,24905.5
2026/08/01@14:30:05,1106,0.385652184,24908.8
2026/08/01@14:30:06,1107,0.39913044,24912.1
2026/08/01@14:30:07,1108,0.41434784,24915.4
2026/08/01@14:30:08,1109,0.350434784,24918.7
2026/08/01@14:30:09,1110,0.373478268,24922.0
2026/08/01@14:30:10,1111,0.30304348,24925.3
2026/08/01@14:30:11,1112,0.339565216,24928.6
2026/08/01@14:30:13,1114,0.248260868,24935.2
2026/08/01@14:30:14,1115,0.248260868,24938.5
2026/08/01@14:30:15,1116,0.4073913,24941.8
2026/08/01@14:30:16,1117,0.43173912,24945.1
2026/08/01@14:30:17,1118,0.42173912,24948.4
2026/08/01@14:30:18,1119,0.3252174,24951.7
2026/08/01@14:30:19,1120,0.18652174,24955.0
2026/08/01@14:30:20,1121,0.31478262,24958.1935483871
2026/08/01@14:30:21,1122,0.33130434,24961.387096774193
2026/08/01@14:30:22,1123,0.29565218,24964.58064516129
2026/08/01@14:30:23,1124,0.36913044,24967.774193548386
2026/08/01@14:30:24,1125,0.2926087,24970.967741935485
2026/08/01@14:30:26,1127,0.17347826,24977.354838709678
2026/08/01@14:30:27,1128,0.38217392,24980.548387096773
2026/08/01@14:30:28,1129,0.34,24983.74193548387
2026/08/01@14:30:29,1130,0.44652172,24986.935483870966
2026/08/01@14:30:30,1131,0.40565216,24990.129032258064
2026/08/01@14:30:31,1132,0.18869566,24993.322580645163
2026/08/01@14:30:32,1133,0.345217368,24996.516129032258
2026/08/01@14:30:33,1134,0.375217368,24999.709677419356
2026/08/01@14:30:34,1135,0.23086956,25002.90322580645
2026/08/01@14:30:35,1136,0.338260868,25006.09677419355
2026/08/01@14:30:36,1137,0.3647826,25009.290322580644
2026/08/01@14:30:37,1138,0.37434784,25012.483870967742
2026/08/01@14:30:39,1140,0.4247826,25018.870967741936
2026/08/01@14:30:40,1141,0.344782632,25022.064516129034
2026/08/01@14:30:41,1142,0.2704348,25025.25806451613
2026/08/01@14:30:42,1143,0.18391304,25028.451612903227
2026/08/01@14:30:43,1144,0.1973913,25031.645161290322
2026/08/01@14:30:44,1145,0.107391304,25034.83870967742
2026/08/01@14:30:45,1146,0.2173913,25038.032258064515
2026/08/01@14:30:46,1147,0.14826088,25041.225806451614
2026/08/01@14:30:47,1148,0.17347826,25044.41935483871
2026/08/01@14:30:48,1149,0.21434782,25047.612903225807
2026/08/01@14:30:49,1150,0.14782609,25050.8064516129
2026/08/01@14:30:50,1151,0.30565216,25054.0
2026/08/01@14:30:52,1153,0.16086957,25060.6
2026/08/01@14:30:53,1154,0.175217392,25063.9
2026/08/01@14:30:54,1155,0.2669565,25067.2
2026/08/01@14:30:55,1156,0.2673913,25070.5
2026/08/01@14:30:56,1157,0.391304352,25073.8
2026/08/01@14:30:57,1158,0.380434784,25077.1
2026/08/01@14:30:58,1159,0.358695636,25080.4
2026/08/01@14:30:59,1160,0.32,25083.7
2026/08/01@14:31:00,1161,0.21869566,25087.0
2026/08/01@14:31:01,1162,0.3195652,25090.3
2026/08/01@14:31:02,1163,0.25608696,25093.6
2026/08/01@14:31:03,1164,0.41304348,25096.9
2026/08/01@14:31:05,1166,0.32,25103.5
2026/08/01@14:31:06,1167,0.36347828,25106.8
2026/08/01@14:31:07,1168,0.339565216,25110.1
2026/08/01@14:31:08,1169,0.409130432,25113.4
2026/08/01@14:31:09,1170,0.36739132,25116.7
2026/08/01@14:31:10,1171,0.25695652,25120.0
2026/08/01@14:31:11,1172,0.38434784,25123.3
2026/08/01@14:31:12,1173,0.39391304,25126.6
2026/08/01@14:31:13,1174,0.3726087,25129.9
2026/08/01@14:31:14,1175,0.32,25133.2
2026/08/01@14:31:15,1176,0.33695652,25136.5
2026/08/01@14:31:16,1177,0.3495652,25139.8
2026/08/01@14:31:18,1179,0.45913044,25146.4
2026/08/01@14:31:19,1180,0.38956524,25149.7
2026/08/01@14:31:20,1181,0.29565218,25153.0
2026/08/01@14:31:21,1182,0.14956522,25155.967741935485
2026/08/01@14:31:22,1183,0.11782609,25158.935483870966
2026/08/01@14:31:23,1184,0.3195652,25161.90322580645
2026/08/01@14:31:24,1185,0.338260868,25164.870967741936
2026/08/01@14:31:25,1186,0.38260868,25167.83870967742
2026/08/01@14:31:26,1187,0.38913044,25170.8064516129
2026/08/01@14:31:27,1188,0.38608696,25173.774193548386
2026/08/01@14:31:28,1189,0.480434784,25176.74193548387
2026/08/01@14:31:29,1190,0.44826088,25179.709677419356
2026/08/01@14:31:31,1192,0.40130432,25185.645161290322
2026/08/01@14:31:32,1193,0.3247826,25188.612903225807
2026/08/01@14:31:33,1194,0.15608695,25191.58064516129
2026/08/01@14:31:34,1195,0.358695636,25194.548387096773
2026/08/01@14:31:35,1196,0.373478268,25197.516129032258
2026/08/01@14:31:36,1197,0.441739136,25200.483870967742
2026/08/01@14:31:37,1198,0.3873913,25203.451612903227
2026/08/01@14:31:38,1199,0.30739132,25206.41935483871
2026/08/01@14:31:39,1200,0.17391304,25209.387096774193
2026/08/01@14:31:40,1201,0.2873913,25212.354838709678
2026/08/01@14:31:41,1202,0.3869565,25215.322580645163
2026/08/01@14:31:42,1203,0.36739132,25218.290322580644
2026/08/01@14:31:44,1205,0.35304348,25224.225806451614
2026/08/01@14:31:45,1206,0.36086956,25227.1935483871
2026/08/01@14:31:46,1207,0.29086956,25230.16129032258
2026/08/01@14:31:47,1208,0.14304348,25233.129032258064
2026/08/01@14:31:48,1209,0.24782608,25236.09677419355
2026/08/01@14:31:49,1210,0.26913044,25239.064516129034
2026/08/01@14:31:50,1211,0.31608696,25242.032258064515
2026/08/01@14:31:51,1212,0.38391304,25245.0
2026/08/01@14:31:52,1213,0.37869568,25248.16129032258
2026/08/01@14:31:53,1214,0.391304352,25251.322580645163
2026/08/01@14:31:54,1215,0.3552174,25254.483870967742
2026/08/01@14:31:55,1216,0.36652176,25257.645161290322
2026/08/01@14:31:57,1218,0.31565216,25263.967741935485
2026/08/01@14:31:58,1219,0.32608696,25267.129032258064
2026/08/01@14:31:59,1220,0.4252174,25270.290322580644
2026/08/01@14:32:00,1221,0.4795652,25273.451612903227
2026/08/01@14:32:01,1222,0.4526087,25276.612903225807
2026/08/01@14:32:02,1223,0.42347828,25279.774193548386
2026/08/01@14:32:03,1224,0.45869564,25282.935483870966
2026/08/01@14:32:04,1225,0.41652172,25286.09677419355
2026/08/01@14:32:05,1226,0.40565216,25289.25806451613
2026/08/01@14:32:06,1227,0.3273913,25292.41935483871
2026/08/01@14:32:07,1228,0.3347826,25295.58064516129
2026/08/01@14:32:08,1229,0.3330435,25298.74193548387
2026/08/01@14:32:10,1230,0.36391304,25305.064516129034
2026/08/01@14:32:11,1232,0.36913044,25308.225806451614
2026/08/01@14:32:12,1233,0.42173912,25311.387096774193
2026/08/01@14:32:13,1234,0.41,25314.548387096773
2026/08/01@14:32:14,1235,0.22478262,25317.709677419356
2026/08/01@14:32:15,1236,0.30956522,25320.870967741936
2026/08/01@14:32:16,1237,0.33347828,25324.032258064515
2026/08/01@14:32:17,1238,0.38608696,25327.1935483871
2026/08/01@14:32:18,1239,0.26130436,25330.354838709678
2026/08/01@14:32:19,1240,0.26391304,25333.516129032258
2026/08/01@14:32:20,1241,0.379130432,25336.677419354837
2026/08/01@14:32:21,1242,0.4452174,25339.83870967742
2026/08/01@14:32:22,1243,0.424347816,25343.0
2026/08/01@14:32:24,1245,0.38391304,25349.666666666668
2026/08/01@14:32:25,1246,0.3773913,25353.0
2026/08/01@14:32:26,1247,0.3795652,25356.333333333332
2026/08/01@14:32:27,1248,0.24304348,25359.666666666668
2026/08/01@14:32:28,1249,0.168260868,25363.0
2026/08/01@14:32:29,1250,0.35,25366.333333333332
2026/08/01@14:32:30,1251,0.35347824,25369.666666666668
2026/08/01@14:32:31,1252,0.3930435,25373.0
2026/08/01@14:32:32,1253,0.375217368,25376.333333333332
2026/08/01@14:32:33,1254,0.404782632,25379.666666666668
2026/08/01@14:32:34,1255,0.42173912,25383.0
2026/08/01@14:32:35,1256,0.388695636,25386.333333333332
2026/08/01@14:32:37,1258,0.39391304,25393.0
2026/08/01@14:32:38,1259,0.38913044,25396.333333333332
2026/08/01@14:32:39,1260,0.30608696,25399.666666666668
2026/08/01@14:32:40,1261,0.14217392,25403.0
2026/08/01@14:32:41,1262,0.168260868,25406.333333333332
2026/08/01@14:32:42,1263,0.24652174,25409.666666666668
2026/08/01@14:32:43,1264,0.29869564,25413.0
2026/08/01@14:32:44,1265,0.31086956,25416.333333333332
2026/08/01@14:32:45,1266,0.20565218,25419.666666666668
2026/08/01@14:32:46,1267,0.2873913,25423.0
2026/08/01@14:32:47,1268,0.22956522,25426.333333333332
2026/08/01@14:32:48,1269,0.34173912,25429.666666666668
2026/08/01@14:32:50,1271,0.32826088,25436.333333333332
2026/08/01@14:32:51,1272,0.38608696,25439.666666666668
2026/08/01@14:32:52,1273,0.34173912,25443.0
2026/08/01@14:32:53,1274,0.32608696,25446.225806451614
2026/08/01@14:32:54,1275,0.36086956,25449.451612903227
2026/08/01@14:32:55,1276,0.448695636,25452.677419354837
2026/08/01@14:32:56,1277,0.42130436,25455.90322580645
2026/08/01@14:32:57,1278,0.3347826,25459.129032258064
2026/08/01@14:32:58,1279,0.26826088,25462.354838709678
2026/08/01@14:32:59,1280,0.2452174,25465.58064516129
2026/08/01@14:33:00,1281,0.19,25468.8064516129
2026/08/01@14:33:01,1282,0.19869564,25472.032258064515
2026/08/01@14:33:03,1284,0.21869566,25478.483870967742
2026/08/01@14:33:04,1285,0.31913042,25481.709677419356
2026/08/01@14:33:05,1286,0.4169565,25484.935483870966
2026/08/01@14:33:06,1287,0.4147826,25488.16129032258
2026/08/01@14:33:07,1288,0.4456522,25491.387096774193
2026/08/01@14:33:08,1289,0.34,25494.612903225807
2026/08/01@14:33:09,1290,0.4247826,25497.83870967742
2026/08/01@14:33:10,1291,0.33782608,25501.064516129034
2026/08/01@14:33:11,1292,0.31478262,25504.290322580644
2026/08/01@14:33:12,1293,0.3226087,25507.516129032258
2026/08/01@14:33:13,1294,0.18304348,25510.74193548387
2026/08/01@14:33:14,1295,0.33608696,25513.967741935485
2026/08/01@14:33:16,1297,0.336521736,25520.41935483871
2026/08/01@14:33:17,1298,0.424347816,25523.645161290322
2026/08/01@14:33:18,1299,0.44695652,25526.870967741936
2026/08/01@14:33:19,1300,0.40608696,25530.09677419355
2026/08/01@14:33:20,1301,0.31652172,25533.322580645163
2026/08/01@14:33:21,1302,0.36391304,25536.548387096773
2026/08/01@14:33:22,1303,0.43391304,25539.774193548386
2026/08/01@14:33:23,1304,0.44913044,25543.0
2026/08/01@14:33:24,1305,0.4452174,25546.233333333334
2026/08/01@14:33:25,1306,0.4226087,25549.466666666667
2026/08/01@14:33:26,1307,0.3647826,25552.7
2026/08/01@14:33:27,1308,0.345217368,25555.933333333334
2026/08/01@14:33:29,1310,0.40304348,25562.4
2026/08/01@14:33:30,1311,0.3973913,25565.633333333335
2026/08/01@14:33:31,1312,0.3552174,25568.866666666665
2026/08/01@14:33:32,1313,0.13913043,25572.1
2026/08/01@14:33:33,1314,0.22565218,25575.333333333332
2026/08/01@14:33:34,1315,0.4152174,25578.566666666666
2026/08/01@14:33:35,1316,0.53217392,25581.8
2026/08/01@14:33:36,1317,0.42347828,25585.033333333333
2026/08/01@14:33:37,1318,0.39652176,25588.266666666666
2026/08/01@14:33:38,1319,0.3021739,25591.5
2026/08/01@14:33:39,1320,0.223043468,25594.733333333334
2026/08/01@14:33:40,1321,0.36086956,25597.966666666667
2026/08/01@14:33:42,1323,0.5134783,25604.433333333334
2026/08/01@14:33:43,1324,0.44304348,25607.666666666668
2026/08/01@14:33:44,1325,0.4252174,25610.9
2026/08/01@14:33:45,1326,0.3252174,25614.133333333335
2026/08/01@14:33:46,1327,0.4552174,25617.366666666665
2026/08/01@14:33:47,1328,0.4078261,25620.6
2026/08/01@14:33:48,1329,0.4626087,25623.833333333332
2026/08/01@14:33:49,1330,0.49565216,25627.066666666666
2026/08/01@14:33:50,1331,0.38913044,25630.3
2026/08/01@14:33:51,1332,0.42869564,25633.533333333333
2026/08/01@14:33:52,1333,0.4078261,25636.766666666666
2026/08/01@14:33:53,1334,0.404782632,25640.0
2026/08/01@14:33:55,1336,0.3721739,25646.709677419356
2026/08/01@14:33:56,1337,0.24434782,25650.064516129034
2026/08/01@14:33:57,1338,0.35652172,25653.41935483871
2026/08/01@14:33:58,1339,0.47086956,25656.774193548386
2026/08/01@14:33:59,1340,0.43391304,25660.129032258064
2026/08/01@14:34:00,1341,0.4473913,25663.483870967742
2026/08/01@14:34:01,1342,0.458260868,25666.83870967742
2026/08/01@14:34:02,1343,0.43826088,25670.1935483871
2026/08/01@14:34:03,1344,0.46913044,25673.548387096773
2026/08/01@14:34:04,1345,0.3778261,25676.90322580645
2026/08/01@14:34:05,1346,0.18304348,25680.25806451613
2026/08/01@14:34:06,1347,0.43173912,25683.612903225807
2026/08/01@14:34:08,1349,0.436521736,25690.322580645163
2026/08/01@14:34:09,1350,0.43869564,25693.677419354837
2026/08/01@14:34:10,1351,0.36695652,25697.032258064515
2026/08/01@14:34:11,1352,0.40304348,25700.387096774193
2026/08/01@14:34:12,1353,0.45869564,25703.74193548387
2026/08/01@14:34:13,1354,0.4473913,25707.09677419355
2026/08/01@14:34:14,1355,0.41434784,25710.451612903227
2026/08/01@14:34:15,1356,0.38434784,25713.8064516129
2026/08/01@14:34:16,1357,0.3247826,25717.16129032258
2026/08/01@14:34:17,1358,0.24304348,25720.516129032258
2026/08/01@14:34:18,1359,0.30304348,25723.870967741936
2026/08/01@14:34:19,1360,0.351739136,25727.225806451614
2026/08/01@14:34:21,1361,0.42695652,25733.935483870966
2026/08/01@14:34:22,1363,0.344782632,25737.290322580644
2026/08/01@14:34:23,1364,0.28391304,25740.645161290322
2026/08/01@14:34:24,1365,0.440434784,25744.0
2026/08/01@14:34:25,1366,0.400869568,25747.290322580644
2026/08/01@14:34:26,1367,0.31304348,25750.58064516129
2026/08/01@14:34:27,1368,0.34869568,25753.870967741936
2026/08/01@14:34:28,1369,0.385652184,25757.16129032258
2026/08/01@14:34:29,1370,0.40608696,25760.451612903227
2026/08/01@14:34:30,1371,0.38913044,25763.74193548387
2026/08/01@14:34:31,1372,0.3347826,25767.032258064515
2026/08/01@14:34:32,1373,0.16782608,25770.322580645163
2026/08/01@14:34:34,1374,0.18304348,25776.90322580645
2026/08/01@14:34:35,1376,0.12913044,25780.1935483871
2026/08/01@14:34:36,1377,0.11086956,25783.483870967742
2026/08/01@14:34:37,1378,0.32826088,25786.774193548386
2026/08/01@14:34:38,1379,0.37391304,25790.064516129034
2026/08/01@14:34:39,1380,0.40826088,25793.354838709678
2026/08/01@14:34:40,1381,0.3478261,25796.645161290322
2026/08/01@14:34:41,1382,0.18,25799.935483870966
2026/08/01@14:34:42,1383,0.223043468,25803.225806451614
2026/08/01@14:34:43,1384,0.32347824,25806.516129032258
2026/08/01@14:34:44,1385,0.31086956,25809.8064516129
2026/08/01@14:34:45,1386,0.39391304,25813.09677419355
2026/08/01@14:34:46,1387,0.40391304,25816.387096774193
2026/08/01@14:34:48,1389,0.38782608,25822.967741935485
2026/08/01@14:34:49,1390,0.45086956,25826.25806451613
2026/08/01@14:34:50,1391,0.3552174,25829.548387096773
2026/08/01@14:34:51,1392,0.38130436,25832.83870967742
2026/08/01@14:34:52,1393,0.4252174,25836.129032258064
2026/08/01@14:34:53,1394,0.398260868,25839.41935483871
2026/08/01@14:34:54,1395,0.31391304,25842.709677419356
2026/08/01@14:34:55,1396,0.21608696,25846.0
2026/08/01@14:34:56,1397,0.32652172,25849.266666666666
2026/08/01@14:34:57,1398,0.30043476,25852.533333333333
2026/08/01@14:34:58,1399,0.3926087,25855.8
2026/08/01@14:34:59,1400,0.2804348,25859.066666666666
2026/08/01@14:35:01,1402,0.36913044,25865.6
2026/08/01@14:35:02,1403,0.418695636,25868.866666666665
2026/08/01@14:35:03,1404,0.3569565,25872.133333333335
2026/08/01@14:35:04,1405,0.38782608,25875.4
2026/08/01@14:35:05,1406,0.37391304,25878.666666666668
2026/08/01@14:35:06,1407,0.39217392,25881.933333333334
2026/08/01@14:35:07,1408,0.33130434,25885.2
2026/08/01@14:35:08,1409,0.380434784,25888.466666666667
2026/08/01@14:35:09,1410,0.29782608,25891.733333333334
2026/08/01@14:35:10,1411,0.27913044,25895.0
2026/08/01@14:35:11,1412,0.23173914,25898.266666666666
2026/08/01@14:35:12,1413,0.37434784,25901.533333333333
2026/08/01@14:35:14,1415,0.4247826,25908.066666666666
2026/08/01@14:35:15,1416,0.400869568,25911.333333333332
2026/08/01@14:35:16,1417,0.4452174,25914.6
2026/08/01@14:35:17,1418,0.32782608,25917.866666666665
2026/08/01@14:35:18,1419,0.18695652,25921.133333333335
2026/08/01@14:35:19,1420,0.30652174,25924.4
2026/08/01@14:35:20,1421,0.394347816,25927.666666666668
2026/08/01@14:35:21,1422,0.45217392,25930.933333333334
2026/08/01@14:35:22,1423,0.42130436,25934.2
2026/08/01@14:35:23,1424,0.351739136,25937.466666666667
2026/08/01@14:35:24,1425,0.4,25940.733333333334
2026/08/01@14:35:25,1426,0.424347816,25944.0
2026/08/01@14:35:27,1428,0.50608692,25950.25806451613
2026/08/01@14:35:28,1429,0.379130432,25953.387096774193
2026/08/01@14:35:29,1430,0.21304348,25956.516129032258
2026/08/01@14:35:30,1431,0.3178261,25959.645161290322
2026/08/01@14:35:31,1432,0.398260868,25962.774193548386
2026/08/01@14:35:32,1433,0.43826088,25965.90322580645
2026/08/01@14:35:33,1434,0.39608696,25969.032258064515
2026/08/01@14:35:34,1435,0.448695636,25972.16129032258
2026/08/01@14:35:35,1436,0.42652176,25975.290322580644
2026/08/01@14:35:36,1437,0.4395652,25978.41935483871
2026/08/01@14:35:37,1438,0.28869566,25981.548387096773
2026/08/01@14:35:38,1439,0.14130434,25984.677419354837
2026/08/01@14:35:40,1441,0.15782608,25990.935483870966
2026/08/01@14:35:41,1442,0.220869568,25994.064516129034
2026/08/01@14:35:42,1443,0.30956522,25997.1935483871
2026/08/01@14:35:43,1444,0.41,26000.322580645163
2026/08/01@14:35:44,1445,0.44304348,26003.451612903227
2026/08/01@14:35:45,1446,0.35347824,26006.58064516129
2026/08/01@14:35:46,1447,0.37434784,26009.709677419356
2026/08/01@14:35:47,1448,0.37391304,26012.83870967742
2026/08/01@14:35:48,1449,0.3721739,26015.967741935485
2026/08/01@14:35:49,1450,0.406521736,26019.09677419355
2026/08/01@14:35:50,1451,0.4152174,26022.225806451614
2026/08/01@14:35:51,1452,0.416086936,26025.354838709678
2026/08/01@14:35:53,1454,0.31565216,26031.612903225807
2026/08/01@14:35:54,1455,0.33173912,26034.74193548387
2026/08/01@14:35:55,1456,0.36086956,26037.870967741936
2026/08/01@14:35:56,1457,0.40391304,26041.0
2026/08/01@14:35:57,1458,0.40826088,26044.433333333334
2026/08/01@14:35:58,1459,0.43304348,26047.866666666665
2026/08/01@14:35:59,1460,0.416086936,26051.3
2026/08/01@14:36:00,1461,0.375217368,26054.733333333334
2026/08/01@14:36:01,1462,0.3047826,26058.166666666668
2026/08/01@14:36:02,1463,0.19869564,26061.6
2026/08/01@14:36:03,1464,0.13652174,26065.033333333333
2026/08/01@14:36:04,1465,0.30043476,26068.466666666667
2026/08/01@14:36:06,1467,0.35913044,26075.333333333332
2026/08/01@14:36:07,1468,0.42,26078.766666666666
2026/08/01@14:36:08,1469,0.38608696,26082.2
2026/08/01@14:36:09,1470,0.41086956,26085.633333333335
2026/08/01@14:36:10,1471,0.4252174,26089.066666666666
2026/08/01@14:36:11,1472,0.379130432,26092.5
2026/08/01@14:36:12,1473,0.3421739,26095.933333333334
2026/08/01@14:36:13,1474,0.36391304,26099.366666666665
2026/08/01@14:36:14,1475,0.3330435,26102.8
2026/08/01@14:36:15,1476,0.33086956,26106.233333333334
2026/08/01@14:36:16,1477,0.2952174,26109.666666666668
2026/08/01@14:36:17,1478,0.485652184,26113.1
2026/08/01@14:36:19,1480,0.4169565,26119.966666666667
2026/08/01@14:36:20,1481,0.435217368,26123.4
2026/08/01@14:36:21,1482,0.3947826,26126.833333333332
2026/08/01@14:36:22,1483,0.2669565,26130.266666666666
2026/08/01@14:36:23,1484,0.1852174,26133.7
2026/08/01@14:36:24,1485,0.12347826,26137.133333333335
2026/08/01@14:36:25,1486,0.373478268,26140.566666666666
2026/08/01@14:36:26,1487,0.3173913,26144.0
2026/08/01@14:36:27,1488,0.491304352,26147.0
2026/08/01@14:36:28,1489,0.4995652,26150.0
2026/08/01@14:36:29,1490,0.3778261,26153.0
2026/08/01@14:36:30,1491,0.343478268,26156.0
2026/08/01@14:36:32,1493,0.2669565,26162.0
2026/08/01@14:36:33,1494,0.13608696,26165.0
2026/08/01@14:36:34,1495,0.22652174,26168.0
2026/08/01@14:36:35,1496,0.380434784,26171.0
2026/08/01@14:36:36,1497,0.44826088,26174.0
2026/08/01@14:36:37,1498,0.4152174,26177.0
2026/08/01@14:36:38,1499,0.3226087,26180.0
2026/08/01@14:36:39,1500,0.29608696,26183.0
2026/08/01@14:36:40,1501,0.4178261,26186.0
2026/08/01@14:36:41,1502,0.39391304,26189.0
2026/08/01@14:36:42,1503,0.4095652,26192.0
2026/08/01@14:36:43,1504,0.3873913,26195.0
2026/08/01@14:36:45,1506,0.4,26201.0
2026/08/01@14:36:46,1507,0.41260868,26204.0
2026/08/01@14:36:47,1508,0.47086956,26207.0
2026/08/01@14:36:48,1509,0.31304348,26210.0
2026/08/01@14:36:49,1510,0.32347824,26213.0
2026/08/01@14:36:50,1511,0.34826088,26216.0
2026/08/01@14:36:51,1512,0.47304348,26219.0
2026/08/01@14:36:52,1513,0.533913,26222.0
2026/08/01@14:36:53,1514,0.42347828,26225.0
2026/08/01@14:36:54,1515,0.3347826,26228.0
2026/08/01@14:36:55,1516,0.3104348,26231.0
2026/08/01@14:36:56,1517,0.40608696,26234.0
2026/08/01@14:36:57,1518,0.37608696,26237.0
2026/08/01@14:36:59,1520,0.21434782,26242.870967741936
2026/08/01@14:37:00,1521,0.37565216,26245.8064516129
2026/08/01@14:37:01,1522,0.39391304,26248.74193548387
2026/08/01@14:37:02,1523,0.20695652,26251.677419354837
2026/08/01@14:37:03,1524,0.12608695,26254.612903225807
2026/08/01@14:37:04,1525,0.34826088,26257.548387096773
2026/08/01@14:37:05,1526,0.42652176,26260.483870967742
2026/08/01@14:37:06,1527,0.33347828,26263.41935483871
2026/08/01@14:37:07,1528,0.33347828,26266.354838709678
2026/08/01@14:37:08,1529,0.31565216,26269.290322580644
2026/08/01@14:37:09,1530,0.30608696,26272.225806451614
2026/08/01@14:37:11,1531,0.3247826,26278.09677419355
2026/08/01@14:37:12,1533,0.27652174,26281.032258064515
2026/08/01@14:37:13,1534,0.14391304,26283.967741935485
2026/08/01@14:37:14,1535,0.25478262,26286.90322580645
2026/08/01@14:37:15,1536,0.35391304,26289.83870967742
2026/08/01@14:37:16,1537,0.36,26292.774193548386
2026/08/01@14:37:17,1538,0.36391304,26295.709677419356
2026/08/01@14:37:18,1539,0.37,26298.645161290322
2026/08/01@14:37:19,1540,0.38217392,26301.58064516129
2026/08/01@14:37:20,1541,0.3273913,26304.516129032258
2026/08/01@14:37:21,1542,0.3926087,26307.451612903227
2026/08/01@14:37:22,1543,0.3352174,26310.387096774193
2026/08/01@14:37:23,1544,0.201739132,26313.322580645163
2026/08/01@14:37:25,1546,0.33086956,26319.1935483871
2026/08/01@14:37:26,1547,0.42782608,26322.129032258064
2026/08/01@14:37:27,1548,0.2873913,26325.064516129034
2026/08/01@14:37:28,1549,0.22826088,26328.0
2026/08/01@14:37:29,1550,0.03,26330.966666666667
2026/08/01@14:37:30,1551,0.08826087,26333.933333333334
2026/08/01@14:37:31,1552,0.2721739,26336.9
2026/08/01@14:37:32,1553,0.2673913,26339.866666666665
2026/08/01@14:37:33,1554,0.26173912,26342.833333333332
2026/08/01@14:37:34,1555,0.25652172,26345.8
2026/08/01@14:37:35,1556,0.14826088,26348.766666666666
2026/08/01@14:37:36,1557,0.2073913,26351.733333333334
2026/08/01@14:37:38,1559,0.399565216,26357.666666666668
2026/08/01@14:37:39,1560,0.31565216,26360.633333333335
2026/08/01@14:37:40,1561,0.5426087,26363.6
2026/08/01@14:37:41,1562,0.338260868,26366.566666666666
2026/08/01@14:37:42,1563,0.37173912,26369.533333333333
2026/08/01@14:37:43,1564,0.38391304,26372.5
2026/08/01@14:37:44,1565,0.36565216,26375.466666666667
2026/08/01@14:37:45,1566,0.3252174,26378.433333333334
2026/08/01@14:37:46,1567,0.42782608,26381.4
2026/08/01@14:37:47,1568,0.3795652,26384.366666666665
2026/08/01@14:37:48,1569,0.3947826,26387.333333333332
2026/08/01@14:37:49,1570,0.38913044,26390.3
2026/08/01@14:37:51,1572,0.4473913,26396.233333333334
2026/08/01@14:37:52,1573,0.36043476,26399.2
2026/08/01@14:37:53,1574,0.31565216,26402.166666666668
2026/08/01@14:37:54,1575,0.14956522,26405.133333333335
2026/08/01@14:37:55,1576,0.05652174,26408.1
2026/08/01@14:37:56,1577,0.11173913,26411.066666666666
2026/08/01@14:37:57,1578,0.12739131,26414.033333333333
2026/08/01@14:37:58,1579,0.32434782,26417.0
2026/08/01@14:37:59,1580,0.373478268,26419.935483870966
2026/08/01@14:38:00,1581,0.5273913,26422.870967741936
2026/08/01@14:38:01,1582,0.409130432,26425.8064516129
2026/08/01@14:38:02,1583,0.37391304,26428.74193548387
2026/08/01@14:38:04,1585,0.13434782,26434.612903225807
2026/08/01@14:38:05,1586,0.2852174,26437.548387096773
2026/08/01@14:38:06,1587,0.380434784,26440.483870967742
2026/08/01@14:38:07,1588,0.44,26443.41935483871
2026/08/01@14:38:08,1589,0.39782608,26446.354838709678
2026/08/01@14:38:09,1590,0.31086956,26449.290322580644
2026/08/01@14:38:10,1591,0.29434782,26452.225806451614
2026/08/01@14:38:11,1592,0.10826087,26455.16129032258
2026/08/01@14:38:12,1593,0.233913052,26458.09677419355
2026/08/01@14:38:13,1594,0.36173912,26461.032258064515
2026/08/01@14:38:14,1595,0.31086956,26463.967741935485
2026/08/01@14:38:15,1596,0.45913044,26466.90322580645
2026/08/01@14:38:17,1598,0.43304348,26472.774193548386
2026/08/01@14:38:18,1599,0.36739132,26475.709677419356
2026/08/01@14:38:19,1600,0.43347828,26478.645161290322
2026/08/01@14:38:20,1601,0.31086956,26481.58064516129
2026/08/01@14:38:21,1602,0.059130436,26484.516129032258
2026/08/01@14:38:22,1603,0.36043476,26487.451612903227
2026/08/01@14:38:23,1604,0.39652176,26490.387096774193
2026/08/01@14:38:24,1605,0.43173912,26493.322580645163
2026/08/01@14:38:25,1606,0.46869564,26496.25806451613
2026/08/01@14:38:26,1607,0.429565216,26499.1935483871
2026/08/01@14:38:27,1608,0.4552174,26502.129032258064
2026/08/01@14:38:28,1609,0.53086952,26505.064516129034
2026/08/01@14:38:30,1611,0.5147826,26510.966666666667
2026/08/01@14:38:31,1612,0.53,26513.933333333334
2026/08/01@14:38:32,1613,0.5756522,26516.9
2026/08/01@14:38:33,1614,0.4526087,26519.866666666665
2026/08/01@14:38:34,1615,0.37173912,26522.833333333332
2026/08/01@14:38:35,1616,0.36565216,26525.8
2026/08/01@14:38:36,1617,0.43869564,26528.766666666666
2026/08/01@14:38:37,1618,0.4178261,26531.733333333334
2026/08/01@14:38:38,1619,0.424347816,26534.7
2026/08/01@14:38:39,1620,0.4373913,26537.666666666668
2026/08/01@14:38:40,1621,0.4373913,26540.633333333335
2026/08/01@14:38:41,1622,0.26347824,26543.6
2026/08/01@14:38:43,1624,0.13652174,26549.533333333333
2026/08/01@14:38:44,1625,0.16782608,26552.5
2026/08/01@14:38:45,1626,0.14956522,26555.466666666667
2026/08/01@14:38:46,1627,0.14130434,26558.433333333334
2026/08/01@14:38:47,1628,0.11,26561.4
2026/08/01@14:38:48,1629,0.15608695,26564.366666666665
2026/08/01@14:38:49,1630,0.12043478,26567.333333333332
2026/08/01@14:38:50,1631,0.09521739,26570.3
2026/08/01@14:38:51,1632,0.22826088,26573.266666666666
2026/08/01@14:38:52,1633,0.31391304,26576.233333333334
2026/08/01@14:38:53,1634,0.3421739,26579.2
2026/08/01@14:38:54,1635,0.16608696,26582.166666666668
2026/08/01@14:38:55,1636,0.24304348,26585.133333333335
2026/08/01@14:38:57,1638,0.27695652,26591.066666666666
2026/08/01@14:38:58,1639,0.32130436,26594.033333333333
2026/08/01@14:38:59,1640,0.3352174,26597.0
2026/08/01@14:39:00,1641,0.36043476,26600.064516129034
2026/08/01@14:39:01,1642,0.26565218,26603.129032258064
2026/08/01@14:39:02,1643,0.21086956,26606.1935483871
2026/08/01@14:39:03,1644,0.3247826,26609.25806451613
2026/08/01@14:39:04,1645,0.28565216,26612.322580645163
2026/08/01@14:39:05,1646,0.3352174,26615.387096774193
2026/08/01@14:39:06,1647,0.38434784,26618.451612903227
2026/08/01@14:39:07,1648,0.35347824,26621.516129032258
2026/08/01@14:39:08,1649,0.3652174,26624.58064516129
2026/08/01@14:39:10,1651,0.3647826,26630.709677419356
2026/08/01@14:39:11,1652,0.34695652,26633.774193548386
2026/08/01@14:39:12,1653,0.5282609,26636.83870967742
2026/08/01@14:39:13,1654,0.5030435,26639.90322580645
2026/08/01@14:39:14,1655,0.35391304,26642.967741935485
2026/08/01@14:39:15,1656,0.3721739,26646.032258064515
2026/08/01@14:39:16,1657,0.28434784,26649.09677419355
2026/08/01@14:39:17,1658,0.1226087,26652.16129032258
2026/08/01@14:39:18,1659,0.25304348,26655.225806451614
2026/08/01@14:39:19,1660,0.28434784,26658.290322580644
2026/08/01@14:39:20,1661,0.28,26661.354838709678
2026/08/01@14:39:21,1662,0.12782608,26664.41935483871
2026/08/01@14:39:23,1664,0.14043478,26670.548387096773
2026/08/01@14:39:24,1665,0.31652172,26673.612903225807
2026/08/01@14:39:25,1666,0.38608696,26676.677419354837
2026/08/01@14:39:26,1667,0.45086956,26679.74193548387
2026/08/01@14:39:27,1668,0.4095652,26682.8064516129
2026/08/01@14:39:28,1669,0.35347824,26685.870967741936
2026/08/01@14:39:29,1670,0.31608696,26688.935483870966
2026/08/01@14:39:30,1671,0.28608696,26692.0
2026/08/01@14:39:31,1672,0.32347824,26695.129032258064
2026/08/01@14:39:32,1673,0.3778261,26698.25806451613
2026/08/01@14:39:33,1674,0.375217368,26701.387096774193
2026/08/01@14:39:34,1675,0.4073913,26704.516129032258
2026/08/01@14:39:36,1677,0.4552174,26710.774193548386
2026/08/01@14:39:37,1678,0.36739132,26713.90322580645
2026/08/01@14:39:38,1679,0.39913044,26717.032258064515
2026/08/01@14:39:39,1680,0.54347824,26720.16129032258
2026/08/01@14:39:40,1681,0.5078261,26723.290322580644
2026/08/01@14:39:41,1682,0.3478261,26726.41935483871
2026/08/01@14:39:42,1683,0.3973913,26729.548387096773
2026/08/01@14:39:43,1684,0.37391304,26732.677419354837
2026/08/01@14:39:44,1685,0.13391304,26735.8064516129
2026/08/01@14:39:45,1686,0.16478262,26738.935483870966
2026/08/01@14:39:46,1687,0.16173912,26742.064516129034
2026/08/01@14:39:47,1688,0.27652174,26745.1935483871
2026/08/01@14:39:49,1690,0.10521739,26751.451612903227
2026/08/01@14:39:50,1691,0.33130434,26754.58064516129
2026/08/01@14:39:51,1692,0.3973913,26757.709677419356
2026/08/01@14:39:52,1693,0.34826088,26760.83870967742
2026/08/01@14:39:53,1694,0.3252174,26763.967741935485
2026/08/01@14:39:54,1695,0.29173914,26767.09677419355
2026/08/01@14:39:55,1696,0.380434784,26770.225806451614
2026/08/01@14:39:56,1697,0.30652174,26773.354838709678
2026/08/01@14:39:57,1698,0.11260869,26776.483870967742
2026/08/01@14:39:58,1699,0.3104348,26779.612903225807
2026/08/01@14:39:59,1700,0.3647826,26782.74193548387
2026/08/01@14:40:00,1701,0.39608696,26785.870967741936
2026/08/01@14:40:02,1702,0.4021739,26792.366666666665
2026/08/01@14:40:03,1704,0.27652174,26795.733333333334
2026/08/01@14:40:04,1705,0.30391306,26799.1
2026/08/01@14:40:05,1706,0.14913044,26802.466666666667
2026/08/01@14:40:06,1707,0.208695652,26805.833333333332
2026/08/01@14:40:07,1708,0.22956522,26809.2
2026/08/01@14:40:08,1709,0.21956522,26812.566666666666
2026/08/01@14:40:09,1710,0.10869565,26815.933333333334
2026/08/01@14:40:10,1711,0.20608696,26819.3
2026/08/01@14:40:11,1712,0.09521739,26822.666666666668
2026/08/01@14:40:12,1713,0.2595652,26826.033333333333
2026/08/01@14:40:13,1714,0.29869564,26829.4
2026/08/01@14:40:14,1715,0.27913044,26832.766666666666
2026/08/01@14:40:16,1717,0.15782608,26839.5
2026/08/01@14:40:17,1718,0.112173912,26842.866666666665
2026/08/01@14:40:18,1719,0.2952174,26846.233333333334
2026/08/01@14:40:19,1720,0.448695636,26849.6
2026/08/01@14:40:20,1721,0.51608692,26852.966666666667
2026/08/01@14:40:21,1722,0.45608696,26856.333333333332
2026/08/01@14:40:22,1723,0.5030435,26859.7
2026/08/01@14:40:23,1724,0.49913044,26863.066666666666
2026/08/01@14:40:24,1725,0.47391304,26866.433333333334
2026/08/01@14:40:25,1726,0.50956524,26869.8
2026/08/01@14:40:26,1727,0.3347826,26873.166666666668
2026/08/01@14:40:27,1728,0.3773913,26876.533333333333
2026/08/01@14:40:29,1730,0.3930435,26883.266666666666
2026/08/01@14:40:30,1731,0.32913044,26886.633333333335
2026/08/01@14:40:31,1732,0.38391304,26890.0
2026/08/01@14:40:32,1733,0.37608696,26893.387096774193
2026/08/01@14:40:33,1734,0.404782632,26896.774193548386
2026/08/01@14:40:34,1735,0.36913044,26900.16129032258
2026/08/01@14:40:35,1736,0.30913044,26903.548387096773
2026/08/01@14:40:36,1737,0.12347826,26906.935483870966
2026/08/01@14:40:37,1738,0.10391305,26910.322580645163
2026/08/01@14:40:38,1739,0.14086956,26913.709677419356
2026/08/01@14:40:39,1740,0.19652174,26917.09677419355
2026/08/01@14:40:40,1741,0.2773913,26920.483870967742
2026/08/01@14:40:42,1743,0.29217392,26927.25806451613
2026/08/01@14:40:43,1744,0.37434784,26930.645161290322
2026/08/01@14:40:44,1745,0.4395652,26934.032258064515
2026/08/01@14:40:45,1746,0.43391304,26937.41935483871
2026/08/01@14:40:46,1747,0.44913044,26940.8064516129
2026/08/01@14:40:47,1748,0.43130434,26944.1935483871
2026/08/01@14:40:48,1749,0.440434784,26947.58064516129
2026/08/01@14:40:49,1750,0.3773913,26950.967741935485
2026/08/01@14:40:50,1751,0.43130434,26954.354838709678
2026/08/01@14:40:51,1752,0.53,26957.74193548387
2026/08/01@14:40:52,1753,0.336521736,26961.129032258064
2026/08/01@14:40:53,1754,0.355652184,26964.516129032258
2026/08/01@14:40:55,1756,0.484347816,26971.290322580644
2026/08/01@14:40:56,1757,0.38782608,26974.677419354837
2026/08/01@14:40:57,1758,0.27913044,26978.064516129034
2026/08/01@14:40:58,1759,0.25652172,26981.451612903227
2026/08/01@14:40:59,1760,0.33130434,26984.83870967742
2026/08/01@14:41:00,1761,0.38434784,26988.225806451614
2026/08/01@14:41:01,1762,0.45391304,26991.612903225807
2026/08/01@14:41:02,1763,0.411739136,26995.0
2026/08/01@14:41:03,1764,0.3930435,26998.266666666666
2026/08/01@14:41:04,1765,0.38217392,27001.533333333333
2026/08/01@14:41:05,1766,0.27695652,27004.8
2026/08/01@14:41:06,1767,0.236086936,27008.066666666666
2026/08/01@14:41:08,1769,0.16304348,27014.6
2026/08/01@14:41:09,1770,0.4,27017.866666666665
2026/08/01@14:41:10,1771,0.5643478,27021.133333333335
2026/08/01@14:41:11,1772,0.44391304,27024.4
2026/08/01@14:41:12,1773,0.42347828,27027.666666666668
2026/08/01@14:41:13,1774,0.4078261,27030.933333333334
2026/08/01@14:41:14,1775,0.44826088,27034.2
2026/08/01@14:41:15,1776,0.4452174,27037.466666666667
2026/08/01@14:41:16,1777,0.5626087,27040.733333333334
2026/08/01@14:41:17,1778,0.4152174,27044.0
2026/08/01@14:41:18,1779,0.32782608,27047.266666666666
2026/08/01@14:41:19,1780,0.10347826,27050.533333333333
2026/08/01@14:41:21,1782,0.10521739,27057.066666666666
2026/08/01@14:41:22,1783,0.23956522,27060.333333333332
2026/08/01@14:41:23,1784,0.30130434,27063.6
2026/08/01@14:41:24,1785,0.42608696,27066.866666666665
2026/08/01@14:41:25,1786,0.343478268,27070.133333333335
2026/08/01@14:41:26,1787,0.46391304,27073.4
2026/08/01@14:41:27,1788,0.38913044,27076.666666666668
2026/08/01@14:41:28,1789,0.3043478,27079.933333333334
2026/08/01@14:41:29,1790,0.14913044,27083.2
2026/08/01@14:41:30,1791,0.33695652,27086.466666666667
2026/08/01@14:41:31,1792,0.31391304,27089.733333333334
2026/08/01@14:41:32,1793,0.3773913,27093.0
2026/08/01@14:41:34,1795,0.4095652,27099.064516129034
2026/08/01@14:41:35,1796,0.38130436,27102.09677419355
2026/08/01@14:41:36,1797,0.429565216,27105.129032258064
2026/08/01@14:41:37,1798,0.43391304,27108.16129032258
2026/08/01@14:41:38,1799,0.4721739,27111.1935483871
2026/08/01@14:41:39,1800,0.3926087,27114.225806451614
2026/08/01@14:41:40,1801,0.42086956,27117.25806451613
2026/08/01@14:41:41,1802,0.35,27120.290322580644
2026/08/01@14:41:42,1803,0.14217392,27123.322580645163
2026/08/01@14:41:43,1804,0.336521736,27126.354838709678
2026/08/01@14:41:44,1805,0.39086956,27129.387096774193
2026/08/01@14:41:45,1806,0.406521736,27132.41935483871
2026/08/01@14:41:47,1808,0.4252174,27138.483870967742
2026/08/01@14:41:48,1809,0.370869568,27141.516129032258
2026/08/01@14:41:49,1810,0.39608696,27144.548387096773
2026/08/01@14:41:50,1811,0.18304348,27147.58064516129
2026/08/01@14:41:51,1812,0.16869566,27150.612903225807
2026/08/01@14:41:52,1813,0.339565216,27153.645161290322
2026/08/01@14:41:53,1814,0.3573913,27156.677419354837
2026/08/01@14:41:54,1815,0.51869568,27159.709677419356
2026/08/01@14:41:55,1816,0.47695652,27162.74193548387
2026/08/01@14:41:56,1817,0.3195652,27165.774193548386
2026/08/01@14:41:57,1818,0.424347816,27168.8064516129
2026/08/01@14:41:58,1819,0.195652176,27171.83870967742
2026/08/01@14:42:00,1821,0.2630435,27177.90322580645
2026/08/01@14:42:01,1822,0.406521736,27180.935483870966
2026/08/01@14:42:02,1823,0.34,27183.967741935485
2026/08/01@14:42:03,1824,0.394347816,27187.0
2026/08/01@14:42:04,1825,0.39782608,27189.939393939392
2026/08/01@14:42:05,1826,0.40391304,27192.878787878788
2026/08/01@14:42:06,1827,0.44391304,27195.81818181818
2026/08/01@14:42:07,1828,0.3421739,27198.757575757576
2026/08/01@14:42:08,1829,0.351739136,27201.696969696968
2026/08/01@14:42:09,1830,0.212173908,27204.636363636364
2026/08/01@14:42:10,1831,0.27,27207.575757575756
2026/08/01@14:42:11,1832,0.3121739,27210.515151515152
2026/08/01@14:42:13,1834,0.34130436,27216.39393939394
2026/08/01@14:42:14,1835,0.43347828,27219.333333333332
2026/08/01@14:42:15,1836,0.355652184,27222.272727272728
2026/08/01@14:42:16,1837,0.30130434,27225.21212121212
2026/08/01@14:42:17,1838,0.339565216,27228.151515151516
2026/08/01@14:42:18,1839,0.28391304,27231.090909090908
2026/08/01@14:42:19,1840,0.16130436,27234.030303030304
2026/08/01@14:42:20,1841,0.244782608,27236.969696969696
2026/08/01@14:42:21,1842,0.38913044,27239.909090909092
2026/08/01@14:42:22,1843,0.4347826,27242.848484848484
2026/08/01@14:42:23,1844,0.43695652,27245.78787878788
2026/08/01@14:42:24,1845,0.17391304,27248.727272727272
2026/08/01@14:42:26,1847,0.14043478,27254.60606060606
2026/08/01@14:42:27,1848,0.12869565,27257.545454545456
2026/08/01@14:42:28,1849,0.11,27260.484848484848
2026/08/01@14:42:29,1850,0.27869564,27263.424242424244
2026/08/01@14:42:30,1851,0.27391306,27266.363636363636
2026/08/01@14:42:31,1852,0.41347826,27269.303030303032
2026/08/01@14:42:32,1853,0.43,27272.242424242424
2026/08/01@14:42:33,1854,0.440434784,27275.18181818182
2026/08/01@14:42:34,1855,0.399565216,27278.121212121212
2026/08/01@14:42:35,1856,0.39217392,27281.060606060608
2026/08/01@14:42:36,1857,0.27,27284.0
2026/08/01@14:42:37,1858,0.25434784,27286.9
2026/08/01@14:42:39,1859,0.38434784,27292.7
2026/08/01@14:42:40,1861,0.456956536,27295.6
2026/08/01@14:42:41,1862,0.40565216,27298.5
2026/08/01@14:42:42,1863,0.42086956,27301.4
2026/08/01@14:42:43,1864,0.38130436,27304.3
2026/08/01@14:42:44,1865,0.31478262,27307.2
2026/08/01@14:42:45,1866,0.3043478,27310.1
2026/08/01@14:42:46,1867,0.32913044,27313.0
2026/08/01@14:42:47,1868,0.368260868,27315.9
2026/08/01@14:42:48,1869,0.45,27318.8
2026/08/01@14:42:49,1870,0.37434784,27321.7
2026/08/01@14:42:50,1871,0.35130436,27324.6
2026/08/01@14:42:52,1872,0.358695636,27330.4
2026/08/01@14:42:53,1874,0.3173913,27333.3
2026/08/01@14:42:54,1875,0.32347824,27336.2
2026/08/01@14:42:55,1876,0.29347824,27339.1
2026/08/01@14:42:56,1877,0.21695652,27342.0
2026/08/01@14:42:57,1878,0.15652174,27344.9
2026/08/01@14:42:58,1879,0.13043478,27347.8
2026/08/01@14:42:59,1880,0.2426087,27350.7
2026/08/01@14:43:00,1881,0.3404348,27353.6
2026/08/01@14:43:01,1882,0.3573913,27356.5
2026/08/01@14:43:02,1883,0.3026087,27359.4
2026/08/01@14:43:03,1884,0.21695652,27362.3
2026/08/01@14:43:04,1885,0.15608695,27365.2
2026/08/01@14:43:06,1887,0.10347826,27371.0
2026/08/01@14:43:07,1888,0.3347826,27373.90322580645
2026/08/01@14:43:08,1889,0.33608696,27376.8064516129
2026/08/01@14:43:09,1890,0.40434784,27379.709677419356
2026/08/01@14:43:10,1891,0.23434782,27382.612903225807
2026/08/01@14:43:11,1892,0.23086956,27385.516129032258
2026/08/01@14:43:12,1893,0.4373913,27388.41935483871
2026/08/01@14:43:13,1894,0.43826088,27391.322580645163
2026/08/01@14:43:14,1895,0.4095652,27394.225806451614
2026/08/01@14:43:15,1896,0.2652174,27397.129032258064
2026/08/01@14:43:16,1897,0.12869565,27400.032258064515
2026/08/01@14:43:17,1898,0.3926087,27402.935483870966
2026/08/01@14:43:19,1900,0.476086936,27408.74193548387
2026/08/01@14:43:20,1901,0.3873913,27411.645161290322
2026/08/01@14:43:21,1902,0.3778261,27414.548387096773
2026/08/01@14:43:22,1903,0.34608696,27417.451612903227
2026/08/01@14:43:23,1904,0.38391304,27420.354838709678
2026/08/01@14:43:24,1905,0.26913044,27423.25806451613
2026/08/01@14:43:25,1906,0.10478261,27426.16129032258
2026/08/01@14:43:26,1907,0.25826088,27429.064516129034
2026/08/01@14:43:27,1908,0.4,27431.967741935485
2026/08/01@14:43:28,1909,0.5247826,27434.870967741936
2026/08/01@14:43:29,1910,0.4026087,27437.774193548386
2026/08/01@14:43:30,1911,0.42347828,27440.677419354837
2026/08/01@14:43:32,1913,0.4169565,27446.483870967742
2026/08/01@14:43:33,1914,0.3947826,27449.387096774193
2026/08/01@14:43:34,1915,0.4678261,27452.290322580644
2026/08/01@14:43:35,1916,0.38130436,27455.1935483871
2026/08/01@14:43:36,1917,0.31652172,27458.09677419355
2026/08/01@14:43:37,1918,0.28565216,27461.0
2026/08/01@14:43:38,1919,0.36913044,27463.7
2026/08/01@14:43:39,1920,0.29869564,27466.4
2026/08/01@14:43:40,1921,0.4021739,27469.1
2026/08/01@14:43:41,1922,0.435217368,27471.8
2026/08/01@14:43:42,1923,0.31913042,27474.5
2026/08/01@14:43:43,1924,0.39391304,27477.2
2026/08/01@14:43:45,1926,0.41652172,27482.6
2026/08/01@14:43:46,1927,0.36347828,27485.3
2026/08/01@14:43:47,1928,0.34304348,27488.0
2026/08/01@14:43:48,1929,0.2804348,27490.7
2026/08/01@14:43:49,1930,0.12043478,27493.4
2026/08/01@14:43:50,1931,0.175217392,27496.1
2026/08/01@14:43:51,1932,0.3973913,27498.8
2026/08/01@14:43:52,1933,0.3726087,27501.5
2026/08/01@14:43:53,1934,0.40826088,27504.2
2026/08/01@14:43:54,1935,0.4,27506.9
2026/08/01@14:43:55,1936,0.40304348,27509.6
2026/08/01@14:43:56,1937,0.31391304,27512.3
2026/08/01@14:43:58,1939,0.2673913,27517.7
2026/08/01@14:43:59,1940,0.2821739,27520.4
2026/08/01@14:44:00,1941,0.18695652,27523.1
2026/08/01@14:44:01,1942,0.28869566,27525.8
2026/08/01@14:44:02,1943,0.43565216,27528.5
2026/08/01@14:44:03,1944,0.45086956,27531.2
2026/08/01@14:44:04,1945,0.375217368,27533.9
2026/08/01@14:44:05,1946,0.25304348,27536.6
2026/08/01@14:44:06,1947,0.09826087,27539.3
2026/08/01@14:44:07,1948,0.3330435,27542.0
2026/08/01@14:44:08,1949,0.32173914,27545.0
2026/08/01@14:44:09,1950,0.404782632,27548.0
2026/08/01@14:44:11,1952,0.37,27554.0
2026/08/01@14:44:12,1953,0.46913044,27557.0
2026/08/01@14:44:13,1954,0.38217392,27560.0
2026/08/01@14:44:14,1955,0.39391304,27563.0
2026/08/01@14:44:15,1956,0.38782608,27566.0
2026/08/01@14:44:16,1957,0.30608696,27569.0
2026/08/01@14:44:17,1958,0.20086956,27572.0
2026/08/01@14:44:18,1959,0.10478261,27575.0
2026/08/01@14:44:19,1960,0.14565218,27578.0
2026/08/01@14:44:20,1961,0.11956522,27581.0
2026/08/01@14:44:21,1962,0.187391316,27584.0
2026/08/01@14:44:22,1963,0.116956532,27587.0
2026/08/01@14:44:24,1965,0.12956522,27593.0
2026/08/01@14:44:25,1966,0.28608696,27596.0
2026/08/01@14:44:26,1967,0.094782608,27599.0
2026/08/01@14:44:27,1968,0.19043478,27602.0
2026/08/01@14:44:28,1969,0.08869565,27605.0
2026/08/01@14:44:29,1970,0.32826088,27608.0
2026/08/01@14:44:30,1971,0.25,27611.0
2026/08/01@14:44:31,1972,0.3795652,27614.0
2026/08/01@14:44:32,1973,0.34869568,27617.0
2026/08/01@14:44:33,1974,0.32304348,27620.0
2026/08/01@14:44:34,1975,0.22478262,27623.0
2026/08/01@14:44:35,1976,0.09217391,27626.0
2026/08/01@14:44:37,1978,0.09913044,27632.0
2026/08/01@14:44:38,1979,0.26565218,27635.0
2026/08/01@14:44:39,1980,0.100869568,27638.032258064515
2026/08/01@14:44:40,1981,0.25608696,27641.064516129034
2026/08/01@14:44:41,1982,0.10391305,27644.09677419355
2026/08/01@14:44:42,1983,0.27565216,27647.129032258064
2026/08/01@14:44:43,1984,0.09652174,27650.16129032258
2026/08/01@14:44:44,1985,0.10652174,27653.1935483871
2026/08/01@14:44:45,1986,0.29608696,27656.225806451614
2026/08/01@14:44:46,1987,0.25869566,27659.25806451613
2026/08/01@14:44:47,1988,0.18391304,27662.290322580644
2026/08/01@14:44:48,1989,0.18043478,27665.322580645163
2026/08/01@14:44:50,1990,0.1173913,27671.387096774193
2026/08/01@14:44:51,1992,0.16347826,27674.41935483871
2026/08/01@14:44:52,1993,0.10695652,27677.451612903227
2026/08/01@14:44:53,1994,0.30086956,27680.483870967742
2026/08/01@14:44:54,1995,0.11086956,27683.516129032258
2026/08/01@14:44:55,1996,0.09826087,27686.548387096773
2026/08/01@14:44:56,1997,0.23173914,27689.58064516129
2026/08/01@14:44:57,1998,0.34869568,27692.612903225807
2026/08/01@14:44:58,1999,0.398260868,27695.645161290322
2026/08/01@14:44:59,2000,0.47304348,27698.677419354837
2026/08/01@14:45:00,2001,0.40565216,27701.709677419356
2026/08/01@14:45:01,2002,0.3195652,27704.74193548387
2026/08/01@14:45:02,2003,0.12217391,27707.774193548386
2026/08/01@14:45:04,2005,0.33869564,27713.83870967742
2026/08/01@14:45:05,2006,0.42652176,27716.870967741936
2026/08/01@14:45:06,2007,0.4452174,27719.90322580645
2026/08/01@14:45:07,2008,0.29956524,27722.935483870966
2026/08/01@14:45:08,2009,0.16086957,27725.967741935485
2026/08/01@14:45:09,2010,0.418695636,27729.0
2026/08/01@14:45:10,2011,0.4226087,27732.466666666667
2026/08/01@14:45:11,2012,0.3926087,27735.933333333334
2026/08/01@14:45:12,2013,0.3421739,27739.4
2026/08/01@14:45:13,2014,0.18565216,27742.866666666665
2026/08/01@14:45:14,2015,0.29217392,27746.333333333332
2026/08/01@14:45:15,2016,0.3195652,27749.8
2026/08/01@14:45:17,2018,0.409130432,27756.733333333334
2026/08/01@14:45:18,2019,0.3795652,27760.2
2026/08/01@14:45:19,2020,0.36739132,27763.666666666668
2026/08/01@14:45:20,2021,0.30608696,27767.133333333335
2026/08/01@14:45:21,2022,0.38608696,27770.6
2026/08/01@14:45:22,2023,0.40565216,27774.066666666666
2026/08/01@14:45:23,2024,0.4147826,27777.533333333333
2026/08/01@14:45:24,2025,0.4247826,27781.0
2026/08/01@14:45:25,2026,0.34173912,27784.466666666667
2026/08/01@14:45:26,2027,0.107391304,27787.933333333334
2026/08/01@14:45:27,2028,0.09739131,27791.4
2026/08/01@14:45:29,2030,0.2078261,27798.333333333332
2026/08/01@14:45:30,2031,0.3043478,27801.8
2026/08/01@14:45:31,2032,0.39652176,27805.266666666666
2026/08/01@14:45:32,2033,0.406521736,27808.733333333334
2026/08/01@14:45:33,2034,0.3178261,27812.2
2026/08/01@14:45:34,2035,0.43130434,27815.666666666668
2026/08/01@14:45:35,2036,0.3930435,27819.133333333335
2026/08/01@14:45:36,2037,0.27,27822.6
2026/08/01@14:45:37,2038,0.2073913,27826.066666666666
2026/08/01@14:45:38,2039,0.115652176,27829.533333333333
2026/08/01@14:45:39,2040,0.411739136,27833.0
2026/08/01@14:45:40,2041,0.5373913,27836.032258064515
2026/08/01@14:45:42,2042,0.40304348,27842.09677419355
2026/08/01@14:45:43,2044,0.2504348,27845.129032258064
2026/08/01@14:45:44,2045,0.13913043,27848.16129032258
2026/08/01@14:45:45,2046,0.2504348,27851.1935483871
2026/08/01@14:45:46,2047,0.34695652,27854.225806451614
2026/08/01@14:45:47,2048,0.36695652,27857.25806451613
2026/08/01@14:45:48,2049,0.33869564,27860.290322580644
2026/08/01@14:45:49,2050,0.33,27863.322580645163
2026/08/01@14:45:50,2051,0.09304348,27866.354838709678
2026/08/01@14:45:51,2052,0.10347826,27869.387096774193
2026/08/01@14:45:52,2053,0.391304352,27872.41935483871
2026/08/01@14:45:53,2054,0.39565218,27875.451612903227
2026/08/01@14:45:54,2055,0.40434784,27878.483870967742
2026/08/01@14:45:56,2057,0.33173912,27884.548387096773
2026/08/01@14:45:57,2058,0.35,27887.58064516129
2026/08/01@14:45:58,2059,0.3569565,27890.612903225807
2026/08/01@14:45:59,2060,0.51869568,27893.645161290322
2026/08/01@14:46:00,2061,0.424347816,27896.677419354837
2026/08/01@14:46:01,2062,0.31130436,27899.709677419356
2026/08/01@14:46:02,2063,0.2647826,27902.74193548387
2026/08/01@14:46:03,2064,0.10869565,27905.774193548386
2026/08/01@14:46:04,2065,0.25434784,27908.8064516129
2026/08/01@14:46:05,2066,0.23173914,27911.83870967742
2026/08/01@14:46:06,2067,0.3126087,27914.870967741936
2026/08/01@14:46:07,2068,0.14956522,27917.90322580645
2026/08/01@14:46:09,2070,0.227826092,27923.967741935485
2026/08/01@14:46:10,2071,0.339565216,27927.0
2026/08/01@14:46:11,2072,0.398260868,27930.4
2026/08/01@14:46:12,2073,0.4552174,27933.8
2026/08/01@14:46:13,2074,0.4152174,27937.2
2026/08/01@14:46:14,2075,0.418695636,27940.6
2026/08/01@14:46:15,2076,0.44130436,27944.0
2026/08/01@14:46:16,2077,0.458260868,27947.4
2026/08/01@14:46:17,2078,0.54913044,27950.8
2026/08/01@14:46:18,2079,0.36,27954.2
2026/08/01@14:46:19,2080,0.3873913,27957.6
2026/08/01@14:46:20,2081,0.25434784,27961.0
2026/08/01@14:46:22,2083,0.11173913,27967.8
2026/08/01@14:46:23,2084,0.09521739,27971.2
2026/08/01@14:46:24,2085,0.31304348,27974.6
2026/08/01@14:46:25,2086,0.44826088,27978.0
2026/08/01@14:46:26,2087,0.41086956,27981.4
2026/08/01@14:46:27,2088,0.4304348,27984.8
2026/08/01@14:46:28,2089,0.44826088,27988.2
2026/08/01@14:46:29,2090,0.38260868,27991.6
2026/08/01@14:46:30,2091,0.37434784,27995.0
2026/08/01@14:46:31,2092,0.24347826,27998.4
2026/08/01@14:46:32,2093,0.08869565,28001.8
2026/08/01@14:46:33,2094,0.09391304,28005.2
2026/08/01@14:46:35,2096,0.11173913,28012.0
2026/08/01@14:46:36,2097,0.2826087,28015.4
2026/08/01@14:46:37,2098,0.3721739,28018.8
2026/08/01@14:46:38,2099,0.36391304,28022.2
2026/08/01@14:46:39,2100,0.45043476,28025.6
2026/08/01@14:46:40,2101,0.448695636,28029.0
2026/08/01@14:46:41,2102,0.45913044,28031.83870967742
2026/08/01@14:46:42,2103,0.42086956,28034.677419354837
2026/08/01@14:46:43,2104,0.39782608,28037.516129032258
2026/08/01@14:46:44,2105,0.39086956,28040.354838709678
2026/08/01@14:46:45,2106,0.4230435,28043.1935483871
2026/08/01@14:46:46,2107,0.26869564,28046.032258064515
2026/08/01@14:46:48,2109,0.32347824,28051.709677419356
2026/08/01@14:46:49,2110,0.24652174,28054.548387096773
2026/08/01@14:46:50,2111,0.11608696,28057.387096774193
2026/08/01@14:46:51,2112,0.11173913,28060.225806451614
2026/08/01@14:46:52,2113,0.15173914,28063.064516129034
2026/08/01@14:46:53,2114,0.13956522,28065.90322580645
2026/08/01@14:46:54,2115,0.3021739,28068.74193548387
2026/08/01@14:46:55,2116,0.3126087,28071.58064516129
2026/08/01@14:46:56,2117,0.23434782,28074.41935483871
2026/08/01@14:46:57,2118,0.1626087,28077.25806451613
2026/08/01@14:46:58,2119,0.07521739,28080.09677419355
2026/08/01@14:46:59,2120,0.14826088,28082.935483870966
2026/08/01@14:47:01,2122,0.09043478,28088.612903225807
2026/08/01@14:47:02,2123,0.32652172,28091.451612903227
2026/08/01@14:47:03,2124,0.42173912,28094.290322580644
2026/08/01@14:47:04,2125,0.47086956,28097.129032258064
2026/08/01@14:47:05,2126,0.398260868,28099.967741935485
2026/08/01@14:47:06,2127,0.32608696,28102.8064516129
2026/08/01@14:47:07,2128,0.20565218,28105.645161290322
2026/08/01@14:47:08,2129,0.28173912,28108.483870967742
2026/08/01@14:47:09,2130,0.3869565,28111.322580645163
2026/08/01@14:47:10,2131,0.4773913,28114.16129032258
2026/08/01@14:47:11,2132,0.42695652,28117.0
2026/08/01@14:47:12,2133,0.31652172,28119.870967741936
2026/08/01@14:47:14,2135,0.194347824,28125.612903225807
2026/08/01@14:47:15,2136,0.31608696,28128.483870967742
2026/08/01@14:47:16,2137,0.34173912,28131.354838709678
2026/08/01@14:47:17,2138,0.3721739,28134.225806451614
2026/08/01@14:47:18,2139,0.4321739,28137.09677419355
2026/08/01@14:47:19,2140,0.42173912,28139.967741935485
2026/08/01@14:47:20,2141,0.4778261,28142.83870967742
2026/08/01@14:47:21,2142,0.45913044,28145.709677419356
2026/08/01@14:47:22,2143,0.4604348,28148.58064516129
2026/08/01@14:47:23,2144,0.355652184,28151.451612903227
2026/08/01@14:47:24,2145,0.380434784,28154.322580645163
2026/08/01@14:47:25,2146,0.344782632,28157.1935483871
2026/08/01@14:47:27,2148,0.32652172,28162.935483870966
2026/08/01@14:47:28,2149,0.3552174,28165.8064516129
2026/08/01@14:47:29,2150,0.385652184,28168.677419354837
2026/08/01@14:47:30,2151,0.474782632,28171.548387096773
2026/08/01@14:47:31,2152,0.43304348,28174.41935483871
2026/08/01@14:47:32,2153,0.40565216,28177.290322580644
2026/08/01@14:47:33,2154,0.2595652,28180.16129032258
2026/08/01@14:47:34,2155,0.15652174,28183.032258064515
2026/08/01@14:47:35,2156,0.28391304,28185.90322580645
2026/08/01@14:47:36,2157,0.1373913,28188.774193548386
2026/08/01@14:47:37,2158,0.11086956,28191.645161290322
2026/08/01@14:47:38,2159,0.2526087,28194.516129032258
2026/08/01@14:47:40,2161,0.31652172,28200.25806451613
2026/08/01@14:47:41,2162,0.32434782,28203.129032258064
2026/08/01@14:47:42,2163,0.3852174,28206.0
2026/08/01@14:47:43,2164,0.409130432,28208.733333333334
2026/08/01@14:47:44,2165,0.4321739,28211.466666666667
2026/08/01@14:47:45,2166,0.4152174,28214.2
2026/08/01@14:47:46,2167,0.3926087,28216.933333333334
2026/08/01@14:47:47,2168,0.44130436,28219.666666666668
2026/08/01@14:47:48,2169,0.4178261,28222.4
2026/08/01@14:47:49,2170,0.385652184,28225.133333333335
2026/08/01@14:47:50,2171,0.40130432,28227.866666666665
2026/08/01@14:47:51,2172,0.399565216,28230.6
2026/08/01@14:47:53,2174,0.4152174,28236.066666666666
2026/08/01@14:47:54,2175,0.41,28238.8
2026/08/01@14:47:55,2176,0.3930435,28241.533333333333
2026/08/01@14:47:56,2177,0.26130436,28244.266666666666
2026/08/01@14:47:57,2178,0.42,28247.0
2026/08/01@14:47:58,2179,0.3173913,28249.733333333334
2026/08/01@14:47:59,2180,0.2773913,28252.466666666667
2026/08/01@14:48:00,2181,0.10652174,28255.2
2026/08/01@14:48:01,2182,0.20347826,28257.933333333334
2026/08/01@14:48:02,2183,0.3043478,28260.666666666668
2026/08/01@14:48:03,2184,0.375217368,28263.4
2026/08/01@14:48:04,2185,0.3404348,28266.133333333335
2026/08/01@14:48:05,2186,0.4021739,28268.866666666665
2026/08/01@14:48:07,2188,0.43869564,28274.333333333332
2026/08/01@14:48:08,2189,0.44,28277.066666666666
2026/08/01@14:48:09,2190,0.39565218,28279.8
2026/08/01@14:48:10,2191,0.411739136,28282.533333333333
2026/08/01@14:48:11,2192,0.34695652,28285.266666666666
2026/08/01@14:48:12,2193,0.3247826,28288.0
2026/08/01@14:48:13,2194,0.14782609,28290.516129032258
2026/08/01@14:48:14,2195,0.31391304,28293.032258064515
2026/08/01@14:48:15,2196,0.46173912,28295.548387096773
2026/08/01@14:48:16,2197,0.400869568,28298.064516129034
2026/08/01@14:48:17,2198,0.41956524,28300.58064516129
2026/08/01@14:48:18,2199,0.32,28303.09677419355
2026/08/01@14:48:20,2201,0.09521739,28308.129032258064
2026/08/01@14:48:21,2202,0.29043478,28310.645161290322
2026/08/01@14:48:22,2203,0.375217368,28313.16129032258
2026/08/01@14:48:23,2204,0.4073913,28315.677419354837
2026/08/01@14:48:24,2205,0.45217392,28318.1935483871
2026/08/01@14:48:25,2206,0.46173912,28320.709677419356
2026/08/01@14:48:26,2207,0.35347824,28323.225806451614
2026/08/01@14:48:27,2208,0.36043476,28325.74193548387
2026/08/01@14:48:28,2209,0.3178261,28328.25806451613
2026/08/01@14:48:29,2210,0.12695652,28330.774193548386
2026/08/01@14:48:30,2211,0.09347826,28333.290322580644
2026/08/01@14:48:31,2212,0.37,28335.8064516129
2026/08/01@14:48:33,2214,0.45086956,28340.83870967742
2026/08/01@14:48:34,2215,0.32652172,28343.354838709678
2026/08/01@14:48:35,2216,0.29173914,28345.870967741936
2026/08/01@14:48:36,2217,0.190869568,28348.387096774193
2026/08/01@14:48:37,2218,0.233913052,28350.90322580645
2026/08/01@14:48:38,2219,0.38391304,28353.41935483871
2026/08/01@14:48:39,2220,0.3326087,28355.935483870966
2026/08/01@14:48:40,2221,0.43304348,28358.451612903227
2026/08/01@14:48:41,2222,0.38434784,28360.967741935485
2026/08/01@14:48:42,2223,0.48217392,28363.483870967742
2026/08/01@14:48:43,2224,0.4026087,28366.0
2026/08/01@14:48:44,2225,0.40565216,28368.766666666666
2026/08/01@14:48:46,2227,0.42130436,28374.3
2026/08/01@14:48:47,2228,0.45043476,28377.066666666666
2026/08/01@14:48:48,2229,0.4178261,28379.833333333332
2026/08/01@14:48:49,2230,0.47086956,28382.6
2026/08/01@14:48:50,2231,0.416086936,28385.366666666665
2026/08/01@14:48:51,2232,0.358695636,28388.133333333335
2026/08/01@14:48:52,2233,0.3043478,28390.9
2026/08/01@14:48:53,2234,0.110434784,28393.666666666668
2026/08/01@14:48:54,2235,0.2647826,28396.433333333334
2026/08/01@14:48:55,2236,0.24347826,28399.2
2026/08/01@14:48:56,2237,0.29782608,28401.966666666667
2026/08/01@14:48:57,2238,0.32347824,28404.733333333334
2026/08/01@14:48:59,2240,0.30391306,28410.266666666666
2026/08/01@14:49:00,2241,0.13043478,28413.033333333333
2026/08/01@14:49:01,2242,0.26347824,28415.8
2026/08/01@14:49:02,2243,0.27869564,28418.566666666666
2026/08/01@14:49:03,2244,0.3704348,28421.333333333332
2026/08/01@14:49:04,2245,0.3021739,28424.1
2026/08/01@14:49:05,2246,0.33782608,28426.866666666665
2026/08/01@14:49:06,2247,0.32782608,28429.633333333335
2026/08/01@14:49:07,2248,0.2426087,28432.4
2026/08/01@14:49:08,2249,0.11086956,28435.166666666668
2026/08/01@14:49:09,2250,0.10695652,28437.933333333334
2026/08/01@14:49:10,2251,0.09043478,28440.7
2026/08/01@14:49:12,2253,0.25652172,28446.233333333334
2026/08/01@14:49:13,2254,0.39217392,28449.0
2026/08/01@14:49:14,2255,0.43347828,28451.709677419356
2026/08/01@14:49:15,2256,0.33782608,28454.41935483871
2026/08/01@14:49:16,2257,0.36086956,28457.129032258064
2026/08/01@14:49:17,2258,0.11173913,28459.83870967742
2026/08/01@14:49:18,2259,0.08608696,28462.548387096773
2026/08/01@14:49:19,2260,0.27913044,28465.25806451613
2026/08/01@14:49:20,2261,0.3195652,28467.967741935485
2026/08/01@14:49:21,2262,0.4026087,28470.677419354837
2026/08/01@14:49:22,2263,0.59652176,28473.387096774193
2026/08/01@14:49:23,2264,0.40304348,28476.09677419355
2026/08/01@14:49:25,2266,0.208695652,28481.516129032258
2026/08/01@14:49:26,2267,0.12565218,28484.225806451614
2026/08/01@14:49:27,2268,0.28,28486.935483870966
2026/08/01@14:49:28,2269,0.43347828,28489.645161290322
2026/08/01@14:49:29,2270,0.45347824,28492.354838709678
2026/08/01@14:49:30,2271,0.35652172,28495.064516129034
2026/08/01@14:49:31,2272,0.30391306,28497.774193548386
2026/08/01@14:49:32,2273,0.15782608,28500.483870967742
2026/08/01@14:49:33,2274,0.27391306,28503.1935483871
2026/08/01@14:49:34,2275,0.41130436,28505.90322580645
2026/08/01@14:49:35,2276,0.4673913,28508.612903225807
2026/08/01@14:49:36,2277,0.54913044,28511.322580645163
2026/08/01@14:49:38,2278,0.39043476,28516.74193548387
2026/08/01@14:49:39,2280,0.32086956,28519.451612903227
2026/08/01@14:49:40,2281,0.17347826,28522.16129032258
2026/08/01@14:49:41,2282,0.10695652,28524.870967741936
2026/08/01@14:49:42,2283,0.32,28527.58064516129
2026/08/01@14:49:43,2284,0.3047826,28530.290322580644
2026/08/01@14:49:44,2285,0.35304348,28533.0
2026/08/01@14:49:45,2286,0.411739136,28535.766666666666
2026/08/01@14:49:46,2287,0.4169565,28538.533333333333
2026/08/01@14:49:47,2288,0.38086956,28541.3
2026/08/01@14:49:48,2289,0.3947826,28544.066666666666
2026/08/01@14:49:49,2290,0.29608696,28546.833333333332
2026/08/01@14:49:50,2291,0.21565217,28549.6
2026/08/01@14:49:52,2293,0.11782609,28555.133333333335
2026/08/01@14:49:53,2294,0.13391304,28557.9
2026/08/01@14:49:54,2295,0.16130436,28560.666666666668
2026/08/01@14:49:55,2296,0.2926087,28563.433333333334
2026/08/01@14:49:56,2297,0.3178261,28566.2
2026/08/01@14:49:57,2298,0.26043478,28568.966666666667
2026/08/01@14:49:58,2299,0.32347824,28571.733333333334
2026/08/01@14:49:59,2300,0.36217392,28574.5
2026/08/01@14:50:00,2301,0.32304348,28577.266666666666
2026/08/01@14:50:01,2302,0.32608696,28580.033333333333
2026/08/01@14:50:02,2303,0.380434784,28582.8
2026/08/01@14:50:03,2304,0.28869566,28585.566666666666
2026/08/01@14:50:05,2306,0.32652172,28591.1
2026/08/01@14:50:06,2307,0.26391304,28593.866666666665
2026/08/01@14:50:07,2308,0.16869566,28596.633333333335
2026/08/01@14:50:08,2309,0.13478261,28599.4
2026/08/01@14:50:09,2310,0.338260868,28602.166666666668
2026/08/01@14:50:10,2311,0.2952174,28604.933333333334
2026/08/01@14:50:11,2312,0.4447826,28607.7
2026/08/01@14:50:12,2313,0.29608696,28610.466666666667
2026/08/01@14:50:13,2314,0.38217392,28613.233333333334
2026/08/01@14:50:14,2315,0.4026087,28616.0
2026/08/01@14:50:15,2316,0.3647826,28618.90322580645
2026/08/01@14:50:16,2317,0.24173912,28621.8064516129
2026/08/01@14:50:18,2319,0.3343478,28627.612903225807
2026/08/01@14:50:19,2320,0.14304348,28630.516129032258
2026/08/01@14:50:20,2321,0.08956522,28633.41935483871
2026/08/01@14:50:21,2322,0.30913044,28636.322580645163
2026/08/01@14:50:22,2323,0.31652172,28639.225806451614
2026/08/01@14:50:23,2324,0.39782608,28642.129032258064
2026/08/01@14:50:24,2325,0.3195652,28645.032258064515
2026/08/01@14:50:25,2326,0.32608696,28647.935483870966
2026/08/01@14:50:26,2327,0.53,28650.83870967742
2026/08/01@14:50:27,2328,0.48826088,28653.74193548387
2026/08/01@14:50:28,2329,0.4073913,28656.645161290322
2026/08/01@14:50:29,2330,0.4421739,28659.548387096773
2026/08/01@14:50:31,2332,0.4178261,28665.354838709678
2026/08/01@14:50:32,2333,0.38956524,28668.25806451613
2026/08/01@14:50:33,2334,0.39608696,28671.16129032258
2026/08/01@14:50:34,2335,0.391304352,28674.064516129034
2026/08/01@14:50:35,2336,0.448695636,28676.967741935485
2026/08/01@14:50:36,2337,0.3178261,28679.870967741936
2026/08/01@14:50:37,2338,0.31304348,28682.774193548386
2026/08/01@14:50:38,2339,0.3343478,28685.677419354837
2026/08/01@14:50:39,2340,0.2878261,28688.58064516129
2026/08/01@14:50:40,2341,0.3773913,28691.483870967742
2026/08/01@14:50:41,2342,0.38130436,28694.387096774193
2026/08/01@14:50:42,2343,0.4230435,28697.290322580644
2026/08/01@14:50:44,2345,0.42869564,28703.09677419355
2026/08/01@14:50:45,2346,0.4152174,28706.0
2026/08/01@14:50:46,2347,0.5847826,28708.967741935485
2026/08/01@14:50:47,2348,0.32913044,28711.935483870966
2026/08/01@14:50:48,2349,0.38086956,28714.90322580645
2026/08/01@14:50:49,2350,0.39217392,28717.870967741936
2026/08/01@14:50:50,2351,0.3569565,28720.83870967742
2026/08/01@14:50:51,2352,0.3178261,28723.8064516129
2026/08/01@14:50:52,2353,0.39652176,28726.774193548386
2026/08/01@14:50:53,2354,0.4621739,28729.74193548387
2026/08/01@14:50:54,2355,0.4373913,28732.709677419356
2026/08/01@14:50:55,2356,0.373478268,28735.677419354837
2026/08/01@14:50:57,2358,0.39652176,28741.612903225807
2026/08/01@14:50:58,2359,0.31391304,28744.58064516129
2026/08/01@14:50:59,2360,0.2673913,28747.548387096773
2026/08/01@14:51:00,2361,0.14434783,28750.516129032258
2026/08/01@14:51:01,2362,0.19217392,28753.483870967742
2026/08/01@14:51:02,2363,0.3495652,28756.451612903227
2026/08/01@14:51:03,2364,0.3195652,28759.41935483871
2026/08/01@14:51:04,2365,0.3795652,28762.387096774193
2026/08/01@14:51:05,2366,0.358695636,28765.354838709678
2026/08/01@14:51:06,2367,0.3852174,28768.322580645163
2026/08/01@14:51:07,2368,0.3973913,28771.290322580644
2026/08/01@14:51:08,2369,0.4152174,28774.25806451613
2026/08/01@14:51:10,2371,0.4452174,28780.1935483871
2026/08/01@14:51:11,2372,0.47130436,28783.16129032258
2026/08/01@14:51:12,2373,0.345217368,28786.129032258064
2026/08/01@14:51:13,2374,0.3547826,28789.09677419355
2026/08/01@14:51:14,2375,0.44695652,28792.064516129034
2026/08/01@14:51:15,2376,0.32086956,28795.032258064515
2026/08/01@14:51:16,2377,0.27391306,28798.0
2026/08/01@14:51:17,2378,0.23565218,28800.9
2026/08/01@14:51:18,2379,0.09565217,28803.8
2026/08/01@14:51:19,2380,0.13217391,28806.7
2026/08/01@14:51:20,2381,0.08695652,28809.6
2026/08/01@14:51:21,2382,0.10304348,28812.5
2026/08/01@14:51:23,2384,0.08956522,28818.3
2026/08/01@14:51:24,2385,0.08826087,28821.2
2026/08/01@14:51:25,2386,0.29434782,28824.1
2026/08/01@14:51:26,2387,0.418695636,28827.0
2026/08/01@14:51:27,2388,0.3726087,28829.9
2026/08/01@14:51:28,2389,0.418695636,28832.8
2026/08/01@14:51:29,2390,0.5721739,28835.7
2026/08/01@14:51:30,2391,0.44695652,28838.6
2026/08/01@14:51:31,2392,0.44391304,28841.5
2026/08/01@14:51:32,2393,0.45913044,28844.4
2026/08/01@14:51:33,2394,0.400869568,28847.3
2026/08/01@14:51:34,2395,0.42086956,28850.2
2026/08/01@14:51:36,2396,0.380434784,28856.0
2026/08/01@14:51:37,2398,0.4421739,28858.9
2026/08/01@14:51:38,2399,0.3869565,28861.8
2026/08/01@14:51:39,2400,0.409130432,28864.7
2026/08/01@14:51:40,2401,0.42347828,28867.6
2026/08/01@14:51:41,2402,0.41130436,28870.5
2026/08/01@14:51:42,2403,0.379130432,28873.4
2026/08/01@14:51:43,2404,0.33,28876.3
2026/08/01@14:51:44,2405,0.55608696,28879.2
2026/08/01@14:51:45,2406,0.55043476,28882.1
2026/08/01@14:51:46,2407,0.4726087,28885.0
2026/08/01@14:51:47,2408,0.33695652,28887.90322580645
2026/08/01@14:51:48,2409,0.37608696,28890.8064516129
2026/08/01@14:51:50,2411,0.3947826,28896.612903225807
2026/08/01@14:51:51,2412,0.379130432,28899.516129032258
2026/08/01@14:51:52,2413,0.33347828,28902.41935483871
2026/08/01@14:51:53,2414,0.38434784,28905.322580645163
2026/08/01@14:51:54,2415,0.3926087,28908.225806451614
2026/08/01@14:51:55,2416,0.3704348,28911.129032258064
2026/08/01@14:51:56,2417,0.406521736,28914.032258064515
2026/08/01@14:51:57,2418,0.3926087,28916.935483870966
2026/08/01@14:51:58,2419,0.38130436,28919.83870967742
2026/08/01@14:51:59,2420,0.440434784,28922.74193548387
2026/08/01@14:52:00,2421,0.40304348,28925.645161290322
2026/08/01@14:52:01,2422,0.40565216,28928.548387096773
2026/08/01@14:52:03,2424,0.46565216,28934.354838709678
2026/08/01@14:52:04,2425,0.3947826,28937.25806451613
2026/08/01@14:52:05,2426,0.41826088,28940.16129032258
2026/08/01@14:52:06,2427,0.237391316,28943.064516129034
2026/08/01@14:52:07,2428,0.2952174,28945.967741935485
2026/08/01@14:52:08,2429,0.2347826,28948.870967741936
2026/08/01@14:52:09,2430,0.27565216,28951.774193548386
2026/08/01@14:52:10,2431,0.29391304,28954.677419354837
2026/08/01@14:52:11,2432,0.26869564,28957.58064516129
2026/08/01@14:52:12,2433,0.2647826,28960.483870967742
2026/08/01@14:52:13,2434,0.08782609,28963.387096774193
2026/08/01@14:52:14,2435,0.2126087,28966.290322580644
2026/08/01@14:52:16,2437,0.16695653,28972.09677419355
2026/08/01@14:52:17,2438,0.1447826,28975.0
2026/08/01@14:52:18,2439,0.16869566,28977.9
2026/08/01@14:52:19,2440,0.24,28980.8
2026/08/01@14:52:20,2441,0.368260868,28983.7
2026/08/01@14:52:21,2442,0.38434784,28986.6
2026/08/01@14:52:22,2443,0.4347826,28989.5
2026/08/01@14:52:23,2444,0.34130436,28992.4
2026/08/01@14:52:24,2445,0.368260868,28995.3
2026/08/01@14:52:25,2446,0.379130432,28998.2
2026/08/01@14:52:26,2447,0.39565218,29001.1
2026/08/01@14:52:27,2448,0.428260868,29004.0
2026/08/01@14:52:29,2450,0.45608696,29009.8
2026/08/01@14:52:30,2451,0.41130436,29012.7
2026/08/01@14:52:31,2452,0.41,29015.6
2026/08/01@14:52:32,2453,0.4026087,29018.5
2026/08/01@14:52:33,2454,0.39608696,29021.4
2026/08/01@14:52:34,2455,0.40434784,29024.3
2026/08/01@14:52:35,2456,0.3852174,29027.2
2026/08/01@14:52:36,2457,0.40130432,29030.1
2026/08/01@14:52:37,2458,0.368260868,29033.0
2026/08/01@14:52:38,2459,0.409130432,29035.9
2026/08/01@14:52:39,2460,0.41652172,29038.8
2026/08/01@14:52:40,2461,0.42782608,29041.7
2026/08/01@14:52:42,2463,0.42086956,29047.5
2026/08/01@14:52:43,2464,0.40434784,29050.4
2026/08/01@14:52:44,2465,0.42173912,29053.3
2026/08/01@14:52:45,2466,0.44391304,29056.2
2026/08/01@14:52:46,2467,0.43,29059.1
2026/08/01@14:52:47,2468,0.50652176,29062.0
2026/08/01@14:52:48,2469,0.46086956,29064.90322580645
2026/08/01@14:52:49,2470,0.440434784,29067.8064516129
2026/08/01@14:52:50,2471,0.44391304,29070.709677419356
2026/08/01@14:52:51,2472,0.43869564,29073.612903225807
2026/08/01@14:52:52,2473,0.5408696,29076.516129032258
2026/08/01@14:52:53,2474,0.5869565,29079.41935483871
2026/08/01@14:52:55,2476,0.54,29085.225806451614
2026/08/01@14:52:56,2477,0.40565216,29088.129032258064
2026/08/01@14:52:57,2478,0.38956524,29091.032258064515
2026/08/01@14:52:58,2479,0.41652172,29093.935483870966
2026/08/01@14:52:59,2480,0.39043476,29096.83870967742
2026/08/01@14:53:00,2481,0.338260868,29099.74193548387
2026/08/01@14:53:01,2482,0.30130434,29102.645161290322
2026/08/01@14:53:02,2483,0.11956522,29105.548387096773
2026/08/01@14:53:03,2484,0.24347826,29108.451612903227
2026/08/01@14:53:04,2485,0.31478262,29111.354838709678
2026/08/01@14:53:05,2486,0.3569565,29114.25806451613
2026/08/01@14:53:06,2487,0.5404348,29117.16129032258
2026/08/01@14:53:08,2489,0.4147826,29122.967741935485
2026/08/01@14:53:09,2490,0.406521736,29125.870967741936
2026/08/01@14:53:10,2491,0.3795652,29128.774193548386
2026/08/01@14:53:11,2492,0.30130434,29131.677419354837
2026/08/01@14:53:12,2493,0.2969565,29134.58064516129
2026/08/01@14:53:13,2494,0.32826088,29137.483870967742
2026/08/01@14:53:14,2495,0.29086956,29140.387096774193
2026/08/01@14:53:15,2496,0.2378261,29143.290322580644
2026/08/01@14:53:16,2497,0.2552174,29146.1935483871
2026/08/01@14:53:17,2498,0.2973913,29149.09677419355
2026/08/01@14:53:18,2499,0.2878261,29152.0
2026/08/01@14:53:19,2500,0.30956522,29154.612903225807
2026/08/01@14:53:21,2502,0.27304348,29159.83870967742
2026/08/01@14:53:22,2503,0.118695656,29162.451612903227
2026/08/01@14:53:23,2504,0.080434784,29165.064516129034
2026/08/01@14:53:24,2505,0.12565218,29167.677419354837
2026/08/01@14:53:25,2506,0.21391304,29170.290322580644
2026/08/01@14:53:26,2507,0.30043476,29172.90322580645
2026/08/01@14:53:27,2508,0.3421739,29175.516129032258
2026/08/01@14:53:28,2509,0.25478262,29178.129032258064
2026/08/01@14:53:29,2510,0.22652174,29180.74193548387
2026/08/01@14:53:30,2511,0.3226087,29183.354838709678
2026/08/01@14:53:31,2512,0.08434783,29185.967741935485
2026/08/01@14:53:32,2513,0.208695652,29188.58064516129
2026/08/01@14:53:34,2515,0.19347826,29193.8064516129
2026/08/01@14:53:35,2516,0.24173912,29196.41935483871
2026/08/01@14:53:36,2517,0.35913044,29199.032258064515
2026/08/01@14:53:37,2518,0.346521732,29201.645161290322
2026/08/01@14:53:38,2519,0.4421739,29204.25806451613
2026/08/01@14:53:39,2520,0.38913044,29206.870967741936
2026/08/01@14:53:40,2521,0.36869564,29209.483870967742
2026/08/01@14:53:41,2522,0.34826088,29212.09677419355
2026/08/01@14:53:42,2523,0.20956522,29214.709677419356
2026/08/01@14:53:43,2524,0.13391304,29217.322580645163
2026/08/01@14:53:44,2525,0.25,29219.935483870966
2026/08/01@14:53:45,2526,0.2926087,29222.548387096773
2026/08/01@14:53:47,2527,0.4095652,29227.774193548386
2026/08/01@14:53:48,2529,0.4926087,29230.387096774193
2026/08/01@14:53:49,2530,0.32782608,29233.0
2026/08/01@14:53:50,2531,0.380434784,29235.666666666668
2026/08/01@14:53:51,2532,0.43304348,29238.333333333332
2026/08/01@14:53:52,2533,0.32956524,29241.0
2026/08/01@14:53:53,2534,0.55391308,29243.666666666668
2026/08/01@14:53:54,2535,0.4456522,29246.333333333332
2026/08/01@14:53:55,2536,0.409130432,29249.0
2026/08/01@14:53:56,2537,0.34304348,29251.666666666668
2026/08/01@14:53:57,2538,0.19,29254.333333333332
2026/08/01@14:53:58,2539,0.08434783,29257.0
2026/08/01@14:54:00,2540,0.32347824,29262.333333333332
2026/08/01@14:54:01,2542,0.3573913,29265.0
2026/08/01@14:54:02,2543,0.46434784,29267.666666666668
2026/08/01@14:54:03,2544,0.375217368,29270.333333333332
2026/08/01@14:54:04,2545,0.3021739,29273.0
2026/08/01@14:54:05,2546,0.12869565,29275.666666666668
2026/08/01@14:54:06,2547,0.29608696,29278.333333333332
2026/08/01@14:54:07,2548,0.42652176,29281.0
2026/08/01@14:54:08,2549,0.42347828,29283.666666666668
2026/08/01@14:54:09,2550,0.398260868,29286.333333333332
2026/08/01@14:54:10,2551,0.26913044,29289.0
2026/08/01@14:54:11,2552,0.11173913,29291.666666666668
2026/08/01@14:54:13,2553,0.31086956,29297.0
2026/08/01@14:54:14,2555,0.37869568,29299.666666666668
2026/08/01@14:54:15,2556,0.35913044,29302.333333333332
2026/08/01@14:54:16,2557,0.33130434,29305.0
2026/08/01@14:54:17,2558,0.338260868,29307.666666666668
2026/08/01@14:54:18,2559,0.3026087,29310.333333333332
2026/08/01@14:54:19,2560,0.38913044,29313.0
2026/08/01@14:54:20,2561,0.3495652,29315.387096774193
2026/08/01@14:54:21,2562,0.36173912,29317.774193548386
2026/08/01@14:54:22,2563,0.23826086,29320.16129032258
2026/08/01@14:54:23,2564,0.17826086,29322.548387096773
2026/08/01@14:54:24,2565,0.18913044,29324.935483870966
2026/08/01@14:54:25,2566,0.18652174,29327.322580645163
2026/08/01@14:54:27,2568,0.400869568,29332.09677419355
2026/08/01@14:54:28,2569,0.53652176,29334.483870967742
2026/08/01@14:54:29,2570,0.40608696,29336.870967741936
2026/08/01@14:54:30,2571,0.3573913,29339.25806451613
2026/08/01@14:54:31,2572,0.31652172,29341.645161290322
2026/08/01@14:54:32,2573,0.32130436,29344.032258064515
2026/08/01@14:54:33,2574,0.409130432,29346.41935483871
2026/08/01@14:54:34,2575,0.400869568,29348.8064516129
2026/08/01@14:54:35,2576,0.44652172,29351.1935483871
2026/08/01@14:54:36,2577,0.37608696,29353.58064516129
2026/08/01@14:54:37,2578,0.411739136,29355.967741935485
2026/08/01@14:54:38,2579,0.368260868,29358.354838709678
2026/08/01@14:54:40,2581,0.53217392,29363.129032258064
2026/08/01@14:54:41,2582,0.47695652,29365.516129032258
2026/08/01@14:54:42,2583,0.4395652,29367.90322580645
2026/08/01@14:54:43,2584,0.36043476,29370.290322580644
2026/08/01@14:54:44,2585,0.30304348,29372.677419354837
2026/08/01@14:54:45,2586,0.14434783,29375.064516129034
2026/08/01@14:54:46,2587,0.35826088,29377.451612903227
2026/08/01@14:54:47,2588,0.458260868,29379.83870967742
2026/08/01@14:54:48,2589,0.3973913,29382.225806451614
2026/08/01@14:54:49,2590,0.34173912,29384.612903225807
2026/08/01@14:54:50,2591,0.30130434,29387.0
2026/08/01@14:54:51,2592,0.358695636,29389.433333333334
2026/08/01@14:54:53,2594,0.20956522,29394.3
2026/08/01@14:54:54,2595,0.10521739,29396.733333333334
2026/08/01@14:54:55,2596,0.30391306,29399.166666666668
2026/08/01@14:54:56,2597,0.370869568,29401.6
2026/08/01@14:54:57,2598,0.49565216,29404.033333333333
2026/08/01@14:54:58,2599,0.4226087,29406.466666666667
2026/08/01@14:54:59,2600,0.39608696,29408.9
2026/08/01@14:55:00,2601,0.3352174,29411.333333333332
2026/08/01@14:55:01,2602,0.09739131,29413.766666666666
2026/08/01@14:55:02,2603,0.3043478,29416.2
2026/08/01@14:55:03,2604,0.37434784,29418.633333333335
2026/08/01@14:55:04,2605,0.4421739,29421.066666666666
2026/08/01@14:55:06,2607,0.36,29425.933333333334
2026/08/01@14:55:07,2608,0.3647826,29428.366666666665
2026/08/01@14:55:08,2609,0.370869568,29430.8
2026/08/01@14:55:09,2610,0.496521736,29433.233333333334
2026/08/01@14:55:10,2611,0.5573913,29435.666666666668
2026/08/01@14:55:11,2612,0.4152174,29438.1
2026/08/01@14:55:12,2613,0.41347826,29440.533333333333
2026/08/01@14:55:13,2614,0.5443478,29442.966666666667
2026/08/01@14:55:14,2615,0.31652172,29445.4
2026/08/01@14:55:15,2616,0.31565216,29447.833333333332
2026/08/01@14:55:16,2617,0.30130434,29450.266666666666
2026/08/01@14:55:17,2618,0.07826087,29452.7
2026/08/01@14:55:19,2620,0.107391304,29457.566666666666
2026/08/01@14:55:20,2621,0.208695652,29460.0
2026/08/01@14:55:21,2622,0.17347826,29462.483870967742
2026/08/01@14:55:22,2623,0.17956522,29464.967741935485
2026/08/01@14:55:23,2624,0.3547826,29467.451612903227
2026/08/01@14:55:24,2625,0.343478268,29469.935483870966
2026/08/01@14:55:25,2626,0.406521736,29472.41935483871
2026/08/01@14:55:26,2627,0.440434784,29474.90322580645
2026/08/01@14:55:27,2628,0.45217392,29477.387096774193
2026/08/01@14:55:28,2629,0.34,29479.870967741936
2026/08/01@14:55:29,2630,0.1747826,29482.354838709678
2026/08/01@14:55:30,2631,0.28869566,29484.83870967742
2026/08/01@14:55:32,2633,0.3930435,29489.8064516129
2026/08/01@14:55:33,2634,0.32782608,29492.290322580644
2026/08/01@14:55:34,2635,0.37869568,29494.774193548386
2026/08/01@14:55:35,2636,0.39782608,29497.25806451613
2026/08/01@14:55:36,2637,0.36869564,29499.74193548387
2026/08/01@14:55:37,2638,0.4456522,29502.225806451614
2026/08/01@14:55:38,2639,0.375217368,29504.709677419356
2026/08/01@14:55:39,2640,0.31130436,29507.1935483871
2026/08/01@14:55:40,2641,0.16478262,29509.677419354837
2026/08/01@14:55:41,2642,0.16304348,29512.16129032258
2026/08/01@14:55:42,2643,0.336521736,29514.645161290322
2026/08/01@14:55:43,2644,0.28086956,29517.129032258064
2026/08/01@14:55:45,2646,0.38260868,29522.09677419355
2026/08/01@14:55:46,2647,0.4169565,29524.58064516129
2026/08/01@14:55:47,2648,0.41652172,29527.064516129034
2026/08/01@14:55:48,2649,0.43347828,29529.548387096773
2026/08/01@14:55:49,2650,0.38260868,29532.032258064515
2026/08/01@14:55:50,2651,0.31565216,29534.516129032258
2026/08/01@14:55:51,2652,0.17130434,29537.0
2026/08/01@14:55:52,2653,0.18565216,29539.709677419356
2026/08/01@14:55:53,2654,0.31826088,29542.41935483871
2026/08/01@14:55:54,2655,0.38913044,29545.129032258064
2026/08/01@14:55:55,2656,0.30739132,29547.83870967742
2026/08/01@14:55:56,2657,0.17391304,29550.548387096773
2026/08/01@14:55:58,2659,0.2630435,29555.967741935485
2026/08/01@14:55:59,2660,0.35652172,29558.677419354837
2026/08/01@14:56:00,2661,0.454347816,29561.387096774193
2026/08/01@14:56:01,2662,0.3121739,29564.09677419355
2026/08/01@14:56:02,2663,0.39217392,29566.8064516129
2026/08/01@14:56:03,2664,0.48391304,29569.516129032258
2026/08/01@14:56:04,2665,0.3573913,29572.225806451614
2026/08/01@14:56:05,2666,0.38956524,29574.935483870966
2026/08/01@14:56:06,2667,0.4395652,29577.645161290322
2026/08/01@14:56:07,2668,0.31826088,29580.354838709678
2026/08/01@14:56:08,2669,0.48826088,29583.064516129034
2026/08/01@14:56:09,2670,0.42695652,29585.774193548386
2026/08/01@14:56:11,2672,0.2552174,29591.1935483871
2026/08/01@14:56:12,2673,0.08130435,29593.90322580645
2026/08/01@14:56:13,2674,0.3573913,29596.612903225807
2026/08/01@14:56:14,2675,0.355652184,29599.322580645163
2026/08/01@14:56:15,2676,0.406521736,29602.032258064515
2026/08/01@14:56:16,2677,0.38782608,29604.74193548387
2026/08/01@14:56:17,2678,0.32304348,29607.451612903227
2026/08/01@14:56:18,2679,0.12913044,29610.16129032258
2026/08/01@14:56:19,2680,0.3778261,29612.870967741936
2026/08/01@14:56:20,2681,0.46434784,29615.58064516129
2026/08/01@14:56:21,2682,0.370869568,29618.290322580644
2026/08/01@14:56:22,2683,0.107391304,29621.0
2026/08/01@14:56:24,2685,0.29956524,29626.733333333334
2026/08/01@14:56:25,2686,0.5043478,29629.6
2026/08/01@14:56:26,2687,0.38347824,29632.466666666667
2026/08/01@14:56:27,2688,0.17304348,29635.333333333332
2026/08/01@14:56:28,2689,0.18043478,29638.2
2026/08/01@14:56:29,2690,0.28913044,29641.066666666666
2026/08/01@14:56:30,2691,0.34869568,29643.933333333334
2026/08/01@14:56:31,2692,0.394347816,29646.8
2026/08/01@14:56:32,2693,0.394347816,29649.666666666668
2026/08/01@14:56:33,2694,0.35913044,29652.533333333333
2026/08/01@14:56:34,2695,0.28869566,29655.4
2026/08/01@14:56:35,2696,0.08652174,29658.266666666666
2026/08/01@14:56:37,2697,0.43391304,29664.0
2026/08/01@14:56:38,2699,0.456956536,29666.866666666665
2026/08/01@14:56:39,2700,0.41956524,29669.733333333334
2026/08/01@14:56:40,2701,0.42,29672.6
2026/08/01@14:56:41,2702,0.35391304,29675.466666666667
2026/08/01@14:56:42,2703,0.3273913,29678.333333333332
2026/08/01@14:56:43,2704,0.345217368,29681.2
2026/08/01@14:56:44,2705,0.18695652,29684.066666666666
2026/08/01@14:56:45,2706,0.4026087,29686.933333333334
2026/08/01@14:56:46,2707,0.4395652,29689.8
2026/08/01@14:56:47,2708,0.48391304,29692.666666666668
2026/08/01@14:56:48,2709,0.4226087,29695.533333333333
2026/08/01@14:56:49,2710,0.429565216,29698.4
2026/08/01@14:56:51,2712,0.39217392,29704.133333333335
2026/08/01@14:56:52,2713,0.379130432,29707.0
2026/08/01@14:56:53,2714,0.38956524,29709.8064516129
2026/08/01@14:56:54,2715,0.2652174,29712.612903225807
2026/08/01@14:56:55,2716,0.115652176,29715.41935483871
2026/08/01@14:56:56,2717,0.25695652,29718.225806451614
2026/08/01@14:56:57,2718,0.2526087,29721.032258064515
2026/08/01@14:56:58,2719,0.18869566,29723.83870967742
2026/08/01@14:56:59,2720,0.08217391,29726.645161290322
2026/08/01@14:57:00,2721,0.083478264,29729.451612903227
2026/08/01@14:57:01,2722,0.07521739,29732.25806451613
2026/08/01@14:57:02,2723,0.31913042,29735.064516129034
2026/08/01@14:57:04,2725,0.35217392,29740.677419354837
2026/08/01@14:57:05,2726,0.34391304,29743.483870967742
2026/08/01@14:57:06,2727,0.36652176,29746.290322580644
2026/08/01@14:57:07,2728,0.406521736,29749.09677419355
2026/08/01@14:57:08,2729,0.227826092,29751.90322580645
2026/08/01@14:57:09,2730,0.18913044,29754.709677419356
2026/08/01@14:57:10,2731,0.09304348,29757.516129032258
2026/08/01@14:57:11,2732,0.10521739,29760.322580645163
2026/08/01@14:57:12,2733,0.2173913,29763.129032258064
2026/08/01@14:57:13,2734,0.38782608,29765.935483870966
2026/08/01@14:57:14,2735,0.5330435,29768.74193548387
2026/08/01@14:57:15,2736,0.43695652,29771.548387096773
2026/08/01@14:57:17,2738,0.39913044,29777.16129032258
2026/08/01@14:57:18,2739,0.4021739,29779.967741935485
2026/08/01@14:57:19,2740,0.385652184,29782.774193548386
2026/08/01@14:57:20,2741,0.4073913,29785.58064516129
2026/08/01@14:57:21,2742,0.3926087,29788.387096774193
2026/08/01@14:57:22,2743,0.484347816,29791.1935483871
2026/08/01@14:57:23,2744,0.37173912,29794.0
2026/08/01@14:57:24,2745,0.11608696,29797.1
2026/08/01@14:57:25,2746,0.2595652,29800.2
2026/08/01@14:57:26,2747,0.33782608,29803.3
2026/08/01@14:57:27,2748,0.36913044,29806.4
2026/08/01@14:57:28,2749,0.399565216,29809.5
2026/08/01@14:57:30,2751,0.5147826,29815.7
2026/08/01@14:57:31,2752,0.3930435,29818.8
2026/08/01@14:57:32,2753,0.20086956,29821.9
2026/08/01@14:57:33,2754,0.08434783,29825.0
2026/08/01@14:57:34,2755,0.2273913,29828.1
2026/08/01@14:57:35,2756,0.30304348,29831.2
2026/08/01@14:57:36,2757,0.43391304,29834.3
2026/08/01@14:57:37,2758,0.428260868,29837.4
2026/08/01@14:57:38,2759,0.35913044,29840.5
2026/08/01@14:57:39,2760,0.3773913,29843.6
2026/08/01@14:57:40,2761,0.41434784,29846.7
2026/08/01@14:57:41,2762,0.418695636,29849.8
2026/08/01@14:57:43,2764,0.39043476,29856.0
2026/08/01@14:57:44,2765,0.18304348,29859.1
2026/08/01@14:57:45,2766,0.08782609,29862.2
2026/08/01@14:57:46,2767,0.32782608,29865.3
2026/08/01@14:57:47,2768,0.4347826,29868.4
2026/08/01@14:57:48,2769,0.339565216,29871.5
2026/08/01@14:57:49,2770,0.3626087,29874.6
2026/08/01@14:57:50,2771,0.41347826,29877.7
2026/08/01@14:57:51,2772,0.36695652,29880.8
2026/08/01@14:57:52,2773,0.34,29883.9
2026/08/01@14:57:53,2774,0.13217391,29887.0
2026/08/01@14:57:54,2775,0.2873913,29889.967741935485
2026/08/01@14:57:56,2777,0.32956524,29895.90322580645
2026/08/01@14:57:57,2778,0.33173912,29898.870967741936
2026/08/01@14:57:58,2779,0.23652174,29901.83870967742
2026/08/01@14:57:59,2780,0.07826087,29904.8064516129
2026/08/01@14:58:00,2781,0.043913044,29907.774193548386
2026/08/01@14:58:01,2782,0.2852174,29910.74193548387
2026/08/01@14:58:02,2783,0.24869566,29913.709677419356
2026/08/01@14:58:03,2784,0.10478261,29916.677419354837
2026/08/01@14:58:04,2785,0.09869565,29919.645161290322
2026/08/01@14:58:05,2786,0.232608684,29922.612903225807
2026/08/01@14:58:06,2787,0.394347816,29925.58064516129
2026/08/01@14:58:07,2788,0.458260868,29928.548387096773
2026/08/01@14:58:09,2790,0.4473913,29934.483870967742
2026/08/01@14:58:10,2791,0.406521736,29937.451612903227
2026/08/01@14:58:11,2792,0.35217392,29940.41935483871
2026/08/01@14:58:12,2793,0.3930435,29943.387096774193
2026/08/01@14:58:13,2794,0.39086956,29946.354838709678
2026/08/01@14:58:14,2795,0.480434784,29949.322580645163
2026/08/01@14:58:15,2796,0.42695652,29952.290322580644
2026/08/01@14:58:16,2797,0.40434784,29955.25806451613
2026/08/01@14:58:17,2798,0.31652172,29958.225806451614
2026/08/01@14:58:18,2799,0.339565216,29961.1935483871
2026/08/01@14:58:19,2800,0.19695652,29964.16129032258
2026/08/01@14:58:20,2801,0.15347826,29967.129032258064
2026/08/01@14:58:22,2803,0.32608696,29973.064516129034
2026/08/01@14:58:23,2804,0.4169565,29976.032258064515
2026/08/01@14:58:24,2805,0.44304348,29979.0
2026/08/01@14:58:25,2806,0.391304352,29982.0
2026/08/01@14:58:26,2807,0.2952174,29985.0
2026/08/01@14:58:27,2808,0.07608695,29988.0
2026/08/01@14:58:28,2809,0.16652174,29991.0
2026/08/01@14:58:29,2810,0.2552174,29994.0
2026/08/01@14:58:30,2811,0.29956524,29997.0
2026/08/01@14:58:31,2812,0.368260868,30000.0
2026/08/01@14:58:32,2813,0.47434784,30003.0
2026/08/01@14:58:33,2814,0.39086956,30006.0
2026/08/01@14:58:35,2816,0.404782632,30012.0
2026/08/01@14:58:36,2817,0.36,30015.0
2026/08/01@14:58:37,2818,0.41130436,30018.0
2026/08/01@14:58:38,2819,0.41652172,30021.0
2026/08/01@14:58:39,2820,0.55347824,30024.0
2026/08/01@14:58:40,2821,0.345217368,30027.0
2026/08/01@14:58:41,2822,0.29913044,30030.0
2026/08/01@14:58:42,2823,0.4678261,30033.0
2026/08/01@14:58:43,2824,0.4178261,30036.0
2026/08/01@14:58:44,2825,0.40434784,30039.0
2026/08/01@14:58:45,2826,0.29956524,30042.0
2026/08/01@14:58:46,2827,0.08608696,30045.0
2026/08/01@14:58:48,2829,0.31826088,30051.0
2026/08/01@14:58:49,2830,0.34695652,30054.0
2026/08/01@14:58:50,2831,0.41956524,30057.0
2026/08/01@14:58:51,2832,0.32,30060.0
2026/08/01@14:58:52,2833,0.076956532,30063.0
2026/08/01@14:58:53,2834,0.30739132,30066.0
2026/08/01@14:58:54,2835,0.36173912,30069.0
2026/08/01@14:58:55,2836,0.46434784,30072.0
2026/08/01@14:58:56,2837,0.41304348,30074.933333333334
2026/08/01@14:58:57,2838,0.244782608,30077.866666666665
2026/08/01@14:58:58,2839,0.15652174,30080.8
2026/08/01@14:58:59,2840,0.23565218,30083.733333333334
2026/08/01@14:59:01,2842,0.35826088,30089.6
2026/08/01@14:59:02,2843,0.4926087,30092.533333333333
2026/08/01@14:59:03,2844,0.37869568,30095.466666666667
2026/08/01@14:59:04,2845,0.37869568,30098.4
2026/08/01@14:59:05,2846,0.23086956,30101.333333333332
2026/08/01@14:59:06,2847,0.13130436,30104.266666666666
2026/08/01@14:59:07,2848,0.1852174,30107.2
2026/08/01@14:59:08,2849,0.29608696,30110.133333333335
2026/08/01@14:59:09,2850,0.44130436,30113.066666666666
2026/08/01@14:59:10,2851,0.3126087,30116.0
2026/08/01@14:59:11,2852,0.351739136,30118.933333333334
2026/08/01@14:59:12,2853,0.35130436,30121.866666666665
2026/08/01@14:59:13,2854,0.38347824,30124.8
2026/08/01@14:59:15,2856,0.38130436,30130.666666666668
2026/08/01@14:59:16,2857,0.34391304,30133.6
2026/08/01@14:59:17,2858,0.31913042,30136.533333333333
2026/08/01@14:59:18,2859,0.385652184,30139.466666666667
2026/08/01@14:59:19,2860,0.5178261,30142.4
2026/08/01@14:59:20,2861,0.406521736,30145.333333333332
2026/08/01@14:59:21,2862,0.404782632,30148.266666666666
2026/08/01@14:59:22,2863,0.46695652,30151.2
2026/08/01@14:59:23,2864,0.50173916,30154.133333333335
2026/08/01@14:59:24,2865,0.4452174,30157.066666666666
2026/08/01@14:59:25,2866,0.201739132,30160.0
2026/08/01@14:59:27,2867,0.0269565216,30165.290322580644
2026/08/01@14:59:28,2869,0.3047826,30167.935483870966
2026/08/01@14:59:29,2870,0.4073913,30170.58064516129
2026/08/01@14:59:30,2871,0.41,30173.225806451614
2026/08/01@14:59:31,2872,0.343478268,30175.870967741936
2026/08/01@14:59:32,2873,0.27521738,30178.516129032258
2026/08/01@14:59:33,2874,0.19391304,30181.16129032258
2026/08/01@14:59:34,2875,0.24956522,30183.8064516129
2026/08/01@14:59:35,2876,0.050434784,30186.451612903227
2026/08/01@14:59:36,2877,0.29173914,30189.09677419355
2026/08/01@14:59:37,2878,0.3704348,30191.74193548387
2026/08/01@14:59:38,2879,0.4095652,30194.387096774193
2026/08/01@14:59:39,2880,0.4973913,30197.032258064515
2026/08/01@14:59:41,2882,0.4178261,30202.322580645163
2026/08/01@14:59:42,2883,0.29869564,30204.967741935485
2026/08/01@14:59:43,2884,0.03173913,30207.612903225807
2026/08/01@14:59:44,2885,0.18695652,30210.25806451613
2026/08/01@14:59:45,2886,0.33173912,30212.90322580645
2026/08/01@14:59:46,2887,0.28565216,30215.548387096773
2026/08/01@14:59:47,2888,0.2826087,30218.1935483871
2026/08/01@14:59:48,2889,0.07521739,30220.83870967742
2026/08/01@14:59:49,2890,0.072608696,30223.483870967742
2026/08/01@14:59:50,2891,0.36043476,30226.129032258064
2026/08/01@14:59:51,2892,0.42086956,30228.774193548386
2026/08/01@14:59:52,2893,0.22043478,30231.41935483871
2026/08/01@14:59:54,2895,0.04043478,30236.709677419356
2026/08/01@14:59:55,2896,0.34608696,30239.354838709678
2026/08/01@14:59:56,2897,0.40826088,30242.0
2026/08/01@14:59:57,2898,0.338260868,30244.733333333334
2026/08/01@14:59:58,2899,0.21913044,30247.466666666667
2026/08/01@14:59:59,2900,0.1226087,30250.2
2026/08/01@15:00:00,2901,0.39391304,30252.933333333334
2026/08/01@15:00:01,2902,0.38391304,30255.666666666668
2026/08/01@15:00:02,2903,0.3773913,30258.4
2026/08/01@15:00:03,2904,0.39913044,30261.133333333335
2026/08/01@15:00:04,2905,0.26347824,30263.866666666665
2026/08/01@15:00:05,2906,0.07304348,30266.6
2026/08/01@15:00:07,2908,0.07,30272.066666666666
2026/08/01@15:00:08,2909,0.34826088,30274.8
2026/08/01@15:00:09,2910,0.409130432,30277.533333333333
2026/08/01@15:00:10,2911,0.3043478,30280.266666666666
2026/08/01@15:00:11,2912,0.44695652,30283.0
2026/08/01@15:00:12,2913,0.3647826,30285.733333333334
2026/08/01@15:00:13,2914,0.38260868,30288.466666666667
2026/08/01@15:00:14,2915,0.336521736,30291.2
2026/08/01@15:00:15,2916,0.27521738,30293.933333333334
2026/08/01@15:00:16,2917,0.18173914,30296.666666666668
2026/08/01@15:00:17,2918,0.17217392,30299.4
2026/08/01@15:00:18,2919,0.28695652,30302.133333333335
2026/08/01@15:00:20,2921,0.28608696,30307.6
2026/08/01@15:00:21,2922,0.32086956,30310.333333333332
2026/08/01@15:00:22,2923,0.22478262,30313.066666666666
2026/08/01@15:00:23,2924,0.076956532,30315.8
2026/08/01@15:00:24,2925,0.237391316,30318.533333333333
2026/08/01@15:00:25,2926,0.30130434,30321.266666666666
2026/08/01@15:00:26,2927,0.25478262,30324.0
2026/08/01@15:00:27,2928,0.3195652,30326.548387096773
2026/08/01@15:00:28,2929,0.38782608,30329.09677419355
2026/08/01@15:00:29,2930,0.46608696,30331.645161290322
2026/08/01@15:00:30,2931,0.4695652,30334.1935483871
2026/08/01@15:00:31,2932,0.54391308,30336.74193548387
2026/08/01@15:00:33,2934,0.41130436,30341.83870967742
2026/08/01@15:00:34,2935,0.4847826,30344.387096774193
2026/08/01@15:00:35,2936,0.36913044,30346.935483870966
2026/08/01@15:00:36,2937,0.406521736,30349.483870967742
2026/08/01@15:00:37,2938,0.39608696,30352.032258064515
2026/08/01@15:00:38,2939,0.29869564,30354.58064516129
2026/08/01@15:00:39,2940,0.06826087,30357.129032258064
2026/08/01@15:00:40,2941,0.07652174,30359.677419354837
2026/08/01@15:00:41,2942,0.10478261,30362.225806451614
2026/08/01@15:00:42,2943,0.074347824,30364.774193548386
2026/08/01@15:00:43,2944,0.041304348,30367.322580645163
2026/08/01@15:00:44,2945,0.1173913,30369.870967741936
2026/08/01@15:00:46,2947,0.17217392,30374.967741935485
2026/08/01@15:00:47,2948,0.069565216,30377.516129032258
2026/08/01@15:00:48,2949,0.26652176,30380.064516129034
2026/08/01@15:00:49,2950,0.2878261,30382.612903225807
2026/08/01@15:00:50,2951,0.30956522,30385.16129032258
2026/08/01@15:00:51,2952,0.38434784,30387.709677419356
2026/08/01@15:00:52,2953,0.39652176,30390.25806451613
2026/08/01@15:00:53,2954,0.3869565,30392.8064516129
2026/08/01@15:00:54,2955,0.27347828,30395.354838709678
2026/08/01@15:00:55,2956,0.23956522,30397.90322580645
2026/08/01@15:00:56,2957,0.40434784,30400.451612903227
2026/08/01@15:00:57,2958,0.424347816,30403.0
2026/08/01@15:00:59,2960,0.30869564,30407.967741935485
2026/08/01@15:01:00,2961,0.067826088,30410.451612903227
2026/08/01@15:01:01,2962,0.1747826,30412.935483870966
2026/08/01@15:01:02,2963,0.29782608,30415.41935483871
2026/08/01@15:01:03,2964,0.38260868,30417.90322580645
2026/08/01@15:01:04,2965,0.3421739,30420.387096774193
2026/08/01@15:01:05,2966,0.27173912,30422.870967741936
2026/08/01@15:01:06,2967,0.14304348,30425.354838709678
2026/08/01@15:01:07,2968,0.043913044,30427.83870967742
2026/08/01@15:01:08,2969,0.2578261,30430.322580645163
2026/08/01@15:01:09,2970,0.3126087,30432.8064516129
2026/08/01@15:01:10,2971,0.3852174,30435.290322580644
2026/08/01@15:01:12,2972,0.37608696,30440.25806451613
2026/08/01@15:01:13,2974,0.43695652,30442.74193548387
2026/08/01@15:01:14,2975,0.4026087,30445.225806451614
2026/08/01@15:01:15,2976,0.38391304,30447.709677419356
2026/08/01@15:01:16,2977,0.37,30450.1935483871
2026/08/01@15:01:17,2978,0.26391304,30452.677419354837
2026/08/01@15:01:18,2979,0.3495652,30455.16129032258
2026/08/01@15:01:19,2980,0.2073913,30457.645161290322
2026/08/01@15:01:20,2981,0.28695652,30460.129032258064
2026/08/01@15:01:21,2982,0.27391306,30462.612903225807
2026/08/01@15:01:22,2983,0.343478268,30465.09677419355
2026/08/01@15:01:23,2984,0.34695652,30467.58064516129
2026/08/01@15:01:24,2985,0.29782608,30470.064516129034
2026/08/01@15:01:26,2987,0.15695652,30475.032258064515
2026/08/01@15:01:27,2988,0.10217391,30477.516129032258
2026/08/01@15:01:28,2989,0.36739132,30480.0
2026/08/01@15:01:29,2990,0.36565216,30482.8
2026/08/01@15:01:30,2991,0.27695652,30485.6
2026/08/01@15:01:31,2992,0.31478262,30488.4
2026/08/01@15:01:32,2993,0.40565216,30491.2
2026/08/01@15:01:33,2994,0.27826086,30494.0
2026/08/01@15:01:34,2995,0.085217392,30496.8
2026/08/01@15:01:35,2996,0.34608696,30499.6
2026/08/01@15:01:36,2997,0.46,30502.4
2026/08/01@15:01:37,2998,0.53695652,30505.2
2026/08/01@15:01:39,3000,0.33695652,30510.8
2026/08/01@15:01:40,3001,0.31913042,30513.6
2026/08/01@15:01:41,3002,0.3421739,30516.4
2026/08/01@15:01:42,3003,0.51,30519.2
2026/08/01@15:01:43,3004,0.39782608,30522.0
2026/08/01@15:01:44,3005,0.2826087,30524.8
2026/08/01@15:01:45,3006,0.19652174,30527.6
2026/08/01@15:01:46,3007,0.07478261,30530.4
2026/08/01@15:01:47,3008,0.24652174,30533.2
2026/08/01@15:01:48,3009,0.3873913,30536.0
2026/08/01@15:01:49,3010,0.5486956,30538.8
2026/08/01@15:01:50,3011,0.49608696,30541.6
2026/08/01@15:01:52,3013,0.44652172,30547.2
2026/08/01@15:01:53,3014,0.429565216,30550.0
2026/08/01@15:01:54,3015,0.2704348,30552.8
2026/08/01@15:01:55,3016,0.231304352,30555.6
2026/08/01@15:01:56,3017,0.2426087,30558.4
2026/08/01@15:01:57,3018,0.2821739,30561.2
2026/08/01@15:01:58,3019,0.4152174,30564.0
2026/08/01@15:01:59,3020,0.4673913,30566.58064516129
2026/08/01@15:02:00,3021,0.49,30569.16129032258
2026/08/01@15:02:01,3022,0.35347824,30571.74193548387
2026/08/01@15:02:02,3023,0.2704348,30574.322580645163
2026/08/01@15:02:03,3024,0.1973913,30576.90322580645
2026/08/01@15:02:05,3026,0.063043476,30582.064516129034
2026/08/01@15:02:06,3027,0.07173913,30584.645161290322
2026/08/01@15:02:07,3028,0.199130432,30587.225806451614
2026/08/01@15:02:08,3029,0.27521738,30589.8064516129
2026/08/01@15:02:09,3030,0.38913044,30592.387096774193
2026/08/01@15:02:10,3031,0.53,30594.967741935485
2026/08/01@15:02:11,3032,0.3852174,30597.548387096773
2026/08/01@15:02:12,3033,0.38913044,30600.129032258064
2026/08/01@15:02:13,3034,0.3104348,30602.709677419356
2026/08/01@15:02:14,3035,0.03173913,30605.290322580644
2026/08/01@15:02:15,3036,0.069565216,30607.870967741936
2026/08/01@15:02:16,3037,0.2226087,30610.451612903227
2026/08/01@15:02:18,3039,0.24434782,30615.612903225807
2026/08/01@15:02:19,3040,0.33608696,30618.1935483871
2026/08/01@15:02:20,3041,0.411739136,30620.774193548386
2026/08/01@15:02:21,3042,0.32173914,30623.354838709678
2026/08/01@15:02:22,3043,0.36,30625.935483870966
2026/08/01@15:02:23,3044,0.38434784,30628.516129032258
2026/08/01@15:02:24,3045,0.3047826,30631.09677419355
2026/08/01@15:02:25,3046,0.037391304,30633.677419354837
2026/08/01@15:02:26,3047,0.067826088,30636.25806451613
2026/08/01@15:02:27,3048,0.36086956,30638.83870967742
2026/08/01@15:02:28,3049,0.339565216,30641.41935483871
2026/08/01@15:02:29,3050,0.5895652,30644.0
2026/08/01@15:02:31,3052,0.4726087,30538.516129032258
2026/08/01@15:02:32,3053,0.38782608,30485.774193548386
2026/08/01@15:02:33,3054,0.31608696,30433.032258064515
2026/08/01@15:02:34,3055,0.27652174,30380.290322580644
2026/08/01@15:02:35,3056,0.1226087,30327.548387096773
2026/08/01@15:02:36,3057,0.2378261,30274.8064516129
2026/08/01@15:02:37,3058,0.3252174,30222.064516129034
2026/08/01@15:02:38,3059,0.35304348,30169.322580645163
2026/08/01@15:02:39,3060,0.44391304,30116.58064516129
2026/08/01@15:02:40,3061,0.400869568,30063.83870967742
2026/08/01@15:02:41,3062,0.2773913,30011.09677419355
2026/08/01@15:02:42,3063,0.19173912,29958.354838709678
2026/08/01@15:02:44,3065,0.220869568,29852.870967741936
2026/08/01@15:02:45,3066,0.32347824,29800.129032258064
2026/08/01@15:02:46,3067,0.345217368,29747.387096774193
2026/08/01@15:02:47,3068,0.35652172,29694.645161290322
2026/08/01@15:02:48,3069,0.4778261,29641.90322580645
2026/08/01@15:02:49,3070,0.5304348,29589.16129032258
2026/08/01@15:02:50,3071,0.32826088,29536.41935483871
2026/08/01@15:02:51,3072,0.2552174,29483.677419354837
2026/08/01@15:02:52,3073,0.29217392,29430.93548387097
2026/08/01@15:02:53,3074,0.3026087,29378.1935483871
2026/08/01@15:02:54,3075,0.32826088,29325.451612903227
2026/08/01@15:02:55,3076,0.32956524,29272.709677419356
2026/08/01@15:02:56,3077,0.350434784,29219.967741935485
2026/08/01@15:02:58,3079,0.08782609,29114.483870967742
2026/08/01@15:02:59,3080,0.085217392,29061.74193548387
2026/08/01@15:03:00,3081,0.181304352,29009.0
2026/08/01@15:03:01,3082,0.27304348,28958.933333333334
2026/08/01@15:03:02,3083,0.33173912,28908.866666666665
2026/08/01@15:03:03,3084,0.37695652,28858.8
2026/08/01@15:03:04,3085,0.40434784,28808.733333333334
2026/08/01@15:03:05,3086,0.49,28758.666666666668
2026/08/01@15:03:06,3087,0.43695652,28708.6
2026/08/01@15:03:07,3088,0.32173914,28658.533333333333
2026/08/01@15:03:08,3089,0.12913044,28608.466666666667
2026/08/01@15:03:09,3090,0.074347824,28558.4
2026/08/01@15:03:11,3092,0.069130432,28458.266666666666
2026/08/01@15:03:12,3093,0.15608695,28408.2
2026/08/01@15:03:13,3094,0.3104348,28358.133333333335
2026/08/01@15:03:14,3095,0.41260868,28308.066666666666
2026/08/01@15:03:15,3096,0.59695656,28258.0
2026/08/01@15:03:16,3097,0.37434784,28207.933333333334
2026/08/01@15:03:17,3098,0.35913044,28157.866666666665
2026/08/01@15:03:18,3099,0.53347824,28107.8
2026/08/01@15:03:19,3100,0.30913044,28057.733333333334
2026/08/01@15:03:20,3101,0.3104348,28007.666666666668
2026/08/01@15:03:21,3102,0.20434782,27957.6
2026/08/01@15:03:22,3103,0.18565216,27907.533333333333
2026/08/01@15:03:24,3105,0.17304348,27807.4
2026/08/01@15:03:25,3106,0.07956522,27757.333333333332
2026/08/01@15:03:26,3107,0.1926087,27707.266666666666
2026/08/01@15:03:27,3108,0.32782608,27657.2
2026/08/01@15:03:28,3109,0.38913044,27607.13333333333
2026/08/01@15:03:29,3110,0.46913044,27557.066666666666
2026/08/01@15:03:30,3111,0.36347828,27507.0
2026/08/01@15:03:31,3112,0.30391306,27463.064516129034
2026/08/01@15:03:32,3113,0.16347826,27419.129032258064
2026/08/01@15:03:33,3114,0.11347826,27375.1935483871
2026/08/01@15:03:34,3115,0.066086952,27331.25806451613
2026/08/01@15:03:35,3116,0.15478261,27287.322580645163
2026/08/01@15:03:37,3118,0.16,27199.451612903227
2026/08/01@15:03:38,3119,0.06652174,27155.516129032258
2026/08/01@15:03:39,3120,0.04304348,27111.58064516129
2026/08/01@15:03:40,3121,0.17565218,27067.645161290322
2026/08/01@15:03:41,3122,0.188260868,27023.709677419356
2026/08/01@15:03:42,3123,0.11956522,26979.774193548386
2026/08/01@15:03:43,3124,0.2273913,26935.83870967742
2026/08/01@15:03:44,3125,0.26913044,26891.90322580645
2026/08/01@15:03:45,3126,0.3852174,26847.967741935485
2026/08/01@15:03:46,3127,0.4073913,26804.032258064515
2026/08/01@15:03:47,3128,0.33782608,26760.09677419355
2026/08/01@15:03:48,3129,0.205217392,26716.16129032258
2026/08/01@15:03:50,3131,0.26565218,26628.290322580644
2026/08/01@15:03:51,3132,0.36695652,26584.354838709678
2026/08/01@15:03:52,3133,0.394347816,26540.41935483871
2026/08/01@15:03:53,3134,0.345217368,26496.483870967742
2026/08/01@15:03:54,3135,0.29043478,26452.548387096773
2026/08/01@15:03:55,3136,0.0539130432,26408.612903225807
2026/08/01@15:03:56,3137,0.110434784,26364.677419354837
2026/08/01@15:03:57,3138,0.34304348,26320.74193548387
2026/08/01@15:03:58,3139,0.36043476,26276.8064516129
2026/08/01@15:03:59,3140,0.31826088,26232.870967741936
2026/08/01@15:04:00,3141,0.4773913,26188.93548387097
2026/08/01@15:04:01,3142,0.3404348,26145.0
2026/08/01@15:04:03,3144,0.34869568,26062.266666666666
2026/08/01@15:04:04,3145,0.21608696,26020.9
2026/08/01@15:04:05,3146,0.047826084,25979.533333333333
2026/08/01@15:04:06,3147,0.187391316,25938.166666666668
2026/08/01@15:04:07,3148,0.3026087,25896.8
2026/08/01@15:04:08,3149,0.33086956,25855.433333333334
2026/08/01@15:04:09,3150,0.23956522,25814.066666666666
2026/08/01@15:04:10,3151,0.35347824,25772.7
2026/08/01@15:04:11,3152,0.33130434,25731.333333333332
2026/08/01@15:04:12,3153,0.2747826,25689.966666666667
2026/08/01@15:04:13,3154,0.08478261,25648.6
2026/08/01@15:04:14,3155,0.064347824,25607.233333333334
2026/08/01@15:04:16,3157,0.05826087,25524.5
2026/08/01@15:04:17,3158,0.067826088,25483.133333333335
2026/08/01@15:04:18,3159,0.2747826,25441.766666666666
2026/08/01@15:04:19,3160,0.29782608,25400.4
2026/08/01@15:04:20,3161,0.470434784,25359.033333333333
2026/08/01@15:04:21,3162,0.380434784,25317.666666666668
2026/08/01@15:04:22,3163,0.27,25276.3
2026/08/01@15:04:23,3164,0.008260869,25234.933333333334
2026/08/01@15:04:24,3165,0.211304352,25193.566666666666
2026/08/01@15:04:25,3166,0.28913044,25152.2
2026/08/01@15:04:26,3167,0.35130436,25110.833333333332
2026/08/01@15:04:27,3168,0.36391304,25069.466666666667
2026/08/01@15:04:29,3170,0.3869565,24986.733333333334
2026/08/01@15:04:30,3171,0.27173912,24945.366666666665
2026/08/01@15:04:31,3172,0.03173913,24904.0
2026/08/01@15:04:32,3173,0.1326087,24868.548387096773
2026/08/01@15:04:33,3174,0.06,24833.09677419355
2026/08/01@15:04:34,3175,0.21086956,24797.645161290322
2026/08/01@15:04:35,3176,0.16608696,24762.1935483871
2026/08/01@15:04:36,3177,0.11782609,24726.74193548387
2026/08/01@15:04:37,3178,0.12086956,24691.290322580644
2026/08/01@15:04:38,3179,0.29434782,24655.83870967742
2026/08/01@15:04:39,3180,0.37391304,24620.387096774193
2026/08/01@15:04:40,3181,0.34695652,24584.935483870966
2026/08/01@15:04:41,3182,0.30086956,24549.483870967742
2026/08/01@15:04:43,3184,0.083478264,24478.58064516129
2026/08/01@15:04:44,3185,0.27521738,24443.129032258064
2026/08/01@15:04:45,3186,0.3773913,24407.677419354837
2026/08/01@15:04:46,3187,0.35,24372.225806451614
2026/08/01@15:04:47,3188,0.2747826,24336.774193548386
2026/08/01@15:04:48,3189,0.07956522,24301.322580645163
2026/08/01@15:04:49,3190,0.27391306,24265.870967741936
2026/08/01@15:04:50,3191,0.248260868,24230.41935483871
2026/08/01@15:04:51,3192,0.27304348,24194.967741935485
2026/08/01@15:04:52,3193,0.339565216,24159.516129032258
2026/08/01@15:04:53,3194,0.38913044,24124.06451612903
2026/08/01@15:04:54,3195,0.4347826,24088.612903225807
2026/08/01@15:04:56,3197,0.4147826,24017.709677419356
2026/08/01@15:04:57,3198,0.3573913,23982.25806451613
2026/08/01@15:04:58,3199,0.20565218,23946.8064516129
2026/08/01@15:04:59,3200,0.22043478,23911.354838709678
2026/08/01@15:05:00,3201,0.27347828,23875.90322580645
2026/08/01@15:05:01,3202,0.2595652,23840.451612903227
2026/08/01@15:05:02,3203,0.224347824,23805.0
2026/08/01@15:05:03,3204,0.30565216,23771.16129032258
2026/08/01@15:05:04,3205,0.3778261,23737.322580645163
2026/08/01@15:05:05,3206,0.4078261,23703.483870967742
2026/08/01@15:05:06,3207,0.37869568,23669.645161290322
2026/08/01@15:05:07,3208,0.3947826,23635.8064516129
2026/08/01@15:05:09,3210,0.32608696,23568.129032258064
2026/08/01@15:05:10,3211,0.3421739,23534.290322580644
2026/08/01@15:05:11,3212,0.36913044,23500.451612903227
2026/08/01@15:05:12,3213,0.26347824,23466.612903225807
2026/08/01@15:05:13,3214,0.27391306,23432.774193548386
2026/08/01@15:05:14,3215,0.3973913,23398.93548387097
2026/08/01@15:05:15,3216,0.36043476,23365.09677419355
2026/08/01@15:05:16,3217,0.3873913,23331.25806451613
2026/08/01@15:05:17,3218,0.375217368,23297.41935483871
2026/08/01@15:05:18,3219,0.38391304,23263.58064516129
2026/08/01@15:05:19,3220,0.399565216,23229.74193548387
2026/08/01@15:05:20,3221,0.28565216,23195.90322580645
2026/08/01@15:05:22,3223,0.0,23128.225806451614
2026/08/01@15:05:23,3224,0.05478261,23094.387096774193
2026/08/01@15:05:24,3225,0.059130436,23060.548387096773
2026/08/01@15:05:25,3226,0.047391304,23026.709677419356
2026/08/01@15:05:26,3227,0.2378261,22992.870967741936
2026/08/01@15:05:27,3228,0.31304348,22959.032258064515
2026/08/01@15:05:28,3229,0.3495652,22925.1935483871
2026/08/01@15:05:29,3230,0.3930435,22891.354838709678
2026/08/01@15:05:30,3231,0.428260868,22857.516129032258
2026/08/01@15:05:31,3232,0.4226087,22823.677419354837
2026/08/01@15:05:32,3233,0.36391304,22789.83870967742
2026/08/01@15:05:33,3234,0.3930435,22756.0
2026/08/01@15:05:34,3235,0.4447826,22723.833333333332
2026/08/01@15:05:36,3237,0.41956524,22659.5
2026/08/01@15:05:37,3238,0.4169565,22627.333333333332
2026/08/01@15:05:38,3239,0.3726087,22595.166666666668
2026/08/01@15:05:39,3240,0.47434784,22563.0
2026/08/01@15:05:40,3241,0.38347824,22530.833333333332
2026/08/01@15:05:41,3242,0.496521736,22498.666666666668
2026/08/01@15:05:42,3243,0.51521736,22466.5
2026/08/01@15:05:43,3244,0.29956524,22434.333333333332
2026/08/01@15:05:44,3245,0.3195652,22402.166666666668
2026/08/01@15:05:45,3246,0.32826088,22370.0
2026/08/01@15:05:46,3247,0.3478261,22337.833333333332
2026/08/01@15:05:47,3248,0.38956524,22305.666666666668
2026/08/01@15:05:49,3250,0.31565216,22241.333333333332
2026/08/01@15:05:50,3251,0.1973913,22209.166666666668
2026/08/01@15:05:51,3252,0.054347824,22177.0
2026/08/01@15:05:52,3253,0.1326087,22144.833333333332
2026/08/01@15:05:53,3254,0.29217392,22112.666666666668
2026/08/01@15:05:54,3255,0.3852174,22080.5
2026/08/01@15:05:55,3256,0.49,22048.333333333332
2026/08/01@15:05:56,3257,0.50652176,22016.166666666668
2026/08/01@15:05:57,3258,0.6130435,21984.0
2026/08/01@15:05:58,3259,0.3247826,21951.833333333332
2026/08/01@15:05:59,3260,0.4,21919.666666666668
2026/08/01@15:06:00,3261,0.41130436,21887.5
2026/08/01@15:06:02,3263,0.36565216,21823.166666666668
2026/08/01@15:06:03,3264,0.41260868,21791.0
2026/08/01@15:06:04,3265,0.4395652,21762.548387096773
2026/08/01@15:06:05,3266,0.37173912,21734.09677419355
2026/08/01@15:06:06,3267,0.3421739,21705.645161290322
2026/08/01@15:06:07,3268,0.36391304,21677.1935483871
2026/08/01@15:06:08,3269,0.50652176,21648.74193548387
2026/08/01@15:06:09,3270,0.36869564,21620.290322580644
2026/08/01@15:06:10,3271,0.41,21591.83870967742
2026/08/01@15:06:11,3272,0.37391304,21563.387096774193
2026/08/01@15:06:12,3273,0.39391304,21534.935483870966
2026/08/01@15:06:13,3274,0.38608696,21506.483870967742
2026/08/01@15:06:15,3276,0.26652176,21449.58064516129
2026/08/01@15:06:16,3277,0.21695652,21421.129032258064
2026/08/01@15:06:17,3278,0.32956524,21392.677419354837
2026/08/01@15:06:18,3279,0.2347826,21364.225806451614
2026/08/01@15:06:19,3280,0.211304352,21335.774193548386
2026/08/01@15:06:20,3281,0.24956522,21307.322580645163
2026/08/01@15:06:21,3282,0.060869564,21278.870967741936
2026/08/01@15:06:22,3283,0.12608695,21250.41935483871
2026/08/01@15:06:23,3284,0.23565218,21221.967741935485
2026/08/01@15:06:24,3285,0.16347826,21193.516129032258
2026/08/01@15:06:25,3286,0.2973913,21165.06451612903
2026/08/01@15:06:26,3287,0.25347826,21136.612903225807
2026/08/01@15:06:28,3289,0.23086956,21079.709677419356
2026/08/01@15:06:29,3290,0.25826088,21051.25806451613
2026/08/01@15:06:30,3291,0.30086956,21022.8064516129
2026/08/01@15:06:31,3292,0.29217392,20994.354838709678
2026/08/01@15:06:32,3293,0.20347826,20965.90322580645
2026/08/01@15:06:33,3294,0.2926087,20937.451612903227
2026/08/01@15:06:34,3295,0.25608696,20909.0
2026/08/01@15:06:35,3296,0.23304348,20881.41935483871
2026/08/01@15:06:36,3297,0.22652174,20853.83870967742
2026/08/01@15:06:37,3298,0.3852174,20826.25806451613
2026/08/01@15:06:38,3299,0.31565216,20798.677419354837
2026/08/01@15:06:39,3300,0.33,20771.09677419355
2026/08/01@15:06:41,3302,0.37608696,20715.935483870966
2026/08/01@15:06:42,3303,0.39565218,20688.354838709678
2026/08/01@15:06:43,3304,0.40434784,20660.774193548386
2026/08/01@15:06:44,3305,0.47913044,20633.1935483871
2026/08/01@15:06:45,3306,0.5508696,20605.612903225807
2026/08/01@15:06:46,3307,0.27,20578.032258064515
2026/08/01@15:06:47,3308,0.38782608,20550.451612903227
2026/08/01@15:06:48,3309,0.28608696,20522.870967741936
2026/08/01@15:06:49,3310,0.069130432,20495.290322580644
2026/08/01@15:06:50,3311,0.055652176,20467.709677419356
2026/08/01@15:06:51,3312,0.07347826,20440.129032258064
2026/08/01@15:06:52,3313,0.2926087,20412.548387096773
2026/08/01@15:06:53,3314,0.25347826,20384.967741935485
2026/08/01@15:06:55,3316,0.23913044,20329.8064516129
2026/08/01@15:06:56,3317,0.35217392,20302.225806451614
2026/08/01@15:06:57,3318,0.385652184,20274.645161290322
2026/08/01@15:06:58,3319,0.42,20247.06451612903
2026/08/01@15:06:59,3320,0.33869564,20219.483870967742
2026/08/01@15:07:00,3321,0.406521736,20191.90322580645
2026/08/01@15:07:01,3322,0.51652176,20164.322580645163
2026/08/01@15:07:02,3323,0.3569565,20136.74193548387
2026/08/01@15:07:03,3324,0.3421739,20109.16129032258
2026/08/01@15:07:04,3325,0.38217392,20081.58064516129
2026/08/01@15:07:05,3326,0.27130434,20054.0
2026/08/01@15:07:06,3327,0.053043476,20027.166666666668
2026/08/01@15:07:08,3329,0.13434782,19973.5
2026/08/01@15:07:09,3330,0.076956532,19946.666666666668
2026/08/01@15:07:10,3331,0.040869564,19919.833333333332
2026/08/01@15:07:11,3332,0.21913044,19893.0
2026/08/01@15:07:12,3333,0.31565216,19866.166666666668
2026/08/01@15:07:13,3334,0.30913044,19839.333333333332
2026/08/01@15:07:14,3335,0.3773913,19812.5
2026/08/01@15:07:15,3336,0.388695636,19785.666666666668
2026/08/01@15:07:16,3337,0.41,19758.833333333332
2026/08/01@15:07:17,3338,0.4526087,19732.0
2026/08/01@15:07:18,3339,0.39391304,19705.166666666668
2026/08/01@15:07:19,3340,0.44,19678.333333333332
2026/08/01@15:07:21,3342,0.409130432,19624.666666666668
2026/08/01@15:07:22,3343,0.3869565,19597.833333333332
2026/08/01@15:07:23,3344,0.35347824,19571.0
2026/08/01@15:07:24,3345,0.351739136,19544.166666666668
2026/08/01@15:07:25,3346,0.3552174,19517.333333333332
2026/08/01@15:07:26,3347,0.4226087,19490.5
2026/08/01@15:07:27,3348,0.30130434,19463.666666666668
2026/08/01@15:07:28,3349,0.27173912,19436.833333333332
2026/08/01@15:07:29,3350,0.33782608,19410.0
2026/08/01@15:07:30,3351,0.07826087,19383.166666666668
2026/08/01@15:07:31,3352,0.054347824,19356.333333333332
2026/08/01@15:07:32,3353,0.074347824,19329.5
2026/08/01@15:07:34,3355,0.000434782632,19275.833333333332
2026/08/01@15:07:35,3356,0.0,19249.0
2026/08/01@15:07:36,3357,0.0,19225.09677419355
2026/08/01@15:07:37,3358,0.0,19201.1935483871
2026/08/01@15:07:38,3359,0.08217391,19177.290322580644
2026/08/01@15:07:39,3360,0.094782608,19153.387096774193
2026/08/01@15:07:40,3361,0.15434782,19129.483870967742
2026/08/01@15:07:41,3362,0.0626087,19105.58064516129
2026/08/01@15:07:42,3363,0.15478261,19081.677419354837
2026/08/01@15:07:43,3364,0.07304348,19057.774193548386
2026/08/01@15:07:44,3365,0.067391304,19033.870967741936
2026/08/01@15:07:45,3366,0.231304352,19009.967741935485
2026/08/01@15:07:47,3368,0.20565218,18962.16129032258
2026/08/01@15:07:48,3369,0.20608696,18938.25806451613
2026/08/01@15:07:49,3370,0.17217392,18914.354838709678
2026/08/01@15:07:50,3371,0.28391304,18890.451612903227
2026/08/01@15:07:51,3372,0.25347826,18866.548387096773
2026/08/01@15:07:52,3373,0.29347824,18842.645161290322
2026/08/01@15:07:53,3374,0.31434784,18818.74193548387
2026/08/01@15:07:54,3375,0.2826087,18794.83870967742
2026/08/01@15:07:55,3376,0.2804348,18770.935483870966
2026/08/01@15:07:56,3377,0.2873913,18747.032258064515
2026/08/01@15:07:57,3378,0.2852174,18723.129032258064
2026/08/01@15:07:58,3379,0.29869564,18699.225806451614
2026/08/01@15:08:00,3381,0.11608696,18651.41935483871
2026/08/01@15:08:01,3382,0.026086956,18627.516129032258
2026/08/01@15:08:02,3383,0.047391304,18603.612903225807
2026/08/01@15:08:03,3384,0.15695652,18579.709677419356
2026/08/01@15:08:04,3385,0.205217392,18555.8064516129
2026/08/01@15:08:05,3386,0.28173912,18531.90322580645
2026/08/01@15:08:06,3387,0.26173912,18508.0
2026/08/01@15:08:07,3388,0.3104348,18484.366666666665
2026/08/01@15:08:08,3389,0.3947826,18460.733333333334
2026/08/01@15:08:09,3390,0.4230435,18437.1
2026/08/01@15:08:10,3391,0.4726087,18413.466666666667
2026/08/01@15:08:11,3392,0.36695652,18389.833333333332
2026/08/01@15:08:13,3394,0.3178261,18342.566666666666
2026/08/01@15:08:14,3395,0.36913044,18318.933333333334
2026/08/01@15:08:15,3396,0.36347828,18295.3
2026/08/01@15:08:16,3397,0.33608696,18271.666666666668
2026/08/01@15:08:17,3398,0.33173912,18248.033333333333
2026/08/01@15:08:18,3399,0.36695652,18224.4
2026/08/01@15:08:19,3400,0.3273913,18200.766666666666
2026/08/01@15:08:20,3401,0.35130436,18177.133333333335
2026/08/01@15:08:21,3402,0.41086956,18153.5
2026/08/01@15:08:22,3403,0.35347824,18129.866666666665
2026/08/01@15:08:23,3404,0.36913044,18106.233333333334
2026/08/01@15:08:24,3405,0.43173912,18082.6
2026/08/01@15:08:25,3406,0.43130434,18058.966666666667
2026/08/01@15:08:27,3408,0.38260868,18011.7
2026/08/01@15:08:28,3409,0.3352174,17988.066666666666
2026/08/01@15:08:29,3410,0.53217392,17964.433333333334
2026/08/01@15:08:30,3411,0.41652172,17940.8
2026/08/01@15:08:31,3412,0.370869568,17917.166666666668
2026/08/01@15:08:32,3413,0.3404348,17893.533333333333
2026/08/01@15:08:33,3414,0.33608696,17869.9
2026/08/01@15:08:34,3415,0.32347824,17846.266666666666
2026/08/01@15:08:35,3416,0.27695652,17822.633333333335
2026/08/01@15:08:36,3417,0.14782609,17799.0
2026/08/01@15:08:37,3418,0.0,17777.83870967742
2026/08/01@15:08:38,3419,0.0,17756.677419354837
2026/08/01@15:08:40,3421,0.083478264,17714.354838709678
2026/08/01@15:08:41,3422,0.205217392,17693.1935483871
2026/08/01@15:08:42,3423,0.09043478,17672.032258064515
2026/08/01@15:08:43,3424,0.047826084,17650.870967741936
2026/08/01@15:08:44,3425,0.056086956,17629.709677419356
2026/08/01@15:08:45,3426,0.059565216,17608.548387096773
2026/08/01@15:08:46,3427,0.059565216,17587.387096774193
2026/08/01@15:08:47,3428,0.054347824,17566.225806451614
2026/08/01@15:08:48,3429,0.03521739,17545.064516129034
2026/08/01@15:08:49,3430,0.08478261,17523.90322580645
2026/08/01@15:08:50,3431,0.0134782608,17502.74193548387
2026/08/01@15:08:51,3432,0.0,17481.58064516129
2026/08/01@15:08:53,3434,0.18391304,17439.25806451613
2026/08/01@15:08:54,3435,0.2526087,17418.09677419355
2026/08/01@15:08:55,3436,0.33086956,17396.935483870966
2026/08/01@15:08:56,3437,0.338260868,17375.774193548386
2026/08/01@15:08:57,3438,0.3478261,17354.612903225807
2026/08/01@15:08:58,3439,0.37173912,17333.451612903227
2026/08/01@15:08:59,3440,0.4152174,17312.290322580644
2026/08/01@15:09:00,3441,0.5878261,17291.129032258064
2026/08/01@15:09:01,3442,0.33173912,17269.967741935485
2026/08/01@15:09:02,3443,0.32782608,17248.8064516129
2026/08/01@15:09:03,3444,0.30130434,17227.645161290322
2026/08/01@15:09:04,3445,0.46434784,17206.483870967742
2026/08/01@15:09:06,3447,0.47130436,17164.16129032258
2026/08/01@15:09:07,3448,0.4552174,17143.0
2026/08/01@15:09:08,3449,0.3726087,17122.16129032258
2026/08/01@15:09:09,3450,0.3930435,17101.322580645163
2026/08/01@15:09:10,3451,0.37565216,17080.483870967742
2026/08/01@15:09:11,3452,0.46173912,17059.645161290322
2026/08/01@15:09:12,3453,0.30565216,17038.8064516129
2026/08/01@15:09:13,3454,0.2595652,17017.967741935485
2026/08/01@15:09:14,3455,0.15434782,16997.129032258064
2026/08/01@15:09:15,3456,0.0,16976.290322580644
2026/08/01@15:09:16,3457,0.053043476,16955.451612903227
2026/08/01@15:09:17,3458,0.194347824,16934.612903225807
2026/08/01@15:09:19,3460,0.37434784,16892.935483870966
2026/08/01@15:09:20,3461,0.29086956,16872.09677419355
2026/08/01@15:09:21,3462,0.220869568,16851.25806451613
2026/08/01@15:09:22,3463,0.1326087,16830.41935483871
2026/08/01@15:09:23,3464,0.11260869,16809.58064516129
2026/08/01@15:09:24,3465,0.25608696,16788.74193548387
2026/08/01@15:09:25,3466,0.30565216,16767.90322580645
2026/08/01@15:09:26,3467,0.3552174,16747.064516129034
2026/08/01@15:09:27,3468,0.350434784,16726.225806451614
2026/08/01@15:09:28,3469,0.38347824,16705.387096774193
2026/08/01@15:09:29,3470,0.3626087,16684.548387096773
2026/08/01@15:09:30,3471,0.3347826,16663.709677419356
2026/08/01@15:09:32,3472,0.28,16622.032258064515
2026/08/01@15:09:33,3474,0.24869566,16601.1935483871
2026/08/01@15:09:34,3475,0.048695652,16580.354838709678
2026/08/01@15:09:35,3476,0.27913044,16559.516129032258
2026/08/01@15:09:36,3477,0.06565218,16538.677419354837
2026/08/01@15:09:37,3478,0.054347824,16517.83870967742
2026/08/01@15:09:38,3479,0.08782609,16497.0
2026/08/01@15:09:39,3480,0.027391306,16476.333333333332
2026/08/01@15:09:40,3481,0.09347826,16455.666666666668
2026/08/01@15:09:41,3482,0.184782608,16435.0
2026/08/01@15:09:42,3483,0.26173912,16414.333333333332
2026/08/01@15:09:43,3484,0.24173912,16393.666666666668
2026/08/01@15:09:44,3485,0.23652174,16373.0
2026/08/01@15:09:46,3487,0.29,16331.666666666666
2026/08/01@15:09:47,3488,0.36173912,16311.0
2026/08/01@15:09:48,3489,0.30739132,16290.333333333334
2026/08/01@15:09:49,3490,0.4247826,16269.666666666666
2026/08/01@15:09:50,3491,0.44913044,16249.0
2026/08/01@15:09:51,3492,0.489565216,16228.333333333334
2026/08/01@15:09:52,3493,0.4347826,16207.666666666666
2026/08/01@15:09:53,3494,0.36565216,16187.0
2026/08/01@15:09:54,3495,0.440434784,16166.333333333334
2026/08/01@15:09:55,3496,0.31913042,16145.666666666666
2026/08/01@15:09:56,3497,0.25608696,16125.0
2026/08/01@15:09:57,3498,0.1626087,16104.333333333334
2026/08/01@15:09:59,3500,0.15347826,16063.0
2026/08/01@15:10:00,3501,0.0,16042.333333333334
2026/08/01@15:10:01,3502,0.055652176,16021.666666666666
2026/08/01@15:10:02,3503,0.063043476,16001.0
2026/08/01@15:10:03,3504,0.16130436,15980.333333333334
2026/08/01@15:10:04,3505,0.205217392,15959.666666666666
2026/08/01@15:10:05,3506,0.21565217,15939.0
2026/08/01@15:10:06,3507,0.110434784,15918.333333333334
2026/08/01@15:10:07,3508,0.2173913,15897.666666666666
2026/08/01@15:10:08,3509,0.194347824,15877.0
2026/08/01@15:10:09,3510,0.237391316,15858.58064516129
2026/08/01@15:10:10,3511,0.232608684,15840.161290322581
2026/08/01@15:10:12,3513,0.30130434,15803.322580645161
2026/08/01@15:10:13,3514,0.24,15784.90322580645
2026/08/01@15:10:14,3515,0.220869568,15766.483870967742
2026/08/01@15:10:15,3516,0.26130436,15748.064516129032
2026/08/01@15:10:16,3517,0.31434784,15729.645161290322
2026/08/01@15:10:17,3518,0.29,15711.225806451614
2026/08/01@15:10:18,3519,0.23956522,15692.806451612903
2026/08/01@15:10:19,3520,0.2652174,15674.387096774193
2026/08/01@15:10:20,3521,0.35826088,15655.967741935485
2026/08/01@15:10:21,3522,0.29217392,15637.548387096775
2026/08/01@15:10:22,3523,0.19391304,15619.129032258064
2026/08/01@15:10:23,3524,0.25304348,15600.709677419354
2026/08/01@15:10:25,3526,0.19652174,15563.870967741936
2026/08/01@15:10:26,3527,0.35,15545.451612903225
2026/08/01@15:10:27,3528,0.336521736,15527.032258064517
2026/08/01@15:10:28,3529,0.32913044,15508.612903225807
2026/08/01@15:10:29,3530,0.25130436,15490.193548387097
2026/08/01@15:10:30,3531,0.24347826,15471.774193548386
2026/08/01@15:10:31,3532,0.23956522,15453.354838709678
2026/08/01@15:10:32,3533,0.42,15434.935483870968
2026/08/01@15:10:33,3534,0.40826088,15416.516129032258
2026/08/01@15:10:34,3535,0.31130436,15398.09677419355
2026/08/01@15:10:35,3536,0.27521738,15379.677419354839
2026/08/01@15:10:36,3537,0.33130434,15361.258064516129
2026/08/01@15:10:38,3539,0.411739136,15324.41935483871
2026/08/01@15:10:39,3540,0.47086956,15306.0
2026/08/01@15:10:40,3541,0.429565216,15287.774193548386
2026/08/01@15:10:41,3542,0.43130434,15269.548387096775
2026/08/01@15:10:42,3543,0.338260868,15251.322580645161
2026/08/01@15:10:43,3544,0.51304348,15233.09677419355
2026/08/01@15:10:44,3545,0.343478268,15214.870967741936
2026/08/01@15:10:45,3546,0.32956524,15196.645161290322
2026/08/01@15:10:46,3547,0.14956522,15178.41935483871
2026/08/01@15:10:47,3548,0.181304352,15160.193548387097
2026/08/01@15:10:48,3549,0.31391304,15141.967741935483
2026/08/01@15:10:49,3550,0.3795652,15123.741935483871
2026/08/01@15:10:51,3552,0.46565216,15087.290322580646
2026/08/01@15:10:52,3553,0.48217392,15069.064516129032
2026/08/01@15:10:53,3554,0.41,15050.838709677419
2026/08/01@15:10:54,3555,0.400869568,15032.612903225807
2026/08/01@15:10:55,3556,0.41956524,15014.387096774193
2026/08/01@15:10:56,3557,0.4021739,14996.161290322581
2026/08/01@15:10:57,3558,0.32956524,14977.935483870968
2026/08/01@15:10:58,3559,0.38608696,14959.709677419354
2026/08/01@15:10:59,3560,0.35913044,14941.483870967742
2026/08/01@15:11:00,3561,0.2969565,14923.258064516129
2026/08/01@15:11:01,3562,0.053043476,14905.032258064515
2026/08/01@15:11:02,3563,0.2173913,14886.806451612903
2026/08/01@15:11:04,3565,0.06,14850.354838709678
2026/08/01@15:11:05,3566,0.15826086,14832.129032258064
2026/08/01@15:11:06,3567,0.04956522,14813.90322580645
2026/08/01@15:11:07,3568,0.08695652,14795.677419354839
2026/08/01@15:11:08,3569,0.110434784,14777.451612903225
2026/08/01@15:11:09,3570,0.201739132,14759.225806451614
2026/08/01@15:11:10,3571,0.107391304,14741.0
2026/08/01@15:11:11,3572,0.07956522,14722.733333333334
2026/08/01@15:11:12,3573,0.10347826,14704.466666666667
2026/08/01@15:11:13,3574,0.190869568,14686.2
2026/08/01@15:11:14,3575,0.29434782,14667.933333333332
2026/08/01@15:11:15,3576,0.336521736,14649.666666666666
2026/08/01@15:11:17,3578,0.31391304,14613.133333333333
2026/08/01@15:11:18,3579,0.454347816,14594.866666666667
2026/08/01@15:11:19,3580,0.346521732,14576.6
2026/08/01@15:11:20,3581,0.44,14558.333333333334
2026/08/01@15:11:21,3582,0.41347826,14540.066666666668
2026/08/01@15:11:22,3583,0.36913044,14521.8
2026/08/01@15:11:23,3584,0.2826087,14503.533333333333
2026/08/01@15:11:24,3585,0.35347824,14485.266666666666
2026/08/01@15:11:25,3586,0.23434782,14467.0
2026/08/01@15:11:26,3587,0.20565218,14448.733333333334
2026/08/01@15:11:27,3588,0.34,14430.466666666667
2026/08/01@15:11:28,3589,0.14130434,14412.2
2026/08/01@15:11:30,3590,0.170434784,14375.666666666666
2026/08/01@15:11:31,3592,0.14086956,14357.4
2026/08/01@15:11:32,3593,0.178695652,14339.133333333333
2026/08/01@15:11:33,3594,0.12739131,14320.866666666667
2026/08/01@15:11:34,3595,0.10391305,14302.6
2026/08/01@15:11:35,3596,0.15782608,14284.333333333334
2026/08/01@15:11:36,3597,0.109130432,14266.066666666668
2026/08/01@15:11:37,3598,0.13913043,14247.8
2026/08/01@15:11:38,3599,0.27304348,14229.533333333333
2026/08/01@15:11:39,3600,0.22565218,14211.266666666666
2026/08/01@15:11:40,3601,0.27,14193.0
2026/08/01@15:11:41,3602,0.29782608,14176.451612903225
2026/08/01@15:11:42,3603,0.30739132,14159.90322580645
2026/08/01@15:11:44,3605,0.2578261,14126.806451612903
2026/08/01@15:11:45,3606,0.38782608,14110.258064516129
2026/08/01@15:11:46,3607,0.404782632,14093.709677419354
2026/08/01@15:11:47,3608,0.4169565,14077.161290322581
2026/08/01@15:11:48,3609,0.3647826,14060.612903225807
2026/08/01@15:11:49,3610,0.35130436,14044.064516129032
2026/08/01@15:11:50,3611,0.5947826,14027.516129032258
2026/08/01@15:11:51,3612,0.47130436,14010.967741935485
2026/08/01@15:11:52,3613,0.37,13994.41935483871
2026/08/01@15:11:53,3614,0.26,13977.870967741936
2026/08/01@15:11:54,3615,0.3478261,13961.322580645161
2026/08/01@15:11:55,3616,0.32782608,13944.774193548386
2026/08/01@15:11:57,3618,0.368260868,13911.677419354839
2026/08/01@15:11:58,3619,0.29913044,13895.129032258064
2026/08/01@15:11:59,3620,0.25608696,13878.58064516129
2026/08/01@15:12:00,3621,0.27,13862.032258064517
2026/08/01@15:12:01,3622,0.200434784,13845.483870967742
2026/08/01@15:12:02,3623,0.17695652,13828.935483870968
2026/08/01@15:12:03,3624,0.3021739,13812.387096774193
2026/08/01@15:12:04,3625,0.04956522,13795.838709677419
2026/08/01@15:12:05,3626,0.12913044,13779.290322580646
2026/08/01@15:12:06,3627,0.0,13762.741935483871
2026/08/01@15:12:07,3628,0.19826088,13746.193548387097
2026/08/01@15:12:08,3629,0.23,13729.645161290322
2026/08/01@15:12:10,3631,0.29782608,13696.548387096775
2026/08/01@15:12:11,3632,0.2426087,13680.0
2026/08/01@15:12:12,3633,0.23652174,13663.516129032258
2026/08/01@15:12:13,3634,0.22608696,13647.032258064517
2026/08/01@15:12:14,3635,0.2852174,13630.548387096775
2026/08/01@15:12:15,3636,0.30913044,13614.064516129032
2026/08/01@15:12:16,3637,0.24652174,13597.58064516129
2026/08/01@15:12:17,3638,0.23956522,13581.09677419355
2026/08/01@15:12:18,3639,0.37,13564.612903225807
2026/08/01@15:12:19,3640,0.2,13548.129032258064
2026/08/01@15:12:20,3641,0.24304348,13531.645161290322
2026/08/01@15:12:21,3642,0.31391304,13515.161290322581
2026/08/01@15:12:23,3644,0.27565216,13482.193548387097
2026/08/01@15:12:24,3645,0.2773913,13465.709677419354
2026/08/01@15:12:25,3646,0.29391304,13449.225806451614
2026/08/01@15:12:26,3647,0.40565216,13432.741935483871
2026/08/01@15:12:27,3648,0.46695652,13416.258064516129
2026/08/01@15:12:28,3649,0.41086956,13399.774193548386
2026/08/01@15:12:29,3650,0.3778261,13383.290322580646
2026/08/01@15:12:30,3651,0.3873913,13366.806451612903
2026/08/01@15:12:31,3652,0.47913044,13350.322580645161
2026/08/01@15:12:32,3653,0.5569565,13333.838709677419
2026/08/01@15:12:33,3654,0.4695652,13317.354838709678
2026/08/01@15:12:34,3655,0.41652172,13300.870967741936
2026/08/01@15:12:36,3657,0.394347816,13267.90322580645
2026/08/01@15:12:37,3658,0.41652172,13251.41935483871
2026/08/01@15:12:38,3659,0.50608692,13234.935483870968
2026/08/01@15:12:39,3660,0.58652176,13218.451612903225
2026/08/01@15:12:40,3661,0.38913044,13201.967741935483
2026/08/01@15:12:41,3662,0.38913044,13185.483870967742
2026/08/01@15:12:42,3663,0.36695652,13169.0
2026/08/01@15:12:43,3664,0.38913044,13152.6
2026/08/01@15:12:44,3665,0.345217368,13136.2
2026/08/01@15:12:45,3666,0.44695652,13119.8
2026/08/01@15:12:46,3667,0.40608696,13103.4
2026/08/01@15:12:47,3668,0.37565216,13087.0
2026/08/01@15:12:49,3670,0.34304348,13054.2
2026/08/01@15:12:50,3671,0.37173912,13037.8
2026/08/01@15:12:51,3672,0.39043476,13021.4
2026/08/01@15:12:52,3673,0.4152174,13005.0
2026/08/01@15:12:53,3674,0.3973913,12988.6
2026/08/01@15:12:54,3675,0.39782608,12972.2
2026/08/01@15:12:55,3676,0.4,12955.8
2026/08/01@15:12:56,3677,0.370869568,12939.4
2026/08/01@15:12:57,3678,0.4178261,12923.0
2026/08/01@15:12:58,3679,0.44304348,12906.6
2026/08/01@15:12:59,3680,0.2878261,12890.2
2026/08/01@15:13:00,3681,0.458260868,12873.8
2026/08/01@15:13:02,3682,0.26043478,12841.0
2026/08/01@15:13:03,3684,0.18913044,12824.6
2026/08/01@15:13:04,3685,0.04478261,12808.2
2026/08/01@15:13:05,3686,0.25434784,12791.8
2026/08/01@15:13:06,3687,0.2804348,12775.4
2026/08/01@15:13:07,3688,0.3873913,12759.0
2026/08/01@15:13:08,3689,0.36217392,12742.6
2026/08/01@15:13:09,3690,0.43695652,12726.2
2026/08/01@15:13:10,3691,0.406521736,12709.8
2026/08/01@15:13:11,3692,0.3652174,12693.4
2026/08/01@15:13:12,3693,0.41652172,12677.0
2026/08/01@15:13:13,3694,0.25347826,12662.032258064517
2026/08/01@15:13:14,3695,0.051304348,12647.064516129032
2026/08/01@15:13:16,3697,0.10304348,12617.129032258064
2026/08/01@15:13:17,3698,0.063043476,12602.161290322581
2026/08/01@15:13:18,3699,0.25869566,12587.193548387097
2026/08/01@15:13:19,3700,0.2747826,12572.225806451614
2026/08/01@15:13:20,3701,0.32,12557.258064516129
2026/08/01@15:13:21,3702,0.355652184,12542.290322580646
2026/08/01@15:13:22,3703,0.4604348,12527.322580645161
2026/08/01@15:13:23,3704,0.38956524,12512.354838709678
2026/08/01@15:13:24,3705,0.5008696,12497.387096774193
2026/08/01@15:13:25,3706,0.33173912,12482.41935483871
2026/08/01@15:13:26,3707,0.33086956,12467.451612903225
2026/08/01@15:13:27,3708,0.385652184,12452.483870967742
2026/08/01@15:13:29,3710,0.3773913,12422.548387096775
2026/08/01@15:13:30,3711,0.28869566,12407.58064516129
2026/08/01@15:13:31,3712,0.32,12392.612903225807
2026/08/01@15:13:32,3713,0.27173912,12377.645161290322
2026/08/01@15:13:33,3714,0.07826087,12362.677419354839
2026/08/01@15:13:34,3715,0.20956522,12347.709677419354
2026/08/01@15:13:35,3716,0.1973913,12332.741935483871
2026/08/01@15:13:36,3717,0.05652174,12317.774193548386
2026/08/01@15:13:37,3718,0.112173912,12302.806451612903
2026/08/01@15:13:38,3719,0.078695656,12287.838709677419
2026/08/01@15:13:39,3720,0.10521739,12272.870967741936
2026/08/01@15:13:40,3721,0.000434782632,12257.90322580645
2026/08/01@15:13:42,3723,0.05478261,12227.967741935485
2026/08/01@15:13:43,3724,0.2652174,12213.0
2026/08/01@15:13:44,3725,0.18695652,12197.677419354839
2026/08/01@15:13:45,3726,0.2852174,12182.354838709678
2026/08/01@15:13:46,3727,0.26652176,12167.032258064517
2026/08/01@15:13:47,3728,0.35347824,12151.709677419354
2026/08/01@15:13:48,3729,0.40391304,12136.387096774193
2026/08/01@15:13:49,3730,0.4078261,12121.064516129032
2026/08/01@15:13:50,3731,0.441739136,12105.741935483871
2026/08/01@15:13:51,3732,0.50173916,12090.41935483871
2026/08/01@15:13:52,3733,0.30913044,12075.09677419355
2026/08/01@15:13:53,3734,0.36565216,12059.774193548386
2026/08/01@15:13:55,3736,0.04956522,12029.129032258064
2026/08/01@15:13:56,3737,0.18,12013.806451612903
2026/08/01@15:13:57,3738,0.069565216,11998.483870967742
2026/08/01@15:13:58,3739,0.18043478,11983.161290322581
2026/08/01@15:13:59,3740,0.2669565,11967.838709677419
2026/08/01@15:14:00,3741,0.35304348,11952.516129032258
2026/08/01@15:14:01,3742,0.39086956,11937.193548387097
2026/08/01@15:14:02,3743,0.36391304,11921.870967741936
2026/08/01@15:14:03,3744,0.404782632,11906.548387096775
2026/08/01@15:14:04,3745,0.36739132,11891.225806451614
2026/08/01@15:14:05,3746,0.41826088,11875.90322580645
2026/08/01@15:14:06,3747,0.26565218,11860.58064516129
2026/08/01@15:14:08,3749,0.1852174,11829.935483870968
2026/08/01@15:14:09,3750,0.053043476,11814.612903225807
2026/08/01@15:14:10,3751,0.0030434784,11799.290322580646
2026/08/01@15:14:11,3752,0.21695652,11783.967741935485
2026/08/01@15:14:12,3753,0.27869564,11768.645161290322
2026/08/01@15:14:13,3754,0.24652174,11753.322580645161
2026/08/01@15:14:14,3755,0.3873913,11738.0
2026/08/01@15:14:15,3756,0.4078261,11723.3
2026/08/01@15:14:16,3757,0.40565216,11708.6
2026/08/01@15:14:17,3758,0.4230435,11693.9
2026/08/01@15:14:18,3759,0.31608696,11679.2
2026/08/01@15:14:19,3760,0.32434782,11664.5
2026/08/01@15:14:21,3762,0.379130432,11635.1
2026/08/01@15:14:22,3763,0.26217392,11620.4
2026/08/01@15:14:23,3764,0.19695652,11605.7
2026/08/01@15:14:24,3765,0.051304348,11591.0
2026/08/01@15:14:25,3766,0.08,11576.3
2026/08/01@15:14:26,3767,0.0,11561.6
2026/08/01@15:14:27,3768,0.0,11546.9
2026/08/01@15:14:28,3769,0.19391304,11532.2
2026/08/01@15:14:29,3770,0.28695652,11517.5
2026/08/01@15:14:30,3771,0.2152174,11502.8
2026/08/01@15:14:31,3772,0.33782608,11488.1
2026/08/01@15:14:32,3773,0.343478268,11473.4
2026/08/01@15:14:33,3774,0.43391304,11458.7
2026/08/01@15:14:35,3776,0.344782632,11429.3
2026/08/01@15:14:36,3777,0.37869568,11414.6
2026/08/01@15:14:37,3778,0.36347828,11399.9
2026/08/01@15:14:38,3779,0.3647826,11385.2
2026/08/01@15:14:39,3780,0.047391304,11370.5
2026/08/01@15:14:40,3781,0.187391316,11355.8
2026/08/01@15:14:41,3782,0.080434784,11341.1
2026/08/01@15:14:42,3783,0.2721739,11326.4
2026/08/01@15:14:43,3784,0.060869564,11311.7
2026/08/01@15:14:44,3785,0.31086956,11297.0
2026/08/01@15:14:45,3786,0.18304348,11283.870967741936
2026/08/01@15:14:46,3787,0.36652176,11270.741935483871
2026/08/01@15:14:48,3789,0.38086956,11244.483870967742
2026/08/01@15:14:49,3790,0.394347816,11231.354838709678
2026/08/01@15:14:50,3791,0.38434784,11218.225806451614
2026/08/01@15:14:51,3792,0.4321739,11205.09677419355
2026/08/01@15:14:52,3793,0.38956524,11191.967741935483
2026/08/01@15:14:53,3794,0.45608696,11178.838709677419
2026/08/01@15:14:54,3795,0.44391304,11165.709677419354
2026/08/01@15:14:55,3796,0.398260868,11152.58064516129
2026/08/01@15:14:56,3797,0.35652172,11139.451612903225
2026/08/01@15:14:57,3798,0.37869568,11126.322580645161
2026/08/01@15:14:58,3799,0.58913048,11113.193548387097
2026/08/01@15:14:59,3800,0.6173913,11100.064516129032
2026/08/01@15:15:01,3802,0.54347824,11073.806451612903
2026/08/01@15:15:02,3803,0.3773913,11060.677419354839
2026/08/01@15:15:03,3804,0.2821739,11047.548387096775
2026/08/01@15:15:04,3805,0.380434784,11034.41935483871
2026/08/01@15:15:05,3806,0.36043476,11021.290322580646
2026/08/01@15:15:06,3807,0.373478268,11008.161290322581
2026/08/01@15:15:07,3808,0.385652184,10995.032258064517
2026/08/01@15:15:08,3809,0.3773913,10981.90322580645
2026/08/01@15:15:09,3810,0.35652172,10968.774193548386
2026/08/01@15:15:10,3811,0.31478262,10955.645161290322
2026/08/01@15:15:11,3812,0.24869566,10942.516129032258
2026/08/01@15:15:12,3813,0.08304348,10929.387096774193
2026/08/01@15:15:14,3815,0.047391304,10903.129032258064
2026/08/01@15:15:15,3816,0.27130434,10890.0
2026/08/01@15:15:16,3817,0.33086956,10877.290322580646
2026/08/01@15:15:17,3818,0.38913044,10864.58064516129
2026/08/01@15:15:18,3819,0.44130436,10851.870967741936
2026/08/01@15:15:19,3820,0.5273913,10839.161290322581
2026/08/01@15:15:20,3821,0.40565216,10826.451612903225
2026/08/01@15:15:21,3822,0.2878261,10813.741935483871
2026/08/01@15:15:22,3823,0.1526087,10801.032258064517
2026/08/01@15:15:23,3824,0.05826087,10788.322580645161
2026/08/01@15:15:24,3825,0.113913048,10775.612903225807
2026/08/01@15:15:25,3826,0.231304352,10762.90322580645
2026/08/01@15:15:27,3828,0.28391304,10737.483870967742
2026/08/01@15:15:28,3829,0.3343478,10724.774193548386
2026/08/01@15:15:29,3830,0.29565218,10712.064516129032
2026/08/01@15:15:30,3831,0.30304348,10699.354838709678
2026/08/01@15:15:31,3832,0.3573913,10686.645161290322
2026/08/01@15:15:32,3833,0.4021739,10673.935483870968
2026/08/01@15:15:33,3834,0.43304348,10661.225806451614
2026/08/01@15:15:34,3835,0.368260868,10648.516129032258
2026/08/01@15:15:35,3836,0.4795652,10635.806451612903
2026/08/01@15:15:36,3837,0.480434784,10623.09677419355
2026/08/01@15:15:37,3838,0.29434782,10610.387096774193
2026/08/01@15:15:38,3839,0.38086956,10597.677419354839
2026/08/01@15:15:40,3841,0.3178261,10572.258064516129
2026/08/01@15:15:41,3842,0.21086956,10559.548387096775
2026/08/01@15:15:42,3843,0.26217392,10546.838709677419
2026/08/01@15:15:43,3844,0.113913048,10534.129032258064
2026/08/01@15:15:44,3845,0.052608696,10521.41935483871
2026/08/01@15:15:45,3846,0.0,10508.709677419354
2026/08/01@15:15:46,3847,0.10391305,10496.0
2026/08/01@15:15:47,3848,0.25,10482.9
2026/08/01@15:15:48,3849,0.2630435,10469.8
2026/08/01@15:15:49,3850,0.2273913,10456.7
2026/08/01@15:15:50,3851,0.25130436,10443.6
2026/08/01@15:15:51,3852,0.399565216,10430.5
2026/08/01@15:15:53,3854,0.4073913,10404.3
2026/08/01@15:15:54,3855,0.478695636,10391.2
2026/08/01@15:15:55,3856,0.41652172,10378.1
2026/08/01@15:15:56,3857,0.47913044,10365.0
2026/08/01@15:15:57,3858,0.476086936,10351.9
2026/08/01@15:15:58,3859,0.49565216,10338.8
2026/08/01@15:15:59,3860,0.40826088,10325.7
2026/08/01@15:16:00,3861,0.373478268,10312.6
2026/08/01@15:16:01,3862,0.404782632,10299.5
2026/08/01@15:16:02,3863,0.37173912,10286.4
2026/08/01@15:16:03,3864,0.3026087,10273.3
2026/08/01@15:16:04,3865,0.052608696,10260.2
2026/08/01@15:16:06,3867,0.20565218,10234.0
2026/08/01@15:16:07,3868,0.06,10220.9
2026/08/01@15:16:08,3869,0.09565217,10207.8
2026/08/01@15:16:09,3870,0.14652173,10194.7
2026/08/01@15:16:10,3871,0.18913044,10181.6
2026/08/01@15:16:11,3872,0.23,10168.5
2026/08/01@15:16:12,3873,0.38956524,10155.4
2026/08/01@15:16:13,3874,0.435217368,10142.3
2026/08/01@15:16:14,3875,0.38608696,10129.2
2026/08/01@15:16:15,3876,0.5008696,10116.1
2026/08/01@15:16:16,3877,0.3478261,10103.0
2026/08/01@15:16:17,3878,0.27304348,10091.354838709678
2026/08/01@15:16:18,3879,0.21391304,10079.709677419354
2026/08/01@15:16:20,3881,0.06130435,10056.41935483871
2026/08/01@15:16:21,3882,0.1226087,10044.774193548386
2026/08/01@15:16:22,3883,0.2226087,10033.129032258064
2026/08/01@15:16:23,3884,0.21782608,10021.483870967742
2026/08/01@15:16:24,3885,0.3852174,10009.838709677419
2026/08/01@15:16:25,3886,0.40826088,9998.193548387097
2026/08/01@15:16:26,3887,0.50173916,9986.548387096775
2026/08/01@15:16:27,3888,0.4526087,9974.90322580645
2026/08/01@15:16:28,3889,0.40391304,9963.258064516129
2026/08/01@15:16:29,3890,0.34391304,9951.612903225807
2026/08/01@15:16:30,3891,0.3569565,9939.967741935483
2026/08/01@15:16:31,3892,0.29391304,9928.322580645161
2026/08/01@15:16:33,3894,0.21086956,9905.032258064517
2026/08/01@15:16:34,3895,0.20217392,9893.387096774193
2026/08/01@15:16:35,3896,0.12782608,9881.741935483871
2026/08/01@15:16:36,3897,0.0,9870.09677419355
2026/08/01@15:16:37,3898,0.16173912,9858.451612903225
2026/08/01@15:16:38,3899,0.2773913,9846.806451612903
2026/08/01@15:16:39,3900,0.22391304,9835.161290322581
2026/08/01@15:16:40,3901,0.29,9823.516129032258
2026/08/01@15:16:41,3902,0.1926087,9811.870967741936
2026/08/01@15:16:42,3903,0.351739136,9800.225806451614
2026/08/01@15:16:43,3904,0.391304352,9788.58064516129
2026/08/01@15:16:44,3905,0.440434784,9776.935483870968
2026/08/01@15:16:46,3907,0.3973913,9753.645161290322
2026/08/01@15:16:47,3908,0.39086956,9742.0
2026/08/01@15:16:48,3909,0.28434784,9730.129032258064
2026/08/01@15:16:49,3910,0.17695652,9718.258064516129
2026/08/01@15:16:50,3911,0.052608696,9706.387096774193
2026/08/01@15:16:51,3912,0.24130436,9694.516129032258
2026/08/01@15:16:52,3913,0.27173912,9682.645161290322
2026/08/01@15:16:53,3914,0.32956524,9670.774193548386
2026/08/01@15:16:54,3915,0.39565218,9658.90322580645
2026/08/01@15:16:55,3916,0.406521736,9647.032258064517
2026/08/01@15:16:56,3917,0.46,9635.161290322581
2026/08/01@15:16:57,3918,0.5747826,9623.290322580646
2026/08/01@15:16:59,3919,0.3547826,9599.548387096775
2026/08/01@15:17:00,3921,0.3647826,9587.677419354839
2026/08/01@15:17:01,3922,0.37565216,9575.806451612903
2026/08/01@15:17:02,3923,0.3330435,9563.935483870968
2026/08/01@15:17:03,3924,0.32304348,9552.064516129032
2026/08/01@15:17:04,3925,0.2969565,9540.193548387097
2026/08/01@15:17:05,3926,0.30391306,9528.322580645161
2026/08/01@15:17:06,3927,0.17826086,9516.451612903225
2026/08/01@15:17:07,3928,0.12869565,9504.58064516129
2026/08/01@15:17:08,3929,0.0,9492.709677419354
2026/08/01@15:17:09,3930,0.18391304,9480.838709677419
2026/08/01@15:17:10,3931,0.2804348,9468.967741935483
2026/08/01@15:17:11,3932,0.29347824,9457.09677419355
2026/08/01@15:17:13,3934,0.3926087,9433.354838709678
2026/08/01@15:17:14,3935,0.43,9421.483870967742
2026/08/01@15:17:15,3936,0.48782608,9409.612903225807
2026/08/01@15:17:16,3937,0.3421739,9397.741935483871
2026/08/01@15:17:17,3938,0.41347826,9385.870967741936
2026/08/01@15:17:18,3939,0.19826088,9374.0
2026/08/01@15:17:19,3940,0.19173912,9362.354838709678
2026/08/01@15:17:20,3941,0.0,9350.709677419354
2026/08/01@15:17:21,3942,0.20956522,9339.064516129032
2026/08/01@15:17:22,3943,0.32826088,9327.41935483871
2026/08/01@15:17:23,3944,0.26391304,9315.774193548386
2026/08/01@15:17:24,3945,0.39086956,9304.129032258064
2026/08/01@15:17:26,3947,0.4347826,9280.838709677419
2026/08/01@15:17:27,3948,0.448695636,9269.193548387097
2026/08/01@15:17:28,3949,0.496521736,9257.548387096775
2026/08/01@15:17:29,3950,0.29173914,9245.90322580645
2026/08/01@15:17:30,3951,0.43173912,9234.258064516129
2026/08/01@15:17:31,3952,0.36565216,9222.612903225807
2026/08/01@15:17:32,3953,0.12956522,9210.967741935483
2026/08/01@15:17:33,3954,0.15695652,9199.322580645161
2026/08/01@15:17:34,3955,0.05652174,9187.677419354839
2026/08/01@15:17:35,3956,0.048695652,9176.032258064517
2026/08/01@15:17:36,3957,0.09,9164.387096774193
2026/08/01@15:17:37,3958,0.08608696,9152.741935483871
2026/08/01@15:17:39,3960,0.3078261,9129.451612903225
2026/08/01@15:17:40,3961,0.26347824,9117.806451612903
2026/08/01@15:17:41,3962,0.27,9106.161290322581
2026/08/01@15:17:42,3963,0.39217392,9094.516129032258
2026/08/01@15:17:43,3964,0.3247826,9082.870967741936
2026/08/01@15:17:44,3965,0.43695652,9071.225806451614
2026/08/01@15:17:45,3966,0.29782608,9059.58064516129
2026/08/01@15:17:46,3967,0.3726087,9047.935483870968
2026/08/01@15:17:47,3968,0.41434784,9036.290322580646
2026/08/01@15:17:48,3969,0.40391304,9024.645161290322
2026/08/01@15:17:49,3970,0.4721739,9013.0
2026/08/01@15:17:50,3971,0.36086956,9001.3
2026/08/01@15:17:52,3973,0.388695636,8977.9
2026/08/01@15:17:53,3974,0.27347828,8966.2
2026/08/01@15:17:54,3975,0.187391316,8954.5
2026/08/01@15:17:55,3976,0.067391304,8942.8
2026/08/01@15:17:56,3977,0.000434782632,8931.1
2026/08/01@15:17:57,3978,0.13565217,8919.4
2026/08/01@15:17:58,3979,0.33695652,8907.7
2026/08/01@15:17:59,3980,0.33695652,8896.0
2026/08/01@15:18:00,3981,0.416086936,8884.3
2026/08/01@15:18:01,3982,0.43347828,8872.6
2026/08/01@15:18:02,3983,0.4456522,8860.9
2026/08/01@15:18:03,3984,0.45173912,8849.2
2026/08/01@15:18:05,3986,0.35304348,8825.8
2026/08/01@15:18:06,3987,0.37695652,8814.1
2026/08/01@15:18:07,3988,0.42695652,8802.4
2026/08/01@15:18:08,3989,0.339565216,8790.7
2026/08/01@15:18:09,3990,0.26173912,8779.0
2026/08/01@15:18:10,3991,0.21869566,8767.3
2026/08/01@15:18:11,3992,0.09391304,8755.6
2026/08/01@15:18:12,3993,0.2595652,8743.9
2026/08/01@15:18:13,3994,0.336521736,8732.2
2026/08/01@15:18:14,3995,0.3721739,8720.5
2026/08/01@15:18:15,3996,0.42130436,8708.8
2026/08/01@15:18:16,3997,0.41826088,8697.1
2026/08/01@15:18:18,3999,0.4,8673.7
2026/08/01@15:18:19,4000,0.3078261,8662.0
2026/08/01@15:18:20,4001,0.26913044,8651.0
2026/08/01@15:18:21,4002,0.069565216,8640.0
2026/08/01@15:18:22,4003,0.14652173,8629.0
2026/08/01@15:18:23,4004,0.27913044,8618.0
2026/08/01@15:18:24,4005,0.45086956,8607.0
2026/08/01@15:18:25,4006,0.409130432,8596.0
2026/08/01@15:18:26,4007,0.4226087,8585.0
2026/08/01@15:18:27,4008,0.380434784,8574.0
2026/08/01@15:18:28,4009,0.37869568,8563.0
2026/08/01@15:18:29,4010,0.45043476,8552.0
2026/08/01@15:18:31,4012,0.33347828,8530.0
2026/08/01@15:18:32,4013,0.33,8519.0
2026/08/01@15:18:33,4014,0.38086956,8508.0
2026/08/01@15:18:34,4015,0.3404348,8497.0
2026/08/01@15:18:35,4016,0.2969565,8486.0
2026/08/01@15:18:36,4017,0.236086936,8475.0
2026/08/01@15:18:37,4018,0.10521739,8464.0
2026/08/01@15:18:38,4019,0.02,8453.0
2026/08/01@15:18:39,4020,0.2926087,8442.0
2026/08/01@15:18:40,4021,0.345217368,8431.0
2026/08/01@15:18:41,4022,0.36913044,8420.0
2026/08/01@15:18:42,4023,0.33782608,8409.0
2026/08/01@15:18:44,4025,0.37434784,8387.0
2026/08/01@15:18:45,4026,0.3778261,8376.0
2026/08/01@15:18:46,4027,0.4226087,8365.0
2026/08/01@15:18:47,4028,0.4321739,8354.0
2026/08/01@15:18:48,4029,0.46,8343.0
2026/08/01@15:18:49,4030,0.45086956,8332.0
2026/08/01@15:18:50,4031,0.51521736,8321.0
2026/08/01@15:18:51,4032,0.38347824,8310.032258064517
2026/08/01@15:18:52,4033,0.28173912,8299.064516129032
2026/08/01@15:18:53,4034,0.36869564,8288.09677419355
2026/08/01@15:18:54,4035,0.36043476,8277.129032258064
2026/08/01@15:18:55,4036,0.35217392,8266.161290322581
2026/08/01@15:18:57,4038,0.26652176,8244.225806451614
2026/08/01@15:18:58,4039,0.14086956,8233.258064516129
2026/08/01@15:18:59,4040,0.178695652,8222.290322580646
2026/08/01@15:19:00,4041,0.030434782,8211.322580645161
2026/08/01@15:19:01,4042,0.199130432,8200.354838709678
2026/08/01@15:19:02,4043,0.25434784,8189.387096774193
2026/08/01@15:19:03,4044,0.224347824,8178.419354838709
2026/08/01@15:19:04,4045,0.31304348,8167.451612903225
2026/08/01@15:19:05,4046,0.38782608,8156.483870967742
2026/08/01@15:19:06,4047,0.37565216,8145.5161290322585
2026/08/01@15:19:07,4048,0.406521736,8134.548387096775
2026/08/01@15:19:08,4049,0.44695652,8123.580645161291
2026/08/01@15:19:10,4051,0.4073913,8101.645161290323
2026/08/01@15:19:11,4052,0.351739136,8090.677419354839
2026/08/01@15:19:12,4053,0.39652176,8079.709677419355
2026/08/01@15:19:13,4054,0.5169565,8068.741935483871
2026/08/01@15:19:14,4055,0.44347826,8057.774193548387
2026/08/01@15:19:15,4056,0.55608696,8046.806451612903
2026/08/01@15:19:16,4057,0.39217392,8035.8387096774195
2026/08/01@15:19:17,4058,0.38130436,8024.870967741936
2026/08/01@15:19:18,4059,0.32086956,8013.903225806452
2026/08/01@15:19:19,4060,0.41304348,8002.935483870968
2026/08/01@15:19:20,4061,0.380434784,7991.967741935484
2026/08/01@15:19:21,4062,0.2852174,7981.0
2026/08/01@15:19:23,4064,0.28173912,7959.0
2026/08/01@15:19:24,4065,0.237391316,7948.0
2026/08/01@15:19:25,4066,0.21086956,7937.0
2026/08/01@15:19:26,4067,0.2273913,7926.0
2026/08/01@15:19:27,4068,0.08130435,7915.0
2026/08/01@15:19:28,4069,0.060869564,7904.0
2026/08/01@15:19:29,4070,0.16521738,7893.0
2026/08/01@15:19:30,4071,0.15304348,7882.0
2026/08/01@15:19:31,4072,0.31130436,7871.0
2026/08/01@15:19:32,4073,0.31608696,7860.0
2026/08/01@15:19:33,4074,0.4230435,7849.0
2026/08/01@15:19:34,4075,0.399565216,7838.0
2026/08/01@15:19:36,4077,0.5182609,7816.0
2026/08/01@15:19:37,4078,0.34173912,7805.0
2026/08/01@15:19:38,4079,0.38347824,7794.0
2026/08/01@15:19:39,4080,0.12782608,7783.0
2026/08/01@15:19:40,4081,0.17347826,7772.0
2026/08/01@15:19:41,4082,0.025652174,7761.0
2026/08/01@15:19:42,4083,0.23304348,7750.0
2026/08/01@15:19:43,4084,0.27913044,7739.0
2026/08/01@15:19:44,4085,0.2078261,7728.0
2026/08/01@15:19:45,4086,0.2926087,7717.0
2026/08/01@15:19:46,4087,0.4073913,7706.0
2026/08/01@15:19:47,4088,0.41304348,7695.0
2026/08/01@15:19:49,4090,0.44130436,7673.0
2026/08/01@15:19:50,4091,0.38260868,7662.0
2026/08/01@15:19:51,4092,0.4026087,7651.0
2026/08/01@15:19:52,4093,0.375217368,7640.290322580645
2026/08/01@15:19:53,4094,0.3778261,7629.580645161291
2026/08/01@15:19:54,4095,0.37565216,7618.870967741936
2026/08/01@15:19:55,4096,0.24695652,7608.1612903225805
2026/08/01@15:19:56,4097,0.23,7597.451612903225
2026/08/01@15:19:57,4098,0.045652172,7586.741935483871
2026/08/01@15:19:58,4099,0.3569565,7576.032258064516
2026/08/01@15:19:59,4100,0.37608696,7565.322580645161
2026/08/01@15:20:00,4101,0.32652172,7554.612903225807
2026/08/01@15:20:02,4102,0.36217392,7533.193548387097
2026/08/01@15:20:03,4104,0.25695652,7522.483870967742
2026/08/01@15:20:04,4105,0.29173914,7511.774193548387
2026/08/01@15:20:05,4106,0.2747826,7501.064516129032
2026/08/01@15:20:06,4107,0.3552174,7490.354838709677
2026/08/01@15:20:07,4108,0.2526087,7479.645161290323
2026/08/01@15:20:08,4109,0.18565216,7468.935483870968
2026/08/01@15:20:09,4110,0.11782609,7458.225806451613
2026/08/01@15:20:10,4111,0.067826088,7447.5161290322585
2026/08/01@15:20:11,4112,0.0,7436.806451612903
2026/08/01@15:20:12,4113,0.04695652,7426.096774193548
2026/08/01@15:20:13,4114,0.04478261,7415.387096774193
2026/08/01@15:20:14,4115,0.017391304,7404.677419354839
2026/08/01@15:20:16,4117,0.10391305,7383.258064516129
2026/08/01@15:20:17,4118,0.047826084,7372.548387096775
2026/08/01@15:20:18,4119,0.113913048,7361.8387096774195
2026/08/01@15:20:19,4120,0.074347824,7351.129032258064
2026/08/01@15:20:20,4121,0.19347826,7340.419354838709
2026/08/01@15:20:21,4122,0.33,7329.709677419355
2026/08/01@15:20:22,4123,0.2504348,7319.0
2026/08/01@15:20:23,4124,0.21304348,7309.096774193548
2026/08/01@15:20:24,4125,0.26,7299.193548387097
2026/08/01@15:20:25,4126,0.43869564,7289.290322580645
2026/08/01@15:20:26,4127,0.400869568,7279.387096774193
2026/08/01@15:20:27,4128,0.441739136,7269.4838709677415
2026/08/01@15:20:29,4130,0.42173912,7249.677419354839
2026/08/01@15:20:30,4131,0.4795652,7239.774193548387
2026/08/01@15:20:31,4132,0.38391304,7229.870967741936
2026/08/01@15:20:32,4133,0.47130436,7219.967741935484
2026/08/01@15:20:33,4134,0.4078261,7210.064516129032
2026/08/01@15:20:34,4135,0.38260868,7200.1612903225805
2026/08/01@15:20:35,4136,0.4147826,7190.258064516129
2026/08/01@15:20:36,4137,0.39782608,7180.354838709677
2026/08/01@15:20:37,4138,0.338260868,7170.451612903225
2026/08/01@15:20:38,4139,0.26217392,7160.548387096775
2026/08/01@15:20:39,4140,0.22956522,7150.645161290323
2026/08/01@15:20:40,4141,0.21695652,7140.741935483871
2026/08/01@15:20:42,4143,0.248260868,7120.935483870968
2026/08/01@15:20:43,4144,0.16652174,7111.032258064516
2026/08/01@15:20:44,4145,0.043913044,7101.129032258064
2026/08/01@15:20:45,4146,0.02826087,7091.225806451613
2026/08/01@15:20:46,4147,0.3043478,7081.322580645161
2026/08/01@15:20:47,4148,0.3047826,7071.419354838709
2026/08/01@15:20:48,4149,0.17217392,7061.5161290322585
2026/08/01@15:20:49,4150,0.398260868,7051.612903225807
2026/08/01@15:20:50,4151,0.394347816,7041.709677419355
2026/08/01@15:20:51,4152,0.35391304,7031.806451612903
2026/08/01@15:20:52,4153,0.373478268,7021.903225806452
2026/08/01@15:20:53,4154,0.36347828,7012.0
2026/08/01@15:20:55,4156,0.3573913,6990.967741935484
2026/08/01@15:20:56,4157,0.42086956,6980.451612903225
2026/08/01@15:20:57,4158,0.36217392,6969.935483870968
2026/08/01@15:20:58,4159,0.23434782,6959.419354838709
2026/08/01@15:20:59,4160,0.25434784,6948.903225806452
2026/08/01@15:21:00,4161,0.100869568,6938.387096774193
2026/08/01@15:21:01,4162,0.17,6927.870967741936
2026/08/01@15:21:02,4163,0.08173913,6917.354838709677
2026/08/01@15:21:03,4164,0.03173913,6906.8387096774195
2026/08/01@15:21:04,4165,0.015652174,6896.322580645161
2026/08/01@15:21:05,4166,0.24869566,6885.806451612903
2026/08/01@15:21:06,4167,0.338260868,6875.290322580645
2026/08/01@15:21:08,4169,0.31826088,6854.258064516129
2026/08/01@15:21:09,4170,0.399565216,6843.741935483871
2026/08/01@15:21:10,4171,0.3726087,6833.225806451613
2026/08/01@15:21:11,4172,0.3930435,6822.709677419355
2026/08/01@15:21:12,4173,0.40130432,6812.193548387097
2026/08/01@15:21:13,4174,0.44652172,6801.677419354839
2026/08/01@15:21:14,4175,0.48608696,6791.1612903225805
2026/08/01@15:21:15,4176,0.5521739,6780.645161290323
2026/08/01@15:21:16,4177,0.32434782,6770.129032258064
2026/08/01@15:21:17,4178,0.3973913,6759.612903225807
2026/08/01@15:21:18,4179,0.3247826,6749.096774193548
2026/08/01@15:21:19,4180,0.29782608,6738.580645161291
2026/08/01@15:21:21,4182,0.07826087,6717.548387096775
2026/08/01@15:21:22,4183,0.072608696,6707.032258064516
2026/08/01@15:21:23,4184,0.053043476,6696.516129032258
2026/08/01@15:21:24,4185,0.0,6686.0
2026/08/01@15:21:25,4186,0.14434783,6675.333333333333
2026/08/01@15:21:26,4187,0.19652174,6664.666666666667
2026/08/01@15:21:27,4188,0.22391304,6654.0
2026/08/01@15:21:28,4189,0.35304348,6643.333333333333
2026/08/01@15:21:29,4190,0.19173912,6632.666666666667
2026/08/01@15:21:30,4191,0.33086956,6622.0
2026/08/01@15:21:31,4192,0.4678261,6611.333333333333
2026/08/01@15:21:32,4193,0.27565216,6600.666666666667
2026/08/01@15:21:34,4194,0.33173912,6579.333333333333
2026/08/01@15:21:35,4196,0.30304348,6568.666666666667
2026/08/01@15:21:36,4197,0.350434784,6558.0
2026/08/01@15:21:37,4198,0.3930435,6547.333333333333
2026/08/01@15:21:38,4199,0.37173912,6536.666666666667
2026/08/01@15:21:39,4200,0.3947826,6526.0
2026/08/01@15:21:40,4201,0.3869565,6515.333333333333
2026/08/01@15:21:41,4202,0.4078261,6504.666666666667
2026/08/01@15:21:42,4203,0.41304348,6494.0
2026/08/01@15:21:43,4204,0.3573913,6483.333333333333
2026/08/01@15:21:44,4205,0.18173914,6472.666666666667
2026/08/01@15:21:45,4206,0.34391304,6462.0
2026/08/01@15:21:46,4207,0.30956522,6451.333333333333
2026/08/01@15:21:48,4209,0.21304348,6430.0
2026/08/01@15:21:49,4210,0.195652176,6419.333333333333
2026/08/01@15:21:50,4211,0.21782608,6408.666666666667
2026/08/01@15:21:51,4212,0.20347826,6398.0
2026/08/01@15:21:52,4213,0.236086936,6387.333333333333
2026/08/01@15:21:53,4214,0.28565216,6376.666666666667
2026/08/01@15:21:54,4215,0.2073913,6366.0
2026/08/01@15:21:55,4216,0.15304348,6355.870967741936
2026/08/01@15:21:56,4217,0.10521739,6345.741935483871
2026/08/01@15:21:57,4218,0.0,6335.612903225807
2026/08/01@15:21:58,4219,0.10478261,6325.4838709677415
2026/08/01@15:21:59,4220,0.10304348,6315.354838709677
2026/08/01@15:22:01,4222,0.040869564,6295.096774193548
2026/08/01@15:22:02,4223,0.24869566,6284.967741935484
2026/08/01@15:22:03,4224,0.28565216,6274.8387096774195
2026/08/01@15:22:04,4225,0.27130434,6264.709677419355
2026/08/01@15:22:05,4226,0.3926087,6254.580645161291
2026/08/01@15:22:06,4227,0.3795652,6244.451612903225
2026/08/01@15:22:07,4228,0.370869568,6234.322580645161
2026/08/01@15:22:08,4229,0.35130436,6224.193548387097
2026/08/01@15:22:09,4230,0.38391304,6214.064516129032
2026/08/01@15:22:10,4231,0.3347826,6203.935483870968
2026/08/01@15:22:11,4232,0.3330435,6193.806451612903
2026/08/01@15:22:12,4233,0.28695652,6183.677419354839
2026/08/01@15:22:14,4235,0.231304352,6163.419354838709
2026/08/01@15:22:15,4236,0.23565218,6153.290322580645
2026/08/01@15:22:16,4237,0.17826086,6143.1612903225805
2026/08/01@15:22:17,4238,0.25695652,6133.032258064516
2026/08/01@15:22:18,4239,0.07782609,6122.903225806452
2026/08/01@15:22:19,4240,0.0,6112.774193548387
2026/08/01@15:22:20,4241,0.048695652,6102.645161290323
2026/08/01@15:22:21,4242,0.109130432,6092.516129032258
2026/08/01@15:22:22,4243,0.2878261,6082.387096774193
2026/08/01@15:22:23,4244,0.14086956,6072.258064516129
2026/08/01@15:22:24,4245,0.25869566,6062.129032258064
2026/08/01@15:22:25,4246,0.0052173916,6052.0
2026/08/01@15:22:27,4248,0.0,6031.870967741936
2026/08/01@15:22:28,4249,0.15,6021.806451612903
2026/08/01@15:22:29,4250,0.04043478,6011.741935483871
2026/08/01@15:22:30,4251,0.053043476,6001.677419354839
2026/08/01@15:22:31,4252,0.201739132,5991.612903225807
2026/08/01@15:22:32,4253,0.27652174,5981.548387096775
2026/08/01@15:22:33,4254,0.31826088,5971.4838709677415
2026/08/01@15:22:34,4255,0.36086956,5961.419354838709
2026/08/01@15:22:35,4256,0.3873913,5951.354838709677
2026/08/01@15:22:36,4257,0.3026087,5941.290322580645
2026/08/01@15:22:37,4258,0.455652184,5931.225806451613
2026/08/01@15:22:38,4259,0.398260868,5921.1612903225805
2026/08/01@15:22:40,4261,0.3926087,5901.032258064516
2026/08/01@15:22:41,4262,0.39782608,5890.967741935484
2026/08/01@15:22:42,4263,0.5747826,5880.903225806452
2026/08/01@15:22:43,4264,0.55347824,5870.8387096774195
2026/08/01@15:22:44,4265,0.3330435,5860.774193548387
2026/08/01@15:22:45,4266,0.358695636,5850.709677419355
2026/08/01@15:22:46,4267,0.35913044,5840.645161290323
2026/08/01@15:22:47,4268,0.40565216,5830.580645161291
2026/08/01@15:22:48,4269,0.44391304,5820.5161290322585
2026/08/01@15:22:49,4270,0.4078261,5810.451612903225
2026/08/01@15:22:50,4271,0.399565216,5800.387096774193
2026/08/01@15:22:51,4272,0.339565216,5790.322580645161
2026/08/01@15:22:53,4274,0.370869568,5770.193548387097
2026/08/01@15:22:54,4275,0.40434784,5760.129032258064
2026/08/01@15:22:55,4276,0.5252174,5750.064516129032
2026/08/01@15:22:56,4277,0.44304348,5740.0
2026/08/01@15:22:57,4278,0.4573913,5729.580645161291
2026/08/01@15:22:58,4279,0.3652174,5719.1612903225805
2026/08/01@15:22:59,4280,0.37,5708.741935483871
2026/08/01@15:23:00,4281,0.385652184,5698.322580645161
2026/08/01@15:23:01,4282,0.394347816,5687.903225806452
2026/08/01@15:23:02,4283,0.385652184,5677.4838709677415
2026/08/01@15:23:03,4284,0.3947826,5667.064516129032
2026/08/01@15:23:04,4285,0.4826087,5656.645161290323
2026/08/01@15:23:06,4286,0.346521732,5635.806451612903
2026/08/01@15:23:07,4288,0.388695636,5625.387096774193
2026/08/01@15:23:08,4289,0.41304348,5614.967741935484
2026/08/01@15:23:09,4290,0.5134783,5604.548387096775
2026/08/01@15:23:10,4291,0.46391304,5594.129032258064
2026/08/01@15:23:11,4292,0.478695636,5583.709677419355
2026/08/01@15:23:12,4293,0.470434784,5573.290322580645
2026/08/01@15:23:13,4294,0.394347816,5562.870967741936
2026/08/01@15:23:14,4295,0.38391304,5552.451612903225
2026/08/01@15:23:15,4296,0.380434784,5542.032258064516
2026/08/01@15:23:16,4297,0.40434784,5531.612903225807
2026/08/01@15:23:17,4298,0.338260868,5521.193548387097
2026/08/01@15:23:19,4300,0.38913044,5500.354838709677
2026/08/01@15:23:20,4301,0.3547826,5489.935483870968
2026/08/01@15:23:21,4302,0.4147826,5479.516129032258
2026/08/01@15:23:22,4303,0.4347826,5469.096774193548
2026/08/01@15:23:23,4304,0.455652184,5458.677419354839
2026/08/01@15:23:24,4305,0.38217392,5448.258064516129
2026/08/01@15:23:25,4306,0.351739136,5437.8387096774195
2026/08/01@15:23:26,4307,0.35913044,5427.419354838709
2026/08/01@15:23:27,4308,0.37,5417.0
2026/08/01@15:23:28,4309,0.4152174,5406.266666666666
2026/08/01@15:23:29,4310,0.47130436,5395.533333333334
2026/08/01@15:23:30,4311,0.436521736,5384.8
2026/08/01@15:23:32,4313,0.44913044,5363.333333333333
2026/08/01@15:23:33,4314,0.46565216,5352.6
2026/08/01@15:23:34,4315,0.51608692,5341.866666666667
2026/08/01@15:23:35,4316,0.36652176,5331.133333333333
2026/08/01@15:23:36,4317,0.4304348,5320.4
2026/08/01@15:23:37,4318,0.3043478,5309.666666666667
2026/08/01@15:23:38,4319,0.22826088,5298.933333333333
2026/08/01@15:23:39,4320,0.25304348,5288.2
2026/08/01@15:23:40,4321,0.19043478,5277.466666666666
2026/08/01@15:23:41,4322,0.08869565,5266.733333333334
2026/08/01@15:23:42,4323,0.10173913,5256.0
2026/08/01@15:23:43,4324,0.23565218,5245.266666666666
2026/08/01@15:23:45,4325,0.3173913,5223.8
2026/08/01@15:23:46,4327,0.32956524,5213.066666666667
2026/08/01@15:23:47,4328,0.31478262,5202.333333333333
2026/08/01@15:23:48,4329,0.3569565,5191.6
2026/08/01@15:23:49,4330,0.3547826,5180.866666666667
2026/08/01@15:23:50,4331,0.3478261,5170.133333333333
2026/08/01@15:23:51,4332,0.391304352,5159.4
2026/08/01@15:23:52,4333,0.39391304,5148.666666666667
2026/08/01@15:23:53,4334,0.56826084,5137.933333333333
2026/08/01@15:23:54,4335,0.350434784,5127.2
2026/08/01@15:23:55,4336,0.36173912,5116.466666666667
2026/08/01@15:23:56,4337,0.3495652,5105.733333333334
2026/08/01@15:23:57,4338,0.355652184,5095.0
2026/08/01@15:23:59,4340,0.36,5074.419354838709
2026/08/01@15:24:00,4341,0.32652172,5064.129032258064
2026/08/01@15:24:01,4342,0.59652176,5053.8387096774195
2026/08/01@15:24:02,4343,0.47130436,5043.548387096775
2026/08/01@15:24:03,4344,0.42,5033.258064516129
2026/08/01@15:24:04,4345,0.36913044,5022.967741935484
2026/08/01@15:24:05,4346,0.3778261,5012.677419354839
2026/08/01@15:24:06,4347,0.4304348,5002.387096774193
2026/08/01@15:24:07,4348,0.26217392,4992.096774193548
2026/08/01@15:24:08,4349,0.24608696,4981.806451612903
2026/08/01@15:24:09,4350,0.10173913,4971.516129032258
2026/08/01@15:24:10,4351,0.29217392,4961.225806451613
2026/08/01@15:24:12,4353,0.0,4940.645161290323
2026/08/01@15:24:13,4354,0.09695652,4930.354838709677
2026/08/01@15:24:14,4355,0.06826087,4920.064516129032
2026/08/01@15:24:15,4356,0.13956522,4909.774193548387
2026/08/01@15:24:16,4357,0.0,4899.4838709677415
2026/08/01@15:24:17,4358,0.25347826,4889.193548387097
2026/08/01@15:24:18,4359,0.27652174,4878.903225806452
2026/08/01@15:24:19,4360,0.28565216,4868.612903225807
2026/08/01@15:24:20,4361,0.336521736,4858.322580645161
2026/08/01@15:24:21,4362,0.2873913,4848.032258064516
2026/08/01@15:24:22,4363,0.2126087,4837.741935483871
2026/08/01@15:24:23,4364,0.3252174,4827.451612903225
2026/08/01@15:24:25,4366,0.38260868,4806.870967741936
2026/08/01@15:24:26,4367,0.4373913,4796.580645161291
2026/08/01@15:24:27,4368,0.3778261,4786.290322580645
2026/08/01@15:24:28,4369,0.42695652,4776.0
2026/08/01@15:24:29,4370,0.33782608,4766.225806451613
2026/08/01@15:24:30,4371,0.3573913,4756.451612903225
2026/08/01@15:24:31,4372,0.38260868,4746.677419354839
2026/08/01@15:24:32,4373,0.29913044,4736.903225806452
2026/08/01@15:24:33,4374,0.30130434,4727.129032258064
2026/08/01@15:24:34,4375,0.12391304,4717.354838709677
2026/08/01@15:24:35,4376,0.18652174,4707.580645161291
2026/08/01@15:24:36,4377,0.14086956,4697.806451612903
2026/08/01@15:24:38,4379,0.10521739,4678.258064516129
2026/08/01@15:24:39,4380,0.0539130432,4668.483870967742
2026/08/01@15:24:40,4381,0.07521739,4658.709677419355
2026/08/01@15:24:41,4382,0.194347824,4648.935483870968
2026/08/01@15:24:42,4383,0.21391304,4639.1612903225805
2026/08/01@15:24:43,4384,0.08478261,4629.387096774193
2026/08/01@15:24:44,4385,0.33347828,4619.612903225807
2026/08/01@15:24:45,4386,0.39782608,4609.8387096774195
2026/08/01@15:24:46,4387,0.2969565,4600.064516129032
2026/08/01@15:24:47,4388,0.5282609,4590.290322580645
2026/08/01@15:24:48,4389,0.47391304,4580.5161290322585
2026/08/01@15:24:49,4390,0.39086956,4570.741935483871
2026/08/01@15:24:51,4392,0.37608696,4551.193548387097
2026/08/01@15:24:52,4393,0.236086936,4541.419354838709
2026/08/01@15:24:53,4394,0.2595652,4531.645161290323
2026/08/01@15:24:54,4395,0.0360869568,4521.870967741936
2026/08/01@15:24:55,4396,0.115652176,4512.096774193548
2026/08/01@15:24:56,4397,0.20608696,4502.322580645161
2026/08/01@15:24:57,4398,0.30304348,4492.548387096775
2026/08/01@15:24:58,4399,0.36739132,4482.774193548387
2026/08/01@15:24:59,4400,0.36391304,4473.0
2026/08/01@15:25:00,4401,0.4095652,4462.870967741936
2026/08/01@15:25:01,4402,0.45217392,4452.741935483871
2026/08/01@15:25:02,4403,0.448695636,4442.612903225807
2026/08/01@15:25:04,4405,0.45608696,4422.354838709677
2026/08/01@15:25:05,4406,0.38782608,4412.225806451613
2026/08/01@15:25:06,4407,0.379130432,4402.096774193548
2026/08/01@15:25:07,4408,0.37,4391.967741935484
2026/08/01@15:25:08,4409,0.19869564,4381.8387096774195
2026/08/01@15:25:09,4410,0.38130436,4371.709677419355
2026/08/01@15:25:10,4411,0.2595652,4361.580645161291
2026/08/01@15:25:11,4412,0.23086956,4351.451612903225
2026/08/01@15:25:12,4413,0.202608684,4341.322580645161
2026/08/01@15:25:13,4414,0.21434782,4331.193548387097
2026/08/01@15:25:14,4415,0.1852174,4321.064516129032
2026/08/01@15:25:15,4416,0.27913044,4310.935483870968
2026/08/01@15:25:17,4418,0.30086956,4290.677419354839
2026/08/01@15:25:18,4419,0.2504348,4280.548387096775
2026/08/01@15:25:19,4420,0.3773913,4270.419354838709
2026/08/01@15:25:20,4421,0.34608696,4260.290322580645
2026/08/01@15:25:21,4422,0.37608696,4250.1612903225805
2026/08/01@15:25:22,4423,0.346521732,4240.032258064516
2026/08/01@15:25:23,4424,0.34173912,4229.903225806452
2026/08/01@15:25:24,4425,0.29391304,4219.774193548387
2026/08/01@15:25:25,4426,0.2126087,4209.645161290323
2026/08/01@15:25:26,4427,0.25,4199.516129032258
2026/08/01@15:25:27,4428,0.08695652,4189.387096774193
2026/08/01@15:25:28,4429,0.049130436,4179.258064516129
2026/08/01@15:25:30,4431,0.178695652,4159.0
2026/08/01@15:25:31,4432,0.26913044,4149.096774193548
2026/08/01@15:25:32,4433,0.36695652,4139.193548387097
2026/08/01@15:25:33,4434,0.3478261,4129.290322580645
2026/08/01@15:25:34,4435,0.5195652,4119.387096774193
2026/08/01@15:25:35,4436,0.40304348,4109.4838709677415
2026/08/01@15:25:36,4437,0.3973913,4099.580645161291
2026/08/01@15:25:37,4438,0.4447826,4089.6774193548385
2026/08/01@15:25:38,4439,0.39782608,4079.7741935483873
2026/08/01@15:25:39,4440,0.2173913,4069.8709677419356
2026/08/01@15:25:40,4441,0.30086956,4059.967741935484
2026/08/01@15:25:41,4442,0.05652174,4050.064516129032
2026/08/01@15:25:43,4443,0.06826087,4030.2580645161293
2026/08/01@15:25:44,4445,0.17956522,4020.3548387096776
2026/08/01@15:25:45,4446,0.27565216,4010.451612903226
2026/08/01@15:25:46,4447,0.4073913,4000.548387096774
2026/08/01@15:25:47,4448,0.38391304,3990.6451612903224
2026/08/01@15:25:48,4449,0.49173912,3980.741935483871
2026/08/01@15:25:49,4450,0.38086956,3970.8387096774195
2026/08/01@15:25:50,4451,0.45391304,3960.935483870968
2026/08/01@15:25:51,4452,0.411739136,3951.032258064516
2026/08/01@15:25:52,4453,0.40608696,3941.1290322580644
2026/08/01@15:25:53,4454,0.28173912,3931.2258064516127
2026/08/01@15:25:54,4455,0.25347826,3921.3225806451615
2026/08/01@15:25:56,4456,0.2226087,3901.516129032258
2026/08/01@15:25:57,4458,0.19826088,3891.6129032258063
2026/08/01@15:25:58,4459,0.181304352,3881.709677419355
2026/08/01@15:25:59,4460,0.064347824,3871.8064516129034
2026/08/01@15:26:00,4461,0.000434782632,3861.9032258064517
2026/08/01@15:26:01,4462,0.054347824,3852.0
2026/08/01@15:26:02,4463,0.04478261,3842.6065573770493
2026/08/01@15:26:03,4464,0.16869566,3833.2131147540986
2026/08/01@15:26:04,4465,0.18043478,3823.8196721311474
2026/08/01@15:26:05,4466,0.06130435,3814.4262295081967
2026/08/01@15:26:06,4467,0.22217392,3805.032786885246
2026/08/01@15:26:07,4468,0.2578261,3795.6393442622953
2026/08/01@15:26:08,4469,0.050869564,3786.245901639344
2026/08/01@15:26:10,4471,0.038695652,3767.4590163934427
2026/08/01@15:26:11,4472,0.039130436,3758.065573770492
2026/08/01@15:26:12,4473,0.11086956,3748.6721311475408
2026/08/01@15:26:13,4474,0.12956522,3739.27868852459
2026/08/01@15:26:14,4475,0.076956532,3729.8852459016393
2026/08/01@15:26:15,4476,0.0,3720.4918032786886
2026/08/01@15:26:16,4477,0.15826086,3711.098360655738
2026/08/01@15:26:17,4478,0.056086956,3701.7049180327867
2026/08/01@15:26:18,4479,0.26391304,3692.311475409836
2026/08/01@15:26:19,4480,0.31391304,3682.9180327868853
2026/08/01@15:26:20,4481,0.2595652,3673.5245901639346
2026/08/01@15:26:21,4482,0.33086956,3664.1311475409834
2026/08/01@15:26:23,4484,0.23913044,3645.344262295082
2026/08/01@15:26:24,4485,0.212173908,3635.9508196721313
2026/08/01@15:26:25,4486,0.22956522,3626.55737704918
2026/08/01@15:26:26,4487,0.28913044,3617.1639344262294
2026/08/01@15:26:27,4488,0.30652174,3607.7704918032787
2026/08/01@15:26:28,4489,0.32652172,3598.377049180328
2026/08/01@15:26:29,4490,0.31130436,3588.9836065573772
2026/08/01@15:26:30,4491,0.2273913,3579.590163934426
2026/08/01@15:26:31,4492,0.2173913,3570.1967213114754
2026/08/01@15:26:32,4493,0.28434784,3560.8032786885246
2026/08/01@15:26:33,4494,0.2673913,3551.409836065574
2026/08/01@15:26:34,4495,0.006521739,3542.0163934426228
2026/08/01@15:26:36,4497,0.10217391,3523.2295081967213
2026/08/01@15:26:37,4498,0.042608696,3513.8360655737706
2026/08/01@15:26:38,4499,0.16130436,3504.44262295082
2026/08/01@15:26:39,4500,0.20565218,3495.0491803278687
2026/08/01@15:26:40,4501,0.28086956,3485.655737704918
2026/08/01@15:26:41,4502,0.229130432,3476.2622950819673
2026/08/01@15:26:42,4503,0.27869564,3466.868852459016
2026/08/01@15:26:43,4504,0.37,3457.4754098360654
2026/08/01@15:26:44,4505,0.22652174,3448.0819672131147
2026/08/01@15:26:45,4506,0.26391304,3438.688524590164
2026/08/01@15:26:46,4507,0.232608684,3429.2950819672133
2026/08/01@15:26:47,4508,0.17956522,3419.901639344262
2026/08/01@15:26:49,4510,0.184782608,3401.1147540983607
2026/08/01@15:26:50,4511,0.17565218,3391.72131147541
2026/08/01@15:26:51,4512,0.024347826,3382.327868852459
2026/08/01@15:26:52,4513,0.09826087,3372.934426229508
2026/08/01@15:26:53,4514,0.013043478,3363.5409836065573
2026/08/01@15:26:54,4515,0.1,3354.1475409836066
2026/08/01@15:26:55,4516,0.039565216,3344.754098360656
2026/08/01@15:26:56,4517,0.013913044,3335.3606557377047
2026/08/01@15:26:57,4518,0.094782608,3325.967213114754
2026/08/01@15:26:58,4519,0.072608696,3316.5737704918033
2026/08/01@15:26:59,4520,0.15086956,3307.1803278688526
2026/08/01@15:27:00,4521,0.12086956,3297.7868852459014
2026/08/01@15:27:02,4523,0.2,3279.0
2026/08/01@15:27:03,4524,0.25347826,3269.5
2026/08/01@15:27:04,4525,0.18391304,3260.0
2026/08/01@15:27:05,4526,0.27304348,3250.5
2026/08/01@15:27:06,4527,0.33608696,3241.0
2026/08/01@15:27:07,4528,0.25652172,3231.5
2026/08/01@15:27:08,4529,0.30391306,3222.0
2026/08/01@15:27:09,4530,0.29043478,3212.5
2026/08/01@15:27:10,4531,0.28434784,3203.0
2026/08/01@15:27:11,4532,0.2578261,3193.5
2026/08/01@15:27:12,4533,0.2852174,3184.0
2026/08/01@15:27:13,4534,0.24869566,3174.5
2026/08/01@15:27:15,4536,0.20913044,3155.5
2026/08/01@15:27:16,4537,0.194347824,3146.0
2026/08/01@15:27:17,4538,0.26173912,3136.5
2026/08/01@15:27:18,4539,0.27521738,3127.0
2026/08/01@15:27:19,4540,0.2452174,3117.5
2026/08/01@15:27:20,4541,0.27347828,3108.0
2026/08/01@15:27:21,4542,0.29,3098.5
2026/08/01@15:27:22,4543,0.3273913,3089.0
2026/08/01@15:27:23,4544,0.339565216,3079.5
2026/08/01@15:27:24,4545,0.20565218,3070.0
2026/08/01@15:27:25,4546,0.21695652,3060.5
2026/08/01@15:27:26,4547,0.3330435,3051.0
2026/08/01@15:27:28,4549,0.18347826,3032.0
2026/08/01@15:27:29,4550,0.2673913,3022.5
2026/08/01@15:27:30,4551,0.31608696,3013.0
2026/08/01@15:27:31,4552,0.35130436,3003.5
2026/08/01@15:27:32,4553,0.202608684,2994.0
2026/08/01@15:27:33,4554,0.25652172,2985.0967741935483
2026/08/01@15:27:34,4555,0.33130434,2976.1935483870966
2026/08/01@15:27:35,4556,0.29391304,2967.2903225806454
2026/08/01@15:27:36,4557,0.25869566,2958.3870967741937
2026/08/01@15:27:37,4558,0.18,2949.483870967742
2026/08/01@15:27:38,4559,0.09913044,2940.5806451612902
2026/08/01@15:27:39,4560,0.23652174,2931.6774193548385
2026/08/01@15:27:41,4562,0.24086956,2913.8709677419356
2026/08/01@15:27:42,4563,0.15956521,2904.967741935484
2026/08/01@15:27:43,4564,0.3226087,2896.064516129032
2026/08/01@15:27:44,4565,0.15608695,2887.1612903225805
2026/08/01@15:27:45,4566,0.118695656,2878.2580645161293
2026/08/01@15:27:46,4567,0.17826086,2869.3548387096776
2026/08/01@15:27:47,4568,0.08304348,2860.451612903226
2026/08/01@15:27:48,4569,0.08652174,2851.548387096774
2026/08/01@15:27:49,4570,0.067391304,2842.6451612903224
2026/08/01@15:27:50,4571,0.25434784,2833.741935483871
2026/08/01@15:27:51,4572,0.21086956,2824.8387096774195
2026/08/01@15:27:52,4573,0.06347826,2815.935483870968
2026/08/01@15:27:54,4575,0.27173912,2798.1290322580644
2026/08/01@15:27:55,4576,0.37565216,2789.2258064516127
2026/08/01@15:27:56,4577,0.4178261,2780.3225806451615
2026/08/01@15:27:57,4578,0.3930435,2771.4193548387098
2026/08/01@15:27:58,4579,0.38608696,2762.516129032258
2026/08/01@15:27:59,4580,0.29608696,2753.6129032258063
2026/08/01@15:28:00,4581,0.2647826,2744.709677419355
2026/08/01@15:28:01,4582,0.27304348,2735.8064516129034
2026/08/01@15:28:02,4583,0.2952174,2726.9032258064517
2026/08/01@15:28:03,4584,0.36,2718.0
2026/08/01@15:28:04,4585,0.39086956,2709.6129032258063
2026/08/01@15:28:05,4586,0.3947826,2701.2258064516127
2026/08/01@15:28:07,4588,0.41304348,2684.451612903226
2026/08/01@15:28:08,4589,0.30391306,2676.064516129032
2026/08/01@15:28:09,4590,0.41304348,2667.6774193548385
2026/08/01@15:28:10,4591,0.3252174,2659.2903225806454
2026/08/01@15:28:11,4592,0.36565216,2650.9032258064517
2026/08/01@15:28:12,4593,0.5586957,2642.516129032258
2026/08/01@15:28:13,4594,0.39608696,2634.1290322580644
2026/08/01@15:28:14,4595,0.34130436,2625.741935483871
2026/08/01@15:28:15,4596,0.39217392,2617.3548387096776
2026/08/01@15:28:16,4597,0.4026087,2608.967741935484
2026/08/01@15:28:17,4598,0.441739136,2600.5806451612902
2026/08/01@15:28:18,4599,0.4021739,2592.1935483870966
2026/08/01@15:28:20,4601,0.35826088,2575.4193548387098
2026/08/01@15:28:21,4602,0.31652172,2567.032258064516
2026/08/01@15:28:22,4603,0.39043476,2558.6451612903224
2026/08/01@15:28:23,4604,0.35652172,2550.258064516129
2026/08/01@15:28:24,4605,0.351739136,2541.8709677419356
2026/08/01@15:28:25,4606,0.35217392,2533.483870967742
2026/08/01@15:28:26,4607,0.39652176,2525.0967741935483
2026/08/01@15:28:27,4608,0.37565216,2516.7096774193546
2026/08/01@15:28:28,4609,0.4304348,2508.3225806451615
2026/08/01@15:28:29,4610,0.3852174,2499.935483870968
2026/08/01@15:28:30,4611,0.3326087,2491.548387096774
2026/08/01@15:28:31,4612,0.36391304,2483.1612903225805
2026/08/01@15:28:33,4613,0.36913044,2466.3870967741937
2026/08/01@15:28:34,4615,0.37869568,2458.0
2026/08/01@15:28:35,4616,0.31434784,2448.8
2026/08/01@15:28:36,4617,0.3926087,2439.6
2026/08/01@15:28:37,4618,0.3704348,2430.4
2026/08/01@15:28:38,4619,0.3926087,2421.2
2026/08/01@15:28:39,4620,0.4373913,2412.0
2026/08/01@15:28:40,4621,0.38347824,2402.8
2026/08/01@15:28:41,4622,0.3778261,2393.6
2026/08/01@15:28:42,4623,0.2078261,2384.4
2026/08/01@15:28:43,4624,0.190869568,2375.2
2026/08/01@15:28:44,4625,0.066086952,2366.0
2026/08/01@15:28:45,4626,0.231304352,2356.8
2026/08/01@15:28:47,4628,0.175217392,2338.4
2026/08/01@15:28:48,4629,0.195652176,2329.2
2026/08/01@15:28:49,4630,0.3121739,2320.0
2026/08/01@15:28:50,4631,0.4321739,2310.8
2026/08/01@15:28:51,4632,0.2452174,2301.6
2026/08/01@15:28:52,4633,0.27391306,2292.4
2026/08/01@15:28:53,4634,0.338260868,2283.2
2026/08/01@15:28:54,4635,0.36565216,2274.0
2026/08/01@15:28:55,4636,0.38956524,2264.8
2026/08/01@15:28:56,4637,0.4421739,2255.6
2026/08/01@15:28:57,4638,0.41130436,2246.4
2026/08/01@15:28:58,4639,0.54,2237.2
2026/08/01@15:29:00,4641,0.5817391,2218.8
2026/08/01@15:29:01,4642,0.32086956,2209.6
2026/08/01@15:29:02,4643,0.36565216,2200.4
2026/08/01@15:29:03,4644,0.36869564,2191.2
2026/08/01@15:29:04,4645,0.38913044,2182.0
2026/08/01@15:29:05,4646,0.435217368,2172.6451612903224
2026/08/01@15:29:06,4647,0.33173912,2163.2903225806454
2026/08/01@15:29:07,4648,0.36565216,2153.935483870968
2026/08/01@15:29:08,4649,0.38217392,2144.5806451612902
2026/08/01@15:29:09,4650,0.350434784,2135.2258064516127
2026/08/01@15:29:10,4651,0.32304348,2125.8709677419356
2026/08/01@15:29:11,4652,0.2952174,2116.516129032258
2026/08/01@15:29:13,4654,0.26173912,2097.8064516129034
2026/08/01@15:29:14,4655,0.20434782,2088.451612903226
2026/08/01@15:29:15,4656,0.09652174,2079.0967741935483
2026/08/01@15:29:16,4657,0.112173912,2069.7419354838707
2026/08/01@15:29:17,4658,0.04956522,2060.3870967741937
2026/08/01@15:29:18,4659,0.2852174,2051.032258064516
2026/08/01@15:29:19,4660,0.23304348,2041.6774193548388
2026/08/01@15:29:20,4661,0.3778261,2032.3225806451612
2026/08/01@15:29:21,4662,0.435217368,2022.967741935484
2026/08/01@15:29:22,4663,0.416086936,2013.6129032258063
2026/08/01@15:29:23,4664,0.4152174,2004.258064516129
2026/08/01@15:29:24,4665,0.33086956,1994.9032258064517
2026/08/01@15:29:26,4667,0.36173912,1976.1935483870968
2026/08/01@15:29:27,4668,0.3104348,1966.8387096774193
2026/08/01@15:29:28,4669,0.25478262,1957.483870967742
2026/08/01@15:29:29,4670,0.035652176,1948.1290322580644
2026/08/01@15:29:30,4671,0.20913044,1938.774193548387
2026/08/01@15:29:31,4672,0.05826087,1929.4193548387098
2026/08/01@15:29:32,4673,0.038695652,1920.0645161290322
2026/08/01@15:29:33,4674,0.1526087,1910.7096774193549
2026/08/01@15:29:34,4675,0.28086956,1901.3548387096773
2026/08/01@15:29:35,4676,0.3047826,1892.0
2026/08/01@15:29:36,4677,0.39565218,1883.1290322580646
2026/08/01@15:29:37,4678,0.409130432,1874.258064516129
2026/08/01@15:29:39,4680,0.4073913,1856.516129032258
2026/08/01@15:29:40,4681,0.4073913,1847.6451612903227
2026/08/01@15:29:41,4682,0.32086956,1838.774193548387
2026/08/01@15:29:42,4683,0.339565216,1829.9032258064517
2026/08/01@15:29:43,4684,0.44695652,1821.032258064516
2026/08/01@15:29:44,4685,0.38086956,1812.1612903225807
2026/08/01@15:29:45,4686,0.31913042,1803.2903225806451
2026/08/01@15:29:46,4687,0.2878261,1794.4193548387098
2026/08/01@15:29:47,4688,0.27173912,1785.5483870967741
2026/08/01@15:29:48,4689,0.28391304,1776.6774193548388
2026/08/01@15:29:49,4690,0.28869566,1767.8064516129032
2026/08/01@15:29:50,4691,0.21086956,1758.9354838709678
2026/08/01@15:29:52,4693,0.037391304,1741.1935483870968
2026/08/01@15:29:53,4694,0.21434782,1732.3225806451612
2026/08/01@15:29:54,4695,0.047391304,1723.4516129032259
2026/08/01@15:29:55,4696,0.0,1714.5806451612902
2026/08/01@15:29:56,4697,0.072608696,1705.7096774193549
2026/08/01@15:29:57,4698,0.21565217,1696.8387096774193
2026/08/01@15:29:58,4699,0.21913044,1687.967741935484
2026/08/01@15:29:59,4700,0.388695636,1679.0967741935483
2026/08/01@15:30:00,4701,0.4604348,1670.225806451613
2026/08/01@15:30:01,4702,0.428260868,1661.3548387096773
2026/08/01@15:30:02,4703,0.3121739,1652.483870967742
2026/08/01@15:30:03,4704,0.34130436,1643.6129032258063
2026/08/01@15:30:05,4706,0.0360869568,1625.8709677419356
2026/08/01@15:30:06,4707,0.038695652,1617.0
2026/08/01@15:30:07,4708,0.211304352,1607.3666666666666
2026/08/01@15:30:08,4709,0.31826088,1597.7333333333333
2026/08/01@15:30:09,4710,0.32434782,1588.1
2026/08/01@15:30:10,4711,0.404782632,1578.4666666666667
2026/08/01@15:30:11,4712,0.46434784,1568.8333333333333
2026/08/01@15:30:12,4713,0.52347824,1559.2
2026/08/01@15:30:13,4714,0.3404348,1549.5666666666666
2026/08/01@15:30:14,4715,0.3647826,1539.9333333333334
2026/08/01@15:30:15,4716,0.039565216,1530.3
2026/08/01@15:30:16,4717,0.23826086,1520.6666666666667
2026/08/01@15:30:18,4719,0.17217392,1501.4
2026/08/01@15:30:19,4720,0.0360869568,1491.7666666666667
2026/08/01@15:30:20,4721,0.0,1482.1333333333332
2026/08/01@15:30:21,4722,0.29869564,1472.5
2026/08/01@15:30:22,4723,0.27173912,1462.8666666666668
2026/08/01@15:30:23,4724,0.24173912,1453.2333333333333
2026/08/01@15:30:24,4725,0.345217368,1443.6
2026/08/01@15:30:25,4726,0.3647826,1433.9666666666667
2026/08/01@15:30:26,4727,0.40608696,1424.3333333333333
2026/08/01@15:30:27,4728,0.4247826,1414.7
2026/08/01@15:30:28,4729,0.41304348,1405.0666666666666
2026/08/01@15:30:29,4730,0.43,1395.4333333333334
2026/08/01@15:30:31,4732,0.4621739,1376.1666666666667
2026/08/01@15:30:32,4733,0.29782608,1366.5333333333333
2026/08/01@15:30:33,4734,0.14043478,1356.9
2026/08/01@15:30:34,4735,0.035652176,1347.2666666666667
2026/08/01@15:30:35,4736,0.35913044,1337.6333333333332
2026/08/01@15:30:36,4737,0.223043468,1328.0
2026/08/01@15:30:37,4738,0.42130436,1319.6129032258063
2026/08/01@15:30:38,4739,0.41304348,1311.225806451613
2026/08/01@15:30:39,4740,0.394347816,1302.8387096774193
2026/08/01@15:30:40,4741,0.40565216,1294.4516129032259
2026/08/01@15:30:41,4742,0.41086956,1286.0645161290322
2026/08/01@15:30:42,4743,0.3778261,1277.6774193548388
2026/08/01@15:30:44,4745,0.46913044,1260.9032258064517
2026/08/01@15:30:45,4746,0.35347824,1252.516129032258
2026/08/01@15:30:46,4747,0.12739131,1244.1290322580644
2026/08/01@15:30:47,4748,0.21565217,1235.741935483871
2026/08/01@15:30:48,4749,0.04043478,1227.3548387096773
2026/08/01@15:30:49,4750,0.10043478,1218.967741935484
2026/08/01@15:30:50,4751,0.30130434,1210.5806451612902
2026/08/01@15:30:51,4752,0.2652174,1202.1935483870968
2026/08/01@15:30:52,4753,0.3352174,1193.8064516129032
2026/08/01@15:30:53,4754,0.375217368,1185.4193548387098
2026/08/01@15:30:54,4755,0.38130436,1177.032258064516
2026/08/01@15:30:55,4756,0.4252174,1168.6451612903227
2026/08/01@15:30:57,4758,0.42782608,1151.8709677419356
2026/08/01@15:30:58,4759,0.379130432,1143.483870967742
2026/08/01@15:30:59,4760,0.36,1135.0967741935483
2026/08/01@15:31:00,4761,0.2704348,1126.7096774193549
2026/08/01@15:31:01,4762,0.16304348,1118.3225806451612
2026/08/01@15:31:02,4763,0.1,1109.9354838709678
2026/08/01@15:31:03,4764,0.000434782632,1101.5483870967741
2026/08/01@15:31:04,4765,0.14391304,1093.1612903225807
2026/08/01@15:31:05,4766,0.27521738,1084.774193548387
2026/08/01@15:31:06,4767,0.21565217,1076.3870967741937
2026/08/01@15:31:07,4768,0.34,1068.0
2026/08/01@15:31:08,4769,0.3973913,1059.6129032258063
2026/08/01@15:31:09,4770,0.40391304,1051.225806451613
2026/08/01@15:31:11,4772,0.4247826,1034.4516129032259
2026/08/01@15:31:12,4773,0.40434784,1026.0645161290322
2026/08/01@15:31:13,4774,0.44304348,1017.6774193548388
2026/08/01@15:31:14,4775,0.4421739,1009.2903225806451
2026/08/01@15:31:15,4776,0.44,1000.9032258064517
2026/08/01@15:31:16,4777,0.388695636,992.516129032258
2026/08/01@15:31:17,4778,0.38782608,984.1290322580645
2026/08/01@15:31:18,4779,0.27304348,975.741935483871
2026/08/01@15:31:19,4780,0.19826088,967.3548387096774
2026/08/01@15:31:20,4781,0.0,958.9677419354839
2026/08/01@15:31:21,4782,0.25869566,950.5806451612904
2026/08/01@15:31:22,4783,0.23304348,942.1935483870968
2026/08/01@15:31:24,4785,0.36869564,925.4193548387098
2026/08/01@15:31:25,4786,0.4321739,917.0322580645161
2026/08/01@15:31:26,4787,0.41826088,908.6451612903227
2026/08/01@15:31:27,4788,0.39565218,900.258064516129
2026/08/01@15:31:28,4789,0.4169565,891.8709677419355
2026/08/01@15:31:29,4790,0.2747826,883.483870967742
2026/08/01@15:31:30,4791,0.109130432,875.0967741935484
2026/08/01@15:31:31,4792,0.013913044,866.7096774193549
2026/08/01@15:31:32,4793,0.18,858.3225806451613
2026/08/01@15:31:33,4794,0.2747826,849.9354838709678
2026/08/01@15:31:34,4795,0.15782608,841.5483870967741
2026/08/01@15:31:35,4796,0.37391304,833.1612903225807
2026/08/01@15:31:37,4798,0.38782608,816.3870967741937
2026/08/01@15:31:38,4799,0.45913044,808.0
2026/08/01@15:31:39,4800,0.4726087,800.483870967742
2026/08/01@15:31:40,4801,0.394347816,792.9677419354839
2026/08/01@15:31:41,4802,0.52565216,785.4516129032259
2026/08/01@15:31:42,4803,0.32,777.9354838709677
2026/08/01@15:31:43,4804,0.38391304,770.4193548387096
2026/08/01@15:31:44,4805,0.28869566,762.9032258064516
2026/08/01@15:31:45,4806,0.190869568,755.3870967741935
2026/08/01@15:31:46,4807,0.12043478,747.8709677419355
2026/08/01@15:31:47,4808,0.12086956,740.3548387096774
2026/08/01@15:31:48,4809,0.22826088,732.8387096774194
2026/08/01@15:31:50,4811,0.34304348,717.8064516129032
2026/08/01@15:31:51,4812,0.42608696,710.2903225806451
2026/08/01@15:31:52,4813,0.4995652,702.7741935483871
2026/08/01@15:31:53,4814,0.43130434,695.258064516129
2026/08/01@15:31:54,4815,0.53,687.741935483871
2026/08/01@15:31:55,4816,0.36,680.2258064516129
2026/08/01@15:31:56,4817,0.385652184,672.7096774193549
2026/08/01@15:31:57,4818,0.30043476,665.1935483870968
2026/08/01@15:31:58,4819,0.03521739,657.6774193548387
2026/08/01@15:31:59,4820,0.14086956,650.1612903225806
2026/08/01@15:32:00,4821,0.06,642.6451612903226
2026/08/01@15:32:01,4822,0.118695656,635.1290322580645
2026/08/01@15:32:03,4824,0.11913043,620.0967741935484
2026/08/01@15:32:04,4825,0.27652174,612.5806451612902
2026/08/01@15:32:05,4826,0.23434782,605.0645161290322
2026/08/01@15:32:06,4827,0.3652174,597.5483870967741
2026/08/01@15:32:07,4828,0.40826088,590.0322580645161
2026/08/01@15:32:08,4829,0.4778261,582.516129032258
2026/08/01@15:32:09,4830,0.46434784,575.0
