datetime,elapsed_s,voltage
2026/08/01@14:11:47,7,2.6990002
2026/08/01@14:11:48,8,2.7005
2026/08/01@14:11:49,9,2.7010002
2026/08/01@14:11:50,10,2.709
2026/08/01@14:11:51,11,2.710375
2026/08/01@14:11:53,13,2.7122502
2026/08/01@14:11:54,14,2.7192502
2026/08/01@14:11:55,15,2.716875
2026/08/01@14:11:56,16,2.716
2026/08/01@14:11:57,17,2.7187502
2026/08/01@14:11:58,18,2.7192502
2026/08/01@14:11:59,19,2.7193752
2026/08/01@14:12:00,20,2.723375
2026/08/01@14:12:01,21,2.7296252
2026/08/01@14:12:02,22,2.743375
2026/08/01@14:12:03,23,2.742
2026/08/01@14:12:05,25,2.73775
2026/08/01@14:12:06,26,2.7417502
2026/08/01@14:12:07,27,2.622375
2026/08/01@14:12:08,28,2.6312502
2026/08/01@14:12:09,29,2.7422502
2026/08/01@14:12:10,30,2.742
2026/08/01@14:12:11,31,2.741625
2026/08/01@14:12:12,32,2.7413752
2026/08/01@14:12:13,33,2.741625
2026/08/01@14:12:14,34,2.73725
2026/08/01@14:12:15,35,2.7397502
2026/08/01@14:12:17,37,2.736375
2026/08/01@14:12:18,38,2.7345002
2026/08/01@14:12:19,39,2.73775
2026/08/01@14:12:20,40,2.739
2026/08/01@14:12:21,41,2.7392502
2026/08/01@14:12:22,42,2.7325
2026/08/01@14:12:23,43,2.736875
2026/08/01@14:12:24,44,2.7375002
2026/08/01@14:12:25,45,2.73775
2026/08/01@14:12:26,46,2.73125
2026/08/01@14:12:27,47,2.736875
2026/08/01@14:12:29,49,2.7371252
2026/08/01@14:12:30,50,2.7375002
2026/08/01@14:12:31,51,2.7383752
2026/08/01@14:12:32,52,2.7323752
2026/08/01@14:12:33,53,2.7326252
2026/08/01@14:12:34,54,2.7315002
2026/08/01@14:12:35,55,2.7325
2026/08/01@14:12:36,56,2.7318752
2026/08/01@14:12:37,57,2.7231252
2026/08/01@14:12:38,58,2.723
2026/08/01@14:12:39,59,2.73825
2026/08/01@14:12:41,61,2.7385
2026/08/01@14:12:42,62,2.738125
2026/08/01@14:12:43,63,2.73775
2026/08/01@14:12:44,64,2.7376252
2026/08/01@14:12:45,65,2.7378752
2026/08/01@14:12:46,66,2.7385
2026/08/01@14:12:47,67,2.7385
2026/08/01@14:12:48,68,2.72775
2026/08/01@14:12:49,69,2.7297502
2026/08/01@14:12:50,70,2.7405002
2026/08/01@14:12:51,71,2.73475
2026/08/01@14:12:53,73,2.7396252
2026/08/01@14:12:54,74,2.740375
2026/08/01@14:12:55,75,2.61625
2026/08/01@14:12:56,76,2.6237502
2026/08/01@14:12:57,77,2.62275
2026/08/01@14:12:58,78,2.594875
2026/08/01@14:12:59,79,2.59925
2026/08/01@14:13:00,80,2.7345002
2026/08/01@14:13:01,81,2.73475
2026/08/01@14:13:02,82,2.7378752
2026/08/01@14:13:03,83,2.7297502
2026/08/01@14:13:05,85,2.696125
2026/08/01@14:13:06,86,2.72425
2026/08/01@14:13:07,87,2.7310002
2026/08/01@14:13:08,88,2.72125
2026/08/01@14:13:09,89,2.714375
2026/08/01@14:13:10,90,2.673875
2026/08/01@14:13:11,91,2.6363752
2026/08/01@14:13:12,92,2.6650002
2026/08/01@14:13:13,93,2.6347502
2026/08/01@14:13:14,94,2.627875
2026/08/01@14:13:15,95,2.6281252
2026/08/01@14:13:17,97,2.6476252
2026/08/01@14:13:18,98,2.7188752
2026/08/01@14:13:19,99,2.7113752
2026/08/01@14:13:20,100,2.73475
2026/08/01@14:13:21,101,2.7385
2026/08/01@14:13:22,102,2.7380002
2026/08/01@14:13:23,103,2.6605
2026/08/01@14:13:24,104,2.731125
2026/08/01@14:13:25,105,2.731625
2026/08/01@14:13:26,106,2.682625
2026/08/01@14:13:27,107,2.7396252
2026/08/01@14:13:29,109,2.7325
2026/08/01@14:13:30,110,2.6245
2026/08/01@14:13:31,111,2.74125
2026/08/01@14:13:32,112,2.74025
2026/08/01@14:13:33,113,2.7401252
2026/08/01@14:13:34,114,2.6711252
2026/08/01@14:13:35,115,2.7475002
2026/08/01@14:13:36,116,2.745125
2026/08/01@14:13:37,117,2.7427502
2026/08/01@14:13:38,118,2.7496252
2026/08/01@14:13:39,119,2.7510002
2026/08/01@14:13:41,121,2.7297502
2026/08/01@14:13:42,122,2.729
2026/08/01@14:13:43,123,2.733875
2026/08/01@14:13:44,124,2.7422502
2026/08/01@14:13:45,125,2.7478752
2026/08/01@14:13:46,126,2.7397502
2026/08/01@14:13:47,127,2.73475
2026/08/01@14:13:48,128,2.74475
2026/08/01@14:13:49,129,2.746
2026/08/01@14:13:50,130,2.7436252
2026/08/01@14:13:51,131,2.7422502
2026/08/01@14:13:53,133,2.742
2026/08/01@14:13:54,134,2.7475002
2026/08/01@14:13:55,135,2.743375
2026/08/01@14:13:56,136,2.743
2026/08/01@14:13:57,137,2.742125
2026/08/01@14:13:58,138,2.7265
2026/08/01@14:13:59,139,2.72475
2026/08/01@14:14:00,140,2.6871252
2026/08/01@14:14:01,141,2.7385
2026/08/01@14:14:02,142,2.7485
2026/08/01@14:14:03,143,2.745125
2026/08/01@14:14:04,144,2.7401252
2026/08/01@14:14:06,146,2.7392502
2026/08/01@14:14:07,147,2.7395
2026/08/01@14:14:08,148,2.7392502
2026/08/01@14:14:09,149,2.7115002
2026/08/01@14:14:10,150,2.739375
2026/08/01@14:14:11,151,2.7400002
2026/08/01@14:14:12,152,2.7375002
2026/08/01@14:14:13,153,2.7232502
2026/08/01@14:14:14,154,2.72725
2026/08/01@14:14:15,155,2.738125
2026/08/01@14:14:16,156,2.739125
2026/08/01@14:14:18,158,2.7401252
2026/08/01@14:14:19,159,2.739875
2026/08/01@14:14:20,160,2.7396252
2026/08/01@14:14:21,161,2.739
2026/08/01@14:14:22,162,2.7395
2026/08/01@14:14:23,163,2.739125
2026/08/01@14:14:24,164,2.7388752
2026/08/01@14:14:25,165,2.7388752
2026/08/01@14:14:26,166,2.7388752
2026/08/01@14:14:27,167,2.738625
2026/08/01@14:14:28,168,2.7383752
2026/08/01@14:14:30,170,2.7385
2026/08/01@14:14:31,171,2.737375
2026/08/01@14:14:32,172,2.7370002
2026/08/01@14:14:33,173,2.716375
2026/08/01@14:14:34,174,2.7371252
2026/08/01@14:14:35,175,2.736875
2026/08/01@14:14:36,176,2.7336252
2026/08/01@14:14:37,177,2.7140002
2026/08/01@14:14:38,178,2.7362502
2026/08/01@14:14:39,179,2.7361252
2026/08/01@14:14:40,180,2.7293752
2026/08/01@14:14:42,182,2.6445
2026/08/01@14:14:43,183,2.637375
2026/08/01@14:14:44,184,2.6328752
2026/08/01@14:14:45,185,2.63275
2026/08/01@14:14:46,186,2.6290002
2026/08/01@14:14:47,187,2.62975
2026/08/01@14:14:48,188,2.628375
2026/08/01@14:14:49,189,2.6298752
2026/08/01@14:14:50,190,2.6346252
2026/08/01@14:14:51,191,2.6365002
2026/08/01@14:14:52,192,2.6390002
2026/08/01@14:14:54,194,2.63525
2026/08/01@14:14:55,195,2.637375
2026/08/01@14:14:56,196,2.637375
2026/08/01@14:14:57,197,2.638
2026/08/01@14:14:58,198,2.6386252
2026/08/01@14:14:59,199,2.6368752
2026/08/01@14:15:00,200,2.6356252
2026/08/01@14:15:01,201,2.637125
2026/08/01@14:15:02,202,2.627875
2026/08/01@14:15:03,203,2.6342502
2026/08/01@14:15:04,204,2.6402502
2026/08/01@14:15:06,206,2.64
2026/08/01@14:15:07,207,2.6356252
2026/08/01@14:15:08,208,2.636125
2026/08/01@14:15:09,209,2.629625
2026/08/01@14:15:10,210,2.629625
2026/08/01@14:15:11,211,2.6346252
2026/08/01@14:15:12,212,2.63525
2026/08/01@14:15:13,213,2.6285002
2026/08/01@14:15:14,214,2.6277502
2026/08/01@14:15:15,215,2.628875
2026/08/01@14:15:16,216,2.628375
2026/08/01@14:15:18,218,2.62575
2026/08/01@14:15:19,219,2.6332502
2026/08/01@14:15:20,220,2.636625
2026/08/01@14:15:21,221,2.6341252
2026/08/01@14:15:22,222,2.637875
2026/08/01@14:15:23,223,2.6328752
2026/08/01@14:15:24,224,2.6260002
2026/08/01@14:15:25,225,2.627
2026/08/01@14:15:26,226,2.62325
2026/08/01@14:15:27,227,2.629625
2026/08/01@14:15:28,228,2.638875
2026/08/01@14:15:30,230,2.63875
2026/08/01@14:15:31,231,2.638875
2026/08/01@14:15:32,232,2.637875
2026/08/01@14:15:33,233,2.648375
2026/08/01@14:15:34,234,2.6435
2026/08/01@14:15:35,235,2.6432502
2026/08/01@14:15:36,236,2.6471252
2026/08/01@14:15:37,237,2.6438752
2026/08/01@14:15:38,238,2.6432502
2026/08/01@14:15:39,239,2.6485002
2026/08/01@14:15:40,240,2.6481252
2026/08/01@14:15:42,241,2.6468752
2026/08/01@14:15:43,243,2.742
2026/08/01@14:15:44,244,2.74425
2026/08/01@14:15:45,245,2.7361252
2026/08/01@14:15:46,246,2.722875
2026/08/01@14:15:47,247,2.715625
2026/08/01@14:15:48,248,2.7113752
2026/08/01@14:15:49,249,2.694375
2026/08/01@14:15:50,250,2.6702502
2026/08/01@14:15:51,251,2.6605
2026/08/01@14:15:52,252,2.6597502
2026/08/01@14:15:53,253,2.6576252
2026/08/01@14:15:55,255,2.647
2026/08/01@14:15:56,256,2.6235
2026/08/01@14:15:57,257,2.61925
2026/08/01@14:15:58,258,2.6125002
2026/08/01@14:15:59,259,2.601
2026/08/01@14:16:00,260,2.603625
2026/08/01@14:16:01,261,2.6045
2026/08/01@14:16:02,262,2.597625
2026/08/01@14:16:03,263,2.5937502
2026/08/01@14:16:04,264,2.60025
2026/08/01@14:16:05,265,2.595375
2026/08/01@14:16:07,267,2.5900002
2026/08/01@14:16:08,268,2.5975
2026/08/01@14:16:09,269,2.5843752
2026/08/01@14:16:10,270,2.5986252
2026/08/01@14:16:11,271,2.601875
2026/08/01@14:16:12,272,2.6035002
2026/08/01@14:16:13,273,2.604125
2026/08/01@14:16:14,274,2.610125
2026/08/01@14:16:15,275,2.614875
2026/08/01@14:16:16,276,2.6128752
2026/08/01@14:16:17,277,2.6130002
2026/08/01@14:16:19,279,2.60675
2026/08/01@14:16:20,280,2.59625
2026/08/01@14:16:21,281,2.594
2026/08/01@14:16:22,282,2.6030002
2026/08/01@14:16:23,283,2.601375
2026/08/01@14:16:24,284,2.6047502
2026/08/01@14:16:25,285,2.599375
2026/08/01@14:16:26,286,2.600625
2026/08/01@14:16:27,287,2.6060002
2026/08/01@14:16:28,288,2.6055002
2026/08/01@14:16:29,289,2.5981252
2026/08/01@14:16:31,291,2.6051252
2026/08/01@14:16:32,292,2.6033752
2026/08/01@14:16:33,293,2.6007502
2026/08/01@14:16:34,294,2.5917502
2026/08/01@14:16:35,295,2.6091252
2026/08/01@14:16:36,296,2.6185002
2026/08/01@14:16:37,297,2.6085002
2026/08/01@14:16:38,298,2.6272502
2026/08/01@14:16:39,299,2.637
2026/08/01@14:16:40,300,2.639125
2026/08/01@14:16:41,301,2.62175
2026/08/01@14:16:43,303,2.6173752
2026/08/01@14:16:44,304,2.598875
2026/08/01@14:16:45,305,2.60975
2026/08/01@14:16:46,306,2.5905
2026/08/01@14:16:47,307,2.5878752
2026/08/01@14:16:48,308,2.5963752
2026/08/01@14:16:49,309,2.5972502
2026/08/01@14:16:50,310,2.59275
2026/08/01@14:16:51,311,2.5977502
2026/08/01@14:16:52,312,2.598375
2026/08/01@14:16:53,313,2.5926252
2026/08/01@14:16:55,315,2.5860002
2026/08/01@14:16:56,316,2.594875
2026/08/01@14:16:57,317,2.6028752
2026/08/01@14:16:58,318,2.603125
2026/08/01@14:16:59,319,2.603125
2026/08/01@14:17:00,320,2.6008752
2026/08/01@14:17:01,321,2.592375
2026/08/01@14:17:02,322,2.595875
2026/08/01@14:17:03,323,2.5985
2026/08/01@14:17:04,324,2.5935002
2026/08/01@14:17:05,325,2.603625
2026/08/01@14:17:07,327,2.6093752
2026/08/01@14:17:08,328,2.6015
2026/08/01@14:17:09,329,2.5998752
2026/08/01@14:17:10,330,2.604875
2026/08/01@14:17:11,331,2.6021252
2026/08/01@14:17:12,332,2.60275
2026/08/01@14:17:13,333,2.6047502
2026/08/01@14:17:14,334,2.606125
2026/08/01@14:17:15,335,2.6045
2026/08/01@14:17:16,336,2.607
2026/08/01@14:17:17,337,2.604875
2026/08/01@14:17:19,339,2.6026252
2026/08/01@14:17:20,340,2.604125
2026/08/01@14:17:21,341,2.6037502
2026/08/01@14:17:22,342,2.6026252
2026/08/01@14:17:23,343,2.6228752
2026/08/01@14:17:24,344,2.6121252
2026/08/01@14:17:25,345,2.6107502
2026/08/01@14:17:26,346,2.6098752
2026/08/01@14:17:27,347,2.6090002
2026/08/01@14:17:28,348,2.6072502
2026/08/01@14:17:29,349,2.608375
2026/08/01@14:17:31,351,2.6108752
2026/08/01@14:17:32,352,2.613625
2026/08/01@14:17:33,353,2.642625
2026/08/01@14:17:34,354,2.6221252
2026/08/01@14:17:35,355,2.6145
2026/08/01@14:17:36,356,2.6203752
2026/08/01@14:17:37,357,2.6220002
2026/08/01@14:17:38,358,2.618875
2026/08/01@14:17:39,359,2.6202502
2026/08/01@14:17:40,360,2.621
2026/08/01@14:17:41,361,2.621375
2026/08/01@14:17:43,363,2.6233752
2026/08/01@14:17:44,364,2.635375
2026/08/01@14:17:45,365,2.6428752
2026/08/01@14:17:46,366,2.651375
2026/08/01@14:17:47,367,2.655625
2026/08/01@14:17:48,368,2.6068752
2026/08/01@14:17:49,369,2.5998752
2026/08/01@14:17:50,370,2.5851252
2026/08/01@14:17:51,371,2.58925
2026/08/01@14:17:52,372,2.6105
2026/08/01@14:17:53,373,2.5900002
2026/08/01@14:17:55,375,2.597875
2026/08/01@14:17:56,376,2.609625
2026/08/01@14:17:57,377,2.611
2026/08/01@14:17:58,378,2.6117502
2026/08/01@14:17:59,379,2.594125
2026/08/01@14:18:00,380,2.559375
2026/08/01@14:18:01,381,2.588
2026/08/01@14:18:02,382,2.59625
2026/08/01@14:18:03,383,2.6273752
2026/08/01@14:18:04,384,2.6376252
2026/08/01@14:18:05,385,2.687875
2026/08/01@14:18:07,387,2.69775
2026/08/01@14:18:08,388,2.69475
2026/08/01@14:18:09,389,2.7150002
2026/08/01@14:18:10,390,2.6857502
2026/08/01@14:18:11,391,2.6837502
2026/08/01@14:18:12,392,2.6815002
2026/08/01@14:18:13,393,2.7297502
2026/08/01@14:18:14,394,2.7243752
2026/08/01@14:18:15,395,2.7131252
2026/08/01@14:18:16,396,2.645375
2026/08/01@14:18:17,397,2.673125
2026/08/01@14:18:19,399,2.7187502
2026/08/01@14:18:20,400,2.7150002
2026/08/01@14:18:21,401,2.719875
2026/08/01@14:18:22,402,2.7213752
2026/08/01@14:18:23,403,2.765125
2026/08/01@14:18:24,404,2.7812502
2026/08/01@14:18:25,405,2.7810002
2026/08/01@14:18:26,406,2.747375
2026/08/01@14:18:27,407,2.7801252
2026/08/01@14:18:28,408,2.762125
2026/08/01@14:18:29,409,2.72375
2026/08/01@14:18:31,411,2.7035
2026/08/01@14:18:32,412,2.7023752
2026/08/01@14:18:33,413,2.702125
2026/08/01@14:18:34,414,2.690875
2026/08/01@14:18:35,415,2.699625
2026/08/01@14:18:36,416,2.6953752
2026/08/01@14:18:37,417,2.6981252
2026/08/01@14:18:38,418,2.6993752
2026/08/01@14:18:39,419,2.6925
2026/08/01@14:18:40,420,2.697375
2026/08/01@14:18:41,421,2.696875
2026/08/01@14:18:43,423,2.697
2026/08/01@14:18:44,424,2.695125
2026/08/01@14:18:45,425,2.6927502
2026/08/01@14:18:46,426,2.69425
2026/08/01@14:18:47,427,2.692625
2026/08/01@14:18:48,428,2.6885002
2026/08/01@14:18:49,429,2.68875
2026/08/01@14:18:50,430,2.691375
2026/08/01@14:18:51,431,2.6697502
2026/08/01@14:18:52,432,2.6883752
2026/08/01@14:18:53,433,2.6935
2026/08/01@14:18:55,434,2.6416252
2026/08/01@14:18:56,436,2.6927502
2026/08/01@14:18:57,437,2.694375
2026/08/01@14:18:58,438,2.68
2026/08/01@14:18:59,439,2.682625
2026/08/01@14:19:00,440,2.6758752
2026/08/01@14:19:01,441,2.663
2026/08/01@14:19:02,442,2.679625
2026/08/01@14:19:03,443,2.6565
2026/08/01@14:19:04,444,2.67875
2026/08/01@14:19:05,445,2.7027502
2026/08/01@14:19:06,446,2.7046252
2026/08/01@14:19:08,448,2.6797502
2026/08/01@14:19:09,449,2.6545
2026/08/01@14:19:10,450,2.6475
2026/08/01@14:19:11,451,2.662625
2026/08/01@14:19:12,452,2.7035
2026/08/01@14:19:13,453,2.70775
2026/08/01@14:19:14,454,2.705125
2026/08/01@14:19:15,455,2.683
2026/08/01@14:19:16,456,2.6393752
2026/08/01@14:19:17,457,2.6520002
2026/08/01@14:19:18,458,2.6788752
2026/08/01@14:19:20,460,2.691375
2026/08/01@14:19:21,461,2.690375
2026/08/01@14:19:22,462,2.6898752
2026/08/01@14:19:23,463,2.6948752
2026/08/01@14:19:24,464,2.7013752
2026/08/01@14:19:25,465,2.6872502
2026/08/01@14:19:26,466,2.6928752
2026/08/01@14:19:27,467,2.6871252
2026/08/01@14:19:28,468,2.6836252
2026/08/01@14:19:29,469,2.6668752
2026/08/01@14:19:30,470,2.6660002
2026/08/01@14:19:32,472,2.6421252
2026/08/01@14:19:33,473,2.631875
2026/08/01@14:19:34,474,2.62975
2026/08/01@14:19:35,475,2.676875
2026/08/01@14:19:36,476,2.6825002
2026/08/01@14:19:37,477,2.6875002
2026/08/01@14:19:38,478,2.6918752
2026/08/01@14:19:39,479,2.695125
2026/08/01@14:19:40,480,2.6953752
2026/08/01@14:19:41,481,2.6945002
2026/08/01@14:19:42,482,2.693375
2026/08/01@14:19:44,484,2.6615002
2026/08/01@14:19:45,485,2.6677502
2026/08/01@14:19:46,486,2.6512502
2026/08/01@14:19:47,487,2.6428752
2026/08/01@14:19:48,488,2.652625
2026/08/01@14:19:49,489,2.626125
2026/08/01@14:19:50,490,2.6441252
2026/08/01@14:19:51,491,2.6927502
2026/08/01@14:19:52,492,2.6810002
2026/08/01@14:19:53,493,2.6902502
2026/08/01@14:19:54,494,2.6902502
2026/08/01@14:19:56,496,2.6892502
2026/08/01@14:19:57,497,2.6905
2026/08/01@14:19:58,498,2.690875
2026/08/01@14:19:59,499,2.69125
2026/08/01@14:20:00,500,2.6915002
2026/08/01@14:20:01,501,2.693375
2026/08/01@14:20:02,502,2.6953752
2026/08/01@14:20:03,503,2.6907502
2026/08/01@14:20:04,504,2.6398752
2026/08/01@14:20:05,505,2.6567502
2026/08/01@14:20:06,506,2.702125
2026/08/01@14:20:08,508,2.6828752
2026/08/01@14:20:09,509,2.684
2026/08/01@14:20:10,510,2.6711252
2026/08/01@14:20:11,511,2.669625
2026/08/01@14:20:12,512,2.680875
2026/08/01@14:20:13,513,2.6798752
2026/08/01@14:20:14,514,2.6907502
2026/08/01@14:20:15,515,2.6853752
2026/08/01@14:20:16,516,2.6865
2026/08/01@14:20:17,517,2.6950002
2026/08/01@14:20:18,518,2.6562502
2026/08/01@14:20:20,520,2.7553752
2026/08/01@14:20:21,521,2.7903752
2026/08/01@14:20:22,522,2.7861252
2026/08/01@14:20:23,523,2.7083752
2026/08/01@14:20:24,524,2.710875
2026/08/01@14:20:25,525,2.785
2026/08/01@14:20:26,526,2.713
2026/08/01@14:20:27,527,2.779
2026/08/01@14:20:28,528,2.7883752
2026/08/01@14:20:29,529,2.6893752
2026/08/01@14:20:30,530,2.7083752
2026/08/01@14:20:32,532,2.70425
2026/08/01@14:20:33,533,2.7023752
2026/08/01@14:20:34,534,2.7025
2026/08/01@14:20:35,535,2.769875
2026/08/01@14:20:36,536,2.6980002
2026/08/01@14:20:37,537,2.7410002
2026/08/01@14:20:38,538,2.7531252
2026/08/01@14:20:39,539,2.7283752
2026/08/01@14:20:40,540,2.7213752
2026/08/01@14:20:41,541,2.73
2026/08/01@14:20:42,542,2.737375
2026/08/01@14:20:44,544,2.7508752
2026/08/01@14:20:45,545,2.772
2026/08/01@14:20:46,546,2.7625
2026/08/01@14:20:47,547,2.705625
2026/08/01@14:20:48,548,2.7727502
2026/08/01@14:20:49,549,2.6880002
2026/08/01@14:20:50,550,2.6758752
2026/08/01@14:20:51,551,2.7762502
2026/08/01@14:20:52,552,2.718125
2026/08/01@14:20:53,553,2.6955002
2026/08/01@14:20:54,554,2.6963752
2026/08/01@14:20:56,556,2.7102502
2026/08/01@14:20:57,557,2.6966252
2026/08/01@14:20:58,558,2.755125
2026/08/01@14:20:59,559,2.7747502
2026/08/01@14:21:00,560,2.764125
2026/08/01@14:21:01,561,2.73825
2026/08/01@14:21:02,562,2.6975002
2026/08/01@14:21:03,563,2.7332502
2026/08/01@14:21:04,564,2.7443752
2026/08/01@14:21:05,565,2.7165
2026/08/01@14:21:06,566,2.7252502
2026/08/01@14:21:08,568,2.7097502
2026/08/01@14:21:09,569,2.716
2026/08/01@14:21:10,570,2.7827502
2026/08/01@14:21:11,571,2.7770002
2026/08/01@14:21:12,572,2.784625
2026/08/01@14:21:13,573,2.7821252
2026/08/01@14:21:14,574,2.7855
2026/08/01@14:21:15,575,2.785875
2026/08/01@14:21:16,576,2.6958752
2026/08/01@14:21:17,577,2.7835002
2026/08/01@14:21:18,578,2.783375
2026/08/01@14:21:20,580,2.78075
2026/08/01@14:21:21,581,2.691375
2026/08/01@14:21:22,582,2.6937502
2026/08/01@14:21:23,583,2.7462502
2026/08/01@14:21:24,584,2.7766252
2026/08/01@14:21:25,585,2.6941252
2026/08/01@14:21:26,586,2.6941252
2026/08/01@14:21:27,587,2.7648752
2026/08/01@14:21:28,588,2.6967502
2026/08/01@14:21:29,589,2.692125
2026/08/01@14:21:30,590,2.6920002
2026/08/01@14:21:32,592,2.6953752
2026/08/01@14:21:33,593,2.696
2026/08/01@14:21:34,594,2.695625
2026/08/01@14:21:35,595,2.693125
2026/08/01@14:21:36,596,2.6972502
2026/08/01@14:21:37,597,2.696875
2026/08/01@14:21:38,598,2.69525
2026/08/01@14:21:39,599,2.693125
2026/08/01@14:21:40,600,2.6966252
2026/08/01@14:21:41,601,2.7248752
2026/08/01@14:21:42,602,2.782375
2026/08/01@14:21:44,604,2.7020002
2026/08/01@14:21:45,605,2.70175
2026/08/01@14:21:46,606,2.7770002
2026/08/01@14:21:47,607,2.7670002
2026/08/01@14:21:48,608,2.684
2026/08/01@14:21:49,609,2.6827502
2026/08/01@14:21:50,610,2.6762502
2026/08/01@14:21:51,611,2.6746252
2026/08/01@14:21:52,612,2.6781252
2026/08/01@14:21:53,613,2.6790002
2026/08/01@14:21:54,614,2.677375
2026/08/01@14:21:56,616,2.6776252
2026/08/01@14:21:57,617,2.6802502
2026/08/01@14:21:58,618,2.68
2026/08/01@14:21:59,619,2.676625
2026/08/01@14:22:00,620,2.673
2026/08/01@14:22:01,621,2.6672502
2026/08/01@14:22:02,622,2.668375
2026/08/01@14:22:03,623,2.67525
2026/08/01@14:22:04,624,2.6671252
2026/08/01@14:22:05,625,2.6535
2026/08/01@14:22:06,626,2.6706252
2026/08/01@14:22:08,628,2.673
2026/08/01@14:22:09,629,2.6677502
2026/08/01@14:22:10,630,2.664375
2026/08/01@14:22:11,631,2.669125
2026/08/01@14:22:12,632,2.6720002
2026/08/01@14:22:13,633,2.65575
2026/08/01@14:22:14,634,2.6497502
2026/08/01@14:22:15,635,2.664375
2026/08/01@14:22:16,636,2.6455002
2026/08/01@14:22:17,637,2.6428752
2026/08/01@14:22:18,638,2.658375
2026/08/01@14:22:20,640,2.646625
2026/08/01@14:22:21,641,2.6467502
2026/08/01@14:22:22,642,2.6602502
2026/08/01@14:22:23,643,2.660875
2026/08/01@14:22:24,644,2.6507502
2026/08/01@14:22:25,645,2.65
2026/08/01@14:22:26,646,2.687375
2026/08/01@14:22:27,647,2.6755002
2026/08/01@14:22:28,648,2.68175
2026/08/01@14:22:29,649,2.6811252
2026/08/01@14:22:30,650,2.66475
2026/08/01@14:22:32,652,2.65525
2026/08/01@14:22:33,653,2.6595002
2026/08/01@14:22:34,654,2.6576252
2026/08/01@14:22:35,655,2.654875
2026/08/01@14:22:36,656,2.6568752
2026/08/01@14:22:37,657,2.6560002
2026/08/01@14:22:38,658,2.6545
2026/08/01@14:22:39,659,2.653875
2026/08/01@14:22:40,660,2.6641252
2026/08/01@14:22:41,661,2.6525002
2026/08/01@14:22:42,662,2.6488752
2026/08/01@14:22:44,664,2.65175
2026/08/01@14:22:45,665,2.66225
2026/08/01@14:22:46,666,2.664
2026/08/01@14:22:47,667,2.6590002
2026/08/01@14:22:48,668,2.6636252
2026/08/01@14:22:49,669,2.6665
2026/08/01@14:22:50,670,2.6555002
2026/08/01@14:22:51,671,2.6521252
2026/08/01@14:22:52,672,2.6458752
2026/08/01@14:22:53,673,2.651
2026/08/01@14:22:54,674,2.6523752
2026/08/01@14:22:56,676,2.6542502
2026/08/01@14:22:57,677,2.6506252
2026/08/01@14:22:58,678,2.6511252
2026/08/01@14:22:59,679,2.6541252
2026/08/01@14:23:00,680,2.651
2026/08/01@14:23:01,681,2.647375
2026/08/01@14:23:02,682,2.6398752
2026/08/01@14:23:03,683,2.6471252
2026/08/01@14:23:04,684,2.6493752
2026/08/01@14:23:05,685,2.6438752
2026/08/01@14:23:06,686,2.6488752
2026/08/01@14:23:08,688,2.6476252
2026/08/01@14:23:09,689,2.6393752
2026/08/01@14:23:10,690,2.651875
2026/08/01@14:23:11,691,2.6506252
2026/08/01@14:23:12,692,2.6590002
2026/08/01@14:23:13,693,2.654
2026/08/01@14:23:14,694,2.6486252
2026/08/01@14:23:15,695,2.6541252
2026/08/01@14:23:16,696,2.6515002
2026/08/01@14:23:17,697,2.65175
2026/08/01@14:23:18,698,2.6565
2026/08/01@14:23:20,700,2.653875
2026/08/01@14:23:21,701,2.6495002
2026/08/01@14:23:22,702,2.65275
2026/08/01@14:23:23,703,2.6507502
2026/08/01@14:23:24,704,2.6475
2026/08/01@14:23:25,705,2.6520002
2026/08/01@14:23:26,706,2.6515002
2026/08/01@14:23:27,707,2.647875
2026/08/01@14:23:28,708,2.6525002
2026/08/01@14:23:29,709,2.6535
2026/08/01@14:23:30,710,2.651875
2026/08/01@14:23:31,711,2.6546252
2026/08/01@14:23:33,713,2.6607502
2026/08/01@14:23:34,714,2.6627502
2026/08/01@14:23:35,715,2.6595002
2026/08/01@14:23:36,716,2.6605
2026/08/01@14:23:37,717,2.6568752
2026/08/01@14:23:38,718,2.6558752
2026/08/01@14:23:39,719,2.65925
2026/08/01@14:23:40,720,2.659125
2026/08/01@14:23:41,721,2.659625
2026/08/01@14:23:42,722,2.660375
2026/08/01@14:23:43,723,2.6535
2026/08/01@14:23:45,725,2.646625
2026/08/01@14:23:46,726,2.647
2026/08/01@14:23:47,727,2.646125
2026/08/01@14:23:48,728,2.646625
2026/08/01@14:23:49,729,2.644
2026/08/01@14:23:50,730,2.6503752
2026/08/01@14:23:51,731,2.6498752
2026/08/01@14:23:52,732,2.6468752
2026/08/01@14:23:53,733,2.6467502
2026/08/01@14:23:54,734,2.6481252
2026/08/01@14:23:55,735,2.646125
2026/08/01@14:23:57,737,2.6460002
2026/08/01@14:23:58,738,2.649125
2026/08/01@14:23:59,739,2.6446252
2026/08/01@14:24:00,740,2.6338752
2026/08/01@14:24:01,741,2.670875
2026/08/01@14:24:02,742,2.66175
2026/08/01@14:24:03,743,2.6495002
2026/08/01@14:24:04,744,2.649125
2026/08/01@14:24:05,745,2.65275
2026/08/01@14:24:06,746,2.6660002
2026/08/01@14:24:07,747,2.6620002
2026/08/01@14:24:09,749,2.6792502
2026/08/01@14:24:10,750,2.6595002
2026/08/01@14:24:11,751,2.6932502
2026/08/01@14:24:12,752,2.7023752
2026/08/01@14:24:13,753,2.7132502
2026/08/01@14:24:14,754,2.6781252
2026/08/01@14:24:15,755,2.712125
2026/08/01@14:24:16,756,2.6898752
2026/08/01@14:24:17,757,2.74375
2026/08/01@14:24:18,758,2.75125
2026/08/01@14:24:19,759,2.759
2026/08/01@14:24:21,761,2.7595
2026/08/01@14:24:22,762,2.7531252
2026/08/01@14:24:23,763,2.7475002
2026/08/01@14:24:24,764,2.7431252
2026/08/01@14:24:25,765,2.7366252
2026/08/01@14:24:26,766,2.736875
2026/08/01@14:24:27,767,2.740375
2026/08/01@14:24:28,768,2.7613752
2026/08/01@14:24:29,769,2.7591252
2026/08/01@14:24:30,770,2.7771252
2026/08/01@14:24:31,771,2.7838752
2026/08/01@14:24:33,773,2.7857502
2026/08/01@14:24:34,774,2.7891252
2026/08/01@14:24:35,775,2.7873752
2026/08/01@14:24:36,776,2.7870002
2026/08/01@14:24:37,777,2.7868752
2026/08/01@14:24:38,778,2.7886252
2026/08/01@14:24:39,779,2.7840002
2026/08/01@14:24:40,780,2.784625
2026/08/01@14:24:41,781,2.7840002
2026/08/01@14:24:42,782,2.7822502
2026/08/01@14:24:43,783,2.7815
2026/08/01@14:24:45,785,2.7835002
2026/08/01@14:24:46,786,2.7821252
2026/08/01@14:24:47,787,2.7791252
2026/08/01@14:24:48,788,2.7752502
2026/08/01@14:24:49,789,2.6762502
2026/08/01@14:24:50,790,2.7835002
2026/08/01@14:24:51,791,2.776875
2026/08/01@14:24:52,792,2.6697502
2026/08/01@14:24:53,793,2.688625
2026/08/01@14:24:54,794,2.7848752
2026/08/01@14:24:55,795,2.770375
2026/08/01@14:24:57,797,2.759
2026/08/01@14:24:58,798,2.726875
2026/08/01@14:24:59,799,2.7840002
2026/08/01@14:25:00,800,2.786375
2026/08/01@14:25:01,801,2.7866252
2026/08/01@14:25:02,802,2.780625
2026/08/01@14:25:03,803,2.77975
2026/08/01@14:25:04,804,2.7805002
2026/08/01@14:25:05,805,2.7770002
2026/08/01@14:25:06,806,2.776
2026/08/01@14:25:07,807,2.775125
2026/08/01@14:25:09,809,2.7765002
2026/08/01@14:25:10,810,2.77425
2026/08/01@14:25:11,811,2.7020002
2026/08/01@14:25:12,812,2.6741252
2026/08/01@14:25:13,813,2.6790002
2026/08/01@14:25:14,814,2.674875
2026/08/01@14:25:15,815,2.7647502
2026/08/01@14:25:16,816,2.6785002
2026/08/01@14:25:17,817,2.673125
2026/08/01@14:25:18,818,2.6788752
2026/08/01@14:25:19,819,2.7631252
2026/08/01@14:25:21,821,2.782875
2026/08/01@14:25:22,822,2.771125
2026/08/01@14:25:23,823,2.66125
2026/08/01@14:25:24,824,2.6668752
2026/08/01@14:25:25,825,2.708125
2026/08/01@14:25:26,826,2.77025
2026/08/01@14:25:27,827,2.6581252
2026/08/01@14:25:28,828,2.663875
2026/08/01@14:25:29,829,2.6645002
2026/08/01@14:25:30,830,2.66
2026/08/01@14:25:31,831,2.78425
2026/08/01@14:25:33,833,2.7671252
2026/08/01@14:25:34,834,2.772375
2026/08/01@14:25:35,835,2.7622502
2026/08/01@14:25:36,836,2.785
2026/08/01@14:25:37,837,2.770375
2026/08/01@14:25:38,838,2.7710002
2026/08/01@14:25:39,839,2.779875
2026/08/01@14:25:40,840,2.7722502
2026/08/01@14:25:41,841,2.7735002
2026/08/01@14:25:42,842,2.7665002
2026/08/01@14:25:43,843,2.7782502
2026/08/01@14:25:45,845,2.7736252
2026/08/01@14:25:46,846,2.7708752
2026/08/01@14:25:47,847,2.7753752
2026/08/01@14:25:48,848,2.77425
2026/08/01@14:25:49,849,2.77425
2026/08/01@14:25:50,850,2.7736252
2026/08/01@14:25:51,851,2.7752502
2026/08/01@14:25:52,852,2.772875
2026/08/01@14:25:53,853,2.77375
2026/08/01@14:25:54,854,2.776
2026/08/01@14:25:55,855,2.7680002
2026/08/01@14:25:57,857,2.7695
2026/08/01@14:25:58,858,2.7675002
2026/08/01@14:25:59,859,2.7748752
2026/08/01@14:26:00,860,2.7822502
2026/08/01@14:26:01,861,2.7800002
2026/08/01@14:26:02,862,2.7747502
2026/08/01@14:26:03,863,2.7692502
2026/08/01@14:26:04,864,2.7680002
2026/08/01@14:26:05,865,2.7685
2026/08/01@14:26:06,866,2.769
2026/08/01@14:26:07,867,2.77425
2026/08/01@14:26:09,869,2.7757502
2026/08/01@14:26:10,870,2.776
2026/08/01@14:26:11,871,2.7718752
2026/08/01@14:26:12,872,2.7730002
2026/08/01@14:26:13,873,2.7725
2026/08/01@14:26:14,874,2.7682502
2026/08/01@14:26:15,875,2.7708752
2026/08/01@14:26:16,876,2.7680002
2026/08/01@14:26:17,877,2.7713752
2026/08/01@14:26:18,878,2.727375
2026/08/01@14:26:19,879,2.7762502
2026/08/01@14:26:21,881,2.762125
2026/08/01@14:26:22,882,2.7710002
2026/08/01@14:26:23,883,2.771125
2026/08/01@14:26:24,884,2.770625
2026/08/01@14:26:25,885,2.7705002
2026/08/01@14:26:26,886,2.7687502
2026/08/01@14:26:27,887,2.768125
2026/08/01@14:26:28,888,2.768625
2026/08/01@14:26:29,889,2.7683752
2026/08/01@14:26:30,890,2.7671252
2026/08/01@14:26:31,891,2.7671252
2026/08/01@14:26:33,893,2.769
2026/08/01@14:26:34,894,2.767625
2026/08/01@14:26:35,895,2.767625
2026/08/01@14:26:36,896,2.766875
2026/08/01@14:26:37,897,2.7666252
2026/08/01@14:26:38,898,2.7656252
2026/08/01@14:26:39,899,2.7687502
2026/08/01@14:26:40,900,2.7657502
2026/08/01@14:26:41,901,2.7680002
2026/08/01@14:26:42,902,2.7670002
2026/08/01@14:26:43,903,2.768125
2026/08/01@14:26:45,905,2.768625
2026/08/01@14:26:46,906,2.76725
2026/08/01@14:26:47,907,2.7652502
2026/08/01@14:26:48,908,2.766375
2026/08/01@14:26:49,909,2.7652502
2026/08/01@14:26:50,910,2.7630002
2026/08/01@14:26:51,911,2.7636252
2026/08/01@14:26:52,912,2.7640002
2026/08/01@14:26:53,913,2.763375
2026/08/01@14:26:54,914,2.7643752
2026/08/01@14:26:55,915,2.7682502
2026/08/01@14:26:57,917,2.7685
2026/08/01@14:26:58,918,2.767625
2026/08/01@14:26:59,919,2.7661252
2026/08/01@14:27:00,920,2.765875
2026/08/01@14:27:01,921,2.76375
2026/08/01@14:27:02,922,2.7647502
2026/08/01@14:27:03,923,2.7638752
2026/08/01@14:27:04,924,2.7605002
2026/08/01@14:27:05,925,2.7592502
2026/08/01@14:27:06,926,2.7626252
2026/08/01@14:27:07,927,2.7600002
2026/08/01@14:27:09,928,2.7631252
2026/08/01@14:27:10,930,2.7582502
2026/08/01@14:27:11,931,2.7601252
2026/08/01@14:27:12,932,2.75675
2026/08/01@14:27:13,933,2.7592502
2026/08/01@14:27:14,934,2.759375
2026/08/01@14:27:15,935,2.6550002
2026/08/01@14:27:16,936,2.6553752
2026/08/01@14:27:17,937,2.6567502
2026/08/01@14:27:18,938,2.6542502
2026/08/01@14:27:19,939,2.7580002
2026/08/01@14:27:21,941,2.6745002
2026/08/01@14:27:22,942,2.6477502
2026/08/01@14:27:23,943,2.6485002
2026/08/01@14:27:24,944,2.64875
2026/08/01@14:27:25,945,2.651
2026/08/01@14:27:26,946,2.653125
2026/08/01@14:27:27,947,2.6498752
2026/08/01@14:27:28,948,2.7582502
2026/08/01@14:27:29,949,2.6490002
2026/08/01@14:27:30,950,2.6885002
2026/08/01@14:27:31,951,2.7327502
2026/08/01@14:27:33,953,2.761625
2026/08/01@14:27:34,954,2.7445002
2026/08/01@14:27:35,955,2.65925
2026/08/01@14:27:36,956,2.6650002
2026/08/01@14:27:37,957,2.7638752
2026/08/01@14:27:38,958,2.765
2026/08/01@14:27:39,959,2.766
2026/08/01@14:27:40,960,2.7605002
2026/08/01@14:27:41,961,2.770625
2026/08/01@14:27:42,962,2.72175
2026/08/01@14:27:43,963,2.720875
2026/08/01@14:27:45,964,2.6833752
2026/08/01@14:27:46,966,2.6651252
2026/08/01@14:27:47,967,2.674375
2026/08/01@14:27:48,968,2.6633752
2026/08/01@14:27:49,969,2.65575
2026/08/01@14:27:50,970,2.65475
2026/08/01@14:27:51,971,2.6521252
2026/08/01@14:27:52,972,2.65275
2026/08/01@14:27:53,973,2.6438752
2026/08/01@14:27:54,974,2.6467502
2026/08/01@14:27:55,975,2.69775
2026/08/01@14:27:56,976,2.7406252
2026/08/01@14:27:58,978,2.6972502
2026/08/01@14:27:59,979,2.64575
2026/08/01@14:28:00,980,2.6450002
2026/08/01@14:28:01,981,2.6476252
2026/08/01@14:28:02,982,2.647
2026/08/01@14:28:03,983,2.6512502
2026/08/01@14:28:04,984,2.6550002
2026/08/01@14:28:05,985,2.6663752
2026/08/01@14:28:06,986,2.6620002
2026/08/01@14:28:07,987,2.6563752
2026/08/01@14:28:08,988,2.6590002
2026/08/01@14:28:10,990,2.6576252
2026/08/01@14:28:11,991,2.6580002
2026/08/01@14:28:12,992,2.6571252
2026/08/01@14:28:13,993,2.65875
2026/08/01@14:28:14,994,2.6615002
2026/08/01@14:28:15,995,2.65875
2026/08/01@14:28:16,996,2.6615002
2026/08/01@14:28:17,997,2.65925
2026/08/01@14:28:18,998,2.660125
2026/08/01@14:28:19,999,2.663
2026/08/01@14:28:20,1000,2.6635
2026/08/01@14:28:22,1002,2.770625
2026/08/01@14:28:23,1003,2.7515002
2026/08/01@14:28:24,1004,2.7545002
2026/08/01@14:28:25,1005,2.64825
2026/08/01@14:28:26,1006,2.6495002
2026/08/01@14:28:27,1007,2.666625
2026/08/01@14:28:28,1008,2.667875
2026/08/01@14:28:29,1009,2.7717502
2026/08/01@14:28:30,1010,2.755875
2026/08/01@14:28:31,1011,2.73775
2026/08/01@14:28:32,1012,2.664
2026/08/01@14:28:34,1014,2.6697502
2026/08/01@14:28:35,1015,2.6623752
2026/08/01@14:28:36,1016,2.683125
2026/08/01@14:28:37,1017,2.6537502
2026/08/01@14:28:38,1018,2.7710002
2026/08/01@14:28:39,1019,2.728625
2026/08/01@14:28:40,1020,2.6751252
2026/08/01@14:28:41,1021,2.68225
2026/08/01@14:28:42,1022,2.718625
2026/08/01@14:28:43,1023,2.663875
2026/08/01@14:28:44,1024,2.6568752
2026/08/01@14:28:46,1026,2.63525
2026/08/01@14:28:47,1027,2.6523752
2026/08/01@14:28:48,1028,2.733
2026/08/01@14:28:49,1029,2.7566252
2026/08/01@14:28:50,1030,2.7452502
2026/08/01@14:28:51,1031,2.7131252
2026/08/01@14:28:52,1032,2.7170002
2026/08/01@14:28:53,1033,2.7392502
2026/08/01@14:28:54,1034,2.744625
2026/08/01@14:28:55,1035,2.741625
2026/08/01@14:28:56,1036,2.733
2026/08/01@14:28:58,1038,2.686125
2026/08/01@14:28:59,1039,2.6728752
2026/08/01@14:29:00,1040,2.67
2026/08/01@14:29:01,1041,2.6671252
2026/08/01@14:29:02,1042,2.6675
2026/08/01@14:29:03,1043,2.6753752
2026/08/01@14:29:04,1044,2.6732502
2026/08/01@14:29:05,1045,2.673125
2026/08/01@14:29:06,1046,2.6866252
2026/08/01@14:29:07,1047,2.7062502
2026/08/01@14:29:08,1048,2.66825
2026/08/01@14:29:10,1050,2.6705
2026/08/01@14:29:11,1051,2.7022502
2026/08/01@14:29:12,1052,2.6811252
2026/08/01@14:29:13,1053,2.6980002
2026/08/01@14:29:14,1054,2.7127502
2026/08/01@14:29:15,1055,2.675625
2026/08/01@14:29:16,1056,2.6802502
2026/08/01@14:29:17,1057,2.6807502
2026/08/01@14:29:18,1058,2.6750002
2026/08/01@14:29:19,1059,2.6736252
2026/08/01@14:29:20,1060,2.743375
2026/08/01@14:29:22,1062,2.746875
2026/08/01@14:29:23,1063,2.786
2026/08/01@14:29:24,1064,2.761125
2026/08/01@14:29:25,1065,2.7582502
2026/08/01@14:29:26,1066,2.74125
2026/08/01@14:29:27,1067,2.762
2026/08/01@14:29:28,1068,2.761625
2026/08/01@14:29:29,1069,2.768125
2026/08/01@14:29:30,1070,2.7685
2026/08/01@14:29:31,1071,2.771125
2026/08/01@14:29:32,1072,2.7745002
2026/08/01@14:29:34,1074,2.7595
2026/08/01@14:29:35,1075,2.76775
2026/08/01@14:29:36,1076,2.7762502
2026/08/01@14:29:37,1077,2.778875
2026/08/01@14:29:38,1078,2.763375
2026/08/01@14:29:39,1079,2.7522502
2026/08/01@14:29:40,1080,2.7640002
2026/08/01@14:29:41,1081,2.7761252
2026/08/01@14:29:42,1082,2.7717502
2026/08/01@14:29:43,1083,2.7653752
2026/08/01@14:29:44,1084,2.7508752
2026/08/01@14:29:46,1086,2.749
2026/08/01@14:29:47,1087,2.75375
2026/08/01@14:29:48,1088,2.7687502
2026/08/01@14:29:49,1089,2.7755
2026/08/01@14:29:50,1090,2.7722502
2026/08/01@14:29:51,1091,2.7695
2026/08/01@14:29:52,1092,2.753375
2026/08/01@14:29:53,1093,2.7497502
2026/08/01@14:29:54,1094,2.7515002
2026/08/01@14:29:55,1095,2.761125
2026/08/01@14:29:56,1096,2.7665002
2026/08/01@14:29:57,1097,2.7670002
2026/08/01@14:29:59,1099,2.7627502
2026/08/01@14:30:00,1100,2.761125
2026/08/01@14:30:01,1101,2.7617502
2026/08/01@14:30:02,1102,2.763375
2026/08/01@14:30:03,1103,2.763375
2026/08/01@14:30:04,1104,2.7613752
2026/08/01@14:30:05,1105,2.7626252
2026/08/01@14:30:06,1106,2.754125
2026/08/01@14:30:07,1107,2.7571252
2026/08/01@14:30:08,1108,2.7688752
2026/08/01@14:30:09,1109,2.76725
2026/08/01@14:30:11,1111,2.765125
2026/08/01@14:30:12,1112,2.758125
2026/08/01@14:30:13,1113,2.76125
2026/08/01@14:30:14,1114,2.760375
2026/08/01@14:30:15,1115,2.7652502
2026/08/01@14:30:16,1116,2.777625
2026/08/01@14:30:17,1117,2.761625
2026/08/01@14:30:18,1118,2.76325
2026/08/01@14:30:19,1119,2.759875
2026/08/01@14:30:20,1120,2.7675002
2026/08/01@14:30:21,1121,2.7666252
2026/08/01@14:30:23,1123,2.7682502
2026/08/01@14:30:24,1124,2.7717502
2026/08/01@14:30:25,1125,2.7540002
2026/08/01@14:30:26,1126,2.762125
2026/08/01@14:30:27,1127,2.7510002
2026/08/01@14:30:28,1128,2.7700002
2026/08/01@14:30:29,1129,2.7796252
2026/08/01@14:30:30,1130,2.762
2026/08/01@14:30:31,1131,2.76375
2026/08/01@14:30:32,1132,2.761125
2026/08/01@14:30:33,1133,2.772
2026/08/01@14:30:35,1135,2.7595
2026/08/01@14:30:36,1136,2.7656252
2026/08/01@14:30:37,1137,2.7726252
2026/08/01@14:30:38,1138,2.76725
2026/08/01@14:30:39,1139,2.765125
2026/08/01@14:30:40,1140,2.7606252
2026/08/01@14:30:41,1141,2.762375
2026/08/01@14:30:42,1142,2.7571252
2026/08/01@14:30:43,1143,2.7575002
2026/08/01@14:30:44,1144,2.75775
2026/08/01@14:30:45,1145,2.754625
2026/08/01@14:30:47,1147,2.75775
2026/08/01@14:30:48,1148,2.753375
2026/08/01@14:30:49,1149,2.7548752
2026/08/01@14:30:50,1150,2.7588752
2026/08/01@14:30:51,1151,2.7627502
2026/08/01@14:30:52,1152,2.7627502
2026/08/01@14:30:53,1153,2.7595
2026/08/01@14:30:54,1154,2.762375
2026/08/01@14:30:55,1155,2.7685
2026/08/01@14:30:56,1156,2.7715
2026/08/01@14:30:57,1157,2.77725
2026/08/01@14:30:59,1159,2.762875
2026/08/01@14:31:00,1160,2.764625
2026/08/01@14:31:01,1161,2.765875
2026/08/01@14:31:02,1162,2.7647502
2026/08/01@14:31:03,1163,2.7671252
2026/08/01@14:31:04,1164,2.761625
2026/08/01@14:31:05,1165,2.762875
2026/08/01@14:31:06,1166,2.7601252
2026/08/01@14:31:07,1167,2.7745002
2026/08/01@14:31:08,1168,2.7786252
2026/08/01@14:31:09,1169,2.7626252
2026/08/01@14:31:11,1170,2.7532502
2026/08/01@14:31:12,1172,2.76975
2026/08/01@14:31:13,1173,2.7791252
2026/08/01@14:31:14,1174,2.7800002
2026/08/01@14:31:15,1175,2.7752502
2026/08/01@14:31:16,1176,2.77725
2026/08/01@14:31:17,1177,2.7761252
2026/08/01@14:31:18,1178,2.7808752
2026/08/01@14:31:19,1179,2.778875
2026/08/01@14:31:20,1180,2.7715
2026/08/01@14:31:21,1181,2.7630002
2026/08/01@14:31:22,1182,2.75475
2026/08/01@14:31:24,1184,2.75775
2026/08/01@14:31:25,1185,2.76325
2026/08/01@14:31:26,1186,2.7645002
2026/08/01@14:31:27,1187,2.75775
2026/08/01@14:31:28,1188,2.767625
2026/08/01@14:31:29,1189,2.7800002
2026/08/01@14:31:30,1190,2.7653752
2026/08/01@14:31:31,1191,2.7582502
2026/08/01@14:31:32,1192,2.7631252
2026/08/01@14:31:33,1193,2.75675
2026/08/01@14:31:34,1194,2.7683752
2026/08/01@14:31:36,1196,2.77675
2026/08/01@14:31:37,1197,2.751625
2026/08/01@14:31:38,1198,2.7665002
2026/08/01@14:31:39,1199,2.762375
2026/08/01@14:31:40,1200,2.7596252
2026/08/01@14:31:41,1201,2.762375
2026/08/01@14:31:42,1202,2.7675002
2026/08/01@14:31:43,1203,2.7740002
2026/08/01@14:31:44,1204,2.7762502
2026/08/01@14:31:45,1205,2.7727502
2026/08/01@14:31:47,1206,2.7647502
2026/08/01@14:31:48,1208,2.7588752
2026/08/01@14:31:49,1209,2.7627502
2026/08/01@14:31:50,1210,2.7640002
2026/08/01@14:31:51,1211,2.7645002
2026/08/01@14:31:52,1212,2.7638752
2026/08/01@14:31:53,1213,2.755875
2026/08/01@14:31:54,1214,2.778
2026/08/01@14:31:55,1215,2.779
2026/08/01@14:31:56,1216,2.7782502
2026/08/01@14:31:57,1217,2.7740002
2026/08/01@14:31:59,1218,2.769375
2026/08/01@14:32:00,1220,2.7717502
2026/08/01@14:32:01,1221,2.779875
2026/08/01@14:32:02,1222,2.75375
2026/08/01@14:32:03,1223,2.761625
2026/08/01@14:32:04,1224,2.7608752
2026/08/01@14:32:05,1225,2.7610002
2026/08/01@14:32:06,1226,2.768125
2026/08/01@14:32:07,1227,2.78025
2026/08/01@14:32:08,1228,2.7738752
2026/08/01@14:32:09,1229,2.7721252
2026/08/01@14:32:10,1230,2.772875
2026/08/01@14:32:12,1232,2.7771252
2026/08/01@14:32:13,1233,2.76075
2026/08/01@14:32:14,1234,2.7652502
2026/08/01@14:32:15,1235,2.764125
2026/08/01@14:32:16,1236,2.770625
2026/08/01@14:32:17,1237,2.779875
2026/08/01@14:32:18,1238,2.7671252
2026/08/01@14:32:19,1239,2.7600002
2026/08/01@14:32:20,1240,2.77325
2026/08/01@14:32:21,1241,2.7822502
2026/08/01@14:32:22,1242,2.7566252
2026/08/01@14:32:24,1244,2.762
2026/08/01@14:32:25,1245,2.7678752
2026/08/01@14:32:26,1246,2.7691252
2026/08/01@14:32:27,1247,2.76775
2026/08/01@14:32:28,1248,2.7655
2026/08/01@14:32:29,1249,2.772
2026/08/01@14:32:30,1250,2.7743752
2026/08/01@14:32:31,1251,2.7818752
2026/08/01@14:32:32,1252,2.7595
2026/08/01@14:32:33,1253,2.7721252
2026/08/01@14:32:34,1254,2.7687502
2026/08/01@14:32:36,1256,2.7680002
2026/08/01@14:32:37,1257,2.768625
2026/08/01@14:32:38,1258,2.77425
2026/08/01@14:32:39,1259,2.7783752
2026/08/01@14:32:40,1260,2.772
2026/08/01@14:32:41,1261,2.7683752
2026/08/01@14:32:42,1262,2.760375
2026/08/01@14:32:43,1263,2.765125
2026/08/01@14:32:44,1264,2.76075
2026/08/01@14:32:45,1265,2.7648752
2026/08/01@14:32:46,1266,2.768125
2026/08/01@14:32:48,1268,2.772375
2026/08/01@14:32:49,1269,2.775875
2026/08/01@14:32:50,1270,2.7762502
2026/08/01@14:32:51,1271,2.779375
2026/08/01@14:32:52,1272,2.7692502
2026/08/01@14:32:53,1273,2.7617502
2026/08/01@14:32:54,1274,2.7766252
2026/08/01@14:32:55,1275,2.7800002
2026/08/01@14:32:56,1276,2.762125
2026/08/01@14:32:57,1277,2.7700002
2026/08/01@14:32:58,1278,2.7655
2026/08/01@14:33:00,1280,2.764125
2026/08/01@14:33:01,1281,2.766
2026/08/01@14:33:02,1282,2.764625
2026/08/01@14:33:03,1283,2.7626252
2026/08/01@14:33:04,1284,2.7655
2026/08/01@14:33:05,1285,2.772875
2026/08/01@14:33:06,1286,2.773375
2026/08/01@14:33:07,1287,2.764625
2026/08/01@14:33:08,1288,2.7838752
2026/08/01@14:33:09,1289,2.7830002
2026/08/01@14:33:10,1290,2.77725
2026/08/01@14:33:12,1292,2.777625
2026/08/01@14:33:13,1293,2.7736252
2026/08/01@14:33:14,1294,2.7730002
2026/08/01@14:33:15,1295,2.775125
2026/08/01@14:33:16,1296,2.78025
2026/08/01@14:33:17,1297,2.785875
2026/08/01@14:33:18,1298,2.76775
2026/08/01@14:33:19,1299,2.7795002
2026/08/01@14:33:20,1300,2.7773752
2026/08/01@14:33:21,1301,2.7712502
2026/08/01@14:33:22,1302,2.76375
2026/08/01@14:33:24,1304,2.756375
2026/08/01@14:33:25,1305,2.7555
2026/08/01@14:33:26,1306,2.7666252
2026/08/01@14:33:27,1307,2.7752502
2026/08/01@14:33:28,1308,2.770625
2026/08/01@14:33:29,1309,2.770375
2026/08/01@14:33:30,1310,2.776375
2026/08/01@14:33:31,1311,2.7743752
2026/08/01@14:33:32,1312,2.7701252
2026/08/01@14:33:33,1313,2.7665002
2026/08/01@14:33:34,1314,2.7757502
2026/08/01@14:33:36,1316,2.788
2026/08/01@14:33:37,1317,2.7597502
2026/08/01@14:33:38,1318,2.7755
2026/08/01@14:33:39,1319,2.7673752
2026/08/01@14:33:40,1320,2.765125
2026/08/01@14:33:41,1321,2.7800002
2026/08/01@14:33:42,1322,2.7903752
2026/08/01@14:33:43,1323,2.765125
2026/08/01@14:33:44,1324,2.776
2026/08/01@14:33:45,1325,2.772875
2026/08/01@14:33:46,1326,2.7747502
2026/08/01@14:33:48,1328,2.777625
2026/08/01@14:33:49,1329,2.7687502
2026/08/01@14:33:50,1330,2.782375
2026/08/01@14:33:51,1331,2.7903752
2026/08/01@14:33:52,1332,2.76125
2026/08/01@14:33:53,1333,2.771125
2026/08/01@14:33:54,1334,2.764625
2026/08/01@14:33:55,1335,2.774625
2026/08/01@14:33:56,1336,2.76725
2026/08/01@14:33:57,1337,2.7708752
2026/08/01@14:33:58,1338,2.7883752
2026/08/01@14:34:00,1340,2.7738752
2026/08/01@14:34:01,1341,2.7696252
2026/08/01@14:34:02,1342,2.770375
2026/08/01@14:34:03,1343,2.7752502
2026/08/01@14:34:04,1344,2.785875
2026/08/01@14:34:05,1345,2.776875
2026/08/01@14:34:06,1346,2.7745002
2026/08/01@14:34:07,1347,2.778
2026/08/01@14:34:08,1348,2.78375
2026/08/01@14:34:09,1349,2.7688752
2026/08/01@14:34:10,1350,2.765125
2026/08/01@14:34:12,1352,2.7680002
2026/08/01@14:34:13,1353,2.769875
2026/08/01@14:34:14,1354,2.7826252
2026/08/01@14:34:15,1355,2.7786252
2026/08/01@14:34:16,1356,2.7718752
2026/08/01@14:34:17,1357,2.772375
2026/08/01@14:34:18,1358,2.7736252
2026/08/01@14:34:19,1359,2.7821252
2026/08/01@14:34:20,1360,2.789875
2026/08/01@14:34:21,1361,2.765125
2026/08/01@14:34:22,1362,2.76975
2026/08/01@14:34:23,1363,2.7773752
2026/08/01@14:34:25,1365,2.795
2026/08/01@14:34:26,1366,2.7718752
2026/08/01@14:34:27,1367,2.7801252
2026/08/01@14:34:28,1368,2.778
2026/08/01@14:34:29,1369,2.7765002
2026/08/01@14:34:30,1370,2.7791252
2026/08/01@14:34:31,1371,2.7786252
2026/08/01@14:34:32,1372,2.779
2026/08/01@14:34:33,1373,2.77425
2026/08/01@14:34:34,1374,2.772875
2026/08/01@14:34:35,1375,2.77025
2026/08/01@14:34:37,1377,2.7691252
2026/08/01@14:34:38,1378,2.7753752
2026/08/01@14:34:39,1379,2.7803752
2026/08/01@14:34:40,1380,2.779375
2026/08/01@14:34:41,1381,2.77675
2026/08/01@14:34:42,1382,2.7747502
2026/08/01@14:34:43,1383,2.776875
2026/08/01@14:34:44,1384,2.778
2026/08/01@14:34:45,1385,2.7783752
2026/08/01@14:34:46,1386,2.7803752
2026/08/01@14:34:47,1387,2.7770002
2026/08/01@14:34:49,1389,2.77425
2026/08/01@14:34:50,1390,2.784125
2026/08/01@14:34:51,1391,2.785875
2026/08/01@14:34:52,1392,2.78325
2026/08/01@14:34:53,1393,2.7721252
2026/08/01@14:34:54,1394,2.792875
2026/08/01@14:34:55,1395,2.78325
2026/08/01@14:34:56,1396,2.7773752
2026/08/01@14:34:57,1397,2.7791252
2026/08/01@14:34:58,1398,2.7787502
2026/08/01@14:34:59,1399,2.7796252
2026/08/01@14:35:01,1401,2.7796252
2026/08/01@14:35:02,1402,2.7848752
2026/08/01@14:35:03,1403,2.7861252
2026/08/01@14:35:04,1404,2.784125
2026/08/01@14:35:05,1405,2.7815
2026/08/01@14:35:06,1406,2.780625
2026/08/01@14:35:07,1407,2.7831252
2026/08/01@14:35:08,1408,2.781125
2026/08/01@14:35:09,1409,2.7825
2026/08/01@14:35:10,1410,2.779875
2026/08/01@14:35:11,1411,2.7752502
2026/08/01@14:35:13,1413,2.7825
2026/08/01@14:35:14,1414,2.7940002
2026/08/01@14:35:15,1415,2.779875
2026/08/01@14:35:16,1416,2.7856252
2026/08/01@14:35:17,1417,2.7821252
2026/08/01@14:35:18,1418,2.778
2026/08/01@14:35:19,1419,2.7786252
2026/08/01@14:35:20,1420,2.78625
2026/08/01@14:35:21,1421,2.7960002
2026/08/01@14:35:22,1422,2.7747502
2026/08/01@14:35:23,1423,2.785375
2026/08/01@14:35:25,1425,2.784125
2026/08/01@14:35:26,1426,2.7840002
2026/08/01@14:35:27,1427,2.7692502
2026/08/01@14:35:28,1428,2.7970002
2026/08/01@14:35:29,1429,2.7845002
2026/08/01@14:35:30,1430,2.7825
2026/08/01@14:35:31,1431,2.783375
2026/08/01@14:35:32,1432,2.7835002
2026/08/01@14:35:33,1433,2.7812502
2026/08/01@14:35:34,1434,2.7762502
2026/08/01@14:35:35,1435,2.782875
2026/08/01@14:35:37,1437,2.785875
2026/08/01@14:35:38,1438,2.784625
2026/08/01@14:35:39,1439,2.7762502
2026/08/01@14:35:40,1440,2.78625
2026/08/01@14:35:41,1441,2.7843752
2026/08/01@14:35:42,1442,2.7825
2026/08/01@14:35:43,1443,2.783375
2026/08/01@14:35:44,1444,2.7756252
2026/08/01@14:35:45,1445,2.8001252
2026/08/01@14:35:46,1446,2.796375
2026/08/01@14:35:47,1447,2.795
2026/08/01@14:35:49,1449,2.7948752
2026/08/01@14:35:50,1450,2.7991252
2026/08/01@14:35:51,1451,2.777625
2026/08/01@14:35:52,1452,2.7868752
2026/08/01@14:35:53,1453,2.782
2026/08/01@14:35:54,1454,2.7803752
2026/08/01@14:35:55,1455,2.782875
2026/08/01@14:35:56,1456,2.7870002
2026/08/01@14:35:57,1457,2.78625
2026/08/01@14:35:58,1458,2.7796252
2026/08/01@14:35:59,1459,2.77675
2026/08/01@14:36:01,1461,2.788875
2026/08/01@14:36:02,1462,2.78425
2026/08/01@14:36:03,1463,2.7805002
2026/08/01@14:36:04,1464,2.7838752
2026/08/01@14:36:05,1465,2.7878752
2026/08/01@14:36:06,1466,2.792
2026/08/01@14:36:07,1467,2.795375
2026/08/01@14:36:08,1468,2.7978752
2026/08/01@14:36:09,1469,2.7957502
2026/08/01@14:36:10,1470,2.793625
2026/08/01@14:36:11,1471,2.7948752
2026/08/01@14:36:13,1473,2.7977502
2026/08/01@14:36:14,1474,2.79975
2026/08/01@14:36:15,1475,2.80025
2026/08/01@14:36:16,1476,2.7986252
2026/08/01@14:36:17,1477,2.7983752
2026/08/01@14:36:18,1478,2.8005002
2026/08/01@14:36:19,1479,2.8021252
2026/08/01@14:36:20,1480,2.782375
2026/08/01@14:36:21,1481,2.791125
2026/08/01@14:36:22,1482,2.787125
2026/08/01@14:36:23,1483,2.7822502
2026/08/01@14:36:25,1485,2.784625
2026/08/01@14:36:26,1486,2.7913752
2026/08/01@14:36:27,1487,2.798875
2026/08/01@14:36:28,1488,2.8015
2026/08/01@14:36:29,1489,2.8017502
2026/08/01@14:36:30,1490,2.8001252
2026/08/01@14:36:31,1491,2.79725
2026/08/01@14:36:32,1492,2.7917502
2026/08/01@14:36:33,1493,2.7873752
2026/08/01@14:36:34,1494,2.784625
2026/08/01@14:36:35,1495,2.7882502
2026/08/01@14:36:37,1497,2.7927502
2026/08/01@14:36:38,1498,2.791625
2026/08/01@14:36:39,1499,2.8016252
2026/08/01@14:36:40,1500,2.80075
2026/08/01@14:36:41,1501,2.8045
2026/08/01@14:36:42,1502,2.7878752
2026/08/01@14:36:43,1503,2.786375
2026/08/01@14:36:44,1504,2.7905002
2026/08/01@14:36:45,1505,2.79025
2026/08/01@14:36:46,1506,2.7887502
2026/08/01@14:36:47,1507,2.80625
2026/08/01@14:36:49,1509,2.8008752
2026/08/01@14:36:50,1510,2.799875
2026/08/01@14:36:51,1511,2.802
2026/08/01@14:36:52,1512,2.8065002
2026/08/01@14:36:53,1513,2.808
2026/08/01@14:36:54,1514,2.8066252
2026/08/01@14:36:55,1515,2.8012502
2026/08/01@14:36:56,1516,2.802
2026/08/01@14:36:57,1517,2.7722502
2026/08/01@14:36:58,1518,2.7891252
2026/08/01@14:36:59,1519,2.7866252
2026/08/01@14:37:01,1521,2.8008752
2026/08/01@14:37:02,1522,2.792375
2026/08/01@14:37:03,1523,2.7830002
2026/08/01@14:37:04,1524,2.7896252
2026/08/01@14:37:05,1525,2.8025002
2026/08/01@14:37:06,1526,2.781625
2026/08/01@14:37:07,1527,2.789875
2026/08/01@14:37:08,1528,2.7831252
2026/08/01@14:37:09,1529,2.7786252
2026/08/01@14:37:10,1530,2.7796252
2026/08/01@14:37:11,1531,2.7866252
2026/08/01@14:37:13,1533,2.7903752
2026/08/01@14:37:14,1534,2.78675
2026/08/01@14:37:15,1535,2.7900002
2026/08/01@14:37:16,1536,2.798
2026/08/01@14:37:17,1537,2.8048752
2026/08/01@14:37:18,1538,2.8082502
2026/08/01@14:37:19,1539,2.80725
2026/08/01@14:37:20,1540,2.804125
2026/08/01@14:37:21,1541,2.8061252
2026/08/01@14:37:22,1542,2.7821252
2026/08/01@14:37:23,1543,2.789375
2026/08/01@14:37:25,1545,2.7925
2026/08/01@14:37:26,1546,2.8031252
2026/08/01@14:37:27,1547,2.792
2026/08/01@14:37:28,1548,2.787125
2026/08/01@14:37:29,1549,2.782375
2026/08/01@14:37:30,1550,2.78425
2026/08/01@14:37:31,1551,2.78675
2026/08/01@14:37:32,1552,2.7883752
2026/08/01@14:37:33,1553,2.7891252
2026/08/01@14:37:34,1554,2.789
2026/08/01@14:37:35,1555,2.787625
2026/08/01@14:37:37,1556,2.7870002
2026/08/01@14:37:38,1558,2.7970002
2026/08/01@14:37:39,1559,2.80625
2026/08/01@14:37:40,1560,2.8115
2026/08/01@14:37:41,1561,2.8121252
2026/08/01@14:37:42,1562,2.8096252
2026/08/01@14:37:43,1563,2.804625
2026/08/01@14:37:44,1564,2.8026252
2026/08/01@14:37:45,1565,2.807125
2026/08/01@14:37:46,1566,2.8115
2026/08/01@14:37:47,1567,2.7926252
2026/08/01@14:37:49,1568,2.7947502
2026/08/01@14:37:50,1570,2.7852502
2026/08/01@14:37:51,1571,2.7782502
2026/08/01@14:37:52,1572,2.8121252
2026/08/01@14:37:53,1573,2.8052502
2026/08/01@14:37:54,1574,2.7960002
2026/08/01@14:37:55,1575,2.788
2026/08/01@14:37:56,1576,2.785
2026/08/01@14:37:57,1577,2.789375
2026/08/01@14:37:58,1578,2.797125
2026/08/01@14:37:59,1579,2.803625
2026/08/01@14:38:01,1580,2.8096252
2026/08/01@14:38:02,1582,2.795875
2026/08/01@14:38:03,1583,2.797625
2026/08/01@14:38:04,1584,2.793625
2026/08/01@14:38:05,1585,2.7961252
2026/08/01@14:38:06,1586,2.8026252
2026/08/01@14:38:07,1587,2.8122502
2026/08/01@14:38:08,1588,2.797125
2026/08/01@14:38:09,1589,2.798
2026/08/01@14:38:10,1590,2.7921252
2026/08/01@14:38:11,1591,2.7905002
2026/08/01@14:38:12,1592,2.7970002
2026/08/01@14:38:14,1594,2.8003752
2026/08/01@14:38:15,1595,2.807625
2026/08/01@14:38:16,1596,2.8107502
2026/08/01@14:38:17,1597,2.8070002
2026/08/01@14:38:18,1598,2.81275
2026/08/01@14:38:19,1599,2.8107502
2026/08/01@14:38:20,1600,2.802875
2026/08/01@14:38:21,1601,2.7943752
2026/08/01@14:38:22,1602,2.7891252
2026/08/01@14:38:23,1603,2.7945
2026/08/01@14:38:24,1604,2.8003752
2026/08/01@14:38:26,1606,2.7905002
2026/08/01@14:38:27,1607,2.7845002
2026/08/01@14:38:28,1608,2.8061252
2026/08/01@14:38:29,1609,2.81275
2026/08/01@14:38:30,1610,2.81275
2026/08/01@14:38:31,1611,2.81375
2026/08/01@14:38:32,1612,2.8138752
2026/08/01@14:38:33,1613,2.812875
2026/08/01@14:38:34,1614,2.80025
2026/08/01@14:38:35,1615,2.78425
2026/08/01@14:38:36,1616,2.7803752
2026/08/01@14:38:38,1618,2.7815
2026/08/01@14:38:39,1619,2.7852502
2026/08/01@14:38:40,1620,2.8121252
2026/08/01@14:38:41,1621,2.8070002
2026/08/01@14:38:42,1622,2.8001252
2026/08/01@14:38:43,1623,2.79675
2026/08/01@14:38:44,1624,2.793375
2026/08/01@14:38:45,1625,2.790625
2026/08/01@14:38:46,1626,2.789
2026/08/01@14:38:47,1627,2.7892502
2026/08/01@14:38:48,1628,2.7925
2026/08/01@14:38:50,1630,2.792875
2026/08/01@14:38:51,1631,2.790625
2026/08/01@14:38:52,1632,2.7900002
2026/08/01@14:38:53,1633,2.79075
2026/08/01@14:38:54,1634,2.79025
2026/08/01@14:38:55,1635,2.7887502
2026/08/01@14:38:56,1636,2.7931252
2026/08/01@14:38:57,1637,2.801
2026/08/01@14:38:58,1638,2.80325
2026/08/01@14:38:59,1639,2.8038752
2026/08/01@14:39:00,1640,2.8033752
2026/08/01@14:39:02,1642,2.804125
2026/08/01@14:39:03,1643,2.801875
2026/08/01@14:39:04,1644,2.79975
2026/08/01@14:39:05,1645,2.8008752
2026/08/01@14:39:06,1646,2.8048752
2026/08/01@14:39:07,1647,2.8095002
2026/08/01@14:39:08,1648,2.8122502
2026/08/01@14:39:09,1649,2.8117502
2026/08/01@14:39:10,1650,2.8113752
2026/08/01@14:39:11,1651,2.812
2026/08/01@14:39:12,1652,2.8138752
2026/08/01@14:39:14,1654,2.8138752
2026/08/01@14:39:15,1655,2.814125
2026/08/01@14:39:16,1656,2.809375
2026/08/01@14:39:17,1657,2.8005002
2026/08/01@14:39:18,1658,2.7931252
2026/08/01@14:39:19,1659,2.794125
2026/08/01@14:39:20,1660,2.7956252
2026/08/01@14:39:21,1661,2.797625
2026/08/01@14:39:22,1662,2.795375
2026/08/01@14:39:23,1663,2.80025
2026/08/01@14:39:24,1664,2.8026252
2026/08/01@14:39:26,1666,2.811
2026/08/01@14:39:27,1667,2.815875
2026/08/01@14:39:28,1668,2.7892502
2026/08/01@14:39:29,1669,2.7975002
2026/08/01@14:39:30,1670,2.7951252
2026/08/01@14:39:31,1671,2.7935002
2026/08/01@14:39:32,1672,2.7957502
2026/08/01@14:39:33,1673,2.7983752
2026/08/01@14:39:34,1674,2.7992502
2026/08/01@14:39:35,1675,2.794125
2026/08/01@14:39:36,1676,2.7886252
2026/08/01@14:39:38,1678,2.8031252
2026/08/01@14:39:39,1679,2.8142502
2026/08/01@14:39:40,1680,2.816375
2026/08/01@14:39:41,1681,2.8152502
2026/08/01@14:39:42,1682,2.8143752
2026/08/01@14:39:43,1683,2.810625
2026/08/01@14:39:44,1684,2.8048752
2026/08/01@14:39:45,1685,2.799
2026/08/01@14:39:46,1686,2.7926252
2026/08/01@14:39:47,1687,2.7931252
2026/08/01@14:39:48,1688,2.7982502
2026/08/01@14:39:50,1690,2.8012502
2026/08/01@14:39:51,1691,2.8043752
2026/08/01@14:39:52,1692,2.809375
2026/08/01@14:39:53,1693,2.812375
2026/08/01@14:39:54,1694,2.8135002
2026/08/01@14:39:55,1695,2.8133752
2026/08/01@14:39:56,1696,2.809
2026/08/01@14:39:57,1697,2.802375
2026/08/01@14:39:58,1698,2.7951252
2026/08/01@14:39:59,1699,2.7987502
2026/08/01@14:40:00,1700,2.8015
2026/08/01@14:40:02,1702,2.7996252
2026/08/01@14:40:03,1703,2.8001252
2026/08/01@14:40:04,1704,2.799
2026/08/01@14:40:05,1705,2.797625
2026/08/01@14:40:06,1706,2.7965002
2026/08/01@14:40:07,1707,2.797125
2026/08/01@14:40:08,1708,2.7977502
2026/08/01@14:40:09,1709,2.7992502
2026/08/01@14:40:10,1710,2.802
2026/08/01@14:40:11,1711,2.7977502
2026/08/01@14:40:12,1712,2.7957502
2026/08/01@14:40:14,1714,2.79625
2026/08/01@14:40:15,1715,2.7951252
2026/08/01@14:40:16,1716,2.7970002
2026/08/01@14:40:17,1717,2.798875
2026/08/01@14:40:18,1718,2.8038752
2026/08/01@14:40:19,1719,2.8061252
2026/08/01@14:40:20,1720,2.812875
2026/08/01@14:40:21,1721,2.8161252
2026/08/01@14:40:22,1722,2.7882502
2026/08/01@14:40:23,1723,2.8003752
2026/08/01@14:40:24,1724,2.792875
2026/08/01@14:40:26,1726,2.8060002
2026/08/01@14:40:27,1727,2.8168752
2026/08/01@14:40:28,1728,2.8140002
2026/08/01@14:40:29,1729,2.8140002
2026/08/01@14:40:30,1730,2.814625
2026/08/01@14:40:31,1731,2.8165002
2026/08/01@14:40:32,1732,2.818
2026/08/01@14:40:33,1733,2.785
2026/08/01@14:40:34,1734,2.8017502
2026/08/01@14:40:35,1735,2.8013752
2026/08/01@14:40:36,1736,2.798125
2026/08/01@14:40:38,1738,2.7938752
2026/08/01@14:40:39,1739,2.7957502
2026/08/01@14:40:40,1740,2.7968752
2026/08/01@14:40:41,1741,2.7977502
2026/08/01@14:40:42,1742,2.80025
2026/08/01@14:40:43,1743,2.8045
2026/08/01@14:40:44,1744,2.802875
2026/08/01@14:40:45,1745,2.7951252
2026/08/01@14:40:46,1746,2.7925
2026/08/01@14:40:47,1747,2.7912502
2026/08/01@14:40:48,1748,2.789
2026/08/01@14:40:50,1750,2.7886252
2026/08/01@14:40:51,1751,2.789
2026/08/01@14:40:52,1752,2.8217502
2026/08/01@14:40:53,1753,2.8203752
2026/08/01@14:40:54,1754,2.8185
2026/08/01@14:40:55,1755,2.8196252
2026/08/01@14:40:56,1756,2.79725
2026/08/01@14:40:57,1757,2.8026252
2026/08/01@14:40:58,1758,2.79725
2026/08/01@14:40:59,1759,2.8070002
2026/08/01@14:41:00,1760,2.8116252
2026/08/01@14:41:02,1762,2.8173752
2026/08/01@14:41:03,1763,2.8098752
2026/08/01@14:41:04,1764,2.8047502
2026/08/01@14:41:05,1765,2.8048752
2026/08/01@14:41:06,1766,2.8051252
2026/08/01@14:41:07,1767,2.8003752
2026/08/01@14:41:08,1768,2.7975002
2026/08/01@14:41:09,1769,2.811125
2026/08/01@14:41:10,1770,2.8212502
2026/08/01@14:41:11,1771,2.793625
2026/08/01@14:41:12,1772,2.7985
2026/08/01@14:41:14,1774,2.7956252
2026/08/01@14:41:15,1775,2.7961252
2026/08/01@14:41:16,1776,2.7977502
2026/08/01@14:41:17,1777,2.8231252
2026/08/01@14:41:18,1778,2.8177502
2026/08/01@14:41:19,1779,2.8098752
2026/08/01@14:41:20,1780,2.8061252
2026/08/01@14:41:21,1781,2.806375
2026/08/01@14:41:22,1782,2.8070002
2026/08/01@14:41:23,1783,2.8083752
2026/08/01@14:41:24,1784,2.8121252
2026/08/01@14:41:26,1786,2.818375
2026/08/01@14:41:27,1787,2.79625
2026/08/01@14:41:28,1788,2.8087502
2026/08/01@14:41:29,1789,2.80325
2026/08/01@14:41:30,1790,2.8001252
2026/08/01@14:41:31,1791,2.7983752
2026/08/01@14:41:32,1792,2.8005002
2026/08/01@14:41:33,1793,2.8047502
2026/08/01@14:41:34,1794,2.8047502
2026/08/01@14:41:35,1795,2.790625
2026/08/01@14:41:36,1796,2.8130002
2026/08/01@14:41:38,1798,2.8191252
2026/08/01@14:41:39,1799,2.807125
2026/08/01@14:41:40,1800,2.8025002
2026/08/01@14:41:41,1801,2.80625
2026/08/01@14:41:42,1802,2.8040002
2026/08/01@14:41:43,1803,2.799375
2026/08/01@14:41:44,1804,2.811
2026/08/01@14:41:45,1805,2.82025
2026/08/01@14:41:46,1806,2.790625
2026/08/01@14:41:47,1807,2.797625
2026/08/01@14:41:48,1808,2.8087502
2026/08/01@14:41:50,1810,2.805375
2026/08/01@14:41:51,1811,2.8017502
2026/08/01@14:41:52,1812,2.8047502
2026/08/01@14:41:53,1813,2.810625
2026/08/01@14:41:54,1814,2.8198752
2026/08/01@14:41:55,1815,2.8225002
2026/08/01@14:41:56,1816,2.821875
2026/08/01@14:41:57,1817,2.821125
2026/08/01@14:41:58,1818,2.8138752
2026/08/01@14:41:59,1819,2.8073752
2026/08/01@14:42:00,1820,2.801
2026/08/01@14:42:02,1822,2.8043752
2026/08/01@14:42:03,1823,2.8056252
2026/08/01@14:42:04,1824,2.8065002
2026/08/01@14:42:05,1825,2.8030002
2026/08/01@14:42:06,1826,2.80375
2026/08/01@14:42:07,1827,2.82325
2026/08/01@14:42:08,1828,2.822375
2026/08/01@14:42:09,1829,2.8160002
2026/08/01@14:42:10,1830,2.8068752
2026/08/01@14:42:11,1831,2.802375
2026/08/01@14:42:12,1832,2.8043752
2026/08/01@14:42:14,1834,2.8077502
2026/08/01@14:42:15,1835,2.8073752
2026/08/01@14:42:16,1836,2.8073752
2026/08/01@14:42:17,1837,2.8056252
2026/08/01@14:42:18,1838,2.8055
2026/08/01@14:42:19,1839,2.8047502
2026/08/01@14:42:20,1840,2.8045
2026/08/01@14:42:21,1841,2.8131252
2026/08/01@14:42:22,1842,2.8216252
2026/08/01@14:42:23,1843,2.802375
2026/08/01@14:42:24,1844,2.807125
2026/08/01@14:42:26,1846,2.8013752
2026/08/01@14:42:27,1847,2.80075
2026/08/01@14:42:28,1848,2.80025
2026/08/01@14:42:29,1849,2.801875
2026/08/01@14:42:30,1850,2.8040002
2026/08/01@14:42:31,1851,2.807125
2026/08/01@14:42:32,1852,2.8095002
2026/08/01@14:42:33,1853,2.8008752
2026/08/01@14:42:34,1854,2.801
2026/08/01@14:42:35,1855,2.8103752
2026/08/01@14:42:36,1856,2.80975
2026/08/01@14:42:38,1857,2.8047502
2026/08/01@14:42:39,1859,2.8112502
2026/08/01@14:42:40,1860,2.8242502
2026/08/01@14:42:41,1861,2.8033752
2026/08/01@14:42:42,1862,2.8147502
2026/08/01@14:42:43,1863,2.8135002
2026/08/01@14:42:44,1864,2.8098752
2026/08/01@14:42:45,1865,2.80675
2026/08/01@14:42:46,1866,2.807125
2026/08/01@14:42:47,1867,2.8122502
2026/08/01@14:42:48,1868,2.8151252
2026/08/01@14:42:49,1869,2.804125
2026/08/01@14:42:51,1871,2.825875
2026/08/01@14:42:52,1872,2.8190002
2026/08/01@14:42:53,1873,2.8168752
2026/08/01@14:42:54,1874,2.81675
2026/08/01@14:42:55,1875,2.8155
2026/08/01@14:42:56,1876,2.811875
2026/08/01@14:42:57,1877,2.808
2026/08/01@14:42:58,1878,2.805375
2026/08/01@14:42:59,1879,2.805375
2026/08/01@14:43:00,1880,2.8105002
2026/08/01@14:43:02,1881,2.8126252
2026/08/01@14:43:03,1883,2.809375
2026/08/01@14:43:04,1884,2.808125
2026/08/01@14:43:05,1885,2.8073752
2026/08/01@14:43:06,1886,2.8083752
2026/08/01@14:43:07,1887,2.8177502
2026/08/01@14:43:08,1888,2.822
2026/08/01@14:43:09,1889,2.80625
2026/08/01@14:43:10,1890,2.8107502
2026/08/01@14:43:11,1891,2.8083752
2026/08/01@14:43:12,1892,2.8198752
2026/08/01@14:43:14,1893,2.824875
2026/08/01@14:43:15,1895,2.795
2026/08/01@14:43:16,1896,2.8112502
2026/08/01@14:43:17,1897,2.809
2026/08/01@14:43:18,1898,2.818
2026/08/01@14:43:19,1899,2.828875
2026/08/01@14:43:20,1900,2.7982502
2026/08/01@14:43:21,1901,2.810625
2026/08/01@14:43:22,1902,2.81625
2026/08/01@14:43:23,1903,2.815
2026/08/01@14:43:24,1904,2.8131252
2026/08/01@14:43:25,1905,2.8077502
2026/08/01@14:43:27,1907,2.813625
2026/08/01@14:43:28,1908,2.821
2026/08/01@14:43:29,1909,2.830125
2026/08/01@14:43:30,1910,2.8052502
2026/08/01@14:43:31,1911,2.808
2026/08/01@14:43:32,1912,2.8012502
2026/08/01@14:43:33,1913,2.8190002
2026/08/01@14:43:34,1914,2.8033752
2026/08/01@14:43:35,1915,2.8152502
2026/08/01@14:43:36,1916,2.8170002
2026/08/01@14:43:37,1917,2.8131252
2026/08/01@14:43:39,1919,2.8112502
2026/08/01@14:43:40,1920,2.8105002
2026/08/01@14:43:41,1921,2.8156252
2026/08/01@14:43:42,1922,2.8083752
2026/08/01@14:43:43,1923,2.8315
2026/08/01@14:43:44,1924,2.8272502
2026/08/01@14:43:45,1925,2.822375
2026/08/01@14:43:46,1926,2.8217502
2026/08/01@14:43:47,1927,2.8205002
2026/08/01@14:43:48,1928,2.8187502
2026/08/01@14:43:49,1929,2.8156252
2026/08/01@14:43:51,1931,2.8098752
2026/08/01@14:43:52,1932,2.814625
2026/08/01@14:43:53,1933,2.8160002
2026/08/01@14:43:54,1934,2.8161252
2026/08/01@14:43:55,1935,2.8175
2026/08/01@14:43:56,1936,2.8177502
2026/08/01@14:43:57,1937,2.816625
2026/08/01@14:43:58,1938,2.8142502
2026/08/01@14:43:59,1939,2.81325
2026/08/01@14:44:00,1940,2.812375
2026/08/01@14:44:01,1941,2.821
2026/08/01@14:44:03,1943,2.824625
2026/08/01@14:44:04,1944,2.831875
2026/08/01@14:44:05,1945,2.816375
2026/08/01@14:44:06,1946,2.8116252
2026/08/01@14:44:07,1947,2.8147502
2026/08/01@14:44:08,1948,2.8215
2026/08/01@14:44:09,1949,2.8295002
2026/08/01@14:44:10,1950,2.830625
2026/08/01@14:44:11,1951,2.7977502
2026/08/01@14:44:12,1952,2.8031252
2026/08/01@14:44:13,1953,2.8030002
2026/08/01@14:44:15,1955,2.8172502
2026/08/01@14:44:16,1956,2.8191252
2026/08/01@14:44:17,1957,2.818
2026/08/01@14:44:18,1958,2.8135002
2026/08/01@14:44:19,1959,2.8098752
2026/08/01@14:44:20,1960,2.8116252
2026/08/01@14:44:21,1961,2.8151252
2026/08/01@14:44:22,1962,2.8165002
2026/08/01@14:44:23,1963,2.81275
2026/08/01@14:44:24,1964,2.81025
2026/08/01@14:44:25,1965,2.8175
2026/08/01@14:44:27,1967,2.822375
2026/08/01@14:44:28,1968,2.8185
2026/08/01@14:44:29,1969,2.8121252
2026/08/01@14:44:30,1970,2.8112502
2026/08/01@14:44:31,1971,2.8156252
2026/08/01@14:44:32,1972,2.8217502
2026/08/01@14:44:33,1973,2.8207502
2026/08/01@14:44:34,1974,2.8198752
2026/08/01@14:44:35,1975,2.8140002
2026/08/01@14:44:36,1976,2.81275
2026/08/01@14:44:37,1977,2.8161252
2026/08/01@14:44:39,1979,2.8225002
2026/08/01@14:44:40,1980,2.824125
2026/08/01@14:44:41,1981,2.819375
2026/08/01@14:44:42,1982,2.8216252
2026/08/01@14:44:43,1983,2.8216252
2026/08/01@14:44:44,1984,2.8238752
2026/08/01@14:44:45,1985,2.82375
2026/08/01@14:44:46,1986,2.8221252
2026/08/01@14:44:47,1987,2.8205002
2026/08/01@14:44:48,1988,2.820125
2026/08/01@14:44:49,1989,2.822
2026/08/01@14:44:51,1991,2.8196252
2026/08/01@14:44:52,1992,2.8207502
2026/08/01@14:44:53,1993,2.820125
2026/08/01@14:44:54,1994,2.822375
2026/08/01@14:44:55,1995,2.8212502
2026/08/01@14:44:56,1996,2.824625
2026/08/01@14:44:57,1997,2.8286252
2026/08/01@14:44:58,1998,2.832
2026/08/01@14:44:59,1999,2.834875
2026/08/01@14:45:00,2000,2.8308752
2026/08/01@14:45:01,2001,2.8238752
2026/08/01@14:45:03,2003,2.821875
2026/08/01@14:45:04,2004,2.8273752
2026/08/01@14:45:05,2005,2.8338752
2026/08/01@14:45:06,2006,2.8377502
2026/08/01@14:45:07,2007,2.824625
2026/08/01@14:45:08,2008,2.8207502
2026/08/01@14:45:09,2009,2.8260002
2026/08/01@14:45:10,2010,2.8382502
2026/08/01@14:45:11,2011,2.82025
2026/08/01@14:45:12,2012,2.8277502
2026/08/01@14:45:13,2013,2.822875
2026/08/01@14:45:15,2015,2.82375
2026/08/01@14:45:16,2016,2.8313752
2026/08/01@14:45:17,2017,2.8398752
2026/08/01@14:45:18,2018,2.818375
2026/08/01@14:45:19,2019,2.8273752
2026/08/01@14:45:20,2020,2.825875
2026/08/01@14:45:21,2021,2.8245
2026/08/01@14:45:22,2022,2.8255002
2026/08/01@14:45:23,2023,2.8107502
2026/08/01@14:45:24,2024,2.840125
2026/08/01@14:45:25,2025,2.8355002
2026/08/01@14:45:27,2027,2.82925
2026/08/01@14:45:28,2028,2.8251252
2026/08/01@14:45:29,2029,2.8178752
2026/08/01@14:45:30,2030,2.822875
2026/08/01@14:45:31,2031,2.827625
2026/08/01@14:45:32,2032,2.828875
2026/08/01@14:45:33,2033,2.8290002
2026/08/01@14:45:34,2034,2.8286252
2026/08/01@14:45:35,2035,2.82675
2026/08/01@14:45:36,2036,2.8263752
2026/08/01@14:45:37,2037,2.8240002
2026/08/01@14:45:39,2039,2.8251252
2026/08/01@14:45:40,2040,2.830625
2026/08/01@14:45:41,2041,2.8398752
2026/08/01@14:45:42,2042,2.8126252
2026/08/01@14:45:43,2043,2.828
2026/08/01@14:45:44,2044,2.820625
2026/08/01@14:45:45,2045,2.826625
2026/08/01@14:45:46,2046,2.830125
2026/08/01@14:45:47,2047,2.8335002
2026/08/01@14:45:48,2048,2.8361252
2026/08/01@14:45:49,2049,2.8337502
2026/08/01@14:45:51,2051,2.832375
2026/08/01@14:45:52,2052,2.8240002
2026/08/01@14:45:53,2053,2.8252502
2026/08/01@14:45:54,2054,2.8278752
2026/08/01@14:45:55,2055,2.8152502
2026/08/01@14:45:56,2056,2.8435002
2026/08/01@14:45:57,2057,2.843125
2026/08/01@14:45:58,2058,2.8426252
2026/08/01@14:45:59,2059,2.8426252
2026/08/01@14:46:00,2060,2.828
2026/08/01@14:46:01,2061,2.8290002
2026/08/01@14:46:03,2062,2.8273752
2026/08/01@14:46:04,2064,2.8251252
2026/08/01@14:46:05,2065,2.831125
2026/08/01@14:46:06,2066,2.828375
2026/08/01@14:46:07,2067,2.82625
2026/08/01@14:46:08,2068,2.8245
2026/08/01@14:46:09,2069,2.8217502
2026/08/01@14:46:10,2070,2.8278752
2026/08/01@14:46:11,2071,2.831125
2026/08/01@14:46:12,2072,2.82575
2026/08/01@14:46:13,2073,2.8221252
2026/08/01@14:46:14,2074,2.818375
2026/08/01@14:46:16,2076,2.8156252
2026/08/01@14:46:17,2077,2.8172502
2026/08/01@14:46:18,2078,2.8472502
2026/08/01@14:46:19,2079,2.844
2026/08/01@14:46:20,2080,2.8372502
2026/08/01@14:46:21,2081,2.8308752
2026/08/01@14:46:22,2082,2.8316252
2026/08/01@14:46:23,2083,2.831
2026/08/01@14:46:24,2084,2.8303752
2026/08/01@14:46:25,2085,2.83575
2026/08/01@14:46:26,2086,2.84225
2026/08/01@14:46:28,2088,2.825875
2026/08/01@14:46:29,2089,2.8325002
2026/08/01@14:46:30,2090,2.8313752
2026/08/01@14:46:31,2091,2.828875
2026/08/01@14:46:32,2092,2.8251252
2026/08/01@14:46:33,2093,2.824875
2026/08/01@14:46:34,2094,2.8255002
2026/08/01@14:46:35,2095,2.8281252
2026/08/01@14:46:36,2096,2.833625
2026/08/01@14:46:37,2097,2.83625
2026/08/01@14:46:38,2098,2.8421252
2026/08/01@14:46:40,2100,2.842375
2026/08/01@14:46:41,2101,2.822875
2026/08/01@14:46:42,2102,2.8351252
2026/08/01@14:46:43,2103,2.8321252
2026/08/01@14:46:44,2104,2.8305002
2026/08/01@14:46:45,2105,2.8305002
2026/08/01@14:46:46,2106,2.8291252
2026/08/01@14:46:47,2107,2.8305002
2026/08/01@14:46:48,2108,2.8300002
2026/08/01@14:46:49,2109,2.826625
2026/08/01@14:46:50,2110,2.8233752
2026/08/01@14:46:52,2112,2.8275
2026/08/01@14:46:53,2113,2.82975
2026/08/01@14:46:54,2114,2.8282502
2026/08/01@14:46:55,2115,2.830625
2026/08/01@14:46:56,2116,2.8308752
2026/08/01@14:46:57,2117,2.82925
2026/08/01@14:46:58,2118,2.827125
2026/08/01@14:46:59,2119,2.826625
2026/08/01@14:47:00,2120,2.827625
2026/08/01@14:47:01,2121,2.8363752
2026/08/01@14:47:02,2122,2.8372502
2026/08/01@14:47:04,2124,2.8426252
2026/08/01@14:47:05,2125,2.847875
2026/08/01@14:47:06,2126,2.8286252
2026/08/01@14:47:07,2127,2.8333752
2026/08/01@14:47:08,2128,2.8330002
2026/08/01@14:47:09,2129,2.8377502
2026/08/01@14:47:10,2130,2.83675
2026/08/01@14:47:11,2131,2.8442502
2026/08/01@14:47:12,2132,2.822
2026/08/01@14:47:13,2133,2.8335002
2026/08/01@14:47:14,2134,2.8317502
2026/08/01@14:47:15,2135,2.8402502
2026/08/01@14:47:17,2137,2.8465002
2026/08/01@14:47:18,2138,2.838875
2026/08/01@14:47:19,2139,2.825
2026/08/01@14:47:20,2140,2.8263752
2026/08/01@14:47:21,2141,2.8273752
2026/08/01@14:47:22,2142,2.8338752
2026/08/01@14:47:23,2143,2.8486252
2026/08/01@14:47:24,2144,2.8482502
2026/08/01@14:47:25,2145,2.8446252
2026/08/01@14:47:26,2146,2.8430002
2026/08/01@14:47:27,2147,2.8412502
2026/08/01@14:47:29,2149,2.841875
2026/08/01@14:47:30,2150,2.8451252
2026/08/01@14:47:31,2151,2.8491252
2026/08/01@14:47:32,2152,2.833625
2026/08/01@14:47:33,2153,2.8360002
2026/08/01@14:47:34,2154,2.8296252
2026/08/01@14:47:35,2155,2.8333752
2026/08/01@14:47:36,2156,2.833625
2026/08/01@14:47:37,2157,2.834
2026/08/01@14:47:38,2158,2.8282502
2026/08/01@14:47:39,2159,2.8317502
2026/08/01@14:47:41,2161,2.834125
2026/08/01@14:47:42,2162,2.8391252
2026/08/01@14:47:43,2163,2.8372502
2026/08/01@14:47:44,2164,2.8363752
2026/08/01@14:47:45,2165,2.8285
2026/08/01@14:47:46,2166,2.828
2026/08/01@14:47:47,2167,2.8286252
2026/08/01@14:47:48,2168,2.828
2026/08/01@14:47:49,2169,2.8370002
2026/08/01@14:47:50,2170,2.837125
2026/08/01@14:47:51,2171,2.8373752
2026/08/01@14:47:53,2173,2.8377502
2026/08/01@14:47:54,2174,2.8387502
2026/08/01@14:47:55,2175,2.8398752
2026/08/01@14:47:56,2176,2.8381252
2026/08/01@14:47:57,2177,2.835375
2026/08/01@14:47:58,2178,2.833625
2026/08/01@14:47:59,2179,2.83575
2026/08/01@14:48:00,2180,2.8337502
2026/08/01@14:48:01,2181,2.8338752
2026/08/01@14:48:02,2182,2.8326252
2026/08/01@14:48:03,2183,2.8346252
2026/08/01@14:48:05,2185,2.835375
2026/08/01@14:48:06,2186,2.83925
2026/08/01@14:48:07,2187,2.830625
2026/08/01@14:48:08,2188,2.8372502
2026/08/01@14:48:09,2189,2.825875
2026/08/01@14:48:10,2190,2.8221252
2026/08/01@14:48:11,2191,2.8373752
2026/08/01@14:48:12,2192,2.83675
2026/08/01@14:48:13,2193,2.8355002
2026/08/01@14:48:14,2194,2.841375
2026/08/01@14:48:15,2195,2.8475
2026/08/01@14:48:17,2197,2.8498752
2026/08/01@14:48:18,2198,2.8493752
2026/08/01@14:48:19,2199,2.8468752
2026/08/01@14:48:20,2200,2.8405
2026/08/01@14:48:21,2201,2.8326252
2026/08/01@14:48:22,2202,2.8345
2026/08/01@14:48:23,2203,2.8402502
2026/08/01@14:48:24,2204,2.842375
2026/08/01@14:48:25,2205,2.8435002
2026/08/01@14:48:26,2206,2.8428752
2026/08/01@14:48:27,2207,2.841
2026/08/01@14:48:29,2209,2.837625
2026/08/01@14:48:30,2210,2.836625
2026/08/01@14:48:31,2211,2.835875
2026/08/01@14:48:32,2212,2.844125
2026/08/01@14:48:33,2213,2.8537502
2026/08/01@14:48:34,2214,2.8330002
2026/08/01@14:48:35,2215,2.8398752
2026/08/01@14:48:36,2216,2.8390002
2026/08/01@14:48:37,2217,2.8417502
2026/08/01@14:48:38,2218,2.844875
2026/08/01@14:48:39,2219,2.8512502
2026/08/01@14:48:41,2221,2.84675
2026/08/01@14:48:42,2222,2.8330002
2026/08/01@14:48:43,2223,2.8416252
2026/08/01@14:48:44,2224,2.841375
2026/08/01@14:48:45,2225,2.8386252
2026/08/01@14:48:46,2226,2.8233752
2026/08/01@14:48:47,2227,2.8486252
2026/08/01@14:48:48,2228,2.856125
2026/08/01@14:48:49,2229,2.832
2026/08/01@14:48:50,2230,2.8316252
2026/08/01@14:48:51,2231,2.8403752
2026/08/01@14:48:53,2233,2.8386252
2026/08/01@14:48:54,2234,2.837125
2026/08/01@14:48:55,2235,2.8435002
2026/08/01@14:48:56,2236,2.84275
2026/08/01@14:48:57,2237,2.8433752
2026/08/01@14:48:58,2238,2.8455002
2026/08/01@14:48:59,2239,2.8463752
2026/08/01@14:49:00,2240,2.844875
2026/08/01@14:49:01,2241,2.8365002
2026/08/01@14:49:02,2242,2.8351252
2026/08/01@14:49:03,2243,2.8355002
2026/08/01@14:49:05,2245,2.8386252
2026/08/01@14:49:06,2246,2.840125
2026/08/01@14:49:07,2247,2.840125
2026/08/01@14:49:08,2248,2.83925
2026/08/01@14:49:09,2249,2.8375
2026/08/01@14:49:10,2250,2.8368752
2026/08/01@14:49:11,2251,2.8438752
2026/08/01@14:49:12,2252,2.8445
2026/08/01@14:49:13,2253,2.84675
2026/08/01@14:49:14,2254,2.8482502
2026/08/01@14:49:15,2255,2.8500002
2026/08/01@14:49:17,2257,2.8500002
2026/08/01@14:49:18,2258,2.8461252
2026/08/01@14:49:19,2259,2.8378752
2026/08/01@14:49:20,2260,2.834875
2026/08/01@14:49:21,2261,2.83925
2026/08/01@14:49:22,2262,2.8330002
2026/08/01@14:49:23,2263,2.8605
2026/08/01@14:49:24,2264,2.8556252
2026/08/01@14:49:25,2265,2.844
2026/08/01@14:49:26,2266,2.8328752
2026/08/01@14:49:27,2267,2.8370002
2026/08/01@14:49:29,2269,2.8425002
2026/08/01@14:49:30,2270,2.844125
2026/08/01@14:49:31,2271,2.856125
2026/08/01@14:49:32,2272,2.847125
2026/08/01@14:49:33,2273,2.8396252
2026/08/01@14:49:34,2274,2.8355002
2026/08/01@14:49:35,2275,2.841875
2026/08/01@14:49:36,2276,2.8345
2026/08/01@14:49:37,2277,2.85925
2026/08/01@14:49:38,2278,2.8526252
2026/08/01@14:49:39,2279,2.8442502
2026/08/01@14:49:41,2281,2.83975
2026/08/01@14:49:42,2282,2.8370002
2026/08/01@14:49:43,2283,2.83675
2026/08/01@14:49:44,2284,2.8377502
2026/08/01@14:49:45,2285,2.8400002
2026/08/01@14:49:46,2286,2.8400002
2026/08/01@14:49:47,2287,2.8263752
2026/08/01@14:49:48,2288,2.857
2026/08/01@14:49:49,2289,2.8515
2026/08/01@14:49:50,2290,2.844125
2026/08/01@14:49:51,2291,2.8396252
2026/08/01@14:49:53,2292,2.834125
2026/08/01@14:49:54,2294,2.835375
2026/08/01@14:49:55,2295,2.8360002
2026/08/01@14:49:56,2296,2.8373752
2026/08/01@14:49:57,2297,2.835
2026/08/01@14:49:58,2298,2.834
2026/08/01@14:49:59,2299,2.836625
2026/08/01@14:50:00,2300,2.8400002
2026/08/01@14:50:01,2301,2.8426252
2026/08/01@14:50:02,2302,2.841875
2026/08/01@14:50:03,2303,2.8407502
2026/08/01@14:50:05,2304,2.837625
2026/08/01@14:50:06,2306,2.8377502
2026/08/01@14:50:07,2307,2.8372502
2026/08/01@14:50:08,2308,2.837625
2026/08/01@14:50:09,2309,2.8408752
2026/08/01@14:50:10,2310,2.842375
2026/08/01@14:50:11,2311,2.8433752
2026/08/01@14:50:12,2312,2.8470002
2026/08/01@14:50:13,2313,2.85275
2026/08/01@14:50:14,2314,2.8416252
2026/08/01@14:50:15,2315,2.8295002
2026/08/01@14:50:16,2316,2.8363752
2026/08/01@14:50:18,2318,2.8337502
2026/08/01@14:50:19,2319,2.834875
2026/08/01@14:50:20,2320,2.837125
2026/08/01@14:50:21,2321,2.8417502
2026/08/01@14:50:22,2322,2.842375
2026/08/01@14:50:23,2323,2.8456252
2026/08/01@14:50:24,2324,2.84925
2026/08/01@14:50:25,2325,2.851875
2026/08/01@14:50:26,2326,2.8525002
2026/08/01@14:50:27,2327,2.848875
2026/08/01@14:50:28,2328,2.822375
2026/08/01@14:50:30,2330,2.8346252
2026/08/01@14:50:31,2331,2.8222502
2026/08/01@14:50:32,2332,2.8373752
2026/08/01@14:50:33,2333,2.8382502
2026/08/01@14:50:34,2334,2.8403752
2026/08/01@14:50:35,2335,2.83975
2026/08/01@14:50:36,2336,2.838
2026/08/01@14:50:37,2337,2.8368752
2026/08/01@14:50:38,2338,2.837125
2026/08/01@14:50:39,2339,2.8381252
2026/08/01@14:50:40,2340,2.838
2026/08/01@14:50:42,2342,2.8375
2026/08/01@14:50:43,2343,2.8373752
2026/08/01@14:50:44,2344,2.8281252
2026/08/01@14:50:45,2345,2.822875
2026/08/01@14:50:46,2346,2.8520002
2026/08/01@14:50:47,2347,2.85275
2026/08/01@14:50:48,2348,2.8508752
2026/08/01@14:50:49,2349,2.84975
2026/08/01@14:50:50,2350,2.849625
2026/08/01@14:50:51,2351,2.84925
2026/08/01@14:50:52,2352,2.8490002
2026/08/01@14:50:54,2354,2.846625
2026/08/01@14:50:55,2355,2.8446252
2026/08/01@14:50:56,2356,2.8416252
2026/08/01@14:50:57,2357,2.8412502
2026/08/01@14:50:58,2358,2.8398752
2026/08/01@14:50:59,2359,2.837625
2026/08/01@14:51:00,2360,2.83575
2026/08/01@14:51:01,2361,2.82975
2026/08/01@14:51:02,2362,2.83225
2026/08/01@14:51:03,2363,2.8342502
2026/08/01@14:51:04,2364,2.837125
2026/08/01@14:51:06,2366,2.8381252
2026/08/01@14:51:07,2367,2.8378752
2026/08/01@14:51:08,2368,2.8375
2026/08/01@14:51:09,2369,2.8361252
2026/08/01@14:51:10,2370,2.8270002
2026/08/01@14:51:11,2371,2.8255002
2026/08/01@14:51:12,2372,2.8500002
2026/08/01@14:51:13,2373,2.8452502
2026/08/01@14:51:14,2374,2.84325
2026/08/01@14:51:15,2375,2.8435002
2026/08/01@14:51:16,2376,2.841875
2026/08/01@14:51:18,2378,2.837625
2026/08/01@14:51:19,2379,2.8330002
2026/08/01@14:51:20,2380,2.8308752
2026/08/01@14:51:21,2381,2.831
2026/08/01@14:51:22,2382,2.8360002
2026/08/01@14:51:23,2383,2.8370002
2026/08/01@14:51:24,2384,2.8363752
2026/08/01@14:51:25,2385,2.836625
2026/08/01@14:51:26,2386,2.839375
2026/08/01@14:51:27,2387,2.844875
2026/08/01@14:51:28,2388,2.8486252
2026/08/01@14:51:30,2390,2.8515
2026/08/01@14:51:31,2391,2.8415
2026/08/01@14:51:32,2392,2.820625
2026/08/01@14:51:33,2393,2.826625
2026/08/01@14:51:34,2394,2.835875
2026/08/01@14:51:35,2395,2.8381252
2026/08/01@14:51:36,2396,2.837125
2026/08/01@14:51:37,2397,2.836625
2026/08/01@14:51:38,2398,2.8343752
2026/08/01@14:51:39,2399,2.834875
2026/08/01@14:51:40,2400,2.832375
2026/08/01@14:51:42,2402,2.825875
2026/08/01@14:51:43,2403,2.8178752
2026/08/01@14:51:44,2404,2.834875
2026/08/01@14:51:45,2405,2.8495002
2026/08/01@14:51:46,2406,2.850625
2026/08/01@14:51:47,2407,2.8502502
2026/08/01@14:51:48,2408,2.848875
2026/08/01@14:51:49,2409,2.8472502
2026/08/01@14:51:50,2410,2.846625
2026/08/01@14:51:51,2411,2.8452502
2026/08/01@14:51:52,2412,2.8425002
2026/08/01@14:51:54,2414,2.8396252
2026/08/01@14:51:55,2415,2.8373752
2026/08/01@14:51:56,2416,2.8391252
2026/08/01@14:51:57,2417,2.842375
2026/08/01@14:51:58,2418,2.8455002
2026/08/01@14:51:59,2419,2.847125
2026/08/01@14:52:00,2420,2.847625
2026/08/01@14:52:01,2421,2.8386252
2026/08/01@14:52:02,2422,2.814625
2026/08/01@14:52:03,2423,2.822875
2026/08/01@14:52:04,2424,2.8355002
2026/08/01@14:52:06,2426,2.834875
2026/08/01@14:52:07,2427,2.8305002
2026/08/01@14:52:08,2428,2.8265002
2026/08/01@14:52:09,2429,2.8277502
2026/08/01@14:52:10,2430,2.831125
2026/08/01@14:52:11,2431,2.83275
2026/08/01@14:52:12,2432,2.831125
2026/08/01@14:52:13,2433,2.8265002
2026/08/01@14:52:14,2434,2.8251252
2026/08/01@14:52:15,2435,2.8275
2026/08/01@14:52:16,2436,2.8307502
2026/08/01@14:52:18,2438,2.8287502
2026/08/01@14:52:19,2439,2.8252502
2026/08/01@14:52:20,2440,2.8245
2026/08/01@14:52:21,2441,2.8270002
2026/08/01@14:52:22,2442,2.8307502
2026/08/01@14:52:23,2443,2.8326252
2026/08/01@14:52:24,2444,2.8330002
2026/08/01@14:52:25,2445,2.8313752
2026/08/01@14:52:26,2446,2.83275
2026/08/01@14:52:27,2447,2.835
2026/08/01@14:52:28,2448,2.8372502
2026/08/01@14:52:30,2450,2.83325
2026/08/01@14:52:31,2451,2.8315
2026/08/01@14:52:32,2452,2.83325
2026/08/01@14:52:33,2453,2.8330002
2026/08/01@14:52:34,2454,2.833625
2026/08/01@14:52:35,2455,2.8333752
2026/08/01@14:52:36,2456,2.8333752
2026/08/01@14:52:37,2457,2.8338752
2026/08/01@14:52:38,2458,2.8346252
2026/08/01@14:52:39,2459,2.8343752
2026/08/01@14:52:40,2460,2.834125
2026/08/01@14:52:42,2462,2.833125
2026/08/01@14:52:43,2463,2.83225
2026/08/01@14:52:44,2464,2.8330002
2026/08/01@14:52:45,2465,2.8212502
2026/08/01@14:52:46,2466,2.81625
2026/08/01@14:52:47,2467,2.8231252
2026/08/01@14:52:48,2468,2.8247502
2026/08/01@14:52:49,2469,2.8490002
2026/08/01@14:52:50,2470,2.8475
2026/08/01@14:52:51,2471,2.8375
2026/08/01@14:52:52,2472,2.841875
2026/08/01@14:52:54,2474,2.8477502
2026/08/01@14:52:55,2475,2.8485002
2026/08/01@14:52:56,2476,2.843125
2026/08/01@14:52:57,2477,2.8165002
2026/08/01@14:52:58,2478,2.8177502
2026/08/01@14:52:59,2479,2.8321252
2026/08/01@14:53:00,2480,2.8355002
2026/08/01@14:53:01,2481,2.8305002
2026/08/01@14:53:02,2482,2.8277502
2026/08/01@14:53:03,2483,2.8251252
2026/08/01@14:53:04,2484,2.8328752
2026/08/01@14:53:06,2486,2.840625
2026/08/01@14:53:07,2487,2.8461252
2026/08/01@14:53:08,2488,2.82975
2026/08/01@14:53:09,2489,2.82325
2026/08/01@14:53:10,2490,2.8330002
2026/08/01@14:53:11,2491,2.8307502
2026/08/01@14:53:12,2492,2.829375
2026/08/01@14:53:13,2493,2.8282502
2026/08/01@14:53:14,2494,2.82625
2026/08/01@14:53:15,2495,2.82575
2026/08/01@14:53:16,2496,2.82375
2026/08/01@14:53:18,2498,2.825875
2026/08/01@14:53:19,2499,2.8286252
2026/08/01@14:53:20,2500,2.831125
2026/08/01@14:53:21,2501,2.830625
2026/08/01@14:53:22,2502,2.8281252
2026/08/01@14:53:23,2503,2.8230002
2026/08/01@14:53:24,2504,2.8226252
2026/08/01@14:53:25,2505,2.833125
2026/08/01@14:53:26,2506,2.8378752
2026/08/01@14:53:27,2507,2.8398752
2026/08/01@14:53:28,2508,2.834125
2026/08/01@14:53:30,2510,2.8290002
2026/08/01@14:53:31,2511,2.8272502
2026/08/01@14:53:32,2512,2.8338752
2026/08/01@14:53:33,2513,2.830625
2026/08/01@14:53:34,2514,2.8300002
2026/08/01@14:53:35,2515,2.827625
2026/08/01@14:53:36,2516,2.8268752
2026/08/01@14:53:37,2517,2.834
2026/08/01@14:53:38,2518,2.837125
2026/08/01@14:53:39,2519,2.8233752
2026/08/01@14:53:40,2520,2.84625
2026/08/01@14:53:42,2521,2.8400002
2026/08/01@14:53:43,2523,2.8363752
2026/08/01@14:53:44,2524,2.8370002
2026/08/01@14:53:45,2525,2.83025
2026/08/01@14:53:46,2526,2.8317502
2026/08/01@14:53:47,2527,2.8342502
2026/08/01@14:53:48,2528,2.8185
2026/08/01@14:53:49,2529,2.84975
2026/08/01@14:53:50,2530,2.8470002
2026/08/01@14:53:51,2531,2.8455002
2026/08/01@14:53:52,2532,2.8460002
2026/08/01@14:53:53,2533,2.8498752
2026/08/01@14:53:55,2535,2.8212502
2026/08/01@14:53:56,2536,2.8351252
2026/08/01@14:53:57,2537,2.8335002
2026/08/01@14:53:58,2538,2.8281252
2026/08/01@14:53:59,2539,2.8247502
2026/08/01@14:54:00,2540,2.8373752
2026/08/01@14:54:01,2541,2.847625
2026/08/01@14:54:02,2542,2.8546252
2026/08/01@14:54:03,2543,2.8377502
2026/08/01@14:54:04,2544,2.83325
2026/08/01@14:54:05,2545,2.8300002
2026/08/01@14:54:07,2547,2.837625
2026/08/01@14:54:08,2548,2.8446252
2026/08/01@14:54:09,2549,2.8516252
2026/08/01@14:54:10,2550,2.8207502
2026/08/01@14:54:11,2551,2.8296252
2026/08/01@14:54:12,2552,2.824125
2026/08/01@14:54:13,2553,2.8351252
2026/08/01@14:54:14,2554,2.8443752
2026/08/01@14:54:15,2555,2.847125
2026/08/01@14:54:16,2556,2.8443752
2026/08/01@14:54:18,2557,2.8385
2026/08/01@14:54:19,2559,2.837625
2026/08/01@14:54:20,2560,2.8428752
2026/08/01@14:54:21,2561,2.8473752
2026/08/01@14:54:22,2562,2.8452502
2026/08/01@14:54:23,2563,2.8407502
2026/08/01@14:54:24,2564,2.83675
2026/08/01@14:54:25,2565,2.8356252
2026/08/01@14:54:26,2566,2.8411252
2026/08/01@14:54:27,2567,2.8493752
2026/08/01@14:54:28,2568,2.8582502
2026/08/01@14:54:29,2569,2.8343752
2026/08/01@14:54:31,2571,2.840125
2026/08/01@14:54:32,2572,2.838375
2026/08/01@14:54:33,2573,2.8408752
2026/08/01@14:54:34,2574,2.8428752
2026/08/01@14:54:35,2575,2.833625
2026/08/01@14:54:36,2576,2.8465002
2026/08/01@14:54:37,2577,2.8543752
2026/08/01@14:54:38,2578,2.8526252
2026/08/01@14:54:39,2579,2.853125
2026/08/01@14:54:40,2580,2.8567502
2026/08/01@14:54:41,2581,2.831875
2026/08/01@14:54:43,2583,2.8338752
2026/08/01@14:54:44,2584,2.83975
2026/08/01@14:54:45,2585,2.838875
2026/08/01@14:54:46,2586,2.8396252
2026/08/01@14:54:47,2587,2.8533752
2026/08/01@14:54:48,2588,2.8282502
2026/08/01@14:54:49,2589,2.841875
2026/08/01@14:54:50,2590,2.8387502
2026/08/01@14:54:51,2591,2.8356252
2026/08/01@14:54:52,2592,2.8382502
2026/08/01@14:54:53,2593,2.8370002
2026/08/01@14:54:55,2595,2.8396252
2026/08/01@14:54:56,2596,2.8463752
2026/08/01@14:54:57,2597,2.8555002
2026/08/01@14:54:58,2598,2.8595002
2026/08/01@14:54:59,2599,2.8356252
2026/08/01@14:55:00,2600,2.8465002
2026/08/01@14:55:01,2601,2.8412502
2026/08/01@14:55:02,2602,2.838375
2026/08/01@14:55:03,2603,2.8486252
2026/08/01@14:55:04,2604,2.851875
2026/08/01@14:55:06,2605,2.855
2026/08/01@14:55:07,2607,2.8556252
2026/08/01@14:55:08,2608,2.8567502
2026/08/01@14:55:09,2609,2.8581252
2026/08/01@14:55:10,2610,2.859625
2026/08/01@14:55:11,2611,2.861375
2026/08/01@14:55:12,2612,2.8593752
2026/08/01@14:55:13,2613,2.8608752
2026/08/01@14:55:14,2614,2.8608752
2026/08/01@14:55:15,2615,2.8573752
2026/08/01@14:55:16,2616,2.8520002
2026/08/01@14:55:17,2617,2.848375
2026/08/01@14:55:19,2619,2.847875
2026/08/01@14:55:20,2620,2.843125
2026/08/01@14:55:21,2621,2.8425002
2026/08/01@14:55:22,2622,2.8437502
2026/08/01@14:55:23,2623,2.8481252
2026/08/01@14:55:24,2624,2.8526252
2026/08/01@14:55:25,2625,2.8560002
2026/08/01@14:55:26,2626,2.858375
2026/08/01@14:55:27,2627,2.851375
2026/08/01@14:55:28,2628,2.8373752
2026/08/01@14:55:29,2629,2.843125
2026/08/01@14:55:31,2631,2.8408752
2026/08/01@14:55:32,2632,2.8530002
2026/08/01@14:55:33,2633,2.8598752
2026/08/01@14:55:34,2634,2.861375
2026/08/01@14:55:35,2635,2.850625
2026/08/01@14:55:36,2636,2.8300002
2026/08/01@14:55:37,2637,2.8408752
2026/08/01@14:55:38,2638,2.8546252
2026/08/01@14:55:39,2639,2.8517502
2026/08/01@14:55:40,2640,2.8482502
2026/08/01@14:55:41,2641,2.8435002
2026/08/01@14:55:43,2643,2.840625
2026/08/01@14:55:44,2644,2.843625
2026/08/01@14:55:45,2645,2.8460002
2026/08/01@14:55:46,2646,2.851875
2026/08/01@14:55:47,2647,2.850125
2026/08/01@14:55:48,2648,2.8451252
2026/08/01@14:55:49,2649,2.844
2026/08/01@14:55:50,2650,2.84925
2026/08/01@14:55:51,2651,2.8481252
2026/08/01@14:55:52,2652,2.8443752
2026/08/01@14:55:53,2653,2.852375
2026/08/01@14:55:55,2655,2.8542502
2026/08/01@14:55:56,2656,2.8552502
2026/08/01@14:55:57,2657,2.8512502
2026/08/01@14:55:58,2658,2.8481252
2026/08/01@14:55:59,2659,2.85225
2026/08/01@14:56:00,2660,2.8533752
2026/08/01@14:56:01,2661,2.8545
2026/08/01@14:56:02,2662,2.855
2026/08/01@14:56:03,2663,2.8443752
2026/08/01@14:56:04,2664,2.8608752
2026/08/01@14:56:05,2665,2.8660002
2026/08/01@14:56:07,2667,2.864
2026/08/01@14:56:08,2668,2.864
2026/08/01@14:56:09,2669,2.8655002
2026/08/01@14:56:10,2670,2.85225
2026/08/01@14:56:11,2671,2.8521252
2026/08/01@14:56:12,2672,2.8481252
2026/08/01@14:56:13,2673,2.854
2026/08/01@14:56:14,2674,2.863125
2026/08/01@14:56:15,2675,2.8677502
2026/08/01@14:56:16,2676,2.8438752
2026/08/01@14:56:17,2677,2.8558752
2026/08/01@14:56:19,2679,2.8500002
2026/08/01@14:56:20,2680,2.8565002
2026/08/01@14:56:21,2681,2.8677502
2026/08/01@14:56:22,2682,2.8560002
2026/08/01@14:56:23,2683,2.85275
2026/08/01@14:56:24,2684,2.8576252
2026/08/01@14:56:25,2685,2.867125
2026/08/01@14:56:26,2686,2.83925
2026/08/01@14:56:27,2687,2.8515
2026/08/01@14:56:28,2688,2.8495002
2026/08/01@14:56:29,2689,2.858875
2026/08/01@14:56:31,2691,2.8647502
2026/08/01@14:56:32,2692,2.8686252
2026/08/01@14:56:33,2693,2.8485002
2026/08/01@14:56:34,2694,2.85575
2026/08/01@14:56:35,2695,2.8560002
2026/08/01@14:56:36,2696,2.857
2026/08/01@14:56:37,2697,2.8628752
2026/08/01@14:56:38,2698,2.8707502
2026/08/01@14:56:39,2699,2.8438752
2026/08/01@14:56:40,2700,2.8551252
2026/08/01@14:56:41,2701,2.8617502
2026/08/01@14:56:43,2703,2.8593752
2026/08/01@14:56:44,2704,2.855
2026/08/01@14:56:45,2705,2.8533752
2026/08/01@14:56:46,2706,2.857875
2026/08/01@14:56:47,2707,2.8530002
2026/08/01@14:56:48,2708,2.8538752
2026/08/01@14:56:49,2709,2.8452502
2026/08/01@14:56:50,2710,2.8502502
2026/08/01@14:56:51,2711,2.8495002
2026/08/01@14:56:52,2712,2.8573752
2026/08/01@14:56:53,2713,2.8565002
2026/08/01@14:56:55,2715,2.8581252
2026/08/01@14:56:56,2716,2.8565002
2026/08/01@14:56:57,2717,2.85975
2026/08/01@14:56:58,2718,2.8616252
2026/08/01@14:56:59,2719,2.861
2026/08/01@14:57:00,2720,2.8638752
2026/08/01@14:57:01,2721,2.86325
2026/08/01@14:57:02,2722,2.8617502
2026/08/01@14:57:03,2723,2.86275
2026/08/01@14:57:04,2724,2.8702502
2026/08/01@14:57:05,2725,2.87625
2026/08/01@14:57:07,2727,2.878
2026/08/01@14:57:08,2728,2.8747502
2026/08/01@14:57:09,2729,2.8637502
2026/08/01@14:57:10,2730,2.8558752
2026/08/01@14:57:11,2731,2.8511252
2026/08/01@14:57:12,2732,2.8586252
2026/08/01@14:57:13,2733,2.8667502
2026/08/01@14:57:14,2734,2.874
2026/08/01@14:57:15,2735,2.87625
2026/08/01@14:57:16,2736,2.846625
2026/08/01@14:57:17,2737,2.8625002
2026/08/01@14:57:19,2739,2.8638752
2026/08/01@14:57:20,2740,2.8677502
2026/08/01@14:57:21,2741,2.8681252
2026/08/01@14:57:22,2742,2.8546252
2026/08/01@14:57:23,2743,2.8773752
2026/08/01@14:57:24,2744,2.8672502
2026/08/01@14:57:25,2745,2.8607502
2026/08/01@14:57:26,2746,2.8628752
2026/08/01@14:57:27,2747,2.86275
2026/08/01@14:57:28,2748,2.864
2026/08/01@14:57:29,2749,2.8542502
2026/08/01@14:57:31,2751,2.8806252
2026/08/01@14:57:32,2752,2.8758752
2026/08/01@14:57:33,2753,2.867875
2026/08/01@14:57:34,2754,2.8563752
2026/08/01@14:57:35,2755,2.8558752
2026/08/01@14:57:36,2756,2.861875
2026/08/01@14:57:37,2757,2.8573752
2026/08/01@14:57:38,2758,2.8537502
2026/08/01@14:57:39,2759,2.8712502
2026/08/01@14:57:40,2760,2.868875
2026/08/01@14:57:41,2761,2.84975
2026/08/01@14:57:43,2763,2.8646252
2026/08/01@14:57:44,2764,2.8686252
2026/08/01@14:57:45,2765,2.8635
2026/08/01@14:57:46,2766,2.86625
2026/08/01@14:57:47,2767,2.87625
2026/08/01@14:57:48,2768,2.853125
2026/08/01@14:57:49,2769,2.8667502
2026/08/01@14:57:50,2770,2.8737502
2026/08/01@14:57:51,2771,2.877875
2026/08/01@14:57:52,2772,2.8625002
2026/08/01@14:57:53,2773,2.8486252
2026/08/01@14:57:55,2775,2.865375
2026/08/01@14:57:56,2776,2.8723752
2026/08/01@14:57:57,2777,2.8768752
2026/08/01@14:57:58,2778,2.8730002
2026/08/01@14:57:59,2779,2.8673752
2026/08/01@14:58:00,2780,2.858875
2026/08/01@14:58:01,2781,2.86325
2026/08/01@14:58:02,2782,2.86875
2026/08/01@14:58:03,2783,2.86625
2026/08/01@14:58:04,2784,2.8635
2026/08/01@14:58:05,2785,2.866125
2026/08/01@14:58:07,2787,2.8723752
2026/08/01@14:58:08,2788,2.8833752
2026/08/01@14:58:09,2789,2.85625
2026/08/01@14:58:10,2790,2.87275
2026/08/01@14:58:11,2791,2.8685002
2026/08/01@14:58:12,2792,2.860125
2026/08/01@14:58:13,2793,2.8577502
2026/08/01@14:58:14,2794,2.8577502
2026/08/01@14:58:15,2795,2.8651252
2026/08/01@14:58:16,2796,2.8716252
2026/08/01@14:58:17,2797,2.8695002
2026/08/01@14:58:19,2799,2.8647502
2026/08/01@14:58:20,2800,2.8611252
2026/08/01@14:58:21,2801,2.864
2026/08/01@14:58:22,2802,2.873625
2026/08/01@14:58:23,2803,2.8815002
2026/08/01@14:58:24,2804,2.8816252
2026/08/01@14:58:25,2805,2.8795002
2026/08/01@14:58:26,2806,2.8760002
2026/08/01@14:58:27,2807,2.8733752
2026/08/01@14:58:28,2808,2.8760002
2026/08/01@14:58:29,2809,2.8741252
2026/08/01@14:58:31,2811,2.8747502
2026/08/01@14:58:32,2812,2.87925
2026/08/01@14:58:33,2813,2.8858752
2026/08/01@14:58:34,2814,2.864
2026/08/01@14:58:35,2815,2.8738752
2026/08/01@14:58:36,2816,2.8730002
2026/08/01@14:58:37,2817,2.8730002
2026/08/01@14:58:38,2818,2.874375
2026/08/01@14:58:39,2819,2.8615
2026/08/01@14:58:40,2820,2.8868752
2026/08/01@14:58:41,2821,2.8863752
2026/08/01@14:58:43,2823,2.88625
2026/08/01@14:58:44,2824,2.8782502
2026/08/01@14:58:45,2825,2.85925
2026/08/01@14:58:46,2826,2.8735
2026/08/01@14:58:47,2827,2.8693752
2026/08/01@14:58:48,2828,2.876125
2026/08/01@14:58:49,2829,2.8846252
2026/08/01@14:58:50,2830,2.8747502
2026/08/01@14:58:51,2831,2.8733752
2026/08/01@14:58:52,2832,2.870125
2026/08/01@14:58:53,2833,2.8742502
2026/08/01@14:58:55,2835,2.8863752
2026/08/01@14:58:56,2836,2.887875
2026/08/01@14:58:57,2837,2.8667502
2026/08/01@14:58:58,2838,2.8735
2026/08/01@14:58:59,2839,2.871
2026/08/01@14:59:00,2840,2.8742502
2026/08/01@14:59:01,2841,2.883125
2026/08/01@14:59:02,2842,2.8897502
2026/08/01@14:59:03,2843,2.8635
2026/08/01@14:59:04,2844,2.8711252
2026/08/01@14:59:05,2845,2.8763752
2026/08/01@14:59:07,2847,2.8735
2026/08/01@14:59:08,2848,2.871375
2026/08/01@14:59:09,2849,2.8777502
2026/08/01@14:59:10,2850,2.884
2026/08/01@14:59:11,2851,2.8868752
2026/08/01@14:59:12,2852,2.889125
2026/08/01@14:59:13,2853,2.89
2026/08/01@14:59:14,2854,2.889625
2026/08/01@14:59:15,2855,2.8881252
2026/08/01@14:59:16,2856,2.8860002
2026/08/01@14:59:17,2857,2.8845
2026/08/01@14:59:19,2859,2.887
2026/08/01@14:59:20,2860,2.8890002
2026/08/01@14:59:21,2861,2.8847502
2026/08/01@14:59:22,2862,2.887375
2026/08/01@14:59:23,2863,2.89275
2026/08/01@14:59:24,2864,2.8933752
2026/08/01@14:59:25,2865,2.887375
2026/08/01@14:59:26,2866,2.8758752
2026/08/01@14:59:27,2867,2.8716252
2026/08/01@14:59:28,2868,2.877
2026/08/01@14:59:29,2869,2.8807502
2026/08/01@14:59:31,2870,2.86875
2026/08/01@14:59:32,2872,2.8885002
2026/08/01@14:59:33,2873,2.8790002
2026/08/01@14:59:34,2874,2.8776252
2026/08/01@14:59:35,2875,2.878
2026/08/01@14:59:36,2876,2.87275
2026/08/01@14:59:37,2877,2.8733752
2026/08/01@14:59:38,2878,2.8735
2026/08/01@14:59:39,2879,2.8590002
2026/08/01@14:59:40,2880,2.894875
2026/08/01@14:59:41,2881,2.8915002
2026/08/01@14:59:42,2882,2.8850002
2026/08/01@14:59:44,2884,2.8715002
2026/08/01@14:59:45,2885,2.872625
2026/08/01@14:59:46,2886,2.87275
2026/08/01@14:59:47,2887,2.8767502
2026/08/01@14:59:48,2888,2.879125
2026/08/01@14:59:49,2889,2.87575
2026/08/01@14:59:50,2890,2.8805
2026/08/01@14:59:51,2891,2.8877502
2026/08/01@14:59:52,2892,2.8681252
2026/08/01@14:59:53,2893,2.8765002
2026/08/01@14:59:54,2894,2.874875
2026/08/01@14:59:56,2896,2.8880002
2026/08/01@14:59:57,2897,2.86625
2026/08/01@14:59:58,2898,2.8793752
2026/08/01@14:59:59,2899,2.873625
2026/08/01@15:00:00,2900,2.8777502
2026/08/01@15:00:01,2901,2.89
2026/08/01@15:00:02,2902,2.88575
2026/08/01@15:00:03,2903,2.873125
2026/08/01@15:00:04,2904,2.8832502
2026/08/01@15:00:05,2905,2.8811252
2026/08/01@15:00:06,2906,2.877
2026/08/01@15:00:08,2908,2.884
2026/08/01@15:00:09,2909,2.88925
2026/08/01@15:00:10,2910,2.8938752
2026/08/01@15:00:11,2911,2.894875
2026/08/01@15:00:12,2912,2.8876252
2026/08/01@15:00:13,2913,2.8732502
2026/08/01@15:00:14,2914,2.8793752
2026/08/01@15:00:15,2915,2.8805
2026/08/01@15:00:16,2916,2.87875
2026/08/01@15:00:17,2917,2.877125
2026/08/01@15:00:18,2918,2.884
2026/08/01@15:00:20,2920,2.8860002
2026/08/01@15:00:21,2921,2.887375
2026/08/01@15:00:22,2922,2.8872502
2026/08/01@15:00:23,2923,2.8835
2026/08/01@15:00:24,2924,2.87925
2026/08/01@15:00:25,2925,2.881875
2026/08/01@15:00:26,2926,2.8837502
2026/08/01@15:00:27,2927,2.8835
2026/08/01@15:00:28,2928,2.88525
2026/08/01@15:00:29,2929,2.8795002
2026/08/01@15:00:30,2930,2.8720002
2026/08/01@15:00:32,2932,2.8993752
2026/08/01@15:00:33,2933,2.900125
2026/08/01@15:00:34,2934,2.8962502
2026/08/01@15:00:35,2935,2.8953752
2026/08/01@15:00:36,2936,2.8886252
2026/08/01@15:00:37,2937,2.8772502
2026/08/01@15:00:38,2938,2.8876252
2026/08/01@15:00:39,2939,2.8828752
2026/08/01@15:00:40,2940,2.877875
2026/08/01@15:00:41,2941,2.881
2026/08/01@15:00:42,2942,2.881375
2026/08/01@15:00:44,2944,2.87925
2026/08/01@15:00:45,2945,2.881
2026/08/01@15:00:46,2946,2.879125
2026/08/01@15:00:47,2947,2.8855002
2026/08/01@15:00:48,2948,2.8865002
2026/08/01@15:00:49,2949,2.8903752
2026/08/01@15:00:50,2950,2.8916252
2026/08/01@15:00:51,2951,2.896125
2026/08/01@15:00:52,2952,2.89925
2026/08/01@15:00:53,2953,2.8838752
2026/08/01@15:00:54,2954,2.8876252
2026/08/01@15:00:56,2956,2.8832502
2026/08/01@15:00:57,2957,2.8928752
2026/08/01@15:00:58,2958,2.8998752
2026/08/01@15:00:59,2959,2.877125
2026/08/01@15:01:00,2960,2.8802502
2026/08/01@15:01:01,2961,2.881875
2026/08/01@15:01:02,2962,2.8911252
2026/08/01@15:01:03,2963,2.8930002
2026/08/01@15:01:04,2964,2.8935
2026/08/01@15:01:05,2965,2.8916252
2026/08/01@15:01:06,2966,2.88925
2026/08/01@15:01:08,2968,2.884875
2026/08/01@15:01:09,2969,2.883625
2026/08/01@15:01:10,2970,2.8871252
2026/08/01@15:01:11,2971,2.8893752
2026/08/01@15:01:12,2972,2.8811252
2026/08/01@15:01:13,2973,2.88275
2026/08/01@15:01:14,2974,2.8735
2026/08/01@15:01:15,2975,2.8865002
2026/08/01@15:01:16,2976,2.8881252
2026/08/01@15:01:17,2977,2.89225
2026/08/01@15:01:18,2978,2.8905
2026/08/01@15:01:20,2980,2.8871252
2026/08/01@15:01:21,2981,2.8847502
2026/08/01@15:01:22,2982,2.883625
2026/08/01@15:01:23,2983,2.8847502
2026/08/01@15:01:24,2984,2.887
2026/08/01@15:01:25,2985,2.88825
2026/08/01@15:01:26,2986,2.887375
2026/08/01@15:01:27,2987,2.884375
2026/08/01@15:01:28,2988,2.891375
2026/08/01@15:01:29,2989,2.9006252
2026/08/01@15:01:30,2990,2.9042502
2026/08/01@15:01:32,2992,2.9042502
2026/08/01@15:01:33,2993,2.9021252
2026/08/01@15:01:34,2994,2.897375
2026/08/01@15:01:35,2995,2.891875
2026/08/01@15:01:36,2996,2.8912502
2026/08/01@15:01:37,2997,2.8841252
2026/08/01@15:01:38,2998,2.9081252
2026/08/01@15:01:39,2999,2.906125
2026/08/01@15:01:40,3000,2.9046252
2026/08/01@15:01:41,3001,2.9046252
2026/08/01@15:01:42,3002,2.9067502
2026/08/01@15:01:44,3004,2.8875
2026/08/01@15:01:45,3005,2.8920002
2026/08/01@15:01:46,3006,2.88625
2026/08/01@15:01:47,3007,2.88575
2026/08/01@15:01:48,3008,2.8928752
2026/08/01@15:01:49,3009,2.90225
2026/08/01@15:01:50,3010,2.9062502
2026/08/01@15:01:51,3011,2.8795002
2026/08/01@15:01:52,3012,2.8986252
2026/08/01@15:01:53,3013,2.8971252
2026/08/01@15:01:54,3014,2.8903752
2026/08/01@15:01:56,3015,2.8855002
2026/08/01@15:01:57,3017,2.8845
2026/08/01@15:01:58,3018,2.8915002
2026/08/01@15:01:59,3019,2.8985002
2026/08/01@15:02:00,3020,2.8990002
2026/08/01@15:02:01,3021,2.8806252
2026/08/01@15:02:02,3022,2.903
2026/08/01@15:02:03,3023,2.8958752
2026/08/01@15:02:04,3024,2.89275
2026/08/01@15:02:05,3025,2.8968752
2026/08/01@15:02:06,3026,2.895625
2026/08/01@15:02:07,3027,2.894
2026/08/01@15:02:09,3029,2.8933752
2026/08/01@15:02:10,3030,2.8998752
2026/08/01@15:02:11,3031,2.9090002
2026/08/01@15:02:12,3032,2.88825
2026/08/01@15:02:13,3033,2.89575
2026/08/01@15:02:14,3034,2.8916252
2026/08/01@15:02:15,3035,2.8858752
2026/08/01@15:02:16,3036,2.8888752
2026/08/01@15:02:17,3037,2.8938752
2026/08/01@15:02:18,3038,2.8993752
2026/08/01@15:02:19,3039,2.900875
2026/08/01@15:02:21,3041,2.9042502
2026/08/01@15:02:22,3042,2.906625
2026/08/01@15:02:23,3043,2.8993752
2026/08/01@15:02:24,3044,2.8953752
2026/08/01@15:02:25,3045,2.8921252
2026/08/01@15:02:26,3046,2.89
2026/08/01@15:02:27,3047,2.893125
2026/08/01@15:02:28,3048,2.9016252
2026/08/01@15:02:29,3049,2.9080002
2026/08/01@15:02:30,3050,2.913
2026/08/01@15:02:31,3051,2.884875
2026/08/01@15:02:33,3053,2.8976252
2026/08/01@15:02:34,3054,2.907375
2026/08/01@15:02:35,3055,2.8971252
2026/08/01@15:02:36,3056,2.8975
2026/08/01@15:02:37,3057,2.8988752
2026/08/01@15:02:38,3058,2.8962502
2026/08/01@15:02:39,3059,2.8953752
2026/08/01@15:02:40,3060,2.8980002
2026/08/01@15:02:41,3061,2.9023752
2026/08/01@15:02:42,3062,2.897875
2026/08/01@15:02:43,3063,2.8950002
2026/08/01@15:02:45,3065,2.8933752
2026/08/01@15:02:46,3066,2.8912502
2026/08/01@15:02:47,3067,2.891875
2026/08/01@15:02:48,3068,2.8977502
2026/08/01@15:02:49,3069,2.9127502
2026/08/01@15:02:50,3070,2.9127502
2026/08/01@15:02:51,3071,2.9101252
2026/08/01@15:02:52,3072,2.9033752
2026/08/01@15:02:53,3073,2.9032502
2026/08/01@15:02:54,3074,2.906625
2026/08/01@15:02:55,3075,2.910875
2026/08/01@15:02:57,3077,2.9110002
2026/08/01@15:02:58,3078,2.9027502
2026/08/01@15:02:59,3079,2.8920002
2026/08/01@15:03:00,3080,2.8850002
2026/08/01@15:03:01,3081,2.8912502
2026/08/01@15:03:02,3082,2.8997502
2026/08/01@15:03:03,3083,2.90225
2026/08/01@15:03:04,3084,2.89875
2026/08/01@15:03:05,3085,2.8821252
2026/08/01@15:03:06,3086,2.9085002
2026/08/01@15:03:07,3087,2.90575
2026/08/01@15:03:09,3089,2.9041252
2026/08/01@15:03:10,3090,2.8993752
2026/08/01@15:03:11,3091,2.8920002
2026/08/01@15:03:12,3092,2.8906252
2026/08/01@15:03:13,3093,2.8911252
2026/08/01@15:03:14,3094,2.903875
2026/08/01@15:03:15,3095,2.913125
2026/08/01@15:03:16,3096,2.914875
2026/08/01@15:03:17,3097,2.9028752
2026/08/01@15:03:18,3098,2.9007502
2026/08/01@15:03:20,3099,2.9080002
2026/08/01@15:03:21,3101,2.9058752
2026/08/01@15:03:22,3102,2.907
2026/08/01@15:03:23,3103,2.903125
2026/08/01@15:03:24,3104,2.894875
2026/08/01@15:03:25,3105,2.8851252
2026/08/01@15:03:26,3106,2.890875
2026/08/01@15:03:27,3107,2.904
2026/08/01@15:03:28,3108,2.91475
2026/08/01@15:03:29,3109,2.9175002
2026/08/01@15:03:30,3110,2.8812502
2026/08/01@15:03:31,3111,2.8877502
2026/08/01@15:03:33,3113,2.8895002
2026/08/01@15:03:34,3114,2.89475
2026/08/01@15:03:35,3115,2.9002502
2026/08/01@15:03:36,3116,2.901
2026/08/01@15:03:37,3117,2.893125
2026/08/01@15:03:38,3118,2.8893752
2026/08/01@15:03:39,3119,2.891875
2026/08/01@15:03:40,3120,2.8985002
2026/08/01@15:03:41,3121,2.901
2026/08/01@15:03:42,3122,2.8958752
2026/08/01@15:03:43,3123,2.8921252
2026/08/01@15:03:45,3125,2.8916252
2026/08/01@15:03:46,3126,2.9002502
2026/08/01@15:03:47,3127,2.9055002
2026/08/01@15:03:48,3128,2.9072502
2026/08/01@15:03:49,3129,2.902625
2026/08/01@15:03:50,3130,2.8942502
2026/08/01@15:03:51,3131,2.8946252
2026/08/01@15:03:52,3132,2.9011252
2026/08/01@15:03:53,3133,2.9063752
2026/08/01@15:03:54,3134,2.9036252
2026/08/01@15:03:55,3135,2.89525
2026/08/01@15:03:57,3137,2.8933752
2026/08/01@15:03:58,3138,2.903875
2026/08/01@15:03:59,3139,2.915625
2026/08/01@15:04:00,3140,2.91825
2026/08/01@15:04:01,3141,2.918625
2026/08/01@15:04:02,3142,2.9068752
2026/08/01@15:04:03,3143,2.893625
2026/08/01@15:04:04,3144,2.8981252
2026/08/01@15:04:05,3145,2.897875
2026/08/01@15:04:06,3146,2.9055002
2026/08/01@15:04:07,3147,2.9075
2026/08/01@15:04:09,3149,2.9046252
2026/08/01@15:04:10,3150,2.907
2026/08/01@15:04:11,3151,2.9155002
2026/08/01@15:04:12,3152,2.9177502
2026/08/01@15:04:13,3153,2.9145002
2026/08/01@15:04:14,3154,2.9037502
2026/08/01@15:04:15,3155,2.893125
2026/08/01@15:04:16,3156,2.8905
2026/08/01@15:04:17,3157,2.8990002
2026/08/01@15:04:18,3158,2.9077502
2026/08/01@15:04:19,3159,2.912625
2026/08/01@15:04:21,3161,2.9181252
2026/08/01@15:04:22,3162,2.89275
2026/08/01@15:04:23,3163,2.9015002
2026/08/01@15:04:24,3164,2.8990002
2026/08/01@15:04:25,3165,2.90525
2026/08/01@15:04:26,3166,2.9097502
2026/08/01@15:04:27,3167,2.9135
2026/08/01@15:04:28,3168,2.9142502
2026/08/01@15:04:29,3169,2.889625
2026/08/01@15:04:30,3170,2.9016252
2026/08/01@15:04:31,3171,2.89875
2026/08/01@15:04:33,3173,2.9037502
2026/08/01@15:04:34,3174,2.9045002
2026/08/01@15:04:35,3175,2.906125
2026/08/01@15:04:36,3176,2.907
2026/08/01@15:04:37,3177,2.905625
2026/08/01@15:04:38,3178,2.9012502
2026/08/01@15:04:39,3179,2.9051252
2026/08/01@15:04:40,3180,2.8938752
2026/08/01@15:04:41,3181,2.9195
2026/08/01@15:04:42,3182,2.9151252
2026/08/01@15:04:43,3183,2.912125
2026/08/01@15:04:44,3184,2.9060002
2026/08/01@15:04:46,3186,2.9075
2026/08/01@15:04:47,3187,2.9175002
2026/08/01@15:04:48,3188,2.9085002
2026/08/01@15:04:49,3189,2.9015002
2026/08/01@15:04:50,3190,2.900125
2026/08/01@15:04:51,3191,2.8993752
2026/08/01@15:04:52,3192,2.9006252
2026/08/01@15:04:53,3193,2.90575
2026/08/01@15:04:54,3194,2.907875
2026/08/01@15:04:55,3195,2.901375
2026/08/01@15:04:56,3196,2.9077502
2026/08/01@15:04:58,3198,2.9072502
2026/08/01@15:04:59,3199,2.9063752
2026/08/01@15:05:00,3200,2.9088752
2026/08/01@15:05:01,3201,2.907875
2026/08/01@15:05:02,3202,2.9045002
2026/08/01@15:05:03,3203,2.90475
2026/08/01@15:05:04,3204,2.908375
2026/08/01@15:05:05,3205,2.90925
2026/08/01@15:05:06,3206,2.9015002
2026/08/01@15:05:07,3207,2.9123752
2026/08/01@15:05:08,3208,2.9185002
2026/08/01@15:05:10,3210,2.9167502
2026/08/01@15:05:11,3211,2.917
2026/08/01@15:05:12,3212,2.9176252
2026/08/01@15:05:13,3213,2.9202502
2026/08/01@15:05:14,3214,2.9207502
2026/08/01@15:05:15,3215,2.920375
2026/08/01@15:05:16,3216,2.911375
2026/08/01@15:05:17,3217,2.891
2026/08/01@15:05:18,3218,2.899125
2026/08/01@15:05:19,3219,2.911375
2026/08/01@15:05:20,3220,2.9080002
2026/08/01@15:05:22,3222,2.9027502
2026/08/01@15:05:23,3223,2.8976252
2026/08/01@15:05:24,3224,2.8967502
2026/08/01@15:05:25,3225,2.8980002
2026/08/01@15:05:26,3226,2.9015002
2026/08/01@15:05:27,3227,2.9015002
2026/08/01@15:05:28,3228,2.905625
2026/08/01@15:05:29,3229,2.9060002
2026/08/01@15:05:30,3230,2.891875
2026/08/01@15:05:31,3231,2.90225
2026/08/01@15:05:32,3232,2.895625
2026/08/01@15:05:34,3234,2.8928752
2026/08/01@15:05:35,3235,2.9058752
2026/08/01@15:05:36,3236,2.8976252
2026/08/01@15:05:37,3237,2.9023752
2026/08/01@15:05:38,3238,2.9015002
2026/08/01@15:05:39,3239,2.9050002
2026/08/01@15:05:40,3240,2.895625
2026/08/01@15:05:41,3241,2.9135
2026/08/01@15:05:42,3242,2.9228752
2026/08/01@15:05:43,3243,2.9220002
2026/08/01@15:05:44,3244,2.9202502
2026/08/01@15:05:46,3246,2.9180002
2026/08/01@15:05:47,3247,2.916625
2026/08/01@15:05:48,3248,2.9160002
2026/08/01@15:05:49,3249,2.914875
2026/08/01@15:05:50,3250,2.9115002
2026/08/01@15:05:51,3251,2.9045002
2026/08/01@15:05:52,3252,2.8958752
2026/08/01@15:05:53,3253,2.8953752
2026/08/01@15:05:54,3254,2.9035
2026/08/01@15:05:55,3255,2.9080002
2026/08/01@15:05:56,3256,2.9062502
2026/08/01@15:05:58,3258,2.92125
2026/08/01@15:05:59,3259,2.920375
2026/08/01@15:06:00,3260,2.9168752
2026/08/01@15:06:01,3261,2.9168752
2026/08/01@15:06:02,3262,2.9176252
2026/08/01@15:06:03,3263,2.9158752
2026/08/01@15:06:04,3264,2.9142502
2026/08/01@15:06:05,3265,2.9145002
2026/08/01@15:06:06,3266,2.9172502
2026/08/01@15:06:07,3267,2.9190002
2026/08/01@15:06:08,3268,2.92
2026/08/01@15:06:10,3270,2.9102502
2026/08/01@15:06:11,3271,2.887
2026/08/01@15:06:12,3272,2.8906252
2026/08/01@15:06:13,3273,2.893125
2026/08/01@15:06:14,3274,2.9058752
2026/08/01@15:06:15,3275,2.907375
2026/08/01@15:06:16,3276,2.9027502
2026/08/01@15:06:17,3277,2.8998752
2026/08/01@15:06:18,3278,2.9
2026/08/01@15:06:19,3279,2.9036252
2026/08/01@15:06:20,3280,2.903125
2026/08/01@15:06:22,3282,2.8998752
2026/08/01@15:06:23,3283,2.8972502
2026/08/01@15:06:24,3284,2.8967502
2026/08/01@15:06:25,3285,2.899625
2026/08/01@15:06:26,3286,2.9006252
2026/08/01@15:06:27,3287,2.900875
2026/08/01@15:06:28,3288,2.898375
2026/08/01@15:06:29,3289,2.89825
2026/08/01@15:06:30,3290,2.90175
2026/08/01@15:06:31,3291,2.9045002
2026/08/01@15:06:32,3292,2.9046252
2026/08/01@15:06:34,3294,2.90225
2026/08/01@15:06:35,3295,2.901375
2026/08/01@15:06:36,3296,2.90225
2026/08/01@15:06:37,3297,2.9041252
2026/08/01@15:06:38,3298,2.9058752
2026/08/01@15:06:39,3299,2.906625
2026/08/01@15:06:40,3300,2.90475
2026/08/01@15:06:41,3301,2.904375
2026/08/01@15:06:42,3302,2.89275
2026/08/01@15:06:43,3303,2.9015002
2026/08/01@15:06:44,3304,2.8935
2026/08/01@15:06:46,3306,2.9198752
2026/08/01@15:06:47,3307,2.9181252
2026/08/01@15:06:48,3308,2.9127502
2026/08/01@15:06:49,3309,2.90875
2026/08/01@15:06:50,3310,2.90525
2026/08/01@15:06:51,3311,2.9016252
2026/08/01@15:06:52,3312,2.8975
2026/08/01@15:06:53,3313,2.8981252
2026/08/01@15:06:54,3314,2.89925
2026/08/01@15:06:55,3315,2.9027502
2026/08/01@15:06:56,3316,2.9067502
2026/08/01@15:06:58,3318,2.9055002
2026/08/01@15:06:59,3319,2.8960002
2026/08/01@15:07:00,3320,2.8906252
2026/08/01@15:07:01,3321,2.89525
2026/08/01@15:07:02,3322,2.91575
2026/08/01@15:07:03,3323,2.919125
2026/08/01@15:07:04,3324,2.9167502
2026/08/01@15:07:05,3325,2.9116252
2026/08/01@15:07:06,3326,2.9062502
2026/08/01@15:07:07,3327,2.901875
2026/08/01@15:07:08,3328,2.901
2026/08/01@15:07:10,3330,2.8971252
2026/08/01@15:07:11,3331,2.8958752
2026/08/01@15:07:12,3332,2.8971252
2026/08/01@15:07:13,3333,2.8980002
2026/08/01@15:07:14,3334,2.9035
2026/08/01@15:07:15,3335,2.905625
2026/08/01@15:07:16,3336,2.904875
2026/08/01@15:07:17,3337,2.9002502
2026/08/01@15:07:18,3338,2.894875
2026/08/01@15:07:19,3339,2.8960002
2026/08/01@15:07:20,3340,2.9016252
2026/08/01@15:07:22,3342,2.889625
2026/08/01@15:07:23,3343,2.8988752
2026/08/01@15:07:24,3344,2.906625
2026/08/01@15:07:25,3345,2.9146252
2026/08/01@15:07:26,3346,2.913
2026/08/01@15:07:27,3347,2.9098752
2026/08/01@15:07:28,3348,2.9085002
2026/08/01@15:07:29,3349,2.9053752
2026/08/01@15:07:30,3350,2.9025002
2026/08/01@15:07:31,3351,2.8990002
2026/08/01@15:07:32,3352,2.8971252
2026/08/01@15:07:34,3354,2.8963752
2026/08/01@15:07:35,3355,2.894
2026/08/01@15:07:36,3356,2.8930002
2026/08/01@15:07:37,3357,2.8911252
2026/08/01@15:07:38,3358,2.8916252
2026/08/01@15:07:39,3359,2.894875
2026/08/01@15:07:40,3360,2.8986252
2026/08/01@15:07:41,3361,2.901375
2026/08/01@15:07:42,3362,2.899125
2026/08/01@15:07:43,3363,2.899625
2026/08/01@15:07:44,3364,2.9012502
2026/08/01@15:07:46,3366,2.905625
2026/08/01@15:07:47,3367,2.9065
2026/08/01@15:07:48,3368,2.904875
2026/08/01@15:07:49,3369,2.9027502
2026/08/01@15:07:50,3370,2.9
2026/08/01@15:07:51,3371,2.9023752
2026/08/01@15:07:52,3372,2.90475
2026/08/01@15:07:53,3373,2.9067502
2026/08/01@15:07:54,3374,2.9035
2026/08/01@15:07:55,3375,2.9006252
2026/08/01@15:07:56,3376,2.903125
2026/08/01@15:07:58,3378,2.9075
2026/08/01@15:07:59,3379,2.9077502
2026/08/01@15:08:00,3380,2.9025002
2026/08/01@15:08:01,3381,2.89575
2026/08/01@15:08:02,3382,2.8921252
2026/08/01@15:08:03,3383,2.8960002
2026/08/01@15:08:04,3384,2.9006252
2026/08/01@15:08:05,3385,2.902625
2026/08/01@15:08:06,3386,2.8995002
2026/08/01@15:08:07,3387,2.8971252
2026/08/01@15:08:08,3388,2.89925
2026/08/01@15:08:10,3390,2.8868752
2026/08/01@15:08:11,3391,2.891
2026/08/01@15:08:12,3392,2.917875
2026/08/01@15:08:13,3393,2.9135
2026/08/01@15:08:14,3394,2.9068752
2026/08/01@15:08:15,3395,2.9028752
2026/08/01@15:08:16,3396,2.9058752
2026/08/01@15:08:17,3397,2.9086252
2026/08/01@15:08:18,3398,2.908375
2026/08/01@15:08:19,3399,2.903875
2026/08/01@15:08:20,3400,2.9015002
2026/08/01@15:08:22,3402,2.9046252
2026/08/01@15:08:23,3403,2.9102502
2026/08/01@15:08:24,3404,2.913
2026/08/01@15:08:25,3405,2.9111252
2026/08/01@15:08:26,3406,2.908375
2026/08/01@15:08:27,3407,2.9071252
2026/08/01@15:08:28,3408,2.9116252
2026/08/01@15:08:29,3409,2.9165
2026/08/01@15:08:30,3410,2.9175002
2026/08/01@15:08:31,3411,2.884875
2026/08/01@15:08:32,3412,2.8881252
2026/08/01@15:08:34,3414,2.8903752
2026/08/01@15:08:35,3415,2.8995002
2026/08/01@15:08:36,3416,2.9016252
2026/08/01@15:08:37,3417,2.8977502
2026/08/01@15:08:38,3418,2.8865002
2026/08/01@15:08:39,3419,2.8782502
2026/08/01@15:08:40,3420,2.88875
2026/08/01@15:08:41,3421,2.8997502
2026/08/01@15:08:42,3422,2.9041252
2026/08/01@15:08:43,3423,2.901375
2026/08/01@15:08:44,3424,2.8953752
2026/08/01@15:08:46,3426,2.887875
2026/08/01@15:08:47,3427,2.891875
2026/08/01@15:08:48,3428,2.8990002
2026/08/01@15:08:49,3429,2.9020002
2026/08/01@15:08:50,3430,2.897875
2026/08/01@15:08:51,3431,2.888375
2026/08/01@15:08:52,3432,2.8856252
2026/08/01@15:08:53,3433,2.8935
2026/08/01@15:08:54,3434,2.9011252
2026/08/01@15:08:55,3435,2.901875
2026/08/01@15:08:56,3436,2.89875
2026/08/01@15:08:58,3438,2.896625
2026/08/01@15:08:59,3439,2.8907502
2026/08/01@15:09:00,3440,2.9055002
2026/08/01@15:09:01,3441,2.9177502
2026/08/01@15:09:02,3442,2.9155002
2026/08/01@15:09:03,3443,2.909625
2026/08/01@15:09:04,3444,2.9075
2026/08/01@15:09:05,3445,2.9116252
2026/08/01@15:09:06,3446,2.9133752
2026/08/01@15:09:07,3447,2.8986252
2026/08/01@15:09:08,3448,2.896125
2026/08/01@15:09:10,3449,2.8915002
2026/08/01@15:09:11,3451,2.8825002
2026/08/01@15:09:12,3452,2.9036252
2026/08/01@15:09:13,3453,2.9127502
2026/08/01@15:09:14,3454,2.906125
2026/08/01@15:09:15,3455,2.8923752
2026/08/01@15:09:16,3456,2.885375
2026/08/01@15:09:17,3457,2.89175
2026/08/01@15:09:18,3458,2.8980002
2026/08/01@15:09:19,3459,2.9077502
2026/08/01@15:09:20,3460,2.9037502
2026/08/01@15:09:21,3461,2.8960002
2026/08/01@15:09:23,3463,2.8875
2026/08/01@15:09:24,3464,2.888375
2026/08/01@15:09:25,3465,2.897375
2026/08/01@15:09:26,3466,2.90175
2026/08/01@15:09:27,3467,2.9003752
2026/08/01@15:09:28,3468,2.8951252
2026/08/01@15:09:29,3469,2.9012502
2026/08/01@15:09:30,3470,2.90475
2026/08/01@15:09:31,3471,2.9063752
2026/08/01@15:09:32,3472,2.903875
2026/08/01@15:09:33,3473,2.900125
2026/08/01@15:09:35,3475,2.8976252
2026/08/01@15:09:36,3476,2.8945002
2026/08/01@15:09:37,3477,2.894875
2026/08/01@15:09:38,3478,2.8962502
2026/08/01@15:09:39,3479,2.89575
2026/08/01@15:09:40,3480,2.8942502
2026/08/01@15:09:41,3481,2.8895002
2026/08/01@15:09:42,3482,2.8893752
2026/08/01@15:09:43,3483,2.89225
2026/08/01@15:09:44,3484,2.89825
2026/08/01@15:09:45,3485,2.9011252
2026/08/01@15:09:47,3487,2.9016252
2026/08/01@15:09:48,3488,2.901375
2026/08/01@15:09:49,3489,2.9025002
2026/08/01@15:09:50,3490,2.9055002
2026/08/01@15:09:51,3491,2.8925002
2026/08/01@15:09:52,3492,2.887875
2026/08/01@15:09:53,3493,2.913125
2026/08/01@15:09:54,3494,2.9110002
2026/08/01@15:09:55,3495,2.9086252
2026/08/01@15:09:56,3496,2.907
2026/08/01@15:09:57,3497,2.9046252
2026/08/01@15:09:59,3499,2.8980002
2026/08/01@15:10:00,3500,2.890875
2026/08/01@15:10:01,3501,2.8903752
2026/08/01@15:10:02,3502,2.8950002
2026/08/01@15:10:03,3503,2.894375
2026/08/01@15:10:04,3504,2.89475
2026/08/01@15:10:05,3505,2.8920002
2026/08/01@15:10:06,3506,2.8937502
2026/08/01@15:10:07,3507,2.8977502
2026/08/01@15:10:08,3508,2.8997502
2026/08/01@15:10:09,3509,2.8990002
2026/08/01@15:10:11,3511,2.8933752
2026/08/01@15:10:12,3512,2.8898752
2026/08/01@15:10:13,3513,2.8885002
2026/08/01@15:10:14,3514,2.8941252
2026/08/01@15:10:15,3515,2.89925
2026/08/01@15:10:16,3516,2.9005
2026/08/01@15:10:17,3517,2.895625
2026/08/01@15:10:18,3518,2.8912502
2026/08/01@15:10:19,3519,2.893125
2026/08/01@15:10:20,3520,2.899125
2026/08/01@15:10:21,3521,2.9016252
2026/08/01@15:10:23,3523,2.899625
2026/08/01@15:10:24,3524,2.8955002
2026/08/01@15:10:25,3525,2.893125
2026/08/01@15:10:26,3526,2.8958752
2026/08/01@15:10:27,3527,2.9
2026/08/01@15:10:28,3528,2.9006252
2026/08/01@15:10:29,3529,2.8951252
2026/08/01@15:10:30,3530,2.8921252
2026/08/01@15:10:31,3531,2.89575
2026/08/01@15:10:32,3532,2.9021252
2026/08/01@15:10:33,3533,2.9041252
2026/08/01@15:10:35,3535,2.9011252
2026/08/01@15:10:36,3536,2.8967502
2026/08/01@15:10:37,3537,2.8963752
2026/08/01@15:10:38,3538,2.9006252
2026/08/01@15:10:39,3539,2.901875
2026/08/01@15:10:40,3540,2.89225
2026/08/01@15:10:41,3541,2.8877502
2026/08/01@15:10:42,3542,2.8920002
2026/08/01@15:10:43,3543,2.9033752
2026/08/01@15:10:44,3544,2.914
2026/08/01@15:10:45,3545,2.9127502
2026/08/01@15:10:47,3547,2.9027502
2026/08/01@15:10:48,3548,2.8828752
2026/08/01@15:10:49,3549,2.8768752
2026/08/01@15:10:50,3550,2.891375
2026/08/01@15:10:51,3551,2.9035
2026/08/01@15:10:52,3552,2.902625
2026/08/01@15:10:53,3553,2.8958752
2026/08/01@15:10:54,3554,2.8902502
2026/08/01@15:10:55,3555,2.888375
2026/08/01@15:10:56,3556,2.9045002
2026/08/01@15:10:57,3557,2.9153752
2026/08/01@15:10:59,3559,2.9146252
2026/08/01@15:11:00,3560,2.9095002
2026/08/01@15:11:01,3561,2.9015002
2026/08/01@15:11:02,3562,2.8950002
2026/08/01@15:11:03,3563,2.897875
2026/08/01@15:11:04,3564,2.90225
2026/08/01@15:11:05,3565,2.897875
2026/08/01@15:11:06,3566,2.89475
2026/08/01@15:11:07,3567,2.893125
2026/08/01@15:11:08,3568,2.894375
2026/08/01@15:11:09,3569,2.8975
2026/08/01@15:11:11,3571,2.898375
2026/08/01@15:11:12,3572,2.8965
2026/08/01@15:11:13,3573,2.894
2026/08/01@15:11:14,3574,2.895625
2026/08/01@15:11:15,3575,2.8997502
2026/08/01@15:11:16,3576,2.9046252
2026/08/01@15:11:17,3577,2.9065
2026/08/01@15:11:18,3578,2.907875
2026/08/01@15:11:19,3579,2.9027502
2026/08/01@15:11:20,3580,2.8846252
2026/08/01@15:11:21,3581,2.8902502
2026/08/01@15:11:23,3583,2.901375
2026/08/01@15:11:24,3584,2.899125
2026/08/01@15:11:25,3585,2.8951252
2026/08/01@15:11:26,3586,2.89525
2026/08/01@15:11:27,3587,2.89575
2026/08/01@15:11:28,3588,2.89225
2026/08/01@15:11:29,3589,2.89
2026/08/01@15:11:30,3590,2.8875
2026/08/01@15:11:31,3591,2.89
2026/08/01@15:11:32,3592,2.8916252
2026/08/01@15:11:33,3593,2.8938752
2026/08/01@15:11:35,3595,2.8930002
2026/08/01@15:11:36,3596,2.8902502
2026/08/01@15:11:37,3597,2.8911252
2026/08/01@15:11:38,3598,2.8933752
2026/08/01@15:11:39,3599,2.8963752
2026/08/01@15:11:40,3600,2.89475
2026/08/01@15:11:41,3601,2.8932502
2026/08/01@15:11:42,3602,2.8933752
2026/08/01@15:11:43,3603,2.896625
2026/08/01@15:11:44,3604,2.9002502
2026/08/01@15:11:45,3605,2.9007502
2026/08/01@15:11:47,3607,2.8962502
2026/08/01@15:11:48,3608,2.8877502
2026/08/01@15:11:49,3609,2.877
2026/08/01@15:11:50,3610,2.899625
2026/08/01@15:11:51,3611,2.9127502
2026/08/01@15:11:52,3612,2.9098752
2026/08/01@15:11:53,3613,2.9058752
2026/08/01@15:11:54,3614,2.903875
2026/08/01@15:11:55,3615,2.9071252
2026/08/01@15:11:56,3616,2.9095002
2026/08/01@15:11:57,3617,2.9080002
2026/08/01@15:11:59,3619,2.9033752
2026/08/01@15:12:00,3620,2.8962502
2026/08/01@15:12:01,3621,2.89475
2026/08/01@15:12:02,3622,2.8951252
2026/08/01@15:12:03,3623,2.8975
2026/08/01@15:12:04,3624,2.896125
2026/08/01@15:12:05,3625,2.889125
2026/08/01@15:12:06,3626,2.8806252
2026/08/01@15:12:07,3627,2.881
2026/08/01@15:12:08,3628,2.8885002
2026/08/01@15:12:09,3629,2.8921252
2026/08/01@15:12:11,3631,2.8911252
2026/08/01@15:12:12,3632,2.8845
2026/08/01@15:12:13,3633,2.881875
2026/08/01@15:12:14,3634,2.887375
2026/08/01@15:12:15,3635,2.8950002
2026/08/01@15:12:16,3636,2.8972502
2026/08/01@15:12:17,3637,2.89225
2026/08/01@15:12:18,3638,2.884375
2026/08/01@15:12:19,3639,2.880875
2026/08/01@15:12:20,3640,2.8886252
2026/08/01@15:12:21,3641,2.8942502
2026/08/01@15:12:23,3643,2.8950002
2026/08/01@15:12:24,3644,2.8886252
2026/08/01@15:12:25,3645,2.88525
2026/08/01@15:12:26,3646,2.8893752
2026/08/01@15:12:27,3647,2.8946252
2026/08/01@15:12:28,3648,2.88875
2026/08/01@15:12:29,3649,2.8898752
2026/08/01@15:12:30,3650,2.8776252
2026/08/01@15:12:31,3651,2.89575
2026/08/01@15:12:32,3652,2.9081252
2026/08/01@15:12:33,3653,2.9095002
2026/08/01@15:12:35,3655,2.90825
2026/08/01@15:12:36,3656,2.9055002
2026/08/01@15:12:37,3657,2.903875
2026/08/01@15:12:38,3658,2.9063752
2026/08/01@15:12:39,3659,2.907375
2026/08/01@15:12:40,3660,2.906125
2026/08/01@15:12:41,3661,2.893625
2026/08/01@15:12:42,3662,2.894
2026/08/01@15:12:43,3663,2.8951252
2026/08/01@15:12:44,3664,2.8953752
2026/08/01@15:12:45,3665,2.8905
2026/08/01@15:12:47,3667,2.877
2026/08/01@15:12:48,3668,2.87525
2026/08/01@15:12:49,3669,2.8732502
2026/08/01@15:12:50,3670,2.8773752
2026/08/01@15:12:51,3671,2.87925
2026/08/01@15:12:52,3672,2.8751252
2026/08/01@15:12:53,3673,2.8775
2026/08/01@15:12:54,3674,2.8807502
2026/08/01@15:12:55,3675,2.88175
2026/08/01@15:12:56,3676,2.884375
2026/08/01@15:12:57,3677,2.8760002
2026/08/01@15:12:58,3678,2.8921252
2026/08/01@15:13:00,3680,2.903875
2026/08/01@15:13:01,3681,2.900875
2026/08/01@15:13:02,3682,2.8958752
2026/08/01@15:13:03,3683,2.890125
2026/08/01@15:13:04,3684,2.8858752
2026/08/01@15:13:05,3685,2.8838752
2026/08/01@15:13:06,3686,2.8858752
2026/08/01@15:13:07,3687,2.8875
2026/08/01@15:13:08,3688,2.877
2026/08/01@15:13:09,3689,2.871375
2026/08/01@15:13:10,3690,2.89175
2026/08/01@15:13:12,3692,2.8998752
2026/08/01@15:13:13,3693,2.897375
2026/08/01@15:13:14,3694,2.894375
2026/08/01@15:13:15,3695,2.8890002
2026/08/01@15:13:16,3696,2.88625
2026/08/01@15:13:17,3697,2.882625
2026/08/01@15:13:18,3698,2.8855002
2026/08/01@15:13:19,3699,2.8871252
2026/08/01@15:13:20,3700,2.884375
2026/08/01@15:13:21,3701,2.885375
2026/08/01@15:13:22,3702,2.8828752
2026/08/01@15:13:24,3704,2.8815002
2026/08/01@15:13:25,3705,2.893125
2026/08/01@15:13:26,3706,2.9002502
2026/08/01@15:13:27,3707,2.8965
2026/08/01@15:13:28,3708,2.89275
2026/08/01@15:13:29,3709,2.8925002
2026/08/01@15:13:30,3710,2.89275
2026/08/01@15:13:31,3711,2.892625
2026/08/01@15:13:32,3712,2.889125
2026/08/01@15:13:33,3713,2.884
2026/08/01@15:13:34,3714,2.8815002
2026/08/01@15:13:36,3716,2.88225
2026/08/01@15:13:37,3717,2.8842502
2026/08/01@15:13:38,3718,2.882625
2026/08/01@15:13:39,3719,2.8768752
2026/08/01@15:13:40,3720,2.87225
2026/08/01@15:13:41,3721,2.87625
2026/08/01@15:13:42,3722,2.8812502
2026/08/01@15:13:43,3723,2.88225
2026/08/01@15:13:44,3724,2.88175
2026/08/01@15:13:45,3725,2.8802502
2026/08/01@15:13:46,3726,2.8812502
2026/08/01@15:13:48,3728,2.8838752
2026/08/01@15:13:49,3729,2.88525
2026/08/01@15:13:50,3730,2.8785002
2026/08/01@15:13:51,3731,2.867125
2026/08/01@15:13:52,3732,2.8930002
2026/08/01@15:13:53,3733,2.8972502
2026/08/01@15:13:54,3734,2.89225
2026/08/01@15:13:55,3735,2.8837502
2026/08/01@15:13:56,3736,2.87575
2026/08/01@15:13:57,3737,2.871375
2026/08/01@15:13:58,3738,2.877875
2026/08/01@15:14:00,3740,2.8832502
2026/08/01@15:14:01,3741,2.8867502
2026/08/01@15:14:02,3742,2.8832502
2026/08/01@15:14:03,3743,2.86875
2026/08/01@15:14:04,3744,2.889125
2026/08/01@15:14:05,3745,2.8986252
2026/08/01@15:14:06,3746,2.89575
2026/08/01@15:14:07,3747,2.8890002
2026/08/01@15:14:08,3748,2.8806252
2026/08/01@15:14:09,3749,2.877
2026/08/01@15:14:10,3750,2.8747502
2026/08/01@15:14:12,3752,2.879125
2026/08/01@15:14:13,3753,2.8807502
2026/08/01@15:14:14,3754,2.8797502
2026/08/01@15:14:15,3755,2.8803752
2026/08/01@15:14:16,3756,2.8763752
2026/08/01@15:14:17,3757,2.875375
2026/08/01@15:14:18,3758,2.891875
2026/08/01@15:14:19,3759,2.897
2026/08/01@15:14:20,3760,2.8907502
2026/08/01@15:14:21,3761,2.886125
2026/08/01@15:14:22,3762,2.885375
2026/08/01@15:14:24,3764,2.8865002
2026/08/01@15:14:25,3765,2.88525
2026/08/01@15:14:26,3766,2.8786252
2026/08/01@15:14:27,3767,2.8716252
2026/08/01@15:14:28,3768,2.8712502
2026/08/01@15:14:29,3769,2.8763752
2026/08/01@15:14:30,3770,2.8798752
2026/08/01@15:14:31,3771,2.8805
2026/08/01@15:14:32,3772,2.8798752
2026/08/01@15:14:33,3773,2.8723752
2026/08/01@15:14:34,3774,2.872625
2026/08/01@15:14:36,3776,2.887375
2026/08/01@15:14:37,3777,2.8968752
2026/08/01@15:14:38,3778,2.891375
2026/08/01@15:14:39,3779,2.8850002
2026/08/01@15:14:40,3780,2.8798752
2026/08/01@15:14:41,3781,2.8803752
2026/08/01@15:14:42,3782,2.877
2026/08/01@15:14:43,3783,2.8786252
2026/08/01@15:14:44,3784,2.877875
2026/08/01@15:14:45,3785,2.8751252
2026/08/01@15:14:46,3786,2.8776252
2026/08/01@15:14:48,3788,2.879625
2026/08/01@15:14:49,3789,2.88225
2026/08/01@15:14:50,3790,2.88175
2026/08/01@15:14:51,3791,2.8686252
2026/08/01@15:14:52,3792,2.87225
2026/08/01@15:14:53,3793,2.8705
2026/08/01@15:14:54,3794,2.870125
2026/08/01@15:14:55,3795,2.8691252
2026/08/01@15:14:56,3796,2.86875
2026/08/01@15:14:57,3797,2.8851252
2026/08/01@15:14:58,3798,2.886125
2026/08/01@15:15:00,3800,2.8975
2026/08/01@15:15:01,3801,2.8990002
2026/08/01@15:15:02,3802,2.894875
2026/08/01@15:15:03,3803,2.8912502
2026/08/01@15:15:04,3804,2.8898752
2026/08/01@15:15:05,3805,2.8912502
2026/08/01@15:15:06,3806,2.8912502
2026/08/01@15:15:07,3807,2.8875
2026/08/01@15:15:08,3808,2.88525
2026/08/01@15:15:09,3809,2.88225
2026/08/01@15:15:10,3810,2.8856252
2026/08/01@15:15:12,3812,2.8850002
2026/08/01@15:15:13,3813,2.881875
2026/08/01@15:15:14,3814,2.8741252
2026/08/01@15:15:15,3815,2.8738752
2026/08/01@15:15:16,3816,2.8790002
2026/08/01@15:15:17,3817,2.8806252
2026/08/01@15:15:18,3818,2.8802502
2026/08/01@15:15:19,3819,2.8600002
2026/08/01@15:15:20,3820,2.8902502
2026/08/01@15:15:21,3821,2.88275
2026/08/01@15:15:22,3822,2.8763752
2026/08/01@15:15:24,3824,2.874375
2026/08/01@15:15:25,3825,2.8720002
2026/08/01@15:15:26,3826,2.8758752
2026/08/01@15:15:27,3827,2.877
2026/08/01@15:15:28,3828,2.8793752
2026/08/01@15:15:29,3829,2.8786252
2026/08/01@15:15:30,3830,2.877125
2026/08/01@15:15:31,3831,2.87625
2026/08/01@15:15:32,3832,2.8723752
2026/08/01@15:15:33,3833,2.868875
2026/08/01@15:15:34,3834,2.8745
2026/08/01@15:15:36,3835,2.8658752
2026/08/01@15:15:37,3837,2.8802502
2026/08/01@15:15:38,3838,2.891875
2026/08/01@15:15:39,3839,2.8921252
2026/08/01@15:15:40,3840,2.8888752
2026/08/01@15:15:41,3841,2.8828752
2026/08/01@15:15:42,3842,2.8767502
2026/08/01@15:15:43,3843,2.878375
2026/08/01@15:15:44,3844,2.8735
2026/08/01@15:15:45,3845,2.8707502
2026/08/01@15:15:46,3846,2.8675
2026/08/01@15:15:47,3847,2.868875
2026/08/01@15:15:49,3849,2.8691252
2026/08/01@15:15:50,3850,2.8705
2026/08/01@15:15:51,3851,2.8751252
2026/08/01@15:15:52,3852,2.8786252
2026/08/01@15:15:53,3853,2.879125
2026/08/01@15:15:54,3854,2.8765002
2026/08/01@15:15:55,3855,2.870625
2026/08/01@15:15:56,3856,2.8788752
2026/08/01@15:15:57,3857,2.8673752
2026/08/01@15:15:58,3858,2.8906252
2026/08/01@15:15:59,3859,2.88925
2026/08/01@15:16:01,3861,2.8875
2026/08/01@15:16:02,3862,2.8872502
2026/08/01@15:16:03,3863,2.8856252
2026/08/01@15:16:04,3864,2.8790002
2026/08/01@15:16:05,3865,2.8725002
2026/08/01@15:16:06,3866,2.8715002
2026/08/01@15:16:07,3867,2.876625
2026/08/01@15:16:08,3868,2.8760002
2026/08/01@15:16:09,3869,2.87275
2026/08/01@15:16:10,3870,2.871
2026/08/01@15:16:11,3871,2.8733752
2026/08/01@15:16:13,3873,2.880125
2026/08/01@15:16:14,3874,2.879625
2026/08/01@15:16:15,3875,2.8641252
2026/08/01@15:16:16,3876,2.8846252
2026/08/01@15:16:17,3877,2.884375
2026/08/01@15:16:18,3878,2.8802502
2026/08/01@15:16:19,3879,2.875375
2026/08/01@15:16:20,3880,2.870625
2026/08/01@15:16:21,3881,2.8668752
2026/08/01@15:16:22,3882,2.870625
2026/08/01@15:16:23,3883,2.874
2026/08/01@15:16:25,3885,2.8788752
2026/08/01@15:16:26,3886,2.8773752
2026/08/01@15:16:27,3887,2.8721252
2026/08/01@15:16:28,3888,2.8712502
2026/08/01@15:16:29,3889,2.890875
2026/08/01@15:16:30,3890,2.8850002
2026/08/01@15:16:31,3891,2.8805
2026/08/01@15:16:32,3892,2.880125
2026/08/01@15:16:33,3893,2.879625
2026/08/01@15:16:34,3894,2.8763752
2026/08/01@15:16:35,3895,2.8700002
2026/08/01@15:16:37,3897,2.8595002
2026/08/01@15:16:38,3898,2.8641252
2026/08/01@15:16:39,3899,2.87225
2026/08/01@15:16:40,3900,2.87925
2026/08/01@15:16:41,3901,2.8777502
2026/08/01@15:16:42,3902,2.8745
2026/08/01@15:16:43,3903,2.874
2026/08/01@15:16:44,3904,2.8621252
2026/08/01@15:16:45,3905,2.8617502
2026/08/01@15:16:46,3906,2.8902502
2026/08/01@15:16:47,3907,2.8837502
2026/08/01@15:16:49,3909,2.874
2026/08/01@15:16:50,3910,2.8681252
2026/08/01@15:16:51,3911,2.8647502
2026/08/01@15:16:52,3912,2.870125
2026/08/01@15:16:53,3913,2.8732502
2026/08/01@15:16:54,3914,2.8767502
2026/08/01@15:16:55,3915,2.877125
2026/08/01@15:16:56,3916,2.8668752
2026/08/01@15:16:57,3917,2.865375
2026/08/01@15:16:58,3918,2.8925002
2026/08/01@15:16:59,3919,2.8906252
2026/08/01@15:17:01,3921,2.8863752
2026/08/01@15:17:02,3922,2.88225
2026/08/01@15:17:03,3923,2.8786252
2026/08/01@15:17:04,3924,2.8777502
2026/08/01@15:17:05,3925,2.8765002
2026/08/01@15:17:06,3926,2.8728752
2026/08/01@15:17:07,3927,2.8695002
2026/08/01@15:17:08,3928,2.8637502
2026/08/01@15:17:09,3929,2.8677502
2026/08/01@15:17:10,3930,2.8725002
2026/08/01@15:17:11,3931,2.87525
2026/08/01@15:17:13,3933,2.876625
2026/08/01@15:17:14,3934,2.876625
2026/08/01@15:17:15,3935,2.867125
2026/08/01@15:17:16,3936,2.8786252
2026/08/01@15:17:17,3937,2.8872502
2026/08/01@15:17:18,3938,2.8788752
2026/08/01@15:17:19,3939,2.87225
2026/08/01@15:17:20,3940,2.867875
2026/08/01@15:17:21,3941,2.864
2026/08/01@15:17:22,3942,2.8673752
2026/08/01@15:17:23,3943,2.8707502
2026/08/01@15:17:25,3945,2.876125
2026/08/01@15:17:26,3946,2.8777502
2026/08/01@15:17:27,3947,2.8658752
2026/08/01@15:17:28,3948,2.8620002
2026/08/01@15:17:29,3949,2.8905
2026/08/01@15:17:30,3950,2.8876252
2026/08/01@15:17:31,3951,2.8842502
2026/08/01@15:17:32,3952,2.879125
2026/08/01@15:17:33,3953,2.87275
2026/08/01@15:17:34,3954,2.8682502
2026/08/01@15:17:35,3955,2.8646252
2026/08/01@15:17:37,3957,2.8642502
2026/08/01@15:17:38,3958,2.8663752
2026/08/01@15:17:39,3959,2.8675
2026/08/01@15:17:40,3960,2.8686252
2026/08/01@15:17:41,3961,2.868875
2026/08/01@15:17:42,3962,2.8698752
2026/08/01@15:17:43,3963,2.873125
2026/08/01@15:17:44,3964,2.876625
2026/08/01@15:17:45,3965,2.8775
2026/08/01@15:17:46,3966,2.8751252
2026/08/01@15:17:47,3967,2.8725002
2026/08/01@15:17:49,3969,2.865375
2026/08/01@15:17:50,3970,2.8733752
2026/08/01@15:17:51,3971,2.8886252
2026/08/01@15:17:52,3972,2.884
2026/08/01@15:17:53,3973,2.876125
2026/08/01@15:17:54,3974,2.8708752
2026/08/01@15:17:55,3975,2.8712502
2026/08/01@15:17:56,3976,2.86875
2026/08/01@15:17:57,3977,2.8703752
2026/08/01@15:17:58,3978,2.8712502
2026/08/01@15:17:59,3979,2.8720002
2026/08/01@15:18:01,3981,2.8735
2026/08/01@15:18:02,3982,2.8605
2026/08/01@15:18:03,3983,2.8602502
2026/08/01@15:18:04,3984,2.8790002
2026/08/01@15:18:05,3985,2.887875
2026/08/01@15:18:06,3986,2.885375
2026/08/01@15:18:07,3987,2.883625
2026/08/01@15:18:08,3988,2.8816252
2026/08/01@15:18:09,3989,2.8781252
2026/08/01@15:18:10,3990,2.8745
2026/08/01@15:18:11,3991,2.86975
2026/08/01@15:18:13,3993,2.8647502
2026/08/01@15:18:14,3994,2.8681252
2026/08/01@15:18:15,3995,2.872625
2026/08/01@15:18:16,3996,2.867125
2026/08/01@15:18:17,3997,2.8630002
2026/08/01@15:18:18,3998,2.8868752
2026/08/01@15:18:19,3999,2.881875
2026/08/01@15:18:20,4000,2.875375
2026/08/01@15:18:21,4001,2.8656252
2026/08/01@15:18:22,4002,2.8635
2026/08/01@15:18:23,4003,2.8681252
2026/08/01@15:18:25,4005,2.8728752
2026/08/01@15:18:26,4006,2.875375
2026/08/01@15:18:27,4007,2.86925
2026/08/01@15:18:28,4008,2.8615
2026/08/01@15:18:29,4009,2.8750002
2026/08/01@15:18:30,4010,2.887375
2026/08/01@15:18:31,4011,2.88575
2026/08/01@15:18:32,4012,2.8820002
2026/08/01@15:18:33,4013,2.8751252
2026/08/01@15:18:34,4014,2.8730002
2026/08/01@15:18:35,4015,2.876125
2026/08/01@15:18:37,4017,2.878
2026/08/01@15:18:38,4018,2.8732502
2026/08/01@15:18:39,4019,2.8612502
2026/08/01@15:18:40,4020,2.861375
2026/08/01@15:18:41,4021,2.8668752
2026/08/01@15:18:42,4022,2.8737502
2026/08/01@15:18:43,4023,2.8760002
2026/08/01@15:18:44,4024,2.8716252
2026/08/01@15:18:45,4025,2.868875
2026/08/01@15:18:46,4026,2.86275
2026/08/01@15:18:47,4027,2.8646252
2026/08/01@15:18:49,4029,2.867
2026/08/01@15:18:50,4030,2.8595002
2026/08/01@15:18:51,4031,2.8707502
2026/08/01@15:18:52,4032,2.871375
2026/08/01@15:18:53,4033,2.873125
2026/08/01@15:18:54,4034,2.88525
2026/08/01@15:18:55,4035,2.88625
2026/08/01@15:18:56,4036,2.8832502
2026/08/01@15:18:57,4037,2.8735
2026/08/01@15:18:58,4038,2.8635
2026/08/01@15:18:59,4039,2.8603752
2026/08/01@15:19:01,4041,2.8676252
2026/08/01@15:19:02,4042,2.871875
2026/08/01@15:19:03,4043,2.8715002
2026/08/01@15:19:04,4044,2.86325
2026/08/01@15:19:05,4045,2.859625
2026/08/01@15:19:06,4046,2.8646252
2026/08/01@15:19:07,4047,2.871375
2026/08/01@15:19:08,4048,2.871875
2026/08/01@15:19:09,4049,2.8560002
2026/08/01@15:19:10,4050,2.86225
2026/08/01@15:19:11,4051,2.8511252
2026/08/01@15:19:13,4053,2.8538752
2026/08/01@15:19:14,4054,2.8633752
2026/08/01@15:19:15,4055,2.88225
2026/08/01@15:19:16,4056,2.8868752
2026/08/01@15:19:17,4057,2.8860002
2026/08/01@15:19:18,4058,2.8856252
2026/08/01@15:19:19,4059,2.883125
2026/08/01@15:19:20,4060,2.8788752
2026/08/01@15:19:21,4061,2.8732502
2026/08/01@15:19:22,4062,2.8725002
2026/08/01@15:19:23,4063,2.870125
2026/08/01@15:19:25,4065,2.867875
2026/08/01@15:19:26,4066,2.8633752
2026/08/01@15:19:27,4067,2.8621252
2026/08/01@15:19:28,4068,2.8642502
2026/08/01@15:19:29,4069,2.867875
2026/08/01@15:19:30,4070,2.8693752
2026/08/01@15:19:31,4071,2.868
2026/08/01@15:19:32,4072,2.8685002
2026/08/01@15:19:33,4073,2.8693752
2026/08/01@15:19:34,4074,2.8581252
2026/08/01@15:19:35,4075,2.8537502
2026/08/01@15:19:37,4077,2.884875
2026/08/01@15:19:38,4078,2.87925
2026/08/01@15:19:39,4079,2.8737502
2026/08/01@15:19:40,4080,2.867875
2026/08/01@15:19:41,4081,2.865375
2026/08/01@15:19:42,4082,2.8641252
2026/08/01@15:19:43,4083,2.8667502
2026/08/01@15:19:44,4084,2.866125
2026/08/01@15:19:45,4085,2.867
2026/08/01@15:19:46,4086,2.871
2026/08/01@15:19:47,4087,2.874
2026/08/01@15:19:48,4088,2.874375
2026/08/01@15:19:50,4090,2.863125
2026/08/01@15:19:51,4091,2.85925
2026/08/01@15:19:52,4092,2.872625
2026/08/01@15:19:53,4093,2.8798752
2026/08/01@15:19:54,4094,2.87875
2026/08/01@15:19:55,4095,2.8768752
2026/08/01@15:19:56,4096,2.8703752
2026/08/01@15:19:57,4097,2.8660002
2026/08/01@15:19:58,4098,2.867
2026/08/01@15:19:59,4099,2.87575
2026/08/01@15:20:00,4100,2.881875
2026/08/01@15:20:02,4102,2.88175
2026/08/01@15:20:03,4103,2.878
2026/08/01@15:20:04,4104,2.871
2026/08/01@15:20:05,4105,2.870625
2026/08/01@15:20:06,4106,2.8716252
2026/08/01@15:20:07,4107,2.877875
2026/08/01@15:20:08,4108,2.875375
2026/08/01@15:20:09,4109,2.8675
2026/08/01@15:20:10,4110,2.856625
2026/08/01@15:20:11,4111,2.848875
2026/08/01@15:20:12,4112,2.858875
2026/08/01@15:20:14,4114,2.8655002
2026/08/01@15:20:15,4115,2.8647502
2026/08/01@15:20:16,4116,2.86275
2026/08/01@15:20:17,4117,2.8642502
2026/08/01@15:20:18,4118,2.8656252
2026/08/01@15:20:19,4119,2.8695002
2026/08/01@15:20:20,4120,2.8690002
2026/08/01@15:20:21,4121,2.8711252
2026/08/01@15:20:22,4122,2.8690002
2026/08/01@15:20:23,4123,2.8673752
2026/08/01@15:20:24,4124,2.868375
2026/08/01@15:20:26,4126,2.86925
2026/08/01@15:20:27,4127,2.86525
2026/08/01@15:20:28,4128,2.8620002
2026/08/01@15:20:29,4129,2.864
2026/08/01@15:20:30,4130,2.8598752
2026/08/01@15:20:31,4131,2.8637502
2026/08/01@15:20:32,4132,2.877875
2026/08/01@15:20:33,4133,2.88575
2026/08/01@15:20:34,4134,2.884
2026/08/01@15:20:35,4135,2.884
2026/08/01@15:20:36,4136,2.8856252
2026/08/01@15:20:38,4138,2.884375
2026/08/01@15:20:39,4139,2.879625
2026/08/01@15:20:40,4140,2.8705
2026/08/01@15:20:41,4141,2.8672502
2026/08/01@15:20:42,4142,2.867875
2026/08/01@15:20:43,4143,2.8721252
2026/08/01@15:20:44,4144,2.867875
2026/08/01@15:20:45,4145,2.8626252
2026/08/01@15:20:46,4146,2.860125
2026/08/01@15:20:47,4147,2.8615
2026/08/01@15:20:48,4148,2.8675
2026/08/01@15:20:50,4150,2.8725002
2026/08/01@15:20:51,4151,2.8728752
2026/08/01@15:20:52,4152,2.8603752
2026/08/01@15:20:53,4153,2.8711252
2026/08/01@15:20:54,4154,2.8855002
2026/08/01@15:20:55,4155,2.8846252
2026/08/01@15:20:56,4156,2.884
2026/08/01@15:20:57,4157,2.8811252
2026/08/01@15:20:58,4158,2.8765002
2026/08/01@15:20:59,4159,2.8705
2026/08/01@15:21:00,4160,2.8665002
2026/08/01@15:21:02,4162,2.86525
2026/08/01@15:21:03,4163,2.8691252
2026/08/01@15:21:04,4164,2.8647502
2026/08/01@15:21:05,4165,2.86225
2026/08/01@15:21:06,4166,2.8577502
2026/08/01@15:21:07,4167,2.8572502
2026/08/01@15:21:08,4168,2.86325
2026/08/01@15:21:09,4169,2.8708752
2026/08/01@15:21:10,4170,2.874875
2026/08/01@15:21:11,4171,2.8712502
2026/08/01@15:21:12,4172,2.8617502
2026/08/01@15:21:14,4174,2.861
2026/08/01@15:21:15,4175,2.858375
2026/08/01@15:21:16,4176,2.88875
2026/08/01@15:21:17,4177,2.8847502
2026/08/01@15:21:18,4178,2.877125
2026/08/01@15:21:19,4179,2.8703752
2026/08/01@15:21:20,4180,2.8705
2026/08/01@15:21:21,4181,2.86975
2026/08/01@15:21:22,4182,2.868
2026/08/01@15:21:23,4183,2.8630002
2026/08/01@15:21:24,4184,2.8598752
2026/08/01@15:21:26,4186,2.863125
2026/08/01@15:21:27,4187,2.8660002
2026/08/01@15:21:28,4188,2.867
2026/08/01@15:21:29,4189,2.8647502
2026/08/01@15:21:30,4190,2.867875
2026/08/01@15:21:31,4191,2.8708752
2026/08/01@15:21:32,4192,2.8720002
2026/08/01@15:21:33,4193,2.8691252
2026/08/01@15:21:34,4194,2.868
2026/08/01@15:21:35,4195,2.8673752
2026/08/01@15:21:36,4196,2.868875
2026/08/01@15:21:38,4198,2.8641252
2026/08/01@15:21:39,4199,2.8612502
2026/08/01@15:21:40,4200,2.8715002
2026/08/01@15:21:41,4201,2.8705
2026/08/01@15:21:42,4202,2.8712502
2026/08/01@15:21:43,4203,2.8703752
2026/08/01@15:21:44,4204,2.8703752
2026/08/01@15:21:45,4205,2.8686252
2026/08/01@15:21:46,4206,2.8665002
2026/08/01@15:21:47,4207,2.8650002
2026/08/01@15:21:48,4208,2.8630002
2026/08/01@15:21:50,4210,2.8605
2026/08/01@15:21:51,4211,2.85925
2026/08/01@15:21:52,4212,2.8605
2026/08/01@15:21:53,4213,2.8655002
2026/08/01@15:21:54,4214,2.8682502
2026/08/01@15:21:55,4215,2.866125
2026/08/01@15:21:56,4216,2.861375
2026/08/01@15:21:57,4217,2.8595002
2026/08/01@15:21:58,4218,2.8630002
2026/08/01@15:21:59,4219,2.8660002
2026/08/01@15:22:00,4220,2.8695002
2026/08/01@15:22:01,4221,2.8665002
2026/08/01@15:22:03,4223,2.8615
2026/08/01@15:22:04,4224,2.8638752
2026/08/01@15:22:05,4225,2.8708752
2026/08/01@15:22:06,4226,2.8758752
2026/08/01@15:22:07,4227,2.877125
2026/08/01@15:22:08,4228,2.8755002
2026/08/01@15:22:09,4229,2.8732502
2026/08/01@15:22:10,4230,2.874875
2026/08/01@15:22:11,4231,2.8773752
2026/08/01@15:22:12,4232,2.8781252
2026/08/01@15:22:13,4233,2.874
2026/08/01@15:22:15,4235,2.867
2026/08/01@15:22:16,4236,2.8635
2026/08/01@15:22:17,4237,2.8658752
2026/08/01@15:22:18,4238,2.8702502
2026/08/01@15:22:19,4239,2.8668752
2026/08/01@15:22:20,4240,2.8605
2026/08/01@15:22:21,4241,2.853125
2026/08/01@15:22:22,4242,2.8521252
2026/08/01@15:22:23,4243,2.8591252
2026/08/01@15:22:24,4244,2.8638752
2026/08/01@15:22:25,4245,2.86525
2026/08/01@15:22:27,4247,2.8620002
2026/08/01@15:22:28,4248,2.858
2026/08/01@15:22:29,4249,2.8565002
2026/08/01@15:22:30,4250,2.864875
2026/08/01@15:22:31,4251,2.8720002
2026/08/01@15:22:32,4252,2.8730002
2026/08/01@15:22:33,4253,2.8686252
2026/08/01@15:22:34,4254,2.866625
2026/08/01@15:22:35,4255,2.8720002
2026/08/01@15:22:36,4256,2.879625
2026/08/01@15:22:37,4257,2.8830002
2026/08/01@15:22:39,4259,2.880875
2026/08/01@15:22:40,4260,2.8702502
2026/08/01@15:22:41,4261,2.871375
2026/08/01@15:22:42,4262,2.8730002
2026/08/01@15:22:43,4263,2.8841252
2026/08/01@15:22:44,4264,2.8823752
2026/08/01@15:22:45,4265,2.879625
2026/08/01@15:22:46,4266,2.8772502
2026/08/01@15:22:47,4267,2.8772502
2026/08/01@15:22:48,4268,2.8768752
2026/08/01@15:22:49,4269,2.8747502
2026/08/01@15:22:51,4271,2.8723752
2026/08/01@15:22:52,4272,2.8741252
2026/08/01@15:22:53,4273,2.8756252
2026/08/01@15:22:54,4274,2.8775
2026/08/01@15:22:55,4275,2.878
2026/08/01@15:22:56,4276,2.8690002
2026/08/01@15:22:57,4277,2.8651252
2026/08/01@15:22:58,4278,2.848
2026/08/01@15:22:59,4279,2.850625
2026/08/01@15:23:00,4280,2.8447502
2026/08/01@15:23:01,4281,2.845375
2026/08/01@15:23:03,4283,2.8455002
2026/08/01@15:23:04,4284,2.847625
2026/08/01@15:23:05,4285,2.8533752
2026/08/01@15:23:06,4286,2.8641252
2026/08/01@15:23:07,4287,2.87175
2026/08/01@15:23:08,4288,2.86975
2026/08/01@15:23:09,4289,2.8673752
2026/08/01@15:23:10,4290,2.8526252
2026/08/01@15:23:11,4291,2.8530002
2026/08/01@15:23:12,4292,2.8563752
2026/08/01@15:23:13,4293,2.8563752
2026/08/01@15:23:15,4295,2.8603752
2026/08/01@15:23:16,4296,2.86575
2026/08/01@15:23:17,4297,2.8665002
2026/08/01@15:23:18,4298,2.8656252
2026/08/01@15:23:19,4299,2.8635
2026/08/01@15:23:20,4300,2.8567502
2026/08/01@15:23:21,4301,2.86625
2026/08/01@15:23:22,4302,2.86925
2026/08/01@15:23:23,4303,2.8728752
2026/08/01@15:23:24,4304,2.86925
2026/08/01@15:23:25,4305,2.8658752
2026/08/01@15:23:27,4307,2.8582502
2026/08/01@15:23:28,4308,2.8625002
2026/08/01@15:23:29,4309,2.867
2026/08/01@15:23:30,4310,2.860625
2026/08/01@15:23:31,4311,2.84875
2026/08/01@15:23:32,4312,2.855375
2026/08/01@15:23:33,4313,2.8585002
2026/08/01@15:23:34,4314,2.871
2026/08/01@15:23:35,4315,2.8803752
2026/08/01@15:23:36,4316,2.876125
2026/08/01@15:23:37,4317,2.8700002
2026/08/01@15:23:39,4318,2.8637502
2026/08/01@15:23:40,4320,2.8620002
2026/08/01@15:23:41,4321,2.864
2026/08/01@15:23:42,4322,2.86325
2026/08/01@15:23:43,4323,2.8598752
2026/08/01@15:23:44,4324,2.85575
2026/08/01@15:23:45,4325,2.8556252
2026/08/01@15:23:46,4326,2.8591252
2026/08/01@15:23:47,4327,2.864375
2026/08/01@15:23:48,4328,2.867
2026/08/01@15:23:49,4329,2.8645
2026/08/01@15:23:50,4330,2.8558752
2026/08/01@15:23:52,4332,2.843625
2026/08/01@15:23:53,4333,2.85275
2026/08/01@15:23:54,4334,2.8795002
2026/08/01@15:23:55,4335,2.8816252
2026/08/01@15:23:56,4336,2.8781252
2026/08/01@15:23:57,4337,2.8738752
2026/08/01@15:23:58,4338,2.871375
2026/08/01@15:23:59,4339,2.8730002
2026/08/01@15:24:00,4340,2.8767502
2026/08/01@15:24:01,4341,2.88
2026/08/01@15:24:02,4342,2.861
2026/08/01@15:24:04,4344,2.8481252
2026/08/01@15:24:05,4345,2.8585002
2026/08/01@15:24:06,4346,2.8633752
2026/08/01@15:24:07,4347,2.8658752
2026/08/01@15:24:08,4348,2.8665002
2026/08/01@15:24:09,4349,2.864375
2026/08/01@15:24:10,4350,2.8556252
2026/08/01@15:24:11,4351,2.8475
2026/08/01@15:24:12,4352,2.8490002
2026/08/01@15:24:13,4353,2.8582502
2026/08/01@15:24:14,4354,2.8591252
2026/08/01@15:24:16,4356,2.853125
2026/08/01@15:24:17,4357,2.846625
2026/08/01@15:24:18,4358,2.8505
2026/08/01@15:24:19,4359,2.8590002
2026/08/01@15:24:20,4360,2.86525
2026/08/01@15:24:21,4361,2.8655002
2026/08/01@15:24:22,4362,2.8626252
2026/08/01@15:24:23,4363,2.8628752
2026/08/01@15:24:24,4364,2.8645
2026/08/01@15:24:25,4365,2.864875
2026/08/01@15:24:26,4366,2.8481252
2026/08/01@15:24:28,4368,2.8481252
2026/08/01@15:24:29,4369,2.8693752
2026/08/01@15:24:30,4370,2.8747502
2026/08/01@15:24:31,4371,2.870125
2026/08/01@15:24:32,4372,2.8685002
2026/08/01@15:24:33,4373,2.8668752
2026/08/01@15:24:34,4374,2.8665002
2026/08/01@15:24:35,4375,2.865375
2026/08/01@15:24:36,4376,2.86325
2026/08/01@15:24:37,4377,2.8625002
2026/08/01@15:24:38,4378,2.85975
2026/08/01@15:24:40,4380,2.8612502
2026/08/01@15:24:41,4381,2.8603752
2026/08/01@15:24:42,4382,2.858375
2026/08/01@15:24:43,4383,2.85925
2026/08/01@15:24:44,4384,2.863125
2026/08/01@15:24:45,4385,2.8685002
2026/08/01@15:24:46,4386,2.8707502
2026/08/01@15:24:47,4387,2.8730002
2026/08/01@15:24:48,4388,2.873125
2026/08/01@15:24:49,4389,2.852375
2026/08/01@15:24:50,4390,2.8555002
2026/08/01@15:24:52,4392,2.863125
2026/08/01@15:24:53,4393,2.858875
2026/08/01@15:24:54,4394,2.8573752
2026/08/01@15:24:55,4395,2.8567502
2026/08/01@15:24:56,4396,2.8598752
2026/08/01@15:24:57,4397,2.86275
2026/08/01@15:24:58,4398,2.864875
2026/08/01@15:24:59,4399,2.868
2026/08/01@15:25:00,4400,2.8733752
2026/08/01@15:25:01,4401,2.8758752
2026/08/01@15:25:02,4402,2.8673752
2026/08/01@15:25:04,4404,2.8420002
2026/08/01@15:25:05,4405,2.8538752
2026/08/01@15:25:06,4406,2.860125
2026/08/01@15:25:07,4407,2.8620002
2026/08/01@15:25:08,4408,2.8628752
2026/08/01@15:25:09,4409,2.861875
2026/08/01@15:25:10,4410,2.8611252
2026/08/01@15:25:11,4411,2.860125
2026/08/01@15:25:12,4412,2.857
2026/08/01@15:25:13,4413,2.8552502
2026/08/01@15:25:14,4414,2.8558752
2026/08/01@15:25:16,4416,2.8567502
2026/08/01@15:25:17,4417,2.857
2026/08/01@15:25:18,4418,2.8551252
2026/08/01@15:25:19,4419,2.852375
2026/08/01@15:25:20,4420,2.8556252
2026/08/01@15:25:21,4421,2.859625
2026/08/01@15:25:22,4422,2.8616252
2026/08/01@15:25:23,4423,2.860125
2026/08/01@15:25:24,4424,2.857875
2026/08/01@15:25:25,4425,2.857
2026/08/01@15:25:26,4426,2.8590002
2026/08/01@15:25:28,4428,2.85925
2026/08/01@15:25:29,4429,2.855375
2026/08/01@15:25:30,4430,2.857125
2026/08/01@15:25:31,4431,2.8581252
2026/08/01@15:25:32,4432,2.865375
2026/08/01@15:25:33,4433,2.8715002
2026/08/01@15:25:34,4434,2.8741252
2026/08/01@15:25:35,4435,2.871
2026/08/01@15:25:36,4436,2.8612502
2026/08/01@15:25:37,4437,2.8568752
2026/08/01@15:25:38,4438,2.865375
2026/08/01@15:25:40,4440,2.864875
2026/08/01@15:25:41,4441,2.8600002
2026/08/01@15:25:42,4442,2.85975
2026/08/01@15:25:43,4443,2.857125
2026/08/01@15:25:44,4444,2.8616252
2026/08/01@15:25:45,4445,2.8617502
2026/08/01@15:25:46,4446,2.8682502
2026/08/01@15:25:47,4447,2.872625
2026/08/01@15:25:48,4448,2.87525
2026/08/01@15:25:49,4449,2.8658752
2026/08/01@15:25:50,4450,2.8395002
2026/08/01@15:25:52,4452,2.8477502
2026/08/01@15:25:53,4453,2.864
2026/08/01@15:25:54,4454,2.8651252
2026/08/01@15:25:55,4455,2.8590002
2026/08/01@15:25:56,4456,2.8555002
2026/08/01@15:25:57,4457,2.854125
2026/08/01@15:25:58,4458,2.8581252
2026/08/01@15:25:59,4459,2.8577502
2026/08/01@15:26:00,4460,2.85625
2026/08/01@15:26:01,4461,2.8521252
2026/08/01@15:26:02,4462,2.849625
2026/08/01@15:26:04,4464,2.8542502
2026/08/01@15:26:05,4465,2.857
2026/08/01@15:26:06,4466,2.86325
2026/08/01@15:26:07,4467,2.8646252
2026/08/01@15:26:08,4468,2.86575
2026/08/01@15:26:09,4469,2.8626252
2026/08/01@15:26:10,4470,2.8620002
2026/08/01@15:26:11,4471,2.8630002
2026/08/01@15:26:12,4472,2.8645
2026/08/01@15:26:13,4473,2.86325
2026/08/01@15:26:14,4474,2.8581252
2026/08/01@15:26:16,4476,2.8526252
2026/08/01@15:26:17,4477,2.85325
2026/08/01@15:26:18,4478,2.8568752
2026/08/01@15:26:19,4479,2.858375
2026/08/01@15:26:20,4480,2.8595002
2026/08/01@15:26:21,4481,2.8575
2026/08/01@15:26:22,4482,2.857
2026/08/01@15:26:23,4483,2.8590002
2026/08/01@15:26:24,4484,2.860125
2026/08/01@15:26:25,4485,2.8621252
2026/08/01@15:26:26,4486,2.861375
2026/08/01@15:26:28,4488,2.8590002
2026/08/01@15:26:29,4489,2.8558752
2026/08/01@15:26:30,4490,2.8576252
2026/08/01@15:26:31,4491,2.8607502
2026/08/01@15:26:32,4492,2.8637502
2026/08/01@15:26:33,4493,2.861375
2026/08/01@15:26:34,4494,2.854125
2026/08/01@15:26:35,4495,2.848875
2026/08/01@15:26:36,4496,2.8528752
2026/08/01@15:26:37,4497,2.8660002
2026/08/01@15:26:38,4498,2.8656252
2026/08/01@15:26:39,4499,2.8611252
2026/08/01@15:26:41,4501,2.8558752
2026/08/01@15:26:42,4502,2.8605
2026/08/01@15:26:43,4503,2.8676252
2026/08/01@15:26:44,4504,2.8708752
2026/08/01@15:26:45,4505,2.8665002
2026/08/01@15:26:46,4506,2.859625
2026/08/01@15:26:47,4507,2.8575
2026/08/01@15:26:48,4508,2.8595002
2026/08/01@15:26:49,4509,2.86325
2026/08/01@15:26:50,4510,2.863125
2026/08/01@15:26:51,4511,2.8591252
2026/08/01@15:26:53,4513,2.8508752
2026/08/01@15:26:54,4514,2.8503752
2026/08/01@15:26:55,4515,2.8525002
2026/08/01@15:26:56,4516,2.85625
2026/08/01@15:26:57,4517,2.8600002
2026/08/01@15:26:58,4518,2.8576252
2026/08/01@15:26:59,4519,2.8533752
2026/08/01@15:27:00,4520,2.8516252
2026/08/01@15:27:01,4521,2.8567502
2026/08/01@15:27:02,4522,2.8621252
2026/08/01@15:27:03,4523,2.8635
2026/08/01@15:27:05,4525,2.8591252
2026/08/01@15:27:06,4526,2.8528752
2026/08/01@15:27:07,4527,2.8526252
2026/08/01@15:27:08,4528,2.85875
2026/08/01@15:27:09,4529,2.8635
2026/08/01@15:27:10,4530,2.8612502
2026/08/01@15:27:11,4531,2.8575
2026/08/01@15:27:12,4532,2.8552502
2026/08/01@15:27:13,4533,2.8577502
2026/08/01@15:27:14,4534,2.861375
2026/08/01@15:27:15,4535,2.8638752
2026/08/01@15:27:17,4537,2.8625002
2026/08/01@15:27:18,4538,2.857875
2026/08/01@15:27:19,4539,2.8573752
2026/08/01@15:27:20,4540,2.8607502
2026/08/01@15:27:21,4541,2.865375
2026/08/01@15:27:22,4542,2.865375
2026/08/01@15:27:23,4543,2.862375
2026/08/01@15:27:24,4544,2.858
2026/08/01@15:27:25,4545,2.8585002
2026/08/01@15:27:26,4546,2.861375
2026/08/01@15:27:27,4547,2.861875
2026/08/01@15:27:29,4549,2.8585002
2026/08/01@15:27:30,4550,2.8543752
2026/08/01@15:27:31,4551,2.8533752
2026/08/01@15:27:32,4552,2.85225
2026/08/01@15:27:33,4553,2.8558752
2026/08/01@15:27:34,4554,2.8585002
2026/08/01@15:27:35,4555,2.861375
2026/08/01@15:27:36,4556,2.8593752
2026/08/01@15:27:37,4557,2.858875
2026/08/01@15:27:38,4558,2.8602502
2026/08/01@15:27:39,4559,2.863125
2026/08/01@15:27:41,4561,2.8633752
2026/08/01@15:27:42,4562,2.85975
2026/08/01@15:27:43,4563,2.855
2026/08/01@15:27:44,4564,2.851875
2026/08/01@15:27:45,4565,2.854125
2026/08/01@15:27:46,4566,2.856625
2026/08/01@15:27:47,4567,2.85975
2026/08/01@15:27:48,4568,2.8575
2026/08/01@15:27:49,4569,2.8555002
2026/08/01@15:27:50,4570,2.853625
2026/08/01@15:27:51,4571,2.85875
2026/08/01@15:27:53,4573,2.8628752
2026/08/01@15:27:54,4574,2.8660002
2026/08/01@15:27:55,4575,2.869625
2026/08/01@15:27:56,4576,2.8723752
2026/08/01@15:27:57,4577,2.8738752
2026/08/01@15:27:58,4578,2.8742502
2026/08/01@15:27:59,4579,2.8733752
2026/08/01@15:28:00,4580,2.872625
2026/08/01@15:28:01,4581,2.870125
2026/08/01@15:28:02,4582,2.8676252
2026/08/01@15:28:03,4583,2.8686252
2026/08/01@15:28:05,4585,2.869625
2026/08/01@15:28:06,4586,2.8728752
2026/08/01@15:28:07,4587,2.8735
2026/08/01@15:28:08,4588,2.8747502
2026/08/01@15:28:09,4589,2.8758752
2026/08/01@15:28:10,4590,2.8776252
2026/08/01@15:28:11,4591,2.8805
2026/08/01@15:28:12,4592,2.881
2026/08/01@15:28:13,4593,2.8811252
2026/08/01@15:28:14,4594,2.8695002
2026/08/01@15:28:15,4595,2.845875
2026/08/01@15:28:17,4597,2.8538752
2026/08/01@15:28:18,4598,2.8551252
2026/08/01@15:28:19,4599,2.86575
2026/08/01@15:28:20,4600,2.86575
2026/08/01@15:28:21,4601,2.8617502
2026/08/01@15:28:22,4602,2.861375
2026/08/01@15:28:23,4603,2.8635
2026/08/01@15:28:24,4604,2.8642502
2026/08/01@15:28:25,4605,2.863625
2026/08/01@15:28:26,4606,2.8658752
2026/08/01@15:28:27,4607,2.8655002
2026/08/01@15:28:29,4609,2.8675
2026/08/01@15:28:30,4610,2.8663752
2026/08/01@15:28:31,4611,2.86575
2026/08/01@15:28:32,4612,2.864
2026/08/01@15:28:33,4613,2.8647502
2026/08/01@15:28:34,4614,2.868
2026/08/01@15:28:35,4615,2.8693752
2026/08/01@15:28:36,4616,2.8685002
2026/08/01@15:28:37,4617,2.863625
2026/08/01@15:28:38,4618,2.845
2026/08/01@15:28:39,4619,2.8507502
2026/08/01@15:28:41,4621,2.8803752
2026/08/01@15:28:42,4622,2.8767502
2026/08/01@15:28:43,4623,2.867125
2026/08/01@15:28:44,4624,2.8556252
2026/08/01@15:28:45,4625,2.8538752
2026/08/01@15:28:46,4626,2.8620002
2026/08/01@15:28:47,4627,2.8677502
2026/08/01@15:28:48,4628,2.8645
2026/08/01@15:28:49,4629,2.8567502
2026/08/01@15:28:50,4630,2.8517502
2026/08/01@15:28:51,4631,2.857
2026/08/01@15:28:53,4633,2.8647502
2026/08/01@15:28:54,4634,2.8675
2026/08/01@15:28:55,4635,2.8641252
2026/08/01@15:28:56,4636,2.8572502
2026/08/01@15:28:57,4637,2.8591252
2026/08/01@15:28:58,4638,2.8528752
2026/08/01@15:28:59,4639,2.8663752
2026/08/01@15:29:00,4640,2.8837502
2026/08/01@15:29:01,4641,2.880125
2026/08/01@15:29:02,4642,2.87575
2026/08/01@15:29:03,4643,2.8763752
2026/08/01@15:29:05,4645,2.8755002
2026/08/01@15:29:06,4646,2.8732502
2026/08/01@15:29:07,4647,2.8676252
2026/08/01@15:29:08,4648,2.867
2026/08/01@15:29:09,4649,2.867875
2026/08/01@15:29:10,4650,2.867875
2026/08/01@15:29:11,4651,2.8650002
2026/08/01@15:29:12,4652,2.8642502
2026/08/01@15:29:13,4653,2.8673752
2026/08/01@15:29:14,4654,2.8667502
2026/08/01@15:29:15,4655,2.86525
2026/08/01@15:29:17,4657,2.8620002
2026/08/01@15:29:18,4658,2.8581252
2026/08/01@15:29:19,4659,2.8603752
2026/08/01@15:29:20,4660,2.861375
2026/08/01@15:29:21,4661,2.8620002
2026/08/01@15:29:22,4662,2.854125
2026/08/01@15:29:23,4663,2.861375
2026/08/01@15:29:24,4664,2.8767502
2026/08/01@15:29:25,4665,2.8720002
2026/08/01@15:29:26,4666,2.865375
2026/08/01@15:29:27,4667,2.8617502
2026/08/01@15:29:29,4669,2.8607502
2026/08/01@15:29:30,4670,2.8638752
2026/08/01@15:29:31,4671,2.864
2026/08/01@15:29:32,4672,2.858
2026/08/01@15:29:33,4673,2.8568752
2026/08/01@15:29:34,4674,2.8593752
2026/08/01@15:29:35,4675,2.8611252
2026/08/01@15:29:36,4676,2.8628752
2026/08/01@15:29:37,4677,2.8625002
2026/08/01@15:29:38,4678,2.8525002
2026/08/01@15:29:39,4679,2.8452502
2026/08/01@15:29:41,4681,2.8708752
2026/08/01@15:29:42,4682,2.8767502
2026/08/01@15:29:43,4683,2.8741252
2026/08/01@15:29:44,4684,2.871
2026/08/01@15:29:45,4685,2.8676252
2026/08/01@15:29:46,4686,2.8651252
2026/08/01@15:29:47,4687,2.8650002
2026/08/01@15:29:48,4688,2.864
2026/08/01@15:29:49,4689,2.8642502
2026/08/01@15:29:50,4690,2.8620002
2026/08/01@15:29:51,4691,2.86225
2026/08/01@15:29:53,4693,2.86225
2026/08/01@15:29:54,4694,2.8617502
2026/08/01@15:29:55,4695,2.8600002
2026/08/01@15:29:56,4696,2.8538752
2026/08/01@15:29:57,4697,2.85225
2026/08/01@15:29:58,4698,2.8535002
2026/08/01@15:29:59,4699,2.8581252
2026/08/01@15:30:00,4700,2.86225
2026/08/01@15:30:01,4701,2.84925
2026/08/01@15:30:02,4702,2.874875
2026/08/01@15:30:03,4703,2.868875
2026/08/01@15:30:05,4705,2.8617502
2026/08/01@15:30:06,4706,2.8608752
2026/08/01@15:30:07,4707,2.8598752
2026/08/01@15:30:08,4708,2.860625
2026/08/01@15:30:09,4709,2.858
2026/08/01@15:30:10,4710,2.858375
2026/08/01@15:30:11,4711,2.8417502
2026/08/01@15:30:12,4712,2.8620002
2026/08/01@15:30:13,4713,2.877125
2026/08/01@15:30:14,4714,2.87225
2026/08/01@15:30:15,4715,2.8647502
2026/08/01@15:30:17,4717,2.855375
2026/08/01@15:30:18,4718,2.855375
2026/08/01@15:30:19,4719,2.8585002
2026/08/01@15:30:20,4720,2.8555002
2026/08/01@15:30:21,4721,2.854
2026/08/01@15:30:22,4722,2.8517502
2026/08/01@15:30:23,4723,2.8525002
2026/08/01@15:30:24,4724,2.8586252
2026/08/01@15:30:25,4725,2.8628752
2026/08/01@15:30:26,4726,2.86275
2026/08/01@15:30:27,4727,2.8503752
2026/08/01@15:30:29,4729,2.841
2026/08/01@15:30:30,4730,2.8650002
2026/08/01@15:30:31,4731,2.8730002
2026/08/01@15:30:32,4732,2.8691252
2026/08/01@15:30:33,4733,2.863125
2026/08/01@15:30:34,4734,2.8560002
2026/08/01@15:30:35,4735,2.847875
2026/08/01@15:30:36,4736,2.851
2026/08/01@15:30:37,4737,2.8598752
2026/08/01@15:30:38,4738,2.8615
2026/08/01@15:30:39,4739,2.8461252
2026/08/01@15:30:41,4741,2.8378752
2026/08/01@15:30:42,4742,2.8625002
2026/08/01@15:30:43,4743,2.8705
2026/08/01@15:30:44,4744,2.8720002
2026/08/01@15:30:45,4745,2.8707502
2026/08/01@15:30:46,4746,2.8641252
2026/08/01@15:30:47,4747,2.854875
2026/08/01@15:30:48,4748,2.8505
2026/08/01@15:30:49,4749,2.853125
2026/08/01@15:30:50,4750,2.857
2026/08/01@15:30:51,4751,2.8575
2026/08/01@15:30:53,4753,2.8568752
2026/08/01@15:30:54,4754,2.856125
2026/08/01@15:30:55,4755,2.8525002
2026/08/01@15:30:56,4756,2.8420002
2026/08/01@15:30:57,4757,2.8716252
2026/08/01@15:30:58,4758,2.871875
2026/08/01@15:30:59,4759,2.8672502
2026/08/01@15:31:00,4760,2.8611252
2026/08/01@15:31:01,4761,2.858
2026/08/01@15:31:02,4762,2.8575
2026/08/01@15:31:03,4763,2.8537502
2026/08/01@15:31:05,4765,2.8516252
2026/08/01@15:31:06,4766,2.85225
2026/08/01@15:31:07,4767,2.8525002
2026/08/01@15:31:08,4768,2.857
2026/08/01@15:31:09,4769,2.859625
2026/08/01@15:31:10,4770,2.85975
2026/08/01@15:31:11,4771,2.8560002
2026/08/01@15:31:12,4772,2.8451252
2026/08/01@15:31:13,4773,2.851375
2026/08/01@15:31:14,4774,2.8446252
2026/08/01@15:31:15,4775,2.8668752
2026/08/01@15:31:17,4777,2.873125
2026/08/01@15:31:18,4778,2.8686252
2026/08/01@15:31:19,4779,2.8646252
2026/08/01@15:31:20,4780,2.85925
2026/08/01@15:31:21,4781,2.8520002
2026/08/01@15:31:22,4782,2.8508752
2026/08/01@15:31:23,4783,2.85225
2026/08/01@15:31:24,4784,2.8573752
2026/08/01@15:31:25,4785,2.8515
2026/08/01@15:31:26,4786,2.85575
2026/08/01@15:31:27,4787,2.8732502
2026/08/01@15:31:29,4788,2.8700002
2026/08/01@15:31:30,4790,2.8633752
2026/08/01@15:31:31,4791,2.8563752
2026/08/01@15:31:32,4792,2.850625
2026/08/01@15:31:33,4793,2.851875
2026/08/01@15:31:34,4794,2.8558752
2026/08/01@15:31:35,4795,2.8576252
2026/08/01@15:31:36,4796,2.8577502
2026/08/01@15:31:37,4797,2.851
2026/08/01@15:31:38,4798,2.8508752
2026/08/01@15:31:39,4799,2.8396252
2026/08/01@15:31:40,4800,2.86325
2026/08/01@15:31:42,4802,2.87225
2026/08/01@15:31:43,4803,2.8700002
2026/08/01@15:31:44,4804,2.86525
2026/08/01@15:31:45,4805,2.8616252
2026/08/01@15:31:46,4806,2.8590002
2026/08/01@15:31:47,4807,2.8520002
2026/08/01@15:31:48,4808,2.847625
2026/08/01@15:31:49,4809,2.84875
2026/08/01@15:31:50,4810,2.85575
2026/08/01@15:31:51,4811,2.8598752
2026/08/01@15:31:52,4812,2.8537502
2026/08/01@15:31:54,4814,2.8437502
2026/08/01@15:31:55,4815,2.8635
2026/08/01@15:31:56,4816,2.8691252
2026/08/01@15:31:57,4817,2.8650002
2026/08/01@15:31:58,4818,2.862375
2026/08/01@15:31:59,4819,2.8582502
2026/08/01@15:32:00,4820,2.8538752
2026/08/01@15:32:01,4821,2.848375
2026/08/01@15:32:02,4822,2.846625
2026/08/01@15:32:03,4823,2.85225
2026/08/01@15:32:04,4824,2.85625
2026/08/01@15:32:06,4826,2.8576252
2026/08/01@15:32:07,4827,2.8586252
2026/08/01@15:32:08,4828,2.8590002
2026/08/01@15:32:09,4829,2.844
2026/08/01@15:32:10,4830,2.8426252
2026/08/01@15:32:11,4831,2.8635
2026/08/01@15:32:12,4832,2.8715002
2026/08/01@15:32:13,4833,2.8663752
2026/08/01@15:32:14,4834,2.8608752
2026/08/01@15:32:15,4835,2.8572502
2026/08/01@15:32:16,4836,2.855
2026/08/01@15:32:18,4838,2.853625
2026/08/01@15:32:19,4839,2.8545
2026/08/01@15:32:20,4840,2.8517502
2026/08/01@15:32:21,4841,2.8520002
2026/08/01@15:32:22,4842,2.8528752
2026/08/01@15:32:23,4843,2.8555002
2026/08/01@15:32:24,4844,2.857875
2026/08/01@15:32:25,4845,2.84925
2026/08/01@15:32:26,4846,2.841
2026/08/01@15:32:27,4847,2.863625
2026/08/01@15:32:28,4848,2.8691252
2026/08/01@15:32:30,4850,2.8655002
2026/08/01@15:32:31,4851,2.8626252
2026/08/01@15:32:32,4852,2.8598752
2026/08/01@15:32:33,4853,2.8535002
2026/08/01@15:32:34,4854,2.8465002
2026/08/01@15:32:35,4855,2.845875
2026/08/01@15:32:36,4856,2.853625
2026/08/01@15:32:37,4857,2.856125
2026/08/01@15:32:38,4858,2.8590002
2026/08/01@15:32:39,4859,2.8590002
2026/08/01@15:32:40,4860,2.8482502
2026/08/01@15:32:42,4862,2.8428752
2026/08/01@15:32:43,4863,2.8721252
2026/08/01@15:32:44,4864,2.8682502
2026/08/01@15:32:45,4865,2.8626252
2026/08/01@15:32:46,4866,2.857
2026/08/01@15:32:47,4867,2.8537502
2026/08/01@15:32:48,4868,2.851875
2026/08/01@15:32:49,4869,2.8495002
2026/08/01@15:32:50,4870,2.84975
2026/08/01@15:32:51,4871,2.8517502
2026/08/01@15:32:52,4872,2.8525002
2026/08/01@15:32:54,4874,2.8551252
2026/08/01@15:32:55,4875,2.8560002
2026/08/01@15:32:56,4876,2.856125
2026/08/01@15:32:57,4877,2.843625
2026/08/01@15:32:58,4878,2.8426252
2026/08/01@15:32:59,4879,2.8607502
2026/08/01@15:33:00,4880,2.866625
2026/08/01@15:33:01,4881,2.8621252
2026/08/01@15:33:02,4882,2.857
2026/08/01@15:33:03,4883,2.8517502
2026/08/01@15:33:04,4884,2.8470002
2026/08/01@15:33:06,4886,2.8498752
2026/08/01@15:33:07,4887,2.851875
2026/08/01@15:33:08,4888,2.8546252
2026/08/01@15:33:09,4889,2.855375
2026/08/01@15:33:10,4890,2.858375
2026/08/01@15:33:11,4891,2.8477502
2026/08/01@15:33:12,4892,2.855375
2026/08/01@15:33:13,4893,2.8456252
2026/08/01@15:33:14,4894,2.8625002
2026/08/01@15:33:15,4895,2.8681252
2026/08/01@15:33:16,4896,2.864875
2026/08/01@15:33:18,4898,2.8626252
2026/08/01@15:33:19,4899,2.85975
2026/08/01@15:33:20,4900,2.856625
2026/08/01@15:33:21,4901,2.8485002
2026/08/01@15:33:22,4902,2.8498752
2026/08/01@15:33:23,4903,2.8521252
2026/08/01@15:33:24,4904,2.857875
2026/08/01@15:33:25,4905,2.8503752
2026/08/01@15:33:26,4906,2.8407502
2026/08/01@15:33:27,4907,2.86975
2026/08/01@15:33:28,4908,2.866125
2026/08/01@15:33:30,4910,2.861875
2026/08/01@15:33:31,4911,2.8560002
2026/08/01@15:33:32,4912,2.848375
2026/08/01@15:33:33,4913,2.844
2026/08/01@15:33:34,4914,2.8443752
2026/08/01@15:33:35,4915,2.8502502
2026/08/01@15:33:36,4916,2.8545
2026/08/01@15:33:37,4917,2.8528752
2026/08/01@15:33:38,4918,2.8526252
2026/08/01@15:33:39,4919,2.8552502
2026/08/01@15:33:40,4920,2.855375
2026/08/01@15:33:42,4922,2.8543752
2026/08/01@15:33:43,4923,2.8470002
2026/08/01@15:33:44,4924,2.8572502
2026/08/01@15:33:45,4925,2.8651252
2026/08/01@15:33:46,4926,2.861375
2026/08/01@15:33:47,4927,2.8603752
2026/08/01@15:33:48,4928,2.8585002
2026/08/01@15:33:49,4929,2.8511252
2026/08/01@15:33:50,4930,2.8495002
2026/08/01@15:33:51,4931,2.852375
2026/08/01@15:33:52,4932,2.8590002
2026/08/01@15:33:54,4934,2.84875
2026/08/01@15:33:55,4935,2.8451252
2026/08/01@15:33:56,4936,2.8663752
2026/08/01@15:33:57,4937,2.8621252
2026/08/01@15:33:58,4938,2.8603752
2026/08/01@15:33:59,4939,2.8591252
2026/08/01@15:34:00,4940,2.8537502
2026/08/01@15:34:01,4941,2.848375
2026/08/01@15:34:02,4942,2.84875
2026/08/01@15:34:03,4943,2.8491252
2026/08/01@15:34:04,4944,2.8516252
2026/08/01@15:34:06,4946,2.8511252
2026/08/01@15:34:07,4947,2.8493752
2026/08/01@15:34:08,4948,2.8508752
2026/08/01@15:34:09,4949,2.8546252
2026/08/01@15:34:10,4950,2.8573752
2026/08/01@15:34:11,4951,2.84875
2026/08/01@15:34:12,4952,2.84925
2026/08/01@15:34:13,4953,2.8503752
2026/08/01@15:34:14,4954,2.8637502
2026/08/01@15:34:15,4955,2.8702502
2026/08/01@15:34:16,4956,2.867875
2026/08/01@15:34:18,4958,2.8642502
2026/08/01@15:34:19,4959,2.8600002
2026/08/01@15:34:20,4960,2.8547502
2026/08/01@15:34:21,4961,2.8545
2026/08/01@15:34:22,4962,2.8542502
2026/08/01@15:34:23,4963,2.8545
2026/08/01@15:34:24,4964,2.8472502
2026/08/01@15:34:25,4965,2.847875
2026/08/01@15:34:26,4966,2.8508752
2026/08/01@15:34:27,4967,2.854875
2026/08/01@15:34:28,4968,2.848375
2026/08/01@15:34:30,4970,2.862375
2026/08/01@15:34:31,4971,2.868375
2026/08/01@15:34:32,4972,2.8635
2026/08/01@15:34:33,4973,2.8625002
2026/08/01@15:34:34,4974,2.8608752
2026/08/01@15:34:35,4975,2.8595002
2026/08/01@15:34:36,4976,2.855375
2026/08/01@15:34:37,4977,2.8533752
2026/08/01@15:34:38,4978,2.85275
2026/08/01@15:34:39,4979,2.8530002
2026/08/01@15:34:40,4980,2.8520002
2026/08/01@15:34:42,4982,2.84925
2026/08/01@15:34:43,4983,2.8486252
2026/08/01@15:34:44,4984,2.845375
2026/08/01@15:34:45,4985,2.8482502
2026/08/01@15:34:46,4986,2.84925
2026/08/01@15:34:47,4987,2.8493752
2026/08/01@15:34:48,4988,2.8521252
2026/08/01@15:34:49,4989,2.8465002
2026/08/01@15:34:50,4990,2.8390002
2026/08/01@15:34:51,4991,2.8602502
2026/08/01@15:34:52,4992,2.86875
2026/08/01@15:34:54,4994,2.8645
2026/08/01@15:34:55,4995,2.859625
2026/08/01@15:34:56,4996,2.85575
2026/08/01@15:34:57,4997,2.8535002
2026/08/01@15:34:58,4998,2.850625
2026/08/01@15:34:59,4999,2.8456252
2026/08/01@15:35:00,5000,2.84225
2026/08/01@15:35:01,5001,2.8421252
2026/08/01@15:35:02,5002,2.8460002
2026/08/01@15:35:03,5003,2.8503752
2026/08/01@15:35:04,5004,2.8535002
2026/08/01@15:35:06,5006,2.8530002
2026/08/01@15:35:07,5007,2.852375
2026/08/01@15:35:08,5008,2.8451252
2026/08/01@15:35:09,5009,2.848375
2026/08/01@15:35:10,5010,2.8485002
2026/08/01@15:35:11,5011,2.841375
2026/08/01@15:35:12,5012,2.8655002
2026/08/01@15:35:13,5013,2.8651252
2026/08/01@15:35:14,5014,2.8593752
2026/08/01@15:35:15,5015,2.8545
2026/08/01@15:35:16,5016,2.852375
2026/08/01@15:35:18,5018,2.847625
2026/08/01@15:35:19,5019,2.8472502
2026/08/01@15:35:20,5020,2.848875
2026/08/01@15:35:21,5021,2.8515
2026/08/01@15:35:22,5022,2.847875
2026/08/01@15:35:23,5023,2.8442502
2026/08/01@15:35:24,5024,2.858
2026/08/01@15:35:25,5025,2.867875
2026/08/01@15:35:26,5026,2.8645
2026/08/01@15:35:27,5027,2.8612502
2026/08/01@15:35:28,5028,2.8581252
2026/08/01@15:35:30,5030,2.8558752
2026/08/01@15:35:31,5031,2.8477502
2026/08/01@15:35:32,5032,2.8481252
2026/08/01@15:35:33,5033,2.8491252
2026/08/01@15:35:34,5034,2.8538752
2026/08/01@15:35:35,5035,2.8446252
2026/08/01@15:35:36,5036,2.84275
2026/08/01@15:35:37,5037,2.8681252
2026/08/01@15:35:38,5038,2.8635
2026/08/01@15:35:39,5039,2.8600002
2026/08/01@15:35:40,5040,2.8591252
2026/08/01@15:35:42,5042,2.8586252
2026/08/01@15:35:43,5043,2.8555002
2026/08/01@15:35:44,5044,2.8505
2026/08/01@15:35:45,5045,2.8442502
2026/08/01@15:35:46,5046,2.8398752
2026/08/01@15:35:47,5047,2.84575
2026/08/01@15:35:48,5048,2.8520002
2026/08/01@15:35:49,5049,2.8535002
2026/08/01@15:35:50,5050,2.85325
2026/08/01@15:35:51,5051,2.8498752
2026/08/01@15:35:52,5052,2.8426252
2026/08/01@15:35:54,5054,2.8577502
2026/08/01@15:35:55,5055,2.86975
2026/08/01@15:35:56,5056,2.867
2026/08/01@15:35:57,5057,2.8620002
2026/08/01@15:35:58,5058,2.856125
2026/08/01@15:35:59,5059,2.853125
2026/08/01@15:36:00,5060,2.8558752
2026/08/01@15:36:01,5061,2.8591252
2026/08/01@15:36:02,5062,2.8582502
2026/08/01@15:36:03,5063,2.851875
2026/08/01@15:36:04,5064,2.8416252
2026/08/01@15:36:06,5066,2.8407502
2026/08/01@15:36:07,5067,2.8486252
2026/08/01@15:36:08,5068,2.8508752
2026/08/01@15:36:09,5069,2.850625
2026/08/01@15:36:10,5070,2.8503752
2026/08/01@15:36:11,5071,2.851375
2026/08/01@15:36:12,5072,2.8317502
2026/08/01@15:36:13,5073,2.838375
2026/08/01@15:36:14,5074,2.859625
2026/08/01@15:36:15,5075,2.8681252
2026/08/01@15:36:16,5076,2.8655002
2026/08/01@15:36:18,5078,2.86275
2026/08/01@15:36:19,5079,2.8625002
2026/08/01@15:36:20,5080,2.8612502
2026/08/01@15:36:21,5081,2.859625
2026/08/01@15:36:22,5082,2.854125
2026/08/01@15:36:23,5083,2.8507502
2026/08/01@15:36:24,5084,2.8485002
2026/08/01@15:36:25,5085,2.8520002
2026/08/01@15:36:26,5086,2.8528752
2026/08/01@15:36:27,5087,2.8498752
2026/08/01@15:36:28,5088,2.8473752
2026/08/01@15:36:30,5090,2.8485002
2026/08/01@15:36:31,5091,2.85225
2026/08/01@15:36:32,5092,2.8526252
2026/08/01@15:36:33,5093,2.8503752
2026/08/01@15:36:34,5094,2.8417502
2026/08/01@15:36:35,5095,2.8426252
2026/08/01@15:36:36,5096,2.8455002
2026/08/01@15:36:37,5097,2.84675
2026/08/01@15:36:38,5098,2.8475
2026/08/01@15:36:39,5099,2.8502502
2026/08/01@15:36:40,5100,2.85325
2026/08/01@15:36:42,5102,2.8451252
2026/08/01@15:36:43,5103,2.834
2026/08/01@15:36:44,5104,2.849625
2026/08/01@15:36:45,5105,2.856125
2026/08/01@15:36:46,5106,2.86575
2026/08/01@15:36:47,5107,2.8647502
2026/08/01@15:36:48,5108,2.861
2026/08/01@15:36:49,5109,2.856625
2026/08/01@15:36:50,5110,2.8530002
2026/08/01@15:36:51,5111,2.854875
2026/08/01@15:36:52,5112,2.857
2026/08/01@15:36:53,5113,2.855375
2026/08/01@15:36:55,5115,2.8500002
2026/08/01@15:36:56,5116,2.8443752
2026/08/01@15:36:57,5117,2.84275
2026/08/01@15:36:58,5118,2.8456252
2026/08/01@15:36:59,5119,2.8512502
2026/08/01@15:37:00,5120,2.848375
2026/08/01@15:37:01,5121,2.8416252
2026/08/01@15:37:02,5122,2.8386252
2026/08/01@15:37:03,5123,2.8472502
2026/08/01@15:37:04,5124,2.853625
2026/08/01@15:37:06,5126,2.853125
2026/08/01@15:37:07,5127,2.845875
2026/08/01@15:37:08,5128,2.8375
2026/08/01@15:37:09,5129,2.8400002
2026/08/01@15:37:10,5130,2.846625
2026/08/01@15:37:11,5131,2.8498752
2026/08/01@15:37:12,5132,2.84675
2026/08/01@15:37:13,5133,2.8438752
2026/08/01@15:37:14,5134,2.8463752
2026/08/01@15:37:15,5135,2.8495002
2026/08/01@15:37:16,5136,2.85275
2026/08/01@15:37:18,5138,2.844875
2026/08/01@15:37:19,5139,2.8502502
2026/08/01@15:37:20,5140,2.845875
2026/08/01@15:37:21,5141,2.8352502
2026/08/01@15:37:22,5142,2.8412502
2026/08/01@15:37:23,5143,2.8352502
2026/08/01@15:37:24,5144,2.8451252
2026/08/01@15:37:25,5145,2.841875
2026/08/01@15:37:26,5146,2.8456252
2026/08/01@15:37:27,5147,2.845375
2026/08/01@15:37:28,5148,2.8386252
2026/08/01@15:37:30,5150,2.8435002
2026/08/01@15:37:31,5151,2.8438752
2026/08/01@15:37:32,5152,2.8426252
2026/08/01@15:37:33,5153,2.841
2026/08/01@15:37:34,5154,2.8411252
2026/08/01@15:37:35,5155,2.852375
2026/08/01@15:37:36,5156,2.850125
2026/08/01@15:37:37,5157,2.8638752
2026/08/01@15:37:38,5158,2.866625
2026/08/01@15:37:39,5159,2.8646252
2026/08/01@15:37:40,5160,2.858
2026/08/01@15:37:42,5161,2.847625
2026/08/01@15:37:43,5163,2.8456252
2026/08/01@15:37:44,5164,2.8507502
2026/08/01@15:37:45,5165,2.852375
2026/08/01@15:37:46,5166,2.847125
2026/08/01@15:37:47,5167,2.838875
2026/08/01@15:37:48,5168,2.8346252
2026/08/01@15:37:49,5169,2.8368752
2026/08/01@15:37:50,5170,2.8433752
2026/08/01@15:37:51,5171,2.847125
2026/08/01@15:37:52,5172,2.8465002
2026/08/01@15:37:54,5173,2.8452502
2026/08/01@15:37:55,5175,2.8447502
2026/08/01@15:37:56,5176,2.848375
2026/08/01@15:37:57,5177,2.8525002
2026/08/01@15:37:58,5178,2.8542502
2026/08/01@15:37:59,5179,2.8508752
2026/08/01@15:38:00,5180,2.8495002
2026/08/01@15:38:01,5181,2.84875
2026/08/01@15:38:02,5182,2.8517502
2026/08/01@15:38:03,5183,2.8542502
2026/08/01@15:38:04,5184,2.8395002
2026/08/01@15:38:06,5186,2.8417502
2026/08/01@15:38:07,5187,2.8512502
2026/08/01@15:38:08,5188,2.8573752
2026/08/01@15:38:09,5189,2.8637502
2026/08/01@15:38:10,5190,2.8605
2026/08/01@15:38:11,5191,2.8533752
2026/08/01@15:38:12,5192,2.8465002
2026/08/01@15:38:13,5193,2.837625
2026/08/01@15:38:14,5194,2.8373752
2026/08/01@15:38:15,5195,2.843125
2026/08/01@15:38:16,5196,2.846625
2026/08/01@15:38:18,5197,2.8493752
2026/08/01@15:38:19,5199,2.848875
2026/08/01@15:38:20,5200,2.847875
2026/08/01@15:38:21,5201,2.847125
2026/08/01@15:38:22,5202,2.8503752
2026/08/01@15:38:23,5203,2.8516252
2026/08/01@15:38:24,5204,2.8526252
2026/08/01@15:38:25,5205,2.8528752
2026/08/01@15:38:26,5206,2.8530002
2026/08/01@15:38:27,5207,2.850125
2026/08/01@15:38:28,5208,2.8352502
2026/08/01@15:38:30,5209,2.8355002
2026/08/01@15:38:31,5211,2.8333752
2026/08/01@15:38:32,5212,2.8386252
2026/08/01@15:38:33,5213,2.851375
2026/08/01@15:38:34,5214,2.85625
2026/08/01@15:38:35,5215,2.855
2026/08/01@15:38:36,5216,2.8556252
2026/08/01@15:38:37,5217,2.8641252
2026/08/01@15:38:38,5218,2.8650002
2026/08/01@15:38:39,5219,2.86325
2026/08/01@15:38:40,5220,2.859625
2026/08/01@15:38:42,5221,2.8565002
2026/08/01@15:38:43,5223,2.8543752
2026/08/01@15:38:44,5224,2.850625
2026/08/01@15:38:45,5225,2.8447502
2026/08/01@15:38:46,5226,2.83925
2026/08/01@15:38:47,5227,2.8408752
2026/08/01@15:38:48,5228,2.842375
2026/08/01@15:38:49,5229,2.8426252
2026/08/01@15:38:50,5230,2.838875
2026/08/01@15:38:51,5231,2.8360002
2026/08/01@15:38:52,5232,2.842375
2026/08/01@15:38:53,5233,2.8490002
2026/08/01@15:38:55,5235,2.8520002
2026/08/01@15:38:56,5236,2.8502502
2026/08/01@15:38:57,5237,2.8475
2026/08/01@15:38:58,5238,2.8460002
2026/08/01@15:38:59,5239,2.8515
2026/08/01@15:39:00,5240,2.856125
2026/08/01@15:39:01,5241,2.8558752
2026/08/01@15:39:02,5242,2.8503752
2026/08/01@15:39:03,5243,2.844125
2026/08/01@15:39:04,5244,2.847625
2026/08/01@15:39:05,5245,2.8468752
2026/08/01@15:39:07,5247,2.8447502
2026/08/01@15:39:08,5248,2.8352502
2026/08/01@15:39:09,5249,2.8437502
2026/08/01@15:39:10,5250,2.8481252
2026/08/01@15:39:11,5251,2.8552502
2026/08/01@15:39:12,5252,2.866625
2026/08/01@15:39:13,5253,2.8638752
2026/08/01@15:39:14,5254,2.8560002
2026/08/01@15:39:15,5255,2.8470002
2026/08/01@15:39:16,5256,2.8445
2026/08/01@15:39:17,5257,2.8493752
2026/08/01@15:39:19,5259,2.852375
2026/08/01@15:39:20,5260,2.849625
2026/08/01@15:39:21,5261,2.84275
2026/08/01@15:39:22,5262,2.8355002
2026/08/01@15:39:23,5263,2.839375
2026/08/01@15:39:24,5264,2.84625
2026/08/01@15:39:25,5265,2.8491252
2026/08/01@15:39:26,5266,2.8456252
2026/08/01@15:39:27,5267,2.8417502
2026/08/01@15:39:28,5268,2.841375
2026/08/01@15:39:29,5269,2.8495002
2026/08/01@15:39:30,5270,2.853125
2026/08/01@15:39:32,5272,2.85225
2026/08/01@15:39:33,5273,2.8477502
2026/08/01@15:39:34,5274,2.8447502
2026/08/01@15:39:35,5275,2.8447502
2026/08/01@15:39:36,5276,2.8468752
2026/08/01@15:39:37,5277,2.8455002
2026/08/01@15:39:38,5278,2.8391252
2026/08/01@15:39:39,5279,2.8442502
2026/08/01@15:39:40,5280,2.8493752
2026/08/01@15:39:41,5281,2.83625
2026/08/01@15:39:43,5283,2.8430002
2026/08/01@15:39:44,5284,2.8482502
2026/08/01@15:39:45,5285,2.8515
2026/08/01@15:39:46,5286,2.8633752
2026/08/01@15:39:47,5287,2.8635
2026/08/01@15:39:48,5288,2.861375
2026/08/01@15:39:49,5289,2.8555002
2026/08/01@15:39:50,5290,2.8507502
2026/08/01@15:39:51,5291,2.853125
2026/08/01@15:39:52,5292,2.8576252
2026/08/01@15:39:53,5293,2.8575
2026/08/01@15:39:54,5294,2.8493752
2026/08/01@15:39:56,5296,2.8402502
2026/08/01@15:39:57,5297,2.8382502
2026/08/01@15:39:58,5298,2.8490002
2026/08/01@15:39:59,5299,2.8552502
2026/08/01@15:40:00,5300,2.8533752
2026/08/01@15:40:01,5301,2.8455002
2026/08/01@15:40:02,5302,2.841
2026/08/01@15:40:03,5303,2.84675
2026/08/01@15:40:04,5304,2.854
2026/08/01@15:40:05,5305,2.856125
2026/08/01@15:40:06,5306,2.850625
2026/08/01@15:40:08,5308,2.844125
2026/08/01@15:40:09,5309,2.8408752
2026/08/01@15:40:10,5310,2.8485002
2026/08/01@15:40:11,5311,2.8533752
2026/08/01@15:40:12,5312,2.85325
2026/08/01@15:40:13,5313,2.8446252
2026/08/01@15:40:14,5314,2.8338752
2026/08/01@15:40:15,5315,2.8316252
2026/08/01@15:40:16,5316,2.8428752
2026/08/01@15:40:17,5317,2.8493752
2026/08/01@15:40:18,5318,2.8495002
2026/08/01@15:40:20,5320,2.848
2026/08/01@15:40:21,5321,2.83025
2026/08/01@15:40:22,5322,2.834875
2026/08/01@15:40:23,5323,2.8543752
2026/08/01@15:40:24,5324,2.8635
2026/08/01@15:40:25,5325,2.856625
2026/08/01@15:40:26,5326,2.848375
2026/08/01@15:40:27,5327,2.8405
2026/08/01@15:40:28,5328,2.842375
2026/08/01@15:40:29,5329,2.842375
2026/08/01@15:40:30,5330,2.8452502
2026/08/01@15:40:32,5332,2.84325
2026/08/01@15:40:33,5333,2.843125
2026/08/01@15:40:34,5334,2.847625
2026/08/01@15:40:35,5335,2.8391252
2026/08/01@15:40:36,5336,2.8447502
2026/08/01@15:40:37,5337,2.8346252
2026/08/01@15:40:38,5338,2.8512502
2026/08/01@15:40:39,5339,2.84975
2026/08/01@15:40:40,5340,2.8507502
2026/08/01@15:40:41,5341,2.8626252
2026/08/01@15:40:42,5342,2.8637502
2026/08/01@15:40:44,5344,2.8607502
2026/08/01@15:40:45,5345,2.8515
2026/08/01@15:40:46,5346,2.8456252
2026/08/01@15:40:47,5347,2.8426252
2026/08/01@15:40:48,5348,2.8485002
2026/08/01@15:40:49,5349,2.8452502
2026/08/01@15:40:50,5350,2.8460002
2026/08/01@15:40:51,5351,2.842375
2026/08/01@15:40:52,5352,2.8438752
2026/08/01@15:40:53,5353,2.847625
2026/08/01@15:40:54,5354,2.8505
2026/08/01@15:40:56,5356,2.8378752
2026/08/01@15:40:57,5357,2.8446252
2026/08/01@15:40:58,5358,2.8502502
2026/08/01@15:40:59,5359,2.8565002
2026/08/01@15:41:00,5360,2.856625
2026/08/01@15:41:01,5361,2.8546252
2026/08/01@15:41:02,5362,2.8505
2026/08/01@15:41:03,5363,2.8447502
2026/08/01@15:41:04,5364,2.8343752
2026/08/01@15:41:05,5365,2.83225
2026/08/01@15:41:06,5366,2.8360002
2026/08/01@15:41:08,5368,2.8411252
2026/08/01@15:41:09,5369,2.8447502
2026/08/01@15:41:10,5370,2.8477502
2026/08/01@15:41:11,5371,2.8465002
2026/08/01@15:41:12,5372,2.84625
2026/08/01@15:41:13,5373,2.847625
2026/08/01@15:41:14,5374,2.8502502
2026/08/01@15:41:15,5375,2.8505
2026/08/01@15:41:16,5376,2.8508752
2026/08/01@15:41:17,5377,2.8395002
2026/08/01@15:41:18,5378,2.8408752
2026/08/01@15:41:20,5380,2.840125
2026/08/01@15:41:21,5381,2.8308752
2026/08/01@15:41:22,5382,2.835
2026/08/01@15:41:23,5383,2.848
2026/08/01@15:41:24,5384,2.85225
2026/08/01@15:41:25,5385,2.8505
2026/08/01@15:41:26,5386,2.84975
2026/08/01@15:41:27,5387,2.858875
2026/08/01@15:41:28,5388,2.8617502
2026/08/01@15:41:29,5389,2.8625002
2026/08/01@15:41:30,5390,2.854125
2026/08/01@15:41:32,5392,2.8503752
2026/08/01@15:41:33,5393,2.851375
2026/08/01@15:41:34,5394,2.857
2026/08/01@15:41:35,5395,2.8581252
2026/08/01@15:41:36,5396,2.863125
2026/08/01@15:41:37,5397,2.8607502
2026/08/01@15:41:38,5398,2.8576252
2026/08/01@15:41:39,5399,2.8530002
2026/08/01@15:41:40,5400,2.8508752
2026/08/01@15:41:41,5401,2.8507502
2026/08/01@15:41:42,5402,2.84875
2026/08/01@15:41:44,5404,2.8442502
2026/08/01@15:41:45,5405,2.8342502
2026/08/01@15:41:46,5406,2.8333752
2026/08/01@15:41:47,5407,2.8352502
2026/08/01@15:41:48,5408,2.8428752
2026/08/01@15:41:49,5409,2.847875
2026/08/01@15:41:50,5410,2.8485002
2026/08/01@15:41:51,5411,2.8437502
2026/08/01@15:41:52,5412,2.84625
2026/08/01@15:41:53,5413,2.841875
2026/08/01@15:41:54,5414,2.847625
2026/08/01@15:41:56,5416,2.8500002
2026/08/01@15:41:57,5417,2.8468752
2026/08/01@15:41:58,5418,2.8411252
2026/08/01@15:41:59,5419,2.836625
2026/08/01@15:42:00,5420,2.8385
2026/08/01@15:42:01,5421,2.8430002
2026/08/01@15:42:02,5422,2.84275
2026/08/01@15:42:03,5423,2.8390002
2026/08/01@15:42:04,5424,2.8326252
2026/08/01@15:42:05,5425,2.82975
2026/08/01@15:42:06,5426,2.8373752
2026/08/01@15:42:08,5428,2.8465002
2026/08/01@15:42:09,5429,2.850625
2026/08/01@15:42:10,5430,2.8452502
2026/08/01@15:42:11,5431,2.8351252
2026/08/01@15:42:12,5432,2.82925
2026/08/01@15:42:13,5433,2.8363752
2026/08/01@15:42:14,5434,2.8421252
2026/08/01@15:42:15,5435,2.844
2026/08/01@15:42:16,5436,2.8407502
2026/08/01@15:42:17,5437,2.835
2026/08/01@15:42:18,5438,2.835
2026/08/01@15:42:20,5440,2.83975
2026/08/01@15:42:21,5441,2.8446252
2026/08/01@15:42:22,5442,2.8442502
2026/08/01@15:42:23,5443,2.8398752
2026/08/01@15:42:24,5444,2.835875
2026/08/01@15:42:25,5445,2.840125
2026/08/01@15:42:26,5446,2.84625
2026/08/01@15:42:27,5447,2.8511252
2026/08/01@15:42:28,5448,2.8525002
2026/08/01@15:42:29,5449,2.851
2026/08/01@15:42:30,5450,2.84225
2026/08/01@15:42:32,5452,2.8463752
2026/08/01@15:42:33,5453,2.845
2026/08/01@15:42:34,5454,2.84325
2026/08/01@15:42:35,5455,2.8425002
2026/08/01@15:42:36,5456,2.8505
2026/08/01@15:42:37,5457,2.8520002
2026/08/01@15:42:38,5458,2.8603752
2026/08/01@15:42:39,5459,2.861
2026/08/01@15:42:40,5460,2.8600002
2026/08/01@15:42:41,5461,2.856125
2026/08/01@15:42:42,5462,2.848875
2026/08/01@15:42:44,5464,2.844125
2026/08/01@15:42:45,5465,2.845375
2026/08/01@15:42:46,5466,2.848
2026/08/01@15:42:47,5467,2.849625
2026/08/01@15:42:48,5468,2.84225
2026/08/01@15:42:49,5469,2.8400002
2026/08/01@15:42:50,5470,2.838875
2026/08/01@15:42:51,5471,2.8400002
2026/08/01@15:42:52,5472,2.8403752
2026/08/01@15:42:53,5473,2.844125
2026/08/01@15:42:54,5474,2.847875
2026/08/01@15:42:56,5476,2.843125
2026/08/01@15:42:57,5477,2.833125
2026/08/01@15:42:58,5478,2.8407502
2026/08/01@15:42:59,5479,2.85225
2026/08/01@15:43:00,5480,2.8603752
2026/08/01@15:43:01,5481,2.857125
2026/08/01@15:43:02,5482,2.8495002
2026/08/01@15:43:03,5483,2.841875
2026/08/01@15:43:04,5484,2.8381252
2026/08/01@15:43:05,5485,2.8430002
2026/08/01@15:43:06,5486,2.8477502
2026/08/01@15:43:08,5488,2.844875
2026/08/01@15:43:09,5489,2.8415
2026/08/01@15:43:10,5490,2.8415
2026/08/01@15:43:11,5491,2.848375
2026/08/01@15:43:12,5492,2.842375
2026/08/01@15:43:13,5493,2.836625
2026/08/01@15:43:14,5494,2.8437502
2026/08/01@15:43:15,5495,2.8516252
2026/08/01@15:43:16,5496,2.8616252
2026/08/01@15:43:17,5497,2.8626252
2026/08/01@15:43:18,5498,2.8598752
2026/08/01@15:43:20,5499,2.8533752
2026/08/01@15:43:21,5501,2.8456252
2026/08/01@15:43:22,5502,2.8416252
2026/08/01@15:43:23,5503,2.8442502
2026/08/01@15:43:24,5504,2.8446252
2026/08/01@15:43:25,5505,2.846625
2026/08/01@15:43:26,5506,2.8463752
2026/08/01@15:43:27,5507,2.843625
2026/08/01@15:43:28,5508,2.832
2026/08/01@15:43:29,5509,2.852375
2026/08/01@15:43:30,5510,2.8602502
2026/08/01@15:43:31,5511,2.85325
2026/08/01@15:43:33,5513,2.8445
2026/08/01@15:43:34,5514,2.838
2026/08/01@15:43:35,5515,2.8337502
2026/08/01@15:43:36,5516,2.8385
2026/08/01@15:43:37,5517,2.8411252
2026/08/01@15:43:38,5518,2.8396252
2026/08/01@15:43:39,5519,2.83575
2026/08/01@15:43:40,5520,2.8385
2026/08/01@15:43:41,5521,2.844125
2026/08/01@15:43:42,5522,2.847625
2026/08/01@15:43:43,5523,2.8465002
2026/08/01@15:43:45,5525,2.8456252
2026/08/01@15:43:46,5526,2.8460002
2026/08/01@15:43:47,5527,2.848875
2026/08/01@15:43:48,5528,2.8495002
2026/08/01@15:43:49,5529,2.8481252
2026/08/01@15:43:50,5530,2.83975
2026/08/01@15:43:51,5531,2.8338752
2026/08/01@15:43:52,5532,2.8291252
2026/08/01@15:43:53,5533,2.8547502
2026/08/01@15:43:54,5534,2.8638752
2026/08/01@15:43:55,5535,2.8598752
2026/08/01@15:43:57,5537,2.8558752
2026/08/01@15:43:58,5538,2.8526252
2026/08/01@15:43:59,5539,2.8512502
2026/08/01@15:44:00,5540,2.8507502
2026/08/01@15:44:01,5541,2.84975
2026/08/01@15:44:02,5542,2.84875
2026/08/01@15:44:03,5543,2.848
2026/08/01@15:44:04,5544,2.8491252
2026/08/01@15:44:05,5545,2.8503752
2026/08/01@15:44:06,5546,2.85275
2026/08/01@15:44:07,5547,2.852375
2026/08/01@15:44:09,5549,2.8525002
2026/08/01@15:44:10,5550,2.8517502
2026/08/01@15:44:11,5551,2.8525002
2026/08/01@15:44:12,5552,2.854
2026/08/01@15:44:13,5553,2.8551252
2026/08/01@15:44:14,5554,2.85325
2026/08/01@15:44:15,5555,2.8485002
2026/08/01@15:44:16,5556,2.84325
2026/08/01@15:44:17,5557,2.8387502
2026/08/01@15:44:18,5558,2.8398752
2026/08/01@15:44:19,5559,2.8370002
2026/08/01@15:44:21,5561,2.8387502
2026/08/01@15:44:22,5562,2.8377502
2026/08/01@15:44:23,5563,2.83925
2026/08/01@15:44:24,5564,2.8430002
2026/08/01@15:44:25,5565,2.8470002
2026/08/01@15:44:26,5566,2.8470002
2026/08/01@15:44:27,5567,2.846625
2026/08/01@15:44:28,5568,2.8425002
2026/08/01@15:44:29,5569,2.8398752
2026/08/01@15:44:30,5570,2.832
2026/08/01@15:44:31,5571,2.834125
2026/08/01@15:44:33,5573,2.8355002
2026/08/01@15:44:34,5574,2.8387502
2026/08/01@15:44:35,5575,2.82675
2026/08/01@15:44:36,5576,2.8396252
2026/08/01@15:44:37,5577,2.83275
2026/08/01@15:44:38,5578,2.8345
2026/08/01@15:44:39,5579,2.8425002
2026/08/01@15:44:40,5580,2.84275
2026/08/01@15:44:41,5581,2.84275
2026/08/01@15:44:42,5582,2.8365002
2026/08/01@15:44:43,5583,2.8316252
2026/08/01@15:44:45,5585,2.825375
2026/08/01@15:44:46,5586,2.8493752
2026/08/01@15:44:47,5587,2.8500002
2026/08/01@15:44:48,5588,2.85875
2026/08/01@15:44:49,5589,2.8582502
2026/08/01@15:44:50,5590,2.8567502
2026/08/01@15:44:51,5591,2.8521252
2026/08/01@15:44:52,5592,2.8465002
2026/08/01@15:44:53,5593,2.8425002
2026/08/01@15:44:54,5594,2.8415
2026/08/01@15:44:55,5595,2.843125
2026/08/01@15:44:57,5597,2.8375
2026/08/01@15:44:58,5598,2.8373752
2026/08/01@15:44:59,5599,2.8351252
2026/08/01@15:45:00,5600,2.835875
2026/08/01@15:45:01,5601,2.8368752
2026/08/01@15:45:02,5602,2.8402502
2026/08/01@15:45:03,5603,2.841375
2026/08/01@15:45:04,5604,2.8408752
2026/08/01@15:45:05,5605,2.83975
2026/08/01@15:45:06,5606,2.8405
2026/08/01@15:45:07,5607,2.84325
2026/08/01@15:45:09,5609,2.845
2026/08/01@15:45:10,5610,2.84625
2026/08/01@15:45:11,5611,2.8452502
2026/08/01@15:45:12,5612,2.844
2026/08/01@15:45:13,5613,2.841375
2026/08/01@15:45:14,5614,2.833625
2026/08/01@15:45:15,5615,2.8235002
2026/08/01@15:45:16,5616,2.8502502
2026/08/01@15:45:17,5617,2.861375
2026/08/01@15:45:18,5618,2.857125
2026/08/01@15:45:19,5619,2.85325
2026/08/01@15:45:21,5621,2.8521252
2026/08/01@15:45:22,5622,2.8520002
2026/08/01@15:45:23,5623,2.8512502
2026/08/01@15:45:24,5624,2.848375
2026/08/01@15:45:25,5625,2.844
2026/08/01@15:45:26,5626,2.842375
2026/08/01@15:45:27,5627,2.84275
2026/08/01@15:45:28,5628,2.845375
2026/08/01@15:45:29,5629,2.8451252
2026/08/01@15:45:30,5630,2.845
2026/08/01@15:45:31,5631,2.8421252
2026/08/01@15:45:33,5633,2.8420002
2026/08/01@15:45:34,5634,2.8421252
2026/08/01@15:45:35,5635,2.84325
2026/08/01@15:45:36,5636,2.843625
2026/08/01@15:45:37,5637,2.8370002
2026/08/01@15:45:38,5638,2.8316252
2026/08/01@15:45:39,5639,2.8317502
2026/08/01@15:45:40,5640,2.8363752
2026/08/01@15:45:41,5641,2.838875
2026/08/01@15:45:42,5642,2.8402502
2026/08/01@15:45:43,5643,2.841
2026/08/01@15:45:45,5645,2.8425002
2026/08/01@15:45:46,5646,2.843125
2026/08/01@15:45:47,5647,2.845
2026/08/01@15:45:48,5648,2.84625
2026/08/01@15:45:49,5649,2.84625
2026/08/01@15:45:50,5650,2.8402502
2026/08/01@15:45:51,5651,2.8428752
2026/08/01@15:45:52,5652,2.8416252
2026/08/01@15:45:53,5653,2.84225
2026/08/01@15:45:54,5654,2.83625
2026/08/01@15:45:55,5655,2.83925
2026/08/01@15:45:57,5657,2.83975
2026/08/01@15:45:58,5658,2.8363752
2026/08/01@15:45:59,5659,2.8373752
2026/08/01@15:46:00,5660,2.8385
2026/08/01@15:46:01,5661,2.8355002
2026/08/01@15:46:02,5662,2.835875
2026/08/01@15:46:03,5663,2.8308752
2026/08/01@15:46:04,5664,2.8546252
2026/08/01@15:46:05,5665,2.8572502
2026/08/01@15:46:06,5666,2.8545
2026/08/01@15:46:07,5667,2.8498752
2026/08/01@15:46:09,5669,2.847625
2026/08/01@15:46:10,5670,2.8415
2026/08/01@15:46:11,5671,2.8391252
2026/08/01@15:46:12,5672,2.8315
2026/08/01@15:46:13,5673,2.83325
2026/08/01@15:46:14,5674,2.8338752
2026/08/01@15:46:15,5675,2.8351252
2026/08/01@15:46:16,5676,2.8343752
2026/08/01@15:46:17,5677,2.8346252
2026/08/01@15:46:18,5678,2.838875
2026/08/01@15:46:19,5679,2.8398752
2026/08/01@15:46:21,5681,2.8403752
2026/08/01@15:46:22,5682,2.836625
2026/08/01@15:46:23,5683,2.8355002
2026/08/01@15:46:24,5684,2.8351252
2026/08/01@15:46:25,5685,2.8381252
2026/08/01@15:46:26,5686,2.8382502
2026/08/01@15:46:27,5687,2.8370002
2026/08/01@15:46:28,5688,2.833625
2026/08/01@15:46:29,5689,2.8346252
2026/08/01@15:46:30,5690,2.840625
2026/08/01@15:46:31,5691,2.8437502
2026/08/01@15:46:33,5693,2.844125
2026/08/01@15:46:34,5694,2.8372502
2026/08/01@15:46:35,5695,2.8351252
2026/08/01@15:46:36,5696,2.838875
2026/08/01@15:46:37,5697,2.845
2026/08/01@15:46:38,5698,2.8486252
2026/08/01@15:46:39,5699,2.8365002
2026/08/01@15:46:40,5700,2.8412502
2026/08/01@15:46:41,5701,2.8445
2026/08/01@15:46:42,5702,2.845875
2026/08/01@15:46:43,5703,2.85875
2026/08/01@15:46:45,5704,2.860125
2026/08/01@15:46:46,5706,2.8558752
2026/08/01@15:46:47,5707,2.8511252
2026/08/01@15:46:48,5708,2.848
2026/08/01@15:46:49,5709,2.851375
2026/08/01@15:46:50,5710,2.8526252
2026/08/01@15:46:51,5711,2.849625
2026/08/01@15:46:52,5712,2.8395002
2026/08/01@15:46:53,5713,2.8356252
2026/08/01@15:46:54,5714,2.8408752
2026/08/01@15:46:55,5715,2.8503752
2026/08/01@15:46:56,5716,2.8551252
2026/08/01@15:46:58,5718,2.8551252
2026/08/01@15:46:59,5719,2.8502502
2026/08/01@15:47:00,5720,2.8482502
2026/08/01@15:47:01,5721,2.8543752
2026/08/01@15:47:02,5722,2.850625
2026/08/01@15:47:03,5723,2.828875
2026/08/01@15:47:04,5724,2.8347502
2026/08/01@15:47:05,5725,2.8335002
2026/08/01@15:47:06,5726,2.83925
2026/08/01@15:47:07,5727,2.8395002
2026/08/01@15:47:09,5728,2.839375
2026/08/01@15:47:10,5730,2.8411252
2026/08/01@15:47:11,5731,2.838875
2026/08/01@15:47:12,5732,2.83575
2026/08/01@15:47:13,5733,2.83275
2026/08/01@15:47:14,5734,2.834875
2026/08/01@15:47:15,5735,2.8385
2026/08/01@15:47:16,5736,2.8415
2026/08/01@15:47:17,5737,2.84225
2026/08/01@15:47:18,5738,2.8378752
2026/08/01@15:47:19,5739,2.8346252
2026/08/01@15:47:20,5740,2.8352502
2026/08/01@15:47:22,5742,2.8420002
2026/08/01@15:47:23,5743,2.8447502
2026/08/01@15:47:24,5744,2.8385
2026/08/01@15:47:25,5745,2.8361252
2026/08/01@15:47:26,5746,2.845
2026/08/01@15:47:27,5747,2.8475
2026/08/01@15:47:28,5748,2.8591252
2026/08/01@15:47:29,5749,2.860125
2026/08/01@15:47:30,5750,2.85625
2026/08/01@15:47:31,5751,2.8495002
2026/08/01@15:47:32,5752,2.840625
2026/08/01@15:47:34,5754,2.8408752
2026/08/01@15:47:35,5755,2.84575
2026/08/01@15:47:36,5756,2.8452502
2026/08/01@15:47:37,5757,2.83925
2026/08/01@15:47:38,5758,2.8312502
2026/08/01@15:47:39,5759,2.8295002
2026/08/01@15:47:40,5760,2.8402502
2026/08/01@15:47:41,5761,2.8452502
2026/08/01@15:47:42,5762,2.8402502
2026/08/01@15:47:43,5763,2.844
2026/08/01@15:47:44,5764,2.845875
2026/08/01@15:47:46,5766,2.8270002
2026/08/01@15:47:47,5767,2.835
2026/08/01@15:47:48,5768,2.8333752
2026/08/01@15:47:49,5769,2.8498752
2026/08/01@15:47:50,5770,2.847875
2026/08/01@15:47:51,5771,2.847625
2026/08/01@15:47:52,5772,2.8593752
2026/08/01@15:47:53,5773,2.8590002
2026/08/01@15:47:54,5774,2.8545
2026/08/01@15:47:55,5775,2.8461252
2026/08/01@15:47:56,5776,2.84325
2026/08/01@15:47:58,5778,2.8446252
2026/08/01@15:47:59,5779,2.84875
2026/08/01@15:48:00,5780,2.847625
2026/08/01@15:48:01,5781,2.8408752
2026/08/01@15:48:02,5782,2.8335002
2026/08/01@15:48:03,5783,2.83275
2026/08/01@15:48:04,5784,2.8347502
2026/08/01@15:48:05,5785,2.8382502
2026/08/01@15:48:06,5786,2.8386252
2026/08/01@15:48:07,5787,2.8338752
2026/08/01@15:48:08,5788,2.8337502
2026/08/01@15:48:10,5790,2.838375
2026/08/01@15:48:11,5791,2.842375
2026/08/01@15:48:12,5792,2.8425002
2026/08/01@15:48:13,5793,2.8398752
2026/08/01@15:48:14,5794,2.8373752
2026/08/01@15:48:15,5795,2.835
2026/08/01@15:48:16,5796,2.84225
2026/08/01@15:48:17,5797,2.8573752
2026/08/01@15:48:18,5798,2.858375
2026/08/01@15:48:19,5799,2.8558752
2026/08/01@15:48:20,5800,2.85275
2026/08/01@15:48:22,5802,2.844875
2026/08/01@15:48:23,5803,2.838375
2026/08/01@15:48:24,5804,2.8381252
2026/08/01@15:48:25,5805,2.8395002
2026/08/01@15:48:26,5806,2.8407502
2026/08/01@15:48:27,5807,2.831
2026/08/01@15:48:28,5808,2.8247502
2026/08/01@15:48:29,5809,2.822
2026/08/01@15:48:30,5810,2.83225
2026/08/01@15:48:31,5811,2.8368752
2026/08/01@15:48:32,5812,2.8381252
2026/08/01@15:48:34,5814,2.83275
2026/08/01@15:48:35,5815,2.8286252
2026/08/01@15:48:36,5816,2.832375
2026/08/01@15:48:37,5817,2.8398752
2026/08/01@15:48:38,5818,2.844125
2026/08/01@15:48:39,5819,2.8425002
2026/08/01@15:48:40,5820,2.8386252
2026/08/01@15:48:41,5821,2.8386252
2026/08/01@15:48:42,5822,2.8442502
2026/08/01@15:48:43,5823,2.845375
2026/08/01@15:48:44,5824,2.8465002
2026/08/01@15:48:46,5826,2.8411252
2026/08/01@15:48:47,5827,2.840625
2026/08/01@15:48:48,5828,2.8411252
2026/08/01@15:48:49,5829,2.84975
2026/08/01@15:48:50,5830,2.858375
2026/08/01@15:48:51,5831,2.8538752
2026/08/01@15:48:52,5832,2.8482502
2026/08/01@15:48:53,5833,2.84675
2026/08/01@15:48:54,5834,2.8516252
2026/08/01@15:48:55,5835,2.853625
2026/08/01@15:48:56,5836,2.852375
2026/08/01@15:48:58,5838,2.8455002
2026/08/01@15:48:59,5839,2.8438752
2026/08/01@15:49:00,5840,2.84675
2026/08/01@15:49:01,5841,2.8528752
2026/08/01@15:49:02,5842,2.8502502
2026/08/01@15:49:03,5843,2.8417502
2026/08/01@15:49:04,5844,2.8335002
2026/08/01@15:49:05,5845,2.838
2026/08/01@15:49:06,5846,2.8443752
2026/08/01@15:49:07,5847,2.845
2026/08/01@15:49:08,5848,2.8411252
2026/08/01@15:49:10,5850,2.838
2026/08/01@15:49:11,5851,2.8405
2026/08/01@15:49:12,5852,2.844
2026/08/01@15:49:13,5853,2.846625
2026/08/01@15:49:14,5854,2.8438752
2026/08/01@15:49:15,5855,2.8407502
2026/08/01@15:49:16,5856,2.839375
2026/08/01@15:49:17,5857,2.8426252
2026/08/01@15:49:18,5858,2.84225
2026/08/01@15:49:19,5859,2.8405
2026/08/01@15:49:20,5860,2.8328752
2026/08/01@15:49:22,5862,2.8312502
2026/08/01@15:49:23,5863,2.8312502
2026/08/01@15:49:24,5864,2.8317502
2026/08/01@15:49:25,5865,2.8313752
2026/08/01@15:49:26,5866,2.8346252
2026/08/01@15:49:27,5867,2.838375
2026/08/01@15:49:28,5868,2.840125
2026/08/01@15:49:29,5869,2.8391252
2026/08/01@15:49:30,5870,2.836625
2026/08/01@15:49:31,5871,2.838
2026/08/01@15:49:32,5872,2.83975
2026/08/01@15:49:34,5874,2.84225
2026/08/01@15:49:35,5875,2.84325
2026/08/01@15:49:36,5876,2.84325
2026/08/01@15:49:37,5877,2.8355002
2026/08/01@15:49:38,5878,2.83925
2026/08/01@15:49:39,5879,2.8245
2026/08/01@15:49:40,5880,2.831875
2026/08/01@15:49:41,5881,2.8337502
2026/08/01@15:49:42,5882,2.8328752
2026/08/01@15:49:43,5883,2.8275
2026/08/01@15:49:44,5884,2.8335002
2026/08/01@15:49:45,5885,2.831875
2026/08/01@15:49:47,5887,2.8337502
2026/08/01@15:49:48,5888,2.847875
2026/08/01@15:49:49,5889,2.848
2026/08/01@15:49:50,5890,2.8572502
2026/08/01@15:49:51,5891,2.8565002
2026/08/01@15:49:52,5892,2.8575
2026/08/01@15:49:53,5893,2.854875
2026/08/01@15:49:54,5894,2.8512502
2026/08/01@15:49:55,5895,2.84675
2026/08/01@15:49:56,5896,2.8477502
2026/08/01@15:49:57,5897,2.8493752
2026/08/01@15:49:59,5899,2.850125
2026/08/01@15:50:00,5900,2.8485002
2026/08/01@15:50:01,5901,2.84625
2026/08/01@15:50:02,5902,2.8463752
2026/08/01@15:50:03,5903,2.8507502
2026/08/01@15:50:04,5904,2.8542502
2026/08/01@15:50:05,5905,2.8546252
2026/08/01@15:50:06,5906,2.853625
2026/08/01@15:50:07,5907,2.8507502
2026/08/01@15:50:08,5908,2.8517502
2026/08/01@15:50:10,5909,2.854125
2026/08/01@15:50:11,5911,2.8560002
2026/08/01@15:50:12,5912,2.8545
2026/08/01@15:50:13,5913,2.8526252
2026/08/01@15:50:14,5914,2.8508752
2026/08/01@15:50:15,5915,2.8542502
2026/08/01@15:50:16,5916,2.8560002
2026/08/01@15:50:17,5917,2.855
2026/08/01@15:50:18,5918,2.847125
2026/08/01@15:50:19,5919,2.8411252
2026/08/01@15:50:20,5920,2.8238752
2026/08/01@15:50:21,5921,2.833125
2026/08/01@15:50:23,5923,2.834
2026/08/01@15:50:24,5924,2.8245
2026/08/01@15:50:25,5925,2.8268752
2026/08/01@15:50:26,5926,2.8260002
2026/08/01@15:50:27,5927,2.8291252
2026/08/01@15:50:28,5928,2.83225
2026/08/01@15:50:29,5929,2.83325
2026/08/01@15:50:30,5930,2.827625
2026/08/01@15:50:31,5931,2.8300002
2026/08/01@15:50:32,5932,2.83575
2026/08/01@15:50:33,5933,2.8398752
2026/08/01@15:50:35,5935,2.841
2026/08/01@15:50:36,5936,2.841
2026/08/01@15:50:37,5937,2.841875
2026/08/01@15:50:38,5938,2.8385
2026/08/01@15:50:39,5939,2.8352502
2026/08/01@15:50:40,5940,2.8361252
2026/08/01@15:50:41,5941,2.8396252
2026/08/01@15:50:42,5942,2.8408752
2026/08/01@15:50:43,5943,2.83275
2026/08/01@15:50:44,5944,2.8312502
2026/08/01@15:50:45,5945,2.82325
2026/08/01@15:50:47,5947,2.8346252
2026/08/01@15:50:48,5948,2.8330002
2026/08/01@15:50:49,5949,2.8335002
2026/08/01@15:50:50,5950,2.8305002
2026/08/01@15:50:51,5951,2.8316252
2026/08/01@15:50:52,5952,2.8328752
2026/08/01@15:50:53,5953,2.828875
2026/08/01@15:50:54,5954,2.8346252
2026/08/01@15:50:55,5955,2.8312502
2026/08/01@15:50:56,5956,2.8386252
2026/08/01@15:50:57,5957,2.8372502
2026/08/01@15:50:59,5959,2.8313752
2026/08/01@15:51:00,5960,2.844875
2026/08/01@15:51:01,5961,2.848375
2026/08/01@15:51:02,5962,2.850625
2026/08/01@15:51:03,5963,2.8500002
2026/08/01@15:51:04,5964,2.8495002
2026/08/01@15:51:05,5965,2.8520002
2026/08/01@15:51:06,5966,2.853625
2026/08/01@15:51:07,5967,2.85325
2026/08/01@15:51:08,5968,2.8512502
2026/08/01@15:51:09,5969,2.848375
2026/08/01@15:51:11,5971,2.84675
2026/08/01@15:51:12,5972,2.8475
2026/08/01@15:51:13,5973,2.8468752
2026/08/01@15:51:14,5974,2.8452502
2026/08/01@15:51:15,5975,2.8412502
2026/08/01@15:51:16,5976,2.8363752
2026/08/01@15:51:17,5977,2.833125
2026/08/01@15:51:18,5978,2.8328752
2026/08/01@15:51:19,5979,2.83275
2026/08/01@15:51:20,5980,2.8325002
2026/08/01@15:51:21,5981,2.831875
2026/08/01@15:51:23,5983,2.8268752
2026/08/01@15:51:24,5984,2.8278752
2026/08/01@15:51:25,5985,2.8291252
2026/08/01@15:51:26,5986,2.832
2026/08/01@15:51:27,5987,2.83325
2026/08/01@15:51:28,5988,2.8351252
2026/08/01@15:51:29,5989,2.8370002
2026/08/01@15:51:30,5990,2.8378752
2026/08/01@15:51:31,5991,2.8356252
2026/08/01@15:51:32,5992,2.8361252
2026/08/01@15:51:33,5993,2.8338752
2026/08/01@15:51:35,5995,2.8305002
2026/08/01@15:51:36,5996,2.8307502
2026/08/01@15:51:37,5997,2.8187502
2026/08/01@15:51:38,5998,2.8396252
2026/08/01@15:51:39,5999,2.841
2026/08/01@15:51:40,6000,2.8517502
2026/08/01@15:51:41,6001,2.8507502
2026/08/01@15:51:42,6002,2.8491252
2026/08/01@15:51:43,6003,2.8452502
2026/08/01@15:51:44,6004,2.84225
2026/08/01@15:51:45,6005,2.8381252
2026/08/01@15:51:47,6007,2.8391252
2026/08/01@15:51:48,6008,2.8385
2026/08/01@15:51:49,6009,2.8378752
2026/08/01@15:51:50,6010,2.8346252
2026/08/01@15:51:51,6011,2.8307502
2026/08/01@15:51:52,6012,2.828375
2026/08/01@15:51:53,6013,2.8296252
2026/08/01@15:51:54,6014,2.8317502
2026/08/01@15:51:55,6015,2.826625
2026/08/01@15:51:56,6016,2.8260002
2026/08/01@15:51:57,6017,2.8225002
2026/08/01@15:51:59,6019,2.825
2026/08/01@15:52:00,6020,2.8287502
2026/08/01@15:52:01,6021,2.8360002
2026/08/01@15:52:02,6022,2.838375
2026/08/01@15:52:03,6023,2.8386252
2026/08/01@15:52:04,6024,2.8370002
2026/08/01@15:52:05,6025,2.836625
2026/08/01@15:52:06,6026,2.838
2026/08/01@15:52:07,6027,2.832375
2026/08/01@15:52:08,6028,2.830625
2026/08/01@15:52:09,6029,2.824125
2026/08/01@15:52:11,6031,2.824625
2026/08/01@15:52:12,6032,2.830625
2026/08/01@15:52:13,6033,2.8430002
2026/08/01@15:52:14,6034,2.8407502
2026/08/01@15:52:15,6035,2.837625
2026/08/01@15:52:16,6036,2.8381252
2026/08/01@15:52:17,6037,2.8521252
2026/08/01@15:52:18,6038,2.8528752
2026/08/01@15:52:19,6039,2.85225
2026/08/01@15:52:20,6040,2.8482502
2026/08/01@15:52:21,6041,2.8461252
2026/08/01@15:52:23,6043,2.8475
2026/08/01@15:52:24,6044,2.849625
2026/08/01@15:52:25,6045,2.848375
2026/08/01@15:52:26,6046,2.8420002
2026/08/01@15:52:27,6047,2.833125
2026/08/01@15:52:28,6048,2.8286252
2026/08/01@15:52:29,6049,2.8368752
2026/08/01@15:52:30,6050,2.8405
2026/08/01@15:52:31,6051,2.8403752
2026/08/01@15:52:32,6052,2.831875
2026/08/01@15:52:33,6053,2.826625
2026/08/01@15:52:35,6055,2.8300002
2026/08/01@15:52:36,6056,2.8421252
2026/08/01@15:52:37,6057,2.84625
2026/08/01@15:52:38,6058,2.8433752
2026/08/01@15:52:39,6059,2.8338752
2026/08/01@15:52:40,6060,2.829375
2026/08/01@15:52:41,6061,2.835875
2026/08/01@15:52:42,6062,2.8433752
2026/08/01@15:52:43,6063,2.8456252
2026/08/01@15:52:44,6064,2.8377502
2026/08/01@15:52:45,6065,2.8277502
2026/08/01@15:52:47,6067,2.8242502
2026/08/01@15:52:48,6068,2.834
2026/08/01@15:52:49,6069,2.83925
2026/08/01@15:52:50,6070,2.8415
2026/08/01@15:52:51,6071,2.8381252
2026/08/01@15:52:52,6072,2.8395002
2026/08/01@15:52:53,6073,2.843125
2026/08/01@15:52:54,6074,2.850125
2026/08/01@15:52:55,6075,2.85325
2026/08/01@15:52:56,6076,2.8528752
2026/08/01@15:52:57,6077,2.8398752
2026/08/01@15:52:59,6079,2.8338752
2026/08/01@15:53:00,6080,2.8333752
2026/08/01@15:53:01,6081,2.828375
2026/08/01@15:53:02,6082,2.832375
2026/08/01@15:53:03,6083,2.8345
2026/08/01@15:53:04,6084,2.833125
2026/08/01@15:53:05,6085,2.822
2026/08/01@15:53:06,6086,2.8256252
2026/08/01@15:53:07,6087,2.8286252
2026/08/01@15:53:08,6088,2.827625
2026/08/01@15:53:09,6089,2.8285
2026/08/01@15:53:11,6091,2.832
2026/08/01@15:53:12,6092,2.835375
2026/08/01@15:53:13,6093,2.8382502
2026/08/01@15:53:14,6094,2.842375
2026/08/01@15:53:15,6095,2.840625
2026/08/01@15:53:16,6096,2.835
2026/08/01@15:53:17,6097,2.8222502
2026/08/01@15:53:18,6098,2.8116252
2026/08/01@15:53:19,6099,2.8247502
2026/08/01@15:53:20,6100,2.8328752
2026/08/01@15:53:21,6101,2.8368752
2026/08/01@15:53:23,6103,2.8346252
2026/08/01@15:53:24,6104,2.8325002
2026/08/01@15:53:25,6105,2.833125
2026/08/01@15:53:26,6106,2.837125
2026/08/01@15:53:27,6107,2.8415
2026/08/01@15:53:28,6108,2.8472502
2026/08/01@15:53:29,6109,2.846625
2026/08/01@15:53:30,6110,2.841875
2026/08/01@15:53:31,6111,2.835375
2026/08/01@15:53:32,6112,2.832375
2026/08/01@15:53:33,6113,2.8355002
2026/08/01@15:53:35,6115,2.8398752
2026/08/01@15:53:36,6116,2.8378752
2026/08/01@15:53:37,6117,2.8307502
2026/08/01@15:53:38,6118,2.8230002
2026/08/01@15:53:39,6119,2.8231252
2026/08/01@15:53:40,6120,2.8296252
2026/08/01@15:53:41,6121,2.832
2026/08/01@15:53:42,6122,2.831125
2026/08/01@15:53:43,6123,2.826625
2026/08/01@15:53:44,6124,2.827125
2026/08/01@15:53:45,6125,2.83025
2026/08/01@15:53:47,6127,2.8356252
2026/08/01@15:53:48,6128,2.835875
2026/08/01@15:53:49,6129,2.8368752
2026/08/01@15:53:50,6130,2.8351252
2026/08/01@15:53:51,6131,2.8207502
2026/08/01@15:53:52,6132,2.8213752
2026/08/01@15:53:53,6133,2.8233752
2026/08/01@15:53:54,6134,2.836625
2026/08/01@15:53:55,6135,2.8430002
2026/08/01@15:53:56,6136,2.841
2026/08/01@15:53:57,6137,2.8500002
2026/08/01@15:53:59,6139,2.8505
2026/08/01@15:54:00,6140,2.8498752
2026/08/01@15:54:01,6141,2.8485002
2026/08/01@15:54:02,6142,2.8420002
2026/08/01@15:54:03,6143,2.837125
2026/08/01@15:54:04,6144,2.8328752
2026/08/01@15:54:05,6145,2.833625
2026/08/01@15:54:06,6146,2.831
2026/08/01@15:54:07,6147,2.8260002
2026/08/01@15:54:08,6148,2.82025
2026/08/01@15:54:09,6149,2.821125
2026/08/01@15:54:11,6151,2.8261252
2026/08/01@15:54:12,6152,2.8343752
2026/08/01@15:54:13,6153,2.8387502
2026/08/01@15:54:14,6154,2.8368752
2026/08/01@15:54:15,6155,2.8363752
2026/08/01@15:54:16,6156,2.8372502
2026/08/01@15:54:17,6157,2.8281252
2026/08/01@15:54:18,6158,2.8430002
2026/08/01@15:54:19,6159,2.8517502
2026/08/01@15:54:20,6160,2.8516252
2026/08/01@15:54:21,6161,2.84975
2026/08/01@15:54:23,6162,2.8455002
2026/08/01@15:54:24,6164,2.8417502
2026/08/01@15:54:25,6165,2.8381252
2026/08/01@15:54:26,6166,2.83675
2026/08/01@15:54:27,6167,2.8296252
2026/08/01@15:54:28,6168,2.8281252
2026/08/01@15:54:29,6169,2.8286252
2026/08/01@15:54:30,6170,2.8308752
2026/08/01@15:54:31,6171,2.8352502
2026/08/01@15:54:32,6172,2.8352502
2026/08/01@15:54:33,6173,2.8260002
2026/08/01@15:54:35,6175,2.837625
2026/08/01@15:54:36,6176,2.8390002
2026/08/01@15:54:37,6177,2.8421252
2026/08/01@15:54:38,6178,2.83925
2026/08/01@15:54:39,6179,2.8373752
2026/08/01@15:54:40,6180,2.8375
2026/08/01@15:54:41,6181,2.83275
2026/08/01@15:54:42,6182,2.824625
2026/08/01@15:54:43,6183,2.82375
2026/08/01@15:54:44,6184,2.8278752
2026/08/01@15:54:45,6185,2.8308752
2026/08/01@15:54:46,6186,2.83275
2026/08/01@15:54:48,6188,2.833625
2026/08/01@15:54:49,6189,2.8352502
2026/08/01@15:54:50,6190,2.8365002
2026/08/01@15:54:51,6191,2.8381252
2026/08/01@15:54:52,6192,2.83975
2026/08/01@15:54:53,6193,2.8373752
2026/08/01@15:54:54,6194,2.830625
2026/08/01@15:54:55,6195,2.8312502
2026/08/01@15:54:56,6196,2.83325
2026/08/01@15:54:57,6197,2.828
2026/08/01@15:54:58,6198,2.8445
2026/08/01@15:55:00,6200,2.851375
2026/08/01@15:55:01,6201,2.8465002
2026/08/01@15:55:02,6202,2.843125
2026/08/01@15:55:03,6203,2.8407502
2026/08/01@15:55:04,6204,2.8373752
2026/08/01@15:55:05,6205,2.8321252
2026/08/01@15:55:06,6206,2.82575
2026/08/01@15:55:07,6207,2.8207502
2026/08/01@15:55:08,6208,2.8261252
2026/08/01@15:55:09,6209,2.832375
2026/08/01@15:55:10,6210,2.8333752
2026/08/01@15:55:12,6212,2.8326252
2026/08/01@15:55:13,6213,2.83325
2026/08/01@15:55:14,6214,2.8361252
2026/08/01@15:55:15,6215,2.83925
2026/08/01@15:55:16,6216,2.8316252
2026/08/01@15:55:17,6217,2.8291252
2026/08/01@15:55:18,6218,2.8212502
2026/08/01@15:55:19,6219,2.8305002
2026/08/01@15:55:20,6220,2.8437502
2026/08/01@15:55:21,6221,2.8530002
2026/08/01@15:55:22,6222,2.8507502
2026/08/01@15:55:24,6224,2.84575
2026/08/01@15:55:25,6225,2.841375
2026/08/01@15:55:26,6226,2.8403752
2026/08/01@15:55:27,6227,2.841375
2026/08/01@15:55:28,6228,2.840625
2026/08/01@15:55:29,6229,2.8387502
2026/08/01@15:55:30,6230,2.8345
2026/08/01@15:55:31,6231,2.831125
2026/08/01@15:55:32,6232,2.8300002
2026/08/01@15:55:33,6233,2.8313752
2026/08/01@15:55:34,6234,2.8330002
2026/08/01@15:55:36,6236,2.83225
2026/08/01@15:55:37,6237,2.8291252
2026/08/01@15:55:38,6238,2.8252502
2026/08/01@15:55:39,6239,2.8252502
2026/08/01@15:55:40,6240,2.825375
2026/08/01@15:55:41,6241,2.8265002
2026/08/01@15:55:42,6242,2.8256252
2026/08/01@15:55:43,6243,2.82575
2026/08/01@15:55:44,6244,2.8275
2026/08/01@15:55:45,6245,2.8287502
2026/08/01@15:55:46,6246,2.831125
2026/08/01@15:55:48,6248,2.8330002
2026/08/01@15:55:49,6249,2.8351252
2026/08/01@15:55:50,6250,2.836625
2026/08/01@15:55:51,6251,2.8307502
2026/08/01@15:55:52,6252,2.83025
2026/08/01@15:55:53,6253,2.831875
2026/08/01@15:55:54,6254,2.8328752
2026/08/01@15:55:55,6255,2.8305002
2026/08/01@15:55:56,6256,2.821125
2026/08/01@15:55:57,6257,2.819375
2026/08/01@15:55:58,6258,2.82625
2026/08/01@15:56:00,6260,2.82325
2026/08/01@15:56:01,6261,2.8173752
2026/08/01@15:56:02,6262,2.8175
2026/08/01@15:56:03,6263,2.822
2026/08/01@15:56:04,6264,2.82025
2026/08/01@15:56:05,6265,2.8375
2026/08/01@15:56:06,6266,2.8333752
2026/08/01@15:56:07,6267,2.8303752
2026/08/01@15:56:08,6268,2.83275
2026/08/01@15:56:09,6269,2.8298752
2026/08/01@15:56:10,6270,2.83325
2026/08/01@15:56:12,6272,2.831125
2026/08/01@15:56:13,6273,2.8312502
2026/08/01@15:56:14,6274,2.8300002
2026/08/01@15:56:15,6275,2.8285
2026/08/01@15:56:16,6276,2.8298752
2026/08/01@15:56:17,6277,2.8225002
2026/08/01@15:56:18,6278,2.823625
2026/08/01@15:56:19,6279,2.8191252
2026/08/01@15:56:20,6280,2.8170002
2026/08/01@15:56:21,6281,2.82675
2026/08/01@15:56:22,6282,2.8351252
2026/08/01@15:56:24,6284,2.8390002
2026/08/01@15:56:25,6285,2.8405
2026/08/01@15:56:26,6286,2.84275
2026/08/01@15:56:27,6287,2.843625
2026/08/01@15:56:28,6288,2.8468752
2026/08/01@15:56:29,6289,2.8491252
2026/08/01@15:56:30,6290,2.84875
2026/08/01@15:56:31,6291,2.847875
2026/08/01@15:56:32,6292,2.8472502
2026/08/01@15:56:33,6293,2.8437502
2026/08/01@15:56:34,6294,2.841875
2026/08/01@15:56:36,6296,2.8390002
2026/08/01@15:56:37,6297,2.838875
2026/08/01@15:56:38,6298,2.8395002
2026/08/01@15:56:39,6299,2.8403752
2026/08/01@15:56:40,6300,2.8402502
2026/08/01@15:56:41,6301,2.8398752
2026/08/01@15:56:42,6302,2.837625
2026/08/01@15:56:43,6303,2.8372502
2026/08/01@15:56:44,6304,2.841875
2026/08/01@15:56:45,6305,2.8451252
2026/08/01@15:56:46,6306,2.8437502
2026/08/01@15:56:48,6308,2.8386252
2026/08/01@15:56:49,6309,2.8363752
2026/08/01@15:56:50,6310,2.839375
2026/08/01@15:56:51,6311,2.845875
2026/08/01@15:56:52,6312,2.8493752
2026/08/01@15:56:53,6313,2.8485002
2026/08/01@15:56:54,6314,2.835875
2026/08/01@15:56:55,6315,2.8365002
2026/08/01@15:56:56,6316,2.8390002
2026/08/01@15:56:57,6317,2.8337502
2026/08/01@15:56:58,6318,2.820125
2026/08/01@15:56:59,6319,2.83275
2026/08/01@15:57:01,6321,2.835375
2026/08/01@15:57:02,6322,2.82025
2026/08/01@15:57:03,6323,2.8296252
2026/08/01@15:57:04,6324,2.8295002
2026/08/01@15:57:05,6325,2.8277502
2026/08/01@15:57:06,6326,2.8152502
2026/08/01@15:57:07,6327,2.833125
2026/08/01@15:57:08,6328,2.8345
2026/08/01@15:57:09,6329,2.83675
2026/08/01@15:57:10,6330,2.8278752
2026/08/01@15:57:11,6331,2.825375
2026/08/01@15:57:13,6333,2.8395002
2026/08/01@15:57:14,6334,2.836625
2026/08/01@15:57:15,6335,2.818
2026/08/01@15:57:16,6336,2.8235002
2026/08/01@15:57:17,6337,2.8240002
2026/08/01@15:57:18,6338,2.8196252
2026/08/01@15:57:19,6339,2.835375
2026/08/01@15:57:20,6340,2.8282502
2026/08/01@15:57:21,6341,2.825875
2026/08/01@15:57:22,6342,2.8251252
2026/08/01@15:57:23,6343,2.834
2026/08/01@15:57:25,6345,2.834125
2026/08/01@15:57:26,6346,2.825875
2026/08/01@15:57:27,6347,2.8352502
2026/08/01@15:57:28,6348,2.835375
2026/08/01@15:57:29,6349,2.835375
2026/08/01@15:57:30,6350,2.8328752
2026/08/01@15:57:31,6351,2.8298752
2026/08/01@15:57:32,6352,2.8281252
2026/08/01@15:57:33,6353,2.8295002
2026/08/01@15:57:34,6354,2.8308752
2026/08/01@15:57:35,6355,2.8312502
2026/08/01@15:57:37,6357,2.82975
2026/08/01@15:57:38,6358,2.8291252
2026/08/01@15:57:39,6359,2.8300002
2026/08/01@15:57:40,6360,2.83275
2026/08/01@15:57:41,6361,2.834875
2026/08/01@15:57:42,6362,2.8335002
2026/08/01@15:57:43,6363,2.832375
2026/08/01@15:57:44,6364,2.833625
2026/08/01@15:57:45,6365,2.828375
2026/08/01@15:57:46,6366,2.8308752
2026/08/01@15:57:47,6367,2.8317502
2026/08/01@15:57:49,6369,2.8338752
2026/08/01@15:57:50,6370,2.8187502
2026/08/01@15:57:51,6371,2.8333752
2026/08/01@15:57:52,6372,2.8435002
2026/08/01@15:57:53,6373,2.8511252
2026/08/01@15:57:54,6374,2.8482502
2026/08/01@15:57:55,6375,2.847625
2026/08/01@15:57:56,6376,2.8475
2026/08/01@15:57:57,6377,2.8472502
2026/08/01@15:57:58,6378,2.845875
2026/08/01@15:57:59,6379,2.8437502
2026/08/01@15:58:01,6381,2.840625
2026/08/01@15:58:02,6382,2.84225
2026/08/01@15:58:03,6383,2.8460002
2026/08/01@15:58:04,6384,2.84975
2026/08/01@15:58:05,6385,2.84925
2026/08/01@15:58:06,6386,2.8468752
2026/08/01@15:58:07,6387,2.8430002
2026/08/01@15:58:08,6388,2.8443752
2026/08/01@15:58:09,6389,2.847625
2026/08/01@15:58:10,6390,2.847875
2026/08/01@15:58:11,6391,2.843125
2026/08/01@15:58:13,6393,2.8338752
2026/08/01@15:58:14,6394,2.8291252
2026/08/01@15:58:15,6395,2.8330002
2026/08/01@15:58:16,6396,2.8408752
2026/08/01@15:58:17,6397,2.84325
2026/08/01@15:58:18,6398,2.8417502
2026/08/01@15:58:19,6399,2.8385
2026/08/01@15:58:20,6400,2.838
2026/08/01@15:58:21,6401,2.8412502
2026/08/01@15:58:22,6402,2.8463752
2026/08/01@15:58:23,6403,2.8481252
2026/08/01@15:58:25,6405,2.8475
2026/08/01@15:58:26,6406,2.8370002
2026/08/01@15:58:27,6407,2.8307502
2026/08/01@15:58:28,6408,2.8152502
2026/08/01@15:58:29,6409,2.8172502
2026/08/01@15:58:30,6410,2.8372502
2026/08/01@15:58:31,6411,2.8363752
2026/08/01@15:58:32,6412,2.8285
2026/08/01@15:58:33,6413,2.8208752
2026/08/01@15:58:34,6414,2.8291252
2026/08/01@15:58:35,6415,2.832375
2026/08/01@15:58:37,6417,2.8351252
2026/08/01@15:58:38,6418,2.833125
2026/08/01@15:58:39,6419,2.8285
2026/08/01@15:58:40,6420,2.82575
2026/08/01@15:58:41,6421,2.8205002
2026/08/01@15:58:42,6422,2.8238752
2026/08/01@15:58:43,6423,2.830125
2026/08/01@15:58:44,6424,2.8337502
2026/08/01@15:58:45,6425,2.835375
2026/08/01@15:58:46,6426,2.8333752
2026/08/01@15:58:47,6427,2.831
2026/08/01@15:58:49,6429,2.8295002
2026/08/01@15:58:50,6430,2.8307502
2026/08/01@15:58:51,6431,2.831875
2026/08/01@15:58:52,6432,2.830625
2026/08/01@15:58:53,6433,2.8247502
2026/08/01@15:58:54,6434,2.8175
2026/08/01@15:58:55,6435,2.8182502
2026/08/01@15:58:56,6436,2.8207502
2026/08/01@15:58:57,6437,2.824625
2026/08/01@15:58:58,6438,2.8230002
2026/08/01@15:58:59,6439,2.8173752
2026/08/01@15:59:01,6441,2.8145
2026/08/01@15:59:02,6442,2.8196252
2026/08/01@15:59:03,6443,2.8255002
2026/08/01@15:59:04,6444,2.8300002
2026/08/01@15:59:05,6445,2.830625
2026/08/01@15:59:06,6446,2.828875
2026/08/01@15:59:07,6447,2.8291252
2026/08/01@15:59:08,6448,2.8316252
2026/08/01@15:59:09,6449,2.83325
2026/08/01@15:59:10,6450,2.8333752
2026/08/01@15:59:11,6451,2.8333752
2026/08/01@15:59:13,6453,2.8261252
2026/08/01@15:59:14,6454,2.8281252
2026/08/01@15:59:15,6455,2.830125
2026/08/01@15:59:16,6456,2.8312502
2026/08/01@15:59:17,6457,2.8265002
2026/08/01@15:59:18,6458,2.833625
2026/08/01@15:59:19,6459,2.8205002
2026/08/01@15:59:20,6460,2.8277502
2026/08/01@15:59:21,6461,2.823625
2026/08/01@15:59:22,6462,2.8240002
2026/08/01@15:59:23,6463,2.8256252
2026/08/01@15:59:25,6465,2.8268752
2026/08/01@15:59:26,6466,2.815375
2026/08/01@15:59:27,6467,2.8242502
2026/08/01@15:59:28,6468,2.82375
2026/08/01@15:59:29,6469,2.8198752
2026/08/01@15:59:30,6470,2.819375
2026/08/01@15:59:31,6471,2.8307502
2026/08/01@15:59:32,6472,2.8221252
2026/08/01@15:59:33,6473,2.83225
2026/08/01@15:59:34,6474,2.830625
2026/08/01@15:59:35,6475,2.81625
2026/08/01@15:59:37,6477,2.8316252
2026/08/01@15:59:38,6478,2.8335002
2026/08/01@15:59:39,6479,2.838375
2026/08/01@15:59:40,6480,2.839375
2026/08/01@15:59:41,6481,2.8473752
2026/08/01@15:59:42,6482,2.8452502
2026/08/01@15:59:43,6483,2.8446252
2026/08/01@15:59:44,6484,2.8460002
2026/08/01@15:59:45,6485,2.848
2026/08/01@15:59:46,6486,2.847625
2026/08/01@15:59:47,6487,2.8446252
2026/08/01@15:59:49,6489,2.84225
2026/08/01@15:59:50,6490,2.8425002
2026/08/01@15:59:51,6491,2.844125
2026/08/01@15:59:52,6492,2.845875
2026/08/01@15:59:53,6493,2.8447502
2026/08/01@15:59:54,6494,2.8420002
2026/08/01@15:59:55,6495,2.8396252
2026/08/01@15:59:56,6496,2.839375
2026/08/01@15:59:57,6497,2.8400002
2026/08/01@15:59:58,6498,2.838875
2026/08/01@15:59:59,6499,2.8338752
2026/08/01@16:00:01,6501,2.827125
2026/08/01@16:00:02,6502,2.8238752
2026/08/01@16:00:03,6503,2.8272502
2026/08/01@16:00:04,6504,2.829375
2026/08/01@16:00:05,6505,2.8300002
2026/08/01@16:00:06,6506,2.82375
2026/08/01@16:00:07,6507,2.8168752
2026/08/01@16:00:08,6508,2.8125002
2026/08/01@16:00:09,6509,2.8178752
2026/08/01@16:00:10,6510,2.8225002
2026/08/01@16:00:11,6511,2.82325
2026/08/01@16:00:13,6513,2.8200002
2026/08/01@16:00:14,6514,2.817125
2026/08/01@16:00:15,6515,2.819375
2026/08/01@16:00:16,6516,2.8243752
2026/08/01@16:00:17,6517,2.8277502
2026/08/01@16:00:18,6518,2.828
2026/08/01@16:00:19,6519,2.8247502
2026/08/01@16:00:20,6520,2.8225002
2026/08/01@16:00:21,6521,2.8240002
2026/08/01@16:00:22,6522,2.8260002
2026/08/01@16:00:23,6523,2.8273752
2026/08/01@16:00:25,6525,2.8272502
2026/08/01@16:00:26,6526,2.8260002
2026/08/01@16:00:27,6527,2.8268752
2026/08/01@16:00:28,6528,2.828375
2026/08/01@16:00:29,6529,2.8317502
2026/08/01@16:00:30,6530,2.8286252
2026/08/01@16:00:31,6531,2.8287502
2026/08/01@16:00:32,6532,2.8321252
2026/08/01@16:00:33,6533,2.8313752
2026/08/01@16:00:34,6534,2.8256252
2026/08/01@16:00:35,6535,2.8252502
2026/08/01@16:00:37,6537,2.8328752
2026/08/01@16:00:38,6538,2.827625
2026/08/01@16:00:39,6539,2.8296252
2026/08/01@16:00:40,6540,2.829375
2026/08/01@16:00:41,6541,2.829375
2026/08/01@16:00:42,6542,2.8252502
2026/08/01@16:00:43,6543,2.8317502
2026/08/01@16:00:44,6544,2.82025
2026/08/01@16:00:45,6545,2.8256252
2026/08/01@16:00:46,6546,2.8177502
2026/08/01@16:00:47,6547,2.82325
2026/08/01@16:00:49,6549,2.8247502
2026/08/01@16:00:50,6550,2.8303752
2026/08/01@16:00:51,6551,2.828375
2026/08/01@16:00:52,6552,2.8308752
2026/08/01@16:00:53,6553,2.8238752
2026/08/01@16:00:54,6554,2.824875
2026/08/01@16:00:55,6555,2.8243752
2026/08/01@16:00:56,6556,2.8316252
2026/08/01@16:00:57,6557,2.82975
2026/08/01@16:00:58,6558,2.8303752
2026/08/01@16:00:59,6559,2.817625
2026/08/01@16:01:01,6561,2.8216252
2026/08/01@16:01:02,6562,2.8363752
2026/08/01@16:01:03,6563,2.838875
2026/08/01@16:01:04,6564,2.8347502
2026/08/01@16:01:05,6565,2.8426252
2026/08/01@16:01:06,6566,2.8468752
2026/08/01@16:01:07,6567,2.8491252
2026/08/01@16:01:08,6568,2.8461252
2026/08/01@16:01:09,6569,2.8352502
2026/08/01@16:01:10,6570,2.8242502
2026/08/01@16:01:11,6571,2.823625
2026/08/01@16:01:13,6572,2.83275
2026/08/01@16:01:14,6574,2.8375
2026/08/01@16:01:15,6575,2.8308752
2026/08/01@16:01:16,6576,2.8161252
2026/08/01@16:01:17,6577,2.8091252
2026/08/01@16:01:18,6578,2.824625
2026/08/01@16:01:19,6579,2.83575
2026/08/01@16:01:20,6580,2.8395002
2026/08/01@16:01:21,6581,2.8308752
2026/08/01@16:01:22,6582,2.8216252
2026/08/01@16:01:23,6583,2.8213752
2026/08/01@16:01:24,6584,2.834
2026/08/01@16:01:26,6586,2.8407502
2026/08/01@16:01:27,6587,2.842375
2026/08/01@16:01:28,6588,2.8343752
2026/08/01@16:01:29,6589,2.8240002
2026/08/01@16:01:30,6590,2.8173752
2026/08/01@16:01:31,6591,2.824875
2026/08/01@16:01:32,6592,2.83225
2026/08/01@16:01:33,6593,2.8305002
2026/08/01@16:01:34,6594,2.8185
2026/08/01@16:01:35,6595,2.8096252
2026/08/01@16:01:36,6596,2.8143752
2026/08/01@16:01:38,6598,2.8256252
2026/08/01@16:01:39,6599,2.8316252
2026/08/01@16:01:40,6600,2.8308752
2026/08/01@16:01:41,6601,2.8251252
2026/08/01@16:01:42,6602,2.8235002
2026/08/01@16:01:43,6603,2.8285
2026/08/01@16:01:44,6604,2.834
2026/08/01@16:01:45,6605,2.8355002
2026/08/01@16:01:46,6606,2.8315
2026/08/01@16:01:47,6607,2.832
2026/08/01@16:01:48,6608,2.8245
2026/08/01@16:01:50,6610,2.828
2026/08/01@16:01:51,6611,2.8265002
2026/08/01@16:01:52,6612,2.82275
2026/08/01@16:01:53,6613,2.8273752
2026/08/01@16:01:54,6614,2.833625
2026/08/01@16:01:55,6615,2.833125
2026/08/01@16:01:56,6616,2.838875
2026/08/01@16:01:57,6617,2.838875
2026/08/01@16:01:58,6618,2.8473752
2026/08/01@16:01:59,6619,2.8430002
2026/08/01@16:02:00,6620,2.843625
2026/08/01@16:02:02,6622,2.845
2026/08/01@16:02:03,6623,2.845375
2026/08/01@16:02:04,6624,2.8387502
2026/08/01@16:02:05,6625,2.8321252
2026/08/01@16:02:06,6626,2.8265002
2026/08/01@16:02:07,6627,2.8317502
2026/08/01@16:02:08,6628,2.8338752
2026/08/01@16:02:09,6629,2.8316252
2026/08/01@16:02:10,6630,2.8240002
2026/08/01@16:02:11,6631,2.8252502
2026/08/01@16:02:12,6632,2.830125
2026/08/01@16:02:14,6634,2.837125
2026/08/01@16:02:15,6635,2.837125
2026/08/01@16:02:16,6636,2.831
2026/08/01@16:02:17,6637,2.8247502
2026/08/01@16:02:18,6638,2.825875
2026/08/01@16:02:19,6639,2.8325002
2026/08/01@16:02:20,6640,2.8365002
2026/08/01@16:02:21,6641,2.833125
2026/08/01@16:02:22,6642,2.820625
2026/08/01@16:02:23,6643,2.8140002
2026/08/01@16:02:24,6644,2.8160002
2026/08/01@16:02:26,6646,2.823625
2026/08/01@16:02:27,6647,2.8252502
2026/08/01@16:02:28,6648,2.822875
2026/08/01@16:02:29,6649,2.8222502
2026/08/01@16:02:30,6650,2.8272502
2026/08/01@16:02:31,6651,2.8296252
2026/08/01@16:02:32,6652,2.8317502
2026/08/01@16:02:33,6653,2.8305002
2026/08/01@16:02:34,6654,2.8277502
2026/08/01@16:02:35,6655,2.827625
2026/08/01@16:02:36,6656,2.8291252
2026/08/01@16:02:38,6658,2.8298752
2026/08/01@16:02:39,6659,2.82975
2026/08/01@16:02:40,6660,2.825875
2026/08/01@16:02:41,6661,2.822
2026/08/01@16:02:42,6662,2.8247502
2026/08/01@16:02:43,6663,2.8285
2026/08/01@16:02:44,6664,2.8326252
2026/08/01@16:02:45,6665,2.833125
2026/08/01@16:02:46,6666,2.8316252
2026/08/01@16:02:47,6667,2.8328752
2026/08/01@16:02:48,6668,2.8400002
2026/08/01@16:02:50,6670,2.845
2026/08/01@16:02:51,6671,2.8468752
2026/08/01@16:02:52,6672,2.8438752
2026/08/01@16:02:53,6673,2.8398752
2026/08/01@16:02:54,6674,2.8398752
2026/08/01@16:02:55,6675,2.8451252
2026/08/01@16:02:56,6676,2.847125
2026/08/01@16:02:57,6677,2.844
2026/08/01@16:02:58,6678,2.8361252
2026/08/01@16:02:59,6679,2.8296252
2026/08/01@16:03:00,6680,2.83275
2026/08/01@16:03:02,6682,2.8390002
2026/08/01@16:03:03,6683,2.841375
2026/08/01@16:03:04,6684,2.8390002
2026/08/01@16:03:05,6685,2.840125
2026/08/01@16:03:06,6686,2.8415
2026/08/01@16:03:07,6687,2.845875
2026/08/01@16:03:08,6688,2.8465002
2026/08/01@16:03:09,6689,2.845
2026/08/01@16:03:10,6690,2.8351252
2026/08/01@16:03:11,6691,2.8382502
2026/08/01@16:03:12,6692,2.84675
2026/08/01@16:03:14,6694,2.8498752
2026/08/01@16:03:15,6695,2.8470002
2026/08/01@16:03:16,6696,2.84225
2026/08/01@16:03:17,6697,2.828
2026/08/01@16:03:18,6698,2.8315
2026/08/01@16:03:19,6699,2.8356252
2026/08/01@16:03:20,6700,2.8438752
2026/08/01@16:03:21,6701,2.8330002
2026/08/01@16:03:22,6702,2.8303752
2026/08/01@16:03:23,6703,2.8278752
2026/08/01@16:03:24,6704,2.8300002
2026/08/01@16:03:26,6706,2.832375
2026/08/01@16:03:27,6707,2.836625
2026/08/01@16:03:28,6708,2.834875
2026/08/01@16:03:29,6709,2.83025
2026/08/01@16:03:30,6710,2.82975
2026/08/01@16:03:31,6711,2.845
2026/08/01@16:03:32,6712,2.848375
2026/08/01@16:03:33,6713,2.8451252
2026/08/01@16:03:34,6714,2.8368752
2026/08/01@16:03:35,6715,2.8315
2026/08/01@16:03:36,6716,2.8356252
2026/08/01@16:03:37,6717,2.841375
2026/08/01@16:03:39,6719,2.8437502
2026/08/01@16:03:40,6720,2.8385
2026/08/01@16:03:41,6721,2.831875
2026/08/01@16:03:42,6722,2.8313752
2026/08/01@16:03:43,6723,2.8400002
2026/08/01@16:03:44,6724,2.8447502
2026/08/01@16:03:45,6725,2.8455002
2026/08/01@16:03:46,6726,2.840125
2026/08/01@16:03:47,6727,2.8352502
2026/08/01@16:03:48,6728,2.82625
2026/08/01@16:03:49,6729,2.8347502
2026/08/01@16:03:51,6731,2.8443752
2026/08/01@16:03:52,6732,2.8425002
2026/08/01@16:03:53,6733,2.8365002
2026/08/01@16:03:54,6734,2.835
2026/08/01@16:03:55,6735,2.838
2026/08/01@16:03:56,6736,2.841375
2026/08/01@16:03:57,6737,2.8438752
2026/08/01@16:03:58,6738,2.8426252
2026/08/01@16:03:59,6739,2.840125
2026/08/01@16:04:00,6740,2.8278752
2026/08/01@16:04:01,6741,2.8287502
2026/08/01@16:04:03,6743,2.82575
2026/08/01@16:04:04,6744,2.827125
2026/08/01@16:04:05,6745,2.827125
2026/08/01@16:04:06,6746,2.821
2026/08/01@16:04:07,6747,2.8230002
2026/08/01@16:04:08,6748,2.8238752
2026/08/01@16:04:09,6749,2.8086252
2026/08/01@16:04:10,6750,2.8177502
2026/08/01@16:04:11,6751,2.8130002
2026/08/01@16:04:12,6752,2.8196252
2026/08/01@16:04:13,6753,2.8255002
2026/08/01@16:04:15,6755,2.8216252
2026/08/01@16:04:16,6756,2.8273752
2026/08/01@16:04:17,6757,2.827125
2026/08/01@16:04:18,6758,2.8247502
2026/08/01@16:04:19,6759,2.81975
2026/08/01@16:04:20,6760,2.817125
2026/08/01@16:04:21,6761,2.8190002
2026/08/01@16:04:22,6762,2.8216252
2026/08/01@16:04:23,6763,2.82275
2026/08/01@16:04:24,6764,2.8207502
2026/08/01@16:04:25,6765,2.8181252
2026/08/01@16:04:27,6767,2.817125
2026/08/01@16:04:28,6768,2.818875
2026/08/01@16:04:29,6769,2.8217502
2026/08/01@16:04:30,6770,2.8221252
2026/08/01@16:04:31,6771,2.8203752
2026/08/01@16:04:32,6772,2.8177502
2026/08/01@16:04:33,6773,2.817125
2026/08/01@16:04:34,6774,2.8187502
2026/08/01@16:04:35,6775,2.8225002
2026/08/01@16:04:36,6776,2.823625
2026/08/01@16:04:37,6777,2.823625
2026/08/01@16:04:39,6779,2.8222502
2026/08/01@16:04:40,6780,2.8225002
2026/08/01@16:04:41,6781,2.822
2026/08/01@16:04:42,6782,2.824875
2026/08/01@16:04:43,6783,2.82325
2026/08/01@16:04:44,6784,2.818375
2026/08/01@16:04:45,6785,2.8251252
2026/08/01@16:04:46,6786,2.8098752
2026/08/01@16:04:47,6787,2.8138752
2026/08/01@16:04:48,6788,2.8152502
2026/08/01@16:04:49,6789,2.8100002
2026/08/01@16:04:51,6791,2.809
2026/08/01@16:04:52,6792,2.812
2026/08/01@16:04:53,6793,2.808125
2026/08/01@16:04:54,6794,2.8095002
2026/08/01@16:04:55,6795,2.8060002
2026/08/01@16:04:56,6796,2.81025
2026/08/01@16:04:57,6797,2.8087502
2026/08/01@16:04:58,6798,2.80675
2026/08/01@16:04:59,6799,2.8148752
2026/08/01@16:05:00,6800,2.8216252
2026/08/01@16:05:01,6801,2.8181252
2026/08/01@16:05:03,6803,2.822
2026/08/01@16:05:04,6804,2.828375
2026/08/01@16:05:05,6805,2.8295002
2026/08/01@16:05:06,6806,2.8278752
2026/08/01@16:05:07,6807,2.8272502
2026/08/01@16:05:08,6808,2.840125
2026/08/01@16:05:09,6809,2.83925
2026/08/01@16:05:10,6810,2.835875
2026/08/01@16:05:11,6811,2.8312502
2026/08/01@16:05:12,6812,2.8290002
2026/08/01@16:05:13,6813,2.8300002
2026/08/01@16:05:15,6815,2.8321252
2026/08/01@16:05:16,6816,2.8312502
2026/08/01@16:05:17,6817,2.8268752
2026/08/01@16:05:18,6818,2.820625
2026/08/01@16:05:19,6819,2.81675
2026/08/01@16:05:20,6820,2.8200002
2026/08/01@16:05:21,6821,2.8245
2026/08/01@16:05:22,6822,2.8238752
2026/08/01@16:05:23,6823,2.8172502
2026/08/01@16:05:24,6824,2.8078752
2026/08/01@16:05:25,6825,2.80675
2026/08/01@16:05:27,6827,2.8191252
2026/08/01@16:05:28,6828,2.8277502
2026/08/01@16:05:29,6829,2.8278752
2026/08/01@16:05:30,6830,2.8196252
2026/08/01@16:05:31,6831,2.8066252
2026/08/01@16:05:32,6832,2.8030002
2026/08/01@16:05:33,6833,2.8157502
2026/08/01@16:05:34,6834,2.8225002
2026/08/01@16:05:35,6835,2.8243752
2026/08/01@16:05:36,6836,2.8181252
2026/08/01@16:05:37,6837,2.8108752
2026/08/01@16:05:39,6839,2.8082502
2026/08/01@16:05:40,6840,2.817125
2026/08/01@16:05:41,6841,2.8231252
2026/08/01@16:05:42,6842,2.824625
2026/08/01@16:05:43,6843,2.818875
2026/08/01@16:05:44,6844,2.8140002
2026/08/01@16:05:45,6845,2.814125
2026/08/01@16:05:46,6846,2.8217502
2026/08/01@16:05:47,6847,2.8243752
2026/08/01@16:05:48,6848,2.8240002
2026/08/01@16:05:49,6849,2.8177502
2026/08/01@16:05:51,6851,2.8133752
2026/08/01@16:05:52,6852,2.81325
2026/08/01@16:05:53,6853,2.8195002
2026/08/01@16:05:54,6854,2.8215
2026/08/01@16:05:55,6855,2.819375
2026/08/01@16:05:56,6856,2.8148752
2026/08/01@16:05:57,6857,2.8147502
2026/08/01@16:05:58,6858,2.8190002
2026/08/01@16:05:59,6859,2.8240002
2026/08/01@16:06:00,6860,2.825875
2026/08/01@16:06:01,6861,2.82325
2026/08/01@16:06:03,6863,2.819375
2026/08/01@16:06:04,6864,2.817125
2026/08/01@16:06:05,6865,2.81925
2026/08/01@16:06:06,6866,2.820125
2026/08/01@16:06:07,6867,2.820125
2026/08/01@16:06:08,6868,2.8160002
2026/08/01@16:06:09,6869,2.8157502
2026/08/01@16:06:10,6870,2.81625
2026/08/01@16:06:11,6871,2.8191252
2026/08/01@16:06:12,6872,2.8195002
2026/08/01@16:06:13,6873,2.821
2026/08/01@16:06:15,6875,2.8208752
2026/08/01@16:06:16,6876,2.8222502
2026/08/01@16:06:17,6877,2.821125
2026/08/01@16:06:18,6878,2.8215
2026/08/01@16:06:19,6879,2.8217502
2026/08/01@16:06:20,6880,2.8238752
2026/08/01@16:06:21,6881,2.824625
2026/08/01@16:06:22,6882,2.8242502
2026/08/01@16:06:23,6883,2.8186252
2026/08/01@16:06:24,6884,2.81325
2026/08/01@16:06:25,6885,2.810125
2026/08/01@16:06:27,6887,2.8140002
2026/08/01@16:06:28,6888,2.8190002
2026/08/01@16:06:29,6889,2.8190002
2026/08/01@16:06:30,6890,2.8122502
2026/08/01@16:06:31,6891,2.8086252
2026/08/01@16:06:32,6892,2.8145
2026/08/01@16:06:33,6893,2.822875
2026/08/01@16:06:34,6894,2.8260002
2026/08/01@16:06:35,6895,2.8238752
2026/08/01@16:06:36,6896,2.8208752
2026/08/01@16:06:37,6897,2.8200002
2026/08/01@16:06:39,6899,2.8261252
2026/08/01@16:06:40,6900,2.8285
2026/08/01@16:06:41,6901,2.8287502
2026/08/01@16:06:42,6902,2.8247502
2026/08/01@16:06:43,6903,2.828375
2026/08/01@16:06:44,6904,2.8205002
2026/08/01@16:06:45,6905,2.8245
2026/08/01@16:06:46,6906,2.8212502
2026/08/01@16:06:47,6907,2.8190002
2026/08/01@16:06:48,6908,2.83025
2026/08/01@16:06:49,6909,2.829375
2026/08/01@16:06:51,6910,2.82275
2026/08/01@16:06:52,6912,2.814125
2026/08/01@16:06:53,6913,2.8221252
2026/08/01@16:06:54,6914,2.8277502
2026/08/01@16:06:55,6915,2.81625
2026/08/01@16:06:56,6916,2.8191252
2026/08/01@16:06:57,6917,2.8182502
2026/08/01@16:06:58,6918,2.814125
2026/08/01@16:06:59,6919,2.8182502
2026/08/01@16:07:00,6920,2.830625
2026/08/01@16:07:01,6921,2.8352502
2026/08/01@16:07:02,6922,2.8408752
2026/08/01@16:07:04,6924,2.8445
2026/08/01@16:07:05,6925,2.8417502
2026/08/01@16:07:06,6926,2.8375
2026/08/01@16:07:07,6927,2.8333752
2026/08/01@16:07:08,6928,2.831875
2026/08/01@16:07:09,6929,2.83225
2026/08/01@16:07:10,6930,2.8325002
2026/08/01@16:07:11,6931,2.829375
2026/08/01@16:07:12,6932,2.82575
2026/08/01@16:07:13,6933,2.8235002
2026/08/01@16:07:14,6934,2.82625
2026/08/01@16:07:16,6936,2.8290002
2026/08/01@16:07:17,6937,2.8265002
2026/08/01@16:07:18,6938,2.818875
2026/08/01@16:07:19,6939,2.812375
2026/08/01@16:07:20,6940,2.8138752
2026/08/01@16:07:21,6941,2.8215
2026/08/01@16:07:22,6942,2.825375
2026/08/01@16:07:23,6943,2.8216252
2026/08/01@16:07:24,6944,2.8165002
2026/08/01@16:07:25,6945,2.8185
2026/08/01@16:07:26,6946,2.8255002
2026/08/01@16:07:28,6948,2.829375
2026/08/01@16:07:29,6949,2.828375
2026/08/01@16:07:30,6950,2.8247502
2026/08/01@16:07:31,6951,2.824125
2026/08/01@16:07:32,6952,2.8247502
2026/08/01@16:07:33,6953,2.82325
2026/08/01@16:07:34,6954,2.8191252
2026/08/01@16:07:35,6955,2.8147502
2026/08/01@16:07:36,6956,2.812875
2026/08/01@16:07:37,6957,2.8161252
2026/08/01@16:07:38,6958,2.817125
2026/08/01@16:07:40,6960,2.8173752
2026/08/01@16:07:41,6961,2.821125
2026/08/01@16:07:42,6962,2.8251252
2026/08/01@16:07:43,6963,2.8273752
2026/08/01@16:07:44,6964,2.827125
2026/08/01@16:07:45,6965,2.8268752
2026/08/01@16:07:46,6966,2.8286252
2026/08/01@16:07:47,6967,2.8312502
2026/08/01@16:07:48,6968,2.83025
2026/08/01@16:07:49,6969,2.8252502
2026/08/01@16:07:50,6970,2.8186252
2026/08/01@16:07:52,6972,2.8191252
2026/08/01@16:07:53,6973,2.824125
2026/08/01@16:07:54,6974,2.828
2026/08/01@16:07:55,6975,2.82675
2026/08/01@16:07:56,6976,2.8215
2026/08/01@16:07:57,6977,2.81975
2026/08/01@16:07:58,6978,2.8272502
2026/08/01@16:07:59,6979,2.834125
2026/08/01@16:08:00,6980,2.8361252
2026/08/01@16:08:01,6981,2.833625
2026/08/01@16:08:02,6982,2.8286252
2026/08/01@16:08:04,6984,2.82925
2026/08/01@16:08:05,6985,2.834875
2026/08/01@16:08:06,6986,2.8375
2026/08/01@16:08:07,6987,2.8343752
2026/08/01@16:08:08,6988,2.827625
2026/08/01@16:08:09,6989,2.8252502
2026/08/01@16:08:10,6990,2.8255002
2026/08/01@16:08:11,6991,2.8308752
2026/08/01@16:08:12,6992,2.8261252
2026/08/01@16:08:13,6993,2.8216252
2026/08/01@16:08:14,6994,2.8342502
2026/08/01@16:08:16,6996,2.83325
2026/08/01@16:08:17,6997,2.8181252
2026/08/01@16:08:18,6998,2.8312502
2026/08/01@16:08:19,6999,2.8260002
2026/08/01@16:08:20,7000,2.8238752
2026/08/01@16:08:21,7001,2.8268752
2026/08/01@16:08:22,7002,2.8242502
2026/08/01@16:08:23,7003,2.8303752
2026/08/01@16:08:24,7004,2.8238752
2026/08/01@16:08:25,7005,2.8285
2026/08/01@16:08:26,7006,2.8305002
2026/08/01@16:08:28,7008,2.8277502
2026/08/01@16:08:29,7009,2.8222502
2026/08/01@16:08:30,7010,2.82625
2026/08/01@16:08:31,7011,2.8307502
2026/08/01@16:08:32,7012,2.8317502
2026/08/01@16:08:33,7013,2.8300002
2026/08/01@16:08:34,7014,2.8238752
2026/08/01@16:08:35,7015,2.8203752
2026/08/01@16:08:36,7016,2.822375
2026/08/01@16:08:37,7017,2.8173752
2026/08/01@16:08:38,7018,2.8308752
2026/08/01@16:08:40,7020,2.8346252
2026/08/01@16:08:41,7021,2.8405
2026/08/01@16:08:42,7022,2.8396252
2026/08/01@16:08:43,7023,2.8385
2026/08/01@16:08:44,7024,2.834875
2026/08/01@16:08:45,7025,2.8408752
2026/08/01@16:08:46,7026,2.8452502
2026/08/01@16:08:47,7027,2.8475
2026/08/01@16:08:48,7028,2.8455002
2026/08/01@16:08:49,7029,2.8421252
2026/08/01@16:08:50,7030,2.8396252
2026/08/01@16:08:52,7032,2.84325
2026/08/01@16:08:53,7033,2.84625
2026/08/01@16:08:54,7034,2.847125
2026/08/01@16:08:55,7035,2.845375
2026/08/01@16:08:56,7036,2.8421252
2026/08/01@16:08:57,7037,2.8405
2026/08/01@16:08:58,7038,2.8421252
2026/08/01@16:08:59,7039,2.84325
2026/08/01@16:09:00,7040,2.8437502
2026/08/01@16:09:01,7041,2.84275
2026/08/01@16:09:02,7042,2.8316252
2026/08/01@16:09:04,7044,2.8325002
2026/08/01@16:09:05,7045,2.8325002
2026/08/01@16:09:06,7046,2.8342502
2026/08/01@16:09:07,7047,2.8277502
2026/08/01@16:09:08,7048,2.8263752
2026/08/01@16:09:09,7049,2.8270002
2026/08/01@16:09:10,7050,2.8273752
2026/08/01@16:09:11,7051,2.811875
2026/08/01@16:09:12,7052,2.8242502
2026/08/01@16:09:13,7053,2.8313752
2026/08/01@16:09:14,7054,2.828375
2026/08/01@16:09:16,7056,2.822875
2026/08/01@16:09:17,7057,2.8240002
2026/08/01@16:09:18,7058,2.825375
2026/08/01@16:09:19,7059,2.8285
2026/08/01@16:09:20,7060,2.8255002
2026/08/01@16:09:21,7061,2.8172502
2026/08/01@16:09:22,7062,2.8082502
2026/08/01@16:09:23,7063,2.8095002
2026/08/01@16:09:24,7064,2.8156252
2026/08/01@16:09:25,7065,2.8205002
2026/08/01@16:09:26,7066,2.816625
2026/08/01@16:09:28,7068,2.810625
2026/08/01@16:09:29,7069,2.8065002
2026/08/01@16:09:30,7070,2.8086252
2026/08/01@16:09:31,7071,2.817625
2026/08/01@16:09:32,7072,2.8268752
2026/08/01@16:09:33,7073,2.8286252
2026/08/01@16:09:34,7074,2.8268752
2026/08/01@16:09:35,7075,2.8222502
2026/08/01@16:09:36,7076,2.8233752
2026/08/01@16:09:37,7077,2.8296252
2026/08/01@16:09:38,7078,2.8346252
2026/08/01@16:09:40,7080,2.8351252
2026/08/01@16:09:41,7081,2.832
2026/08/01@16:09:42,7082,2.8281252
2026/08/01@16:09:43,7083,2.8315
2026/08/01@16:09:44,7084,2.837625
2026/08/01@16:09:45,7085,2.841
2026/08/01@16:09:46,7086,2.83975
2026/08/01@16:09:47,7087,2.8270002
2026/08/01@16:09:48,7088,2.8300002
2026/08/01@16:09:49,7089,2.82975
2026/08/01@16:09:50,7090,2.8156252
2026/08/01@16:09:52,7092,2.81375
2026/08/01@16:09:53,7093,2.8277502
2026/08/01@16:09:54,7094,2.829375
2026/08/01@16:09:55,7095,2.8135002
2026/08/01@16:09:56,7096,2.82325
2026/08/01@16:09:57,7097,2.826625
2026/08/01@16:09:58,7098,2.8255002
2026/08/01@16:09:59,7099,2.8321252
2026/08/01@16:10:00,7100,2.8337502
2026/08/01@16:10:01,7101,2.8098752
2026/08/01@16:10:02,7102,2.819375
2026/08/01@16:10:04,7104,2.8243752
2026/08/01@16:10:05,7105,2.8303752
2026/08/01@16:10:06,7106,2.82375
2026/08/01@16:10:07,7107,2.8295002
2026/08/01@16:10:08,7108,2.824625
2026/08/01@16:10:09,7109,2.824625
2026/08/01@16:10:10,7110,2.8165002
2026/08/01@16:10:11,7111,2.8295002
2026/08/01@16:10:12,7112,2.8217502
2026/08/01@16:10:13,7113,2.8313752
2026/08/01@16:10:14,7114,2.835
2026/08/01@16:10:16,7116,2.83025
2026/08/01@16:10:17,7117,2.8203752
2026/08/01@16:10:18,7118,2.812
2026/08/01@16:10:19,7119,2.8170002
2026/08/01@16:10:20,7120,2.8261252
2026/08/01@16:10:21,7121,2.8261252
2026/08/01@16:10:22,7122,2.8142502
2026/08/01@16:10:23,7123,2.80275
2026/08/01@16:10:24,7124,2.8096252
2026/08/01@16:10:25,7125,2.821875
2026/08/01@16:10:26,7126,2.8270002
2026/08/01@16:10:28,7128,2.8225002
2026/08/01@16:10:29,7129,2.8133752
2026/08/01@16:10:30,7130,2.8078752
2026/08/01@16:10:31,7131,2.8148752
2026/08/01@16:10:32,7132,2.8265002
2026/08/01@16:10:33,7133,2.8291252
2026/08/01@16:10:34,7134,2.824125
2026/08/01@16:10:35,7135,2.81675
2026/08/01@16:10:36,7136,2.8160002
2026/08/01@16:10:37,7137,2.8217502
2026/08/01@16:10:38,7138,2.829375
2026/08/01@16:10:40,7140,2.831
2026/08/01@16:10:41,7141,2.8290002
2026/08/01@16:10:42,7142,2.8261252
2026/08/01@16:10:43,7143,2.8256252
2026/08/01@16:10:44,7144,2.8300002
2026/08/01@16:10:45,7145,2.833125
2026/08/01@16:10:46,7146,2.8335002
2026/08/01@16:10:47,7147,2.8313752
2026/08/01@16:10:48,7148,2.828
2026/08/01@16:10:49,7149,2.8255002
2026/08/01@16:10:50,7150,2.8278752
2026/08/01@16:10:52,7152,2.8312502
2026/08/01@16:10:53,7153,2.833625
2026/08/01@16:10:54,7154,2.8343752
2026/08/01@16:10:55,7155,2.833125
2026/08/01@16:10:56,7156,2.83225
2026/08/01@16:10:57,7157,2.8356252
2026/08/01@16:10:58,7158,2.838875
2026/08/01@16:10:59,7159,2.8430002
2026/08/01@16:11:00,7160,2.843625
2026/08/01@16:11:01,7161,2.8421252
2026/08/01@16:11:02,7162,2.8403752
2026/08/01@16:11:04,7164,2.8411252
2026/08/01@16:11:05,7165,2.84275
2026/08/01@16:11:06,7166,2.8447502
2026/08/01@16:11:07,7167,2.8425002
2026/08/01@16:11:08,7168,2.838375
2026/08/01@16:11:09,7169,2.83275
2026/08/01@16:11:10,7170,2.8316252
2026/08/01@16:11:11,7171,2.833625
2026/08/01@16:11:12,7172,2.8352502
2026/08/01@16:11:13,7173,2.8307502
2026/08/01@16:11:14,7174,2.8243752
2026/08/01@16:11:16,7176,2.821
2026/08/01@16:11:17,7177,2.8263752
2026/08/01@16:11:18,7178,2.8307502
2026/08/01@16:11:19,7179,2.8316252
2026/08/01@16:11:20,7180,2.8255002
2026/08/01@16:11:21,7181,2.8187502
2026/08/01@16:11:22,7182,2.8182502
2026/08/01@16:11:23,7183,2.8235002
2026/08/01@16:11:24,7184,2.8252502
2026/08/01@16:11:25,7185,2.8222502
2026/08/01@16:11:26,7186,2.8145
2026/08/01@16:11:28,7188,2.813625
2026/08/01@16:11:29,7189,2.8191252
2026/08/01@16:11:30,7190,2.824875
2026/08/01@16:11:31,7191,2.8247502
2026/08/01@16:11:32,7192,2.8190002
2026/08/01@16:11:33,7193,2.8133752
2026/08/01@16:11:34,7194,2.8173752
2026/08/01@16:11:35,7195,2.8212502
2026/08/01@16:11:36,7196,2.824125
2026/08/01@16:11:37,7197,2.8222502
2026/08/01@16:11:38,7198,2.81625
2026/08/01@16:11:40,7200,2.813625
2026/08/01@16:11:41,7201,2.8185
2026/08/01@16:11:42,7202,2.82375
2026/08/01@16:11:43,7203,2.8260002
2026/08/01@16:11:44,7204,2.8233752
2026/08/01@16:11:45,7205,2.8208752
2026/08/01@16:11:46,7206,2.822875
2026/08/01@16:11:47,7207,2.8295002
2026/08/01@16:11:48,7208,2.834125
2026/08/01@16:11:49,7209,2.8346252
2026/08/01@16:11:50,7210,2.8172502
2026/08/01@16:11:52,7211,2.8300002
2026/08/01@16:11:53,7213,2.828875
2026/08/01@16:11:54,7214,2.829375
2026/08/01@16:11:55,7215,2.8375
2026/08/01@16:11:56,7216,2.8372502
2026/08/01@16:11:57,7217,2.8347502
2026/08/01@16:11:58,7218,2.827625
2026/08/01@16:11:59,7219,2.8268752
2026/08/01@16:12:00,7220,2.8398752
2026/08/01@16:12:01,7221,2.84575
2026/08/01@16:12:02,7222,2.846625
2026/08/01@16:12:03,7223,2.8421252
2026/08/01@16:12:05,7225,2.8347502
2026/08/01@16:12:06,7226,2.8312502
2026/08/01@16:12:07,7227,2.833125
2026/08/01@16:12:08,7228,2.8381252
2026/08/01@16:12:09,7229,2.8386252
2026/08/01@16:12:10,7230,2.833125
2026/08/01@16:12:11,7231,2.8216252
2026/08/01@16:12:12,7232,2.8138752
2026/08/01@16:12:13,7233,2.816625
2026/08/01@16:12:14,7234,2.8242502
2026/08/01@16:12:15,7235,2.8238752
2026/08/01@16:12:17,7237,2.8175
2026/08/01@16:12:18,7238,2.8078752
2026/08/01@16:12:19,7239,2.805375
2026/08/01@16:12:20,7240,2.8131252
2026/08/01@16:12:21,7241,2.8231252
2026/08/01@16:12:22,7242,2.8260002
2026/08/01@16:12:23,7243,2.82375
2026/08/01@16:12:24,7244,2.8191252
2026/08/01@16:12:25,7245,2.818
2026/08/01@16:12:26,7246,2.82375
2026/08/01@16:12:27,7247,2.8290002
2026/08/01@16:12:29,7249,2.831875
2026/08/01@16:12:30,7250,2.82975
2026/08/01@16:12:31,7251,2.824875
2026/08/01@16:12:32,7252,2.8225002
2026/08/01@16:12:33,7253,2.8263752
2026/08/01@16:12:34,7254,2.8303752
2026/08/01@16:12:35,7255,2.8316252
2026/08/01@16:12:36,7256,2.8290002
2026/08/01@16:12:37,7257,2.8225002
2026/08/01@16:12:38,7258,2.8230002
2026/08/01@16:12:39,7259,2.823625
2026/08/01@16:12:41,7261,2.828875
2026/08/01@16:12:42,7262,2.828
2026/08/01@16:12:43,7263,2.8260002
2026/08/01@16:12:44,7264,2.821125
2026/08/01@16:12:45,7265,2.8235002
2026/08/01@16:12:46,7266,2.8242502
2026/08/01@16:12:47,7267,2.8286252
2026/08/01@16:12:48,7268,2.828
2026/08/01@16:12:49,7269,2.8191252
2026/08/01@16:12:50,7270,2.825
2026/08/01@16:12:51,7271,2.82625
2026/08/01@16:12:53,7273,2.8273752
2026/08/01@16:12:54,7274,2.8275
2026/08/01@16:12:55,7275,2.82925
2026/08/01@16:12:56,7276,2.8255002
2026/08/01@16:12:57,7277,2.8221252
2026/08/01@16:12:58,7278,2.821875
2026/08/01@16:12:59,7279,2.8240002
2026/08/01@16:13:00,7280,2.8238752
2026/08/01@16:13:01,7281,2.8198752
2026/08/01@16:13:02,7282,2.8160002
2026/08/01@16:13:03,7283,2.8140002
2026/08/01@16:13:05,7285,2.8152502
2026/08/01@16:13:06,7286,2.8182502
2026/08/01@16:13:07,7287,2.82025
2026/08/01@16:13:08,7288,2.818875
2026/08/01@16:13:09,7289,2.81925
2026/08/01@16:13:10,7290,2.8187502
2026/08/01@16:13:11,7291,2.8222502
2026/08/01@16:13:12,7292,2.8268752
2026/08/01@16:13:13,7293,2.8290002
2026/08/01@16:13:14,7294,2.8282502
2026/08/01@16:13:15,7295,2.8272502
2026/08/01@16:13:17,7297,2.8291252
2026/08/01@16:13:18,7298,2.8316252
2026/08/01@16:13:19,7299,2.8343752
2026/08/01@16:13:20,7300,2.8351252
2026/08/01@16:13:21,7301,2.8363752
2026/08/01@16:13:22,7302,2.8396252
2026/08/01@16:13:23,7303,2.843625
2026/08/01@16:13:24,7304,2.8452502
2026/08/01@16:13:25,7305,2.8443752
2026/08/01@16:13:26,7306,2.8317502
2026/08/01@16:13:28,7308,2.833625
2026/08/01@16:13:29,7309,2.835
2026/08/01@16:13:30,7310,2.837125
2026/08/01@16:13:31,7311,2.831125
2026/08/01@16:13:32,7312,2.8277502
2026/08/01@16:13:33,7313,2.82575
2026/08/01@16:13:34,7314,2.8290002
2026/08/01@16:13:35,7315,2.811875
2026/08/01@16:13:36,7316,2.8148752
2026/08/01@16:13:37,7317,2.828
2026/08/01@16:13:38,7318,2.8316252
2026/08/01@16:13:39,7319,2.811
2026/08/01@16:13:41,7321,2.8261252
2026/08/01@16:13:42,7322,2.8312502
2026/08/01@16:13:43,7323,2.828
2026/08/01@16:13:44,7324,2.8212502
2026/08/01@16:13:45,7325,2.8181252
2026/08/01@16:13:46,7326,2.8222502
2026/08/01@16:13:47,7327,2.8263752
2026/08/01@16:13:48,7328,2.824125
2026/08/01@16:13:49,7329,2.8151252
2026/08/01@16:13:50,7330,2.8047502
2026/08/01@16:13:51,7331,2.8056252
2026/08/01@16:13:53,7333,2.8152502
2026/08/01@16:13:54,7334,2.819375
2026/08/01@16:13:55,7335,2.8147502
2026/08/01@16:13:56,7336,2.8040002
2026/08/01@16:13:57,7337,2.8001252
2026/08/01@16:13:58,7338,2.8107502
2026/08/01@16:13:59,7339,2.8216252
2026/08/01@16:14:00,7340,2.8230002
2026/08/01@16:14:01,7341,2.815375
2026/08/01@16:14:02,7342,2.8068752
2026/08/01@16:14:04,7343,2.8085
2026/08/01@16:14:05,7345,2.82025
2026/08/01@16:14:06,7346,2.827125
2026/08/01@16:14:07,7347,2.8230002
2026/08/01@16:14:08,7348,2.8116252
2026/08/01@16:14:09,7349,2.798875
2026/08/01@16:14:10,7350,2.8051252
2026/08/01@16:14:11,7351,2.8186252
2026/08/01@16:14:12,7352,2.8238752
2026/08/01@16:14:13,7353,2.8200002
2026/08/01@16:14:14,7354,2.8085
2026/08/01@16:14:15,7355,2.8015
2026/08/01@16:14:16,7356,2.817125
2026/08/01@16:14:18,7358,2.8300002
2026/08/01@16:14:19,7359,2.8316252
2026/08/01@16:14:20,7360,2.8231252
2026/08/01@16:14:21,7361,2.8126252
2026/08/01@16:14:22,7362,2.8155
2026/08/01@16:14:23,7363,2.8307502
2026/08/01@16:14:24,7364,2.83275
2026/08/01@16:14:25,7365,2.8268752
2026/08/01@16:14:26,7366,2.8103752
2026/08/01@16:14:27,7367,2.806375
2026/08/01@16:14:28,7368,2.8177502
2026/08/01@16:14:30,7370,2.8287502
2026/08/01@16:14:31,7371,2.828875
2026/08/01@16:14:32,7372,2.822375
2026/08/01@16:14:33,7373,2.8082502
2026/08/01@16:14:34,7374,2.8121252
2026/08/01@16:14:35,7375,2.82575
2026/08/01@16:14:36,7376,2.8338752
2026/08/01@16:14:37,7377,2.8316252
2026/08/01@16:14:38,7378,2.8196252
2026/08/01@16:14:39,7379,2.807125
2026/08/01@16:14:40,7380,2.818875
2026/08/01@16:14:42,7382,2.832
2026/08/01@16:14:43,7383,2.835
2026/08/01@16:14:44,7384,2.8255002
2026/08/01@16:14:45,7385,2.8061252
2026/08/01@16:14:46,7386,2.8001252
2026/08/01@16:14:47,7387,2.8160002
2026/08/01@16:14:48,7388,2.825375
2026/08/01@16:14:49,7389,2.8265002
2026/08/01@16:14:50,7390,2.8161252
2026/08/01@16:14:51,7391,2.8122502
2026/08/01@16:14:52,7392,2.821125
2026/08/01@16:14:54,7394,2.8307502
2026/08/01@16:14:55,7395,2.8342502
2026/08/01@16:14:56,7396,2.8335002
2026/08/01@16:14:57,7397,2.8298752
2026/08/01@16:14:58,7398,2.8315
2026/08/01@16:14:59,7399,2.8343752
2026/08/01@16:15:00,7400,2.82625
2026/08/01@16:15:01,7401,2.8245
2026/08/01@16:15:02,7402,2.828875
2026/08/01@16:15:03,7403,2.8325002
2026/08/01@16:15:04,7404,2.825875
2026/08/01@16:15:06,7406,2.8325002
2026/08/01@16:15:07,7407,2.8370002
2026/08/01@16:15:08,7408,2.8361252
2026/08/01@16:15:09,7409,2.8356252
2026/08/01@16:15:10,7410,2.8343752
2026/08/01@16:15:11,7411,2.845875
2026/08/01@16:15:12,7412,2.845875
2026/08/01@16:15:13,7413,2.8452502
2026/08/01@16:15:14,7414,2.8435002
2026/08/01@16:15:15,7415,2.84325
2026/08/01@16:15:17,7416,2.844125
2026/08/01@16:15:18,7418,2.8430002
2026/08/01@16:15:19,7419,2.8378752
2026/08/01@16:15:20,7420,2.8316252
2026/08/01@16:15:21,7421,2.8268752
2026/08/01@16:15:22,7422,2.8300002
2026/08/01@16:15:23,7423,2.8317502
2026/08/01@16:15:24,7424,2.832375
2026/08/01@16:15:25,7425,2.828875
2026/08/01@16:15:26,7426,2.8247502
2026/08/01@16:15:27,7427,2.8226252
2026/08/01@16:15:29,7429,2.82625
2026/08/01@16:15:30,7430,2.8286252
2026/08/01@16:15:31,7431,2.831
2026/08/01@16:15:32,7432,2.8285
2026/08/01@16:15:33,7433,2.8265002
2026/08/01@16:15:34,7434,2.8255002
2026/08/01@16:15:35,7435,2.8275
2026/08/01@16:15:36,7436,2.828875
2026/08/01@16:15:37,7437,2.8295002
2026/08/01@16:15:38,7438,2.8270002
2026/08/01@16:15:39,7439,2.823625
2026/08/01@16:15:41,7440,2.8215
2026/08/01@16:15:42,7442,2.822375
2026/08/01@16:15:43,7443,2.8247502
2026/08/01@16:15:44,7444,2.8261252
2026/08/01@16:15:45,7445,2.8252502
2026/08/01@16:15:46,7446,2.8240002
2026/08/01@16:15:47,7447,2.821875
2026/08/01@16:15:48,7448,2.8205002
2026/08/01@16:15:49,7449,2.8205002
2026/08/01@16:15:50,7450,2.8217502
2026/08/01@16:15:51,7451,2.8221252
2026/08/01@16:15:53,7453,2.8212502
2026/08/01@16:15:54,7454,2.820625
2026/08/01@16:15:55,7455,2.822375
2026/08/01@16:15:56,7456,2.8278752
2026/08/01@16:15:57,7457,2.8296252
2026/08/01@16:15:58,7458,2.8285
2026/08/01@16:15:59,7459,2.825375
2026/08/01@16:16:00,7460,2.825
2026/08/01@16:16:01,7461,2.825875
2026/08/01@16:16:02,7462,2.8295002
2026/08/01@16:16:03,7463,2.8300002
2026/08/01@16:16:04,7464,2.8291252
2026/08/01@16:16:06,7466,2.8260002
2026/08/01@16:16:07,7467,2.82275
2026/08/01@16:16:08,7468,2.8203752
2026/08/01@16:16:09,7469,2.8221252
2026/08/01@16:16:10,7470,2.8235002
2026/08/01@16:16:11,7471,2.8252502
2026/08/01@16:16:12,7472,2.8233752
2026/08/01@16:16:13,7473,2.8225002
2026/08/01@16:16:14,7474,2.822375
2026/08/01@16:16:15,7475,2.8256252
2026/08/01@16:16:16,7476,2.8300002
2026/08/01@16:16:18,7478,2.83225
2026/08/01@16:16:19,7479,2.83025
2026/08/01@16:16:20,7480,2.828
2026/08/01@16:16:21,7481,2.8265002
2026/08/01@16:16:22,7482,2.829375
2026/08/01@16:16:23,7483,2.8316252
2026/08/01@16:16:24,7484,2.83025
2026/08/01@16:16:25,7485,2.8263752
2026/08/01@16:16:26,7486,2.8217502
2026/08/01@16:16:27,7487,2.8196252
2026/08/01@16:16:28,7488,2.822875
2026/08/01@16:16:30,7490,2.8255002
2026/08/01@16:16:31,7491,2.825375
2026/08/01@16:16:32,7492,2.8231252
2026/08/01@16:16:33,7493,2.821
2026/08/01@16:16:34,7494,2.8208752
2026/08/01@16:16:35,7495,2.8235002
2026/08/01@16:16:36,7496,2.823625
2026/08/01@16:16:37,7497,2.8240002
2026/08/01@16:16:38,7498,2.822
2026/08/01@16:16:39,7499,2.8215
2026/08/01@16:16:40,7500,2.82325
2026/08/01@16:16:42,7502,2.8251252
2026/08/01@16:16:43,7503,2.8256252
2026/08/01@16:16:44,7504,2.8261252
2026/08/01@16:16:45,7505,2.823625
2026/08/01@16:16:46,7506,2.8230002
2026/08/01@16:16:47,7507,2.823625
2026/08/01@16:16:48,7508,2.8242502
2026/08/01@16:16:49,7509,2.8243752
2026/08/01@16:16:50,7510,2.823625
2026/08/01@16:16:51,7511,2.821125
2026/08/01@16:16:52,7512,2.821875
2026/08/01@16:16:54,7514,2.8213752
2026/08/01@16:16:55,7515,2.8208752
2026/08/01@16:16:56,7516,2.8195002
2026/08/01@16:16:57,7517,2.8190002
2026/08/01@16:16:58,7518,2.8196252
2026/08/01@16:16:59,7519,2.8225002
2026/08/01@16:17:00,7520,2.81975
2026/08/01@16:17:01,7521,2.81925
2026/08/01@16:17:02,7522,2.817625
2026/08/01@16:17:03,7523,2.8168752
2026/08/01@16:17:04,7524,2.8181252
2026/08/01@16:17:06,7526,2.8205002
2026/08/01@16:17:07,7527,2.8221252
2026/08/01@16:17:08,7528,2.82375
2026/08/01@16:17:09,7529,2.822
2026/08/01@16:17:10,7530,2.8207502
2026/08/01@16:17:11,7531,2.81925
2026/08/01@16:17:12,7532,2.81925
2026/08/01@16:17:13,7533,2.820125
2026/08/01@16:17:14,7534,2.8208752
2026/08/01@16:17:15,7535,2.81975
2026/08/01@16:17:16,7536,2.821875
2026/08/01@16:17:18,7538,2.8225002
2026/08/01@16:17:19,7539,2.8235002
2026/08/01@16:17:20,7540,2.8245
2026/08/01@16:17:21,7541,2.824125
2026/08/01@16:17:22,7542,2.82325
2026/08/01@16:17:23,7543,2.822
2026/08/01@16:17:24,7544,2.8185
2026/08/01@16:17:25,7545,2.8178752
2026/08/01@16:17:26,7546,2.817625
2026/08/01@16:17:27,7547,2.8181252
2026/08/01@16:17:28,7548,2.8185
2026/08/01@16:17:30,7550,2.819375
2026/08/01@16:17:31,7551,2.822375
2026/08/01@16:17:32,7552,2.825
2026/08/01@16:17:33,7553,2.8247502
2026/08/01@16:17:34,7554,2.8242502
2026/08/01@16:17:35,7555,2.82375
2026/08/01@16:17:36,7556,2.8245
2026/08/01@16:17:37,7557,2.828375
2026/08/01@16:17:38,7558,2.8286252
2026/08/01@16:17:39,7559,2.82575
2026/08/01@16:17:40,7560,2.822875
2026/08/01@16:17:42,7562,2.8196252
2026/08/01@16:17:43,7563,2.82375
2026/08/01@16:17:44,7564,2.82975
2026/08/01@16:17:45,7565,2.829375
2026/08/01@16:17:46,7566,2.822375
2026/08/01@16:17:47,7567,2.8191252
2026/08/01@16:17:48,7568,2.8277502
2026/08/01@16:17:49,7569,2.8365002
2026/08/01@16:17:50,7570,2.838375
2026/08/01@16:17:51,7571,2.83325
2026/08/01@16:17:52,7572,2.8307502
2026/08/01@16:17:54,7574,2.8321252
2026/08/01@16:17:55,7575,2.8375
2026/08/01@16:17:56,7576,2.83575
2026/08/01@16:17:57,7577,2.8300002
2026/08/01@16:17:58,7578,2.8230002
2026/08/01@16:17:59,7579,2.8230002
2026/08/01@16:18:00,7580,2.82675
2026/08/01@16:18:01,7581,2.83225
2026/08/01@16:18:02,7582,2.8290002
2026/08/01@16:18:03,7583,2.82325
2026/08/01@16:18:04,7584,2.815875
2026/08/01@16:18:06,7585,2.8213752
2026/08/01@16:18:07,7587,2.8303752
2026/08/01@16:18:08,7588,2.836625
2026/08/01@16:18:09,7589,2.8328752
2026/08/01@16:18:10,7590,2.827625
2026/08/01@16:18:11,7591,2.8225002
2026/08/01@16:18:12,7592,2.829375
2026/08/01@16:18:13,7593,2.83675
2026/08/01@16:18:14,7594,2.838375
2026/08/01@16:18:15,7595,2.82975
2026/08/01@16:18:16,7596,2.81925
2026/08/01@16:18:17,7597,2.8138752
2026/08/01@16:18:19,7599,2.8270002
2026/08/01@16:18:20,7600,2.834125
2026/08/01@16:18:21,7601,2.8326252
2026/08/01@16:18:22,7602,2.82025
2026/08/01@16:18:23,7603,2.81275
2026/08/01@16:18:24,7604,2.817625
2026/08/01@16:18:25,7605,2.8285
2026/08/01@16:18:26,7606,2.8305002
2026/08/01@16:18:27,7607,2.82625
2026/08/01@16:18:28,7608,2.8185
2026/08/01@16:18:29,7609,2.8191252
2026/08/01@16:18:31,7611,2.8256252
2026/08/01@16:18:32,7612,2.8303752
2026/08/01@16:18:33,7613,2.827125
2026/08/01@16:18:34,7614,2.8221252
2026/08/01@16:18:35,7615,2.8168752
2026/08/01@16:18:36,7616,2.8207502
2026/08/01@16:18:37,7617,2.8265002
2026/08/01@16:18:38,7618,2.8296252
2026/08/01@16:18:39,7619,2.828375
2026/08/01@16:18:40,7620,2.8261252
2026/08/01@16:18:41,7621,2.82375
2026/08/01@16:18:43,7623,2.8275
2026/08/01@16:18:44,7624,2.8290002
2026/08/01@16:18:45,7625,2.8305002
2026/08/01@16:18:46,7626,2.8285
2026/08/01@16:18:47,7627,2.82625
2026/08/01@16:18:48,7628,2.8242502
2026/08/01@16:18:49,7629,2.8265002
2026/08/01@16:18:50,7630,2.8295002
2026/08/01@16:18:51,7631,2.831875
2026/08/01@16:18:52,7632,2.8300002
2026/08/01@16:18:53,7633,2.8278752
2026/08/01@16:18:55,7635,2.8272502
2026/08/01@16:18:56,7636,2.83025
2026/08/01@16:18:57,7637,2.832375
2026/08/01@16:18:58,7638,2.834
2026/08/01@16:18:59,7639,2.8333752
2026/08/01@16:19:00,7640,2.8346252
2026/08/01@16:19:01,7641,2.8352502
2026/08/01@16:19:02,7642,2.8361252
2026/08/01@16:19:03,7643,2.8377502
2026/08/01@16:19:04,7644,2.83925
2026/08/01@16:19:05,7645,2.8387502
2026/08/01@16:19:07,7647,2.8372502
2026/08/01@16:19:08,7648,2.8360002
2026/08/01@16:19:09,7649,2.8337502
2026/08/01@16:19:10,7650,2.834125
2026/08/01@16:19:11,7651,2.8396252
2026/08/01@16:19:12,7652,2.8395002
2026/08/01@16:19:13,7653,2.8381252
2026/08/01@16:19:14,7654,2.830125
2026/08/01@16:19:15,7655,2.834875
2026/08/01@16:19:16,7656,2.8222502
2026/08/01@16:19:17,7657,2.8216252
2026/08/01@16:19:19,7659,2.825375
2026/08/01@16:19:20,7660,2.8386252
2026/08/01@16:19:21,7661,2.8363752
2026/08/01@16:19:22,7662,2.83675
2026/08/01@16:19:23,7663,2.8365002
2026/08/01@16:19:24,7664,2.839375
2026/08/01@16:19:25,7665,2.841
2026/08/01@16:19:26,7666,2.841875
2026/08/01@16:19:27,7667,2.8412502
2026/08/01@16:19:28,7668,2.8417502
2026/08/01@16:19:29,7669,2.843625
2026/08/01@16:19:31,7671,2.8468752
2026/08/01@16:19:32,7672,2.84275
2026/08/01@16:19:33,7673,2.8378752
2026/08/01@16:19:34,7674,2.835875
2026/08/01@16:19:35,7675,2.8363752
2026/08/01@16:19:36,7676,2.8382502
2026/08/01@16:19:37,7677,2.8328752
2026/08/01@16:19:38,7678,2.8391252
2026/08/01@16:19:39,7679,2.8400002
2026/08/01@16:19:40,7680,2.8390002
2026/08/01@16:19:41,7681,2.8230002
2026/08/01@16:19:43,7683,2.825375
2026/08/01@16:19:44,7684,2.82675
2026/08/01@16:19:45,7685,2.834875
2026/08/01@16:19:46,7686,2.8365002
2026/08/01@16:19:47,7687,2.8395002
2026/08/01@16:19:48,7688,2.8451252
2026/08/01@16:19:49,7689,2.8451252
2026/08/01@16:19:50,7690,2.8402502
2026/08/01@16:19:51,7691,2.8352502
2026/08/01@16:19:52,7692,2.8355002
2026/08/01@16:19:53,7693,2.8398752
2026/08/01@16:19:55,7695,2.8425002
2026/08/01@16:19:56,7696,2.8390002
2026/08/01@16:19:57,7697,2.83625
2026/08/01@16:19:58,7698,2.8368752
2026/08/01@16:19:59,7699,2.83325
2026/08/01@16:20:00,7700,2.823625
2026/08/01@16:20:01,7701,2.8282502
2026/08/01@16:20:02,7702,2.8143752
2026/08/01@16:20:03,7703,2.8325002
2026/08/01@16:20:04,7704,2.832
2026/08/01@16:20:05,7705,2.817125
2026/08/01@16:20:07,7707,2.8240002
2026/08/01@16:20:08,7708,2.8213752
2026/08/01@16:20:09,7709,2.8345
2026/08/01@16:20:10,7710,2.8347502
2026/08/01@16:20:11,7711,2.8346252
2026/08/01@16:20:12,7712,2.8377502
2026/08/01@16:20:13,7713,2.8412502
2026/08/01@16:20:14,7714,2.8377502
2026/08/01@16:20:15,7715,2.8308752
2026/08/01@16:20:16,7716,2.82975
2026/08/01@16:20:17,7717,2.836625
2026/08/01@16:20:19,7719,2.8428752
2026/08/01@16:20:20,7720,2.842375
2026/08/01@16:20:21,7721,2.8377502
2026/08/01@16:20:22,7722,2.83275
2026/08/01@16:20:23,7723,2.8343752
2026/08/01@16:20:24,7724,2.8411252
2026/08/01@16:20:25,7725,2.841875
2026/08/01@16:20:26,7726,2.838875
2026/08/01@16:20:27,7727,2.83275
2026/08/01@16:20:28,7728,2.8303752
2026/08/01@16:20:29,7729,2.8337502
2026/08/01@16:20:31,7731,2.8382502
2026/08/01@16:20:32,7732,2.8385
2026/08/01@16:20:33,7733,2.8337502
2026/08/01@16:20:34,7734,2.8277502
2026/08/01@16:20:35,7735,2.830625
2026/08/01@16:20:36,7736,2.8420002
2026/08/01@16:20:37,7737,2.848875
2026/08/01@16:20:38,7738,2.8470002
2026/08/01@16:20:39,7739,2.842375
2026/08/01@16:20:40,7740,2.8400002
2026/08/01@16:20:41,7741,2.8417502
2026/08/01@16:20:43,7743,2.841875
2026/08/01@16:20:44,7744,2.8411252
2026/08/01@16:20:45,7745,2.837125
2026/08/01@16:20:46,7746,2.8347502
2026/08/01@16:20:47,7747,2.836625
2026/08/01@16:20:48,7748,2.8395002
2026/08/01@16:20:49,7749,2.8405
2026/08/01@16:20:50,7750,2.8390002
2026/08/01@16:20:51,7751,2.8345
2026/08/01@16:20:52,7752,2.8347502
2026/08/01@16:20:53,7753,2.839375
2026/08/01@16:20:55,7755,2.8433752
2026/08/01@16:20:56,7756,2.8437502
2026/08/01@16:20:57,7757,2.8405
2026/08/01@16:20:58,7758,2.8360002
2026/08/01@16:20:59,7759,2.8363752
2026/08/01@16:21:00,7760,2.8396252
2026/08/01@16:21:01,7761,2.843125
2026/08/01@16:21:02,7762,2.8430002
2026/08/01@16:21:03,7763,2.8387502
2026/08/01@16:21:04,7764,2.833125
2026/08/01@16:21:05,7765,2.831125
2026/08/01@16:21:07,7767,2.8347502
2026/08/01@16:21:08,7768,2.838875
2026/08/01@16:21:09,7769,2.8385
2026/08/01@16:21:10,7770,2.834
2026/08/01@16:21:11,7771,2.8296252
2026/08/01@16:21:12,7772,2.82975
2026/08/01@16:21:13,7773,2.8355002
2026/08/01@16:21:14,7774,2.8398752
2026/08/01@16:21:15,7775,2.8405
2026/08/01@16:21:16,7776,2.828
2026/08/01@16:21:17,7777,2.82625
2026/08/01@16:21:19,7779,2.82675
2026/08/01@16:21:20,7780,2.8187502
2026/08/01@16:21:21,7781,2.81975
2026/08/01@16:21:22,7782,2.817625
2026/08/01@16:21:23,7783,2.81925
2026/08/01@16:21:24,7784,2.821125
2026/08/01@16:21:25,7785,2.8177502
2026/08/01@16:21:26,7786,2.8230002
2026/08/01@16:21:27,7787,2.8245
2026/08/01@16:21:28,7788,2.824125
2026/08/01@16:21:29,7789,2.81925
2026/08/01@16:21:31,7791,2.8125002
2026/08/01@16:21:32,7792,2.809375
2026/08/01@16:21:33,7793,2.8138752
2026/08/01@16:21:34,7794,2.8185
2026/08/01@16:21:35,7795,2.8191252
2026/08/01@16:21:36,7796,2.81375
2026/08/01@16:21:37,7797,2.8065002
2026/08/01@16:21:38,7798,2.8022502
2026/08/01@16:21:39,7799,2.8061252
2026/08/01@16:21:40,7800,2.810625
2026/08/01@16:21:41,7801,2.811875
2026/08/01@16:21:43,7803,2.807125
2026/08/01@16:21:44,7804,2.80325
2026/08/01@16:21:45,7805,2.8025002
2026/08/01@16:21:46,7806,2.81025
2026/08/01@16:21:47,7807,2.8147502
2026/08/01@16:21:48,7808,2.8161252
2026/08/01@16:21:49,7809,2.8142502
2026/08/01@16:21:50,7810,2.8125002
2026/08/01@16:21:51,7811,2.8148752
2026/08/01@16:21:52,7812,2.8221252
2026/08/01@16:21:53,7813,2.824625
2026/08/01@16:21:55,7815,2.8208752
2026/08/01@16:21:56,7816,2.8105002
2026/08/01@16:21:57,7817,2.8038752
2026/08/01@16:21:58,7818,2.808875
2026/08/01@16:21:59,7819,2.8177502
2026/08/01@16:22:00,7820,2.8172502
2026/08/01@16:22:01,7821,2.808875
2026/08/01@16:22:02,7822,2.7982502
2026/08/01@16:22:03,7823,2.806375
2026/08/01@16:22:04,7824,2.818875
2026/08/01@16:22:05,7825,2.8242502
2026/08/01@16:22:07,7827,2.8191252
2026/08/01@16:22:08,7828,2.8096252
2026/08/01@16:22:09,7829,2.804125
2026/08/01@16:22:10,7830,2.8135002
2026/08/01@16:22:11,7831,2.82375
2026/08/01@16:22:12,7832,2.8261252
2026/08/01@16:22:13,7833,2.81925
2026/08/01@16:22:14,7834,2.809
2026/08/01@16:22:15,7835,2.801
2026/08/01@16:22:16,7836,2.8107502
2026/08/01@16:22:17,7837,2.821
2026/08/01@16:22:19,7839,2.821125
2026/08/01@16:22:20,7840,2.8122502
2026/08/01@16:22:21,7841,2.798
2026/08/01@16:22:22,7842,2.7903752
2026/08/01@16:22:23,7843,2.8008752
2026/08/01@16:22:24,7844,2.81375
2026/08/01@16:22:25,7845,2.8178752
2026/08/01@16:22:26,7846,2.812375
2026/08/01@16:22:27,7847,2.8031252
2026/08/01@16:22:28,7848,2.8025002
2026/08/01@16:22:29,7849,2.812375
2026/08/01@16:22:31,7851,2.8207502
2026/08/01@16:22:32,7852,2.821
2026/08/01@16:22:33,7853,2.8142502
2026/08/01@16:22:34,7854,2.8066252
2026/08/01@16:22:35,7855,2.8100002
2026/08/01@16:22:36,7856,2.8208752
2026/08/01@16:22:37,7857,2.828
2026/08/01@16:22:38,7858,2.82675
2026/08/01@16:22:39,7859,2.8181252
2026/08/01@16:22:40,7860,2.8095002
2026/08/01@16:22:41,7861,2.811125
2026/08/01@16:22:43,7863,2.8208752
2026/08/01@16:22:44,7864,2.828
2026/08/01@16:22:45,7865,2.8273752
2026/08/01@16:22:46,7866,2.81675
2026/08/01@16:22:47,7867,2.8140002
2026/08/01@16:22:48,7868,2.812875
2026/08/01@16:22:49,7869,2.8272502
2026/08/01@16:22:50,7870,2.8213752
2026/08/01@16:22:51,7871,2.8195002
2026/08/01@16:22:52,7872,2.808875
2026/08/01@16:22:53,7873,2.8296252
2026/08/01@16:22:55,7875,2.8305002
2026/08/01@16:22:56,7876,2.814125
2026/08/01@16:22:57,7877,2.815
2026/08/01@16:22:58,7878,2.8207502
2026/08/01@16:22:59,7879,2.8252502
2026/08/01@16:23:00,7880,2.833125
2026/08/01@16:23:01,7881,2.8317502
2026/08/01@16:23:02,7882,2.8321252
2026/08/01@16:23:03,7883,2.8363752
2026/08/01@16:23:04,7884,2.834125
2026/08/01@16:23:05,7885,2.8290002
2026/08/01@16:23:07,7887,2.8238752
2026/08/01@16:23:08,7888,2.82625
2026/08/01@16:23:09,7889,2.8317502
2026/08/01@16:23:10,7890,2.8443752
2026/08/01@16:23:11,7891,2.8420002
2026/08/01@16:23:12,7892,2.8272502
2026/08/01@16:23:13,7893,2.8255002
2026/08/01@16:23:14,7894,2.8281252
2026/08/01@16:23:15,7895,2.832375
2026/08/01@16:23:16,7896,2.8442502
2026/08/01@16:23:17,7897,2.840625
2026/08/01@16:23:19,7899,2.827625
2026/08/01@16:23:20,7900,2.8238752
2026/08/01@16:23:21,7901,2.827125
2026/08/01@16:23:22,7902,2.839375
2026/08/01@16:23:23,7903,2.8395002
2026/08/01@16:23:24,7904,2.8351252
2026/08/01@16:23:25,7905,2.8275
2026/08/01@16:23:26,7906,2.8243752
2026/08/01@16:23:27,7907,2.8275
2026/08/01@16:23:28,7908,2.8321252
2026/08/01@16:23:29,7909,2.8307502
2026/08/01@16:23:31,7911,2.8255002
2026/08/01@16:23:32,7912,2.817125
2026/08/01@16:23:33,7913,2.816375
2026/08/01@16:23:34,7914,2.82275
2026/08/01@16:23:35,7915,2.827625
2026/08/01@16:23:36,7916,2.8255002
2026/08/01@16:23:37,7917,2.8195002
2026/08/01@16:23:38,7918,2.8117502
2026/08/01@16:23:39,7919,2.8151252
2026/08/01@16:23:40,7920,2.822375
2026/08/01@16:23:41,7921,2.82625
2026/08/01@16:23:43,7922,2.824125
2026/08/01@16:23:44,7924,2.816625
2026/08/01@16:23:45,7925,2.8107502
2026/08/01@16:23:46,7926,2.815
2026/08/01@16:23:47,7927,2.8226252
2026/08/01@16:23:48,7928,2.8251252
2026/08/01@16:23:49,7929,2.8195002
2026/08/01@16:23:50,7930,2.8085
2026/08/01@16:23:51,7931,2.8070002
2026/08/01@16:23:52,7932,2.8185
2026/08/01@16:23:53,7933,2.8272502
2026/08/01@16:23:54,7934,2.8265002
2026/08/01@16:23:56,7936,2.8155
2026/08/01@16:23:57,7937,2.8035002
2026/08/01@16:23:58,7938,2.8066252
2026/08/01@16:23:59,7939,2.819375
2026/08/01@16:24:00,7940,2.8270002
2026/08/01@16:24:01,7941,2.8268752
2026/08/01@16:24:02,7942,2.8200002
2026/08/01@16:24:03,7943,2.817125
2026/08/01@16:24:04,7944,2.8252502
2026/08/01@16:24:05,7945,2.834125
2026/08/01@16:24:06,7946,2.8385
2026/08/01@16:24:08,7948,2.8375
2026/08/01@16:24:09,7949,2.8333752
2026/08/01@16:24:10,7950,2.832375
2026/08/01@16:24:11,7951,2.8370002
2026/08/01@16:24:12,7952,2.840625
2026/08/01@16:24:13,7953,2.8402502
2026/08/01@16:24:14,7954,2.8346252
2026/08/01@16:24:15,7955,2.822
2026/08/01@16:24:16,7956,2.8230002
2026/08/01@16:24:17,7957,2.8356252
2026/08/01@16:24:18,7958,2.83675
2026/08/01@16:24:20,7960,2.834875
2026/08/01@16:24:21,7961,2.8305002
2026/08/01@16:24:22,7962,2.8307502
2026/08/01@16:24:23,7963,2.8328752
2026/08/01@16:24:24,7964,2.8345
2026/08/01@16:24:25,7965,2.834875
2026/08/01@16:24:26,7966,2.8335002
2026/08/01@16:24:27,7967,2.8317502
2026/08/01@16:24:28,7968,2.8321252
2026/08/01@16:24:29,7969,2.834125
2026/08/01@16:24:30,7970,2.8343752
2026/08/01@16:24:32,7972,2.8328752
2026/08/01@16:24:33,7973,2.829375
2026/08/01@16:24:34,7974,2.827625
2026/08/01@16:24:35,7975,2.83025
2026/08/01@16:24:36,7976,2.8333752
2026/08/01@16:24:37,7977,2.8338752
2026/08/01@16:24:38,7978,2.832375
2026/08/01@16:24:39,7979,2.82925
2026/08/01@16:24:40,7980,2.829375
2026/08/01@16:24:41,7981,2.8315
2026/08/01@16:24:42,7982,2.8330002
2026/08/01@16:24:44,7984,2.831875
2026/08/01@16:24:45,7985,2.8291252
2026/08/01@16:24:46,7986,2.8260002
2026/08/01@16:24:47,7987,2.8252502
2026/08/01@16:24:48,7988,2.827125
2026/08/01@16:24:49,7989,2.828375
2026/08/01@16:24:50,7990,2.827625
2026/08/01@16:24:51,7991,2.8243752
2026/08/01@16:24:52,7992,2.821
2026/08/01@16:24:53,7993,2.82025
2026/08/01@16:24:54,7994,2.8222502
2026/08/01@16:24:56,7996,2.822875
2026/08/01@16:24:57,7997,2.8217502
2026/08/01@16:24:58,7998,2.8190002
2026/08/01@16:24:59,7999,2.8173752
2026/08/01@16:25:00,8000,2.8175
2026/08/01@16:25:01,8001,2.818875
2026/08/01@16:25:02,8002,2.8181252
2026/08/01@16:25:03,8003,2.8182502
2026/08/01@16:25:04,8004,2.816375
2026/08/01@16:25:05,8005,2.816625
2026/08/01@16:25:06,8006,2.8168752
2026/08/01@16:25:08,8008,2.8178752
2026/08/01@16:25:09,8009,2.818
2026/08/01@16:25:10,8010,2.819375
2026/08/01@16:25:11,8011,2.81975
2026/08/01@16:25:12,8012,2.8203752
2026/08/01@16:25:13,8013,2.8207502
2026/08/01@16:25:14,8014,2.8215
2026/08/01@16:25:15,8015,2.822375
2026/08/01@16:25:16,8016,2.8245
2026/08/01@16:25:17,8017,2.823625
2026/08/01@16:25:18,8018,2.8230002
2026/08/01@16:25:20,8020,2.821875
2026/08/01@16:25:21,8021,2.821875
2026/08/01@16:25:22,8022,2.8231252
2026/08/01@16:25:23,8023,2.8245
2026/08/01@16:25:24,8024,2.8226252
2026/08/01@16:25:25,8025,2.8225002
2026/08/01@16:25:26,8026,2.8217502
2026/08/01@16:25:27,8027,2.8252502
2026/08/01@16:25:28,8028,2.8278752
2026/08/01@16:25:29,8029,2.8285
2026/08/01@16:25:30,8030,2.8265002
2026/08/01@16:25:32,8032,2.825375
2026/08/01@16:25:33,8033,2.82575
2026/08/01@16:25:34,8034,2.828875
2026/08/01@16:25:35,8035,2.8298752
2026/08/01@16:25:36,8036,2.8285
2026/08/01@16:25:37,8037,2.8231252
2026/08/01@16:25:38,8038,2.821125
2026/08/01@16:25:39,8039,2.8168752
2026/08/01@16:25:40,8040,2.8200002
2026/08/01@16:25:41,8041,2.8198752
2026/08/01@16:25:42,8042,2.8152502
2026/08/01@16:25:44,8044,2.8203752
2026/08/01@16:25:45,8045,2.8140002
2026/08/01@16:25:46,8046,2.8138752
2026/08/01@16:25:47,8047,2.8057502
2026/08/01@16:25:48,8048,2.8057502
2026/08/01@16:25:49,8049,2.81025
2026/08/01@16:25:50,8050,2.815375
2026/08/01@16:25:51,8051,2.8051252
2026/08/01@16:25:52,8052,2.8087502
2026/08/01@16:25:53,8053,2.8177502
2026/08/01@16:25:54,8054,2.8156252
2026/08/01@16:25:56,8056,2.8115
2026/08/01@16:25:57,8057,2.8112502
2026/08/01@16:25:58,8058,2.8043752
2026/08/01@16:25:59,8059,2.8147502
2026/08/01@16:26:00,8060,2.813625
2026/08/01@16:26:01,8061,2.811
2026/08/01@16:26:02,8062,2.8035002
2026/08/01@16:26:03,8063,2.80275
2026/08/01@16:26:04,8064,2.80975
2026/08/01@16:26:05,8065,2.8147502
2026/08/01@16:26:06,8066,2.814625
2026/08/01@16:26:08,8068,2.809375
2026/08/01@16:26:09,8069,2.80625
2026/08/01@16:26:10,8070,2.8075002
2026/08/01@16:26:11,8071,2.812375
2026/08/01@16:26:12,8072,2.817125
2026/08/01@16:26:13,8073,2.8152502
2026/08/01@16:26:14,8074,2.808875
2026/08/01@16:26:15,8075,2.80325
2026/08/01@16:26:16,8076,2.8043752
2026/08/01@16:26:17,8077,2.810625
2026/08/01@16:26:18,8078,2.815
2026/08/01@16:26:20,8080,2.8112502
2026/08/01@16:26:21,8081,2.804125
2026/08/01@16:26:22,8082,2.7973752
2026/08/01@16:26:23,8083,2.8105002
2026/08/01@16:26:24,8084,2.815875
2026/08/01@16:26:25,8085,2.8178752
2026/08/01@16:26:26,8086,2.80925
2026/08/01@16:26:27,8087,2.802875
2026/08/01@16:26:28,8088,2.8135002
2026/08/01@16:26:29,8089,2.8100002
2026/08/01@16:26:30,8090,2.802875
2026/08/01@16:26:32,8092,2.807625
2026/08/01@16:26:33,8093,2.8143752
2026/08/01@16:26:34,8094,2.8156252
2026/08/01@16:26:35,8095,2.81625
2026/08/01@16:26:36,8096,2.8055
2026/08/01@16:26:37,8097,2.8078752
2026/08/01@16:26:38,8098,2.7965002
2026/08/01@16:26:39,8099,2.81325
2026/08/01@16:26:40,8100,2.8083752
2026/08/01@16:26:41,8101,2.8130002
2026/08/01@16:26:42,8102,2.796375
2026/08/01@16:26:44,8104,2.809
2026/08/01@16:26:45,8105,2.79625
2026/08/01@16:26:46,8106,2.8140002
2026/08/01@16:26:47,8107,2.8148752
2026/08/01@16:26:48,8108,2.8177502
2026/08/01@16:26:49,8109,2.8291252
2026/08/01@16:26:50,8110,2.830125
2026/08/01@16:26:51,8111,2.8242502
2026/08/01@16:26:52,8112,2.81625
2026/08/01@16:26:53,8113,2.81375
2026/08/01@16:26:54,8114,2.8196252
2026/08/01@16:26:56,8115,2.8231252
2026/08/01@16:26:57,8117,2.8217502
2026/08/01@16:26:58,8118,2.81325
2026/08/01@16:26:59,8119,2.8082502
2026/08/01@16:27:00,8120,2.8130002
2026/08/01@16:27:01,8121,2.8222502
2026/08/01@16:27:02,8122,2.8256252
2026/08/01@16:27:03,8123,2.82275
2026/08/01@16:27:04,8124,2.8155
2026/08/01@16:27:05,8125,2.811125
2026/08/01@16:27:06,8126,2.8147502
2026/08/01@16:27:07,8127,2.8213752
2026/08/01@16:27:09,8129,2.82375
2026/08/01@16:27:10,8130,2.8215
2026/08/01@16:27:11,8131,2.8143752
2026/08/01@16:27:12,8132,2.8103752
2026/08/01@16:27:13,8133,2.81325
2026/08/01@16:27:14,8134,2.8190002
2026/08/01@16:27:15,8135,2.82025
2026/08/01@16:27:16,8136,2.8168752
2026/08/01@16:27:17,8137,2.8095002
2026/08/01@16:27:18,8138,2.807125
2026/08/01@16:27:19,8139,2.81325
2026/08/01@16:27:21,8141,2.8191252
2026/08/01@16:27:22,8142,2.820125
2026/08/01@16:27:23,8143,2.8168752
2026/08/01@16:27:24,8144,2.811125
2026/08/01@16:27:25,8145,2.8122502
2026/08/01@16:27:26,8146,2.8175
2026/08/01@16:27:27,8147,2.8200002
2026/08/01@16:27:28,8148,2.81975
2026/08/01@16:27:29,8149,2.8156252
2026/08/01@16:27:30,8150,2.81275
2026/08/01@16:27:31,8151,2.8155
2026/08/01@16:27:33,8153,2.8200002
2026/08/01@16:27:34,8154,2.82275
2026/08/01@16:27:35,8155,2.8226252
2026/08/01@16:27:36,8156,2.819375
2026/08/01@16:27:37,8157,2.81325
2026/08/01@16:27:38,8158,2.8115
2026/08/01@16:27:39,8159,2.8125002
2026/08/01@16:27:40,8160,2.809375
2026/08/01@16:27:41,8161,2.812375
2026/08/01@16:27:42,8162,2.8096252
2026/08/01@16:27:43,8163,2.81025
2026/08/01@16:27:45,8165,2.8070002
2026/08/01@16:27:46,8166,2.810625
2026/08/01@16:27:47,8167,2.8066252
2026/08/01@16:27:48,8168,2.8052502
2026/08/01@16:27:49,8169,2.8068752
2026/08/01@16:27:50,8170,2.808125
2026/08/01@16:27:51,8171,2.801875
2026/08/01@16:27:52,8172,2.8021252
2026/08/01@16:27:53,8173,2.8052502
2026/08/01@16:27:54,8174,2.796375
2026/08/01@16:27:55,8175,2.7927502
2026/08/01@16:27:57,8177,2.798875
2026/08/01@16:27:58,8178,2.803625
2026/08/01@16:27:59,8179,2.8056252
2026/08/01@16:28:00,8180,2.80325
2026/08/01@16:28:01,8181,2.799
2026/08/01@16:28:02,8182,2.798125
2026/08/01@16:28:03,8183,2.803625
2026/08/01@16:28:04,8184,2.8075002
2026/08/01@16:28:05,8185,2.8073752
2026/08/01@16:28:06,8186,2.8031252
2026/08/01@16:28:07,8187,2.799
2026/08/01@16:28:09,8189,2.798
2026/08/01@16:28:10,8190,2.806375
2026/08/01@16:28:11,8191,2.8083752
2026/08/01@16:28:12,8192,2.8003752
2026/08/01@16:28:13,8193,2.807625
2026/08/01@16:28:14,8194,2.80675
2026/08/01@16:28:15,8195,2.8077502
2026/08/01@16:28:16,8196,2.7968752
2026/08/01@16:28:17,8197,2.8042502
2026/08/01@16:28:18,8198,2.797625
2026/08/01@16:28:19,8199,2.809
2026/08/01@16:28:21,8201,2.8115
2026/08/01@16:28:22,8202,2.81675
2026/08/01@16:28:23,8203,2.82625
2026/08/01@16:28:24,8204,2.8148752
2026/08/01@16:28:25,8205,2.807625
2026/08/01@16:28:26,8206,2.8026252
2026/08/01@16:28:27,8207,2.8057502
2026/08/01@16:28:28,8208,2.8230002
2026/08/01@16:28:29,8209,2.8230002
2026/08/01@16:28:30,8210,2.8105002
2026/08/01@16:28:31,8211,2.801875
2026/08/01@16:28:33,8213,2.8016252
2026/08/01@16:28:34,8214,2.80975
2026/08/01@16:28:35,8215,2.8247502
2026/08/01@16:28:36,8216,2.825375
2026/08/01@16:28:37,8217,2.8131252
2026/08/01@16:28:38,8218,2.801125
2026/08/01@16:28:39,8219,2.81275
2026/08/01@16:28:40,8220,2.82025
2026/08/01@16:28:41,8221,2.8245
2026/08/01@16:28:42,8222,2.8212502
2026/08/01@16:28:43,8223,2.811125
2026/08/01@16:28:45,8225,2.8021252
2026/08/01@16:28:46,8226,2.8047502
2026/08/01@16:28:47,8227,2.812875
2026/08/01@16:28:48,8228,2.815875
2026/08/01@16:28:49,8229,2.80975
2026/08/01@16:28:50,8230,2.798125
2026/08/01@16:28:51,8231,2.795875
2026/08/01@16:28:52,8232,2.8075002
2026/08/01@16:28:53,8233,2.816375
2026/08/01@16:28:54,8234,2.8160002
2026/08/01@16:28:55,8235,2.807125
2026/08/01@16:28:57,8237,2.8000002
2026/08/01@16:28:58,8238,2.8026252
2026/08/01@16:28:59,8239,2.8133752
2026/08/01@16:29:00,8240,2.817625
2026/08/01@16:29:01,8241,2.8122502
2026/08/01@16:29:02,8242,2.799375
2026/08/01@16:29:03,8243,2.7915
2026/08/01@16:29:04,8244,2.7983752
2026/08/01@16:29:05,8245,2.8091252
2026/08/01@16:29:06,8246,2.8113752
2026/08/01@16:29:07,8247,2.8035002
2026/08/01@16:29:09,8249,2.7915
2026/08/01@16:29:10,8250,2.792875
2026/08/01@16:29:11,8251,2.8060002
2026/08/01@16:29:12,8252,2.8133752
2026/08/01@16:29:13,8253,2.8117502
2026/08/01@16:29:14,8254,2.8021252
2026/08/01@16:29:15,8255,2.7940002
2026/08/01@16:29:16,8256,2.7955
2026/08/01@16:29:17,8257,2.8055
2026/08/01@16:29:18,8258,2.808
2026/08/01@16:29:19,8259,2.802375
2026/08/01@16:29:21,8261,2.7868752
2026/08/01@16:29:22,8262,2.7795002
2026/08/01@16:29:23,8263,2.7885
2026/08/01@16:29:24,8264,2.8008752
2026/08/01@16:29:25,8265,2.802375
2026/08/01@16:29:26,8266,2.7951252
2026/08/01@16:29:27,8267,2.778125
2026/08/01@16:29:28,8268,2.776375
2026/08/01@16:29:29,8269,2.788
2026/08/01@16:29:30,8270,2.7991252
2026/08/01@16:29:31,8271,2.8003752
2026/08/01@16:29:33,8272,2.7930002
2026/08/01@16:29:34,8274,2.7801252
2026/08/01@16:29:35,8275,2.780625
2026/08/01@16:29:36,8276,2.788875
2026/08/01@16:29:37,8277,2.798125
2026/08/01@16:29:38,8278,2.79725
2026/08/01@16:29:39,8279,2.7895002
2026/08/01@16:29:40,8280,2.7812502
2026/08/01@16:29:41,8281,2.7803752
2026/08/01@16:29:42,8282,2.788875
2026/08/01@16:29:43,8283,2.7975002
2026/08/01@16:29:45,8284,2.801
2026/08/01@16:29:46,8286,2.798
2026/08/01@16:29:47,8287,2.7926252
2026/08/01@16:29:48,8288,2.7922502
2026/08/01@16:29:49,8289,2.79725
2026/08/01@16:29:50,8290,2.80075
2026/08/01@16:29:51,8291,2.803625
2026/08/01@16:29:52,8292,2.8013752
2026/08/01@16:29:53,8293,2.7987502
2026/08/01@16:29:54,8294,2.7991252
2026/08/01@16:29:55,8295,2.802875
2026/08/01@16:29:56,8296,2.8052502
2026/08/01@16:29:58,8298,2.8068752
2026/08/01@16:29:59,8299,2.80375
2026/08/01@16:30:00,8300,2.8005002
2026/08/01@16:30:01,8301,2.8001252
2026/08/01@16:30:02,8302,2.8040002
2026/08/01@16:30:03,8303,2.8066252
2026/08/01@16:30:04,8304,2.8068752
2026/08/01@16:30:05,8305,2.802875
2026/08/01@16:30:06,8306,2.8005002
2026/08/01@16:30:07,8307,2.80075
2026/08/01@16:30:08,8308,2.8052502
2026/08/01@16:30:10,8310,2.80625
2026/08/01@16:30:11,8311,2.803625
2026/08/01@16:30:12,8312,2.7978752
2026/08/01@16:30:13,8313,2.799875
2026/08/01@16:30:14,8314,2.80275
2026/08/01@16:30:15,8315,2.8016252
2026/08/01@16:30:16,8316,2.8091252
2026/08/01@16:30:17,8317,2.7926252
2026/08/01@16:30:18,8318,2.8098752
2026/08/01@16:30:19,8319,2.809
2026/08/01@16:30:20,8320,2.8068752
2026/08/01@16:30:22,8322,2.786375
2026/08/01@16:30:23,8323,2.7996252
2026/08/01@16:30:24,8324,2.811
2026/08/01@16:30:25,8325,2.8107502
2026/08/01@16:30:26,8326,2.8112502
2026/08/01@16:30:27,8327,2.8130002
2026/08/01@16:30:28,8328,2.8143752
2026/08/01@16:30:29,8329,2.814125
2026/08/01@16:30:30,8330,2.811125
2026/08/01@16:30:31,8331,2.81025
2026/08/01@16:30:32,8332,2.8100002
2026/08/01@16:30:34,8334,2.8103752
2026/08/01@16:30:35,8335,2.81375
2026/08/01@16:30:36,8336,2.814125
2026/08/01@16:30:37,8337,2.811
2026/08/01@16:30:38,8338,2.8103752
2026/08/01@16:30:39,8339,2.8113752
2026/08/01@16:30:40,8340,2.8130002
2026/08/01@16:30:41,8341,2.81975
2026/08/01@16:30:42,8342,2.820125
2026/08/01@16:30:43,8343,2.81625
2026/08/01@16:30:44,8344,2.8165002
2026/08/01@16:30:46,8346,2.8181252
2026/08/01@16:30:47,8347,2.8205002
2026/08/01@16:30:48,8348,2.8208752
2026/08/01@16:30:49,8349,2.8181252
2026/08/01@16:30:50,8350,2.808
2026/08/01@16:30:51,8351,2.8070002
2026/08/01@16:30:52,8352,2.8103752
2026/08/01@16:30:53,8353,2.8117502
2026/08/01@16:30:54,8354,2.81275
2026/08/01@16:30:55,8355,2.8116252
2026/08/01@16:30:56,8356,2.8100002
2026/08/01@16:30:58,8358,2.8052502
2026/08/01@16:30:59,8359,2.801125
2026/08/01@16:31:00,8360,2.7983752
2026/08/01@16:31:01,8361,2.7987502
2026/08/01@16:31:02,8362,2.8048752
2026/08/01@16:31:03,8363,2.804125
2026/08/01@16:31:04,8364,2.8056252
2026/08/01@16:31:05,8365,2.80275
2026/08/01@16:31:06,8366,2.8038752
2026/08/01@16:31:07,8367,2.8051252
2026/08/01@16:31:08,8368,2.802
2026/08/01@16:31:10,8370,2.8056252
2026/08/01@16:31:11,8371,2.7973752
2026/08/01@16:31:12,8372,2.7985
2026/08/01@16:31:13,8373,2.7966252
2026/08/01@16:31:14,8374,2.7960002
2026/08/01@16:31:15,8375,2.8015
2026/08/01@16:31:16,8376,2.7992502
2026/08/01@16:31:17,8377,2.7968752
2026/08/01@16:31:18,8378,2.79625
2026/08/01@16:31:19,8379,2.7973752
2026/08/01@16:31:20,8380,2.7985
2026/08/01@16:31:22,8382,2.7987502
2026/08/01@16:31:23,8383,2.79675
2026/08/01@16:31:24,8384,2.7951252
2026/08/01@16:31:25,8385,2.794625
2026/08/01@16:31:26,8386,2.796375
2026/08/01@16:31:27,8387,2.797125
2026/08/01@16:31:28,8388,2.79625
2026/08/01@16:31:29,8389,2.7930002
2026/08/01@16:31:30,8390,2.7912502
2026/08/01@16:31:31,8391,2.7912502
2026/08/01@16:31:32,8392,2.79375
2026/08/01@16:31:34,8394,2.7947502
2026/08/01@16:31:35,8395,2.7966252
2026/08/01@16:31:36,8396,2.7942502
2026/08/01@16:31:37,8397,2.7926252
2026/08/01@16:31:38,8398,2.7912502
2026/08/01@16:31:39,8399,2.7913752
2026/08/01@16:31:40,8400,2.79375
2026/08/01@16:31:41,8401,2.794125
2026/08/01@16:31:42,8402,2.7910002
2026/08/01@16:31:43,8403,2.789375
2026/08/01@16:31:44,8404,2.788
2026/08/01@16:31:45,8405,2.78975
2026/08/01@16:31:47,8407,2.793625
2026/08/01@16:31:48,8408,2.7940002
2026/08/01@16:31:49,8409,2.7917502
2026/08/01@16:31:50,8410,2.7891252
2026/08/01@16:31:51,8411,2.7878752
2026/08/01@16:31:52,8412,2.788125
2026/08/01@16:31:53,8413,2.7905002
2026/08/01@16:31:54,8414,2.79075
2026/08/01@16:31:55,8415,2.7910002
2026/08/01@16:31:56,8416,2.7931252
2026/08/01@16:31:57,8417,2.7943752
2026/08/01@16:31:59,8419,2.7938752
2026/08/01@16:32:00,8420,2.7960002
2026/08/01@16:32:01,8421,2.797125
2026/08/01@16:32:02,8422,2.7975002
2026/08/01@16:32:03,8423,2.7955
2026/08/01@16:32:04,8424,2.7942502
2026/08/01@16:32:05,8425,2.793375
2026/08/01@16:32:06,8426,2.7965002
2026/08/01@16:32:07,8427,2.7968752
2026/08/01@16:32:08,8428,2.796375
2026/08/01@16:32:09,8429,2.7961252
2026/08/01@16:32:11,8431,2.797125
2026/08/01@16:32:12,8432,2.799
2026/08/01@16:32:13,8433,2.802375
2026/08/01@16:32:14,8434,2.801875
2026/08/01@16:32:15,8435,2.8015
2026/08/01@16:32:16,8436,2.799875
2026/08/01@16:32:17,8437,2.7983752
2026/08/01@16:32:18,8438,2.8000002
2026/08/01@16:32:19,8439,2.802
2026/08/01@16:32:20,8440,2.8031252
2026/08/01@16:32:21,8441,2.8031252
2026/08/01@16:32:23,8443,2.802375
2026/08/01@16:32:24,8444,2.7991252
2026/08/01@16:32:25,8445,2.7965002
2026/08/01@16:32:26,8446,2.792875
2026/08/01@16:32:27,8447,2.7935002
2026/08/01@16:32:28,8448,2.7965002
2026/08/01@16:32:29,8449,2.794625
2026/08/01@16:32:30,8450,2.792875
2026/08/01@16:32:31,8451,2.7896252
2026/08/01@16:32:32,8452,2.787125
2026/08/01@16:32:33,8453,2.7878752
2026/08/01@16:32:35,8455,2.7886252
2026/08/01@16:32:36,8456,2.7927502
2026/08/01@16:32:37,8457,2.795
2026/08/01@16:32:38,8458,2.796375
2026/08/01@16:32:39,8459,2.7957502
2026/08/01@16:32:40,8460,2.7947502
2026/08/01@16:32:41,8461,2.7966252
2026/08/01@16:32:42,8462,2.8001252
2026/08/01@16:32:43,8463,2.8022502
2026/08/01@16:32:44,8464,2.8026252
2026/08/01@16:32:45,8465,2.7977502
2026/08/01@16:32:47,8467,2.7927502
2026/08/01@16:32:48,8468,2.792875
2026/08/01@16:32:49,8469,2.79725
2026/08/01@16:32:50,8470,2.8017502
2026/08/01@16:32:51,8471,2.8025002
2026/08/01@16:32:52,8472,2.7978752
2026/08/01@16:32:53,8473,2.7948752
2026/08/01@16:32:54,8474,2.794625
2026/08/01@16:32:55,8475,2.7991252
2026/08/01@16:32:56,8476,2.802875
2026/08/01@16:32:57,8477,2.8015
2026/08/01@16:32:59,8479,2.797125
2026/08/01@16:33:00,8480,2.79325
2026/08/01@16:33:01,8481,2.795875
2026/08/01@16:33:02,8482,2.8015
2026/08/01@16:33:03,8483,2.804125
2026/08/01@16:33:04,8484,2.8031252
2026/08/01@16:33:05,8485,2.7996252
2026/08/01@16:33:06,8486,2.7978752
2026/08/01@16:33:07,8487,2.802
2026/08/01@16:33:08,8488,2.8070002
2026/08/01@16:33:09,8489,2.8078752
2026/08/01@16:33:11,8491,2.8040002
2026/08/01@16:33:12,8492,2.79725
2026/08/01@16:33:13,8493,2.7975002
2026/08/01@16:33:14,8494,2.804625
2026/08/01@16:33:15,8495,2.8087502
2026/08/01@16:33:16,8496,2.8100002
2026/08/01@16:33:17,8497,2.8055
2026/08/01@16:33:18,8498,2.8038752
2026/08/01@16:33:19,8499,2.8015
2026/08/01@16:33:20,8500,2.8057502
2026/08/01@16:33:21,8501,2.808875
2026/08/01@16:33:23,8503,2.81275
2026/08/01@16:33:24,8504,2.8098752
2026/08/01@16:33:25,8505,2.801875
2026/08/01@16:33:26,8506,2.8013752
2026/08/01@16:33:27,8507,2.8130002
2026/08/01@16:33:28,8508,2.81275
2026/08/01@16:33:29,8509,2.8147502
2026/08/01@16:33:30,8510,2.812875
2026/08/01@16:33:31,8511,2.801125
2026/08/01@16:33:32,8512,2.80325
2026/08/01@16:33:33,8513,2.813625
2026/08/01@16:33:35,8515,2.809
2026/08/01@16:33:36,8516,2.8068752
2026/08/01@16:33:37,8517,2.802375
2026/08/01@16:33:38,8518,2.8155
2026/08/01@16:33:39,8519,2.815375
2026/08/01@16:33:40,8520,2.8103752
2026/08/01@16:33:41,8521,2.7931252
2026/08/01@16:33:42,8522,2.8047502
2026/08/01@16:33:43,8523,2.812875
2026/08/01@16:33:44,8524,2.8122502
2026/08/01@16:33:45,8525,2.81275
2026/08/01@16:33:46,8526,2.80925
2026/08/01@16:33:48,8528,2.8052502
2026/08/01@16:33:49,8529,2.8098752
2026/08/01@16:33:50,8530,2.8152502
2026/08/01@16:33:51,8531,2.8122502
2026/08/01@16:33:52,8532,2.80325
2026/08/01@16:33:53,8533,2.80375
2026/08/01@16:33:54,8534,2.8086252
2026/08/01@16:33:55,8535,2.801
2026/08/01@16:33:56,8536,2.8087502
2026/08/01@16:33:57,8537,2.8108752
2026/08/01@16:33:58,8538,2.8083752
2026/08/01@16:34:00,8540,2.802375
2026/08/01@16:34:01,8541,2.810625
2026/08/01@16:34:02,8542,2.8157502
2026/08/01@16:34:03,8543,2.81325
2026/08/01@16:34:04,8544,2.7985
2026/08/01@16:34:05,8545,2.8133752
2026/08/01@16:34:06,8546,2.8125002
2026/08/01@16:34:07,8547,2.811125
2026/08/01@16:34:08,8548,2.8060002
2026/08/01@16:34:09,8549,2.8107502
2026/08/01@16:34:10,8550,2.812
2026/08/01@16:34:12,8552,2.8125002
2026/08/01@16:34:13,8553,2.8087502
2026/08/01@16:34:14,8554,2.8025002
2026/08/01@16:34:15,8555,2.7995002
2026/08/01@16:34:16,8556,2.8013752
2026/08/01@16:34:17,8557,2.8055
2026/08/01@16:34:18,8558,2.805375
2026/08/01@16:34:19,8559,2.8017502
2026/08/01@16:34:20,8560,2.7955
2026/08/01@16:34:21,8561,2.7952502
2026/08/01@16:34:22,8562,2.8005002
2026/08/01@16:34:24,8564,2.8061252
2026/08/01@16:34:25,8565,2.8052502
2026/08/01@16:34:26,8566,2.800625
2026/08/01@16:34:27,8567,2.7945
2026/08/01@16:34:28,8568,2.7942502
2026/08/01@16:34:29,8569,2.80075
2026/08/01@16:34:30,8570,2.8065002
2026/08/01@16:34:31,8571,2.8060002
2026/08/01@16:34:32,8572,2.8001252
2026/08/01@16:34:33,8573,2.790625
2026/08/01@16:34:34,8574,2.788875
2026/08/01@16:34:36,8576,2.79375
2026/08/01@16:34:37,8577,2.7996252
2026/08/01@16:34:38,8578,2.7983752
2026/08/01@16:34:39,8579,2.7900002
2026/08/01@16:34:40,8580,2.779875
2026/08/01@16:34:41,8581,2.77975
2026/08/01@16:34:42,8582,2.791625
2026/08/01@16:34:43,8583,2.802375
2026/08/01@16:34:44,8584,2.8038752
2026/08/01@16:34:45,8585,2.7973752
2026/08/01@16:34:46,8586,2.789875
2026/08/01@16:34:48,8588,2.789875
2026/08/01@16:34:49,8589,2.7991252
2026/08/01@16:34:50,8590,2.8075002
2026/08/01@16:34:51,8591,2.8086252
2026/08/01@16:34:52,8592,2.8025002
2026/08/01@16:34:53,8593,2.7915
2026/08/01@16:34:54,8594,2.7868752
2026/08/01@16:34:55,8595,2.7943752
2026/08/01@16:34:56,8596,2.8030002
2026/08/01@16:34:57,8597,2.8052502
2026/08/01@16:34:58,8598,2.799875
2026/08/01@16:35:00,8600,2.7887502
2026/08/01@16:35:01,8601,2.785
2026/08/01@16:35:02,8602,2.7922502
2026/08/01@16:35:03,8603,2.801
2026/08/01@16:35:04,8604,2.80375
2026/08/01@16:35:05,8605,2.799375
2026/08/01@16:35:06,8606,2.792875
2026/08/01@16:35:07,8607,2.79325
2026/08/01@16:35:08,8608,2.8012502
2026/08/01@16:35:09,8609,2.80925
2026/08/01@16:35:10,8610,2.8100002
2026/08/01@16:35:12,8612,2.80375
2026/08/01@16:35:13,8613,2.7922502
2026/08/01@16:35:14,8614,2.789375
2026/08/01@16:35:15,8615,2.7983752
2026/08/01@16:35:16,8616,2.808
2026/08/01@16:35:17,8617,2.8098752
2026/08/01@16:35:18,8618,2.8038752
2026/08/01@16:35:19,8619,2.7925
2026/08/01@16:35:20,8620,2.7895002
2026/08/01@16:35:21,8621,2.799875
2026/08/01@16:35:22,8622,2.8107502
2026/08/01@16:35:24,8624,2.8148752
2026/08/01@16:35:25,8625,2.811875
2026/08/01@16:35:26,8626,2.8048752
2026/08/01@16:35:27,8627,2.802
2026/08/01@16:35:28,8628,2.80925
2026/08/01@16:35:29,8629,2.817125
2026/08/01@16:35:30,8630,2.8191252
2026/08/01@16:35:31,8631,2.81375
2026/08/01@16:35:32,8632,2.8066252
2026/08/01@16:35:33,8633,2.7995002
2026/08/01@16:35:34,8634,2.8075002
2026/08/01@16:35:36,8636,2.81675
2026/08/01@16:35:37,8637,2.817625
2026/08/01@16:35:38,8638,2.810125
2026/08/01@16:35:39,8639,2.79625
2026/08/01@16:35:40,8640,2.8065002
2026/08/01@16:35:41,8641,2.8112502
2026/08/01@16:35:42,8642,2.8165002
2026/08/01@16:35:43,8643,2.8173752
2026/08/01@16:35:44,8644,2.807625
2026/08/01@16:35:45,8645,2.819375
2026/08/01@16:35:46,8646,2.8140002
2026/08/01@16:35:48,8648,2.8131252
2026/08/01@16:35:49,8649,2.805875
2026/08/01@16:35:50,8650,2.81675
2026/08/01@16:35:51,8651,2.81325
2026/08/01@16:35:52,8652,2.8181252
2026/08/01@16:35:53,8653,2.811875
2026/08/01@16:35:54,8654,2.81625
2026/08/01@16:35:55,8655,2.815875
2026/08/01@16:35:56,8656,2.8091252
2026/08/01@16:35:57,8657,2.8151252
2026/08/01@16:35:58,8658,2.815
2026/08/01@16:36:00,8660,2.8035002
2026/08/01@16:36:01,8661,2.8156252
2026/08/01@16:36:02,8662,2.809
2026/08/01@16:36:03,8663,2.807125
2026/08/01@16:36:04,8664,2.8030002
2026/08/01@16:36:05,8665,2.807125
2026/08/01@16:36:06,8666,2.812375
2026/08/01@16:36:07,8667,2.8173752
2026/08/01@16:36:08,8668,2.8156252
2026/08/01@16:36:09,8669,2.8075002
2026/08/01@16:36:10,8670,2.7978752
2026/08/01@16:36:12,8672,2.7983752
2026/08/01@16:36:13,8673,2.8065002
2026/08/01@16:36:14,8674,2.8112502
2026/08/01@16:36:15,8675,2.8083752
2026/08/01@16:36:16,8676,2.8000002
2026/08/01@16:36:17,8677,2.7942502
2026/08/01@16:36:18,8678,2.801
2026/08/01@16:36:19,8679,2.811875
2026/08/01@16:36:20,8680,2.8168752
2026/08/01@16:36:21,8681,2.813625
2026/08/01@16:36:22,8682,2.8057502
2026/08/01@16:36:24,8684,2.802
2026/08/01@16:36:25,8685,2.808875
2026/08/01@16:36:26,8686,2.8178752
2026/08/01@16:36:27,8687,2.8196252
2026/08/01@16:36:28,8688,2.811875
2026/08/01@16:36:29,8689,2.80075
2026/08/01@16:36:30,8690,2.793375
2026/08/01@16:36:31,8691,2.8085
2026/08/01@16:36:32,8692,2.8157502
2026/08/01@16:36:33,8693,2.815875
2026/08/01@16:36:34,8694,2.8035002
2026/08/01@16:36:36,8696,2.79075
2026/08/01@16:36:37,8697,2.7968752
2026/08/01@16:36:38,8698,2.8117502
2026/08/01@16:36:39,8699,2.8190002
2026/08/01@16:36:40,8700,2.8187502
2026/08/01@16:36:41,8701,2.81375
2026/08/01@16:36:42,8702,2.81025
2026/08/01@16:36:43,8703,2.808125
2026/08/01@16:36:44,8704,2.81325
2026/08/01@16:36:45,8705,2.8195002
2026/08/01@16:36:46,8706,2.8190002
2026/08/01@16:36:48,8708,2.8085
2026/08/01@16:36:49,8709,2.8151252
2026/08/01@16:36:50,8710,2.8161252
2026/08/01@16:36:51,8711,2.8016252
2026/08/01@16:36:52,8712,2.8022502
2026/08/01@16:36:53,8713,2.8078752
2026/08/01@16:36:54,8714,2.812375
2026/08/01@16:36:55,8715,2.7957502
2026/08/01@16:36:56,8716,2.7992502
2026/08/01@16:36:57,8717,2.812375
2026/08/01@16:36:58,8718,2.8021252
2026/08/01@16:37:00,8720,2.799
2026/08/01@16:37:01,8721,2.8130002
2026/08/01@16:37:02,8722,2.8161252
2026/08/01@16:37:03,8723,2.8165002
2026/08/01@16:37:04,8724,2.808
2026/08/01@16:37:05,8725,2.799875
2026/08/01@16:37:06,8726,2.801
2026/08/01@16:37:07,8727,2.8138752
2026/08/01@16:37:08,8728,2.8172502
2026/08/01@16:37:09,8729,2.8177502
2026/08/01@16:37:10,8730,2.81275
2026/08/01@16:37:12,8731,2.8061252
2026/08/01@16:37:13,8733,2.8152502
2026/08/01@16:37:14,8734,2.813625
2026/08/01@16:37:15,8735,2.808875
2026/08/01@16:37:16,8736,2.811125
2026/08/01@16:37:17,8737,2.8140002
2026/08/01@16:37:18,8738,2.8203752
2026/08/01@16:37:19,8739,2.8186252
2026/08/01@16:37:20,8740,2.8147502
2026/08/01@16:37:21,8741,2.8087502
2026/08/01@16:37:22,8742,2.8087502
2026/08/01@16:37:24,8744,2.8142502
2026/08/01@16:37:25,8745,2.8290002
2026/08/01@16:37:26,8746,2.8273752
2026/08/01@16:37:27,8747,2.8117502
2026/08/01@16:37:28,8748,2.80675
2026/08/01@16:37:29,8749,2.81025
2026/08/01@16:37:30,8750,2.8238752
2026/08/01@16:37:31,8751,2.8270002
2026/08/01@16:37:32,8752,2.825
2026/08/01@16:37:33,8753,2.8181252
2026/08/01@16:37:34,8754,2.8107502
2026/08/01@16:37:36,8755,2.8112502
2026/08/01@16:37:37,8757,2.816625
2026/08/01@16:37:38,8758,2.819375
2026/08/01@16:37:39,8759,2.8160002
2026/08/01@16:37:40,8760,2.8061252
2026/08/01@16:37:41,8761,2.7948752
2026/08/01@16:37:42,8762,2.7955
2026/08/01@16:37:43,8763,2.8038752
2026/08/01@16:37:44,8764,2.808875
2026/08/01@16:37:45,8765,2.8056252
2026/08/01@16:37:46,8766,2.795875
2026/08/01@16:37:48,8768,2.7866252
2026/08/01@16:37:49,8769,2.7891252
2026/08/01@16:37:50,8770,2.7985
2026/08/01@16:37:51,8771,2.80275
2026/08/01@16:37:52,8772,2.796375
2026/08/01@16:37:53,8773,2.7866252
2026/08/01@16:37:54,8774,2.777625
2026/08/01@16:37:55,8775,2.7810002
2026/08/01@16:37:56,8776,2.792375
2026/08/01@16:37:57,8777,2.7986252
2026/08/01@16:37:58,8778,2.7965002
2026/08/01@16:38:00,8780,2.7868752
2026/08/01@16:38:01,8781,2.77725
2026/08/01@16:38:02,8782,2.7805002
2026/08/01@16:38:03,8783,2.7931252
2026/08/01@16:38:04,8784,2.80025
2026/08/01@16:38:05,8785,2.799875
2026/08/01@16:38:06,8786,2.7926252
2026/08/01@16:38:07,8787,2.7856252
2026/08/01@16:38:08,8788,2.7873752
2026/08/01@16:38:09,8789,2.7966252
2026/08/01@16:38:10,8790,2.8033752
2026/08/01@16:38:12,8792,2.8022502
2026/08/01@16:38:13,8793,2.79625
2026/08/01@16:38:14,8794,2.7895002
2026/08/01@16:38:15,8795,2.7886252
2026/08/01@16:38:16,8796,2.7960002
2026/08/01@16:38:17,8797,2.801875
2026/08/01@16:38:18,8798,2.800625
2026/08/01@16:38:19,8799,2.7940002
2026/08/01@16:38:20,8800,2.784625
2026/08/01@16:38:21,8801,2.7826252
2026/08/01@16:38:22,8802,2.789875
2026/08/01@16:38:24,8804,2.7956252
2026/08/01@16:38:25,8805,2.7951252
2026/08/01@16:38:26,8806,2.7900002
2026/08/01@16:38:27,8807,2.7903752
2026/08/01@16:38:28,8808,2.79625
2026/08/01@16:38:29,8809,2.8065002
2026/08/01@16:38:30,8810,2.811875
2026/08/01@16:38:31,8811,2.8107502
2026/08/01@16:38:32,8812,2.8057502
2026/08/01@16:38:33,8813,2.805
2026/08/01@16:38:34,8814,2.810125
2026/08/01@16:38:36,8815,2.8173752
2026/08/01@16:38:37,8817,2.8198752
2026/08/01@16:38:38,8818,2.8165002
2026/08/01@16:38:39,8819,2.8112502
2026/08/01@16:38:40,8820,2.8115
2026/08/01@16:38:41,8821,2.81675
2026/08/01@16:38:42,8822,2.8225002
2026/08/01@16:38:43,8823,2.82375
2026/08/01@16:38:44,8824,2.8198752
2026/08/01@16:38:45,8825,2.8156252
2026/08/01@16:38:46,8826,2.8145
2026/08/01@16:38:47,8827,2.821
2026/08/01@16:38:49,8829,2.8273752
2026/08/01@16:38:50,8830,2.8291252
2026/08/01@16:38:51,8831,2.82025
2026/08/01@16:38:52,8832,2.812375
2026/08/01@16:38:53,8833,2.8126252
2026/08/01@16:38:54,8834,2.8161252
2026/08/01@16:38:55,8835,2.81675
2026/08/01@16:38:56,8836,2.8112502
2026/08/01@16:38:57,8837,2.801125
2026/08/01@16:38:58,8838,2.8108752
2026/08/01@16:38:59,8839,2.808875
2026/08/01@16:39:01,8841,2.8130002
2026/08/01@16:39:02,8842,2.7995002
2026/08/01@16:39:03,8843,2.807125
2026/08/01@16:39:04,8844,2.7922502
2026/08/01@16:39:05,8845,2.815
2026/08/01@16:39:06,8846,2.8135002
2026/08/01@16:39:07,8847,2.8031252
2026/08/01@16:39:08,8848,2.8108752
2026/08/01@16:39:09,8849,2.8112502
2026/08/01@16:39:10,8850,2.80975
2026/08/01@16:39:11,8851,2.8038752
2026/08/01@16:39:13,8853,2.806375
2026/08/01@16:39:14,8854,2.8008752
2026/08/01@16:39:15,8855,2.8108752
2026/08/01@16:39:16,8856,2.811
2026/08/01@16:39:17,8857,2.8091252
2026/08/01@16:39:18,8858,2.8060002
2026/08/01@16:39:19,8859,2.8045
2026/08/01@16:39:20,8860,2.8085
2026/08/01@16:39:21,8861,2.8096252
2026/08/01@16:39:22,8862,2.808125
2026/08/01@16:39:23,8863,2.801875
2026/08/01@16:39:25,8865,2.7983752
2026/08/01@16:39:26,8866,2.7995002
2026/08/01@16:39:27,8867,2.8047502
2026/08/01@16:39:28,8868,2.808
2026/08/01@16:39:29,8869,2.8060002
2026/08/01@16:39:30,8870,2.8000002
2026/08/01@16:39:31,8871,2.796375
2026/08/01@16:39:32,8872,2.795875
2026/08/01@16:39:33,8873,2.8060002
2026/08/01@16:39:34,8874,2.809
2026/08/01@16:39:35,8875,2.8051252
2026/08/01@16:39:37,8877,2.7975002
2026/08/01@16:39:38,8878,2.7961252
2026/08/01@16:39:39,8879,2.8021252
2026/08/01@16:39:40,8880,2.8061252
2026/08/01@16:39:41,8881,2.8086252
2026/08/01@16:39:42,8882,2.8057502
2026/08/01@16:39:43,8883,2.8000002
2026/08/01@16:39:44,8884,2.7973752
2026/08/01@16:39:45,8885,2.8008752
2026/08/01@16:39:46,8886,2.8068752
2026/08/01@16:39:47,8887,2.8083752
2026/08/01@16:39:49,8889,2.805375
2026/08/01@16:39:50,8890,2.7975002
2026/08/01@16:39:51,8891,2.792375
2026/08/01@16:39:52,8892,2.7966252
2026/08/01@16:39:53,8893,2.8040002
2026/08/01@16:39:54,8894,2.80725
2026/08/01@16:39:55,8895,2.8061252
2026/08/01@16:39:56,8896,2.7978752
2026/08/01@16:39:57,8897,2.8057502
2026/08/01@16:39:58,8898,2.8107502
2026/08/01@16:39:59,8899,2.7983752
2026/08/01@16:40:01,8901,2.804125
2026/08/01@16:40:02,8902,2.8012502
2026/08/01@16:40:03,8903,2.8116252
2026/08/01@16:40:04,8904,2.8087502
2026/08/01@16:40:05,8905,2.8105002
2026/08/01@16:40:06,8906,2.80325
2026/08/01@16:40:07,8907,2.80325
2026/08/01@16:40:08,8908,2.8052502
2026/08/01@16:40:09,8909,2.7938752
2026/08/01@16:40:10,8910,2.80725
2026/08/01@16:40:11,8911,2.7956252
2026/08/01@16:40:13,8913,2.8047502
2026/08/01@16:40:14,8914,2.808875
2026/08/01@16:40:15,8915,2.8016252
2026/08/01@16:40:16,8916,2.7912502
2026/08/01@16:40:17,8917,2.80625
2026/08/01@16:40:18,8918,2.8086252
2026/08/01@16:40:19,8919,2.79625
2026/08/01@16:40:20,8920,2.808
2026/08/01@16:40:21,8921,2.807625
2026/08/01@16:40:22,8922,2.812375
2026/08/01@16:40:23,8923,2.8122502
2026/08/01@16:40:25,8925,2.81325
2026/08/01@16:40:26,8926,2.7952502
2026/08/01@16:40:27,8927,2.7968752
2026/08/01@16:40:28,8928,2.8038752
2026/08/01@16:40:29,8929,2.7943752
2026/08/01@16:40:30,8930,2.81025
2026/08/01@16:40:31,8931,2.8087502
2026/08/01@16:40:32,8932,2.7931252
2026/08/01@16:40:33,8933,2.80675
2026/08/01@16:40:34,8934,2.793625
2026/08/01@16:40:35,8935,2.807125
2026/08/01@16:40:37,8937,2.8077502
2026/08/01@16:40:38,8938,2.809
2026/08/01@16:40:39,8939,2.8078752
2026/08/01@16:40:40,8940,2.809375
2026/08/01@16:40:41,8941,2.8060002
2026/08/01@16:40:42,8942,2.805875
2026/08/01@16:40:43,8943,2.8056252
2026/08/01@16:40:44,8944,2.8066252
2026/08/01@16:40:45,8945,2.8048752
2026/08/01@16:40:46,8946,2.7935002
2026/08/01@16:40:47,8947,2.799375
2026/08/01@16:40:49,8949,2.8096252
2026/08/01@16:40:50,8950,2.8086252
2026/08/01@16:40:51,8951,2.805875
2026/08/01@16:40:52,8952,2.804625
2026/08/01@16:40:53,8953,2.7861252
2026/08/01@16:40:54,8954,2.794625
2026/08/01@16:40:55,8955,2.8051252
2026/08/01@16:40:56,8956,2.8056252
2026/08/01@16:40:57,8957,2.8052502
2026/08/01@16:40:58,8958,2.8056252
2026/08/01@16:40:59,8959,2.8078752
2026/08/01@16:41:01,8961,2.8087502
2026/08/01@16:41:02,8962,2.8073752
2026/08/01@16:41:03,8963,2.8056252
2026/08/01@16:41:04,8964,2.805875
2026/08/01@16:41:05,8965,2.8066252
2026/08/01@16:41:06,8966,2.8116252
2026/08/01@16:41:07,8967,2.816625
2026/08/01@16:41:08,8968,2.8138752
2026/08/01@16:41:09,8969,2.812375
2026/08/01@16:41:10,8970,2.8115
2026/08/01@16:41:11,8971,2.8121252
2026/08/01@16:41:13,8973,2.811875
2026/08/01@16:41:14,8974,2.8103752
2026/08/01@16:41:15,8975,2.808
2026/08/01@16:41:16,8976,2.8061252
2026/08/01@16:41:17,8977,2.8060002
2026/08/01@16:41:18,8978,2.8078752
2026/08/01@16:41:19,8979,2.809375
2026/08/01@16:41:20,8980,2.80925
2026/08/01@16:41:21,8981,2.807625
2026/08/01@16:41:22,8982,2.804625
2026/08/01@16:41:23,8983,2.80325
2026/08/01@16:41:25,8985,2.80375
2026/08/01@16:41:26,8986,2.805875
2026/08/01@16:41:27,8987,2.806375
2026/08/01@16:41:28,8988,2.8051252
2026/08/01@16:41:29,8989,2.801875
2026/08/01@16:41:30,8990,2.799
2026/08/01@16:41:31,8991,2.7983752
2026/08/01@16:41:32,8992,2.8013752
2026/08/01@16:41:33,8993,2.8042502
2026/08/01@16:41:34,8994,2.8040002
2026/08/01@16:41:35,8995,2.8003752
2026/08/01@16:41:37,8997,2.7947502
2026/08/01@16:41:38,8998,2.7913752
2026/08/01@16:41:39,8999,2.792875
2026/08/01@16:41:40,9000,2.7960002
2026/08/01@16:41:41,9001,2.79725
2026/08/01@16:41:42,9002,2.794125
2026/08/01@16:41:43,9003,2.7896252
2026/08/01@16:41:44,9004,2.7855
2026/08/01@16:41:45,9005,2.7861252
2026/08/01@16:41:46,9006,2.7892502
2026/08/01@16:41:47,9007,2.7917502
2026/08/01@16:41:49,9009,2.78975
2026/08/01@16:41:50,9010,2.7861252
2026/08/01@16:41:51,9011,2.785125
2026/08/01@16:41:52,9012,2.78725
2026/08/01@16:41:53,9013,2.7918752
2026/08/01@16:41:54,9014,2.7931252
2026/08/01@16:41:55,9015,2.7943752
2026/08/01@16:41:56,9016,2.795
2026/08/01@16:41:57,9017,2.7991252
2026/08/01@16:41:58,9018,2.8031252
2026/08/01@16:41:59,9019,2.8066252
2026/08/01@16:42:01,9021,2.8065002
2026/08/01@16:42:02,9022,2.8055
2026/08/01@16:42:03,9023,2.804125
2026/08/01@16:42:04,9024,2.805875
2026/08/01@16:42:05,9025,2.8082502
2026/08/01@16:42:06,9026,2.8086252
2026/08/01@16:42:07,9027,2.8047502
2026/08/01@16:42:08,9028,2.798875
2026/08/01@16:42:09,9029,2.7965002
2026/08/01@16:42:10,9030,2.8005002
2026/08/01@16:42:11,9031,2.8057502
2026/08/01@16:42:13,9033,2.8078752
2026/08/01@16:42:14,9034,2.8055
2026/08/01@16:42:15,9035,2.8012502
2026/08/01@16:42:16,9036,2.8012502
2026/08/01@16:42:17,9037,2.8061252
2026/08/01@16:42:18,9038,2.8126252
2026/08/01@16:42:19,9039,2.8168752
2026/08/01@16:42:20,9040,2.8175
2026/08/01@16:42:21,9041,2.8082502
2026/08/01@16:42:22,9042,2.8057502
2026/08/01@16:42:23,9043,2.8078752
2026/08/01@16:42:25,9045,2.809375
2026/08/01@16:42:26,9046,2.8000002
2026/08/01@16:42:27,9047,2.789875
2026/08/01@16:42:28,9048,2.7977502
2026/08/01@16:42:29,9049,2.8025002
2026/08/01@16:42:30,9050,2.8048752
2026/08/01@16:42:31,9051,2.805875
2026/08/01@16:42:32,9052,2.7901252
2026/08/01@16:42:33,9053,2.7986252
2026/08/01@16:42:34,9054,2.788
2026/08/01@16:42:35,9055,2.80325
2026/08/01@16:42:37,9057,2.8051252
2026/08/01@16:42:38,9058,2.80025
2026/08/01@16:42:39,9059,2.7931252
2026/08/01@16:42:40,9060,2.7982502
2026/08/01@16:42:41,9061,2.7917502
2026/08/01@16:42:42,9062,2.8056252
2026/08/01@16:42:43,9063,2.8048752
2026/08/01@16:42:44,9064,2.8016252
2026/08/01@16:42:45,9065,2.7905002
2026/08/01@16:42:46,9066,2.794625
2026/08/01@16:42:47,9067,2.79675
2026/08/01@16:42:49,9069,2.8083752
2026/08/01@16:42:50,9070,2.807625
2026/08/01@16:42:51,9071,2.8066252
2026/08/01@16:42:52,9072,2.79075
2026/08/01@16:42:53,9073,2.8031252
2026/08/01@16:42:54,9074,2.7925
2026/08/01@16:42:55,9075,2.801125
2026/08/01@16:42:56,9076,2.8052502
2026/08/01@16:42:57,9077,2.79625
2026/08/01@16:42:58,9078,2.8025002
2026/08/01@16:42:59,9079,2.8031252
2026/08/01@16:43:01,9080,2.8012502
2026/08/01@16:43:02,9082,2.799875
2026/08/01@16:43:03,9083,2.8061252
2026/08/01@16:43:04,9084,2.7952502
2026/08/01@16:43:05,9085,2.7957502
2026/08/01@16:43:06,9086,2.7956252
2026/08/01@16:43:07,9087,2.7836252
2026/08/01@16:43:08,9088,2.801
2026/08/01@16:43:09,9089,2.799375
2026/08/01@16:43:10,9090,2.8045
2026/08/01@16:43:11,9091,2.801125
2026/08/01@16:43:12,9092,2.8000002
2026/08/01@16:43:14,9094,2.8025002
2026/08/01@16:43:15,9095,2.8026252
2026/08/01@16:43:16,9096,2.8016252
2026/08/01@16:43:17,9097,2.8005002
2026/08/01@16:43:18,9098,2.8045
2026/08/01@16:43:19,9099,2.80625
2026/08/01@16:43:20,9100,2.805
2026/08/01@16:43:21,9101,2.8026252
2026/08/01@16:43:22,9102,2.8001252
2026/08/01@16:43:23,9103,2.8030002
2026/08/01@16:43:24,9104,2.8138752
2026/08/01@16:43:26,9106,2.814625
2026/08/01@16:43:27,9107,2.812375
2026/08/01@16:43:28,9108,2.8085
2026/08/01@16:43:29,9109,2.8055
2026/08/01@16:43:30,9110,2.8056252
2026/08/01@16:43:31,9111,2.8068752
2026/08/01@16:43:32,9112,2.806375
2026/08/01@16:43:33,9113,2.8013752
2026/08/01@16:43:34,9114,2.794625
2026/08/01@16:43:35,9115,2.79025
2026/08/01@16:43:36,9116,2.792875
2026/08/01@16:43:38,9118,2.7977502
2026/08/01@16:43:39,9119,2.7983752
2026/08/01@16:43:40,9120,2.7951252
2026/08/01@16:43:41,9121,2.787125
2026/08/01@16:43:42,9122,2.7831252
2026/08/01@16:43:43,9123,2.786375
2026/08/01@16:43:44,9124,2.792875
2026/08/01@16:43:45,9125,2.7966252
2026/08/01@16:43:46,9126,2.7956252
2026/08/01@16:43:47,9127,2.79075
2026/08/01@16:43:48,9128,2.789
2026/08/01@16:43:50,9130,2.791125
2026/08/01@16:43:51,9131,2.7956252
2026/08/01@16:43:52,9132,2.798125
2026/08/01@16:43:53,9133,2.7956252
2026/08/01@16:43:54,9134,2.790625
2026/08/01@16:43:55,9135,2.7873752
2026/08/01@16:43:56,9136,2.791125
2026/08/01@16:43:57,9137,2.7970002
2026/08/01@16:43:58,9138,2.7991252
2026/08/01@16:43:59,9139,2.7947502
2026/08/01@16:44:00,9140,2.7857502
2026/08/01@16:44:02,9142,2.7785
2026/08/01@16:44:03,9143,2.7815
2026/08/01@16:44:04,9144,2.7896252
2026/08/01@16:44:05,9145,2.7935002
2026/08/01@16:44:06,9146,2.79025
2026/08/01@16:44:07,9147,2.77975
2026/08/01@16:44:08,9148,2.7717502
2026/08/01@16:44:09,9149,2.775125
2026/08/01@16:44:10,9150,2.785125
2026/08/01@16:44:11,9151,2.7921252
2026/08/01@16:44:12,9152,2.791625
2026/08/01@16:44:14,9154,2.7855
2026/08/01@16:44:15,9155,2.7805002
2026/08/01@16:44:16,9156,2.78325
2026/08/01@16:44:17,9157,2.7915
2026/08/01@16:44:18,9158,2.797125
2026/08/01@16:44:19,9159,2.795875
2026/08/01@16:44:20,9160,2.79025
2026/08/01@16:44:21,9161,2.7843752
2026/08/01@16:44:22,9162,2.7856252
2026/08/01@16:44:23,9163,2.7921252
2026/08/01@16:44:24,9164,2.79625
2026/08/01@16:44:26,9166,2.7947502
2026/08/01@16:44:27,9167,2.7868752
2026/08/01@16:44:28,9168,2.7787502
2026/08/01@16:44:29,9169,2.779375
2026/08/01@16:44:30,9170,2.787125
2026/08/01@16:44:31,9171,2.792375
2026/08/01@16:44:32,9172,2.7908752
2026/08/01@16:44:33,9173,2.7813752
2026/08/01@16:44:34,9174,2.7725
2026/08/01@16:44:35,9175,2.77325
2026/08/01@16:44:36,9176,2.7827502
2026/08/01@16:44:38,9178,2.7908752
2026/08/01@16:44:39,9179,2.7910002
2026/08/01@16:44:40,9180,2.785875
2026/08/01@16:44:41,9181,2.77975
2026/08/01@16:44:42,9182,2.7813752
2026/08/01@16:44:43,9183,2.78975
2026/08/01@16:44:44,9184,2.7955
2026/08/01@16:44:45,9185,2.7951252
2026/08/01@16:44:46,9186,2.7900002
2026/08/01@16:44:47,9187,2.7831252
2026/08/01@16:44:48,9188,2.7838752
2026/08/01@16:44:50,9190,2.7895002
2026/08/01@16:44:51,9191,2.7940002
2026/08/01@16:44:52,9192,2.792
2026/08/01@16:44:53,9193,2.78325
2026/08/01@16:44:54,9194,2.7756252
2026/08/01@16:44:55,9195,2.7757502
2026/08/01@16:44:56,9196,2.7818752
2026/08/01@16:44:57,9197,2.78725
2026/08/01@16:44:58,9198,2.7868752
2026/08/01@16:44:59,9199,2.7813752
2026/08/01@16:45:00,9200,2.77675
2026/08/01@16:45:02,9202,2.776875
2026/08/01@16:45:03,9203,2.78325
2026/08/01@16:45:04,9204,2.7892502
2026/08/01@16:45:05,9205,2.7905002
2026/08/01@16:45:06,9206,2.787625
2026/08/01@16:45:07,9207,2.78375
2026/08/01@16:45:08,9208,2.7830002
2026/08/01@16:45:09,9209,2.7868752
2026/08/01@16:45:10,9210,2.79025
2026/08/01@16:45:11,9211,2.7905002
2026/08/01@16:45:12,9212,2.7878752
2026/08/01@16:45:14,9214,2.7840002
2026/08/01@16:45:15,9215,2.78425
2026/08/01@16:45:16,9216,2.787625
2026/08/01@16:45:17,9217,2.7917502
2026/08/01@16:45:18,9218,2.7931252
2026/08/01@16:45:19,9219,2.790625
2026/08/01@16:45:20,9220,2.787125
2026/08/01@16:45:21,9221,2.785875
2026/08/01@16:45:22,9222,2.787625
2026/08/01@16:45:23,9223,2.7900002
2026/08/01@16:45:24,9224,2.7896252
2026/08/01@16:45:26,9225,2.78675
2026/08/01@16:45:27,9227,2.7836252
2026/08/01@16:45:28,9228,2.7821252
2026/08/01@16:45:29,9229,2.7847502
2026/08/01@16:45:30,9230,2.78725
2026/08/01@16:45:31,9231,2.78725
2026/08/01@16:45:32,9232,2.785125
2026/08/01@16:45:33,9233,2.783375
2026/08/01@16:45:34,9234,2.7840002
2026/08/01@16:45:35,9235,2.7895002
2026/08/01@16:45:36,9236,2.795875
2026/08/01@16:45:38,9237,2.79975
2026/08/01@16:45:39,9239,2.7991252
2026/08/01@16:45:40,9240,2.7966252
2026/08/01@16:45:41,9241,2.7975002
2026/08/01@16:45:42,9242,2.801875
2026/08/01@16:45:43,9243,2.808125
2026/08/01@16:45:44,9244,2.8116252
2026/08/01@16:45:45,9245,2.8121252
2026/08/01@16:45:46,9246,2.8095002
2026/08/01@16:45:47,9247,2.806375
2026/08/01@16:45:48,9248,2.8061252
2026/08/01@16:45:50,9249,2.809375
2026/08/01@16:45:51,9251,2.812
2026/08/01@16:45:52,9252,2.812875
2026/08/01@16:45:53,9253,2.812
2026/08/01@16:45:54,9254,2.8103752
2026/08/01@16:45:55,9255,2.811
2026/08/01@16:45:56,9256,2.8133752
2026/08/01@16:45:57,9257,2.8160002
2026/08/01@16:45:58,9258,2.816375
2026/08/01@16:45:59,9259,2.815375
2026/08/01@16:46:00,9260,2.814125
2026/08/01@16:46:01,9261,2.8147502
2026/08/01@16:46:03,9263,2.8168752
2026/08/01@16:46:04,9264,2.8195002
2026/08/01@16:46:05,9265,2.818875
2026/08/01@16:46:06,9266,2.809
2026/08/01@16:46:07,9267,2.807625
2026/08/01@16:46:08,9268,2.8077502
2026/08/01@16:46:09,9269,2.808875
2026/08/01@16:46:10,9270,2.8108752
2026/08/01@16:46:11,9271,2.812
2026/08/01@16:46:12,9272,2.8103752
2026/08/01@16:46:13,9273,2.80925
2026/08/01@16:46:15,9275,2.8086252
2026/08/01@16:46:16,9276,2.8095002
2026/08/01@16:46:17,9277,2.8108752
2026/08/01@16:46:18,9278,2.812
2026/08/01@16:46:19,9279,2.8113752
2026/08/01@16:46:20,9280,2.8085
2026/08/01@16:46:21,9281,2.8078752
2026/08/01@16:46:22,9282,2.8083752
2026/08/01@16:46:23,9283,2.8091252
2026/08/01@16:46:24,9284,2.809
2026/08/01@16:46:25,9285,2.808125
2026/08/01@16:46:27,9287,2.8051252
2026/08/01@16:46:28,9288,2.805375
2026/08/01@16:46:29,9289,2.8051252
2026/08/01@16:46:30,9290,2.8056252
2026/08/01@16:46:31,9291,2.805875
2026/08/01@16:46:32,9292,2.8056252
2026/08/01@16:46:33,9293,2.8056252
2026/08/01@16:46:34,9294,2.80925
2026/08/01@16:46:35,9295,2.812375
2026/08/01@16:46:36,9296,2.8078752
2026/08/01@16:46:37,9297,2.8060002
2026/08/01@16:46:39,9299,2.8078752
2026/08/01@16:46:40,9300,2.8083752
2026/08/01@16:46:41,9301,2.80725
2026/08/01@16:46:42,9302,2.8075002
2026/08/01@16:46:43,9303,2.8082502
2026/08/01@16:46:44,9304,2.8122502
2026/08/01@16:46:45,9305,2.8155
2026/08/01@16:46:46,9306,2.8142502
2026/08/01@16:46:47,9307,2.813625
2026/08/01@16:46:48,9308,2.8143752
2026/08/01@16:46:49,9309,2.8156252
2026/08/01@16:46:51,9311,2.815875
2026/08/01@16:46:52,9312,2.8157502
2026/08/01@16:46:53,9313,2.8148752
2026/08/01@16:46:54,9314,2.811125
2026/08/01@16:46:55,9315,2.8085
2026/08/01@16:46:56,9316,2.8103752
2026/08/01@16:46:57,9317,2.8125002
2026/08/01@16:46:58,9318,2.812875
2026/08/01@16:46:59,9319,2.8122502
2026/08/01@16:47:00,9320,2.8108752
2026/08/01@16:47:01,9321,2.809375
2026/08/01@16:47:03,9323,2.808875
2026/08/01@16:47:04,9324,2.8083752
2026/08/01@16:47:05,9325,2.8075002
2026/08/01@16:47:06,9326,2.8052502
2026/08/01@16:47:07,9327,2.8026252
2026/08/01@16:47:08,9328,2.8001252
2026/08/01@16:47:09,9329,2.7986252
2026/08/01@16:47:10,9330,2.7987502
2026/08/01@16:47:11,9331,2.799375
2026/08/01@16:47:12,9332,2.7982502
2026/08/01@16:47:13,9333,2.795375
2026/08/01@16:47:15,9335,2.7922502
2026/08/01@16:47:16,9336,2.7905002
2026/08/01@16:47:17,9337,2.7915
2026/08/01@16:47:18,9338,2.792875
2026/08/01@16:47:19,9339,2.7921252
2026/08/01@16:47:20,9340,2.7892502
2026/08/01@16:47:21,9341,2.78675
2026/08/01@16:47:22,9342,2.7857502
2026/08/01@16:47:23,9343,2.7870002
2026/08/01@16:47:24,9344,2.7885
2026/08/01@16:47:25,9345,2.787625
2026/08/01@16:47:27,9347,2.785875
2026/08/01@16:47:28,9348,2.783375
2026/08/01@16:47:29,9349,2.7813752
2026/08/01@16:47:30,9350,2.7815
2026/08/01@16:47:31,9351,2.7818752
2026/08/01@16:47:32,9352,2.782
2026/08/01@16:47:33,9353,2.78075
2026/08/01@16:47:34,9354,2.7792502
2026/08/01@16:47:35,9355,2.779875
2026/08/01@16:47:36,9356,2.7815
2026/08/01@16:47:37,9357,2.7835002
2026/08/01@16:47:39,9359,2.7843752
2026/08/01@16:47:40,9360,2.7836252
2026/08/01@16:47:41,9361,2.7822502
2026/08/01@16:47:42,9362,2.781625
2026/08/01@16:47:43,9363,2.7843752
2026/08/01@16:47:44,9364,2.7878752
2026/08/01@16:47:45,9365,2.79025
2026/08/01@16:47:46,9366,2.79025
2026/08/01@16:47:47,9367,2.788
2026/08/01@16:47:48,9368,2.7856252
2026/08/01@16:47:49,9369,2.7861252
2026/08/01@16:47:51,9371,2.7885
2026/08/01@16:47:52,9372,2.7910002
2026/08/01@16:47:53,9373,2.7912502
2026/08/01@16:47:54,9374,2.7896252
2026/08/01@16:47:55,9375,2.7882502
2026/08/01@16:47:56,9376,2.7882502
2026/08/01@16:47:57,9377,2.79025
2026/08/01@16:47:58,9378,2.7921252
2026/08/01@16:47:59,9379,2.791625
2026/08/01@16:48:00,9380,2.7891252
2026/08/01@16:48:01,9381,2.787125
2026/08/01@16:48:03,9383,2.7868752
2026/08/01@16:48:04,9384,2.7892502
2026/08/01@16:48:05,9385,2.7912502
2026/08/01@16:48:06,9386,2.79025
2026/08/01@16:48:07,9387,2.788125
2026/08/01@16:48:08,9388,2.785375
2026/08/01@16:48:09,9389,2.785125
2026/08/01@16:48:10,9390,2.7865002
2026/08/01@16:48:11,9391,2.7885
2026/08/01@16:48:12,9392,2.788875
2026/08/01@16:48:13,9393,2.787625
2026/08/01@16:48:15,9395,2.78625
2026/08/01@16:48:16,9396,2.787625
2026/08/01@16:48:17,9397,2.7896252
2026/08/01@16:48:18,9398,2.7912502
2026/08/01@16:48:19,9399,2.7915
2026/08/01@16:48:20,9400,2.7905002
2026/08/01@16:48:21,9401,2.7896252
2026/08/01@16:48:22,9402,2.7896252
2026/08/01@16:48:23,9403,2.7912502
2026/08/01@16:48:24,9404,2.7922502
2026/08/01@16:48:25,9405,2.792
2026/08/01@16:48:27,9407,2.7908752
2026/08/01@16:48:28,9408,2.7905002
2026/08/01@16:48:29,9409,2.7908752
2026/08/01@16:48:30,9410,2.7921252
2026/08/01@16:48:31,9411,2.7925
2026/08/01@16:48:32,9412,2.79075
2026/08/01@16:48:33,9413,2.7882502
2026/08/01@16:48:34,9414,2.786375
2026/08/01@16:48:35,9415,2.78625
2026/08/01@16:48:36,9416,2.78725
2026/08/01@16:48:37,9417,2.7875002
2026/08/01@16:48:39,9419,2.786
2026/08/01@16:48:40,9420,2.782875
2026/08/01@16:48:41,9421,2.7803752
2026/08/01@16:48:42,9422,2.78025
2026/08/01@16:48:43,9423,2.7825
2026/08/01@16:48:44,9424,2.7852502
2026/08/01@16:48:45,9425,2.785875
2026/08/01@16:48:46,9426,2.7856252
2026/08/01@16:48:47,9427,2.7847502
2026/08/01@16:48:48,9428,2.7855
2026/08/01@16:48:49,9429,2.7875002
2026/08/01@16:48:51,9430,2.7895002
2026/08/01@16:48:52,9432,2.790625
2026/08/01@16:48:53,9433,2.789375
2026/08/01@16:48:54,9434,2.7882502
2026/08/01@16:48:55,9435,2.7892502
2026/08/01@16:48:56,9436,2.7921252
2026/08/01@16:48:57,9437,2.7965002
2026/08/01@16:48:58,9438,2.7977502
2026/08/01@16:48:59,9439,2.795
2026/08/01@16:49:00,9440,2.7922502
2026/08/01@16:49:01,9441,2.7917502
2026/08/01@16:49:02,9442,2.7945
2026/08/01@16:49:04,9444,2.7978752
2026/08/01@16:49:05,9445,2.7987502
2026/08/01@16:49:06,9446,2.797125
2026/08/01@16:49:07,9447,2.7935002
2026/08/01@16:49:08,9448,2.7912502
2026/08/01@16:49:09,9449,2.7926252
2026/08/01@16:49:10,9450,2.795375
2026/08/01@16:49:11,9451,2.7985
2026/08/01@16:49:12,9452,2.799875
2026/08/01@16:49:13,9453,2.799375
2026/08/01@16:49:14,9454,2.7983752
2026/08/01@16:49:16,9456,2.7973752
2026/08/01@16:49:17,9457,2.7978752
2026/08/01@16:49:18,9458,2.799875
2026/08/01@16:49:19,9459,2.801125
2026/08/01@16:49:20,9460,2.801875
2026/08/01@16:49:21,9461,2.8012502
2026/08/01@16:49:22,9462,2.798875
2026/08/01@16:49:23,9463,2.7978752
2026/08/01@16:49:24,9464,2.7982502
2026/08/01@16:49:25,9465,2.801
2026/08/01@16:49:26,9466,2.803625
2026/08/01@16:49:28,9468,2.804625
2026/08/01@16:49:29,9469,2.804125
2026/08/01@16:49:30,9470,2.804125
2026/08/01@16:49:31,9471,2.805875
2026/08/01@16:49:32,9472,2.80925
2026/08/01@16:49:33,9473,2.81275
2026/08/01@16:49:34,9474,2.8145
2026/08/01@16:49:35,9475,2.8140002
2026/08/01@16:49:36,9476,2.8125002
2026/08/01@16:49:37,9477,2.812
2026/08/01@16:49:38,9478,2.812875
2026/08/01@16:49:40,9480,2.8145
2026/08/01@16:49:41,9481,2.8152502
2026/08/01@16:49:42,9482,2.8133752
2026/08/01@16:49:43,9483,2.811
2026/08/01@16:49:44,9484,2.808875
2026/08/01@16:49:45,9485,2.8091252
2026/08/01@16:49:46,9486,2.8103752
2026/08/01@16:49:47,9487,2.8107502
2026/08/01@16:49:48,9488,2.8095002
2026/08/01@16:49:49,9489,2.8075002
2026/08/01@16:49:50,9490,2.806375
2026/08/01@16:49:52,9492,2.80725
2026/08/01@16:49:53,9493,2.80925
2026/08/01@16:49:54,9494,2.8095002
2026/08/01@16:49:55,9495,2.8095002
2026/08/01@16:49:56,9496,2.8085
2026/08/01@16:49:57,9497,2.809
2026/08/01@16:49:58,9498,2.8113752
2026/08/01@16:49:59,9499,2.814125
2026/08/01@16:50:00,9500,2.8151252
2026/08/01@16:50:01,9501,2.815
2026/08/01@16:50:02,9502,2.814125
2026/08/01@16:50:04,9503,2.814125
2026/08/01@16:50:05,9505,2.8152502
2026/08/01@16:50:06,9506,2.8172502
2026/08/01@16:50:07,9507,2.8181252
2026/08/01@16:50:08,9508,2.8172502
2026/08/01@16:50:09,9509,2.8157502
2026/08/01@16:50:10,9510,2.815
2026/08/01@16:50:11,9511,2.8156252
2026/08/01@16:50:12,9512,2.816625
2026/08/01@16:50:13,9513,2.816625
2026/08/01@16:50:14,9514,2.8156252
2026/08/01@16:50:16,9515,2.8142502
2026/08/01@16:50:17,9517,2.8133752
2026/08/01@16:50:18,9518,2.8140002
2026/08/01@16:50:19,9519,2.815375
2026/08/01@16:50:20,9520,2.8157502
2026/08/01@16:50:21,9521,2.815
2026/08/01@16:50:22,9522,2.8135002
2026/08/01@16:50:23,9523,2.812375
2026/08/01@16:50:24,9524,2.8125002
2026/08/01@16:50:25,9525,2.81375
2026/08/01@16:50:26,9526,2.8148752
2026/08/01@16:50:28,9527,2.8148752
2026/08/01@16:50:29,9529,2.8140002
2026/08/01@16:50:30,9530,2.8133752
2026/08/01@16:50:31,9531,2.810125
2026/08/01@16:50:32,9532,2.8066252
2026/08/01@16:50:33,9533,2.8060002
2026/08/01@16:50:34,9534,2.80725
2026/08/01@16:50:35,9535,2.806375
2026/08/01@16:50:36,9536,2.805375
2026/08/01@16:50:37,9537,2.8055
2026/08/01@16:50:38,9538,2.8065002
2026/08/01@16:50:39,9539,2.8073752
2026/08/01@16:50:41,9541,2.8075002
2026/08/01@16:50:42,9542,2.8068752
2026/08/01@16:50:43,9543,2.8061252
2026/08/01@16:50:44,9544,2.8047502
2026/08/01@16:50:45,9545,2.8061252
2026/08/01@16:50:46,9546,2.8105002
2026/08/01@16:50:47,9547,2.8152502
2026/08/01@16:50:48,9548,2.8140002
2026/08/01@16:50:49,9549,2.8122502
2026/08/01@16:50:50,9550,2.8116252
2026/08/01@16:50:51,9551,2.812
2026/08/01@16:50:53,9553,2.812
2026/08/01@16:50:54,9554,2.8113752
2026/08/01@16:50:55,9555,2.8096252
2026/08/01@16:50:56,9556,2.8085
2026/08/01@16:50:57,9557,2.8085
2026/08/01@16:50:58,9558,2.8087502
2026/08/01@16:50:59,9559,2.80925
2026/08/01@16:51:00,9560,2.809375
2026/08/01@16:51:01,9561,2.809
2026/08/01@16:51:02,9562,2.809
2026/08/01@16:51:03,9563,2.8096252
2026/08/01@16:51:05,9565,2.8108752
2026/08/01@16:51:06,9566,2.8115
2026/08/01@16:51:07,9567,2.8112502
2026/08/01@16:51:08,9568,2.8107502
2026/08/01@16:51:09,9569,2.81025
2026/08/01@16:51:10,9570,2.81025
2026/08/01@16:51:11,9571,2.8107502
2026/08/01@16:51:12,9572,2.8112502
2026/08/01@16:51:13,9573,2.8107502
2026/08/01@16:51:14,9574,2.8098752
2026/08/01@16:51:15,9575,2.8086252
2026/08/01@16:51:17,9577,2.8073752
2026/08/01@16:51:18,9578,2.8073752
2026/08/01@16:51:19,9579,2.807625
2026/08/01@16:51:20,9580,2.8070002
2026/08/01@16:51:21,9581,2.8065002
2026/08/01@16:51:22,9582,2.805875
2026/08/01@16:51:23,9583,2.8057502
2026/08/01@16:51:24,9584,2.8061252
2026/08/01@16:51:25,9585,2.8066252
2026/08/01@16:51:26,9586,2.80625
2026/08/01@16:51:27,9587,2.805375
2026/08/01@16:51:29,9589,2.8048752
2026/08/01@16:51:30,9590,2.805
2026/08/01@16:51:31,9591,2.8045
2026/08/01@16:51:32,9592,2.8013752
2026/08/01@16:51:33,9593,2.7975002
2026/08/01@16:51:34,9594,2.7991252
2026/08/01@16:51:35,9595,2.79725
2026/08/01@16:51:36,9596,2.7977502
2026/08/01@16:51:37,9597,2.7978752
2026/08/01@16:51:38,9598,2.7983752
2026/08/01@16:51:39,9599,2.798
2026/08/01@16:51:41,9601,2.7992502
2026/08/01@16:51:42,9602,2.798
2026/08/01@16:51:43,9603,2.7986252
2026/08/01@16:51:44,9604,2.805875
2026/08/01@16:51:45,9605,2.8055
2026/08/01@16:51:46,9606,2.805375
2026/08/01@16:51:47,9607,2.8047502
2026/08/01@16:51:48,9608,2.8033752
2026/08/01@16:51:49,9609,2.8015
2026/08/01@16:51:50,9610,2.800625
2026/08/01@16:51:51,9611,2.799875
2026/08/01@16:51:53,9613,2.7992502
2026/08/01@16:51:54,9614,2.798
2026/08/01@16:51:55,9615,2.7956252
2026/08/01@16:51:56,9616,2.7930002
2026/08/01@16:51:57,9617,2.7917502
2026/08/01@16:51:58,9618,2.7922502
2026/08/01@16:51:59,9619,2.7926252
2026/08/01@16:52:00,9620,2.7918752
2026/08/01@16:52:01,9621,2.7891252
2026/08/01@16:52:02,9622,2.7868752
2026/08/01@16:52:03,9623,2.784625
2026/08/01@16:52:05,9625,2.7843752
2026/08/01@16:52:06,9626,2.78425
2026/08/01@16:52:07,9627,2.783375
2026/08/01@16:52:08,9628,2.781125
2026/08/01@16:52:09,9629,2.779
2026/08/01@16:52:10,9630,2.7778752
2026/08/01@16:52:11,9631,2.7785
2026/08/01@16:52:12,9632,2.7792502
2026/08/01@16:52:13,9633,2.77725
2026/08/01@16:52:14,9634,2.7722502
2026/08/01@16:52:15,9635,2.7708752
2026/08/01@16:52:17,9637,2.772375
2026/08/01@16:52:18,9638,2.774625
2026/08/01@16:52:19,9639,2.77725
2026/08/01@16:52:20,9640,2.7783752
2026/08/01@16:52:21,9641,2.778
2026/08/01@16:52:22,9642,2.7773752
2026/08/01@16:52:23,9643,2.7778752
2026/08/01@16:52:24,9644,2.7796252
2026/08/01@16:52:25,9645,2.7812502
2026/08/01@16:52:26,9646,2.7815
2026/08/01@16:52:27,9647,2.7801252
2026/08/01@16:52:29,9649,2.779
2026/08/01@16:52:30,9650,2.779
2026/08/01@16:52:31,9651,2.780625
2026/08/01@16:52:32,9652,2.7826252
2026/08/01@16:52:33,9653,2.7835002
2026/08/01@16:52:34,9654,2.78325
2026/08/01@16:52:35,9655,2.7827502
2026/08/01@16:52:36,9656,2.7831252
2026/08/01@16:52:37,9657,2.785125
2026/08/01@16:52:38,9658,2.787125
2026/08/01@16:52:39,9659,2.7877502
2026/08/01@16:52:41,9661,2.788125
2026/08/01@16:52:42,9662,2.7892502
2026/08/01@16:52:43,9663,2.7905002
2026/08/01@16:52:44,9664,2.7912502
2026/08/01@16:52:45,9665,2.791125
2026/08/01@16:52:46,9666,2.7887502
2026/08/01@16:52:47,9667,2.7857502
2026/08/01@16:52:48,9668,2.7883752
2026/08/01@16:52:49,9669,2.7903752
2026/08/01@16:52:50,9670,2.7903752
2026/08/01@16:52:51,9671,2.7900002
2026/08/01@16:52:53,9673,2.79025
2026/08/01@16:52:54,9674,2.7915
2026/08/01@16:52:55,9675,2.7918752
2026/08/01@16:52:56,9676,2.791625
2026/08/01@16:52:57,9677,2.7900002
2026/08/01@16:52:58,9678,2.7895002
2026/08/01@16:52:59,9679,2.7903752
2026/08/01@16:53:00,9680,2.792
2026/08/01@16:53:01,9681,2.7927502
2026/08/01@16:53:02,9682,2.7930002
2026/08/01@16:53:03,9683,2.79325
2026/08/01@16:53:05,9685,2.793625
2026/08/01@16:53:06,9686,2.7930002
2026/08/01@16:53:07,9687,2.787125
2026/08/01@16:53:08,9688,2.78025
2026/08/01@16:53:09,9689,2.782
2026/08/01@16:53:10,9690,2.7827502
2026/08/01@16:53:11,9691,2.7827502
2026/08/01@16:53:12,9692,2.7878752
2026/08/01@16:53:13,9693,2.7951252
2026/08/01@16:53:14,9694,2.798
2026/08/01@16:53:15,9695,2.7978752
2026/08/01@16:53:17,9697,2.79325
2026/08/01@16:53:18,9698,2.7855
2026/08/01@16:53:19,9699,2.786
2026/08/01@16:53:20,9700,2.792375
2026/08/01@16:53:21,9701,2.7960002
2026/08/01@16:53:22,9702,2.7931252
2026/08/01@16:53:23,9703,2.7821252
2026/08/01@16:53:24,9704,2.789
2026/08/01@16:53:25,9705,2.7926252
2026/08/01@16:53:26,9706,2.791125
2026/08/01@16:53:27,9707,2.788875
2026/08/01@16:53:29,9709,2.79075
2026/08/01@16:53:30,9710,2.7918752
2026/08/01@16:53:31,9711,2.7901252
2026/08/01@16:53:32,9712,2.782875
2026/08/01@16:53:33,9713,2.78375
2026/08/01@16:53:34,9714,2.788875
2026/08/01@16:53:35,9715,2.788875
2026/08/01@16:53:36,9716,2.7882502
2026/08/01@16:53:37,9717,2.7927502
2026/08/01@16:53:38,9718,2.7960002
2026/08/01@16:53:39,9719,2.795875
2026/08/01@16:53:41,9721,2.79725
2026/08/01@16:53:42,9722,2.7986252
2026/08/01@16:53:43,9723,2.7977502
2026/08/01@16:53:44,9724,2.7960002
2026/08/01@16:53:45,9725,2.7942502
2026/08/01@16:53:46,9726,2.7915
2026/08/01@16:53:47,9727,2.7900002
2026/08/01@16:53:48,9728,2.792
2026/08/01@16:53:49,9729,2.7935002
2026/08/01@16:53:50,9730,2.7948752
2026/08/01@16:53:51,9731,2.7943752
2026/08/01@16:53:53,9733,2.792875
2026/08/01@16:53:54,9734,2.7927502
2026/08/01@16:53:55,9735,2.7931252
2026/08/01@16:53:56,9736,2.7931252
2026/08/01@16:53:57,9737,2.7931252
2026/08/01@16:53:58,9738,2.79325
2026/08/01@16:53:59,9739,2.79325
2026/08/01@16:54:00,9740,2.792875
2026/08/01@16:54:01,9741,2.7917502
2026/08/01@16:54:02,9742,2.792
2026/08/01@16:54:03,9743,2.795
2026/08/01@16:54:05,9745,2.7983752
2026/08/01@16:54:06,9746,2.79975
2026/08/01@16:54:07,9747,2.799375
2026/08/01@16:54:08,9748,2.7983752
2026/08/01@16:54:09,9749,2.7965002
2026/08/01@16:54:10,9750,2.7951252
2026/08/01@16:54:11,9751,2.7943752
2026/08/01@16:54:12,9752,2.7942502
2026/08/01@16:54:13,9753,2.79325
2026/08/01@16:54:14,9754,2.7927502
2026/08/01@16:54:15,9755,2.79375
2026/08/01@16:54:17,9757,2.79325
2026/08/01@16:54:18,9758,2.7921252
2026/08/01@16:54:19,9759,2.7918752
2026/08/01@16:54:20,9760,2.792375
2026/08/01@16:54:21,9761,2.79375
2026/08/01@16:54:22,9762,2.7935002
2026/08/01@16:54:23,9763,2.7940002
2026/08/01@16:54:24,9764,2.7910002
2026/08/01@16:54:25,9765,2.79025
2026/08/01@16:54:26,9766,2.7982502
2026/08/01@16:54:27,9767,2.8012502
2026/08/01@16:54:28,9768,2.801875
2026/08/01@16:54:30,9770,2.801
2026/08/01@16:54:31,9771,2.799
2026/08/01@16:54:32,9772,2.79725
2026/08/01@16:54:33,9773,2.79675
2026/08/01@16:54:34,9774,2.7975002
2026/08/01@16:54:35,9775,2.7977502
2026/08/01@16:54:36,9776,2.797125
2026/08/01@16:54:37,9777,2.7948752
2026/08/01@16:54:38,9778,2.7926252
2026/08/01@16:54:39,9779,2.7913752
2026/08/01@16:54:40,9780,2.7917502
2026/08/01@16:54:42,9782,2.792375
2026/08/01@16:54:43,9783,2.7926252
2026/08/01@16:54:44,9784,2.7931252
2026/08/01@16:54:45,9785,2.7935002
2026/08/01@16:54:46,9786,2.7931252
2026/08/01@16:54:47,9787,2.7908752
2026/08/01@16:54:48,9788,2.788125
2026/08/01@16:54:49,9789,2.786
2026/08/01@16:54:50,9790,2.7852502
2026/08/01@16:54:51,9791,2.785
2026/08/01@16:54:52,9792,2.7840002
2026/08/01@16:54:54,9794,2.7825
2026/08/01@16:54:55,9795,2.7801252
2026/08/01@16:54:56,9796,2.778875
2026/08/01@16:54:57,9797,2.7787502
2026/08/01@16:54:58,9798,2.778875
2026/08/01@16:54:59,9799,2.777625
2026/08/01@16:55:00,9800,2.7753752
2026/08/01@16:55:01,9801,2.7726252
2026/08/01@16:55:02,9802,2.7717502
2026/08/01@16:55:03,9803,2.7736252
2026/08/01@16:55:04,9804,2.775875
2026/08/01@16:55:06,9806,2.77675
2026/08/01@16:55:07,9807,2.77425
2026/08/01@16:55:08,9808,2.7713752
2026/08/01@16:55:09,9809,2.7700002
2026/08/01@16:55:10,9810,2.77075
2026/08/01@16:55:11,9811,2.7727502
2026/08/01@16:55:12,9812,2.772375
2026/08/01@16:55:13,9813,2.770375
2026/08/01@16:55:14,9814,2.7683752
2026/08/01@16:55:15,9815,2.7695
2026/08/01@16:55:16,9816,2.7726252
2026/08/01@16:55:18,9818,2.775
2026/08/01@16:55:19,9819,2.7743752
2026/08/01@16:55:20,9820,2.771125
2026/08/01@16:55:21,9821,2.7687502
2026/08/01@16:55:22,9822,2.769
2026/08/01@16:55:23,9823,2.7710002
2026/08/01@16:55:24,9824,2.7731252
2026/08/01@16:55:25,9825,2.7736252
2026/08/01@16:55:26,9826,2.7726252
2026/08/01@16:55:27,9827,2.7708752
2026/08/01@16:55:28,9828,2.769875
2026/08/01@16:55:30,9830,2.7708752
2026/08/01@16:55:31,9831,2.7731252
2026/08/01@16:55:32,9832,2.7752502
2026/08/01@16:55:33,9833,2.776
2026/08/01@16:55:34,9834,2.774125
2026/08/01@16:55:35,9835,2.7726252
2026/08/01@16:55:36,9836,2.7735002
2026/08/01@16:55:37,9837,2.7752502
2026/08/01@16:55:38,9838,2.7766252
2026/08/01@16:55:39,9839,2.775875
2026/08/01@16:55:40,9840,2.774125
2026/08/01@16:55:42,9842,2.7731252
2026/08/01@16:55:43,9843,2.7740002
2026/08/01@16:55:44,9844,2.7761252
2026/08/01@16:55:45,9845,2.77775
2026/08/01@16:55:46,9846,2.7773752
2026/08/01@16:55:47,9847,2.7756252
2026/08/01@16:55:48,9848,2.77425
2026/08/01@16:55:49,9849,2.7745002
2026/08/01@16:55:50,9850,2.7771252
2026/08/01@16:55:51,9851,2.7786252
2026/08/01@16:55:52,9852,2.7791252
2026/08/01@16:55:54,9854,2.7783752
2026/08/01@16:55:55,9855,2.7778752
2026/08/01@16:55:56,9856,2.779
2026/08/01@16:55:57,9857,2.78075
2026/08/01@16:55:58,9858,2.7830002
2026/08/01@16:55:59,9859,2.78425
2026/08/01@16:56:00,9860,2.78425
2026/08/01@16:56:01,9861,2.7838752
2026/08/01@16:56:02,9862,2.7845002
2026/08/01@16:56:03,9863,2.7861252
2026/08/01@16:56:04,9864,2.7882502
2026/08/01@16:56:06,9866,2.788875
2026/08/01@16:56:07,9867,2.788875
2026/08/01@16:56:08,9868,2.788875
2026/08/01@16:56:09,9869,2.7887502
2026/08/01@16:56:10,9870,2.7901252
2026/08/01@16:56:11,9871,2.7912502
2026/08/01@16:56:12,9872,2.7922502
2026/08/01@16:56:13,9873,2.7922502
2026/08/01@16:56:14,9874,2.7917502
2026/08/01@16:56:15,9875,2.791625
2026/08/01@16:56:16,9876,2.7922502
2026/08/01@16:56:18,9878,2.792875
2026/08/01@16:56:19,9879,2.79325
2026/08/01@16:56:20,9880,2.7931252
2026/08/01@16:56:21,9881,2.7927502
2026/08/01@16:56:22,9882,2.792875
2026/08/01@16:56:23,9883,2.7938752
2026/08/01@16:56:24,9884,2.795375
2026/08/01@16:56:25,9885,2.7960002
2026/08/01@16:56:26,9886,2.796375
2026/08/01@16:56:27,9887,2.7965002
2026/08/01@16:56:28,9888,2.7966252
2026/08/01@16:56:30,9890,2.798125
2026/08/01@16:56:31,9891,2.79975
2026/08/01@16:56:32,9892,2.8005002
2026/08/01@16:56:33,9893,2.80075
2026/08/01@16:56:34,9894,2.80025
2026/08/01@16:56:35,9895,2.8005002
2026/08/01@16:56:36,9896,2.801875
2026/08/01@16:56:37,9897,2.80275
2026/08/01@16:56:38,9898,2.8033752
2026/08/01@16:56:39,9899,2.7985
2026/08/01@16:56:40,9900,2.7921252
2026/08/01@16:56:42,9902,2.793375
2026/08/01@16:56:43,9903,2.793625
2026/08/01@16:56:44,9904,2.794125
2026/08/01@16:56:45,9905,2.7943752
2026/08/01@16:56:46,9906,2.7927502
2026/08/01@16:56:47,9907,2.791625
2026/08/01@16:56:48,9908,2.7915
2026/08/01@16:56:49,9909,2.7912502
2026/08/01@16:56:50,9910,2.7915
2026/08/01@16:56:51,9911,2.791625
2026/08/01@16:56:52,9912,2.791125
2026/08/01@16:56:54,9914,2.7901252
2026/08/01@16:56:55,9915,2.7900002
2026/08/01@16:56:56,9916,2.7903752
2026/08/01@16:56:57,9917,2.791125
2026/08/01@16:56:58,9918,2.792
2026/08/01@16:56:59,9919,2.7921252
2026/08/01@16:57:00,9920,2.7913752
2026/08/01@16:57:01,9921,2.79075
2026/08/01@16:57:02,9922,2.791625
2026/08/01@16:57:03,9923,2.7921252
2026/08/01@16:57:04,9924,2.7927502
2026/08/01@16:57:06,9926,2.7926252
2026/08/01@16:57:07,9927,2.7918752
2026/08/01@16:57:08,9928,2.7905002
2026/08/01@16:57:09,9929,2.79025
2026/08/01@16:57:10,9930,2.7903752
2026/08/01@16:57:11,9931,2.7910002
2026/08/01@16:57:12,9932,2.792
2026/08/01@16:57:13,9933,2.7921252
2026/08/01@16:57:14,9934,2.791625
2026/08/01@16:57:15,9935,2.7917502
2026/08/01@16:57:16,9936,2.7921252
2026/08/01@16:57:18,9938,2.792375
2026/08/01@16:57:19,9939,2.7921252
2026/08/01@16:57:20,9940,2.7915
2026/08/01@16:57:21,9941,2.7905002
2026/08/01@16:57:22,9942,2.78975
2026/08/01@16:57:23,9943,2.789875
2026/08/01@16:57:24,9944,2.7903752
2026/08/01@16:57:25,9945,2.7901252
2026/08/01@16:57:26,9946,2.789375
2026/08/01@16:57:27,9947,2.788875
2026/08/01@16:57:28,9948,2.789
2026/08/01@16:57:30,9950,2.7895002
2026/08/01@16:57:31,9951,2.79025
2026/08/01@16:57:32,9952,2.790625
2026/08/01@16:57:33,9953,2.7903752
2026/08/01@16:57:34,9954,2.7892502
2026/08/01@16:57:35,9955,2.7883752
2026/08/01@16:57:36,9956,2.788875
2026/08/01@16:57:37,9957,2.7896252
2026/08/01@16:57:38,9958,2.79025
2026/08/01@16:57:39,9959,2.7892502
2026/08/01@16:57:40,9960,2.7882502
2026/08/01@16:57:42,9961,2.78725
2026/08/01@16:57:43,9963,2.78625
2026/08/01@16:57:44,9964,2.7875002
2026/08/01@16:57:45,9965,2.7878752
2026/08/01@16:57:46,9966,2.7866252
2026/08/01@16:57:47,9967,2.7861252
2026/08/01@16:57:48,9968,2.786
2026/08/01@16:57:49,9969,2.7873752
2026/08/01@16:57:50,9970,2.791625
2026/08/01@16:57:51,9971,2.7945
2026/08/01@16:57:52,9972,2.7945
2026/08/01@16:57:53,9973,2.792875
2026/08/01@16:57:55,9975,2.7910002
2026/08/01@16:57:56,9976,2.791625
2026/08/01@16:57:57,9977,2.7940002
2026/08/01@16:57:58,9978,2.7957502
2026/08/01@16:57:59,9979,2.7952502
2026/08/01@16:58:00,9980,2.7942502
2026/08/01@16:58:01,9981,2.7931252
2026/08/01@16:58:02,9982,2.79325
2026/08/01@16:58:03,9983,2.79375
2026/08/01@16:58:04,9984,2.7943752
2026/08/01@16:58:06,9986,2.7942502
2026/08/01@16:58:07,9987,2.7931252
2026/08/01@16:58:08,9988,2.7918752
2026/08/01@16:58:09,9989,2.7910002
2026/08/01@16:58:10,9990,2.7918752
2026/08/01@16:58:11,9991,2.7925
2026/08/01@16:58:12,9992,2.7926252
2026/08/01@16:58:13,9993,2.7915
2026/08/01@16:58:14,9994,2.79025
2026/08/01@16:58:15,9995,2.7896252
2026/08/01@16:58:16,9996,2.7900002
2026/08/01@16:58:17,9997,2.7912502
2026/08/01@16:58:19,9999,2.791625
2026/08/01@16:58:20,10000,2.7912502
2026/08/01@16:58:21,10001,2.7900002
2026/08/01@16:58:22,10002,2.7895002
2026/08/01@16:58:23,10003,2.7903752
2026/08/01@16:58:24,10004,2.791625
2026/08/01@16:58:25,10005,2.7925
2026/08/01@16:58:26,10006,2.7922502
2026/08/01@16:58:27,10007,2.79075
2026/08/01@16:58:28,10008,2.79025
2026/08/01@16:58:29,10009,2.79025
2026/08/01@16:58:31,10011,2.790625
2026/08/01@16:58:32,10012,2.79075
2026/08/01@16:58:33,10013,2.7875002
2026/08/01@16:58:34,10014,2.7812502
2026/08/01@16:58:35,10015,2.7815
2026/08/01@16:58:36,10016,2.7821252
2026/08/01@16:58:37,10017,2.7825
2026/08/01@16:58:38,10018,2.782375
2026/08/01@16:58:39,10019,2.782875
2026/08/01@16:58:40,10020,2.7825
2026/08/01@16:58:41,10021,2.7817502
2026/08/01@16:58:43,10023,2.7821252
2026/08/01@16:58:44,10024,2.7827502
2026/08/01@16:58:45,10025,2.783375
2026/08/01@16:58:46,10026,2.78325
2026/08/01@16:58:47,10027,2.7825
2026/08/01@16:58:48,10028,2.781625
2026/08/01@16:58:49,10029,2.780625
2026/08/01@16:58:50,10030,2.780625
2026/08/01@16:58:51,10031,2.7810002
2026/08/01@16:58:52,10032,2.7818752
2026/08/01@16:58:53,10033,2.7825
2026/08/01@16:58:55,10035,2.783375
2026/08/01@16:58:56,10036,2.7852502
2026/08/01@16:58:57,10037,2.78725
2026/08/01@16:58:58,10038,2.7857502
2026/08/01@16:58:59,10039,2.782375
2026/08/01@16:59:00,10040,2.7805002
2026/08/01@16:59:01,10041,2.7783752
2026/08/01@16:59:02,10042,2.7785
2026/08/01@16:59:03,10043,2.779
2026/08/01@16:59:04,10044,2.7813752
2026/08/01@16:59:05,10045,2.7796252
2026/08/01@16:59:07,10047,2.7810002
2026/08/01@16:59:08,10048,2.782375
2026/08/01@16:59:09,10049,2.7843752
2026/08/01@16:59:10,10050,2.782375
2026/08/01@16:59:11,10051,2.778125
2026/08/01@16:59:12,10052,2.7752502
2026/08/01@16:59:13,10053,2.7792502
2026/08/01@16:59:14,10054,2.7836252
2026/08/01@16:59:15,10055,2.783375
2026/08/01@16:59:16,10056,2.781125
2026/08/01@16:59:17,10057,2.7766252
2026/08/01@16:59:19,10059,2.7756252
2026/08/01@16:59:20,10060,2.7787502
2026/08/01@16:59:21,10061,2.781625
2026/08/01@16:59:22,10062,2.782375
2026/08/01@16:59:23,10063,2.7818752
2026/08/01@16:59:24,10064,2.7803752
2026/08/01@16:59:25,10065,2.779875
2026/08/01@16:59:26,10066,2.7813752
2026/08/01@16:59:27,10067,2.782875
2026/08/01@16:59:28,10068,2.783375
2026/08/01@16:59:29,10069,2.782875
2026/08/01@16:59:31,10071,2.7812502
2026/08/01@16:59:32,10072,2.7791252
2026/08/01@16:59:33,10073,2.778125
2026/08/01@16:59:34,10074,2.7787502
2026/08/01@16:59:35,10075,2.7778752
2026/08/01@16:59:36,10076,2.7757502
2026/08/01@16:59:37,10077,2.769875
2026/08/01@16:59:38,10078,2.76425
2026/08/01@16:59:39,10079,2.76375
2026/08/01@16:59:40,10080,2.765125
2026/08/01@16:59:41,10081,2.7680002
2026/08/01@16:59:43,10083,2.7675002
2026/08/01@16:59:44,10084,2.7638752
2026/08/01@16:59:45,10085,2.764625
2026/08/01@16:59:46,10086,2.7643752
2026/08/01@16:59:47,10087,2.7661252
2026/08/01@16:59:48,10088,2.7738752
2026/08/01@16:59:49,10089,2.7773752
2026/08/01@16:59:50,10090,2.7786252
2026/08/01@16:59:51,10091,2.779375
2026/08/01@16:59:52,10092,2.7803752
2026/08/01@16:59:53,10093,2.779375
2026/08/01@16:59:55,10095,2.77975
2026/08/01@16:59:56,10096,2.780625
2026/08/01@16:59:57,10097,2.7821252
2026/08/01@16:59:58,10098,2.7800002
2026/08/01@16:59:59,10099,2.778125
2026/08/01@17:00:00,10100,2.7755
2026/08/01@17:00:01,10101,2.772375
2026/08/01@17:00:02,10102,2.774125
2026/08/01@17:00:03,10103,2.7756252
2026/08/01@17:00:04,10104,2.7756252
2026/08/01@17:00:05,10105,2.775875
2026/08/01@17:00:07,10107,2.776
2026/08/01@17:00:08,10108,2.776
2026/08/01@17:00:09,10109,2.7755
2026/08/01@17:00:10,10110,2.7757502
2026/08/01@17:00:11,10111,2.7757502
2026/08/01@17:00:12,10112,2.776
2026/08/01@17:00:13,10113,2.7762502
2026/08/01@17:00:14,10114,2.7761252
2026/08/01@17:00:15,10115,2.7761252
2026/08/01@17:00:16,10116,2.776
2026/08/01@17:00:17,10117,2.7765002
2026/08/01@17:00:19,10119,2.7778752
2026/08/01@17:00:20,10120,2.78075
2026/08/01@17:00:21,10121,2.7840002
2026/08/01@17:00:22,10122,2.7830002
2026/08/01@17:00:23,10123,2.781125
2026/08/01@17:00:24,10124,2.779
2026/08/01@17:00:25,10125,2.7778752
2026/08/01@17:00:26,10126,2.7783752
2026/08/01@17:00:27,10127,2.7792502
2026/08/01@17:00:28,10128,2.7783752
2026/08/01@17:00:29,10129,2.7775002
2026/08/01@17:00:31,10131,2.7773752
2026/08/01@17:00:32,10132,2.776375
2026/08/01@17:00:33,10133,2.7765002
2026/08/01@17:00:34,10134,2.7766252
2026/08/01@17:00:35,10135,2.7796252
2026/08/01@17:00:36,10136,2.7813752
2026/08/01@17:00:37,10137,2.7826252
2026/08/01@17:00:38,10138,2.7838752
2026/08/01@17:00:39,10139,2.7845002
2026/08/01@17:00:40,10140,2.7843752
2026/08/01@17:00:41,10141,2.7836252
2026/08/01@17:00:43,10143,2.7831252
2026/08/01@17:00:44,10144,2.7830002
2026/08/01@17:00:45,10145,2.783375
2026/08/01@17:00:46,10146,2.7838752
2026/08/01@17:00:47,10147,2.783375
2026/08/01@17:00:48,10148,2.782375
2026/08/01@17:00:49,10149,2.781125
2026/08/01@17:00:50,10150,2.7803752
2026/08/01@17:00:51,10151,2.7800002
2026/08/01@17:00:52,10152,2.7801252
2026/08/01@17:00:53,10153,2.7796252
2026/08/01@17:00:55,10155,2.7775002
2026/08/01@17:00:56,10156,2.775125
2026/08/01@17:00:57,10157,2.773375
2026/08/01@17:00:58,10158,2.7726252
2026/08/01@17:00:59,10159,2.7727502
2026/08/01@17:01:00,10160,2.772
2026/08/01@17:01:01,10161,2.770375
2026/08/01@17:01:02,10162,2.768125
2026/08/01@17:01:03,10163,2.766
2026/08/01@17:01:04,10164,2.7653752
2026/08/01@17:01:05,10165,2.765875
2026/08/01@17:01:07,10167,2.7662502
2026/08/01@17:01:08,10168,2.7655
2026/08/01@17:01:09,10169,2.7638752
2026/08/01@17:01:10,10170,2.7622502
2026/08/01@17:01:11,10171,2.762375
2026/08/01@17:01:12,10172,2.76325
2026/08/01@17:01:13,10173,2.7643752
2026/08/01@17:01:14,10174,2.76425
2026/08/01@17:01:15,10175,2.76325
2026/08/01@17:01:16,10176,2.7618752
2026/08/01@17:01:17,10177,2.7617502
2026/08/01@17:01:19,10179,2.762875
2026/08/01@17:01:20,10180,2.7640002
2026/08/01@17:01:21,10181,2.7638752
2026/08/01@17:01:22,10182,2.7622502
2026/08/01@17:01:23,10183,2.7600002
2026/08/01@17:01:24,10184,2.759
2026/08/01@17:01:25,10185,2.7591252
2026/08/01@17:01:26,10186,2.759875
2026/08/01@17:01:27,10187,2.759875
2026/08/01@17:01:28,10188,2.7585
2026/08/01@17:01:29,10189,2.75675
2026/08/01@17:01:31,10191,2.7555
2026/08/01@17:01:32,10192,2.755875
2026/08/01@17:01:33,10193,2.75725
2026/08/01@17:01:34,10194,2.75775
2026/08/01@17:01:35,10195,2.75725
2026/08/01@17:01:36,10196,2.755875
2026/08/01@17:01:37,10197,2.75475
2026/08/01@17:01:38,10198,2.754625
2026/08/01@17:01:39,10199,2.7562502
2026/08/01@17:01:40,10200,2.7575002
2026/08/01@17:01:41,10201,2.757625
2026/08/01@17:01:42,10202,2.7565002
2026/08/01@17:01:44,10204,2.7557502
2026/08/01@17:01:45,10205,2.756375
2026/08/01@17:01:46,10206,2.758125
2026/08/01@17:01:47,10207,2.760375
2026/08/01@17:01:48,10208,2.7610002
2026/08/01@17:01:49,10209,2.760375
2026/08/01@17:01:50,10210,2.759
2026/08/01@17:01:51,10211,2.7592502
2026/08/01@17:01:52,10212,2.7610002
2026/08/01@17:01:53,10213,2.7631252
2026/08/01@17:01:54,10214,2.76425
2026/08/01@17:01:56,10216,2.7643752
2026/08/01@17:01:57,10217,2.7636252
2026/08/01@17:01:58,10218,2.763375
2026/08/01@17:01:59,10219,2.7645002
2026/08/01@17:02:00,10220,2.766375
2026/08/01@17:02:01,10221,2.7675002
2026/08/01@17:02:02,10222,2.76725
2026/08/01@17:02:03,10223,2.7661252
2026/08/01@17:02:04,10224,2.765875
2026/08/01@17:02:05,10225,2.766875
2026/08/01@17:02:06,10226,2.7688752
2026/08/01@17:02:08,10228,2.770625
2026/08/01@17:02:09,10229,2.7712502
2026/08/01@17:02:10,10230,2.7710002
2026/08/01@17:02:11,10231,2.7712502
2026/08/01@17:02:12,10232,2.7726252
2026/08/01@17:02:13,10233,2.7747502
2026/08/01@17:02:14,10234,2.776875
2026/08/01@17:02:15,10235,2.778
2026/08/01@17:02:16,10236,2.7782502
2026/08/01@17:02:17,10237,2.778125
2026/08/01@17:02:18,10238,2.779
2026/08/01@17:02:20,10240,2.7805002
2026/08/01@17:02:21,10241,2.7817502
2026/08/01@17:02:22,10242,2.782375
2026/08/01@17:02:23,10243,2.7821252
2026/08/01@17:02:24,10244,2.781625
2026/08/01@17:02:25,10245,2.782
2026/08/01@17:02:26,10246,2.7830002
2026/08/01@17:02:27,10247,2.7830002
2026/08/01@17:02:28,10248,2.7827502
2026/08/01@17:02:29,10249,2.778125
2026/08/01@17:02:30,10250,2.7678752
2026/08/01@17:02:32,10252,2.8030002
2026/08/01@17:02:33,10253,2.789
2026/08/01@17:02:34,10254,2.75025
2026/08/01@17:02:35,10255,2.76375
2026/08/01@17:02:36,10256,2.7766252
2026/08/01@17:02:37,10257,2.7931252
2026/08/01@17:02:38,10258,2.727375
2026/08/01@17:02:39,10259,2.782375
2026/08/01@17:02:40,10260,2.6911252
2026/08/01@17:02:41,10261,2.7978752
2026/08/01@17:02:42,10262,2.580625
2026/08/01@17:02:44,10264,2.7942502
2026/08/01@17:02:45,10265,2.7917502
2026/08/01@17:02:46,10266,2.716875
2026/08/01@17:02:47,10267,2.8086252
2026/08/01@17:02:48,10268,2.742875
2026/08/01@17:02:49,10269,2.77725
2026/08/01@17:02:50,10270,2.7630002
2026/08/01@17:02:51,10271,2.7627502
2026/08/01@17:02:52,10272,2.7815
2026/08/01@17:02:53,10273,2.777625
2026/08/01@17:02:54,10274,2.7736252
2026/08/01@17:02:56,10276,2.766
2026/08/01@17:02:57,10277,2.7796252
2026/08/01@17:02:58,10278,2.7810002
2026/08/01@17:02:59,10279,2.7868752
2026/08/01@17:03:00,10280,2.7791252
2026/08/01@17:03:01,10281,2.789875
2026/08/01@17:03:02,10282,2.78075
2026/08/01@17:03:03,10283,2.779875
2026/08/01@17:03:04,10284,2.7631252
2026/08/01@17:03:05,10285,2.78325
2026/08/01@17:03:06,10286,2.7825
2026/08/01@17:03:08,10288,2.7626252
2026/08/01@17:03:09,10289,2.7678752
2026/08/01@17:03:10,10290,2.7812502
2026/08/01@17:03:11,10291,2.7987502
2026/08/01@17:03:12,10292,2.72425
2026/08/01@17:03:13,10293,2.808125
2026/08/01@17:03:14,10294,2.788
2026/08/01@17:03:15,10295,2.765875
2026/08/01@17:03:16,10296,2.7773752
2026/08/01@17:03:17,10297,2.7506252
2026/08/01@17:03:18,10298,2.767625
2026/08/01@17:03:20,10300,2.7717502
2026/08/01@17:03:21,10301,2.7836252
2026/08/01@17:03:22,10302,2.8012502
2026/08/01@17:03:23,10303,2.75775
2026/08/01@17:03:24,10304,2.7895002
2026/08/01@17:03:25,10305,2.751125
2026/08/01@17:03:26,10306,2.774125
2026/08/01@17:03:27,10307,2.7940002
2026/08/01@17:03:28,10308,2.7578752
2026/08/01@17:03:29,10309,2.7748752
2026/08/01@17:03:30,10310,2.79375
2026/08/01@17:03:32,10312,2.741125
2026/08/01@17:03:33,10313,2.7825
2026/08/01@17:03:34,10314,2.7548752
2026/08/01@17:03:35,10315,2.761625
2026/08/01@17:03:36,10316,2.7771252
2026/08/01@17:03:37,10317,2.7510002
2026/08/01@17:03:38,10318,2.7927502
2026/08/01@17:03:39,10319,2.7367502
2026/08/01@17:03:40,10320,2.7885
2026/08/01@17:03:41,10321,2.782375
2026/08/01@17:03:42,10322,2.7818752
2026/08/01@17:03:44,10324,2.8001252
2026/08/01@17:03:45,10325,2.7722502
2026/08/01@17:03:46,10326,2.7800002
2026/08/01@17:03:47,10327,2.77725
2026/08/01@17:03:48,10328,2.7427502
2026/08/01@17:03:49,10329,2.789
2026/08/01@17:03:50,10330,2.7682502
2026/08/01@17:03:51,10331,2.7478752
2026/08/01@17:03:52,10332,2.7753752
2026/08/01@17:03:53,10333,2.7673752
2026/08/01@17:03:54,10334,2.785
2026/08/01@17:03:56,10336,2.7791252
2026/08/01@17:03:57,10337,2.7948752
2026/08/01@17:03:58,10338,2.7896252
2026/08/01@17:03:59,10339,2.796375
2026/08/01@17:04:00,10340,2.7725
2026/08/01@17:04:01,10341,2.800625
2026/08/01@17:04:02,10342,2.80625
2026/08/01@17:04:03,10343,2.7773752
2026/08/01@17:04:04,10344,2.8078752
2026/08/01@17:04:05,10345,2.79075
2026/08/01@17:04:06,10346,2.7957502
2026/08/01@17:04:08,10348,2.8045
2026/08/01@17:04:09,10349,2.7895002
2026/08/01@17:04:10,10350,2.8015
2026/08/01@17:04:11,10351,2.7796252
2026/08/01@17:04:12,10352,2.8042502
2026/08/01@17:04:13,10353,2.7982502
2026/08/01@17:04:14,10354,2.785125
2026/08/01@17:04:15,10355,2.790625
2026/08/01@17:04:16,10356,2.7721252
2026/08/01@17:04:17,10357,2.795
2026/08/01@17:04:18,10358,2.8070002
2026/08/01@17:04:20,10360,2.7982502
2026/08/01@17:04:21,10361,2.7965002
2026/08/01@17:04:22,10362,2.7918752
2026/08/01@17:04:23,10363,2.8001252
2026/08/01@17:04:24,10364,2.804625
2026/08/01@17:04:25,10365,2.8100002
2026/08/01@17:04:26,10366,2.7715
2026/08/01@17:04:27,10367,2.8012502
2026/08/01@17:04:28,10368,2.7947502
2026/08/01@17:04:29,10369,2.8152502
2026/08/01@17:04:30,10370,2.797625
2026/08/01@17:04:32,10372,2.78425
2026/08/01@17:04:33,10373,2.8025002
2026/08/01@17:04:34,10374,2.7983752
2026/08/01@17:04:35,10375,2.7786252
2026/08/01@17:04:36,10376,2.8087502
2026/08/01@17:04:37,10377,2.809
2026/08/01@17:04:38,10378,2.8225002
2026/08/01@17:04:39,10379,2.811125
2026/08/01@17:04:40,10380,2.77075
2026/08/01@17:04:41,10381,2.8040002
2026/08/01@17:04:42,10382,2.7752502
2026/08/01@17:04:44,10384,2.8095002
2026/08/01@17:04:45,10385,2.7895002
2026/08/01@17:04:46,10386,2.813625
2026/08/01@17:04:47,10387,2.7908752
2026/08/01@17:04:48,10388,2.7786252
2026/08/01@17:04:49,10389,2.814625
2026/08/01@17:04:50,10390,2.79675
2026/08/01@17:04:51,10391,2.8135002
2026/08/01@17:04:52,10392,2.8051252
2026/08/01@17:04:53,10393,2.8203752
2026/08/01@17:04:54,10394,2.7973752
2026/08/01@17:04:56,10396,2.793625
2026/08/01@17:04:57,10397,2.812375
2026/08/01@17:04:58,10398,2.8047502
2026/08/01@17:04:59,10399,2.8005002
2026/08/01@17:05:00,10400,2.8155
2026/08/01@17:05:01,10401,2.8140002
2026/08/01@17:05:02,10402,2.782
2026/08/01@17:05:03,10403,2.807125
2026/08/01@17:05:04,10404,2.820125
2026/08/01@17:05:05,10405,2.803625
2026/08/01@17:05:06,10406,2.8157502
2026/08/01@17:05:08,10408,2.8148752
2026/08/01@17:05:09,10409,2.8182502
2026/08/01@17:05:10,10410,2.8031252
2026/08/01@17:05:11,10411,2.820625
2026/08/01@17:05:12,10412,2.8061252
2026/08/01@17:05:13,10413,2.8360002
2026/08/01@17:05:14,10414,2.7327502
2026/08/01@17:05:15,10415,2.8277502
2026/08/01@17:05:16,10416,2.8217502
2026/08/01@17:05:17,10417,2.8140002
2026/08/01@17:05:18,10418,2.8145
2026/08/01@17:05:20,10420,2.70525
2026/08/01@17:05:21,10421,2.8203752
2026/08/01@17:05:22,10422,2.7838752
2026/08/01@17:05:23,10423,2.8057502
2026/08/01@17:05:24,10424,2.810625
2026/08/01@17:05:25,10425,2.8208752
2026/08/01@17:05:26,10426,2.8066252
2026/08/01@17:05:27,10427,2.8173752
2026/08/01@17:05:28,10428,2.8098752
2026/08/01@17:05:29,10429,2.821
2026/08/01@17:05:30,10430,2.8230002
2026/08/01@17:05:32,10432,2.815875
2026/08/01@17:05:33,10433,2.8198752
2026/08/01@17:05:34,10434,2.8083752
2026/08/01@17:05:35,10435,2.8268752
2026/08/01@17:05:36,10436,2.7952502
2026/08/01@17:05:37,10437,2.83275
2026/08/01@17:05:38,10438,2.8460002
2026/08/01@17:05:39,10439,2.8307502
2026/08/01@17:05:40,10440,2.814125
2026/08/01@17:05:41,10441,2.808
2026/08/01@17:05:42,10442,2.8235002
2026/08/01@17:05:44,10444,2.829375
2026/08/01@17:05:45,10445,2.8040002
2026/08/01@17:05:46,10446,2.837625
2026/08/01@17:05:47,10447,2.81625
2026/08/01@17:05:48,10448,2.8233752
2026/08/01@17:05:49,10449,2.8373752
2026/08/01@17:05:50,10450,2.831875
2026/08/01@17:05:51,10451,2.80975
2026/08/01@17:05:52,10452,2.7762502
2026/08/01@17:05:53,10453,2.8060002
2026/08/01@17:05:54,10454,2.818875
2026/08/01@17:05:56,10456,2.84875
2026/08/01@17:05:57,10457,2.7951252
2026/08/01@17:05:58,10458,2.8107502
2026/08/01@17:05:59,10459,2.833625
2026/08/01@17:06:00,10460,2.8300002
2026/08/01@17:06:01,10461,2.81325
2026/08/01@17:06:02,10462,2.80925
2026/08/01@17:06:03,10463,2.8352502
2026/08/01@17:06:04,10464,2.857125
2026/08/01@17:06:05,10465,2.8260002
2026/08/01@17:06:06,10466,2.8345
2026/08/01@17:06:08,10467,2.834125
2026/08/01@17:06:09,10469,2.833625
2026/08/01@17:06:10,10470,2.8407502
2026/08/01@17:06:11,10471,2.8260002
2026/08/01@17:06:12,10472,2.8555002
2026/08/01@17:06:13,10473,2.8442502
2026/08/01@17:06:14,10474,2.8061252
2026/08/01@17:06:15,10475,2.8407502
2026/08/01@17:06:16,10476,2.8205002
2026/08/01@17:06:17,10477,2.8315
2026/08/01@17:06:18,10478,2.824625
2026/08/01@17:06:19,10479,2.8221252
2026/08/01@17:06:21,10480,2.8277502
2026/08/01@17:06:22,10482,2.8168752
2026/08/01@17:06:23,10483,2.8475
2026/08/01@17:06:24,10484,2.8031252
2026/08/01@17:06:25,10485,2.8421252
2026/08/01@17:06:26,10486,2.8312502
2026/08/01@17:06:27,10487,2.8387502
2026/08/01@17:06:28,10488,2.83325
2026/08/01@17:06:29,10489,2.8396252
2026/08/01@17:06:30,10490,2.84625
2026/08/01@17:06:31,10491,2.8172502
2026/08/01@17:06:33,10493,2.8412502
2026/08/01@17:06:34,10494,2.846625
2026/08/01@17:06:35,10495,2.857875
2026/08/01@17:06:36,10496,2.8230002
2026/08/01@17:06:37,10497,2.8502502
2026/08/01@17:06:38,10498,2.8286252
2026/08/01@17:06:39,10499,2.8490002
2026/08/01@17:06:40,10500,2.8057502
2026/08/01@17:06:41,10501,2.8286252
2026/08/01@17:06:42,10502,2.81025
2026/08/01@17:06:43,10503,2.814125
2026/08/01@17:06:45,10504,2.8446252
2026/08/01@17:06:46,10506,2.7987502
2026/08/01@17:06:47,10507,2.8577502
2026/08/01@17:06:48,10508,2.708125
2026/08/01@17:06:49,10509,2.8790002
2026/08/01@17:06:50,10510,2.716
2026/08/01@17:06:51,10511,2.8628752
2026/08/01@17:06:52,10512,2.7925
2026/08/01@17:06:53,10513,2.8568752
2026/08/01@17:06:54,10514,2.8077502
2026/08/01@17:06:55,10515,2.8505
2026/08/01@17:06:56,10516,2.85325
2026/08/01@17:06:58,10518,2.83575
2026/08/01@17:06:59,10519,2.8268752
2026/08/01@17:07:00,10520,2.816375
2026/08/01@17:07:01,10521,2.8370002
2026/08/01@17:07:02,10522,2.8565002
2026/08/01@17:07:03,10523,2.831875
2026/08/01@17:07:04,10524,2.8585002
2026/08/01@17:07:05,10525,2.8617502
2026/08/01@17:07:06,10526,2.8411252
2026/08/01@17:07:07,10527,2.8633752
2026/08/01@17:07:08,10528,2.824625
2026/08/01@17:07:10,10530,2.851
2026/08/01@17:07:11,10531,2.8451252
2026/08/01@17:07:12,10532,2.8277502
2026/08/01@17:07:13,10533,2.868375
2026/08/01@17:07:14,10534,2.818375
2026/08/01@17:07:15,10535,2.8686252
2026/08/01@17:07:16,10536,2.7626252
2026/08/01@17:07:17,10537,2.8420002
2026/08/01@17:07:18,10538,2.8593752
2026/08/01@17:07:19,10539,2.8312502
2026/08/01@17:07:20,10540,2.8658752
2026/08/01@17:07:22,10542,2.8317502
2026/08/01@17:07:23,10543,2.855
2026/08/01@17:07:24,10544,2.8451252
2026/08/01@17:07:25,10545,2.8576252
2026/08/01@17:07:26,10546,2.850125
2026/08/01@17:07:27,10547,2.8558752
2026/08/01@17:07:28,10548,2.8433752
2026/08/01@17:07:29,10549,2.8558752
2026/08/01@17:07:30,10550,2.8537502
2026/08/01@17:07:31,10551,2.8398752
2026/08/01@17:07:32,10552,2.8535002
2026/08/01@17:07:34,10554,2.8411252
2026/08/01@17:07:35,10555,2.8563752
2026/08/01@17:07:36,10556,2.837625
2026/08/01@17:07:37,10557,2.8711252
2026/08/01@17:07:38,10558,2.8612502
2026/08/01@17:07:39,10559,2.838
2026/08/01@17:07:40,10560,2.8615
2026/08/01@17:07:41,10561,2.8260002
2026/08/01@17:07:42,10562,2.8828752
2026/08/01@17:07:43,10563,2.772375
2026/08/01@17:07:44,10564,2.8651252
2026/08/01@17:07:46,10566,2.854125
2026/08/01@17:07:47,10567,2.85625
2026/08/01@17:07:48,10568,2.8712502
2026/08/01@17:07:49,10569,2.8385
2026/08/01@17:07:50,10570,2.863625
2026/08/01@17:07:51,10571,2.8251252
2026/08/01@17:07:52,10572,2.8690002
2026/08/01@17:07:53,10573,2.8646252
2026/08/01@17:07:54,10574,2.8185
2026/08/01@17:07:55,10575,2.8685002
2026/08/01@17:07:56,10576,2.864375
2026/08/01@17:07:58,10578,2.8203752
2026/08/01@17:07:59,10579,2.84575
2026/08/01@17:08:00,10580,2.8385
2026/08/01@17:08:01,10581,2.8777502
2026/08/01@17:08:02,10582,2.856125
2026/08/01@17:08:03,10583,2.86525
2026/08/01@17:08:04,10584,2.8568752
2026/08/01@17:08:05,10585,2.8658752
2026/08/01@17:08:06,10586,2.855
2026/08/01@17:08:07,10587,2.8407502
2026/08/01@17:08:08,10588,2.866625
2026/08/01@17:08:10,10590,2.8365002
2026/08/01@17:08:11,10591,2.8890002
2026/08/01@17:08:12,10592,2.82975
2026/08/01@17:08:13,10593,2.8582502
2026/08/01@17:08:14,10594,2.8760002
2026/08/01@17:08:15,10595,2.85225
2026/08/01@17:08:16,10596,2.8695002
2026/08/01@17:08:17,10597,2.8400002
2026/08/01@17:08:18,10598,2.8625002
2026/08/01@17:08:19,10599,2.8602502
2026/08/01@17:08:20,10600,2.8742502
2026/08/01@17:08:22,10602,2.8512502
2026/08/01@17:08:23,10603,2.878375
2026/08/01@17:08:24,10604,2.8707502
2026/08/01@17:08:25,10605,2.8305002
2026/08/01@17:08:26,10606,2.860125
2026/08/01@17:08:27,10607,2.8756252
2026/08/01@17:08:28,10608,2.8677502
2026/08/01@17:08:29,10609,2.870125
2026/08/01@17:08:30,10610,2.814125
2026/08/01@17:08:31,10611,2.891375
2026/08/01@17:08:32,10612,2.819375
2026/08/01@17:08:34,10614,2.8737502
2026/08/01@17:08:35,10615,2.8498752
2026/08/01@17:08:36,10616,2.866625
2026/08/01@17:08:37,10617,2.867875
2026/08/01@17:08:38,10618,2.8398752
2026/08/01@17:08:39,10619,2.8628752
2026/08/01@17:08:40,10620,2.8756252
2026/08/01@17:08:41,10621,2.8788752
2026/08/01@17:08:42,10622,2.82375
2026/08/01@17:08:43,10623,2.8741252
2026/08/01@17:08:44,10624,2.8577502
2026/08/01@17:08:46,10626,2.888375
2026/08/01@17:08:47,10627,2.8600002
2026/08/01@17:08:48,10628,2.86875
2026/08/01@17:08:49,10629,2.860625
2026/08/01@17:08:50,10630,2.86575
2026/08/01@17:08:51,10631,2.86975
2026/08/01@17:08:52,10632,2.871
2026/08/01@17:08:53,10633,2.8935
2026/08/01@17:08:54,10634,2.8515
2026/08/01@17:08:55,10635,2.893125
2026/08/01@17:08:56,10636,2.8370002
2026/08/01@17:08:58,10638,2.889125
2026/08/01@17:08:59,10639,2.8575
2026/08/01@17:09:00,10640,2.8693752
2026/08/01@17:09:01,10641,2.8645
2026/08/01@17:09:02,10642,2.8285
2026/08/01@17:09:03,10643,2.8755002
2026/08/01@17:09:04,10644,2.8482502
2026/08/01@17:09:05,10645,2.86225
2026/08/01@17:09:06,10646,2.858
2026/08/01@17:09:07,10647,2.879125
2026/08/01@17:09:08,10648,2.8881252
2026/08/01@17:09:10,10650,2.890875
2026/08/01@17:09:11,10651,2.861875
2026/08/01@17:09:12,10652,2.8628752
2026/08/01@17:09:13,10653,2.8711252
2026/08/01@17:09:14,10654,2.8838752
2026/08/01@17:09:15,10655,2.884
2026/08/01@17:09:16,10656,2.8872502
2026/08/01@17:09:17,10657,2.8177502
2026/08/01@17:09:18,10658,2.9110002
2026/08/01@17:09:19,10659,2.86975
2026/08/01@17:09:20,10660,2.876125
2026/08/01@17:09:22,10662,2.8845
2026/08/01@17:09:23,10663,2.8872502
2026/08/01@17:09:24,10664,2.9015002
2026/08/01@17:09:25,10665,2.8360002
2026/08/01@17:09:26,10666,2.8698752
2026/08/01@17:09:27,10667,2.8498752
2026/08/01@17:09:28,10668,2.8855002
2026/08/01@17:09:29,10669,2.8905
2026/08/01@17:09:30,10670,2.861
2026/08/01@17:09:31,10671,2.8773752
2026/08/01@17:09:32,10672,2.87525
2026/08/01@17:09:34,10674,2.897
2026/08/01@17:09:35,10675,2.8912502
2026/08/01@17:09:36,10676,2.857875
2026/08/01@17:09:37,10677,2.8921252
2026/08/01@17:09:38,10678,2.8675
2026/08/01@17:09:39,10679,2.897375
2026/08/01@17:09:40,10680,2.84325
2026/08/01@17:09:41,10681,2.8925002
2026/08/01@17:09:42,10682,2.8226252
2026/08/01@17:09:43,10683,2.880875
2026/08/01@17:09:44,10684,2.8877502
2026/08/01@17:09:46,10686,2.871
2026/08/01@17:09:47,10687,2.8858752
2026/08/01@17:09:48,10688,2.850625
2026/08/01@17:09:49,10689,2.8960002
2026/08/01@17:09:50,10690,2.848
2026/08/01@17:09:51,10691,2.8962502
2026/08/01@17:09:52,10692,2.8821252
2026/08/01@17:09:53,10693,2.878375
2026/08/01@17:09:54,10694,2.89275
2026/08/01@17:09:55,10695,2.85975
2026/08/01@17:09:56,10696,2.8903752
2026/08/01@17:09:58,10698,2.8700002
2026/08/01@17:09:59,10699,2.894
2026/08/01@17:10:00,10700,2.8828752
2026/08/01@17:10:01,10701,2.9002502
2026/08/01@17:10:02,10702,2.845
2026/08/01@17:10:03,10703,2.895625
2026/08/01@17:10:04,10704,2.8867502
2026/08/01@17:10:05,10705,2.87575
2026/08/01@17:10:06,10706,2.8977502
2026/08/01@17:10:07,10707,2.8728752
2026/08/01@17:10:08,10708,2.8993752
2026/08/01@17:10:09,10709,2.8702502
2026/08/01@17:10:11,10711,2.8830002
2026/08/01@17:10:12,10712,2.897375
2026/08/01@17:10:13,10713,2.866625
2026/08/01@17:10:14,10714,2.907
2026/08/01@17:10:15,10715,2.8498752
2026/08/01@17:10:16,10716,2.9006252
2026/08/01@17:10:17,10717,2.8573752
2026/08/01@17:10:18,10718,2.8955002
2026/08/01@17:10:19,10719,2.8777502
2026/08/01@17:10:20,10720,2.89275
2026/08/01@17:10:21,10721,2.903125
2026/08/01@17:10:23,10723,2.8811252
2026/08/01@17:10:24,10724,2.91
2026/08/01@17:10:25,10725,2.820125
2026/08/01@17:10:26,10726,2.887
2026/08/01@17:10:27,10727,2.837125
2026/08/01@17:10:28,10728,2.90225
2026/08/01@17:10:29,10729,2.8421252
2026/08/01@17:10:30,10730,2.89175
2026/08/01@17:10:31,10731,2.854125
2026/08/01@17:10:32,10732,2.866125
2026/08/01@17:10:33,10733,2.903125
2026/08/01@17:10:35,10735,2.8773752
2026/08/01@17:10:36,10736,2.8876252
2026/08/01@17:10:37,10737,2.8920002
2026/08/01@17:10:38,10738,2.86575
2026/08/01@17:10:39,10739,2.8851252
2026/08/01@17:10:40,10740,2.881375
2026/08/01@17:10:41,10741,2.88925
2026/08/01@17:10:42,10742,2.8837502
2026/08/01@17:10:43,10743,2.89475
2026/08/01@17:10:44,10744,2.88875
2026/08/01@17:10:45,10745,2.89575
2026/08/01@17:10:47,10747,2.89175
2026/08/01@17:10:48,10748,2.9028752
2026/08/01@17:10:49,10749,2.891875
2026/08/01@17:10:50,10750,2.894
2026/08/01@17:10:51,10751,2.8682502
2026/08/01@17:10:52,10752,2.8960002
2026/08/01@17:10:53,10753,2.8773752
2026/08/01@17:10:54,10754,2.8898752
2026/08/01@17:10:55,10755,2.881875
2026/08/01@17:10:56,10756,2.891875
2026/08/01@17:10:57,10757,2.899125
2026/08/01@17:10:59,10759,2.8911252
2026/08/01@17:11:00,10760,2.86975
2026/08/01@17:11:01,10761,2.8942502
2026/08/01@17:11:02,10762,2.877125
2026/08/01@17:11:03,10763,2.90475
2026/08/01@17:11:04,10764,2.8850002
2026/08/01@17:11:05,10765,2.8806252
2026/08/01@17:11:06,10766,2.8788752
2026/08/01@17:11:07,10767,2.8962502
2026/08/01@17:11:08,10768,2.899125
2026/08/01@17:11:09,10769,2.89525
2026/08/01@17:11:11,10771,2.88275
2026/08/01@17:11:12,10772,2.8932502
2026/08/01@17:11:13,10773,2.8806252
2026/08/01@17:11:14,10774,2.8595002
2026/08/01@17:11:15,10775,2.89575
2026/08/01@17:11:16,10776,2.89175
2026/08/01@17:11:17,10777,2.9142502
2026/08/01@17:11:18,10778,2.877875
2026/08/01@17:11:19,10779,2.898375
2026/08/01@17:11:20,10780,2.8798752
2026/08/01@17:11:21,10781,2.8993752
2026/08/01@17:11:23,10783,2.8928752
2026/08/01@17:11:24,10784,2.8735
2026/08/01@17:11:25,10785,2.9042502
2026/08/01@17:11:26,10786,2.8846252
2026/08/01@17:11:27,10787,2.9035
2026/08/01@17:11:28,10788,2.884375
2026/08/01@17:11:29,10789,2.875375
2026/08/01@17:11:30,10790,2.8755002
2026/08/01@17:11:31,10791,2.8885002
2026/08/01@17:11:32,10792,2.9015002
2026/08/01@17:11:33,10793,2.8656252
2026/08/01@17:11:35,10795,2.8767502
2026/08/01@17:11:36,10796,2.89475
2026/08/01@17:11:37,10797,2.8850002
2026/08/01@17:11:38,10798,2.8980002
2026/08/01@17:11:39,10799,2.8965
2026/08/01@17:11:40,10800,2.865375
2026/08/01@17:11:41,10801,2.9136252
2026/08/01@17:11:42,10802,2.8738752
2026/08/01@17:11:43,10803,2.903125
2026/08/01@17:11:44,10804,2.89875
2026/08/01@17:11:45,10805,2.8975
2026/08/01@17:11:47,10807,2.891375
2026/08/01@17:11:48,10808,2.8802502
2026/08/01@17:11:49,10809,2.8968752
2026/08/01@17:11:50,10810,2.8525002
2026/08/01@17:11:51,10811,2.894
2026/08/01@17:11:52,10812,2.91825
2026/08/01@17:11:53,10813,2.8747502
2026/08/01@17:11:54,10814,2.907875
2026/08/01@17:11:55,10815,2.880875
2026/08/01@17:11:56,10816,2.8971252
2026/08/01@17:11:57,10817,2.8923752
2026/08/01@17:11:59,10819,2.8953752
2026/08/01@17:12:00,10820,2.9032502
2026/08/01@17:12:01,10821,2.8898752
2026/08/01@17:12:02,10822,2.9111252
2026/08/01@17:12:03,10823,2.8935
2026/08/01@17:12:04,10824,2.868875
2026/08/01@17:12:05,10825,2.863125
2026/08/01@17:12:06,10826,2.9037502
2026/08/01@17:12:07,10827,2.8975
2026/08/01@17:12:08,10828,2.9007502
2026/08/01@17:12:09,10829,2.8482502
2026/08/01@17:12:11,10831,2.9005
2026/08/01@17:12:12,10832,2.8645
2026/08/01@17:12:13,10833,2.8933752
2026/08/01@17:12:14,10834,2.8930002
2026/08/01@17:12:15,10835,2.889125
2026/08/01@17:12:16,10836,2.8946252
2026/08/01@17:12:17,10837,2.847625
2026/08/01@17:12:18,10838,2.9168752
2026/08/01@17:12:19,10839,2.909625
2026/08/01@17:12:20,10840,2.8907502
2026/08/01@17:12:21,10841,2.9
2026/08/01@17:12:23,10843,2.7752502
2026/08/01@17:12:24,10844,2.9177502
2026/08/01@17:12:25,10845,2.89875
2026/08/01@17:12:26,10846,2.9227502
2026/08/01@17:12:27,10847,2.8820002
2026/08/01@17:12:28,10848,2.91175
2026/08/01@17:12:29,10849,2.8746252
2026/08/01@17:12:30,10850,2.8997502
2026/08/01@17:12:31,10851,2.9172502
2026/08/01@17:12:32,10852,2.913
2026/08/01@17:12:33,10853,2.9206252
2026/08/01@17:12:35,10855,2.8767502
2026/08/01@17:12:36,10856,2.8915002
2026/08/01@17:12:37,10857,2.88575
2026/08/01@17:12:38,10858,2.9135
2026/08/01@17:12:39,10859,2.8693752
2026/08/01@17:12:40,10860,2.911375
2026/08/01@17:12:41,10861,2.8745
2026/08/01@17:12:42,10862,2.90825
2026/08/01@17:12:43,10863,2.84975
2026/08/01@17:12:44,10864,2.92225
2026/08/01@17:12:45,10865,2.8897502
2026/08/01@17:12:47,10867,2.908375
2026/08/01@17:12:48,10868,2.898375
2026/08/01@17:12:49,10869,2.899625
2026/08/01@17:12:50,10870,2.9075
2026/08/01@17:12:51,10871,2.886125
2026/08/01@17:12:52,10872,2.9095002
2026/08/01@17:12:53,10873,2.8675
2026/08/01@17:12:54,10874,2.897375
2026/08/01@17:12:55,10875,2.895625
2026/08/01@17:12:56,10876,2.9220002
2026/08/01@17:12:57,10877,2.9012502
2026/08/01@17:12:59,10879,2.843625
2026/08/01@17:13:00,10880,2.9228752
2026/08/01@17:13:01,10881,2.7903752
2026/08/01@17:13:02,10882,2.9201252
2026/08/01@17:13:03,10883,2.801
2026/08/01@17:13:04,10884,2.9185002
2026/08/01@17:13:05,10885,2.7975002
2026/08/01@17:13:06,10886,2.9118752
2026/08/01@17:13:07,10887,2.903125
2026/08/01@17:13:08,10888,2.9046252
2026/08/01@17:13:09,10889,2.8911252
2026/08/01@17:13:11,10890,2.9110002
2026/08/01@17:13:12,10892,2.8490002
2026/08/01@17:13:13,10893,2.9077502
2026/08/01@17:13:14,10894,2.878375
2026/08/01@17:13:15,10895,2.912125
2026/08/01@17:13:16,10896,2.9072502
2026/08/01@17:13:17,10897,2.9098752
2026/08/01@17:13:18,10898,2.8930002
2026/08/01@17:13:19,10899,2.9086252
2026/08/01@17:13:20,10900,2.894375
2026/08/01@17:13:21,10901,2.86875
2026/08/01@17:13:22,10902,2.8928752
2026/08/01@17:13:24,10904,2.9021252
2026/08/01@17:13:25,10905,2.917
2026/08/01@17:13:26,10906,2.8728752
2026/08/01@17:13:27,10907,2.912625
2026/08/01@17:13:28,10908,2.8741252
2026/08/01@17:13:29,10909,2.91
2026/08/01@17:13:30,10910,2.89225
2026/08/01@17:13:31,10911,2.8881252
2026/08/01@17:13:32,10912,2.86325
2026/08/01@17:13:33,10913,2.9160002
2026/08/01@17:13:34,10914,2.8855002
2026/08/01@17:13:36,10916,2.8985002
2026/08/01@17:13:37,10917,2.8888752
2026/08/01@17:13:38,10918,2.90525
2026/08/01@17:13:39,10919,2.89875
2026/08/01@17:13:40,10920,2.90825
2026/08/01@17:13:41,10921,2.8516252
2026/08/01@17:13:42,10922,2.9041252
2026/08/01@17:13:43,10923,2.8958752
2026/08/01@17:13:44,10924,2.907375
2026/08/01@17:13:45,10925,2.910875
2026/08/01@17:13:47,10926,2.8975
2026/08/01@17:13:48,10928,2.8795002
2026/08/01@17:13:49,10929,2.9041252
2026/08/01@17:13:50,10930,2.903125
2026/08/01@17:13:51,10931,2.9068752
2026/08/01@17:13:52,10932,2.9127502
2026/08/01@17:13:53,10933,2.8903752
2026/08/01@17:13:54,10934,2.8860002
2026/08/01@17:13:55,10935,2.902625
2026/08/01@17:13:56,10936,2.9080002
2026/08/01@17:13:57,10937,2.904375
2026/08/01@17:13:59,10938,2.8960002
2026/08/01@17:14:00,10940,2.8515
2026/08/01@17:14:01,10941,2.9053752
2026/08/01@17:14:02,10942,2.895625
2026/08/01@17:14:03,10943,2.914875
2026/08/01@17:14:04,10944,2.8763752
2026/08/01@17:14:05,10945,2.878
2026/08/01@17:14:06,10946,2.833625
2026/08/01@17:14:07,10947,2.90175
2026/08/01@17:14:08,10948,2.9115002
2026/08/01@17:14:09,10949,2.91575
2026/08/01@17:14:10,10950,2.87525
2026/08/01@17:14:12,10952,2.9093752
2026/08/01@17:14:13,10953,2.9051252
2026/08/01@17:14:14,10954,2.914375
2026/08/01@17:14:15,10955,2.864875
2026/08/01@17:14:16,10956,2.9181252
2026/08/01@17:14:17,10957,2.9045002
2026/08/01@17:14:18,10958,2.906125
2026/08/01@17:14:19,10959,2.8751252
2026/08/01@17:14:20,10960,2.9071252
2026/08/01@17:14:21,10961,2.91
2026/08/01@17:14:22,10962,2.8885002
2026/08/01@17:14:24,10964,2.9053752
2026/08/01@17:14:25,10965,2.8325002
2026/08/01@17:14:26,10966,2.914875
2026/08/01@17:14:27,10967,2.8997502
2026/08/01@17:14:28,10968,2.9060002
2026/08/01@17:14:29,10969,2.8703752
2026/08/01@17:14:30,10970,2.89175
2026/08/01@17:14:31,10971,2.8902502
2026/08/01@17:14:32,10972,2.910375
2026/08/01@17:14:33,10973,2.9075
2026/08/01@17:14:34,10974,2.923125
2026/08/01@17:14:36,10976,2.9233752
2026/08/01@17:14:37,10977,2.8620002
2026/08/01@17:14:38,10978,2.9205
2026/08/01@17:14:39,10979,2.7973752
2026/08/01@17:14:40,10980,2.9111252
2026/08/01@17:14:41,10981,2.8990002
2026/08/01@17:14:42,10982,2.9
2026/08/01@17:14:43,10983,2.9228752
2026/08/01@17:14:44,10984,2.887375
2026/08/01@17:14:45,10985,2.9127502
2026/08/01@17:14:46,10986,2.874375
2026/08/01@17:14:48,10988,2.8951252
2026/08/01@17:14:49,10989,2.8781252
2026/08/01@17:14:50,10990,2.920375
2026/08/01@17:14:51,10991,2.9135
2026/08/01@17:14:52,10992,2.9292502
2026/08/01@17:14:53,10993,2.9003752
2026/08/01@17:14:54,10994,2.8998752
2026/08/01@17:14:55,10995,2.858
2026/08/01@17:14:56,10996,2.914875
2026/08/01@17:14:57,10997,2.922625
2026/08/01@17:14:58,10998,2.9201252
2026/08/01@17:15:00,11000,2.919125
2026/08/01@17:15:01,11001,2.88
2026/08/01@17:15:02,11002,2.9116252
2026/08/01@17:15:03,11003,2.8977502
2026/08/01@17:15:04,11004,2.8695002
2026/08/01@17:15:05,11005,2.9086252
2026/08/01@17:15:06,11006,2.8855002
2026/08/01@17:15:07,11007,2.9160002
2026/08/01@17:15:08,11008,2.83675
2026/08/01@17:15:09,11009,2.913125
2026/08/01@17:15:10,11010,2.9183752
2026/08/01@17:15:12,11012,2.900875
2026/08/01@17:15:13,11013,2.8925002
2026/08/01@17:15:14,11014,2.9097502
2026/08/01@17:15:15,11015,2.892625
2026/08/01@17:15:16,11016,2.8856252
2026/08/01@17:15:17,11017,2.9153752
2026/08/01@17:15:18,11018,2.871375
2026/08/01@17:15:19,11019,2.9218752
2026/08/01@17:15:20,11020,2.8858752
2026/08/01@17:15:21,11021,2.9407502
2026/08/01@17:15:22,11022,2.8871252
2026/08/01@17:15:24,11024,2.931375
2026/08/01@17:15:25,11025,2.91825
2026/08/01@17:15:26,11026,2.9167502
2026/08/01@17:15:27,11027,2.8950002
2026/08/01@17:15:28,11028,2.910875
2026/08/01@17:15:29,11029,2.9301252
2026/08/01@17:15:30,11030,2.8838752
2026/08/01@17:15:31,11031,2.91175
2026/08/01@17:15:32,11032,2.897
2026/08/01@17:15:33,11033,2.9198752
2026/08/01@17:15:34,11034,2.9185002
2026/08/01@17:15:36,11036,2.903875
2026/08/01@17:15:37,11037,2.9006252
2026/08/01@17:15:38,11038,2.901875
2026/08/01@17:15:39,11039,2.92125
2026/08/01@17:15:40,11040,2.8803752
2026/08/01@17:15:41,11041,2.9198752
2026/08/01@17:15:42,11042,2.8920002
2026/08/01@17:15:43,11043,2.912625
2026/08/01@17:15:44,11044,2.920875
2026/08/01@17:15:45,11045,2.91525
2026/08/01@17:15:46,11046,2.9185002
2026/08/01@17:15:48,11048,2.8015
2026/08/01@17:15:49,11049,2.9307502
2026/08/01@17:15:50,11050,2.84275
2026/08/01@17:15:51,11051,2.9242502
2026/08/01@17:15:52,11052,2.8972502
2026/08/01@17:15:53,11053,2.9265
2026/08/01@17:15:54,11054,2.8042502
2026/08/01@17:15:55,11055,2.924875
2026/08/01@17:15:56,11056,2.8912502
2026/08/01@17:15:57,11057,2.917
2026/08/01@17:15:58,11058,2.890875
2026/08/01@17:16:00,11060,2.914
2026/08/01@17:16:01,11061,2.927375
2026/08/01@17:16:02,11062,2.9171252
2026/08/01@17:16:03,11063,2.8906252
2026/08/01@17:16:04,11064,2.8617502
2026/08/01@17:16:05,11065,2.8977502
2026/08/01@17:16:06,11066,2.9142502
2026/08/01@17:16:07,11067,2.9190002
2026/08/01@17:16:08,11068,2.9097502
2026/08/01@17:16:09,11069,2.893625
2026/08/01@17:16:10,11070,2.912625
2026/08/01@17:16:12,11072,2.908375
2026/08/01@17:16:13,11073,2.9035
2026/08/01@17:16:14,11074,2.933875
2026/08/01@17:16:15,11075,2.8965
2026/08/01@17:16:16,11076,2.9242502
2026/08/01@17:16:17,11077,2.89525
2026/08/01@17:16:18,11078,2.9201252
2026/08/01@17:16:19,11079,2.894875
2026/08/01@17:16:20,11080,2.9021252
2026/08/01@17:16:21,11081,2.925625
2026/08/01@17:16:22,11082,2.9185002
2026/08/01@17:16:24,11084,2.92475
2026/08/01@17:16:25,11085,2.9110002
2026/08/01@17:16:26,11086,2.8877502
2026/08/01@17:16:27,11087,2.9041252
2026/08/01@17:16:28,11088,2.91825
2026/08/01@17:16:29,11089,2.91175
2026/08/01@17:16:30,11090,2.9355002
2026/08/01@17:16:31,11091,2.9333752
2026/08/01@17:16:32,11092,2.86525
2026/08/01@17:16:33,11093,2.9003752
2026/08/01@17:16:34,11094,2.8750002
2026/08/01@17:16:36,11096,2.906625
2026/08/01@17:16:37,11097,2.9316252
2026/08/01@17:16:38,11098,2.91875
2026/08/01@17:16:39,11099,2.89575
2026/08/01@17:16:40,11100,2.9272502
2026/08/01@17:16:41,11101,2.902625
2026/08/01@17:16:42,11102,2.9176252
2026/08/01@17:16:43,11103,2.91125
2026/08/01@17:16:44,11104,2.923
2026/08/01@17:16:45,11105,2.931375
2026/08/01@17:16:46,11106,2.8677502
2026/08/01@17:16:48,11108,2.874875
2026/08/01@17:16:49,11109,2.9146252
2026/08/01@17:16:50,11110,2.9220002
2026/08/01@17:16:51,11111,2.9168752
2026/08/01@17:16:52,11112,2.920875
2026/08/01@17:16:53,11113,2.9003752
2026/08/01@17:16:54,11114,2.8782502
2026/08/01@17:16:55,11115,2.9102502
2026/08/01@17:16:56,11116,2.91225
2026/08/01@17:16:57,11117,2.93
2026/08/01@17:16:58,11118,2.9105
2026/08/01@17:17:00,11119,2.9465
2026/08/01@17:17:01,11121,2.919625
2026/08/01@17:17:02,11122,2.9211252
2026/08/01@17:17:03,11123,2.9068752
2026/08/01@17:17:04,11124,2.918625
2026/08/01@17:17:05,11125,2.9307502
2026/08/01@17:17:06,11126,2.8815002
2026/08/01@17:17:07,11127,2.9250002
2026/08/01@17:17:08,11128,2.8958752
2026/08/01@17:17:09,11129,2.9340002
2026/08/01@17:17:10,11130,2.8975
2026/08/01@17:17:11,11131,2.93475
2026/08/01@17:17:13,11133,2.917875
2026/08/01@17:17:14,11134,2.9102502
2026/08/01@17:17:15,11135,2.914875
2026/08/01@17:17:16,11136,2.9023752
2026/08/01@17:17:17,11137,2.834
2026/08/01@17:17:18,11138,2.9176252
2026/08/01@17:17:19,11139,2.916625
2026/08/01@17:17:20,11140,2.930375
2026/08/01@17:17:21,11141,2.9235
2026/08/01@17:17:22,11142,2.9172502
2026/08/01@17:17:23,11143,2.9163752
2026/08/01@17:17:25,11145,2.9055002
2026/08/01@17:17:26,11146,2.929125
2026/08/01@17:17:27,11147,2.9263752
2026/08/01@17:17:28,11148,2.9242502
2026/08/01@17:17:29,11149,2.9172502
2026/08/01@17:17:30,11150,2.92525
2026/08/01@17:17:31,11151,2.9106252
2026/08/01@17:17:32,11152,2.9090002
2026/08/01@17:17:33,11153,2.912125
2026/08/01@17:17:34,11154,2.9145002
2026/08/01@17:17:35,11155,2.9011252
2026/08/01@17:17:37,11157,2.9228752
2026/08/01@17:17:38,11158,2.9215002
2026/08/01@17:17:39,11159,2.92
2026/08/01@17:17:40,11160,2.9150002
2026/08/01@17:17:41,11161,2.91475
2026/08/01@17:17:42,11162,2.901375
2026/08/01@17:17:43,11163,2.8845
2026/08/01@17:17:44,11164,2.9035
2026/08/01@17:17:45,11165,2.9233752
2026/08/01@17:17:46,11166,2.9242502
2026/08/01@17:17:47,11167,2.9167502
2026/08/01@17:17:49,11169,2.8482502
2026/08/01@17:17:50,11170,2.9246252
2026/08/01@17:17:51,11171,2.8451252
2026/08/01@17:17:52,11172,2.9436252
2026/08/01@17:17:53,11173,2.925625
2026/08/01@17:17:54,11174,2.927375
2026/08/01@17:17:55,11175,2.9253752
2026/08/01@17:17:56,11176,2.9302502
2026/08/01@17:17:57,11177,2.9258752
2026/08/01@17:17:58,11178,2.924
2026/08/01@17:17:59,11179,2.926
2026/08/01@17:18:01,11181,2.8951252
2026/08/01@17:18:02,11182,2.9253752
2026/08/01@17:18:03,11183,2.919625
2026/08/01@17:18:04,11184,2.914375
2026/08/01@17:18:05,11185,2.9198752
2026/08/01@17:18:06,11186,2.9072502
2026/08/01@17:18:07,11187,2.917
2026/08/01@17:18:08,11188,2.8116252
2026/08/01@17:18:09,11189,2.9167502
2026/08/01@17:18:10,11190,2.8558752
2026/08/01@17:18:12,11191,2.9475002
2026/08/01@17:18:13,11193,2.9245002
2026/08/01@17:18:14,11194,2.913125
2026/08/01@17:18:15,11195,2.9075
2026/08/01@17:18:16,11196,2.9107502
2026/08/01@17:18:17,11197,2.9241252
2026/08/01@17:18:18,11198,2.894
2026/08/01@17:18:19,11199,2.9205
2026/08/01@17:18:20,11200,2.9106252
2026/08/01@17:18:21,11201,2.8835
2026/08/01@17:18:22,11202,2.9107502
2026/08/01@17:18:24,11204,2.9198752
2026/08/01@17:18:25,11205,2.9325002
2026/08/01@17:18:26,11206,2.8641252
2026/08/01@17:18:27,11207,2.87875
2026/08/01@17:18:28,11208,2.9123752
2026/08/01@17:18:29,11209,2.884
2026/08/01@17:18:30,11210,2.9216252
2026/08/01@17:18:31,11211,2.93175
2026/08/01@17:18:32,11212,2.9185002
2026/08/01@17:18:33,11213,2.913125
2026/08/01@17:18:34,11214,2.9192502
2026/08/01@17:18:36,11216,2.8095002
2026/08/01@17:18:37,11217,2.9272502
2026/08/01@17:18:38,11218,2.9288752
2026/08/01@17:18:39,11219,2.9425
2026/08/01@17:18:40,11220,2.8390002
2026/08/01@17:18:41,11221,2.9265
2026/08/01@17:18:42,11222,2.881375
2026/08/01@17:18:43,11223,2.9125002
2026/08/01@17:18:44,11224,2.850125
2026/08/01@17:18:45,11225,2.8997502
2026/08/01@17:18:46,11226,2.913
2026/08/01@17:18:48,11227,2.9120002
2026/08/01@17:18:49,11229,2.914875
2026/08/01@17:18:50,11230,2.8793752
2026/08/01@17:18:51,11231,2.9163752
2026/08/01@17:18:52,11232,2.8586252
2026/08/01@17:18:53,11233,2.9365
2026/08/01@17:18:54,11234,2.8928752
2026/08/01@17:18:55,11235,2.93475
2026/08/01@17:18:56,11236,2.8098752
2026/08/01@17:18:57,11237,2.9266252
2026/08/01@17:18:58,11238,2.890125
2026/08/01@17:19:59,11239,2.916125
2026/08/01@17:19:01,11241,2.905625
2026/08/01@17:19:02,11242,2.89875
2026/08/01@17:19:03,11243,2.9292502
2026/08/01@17:19:04,11244,2.920375
2026/08/01@17:19:05,11245,2.9165
2026/08/01@17:19:06,11246,2.8925002
2026/08/01@17:19:07,11247,2.9176252
2026/08/01@17:19:08,11248,2.921375
2026/08/01@17:19:09,11249,2.8960002
2026/08/01@17:19:10,11250,2.910375
2026/08/01@17:19:11,11251,2.9201252
2026/08/01@17:19:13,11253,2.9255002
2026/08/01@17:19:14,11254,2.9183752
2026/08/01@17:19:15,11255,2.87575
2026/08/01@17:19:16,11256,2.9077502
2026/08/01@17:19:17,11257,2.8906252
2026/08/01@17:19:18,11258,2.9207502
2026/08/01@17:19:19,11259,2.90475
2026/08/01@17:19:20,11260,2.9088752
2026/08/01@17:19:21,11261,2.9141252
2026/08/01@17:19:22,11262,2.9235
2026/08/01@17:19:23,11263,2.907875
2026/08/01@17:19:25,11265,2.9135
2026/08/01@17:19:26,11266,2.8858752
2026/08/01@17:19:27,11267,2.9181252
2026/08/01@17:19:28,11268,2.897375
2026/08/01@17:19:29,11269,2.92
2026/08/01@17:19:30,11270,2.894875
2026/08/01@17:19:31,11271,2.91125
2026/08/01@17:19:32,11272,2.9211252
2026/08/01@17:19:33,11273,2.9085002
2026/08/01@17:19:34,11274,2.9241252
2026/08/01@17:19:35,11275,2.800625
2026/08/01@17:19:37,11277,2.90875
2026/08/01@17:19:38,11278,2.91125
2026/08/01@17:19:39,11279,2.9090002
2026/08/01@17:19:40,11280,2.8845
2026/08/01@17:19:41,11281,2.9290002
2026/08/01@17:19:42,11282,2.90525
2026/08/01@17:19:43,11283,2.8951252
2026/08/01@17:19:44,11284,2.91125
2026/08/01@17:19:45,11285,2.9151252
2026/08/01@17:19:46,11286,2.9223752
2026/08/01@17:19:47,11287,2.86575
2026/08/01@17:19:49,11289,2.9137502
2026/08/01@17:19:50,11290,2.9251252
2026/08/01@17:19:51,11291,2.9237502
2026/08/01@17:19:52,11292,2.9168752
2026/08/01@17:19:53,11293,2.889625
2026/08/01@17:19:54,11294,2.907
2026/08/01@17:19:55,11295,2.88225
2026/08/01@17:19:56,11296,2.9102502
2026/08/01@17:19:57,11297,2.91575
2026/08/01@17:19:58,11298,2.873625
2026/08/01@17:19:59,11299,2.9095002
2026/08/01@17:20:01,11301,2.87875
2026/08/01@17:20:02,11302,2.92
2026/08/01@17:20:03,11303,2.897375
2026/08/01@17:20:04,11304,2.8941252
2026/08/01@17:20:05,11305,2.896625
2026/08/01@17:20:06,11306,2.9372502
2026/08/01@17:20:07,11307,2.913875
2026/08/01@17:20:08,11308,2.916625
2026/08/01@17:20:09,11309,2.85575
